date,code,open,high,low,close,volume,amount,turn,adjustflag
2020-07-22,sh.688589,52.0000000000,121.0000000000,51.0000000000,79.0700000000,19124535,1317908483.0000,77.876800,1
2020-07-23,sh.688589,73.0000000000,84.9800000000,72.0100000000,84.5100000000,15305146,1205676590.1700,62.323900,1
2020-07-24,sh.688589,80.0000000000,81.4000000000,69.6500000000,70.8000000000,11212283,851824708.0000,45.657400,1
2020-07-27,sh.688589,69.5500000000,70.7700000000,61.7000000000,63.9900000000,7826795,509791497.0000,31.871400,1
2020-07-28,sh.688589,64.0000000000,66.5000000000,60.9900000000,62.4900000000,6159542,391360493.0000,25.082200,1
2020-07-29,sh.688589,61.8900000000,65.8800000000,60.4300000000,64.6600000000,6306478,399065182.0000,25.680500,1
2020-07-30,sh.688589,64.4400000000,73.8500000000,62.4600000000,69.0100000000,9804089,666123429.8200,39.923100,1
2020-07-31,sh.688589,67.4100000000,70.6600000000,66.5500000000,69.1000000000,7019815,478481604.0000,28.585300,1
2020-08-03,sh.688589,69.4600000000,73.5100000000,69.4600000000,70.6600000000,6838102,487268278.0000,27.845300,1
2020-08-04,sh.688589,70.5000000000,71.3000000000,66.5100000000,66.6500000000,5285680,361247988.0000,21.523700,1
2020-08-05,sh.688589,71.5800000000,73.2900000000,68.1800000000,70.8300000000,7849906,556958734.7100,31.965500,1
2020-08-06,sh.688589,68.2500000000,70.9800000000,67.5800000000,68.9000000000,4184649,288980793.6800,17.040300,1
2020-08-07,sh.688589,68.4600000000,69.0000000000,63.0000000000,64.3100000000,4380067,288642138.0000,17.836000,1
2020-08-10,sh.688589,63.0000000000,64.1500000000,62.0800000000,63.1100000000,2332408,146858893.0000,9.497800,1
2020-08-11,sh.688589,63.3300000000,67.5000000000,62.5000000000,64.7800000000,4782727,312918111.0000,19.475700,1
2020-08-12,sh.688589,64.0000000000,64.7300000000,61.8000000000,63.7000000000,2875167,181035378.0000,11.707900,1
2020-08-13,sh.688589,64.1300000000,66.3700000000,62.8800000000,64.5100000000,2656668,171774872.0000,10.818200,1
2020-08-14,sh.688589,64.8100000000,65.2000000000,62.5100000000,63.5000000000,2150395,136551922.0000,8.756600,1
2020-08-17,sh.688589,63.4300000000,63.5000000000,60.5000000000,62.2500000000,2742902,169789763.0000,11.169300,1
2020-08-18,sh.688589,61.7300000000,62.8000000000,60.9100000000,61.1500000000,1997724,123019209.8900,8.134900,1
2020-08-19,sh.688589,61.2200000000,61.2200000000,56.4300000000,56.4900000000,3239890,189507909.0000,13.193100,1
2020-08-20,sh.688589,55.0000000000,56.9900000000,54.7000000000,56.9900000000,1811352,100724209.8700,7.376000,1
2020-08-21,sh.688589,56.3000000000,56.9900000000,55.5500000000,55.8500000000,1327268,74493859.6300,5.404700,1
2020-08-24,sh.688589,55.1100000000,55.6400000000,51.8800000000,52.9700000000,1993247,106282908.4000,8.116700,1
2020-08-25,sh.688589,53.2100000000,54.2400000000,51.9900000000,52.3300000000,1390351,73427796.0000,5.661600,1
2020-08-26,sh.688589,52.5000000000,53.1500000000,49.7100000000,50.0500000000,1894509,97374597.0000,7.714600,1
2020-08-27,sh.688589,49.6800000000,56.5000000000,49.0000000000,53.8800000000,3468980,184906183.0900,14.126000,1
2020-08-28,sh.688589,52.7300000000,53.3000000000,51.1200000000,52.2900000000,1828405,95171780.0000,7.445400,1
2020-08-31,sh.688589,52.5600000000,54.3900000000,52.1700000000,53.2300000000,1573916,83988872.0000,6.409100,1
2020-09-01,sh.688589,53.0000000000,53.6400000000,52.5100000000,52.8100000000,899461,47590230.0000,3.662700,1
2020-09-02,sh.688589,52.7800000000,53.3700000000,51.3800000000,51.4600000000,1062117,55298539.0000,4.325000,1
2020-09-03,sh.688589,51.4600000000,53.4300000000,50.5000000000,52.8800000000,1630604,85543126.1400,6.640000,1
2020-09-04,sh.688589,52.8000000000,56.0000000000,51.8000000000,54.9800000000,2487182,136576581.9700,10.128000,1
2020-09-07,sh.688589,54.2500000000,56.8700000000,53.3100000000,53.3600000000,2546580,140475797.0000,10.369900,1
2020-09-08,sh.688589,55.1100000000,55.1100000000,52.1000000000,52.4600000000,1333948,70699191.0000,5.432000,1
2020-09-09,sh.688589,51.6000000000,52.2200000000,49.0100000000,49.8400000000,1881226,95043335.0000,7.660500,1
2020-09-10,sh.688589,50.6200000000,51.2000000000,48.0000000000,48.2700000000,1257690,62352657.0000,5.121400,1
2020-09-11,sh.688589,48.4000000000,49.7500000000,47.8000000000,49.6000000000,976195,47670117.0000,3.975100,1
2020-09-14,sh.688589,50.1200000000,51.2500000000,49.8100000000,50.5500000000,999235,50647867.9100,4.069000,1
2020-09-15,sh.688589,50.1100000000,52.2200000000,49.4900000000,51.4500000000,1305641,66660437.0000,5.316700,1
2020-09-16,sh.688589,51.4800000000,51.7900000000,50.0800000000,50.7000000000,862253,43776503.0000,3.511200,1
2020-09-17,sh.688589,50.5300000000,58.4000000000,50.1800000000,56.6100000000,4610945,254842005.0000,18.776200,1
2020-09-18,sh.688589,55.6200000000,56.9800000000,54.3500000000,55.9500000000,2694068,149593748.0000,10.970500,1
2020-09-21,sh.688589,55.6900000000,57.3000000000,54.6000000000,54.8400000000,1542724,85717538.3500,6.282100,1
2020-09-22,sh.688589,54.0800000000,55.1000000000,52.6700000000,52.9900000000,1180144,63584479.1200,4.805600,1
2020-09-23,sh.688589,53.2000000000,54.9700000000,53.0000000000,54.3000000000,1362304,73576626.0000,5.547400,1
2020-09-24,sh.688589,53.6900000000,55.4700000000,53.5200000000,54.2500000000,1944837,106442622.0000,7.919500,1
2020-09-25,sh.688589,54.6300000000,54.9900000000,51.9900000000,52.6000000000,1410613,75042702.4500,5.744100,1
2020-09-28,sh.688589,52.1100000000,52.3100000000,49.6000000000,49.9500000000,1345391,68237355.0000,5.478500,1
2020-09-29,sh.688589,50.6000000000,51.2300000000,50.0000000000,50.3000000000,996350,50512265.6100,4.057200,1
2020-09-30,sh.688589,50.4000000000,50.5500000000,48.6900000000,49.0000000000,998651,49446526.0000,4.066600,1
2020-10-09,sh.688589,49.9400000000,51.2700000000,49.9300000000,50.8300000000,901525,45683441.0700,3.671100,1
2020-10-12,sh.688589,51.7500000000,55.8000000000,50.8500000000,55.3000000000,2622176,142067255.5200,10.677700,1
2020-10-13,sh.688589,55.4900000000,56.1600000000,54.3000000000,55.7000000000,1606494,88877766.0000,6.541800,1
2020-10-14,sh.688589,55.1400000000,56.4800000000,54.4500000000,56.0300000000,1353415,75039359.5000,5.511200,1
2020-10-15,sh.688589,55.8900000000,57.9100000000,53.8800000000,53.9000000000,2164629,120497657.2800,8.814600,1
2020-10-16,sh.688589,53.9800000000,57.2900000000,53.2200000000,56.5000000000,2140191,119029266.0400,8.715000,1
2020-10-19,sh.688589,56.9800000000,57.4700000000,53.2900000000,53.6600000000,2154404,118865012.0000,8.772900,1
2020-10-20,sh.688589,54.1000000000,54.5900000000,53.1100000000,54.3900000000,1196992,64591092.0000,4.874300,1
2020-10-21,sh.688589,53.9900000000,54.8500000000,51.3000000000,51.4500000000,1581794,83190668.0000,6.441200,1
2020-10-22,sh.688589,51.6600000000,52.0000000000,50.6300000000,51.4600000000,896217,46085047.3700,3.649500,1
2020-10-23,sh.688589,51.4700000000,52.3800000000,50.4100000000,50.8000000000,983368,50507792.9700,4.004400,1
2020-10-26,sh.688589,49.4500000000,50.7800000000,48.0000000000,50.0000000000,1261751,62382952.0000,5.138000,1
2020-10-27,sh.688589,49.5500000000,50.7600000000,49.2200000000,50.2000000000,652334,32655951.7500,2.656400,1
2020-10-28,sh.688589,50.4900000000,50.7700000000,48.5900000000,49.0600000000,924454,45445175.3000,3.764500,1
2020-10-29,sh.688589,48.4800000000,48.5100000000,47.3600000000,47.8100000000,1022320,48999737.0000,4.163000,1
2020-10-30,sh.688589,48.0500000000,49.6600000000,46.8000000000,47.1400000000,1243856,59761170.0000,5.065100,1
2020-11-02,sh.688589,47.1400000000,48.1600000000,43.7600000000,45.0700000000,1737248,78382087.6000,7.074200,1
2020-11-03,sh.688589,45.1100000000,47.1700000000,45.0200000000,46.9500000000,976031,45345859.7600,3.974500,1
2020-11-04,sh.688589,47.2000000000,47.8500000000,46.3500000000,46.8000000000,681062,32005294.2700,2.773300,1
2020-11-05,sh.688589,48.2000000000,48.4900000000,46.5500000000,47.3200000000,689483,32654037.9200,2.807600,1
2020-11-06,sh.688589,47.2400000000,47.6000000000,46.0500000000,46.8300000000,624773,29246836.7100,2.544100,1
2020-11-09,sh.688589,47.9900000000,52.0000000000,47.0000000000,51.2200000000,2702774,136503211.7300,11.005900,1
2020-11-10,sh.688589,50.6300000000,52.3900000000,49.8500000000,51.3000000000,1963504,100618232.9400,7.995600,1
2020-11-11,sh.688589,51.1100000000,51.4800000000,49.7700000000,50.0000000000,1140106,57550189.3800,4.642600,1
2020-11-12,sh.688589,51.0000000000,51.3000000000,48.1800000000,48.5500000000,953015,46667624.3500,3.880800,1
2020-11-13,sh.688589,48.5500000000,49.5500000000,48.1300000000,48.6900000000,600512,29305554.1000,2.445300,1
2020-11-16,sh.688589,48.6000000000,49.6500000000,47.8600000000,48.2500000000,545429,26348175.4100,2.221000,1
2020-11-17,sh.688589,48.4500000000,48.4500000000,46.3300000000,47.5000000000,811851,38139158.8600,3.305900,1
2020-11-18,sh.688589,47.4700000000,48.6400000000,47.0000000000,47.5300000000,570726,27205268.9100,2.324000,1
2020-11-19,sh.688589,47.0500000000,48.1500000000,47.0200000000,47.6000000000,499735,23821158.5700,2.035000,1
2020-11-20,sh.688589,47.4000000000,47.6300000000,46.8700000000,46.9900000000,453921,21392453.7800,1.848400,1
2020-11-23,sh.688589,47.2900000000,47.2900000000,46.0600000000,46.2100000000,569821,26511073.0600,2.320400,1
2020-11-24,sh.688589,46.3800000000,47.7600000000,46.3800000000,46.4600000000,533096,25032805.4300,2.170800,1
2020-11-25,sh.688589,46.1200000000,46.6500000000,45.5000000000,45.5200000000,649723,29927277.9000,2.645700,1
2020-11-26,sh.688589,45.9300000000,45.9300000000,44.6700000000,44.6800000000,507479,22932810.4500,2.066500,1
2020-11-27,sh.688589,44.6900000000,45.9500000000,44.3000000000,44.9900000000,384015,17228127.6300,1.563700,1
2020-11-30,sh.688589,45.4500000000,47.5600000000,45.1500000000,45.8000000000,1124428,52288403.0100,4.578800,1
2020-12-01,sh.688589,45.6100000000,46.9900000000,45.5500000000,46.1100000000,523225,24063256.8300,2.130600,1
2020-12-02,sh.688589,46.0400000000,47.5000000000,45.8400000000,46.8600000000,880097,41197869.1200,3.583800,1
2020-12-03,sh.688589,46.6200000000,47.4000000000,45.9000000000,45.9000000000,672125,31116969.4100,2.737000,1
2020-12-04,sh.688589,45.7000000000,46.4800000000,45.4000000000,45.9100000000,459320,21117045.2500,1.870400,1
2020-12-07,sh.688589,46.4900000000,47.2000000000,46.1100000000,46.3000000000,489419,22784353.1800,1.993000,1
2020-12-08,sh.688589,46.1000000000,46.6800000000,45.5000000000,45.5400000000,496758,22880289.4600,2.022800,1
2020-12-09,sh.688589,45.4000000000,46.4200000000,43.6500000000,44.0700000000,911325,40451604.7000,3.711000,1
2020-12-10,sh.688589,43.9100000000,44.9500000000,43.4400000000,43.6100000000,504771,22230101.3600,2.055500,1
2020-12-11,sh.688589,44.0000000000,44.0000000000,41.5000000000,41.9800000000,868981,36830223.8000,3.538600,1
2020-12-14,sh.688589,42.0000000000,42.2500000000,41.0000000000,42.0100000000,595128,24904755.5500,2.423400,1
2020-12-15,sh.688589,41.6900000000,41.8700000000,40.5800000000,40.6500000000,656803,26897776.6800,2.674600,1
2020-12-16,sh.688589,40.6500000000,40.7000000000,39.0500000000,39.3700000000,919109,36303284.4100,3.742700,1
2020-12-17,sh.688589,39.4600000000,40.6500000000,39.1000000000,40.4700000000,599480,23957679.6000,2.441100,1
2020-12-18,sh.688589,40.9000000000,41.4800000000,39.8500000000,40.2200000000,595085,24223661.1600,2.423200,1
2020-12-21,sh.688589,40.1300000000,41.1800000000,40.1300000000,40.9000000000,521671,21313212.2700,2.124300,1
2020-12-22,sh.688589,40.9000000000,40.9500000000,38.9000000000,39.1100000000,617618,24565472.8500,2.515000,1
2020-12-23,sh.688589,38.2000000000,39.4400000000,38.2000000000,39.2100000000,758974,29430367.1600,3.090600,1
2020-12-24,sh.688589,38.9100000000,39.3000000000,36.0000000000,36.8300000000,1019551,38348602.7900,4.151700,1
2020-12-25,sh.688589,36.9000000000,37.2000000000,36.3000000000,36.6700000000,625081,23005607.2200,2.545400,1
2020-12-28,sh.688589,36.5800000000,36.6600000000,34.9000000000,35.0100000000,782582,27669769.1000,3.186700,1
2020-12-29,sh.688589,35.5400000000,36.0700000000,34.7100000000,35.2200000000,523092,18606508.8700,2.130100,1
2020-12-30,sh.688589,35.1000000000,35.7500000000,34.8400000000,35.0100000000,587318,20766112.7500,2.391600,1
2020-12-31,sh.688589,35.0100000000,36.2500000000,35.0100000000,36.1200000000,492110,17640027.5600,2.003900,1
2021-01-04,sh.688589,35.6600000000,37.6200000000,35.6600000000,37.3000000000,614349,22701422.4800,2.501700,1
2021-01-05,sh.688589,37.3000000000,37.8900000000,36.7000000000,37.8500000000,667697,24933601.3800,2.718900,1
2021-01-06,sh.688589,37.5000000000,38.1600000000,36.1200000000,36.4000000000,579510,21390922.6000,2.359800,1
2021-01-07,sh.688589,36.0000000000,36.3800000000,32.4000000000,33.4800000000,1519967,51652672.2700,6.189400,1
2021-01-08,sh.688589,33.4500000000,33.7300000000,32.3900000000,32.5500000000,824236,27115533.9300,3.356400,1
2021-01-11,sh.688589,32.5500000000,33.5600000000,31.8200000000,31.8200000000,731050,23844644.3800,2.976900,1
2021-01-12,sh.688589,32.0000000000,32.1500000000,30.5500000000,30.7300000000,997863,31150188.6100,4.063400,1
2021-01-13,sh.688589,31.0800000000,31.0800000000,28.1200000000,28.1900000000,2264862,65491423.9600,9.222700,1
2021-01-14,sh.688589,27.9700000000,30.2000000000,27.9700000000,29.5500000000,1731504,50926004.3800,7.050800,1
2021-01-15,sh.688589,29.4500000000,32.3000000000,29.0000000000,31.3800000000,2061885,64598167.1300,8.396200,1
2021-01-18,sh.688589,30.5000000000,32.5000000000,30.3000000000,31.6200000000,1409607,44407974.2200,5.740000,1
2021-01-19,sh.688589,32.1600000000,33.9000000000,31.5400000000,32.8500000000,1468405,48344106.7100,5.979500,1
2021-01-20,sh.688589,32.8800000000,33.3900000000,31.7500000000,32.2000000000,1013532,32761412.7000,4.127200,1
2021-01-21,sh.688589,32.7100000000,32.7100000000,31.3600000000,31.8300000000,921114,29402853.8100,3.750900,1
2021-01-22,sh.688589,31.7000000000,32.1700000000,30.2500000000,30.3800000000,1341363,41243234.1800,5.229500,1
2021-01-25,sh.688589,29.2900000000,32.1700000000,29.2000000000,32.1000000000,1640738,50788717.5700,6.396600,1
2021-01-26,sh.688589,31.3000000000,32.9000000000,30.7100000000,30.7100000000,950611,30034939.2500,3.706100,1
2021-01-27,sh.688589,30.8600000000,31.0400000000,29.5000000000,29.8400000000,590147,17811877.2900,2.300800,1
2021-01-28,sh.688589,29.8400000000,32.2300000000,29.7600000000,30.3100000000,894879,27794038.0600,3.488800,1
2021-01-29,sh.688589,30.8200000000,31.4500000000,29.8100000000,30.8600000000,968089,29727343.8000,3.774200,1
2021-02-01,sh.688589,31.2100000000,31.7300000000,30.4100000000,30.6200000000,946655,29192538.2200,3.690700,1
2021-02-02,sh.688589,31.0000000000,31.8100000000,30.3100000000,31.1500000000,830349,25919318.3500,3.237200,1
2021-02-03,sh.688589,30.9000000000,31.2400000000,28.7800000000,29.0400000000,1030783,30732089.3500,4.018600,1
2021-02-04,sh.688589,30.0000000000,30.0000000000,28.0800000000,29.2300000000,709193,20570039.5500,2.764900,1
2021-02-05,sh.688589,29.3200000000,29.3900000000,27.6800000000,27.6800000000,578061,16499531.7400,2.253600,1
2021-02-08,sh.688589,27.9700000000,28.2000000000,27.2400000000,27.4000000000,533779,14777179.5100,2.081000,1
2021-02-09,sh.688589,30.0600000000,30.0600000000,28.0000000000,28.4300000000,549485,15634212.0300,2.142200,1
2021-02-10,sh.688589,28.2800000000,29.2900000000,28.2800000000,28.6700000000,449714,12943608.6100,1.753300,1
2021-02-18,sh.688589,29.7600000000,30.2900000000,29.0000000000,29.7500000000,759091,22630130.7300,2.959400,1
2021-02-19,sh.688589,29.9600000000,30.4800000000,29.7400000000,30.3700000000,629547,18974232.8500,2.454400,1
2021-02-22,sh.688589,30.3700000000,31.8600000000,30.3700000000,31.0000000000,992164,31012513.5000,3.868100,1
2021-02-23,sh.688589,30.6900000000,30.9600000000,30.0100000000,30.3300000000,626523,19025536.9400,2.442600,1
2021-02-24,sh.688589,30.1800000000,31.5700000000,30.1700000000,30.9000000000,691761,21433469.2500,2.696900,1
2021-02-25,sh.688589,30.6200000000,31.0700000000,30.1800000000,30.5100000000,514501,15698961.0200,2.005900,1
2021-02-26,sh.688589,30.2000000000,31.2500000000,30.0500000000,30.5200000000,509939,15675288.5800,1.988100,1
2021-03-01,sh.688589,30.8800000000,32.4900000000,30.4500000000,32.1700000000,1051845,33330396.2100,4.100800,1
2021-03-02,sh.688589,32.6900000000,32.8800000000,30.8800000000,31.2100000000,849511,26816182.9000,3.311900,1
2021-03-03,sh.688589,30.9900000000,31.7200000000,30.6900000000,31.4800000000,572549,17996346.2600,2.232200,1
2021-03-04,sh.688589,31.4000000000,32.0000000000,30.8100000000,30.8800000000,503029,15739732.8800,1.961100,1
2021-03-05,sh.688589,30.5800000000,31.6000000000,30.5500000000,31.1200000000,491481,15338498.8100,1.916100,1
2021-03-08,sh.688589,31.1200000000,31.9000000000,30.5600000000,30.7100000000,628550,19661214.1800,2.450500,1
2021-03-09,sh.688589,30.7100000000,31.2200000000,28.7900000000,28.9100000000,833979,24709675.6500,3.251400,1
2021-03-10,sh.688589,29.7800000000,29.8000000000,28.1700000000,28.4700000000,437628,12525118.1500,1.706200,1
2021-03-11,sh.688589,28.4500000000,29.9200000000,28.0000000000,29.3000000000,538108,15585166.7200,2.097900,1
2021-03-12,sh.688589,29.2000000000,29.4800000000,28.4600000000,28.6100000000,469837,13528654.7400,1.831700,1
2021-03-15,sh.688589,28.6100000000,28.6600000000,27.8900000000,28.2600000000,424678,12005208.0000,1.655700,1
2021-03-16,sh.688589,28.3100000000,28.9200000000,28.2400000000,28.6900000000,338289,9659438.2300,1.318900,1
2021-03-17,sh.688589,28.6900000000,29.4900000000,28.4400000000,29.3200000000,473100,13796253.9000,1.844400,1
2021-03-18,sh.688589,29.4600000000,29.4700000000,28.8900000000,29.0800000000,290846,8475811.7000,1.133900,1
2021-03-19,sh.688589,28.9300000000,29.6600000000,28.5500000000,29.2400000000,258117,7556908.3900,1.006300,1
2021-03-22,sh.688589,28.5600000000,29.6700000000,28.5600000000,29.4000000000,265246,7791474.1300,1.034100,1
2021-03-23,sh.688589,29.6000000000,30.1000000000,29.1800000000,29.1800000000,377743,11196260.8900,1.472700,1
2021-03-24,sh.688589,29.1800000000,29.4500000000,28.6800000000,28.7000000000,273444,7934302.2700,1.066100,1
2021-03-25,sh.688589,28.5500000000,29.0800000000,28.3300000000,28.4500000000,337560,9666164.9200,1.316000,1
2021-03-26,sh.688589,28.5200000000,29.1000000000,28.3600000000,28.8800000000,414856,11902865.7000,1.617400,1
2021-03-29,sh.688589,28.8800000000,29.2000000000,28.5200000000,28.6100000000,347464,10018901.5600,1.354600,1
2021-03-30,sh.688589,28.8800000000,28.8800000000,27.9000000000,27.9300000000,382008,10762055.7900,1.489300,1
2021-03-31,sh.688589,28.1200000000,28.2000000000,27.5600000000,27.6300000000,341689,9477235.0700,1.332100,1
2021-04-01,sh.688589,27.7500000000,28.2900000000,27.3700000000,27.9700000000,413639,11533808.1100,1.612600,1
2021-04-02,sh.688589,27.9000000000,30.1800000000,27.9000000000,29.8100000000,1416865,41704663.5500,5.523800,1
2021-04-06,sh.688589,30.4900000000,30.5200000000,29.5000000000,29.8200000000,908826,27223470.7300,3.543200,1
2021-04-07,sh.688589,29.9900000000,29.9900000000,29.3000000000,29.8200000000,443979,13164312.6800,1.730900,1
2021-04-08,sh.688589,29.8200000000,30.7900000000,29.7400000000,29.8900000000,992816,29882632.1100,3.870600,1
2021-04-09,sh.688589,29.9000000000,30.2900000000,29.3300000000,29.8500000000,505028,14962166.5100,1.968900,1
2021-04-12,sh.688589,29.6100000000,29.8200000000,28.6900000000,28.6900000000,479164,14014010.8100,1.868100,1
2021-04-13,sh.688589,28.5700000000,28.8600000000,28.0200000000,28.1200000000,454453,12854108.7600,1.771700,1
2021-04-14,sh.688589,28.1500000000,28.4800000000,27.9000000000,28.3800000000,228291,6454200.7400,0.890000,1
2021-04-15,sh.688589,28.2800000000,28.2800000000,27.5600000000,27.9700000000,540452,15061391.4300,2.107000,1
2021-04-16,sh.688589,27.7000000000,28.8200000000,27.5000000000,28.7400000000,401275,11425706.4900,1.564400,1
2021-04-19,sh.688589,28.4100000000,30.5900000000,28.4100000000,30.3200000000,1009215,30129447.9600,3.934600,1
2021-04-20,sh.688589,29.9200000000,30.4900000000,29.6000000000,29.8700000000,703789,21210112.7700,2.743800,1
2021-04-21,sh.688589,29.9900000000,30.3000000000,29.7100000000,29.8300000000,466037,13986370.3600,1.816900,1
2021-04-22,sh.688589,29.8300000000,30.5000000000,29.8300000000,30.3900000000,521338,15753706.6200,2.032500,1
2021-04-23,sh.688589,30.3800000000,30.3800000000,28.8800000000,29.1400000000,941166,27874068.3100,3.669300,1
2021-04-26,sh.688589,29.0900000000,31.8800000000,28.3400000000,30.6200000000,1828584,55308130.5800,7.129000,1
2021-04-27,sh.688589,30.3000000000,31.6800000000,30.0100000000,31.3400000000,1866481,57743524.6600,7.276700,1
2021-04-28,sh.688589,31.2700000000,31.2700000000,29.7100000000,30.4800000000,1611099,48784631.5000,6.281100,1
2021-04-29,sh.688589,30.9800000000,31.8000000000,29.7200000000,29.7200000000,1600635,49123232.6200,6.240300,1
2021-04-30,sh.688589,29.3000000000,29.9000000000,27.5600000000,27.8200000000,1814678,51172626.8800,7.074800,1
2021-05-06,sh.688589,27.8100000000,28.1400000000,26.6600000000,26.8100000000,1164052,31824629.8300,4.538200,1
2021-05-07,sh.688589,26.9200000000,27.1700000000,26.0200000000,26.0200000000,1140422,30112008.2200,4.446100,1
2021-05-10,sh.688589,26.2900000000,26.5500000000,25.8700000000,25.9200000000,758767,19851233.8800,2.958200,1
2021-05-11,sh.688589,26.0000000000,26.5700000000,25.6700000000,26.5600000000,620997,16297450.0100,2.421000,1
2021-05-12,sh.688589,26.5000000000,26.8900000000,26.2000000000,26.6300000000,479358,12754512.2700,1.868800,1
2021-05-13,sh.688589,26.4100000000,27.2500000000,26.0000000000,26.6900000000,675400,18158590.4400,2.633100,1
2021-05-14,sh.688589,26.7800000000,27.1700000000,26.7100000000,26.9800000000,837019,22525010.7000,3.263200,1
2021-05-17,sh.688589,26.8000000000,27.1500000000,26.2300000000,26.2700000000,737698,19616245.5700,2.876000,1
2021-05-18,sh.688589,26.3200000000,27.4500000000,26.0300000000,27.1900000000,1013684,27182386.9100,3.952000,1
2021-05-19,sh.688589,27.0100000000,27.3800000000,26.7600000000,27.0200000000,623305,16855930.2000,2.430000,1
2021-05-20,sh.688589,26.8500000000,27.3900000000,26.7000000000,27.0400000000,673079,18189079.2000,2.624100,1
2021-05-21,sh.688589,27.1000000000,27.4400000000,26.6500000000,26.7000000000,511711,13814407.7400,1.995000,1
2021-05-24,sh.688589,26.7500000000,27.3700000000,26.4100000000,27.0300000000,441959,11922553.2300,1.723000,1
2021-05-25,sh.688589,27.1000000000,27.5000000000,26.9000000000,27.2900000000,606027,16525496.3700,2.362700,1
2021-05-26,sh.688589,27.3500000000,28.3200000000,27.2000000000,27.9500000000,1120391,31194278.7000,4.368000,1
2021-05-27,sh.688589,28.0000000000,30.3600000000,27.8000000000,29.6400000000,2578675,76085639.7600,10.053300,1
2021-05-28,sh.688589,29.1000000000,29.4000000000,28.2100000000,28.6400000000,1843826,53000104.6100,7.188400,1
2021-05-31,sh.688589,28.6800000000,29.8900000000,28.6100000000,29.4000000000,1460637,42764824.0200,5.694500,1
2021-06-01,sh.688589,29.3700000000,32.3100000000,29.3700000000,31.5000000000,3316190,103838606.7500,12.928600,1
2021-06-02,sh.688589,31.9800000000,37.8000000000,31.7000000000,37.2000000000,8562345,311883701.0300,33.381500,1
2021-06-03,sh.688589,38.0000000000,40.3800000000,36.6600000000,37.2000000000,8562966,330034738.7300,33.383900,1
2021-06-04,sh.688589,36.0400000000,37.1200000000,34.6800000000,35.4000000000,5373970,191796241.9800,20.951200,1
2021-06-07,sh.688589,35.8700000000,39.8000000000,35.8500000000,36.9800000000,4454017,166500643.8200,17.364600,1
2021-06-08,sh.688589,37.9700000000,38.5000000000,35.7600000000,35.8200000000,2989398,110297236.4100,11.654600,1
2021-06-09,sh.688589,35.9800000000,38.2000000000,35.8300000000,37.1800000000,3415747,127190233.2100,13.316800,1
2021-06-10,sh.688589,37.2000000000,42.6600000000,37.0600000000,41.5200000000,5550996,221578100.7000,21.641300,1
2021-06-11,sh.688589,41.2700000000,41.9000000000,38.3900000000,38.7200000000,4403543,174833866.8200,17.167800,1
2021-06-15,sh.688589,38.5000000000,39.0000000000,37.1700000000,37.5000000000,2682471,101564963.7800,10.458000,1
2021-06-16,sh.688589,37.8900000000,39.0800000000,35.5800000000,36.3500000000,2600602,97210682.6700,10.138800,1
2021-06-17,sh.688589,35.6800000000,38.9000000000,35.6800000000,38.4400000000,3172575,119212749.6300,12.368700,1
2021-06-18,sh.688589,38.0100000000,39.9800000000,37.8800000000,38.9800000000,2880265,112577663.2400,11.229100,1
2021-06-21,sh.688589,38.8400000000,40.7400000000,38.3600000000,39.4000000000,2365695,93735496.2000,9.223000,1
2021-06-22,sh.688589,40.5000000000,40.5000000000,37.0000000000,37.3900000000,2524521,95442030.6200,9.842200,1
2021-06-23,sh.688589,37.9400000000,38.9900000000,37.1000000000,38.2800000000,2204351,84054136.5200,8.594000,1
2021-06-24,sh.688589,38.1800000000,38.2800000000,35.6700000000,35.9000000000,2179944,79695747.1700,8.498800,1
2021-06-25,sh.688589,35.8100000000,36.6600000000,33.7000000000,35.0400000000,2057530,71903246.8300,8.021600,1
2021-06-28,sh.688589,35.0400000000,37.1700000000,35.0400000000,36.6800000000,1829420,66553633.8900,7.132200,1
2021-06-29,sh.688589,36.6800000000,37.1500000000,36.0000000000,36.7000000000,1324843,48568121.0300,5.165100,1
2021-06-30,sh.688589,36.9000000000,42.3200000000,36.7700000000,39.6100000000,4815283,193039094.5600,18.773000,1
2021-07-01,sh.688589,39.6300000000,39.6600000000,36.8800000000,36.9000000000,2804792,106741172.7500,10.934900,1
2021-07-02,sh.688589,36.5200000000,38.8800000000,36.2100000000,37.0700000000,1976315,74327812.5500,7.704900,1
2021-07-05,sh.688589,36.7200000000,39.5000000000,36.7200000000,38.7800000000,2177801,83613223.6700,8.490500,1
2021-07-06,sh.688589,39.0600000000,39.7000000000,37.2000000000,38.2100000000,2140581,82330976.8300,8.345300,1
2021-07-07,sh.688589,38.2400000000,38.8200000000,36.8800000000,38.3500000000,1612402,60916211.8400,6.286200,1
2021-07-08,sh.688589,38.5800000000,39.9100000000,38.1300000000,39.5000000000,2922429,114377933.0000,11.393500,1
2021-07-09,sh.688589,38.8000000000,39.1900000000,37.0000000000,37.9900000000,2709102,102306026.7200,10.561800,1
2021-07-12,sh.688589,38.1800000000,38.8300000000,37.5000000000,38.4600000000,2136817,81681549.2400,8.330700,1
2021-07-13,sh.688589,38.5100000000,38.9400000000,35.1200000000,35.6900000000,2845863,103286941.6500,11.095000,1
2021-07-14,sh.688589,35.7000000000,36.1000000000,34.2300000000,34.8100000000,1772750,61743500.4500,6.911300,1
2021-07-15,sh.688589,34.7497488000,34.9305278400,32.9118285600,33.8257670400,1900677,63575667.1500,7.410000,1
2021-07-16,sh.688589,33.8458536000,34.6995324000,33.2834299200,33.8358103200,1640026,55535294.7400,6.393900,1
2021-07-19,sh.688589,33.5445552000,33.5445552000,32.0380632000,32.3594481600,1653163,53613512.3300,6.445100,1
2021-07-20,sh.688589,32.1284527200,33.3035164800,31.7668946400,33.0122613600,1094476,35693061.0100,4.267000,1
2021-07-21,sh.688589,33.1126941600,35.3423023200,33.0423912000,34.5990996000,2399628,82643768.2900,9.355300,1
2021-07-22,sh.688589,34.6392727200,36.3566736000,34.1772818400,36.0553752000,3130022,110774493.7800,5.677900,1
2021-07-23,sh.688589,36.2562408000,36.8186644800,35.4326918400,35.4628216800,2776102,99984134.0100,5.035900,1
2021-07-26,sh.688589,35.5532112000,37.9635984000,35.2820426400,37.6522567200,4165980,153619300.9500,7.557100,1
2021-07-27,sh.688589,40.0325140800,44.6925960000,38.2146804000,40.2534662400,8588055,351073006.7400,15.578800,1
2021-07-28,sh.688589,39.3897441600,46.8519012000,37.9836849600,43.6581381600,8693203,369662247.4600,15.769500,1
2021-07-29,sh.688589,44.3712110400,46.7112952800,42.3826416000,45.7270538400,7403905,333963145.5300,13.430700,1
2021-07-30,sh.688589,45.7772702400,46.0685253600,42.5433340800,43.1861040000,5564156,244517078.5200,10.093400,1
2021-08-02,sh.688589,42.3826416000,44.9738078400,41.7800448000,43.0655846400,4144646,178077998.6400,7.518400,1
2021-08-03,sh.688589,44.1904320000,44.8532884800,40.6351108800,41.1674047200,4286694,183864692.5700,7.776100,1
2021-08-04,sh.688589,41.4285300000,46.2794342400,41.4285300000,46.2392611200,6238059,276101646.4400,11.315900,1
2021-08-05,sh.688589,45.1545868800,45.9982224000,43.5677486400,44.4917304000,4299517,189485068.3000,7.799300,1
2021-08-06,sh.688589,44.1904320000,47.5047144000,42.8948488800,45.7973568000,6017637,270763765.7800,10.916000,1
2021-08-09,sh.688589,44.0899992000,44.5720766400,41.6796120000,42.7542429600,3825520,163126927.4000,6.939500,1
2021-08-10,sh.688589,42.4830744000,45.1746734400,42.4830744000,44.2105185600,2967416,129241173.1600,5.382900,1
2021-08-11,sh.688589,43.1861040000,48.7099080000,41.9005641600,46.8619444800,6498738,293573221.4200,11.788700,1
2021-08-12,sh.688589,47.2034160000,56.2323247200,46.5305162400,56.2323247200,9374921,504974784.6400,17.006100,1
2021-08-13,sh.688589,57.2466960000,57.8593360800,52.8979557600,55.7402040000,6962247,380056388.8800,12.629500,1
2021-08-16,sh.688589,54.1332792000,54.2035821600,50.9997758400,53.1088646400,3758317,196926237.5400,6.817600,1
2021-08-17,sh.688589,52.9582154400,53.5206391200,47.2034160000,47.7055800000,4969584,245337944.5400,9.014800,1
2021-08-18,sh.688589,48.0570948000,48.6596916000,45.7772702400,46.4802998400,3031403,141320297.1600,5.499000,1
2021-08-19,sh.688589,45.8977896000,47.8863590400,45.8576164800,46.3999536000,2994036,139334511.8200,5.431200,1
2021-08-20,sh.688589,45.2951928000,48.3885230400,43.7083545600,46.3899103200,3080956,142614697.6600,5.588900,1
2021-08-23,sh.688589,45.9580492800,46.8619444800,44.4716438400,46.5807326400,2715901,124504079.5900,4.926700,1
2021-08-24,sh.688589,46.5706893600,50.6482610400,45.3654957600,50.5277416800,5990107,290458903.2900,10.866100,1
2021-08-25,sh.688589,49.2120720000,49.8749284800,46.5907759200,47.9767485600,3649404,173851734.3900,6.620000,1
2021-08-26,sh.688589,47.7357098400,50.1159672000,47.1029832000,47.3841950400,2496646,120669357.0600,4.528900,1
2021-08-27,sh.688589,44.8934616000,47.0828966400,41.7599582400,41.7800448000,4385420,189786063.3000,7.955200,1
2021-08-30,sh.688589,41.7398716800,43.7083545600,39.9521678400,40.3739856000,3807146,157889231.6900,6.906200,1
2021-08-31,sh.688589,40.5346780800,40.9062794400,39.6307828800,40.2434229600,1605024,64241214.9400,2.911500,1
2021-09-01,sh.688589,39.5705232000,39.9822976800,38.2749400800,39.0683592000,2128178,82404487.1700,3.860500,1
2021-09-02,sh.688589,39.4700904000,39.4700904000,37.9033387200,38.0539879200,1661370,63362057.8000,3.013700,1
2021-09-03,sh.688589,38.6565847200,41.3783136000,37.8531223200,40.4744184000,3271127,130974803.7300,5.933800,1
2021-09-06,sh.688589,40.8158899200,42.8747623200,39.6910425600,42.4830744000,2896719,119595630.0000,5.254700,1
2021-09-07,sh.688589,43.9895664000,45.0541540800,42.6337236000,43.0957144800,3164539,137347191.0200,5.740500,1
2021-09-08,sh.688589,42.8948488800,45.7370971200,42.5031609600,43.8891336000,2982673,131094769.7200,5.410600,1
2021-09-09,sh.688589,44.5720766400,44.5720766400,41.2377076800,41.6394388800,2121953,89716662.2400,3.849200,1
2021-09-10,sh.688589,42.9551085600,43.4371860000,40.8460197600,41.9407372800,2770695,116620392.5900,5.026100,1
2021-09-13,sh.688589,42.6839400000,42.7843728000,39.4801336800,40.0224708000,2578093,103686996.9900,4.676700,1
2021-09-14,sh.688589,39.6709560000,40.7656735200,39.1687920000,39.6809992800,1675960,66687907.7200,3.040200,1
2021-09-15,sh.688589,40.1429901600,40.1429901600,38.1644640000,38.4657624000,1792653,68898420.4800,3.251900,1
2021-09-16,sh.688589,38.3452430400,38.5059355200,37.6723432800,37.7627328000,1649623,62331341.0200,2.992400,1
2021-09-17,sh.688589,37.7627328000,38.1644640000,36.1055916000,36.9492271200,2108434,77072484.4500,3.824700,1
2021-09-22,sh.688589,36.9592704000,37.6723432800,36.5575392000,36.7885346400,990935,36568269.8500,1.797600,1
2021-09-23,sh.688589,37.9334685600,37.9334685600,36.7282749600,37.5116508000,1298733,48480501.6000,2.355900,1
2021-09-24,sh.688589,37.5116508000,37.8531223200,36.1959811200,36.2863706400,1314749,48516455.4200,2.385000,1
2021-09-27,sh.688589,36.5977123200,37.6723432800,35.9549424000,36.1558080000,1164532,42606292.8800,2.112500,1
2021-09-28,sh.688589,35.8444663200,36.6479287200,35.3925187200,35.9047260000,1289183,46214506.6900,2.338600,1
2021-09-29,sh.688589,35.8545096000,35.9850722400,33.1428240000,33.4541656800,1987723,67501399.2700,3.605700,1
2021-09-30,sh.688589,33.8358103200,35.0108740800,33.5445552000,34.7899219200,1402499,48249417.6700,2.544100,1
2021-10-08,sh.688589,35.7842066400,36.2964139200,35.0108740800,35.6536440000,1203003,42806643.0400,2.182300,1
2021-10-11,sh.688589,36.0754617600,37.1099196000,35.4728649600,36.7282749600,1554881,56638720.6000,2.820600,1
2021-10-12,sh.688589,36.8186644800,36.9592704000,34.4283638400,35.7339902400,1236580,44317279.1100,2.243200,1
2021-10-13,sh.688589,35.4527784000,36.7584048000,35.4527784000,36.7081884000,1025639,37148720.2500,1.860500,1
2021-10-14,sh.688589,36.7081884000,36.8688808800,35.9147692800,36.4370198400,965145,34972444.8000,1.750800,1
2021-10-15,sh.688589,36.6479287200,37.6924298400,36.4571064000,36.8287077600,1696086,62777390.5000,3.076700,1
2021-10-18,sh.688589,35.5632544800,36.2060244000,33.8458536000,34.7497488000,2063830,70998345.7500,3.743800,1
2021-10-19,sh.688589,35.3824754400,36.0152020800,34.8803114400,35.0711337600,1265576,44573415.1300,2.295800,1
2021-10-20,sh.688589,34.6694025600,35.2820426400,34.2576280800,34.2978012000,1049364,36278476.3200,1.903600,1
2021-10-21,sh.688589,34.4283638400,36.0352886400,34.2978012000,34.4484504000,1850943,64654952.1500,3.357600,1
2021-10-22,sh.688589,34.4484504000,35.4427351200,34.3078444800,34.6694025600,1488444,51717801.7700,2.700000,1
2021-10-25,sh.688589,34.6493160000,34.7296622400,34.0467192000,34.6493160000,1123039,38373929.4000,2.037200,1
2021-10-26,sh.688589,34.6191861600,35.1414367200,34.1571952800,34.7497488000,1166136,40178101.5200,2.115400,1
2021-10-27,sh.688589,34.7296622400,34.7296622400,32.7611793600,32.7611793600,1707426,56716634.0700,3.097300,1
2021-10-28,sh.688589,32.7611793600,34.0969356000,32.7611793600,32.9419584000,1115850,37190547.9700,2.024200,1
2021-10-29,sh.688589,32.9821315200,34.6493160000,32.9821315200,34.2978012000,1789481,60920851.5200,3.246100,1
2021-11-01,sh.688589,34.1873251200,35.3021292000,33.7454208000,34.9204845600,1654484,57145867.6200,3.001200,1
2021-11-02,sh.688589,35.2519128000,35.9248125600,34.3078444800,34.5187533600,1606608,56104561.4400,2.914400,1
2021-11-03,sh.688589,34.5287966400,36.4771929600,34.1772818400,35.6134708800,2184673,76703267.3600,3.963000,1
2021-11-04,sh.688589,36.4571064000,37.6522567200,36.1758945600,36.3566736000,3036357,111318269.0600,5.508000,1
2021-11-05,sh.688589,36.9492271200,37.4513911200,35.8344230400,36.6479287200,2124072,77064689.4800,3.853100,1
2021-11-08,sh.688589,35.9750289600,37.4112180000,35.4929515200,37.1701792800,1974076,72024224.9600,3.581000,1
2021-11-09,sh.688589,37.2605688000,39.8316484800,36.8186644800,39.3997874400,3562769,136330252.5700,6.462900,1
2021-11-10,sh.688589,39.3395277600,42.5031609600,38.6867145600,42.4027281600,4187651,171029519.8600,7.596400,1
2021-11-11,sh.688589,42.8647190400,44.0899992000,41.8101746400,43.2764935200,4684177,200585234.2500,8.497100,1
2021-11-12,sh.688589,42.6839400000,51.6224592000,42.6839400000,50.5377849600,9386256,460483544.8600,17.026700,1
2021-11-15,sh.688589,51.6124159200,54.7760491200,49.4731972800,52.2250560000,6309789,329385441.2500,11.446000,1
2021-11-16,sh.688589,52.2250560000,53.9324136000,50.0255776800,50.2164000000,3479232,178362907.9200,6.311300,1
2021-11-17,sh.688589,49.2422018400,51.6224592000,49.1216824800,50.3770924800,3262730,162601898.2200,5.918600,1
2021-11-18,sh.688589,49.9251448800,50.3871357600,47.2034160000,48.2278305600,4023318,194408398.7900,7.298300,1
2021-11-19,sh.688589,48.2278305600,56.1218486400,48.2278305600,54.9869580000,5639750,302262953.5900,10.230500,1
2021-11-22,sh.688589,55.4389056000,58.3414135200,54.7559625600,57.6182973600,5526800,311578705.4800,10.025600,1
2021-11-23,sh.688589,57.2466960000,60.1291173600,56.8248782400,58.7130148800,3942513,230149494.7200,7.151700,1
2021-11-24,sh.688589,58.7130148800,60.0286845600,57.7187301600,57.9497256000,3113451,182005363.3100,5.647800,1
2021-11-25,sh.688589,58.8536208000,60.9225364800,57.7488600000,58.4719761600,2960367,174278067.2000,5.370100,1
2021-11-26,sh.688589,57.6484272000,60.5810649600,57.6484272000,58.8335342400,2465992,144861097.9400,4.473300,1
2021-11-29,sh.688589,59.0143132800,67.7921400000,59.0143132800,66.8179418400,4642126,297512176.1600,8.420800,1
2021-11-30,sh.688589,66.2856480000,67.2799327200,63.6743952000,64.3272084000,3106971,201885155.5900,5.636100,1
2021-12-01,sh.688589,63.4032266400,65.7533541600,63.4032266400,64.6787232000,1745278,112408466.3800,3.165900,1
2021-12-02,sh.688589,65.1105842400,70.6946479200,64.4979441600,65.0201947200,4092173,273722437.3200,7.423200,1
2021-12-03,sh.688589,65.0201947200,67.4908416000,62.6499806400,64.2569054400,3343965,214981278.2800,6.066000,1
2021-12-06,sh.688589,65.4420124800,67.0891104000,64.4678143200,64.8695455200,3209230,210265560.4900,5.821600,1
2021-12-07,sh.688589,65.1507573600,65.1507573600,55.8406368000,58.3313702400,6787242,399553499.6100,12.312100,1
2021-12-08,sh.688589,59.4963907200,63.0416685600,58.6828850400,61.0731856800,4584551,277926966.8900,8.316400,1
2021-12-09,sh.688589,59.8780353600,63.1220148000,59.3256549600,61.9268644800,3334901,204056251.5100,6.049500,1
2021-12-10,sh.688589,61.9268644800,63.6342220800,60.2697232800,63.0316252800,1916589,119013622.1400,3.476700,1
2021-12-13,sh.688589,62.5595911200,64.7389828800,61.2640080000,63.0416685600,2167716,135860761.5800,3.932200,1
2021-12-14,sh.688589,62.9512790400,64.4477277600,62.2582927200,64.1062562400,1540433,97143977.7900,2.794400,1
2021-12-15,sh.688589,64.5582038400,73.0347321600,63.0918849600,70.6745613600,3559653,244905567.2400,6.457200,1
2021-12-16,sh.688589,70.5640852800,77.6144678400,70.5640852800,74.8224360000,4730783,349791151.6400,8.581700,1
2021-12-17,sh.688589,72.9644292000,74.1194064000,70.2527436000,72.1107504000,3392496,242371496.8300,6.154000,1
2021-12-20,sh.688589,74.3202720000,76.3289280000,70.4636524800,70.6745613600,1809428,130846481.4700,3.282300,1
2021-12-21,sh.688589,71.9098848000,74.5713540000,70.1121376800,72.5325681600,1701606,123522702.2600,3.086700,1
2021-12-22,sh.688589,73.3159440000,73.3159440000,70.3029600000,70.6544748000,1865504,132919746.0900,3.384000,1
2021-12-23,sh.688589,69.6200169600,73.1753380800,68.6458188000,70.6645180800,2368402,166825375.0600,4.296300,1
2021-12-24,sh.688589,68.6960352000,71.6286729600,67.3000192800,69.5999304000,1955181,134351637.5800,3.546700,1
2021-12-27,sh.688589,69.9012288000,69.9012288000,63.8953473600,67.3401924000,3087443,204846233.9400,5.600600,1
2021-12-28,sh.688589,66.2856480000,69.6702333600,66.1048689600,69.1781126400,1603105,108970311.6900,2.908000,1
2021-12-29,sh.688589,68.8265978400,70.7448643200,67.7720534400,69.9112720800,2047921,141847564.0600,3.714900,1
2021-12-30,sh.688589,68.7864247200,75.8066774400,68.7864247200,74.0691900000,2267804,166238453.6400,4.113800,1
2021-12-31,sh.688589,74.2097959200,74.2198392000,71.3072880000,72.7836501600,1508478,108916855.4400,2.736400,1
2022-01-04,sh.688589,73.0949918400,73.2155112000,65.0503245600,65.1909304800,2077129,139766450.5300,3.767900,1
2022-01-05,sh.688589,65.2511901600,66.5166434400,58.6527552000,59.7173428800,2840960,171748311.3500,5.153500,1
2022-01-06,sh.688589,59.2553520000,60.6413246400,57.7689465600,59.4060012000,1638782,96037401.6000,2.972800,1
2022-01-07,sh.688589,59.4060012000,61.2640080000,55.5192518400,56.4633201600,1975305,112154423.9100,3.583200,1
2022-01-10,sh.688589,56.2423680000,57.2466960000,54.8363088000,56.1118053600,1699371,94415664.7600,3.082700,1
2022-01-11,sh.688589,55.9410696000,56.3428008000,53.1189079200,53.8118942400,1549592,83596602.2400,2.811000,1
2022-01-12,sh.688589,54.0328464000,56.7445320000,52.9481721600,55.1777803200,2409927,131108999.3100,4.371600,1
2022-01-13,sh.688589,55.5192518400,56.7144021600,53.4503361600,54.6957028800,2064082,112225742.5500,3.744300,1
2022-01-14,sh.688589,54.1734523200,56.5938828000,53.5407256800,55.7201174400,1491266,82605537.0200,2.705200,1
2022-01-17,sh.688589,55.2681698400,61.0631424000,55.2681698400,60.5911082400,2694497,158483734.4700,4.887800,1
2022-01-18,sh.688589,61.6858257600,61.7360421600,57.0558736800,57.2165661600,2221512,130358353.5300,4.029800,1
2022-01-19,sh.688589,55.2380400000,58.0401151200,54.2136254400,55.4087757600,1915331,105571769.7900,3.474400,1
2022-01-20,sh.688589,56.2423680000,56.2423680000,50.8290400800,51.6827188800,2738160,142693557.2500,4.967000,1
2022-01-21,sh.688589,50.6080879200,51.6023726400,49.2020287200,49.2020287200,1781033,89020890.0700,3.230800,1
2022-01-24,sh.688589,49.2221152800,52.0844500800,48.8605572000,50.5880013600,1311545,66599666.9800,2.379100,1
2022-01-25,sh.688589,51.2408145600,51.2408145600,48.0470515200,48.4588260000,1218381,59915931.3300,2.210100,1
2022-01-26,sh.688589,50.5779580800,50.5779580800,47.0326802400,48.2177872800,1411277,67313627.6300,2.560100,1
2022-01-27,sh.688589,47.4143248800,49.8447986400,46.8117280800,47.6453203200,1554034,74504732.5800,2.819000,1
2022-01-28,sh.688589,47.0226369600,48.1173544800,45.7672269600,46.6912087200,1444840,66775539.5200,2.620900,1
2022-02-07,sh.688589,47.0025504000,47.6654068800,44.1000424800,44.8532884800,1546989,69407163.5700,2.806200,1
2022-02-08,sh.688589,44.8934616000,45.6868807200,43.4773591200,44.0297395200,1130743,49891536.4500,2.051200,1
2022-02-09,sh.688589,44.3310379200,45.0441108000,43.4271427200,44.6423796000,1085391,47993364.8300,1.968900,1
2022-02-10,sh.688589,44.9938944000,45.7873135200,43.2463636800,43.4070561600,1153670,50786322.2900,2.092800,1
2022-02-11,sh.688589,45.0240242400,45.0240242400,41.4887896800,41.8202179200,1355630,57351621.5600,2.459100,1
2022-02-14,sh.688589,41.6193523200,42.3324252000,40.7958033600,41.2678375200,1257218,51864998.5300,2.280600,1
2022-02-15,sh.688589,42.1817760000,43.4673158400,41.1272316000,42.8446324800,1086353,46054693.7200,1.970600,1
2022-02-16,sh.688589,43.2463636800,43.6480948800,42.4127714400,43.0454980800,772532,33036574.4200,1.401400,1
2022-02-17,sh.688589,43.0655846400,43.9393500000,42.2420356800,43.2764935200,881690,37922718.6100,1.599400,1
2022-02-18,sh.688589,43.2463636800,43.5577053600,42.2822088000,42.6738967200,814278,34805761.6900,1.477100,1
2022-02-21,sh.688589,43.1158010400,43.1861040000,41.8001313600,41.9909536800,1183869,49916890.5500,2.147500,1
2022-02-22,sh.688589,41.8704343200,41.9809104000,40.0023842400,41.1171883200,1459461,59219238.4100,2.647500,1
2022-02-23,sh.688589,41.1171883200,45.8977896000,41.0067122400,44.8432452000,2765227,121493829.5200,5.016100,1
2022-02-24,sh.688589,45.4056688800,46.0584820800,42.4830744000,43.3367532000,2472326,108860870.9700,4.484800,1
2022-02-25,sh.688589,44.5218602400,47.8562292000,44.5218602400,46.3296506400,3597857,166455214.2600,6.526500,1
2022-02-28,sh.688589,47.4042816000,48.7902542400,46.1990880000,47.8562292000,3168508,150387352.0000,5.747700,1
2022-03-01,sh.688589,48.7099080000,48.7299945600,47.2034160000,48.1273977600,1873731,89550284.0000,3.399000,1
2022-03-02,sh.688589,47.8060128000,48.3583932000,46.7012520000,47.5147576800,1363027,64182769.0000,2.472500,1
2022-03-03,sh.688589,47.8260993600,48.0470515200,45.4960584000,45.8375299200,1253428,57694627.0000,2.273700,1
2022-03-04,sh.688589,45.4056688800,50.5176984000,45.3956256000,47.3239353600,2493632,119707746.0000,4.523500,1
2022-03-07,sh.688589,45.9982224000,47.9064456000,45.9379627200,46.2593476800,1876391,87472037.0000,3.403800,1
2022-03-08,sh.688589,46.6912087200,48.5793453600,45.2148465600,46.3999536000,3277102,153422460.0000,5.944700,1
2022-03-09,sh.688589,46.5506028000,48.1977007200,44.1803887200,46.8016848000,2922410,135393785.0000,5.301300,1
2022-03-10,sh.688589,47.7055800000,49.9653180000,47.1632428800,49.4932838400,4936495,239461580.0000,8.954800,1
2022-03-11,sh.688589,48.6496483200,50.0858373600,46.7012520000,48.4889558400,3675925,176969831.0000,6.668100,1
2022-03-14,sh.688589,49.2120720000,49.2120720000,45.7069672800,46.3899103200,2694075,125221299.0000,4.887100,1
2022-03-15,sh.688589,45.4458420000,46.7112952800,42.5132042400,43.0655846400,4344809,192537985.0000,7.881500,1
2022-03-16,sh.688589,44.3410812000,44.9537212800,40.3538990400,44.5921632000,4133291,175525897.0000,7.497800,1
2022-03-17,sh.688589,44.8432452000,48.9609900000,44.8332019200,48.2077440000,4203660,199735996.0000,7.625500,1
2022-03-18,sh.688589,47.9767485600,49.1015959200,46.6510356000,48.2378738400,2524467,120786659.0800,4.579400,1
2022-03-21,sh.688589,48.3885230400,49.2120720000,47.5850606400,48.8304273600,1908095,92001431.9100,3.461300,1
2022-03-22,sh.688589,48.7099080000,49.4731972800,47.0025504000,47.2536324000,1583902,75962367.9500,2.873200,1
2022-03-23,sh.688589,47.0527668000,49.3828077600,46.7815982400,48.6195184800,2159729,104240946.8500,3.917800,1
2022-03-24,sh.688589,48.3583932000,48.3583932000,46.4702565600,47.2034160000,1786285,83896299.5100,3.176500,1
2022-03-25,sh.688589,47.4042816000,50.4072223200,47.4042816000,48.1073112000,2537459,123969536.4700,4.512200,1
2022-03-28,sh.688589,47.3339786400,49.0011631200,45.9279194400,46.9523340000,2667780,125367511.4300,4.744000,1
2022-03-29,sh.688589,47.6854934400,48.6797781600,45.5964912000,46.3396939200,1810259,84886429.5300,3.219100,1
2022-03-30,sh.688589,47.0828966400,48.0068784000,46.3095640800,47.1933727200,1215794,57032017.1400,2.162000,1
2022-03-31,sh.688589,47.1531996000,47.8863590400,45.9982224000,46.2593476800,1142413,53204883.7100,2.031500,1
2022-04-01,sh.688589,45.7873135200,47.0025504000,44.5921632000,45.0943272000,1489241,67325014.5400,2.648200,1
2022-04-06,sh.688589,44.6925960000,45.7873135200,43.3568397600,43.8389172000,1618414,71091204.3100,2.877900,1
2022-04-07,sh.688589,43.8590037600,44.1904320000,41.6796120000,42.4830744000,1523451,64566547.9000,2.709100,1
2022-04-08,sh.688589,42.7542429600,43.0053249600,40.2132931200,41.2577942400,1581343,65213179.2500,2.812000,1
2022-04-11,sh.688589,41.1272316000,41.1272316000,39.9019514400,39.9320812800,1458957,58799199.0500,2.594400,1
2022-04-12,sh.688589,40.0726872000,41.0669719200,38.6666280000,40.9665391200,2244116,88452210.1700,3.990600,1
2022-04-13,sh.688589,40.3438557600,40.8661063200,37.8732088800,37.9635984000,1594464,61786328.4800,2.835400,1
2022-04-14,sh.688589,38.3151132000,39.4700904000,37.5618672000,39.0080995200,1285764,49386234.4500,2.286400,1
2022-04-15,sh.688589,38.5461086400,40.1429901600,37.3610016000,39.9722544000,1517560,59177184.5300,2.698600,1
2022-04-18,sh.688589,39.3696576000,41.1473181600,38.5461086400,40.6451541600,1316198,53058921.4700,2.340500,1
2022-04-19,sh.688589,39.9320812800,41.6494821600,38.8976234400,39.8919081600,1655142,65843563.6100,2.943300,1
2022-04-20,sh.688589,39.8919081600,40.5246348000,39.6006530400,40.0224708000,817554,32694512.7900,1.453800,1
2022-04-21,sh.688589,39.3997874400,41.7800448000,39.1687920000,39.4700904000,1576221,63555174.1800,2.802900,1
2022-04-22,sh.688589,39.1788352800,39.4700904000,37.3509583200,38.5963250400,1675194,63608310.2400,2.978900,1
2022-04-25,sh.688589,37.1300061600,37.1300061600,31.8271543200,33.5847283200,4025885,135721563.3900,7.159000,1
2022-04-26,sh.688589,33.4943388000,33.4943388000,30.1499265600,30.5416144800,2949102,92818335.2300,5.244200,1
2022-04-27,sh.688589,29.8385848800,34.0165893600,29.1255120000,33.7554640800,3532756,112809915.6600,6.282100,1
2022-04-28,sh.688589,32.3895780000,34.0467192000,31.2346008000,34.0266326400,2535637,81703152.2400,4.509000,1
2022-04-29,sh.688589,33.3436896000,35.5933843200,32.9419584000,34.5890563200,2118264,72191907.3500,3.766800,1
2022-05-05,sh.688589,34.3580608800,35.2117396800,33.8157237600,33.8458536000,1534799,52793630.0400,2.729300,1
2022-05-06,sh.688589,33.1026508800,34.7397055200,32.6406600000,33.9261998400,1608565,54673125.4900,2.860400,1
2022-05-09,sh.688589,33.2834299200,35.3021292000,33.2834299200,34.2074116800,1678717,57938171.1100,2.985200,1
2022-05-10,sh.688589,33.6449880000,35.6536440000,33.2432568000,34.9506144000,1879833,65393778.1200,3.342800,1
2022-05-11,sh.688589,35.0510472000,37.5618672000,35.0510472000,36.0252453600,2316417,83901383.2500,4.119200,1
2022-05-12,sh.688589,35.9248125600,36.6077556000,35.3322590400,36.5876690400,1945426,69904316.0500,3.459500,1
2022-05-13,sh.688589,36.9592704000,37.1099196000,35.8545096000,35.9348558400,1355108,48769186.2200,2.409700,1
2022-05-16,sh.688589,36.3165004800,37.3610016000,35.7842066400,36.0152020800,1266838,45827664.6900,2.252800,1
2022-05-17,sh.688589,36.4169332800,38.1142476000,35.7641200800,37.6623000000,2041589,75403292.4900,3.630500,1
2022-05-18,sh.688589,38.4958922400,39.5504366400,37.5719104800,38.6666280000,1603595,61951278.3800,2.851600,1
2022-05-19,sh.688589,38.1644640000,39.7713888000,37.7526895200,39.4700904000,1775025,69165207.2600,3.156400,1
2022-05-20,sh.688589,39.5604799200,40.2936393600,38.6666280000,39.9119947200,1692160,66800492.2700,3.009100,1
2022-05-23,sh.688589,40.0124275200,40.1028170400,38.8775368800,39.6207396000,1293954,50736534.0800,2.301000,1
2022-05-24,sh.688589,39.6709560000,40.3538990400,37.2304389600,37.2304389600,1503155,58028606.2400,2.673000,1
2022-05-25,sh.688589,38.4958922400,38.4958922400,36.1558080000,37.2404822400,1218909,45101078.1500,2.167500,1
2022-05-26,sh.688589,37.4513911200,38.0640312000,36.4571064000,37.2404822400,1239504,46062172.6100,2.204200,1
2022-05-27,sh.688589,37.4424199200,39.0681560600,36.3619617400,36.6346007200,1111975,41334824.0900,1.977400,1
2022-05-30,sh.688589,36.8567510000,37.6039837600,35.8469770000,36.6043075000,1587629,57723219.1600,2.823200,1
2022-05-31,sh.688589,36.6446984600,38.2401413800,35.5440448000,38.1795549400,1700480,62632599.0400,3.023900,1
2022-06-01,sh.688589,37.7049611600,40.1789074600,37.7049611600,39.4518701800,1678819,65078987.8400,2.985400,1
2022-06-02,sh.688589,39.5932385400,42.3499215600,39.1893289400,42.2186509400,2102814,85509510.1200,3.739300,1
2022-06-06,sh.688589,42.2893351200,46.2880401600,42.2186509400,45.6922735000,2949119,130603035.1500,5.244300,1
2022-06-07,sh.688589,45.2782661600,46.0658898800,43.8140938600,44.0261464000,2031103,89806713.4600,3.611800,1
2022-06-08,sh.688589,43.5818458400,44.2583944200,41.5017114000,42.9355904800,2161702,91666092.9500,3.844100,1
2022-06-09,sh.688589,42.8144176000,42.8144176000,40.7241854200,40.9968244000,1258206,51666675.8000,2.237400,1
2022-06-10,sh.688589,40.6131102800,42.6225605400,40.6131102800,42.2388464200,1694287,70106714.0200,3.012900,1
2022-06-13,sh.688589,41.7642526400,43.3899887800,41.7642526400,42.8346130800,1371395,58064993.4800,2.438700,1
2022-06-14,sh.688589,42.4105080000,42.4105080000,40.0880278000,41.1482905000,1510494,61234551.4200,2.686000,1
2022-06-15,sh.688589,41.2492679000,42.8750040400,40.9160424800,41.1987792000,1643958,68228109.6300,2.923400,1
2022-06-16,sh.688589,41.2290724200,44.2180034600,41.0170198800,43.2991091200,2265170,96756278.9900,4.028000,1
2022-06-17,sh.688589,42.9557859600,44.7329882000,42.7134402000,44.3290786000,1761813,76322375.7300,3.132900,1
2022-06-20,sh.688589,43.9453644800,45.6417848000,43.7030187200,44.6118153200,2154048,95417707.9100,3.830400,1
2022-06-21,sh.688589,44.7834769000,44.8137701200,42.8548085600,43.5313571400,1676206,72489432.1400,2.980700,1
2022-06-22,sh.688589,43.7333119400,44.0968305800,42.3095306000,42.3095306000,1271341,54085490.3900,2.260800,1
2022-06-23,sh.688589,41.6632752400,45.2378752000,41.4815159200,45.0157249200,1748669,76275775.6500,3.109600,1
2022-06-24,sh.688589,45.0561158800,45.2378752000,43.6727255000,43.9655599600,2039218,89309603.8500,3.626200,1
2022-06-27,sh.688589,44.3694695600,45.8235441200,43.6020413200,44.3795673000,2103893,92470218.7500,3.741300,1
2022-06-28,sh.688589,44.8339656000,46.4395062600,42.9153950000,45.4095367800,2472487,110130544.2200,4.396700,1
2022-06-29,sh.688589,45.3388526000,46.2072582400,43.6525300200,43.9251690000,2407182,106804366.0500,4.280600,1
2022-06-30,sh.688589,43.6323345400,45.2883639000,43.2991091200,45.2580706800,2878001,126894537.0500,5.117800,1
2022-07-01,sh.688589,45.4297322600,45.4297322600,42.4307034800,43.1072520600,2816900,121232798.1200,5.009200,1
2022-07-04,sh.688589,42.8043198600,42.9961769200,40.5424261000,41.8652300400,1894874,78260071.3800,3.369600,1
2022-07-05,sh.688589,42.0772825800,42.8346130800,40.3909600000,40.9463357000,1531379,62689269.6700,2.723200,1
2022-07-06,sh.688589,41.3098543400,43.5414548800,40.6434035000,41.6632752400,2321199,97105974.0400,4.127700,1
2022-07-07,sh.688589,41.6531775000,42.3903125200,40.6232080200,41.2795611200,1447193,59089146.4900,2.573500,1
2022-07-08,sh.688589,41.0675085800,43.7737029000,41.0675085800,42.6528537600,2629146,111345148.6900,4.675300,1
2022-07-11,sh.688589,42.7437334200,42.7942221200,40.2697871200,40.9968244000,2323810,94509277.8300,4.132300,1
2022-07-12,sh.688589,40.6635989800,41.3502453000,39.6235317600,39.7043136800,2059282,82285807.4000,3.661900,1
2022-07-13,sh.688589,39.5225543600,40.1587119800,38.6137577600,39.1893289400,1682545,65311101.5000,2.992000,1
2022-07-14,sh.688589,39.0176673600,41.0473131000,38.6743442000,40.3808622600,1488670,59467580.2100,2.647200,1
2022-07-15,sh.688589,40.2899826000,40.6434035000,39.4013814800,39.4013814800,1290569,51023144.5600,2.341100,1
2022-07-18,sh.688589,39.2600131200,40.2697871200,38.7046374200,40.1385165000,1595808,62475931.9900,2.894800,1
2022-07-19,sh.688589,40.1890052000,42.0065984000,39.8759752600,40.3404713000,1424980,57405511.4700,2.584900,1
2022-07-20,sh.688589,40.4717419200,41.3805385200,40.2495916400,40.6434035000,1427935,57625873.8100,2.590300,1
2022-07-21,sh.688589,40.5121328800,41.7036662000,39.7447046400,40.6837944600,1985635,80577690.1900,3.601900,1
2022-07-22,sh.688589,41.8147413400,41.9864029200,37.7857430800,38.1290662400,3982676,155268520.7200,7.051900,1
2022-07-25,sh.688589,38.2199459000,39.3508927800,37.2707583400,37.3616380000,3385606,127427432.5600,5.994700,1
2022-07-26,sh.688589,37.4121267000,38.3310210400,36.5740142800,38.2199459000,1531948,56894878.3000,2.712500,1
2022-07-27,sh.688589,38.2098481600,38.8460057800,37.8160363000,38.4723894000,1295116,49327002.2700,2.293200,1
2022-07-28,sh.688589,38.6945396800,39.8860730000,38.4925848800,39.5831408000,2625424,102681545.6500,4.648700,1
2022-07-29,sh.688589,39.5831408000,39.7850956000,37.7655476000,37.8564272600,1840023,70001482.2200,3.258000,1
2022-08-01,sh.688589,37.6443747200,38.7248329000,36.7355781200,38.3209233000,1779947,67047684.0100,3.151700,1
2022-08-02,sh.688589,37.8766227400,38.0482843200,35.7459996000,36.3518640000,2340245,85484633.2500,4.143700,1
2022-08-03,sh.688589,36.7557736000,39.2398176400,36.4427436600,37.2202696400,2884809,107282782.4100,5.108000,1
2022-08-04,sh.688589,37.2101719000,39.2802086000,37.2101719000,38.4622916600,2171573,82457514.0000,3.845100,1
2022-08-05,sh.688589,38.5430735800,41.7440571600,38.5430735800,41.4310272200,4817311,194463138.0000,8.529700,1
2022-08-08,sh.688589,41.8349368200,42.4105080000,40.5929148000,41.8854255200,4559308,187272762.0000,8.072900,1
2022-08-09,sh.688589,42.2287486800,43.1173498000,40.9160424800,42.8245153400,2883007,119595936.0000,5.104800,1
2022-08-10,sh.688589,41.8046436000,44.2381989400,41.5421023600,43.6222368000,3424841,147254094.0000,6.064200,1
2022-08-11,sh.688589,43.4909661800,44.8339656000,43.4909661800,43.9150712600,3174044,138432355.0000,5.620100,1
2022-08-12,sh.688589,43.9958531800,44.8238678600,42.6225605400,42.7639289000,2869005,124915703.0000,5.080000,1
2022-08-15,sh.688589,42.4206057400,43.3193046000,42.1580645000,42.6427560200,2094148,88660997.8700,3.708000,1
2022-08-16,sh.688589,43.1173498000,44.1978079800,42.2489441600,43.5414548800,2083631,89949603.5100,3.689400,1
2022-08-17,sh.688589,43.5818458400,44.1473192800,42.7538311600,43.6424322800,1904859,81767580.6600,3.372800,1
2022-08-18,sh.688589,43.6626277600,47.7623102000,43.2284249400,47.1766412800,4553212,207060114.1400,8.062100,1
2022-08-19,sh.688589,47.9238740400,48.0450469200,44.5411311400,44.6824995000,4380692,199577312.7100,7.756600,1
2022-08-22,sh.688589,44.4401537400,45.2580706800,42.9153950000,43.1779362400,3124334,135191992.0800,5.532100,1
2022-08-23,sh.688589,42.8346130800,43.7636051600,42.6124628000,43.1476430200,1632838,69854584.4400,2.891200,1
2022-08-24,sh.688589,42.9153950000,43.4101842600,39.5326521000,39.6033362800,3021880,121831712.2800,5.350700,1
2022-08-25,sh.688589,39.4316747000,40.3606667800,37.3616380000,37.8766227400,2642169,100700677.8000,4.678300,1
2022-08-26,sh.688589,38.4118029600,38.7753216000,37.0183148400,37.2606606000,2034154,76215434.0600,3.601800,1
2022-08-29,sh.688589,36.3619617400,38.4723894000,36.3619617400,37.4121267000,1950868,72764047.5000,3.454300,1
2022-08-30,sh.688589,37.5534950600,38.1896526800,36.9577284000,37.3616380000,1903459,70513642.0100,3.370300,1
2022-08-31,sh.688589,37.4121267000,37.6241792400,35.5137515800,35.6248267200,2209435,79383141.7000,3.912100,1
2022-09-01,sh.688589,35.8469770000,36.3518640000,34.8876917000,34.9886691000,1734591,61049976.0300,3.071300,1
2022-09-02,sh.688589,35.0391578000,36.1499092000,34.9078871800,35.9782476200,2091278,73828709.6900,3.702900,1
2022-09-05,sh.688589,35.7560973400,36.0388340600,34.9179849200,35.3723832200,1417397,49776849.2100,2.509700,1
2022-09-06,sh.688589,35.7459996000,36.2407888600,35.0492555400,36.1701046800,2100490,74588972.3500,3.719200,1
2022-09-07,sh.688589,36.2306911200,37.9170137000,36.0489318000,37.4727131400,2353973,86781708.4400,4.168000,1
2022-09-08,sh.688589,37.4626154000,37.4727131400,36.5740142800,36.8163600400,1412989,51698052.1100,2.501900,1
2022-09-09,sh.688589,36.8870442200,36.8971419600,35.7459996000,36.0186385800,1370155,48954612.6800,2.426100,1
2022-09-13,sh.688589,36.0489318000,36.9476306600,35.7762928200,36.2811798200,1442139,51778262.0200,2.553500,1
2022-09-14,sh.688589,35.4026764400,36.8264577800,35.4026764400,36.5336233200,1630738,58548154.6900,2.887500,1
2022-09-15,sh.688589,36.5336233200,36.8163600400,34.0798725000,34.5847595000,2244556,78091047.7600,3.974300,1
2022-09-16,sh.688589,34.4433911400,34.9684736200,33.9385041400,34.0091883200,1432562,48942146.9900,2.536600,1
2022-09-19,sh.688589,33.8274290000,34.2919250400,32.4339408800,32.6157002000,1620443,53250820.8100,2.859400,1
2022-09-20,sh.688589,33.0095120600,33.8274290000,32.9287301400,33.6052787200,1311004,43361812.9400,2.313300,1
2022-09-21,sh.688589,33.2316623400,33.6860606400,32.8176550000,33.2821510400,1018730,33596848.0700,1.797600,1
2022-09-22,sh.688589,33.8173312600,33.8173312600,32.6964821200,32.9489256200,1300410,42860623.9700,2.294600,1
2022-09-23,sh.688589,32.7570685600,33.1306849400,31.1010392000,31.6160239400,1298361,41077609.8100,2.291000,1
2022-09-26,sh.688589,31.6059262000,31.8583697000,30.8788889200,31.2121143400,1040872,32319855.3600,1.836700,1
2022-09-27,sh.688589,31.1919188600,32.3127680000,31.1919188600,31.9896403200,1579539,49625233.7100,2.787200,1
2022-09-28,sh.688589,31.9593471000,31.9896403200,30.9293776200,30.9394753600,1139274,35408060.0800,2.010300,1
2022-09-29,sh.688589,31.2424075600,31.5150465400,30.6062499400,30.9697685800,988795,30357676.6700,1.744800,1
2022-09-30,sh.688589,30.8990844000,31.0909414600,29.8691149200,29.8893104000,1095067,33026633.2400,1.932300,1
2022-10-10,sh.688589,30.0811674600,30.2528290400,28.7179725600,28.8391454400,1323247,38533269.9900,2.334900,1
2022-10-11,sh.688589,31.1414301600,31.1414301600,29.6166714200,29.9397991000,2306038,69294954.0100,4.069100,1
2022-10-12,sh.688589,30.4749793200,31.6665126400,29.4854008000,31.6059262000,2672438,81195959.1800,4.715700,1
2022-10-13,sh.688589,31.3029940000,32.6157002000,31.0000618000,32.1411064200,2637259,84166654.4100,4.653600,1
2022-10-14,sh.688589,32.5753092400,33.5143990600,31.9088584000,33.4033239200,2310299,75551791.0100,4.076700,1
2022-10-17,sh.688589,33.1609781600,34.4736843600,33.0095120600,34.3929024400,2074558,69926161.8000,3.660700,1
2022-10-18,sh.688589,34.8876917000,35.0694510200,33.8981131800,34.6857369000,1698397,58079099.9800,2.996900,1
2022-10-19,sh.688589,34.6857369000,35.5036538400,34.3222182600,34.4433911400,1652881,56988383.2600,2.916600,1
2022-10-20,sh.688589,34.1303612000,35.8166837800,33.6961583800,35.0189623200,2357423,81515462.1200,4.159800,1
2022-10-21,sh.688589,34.6352482000,35.2512103400,33.9284064000,34.8069097800,1651969,56437768.6900,2.915000,1
2022-10-24,sh.688589,34.7362256000,35.7258041200,34.2818273000,34.4938798400,1517043,52774005.9100,2.676900,1
2022-10-25,sh.688589,34.5140753200,35.0391578000,33.7668425600,34.2111431200,1531916,52109256.0300,2.703200,1
2022-10-26,sh.688589,34.2414363400,35.9479544000,33.7264516000,35.6450222000,2099098,73228754.9100,3.704000,1
2022-10-27,sh.688589,35.9479544000,36.3114730400,35.0088645800,35.1401352000,1538201,54001112.9100,2.714200,1
2022-10-28,sh.688589,34.8372030000,36.3316685200,34.3020227800,34.6352482000,2817643,98506775.7900,4.971900,1
2022-10-31,sh.688589,34.0596770200,35.6349244600,34.0394815400,35.2310148600,2810778,97993529.3900,4.959800,1
2022-11-01,sh.688589,35.1906239000,36.4023527000,34.8372030000,36.0287363200,2363454,83677086.6600,4.170500,1
2022-11-02,sh.688589,36.1499092000,37.0990967600,35.8570747400,36.6245029800,2214817,80562302.9700,3.908200,1
2022-11-03,sh.688589,36.6245029800,38.7753216000,36.2407888600,38.3815097400,3192862,119346406.4600,5.634000,1
2022-11-04,sh.688589,38.3310210400,39.1792312000,37.6948634200,38.8157125600,2854303,108565569.1200,5.036600,1
2022-11-07,sh.688589,38.9570809200,39.2903063400,38.0179911000,38.2704346000,2174228,82977996.0100,3.836500,1
2022-11-08,sh.688589,38.6036600200,38.6036600200,37.8261340400,38.3714120000,1426959,53960701.0100,2.518000,1
2022-11-09,sh.688589,38.5733668000,38.5733668000,37.7756453400,37.8564272600,1168085,44041251.4700,2.061200,1
2022-11-10,sh.688589,37.5938860200,38.2603368600,36.3518640000,36.6043075000,1934962,71350489.6600,3.414400,1
2022-11-11,sh.688589,37.9675024000,38.3310210400,35.9277589200,35.9277589200,3716092,135984622.1900,6.557300,1
2022-11-14,sh.688589,36.3518640000,36.9577284000,35.1300374600,36.0489318000,1578650,56402190.0700,2.785600,1
2022-11-15,sh.688589,36.2306911200,39.5730430600,35.4935561000,39.1893289400,3913641,147750600.3300,6.905800,1
2022-11-16,sh.688589,39.7850956000,40.6232080200,39.0378628400,39.8557797800,3305173,130754545.2100,5.832200,1
2022-11-17,sh.688589,39.7850956000,40.8655537800,38.2704346000,40.4919374000,2924075,114923274.7800,5.159700,1
2022-11-18,sh.688589,40.1789074600,40.8453583000,39.3811860000,39.3912837400,2774521,110362604.3100,4.895800,1
2022-11-21,sh.688589,39.4215769600,40.6434035000,38.8762990000,39.5427498400,1636219,64341023.8300,2.887200,1
2022-11-22,sh.688589,39.8254865600,40.4818396600,38.4118029600,38.7551261200,2209207,86117109.9800,3.898300,1
2022-11-23,sh.688589,38.8359080400,39.2398176400,37.2404651200,38.4319984400,1775049,66976596.9600,3.132200,1
2022-11-24,sh.688589,38.4319984400,39.0580583200,37.8867204800,38.0381865800,1321900,50227825.8900,2.332600,1
2022-11-25,sh.688589,37.7655476000,38.7551261200,36.8668487400,36.8668487400,1642027,60891335.5500,2.897500,1
2022-11-28,sh.688589,36.3619617400,37.7251566400,35.7863905600,35.9378566600,1744502,63122787.2400,3.078300,1
2022-11-29,sh.688589,36.0186385800,36.8365555200,35.4935561000,36.3215707800,2313235,82780539.5800,4.081800,1
2022-11-30,sh.688589,36.3821572200,36.3922549600,35.3521877400,35.5743380200,1651913,58518861.1700,2.914900,1
2022-12-01,sh.688589,36.1398114600,36.6749916800,35.6248267200,35.8772702200,2314574,82701573.1400,4.084200,1
2022-12-02,sh.688589,36.0489318000,36.4528414000,35.6450222000,35.8772702200,2281367,81281187.8200,4.025600,1
2022-12-05,sh.688589,36.1600069400,36.2003979000,34.7665188200,35.3622854800,2236468,78228388.1200,3.946400,1
2022-12-06,sh.688589,35.3521877400,37.3919312200,35.3319922600,37.0183148400,3518777,127268993.8600,6.209100,1
2022-12-07,sh.688589,37.2101719000,37.2101719000,36.1802024200,36.4427436600,1888159,68363854.6300,3.331800,1
2022-12-08,sh.688589,36.4427436600,36.5336233200,35.7762928200,35.9681498800,1201907,43034625.2300,2.120800,1
2022-12-09,sh.688589,36.1196159800,36.8567510000,35.8065860400,36.2508866000,1285524,46173049.0800,2.268400,1
2022-12-12,sh.688589,35.9075634400,37.4828108800,35.4733606200,36.9476306600,1800302,65397188.8300,3.176700,1
2022-12-13,sh.688589,37.3717357400,37.4424199200,35.4329696600,35.5036538400,1832736,65501796.6400,3.234000,1
2022-12-14,sh.688589,36.8567510000,37.2000741600,35.8065860400,35.8974657000,2386842,85949412.4400,4.211700,1
2022-12-15,sh.688589,35.6248267200,37.2404651200,35.3622854800,36.5740142800,2016835,73180074.4300,3.558800,1
2022-12-16,sh.688589,36.3619617400,36.3619617400,35.0694510200,35.0997442400,1748137,61491093.1700,3.084700,1
2022-12-19,sh.688589,35.2815035600,35.8469770000,34.7362256000,35.2108193800,1868473,65622577.9200,3.297000,1
2022-12-20,sh.688589,35.2108193800,36.0388340600,34.9381804000,35.4632628800,1070802,37636760.5200,1.889500,1
2022-12-21,sh.688589,35.3521877400,35.5440448000,34.0293838000,34.3727069600,1568286,53890646.3200,2.767300,1
2022-12-22,sh.688589,34.5746617600,34.9886691000,34.3222182600,34.3727069600,1063033,36496868.5300,1.875800,1
2022-12-23,sh.688589,33.8274290000,34.3323160000,32.8479482200,33.3326397400,1375086,45347770.7700,2.426400,1
2022-12-26,sh.688589,33.2518578200,34.9179849200,33.2518578200,34.7665188200,1437418,49125699.2200,2.536400,1
2022-12-27,sh.688589,34.3626092200,35.0189623200,34.0091883200,34.8069097800,1082470,36983471.5500,1.910100,1
2022-12-28,sh.688589,34.4837821000,34.9381804000,34.0091883200,34.1808499000,736174,24998336.0300,1.299000,1
2022-12-29,sh.688589,34.1303612000,34.6655414200,33.9586996200,33.9586996200,741641,25190823.7200,1.308700,1
2022-12-30,sh.688589,34.2111431200,34.5847595000,34.0495792800,34.1505566800,712634,24195088.8500,1.257500,1
2023-01-03,sh.688589,34.2717295600,35.2916013000,33.6254742000,35.0795487600,1329659,45567834.2400,2.346300,1
2023-01-04,sh.688589,35.2007216400,35.7459996000,35.0088645800,35.2916013000,1363975,47812054.0000,2.406800,1
2023-01-05,sh.688589,35.1502329400,35.9277589200,35.0290600600,35.8469770000,1271088,44830181.5300,2.242900,1
2023-01-06,sh.688589,35.6753154200,37.3212470400,35.5541425400,36.7557736000,1978455,71908948.8700,3.491100,1
2023-01-09,sh.688589,36.7658713400,37.9675024000,36.5841120200,37.0082171000,1777226,65439541.4900,3.136000,1
2023-01-10,sh.688589,37.0385103200,38.7551261200,37.0284125800,38.1391639800,2391484,90058149.1500,4.219900,1
2023-01-11,sh.688589,37.7554498600,38.6339532400,37.1596832000,37.1596832000,2135441,80117809.8900,3.768100,1
2023-01-12,sh.688589,37.4424199200,38.3613142600,37.0385103200,37.4929086200,1319118,49036242.3900,2.327700,1
2023-01-13,sh.688589,36.7961645600,37.8463295200,36.2508866000,36.4831346200,2302339,83670616.6300,4.062600,1
2023-01-16,sh.688589,36.6043075000,38.1593594600,36.6043075000,37.6443747200,2584609,96413569.1400,4.560700,1
2023-01-17,sh.688589,37.5433973200,38.7046374200,37.5433973200,37.8766227400,2100760,79340173.9000,3.706900,1
2023-01-18,sh.688589,38.3512165200,38.3512165200,37.3111493000,37.5232018400,1487111,55482185.5700,2.624100,1
2023-01-19,sh.688589,37.3818334800,38.5531713200,37.2404651200,38.4622916600,1847421,69758886.1100,3.259900,1
2023-01-20,sh.688589,38.5430735800,38.5834645400,37.8059385600,37.9069159600,1963187,73919983.5300,3.464200,1
2023-01-30,sh.688589,38.3613142600,38.5531713200,37.8665250000,38.0684798000,2127956,80266736.6900,3.754900,1
2023-01-31,sh.688589,37.9776001400,38.6642464600,37.4626154000,37.6746679400,1336447,49890655.0900,2.358200,1
2023-02-01,sh.688589,37.8564272600,38.6339532400,37.7251566400,38.6339532400,2276564,86200230.2100,4.017100,1
2023-02-02,sh.688589,38.5733668000,39.7548023800,38.2502391200,39.1590357200,2237272,86634763.7000,3.947800,1
2023-02-03,sh.688589,39.0782538000,39.6437272400,38.6238555000,39.1287425000,1881344,72821657.9500,3.319700,1
2023-02-06,sh.688589,39.1085470200,39.4215769600,38.1593594600,38.4521939200,1722443,65903181.0000,3.039300,1
2023-02-07,sh.688589,38.1795549400,38.7753216000,37.8665250000,38.6036600200,1340025,51111435.6900,2.364600,1
2023-02-08,sh.688589,38.8662012600,39.1287425000,37.8362317800,37.9170137000,1727061,65502600.5000,3.047500,1
2023-02-09,sh.688589,37.7251566400,40.0274413600,37.3818334800,39.8860730000,3598264,139314284.6700,6.349300,1
2023-02-10,sh.688589,39.7346069000,40.2798848600,38.9671786600,39.3912837400,2144914,83994142.8000,3.784800,1
2023-02-13,sh.688589,39.4316747000,40.8756515200,39.1994266800,40.5929148000,3143853,124768361.7100,5.547500,1
2023-02-14,sh.688589,40.4414487000,43.5313571400,40.4414487000,43.0163724000,5621166,234984803.7200,9.918900,1
2023-02-15,sh.688589,42.7336356800,44.9147475200,42.5215831400,43.8342893400,4405511,191586723.9300,7.773800,1
2023-02-16,sh.688589,43.6323345400,45.6215893200,42.6225605400,42.7336356800,5033455,220683470.0800,8.881800,1
2023-02-17,sh.688589,43.0163724000,43.0668611000,40.9766289200,41.4108317400,3196625,131975717.4800,5.640600,1
2023-02-20,sh.688589,41.4108317400,41.7844481200,40.8958470000,41.6329820200,1860279,76236845.6800,3.282600,1
2023-02-21,sh.688589,41.7541549000,42.0267938800,40.3909600000,40.9261402200,1799627,73187531.5800,3.175500,1
2023-02-22,sh.688589,40.5626215800,41.2997566000,40.4212532200,40.8453583000,964026,38948478.9500,1.701100,1
2023-02-23,sh.688589,40.8251628200,41.5824933200,40.5525238400,40.8655537800,1374871,55832780.2400,2.426000,1
2023-02-24,sh.688589,40.9059447400,41.8854255200,40.4717419200,40.5222306200,1571772,64098712.3600,2.773500,1
2023-02-27,sh.688589,40.5323283600,40.8150650800,39.5831408000,40.0072458800,1552038,61666415.6800,2.738700,1
2023-02-28,sh.688589,40.3909600000,41.0675085800,39.6841182000,40.3606667800,1118699,44702266.7000,1.974000,1
2023-03-01,sh.688589,40.2394939000,40.6938922000,39.9264639600,40.5121328800,1796025,71822784.6200,3.169200,1
2023-03-02,sh.688589,40.2697871200,40.9766289200,39.6942159400,40.5626215800,2276478,90897901.8500,4.017000,1
2023-03-03,sh.688589,40.9968244000,42.3802147800,40.8958470000,42.2691396400,3442353,142068668.0200,6.074200,1
2023-03-06,sh.688589,42.5114854000,42.5114854000,40.6736967200,41.4007340000,1995765,81656193.8000,3.521600,1
2023-03-07,sh.688589,41.2795611200,41.6026888000,39.1792312000,39.1792312000,2126136,84904641.8600,3.751700,1
2023-03-08,sh.688589,39.2802086000,40.3909600000,38.8964944800,40.3505690400,1602186,63455555.8500,2.827100,1
2023-03-09,sh.688589,39.9870504000,41.8955232600,39.9870504000,41.6531775000,2360312,96257784.2300,4.164900,1
2023-03-10,sh.688589,41.1482905000,41.8046436000,40.4616441800,40.9362379600,1735135,70692571.8100,3.061700,1
2023-03-13,sh.688589,40.7039899400,41.1987792000,39.4215769600,40.3303735600,1886514,74770754.6200,3.328900,1
2023-03-14,sh.688589,41.2593656400,42.9153950000,40.2092006800,42.5821695800,3583519,148480270.6100,6.323300,1
2023-03-15,sh.688589,42.3095306000,43.1981317200,41.9359142200,42.6124628000,2410371,101336602.3500,4.253200,1
2023-03-16,sh.688589,42.2388464200,43.0163724000,41.0271176200,41.4007340000,2146625,89186501.6500,3.787800,1
2023-03-17,sh.688589,41.5522001000,43.0567633600,41.5522001000,42.8144176000,2068989,86830072.7200,3.650800,1
2023-03-20,sh.688589,42.9658837000,43.1981317200,42.1075758000,42.5518763600,2146292,90690196.4400,3.787300,1
2023-03-21,sh.688589,42.4508989600,42.8447108200,41.9561097000,42.6831469800,1896517,79586645.0100,3.346500,1
2023-03-22,sh.688589,42.7942221200,42.9759814400,42.0469893600,42.6124628000,1705909,71877349.6800,3.010200,1
2023-03-23,sh.688589,42.1984554600,45.4398300000,41.7137639400,44.3391763400,4248901,181926478.0100,7.497400,1
2023-03-24,sh.688589,43.9049735200,44.3997627800,42.7033424600,43.2688159000,2992959,128676048.3200,5.281200,1
2023-03-27,sh.688589,43.4202820000,44.0059509200,41.9056210000,42.5417786200,2356547,100339258.9600,4.158300,1
2023-03-28,sh.688589,42.4105080000,42.9557859600,41.6531775000,41.6531775000,1823983,76279446.8900,3.218500,1
2023-03-29,sh.688589,41.4714181800,42.7639289000,41.0675085800,42.0065984000,2065895,85896298.1200,3.645400,1
2023-03-30,sh.688589,41.9056210000,43.3899887800,41.7642526400,42.6528537600,2582827,108930982.0200,4.557500,1
2023-03-31,sh.688589,42.2287486800,42.8144176000,41.8551323000,42.7336356800,1846418,77471917.1200,3.258100,1
2023-04-03,sh.688589,43.0365678800,43.7131164600,42.5013876600,43.5515526200,2545338,109017438.6200,4.491400,1
2023-04-04,sh.688589,43.5313571400,45.1167023200,43.0870565800,43.8645825600,4503342,196862550.4900,7.946400,1
2023-04-06,sh.688589,43.6020413200,46.5909723600,43.3495978200,45.0662136200,5145739,231761347.4500,9.080000,1
2023-04-07,sh.688589,45.7427622000,45.9245215200,44.4805447000,45.5105141800,3172583,141838099.5000,5.598200,1
2023-04-10,sh.688589,45.3186571200,45.9245215200,44.2785899000,44.3189808600,3057469,136209900.4600,5.395100,1
2023-04-11,sh.688589,44.7228904600,47.0352729200,44.7228904600,46.3082356400,4482059,203946028.7600,7.908900,1
2023-04-12,sh.688589,46.7020475000,53.0131350000,45.9548147400,52.2457067600,7011833,342860258.5500,12.372800,1
2023-04-13,sh.688589,51.0945644000,52.3163909400,49.1759938000,49.4183395600,5570183,279476091.4800,9.828900,1
2023-04-14,sh.688589,50.0746926600,55.3255174600,48.0854378800,54.2753525000,7033406,359334845.2300,12.410800,1
2023-04-17,sh.688589,53.5079242600,54.1844728400,51.5590604400,53.5483152200,4698815,246565672.5800,8.291300,1
2023-04-18,sh.688589,54.4571118200,54.4571118200,49.4890237400,50.5896774000,5116291,260667228.6000,9.028000,1
2023-04-19,sh.688589,49.9939107400,52.6900073200,49.9838130000,50.5997751400,3866290,195243168.7000,6.822300,1
2023-04-20,sh.688589,50.2059632800,52.5082480000,50.0645949200,50.5896774000,3561596,180152214.0400,6.284600,1
2023-04-21,sh.688589,50.6300683600,51.8014062000,46.7323407200,46.7626339400,5495258,266084642.3400,9.696700,1
2023-04-24,sh.688589,46.5909723600,47.9541672600,46.4496040000,47.0857616200,2817175,131312749.6300,4.971100,1
2023-04-25,sh.688589,47.0857616200,47.1564458000,44.1271238000,44.3593718200,4062079,181256946.3700,7.167800,1
2023-04-26,sh.688589,44.7834769000,45.8942283000,44.1877102400,44.6320108000,2729602,121641638.9600,4.816500,1
2023-04-27,sh.688589,44.1069283200,45.6215893200,43.6525300200,44.0160486600,2147773,94820169.0900,3.789900,1
2023-04-28,sh.688589,43.6809129900,45.6105510900,43.6809129900,45.4785232200,2188469,97010848.4900,3.861700,1
2023-05-04,sh.688589,44.7269799600,45.1433755500,42.0051746400,42.7160939400,3480612,148351036.1200,6.141700,1
2023-05-05,sh.688589,42.8074978500,43.5285731400,42.0965785500,42.8582778000,1685198,71056444.8200,2.973600,1
2023-05-08,sh.688589,42.7364059200,43.0613976000,42.1270465200,42.3098543400,1851731,77397862.0000,3.267500,1
2023-05-09,sh.688589,42.2184504300,42.7567179000,40.8169238100,40.8169238100,2285721,93906634.9100,4.033300,1
2023-05-10,sh.688589,40.6239600000,41.1825394500,39.7708568400,40.9794196500,2155054,85869179.5800,3.802700,1
2023-05-11,sh.688589,41.3551912800,41.9137707300,40.7966118300,41.2130074200,1594210,64764343.3100,2.813100,1
2023-05-12,sh.688589,41.5989350400,42.2692303800,40.3599042600,40.6138040100,1596410,64737550.9300,2.817000,1
2023-05-15,sh.688589,40.9083277200,41.8020548400,40.1669404500,41.4161272200,1248890,50656012.1100,2.203700,1
2023-05-16,sh.688589,41.4465951900,42.5332861200,40.8270798000,42.1981384500,1962700,80990780.1500,3.463300,1
2023-05-17,sh.688589,41.8325228100,43.4473252200,41.7715868700,43.3863892800,2326213,98238695.9700,4.104700,1
2023-05-18,sh.688589,43.6707570000,43.7418489300,42.8785897800,43.0410856200,2160643,92234018.2300,3.812600,1
2023-05-19,sh.688589,43.3965452700,45.0418156500,42.8989017600,44.6152640700,2514658,109146489.0300,4.437300,1
2023-05-22,sh.688589,45.1433755500,45.5496151500,44.0871525900,44.5847961000,1931522,85001463.2600,3.408300,1
2023-05-23,sh.688589,44.0769966000,44.5340161500,43.4676372000,43.4777931900,1425957,61549604.7700,2.516200,1
2023-05-24,sh.688589,43.3356093300,44.8386958500,43.0207736400,44.2699604100,1851190,80401472.3200,3.266500,1
2023-05-25,sh.688589,44.2699604100,45.1027515900,43.2949853700,44.1684005100,1551472,67332534.2300,2.737700,1
2023-05-26,sh.688589,44.2293364500,45.6207070800,44.0871525900,45.2957154000,2048575,90825596.7500,3.614800,1
2023-05-29,sh.688589,45.5394591600,45.9964787100,44.3512083300,44.7168239700,2074814,91849764.9300,3.661100,1
2023-05-30,sh.688589,44.9910357000,45.0113476800,43.5691971000,44.5644841200,2120224,92253329.4200,3.741300,1
2023-05-31,sh.688589,44.6863560000,44.9707237200,43.7926288800,44.4629242200,1866272,81491431.0000,3.293100,1
2023-06-01,sh.688589,44.1785565000,44.6457320400,43.5691971000,44.1988684800,1230901,53546724.1200,2.172000,1
2023-06-02,sh.688589,44.1988684800,45.5089911900,43.9145007600,44.9199437700,1969747,87122087.6500,3.475700,1
2023-06-05,sh.688589,45.0113476800,46.1995985100,44.9097877800,45.3566513400,2415064,108418265.6600,4.261500,1
2023-06-06,sh.688589,45.4683672300,45.6003951000,43.6809129900,43.7012249700,1888893,82649722.9500,3.333100,1
2023-06-07,sh.688589,43.9145007600,44.9199437700,43.4168572500,44.5137041700,1091622,47631235.1200,1.926200,1
2023-06-08,sh.688589,44.2090244700,44.6863560000,42.7262499300,42.7770298800,1543174,65844389.5000,2.723000,1
2023-06-09,sh.688589,43.1528015100,43.2848293800,41.7411189000,42.7871858700,1878478,78240478.9100,3.314700,1
2023-06-12,sh.688589,42.8074978500,44.1785565000,42.3606342900,43.0512416100,1910391,81886926.3100,3.371000,1
2023-06-13,sh.688589,43.2645174000,44.8793198100,42.7262499300,44.8285398600,1990393,86394923.9300,3.512200,1
2023-06-14,sh.688589,45.1941555000,45.1941555000,44.1277765500,44.7371359500,1501063,65883883.0000,2.648700,1
2023-06-15,sh.688589,44.7472919400,44.9707237200,44.1785565000,44.6660440200,1521750,66715298.5800,2.685200,1
2023-06-16,sh.688589,44.4832362000,45.0925956000,44.0059046700,44.5441721400,1516648,66280338.3900,2.676200,1
2023-06-19,sh.688589,44.9402557500,45.9863227200,44.4019882800,45.7527349500,3056206,136706627.3800,5.392900,1
2023-06-20,sh.688589,45.7527349500,45.9660107400,44.9910357000,45.2754034200,1852762,82733152.1000,3.269300,1
2023-06-21,sh.688589,45.2754034200,45.3972753000,43.5082611600,43.7621609100,1658420,72057444.5400,2.926400,1
2023-06-26,sh.688589,43.7012249700,44.0668406100,42.0661105800,42.6450020100,1910536,80654445.2500,3.371300,1
2023-06-27,sh.688589,42.6450020100,42.8887457700,42.0661105800,42.7973418600,1895199,79426839.2500,3.344200,1
2023-06-28,sh.688589,41.3450352900,41.5887790500,39.8825727300,40.4614641600,2865225,114328370.1400,5.055900,1
2023-06-29,sh.688589,40.1161605000,41.5786230600,40.0349125800,41.1419154900,1767224,71500547.4800,3.118400,1
2023-06-30,sh.688589,40.9794196500,41.8833027600,40.5224001000,41.3755032600,1540669,62687000.0100,2.718600,1
2023-07-03,sh.688589,41.3450352900,42.4926621600,41.0505115800,41.8426788000,1555349,63796309.2800,2.744500,1
2023-07-04,sh.688589,41.8426788000,43.4067012600,41.2434753900,43.0715535900,2249874,94223714.5100,3.970000,1
2023-07-05,sh.688589,43.0410856200,44.4832362000,42.6551580000,43.1121775500,1640791,70537903.2000,2.895300,1
2023-07-06,sh.688589,43.0817095800,43.8941887800,42.6653139900,43.2442054200,808092,34443401.1400,1.425900,1
2023-07-07,sh.688589,43.0309296300,43.5895090800,41.9848626600,42.4012582500,1000762,41848944.2500,1.765900,1
2023-07-10,sh.688589,42.4012582500,43.0613976000,41.8528347900,42.2286064200,853763,35438959.0000,1.506500,1
2023-07-11,sh.688589,43.9754367000,45.6003951000,43.9551247200,45.0011916900,6253056,275187352.2600,11.033900,1
2023-07-12,sh.688589,45.0215036700,46.3620943500,44.7777599100,45.0722836200,5199149,233341821.1100,9.174200,1
2023-07-13,sh.688589,45.1941555000,47.3066014200,44.8691638200,46.6261500900,5066545,231457035.7300,8.940200,1
2023-07-14,sh.688589,46.3113144000,47.0933256300,46.0269466800,46.3316263800,2653374,121443843.3600,4.682000,1
2023-07-17,sh.688589,45.8746068300,46.6464620700,45.7222669800,45.8847628200,2272925,103014964.0200,4.010700,1
2023-07-18,sh.688589,46.1081946000,47.3980053300,45.7730469300,46.5245901900,3416372,157204780.7000,6.028400,1
2023-07-19,sh.688589,46.6058381100,47.1847295400,45.7527349500,46.7683339500,2683847,123029005.7500,4.735800,1
2023-07-20,sh.688589,46.6363060800,46.6566180600,44.0363726400,44.2394924400,3639094,160977021.1400,6.421400,1
2023-07-21,sh.688589,44.2699604100,45.1941555000,43.2645174000,43.3762332900,2048390,89244930.3100,3.614500,1
2023-07-24,sh.688589,43.0512416100,43.5590411100,41.2942553400,41.9036147400,2480691,103169455.5400,2.475900,1
2023-07-25,sh.688589,42.1473585000,42.7668738900,41.7411189000,42.5434421100,1882084,78378417.1000,1.878400,1
2023-07-26,sh.688589,42.4520382000,42.4520382000,41.2942553400,41.4059712300,1716459,70202944.0200,1.713100,1
2023-07-27,sh.688589,41.5176871200,41.7309629100,40.8270798000,40.8880157400,1453798,58825190.2300,1.451000,1
2023-07-28,sh.688589,40.7255199000,41.8426788000,40.0653805500,41.3348793000,2159123,86942079.9500,2.154900,1
2023-07-31,sh.688589,41.3450352900,42.1270465200,40.8473917800,41.8426788000,1750079,71871677.8700,1.746700,1
2023-08-01,sh.688589,41.4669071700,42.1473585000,41.0505115800,41.5278431100,2297457,93974240.7100,2.293000,1
2023-08-02,sh.688589,41.0809795500,41.8122108300,40.8677037600,41.7004949400,1283501,52332322.8000,1.281000,1
2023-08-03,sh.688589,41.1723834600,41.7004949400,41.1723834600,41.4567511800,1209764,49307939.1400,1.207400,1
2023-08-04,sh.688589,41.5176871200,42.0457986000,41.3755032600,42.0356426100,1521027,62537247.2500,1.518100,1
2023-08-07,sh.688589,41.6395590000,42.0762665700,40.9387956900,41.2333194000,1756146,71743438.6000,1.752700,1
2023-08-08,sh.688589,40.9794196500,41.7918988500,40.9794196500,41.6395590000,1294712,52918251.4900,1.292200,1
2023-08-09,sh.688589,41.4669071700,41.4669071700,40.5020881200,40.9489516800,1660053,66742210.0800,1.656800,1
2023-08-10,sh.688589,41.2130074200,41.2840993500,40.7153639100,41.1317595000,933044,37772553.8700,0.931200,1
2023-08-11,sh.688589,41.1317595000,41.1317595000,39.9942886200,39.9942886200,1318722,52594201.1000,1.316200,1
2023-08-14,sh.688589,39.6083610000,40.2177204000,39.2325893700,39.8724167400,1317629,51490755.9600,1.315100,1
2023-08-15,sh.688589,39.8724167400,40.1974084200,39.1208734800,39.4357091700,964088,37506925.0000,0.962200,1
2023-08-16,sh.688589,39.2122773900,39.7403888700,38.4912021000,38.5318260600,1364529,52374729.9500,1.361900,1
2023-08-17,sh.688589,38.3896422000,39.7810128300,38.1763664100,39.5271130800,1062640,40948938.8000,1.060600,1
2023-08-18,sh.688589,39.5271130800,40.5224001000,39.4560211500,39.4560211500,1218378,47987922.2800,1.216000,1
2023-08-21,sh.688589,39.1716534300,40.8270798000,39.1716534300,39.8114808000,1591159,63078081.2300,1.588100,1
2023-08-22,sh.688589,40.0146006000,40.6848959400,39.0193135800,40.1263164900,1978727,77906276.5600,1.974900,1
2023-08-23,sh.688589,39.9638206500,40.1060045100,39.2021214000,39.4763331300,1089345,42482291.7800,1.087200,1
2023-08-24,sh.688589,39.3036813000,39.7403888700,38.3794862100,38.9583776400,1713227,65935874.3800,1.709900,1
2023-08-25,sh.688589,38.3896422000,38.9583776400,36.1248564300,36.6631239000,2517462,91645577.1700,2.512600,1
2023-08-28,sh.688589,40.5020881200,40.5020881200,36.3381322200,36.4803160800,2466581,91722290.0100,2.461800,1
2023-08-29,sh.688589,36.3584442000,39.5271130800,36.2670402900,39.1919654100,2485300,93448652.7100,2.480500,1
2023-08-30,sh.688589,39.4864891200,41.4364392000,39.3036813000,40.7052079200,2779448,111028031.4100,2.774000,1
2023-08-31,sh.688589,40.8067678200,41.3348793000,40.3497482700,40.9286397000,2248527,90625864.8500,2.244200,1
2023-09-01,sh.688589,41.0911355400,41.3958152400,40.4309961900,40.7052079200,1488421,59880379.5900,1.485500,1
2023-09-04,sh.688589,41.1012915300,41.1012915300,40.1364724800,41.0200436100,1668417,66579205.9700,1.665200,1
2023-09-05,sh.688589,41.0301996000,41.7512748900,40.7356758900,41.3044113300,1902592,77561481.5300,1.898900,1
2023-09-06,sh.688589,40.8270798000,42.2286064200,40.8169238100,42.0457986000,2069299,85204105.3200,2.065300,1
2023-09-07,sh.688589,42.1676704800,42.1676704800,40.8270798000,40.9692636600,1574396,63963580.8600,1.571300,1
2023-09-08,sh.688589,41.1216035100,41.8629907800,40.6341159900,41.6598709800,1620500,66280078.6100,1.617300,1
2023-09-11,sh.688589,42.0051746400,42.3504783000,41.4364392000,42.0457986000,1642466,67949452.2000,1.639300,1
2023-09-12,sh.688589,41.8833027600,42.1372025100,41.1419154900,41.6801829600,1119502,45808876.7600,1.117300,1
2023-09-13,sh.688589,41.3145673200,41.6395590000,40.2786563400,40.7864558400,1365785,54930957.8700,1.363100,1
2023-09-14,sh.688589,40.8270798000,40.8778597500,39.7403888700,40.0247565900,974691,38528714.1800,0.972800,1
2023-09-15,sh.688589,40.3903722300,41.3856592500,39.5068011000,40.4817761400,1170109,46510270.7100,1.167800,1
2023-09-18,sh.688589,40.1364724800,40.3395922800,39.2935253100,39.3849292200,1422631,55609577.5600,1.419900,1
2023-09-19,sh.688589,39.3747732300,39.4458651600,38.3693302200,38.8161937800,1089805,41720315.3400,1.087700,1
2023-09-20,sh.688589,38.8060377900,39.1919654100,38.0849625000,38.2169903700,933510,35372604.1800,0.931700,1
2023-09-21,sh.688589,38.1052744800,38.5216700700,37.8615307200,37.9123106700,849536,31872902.0600,0.847900,1
2023-09-22,sh.688589,37.5670070100,39.6489849600,37.5670070100,39.5778930300,1440415,55061503.4200,1.432200,1
2023-09-25,sh.688589,39.7607008500,39.8013248100,38.8872857100,39.0497815500,944349,36450289.9900,0.939000,1
2023-09-26,sh.688589,39.4661771400,39.7810128300,38.7349458600,38.9990016000,1159405,44791778.0900,1.152800,1
2023-09-27,sh.688589,38.8974417000,39.7810128300,38.7247898700,38.9990016000,1076966,41570870.4100,1.070900,1
2023-09-28,sh.688589,38.9888456100,40.4919321300,38.9888456100,40.0247565900,1354116,53145319.6500,1.346400,1
2023-10-09,sh.688589,40.0755365400,40.3903722300,39.5169570900,40.0247565900,1379385,54190848.5200,1.371600,1
2023-10-10,sh.688589,40.0247565900,40.2685003500,39.6896089200,40.0146006000,944224,37195423.6400,0.938900,1
2023-10-11,sh.688589,40.0349125800,41.2333194000,40.0349125800,40.8778597500,1662953,66721788.6500,1.653500,1
2023-10-12,sh.688589,42.0457986000,42.3301663200,41.3348793000,42.0457986000,2876507,118684384.9800,2.860200,1
2023-10-13,sh.688589,42.0457986000,42.5332861200,41.7309629100,41.9543946900,1990938,82440133.6100,1.979600,1
2023-10-16,sh.688589,42.1981384500,42.1981384500,40.3192803000,40.6036480200,1951129,78529810.8200,1.940100,1
2023-10-17,sh.688589,40.9591076700,40.9591076700,39.7099209000,40.6138040100,1526406,60565736.9200,1.517700,1
2023-10-18,sh.688589,40.4614641600,40.5224001000,39.2529013500,39.4966451100,1260235,49158230.3000,1.253100,1
2023-10-19,sh.688589,39.1310294700,41.2434753900,39.1310294700,40.1161605000,2012155,80313662.1200,2.000700,1
2023-10-20,sh.688589,39.8521047600,40.6036480200,38.4912021000,38.6232299700,1491354,57516648.2400,1.482900,1
2023-10-23,sh.688589,38.6232299700,38.6943219000,36.8357757300,37.3131072600,1557432,57612881.8600,1.548600,1
2023-10-24,sh.688589,38.0849625000,40.0044446100,38.0849625000,39.8622607500,3531931,136704401.3300,3.511900,1
2023-10-25,sh.688589,40.0958485200,40.0958485200,38.7755698200,39.4153971900,2535418,97881664.3300,2.521000,1
2023-10-26,sh.688589,39.2224333800,39.8724167400,38.7755698200,39.7911688200,1807526,70060459.1700,1.797300,1
2023-10-27,sh.688589,39.5575810500,41.1520714800,38.9990016000,40.9286397000,2308308,91500409.3400,2.295200,1
2023-10-30,sh.688589,40.6239600000,42.1778264700,40.3802162400,41.9036147400,2527603,103482265.0600,2.513300,1
2023-10-31,sh.688589,42.0457986000,42.4215702300,41.4059712300,41.6395590000,2153102,88840065.8000,2.140900,1
2023-11-01,sh.688589,41.6598709800,42.6653139900,41.4669071700,42.0661105800,2088974,86687117.3300,2.077100,1
2023-11-02,sh.688589,42.0356426100,42.3403223100,40.8270798000,40.9083277200,1709667,69634087.5100,1.700000,1
2023-11-03,sh.688589,41.0809795500,42.5637540900,40.7762998500,42.3809462700,1973997,81722008.7500,1.962800,1
2023-11-06,sh.688589,42.6043780500,43.5488851200,42.5739100800,43.2543614100,2254749,95580075.9400,2.242000,1
2023-11-07,sh.688589,43.1223335400,43.5184171500,42.7160939400,43.1121775500,1285137,54619334.7800,1.277800,1
2023-11-08,sh.688589,43.1121775500,43.2543614100,42.5535981000,42.9192137400,1558904,65800366.0700,1.550100,1
2023-11-09,sh.688589,42.8582778000,43.4371692300,42.4621941900,42.5434421100,1354998,57245048.2800,1.347300,1
2023-11-10,sh.688589,42.5434421100,43.3457653200,42.2489184000,42.6145340400,1094874,46088172.8500,1.088700,1
2023-11-13,sh.688589,42.9496817100,43.2543614100,42.5637540900,43.0106176500,1373978,57977129.2600,1.366200,1
2023-11-14,sh.688589,42.9598377000,43.8840327900,42.7364059200,43.5285731400,1774671,75981074.5500,1.764600,1
2023-11-15,sh.688589,43.6809129900,44.1277765500,43.0613976000,43.2645174000,1415673,60603939.3800,1.407600,1
2023-11-16,sh.688589,43.2645174000,43.5184171500,42.4114142400,42.4926621600,1503067,63456579.4700,1.494500,1
2023-11-17,sh.688589,42.4012582500,43.3356093300,42.4012582500,43.0613976000,1638797,69373533.3100,1.629500,1
2023-11-20,sh.688589,43.3660773000,43.3965452700,42.5129741400,43.0512416100,1372925,58049249.9800,1.365100,1
2023-11-21,sh.688589,42.9699936900,43.2543614100,42.0051746400,42.0356426100,1731348,72385358.7800,1.721500,1
2023-11-22,sh.688589,42.0153306300,42.2996983500,40.7864558400,40.9184837100,1642915,66955643.2300,1.633600,1
2023-11-23,sh.688589,40.9692636600,41.5887790500,40.5528680700,41.4364392000,1190128,48171348.6500,1.183400,1
2023-11-24,sh.688589,41.5176871200,41.5684670700,39.6083610000,40.2481883700,1485552,59089550.9100,1.477100,1
2023-11-27,sh.688589,40.2278763900,41.2333194000,39.7099209000,40.9591076700,1647966,66371340.2300,1.638600,1
2023-11-28,sh.688589,40.9591076700,41.9747066700,40.8473917800,41.4669071700,1366775,55861901.2500,1.359000,1
2023-11-29,sh.688589,41.4669071700,42.4520382000,41.4669071700,41.7411189000,1506696,62410784.0400,1.498100,1
2023-11-30,sh.688589,41.5887790500,41.7411189000,40.3700602500,41.0098876200,1329873,53712065.2600,1.322300,1
2023-12-01,sh.688589,40.9083277200,41.1825394500,40.1161605000,40.9286397000,1513332,60553780.8400,1.504700,1
2023-12-04,sh.688589,40.9286397000,41.3348793000,40.5731800500,40.7661438600,1098518,44271414.8600,1.092300,1
2023-12-05,sh.688589,40.7255199000,40.7356758900,39.6388289700,39.6388289700,1200982,47391083.1800,1.194200,1
2023-12-06,sh.688589,39.6388289700,40.2481883700,39.3341492700,39.5575810500,1099060,42936581.2600,1.092800,1
2023-12-07,sh.688589,39.7607008500,39.8825727300,39.2325893700,39.5068011000,876537,34148958.7700,0.871600,1
2023-12-08,sh.688589,39.6997649100,40.2481883700,39.2630573400,39.9333526800,1053807,41430863.9500,1.047800,1
2023-12-11,sh.688589,39.5271130800,40.7255199000,39.5271130800,40.7255199000,1463594,57953056.0000,1.455300,1
2023-12-12,sh.688589,40.6442719800,40.9997316300,40.4208402000,40.7559878700,1073582,43054587.6400,1.067500,1
2023-12-13,sh.688589,40.6747399500,40.9083277200,40.3294362900,40.5325560900,986721,39507940.2000,0.981100,1
2023-12-14,sh.688589,40.6442719800,42.0965785500,40.5528680700,41.0505115800,2242471,91178547.9700,2.229700,1
2023-12-15,sh.688589,41.5887790500,41.5887790500,40.7966118300,40.9286397000,1241133,50188288.4300,1.234100,1
2023-12-18,sh.688589,40.7153639100,40.7255199000,39.6286729800,39.8419487700,1644406,64858468.8200,1.635100,1
2023-12-19,sh.688589,39.6083610000,40.2786563400,39.3341492700,39.9536646600,994052,38905209.5100,0.988400,1
2023-12-20,sh.688589,39.9739766400,40.0349125800,39.1005615000,39.2224333800,1008280,39196711.1700,1.002600,1
2023-12-21,sh.688589,38.9990016000,39.7403888700,38.2677703200,39.2325893700,1336137,51233794.2500,1.328600,1
2023-12-22,sh.688589,39.4052412000,39.5778930300,38.5724500200,38.8161937800,999152,38311327.9900,0.993500,1
2023-12-25,sh.688589,38.6130739800,39.3036813000,38.3896422000,38.5724500200,850584,32478369.4300,0.845800,1
2023-12-26,sh.688589,38.5826060100,38.5826060100,37.3131072600,37.7091908700,1314104,48693892.4300,1.306600,1
2023-12-27,sh.688589,37.7091908700,38.4404221500,37.6177869600,38.0037145800,882606,33145439.5700,0.877600,1
2023-12-28,sh.688589,37.9224666600,39.5575810500,37.7599708200,39.3341492700,1764436,67678539.8300,1.754400,1
2023-12-29,sh.688589,39.4864891200,40.6036480200,39.0193135800,40.5325560900,1546856,61177080.9000,1.538100,1
2024-01-02,sh.688589,40.5122441100,41.1114475200,40.3192803000,40.7762998500,1876948,75401797.9500,1.866300,1
2024-01-03,sh.688589,40.5020881200,40.7762998500,39.6185169900,39.9841326300,1643705,64699033.3100,1.634400,1
2024-01-04,sh.688589,39.9231966900,39.9333526800,39.3138372900,39.6591409500,947264,36983221.4800,0.941900,1
2024-01-05,sh.688589,39.6896089200,40.0856925300,38.4810461100,38.7857258100,970491,37501917.6000,0.965000,1
2024-01-08,sh.688589,38.7857258100,38.7857258100,37.6888788900,37.8209067600,1075280,40368236.8200,1.069200,1
2024-01-09,sh.688589,38.0544945300,38.1865224000,36.5209400400,36.9068676600,1526205,56015456.1300,1.517500,1
2024-01-10,sh.688589,36.7545278100,37.2623273100,36.0639204900,36.4701600900,1199866,43202986.4300,1.193100,1
2024-01-11,sh.688589,36.7342158300,37.5162270600,36.0639204900,37.3232632500,1040528,38022277.1600,1.034600,1
2024-01-12,sh.688589,37.0693635000,37.7904387900,36.9982715700,37.0592075100,766504,28195180.6900,0.762200,1
2024-01-15,sh.688589,36.7951517700,37.6787229000,36.4600041000,37.0896754800,1043206,38066871.0900,1.037300,1
2024-01-16,sh.688589,36.9576476100,37.0896754800,35.8506447000,36.4904720700,1314854,47101138.6000,1.307400,1
2024-01-17,sh.688589,36.5107840500,36.8459317200,35.7287728200,35.8100207400,1149815,41199174.3100,1.143300,1
2024-01-18,sh.688589,35.6983048500,36.3787561800,34.2358422900,35.4951850500,1622896,56099797.4100,1.613700,1
2024-01-19,sh.688589,35.4850290600,35.7693967800,34.5608339700,34.9162936200,1235680,42694868.8200,1.228700,1
2024-01-22,sh.688589,34.8350457000,35.3022212400,31.4835690000,31.8288726600,2083411,67899085.6600,2.071600,1
2024-01-23,sh.688589,31.4937249900,32.4890120100,31.3616971200,31.9812125100,1721389,53997137.3100,1.711600,1
2024-01-24,sh.688589,32.0929284000,32.3265161700,30.5695299000,32.1741763200,1959170,60737725.5800,1.948100,1
2024-01-25,sh.688589,32.2452682500,33.4030511100,31.2296692500,33.3624271500,1738397,55795303.1400,1.728500,1
2024-01-26,sh.688589,33.2608672500,33.3928951200,32.0827724100,32.2148002800,1458990,46919534.5900,1.450700,1
2024-01-29,sh.688589,32.4991680000,33.0983714100,30.9859254900,31.0570174200,1796288,56280535.3300,1.786100,1
2024-01-30,sh.688589,30.8335856400,31.0773294000,29.9195465400,29.9195465400,1469627,44147610.5300,1.461300,1
2024-01-31,sh.688589,29.7976746600,30.0414184200,28.6094238300,28.6500477900,1886897,54026089.3700,1.876200,1
2024-02-01,sh.688589,28.5281759100,29.3203431300,27.6039808200,28.3149001200,2052533,57523821.5700,2.040900,1
2024-02-02,sh.688589,28.3149001200,28.5484878900,25.0954512900,26.4258859800,3552219,93545918.5700,3.532100,1
2024-02-05,sh.688589,25.8977745000,26.1922982100,22.5767657700,23.3689329900,3405550,80167844.2200,3.386200,1
2024-02-06,sh.688589,22.7291056200,25.3391950500,21.6322587000,24.8720195100,4034627,93557050.9300,4.011700,1
2024-02-07,sh.688589,25.1970111900,25.8266825700,23.9782923900,24.4962478800,3071342,75999763.8900,3.053900,1
2024-02-08,sh.688589,24.4860918900,29.3914350600,24.4759359000,29.3914350600,4644534,124809869.4200,4.618200,1
2024-02-19,sh.688589,29.9297025300,31.6866888000,29.4015910500,30.1632903000,4268090,127496272.0200,4.243900,1
2024-02-20,sh.688589,29.7062707500,29.8992345600,28.6500477900,29.6250228300,3215918,92305511.7500,3.197700,1
2024-02-21,sh.688589,29.2695631800,30.7624937100,28.7516076900,29.6656467900,2668776,78611739.4300,2.653600,1
2024-02-22,sh.688589,29.4625269900,30.4984379700,29.4523710000,30.4375020300,2578677,76464613.7700,2.564000,1
2024-02-23,sh.688589,30.6304658400,31.6866888000,30.1531343100,31.6257528600,3037293,92751657.2400,3.020000,1
2024-02-26,sh.688589,31.5648169200,32.6616638400,30.9249895500,31.5038809800,3249267,100997873.6600,3.230800,1
2024-02-27,sh.688589,31.4023210800,33.0171234900,30.9757695000,33.0069675000,3183401,101047963.0200,3.165300,1
2024-02-28,sh.688589,32.9155635900,33.7381987800,29.4523710000,29.9601705000,4626954,145962920.1100,4.600700,1
2024-02-29,sh.688589,29.5539309000,32.0319924600,29.5539309000,32.0319924600,3137819,96326559.5500,3.120000,1
2024-03-01,sh.688589,32.6819758200,33.8499146700,32.0015244900,33.3218031900,3738280,121588432.2100,3.717100,1
2024-03-04,sh.688589,33.0069675000,34.4288061000,33.0069675000,34.3577141700,3843719,128488698.3500,3.821900,1
2024-03-05,sh.688589,34.0225665000,34.3678701600,32.8343156700,33.3218031900,2688224,88899406.8100,2.673000,1
2024-03-06,sh.688589,33.1593073500,33.6467948700,32.1030843900,32.9764995300,2208518,71283379.4400,2.196000,1
2024-03-07,sh.688589,32.9257195800,33.5147670000,32.0726164200,32.3163601800,2148582,69367874.0500,2.136400,1
2024-03-08,sh.688589,32.3976081000,33.4335190800,32.3163601800,33.2913352200,2343671,76057187.9800,2.330400,1
2024-03-11,sh.688589,32.9054076000,33.4842990300,32.5296359700,33.4639870500,1811221,58956104.2600,1.800900,1
2024-03-12,sh.688589,33.3116472000,34.6420818900,33.2608672500,34.1952183300,2331009,78229409.6400,2.317800,1
2024-03-13,sh.688589,34.2358422900,35.0381655000,33.8499146700,34.2866222400,2318229,78385262.9800,2.305100,1
2024-03-14,sh.688589,34.1850623400,34.7131738200,32.7124437900,33.3624271500,2583795,85241944.5200,2.569100,1
2024-03-15,sh.688589,33.1999313100,33.5350789800,32.7225997800,33.3928951200,1632466,53224567.9800,1.623200,1
2024-03-18,sh.688589,33.3827391300,34.4491180800,33.3827391300,34.3678701600,1943156,65219529.1800,1.932100,1
2024-03-19,sh.688589,34.4592740700,34.7131738200,34.0022545200,34.3069342200,1828209,62035986.3200,1.817800,1
2024-03-20,sh.688589,34.2256863000,34.5506779800,33.9514745700,34.4897420400,1470997,49673974.5200,1.462600,1
2024-03-21,sh.688589,34.7334858000,35.0381655000,33.9006946200,34.2053743200,1698165,57542914.8300,1.688500,1
2024-03-22,sh.688589,34.2967782300,34.4998980300,33.1085274000,33.5655469500,1868083,62071570.2600,1.857500,1
2024-03-25,sh.688589,33.5147670000,33.7991347200,31.8491846400,31.9304325600,1936138,62405626.5500,1.925100,1
2024-03-26,sh.688589,31.8999645900,32.3468281500,30.9757695000,31.5749729100,1895659,58991589.3900,1.884900,1
2024-03-27,sh.688589,32.0929284000,32.1944883000,29.9703264900,30.1125103500,1861466,56726197.0000,1.850900,1
2024-03-28,sh.688589,30.0109504500,31.6054408800,29.8078306500,30.9148335600,1753809,53239132.6000,1.743900,1
2024-03-29,sh.688589,30.7624937100,31.5851289000,30.3968780700,31.5546609300,1827099,55523164.4400,1.816700,1
2024-04-01,sh.688589,31.4632570200,31.9812125100,31.0976413800,31.7679367200,1585207,49436643.6300,1.576200,1
2024-04-02,sh.688589,31.5546609300,31.8898086000,31.2906051900,31.5445049400,1108467,34502406.5800,1.102200,1
2024-04-03,sh.688589,31.7374687500,31.7374687500,30.5695299000,31.2601372200,1280980,39295197.5700,1.273700,1
2024-04-08,sh.688589,30.8234296500,30.8538976200,29.3609670900,29.3711230800,1508192,44696550.8400,1.499600,1
2024-04-09,sh.688589,29.4523710000,30.3867220800,29.2695631800,30.3359421300,1408053,41495723.2500,1.400100,1
2024-04-10,sh.688589,30.2648502000,30.3054741600,29.3406551100,29.5843988700,1588804,46533407.0600,1.579800,1
2024-04-11,sh.688589,29.5539309000,30.1429783200,29.3101871400,29.6250228300,944256,27736655.8200,0.938900,1
2024-04-12,sh.688589,29.6554908000,30.1937582700,29.3711230800,29.5031509500,1139477,33430793.5300,1.133000,1
2024-04-15,sh.688589,29.3812790700,29.9398585200,28.7211397200,29.5945548600,1921883,55597550.9000,1.911000,1
2024-04-16,sh.688589,28.5383319000,29.3304991200,26.2024542000,26.2938581100,3678690,97458628.3200,3.657800,1
2024-04-17,sh.688589,26.8219695900,28.0914683400,26.8219695900,27.9086605200,2549690,69565955.7200,2.535200,1
2024-04-18,sh.688589,27.7156967100,28.7109837300,27.4414849800,28.0305324000,2110601,58671251.6200,2.098600,1
2024-04-19,sh.688589,27.7461646800,27.9797524500,27.2993011200,27.4211730000,1751626,47469606.7600,1.741700,1
2024-04-22,sh.688589,27.2383651800,27.6446047800,26.5071339000,27.4110170100,1269083,34007566.1600,1.261900,1
2024-04-23,sh.688589,27.6750727500,28.1219363100,27.5430448800,27.8071006200,1287697,35274341.0600,1.280400,1
2024-04-24,sh.688589,28.1016243300,28.9141035300,27.7563206700,28.9039475400,1731492,48512078.3100,1.721700,1
2024-04-25,sh.688589,28.5687998700,29.2797191700,28.5687998700,28.8430116000,1299171,36992038.7000,1.291800,1
2024-04-26,sh.688589,28.8430116000,29.8586106000,28.5992678400,29.6656467900,1755604,50861694.4100,1.745600,1
2024-04-29,sh.688589,29.6859587700,30.7726497000,29.6758027800,30.5695299000,1617031,48332046.9300,1.607800,1
2024-04-30,sh.688589,30.4375020300,30.5796858900,30.0312624300,30.3156301500,1279271,38139696.5400,1.272000,1
2024-05-06,sh.688589,30.7523377200,31.1890452900,30.7523377200,30.9757695000,1227951,37402038.4100,1.221000,1
2024-05-07,sh.688589,31.0163934600,31.1179533600,30.4882819800,30.7624937100,1138902,34515977.7200,1.132400,1
2024-05-08,sh.688589,30.7523377200,30.7523377200,29.9297025300,29.9804824800,1148022,34181943.0700,1.141500,1
2024-05-09,sh.688589,30.2546942100,30.8234296500,30.1023543600,30.5593739100,1241624,37383560.9300,1.234600,1
2024-05-10,sh.688589,30.6406218300,30.6406218300,29.6961147600,29.7265827300,1282191,37832642.5300,1.274900,1
2024-05-13,sh.688589,29.4625269900,29.5031509500,28.7719196700,28.9851954600,1319996,37831761.4500,1.312500,1
2024-05-14,sh.688589,28.9851954600,29.5336189200,28.9851954600,29.0664433800,1075854,30937478.5900,1.069700,1
2024-05-15,sh.688589,29.0664433800,29.4422150100,28.7617636800,28.8430116000,827183,23697471.7300,0.822500,1
2024-05-16,sh.688589,29.1781592700,29.4015910500,28.9039475400,28.9547274900,979616,28115161.6300,0.974100,1
2024-05-17,sh.688589,28.9039475400,29.5336189200,28.8023876400,29.5031509500,1113315,32009158.8100,1.107000,1
2024-05-20,sh.688589,29.5031509500,30.1429783200,29.4320590200,29.9601705000,1273179,37458777.6600,1.265900,1
2024-05-21,sh.688589,29.5742428800,29.8179866400,29.0461314000,29.1883152600,1355716,39099084.7600,1.348000,1
2024-05-22,sh.688589,29.2289392200,29.4828389700,28.9445715000,29.3812790700,985692,28393577.6200,0.980100,1
2024-05-23,sh.688589,29.5046263200,29.6033040000,28.8262172700,28.9989032100,1244793,29365734.8200,1.031700,1
2024-05-24,sh.688589,28.7398743000,29.2085932800,28.5301842300,28.6288619100,1466145,34257013.3600,1.215100,1
2024-05-27,sh.688589,28.5918577800,29.3319403800,27.8517751800,29.2332627000,1576836,36426545.9100,1.306900,1
2024-05-28,sh.688589,29.0112379200,30.6764237700,28.9618990800,29.7636552300,2828208,68946050.8900,2.344000,1
2024-05-29,sh.688589,29.4552874800,30.4790684100,29.4552874800,29.7389858100,1830284,44491694.2400,1.516900,1
2024-05-30,sh.688589,29.6033040000,30.9971262300,28.9989032100,30.5900808000,3198515,78814311.7500,2.650900,1
2024-05-31,sh.688589,30.6394196400,31.2068163000,30.3063824700,30.8121055800,2763091,69043302.2600,2.290000,1
2024-06-03,sh.688589,30.5777460900,31.5768576000,30.4667337000,30.7134279000,2664959,67106417.8600,2.208700,1
2024-06-04,sh.688589,30.5407419600,30.7010931900,29.6773122600,30.2077047900,2127377,51834604.0800,1.763200,1
2024-06-05,sh.688589,29.7389858100,31.0711344900,29.7389858100,30.0350188500,1970097,48756584.3900,1.632800,1
2024-06-06,sh.688589,30.3803907300,30.9971262300,28.7768784300,28.8878908200,2702285,65373337.2500,2.239600,1
2024-06-07,sh.688589,28.9248949500,29.4799569000,28.4438412600,28.7152048800,1708984,40055412.9100,1.416400,1
2024-06-11,sh.688589,28.5671883600,30.6147502200,28.2464859000,30.5284072500,2469742,59574147.5400,2.046900,1
2024-06-12,sh.688589,30.3803907300,30.8984485500,30.3433866000,30.7010931900,1777675,44175219.3700,1.473300,1
2024-06-13,sh.688589,30.6147502200,33.0570228000,30.6147502200,32.0085724500,5171070,134092602.4500,4.285700,1
2024-06-14,sh.688589,31.9839030300,32.1319195500,31.3548328200,31.9098947700,3377437,86960250.8700,2.799200,1
2024-06-17,sh.688589,31.8112170900,32.6006385300,31.4905146300,32.1689236800,3244757,84683453.6300,2.689200,1
2024-06-18,sh.688589,32.1442542600,32.4032831700,31.5891923100,31.9098947700,3094786,80272756.9300,2.564900,1
2024-06-19,sh.688589,31.9715683200,32.1812583900,31.2684898500,31.8112170900,2229809,57322379.9300,1.848000,1
2024-06-20,sh.688589,32.0455765800,34.0191301800,31.9592336100,32.5883038200,7309870,196833555.3000,6.058400,1
2024-06-21,sh.688589,32.9706798300,35.1415887900,32.3169402000,34.6728698100,10589596,291626597.0300,8.776600,1
2024-06-24,sh.688589,33.9574566300,34.4385103200,32.1319195500,32.2305972300,7871646,213919870.9100,6.524000,1
2024-06-25,sh.688589,32.1689236800,32.5389649800,30.3433866000,30.9847915200,5316980,134720635.0100,4.406700,1
2024-06-26,sh.688589,31.0587997800,31.8852253500,30.3680560200,31.6138617300,3961793,99754405.3200,3.283500,1
2024-06-27,sh.688589,31.1698121700,31.9715683200,30.5900808000,30.6024155100,3522733,89535519.7400,2.919600,1
2024-06-28,sh.688589,30.5530766700,31.7618782500,30.2817130500,31.0958039100,3299400,83406606.5900,2.734500,1
2024-07-01,sh.688589,30.8367750000,31.2931592700,29.7759899400,30.7997708700,3311403,81612671.7300,2.744500,1
2024-07-02,sh.688589,30.9107832600,30.9107832600,30.2447089200,30.4173948600,1762440,43547706.9000,1.460700,1
2024-07-03,sh.688589,30.4173948600,31.1451427500,29.7636552300,30.4790684100,2267934,56031196.6700,1.879600,1
2024-07-04,sh.688589,30.4790684100,30.7627667400,29.0729114700,29.1592544400,2072542,50025822.2500,1.717700,1
2024-07-05,sh.688589,28.5055148100,29.8376634900,28.5055148100,29.5786345800,1922458,45513406.9600,1.593300,1
2024-07-08,sh.688589,29.5786345800,30.1460312400,28.6905354600,28.7768784300,1818550,43446255.0800,1.507200,1
2024-07-09,sh.688589,28.7768784300,30.7380973200,28.3698330000,30.6270849300,3321041,80783911.2300,2.752500,1
2024-07-10,sh.688589,30.6517543500,31.1451427500,30.4420642800,30.9107832600,2397235,59934516.3800,1.986800,1
2024-07-11,sh.688589,31.8975600600,31.8975600600,30.9354526800,31.3301634000,2893187,73551684.0900,2.397900,1
2024-07-12,sh.688589,31.2191510100,31.3054939800,30.7134279000,31.1574774600,1514025,38059043.9800,1.254800,1
2024-07-15,sh.688589,31.5151840500,31.6261964400,30.4543989900,30.7874361600,1923643,48420102.8600,1.594300,1
2024-07-16,sh.688589,30.5900808000,31.5768576000,30.2570436300,31.4535105000,2565172,64564846.3900,2.126000,1
2024-07-17,sh.688589,31.4411757900,31.5521881800,30.3433866000,30.4050601500,1944870,48733985.1400,1.611900,1
2024-07-18,sh.688589,30.0350188500,30.3187171800,28.8755561100,29.8623329100,2641546,63265034.5800,2.189300,1
2024-07-19,sh.688589,29.7266511000,31.5521881800,29.7266511000,31.1944815900,3505287,88173566.7900,2.905200,1
2024-07-22,sh.688589,31.2931592700,31.8852253500,31.1821468800,31.5645228900,2554345,65319343.7100,2.117000,1
2024-07-23,sh.688589,31.5645228900,31.5768576000,29.9116717500,29.9486758800,2437146,60485160.4100,2.019900,1
2024-07-24,sh.688589,29.9733453000,30.3433866000,28.8755561100,28.9618990800,2087332,49909340.3000,1.730000,1
2024-07-25,sh.688589,28.8138825600,29.7143163900,28.5425189400,29.1099156000,1738855,41026042.3900,1.441200,1
2024-07-26,sh.688589,29.3566098000,29.7019816800,29.0605767600,29.4676221900,1351552,32220727.1700,1.120200,1
2024-07-29,sh.688589,29.3566098000,29.6773122600,28.9865685000,29.0482420500,1362764,32383934.0700,1.129400,1
2024-07-30,sh.688589,29.0482420500,29.8129940700,28.5918577800,29.4676221900,1448610,34400897.4600,1.200600,1
2024-07-31,sh.688589,29.2332627000,30.9354526800,29.1345850200,30.8367750000,2299362,56575313.9200,1.905700,1
2024-08-01,sh.688589,30.8367750000,31.4165063700,30.7010931900,31.0711344900,2254130,56775238.4600,1.868200,1
2024-08-02,sh.688589,30.5407419600,31.0217956500,29.7636552300,29.7883246500,1868625,45998232.9400,1.548700,1
2024-08-05,sh.688589,29.6279734200,29.8006593600,28.2464859000,28.2958247400,2704074,63362678.2700,2.241100,1
2024-08-06,sh.688589,28.8632214000,28.8878908200,28.2218164800,28.6782007500,1139716,26379495.1900,0.944600,1
2024-08-07,sh.688589,28.8015478500,29.0482420500,28.5055148100,28.6658660400,1186792,27715292.4300,0.983600,1
2024-08-08,sh.688589,28.5795230700,29.0605767600,28.0614652500,28.5425189400,1625225,37536148.2500,1.347000,1
2024-08-09,sh.688589,28.9742337900,29.2332627000,28.4068371300,28.4068371300,1348976,31568586.1800,1.118000,1
2024-08-12,sh.688589,28.4191718400,28.6411966200,28.1231388000,28.2711553200,883406,20314011.4300,0.732200,1
2024-08-13,sh.688589,28.3574982900,28.7892131400,28.2711553200,28.7645437200,738704,17112996.4400,0.612200,1
2024-08-14,sh.688589,28.8508866900,28.8878908200,28.1971470600,28.2341511900,863732,19991444.6600,0.715900,1
2024-08-15,sh.688589,28.1478082200,29.0605767600,28.1231388000,28.7398743000,1214407,28221074.3400,1.006500,1
2024-08-16,sh.688589,28.8878908200,29.1222503100,28.5795230700,28.6288619100,1145782,26777130.1400,0.949600,1
2024-08-19,sh.688589,28.8385519800,28.9248949500,28.0984693800,28.1231388000,1361051,31348616.0300,1.128000,1
2024-08-20,sh.688589,28.2958247400,28.3204941600,27.1733661300,27.2473743900,1541832,34395515.0300,1.277900,1
2024-08-21,sh.688589,27.2103702600,27.4570644600,26.6553083100,26.7046471500,1074648,23576805.0300,0.890700,1
2024-08-22,sh.688589,26.7293165700,26.9760107700,26.1619199100,26.2729323000,892936,19222459.8300,0.740100,1
2024-08-23,sh.688589,26.2729323000,26.3346058500,25.5328497000,25.8535521600,1434162,30128261.8500,1.188600,1
2024-08-26,sh.688589,25.4835108600,25.5081802800,24.6077464500,24.8421059400,2882474,58231572.7000,2.389000,1
2024-08-27,sh.688589,24.6570852900,25.0271265900,24.2747092800,24.3487175400,1277721,25450382.2600,1.059000,1
2024-08-28,sh.688589,24.1513621800,24.7064241300,24.1513621800,24.4843993500,786176,15603945.3800,0.651600,1
2024-08-29,sh.688589,24.3610522500,25.1258042700,24.1883663100,25.0147918800,1042833,21011331.7200,0.864300,1
2024-08-30,sh.688589,24.9161142000,26.1249157800,24.9161142000,25.6315273800,1829870,38163275.7300,1.516600,1
2024-09-02,sh.688589,25.6191926700,25.8535521600,24.2993787000,24.3733869600,1683437,33985466.8900,1.395200,1
2024-09-03,sh.688589,24.3610522500,24.8544406500,24.3363828300,24.5460729000,1089945,21696693.3500,0.903300,1
2024-09-04,sh.688589,24.4227258000,24.8791100700,24.0896886300,24.6570852900,1190450,23673238.5900,0.986600,1
2024-09-05,sh.688589,24.4967340600,25.0888001400,24.4597299300,24.6570852900,896389,17998186.4800,0.742900,1
2024-09-06,sh.688589,24.5460729000,24.6570852900,23.4976225500,23.5346266800,1772187,34431824.2900,1.468800,1
2024-09-09,sh.688589,23.4359490000,23.7443167500,23.3372713200,23.6086349400,715304,13641696.8200,0.592800,1
2024-09-10,sh.688589,23.6086349400,23.9293374000,23.1399159600,23.6456390700,948827,18076979.7300,0.786400,1
2024-09-11,sh.688589,23.5469613900,23.7689861700,23.3742754500,23.4852878400,700540,13371115.3300,0.580600,1
2024-09-12,sh.688589,23.5469613900,23.8676638500,23.1892548000,23.1892548000,789845,15059226.6100,0.654600,1
2024-09-13,sh.688589,23.2632630600,23.3126019000,22.5725193000,22.6095234300,1170413,21707512.6700,0.970000,1
2024-09-18,sh.688589,22.6218581400,22.7945440800,21.9681185100,22.4985110400,1195717,21675184.5000,0.991000,1
2024-09-19,sh.688589,22.8192135000,23.1769200900,22.4985110400,22.8562176300,1130082,20939742.1100,0.936600,1
2024-09-20,sh.688589,22.9302258900,23.1029118300,22.4368374900,22.6095234300,806886,14785309.5500,0.668700,1
2024-09-23,sh.688589,22.7328705300,23.0042341500,22.5108457500,22.7698746600,732678,13518045.7000,0.607200,1
2024-09-24,sh.688589,22.6958664000,23.7319820400,22.6588622700,23.6703084900,1500580,28372298.4300,1.243700,1
2024-09-25,sh.688589,23.8183250100,24.6940894200,23.8183250100,23.9910109500,1923511,37908034.1700,1.594200,1
2024-09-26,sh.688589,23.9540068200,25.1381389800,23.8306597200,25.1381389800,1812518,35936370.8400,1.502200,1
2024-09-27,sh.688589,25.3478290500,26.9020025100,25.3478290500,26.7539859900,1597152,33802521.3600,1.323700,1
2024-09-30,sh.688589,28.1231388000,32.0209071600,28.1108040900,31.4905146300,5844358,141829827.5400,4.843800,1
2024-10-08,sh.688589,37.7935514400,37.7935514400,34.5741921300,37.7935514400,10613657,318153898.1100,8.796500,1
2024-10-09,sh.688589,37.5961960800,43.2701626800,35.2772706000,38.2622704200,13084656,412846133.0100,10.844500,1
2024-10-10,sh.688589,39.2243778000,39.2243778000,35.0182416900,35.5239648000,7130032,209697414.0400,5.909300,1
2024-10-11,sh.688589,34.8825598800,35.3882829900,32.3909484600,32.8349980200,4769357,130061374.5600,3.952800,1
2024-10-14,sh.688589,32.9336757000,34.5741921300,31.7125394100,34.5618574200,4136057,111468483.2400,3.427900,1
2024-10-15,sh.688589,34.3768367700,37.0041300000,33.6367541700,34.5125185800,5355919,153387515.6900,4.438900,1
2024-10-16,sh.688589,33.4393988100,35.1539235000,33.1433657700,34.5371880000,2791167,77737755.8200,2.313300,1
2024-10-17,sh.688589,35.1292540800,35.9556796500,34.5495227100,34.6235309700,3598918,103005618.1600,2.982800,1
2024-10-18,sh.688589,34.6235309700,38.2376010000,34.6111962600,37.4481795600,7866476,233235511.4700,6.519700,1
2024-10-21,sh.688589,37.0041300000,39.8411133000,36.1407003000,37.3248324600,12810510,389796565.6100,10.617300,1
2024-10-22,sh.688589,36.7574358000,36.9177870300,35.2772706000,35.9186755200,6423815,187872036.7200,5.324000,1
2024-10-23,sh.688589,35.7213201600,36.0543573300,34.8208863300,35.1415887900,4676763,134558830.9900,3.876100,1
2024-10-24,sh.688589,35.1662582100,35.8570019700,34.5495227100,35.1045846600,3390950,96692666.6900,2.810400,1
2024-10-25,sh.688589,35.8693366800,36.9917952900,35.4252871200,36.4860721800,5135389,150804658.4800,4.256200,1
2024-10-28,sh.688589,37.0041300000,37.1768159400,35.9556796500,36.2393779800,4216915,124466741.0600,3.494900,1
2024-10-29,sh.688589,35.9680143600,36.4984068900,34.8455557500,34.9072293000,4142392,120022007.7800,3.433200,1
2024-10-30,sh.688589,34.7468780700,35.5856383500,34.1054731500,34.5865268400,3782080,106815173.5000,3.134600,1
2024-10-31,sh.688589,34.7592127800,35.5979730600,33.8834483700,35.0675805300,3655271,103372560.2000,3.029500,1
2024-11-01,sh.688589,35.2155970500,35.2649358900,32.7363203400,32.7486550500,4216174,114863786.0900,3.494300,1
2024-11-04,sh.688589,32.5636344000,33.6367541700,32.4772914300,33.5997500400,2041108,55034955.2000,1.691700,1
2024-11-05,sh.688589,33.9451219200,35.5239648000,33.5134070700,35.3759482800,3881993,109866894.3800,3.217400,1
2024-11-06,sh.688589,35.5239648000,35.8076631300,34.7838822000,35.4006177000,3878905,111233391.7400,3.214800,1
2024-11-07,sh.688589,35.3512788600,36.3257209500,35.0799152400,36.2640474000,3819496,110870598.5900,3.165600,1
2024-11-08,sh.688589,36.9794605800,38.2376010000,36.3873945000,36.4984068900,6248097,188777994.2600,5.178400,1
2024-11-11,sh.688589,36.9794605800,39.2243778000,36.5107416000,38.7803282400,7058639,218636157.8500,5.850100,1
2024-11-12,sh.688589,39.0146877300,39.1257001200,36.7944399300,37.3495018800,5197081,159108457.1300,4.307300,1
2024-11-13,sh.688589,37.0041300000,37.7442126000,36.3873945000,37.5345225300,3723920,112133344.8500,3.086400,1
2024-11-14,sh.688589,37.5838613700,37.8675597000,35.7706590000,35.8570019700,3156091,93927242.8400,2.615700,1
2024-11-15,sh.688589,35.7953284200,36.1036961700,34.1548119900,34.1918161200,3066443,87561771.1600,2.541400,1
2024-11-18,sh.688589,34.4631797400,34.6975392300,32.7486550500,33.5504112000,2771106,75599075.1900,2.296700,1
2024-11-19,sh.688589,33.7724359800,35.1539235000,33.4887376500,35.0922499500,2714980,75493624.3200,2.250200,1
2024-11-20,sh.688589,35.1292540800,35.3882829900,34.4261756100,35.3512788600,2910119,82596868.3600,2.411900,1
2024-11-21,sh.688589,35.3636135700,36.0050184900,34.8455557500,35.5609689300,2895544,83257485.2000,2.399800,1
2024-11-22,sh.688589,35.5733036400,35.8816713900,33.3283864200,33.4764029400,3015171,84948470.7900,2.499000,1
2024-11-25,sh.688589,33.9327872100,34.0684690200,32.9336757000,33.8464442400,1996853,54016040.7000,1.655000,1
2024-11-26,sh.688589,33.7971054000,34.3891714800,33.4887376500,33.9204525000,1401182,38517726.5100,1.161300,1
2024-11-27,sh.688589,33.6120847500,34.6975392300,32.5759691100,34.6975392300,2018275,55121020.6900,1.672700,1
2024-11-28,sh.688589,35.0305764000,35.9433449400,34.5371880000,34.8455557500,2670408,76106856.5100,2.213200,1
2024-11-29,sh.688589,34.8455557500,35.7583242900,34.0437996000,35.1662582100,2719150,77219480.0900,2.253600,1
2024-12-02,sh.688589,35.0799152400,35.5733036400,35.0305764000,35.5239648000,2826345,80906951.0200,2.332400,1
2024-12-03,sh.688589,35.6719813200,35.8693366800,34.9195640100,35.2402664700,1978429,56599460.9900,1.632700,1
2024-12-04,sh.688589,36.2887168200,36.3873945000,34.6605351000,34.7838822000,3030650,87445323.5300,2.501000,1
2024-12-05,sh.688589,34.3891714800,35.2279317600,34.2534896700,35.0305764000,1696166,48040839.9300,1.399700,1
2024-12-06,sh.688589,35.2649358900,36.0790267500,34.6482003900,35.9186755200,2881906,83070290.2100,2.378300,1
2024-12-09,sh.688589,35.9310102300,36.1283655900,35.0429111100,35.7706590000,2163341,62520137.0600,1.785300,1
2024-12-10,sh.688589,36.9547911600,37.5961960800,35.6966507400,35.7706590000,3480878,102529043.1900,2.872600,1
2024-12-11,sh.688589,35.7706590000,36.7080969600,35.5486342200,36.4490680500,3024293,88926898.2700,2.495800,1
2024-12-12,sh.688589,36.5107416000,36.6217539900,35.8323325500,36.3380556600,2188573,64250000.2600,1.806100,1
2024-12-13,sh.688589,36.3257209500,36.3257209500,35.2772706000,35.4006177000,2550394,73763573.1900,2.104700,1
2024-12-16,sh.688589,35.7089854500,35.7089854500,34.2904938000,34.5371880000,2143722,60673618.2800,1.769100,1
2024-12-17,sh.688589,34.5371880000,34.9072293000,33.2420434500,33.3900599700,1850374,50919732.2000,1.527000,1
2024-12-18,sh.688589,33.6244194600,34.7468780700,32.9583451200,34.2164855400,2304284,63611644.4900,1.901600,1
2024-12-19,sh.688589,33.8834483700,35.4992953800,33.6614235900,34.9318987200,2671067,75181460.6900,2.204300,1
2024-12-20,sh.688589,35.1539235000,36.7327663800,34.8208863300,36.3873945000,5385998,157599545.2100,4.444700,1
2024-12-23,sh.688589,36.5107416000,36.9424564500,35.2649358900,35.4992953800,4424843,129652521.0000,3.651600,1
2024-12-24,sh.688589,35.7706590000,37.3001630400,34.7592127800,37.0411341300,6910083,203626940.7400,5.702500,1
2024-12-25,sh.688589,36.8684481900,37.3741713000,35.6226424800,36.0666920400,5115004,150828114.1900,4.221100,1
2024-12-26,sh.688589,36.2517126900,38.0772497700,35.6843160300,37.8552249900,7312415,220333026.2900,6.034500,1
2024-12-27,sh.688589,37.5591919500,38.7186546900,36.8561134800,37.1891506500,7461498,229356207.2700,6.157500,1
2024-12-30,sh.688589,36.6834275400,37.1028076800,35.9186755200,36.2517126900,4379753,129408425.7000,3.614300,1
2024-12-31,sh.688589,36.1653697200,36.2517126900,33.6737583000,33.7601012700,5840066,163816319.4000,4.819500,1
2025-01-02,sh.688589,33.6737583000,34.0067954700,32.4402873000,33.0570228000,2762333,74411405.8800,2.279600,1
2025-01-03,sh.688589,33.0940269300,33.1310310600,31.3301634000,31.3548328200,2810618,73248017.0200,2.319400,1
2025-01-06,sh.688589,31.3424981100,31.3548328200,29.9116717500,30.1583659500,3024806,74834331.9900,2.496200,1
2025-01-07,sh.688589,30.2447089200,30.9354526800,29.8870023300,30.8367750000,2017202,49785328.6200,1.664700,1
2025-01-08,sh.688589,30.7010931900,30.8984485500,29.0852461800,30.3680560200,2985164,72706614.2800,2.463500,1
2025-01-09,sh.688589,30.1830353700,31.3178286900,30.1090271100,30.2200395000,1987809,49566089.9600,1.640400,1
2025-01-10,sh.688589,30.2077047900,31.1821468800,29.6033040000,29.6033040000,2130129,52639423.6700,1.757900,1
2025-01-13,sh.688589,29.6033040000,30.0103494300,28.7152048800,29.7513205200,1266939,30268282.1000,1.045500,1
2025-01-14,sh.688589,29.8746676200,31.0711344900,29.7389858100,30.9724568100,2372148,58845942.3800,1.957600,1
2025-01-15,sh.688589,31.0958039100,31.4288410800,30.5037378300,30.9847915200,1729191,43401574.3400,1.427000,1
2025-01-16,sh.688589,31.2068163000,31.6632005700,30.5654113800,30.9724568100,1711579,43155001.5200,1.412500,1
2025-01-17,sh.688589,30.9601221000,32.1319195500,30.6147502200,31.7125394100,2368068,60510677.1700,1.954200,1
2025-01-20,sh.688589,31.9468989000,32.2552666500,31.5891923100,31.7742129600,1667521,43118453.7300,1.376100,1
2025-01-21,sh.688589,31.9468989000,32.3662790400,31.5151840500,32.0949154200,1918250,49651216.5600,1.583000,1
2025-01-22,sh.688589,31.8112170900,32.2305972300,31.5521881800,31.6632005700,1800602,46543436.7400,1.485900,1
2025-01-23,sh.688589,32.0455765800,32.5019608500,31.4658452100,31.4905146300,2821389,73467032.6800,2.328300,1
2025-01-24,sh.688589,31.2191510100,31.6138617300,31.0341303600,31.3671675300,3170985,80402536.7900,2.616800,1
2025-01-27,sh.688589,31.3301634000,31.4781799200,30.2817130500,30.2940477600,2564459,64023707.2700,2.116300,1
2025-02-05,sh.688589,30.8491097100,31.4041716600,30.8491097100,31.0464650700,2190582,55308658.9200,1.807800,1
2025-02-06,sh.688589,30.8737791300,33.2543781600,30.7997708700,32.9706798300,4087502,107408938.0100,3.373200,1
2025-02-07,sh.688589,32.9830145400,33.8341095300,32.7116509200,33.1803699000,3939103,106432975.3100,3.250700,1
2025-02-10,sh.688589,33.1803699000,34.3891714800,33.1063616400,34.0684690200,3501135,95481018.5900,2.889300,1
2025-02-11,sh.688589,34.0437996000,34.0437996000,33.3037170000,33.5874153300,2203209,60064382.9600,1.818200,1
2025-02-12,sh.688589,33.4887376500,34.4015061900,33.2420434500,34.3891714800,3334870,91646520.8000,2.752100,1
2025-02-13,sh.688589,34.5371880000,34.5371880000,33.4270641000,33.4270641000,2801646,76863407.1000,2.312000,1
2025-02-14,sh.688589,33.3283864200,33.6490888800,32.8226633100,33.4147293900,2222061,59913811.2500,1.833700,1
2025-02-17,sh.688589,33.4147293900,33.8587789500,33.1433657700,33.6244194600,2440599,66340936.5100,2.014100,1
2025-02-18,sh.688589,33.6490888800,33.8464442400,32.1565889700,32.5883038200,2656566,71319211.5500,2.192300,1
2025-02-19,sh.688589,32.5389649800,33.9204525000,32.3416096200,33.8957830800,3478035,94325123.2400,2.870200,1
2025-02-20,sh.688589,34.3768367700,34.5125185800,33.6737583000,34.2041508300,3099572,85944968.6600,2.557900,1
2025-02-21,sh.688589,34.1671467000,35.2402664700,33.9821260500,35.2155970500,4786859,134883292.8000,3.950300,1
2025-02-24,sh.688589,35.2772706000,35.6843160300,34.8208863300,35.4006177000,3938360,112535401.5700,3.250100,1
2025-02-25,sh.688589,34.8825598800,36.1530350100,34.7468780700,35.5856383500,4403432,127209859.6900,3.633900,1
2025-02-26,sh.688589,36.0543573300,36.6710928300,35.5733036400,36.1653697200,4302233,125566268.3100,3.550400,1
2025-02-27,sh.688589,35.9926837800,36.5724151500,35.0799152400,36.0173532000,4131120,119887822.4800,3.409200,1
2025-02-28,sh.688589,35.7706590000,35.9926837800,34.1548119900,34.3521673500,4072437,115254731.9200,3.360700,1
2025-03-03,sh.688589,34.5371880000,35.5116300900,33.8957830800,34.8578904600,3669493,103819462.0400,3.028200,1
2025-03-04,sh.688589,34.3891714800,36.4860721800,34.3521673500,36.1900391400,4587976,133016477.2200,3.786200,1
2025-03-05,sh.688589,36.5107416000,37.1028076800,36.0173532000,36.5230763100,4701022,139448312.1300,3.879500,1
2025-03-06,sh.688589,37.0534688400,37.5961960800,36.7080969600,36.7080969600,6103694,183569538.3400,5.037000,1
2025-03-07,sh.688589,36.6340887000,37.2014853600,36.0543573300,36.4120639200,3790841,112424487.2500,3.128400,1
2025-03-10,sh.688589,36.3873945000,36.6587581200,35.9926837800,36.4243986300,3039498,89411161.0900,2.508300,1
2025-03-11,sh.688589,35.8940061000,36.6094192800,35.7706590000,36.5847498600,2449107,71957659.1900,2.021100,1
2025-03-12,sh.688589,36.5847498600,36.8807829000,36.3873945000,36.4367333400,2925006,86784820.4700,2.413800,1
2025-03-13,sh.688589,36.2640474000,36.3873945000,34.8825598800,35.2279317600,3750665,107652526.1700,3.095200,1
2025-03-14,sh.688589,35.0305764000,36.0913614600,35.0305764000,36.0173532000,2728217,78714460.8400,2.251400,1
2025-03-17,sh.688589,36.0173532000,36.2270432700,35.6719813200,35.8446672600,1928790,56138231.6900,1.591700,1
2025-03-18,sh.688589,36.0050184900,36.7327663800,35.8323325500,36.4737374700,2345143,69209927.5700,1.935300,1
2025-03-19,sh.688589,36.4614027600,37.0041300000,35.8940061000,36.1283655900,2573287,75875484.6000,2.123600,1
2025-03-20,sh.688589,35.9680143600,36.3010515300,35.4746259600,35.6226424800,2394846,69743053.0900,1.976300,1
2025-03-21,sh.688589,35.5116300900,35.6103077700,34.2781590900,34.4138409000,3058991,86298344.0200,2.524400,1
2025-03-24,sh.688589,34.5125185800,34.6975392300,32.9090062800,33.7601012700,2453105,67116557.9400,2.024400,1
2025-03-25,sh.688589,33.7601012700,34.1548119900,33.2790475800,33.5997500400,1497267,40924353.9200,1.235600,1
2025-03-26,sh.688589,33.7477665600,34.5741921300,33.4147293900,34.2041508300,1807235,50257845.4900,1.491400,1
2025-03-27,sh.688589,34.5371880000,39.5327455500,34.5248532900,37.4111754300,13480826,409156386.0200,11.124900,1
2025-03-28,sh.688589,37.3495018800,37.7812167300,36.3257209500,36.4737374700,7837592,234376634.7700,6.467900,1
2025-03-31,sh.688589,36.4737374700,37.9662373800,35.7706590000,37.7195431800,7413271,221355908.4300,6.117700,1
2025-04-01,sh.688589,37.6208655000,38.1759274500,37.1151423900,37.2754936200,5422829,164997044.6000,4.475100,1
2025-04-02,sh.688589,37.0287994200,37.5098531100,36.5230763100,36.7821052200,3770056,113017360.4600,3.111200,1
2025-04-03,sh.688589,36.3010515300,37.1274771000,34.6852045200,35.2279317600,5411106,156734305.2400,4.465400,1
2025-04-07,sh.688589,33.0570228000,33.3037170000,28.1848123500,28.6658660400,7140544,175262632.2000,5.892600,1
2025-04-08,sh.688589,29.1099156000,30.4667337000,28.7768784300,29.3689445100,4632203,110877728.6300,3.822700,1
2025-04-09,sh.688589,28.3698330000,31.4781799200,27.0130149000,30.8491097100,5994628,145220208.1600,4.947000,1
2025-04-10,sh.688589,32.2676013600,32.8720021500,31.4905146300,31.7865476700,4786745,124781625.3000,3.950200,1
2025-04-11,sh.688589,31.7865476700,34.1671467000,31.5028493400,33.5504112000,6244991,167632996.2200,5.153600,1
2025-04-14,sh.688589,33.6737583000,34.1424772800,33.0076839600,33.2173740300,3802152,103297483.2100,3.137700,1
2025-04-15,sh.688589,33.0570228000,33.3653905500,32.4772914300,32.9460104100,2077968,55144977.2500,1.714800,1
2025-04-16,sh.688589,33.1557004800,33.5380764900,31.9222294800,32.6253079500,2588281,68864216.7000,2.135900,1
2025-04-17,sh.688589,32.1442542600,34.1178078600,32.1442542600,33.0940269300,3597652,97835107.6400,2.968900,1
2025-04-18,sh.688589,33.1186963500,33.3777252600,32.3416096200,32.5389649800,2401522,63501264.7100,1.981800,1
2025-04-21,sh.688589,32.4402873000,33.1680351900,32.3292749100,33.0570228000,2048514,54538873.8500,1.690500,1
2025-04-22,sh.688589,33.1680351900,33.6244194600,32.8103286000,33.3900599700,2312949,62372087.1600,1.908700,1
2025-04-23,sh.688589,33.4887376500,33.7724359800,33.2050393200,33.6860930100,2031295,55231992.9000,1.676300,1
2025-04-24,sh.688589,33.4517335200,33.7724359800,32.6869815000,33.1186963500,2375773,63772184.0800,1.960600,1
2025-04-25,sh.688589,31.8235518000,32.0085724500,30.3680560200,30.9107832600,6133507,153243700.5400,5.061600,1
2025-04-28,sh.688589,30.7380973200,30.9231179700,30.1707006600,30.1707006600,2914517,71869252.0500,2.405200,1
2025-04-29,sh.688589,29.9733453000,30.5284072500,29.9240064600,30.4420642800,1828707,45032722.9400,1.509100,1
2025-04-30,sh.688589,30.2940477600,31.2684898500,30.2323742100,30.8984485500,2063552,51772188.3000,1.702900,1
2025-05-06,sh.688589,30.9601221000,31.7125394100,30.9601221000,31.7125394100,2150150,54849177.3600,1.774400,1
2025-05-07,sh.688589,32.0702460000,32.5266302700,31.4781799200,31.9098947700,2473679,64126406.9000,2.041400,1
2025-05-08,sh.688589,31.8235518000,32.2799360700,31.6755352800,32.1935931000,2296079,59658101.7800,1.894800,1
2025-05-09,sh.688589,32.3786137500,32.3786137500,31.3424981100,31.5028493400,2138051,54849845.3200,1.764400,1
2025-05-12,sh.688589,31.8235518000,32.4402873000,31.7248741200,32.1812583900,1958922,50939609.9500,1.616600,1
2025-05-13,sh.688589,32.4402873000,32.6746467900,31.8235518000,31.9345641900,1873254,48978289.4900,1.545900,1
2025-05-14,sh.688589,31.9962377400,32.3416096200,31.3795022400,31.9098947700,2381719,61356905.5100,1.965500,1
2025-05-15,sh.688589,31.8358865100,31.8605559300,31.3054939800,31.4535105000,1768649,45170737.6500,1.459600,1
2025-05-16,sh.688589,31.5768576000,31.7002047000,31.2068163000,31.3671675300,1530596,39116887.8700,1.263100,1
2025-05-19,sh.688589,31.2068163000,31.5521881800,31.0217956500,31.3548328200,1263258,32071455.0800,1.042500,1
2025-05-20,sh.688589,31.4411757900,31.7248741200,31.1081386200,31.4535105000,1811689,46221972.6000,1.495100,1
2025-05-21,sh.688589,31.4411757900,31.4658452100,30.8121055800,31.0711344900,1717740,43364478.5900,1.417500,1
2025-05-22,sh.688589,30.9107832600,31.7618782500,30.5160725400,30.5407419600,2023902,50861018.3300,1.670200,1
2025-05-23,sh.688589,30.4050601500,30.8861138400,30.1460312400,30.1707006600,1526187,37705062.5800,1.259500,1
2025-05-26,sh.688589,30.2323742100,30.5900808000,30.2323742100,30.5284072500,1023142,25247456.2400,0.844300,1
2025-05-27,sh.688589,30.6517543500,30.6517543500,30.1583659500,30.3927254400,955185,23465563.4700,0.788300,1
2025-05-28,sh.688589,30.3557213100,30.7627667400,30.3557213100,30.4173948600,1115960,27619148.5200,0.920900,1
2025-05-29,sh.688589,30.5530766700,31.1944815900,30.4050601500,31.1081386200,1834831,45986047.2000,1.514200,1
2025-05-30,sh.688589,30.9601221000,31.0587997800,30.5284072500,30.5407419600,1509266,37459011.3200,1.245500,1
2025-06-03,sh.688589,30.3433866000,30.8861138400,30.3187171800,30.4914031200,1486397,36897307.0500,1.226600,1
2025-06-04,sh.688589,30.5284072500,30.7751014500,30.4420642800,30.6394196400,1238938,30782855.8500,1.022400,1
2025-06-05,sh.688589,30.6147502200,31.1574774600,30.6147502200,31.1081386200,1706938,42815424.8000,1.408600,1
2025-06-06,sh.688589,31.2728104700,31.2728104700,30.8386738000,31.1530486300,1697323,35205850.3100,1.167900,1
2025-06-09,sh.688589,31.3027509300,31.6021555300,31.1680188600,31.5422746100,1907294,40073529.4000,1.312400,1
2025-06-10,sh.688589,31.4674234600,31.6021555300,30.6740012700,31.0332867900,2039567,42388552.0700,1.403400,1
2025-06-11,sh.688589,31.0332867900,31.5871853000,30.8686142600,30.9584356400,1784667,37186504.5400,1.228000,1
2025-06-12,sh.688589,30.8386738000,31.0632272500,30.4793882800,30.6889715000,1928020,39566895.3900,1.326700,1
2025-06-13,sh.688589,30.6141203500,30.8087333400,29.6560256300,29.7308767800,2806275,56438853.3000,1.931000,1
2025-06-16,sh.688589,29.6410554000,29.9704004600,29.5662042500,29.8805790800,1703136,33903660.7200,1.171900,1
2025-06-17,sh.688589,29.8805790800,30.0751920700,29.6260851700,29.8057279300,1627676,32418620.2900,1.120000,1
2025-06-18,sh.688589,29.5662042500,30.1350729900,29.5662042500,30.1350729900,1628552,32493559.8200,1.120600,1
2025-06-19,sh.688589,30.0901623000,30.5841798900,29.6859660900,29.7757874700,1883916,37918855.6600,1.296300,1
2025-06-20,sh.688589,29.7608172400,30.2847752900,29.6709958600,29.7757874700,1183897,23663432.4400,0.814600,1
2025-06-23,sh.688589,29.9254897700,30.7937631100,29.5362637900,30.6889715000,2518688,51208479.0900,1.733100,1
2025-06-24,sh.688589,30.7039417300,31.4075425400,30.7039417300,31.3177211600,2923925,60765237.1800,2.011900,1
2025-06-25,sh.688589,31.2877807000,31.7069471400,31.0632272500,31.6620364500,3288552,69082643.5800,2.262800,1
2025-06-26,sh.688589,31.6620364500,32.0213219700,31.2728104700,31.3476616200,2840369,59944876.5200,1.954400,1
2025-06-27,sh.688589,31.4524532300,31.8865899000,31.4524532300,31.6470662200,2643695,55938958.9400,1.819100,1
2025-06-30,sh.688589,31.7967685200,32.0812028900,31.4823936900,32.0213219700,2781918,59387739.5100,1.914200,1
2025-07-01,sh.688589,32.0213219700,32.3955777200,31.6919769100,31.9315005900,2754656,58906225.3100,1.895500,1
2025-07-02,sh.688589,31.8267089800,31.9315005900,31.2728104700,31.4823936900,2178193,45850641.8900,1.498800,1
2025-07-03,sh.688589,31.8566494400,31.8566494400,31.4674234600,31.7069471400,1577084,33366252.5900,1.085200,1
2025-07-04,sh.688589,31.6620364500,31.8117387500,31.1680188600,31.2728104700,2375704,49836279.7300,1.634700,1
2025-07-07,sh.688589,31.1829890900,31.4973639200,31.0033463300,31.4973639200,1508691,31561977.4400,1.038100,1
2025-07-08,sh.688589,31.6770066800,31.9913815100,31.5722150700,31.9614410500,2757648,58689233.2300,1.897500,1
2025-07-09,sh.688589,31.9614410500,32.0213219700,31.6171257600,31.6770066800,1969609,41853216.7100,1.355300,1
2025-07-10,sh.688589,31.6770066800,31.9165303600,31.5871853000,31.7368876000,1957961,41519671.8100,1.347300,1
2025-07-11,sh.688589,31.8716196700,31.9464708200,31.4225127700,31.7817982900,2556710,54226230.0800,1.759300,1
2025-07-14,sh.688589,31.8566494400,32.0812028900,31.7069471400,31.9315005900,2057238,43860947.0600,1.415600,1
2025-07-15,sh.688589,32.0063517400,32.0961731200,31.2877807000,31.7518578300,2531565,53541581.1200,1.742000,1
2025-07-16,sh.688589,31.5871853000,32.6351014000,31.5871853000,32.2758158800,3711143,79965416.3700,2.553600,1
2025-07-17,sh.688589,32.1859945000,32.6500716300,31.9015601300,32.6500716300,2623917,56708871.6400,1.805500,1
2025-07-18,sh.688589,32.6201311700,32.7848037000,32.3356968000,32.6351014000,2193929,47679366.2600,1.509600,1
2025-07-21,sh.688589,32.6351014000,33.3686426700,32.5602502500,33.0243273800,2836842,62455616.3000,1.952000,1
2025-07-22,sh.688589,33.0392976100,33.2488808300,32.7548632400,33.1440892200,2408294,53113764.4100,1.657100,1
2025-07-23,sh.688589,33.0842083000,33.2339106000,32.7997739300,32.8596548500,2156911,47553483.2800,1.484200,1
2025-07-24,sh.688589,32.8596548500,33.4285235900,32.7848037000,33.2937915200,3503069,77612338.3300,2.410500,1
2025-07-25,sh.688589,33.3387022100,33.7428984200,33.0392976100,33.6530770400,3814398,85018015.7700,2.624700,1
2025-07-28,sh.688589,33.8626602600,33.9375114100,33.4135533600,33.8327198000,3110981,69955573.0800,2.140700,1
2025-07-29,sh.688589,33.7428984200,34.3267373900,33.6530770400,34.2518862400,3902924,88810682.5700,2.685600,1
2025-07-30,sh.688589,34.2818267000,36.0034031500,34.0572732500,35.0003977400,8921222,209847654.4800,6.138700,1
2025-07-31,sh.688589,35.0003977400,35.6890283200,34.4165587700,34.5063801500,6670376,155553757.5600,4.589900,1
2025-08-01,sh.688589,34.8956061300,34.8956061300,33.8327198000,34.3117671600,4025522,92250611.4200,2.770000,1
2025-08-04,sh.688589,34.4015885400,35.2399214200,33.9824221000,35.1201595800,3995256,92813886.8900,2.749100,1
2025-08-05,sh.688589,35.2848321100,35.5243557900,34.8207549800,34.9704572800,2343637,54772265.7300,1.612700,1
2025-08-06,sh.688589,34.9854275100,35.3297428000,34.7309336000,35.1950107300,4377940,102833472.4200,3.012400,1
2025-08-07,sh.688589,35.2099809600,36.6620932700,35.1351298100,36.2129863700,7189224,173149956.2100,4.946900,1
2025-08-08,sh.688589,35.9584924600,36.4225695900,35.4794451000,36.2129863700,4382091,105025587.4400,3.015300,1
2025-08-11,sh.688589,36.2429268300,36.5273612000,35.9435222300,36.3177779800,3488908,84508875.2600,2.400700,1
2025-08-12,sh.688589,36.1531054500,36.5423314300,35.4794451000,36.3327482100,4551694,109644073.5400,3.132000,1
2025-08-13,sh.688589,36.3327482100,36.6171825800,35.9584924600,36.3776589000,4834373,117056752.4000,3.326500,1
2025-08-14,sh.688589,36.4225695900,37.1411406300,35.6141771700,35.6740580900,5920504,144062264.1100,4.073900,1
2025-08-15,sh.688589,35.5093855600,36.3926291300,35.4195641800,36.2878375200,4363865,104990269.5800,3.002800,1
2025-08-18,sh.688589,36.3926291300,37.0962299400,36.0483138400,36.8267658000,5760329,141295632.3500,3.963700,1
2025-08-19,sh.688589,36.6471230400,36.9465276400,36.3177779800,36.8117955700,3287377,80553012.9300,2.262000,1
2025-08-20,sh.688589,36.6321528100,37.5153963800,36.1381352200,37.5004261500,5716418,141160891.8900,3.933500,1
2025-08-21,sh.688589,37.5004261500,37.9794735100,36.3776589000,36.6620932700,5254059,130050191.1000,3.615300,1
2025-08-22,sh.688589,36.5573016600,37.5752773000,36.5573016600,37.4255750000,6717148,167233369.2000,4.622100,1
2025-08-25,sh.688589,37.7100093700,38.3088185700,36.7668848800,37.0962299400,6448916,160997192.6100,4.437500,1
2025-08-26,sh.688589,36.9465276400,37.4106047700,36.3776589000,36.7818551100,4716434,116529424.4000,3.245400,1
2025-08-27,sh.688589,36.9764681000,38.9076277700,36.8267658000,37.0513192500,10822831,273474599.0500,7.447200,1
2025-08-28,sh.688589,37.2309620100,38.1142055800,36.0932245300,37.9495330500,10433530,260034925.1400,7.179300,1
2025-08-29,sh.688589,37.9495330500,37.9495330500,36.2429268300,36.7219741900,7963384,195080706.1600,5.479600,1
2025-09-01,sh.688589,36.9764681000,37.6501284500,36.5423314300,36.9016169500,6344630,156983076.5400,4.365700,1
2025-09-02,sh.688589,36.9016169500,36.9016169500,35.0003977400,35.3147725700,7183903,170854371.3800,4.943200,1
2025-09-03,sh.688589,35.6890283200,35.7638794700,34.2818267000,34.5063801500,4684249,109628698.7500,3.223200,1
2025-09-04,sh.688589,34.5962015300,34.9554870500,32.7698334700,33.5333152000,5539279,125397891.2700,3.811600,1
2025-09-05,sh.688589,33.6381068100,34.5363206100,33.4285235900,34.5213503800,4362930,99106555.4900,3.002100,1
2025-09-08,sh.688589,34.7159633700,35.1201595800,34.1770350900,34.9854275100,4188530,96890546.1000,2.882100,1
2025-09-09,sh.688589,35.0153679700,35.0153679700,33.6830175000,33.7878091100,4154291,94954847.3100,2.858600,1
2025-09-10,sh.688589,33.8177495700,34.3716480800,33.7428984200,33.9225411800,2638479,60041698.6300,1.815500,1
2025-09-11,sh.688589,34.0872137100,35.4195641800,33.5482854300,35.4045939500,5215488,121305372.0100,3.588800,1
2025-09-12,sh.688589,35.6590878600,38.1740865000,35.2249511900,37.7549200600,13148388,328630787.9400,9.047400,1
2025-09-15,sh.688589,39.6711095000,39.7010499600,37.2159917800,37.3656940800,10159494,257621011.2700,6.990700,1
2025-09-16,sh.688589,36.9764681000,38.8327766200,36.7219741900,38.5932529400,9272309,233484105.8100,6.380200,1
2025-09-17,sh.688589,38.2189971900,39.2968537500,37.7998307500,39.0124193800,7992418,207371489.3000,5.499600,1
2025-09-18,sh.688589,38.9675086900,39.6561392700,37.5004261500,37.9944437400,9066071,234677075.7100,6.238300,1
2025-09-19,sh.688589,37.9944437400,38.8477468500,37.3656940800,37.7998307500,6433071,163514338.8800,4.426600,1
2025-09-22,sh.688589,37.5902475300,38.5483422500,37.4255750000,38.4435506400,4724419,120465127.0600,3.250900,1
2025-09-23,sh.688589,38.4435506400,38.5483422500,36.5123909700,38.1740865000,6277550,157028121.3100,4.319600,1
2025-09-24,sh.688589,38.0243842000,41.5124477900,37.9645032800,40.4345912300,11712286,312517156.6200,8.059200,1
2025-09-25,sh.688589,40.4196210000,40.6591446800,39.5962583500,39.7609308800,6577267,175946738.6900,4.525800,1
2025-09-26,sh.688589,40.1351866300,40.5094423800,39.4615262800,39.6261988100,6012033,160756349.6100,4.136900,1
2025-09-29,sh.688589,39.5064369700,39.9854843300,38.8627170800,39.5214072000,5522052,144960964.5100,3.799700,1
2025-09-30,sh.688589,39.6411690400,40.6591446800,39.6411690400,40.3896805400,6528833,175842908.5100,4.492500,1
2025-10-09,sh.688589,41.1681325000,41.8717333100,40.5693233000,41.0633408900,8672558,238635625.2300,5.967600,1
2025-10-10,sh.688589,40.5543530700,40.8238172100,38.7429552400,39.0423598400,7979501,209662726.7800,5.490700,1
2025-10-13,sh.688589,37.5453368400,39.4764965100,37.1261704000,39.4764965100,6308700,163004710.3900,4.341000,1
2025-10-14,sh.688589,39.6860797300,40.1052461700,37.6950391400,37.8746819000,5999458,155687637.1500,4.128200,1
2025-10-15,sh.688589,37.6650986800,38.2189971900,36.8567062600,37.4555154600,5884796,146916152.7400,4.049300,1
2025-10-16,sh.688589,37.3656940800,38.1291758100,36.8267658000,37.2609024700,5149146,128886090.3900,3.543100,1
2025-10-17,sh.688589,37.4854559200,37.4854559200,35.0453084300,35.1800405000,5129180,123387773.9100,3.529400,1
2025-10-20,sh.688589,35.6890283200,36.4974207400,35.6291474000,35.9285520000,4273788,102854673.6300,2.940800,1
2025-10-21,sh.688589,35.9285520000,36.9165871800,35.8686710800,36.6171825800,4622372,112909200.1000,3.180600,1
2025-10-22,sh.688589,35.9135817700,36.3177779800,35.2548916500,35.6890283200,4555834,108881226.1400,3.134900,1
2025-10-23,sh.688589,35.7489092400,35.8686710800,34.8207549800,35.5692664800,3376333,79498015.3100,2.323200,1
2025-10-24,sh.688589,35.7339390100,37.1411406300,35.6590878600,37.0213787900,4269278,104337068.4100,2.937700,1
2025-10-27,sh.688589,37.3806643100,37.8148009800,36.4674802800,37.2758727000,5426778,134849450.3200,3.734200,1
2025-10-28,sh.688589,36.3028077500,36.8866467200,35.7638794700,36.3776589000,5289387,128548366.2900,3.639600,1
2025-10-29,sh.688589,36.0932245300,36.6770635000,35.3896237200,35.7638794700,5110817,122350527.8900,3.516700,1
2025-10-30,sh.688589,35.7039985500,36.2878375200,35.3147725700,35.4944153300,4157732,99288710.0600,2.860900,1
2025-10-31,sh.688589,35.3447130300,35.8836413100,35.1051893500,35.2698618800,3420857,81093791.7500,2.353900,1
2025-11-03,sh.688589,35.4495046400,35.4495046400,34.4614694600,35.2848321100,3482791,81356416.8700,2.396500,1
2025-11-04,sh.688589,35.2998023400,35.4644748700,34.5213503800,34.7758442900,3031835,70675968.9600,2.086200,1
2025-11-05,sh.688589,34.4315290000,34.8806359000,34.2668564700,34.7009931400,2938502,67924207.7000,2.022000,1
2025-11-06,sh.688589,34.8956061300,35.4644748700,34.5363206100,35.1800405000,3142384,73670663.1900,2.162300,1
2025-11-07,sh.688589,35.1051893500,35.1051893500,34.6261419900,34.8956061300,2350962,54733453.1100,1.617700,1
2025-11-10,sh.688589,35.1501000400,35.3896237200,34.3866183100,34.8506954400,4235390,98402641.2900,2.914400,1
2025-11-11,sh.688589,35.0003977400,35.7938199300,34.6411122200,34.7309336000,3874854,91109514.3000,2.666300,1
2025-11-12,sh.688589,34.5812313000,34.9554870500,34.0123625600,34.3566778500,4314438,99101800.9800,2.968800,1
2025-11-13,sh.688589,34.2818267000,34.7309336000,34.1321244000,34.5063801500,3140092,72311245.8200,2.160700,1
2025-11-14,sh.688589,34.1920053200,34.5213503800,33.8926007200,34.1770350900,2753003,63008983.0900,1.894300,1
2025-11-17,sh.688589,33.9524816400,34.2967969300,33.8327198000,33.9973923300,2522784,57330477.0600,1.735900,1
2025-11-18,sh.688589,33.8776304900,34.3716480800,33.8776304900,34.1620648600,2058765,47011410.7100,1.416600,1
2025-11-19,sh.688589,34.2518862400,34.3716480800,33.2039701400,33.3536724400,2659956,59763309.9000,1.830300,1
2025-11-20,sh.688589,33.6530770400,33.8027793400,32.9195357700,33.0692380700,2226758,49419516.0900,1.532200,1
2025-11-21,sh.688589,33.0542678400,33.2039701400,31.4075425400,31.6021555300,3508708,75043471.6300,2.414300,1
2025-11-24,sh.688589,31.8865899000,32.5602502500,31.5871853000,32.2758158800,2025750,43335372.3600,1.393900,1
2025-11-25,sh.688589,32.4704288700,33.3536724400,32.3656372600,33.0991785300,2723992,60118608.8900,1.874400,1
2025-11-26,sh.688589,32.9794166900,33.4434938200,32.7698334700,32.8746250800,1949610,43124841.1600,1.341500,1
2025-11-27,sh.688589,32.9345060000,34.0123625600,32.8596548500,33.3387022100,2674173,59987808.9000,1.840100,1
2025-11-28,sh.688589,33.3536724400,33.6680472700,33.2189403700,33.4285235900,1750670,39120994.5200,1.204600,1
2025-12-01,sh.688589,33.5033747400,34.0123625600,33.2189403700,33.9075709500,1992781,44892622.6700,1.371200,1
2025-12-02,sh.688589,33.9075709500,33.9075709500,33.4884045100,33.7279281900,1415231,31830203.7000,0.973800,1
2025-12-03,sh.688589,33.6231365800,33.7279281900,33.0093571500,33.1590594500,1761781,39145410.1900,1.212300,1
2025-12-04,sh.688589,33.1590594500,33.4135533600,32.5752204800,33.1590594500,1561054,34401013.5000,1.074200,1
2025-12-05,sh.688589,33.1440892200,33.4884045100,32.5602502500,33.3985831300,1547208,34207515.2400,1.064600,1
2025-12-08,sh.688589,33.4584640500,34.3417076200,33.4584640500,34.1470946300,2377485,54051208.1700,1.635900,1
2025-12-09,sh.688589,34.1620648600,34.6411122200,34.0123625600,34.0423030200,2542961,58365100.0500,1.749800,1
2025-12-10,sh.688589,33.9524816400,34.2818267000,33.7279281900,34.1021839400,1995828,45311227.3200,1.373300,1
2025-12-11,sh.688589,34.2518862400,34.3716480800,33.5482854300,33.5931961200,1916655,43301864.8000,1.318800,1
2025-12-12,sh.688589,33.6979877300,34.2818267000,33.2488808300,34.0722434800,2627409,59524283.9800,1.807900,1
2025-12-15,sh.688589,33.9375114100,33.9375114100,33.3237319800,33.4734342800,1924488,43239423.2800,1.324200,1
2025-12-16,sh.688589,33.3087617500,33.6830175000,32.3057563400,32.3656372600,1958348,42710886.7300,1.347500,1
2025-12-17,sh.688589,32.4853991000,32.8446846200,31.5871853000,32.8297143900,2257237,48581015.9800,1.553200,1
2025-12-18,sh.688589,32.5303097900,33.6231365800,32.5003693300,33.3985831300,2611735,57988206.1100,1.797100,1
2025-12-19,sh.688589,33.7578686500,33.8327198000,33.2039701400,33.3536724400,1919494,42880657.6900,1.320800,1
2025-12-22,sh.688589,33.3686426700,34.0572732500,33.2488808300,33.6530770400,2021769,45586357.0800,1.391200,1
2025-12-23,sh.688589,33.6530770400,33.9375114100,33.2488808300,33.4434938200,1579172,35347111.6500,1.086600,1
2025-12-24,sh.688589,33.4135533600,33.9375114100,33.2937915200,33.8327198000,2374427,53395925.4500,1.633800,1
2025-12-25,sh.688589,33.9524816400,34.2818267000,33.6231365800,34.1770350900,2190036,49715389.0900,1.507000,1
2025-12-26,sh.688589,33.9824221000,34.3566778500,33.5931961200,33.9225411800,2570081,58366601.5500,1.768500,1
2025-12-29,sh.688589,33.9225411800,34.1171541700,33.6530770400,33.8027793400,1639213,37066849.9600,1.127900,1
2025-12-30,sh.688589,33.7129579600,34.3566778500,33.6680472700,34.0572732500,2286837,52053680.3900,1.573600,1
2025-12-31,sh.688589,33.9824221000,34.3267373900,33.6081663500,34.0572732500,1874562,42452194.7000,1.289900,1
2026-01-05,sh.688589,34.2369160100,34.6860229100,34.2369160100,34.6560824500,3555560,81930219.0800,2.446600,1
2026-01-06,sh.688589,34.6411122200,34.8956061300,34.2818267000,34.7758442900,3533401,81795198.4800,2.431300,1
2026-01-07,sh.688589,34.8506954400,35.2249511900,34.6710526800,35.1501000400,4362390,101943797.6500,3.001700,1
2026-01-08,sh.688589,35.1501000400,36.4225695900,34.9255465900,35.9135817700,5967762,142848063.1300,4.106400,1
2026-01-09,sh.688589,35.6291474000,36.0483138400,35.5243557900,35.8537008500,4952984,118295041.7100,3.408100,1
2026-01-12,sh.688589,36.0782543000,36.7668848800,35.6441176300,36.7369444200,5680049,137423221.7100,3.908400,1
2026-01-13,sh.688589,36.6770635000,36.7968253400,35.3447130300,35.4794451000,5674481,136061847.0400,3.904600,1
2026-01-14,sh.688589,35.5393260200,36.3926291300,35.2099809600,35.7189687800,6484129,155393847.2300,4.461700,1
2026-01-15,sh.688589,35.6441176300,36.0932245300,35.2249511900,36.0333436100,4217864,100390640.7900,2.902300,1
2026-01-16,sh.688589,36.5273612000,37.0812597100,36.1231649900,36.8567062600,5851883,143159177.9500,4.026700,1
2026-01-19,sh.688589,36.8567062600,37.6201879900,36.2578970600,37.2010215500,4701372,116462498.8600,3.235000,1
2026-01-20,sh.688589,37.1411406300,38.7429552400,37.1411406300,37.6351582200,7559412,191416880.5600,5.201600,1
2026-01-21,sh.688589,37.5453368400,38.7728957000,37.2010215500,38.4136101800,6688800,170795340.9200,4.602500,1
2026-01-22,sh.688589,38.7429552400,39.8507522600,37.9195925900,38.9675086900,7698529,199428429.3000,5.297300,1
2026-01-23,sh.688589,39.1920621400,39.1920621400,38.3686994900,38.8926575400,5588927,144190048.9400,3.845700,1
2026-01-26,sh.688589,38.7728957000,38.9076277700,37.4555154600,37.7998307500,5638952,143264343.9300,3.880100,1
2026-01-27,sh.688589,37.6650986800,39.0723003000,36.5722718900,39.0723003000,7768930,197918960.6900,5.345800,1
2026-01-28,sh.688589,39.1920621400,40.2399782400,38.9675086900,39.6411690400,8799224,232645439.9200,6.054700,1
2026-01-29,sh.688589,39.5962583500,39.5962583500,37.5752773000,37.6950391400,7514147,192877611.0900,5.170500,1
2026-01-30,sh.688589,37.4255750000,38.6830743200,37.1411406300,38.2938483400,5347380,135958445.0200,3.679500,1
2026-02-02,sh.688589,37.0513192500,37.5603070700,36.1531054500,36.2728672900,6087280,150016609.7800,4.188600,1
2026-02-03,sh.688589,37.4255750000,37.5752773000,36.6022123500,37.5603070700,3871395,96374448.8900,2.663900,1
2026-02-04,sh.688589,37.3806643100,37.3806643100,36.1531054500,36.5423314300,3624573,88674931.6400,2.494100,1
2026-02-05,sh.688589,36.3028077500,37.2459322400,35.9135817700,36.6022123500,3972564,96766683.3900,2.733500,1
2026-02-06,sh.688589,36.2429268300,36.7818551100,36.0333436100,36.0483138400,2798117,68011599.2500,1.925400,1
2026-02-09,sh.688589,36.4974207400,37.2010215500,36.2429268300,36.9614978700,3063122,75364848.3400,2.107700,1
2026-02-10,sh.688589,37.0064085600,37.2309620100,36.3177779800,36.3776589000,2567551,62849998.1300,1.766700,1
2026-02-11,sh.688589,36.2578970600,36.7219741900,36.1680756800,36.2728672900,2041455,49704033.6600,1.404700,1
2026-02-12,sh.688589,36.4824505100,37.1411406300,36.3477184400,36.9315574100,3227809,79472444.7500,2.221000,1
2026-02-13,sh.688589,36.6171825800,37.5004261500,36.5872421200,36.8267658000,3062693,76042132.0100,2.107400,1
2026-02-24,sh.688589,37.3806643100,37.4255750000,36.5573016600,36.9165871800,3080885,76019592.5900,2.119900,1
2026-02-25,sh.688589,36.9465276400,39.8956629500,36.5423314300,39.1621216800,11547533,297944672.3100,7.945800,1
2026-02-26,sh.688589,39.0872705300,39.4465560500,38.5932529400,39.1172109900,5958660,155254560.9700,4.100100,1
2026-02-27,sh.688589,39.1172109900,39.1471514500,38.3387590300,38.7279850100,3455058,89084301.1700,2.377400,1
2026-03-02,sh.688589,37.9345628200,38.4884613300,36.6171825800,36.7968253400,6294287,156441464.5700,4.331100,1
2026-03-03,sh.688589,36.6321528100,37.0363490200,34.1171541700,34.2668564700,6912754,162858537.9900,4.756600,1
2026-03-04,sh.688589,33.7279281900,34.7459038300,33.7279281900,34.1620648600,3054955,69954327.8900,2.102100,1
2026-03-05,sh.688589,34.8656656700,35.5992069400,34.7758442900,35.0752488900,3488264,82023370.1800,2.400300,1
2026-03-06,sh.688589,34.7608740600,35.6740580900,34.7608740600,35.6291474000,2594762,61490317.5000,1.785400,1
2026-03-09,sh.688589,35.0752488900,35.5243557900,34.1321244000,35.5243557900,3483011,80997787.9100,2.396600,1
2026-03-10,sh.688589,35.9285520000,37.2309620100,35.9285520000,37.2159917800,4959151,121909760.2800,3.412400,1
2026-03-11,sh.688589,37.1112001700,37.7848605200,36.4824505100,36.6770635000,3546540,87775418.5200,2.440400,1
2026-03-12,sh.688589,36.7668848800,36.9465276400,35.5393260200,35.7039985500,3512258,84519870.3000,2.416800,1
2026-03-13,sh.688589,35.4644748700,36.1680756800,34.9854275100,35.0902191200,2630764,62324660.7900,1.810200,1
2026-03-16,sh.688589,35.0902191200,35.8537008500,34.5812313000,35.7788497000,2952315,69524122.3000,2.031500,1
2026-03-17,sh.688589,35.9135817700,35.9285520000,34.5063801500,34.5812313000,3063405,71902829.5900,2.107900,1
2026-03-18,sh.688589,34.9554870500,36.1381352200,34.6710526800,36.0034031500,3306870,78245360.2100,2.275400,1
2026-03-19,sh.688589,35.5393260200,35.6141771700,34.5962015300,34.8806359000,2990558,69951065.9500,2.057800,1
2026-03-20,sh.688589,34.8656656700,35.1650702700,33.8327198000,33.9075709500,3599323,83042008.7400,2.476700,1
2026-03-23,sh.688589,33.2339106000,33.4584640500,31.2578402400,31.6770066800,4702246,101824013.8800,3.235600,1
2026-03-24,sh.688589,32.3207265700,33.0093571500,31.6620364500,32.9494762300,3368564,72666170.9000,2.317900,1
2026-03-25,sh.688589,33.2339106000,33.6530770400,33.0991785300,33.2788212900,2221776,49540490.7000,1.528800,1
2026-03-26,sh.688589,33.3087617500,33.3087617500,31.9315005900,32.1111433500,2670734,58070201.1300,1.837700,1
2026-03-27,sh.688589,31.6171257600,32.7848037000,31.4374830000,32.6201311700,1962178,42382998.4800,1.350200,1
2026-03-30,sh.688589,32.3057563400,32.5153395600,31.7368876000,32.4853991000,1832073,39401953.0200,1.260600,1
2026-03-31,sh.688589,32.4853991000,32.8446846200,31.6919769100,31.7219173700,1881750,40478153.5200,1.294800,1
2026-04-01,sh.688589,32.3356968000,32.7398930100,32.0812028900,32.5452800200,1642101,35526303.3500,1.129900,1
2026-04-02,sh.688589,32.4105479500,32.5303097900,31.2877807000,31.7069471400,1892937,40257852.1500,1.302500,1
2026-04-03,sh.688589,31.7069471400,33.8027793400,31.6770066800,32.4105479500,4950663,108567019.4700,3.406500,1
2026-04-07,sh.688589,32.7398930100,33.6231365800,32.4554586400,33.3237319800,2820398,62368342.0800,1.940700,1
2026-04-08,sh.688589,34.4165587700,34.7159633700,33.9075709500,34.6860229100,3232227,74208683.4800,2.224100,1
2026-04-09,sh.688589,34.2219457800,34.5662610700,33.7279281900,33.9075709500,2438349,55589407.4200,1.677800,1
2026-04-10,sh.688589,34.3866183100,34.9255465900,34.1620648600,34.4614694600,2869805,66162214.3300,1.974700,1
2026-04-13,sh.688589,34.2668564700,34.7608740600,34.0123625600,34.1470946300,2058103,47187548.1500,1.416200,1
2026-04-14,sh.688589,34.5363206100,34.5512908400,33.9674518700,34.2818267000,2452828,56131113.4300,1.687800,1
2026-04-15,sh.688589,34.0572732500,34.0722434800,33.1590594500,33.3087617500,4032686,90411760.9100,2.774900,1
2026-04-16,sh.688589,33.2937915200,34.0572732500,33.1740296800,33.8626602600,2906101,65598922.0100,1.999700,1
2026-04-17,sh.688589,33.9524816400,34.0123625600,33.5333152000,33.9075709500,2164888,48884235.8100,1.489700,1
2026-04-20,sh.688589,33.7578686500,34.0872137100,33.6530770400,33.8776304900,2039451,46172758.4900,1.403300,1
2026-04-21,sh.688589,33.9524816400,34.0273327900,33.2189403700,33.3536724400,2204562,49214951.7400,1.517000,1
2026-04-22,sh.688589,33.2638510600,33.8327198000,33.0542678400,33.7878091100,2388760,53571556.8600,1.643700,1
2026-04-23,sh.688589,33.7878091100,33.8177495700,32.1859945000,32.8596548500,3338741,73454087.1500,2.297400,1
2026-04-24,sh.688589,32.7848037000,33.5931961200,32.7099525500,33.2339106000,3276464,72650782.7200,2.254500,1
2026-04-27,sh.688589,32.5602502500,33.9824221000,32.5602502500,33.8776304900,3392542,75675345.9400,2.334400,1
2026-04-28,sh.688589,33.7578686500,34.0423030200,32.8446846200,33.0093571500,2975256,66368057.5900,2.047300,1
2026-04-29,sh.688589,33.0093571500,33.9225411800,32.7848037000,33.6530770400,2578303,57696516.6700,1.774100,1
2026-04-30,sh.688589,33.6530770400,34.7009931400,33.6530770400,34.4764396900,4121127,94467809.0400,2.835700,1
2026-05-06,sh.688589,35.0902191200,35.6141771700,34.6710526800,34.9854275100,4730357,111236433.4800,3.254900,1
2026-05-07,sh.688589,35.1650702700,36.2279566000,34.8656656700,35.8087901600,4477542,106471378.1800,3.081000,1
2026-05-08,sh.688589,35.7489092400,36.0333436100,35.3596832600,35.9285520000,3329590,79346154.8800,2.291100,1
2026-05-11,sh.688589,36.5273612000,36.7519146500,36.1231649900,36.5273612000,4937027,120175986.2000,3.397100,1
2026-05-12,sh.688589,36.2728672900,36.4974207400,35.6141771700,36.0782543000,3861642,92928357.4200,2.657200,1
2026-05-13,sh.688589,35.8087901600,37.2908429300,35.5992069400,36.9016169500,5104270,124917940.9800,3.512200,1
2026-05-14,sh.688589,37.1710810900,37.1710810900,36.2578970600,36.3626886700,4454472,109229041.5000,3.065100,1
2026-05-15,sh.688589,36.2728672900,37.1261704000,35.7039985500,36.1081947600,4643938,112817222.9000,3.195500,1
2026-05-18,sh.688589,36.0183733800,36.9315574100,35.6441176300,36.4075993600,3507253,85144990.8200,2.413300,1
2026-05-19,sh.688589,36.3626886700,36.9465276400,35.8986115400,36.9165871800,4166711,101381375.5100,2.867100,1
2026-05-20,sh.688589,36.7668848800,37.3357536200,36.6022123500,37.0662894800,4117659,101799204.3700,2.833300,1
2026-05-21,sh.688589,37.2758727000,37.7100093700,34.5213503800,34.7309336000,6902824,166723985.5400,4.749800,1
2026-05-22,sh.688589,35.0153679700,36.8567062600,34.7908145200,36.3776589000,5463073,130723328.3700,3.759100,1
2026-05-25,sh.688589,36.3926291300,37.4255750000,36.0483138400,37.3507238500,6353517,157361841.8900,4.371800,1
2026-05-26,sh.688589,37.2459322400,37.2459322400,35.5393260200,36.4824505100,5208836,126016494.2700,3.584200,1
2026-05-27,sh.688589,36.6171825800,36.9764681000,35.4495046400,35.7039985500,5298406,128095854.6200,3.645800,1
2026-05-28,sh.688589,35.4794451000,36.4075993600,34.9405168200,36.0483138400,5750866,137194851.0000,3.957100,1
2026-05-29,sh.688589,36.1531054500,36.1531054500,31.9614410500,32.3057563400,9898170,219939574.9700,6.810900,1
2026-06-01,sh.688589,31.6320959900,32.8596548500,31.6320959900,32.2159349600,4822999,103905612.5400,3.318700,1
2026-06-02,sh.688589,32.1111433500,32.3356968000,30.6889715000,31.1979593200,4874531,102219390.6600,3.354100,1
2026-06-03,sh.688589,31.2129295500,31.8566494400,30.4344775900,30.7937631100,4548322,94698809.4600,3.129700,1
2026-06-04,sh.688589,30.4943585100,30.8686142600,29.7159065500,30.0901623000,4450226,89987688.7300,3.062200,1
2026-06-05,sh.688589,30.0751920700,30.5841798900,28.3985263100,29.9105195400,4475364,88344823.2000,3.079500,1
2026-06-08,sh.688589,29.0123057400,29.6260851700,28.0093003300,28.4434370000,4392216,84549038.8100,3.022300,1
2026-06-09,sh.688589,28.6679904500,31.3027509300,28.5781690700,30.3745966700,5890345,118500579.2300,4.053100,1
2026-06-10,sh.688589,29.9383162000,30.6454020600,28.8551208400,29.3064522400,3621845,71093568.9600,2.492200,1
2026-06-11,sh.688589,29.1710528200,29.4418516600,28.4790113400,28.9905202600,3128863,60037089.8000,2.153000,1
2026-06-12,sh.688589,29.9383162000,30.5250470200,28.8852096000,28.9905202600,3540577,69553797.5900,2.436300,1
2026-06-15,sh.688589,29.1108753000,30.2091150400,28.9303427400,30.1038043800,3425931,67587018.6900,2.357400,1
2026-06-16,sh.688589,30.0436268600,30.9011565200,29.7878724000,30.8409790000,3564627,72047867.2100,2.452800,1
2026-06-17,sh.688589,30.2993813200,31.3374435400,30.2241594200,31.1117778400,3256605,66756409.9400,2.240900,1
2026-06-18,sh.688589,31.0365559400,31.5179761000,30.6454020600,31.2170885000,2982575,61696163.7400,2.052300,1
2026-06-22,sh.688589,31.4878873400,31.8940856000,29.6374286000,31.1268222200,4837259,98484113.5800,3.328500,1
2026-06-23,sh.688589,31.1719553600,32.1648844400,30.6754908200,31.1719553600,5028856,105195985.5800,3.460300,1
2026-06-24,sh.688589,31.1418666000,31.4126654400,30.0436268600,31.1869997400,4831643,98818408.3300,3.324600,1
2026-06-25,sh.688589,31.2471772600,31.6684199000,30.0887600000,30.6604464400,4322263,88590557.0300,2.974100,1
2026-06-26,sh.688589,30.3144257000,30.4799138800,29.1409640600,29.2613191000,4800958,94695636.9200,3.303500,1
