date,code,open,high,low,close,preclose,volume,amount,turn,pctChg,tradestatus,isST
2021-09-07,sh.688187,55.11,62.76,54.62,57.5,31.38,102426685,5839508277.26,64.6272,83.2377,1,0
2021-09-08,sh.688187,57.6,58.27,51.81,52.0,57.5,51808252,2856617623.37,32.689,-9.5652,1,0
2021-09-09,sh.688187,52.8,54.46,50.33,53.19,52.0,30984535,1636021223.66,19.55,2.2885,1,0
2021-09-10,sh.688187,52.8,53.42,49.8,51.54,53.19,28973525,1489532134.06,18.2811,-3.1021,1,0
2021-09-13,sh.688187,51.2,53.21,50.25,51.5,51.54,17505252,907148467.18,11.0451,-0.0776,1,0
2021-09-14,sh.688187,50.84,53.77,50.51,52.61,51.5,19551300,1031525065.13,12.3361,2.1553,1,0
2021-09-15,sh.688187,52.3,53.08,49.9,50.48,52.61,14807092,757905487.68,9.3427,-4.0487,1,0
2021-09-16,sh.688187,50.6,50.6,47.38,47.48,50.48,13717154,669024763.96,8.655,-5.9429,1,0
2021-09-17,sh.688187,47.47,48.74,45.9,47.18,47.48,12499550,591634980.9,7.8867,-0.6318,1,0
2021-09-22,sh.688187,46.29,49.8,46.19,48.06,47.18,11311923,549288500.39,7.1374,1.8652,1,0
2021-09-23,sh.688187,48.13,51.88,47.77,50.39,48.06,15728041,792284909.88,9.9238,4.8481,1,0
2021-09-24,sh.688187,50.99,51.44,49.52,49.8,50.39,7088350,357750411.24,4.4725,-1.1709,1,0
2021-09-27,sh.688187,50.8,51.0,47.72,49.95,49.8,9122127,451059513.02,5.7557,0.3012,1,0
2021-09-28,sh.688187,49.74,50.9,48.88,49.3,49.95,7015672,349940199.99,4.4266,-1.3013,1,0
2021-09-29,sh.688187,48.15,49.58,46.5,47.52,49.3,8332140,398446855.58,5.2573,-3.6105,1,0
2021-09-30,sh.688187,47.48,51.6,47.3,50.7,47.52,8801169,440843524.52,5.5532,6.6919,1,0
2021-10-08,sh.688187,51.0,51.5,48.99,49.0,50.7,5691264,285085294.13,3.591,-3.3531,1,0
2021-10-11,sh.688187,49.41,49.41,47.1,47.31,49.0,7019567,337995905.91,4.4291,-3.449,1,0
2021-10-12,sh.688187,47.01,47.32,44.96,46.0,47.31,8651714,397048590.74,5.4589,-2.769,1,0
2021-10-13,sh.688187,46.02,48.28,46.02,47.88,46.0,4565583,216027206.56,2.8807,4.087,1,0
2021-10-14,sh.688187,48.0,49.47,46.91,48.03,47.88,4563686,220564558.12,2.8795,0.3133,1,0
2021-10-15,sh.688187,48.6,54.89,48.59,52.01,48.03,21777337,1141181996.62,13.7406,8.2865,1,0
2021-10-18,sh.688187,53.25,54.79,52.51,54.13,52.01,20192764,1086397956.27,12.7408,4.0761,1,0
2021-10-19,sh.688187,53.66,55.35,53.0,54.65,54.13,10960256,596458242.19,6.9155,0.9607,1,0
2021-10-20,sh.688187,54.31,55.5,54.01,54.51,54.65,9869861,540785077.45,6.2275,-0.2562,1,0
2021-10-21,sh.688187,54.22,55.2,51.94,52.78,54.51,9563741,511683249.58,6.0343,-3.1737,1,0
2021-10-22,sh.688187,52.74,55.28,51.88,55.0,52.78,8345375,453400827.84,5.2656,4.2061,1,0
2021-10-25,sh.688187,54.8,58.23,54.03,57.5,55.0,9609147,542686692.87,6.063,4.5455,1,0
2021-10-26,sh.688187,57.2,58.75,54.32,54.32,57.5,8917299,502874929.63,5.6265,-5.5304,1,0
2021-10-27,sh.688187,55.28,55.43,52.8,54.27,54.32,5954288,320829364.94,3.7569,-0.092,1,0
2021-10-28,sh.688187,53.61,54.5,52.01,52.09,54.27,5380376,284703959.96,3.3948,-4.017,1,0
2021-10-29,sh.688187,51.79,54.14,51.79,53.84,52.09,5094284,272344834.52,3.2143,3.3596,1,0
2021-11-01,sh.688187,54.3,61.98,54.21,60.8,53.84,16086346,950425035.83,10.1498,12.9272,1,0
2021-11-02,sh.688187,60.03,65.86,60.03,63.57,60.8,16426494,1052306829.76,10.3645,4.5559,1,0
2021-11-03,sh.688187,64.23,66.17,63.18,64.93,63.57,9590280,625730428.48,6.0511,2.1394,1,0
2021-11-04,sh.688187,65.08,66.6,63.74,65.4,64.93,7268191,473950889.85,4.5859,0.7239,1,0
2021-11-05,sh.688187,66.65,69.6,65.17,65.38,65.4,9648849,651611157.08,6.088,-0.0306,1,0
2021-11-08,sh.688187,66.01,69.86,65.8,68.53,65.38,7199693,491410206.1,4.5427,4.818,1,0
2021-11-09,sh.688187,68.15,68.22,64.68,67.09,68.53,4575234,304436413.98,2.8868,-2.1013,1,0
2021-11-10,sh.688187,66.02,68.78,65.3,67.4,67.09,4750641,318141060.33,2.9975,0.4621,1,0
2021-11-11,sh.688187,67.0,71.48,66.3,69.96,67.4,8475256,587442457.11,5.3476,3.7982,1,0
2021-11-12,sh.688187,69.26,70.57,66.68,67.61,69.96,5405555,367986744.37,3.4107,-3.3591,1,0
2021-11-15,sh.688187,67.77,69.6,65.66,66.97,67.61,4167656,280803010.85,2.6296,-0.9466,1,0
2021-11-16,sh.688187,66.63,68.33,64.02,65.4,66.97,5009885,330339518.42,3.161,-2.3443,1,0
2021-11-17,sh.688187,65.64,72.5,65.4,71.58,65.4,7592389,534395686.37,4.7905,9.4495,1,0
2021-11-18,sh.688187,71.44,75.49,70.39,72.7,71.58,7912563,577520908.87,4.9925,1.5647,1,0
2021-11-19,sh.688187,72.3,73.9,70.88,72.35,72.7,3268019,235647820.67,2.062,-0.4814,1,0
2021-11-22,sh.688187,73.57,86.82,73.57,86.82,72.35,13401701,1086653205.0,8.4559,20.0,1,0
2021-11-23,sh.688187,87.85,92.6,86.4,88.0,86.82,13480780,1198786006.15,8.5058,1.3591,1,0
2021-11-24,sh.688187,86.9,89.99,84.0,85.8,88.0,8729572,754904741.23,5.508,-2.5,1,0
2021-11-25,sh.688187,84.96,85.57,80.7,84.5,85.8,8828076,737926068.53,5.5702,-1.5152,1,0
2021-11-26,sh.688187,85.32,89.01,85.08,85.8,84.5,7041213,611429042.62,4.4427,1.5385,1,0
2021-11-29,sh.688187,85.8,89.37,83.33,87.09,85.8,5557862,482470019.67,3.5068,1.5035,1,0
2021-11-30,sh.688187,88.0,89.74,85.81,88.06,87.09,5500382,482871346.24,3.4705,1.1138,1,0
2021-12-01,sh.688187,87.5,89.0,82.9,84.74,88.06,5687328,483060915.06,3.5885,-3.7702,1,0
2021-12-02,sh.688187,85.66,87.3,81.76,84.21,84.74,5759133,483676899.02,3.6338,-0.6254,1,0
2021-12-03,sh.688187,83.5,86.6,82.4,83.0,84.21,5139944,433174916.87,3.2431,-1.4369,1,0
2021-12-06,sh.688187,82.99,85.5,78.02,78.69,83.0,7876995,636775469.91,4.9701,-5.1928,1,0
2021-12-07,sh.688187,78.69,80.07,72.68,75.9,78.69,10105453,759718491.62,6.3761,-3.5456,1,0
2021-12-08,sh.688187,76.06,78.63,75.7,77.83,75.9,5518749,427295802.68,3.4821,2.5428,1,0
2021-12-09,sh.688187,79.55,82.15,76.41,78.15,77.83,7752578,614365552.73,4.8916,0.4112,1,0
2021-12-10,sh.688187,77.08,81.66,76.4,79.88,78.15,5345105,425767914.89,3.3725,2.2137,1,0
2021-12-13,sh.688187,79.88,82.48,78.06,80.62,79.88,3627586,292601566.68,2.2889,0.9264,1,0
2021-12-14,sh.688187,80.01,80.88,77.36,79.81,80.62,4087631,322355971.3,2.5791,-1.0047,1,0
2021-12-15,sh.688187,79.0,81.55,77.99,80.22,79.81,4408475,354877897.16,2.7816,0.5137,1,0
2021-12-16,sh.688187,80.5,82.31,78.03,78.43,80.22,4017189,318463853.81,2.5347,-2.2314,1,0
2021-12-17,sh.688187,79.16423541,79.2547548,74.427054,77.60529036,78.43002258,5798815,441331910.49,3.6588,-1.0516,1,0
2021-12-20,sh.688187,77.9472525,78.450138,74.427054,75.71444088,77.60529036,4013325,303360185.43,2.5322,-2.4365,1,0
2021-12-21,sh.688187,74.76901614,83.45887758,74.58797736,82.66431849,75.71444088,6712469,532582688.37,4.2353,9.1791,1,0
2021-12-22,sh.688187,82.65426078,83.3784159,79.09383144,79.41567816,82.66431849,4147252,333283744.61,2.6168,-3.9299,1,0
2021-12-23,sh.688187,79.16423541,84.41436003,77.444367,83.02639605,79.41567816,6366219,521161563.59,4.0168,4.5466,1,0
2021-12-24,sh.688187,82.2720678,85.36984248,80.31081435,80.49185313,83.02639605,4940783,405403658.94,3.1174,-3.0527,1,0
2021-12-27,sh.688187,80.1599487,84.47470629,80.1599487,82.71460704,80.49185313,5050432,416030680.14,3.1866,2.7615,1,0
2021-12-28,sh.688187,83.21749254,83.85112827,80.43150687,80.8639884,82.71460704,4032925,327099685.19,2.5446,-2.2374,1,0
2021-12-29,sh.688187,80.38121832,82.93587666,78.8524464,80.0593716,80.8639884,2947453,235777734.25,1.8597,-0.995,1,0
2021-12-30,sh.688187,80.30075664,82.28212551,78.66134991,80.92433466,80.0593716,4268051,343507185.4,2.693,1.0804,1,0
2021-12-31,sh.688187,80.27058351,84.03216705,80.27058351,82.473222,80.92433466,5001828,410000866.55,3.156,1.914,1,0
2022-01-04,sh.688187,83.24766567,83.9818785,71.70141459,74.9299395,82.473222,10024388,751201093.03,6.325,-9.1463,1,0
2022-01-05,sh.688187,72.62672391,75.32219019,68.35219716,69.1970448,74.9299395,8930465,626691942.11,5.6348,-7.651,1,0
2022-01-06,sh.688187,69.1970448,70.6051242,66.71279043,68.8953135,69.1970448,6058134,413632281.79,3.8224,-0.436,1,0
2022-01-07,sh.688187,68.8953135,69.16687167,65.01303744,67.00446402,68.8953135,5680696,378781188.99,3.5843,-2.7445,1,0
2022-01-10,sh.688187,66.72284814,68.6941593,66.04898157,67.61798433,67.00446402,3947116,264110367.85,2.4905,0.9156,1,0
2022-01-11,sh.688187,66.8837715,68.24156235,62.24716719,62.99143773,67.61798433,7622540,487325236.47,4.8095,-6.8422,1,0
2022-01-12,sh.688187,64.18830522,66.8837715,62.95120689,65.9785776,62.99143773,8737620,563720348.78,5.5131,4.7421,1,0
2022-01-13,sh.688187,66.1797318,67.73867685,64.50009423,65.55615378,65.9785776,5270352,347061475.94,3.3254,-0.6402,1,0
2022-01-14,sh.688187,64.94263347,72.50603139,64.8722295,70.38385458,65.55615378,8251662,572044718.6,5.2065,7.3642,1,0
2022-01-17,sh.688187,71.13818283,74.427054,69.78039198,72.69712788,70.38385458,7677260,555516872.52,4.844,3.2867,1,0
2022-01-18,sh.688187,71.74164543,74.2258998,69.398199,71.70141459,72.69712788,3945330,281509954.3,2.4893,-1.3697,1,0
2022-01-19,sh.688187,71.04766344,71.69135688,68.8953135,69.96143076,71.70141459,2709025,188248704.43,1.7093,-2.4267,1,0
2022-01-20,sh.688187,69.92119992,71.12812512,66.7831944,67.47717639,69.96143076,4563406,308423249.51,2.8793,-3.5509,1,0
2022-01-21,sh.688187,66.83348295,70.0016616,66.13950096,66.8837715,67.47717639,4516911,303897791.04,2.85,-0.8794,1,0
2022-01-24,sh.688187,66.31048203,69.01600602,65.2745379,66.86365608,66.8837715,5077164,338769109.47,3.2035,-0.0301,1,0
2022-01-25,sh.688187,66.31048203,68.53323594,65.88805821,66.24007806,66.86365608,4317942,287513441.39,2.7245,-0.9326,1,0
2022-01-26,sh.688187,66.4814631,69.27750648,65.59638462,67.74873456,66.24007806,4132681,276141856.92,2.6076,2.2776,1,0
2022-01-27,sh.688187,67.5878112,68.74444785,65.25442248,65.89811592,67.74873456,4155701,275980648.35,2.6221,-2.7316,1,0
2022-01-28,sh.688187,65.52598065,66.66250188,62.91097605,64.08772812,65.89811592,4227613,273122689.41,2.6675,-2.7473,1,0
2022-02-07,sh.688187,65.52598065,66.82342524,63.70553514,65.7774234,64.08772812,3678266,238665547.33,2.3208,2.6365,1,0
2022-02-08,sh.688187,65.34494187,65.34494187,55.87057905,59.12927709,65.7774234,12769522,747386308.88,8.0571,-10.107,1,0
2022-02-09,sh.688187,59.19968106,62.14659009,58.334718,61.03018428,59.12927709,5535855,332137647.9,3.4929,3.2148,1,0
2022-02-10,sh.688187,61.03018428,61.33191558,56.09184867,57.15796593,61.03018428,10017416,572216234.69,6.3206,-6.3448,1,0
2022-02-11,sh.688187,57.30883158,57.40940868,54.76423095,55.317405,57.15796593,5002045,277891118.25,3.1561,-3.2201,1,0
2022-02-14,sh.688187,54.33174942,56.61484959,54.0099027,54.94526973,55.317405,4251403,233362392.35,2.6825,-0.6727,1,0
2022-02-15,sh.688187,55.317405,59.53158549,55.14642393,59.32037358,54.94526973,5325974,307540928.91,3.3605,7.9627,1,0
2022-02-16,sh.688187,59.9439516,60.47701023,57.44963952,57.66085143,59.32037358,4212031,245230357.2,2.6576,-2.7976,1,0
2022-02-17,sh.688187,57.88212105,60.67816443,56.1220218,59.78302824,57.66085143,5906792,344432631.59,3.727,3.6804,1,0
2022-02-18,sh.688187,58.75714182,59.92383618,57.82177479,59.04881541,59.78302824,2631689,154455049.21,1.6605,-1.2281,1,0
2022-02-21,sh.688187,58.78731495,59.82325908,55.84040592,56.5243302,59.04881541,6239148,353393656.21,3.9367,-4.2753,1,0
2022-02-22,sh.688187,55.69959798,59.5416432,54.1104798,57.4295241,56.5243302,9382511,531054473.44,5.92,1.6014,1,0
2022-02-23,sh.688187,58.1335638,64.85211408,57.45969723,62.58912933,57.4295241,10957079,676287122.2,6.9135,8.9842,1,0
2022-02-24,sh.688187,63.21270735,65.72713485,62.16670551,64.13801667,62.58912933,10095346,642137767.87,6.3698,2.4747,1,0
2022-02-25,sh.688187,66.0791547,69.27750648,66.0791547,67.50734952,64.13801667,10968861,739791408.99,6.9209,5.2533,1,0
2022-02-28,sh.688187,65.8780005,67.49729181,64.21847835,66.21996264,67.50734952,11085844,724489376.0,6.9947,-1.907,1,0
2022-03-01,sh.688187,66.10932783,68.1912738,65.42540355,67.69844601,66.21996264,4938591,329104512.0,3.1161,2.2327,1,0
2022-03-02,sh.688187,66.86365608,67.1855028,64.70124843,65.95846218,67.69844601,5130198,334152704.0,3.237,-2.5702,1,0
2022-03-03,sh.688187,65.83776966,65.95846218,62.00578215,62.50866765,65.95846218,6395591,400749616.0,4.0354,-5.2303,1,0
2022-03-04,sh.688187,60.56752962,64.369344,60.15516351,62.5589562,62.50866765,6208554,386694576.0,3.9174,0.0805,1,0
2022-03-07,sh.688187,61.2514539,62.8606875,57.07750425,57.6306783,62.5589562,14067831,831919024.0,8.3473,-7.8778,1,0
2022-03-08,sh.688187,58.334718,62.2572249,58.18385235,59.70256656,57.6306783,9421011,561418336.0,5.59,3.5951,1,0
2022-03-09,sh.688187,60.37643313,64.53026736,60.05458641,63.1624188,59.70256656,11074601,686412240.0,6.5712,5.7951,1,0
2022-03-10,sh.688187,66.380886,69.07635228,63.94692018,65.05326828,63.1624188,13178639,869623584.0,7.8197,2.9936,1,0
2022-03-11,sh.688187,63.48426552,67.23579135,63.4641501,66.11938554,65.05326828,7635653,497479680.0,4.5307,1.6388,1,0
2022-03-14,sh.688187,65.08344141,66.86365608,64.05755499,64.34922858,66.11938554,4603638,297699792.0,2.7316,-2.6772,1,0
2022-03-15,sh.688187,63.363573,69.04617915,62.32762887,65.375115,64.34922858,6630273,436309392.0,3.9341,1.5942,1,0
2022-03-16,sh.688187,67.76884998,70.85656695,64.10784354,70.6051242,65.375115,8664620,582820608.0,5.1412,8.0,1,0
2022-03-17,sh.688187,73.48162926,75.1310937,68.0906967,68.57346678,70.6051242,10107963,721839216.0,5.9976,-2.8775,1,0
2022-03-18,sh.688187,67.89960021,71.50026039,67.39671471,68.75450556,68.57346678,7617686,524275356.74,4.52,0.264,1,0
2022-03-21,sh.688187,68.08063899,70.38385458,66.380886,69.47866068,68.75450556,5484023,374015200.64,3.254,1.0532,1,0
2022-03-22,sh.688187,68.32202403,69.1970448,65.9785776,66.31048203,69.47866068,4152756,278240848.69,2.4641,-4.5599,1,0
2022-03-23,sh.688187,66.9843486,67.26596448,64.0676127,67.04469486,66.31048203,4164263,273365556.74,2.4709,1.1072,1,0
2022-03-24,sh.688187,66.2803089,66.2803089,61.9554936,63.6653043,67.04469486,8516387,535088070.21,5.0533,-5.0405,1,0
2022-03-25,sh.688187,63.89663163,66.76307898,60.78879924,61.07041512,63.6653043,5062104,316830397.98,3.0036,-4.0758,1,0
2022-03-28,sh.688187,59.05887312,61.81468566,58.8376035,60.98995344,61.07041512,4988769,299728463.49,2.9601,-0.1318,1,0
2022-03-29,sh.688187,61.30174245,62.10635925,57.50998578,57.75137082,60.98995344,5175651,302642885.05,3.071,-5.31,1,0
2022-03-30,sh.688187,58.58616075,60.36637542,56.90652318,60.21550977,57.75137082,6117390,360772782.3,3.4946,4.2668,1,0
2022-03-31,sh.688187,59.38071984,59.83331679,54.43232652,55.06596225,60.21550977,9501100,526061894.05,5.4275,-8.5519,1,0
2022-04-01,sh.688187,54.79440408,55.8202905,52.5012462,54.62342301,55.06596225,5050999,273758309.47,2.8854,-0.8037,1,0
2022-04-06,sh.688187,54.25128774,54.25128774,49.7856645,50.70091611,54.62342301,8728437,443909252.21,4.9861,-7.181,1,0
2022-04-07,sh.688187,50.0873958,50.68080069,48.01550754,49.19225961,50.70091611,8344766,407325240.07,4.767,-2.9756,1,0
2022-04-08,sh.688187,49.1822019,50.96241657,48.26695029,49.3833561,49.19225961,6623530,327012691.12,3.7837,0.3885,1,0
2022-04-11,sh.688187,48.277008,48.94081686,45.68211882,46.265466,49.3833561,7798043,362398923.74,4.4546,-6.3136,1,0
2022-04-12,sh.688187,45.89333073,46.8689286,44.69646324,45.9637347,46.265466,7443662,336397980.57,4.2522,-0.6522,1,0
2022-04-13,sh.688187,46.01402325,46.265466,42.90619086,43.09728735,45.9637347,7176183,313269046.26,4.0994,-6.2363,1,0
2022-04-14,sh.688187,43.46942262,45.20940645,41.39753436,45.04848309,43.09728735,14887078,639638891.2,8.5043,4.5274,1,0
2022-04-15,sh.688187,43.53982659,45.13900248,42.9464217,43.83150018,45.04848309,9092931,396813377.06,5.1944,-2.7015,1,0
2022-04-18,sh.688187,43.32861468,47.42210265,43.25821071,47.21089074,43.83150018,9347996,428065228.24,5.3401,7.71,1,0
2022-04-19,sh.688187,46.74823608,47.61319914,43.83150018,44.73669408,47.21089074,8316715,373705043.44,4.7509,-5.2407,1,0
2022-04-20,sh.688187,44.7568095,45.13900248,43.51971117,43.71080766,44.73669408,6579770,288571601.88,3.7587,-2.2932,1,0
2022-04-21,sh.688187,43.78121163,45.4608492,42.242382,43.02688338,43.71080766,7140264,310599088.75,4.0789,-1.5647,1,0
2022-04-22,sh.688187,42.27255513,43.5498843,41.0354568,41.11591848,43.02688338,7262571,302180810.12,4.1488,-4.4413,1,0
2022-04-25,sh.688187,39.70783908,40.78401405,37.78681647,37.78681647,41.11591848,7567820,296936073.14,4.3231,-8.0969,1,0
2022-04-26,sh.688187,38.40033678,39.36587694,36.88162257,37.05260364,37.78681647,6659386,253160193.26,3.8042,-1.943,1,0
2022-04-27,sh.688187,38.7221835,44.46513591,38.28970197,44.46513591,37.05260364,14379388,599355456.04,8.2142,20.0054,1,0
2022-04-28,sh.688187,45.29992584,46.8689286,43.7510385,45.75252279,44.46513591,13770621,624786269.16,7.8665,2.8953,1,0
2022-04-29,sh.688187,45.6620034,51.08310909,44.7568095,49.4839332,45.75252279,13786392,648635127.56,7.8755,8.1556,1,0
2022-05-05,sh.688187,48.65920098,50.26843458,46.85887089,48.89052831,49.4839332,8720413,420414143.69,4.9816,-1.1992,1,0
2022-05-06,sh.688187,46.82869776,50.88195489,46.5671973,48.97098999,48.89052831,7682066,376892418.68,4.3884,0.1646,1,0
2022-05-09,sh.688187,47.62325685,49.75549137,47.61319914,48.09596922,48.97098999,6822519,327798762.1,3.8974,-1.7868,1,0
2022-05-10,sh.688187,47.33158326,53.305863,47.33158326,52.87338147,48.09596922,9228505,472064231.88,5.2718,9.9331,1,0
2022-05-11,sh.688187,52.300092,55.77000195,50.82160863,50.82160863,52.87338147,11143979,588314494.29,6.366,-3.8805,1,0
2022-05-12,sh.688187,50.1879729,52.27997658,49.83595305,51.47535978,50.82160863,5454229,277282184.8,3.1157,1.2864,1,0
2022-05-13,sh.688187,51.6966294,53.25557445,49.91641473,53.15499735,51.47535978,8714062,450432953.32,4.9779,3.263,1,0
2022-05-16,sh.688187,53.23545903,54.1104798,51.4954752,52.5012462,53.15499735,5104293,266028387.11,2.9158,-1.2299,1,0
2022-05-17,sh.688187,52.56159246,57.50998578,51.80726421,55.87057905,52.5012462,7924734,437370085.23,4.527,6.4176,1,0
2022-05-18,sh.688187,56.30306058,57.17808135,55.4179821,56.29300287,55.87057905,3957367,221659622.96,2.2607,0.7561,1,0
2022-05-19,sh.688187,55.46827065,58.334718,54.8145195,55.94098302,56.29300287,7518845,423545449.0,4.2952,-0.6253,1,0
2022-05-20,sh.688187,56.4237531,57.18813906,53.74840224,55.22688561,55.94098302,6855302,375483794.62,3.9161,-1.2765,1,0
2022-05-23,sh.688187,55.29728958,55.87057905,53.89926789,55.70965569,55.22688561,4388098,239244198.17,2.5067,0.8742,1,0
2022-05-24,sh.688187,55.53867462,57.47981265,53.11476651,53.2052859,55.70965569,5714780,312986617.48,3.2646,-4.4954,1,0
2022-05-25,sh.688187,52.65211185,54.6133653,52.300092,53.305863,53.2052859,4872417,257989793.31,2.7834,0.189,1,0
2022-05-26,sh.688187,53.305863,55.08607767,52.15928406,54.49267278,53.305863,4239709,227454481.2,2.4219,2.2264,1,0
2022-05-27,sh.688187,54.82457721,57.10767738,54.45244194,55.5185592,54.49267278,5263082,292091667.51,3.0065,1.8826,1,0
2022-05-30,sh.688187,56.31311829,58.5358722,54.49267278,55.80017508,55.5185592,7261430,404773087.0,4.1481,0.5072,1,0
2022-05-31,sh.688187,54.83463492,58.02292899,53.6075943,56.70536898,55.80017508,9275640,518381922.28,5.2987,1.6222,1,0
2022-06-01,sh.688187,56.34329142,60.8491455,56.34329142,59.95400931,56.70536898,8760185,512242516.17,5.0043,5.729,1,0
2022-06-02,sh.688187,59.39077755,64.23859377,58.8376035,63.93686247,59.95400931,6918989,424167350.38,3.9525,6.6432,1,0
2022-06-06,sh.688187,64.11790125,66.5820402,62.84057208,65.375115,63.93686247,8004173,516653781.24,4.5724,2.2495,1,0
2022-06-07,sh.688187,65.1739608,65.8780005,62.33768658,62.91097605,65.375115,6110366,386816096.57,3.4906,-3.7692,1,0
2022-06-08,sh.688187,62.36785971,62.84057208,59.24996961,61.5531852,62.91097605,7470855,453360260.62,4.2677,-2.1583,1,0
2022-06-09,sh.688187,61.2514539,61.67387772,57.80165937,58.42523739,61.5531852,7091434,417681832.54,4.051,-5.0817,1,0
2022-06-10,sh.688187,57.82177479,61.8549165,57.82177479,61.5531852,58.42523739,11126099,666399685.45,6.3558,5.3538,1,0
2022-06-13,sh.688187,60.11493267,61.49283894,59.56175862,60.4468371,61.5531852,5049555,304699189.81,2.8846,-1.7974,1,0
2022-06-14,sh.688187,59.51147007,60.1451058,55.37775126,57.88212105,60.4468371,10194104,581162479.11,5.8234,-4.2429,1,0
2022-06-15,sh.688187,58.32466029,58.89794976,56.17231035,56.323176,57.88212105,7167610,409019764.87,4.0945,-2.6933,1,0
2022-06-16,sh.688187,56.83611921,58.82754579,56.59473417,57.328947,56.323176,4905076,281793974.88,2.802,1.7857,1,0
2022-06-17,sh.688187,56.90652318,59.71262427,55.74988653,59.340489,57.328947,8893475,510088031.32,5.0804,3.5088,1,0
2022-06-20,sh.688187,58.68673785,61.29168474,58.14362151,60.37643313,59.340489,8638381,515797357.84,4.9347,1.7458,1,0
2022-06-21,sh.688187,59.57181633,60.4468371,56.49415707,57.25854303,60.37643313,7581995,437986564.88,4.3312,-5.1641,1,0
2022-06-22,sh.688187,57.9324096,58.77725724,54.9150966,54.9150966,57.25854303,7602283,426362363.82,4.3428,-4.0927,1,0
2022-06-23,sh.688187,55.20677019,58.77725724,54.86480805,58.68673785,54.9150966,7789634,444392666.77,4.4498,6.8681,1,0
2022-06-24,sh.688187,58.80743037,62.71987956,58.41517968,60.86926092,58.68673785,8972871,544280322.04,5.1258,3.7189,1,0
2022-06-27,sh.688187,62.357802,62.70982185,56.21254119,56.66513814,60.86926092,17973181,1035759451.99,10.2672,-6.9068,1,0
2022-06-28,sh.688187,55.88063676,62.5589562,54.82457721,61.68393543,56.66513814,15724416,911144494.63,8.9826,8.8569,1,0
2022-06-29,sh.688187,60.67816443,64.53026736,60.34626,60.4468371,61.68393543,14981162,931924701.52,8.558,-2.0055,1,0
2022-06-30,sh.688187,60.9497226,66.380886,59.32037358,65.36505729,60.4468371,13422273,849345657.49,7.6675,8.1364,1,0
2022-07-01,sh.688187,67.04469486,67.25590677,62.34774429,63.73570827,65.36505729,9567650,611979561.0,5.4655,-2.4927,1,0
2022-07-04,sh.688187,63.30322674,66.1797318,60.52729878,66.06909699,63.73570827,10793079,684001964.15,6.1656,3.661,1,0
2022-07-05,sh.688187,65.15384538,66.83348295,63.1624188,64.13801667,66.06909699,7150163,457254474.71,4.0845,-2.9228,1,0
2022-07-06,sh.688187,63.07189941,66.380886,62.7601104,63.57478491,64.13801667,5961660,384257599.48,3.4056,-0.8782,1,0
2022-07-07,sh.688187,63.1624188,65.42540355,62.24716719,64.35928629,63.57478491,5094052,325220887.75,2.91,1.234,1,0
2022-07-08,sh.688187,65.5762692,72.29481948,65.20413393,69.45854526,64.35928629,12656886,873332903.17,7.2303,7.9231,1,0
2022-07-11,sh.688187,68.28179319,71.0074326,67.39671471,68.68410159,69.45854526,6003033,411957917.35,3.4292,-1.115,1,0
2022-07-12,sh.688187,69.1970448,69.1970448,65.21419164,65.78748111,68.68410159,4634373,306838327.2,2.6474,-4.2173,1,0
2022-07-13,sh.688187,64.96274889,67.386657,63.8664585,65.49580752,65.78748111,4235858,277293034.05,2.4197,-0.4434,1,0
2022-07-14,sh.688187,65.1739608,69.24733335,65.15384538,66.73290585,65.49580752,3769050,252707240.24,2.1531,1.8888,1,0
2022-07-15,sh.688187,66.380886,70.15252725,66.20990493,67.85936937,66.73290585,3945831,269052184.7,2.2541,1.688,1,0
2022-07-18,sh.688187,68.40248571,68.76456327,63.29316903,65.375115,67.85936937,6438802,417569787.19,3.6782,-3.6609,1,0
2022-07-19,sh.688187,65.31476874,65.93834676,62.357802,62.40809055,65.375115,6403203,404060108.61,3.6578,-4.5385,1,0
2022-07-20,sh.688187,63.48426552,64.62078675,61.6537623,62.48855223,62.40809055,7345187,459691283.18,4.196,0.1289,1,0
2022-07-21,sh.688187,62.4583791,66.27025119,61.92532047,63.80611224,62.48855223,6990614,449667540.44,3.9934,2.1085,1,0
2022-07-22,sh.688187,63.30975,64.1201148,58.37665428,60.65580528,63.80609844,12525226,743340462.52,7.1551,-4.9373,1,0
2022-07-25,sh.688187,59.94673608,61.87135248,57.74862156,58.61976372,60.65580528,7899132,461010162.1,4.5124,-3.3567,1,0
2022-07-26,sh.688187,58.5488568,58.9540392,56.75592468,58.02211968,58.61976372,5032061,288817671.78,2.8746,-1.0195,1,0
2022-07-27,sh.688187,57.97147188,58.498209,56.88760896,57.46499388,58.02211968,5060172,287808306.21,2.8906,-0.9602,1,0
2022-07-28,sh.688187,58.08289704,60.1695864,57.8397876,59.21740776,57.46499388,8351010,489330135.67,4.7705,3.0495,1,0
2022-07-29,sh.688187,58.64002284,59.5618128,55.79361648,55.97594856,59.21740776,9838256,555670187.32,5.6201,-5.4738,1,0
2022-08-01,sh.688187,55.5099888,56.63436996,54.15262776,56.48242656,55.97594856,9405492,513246212.88,5.3729,0.9048,1,0
2022-08-02,sh.688187,55.8138756,58.42730208,54.9022152,56.7761838,56.48242656,8047931,453982183.32,4.5974,0.5201,1,0
2022-08-03,sh.688187,57.16110708,58.76157756,55.71258,56.51281524,56.7761838,7365053,416791922.69,4.2073,-0.4639,1,0
2022-08-04,sh.688187,56.5735926,57.42447564,55.3073976,55.71258,56.51281524,6031269,334867886.0,3.4454,-1.416,1,0
2022-08-05,sh.688187,56.22918756,66.855096,55.71258,66.855096,55.71258,18829746,1167422920.0,10.7565,20.0,1,0
2022-08-08,sh.688187,67.52364696,67.52364696,60.18984552,63.50221164,66.855096,15873171,982551191.0,9.0676,-5.0152,1,0
2022-08-09,sh.688187,62.32718268,64.14037392,61.04072856,63.49208208,63.50221164,9777321,601242676.0,5.5853,-0.016,1,0
2022-08-10,sh.688187,62.57029212,65.082423,61.0812468,61.35474492,63.49208208,8730428,541844813.0,4.9873,-3.3663,1,0
2022-08-11,sh.688187,61.87135248,62.6513286,60.95969208,62.30692356,61.35474492,5571771,340665834.0,3.1829,1.5519,1,0
2022-08-12,sh.688187,61.8409638,62.296794,60.35191848,60.78748956,62.30692356,4600114,278624922.0,2.6278,-2.4386,1,0
2022-08-15,sh.688187,61.0812468,62.1954984,60.18984552,61.78018644,60.78748956,3842844,233046129.35,2.1952,1.6331,1,0
2022-08-16,sh.688187,61.60798392,63.39078648,61.50668832,62.1448506,61.78018644,4786139,294191390.32,2.7341,0.5903,1,0
2022-08-17,sh.688187,61.71940908,63.4616934,61.4864292,62.78301288,62.1448506,4853703,299354298.37,2.7727,1.0269,1,0
2022-08-18,sh.688187,62.296794,68.84048976,62.22588708,67.48312872,62.78301288,12267181,795976892.84,7.0076,7.4863,1,0
2022-08-19,sh.688187,68.121291,71.29184328,67.7667564,68.26310484,67.48312872,11426454,780750920.12,6.5274,1.1558,1,0
2022-08-22,sh.688187,67.94908848,69.4887816,65.335662,66.20680416,68.26310484,6120321,403032997.87,3.4962,-3.0123,1,0
2022-08-23,sh.688187,66.07511988,67.1589828,64.8798318,65.7408444,66.20680416,4930699,321877001.31,2.8167,-0.7038,1,0
2022-08-24,sh.688187,66.02447208,66.1460268,62.6006808,62.7526242,65.7408444,5753831,361783388.79,3.2869,-4.5455,1,0
2022-08-25,sh.688187,62.81340156,63.5123412,60.31140024,61.75992732,62.7526242,4096757,247862993.99,2.3403,-1.5819,1,0
2022-08-26,sh.688187,62.68171728,63.14767704,61.1825424,62.06381412,61.75992732,3311448,203651232.3,1.8917,0.492,1,0
2022-08-29,sh.688187,60.77736,68.54673252,60.66593484,67.1589828,62.06381412,9563604,622733883.84,5.4459,8.2096,1,0
2022-08-30,sh.688187,66.62211612,68.76958284,66.1460268,66.84496644,67.1589828,4795277,318572183.63,2.7306,-0.4676,1,0
2022-08-31,sh.688187,66.02447208,66.83483688,62.10433236,62.58042168,66.84496644,5703852,357756070.77,3.248,-6.3798,1,0
2022-09-01,sh.688187,62.550033,63.6136368,61.88148204,62.68171728,62.58042168,4082810,252611688.45,2.3249,0.1619,1,0
2022-09-02,sh.688187,62.97547452,63.30975,60.45321408,60.524121,62.68171728,4871747,296204064.41,2.7742,-3.4421,1,0
2022-09-05,sh.688187,59.02494612,61.44591096,57.93095364,58.83248448,60.524121,5211995,304838571.11,2.9679,-2.795,1,0
2022-09-06,sh.688187,58.84261404,61.030599,58.0423788,59.72388576,58.83248448,3263645,192709720.65,1.8585,1.5152,1,0
2022-09-07,sh.688187,59.72388576,63.06664056,59.72388576,61.74979776,59.72388576,6178683,377780528.65,2.9444,3.3921,1,0
2022-09-08,sh.688187,61.5877248,62.18536884,60.66593484,61.19267196,61.74979776,2446613,147936436.27,1.1659,-0.9022,1,0
2022-09-09,sh.688187,61.42565184,61.69914996,59.1566304,61.29396756,61.19267196,2924410,175095787.52,1.3936,0.1655,1,0
2022-09-13,sh.688187,61.32435624,62.6513286,59.764404,59.92647696,61.29396756,2562367,153959603.39,1.2211,-2.231,1,0
2022-09-14,sh.688187,59.1566304,60.4734732,58.52859768,59.17688952,59.92647696,2716091,158910283.83,1.2943,-1.2508,1,0
2022-09-15,sh.688187,59.75427444,59.77453356,56.61411084,57.75875112,59.17688952,4484315,254569527.31,2.137,-2.3964,1,0
2022-09-16,sh.688187,57.29279136,59.64284928,56.81670204,58.24497,57.75875112,3697145,213488763.35,1.7618,0.8418,1,0
2022-09-19,sh.688187,58.64002284,59.03507568,57.0800706,57.36369828,58.24497,2349606,134053244.14,1.1197,-1.513,1,0
2022-09-20,sh.688187,57.738492,59.16675996,57.03955236,58.48807944,57.36369828,2323251,133616768.54,1.1071,1.9601,1,0
2022-09-21,sh.688187,58.24497,58.60963416,55.12506552,56.07724416,58.48807944,3389305,189035779.29,1.6152,-4.1219,1,0
2022-09-22,sh.688187,55.206102,58.0930266,54.91234476,56.39126052,56.07724416,2541204,142021037.35,1.211,0.56,1,0
2022-09-23,sh.688187,60.270882,62.296794,57.74862156,59.06546436,56.39126052,12204781,720882326.63,5.8161,4.7422,1,0
2022-09-26,sh.688187,58.24497,61.3851336,56.98890456,57.232014,59.06546436,6093789,354330520.91,2.904,-3.1041,1,0
2022-09-27,sh.688187,57.67771464,59.21740776,56.219058,57.9410832,57.232014,4618392,262358882.14,2.2009,1.2389,1,0
2022-09-28,sh.688187,57.738492,57.738492,55.32765672,55.68219132,57.9410832,3371851,186970064.98,1.6068,-3.8986,1,0
2022-09-29,sh.688187,56.725536,58.5488568,55.89491208,57.738492,55.68219132,5512324,313735802.38,2.6269,3.6929,1,0
2022-09-30,sh.688187,57.76888068,58.24497,54.57806928,54.9022152,57.738492,4277187,236785039.42,2.0383,-4.9123,1,0
2022-10-10,sh.688187,54.9022152,55.0035108,49.634844,50.89090944,54.9022152,5399534,271487018.18,2.5731,-7.3063,1,0
2022-10-11,sh.688187,51.19479624,54.08172084,50.5465044,52.926951,50.89090944,4118237,213215812.14,1.9625,4.0008,1,0
2022-10-12,sh.688187,52.81552584,57.00916368,52.4711208,56.725536,52.926951,5377989,291712343.63,2.5628,7.177,1,0
2022-10-13,sh.688187,56.0164668,57.72836244,55.1048064,55.42895232,56.725536,3091123,172583905.46,1.4731,-2.2857,1,0
2022-10-14,sh.688187,56.70527688,58.78183668,55.79361648,58.38678384,55.42895232,4732372,268946591.6,2.2552,5.3363,1,0
2022-10-17,sh.688187,59.764404,60.04803168,55.89491208,57.09020016,58.38678384,6303142,354446261.44,3.0037,-2.2207,1,0
2022-10-18,sh.688187,57.96134232,58.22471088,56.8268316,57.19149576,57.09020016,3998380,226489066.32,1.9054,0.1774,1,0
2022-10-19,sh.688187,57.232014,60.91917384,57.00916368,59.1566304,57.19149576,6748524,396146596.57,3.216,3.4361,1,0
2022-10-20,sh.688187,58.24497,61.5877248,57.3333096,60.54438012,59.1566304,7223778,428361762.59,3.4424,2.3459,1,0
2022-10-21,sh.688187,60.1695864,60.71658264,59.0553348,60.29114112,60.54438012,3956905,234644500.2,1.8856,-0.4183,1,0
2022-10-24,sh.688187,59.9669952,61.9929072,59.3592216,61.27370844,60.29114112,8586482,515632431.45,4.0918,1.6297,1,0
2022-10-25,sh.688187,60.270882,61.16228328,57.91069452,60.70645308,61.27370844,7178422,424460155.64,3.4208,-0.9258,1,0
2022-10-26,sh.688187,61.00021032,64.64685192,60.45321408,62.3980896,60.70645308,8194989,508026892.06,3.9053,2.7866,1,0
2022-10-27,sh.688187,61.8916116,64.3733538,61.36487448,61.8916116,62.3980896,6040876,375094037.06,2.8787,-0.8117,1,0
2022-10-28,sh.688187,61.90174116,64.829184,60.9799512,62.93495628,61.8916116,6876740,432008746.89,3.2771,1.6858,1,0
2022-10-31,sh.688187,62.803272,64.6265928,62.38796004,63.59337768,62.93495628,5287805,330356614.15,2.5199,1.0462,1,0
2022-11-01,sh.688187,62.3980896,63.50221164,61.283838,62.82353112,63.59337768,5739533,353014147.36,2.7351,-1.2106,1,0
2022-11-02,sh.688187,61.9929072,63.80609844,60.94956252,62.38796004,62.82353112,5024422,308442880.58,2.3944,-0.6933,1,0
2022-11-03,sh.688187,61.98277764,63.9681714,61.80044556,63.69467328,62.38796004,5530125,344996453.67,2.6353,2.0945,1,0
2022-11-04,sh.688187,63.2591022,65.0317752,62.1954984,63.75545064,63.69467328,6620460,416159181.28,3.1549,0.0954,1,0
2022-11-07,sh.688187,63.30975,64.829184,62.6006808,62.66145816,63.75545064,5686123,357653773.91,2.7097,-1.7159,1,0
2022-11-08,sh.688187,63.0058632,64.28218776,61.1318946,62.18536884,62.66145816,5169352,318191320.57,2.4634,-0.7598,1,0
2022-11-09,sh.688187,61.82070468,62.68171728,60.9799512,60.9799512,62.18536884,3326587,202314484.9,1.5853,-1.9384,1,0
2022-11-10,sh.688187,60.77736,61.66876128,57.5359008,58.13354484,60.9799512,6394832,373206766.67,3.0474,-4.6678,1,0
2022-11-11,sh.688187,60.77736,61.70927952,59.6631084,59.764404,58.13354484,4658187,278734920.25,2.2198,2.8054,1,0
2022-11-14,sh.688187,59.70362664,60.95969208,58.3462656,58.69067064,59.764404,3396860,199425280.12,1.6188,-1.7966,1,0
2022-11-15,sh.688187,59.06546436,62.66145816,58.4475612,61.6890204,58.69067064,4747880,286967549.56,2.2626,5.1087,1,0
2022-11-16,sh.688187,61.283838,61.66876128,58.2956178,58.69067064,61.6890204,6018058,353761144.61,2.8679,-4.8604,1,0
2022-11-17,sh.688187,58.81222536,59.74414488,57.5865486,59.52129456,58.69067064,3159993,183226851.81,1.5059,1.4153,1,0
2022-11-18,sh.688187,59.22753732,60.13919772,57.738492,57.88030584,59.52129456,3601946,208555747.8,1.7165,-2.757,1,0
2022-11-21,sh.688187,57.92082408,57.93095364,56.5229448,57.1307184,57.88030584,3285603,185672010.97,1.5657,-1.2951,1,0
2022-11-22,sh.688187,57.6371964,58.7008002,56.85722028,57.9410832,57.1307184,3688745,209940115.28,1.7578,1.4184,1,0
2022-11-23,sh.688187,58.2956178,58.72105932,55.9151712,56.48242656,57.9410832,5032877,281921425.08,2.3984,-2.5175,1,0
2022-11-24,sh.688187,56.95851588,58.18419264,55.48972968,56.1177624,56.48242656,5119068,284985707.94,2.4395,-0.6456,1,0
2022-11-25,sh.688187,56.3203536,56.3203536,54.47677368,54.98325168,56.1177624,4337836,236190446.92,2.0672,-2.0217,1,0
2022-11-28,sh.688187,54.47677368,56.3203536,53.86900008,55.99620768,54.98325168,5258046,289160068.72,2.5057,1.8423,1,0
2022-11-29,sh.688187,56.2697058,57.09020016,55.41882276,56.20892844,55.99620768,3991461,221725889.0,1.9021,0.3799,1,0
2022-11-30,sh.688187,55.84426428,56.5229448,54.91234476,56.3710014,56.20892844,5094199,280573138.09,2.4276,0.2883,1,0
2022-12-01,sh.688187,57.2826618,57.51564168,56.44190832,56.8268316,56.3710014,5041076,283102052.08,2.4023,0.8086,1,0
2022-12-02,sh.688187,56.90786808,57.62706684,56.53307436,57.00916368,56.8268316,3699777,208686601.75,1.7631,0.3209,1,0
2022-12-05,sh.688187,57.4346052,58.24497,57.11045928,57.75875112,57.00916368,4533647,258900151.37,2.1605,1.3149,1,0
2022-12-06,sh.688187,57.25227312,58.9540392,56.40139008,58.30574736,57.75875112,4126212,235839437.81,1.9663,0.947,1,0
2022-12-07,sh.688187,57.991731,58.22471088,57.0800706,57.66758508,58.30574736,3506043,199921091.36,1.6708,-1.0945,1,0
2022-12-08,sh.688187,57.2826618,59.44025808,57.12058884,58.83248448,57.66758508,5667864,328766154.39,2.701,2.02,1,0
2022-12-09,sh.688187,58.73118888,60.6760644,57.5359008,57.54603036,58.83248448,9339366,539447053.34,4.4506,-2.1866,1,0
2022-12-12,sh.688187,57.3333096,58.32600648,56.40139008,57.50551212,57.54603036,6433376,364457429.95,3.0658,-0.0704,1,0
2022-12-13,sh.688187,57.16110708,57.4346052,56.38113096,57.29279136,57.50551212,3159710,177688386.06,1.5057,-0.3699,1,0
2022-12-14,sh.688187,57.97147188,58.4475612,57.0294228,57.70810332,57.29279136,3663348,208878359.76,1.7457,0.7249,1,0
2022-12-15,sh.688187,57.25227312,57.96134232,56.63436996,57.5359008,57.70810332,2671139,151306033.55,1.2729,-0.2984,1,0
2022-12-16,sh.688187,57.52577124,57.5359008,56.05698504,56.31022404,57.5359008,2557832,142735106.62,1.2189,-2.1303,1,0
2022-12-19,sh.688187,56.6748882,57.00916368,55.4086932,56.00633724,56.31022404,2109859,116687009.16,1.0054,-0.5397,1,0
2022-12-20,sh.688187,55.80374604,57.62706684,55.80374604,57.20162532,56.00633724,3175110,178923039.25,1.5131,2.1342,1,0
2022-12-21,sh.688187,57.51564168,57.52577124,55.6619322,55.9151712,57.20162532,2287797,126969327.67,1.0902,-2.249,1,0
2022-12-22,sh.688187,55.93543032,56.5229448,55.206102,55.88478252,55.9151712,1939689,106925814.73,0.9243,-0.0543,1,0
2022-12-23,sh.688187,55.1048064,55.54037748,52.7750076,53.27135604,55.88478252,2580713,137821612.04,1.2298,-4.6765,1,0
2022-12-26,sh.688187,52.78513716,55.5099888,52.78513716,55.32765672,53.27135604,2253150,122156486.83,1.0737,3.86,1,0
2022-12-27,sh.688187,55.5606366,55.70245044,53.686668,55.1048064,55.32765672,2103025,113876648.9,1.0022,-0.4028,1,0
2022-12-28,sh.688187,54.88195608,56.1684102,54.37547808,55.29726804,55.1048064,2253434,122888614.22,1.0739,0.3493,1,0
2022-12-29,sh.688187,55.5099888,55.85439384,54.23366424,54.952863,55.29726804,2636290,142249036.1,1.2563,-0.6228,1,0
2022-12-30,sh.688187,55.1048064,55.9151712,54.7502718,55.27700892,54.952863,2230089,121866106.52,1.0627,0.5899,1,0
2023-01-03,sh.688187,55.70245044,56.12789196,54.35521896,56.0164668,55.27700892,2710205,148226032.88,1.2915,1.3377,1,0
2023-01-04,sh.688187,56.1177624,56.68501776,54.48690324,54.73001268,56.0164668,3662027,199517292.11,1.7451,-2.2966,1,0
2023-01-05,sh.688187,54.78066048,55.23649068,53.9905548,55.12506552,54.73001268,3198284,172933372.27,1.5241,0.7218,1,0
2023-01-06,sh.688187,54.88195608,56.9281272,54.4970328,56.725536,55.12506552,5627807,310858184.19,2.6819,2.9033,1,0
2023-01-09,sh.688187,56.54320392,58.31587692,55.97594856,56.2697058,56.725536,4099972,231325609.61,1.9538,-0.8036,1,0
2023-01-10,sh.688187,56.2697058,56.8774794,54.68949444,55.206102,56.2697058,5285094,288994428.56,2.5186,-1.8902,1,0
2023-01-11,sh.688187,55.206102,55.71258,53.69679756,53.9905548,55.206102,5257009,281449229.23,2.5052,-2.2018,1,0
2023-01-12,sh.688187,53.939907,56.85722028,53.5853724,56.1684102,53.9905548,6585767,359955129.58,3.1384,4.0338,1,0
2023-01-13,sh.688187,56.219058,56.69514732,54.35521896,54.50716236,56.1684102,6773634,370061384.16,3.2279,-2.9576,1,0
2023-01-16,sh.688187,55.19597244,57.61693728,54.56793972,56.69514732,54.50716236,4917790,272998307.04,2.3435,4.0141,1,0
2023-01-17,sh.688187,56.8268316,58.01199012,56.6242404,57.1307184,56.69514732,2785382,157561803.02,1.3274,0.7683,1,0
2023-01-18,sh.688187,57.64732596,58.0423788,56.91799764,57.30292092,57.1307184,2285992,129576591.38,1.0894,0.3014,1,0
2023-01-19,sh.688187,57.0294228,58.27535868,56.73566556,58.02211968,57.30292092,2270725,129356563.67,1.0821,1.2551,1,0
2023-01-20,sh.688187,58.9033914,58.9540392,57.1307184,57.42447564,58.02211968,3199851,181919062.79,1.5249,-1.03,1,0
2023-01-30,sh.688187,58.24497,58.5488568,57.57641904,57.97147188,57.42447564,3518270,201440883.61,1.6766,0.9525,1,0
2023-01-31,sh.688187,57.8397876,57.991731,56.24944668,56.55333348,57.97147188,3176111,177974381.83,1.5136,-2.4463,1,0
2023-02-01,sh.688187,56.4216492,57.66758508,56.27983536,57.52577124,56.55333348,3028347,171006969.34,1.4431,1.7195,1,0
2023-02-02,sh.688187,57.4346052,58.42730208,57.232014,57.5865486,57.52577124,3301286,188390920.02,1.5732,0.1057,1,0
2023-02-03,sh.688187,57.5865486,57.87017628,56.219058,56.65462908,57.5865486,3141496,175632740.75,1.4971,-1.6183,1,0
2023-02-06,sh.688187,56.725536,56.725536,55.3073976,55.74296868,56.65462908,2930704,161526195.71,1.3966,-1.6092,1,0
2023-02-07,sh.688187,56.10763284,56.10763284,55.02376992,55.39856364,55.74296868,2973785,162446159.98,1.4171,-0.6178,1,0
2023-02-08,sh.688187,55.36817496,55.965819,54.57806928,54.5983284,55.39856364,2630714,142674319.99,1.2536,-1.4445,1,0
2023-02-09,sh.688187,54.67936488,56.25957624,53.95003656,56.08737372,54.5983284,3948082,216104078.09,1.8814,2.7273,1,0
2023-02-10,sh.688187,55.79361648,56.25957624,55.4086932,55.52011836,56.08737372,2310616,127177751.96,1.1011,-1.0114,1,0
2023-02-13,sh.688187,55.08454728,55.89491208,54.8009196,55.52011836,55.52011836,2802305,153032127.94,1.3354,0.0,1,0
2023-02-14,sh.688187,55.70245044,56.00633724,54.40586676,54.9022152,55.52011836,3140032,170067166.42,1.4964,-1.1129,1,0
2023-02-15,sh.688187,55.03389948,55.03389948,53.9905548,54.32483028,54.9022152,3537890,189334078.68,1.686,-1.0517,1,0
2023-02-16,sh.688187,54.193146,55.08454728,53.36252208,53.686668,54.32483028,3983305,213451071.16,1.8982,-1.1747,1,0
2023-02-17,sh.688187,53.686668,53.90951832,52.46099124,52.48125036,53.686668,3950832,206549041.42,1.8827,-2.2453,1,0
2023-02-20,sh.688187,52.48125036,52.926951,51.33661008,52.2685296,52.48125036,3673516,188000594.63,1.7506,-0.4053,1,0
2023-02-21,sh.688187,52.33943652,52.8256554,51.68101512,52.02542016,52.2685296,2833219,145911331.45,1.3502,-0.4651,1,0
2023-02-22,sh.688187,51.69114468,52.45086168,51.660756,51.913995,52.02542016,2039167,104559690.77,0.9718,-0.2142,1,0
2023-02-23,sh.688187,51.8633472,52.08619752,51.5088126,51.89373588,51.913995,2680817,137180656.01,1.2775,-0.039,1,0
2023-02-24,sh.688187,51.660756,52.19762268,51.56958996,51.70127424,51.89373588,2225199,113951887.78,1.0604,-0.3709,1,0
2023-02-27,sh.688187,51.4581648,52.673712,51.33661008,52.3191774,51.70127424,3455098,178272215.25,1.6465,1.1951,1,0
2023-02-28,sh.688187,53.15993088,53.27135604,51.64049688,52.420473,52.3191774,3338759,172501380.5,1.5911,0.1936,1,0
2023-03-01,sh.688187,52.20775224,52.9775988,52.05580884,52.66358244,52.420473,3249890,168683480.3,1.5487,0.4638,1,0
2023-03-02,sh.688187,52.75474848,53.19031956,52.3698252,52.73448936,52.66358244,3041430,158860984.61,1.4494,0.1346,1,0
2023-03-03,sh.688187,52.8256554,54.96299256,52.8256554,54.74014224,52.73448936,7004570,373818615.26,3.338,3.8033,1,0
2023-03-06,sh.688187,54.83130828,55.32765672,53.686668,54.8009196,54.74014224,4050054,218386420.99,1.93,0.111,1,0
2023-03-07,sh.688187,54.61858752,55.33778628,53.89938876,54.03107304,54.8009196,2847637,153676171.43,1.357,-1.4048,1,0
2023-03-08,sh.688187,53.96016612,54.37547808,53.26122648,53.7373158,54.03107304,2247986,119013819.1,1.0713,-0.5437,1,0
2023-03-09,sh.688187,53.49420636,56.18866932,53.29161516,55.47960012,53.7373158,6842848,371895711.37,3.2609,3.2422,1,0
2023-03-10,sh.688187,55.46947056,55.83413472,54.0918504,54.1424982,55.47960012,3644585,197726467.41,1.7368,-2.4101,1,0
2023-03-13,sh.688187,53.939907,54.67936488,53.15993088,54.42612588,54.1424982,3862562,205604868.88,1.8407,0.5239,1,0
2023-03-14,sh.688187,54.446385,54.66923532,53.4840768,54.22353468,54.42612588,2629029,139990464.45,1.2528,-0.3722,1,0
2023-03-15,sh.688187,54.16275732,55.03389948,53.98042524,54.5983284,54.22353468,3448467,185226744.53,1.6433,0.6912,1,0
2023-03-16,sh.688187,54.41599632,54.98325168,51.0529824,51.154278,54.5983284,6297372,327154504.21,3.001,-6.308,1,0
2023-03-17,sh.688187,51.63036732,51.92412456,50.13119244,51.16440756,51.154278,7015435,351510323.66,3.3432,0.0198,1,0
2023-03-20,sh.688187,51.2555736,51.2555736,49.75639872,50.18184024,51.16440756,4350844,216517474.33,2.0734,-1.9204,1,0
2023-03-21,sh.688187,50.67818868,52.3698252,50.30339496,51.8126994,50.18184024,4180801,212947558.91,1.9923,3.2499,1,0
2023-03-22,sh.688187,52.08619752,52.9775988,51.67088556,52.2178818,51.8126994,3236577,167158787.88,1.5424,0.782,1,0
2023-03-23,sh.688187,52.45086168,52.5724164,51.660756,51.99503148,52.2178818,3080804,158225319.12,1.4681,-0.4268,1,0
2023-03-24,sh.688187,52.34956608,53.14980132,51.85321764,51.9646428,51.99503148,3159850,163536652.54,1.5058,-0.0584,1,0
2023-03-27,sh.688187,51.75192204,51.87347676,50.9516868,51.29609184,51.9646428,2285424,115926351.01,1.0891,-1.2865,1,0
2023-03-28,sh.688187,51.67088556,51.7620516,50.25274716,50.46546792,51.29609184,2712125,135655777.3,1.2924,-1.6193,1,0
2023-03-29,sh.688187,50.46546792,50.89090944,50.13119244,50.61741132,50.46546792,3268874,163185175.71,1.5578,0.3011,1,0
2023-03-30,sh.688187,50.45533836,51.43790568,50.20209936,50.84026164,50.61741132,2542435,127263316.72,1.2116,0.4403,1,0
2023-03-31,sh.688187,50.72883648,51.38725788,48.28761252,48.35851944,50.84026164,7338341,357423039.66,3.4739,-4.8815,1,0
2023-04-03,sh.688187,48.4192968,49.634844,48.3180012,49.23979116,48.35851944,5812230,281438482.92,2.7515,1.8224,1,0
2023-04-04,sh.688187,49.3309572,49.3309572,47.77100496,48.44968548,49.23979116,6197136,296776493.97,2.9337,-1.6046,1,0
2023-04-06,sh.688187,48.50033328,52.07606796,47.94320748,51.1036302,48.44968548,8289461,413377465.64,3.9242,5.4777,1,0
2023-04-07,sh.688187,51.28596228,53.15993088,50.67818868,52.71423024,51.1036302,7417716,383074731.99,3.5115,3.1516,1,0
2023-04-10,sh.688187,52.5217686,53.4840768,51.06311196,51.41764656,52.71423024,5348455,275750745.28,2.5319,-2.4596,1,0
2023-04-11,sh.688187,51.38725788,52.0659384,50.3439132,51.19479624,51.41764656,5283495,265723984.41,2.5012,-0.4334,1,0
2023-04-12,sh.688187,51.1036302,51.6101082,50.67818868,51.32648052,51.19479624,3003942,151952570.54,1.422,0.2572,1,0
2023-04-13,sh.688187,51.21505536,51.21505536,49.47277104,49.66523268,51.32648052,5001171,245999344.7,2.3675,-3.2366,1,0
2023-04-14,sh.688187,49.66523268,50.96181636,49.23979116,50.4452088,49.66523268,4892480,242408624.75,2.3161,1.5705,1,0
2023-04-17,sh.688187,50.10080376,50.92129812,49.90834212,50.2426176,50.4452088,2824881,140496529.64,1.3373,-0.4016,1,0
2023-04-18,sh.688187,50.2426176,50.51611572,49.57406664,50.13119244,50.2426176,2796551,138290173.91,1.3239,-0.2218,1,0
2023-04-19,sh.688187,50.0400264,50.13119244,48.50033328,48.7231836,50.13119244,4504311,217447048.39,2.1323,-2.8086,1,0
2023-04-20,sh.688187,48.93590436,49.19927292,48.33826032,49.00681128,48.7231836,3807397,183419555.27,1.8024,0.5821,1,0
2023-04-21,sh.688187,48.9257748,50.4958566,47.94320748,48.2167056,49.00681128,4885196,238035429.08,2.3126,-1.6122,1,0
2023-04-24,sh.688187,48.2167056,48.30787164,46.342737,46.6972716,48.2167056,4934234,228981587.7,2.3358,-3.1513,1,0
2023-04-25,sh.688187,46.3933848,47.4063408,44.78278476,45.3804288,46.6972716,5163878,232742316.37,2.4445,-2.82,1,0
2023-04-26,sh.688187,45.60327912,47.37595212,45.55263132,46.6466238,45.3804288,3259273,149870871.07,1.5429,2.7902,1,0
2023-04-27,sh.688187,46.65675336,47.52789552,46.3933848,47.1531018,46.6466238,3306851,153447110.88,1.5654,1.0858,1,0
2023-04-28,sh.688187,47.07206532,47.8115232,46.47442128,47.16323136,47.1531018,2900158,134592827.5,1.3729,0.0215,1,0
2023-05-04,sh.688187,47.52789552,49.51328928,47.23413828,48.60162888,47.16323136,5229148,251086469.5,2.4754,3.0498,1,0
2023-05-05,sh.688187,48.89538612,49.29043896,47.85204144,49.0270704,48.60162888,4449954,213908850.25,2.1066,0.8754,1,0
2023-05-08,sh.688187,49.01694084,49.4829006,48.56111064,48.9257748,49.0270704,2515182,121339801.0,1.1907,-0.2066,1,0
2023-05-09,sh.688187,49.15875468,50.3439132,48.621888,48.6725358,48.9257748,3920947,191792072.85,1.8561,-0.5176,1,0
2023-05-10,sh.688187,48.8244792,49.11823644,47.64945024,48.0647622,48.6725358,3057304,145986809.17,1.4473,-1.2487,1,0
2023-05-11,sh.688187,48.11541,48.60162888,47.73048672,47.92294836,48.0647622,1927837,91462597.56,0.9126,-0.295,1,0
2023-05-12,sh.688187,48.20657604,48.20657604,46.48455084,46.5453282,47.92294836,3294973,152899780.38,1.5598,-2.8747,1,0
2023-05-15,sh.688187,46.2920892,47.31517476,46.10975712,47.3050452,46.5453282,1848703,85490290.51,0.8752,1.6322,1,0
2023-05-16,sh.688187,47.14297224,47.89255968,46.94038104,47.102454,47.3050452,1463947,68396167.57,0.693,-0.4283,1,0
2023-05-17,sh.688187,47.4063408,48.05463264,46.63649424,47.58867288,47.102454,2566743,120067958.63,1.2151,1.0323,1,0
2023-05-18,sh.688187,47.74061628,48.0141144,47.13284268,47.74061628,47.58867288,2195392,103235287.01,1.0393,0.3193,1,0
2023-05-19,sh.688187,47.88243012,48.19644648,47.16323136,47.87230056,47.74061628,2259853,106377670.3,1.0698,0.2758,1,0
2023-05-22,sh.688187,47.9128188,48.10528044,47.16323136,47.21387916,47.87230056,1765466,82716255.7,0.8358,-1.3754,1,0
2023-05-23,sh.688187,47.04167664,47.4063408,45.8869068,45.8869068,47.21387916,3313693,151308635.48,1.5687,-2.8106,1,0
2023-05-24,sh.688187,46.01859108,46.2414414,45.2791332,45.36016968,45.8869068,2144326,96831845.62,1.0151,-1.1479,1,0
2023-05-25,sh.688187,45.3804288,45.7349634,44.95498728,45.66405648,45.36016968,2380268,106398606.22,1.1268,0.6699,1,0
2023-05-26,sh.688187,45.7856112,45.7856112,45.08667156,45.47159484,45.66405648,1546865,69266738.19,0.7323,-0.4215,1,0
2023-05-29,sh.688187,45.4817244,45.59314956,44.0129382,44.45863884,45.47159484,3045160,134234221.85,1.4416,-2.2277,1,0
2023-05-30,sh.688187,44.316825,47.5076364,44.24591808,47.21387916,44.45863884,7344853,337711436.45,3.477,6.1973,1,0
2023-05-31,sh.688187,46.60610556,47.4569886,46.35286656,46.35286656,47.21387916,4204977,194763545.51,1.9906,-1.8236,1,0
2023-06-01,sh.688187,46.51493952,46.595976,44.52954576,44.9245986,46.35286656,5422785,241544144.76,2.5671,-3.0813,1,0
2023-06-02,sh.688187,44.85369168,45.23861496,44.59032312,44.88408036,44.9245986,2624820,116342089.91,1.2426,-0.0902,1,0
2023-06-05,sh.688187,45.076542,45.54250176,43.52671932,43.57736712,44.88408036,5440076,237143076.55,2.5753,-2.9113,1,0
2023-06-06,sh.688187,43.77995832,44.02306776,42.83790924,43.03037088,43.57736712,3546832,152267129.98,1.679,-1.2552,1,0
2023-06-07,sh.688187,43.05063,43.53684888,42.41246772,42.95946396,43.03037088,3392610,143802526.11,1.606,-0.1648,1,0
2023-06-08,sh.688187,43.05063,43.06075956,42.4428564,42.6960954,42.95946396,2419947,102078954.88,1.1456,-0.6131,1,0
2023-06-09,sh.688187,42.6960954,44.3674728,42.544152,44.3674728,42.6960954,4303112,185468980.59,2.0371,3.9146,1,0
2023-06-12,sh.688187,44.2155294,44.39786148,42.11871048,43.01011176,44.3674728,5284338,223902424.81,2.5016,-3.0594,1,0
2023-06-13,sh.688187,42.8480388,43.01011176,41.95663752,42.3922086,43.01011176,4397735,183682243.6,2.0819,-1.4366,1,0
2023-06-14,sh.688187,42.53402244,42.6960954,42.14909916,42.14909916,42.3922086,2636663,110413320.5,1.2482,-0.5735,1,0
2023-06-15,sh.688187,42.1896174,43.09114824,41.9870262,42.95946396,42.14909916,2801518,117964445.95,1.3262,1.9226,1,0
2023-06-16,sh.688187,43.2532212,43.73944008,42.85816836,43.28360988,42.95946396,3118419,133229333.19,1.4762,0.7545,1,0
2023-06-19,sh.688187,43.3545168,43.94203128,43.14179604,43.27348032,43.28360988,2819724,121082138.86,1.3348,-0.0234,1,0
2023-06-20,sh.688187,43.32412812,43.6584036,42.81765012,42.88855704,43.27348032,3489072,148475576.25,1.6517,-0.8895,1,0
2023-06-21,sh.688187,43.07088912,43.28360988,41.9363784,41.9363784,42.88855704,3559200,149161534.02,1.6849,-2.2201,1,0
2023-06-26,sh.688187,41.531196,42.037674,40.95381108,41.23743876,41.9363784,3257752,133344754.91,1.5422,-1.6667,1,0
2023-06-27,sh.688187,41.39951172,41.96676708,41.20705008,41.71352808,41.23743876,2665091,109513284.06,1.2616,1.1545,1,0
2023-06-28,sh.688187,41.8350828,42.19974696,41.3286048,41.99715576,41.71352808,2183789,90159196.45,1.0338,0.6799,1,0
2023-06-29,sh.688187,41.6831394,43.1519256,41.6831394,42.41246772,41.99715576,2996224,126141662.03,1.4184,0.9889,1,0
2023-06-30,sh.688187,42.26052432,42.97972308,42.25039476,42.40233816,42.41246772,2720016,114318590.84,1.2876,-0.0239,1,0
2023-07-03,sh.688187,42.42259728,44.33708412,42.40233816,43.33425768,42.40233816,5523247,237652875.3,2.6147,2.1978,1,0
2023-07-04,sh.688187,43.4051646,46.7479194,43.08101868,45.03602376,43.33425768,8942865,398798644.32,4.2335,3.9271,1,0
2023-07-05,sh.688187,44.88408036,45.66405648,44.66123004,44.78278476,45.03602376,4579014,204149655.18,2.1677,-0.5623,1,0
2023-07-06,sh.688187,44.9245986,45.44120616,44.44850928,44.823303,44.78278476,3483710,153989040.39,1.6492,0.0905,1,0
2023-07-07,sh.688187,44.7726552,45.13731936,43.67866272,43.84073568,44.823303,3760326,164200303.51,1.7801,-2.1921,1,0
2023-07-10,sh.688187,44.07371556,44.7220074,43.31399856,43.6584036,43.84073568,3273587,141554783.45,1.5497,-0.4159,1,0
2023-07-11,sh.688187,43.8609948,44.6207118,43.6584036,44.316825,43.6584036,3585244,156557163.9,1.6972,1.5081,1,0
2023-07-12,sh.688187,44.4687684,44.89420992,43.72931052,43.8609948,44.316825,3179189,139199658.99,1.505,-1.0286,1,0
2023-07-13,sh.688187,43.9116426,45.329781,43.9116426,45.13731936,43.8609948,4513535,199995540.67,2.1367,2.9099,1,0
2023-07-14,sh.688187,44.9752464,45.2791332,43.67866272,43.89138348,45.13731936,7096724,310209499.38,3.3595,-2.7603,1,0
2023-07-17,sh.688187,43.6584036,43.69892184,43.05063,43.46594196,43.89138348,2655427,113522558.07,1.2571,-0.9693,1,0
2023-07-18,sh.688187,43.46594196,44.00280864,43.26335076,43.72931052,43.46594196,2045721,88425435.1,0.9684,0.6059,1,0
2023-07-19,sh.688187,43.58749668,44.2155294,43.52671932,43.63814448,43.72931052,1590865,68806435.23,0.7531,-0.2085,1,0
2023-07-20,sh.688187,43.8609948,43.99267908,42.68596584,42.72648408,43.63814448,2056916,87730027.68,0.9737,-2.0891,1,0
2023-07-21,sh.688187,42.72648408,43.04050044,42.544152,42.72648408,42.72648408,1353096,57095712.02,0.6405,0.0,1,0
2023-07-24,sh.688187,42.56441112,42.66570672,41.9870262,42.16935828,42.72648408,1997197,83199674.26,0.9455,-1.3039,1,0
2023-07-25,sh.688187,42.45298596,43.4558124,42.35169036,43.32412812,42.16935828,2194968,93114108.45,1.0391,2.7384,1,0
2023-07-26,sh.688187,43.3545168,44.15475204,43.1519256,43.43555328,43.32412812,1434168,61719900.9,0.6789,0.2572,1,0
2023-07-27,sh.688187,43.557108,43.98254952,43.16205516,43.33425768,43.43555328,1558354,66893517.28,0.7377,-0.2332,1,0
2023-07-28,sh.688187,42.93920484,43.99267908,42.56441112,43.9622904,43.33425768,2064929,88367911.66,0.9775,1.4493,1,0
2023-07-31,sh.688187,43.94203128,45.7349634,43.92177216,45.58302,43.9622904,5284732,235490318.09,2.5018,3.6866,1,0
2023-08-01,sh.688187,45.39055836,45.51211308,44.90433948,45.23861496,45.58302,2509328,111856204.58,1.1879,-0.7556,1,0
2023-08-02,sh.688187,45.00563508,45.54250176,44.69161872,45.18796716,45.23861496,2054528,91400415.97,0.9726,-0.112,1,0
2023-08-03,sh.688187,44.84356212,45.97807284,44.84356212,45.66405648,45.18796716,2131679,95834249.54,1.0091,1.0536,1,0
2023-08-04,sh.688187,45.58302,46.1907936,45.20822628,45.26900364,45.66405648,1942225,87337522.14,0.9194,-0.8651,1,0
2023-08-07,sh.688187,45.10693068,45.44120616,44.74226652,45.2284854,45.26900364,2061293,91529558.26,0.9758,-0.0895,1,0
2023-08-08,sh.688187,44.89003053,45.17719545,43.97725632,44.34646836,45.2284749,1961784,84821955.41,0.9287,-1.9501,1,0
2023-08-09,sh.688187,44.04904755,44.60286561,43.94648865,44.35672425,44.34646836,1099348,47514186.7,0.5204,0.0231,1,0
2023-08-10,sh.688187,44.19263001,44.56184205,43.61830017,44.00802399,44.35672425,1805952,77332699.08,0.8549,-0.7861,1,0
2023-08-11,sh.688187,43.95674454,44.24390946,42.92089965,43.00294677,44.00802399,1598687,67845393.53,0.7568,-2.2838,1,0
2023-08-14,sh.688187,42.8696202,42.8696202,41.58763395,42.14145201,43.00294677,2506639,102814166.32,1.1866,-2.0033,1,0
2023-08-15,sh.688187,42.05940489,42.33631392,40.9210011,41.32098081,42.14145201,3271522,131888206.53,1.5487,-1.9469,1,0
2023-08-16,sh.688187,41.23893369,41.5363545,40.54153317,40.62358029,41.32098081,2671301,106438397.31,1.2646,-1.6878,1,0
2023-08-17,sh.688187,40.49025372,41.32098081,40.02873867,40.93125699,40.62358029,2732107,108657770.73,1.2934,0.7574,1,0
2023-08-18,sh.688187,41.79275175,41.79275175,40.4082066,40.52102139,40.93125699,2781228,110992968.58,1.3166,-1.0023,1,0
2023-08-21,sh.688187,40.13129757,40.75690686,39.4851765,39.4851765,40.52102139,2528696,99263156.17,1.1971,-2.5563,1,0
2023-08-22,sh.688187,39.64927074,40.63383618,39.11596446,40.44923016,39.4851765,2921132,113515532.39,1.3828,2.4416,1,0
2023-08-23,sh.688187,41.73121641,43.56702072,41.56712217,42.74654952,40.44923016,8326571,346820612.87,3.9423,5.6795,1,0
2023-08-24,sh.688187,43.23883224,44.44902726,42.84910842,43.74137085,42.74654952,4541332,193698054.15,2.1502,2.3273,1,0
2023-08-25,sh.688187,43.41318237,43.72085907,42.27477858,42.41836104,43.74137085,3415484,142816253.83,1.6171,-3.0246,1,0
2023-08-28,sh.688187,45.27975435,46.14124911,42.89013198,42.96192321,42.41836104,4300912,184790614.29,2.0363,1.2814,1,0
2023-08-29,sh.688187,42.96192321,44.99258943,42.96192321,44.59260972,42.96192321,4100389,176776065.18,1.9414,3.7957,1,0
2023-08-30,sh.688187,44.97207765,45.7412694,44.50030671,45.27975435,44.59260972,3911916,172805154.85,1.8522,1.5409,1,0
2023-08-31,sh.688187,45.10540422,45.83357241,44.5105626,44.75670396,45.27975435,2891701,126910916.57,1.3691,-1.1552,1,0
2023-09-01,sh.688187,45.01310121,45.26949846,44.4080037,45.125916,44.75670396,2168512,95069384.11,1.0267,0.8249,1,0
2023-09-04,sh.688187,45.38231325,45.80280474,45.07463655,45.11566011,45.125916,3231287,143139023.31,1.5299,-0.0227,1,0
2023-09-05,sh.688187,44.78747163,45.62845461,44.45928315,44.64388917,45.11566011,2828155,123545473.71,1.339,-1.0457,1,0
2023-09-06,sh.688187,44.7156804,44.87977464,43.90546509,44.29518891,44.64388917,2415385,104472451.66,1.1436,-0.7811,1,0
2023-09-07,sh.688187,44.27467713,44.50030671,43.53625305,43.53625305,44.29518891,3787949,162262967.17,1.4572,-1.7134,1,0
2023-09-08,sh.688187,43.36190292,44.06955933,43.36190292,43.55676483,43.53625305,1947073,82956164.16,0.749,0.0471,1,0
2023-09-11,sh.688187,43.95674454,44.39774781,43.47471771,44.01827988,43.55676483,2064137,88512522.69,0.7941,1.0596,1,0
2023-09-12,sh.688187,43.85418564,44.37723603,43.4849736,44.11058289,44.01827988,2222162,95296487.98,0.8549,0.2097,1,0
2023-09-13,sh.688187,43.7926503,44.13109467,43.56702072,43.86444153,44.11058289,1844045,78795421.11,0.7094,-0.558,1,0
2023-09-14,sh.688187,44.100327,44.2028859,42.41836104,42.64399062,43.86444153,2807395,117295535.36,1.08,-2.7823,1,0
2023-09-15,sh.688187,42.94141143,43.074738,42.21324324,42.37733748,42.64399062,1947854,80893895.92,0.7493,-0.6253,1,0
2023-09-18,sh.688187,42.60296706,42.60296706,41.90556654,42.049149,42.37733748,1950298,80096419.45,0.7503,-0.7744,1,0
2023-09-19,sh.688187,42.03889311,42.19273146,41.14663068,41.6389134,42.049149,2248254,91123665.34,0.8649,-0.9756,1,0
2023-09-20,sh.688187,41.73121641,41.7414723,41.10560712,41.10560712,41.6389134,1409977,56902998.39,0.5424,-1.2808,1,0
2023-09-21,sh.688187,40.90048932,41.32098081,40.8184422,40.98253644,41.10560712,1721787,68936800.26,0.6624,-0.2994,1,0
2023-09-22,sh.688187,40.74665097,41.50558683,40.74665097,41.38251615,40.98253644,2300052,92541067.44,0.8848,0.976,1,0
2023-09-25,sh.688187,41.38251615,41.38251615,40.78767453,41.05432767,41.38251615,2311196,92474336.66,0.8891,-0.7931,1,0
2023-09-26,sh.688187,41.1261189,41.14663068,40.56204495,40.73639508,41.05432767,1656689,65966859.39,0.6373,-0.7744,1,0
2023-09-27,sh.688187,40.8184422,41.59788984,40.68511563,40.69537152,40.73639508,2315639,92480741.07,0.8908,-0.1007,1,0
2023-09-28,sh.688187,40.93125699,41.08509534,40.6133244,40.79793042,40.69537152,2201828,87684544.62,0.847,0.252,1,0
2023-10-09,sh.688187,40.8184422,41.04407178,40.31590359,40.65434796,40.79793042,2038066,80857633.5,0.784,-0.3519,1,0
2023-10-10,sh.688187,41.02356,41.11586301,40.37743893,40.37743893,40.65434796,1976365,78392003.37,0.7603,-0.6811,1,0
2023-10-11,sh.688187,40.63383618,40.75690686,40.1005299,40.4082066,40.37743893,2175422,85815360.19,0.8369,0.0762,1,0
2023-10-12,sh.688187,40.5107655,40.91074521,40.2030888,40.64409207,40.4082066,2540122,100663488.29,0.9772,0.5838,1,0
2023-10-13,sh.688187,40.45948605,40.67485974,39.64927074,39.997971,40.64409207,2265453,88483806.02,0.8715,-1.5897,1,0
2023-10-16,sh.688187,39.98771511,40.14155346,38.74675242,38.972382,39.997971,2340024,89317994.09,0.9002,-2.5641,1,0
2023-10-17,sh.688187,38.8698231,39.35184993,38.55189051,39.25954692,38.972382,1688154,64310983.72,0.6494,0.7368,1,0
2023-10-18,sh.688187,39.09545268,39.1774998,38.37754038,38.41856394,39.25954692,1773441,66912805.39,0.6822,-2.1421,1,0
2023-10-19,sh.688187,38.3570286,38.40830805,37.64937219,37.64937219,38.41856394,2732081,101100213.67,1.051,-2.0021,1,0
2023-10-20,sh.688187,37.44425439,37.93653711,37.29041604,37.42374261,37.64937219,2463592,90333752.92,0.9478,-0.5993,1,0
2023-10-23,sh.688187,37.21862481,37.91602533,37.08529824,37.36220727,37.42374261,2413573,88290865.8,0.9285,-0.1644,1,0
2023-10-24,sh.688187,37.89551355,37.91602533,36.8186451,37.09555413,37.36220727,2849898,103304465.88,1.0964,-0.7137,1,0
2023-10-25,sh.688187,37.56732507,38.02884012,37.3314396,37.80321054,37.09555413,2711167,99686524.35,1.043,1.9077,1,0
2023-10-26,sh.688187,37.60834863,39.36210582,37.39297494,39.23903514,37.80321054,3749264,140359424.36,1.4424,3.7982,1,0
2023-10-27,sh.688187,38.8698231,39.52620006,37.946793,39.14673213,39.23903514,4482240,169931023.4,1.7243,-0.2352,1,0
2023-10-30,sh.688187,39.13647624,40.47999783,38.83905543,40.39795071,39.14673213,5053859,196984747.29,1.9442,3.1962,1,0
2023-10-31,sh.688187,40.19283291,40.33641537,39.57747951,39.73131786,40.39795071,2529173,98181166.46,0.973,-1.6502,1,0
2023-11-01,sh.688187,39.61850307,39.86464443,39.31082637,39.32108226,39.73131786,2664796,102609415.58,1.0252,-1.0325,1,0
2023-11-02,sh.688187,39.32108226,40.00822689,38.88007899,38.89033488,39.32108226,2243340,86151013.49,0.863,-1.0955,1,0
2023-11-03,sh.688187,38.8698231,41.39277204,38.78777598,41.08509534,38.89033488,5757227,226826791.47,2.2148,5.6435,1,0
2023-11-06,sh.688187,41.52609861,42.5619435,41.07483945,41.69019285,41.08509534,5658412,230827041.96,2.1768,1.4728,1,0
2023-11-07,sh.688187,41.71070463,42.09017256,41.27995725,41.57737806,41.69019285,3079272,125297662.53,1.1846,-0.2706,1,0
2023-11-08,sh.688187,41.56712217,41.56712217,40.90048932,41.05432767,41.57737806,4510858,180733965.76,1.7353,-1.258,1,0
2023-11-09,sh.688187,41.05432767,41.29021314,40.73639508,40.75690686,41.05432767,2135113,85247674.41,0.8214,-0.7245,1,0
2023-11-10,sh.688187,41.20816602,41.20816602,39.94669155,40.4082066,40.75690686,3096154,121763948.41,1.1911,-0.8556,1,0
2023-11-13,sh.688187,40.5107655,40.75690686,40.09027401,40.45948605,40.4082066,2301362,90519068.92,0.8853,0.1269,1,0
2023-11-14,sh.688187,40.47999783,41.18765424,40.4082066,40.76716275,40.45948605,3244267,129074619.0,1.2481,0.7605,1,0
2023-11-15,sh.688187,41.13637479,41.2286778,40.46974194,40.75690686,40.76716275,2958318,117551684.24,1.1381,-0.0252,1,0
2023-11-16,sh.688187,40.56204495,40.83895398,40.53127728,40.59281262,40.75690686,1814328,71926171.06,0.698,-0.4026,1,0
2023-11-17,sh.688187,40.53127728,40.76716275,40.31590359,40.70562741,40.59281262,2050391,81069634.55,0.7888,0.2779,1,0
2023-11-20,sh.688187,40.59281262,40.8184422,40.23385647,40.4082066,40.70562741,2885441,113722541.53,1.11,-0.7307,1,0
2023-11-21,sh.688187,40.41846249,40.65434796,39.82362087,39.90566799,40.4082066,2620986,102882662.81,1.0083,-1.2437,1,0
2023-11-22,sh.688187,39.84413265,40.00822689,38.79803187,38.92110255,39.90566799,3260178,125018197.48,1.2542,-2.4672,1,0
2023-11-23,sh.688187,38.8698231,39.10570857,38.51086695,38.89033488,38.92110255,2162517,81701183.38,0.8319,-0.0791,1,0
2023-11-24,sh.688187,39.00314967,39.00314967,38.29549326,38.39805216,38.89033488,2240267,83993218.82,0.8618,-1.2658,1,0
2023-11-27,sh.688187,38.40830805,38.85956721,38.2544697,38.46984339,38.39805216,2229450,83734204.03,0.8577,0.187,1,0
2023-11-28,sh.688187,38.59291407,39.36210582,38.02884012,39.15698802,38.46984339,3619855,137503199.11,1.3926,1.7862,1,0
2023-11-29,sh.688187,38.98263789,39.78259731,38.89033488,39.14673213,39.15698802,3552502,136219505.14,1.3667,-0.0262,1,0
2023-11-30,sh.688187,39.08519679,39.87490032,38.77752009,39.47492061,39.14673213,4151801,159204286.48,1.5972,0.8384,1,0
2023-12-01,sh.688187,39.37236171,39.37236171,37.86474588,38.65444941,39.47492061,5672143,212754841.04,2.1821,-2.0785,1,0
2023-12-04,sh.688187,38.93135844,38.93135844,37.79295465,37.80321054,38.65444941,4411298,164052356.18,1.697,-2.2022,1,0
2023-12-05,sh.688187,37.7416752,37.95704889,37.08529824,37.13657769,37.80321054,3933401,143870410.98,1.5132,-1.7634,1,0
2023-12-06,sh.688187,37.25964837,37.49553384,36.82890099,37.08529824,37.13657769,3389276,122940595.17,1.3039,-0.1381,1,0
2023-12-07,sh.688187,37.08529824,37.19811303,36.08022102,36.84941277,37.08529824,5699098,202883338.68,2.1925,-0.6361,1,0
2023-12-08,sh.688187,36.79813332,37.93653711,36.6135273,37.93653711,36.84941277,6007709,217207673.9,2.3112,2.9502,1,0
2023-12-11,sh.688187,37.21862481,37.58783685,36.36738594,37.19811303,37.93653711,5237318,187918104.5,2.0148,-1.9465,1,0
2023-12-12,sh.688187,37.2288807,37.25964837,36.7160862,36.97248345,37.19811303,3003378,108246364.23,1.1554,-0.6066,1,0
2023-12-13,sh.688187,36.96222756,36.96222756,36.13150047,36.17252403,36.97248345,3259143,116087826.18,1.2538,-2.1637,1,0
2023-12-14,sh.688187,36.50071251,36.91094811,36.12124458,36.12124458,36.17252403,2793677,99154452.0,1.0747,-0.1418,1,0
2023-12-15,sh.688187,36.12124458,36.49045662,35.57768241,35.5879383,36.12124458,3806196,133602277.75,1.4643,-1.4764,1,0
2023-12-18,sh.688187,35.5879383,35.75203254,34.6649082,34.77772299,35.5879383,4230921,144761378.8,1.6276,-2.2767,1,0
2023-12-19,sh.688187,34.65465231,35.03412024,34.5623493,34.83925833,34.77772299,2184560,74104871.29,0.8404,0.1769,1,0
2023-12-20,sh.688187,34.89053778,35.29051749,34.65465231,34.65465231,34.83925833,2931663,99929701.16,1.1278,-0.5299,1,0
2023-12-21,sh.688187,34.41876684,35.27000571,34.32646383,35.09565558,34.65465231,2543856,86412570.28,0.9786,1.2726,1,0
2023-12-22,sh.688187,35.02386435,35.77254432,34.83925833,35.52640296,35.09565558,2915686,100690407.71,1.1217,1.2274,1,0
2023-12-25,sh.688187,35.45461173,35.85459144,35.41358817,35.6904972,35.52640296,1673957,58108755.66,0.644,0.4619,1,0
2023-12-26,sh.688187,35.74177665,35.74177665,35.24949393,35.3828205,35.6904972,1414047,48856034.16,0.544,-0.8621,1,0
2023-12-27,sh.688187,35.4853794,35.61870597,34.99309668,35.47512351,35.3828205,1619950,55855045.12,0.6232,0.2609,1,0
2023-12-28,sh.688187,35.47512351,37.39297494,35.19821448,37.14683358,35.47512351,4704201,167740340.97,1.8097,4.7123,1,0
2023-12-29,sh.688187,36.98273934,37.71090753,36.86992455,37.25964837,37.14683358,3528767,128239547.11,1.3575,0.3037,1,0
2024-01-02,sh.688187,37.1263218,37.30067193,36.62378319,36.62378319,37.25964837,2564261,92250126.14,0.9865,-1.7066,1,0
2024-01-03,sh.688187,36.45968895,36.88018044,36.43917717,36.56224785,36.62378319,2011759,71878999.52,0.7739,-0.168,1,0
2024-01-04,sh.688187,36.70583031,36.79813332,35.72126487,36.00842979,36.56224785,2792271,98048376.02,1.0742,-1.5147,1,0
2024-01-05,sh.688187,36.11098869,36.19303581,35.1777027,35.27000571,36.00842979,3555102,123719279.46,1.3677,-2.0507,1,0
2024-01-08,sh.688187,35.54691474,35.54691474,34.2546726,34.2546726,35.27000571,3297913,111289105.73,1.2687,-2.8787,1,0
2024-01-09,sh.688187,34.43927862,35.22898215,34.23416082,34.98284079,34.2546726,2992100,101594445.33,1.1511,2.1257,1,0
2024-01-10,sh.688187,34.80849066,35.5879383,34.52132574,34.870026,34.98284079,2378112,81281782.24,0.9149,-0.3225,1,0
2024-01-11,sh.688187,34.7674671,35.90587089,34.7674671,35.84433555,34.870026,3410011,118152172.34,1.3118,2.7941,1,0
2024-01-12,sh.688187,35.94689445,36.88018044,35.80331199,36.64429497,35.84433555,6839598,243477061.7,2.6312,2.2318,1,0
2024-01-15,sh.688187,36.33661827,37.4339985,35.50589118,36.63403908,36.64429497,5826583,207460559.64,2.2415,-0.028,1,0
2024-01-16,sh.688187,36.23405937,36.79813332,35.81356788,36.52122429,36.63403908,3726229,132039120.6,1.4335,-0.308,1,0
2024-01-17,sh.688187,36.57250374,36.67506264,35.5879383,35.75203254,36.52122429,3076310,108027799.5,1.1835,-2.1061,1,0
2024-01-18,sh.688187,35.39307639,35.86484733,34.71618765,35.23923804,35.75203254,4043915,139035089.65,1.5557,-1.4343,1,0
2024-01-19,sh.688187,35.31102927,35.56742652,34.54183752,34.69567587,35.23923804,2986155,101663637.86,1.1488,-1.5425,1,0
2024-01-22,sh.688187,34.84951422,34.84951422,32.80859211,33.00345402,34.69567587,3704263,122084843.41,1.425,-4.8773,1,0
2024-01-23,sh.688187,32.98294224,34.39825506,32.87012745,34.20339315,33.00345402,3723977,123111300.73,1.4326,3.6358,1,0
2024-01-24,sh.688187,34.20339315,34.34697561,33.14703648,34.2546726,34.20339315,3587720,118014528.6,1.3802,0.1499,1,0
2024-01-25,sh.688187,34.55209341,37.04427468,33.95725179,36.99299523,34.2546726,6757287,237688156.35,2.5995,7.994,1,0
2024-01-26,sh.688187,36.921204,37.0237629,36.08022102,36.4084095,36.99299523,4352388,155152445.82,1.6744,-1.5803,1,0
2024-01-29,sh.688187,36.84941277,37.31092782,36.09047691,36.11098869,36.4084095,3707880,132549215.02,1.4264,-0.8169,1,0
2024-01-30,sh.688187,35.96740623,36.5109684,35.25974982,35.2802616,36.11098869,2840784,99402381.53,1.0929,-2.3005,1,0
2024-01-31,sh.688187,34.9725849,35.66998542,33.97776357,34.1521137,35.2802616,4318940,145882211.03,1.6615,-3.1977,1,0
2024-02-01,sh.688187,33.93674001,35.02386435,33.844437,33.87520467,34.1521137,3930203,131399277.06,1.512,-0.8108,1,0
2024-02-02,sh.688187,34.05981069,34.32646383,31.80351489,33.07524525,33.87520467,3955204,127992761.72,1.5216,-2.3615,1,0
2024-02-05,sh.688187,33.17780415,33.7418781,31.02406725,32.9214069,33.07524525,4949542,156188933.13,1.9041,-0.4651,1,0
2024-02-06,sh.688187,33.6393192,34.79823477,32.3060535,34.5623493,32.9214069,4665510,154048318.34,1.7948,4.9844,1,0
2024-02-07,sh.688187,34.67516409,35.45461173,34.26492849,35.3828205,34.5623493,5029883,172303642.5,1.935,2.3739,1,0
2024-02-08,sh.688187,35.88535911,36.90069222,35.46486762,36.4084095,35.3828205,5887713,208746044.9,2.265,2.8986,1,0
2024-02-19,sh.688187,36.66480675,36.79813332,35.81356788,36.18277992,36.4084095,4090718,144528502.96,1.5737,-0.6197,1,0
2024-02-20,sh.688187,36.24431526,36.24431526,35.54691474,36.14175636,36.18277992,2120497,74401798.43,0.8158,-0.1134,1,0
2024-02-21,sh.688187,35.80331199,37.39297494,35.72126487,36.7160862,36.14175636,3727948,133284547.35,1.4342,1.5891,1,0
2024-02-22,sh.688187,36.56224785,36.86992455,36.26482704,36.67506264,36.7160862,2546372,90778918.3,0.9796,-0.1117,1,0
2024-02-23,sh.688187,36.7160862,37.07504235,36.27508293,36.75710976,36.67506264,3360379,119824847.2,1.2927,0.2237,1,0
2024-02-26,sh.688187,37.4339985,39.56722362,37.4339985,38.972382,36.75710976,8223803,310691244.78,3.1637,6.0268,1,0
2024-02-27,sh.688187,38.972382,39.61850307,38.40830805,39.53645595,38.972382,6342762,241470422.63,2.4401,1.4474,1,0
2024-02-28,sh.688187,39.56722362,40.42871838,38.58265818,38.58265818,39.53645595,6609074,253973091.15,2.5425,-2.4125,1,0
2024-02-29,sh.688187,38.55189051,39.93643566,38.55189051,39.84413265,38.58265818,5853326,224716512.27,2.2518,3.2695,1,0
2024-03-01,sh.688187,40.5107655,44.39774781,40.5107655,43.64906784,39.84413265,16567753,686806724.55,6.3737,9.5495,1,0
2024-03-04,sh.688187,44.100327,46.41815814,43.75162674,45.93613131,43.64906784,13948616,617847031.08,5.3661,5.2397,1,0
2024-03-05,sh.688187,45.23873079,46.20278445,44.79772752,45.2284749,45.93613131,8489211,376035359.88,3.2658,-1.5405,1,0
2024-03-06,sh.688187,45.11566011,45.89510775,44.79772752,44.93105409,45.2284749,5395076,238329017.75,2.0755,-0.6576,1,0
2024-03-07,sh.688187,45.08489244,47.87449452,45.0233571,45.87459597,44.93105409,14754832,672064537.06,5.6762,2.1,1,0
2024-03-08,sh.688187,45.41308092,46.27457568,44.79772752,45.90536364,45.87459597,7966138,355559841.54,3.0646,0.0671,1,0
2024-03-11,sh.688187,46.151505,47.7924474,45.46436037,45.96689898,45.90536364,8125135,367584946.24,3.1258,0.134,1,0
2024-03-12,sh.688187,46.151505,46.151505,44.19263001,44.42851548,45.96689898,8992793,392679168.53,3.4596,-3.3467,1,0
2024-03-13,sh.688187,44.43877137,45.0233571,43.94648865,44.5105626,44.42851548,4550437,197563269.79,1.7506,0.1847,1,0
2024-03-14,sh.688187,44.16186234,44.62337739,42.34656981,42.8696202,44.5105626,9725169,409583736.54,3.7413,-3.6866,1,0
2024-03-15,sh.688187,42.71578185,44.50030671,42.50040816,44.29518891,42.8696202,9297175,394364774.41,3.5766,3.3254,1,0
2024-03-18,sh.688187,44.100327,46.48994937,44.100327,46.0489461,44.29518891,8777729,392613005.9,3.3768,3.9592,1,0
2024-03-19,sh.688187,46.06945788,46.72583484,45.37205736,46.27457568,46.0489461,5263768,237179111.67,2.025,0.49,1,0
2024-03-20,sh.688187,46.27457568,46.34636691,45.00284532,45.31052202,46.27457568,5947798,262981966.52,2.2881,-2.0833,1,0
2024-03-21,sh.688187,45.31052202,45.55666338,44.32595658,44.41825959,45.31052202,4091051,178497296.78,1.5738,-1.9692,1,0
2024-03-22,sh.688187,44.32595658,45.48487215,44.19263001,44.36698014,44.41825959,3871570,168482461.31,1.4894,-0.1154,1,0
2024-03-25,sh.688187,44.14135056,44.91054231,43.32087936,43.54650894,44.36698014,4425284,190579607.93,1.7024,-1.8493,1,0
2024-03-26,sh.688187,43.51574127,44.73619218,43.12601745,44.17211823,43.54650894,4369847,188643690.91,1.6811,1.4366,1,0
2024-03-27,sh.688187,44.17211823,46.43866992,44.17211823,45.56691927,44.17211823,8136413,362241606.17,3.1301,3.1577,1,0
2024-03-28,sh.688187,45.42333681,46.81813785,45.23873079,45.85408419,45.56691927,6103354,274692206.53,2.348,0.6302,1,0
2024-03-29,sh.688187,46.24380801,49.15648077,46.24380801,48.7154775,45.85408419,9519914,447563254.27,3.6623,6.2402,1,0
2024-04-01,sh.688187,48.98213064,50.07951087,48.03858876,49.16673666,48.7154775,6508535,311657098.95,2.5039,0.9263,1,0
2024-04-02,sh.688187,49.16673666,51.27945,48.96161886,50.13079032,49.16673666,6934007,340322482.63,2.6675,1.9608,1,0
2024-04-03,sh.688187,49.56671637,49.9461843,48.48984792,48.63343038,50.13079032,5049186,241165960.56,1.9424,-2.9869,1,0
2024-04-08,sh.688187,48.59240682,49.32057501,48.11037999,48.48984792,48.63343038,3693625,175169867.96,1.4209,-0.2952,1,0
2024-04-09,sh.688187,48.07961232,49.228272,47.81295918,48.17191533,48.48984792,3474945,163965550.36,1.3368,-0.6557,1,0
2024-04-10,sh.688187,48.60266271,49.18724844,47.22837345,47.87449452,48.17191533,3389024,158481693.16,1.3038,-0.6174,1,0
2024-04-11,sh.688187,47.9975652,50.17181388,47.39246769,49.61799582,47.87449452,6449084,310157277.79,2.481,3.6418,1,0
2024-04-12,sh.688187,49.86413718,50.40769935,49.41287802,49.98720786,49.61799582,3546615,172926574.95,1.3644,0.7441,1,0
2024-04-15,sh.688187,49.98720786,54.0485403,49.98720786,53.29986033,49.98720786,9406372,483125739.81,3.6187,6.627,1,0
2024-04-16,sh.688187,53.8434225,54.02802852,51.4845678,52.80757761,53.29986033,6385755,329009688.16,2.4566,-0.9236,1,0
2024-04-17,sh.688187,52.73578638,54.00751674,52.305039,53.81265483,52.80757761,3814056,197885206.84,1.4673,1.9033,1,0
2024-04-18,sh.688187,53.36139567,53.89470195,52.9203924,53.35113978,53.81265483,2707749,140987890.2,1.0417,-0.8576,1,0
2024-04-19,sh.688187,53.32037211,55.36129422,52.9203924,55.02284985,53.35113978,4675295,248947551.1,1.7986,3.1334,1,0
2024-04-22,sh.688187,54.63312603,54.82798794,52.58194803,52.67425104,55.02284985,4604801,240033754.59,1.7715,-4.2684,1,0
2024-04-23,sh.688187,52.45887735,53.2280691,51.7922445,52.19222421,52.67425104,4003939,204290860.31,1.5403,-0.9151,1,0
2024-04-24,sh.688187,52.53066858,52.63322748,51.15637932,51.72045327,52.19222421,4132516,207783901.87,1.5898,-0.9039,1,0
2024-04-25,sh.688187,51.4845678,51.97685052,50.9717733,51.27945,51.72045327,3619060,181508753.39,1.3923,-0.8527,1,0
2024-04-26,sh.688187,51.53584725,52.85885706,50.7666555,51.27945,51.27945,8705650,438015153.01,3.3491,0.0,1,0
2024-04-29,sh.688187,51.84352395,51.84352395,47.93602986,49.25903967,51.27945,12032485,574482774.5,4.6289,-3.94,1,0
2024-04-30,sh.688187,48.93085119,49.8436254,48.83854818,48.94110708,49.25903967,4320110,207758664.02,1.662,-0.6454,1,0
2024-05-06,sh.688187,49.7410665,50.84870262,49.24878378,50.59230537,48.94110708,6293608,307690625.12,2.4212,3.3738,1,0
2024-05-07,sh.688187,50.38718757,51.41277657,50.02823142,50.18206977,50.59230537,3242028,159771790.13,1.2472,-0.8109,1,0
2024-05-08,sh.688187,49.5359487,50.83844673,49.41287802,50.253861,50.18206977,2435030,119370347.53,0.9368,0.1431,1,0
2024-05-09,sh.688187,50.26411689,51.57687081,50.253861,51.25893822,50.253861,3606034,179663647.39,1.3873,2.0,1,0
2024-05-10,sh.688187,51.10509987,51.5871267,50.54102592,50.5615377,51.25893822,2938852,146232186.99,1.1306,-1.3605,1,0
2024-05-13,sh.688187,51.6896856,54.20237865,51.62815026,53.07423075,50.5615377,9225577,479496247.54,3.5491,4.9696,1,0
2024-05-14,sh.688187,52.88962473,53.15627787,51.1768911,51.42303246,53.07423075,5010373,253602823.95,1.9275,-3.1111,1,0
2024-05-15,sh.688187,51.27945,52.56143625,50.253861,50.44872291,51.42303246,4281859,215128210.82,1.6472,-1.8947,1,0
2024-05-16,sh.688187,50.4589788,51.03330864,48.90008352,49.27955145,50.44872291,7145936,344216420.95,2.7491,-2.3175,1,0
2024-05-17,sh.688187,49.18724844,49.72055472,47.9975652,49.23852789,49.27955145,4004969,190708427.54,1.5407,-0.0832,1,0
2024-05-20,sh.688187,49.25903967,49.3308309,47.34118824,48.11037999,49.23852789,6719169,314493963.64,2.5849,-2.2912,1,0
2024-05-21,sh.688187,48.18217122,48.63343038,47.66937672,48.05910054,48.11037999,2651496,124386762.82,1.02,-0.1066,1,0
2024-05-22,sh.688187,48.02833287,48.88982763,47.72065617,48.19242711,48.05910054,3446698,162106555.69,1.326,0.2774,1,0
2024-05-23,sh.688187,48.202683,48.46933614,47.46425892,47.66937672,48.19242711,2305103,107704995.55,0.8868,-1.0853,1,0
2024-05-24,sh.688187,47.45400303,48.60266271,47.40272358,48.03858876,47.66937672,2746324,129049713.54,1.0565,0.7745,1,0
2024-05-27,sh.688187,47.96679753,49.4333898,47.177094,49.228272,48.03858876,4168325,197163585.85,1.6036,2.4765,1,0
2024-05-28,sh.688187,49.13596899,49.8436254,48.59240682,48.76675695,49.228272,2777931,132813469.61,1.0687,-0.9375,1,0
2024-05-29,sh.688187,48.66419805,48.67445394,47.10530277,47.46425892,48.76675695,4591552,212796788.83,1.7664,-2.6709,1,0
2024-05-30,sh.688187,47.51553837,48.08986821,47.05402332,47.60784138,47.46425892,3103815,144141948.66,1.194,0.3025,1,0
2024-05-31,sh.688187,47.84372685,49.60773993,47.59758549,49.23852789,47.60784138,7566536,361465144.9,2.9109,3.4252,1,0
2024-06-03,sh.688187,49.41287802,49.81285773,48.18217122,48.4078008,49.23852789,3746574,178677930.93,1.4413,-1.6871,1,0
2024-06-04,sh.688187,48.78726873,50.20258155,48.23345067,50.12053443,48.4078008,3336652,160497227.91,1.2836,3.5381,1,0
2024-06-05,sh.688187,49.91541663,50.31539634,48.21293889,48.3052419,50.12053443,2944234,140751180.3,1.1327,-3.6219,1,0
2024-06-06,sh.688187,48.32575368,50.23334922,48.32575368,48.95136297,48.3052419,3604403,173693332.36,1.3866,1.3376,1,0
2024-06-07,sh.688187,49.1257131,49.93592841,48.29498601,48.64368627,48.95136297,2257740,107883523.23,0.8686,-0.6285,1,0
2024-06-11,sh.688187,48.8180364,49.3308309,47.4847707,48.22319478,48.64368627,2539612,118915533.65,0.977,-0.8644,1,0
2024-06-12,sh.688187,48.17191533,48.90008352,47.85398274,48.56163915,48.22319478,1985568,93964607.46,0.7639,0.7018,1,0
2024-06-13,sh.688187,48.57189504,49.7410665,48.34626546,49.228272,48.56163915,2231266,106961130.39,0.8584,1.3728,1,0
2024-06-14,sh.688187,49.06417776,49.5359487,48.22319478,49.0231542,49.228272,4130465,197007208.37,1.589,-0.4167,1,0
2024-06-17,sh.688187,48.5103597,51.27945,48.5103597,50.83844673,49.0231542,5722344,282941823.63,2.2014,3.7029,1,0
2024-06-18,sh.688187,50.7666555,51.53584725,50.40769935,51.23842644,50.83844673,3323290,165738216.16,1.2785,0.7868,1,0
2024-06-19,sh.688187,51.28970589,51.47431191,49.87439307,49.98720786,51.23842644,2811534,137952533.68,1.0816,-2.442,1,0
2024-06-20,sh.688187,50.43846702,50.51025825,48.98213064,49.90516074,49.98720786,3737602,181576915.52,1.4379,-0.1641,1,0
2024-06-21,sh.688187,49.7410665,50.31539634,49.35134268,49.81285773,49.90516074,2294742,111411236.22,0.8828,-0.185,1,0
2024-06-24,sh.688187,49.81285773,50.23334922,48.6129186,48.79752462,49.81285773,1944524,93655122.09,0.7481,-2.0383,1,0
2024-06-25,sh.688187,48.70522161,49.21801611,47.5873296,47.64886494,48.79752462,3118018,146673157.25,1.1995,-2.3539,1,0
2024-06-26,sh.688187,47.52579426,48.33600957,46.93095264,47.57707371,47.64886494,2878212,133298739.87,1.1073,-0.1507,1,0
2024-06-27,sh.688187,47.31042057,47.56681782,46.47969348,46.9719762,47.57707371,2550875,116717163.04,0.9813,-1.2718,1,0
2024-06-28,sh.688187,46.9719762,51.24868233,46.37713458,50.64358482,46.9719762,5391054,262557721.76,2.074,7.8166,1,0
2024-07-01,sh.688187,50.64358482,52.87936884,50.60256126,52.79732172,50.64358482,6417967,324402973.54,2.469,4.2527,1,0
2024-07-02,sh.688187,52.7152746,52.7152746,50.87947029,51.93582696,52.79732172,4807483,243537120.34,1.8495,-1.6317,1,0
2024-07-03,sh.688187,51.66917382,52.93064829,51.4845678,52.62297159,51.93582696,5045764,257830274.32,1.9411,1.3231,1,0
2024-07-04,sh.688187,51.61789437,53.20755732,51.61789437,52.5101568,52.62297159,3658506,188241104.37,1.4074,-0.2144,1,0
2024-07-05,sh.688187,52.94090418,53.23832499,52.01787408,52.69476282,52.5101568,2191493,112258393.39,0.8431,0.3516,1,0
2024-07-08,sh.688187,52.75629816,55.8946005,52.75629816,54.92029095,52.69476282,7261377,388731386.66,2.7935,4.2234,1,0
2024-07-09,sh.688187,55.16643231,56.90993361,54.61261425,56.56123335,54.92029095,6913188,380385180.62,2.6595,2.9879,1,0
2024-07-10,sh.688187,56.56123335,57.99705795,55.74076215,55.9971594,56.56123335,6707380,371918948.34,2.5803,-0.9973,1,0
2024-07-11,sh.688187,56.5099539,57.2278662,55.13566464,55.7920416,55.9971594,6149473,335879319.57,2.3657,-0.3663,1,0
2024-07-12,sh.688187,55.7920416,56.58174513,55.45359723,55.70999448,55.7920416,4349982,237617166.1,1.6734,-0.1471,1,0
2024-07-15,sh.688187,55.381806,56.39713911,55.09464108,55.4843649,55.70999448,3231638,175497229.88,1.2432,-0.405,1,0
2024-07-16,sh.688187,55.56641202,56.2022772,54.2536581,54.51005535,55.4843649,4455110,238693983.24,1.7139,-1.756,1,0
2024-07-17,sh.688187,54.69466137,54.69466137,49.4333898,51.21791466,54.51005535,10725787,537724666.05,4.1262,-6.0395,1,0
2024-07-18,sh.688187,52.68450693,54.00751674,51.80250039,53.7408636,51.21791466,8363725,433713899.33,3.2175,4.9259,1,0
2024-07-19,sh.688187,53.2280691,56.62276869,53.1255102,56.45867445,53.7408636,6864058,369411929.31,2.6406,5.0573,1,0
2024-07-22,sh.688187,56.45867445,57.9457785,55.50487668,56.66379225,56.45867445,7828013,435079490.68,3.0115,0.3633,1,0
2024-07-23,sh.688187,56.407395,56.79711882,54.6638937,54.8690115,56.66379225,3969838,214278341.19,1.5272,-3.1674,1,0
2024-07-24,sh.688187,54.356217,55.36129422,54.0485403,55.00233807,54.8690115,3143052,168030254.26,1.2091,0.243,1,0
2024-07-25,sh.688187,54.44852001,56.18176542,54.20237865,55.40231778,55.00233807,3274100,176239765.01,1.2596,0.7272,1,0
2024-07-26,sh.688187,55.43308545,56.8176306,54.69466137,56.10997419,55.40231778,3864095,210917450.64,1.4865,1.2773,1,0
2024-07-29,sh.688187,56.2022772,58.458573,56.2022772,56.86891005,56.10997419,5120350,287007428.16,1.9698,1.3526,1,0
2024-07-30,sh.688187,56.78686293,56.87916594,54.6638937,55.28950299,56.86891005,4291036,231391565.16,1.6508,-2.7773,1,0
2024-07-31,sh.688187,55.7920416,55.84332105,54.16135509,55.82280927,55.28950299,4060462,218023387.28,1.5621,0.9646,1,0
2024-08-01,sh.688187,55.98690351,59.13546174,55.59717969,58.33550232,55.82280927,6677561,377724899.03,2.5689,4.5012,1,0
2024-08-02,sh.688187,58.10987274,58.90983216,56.90993361,57.48426345,58.33550232,4235372,237712372.69,1.6294,-1.4592,1,0
2024-08-05,sh.688187,57.80219604,57.87398727,54.91003506,54.91003506,57.48426345,4820490,262791041.74,1.8545,-4.4781,1,0
2024-08-06,sh.688187,55.42282956,56.05869474,54.75619671,55.40231778,54.91003506,2667316,143869913.74,1.0261,0.8965,1,0
2024-08-07,sh.688187,55.04336163,58.0483374,54.89977917,56.59200102,55.40231778,3767091,210147279.49,1.4492,2.1474,1,0
2024-08-08,sh.688187,56.52957596,57.2681847,55.26041728,55.45807314,56.5919936,2644990,141811130.11,1.0175,-2.0037,1,0
2024-08-09,sh.688187,55.46847608,56.76884358,55.35404374,55.48928196,55.45807314,2194044,117737110.29,0.8441,0.0563,1,0
2024-08-12,sh.688187,55.45807314,57.0081112,54.44898796,56.61279948,55.48928196,2745011,147968674.27,1.056,2.0247,1,0
2024-08-13,sh.688187,56.61279948,57.3722141,56.2799054,57.20576706,56.61279948,1389345,75899880.24,0.5345,1.0474,1,0
2024-08-14,sh.688187,57.20576706,57.21617,55.89499662,56.3319201,57.20576706,1860334,100953176.46,0.7157,-1.5276,1,0
2024-08-15,sh.688187,56.41514362,56.67521712,54.615435,55.07316436,56.3319201,4176794,221990740.31,1.6068,-2.2345,1,0
2024-08-16,sh.688187,55.0315526,55.655729,54.095288,54.81309086,55.07316436,2509937,132152618.51,0.9656,-0.4722,1,0
2024-08-19,sh.688187,55.655729,58.12122578,54.84429968,57.04972296,54.81309086,5745218,315969432.58,2.2102,4.0805,1,0
2024-08-20,sh.688187,56.61279948,57.2681847,55.36444668,56.82085828,57.04972296,3519948,191084702.58,1.3541,-0.4012,1,0
2024-08-21,sh.688187,56.47756126,57.54906408,56.05104072,57.3201994,56.82085828,2181373,119680626.0,0.8392,0.8788,1,0
2024-08-22,sh.688187,57.09133472,59.6608609,56.98730532,58.49573162,57.3201994,4690052,264167684.13,1.8043,2.0508,1,0
2024-08-23,sh.688187,58.50613456,59.1927286,57.4242288,59.0886992,58.49573162,3321441,187020747.9,1.2778,1.0137,1,0
2024-08-26,sh.688187,58.0484052,58.0484052,51.7546265,54.5114056,59.0886992,10175997,524272464.26,3.9147,-7.7465,1,0
2024-08-27,sh.688187,54.4073762,54.48019678,49.85088848,50.90158542,54.5114056,9279094,455549475.17,3.5697,-6.6221,1,0
2024-08-28,sh.688187,50.974406,51.16165892,48.31125336,48.74817684,50.90158542,6095945,287573570.15,2.3451,-4.2305,1,0
2024-08-29,sh.688187,48.29044748,50.20458844,47.92634458,49.81967966,48.74817684,5367774,254243604.18,2.065,2.198,1,0
2024-08-30,sh.688187,49.50759146,50.84957072,47.82231518,48.31125336,49.81967966,8991538,423417108.18,3.4591,-3.0278,1,0
2024-09-02,sh.688187,48.01997104,48.13440338,45.0967449,45.4608478,48.31125336,9893956,435889083.14,3.8062,-5.9001,1,0
2024-09-03,sh.688187,45.772936,47.49982404,45.31520664,47.18773584,45.4608478,5979578,269026850.07,2.3004,3.7986,1,0
2024-09-04,sh.688187,47.06290056,47.5934505,45.9809948,47.2293476,47.18773584,4023640,181512731.85,1.5479,0.0882,1,0
2024-09-05,sh.688187,46.82363294,47.5934505,45.79374188,46.0850242,47.2293476,3106177,138518675.07,1.195,-2.4229,1,0
2024-09-06,sh.688187,45.9289801,46.293083,45.58568308,45.78333894,46.0850242,1995015,88036023.86,0.7675,-0.6546,1,0
2024-09-09,sh.688187,46.38670946,46.38670946,44.09806266,44.4205538,45.78333894,5467918,234884670.22,1.9576,-2.9766,1,0
2024-09-10,sh.688187,44.81586552,45.08634196,43.4842892,44.03564502,44.4205538,3367079,142870162.98,1.2054,-0.8665,1,0
2024-09-11,sh.688187,44.01483914,45.7209213,43.6403333,45.62729484,44.03564502,5562316,239961051.33,1.9914,3.6145,1,0
2024-09-12,sh.688187,45.4608478,47.6454652,45.44004192,46.7092006,45.62729484,5800304,259778808.25,2.0766,2.3712,1,0
2024-09-13,sh.688187,46.88605058,46.9692741,45.58568308,45.80414482,46.7092006,3632896,160968875.34,1.3006,-1.9376,1,0
2024-09-18,sh.688187,46.3971124,46.6571859,44.732642,44.9927155,45.80414482,3094216,135259867.65,1.1078,-1.7715,1,0
2024-09-19,sh.688187,45.13835666,45.19037136,43.85879504,44.61820966,44.9927155,5360671,228398160.14,1.9192,-0.8324,1,0
2024-09-20,sh.688187,44.44135968,44.732642,42.90172456,43.18260394,44.61820966,4281759,178664904.35,1.5329,-3.2175,1,0
2024-09-23,sh.688187,43.14099218,44.72223906,42.79769516,44.33733028,43.18260394,3412342,145388795.49,1.2217,2.6741,1,0
2024-09-24,sh.688187,44.72223906,46.97967704,43.80678034,46.43872416,44.33733028,6197399,272439867.51,2.2187,4.7396,1,0
2024-09-25,sh.688187,46.90685646,49.6740385,46.90685646,48.67535626,46.43872416,7653367,360081043.04,2.74,4.8163,1,0
2024-09-26,sh.688187,48.69616214,48.93542976,45.88736834,47.62465932,48.67535626,10202006,458466464.92,3.6524,-2.1586,1,0
2024-09-27,sh.688187,48.05117986,49.1018768,47.2813623,49.07066798,47.62465932,5467525,253291478.1,1.9574,3.0363,1,0
2024-09-30,sh.688187,49.8300826,55.51008784,49.8300826,55.20840258,49.07066798,12966649,664100769.81,4.6422,12.5079,1,0
2024-10-08,sh.688187,66.23551898,66.24592192,58.68298454,63.1458458,55.20840258,17154559,1018596798.73,6.1415,14.3772,1,0
2024-10-09,sh.688187,59.84811382,62.16796944,54.48019678,54.54261442,63.1458458,15627647,872115282.56,5.5949,-13.6244,1,0
2024-10-10,sh.688187,56.8000524,57.736317,54.095288,55.33323786,54.54261442,11571734,624483847.13,4.1428,1.4496,1,0
2024-10-11,sh.688187,55.58290842,55.63492312,53.054994,53.74158804,55.33323786,5794444,302761312.83,2.0745,-2.8765,1,0
2024-10-14,sh.688187,54.3553615,56.4359495,52.8469352,55.2396114,53.74158804,7741940,408930670.08,2.7717,2.7875,1,0
2024-10-15,sh.688187,55.28122316,55.31243198,53.11741164,53.11741164,55.2396114,5623920,292293433.72,2.0134,-3.8418,1,0
2024-10-16,sh.688187,51.2864942,54.38657032,51.2864942,53.23184398,53.11741164,6135001,315128575.32,2.1964,0.2154,1,0
2024-10-17,sh.688187,53.27345574,53.87682626,51.68180592,51.97308824,53.23184398,4751754,239653076.2,1.7012,-2.3647,1,0
2024-10-18,sh.688187,51.494553,56.77924652,51.494553,54.83389674,51.97308824,8743282,454869398.3,3.1302,5.5044,1,0
2024-10-21,sh.688187,55.135582,56.56078478,54.095288,55.0315526,54.83389674,10540860,560259630.72,3.7737,0.3605,1,0
2024-10-22,sh.688187,55.135582,55.655729,53.58554394,54.1473027,55.0315526,5955242,311883467.07,2.132,-1.6068,1,0
2024-10-23,sh.688187,54.095288,55.63492312,53.42949984,53.72078216,54.1473027,5930909,309892853.85,2.1233,-0.7877,1,0
2024-10-24,sh.688187,53.34627632,53.9392439,51.76502944,51.92107354,53.72078216,5933310,298236323.63,2.1242,-3.3501,1,0
2024-10-25,sh.688187,51.8066412,52.36839996,50.99521188,51.62979122,51.92107354,6484855,321705305.72,2.3216,-0.561,1,0
2024-10-28,sh.688187,51.79623826,52.60766758,51.21367362,51.97308824,51.62979122,4310462,215471913.96,1.5432,0.6649,1,0
2024-10-29,sh.688187,52.44122054,52.44122054,50.9223913,51.0784354,51.97308824,6224927,307365370.72,2.2286,-1.7214,1,0
2024-10-30,sh.688187,50.6623178,51.38012066,49.5179944,50.1941855,51.0784354,5962594,287201135.62,2.1347,-1.7312,1,0
2024-10-31,sh.688187,50.21499138,51.1304501,49.80927672,50.49587076,50.1941855,7103797,344850616.44,2.5432,0.601,1,0
2024-11-01,sh.688187,50.69352662,51.68180592,49.95491788,50.51667664,50.49587076,6622420,324096091.97,2.3709,0.0412,1,0
2024-11-04,sh.688187,50.5062737,51.34891184,50.21499138,50.75594426,50.51667664,4046929,197400765.97,1.4488,0.4736,1,0
2024-11-05,sh.688187,50.6103031,52.34759408,49.76766496,52.09792352,50.75594426,7465020,368232682.91,2.6726,2.644,1,0
2024-11-06,sh.688187,52.4308176,54.98994084,52.2747735,52.78451756,52.09792352,10036462,518070664.93,3.5932,1.3179,1,0
2024-11-07,sh.688187,52.23316174,56.50877008,52.2227588,56.3839348,52.78451756,12171946,644030914.38,4.3577,6.8191,1,0
2024-11-08,sh.688187,57.736317,58.97426686,55.8637878,56.06144366,56.3839348,9957282,548154969.12,3.5648,-0.572,1,0
2024-11-11,sh.688187,55.67653488,57.21617,55.35404374,55.85338486,56.06144366,8699248,469977631.34,3.1144,-0.3711,1,0
2024-11-12,sh.688187,55.85338486,56.45675538,52.64927934,53.5231263,55.85338486,13464952,701603015.2,4.8206,-4.1721,1,0
2024-11-13,sh.688187,53.06539694,53.76239392,52.8469352,53.19023222,53.5231263,7042342,360071507.13,2.5212,-0.622,1,0
2024-11-14,sh.688187,53.054994,53.82481156,51.93147648,52.03550588,53.19023222,5208413,264837748.38,1.8647,-2.1709,1,0
2024-11-15,sh.688187,51.8586559,52.88854696,51.78583532,51.8066412,52.03550588,4682827,235558544.85,1.6765,-0.4398,1,0
2024-11-18,sh.688187,51.5465677,53.25264986,50.53748252,50.8183619,51.8066412,6434506,320163614.57,2.3036,-1.9076,1,0
2024-11-19,sh.688187,51.79623826,51.79623826,49.60121792,50.70392956,50.8183619,7101326,344031405.56,2.5423,-0.2252,1,0
2024-11-20,sh.688187,50.5062737,51.0264207,50.25660314,50.8183619,50.70392956,4308116,209687996.04,1.5423,0.2257,1,0
2024-11-21,sh.688187,50.43345312,50.74554132,49.37235324,49.78847084,50.8183619,6436319,308271017.24,2.3043,-2.0266,1,0
2024-11-22,sh.688187,49.8820973,50.11096198,48.01997104,48.01997104,49.78847084,5631836,266169038.97,2.0163,-3.552,1,0
2024-11-25,sh.688187,48.01997104,48.55052098,47.4374064,47.87432988,48.01997104,5853555,269403813.65,2.0956,-0.3033,1,0
2024-11-26,sh.688187,47.92634458,48.08238868,46.69879766,46.77161824,47.87432988,3987235,181321239.57,1.4275,-2.3033,1,0
2024-11-27,sh.688187,46.83403588,48.74817684,45.99139774,48.5297151,46.77161824,6829708,311624201.72,2.4451,3.7589,1,0
2024-11-28,sh.688187,48.5297151,48.7897886,47.333377,47.44780934,48.5297151,6477138,299610318.85,2.3189,-2.2294,1,0
2024-11-29,sh.688187,47.34377994,48.893818,47.00048292,48.23843278,47.44780934,5106772,235810019.36,1.8283,1.6663,1,0
2024-12-02,sh.688187,48.10319456,49.39315912,47.87432988,48.95623564,48.23843278,6154311,288322931.26,2.2033,1.488,1,0
2024-12-03,sh.688187,48.95623564,49.19550326,48.33205924,48.98744446,48.95623564,3697044,173429384.43,1.3236,0.0637,1,0
2024-12-04,sh.688187,49.5179944,50.31902078,49.01865328,49.35154736,48.98744446,7118417,339735955.91,2.5485,0.7433,1,0
2024-12-05,sh.688187,48.893818,49.5179944,48.31125336,48.83140036,49.35154736,3744578,176054232.97,1.3406,-1.054,1,0
2024-12-06,sh.688187,48.76898272,49.5179944,48.4256857,49.13308562,48.83140036,4056127,190968167.33,1.4521,0.6178,1,0
2024-12-09,sh.688187,49.934112,51.1824648,49.78847084,50.22539432,49.13308562,6039483,292664490.6,2.1622,2.2232,1,0
2024-12-10,sh.688187,52.0147,52.5868617,49.54920322,49.7260532,50.22539432,7896805,385156601.72,2.8271,-0.9942,1,0
2024-12-11,sh.688187,49.55960616,49.92370906,49.33074148,49.63242674,49.7260532,2994394,142969348.21,1.072,-0.1883,1,0
2024-12-12,sh.688187,49.78847084,50.48546782,49.33074148,50.21499138,49.63242674,3753306,180746714.22,1.3437,1.1738,1,0
2024-12-13,sh.688187,49.8820973,50.13176786,49.22671208,49.28912972,50.21499138,3642912,173747455.3,1.3042,-1.8438,1,0
2024-12-16,sh.688187,49.89250024,50.77675014,49.69484438,49.8820973,49.28912972,5226222,251928648.12,1.871,1.203,1,0
2024-12-17,sh.688187,49.79887378,51.05762952,49.60121792,50.07975316,49.8820973,4643874,224676455.26,1.6626,0.3962,1,0
2024-12-18,sh.688187,50.1941855,51.0784354,49.7260532,49.76766496,50.07975316,4084248,197752995.27,1.4622,-0.6232,1,0
2024-12-19,sh.688187,48.893818,49.52839734,48.64414744,48.9978474,49.76766496,4308268,202842377.3,1.5424,-1.5468,1,0
2024-12-20,sh.688187,48.74817684,50.07975316,48.59213274,49.2059062,48.9978474,5018435,237601140.49,1.7966,0.4246,1,0
2024-12-23,sh.688187,49.28912972,50.68312368,49.2059062,49.63242674,49.2059062,6130271,295112600.35,2.1947,0.8668,1,0
2024-12-24,sh.688187,49.61162086,50.43345312,49.22671208,49.79887378,49.63242674,4028655,192873600.52,1.4423,0.3354,1,0
2024-12-25,sh.688187,49.934112,50.0381414,47.83271812,48.0095681,49.79887378,5218340,243753550.58,1.8682,-3.5931,1,0
2024-12-26,sh.688187,48.12400044,48.8418033,47.93674752,48.49850628,48.0095681,3495306,163054109.44,1.2514,1.0184,1,0
2024-12-27,sh.688187,48.6857592,49.2579209,48.20722396,48.33205924,48.49850628,4484445,209947360.5,1.6055,-0.3432,1,0
2024-12-30,sh.688187,48.35286512,50.2982149,48.19682102,49.74685908,48.33205924,6263175,298576185.05,2.2423,2.9272,1,0
2024-12-31,sh.688187,49.95491788,50.8183619,49.29953266,49.85088848,49.74685908,7016399,338416355.63,2.5119,0.2091,1,0
2025-01-02,sh.688187,49.7780679,50.94319718,48.0095681,48.4777004,49.85088848,7280078,347341896.24,2.6063,-2.7546,1,0
2025-01-03,sh.688187,48.07198574,48.98744446,46.66758884,46.78202118,48.4777004,5205891,238463107.6,1.8638,-3.4979,1,0
2025-01-06,sh.688187,46.78202118,47.29176524,45.80414482,46.1890536,46.78202118,4276160,190309855.32,1.5309,-1.2675,1,0
2025-01-07,sh.688187,46.1370389,46.9172594,45.22158018,45.52326544,46.1890536,4572074,201161976.63,1.6368,-1.4414,1,0
2025-01-08,sh.688187,45.75213012,47.9575534,44.85747728,46.9692741,45.52326544,7016883,312358754.52,2.5121,3.1764,1,0
2025-01-09,sh.688187,47.0212888,47.10451232,45.93938304,46.12663596,46.9692741,3947482,175784143.44,1.4132,-1.794,1,0
2025-01-10,sh.688187,46.85484176,46.85484176,45.32560958,45.32560958,46.12663596,3698221,162969517.45,1.324,-1.7366,1,0
2025-01-13,sh.688187,44.80546258,45.62729484,44.732642,44.85747728,45.32560958,2773146,120154578.6,0.9928,-1.0328,1,0
2025-01-14,sh.688187,44.89908904,46.38670946,44.74304494,46.30348594,44.85747728,3567063,157079977.68,1.277,3.2236,1,0
2025-01-15,sh.688187,46.63638002,46.6571859,45.38802722,45.45044486,46.30348594,2907940,127863007.96,1.0411,-1.8423,1,0
2025-01-16,sh.688187,45.27359488,46.53235062,45.27359488,46.2410683,45.45044486,3540733,157025343.42,1.2676,1.7395,1,0
2025-01-17,sh.688187,45.91857716,46.79242412,45.772936,46.42832122,46.2410683,3137953,139663553.76,1.1234,0.4049,1,0
2025-01-20,sh.688187,46.6051712,47.15652702,46.14744184,46.3971124,46.42832122,3480437,155471727.9,1.246,-0.0672,1,0
2025-01-21,sh.688187,46.51154474,46.95887116,45.81454776,46.09542714,46.3971124,4026443,178837589.42,1.4415,-0.6502,1,0
2025-01-22,sh.688187,46.51154474,46.51154474,45.41923604,46.12663596,46.09542714,2973186,131158116.73,1.0644,0.0677,1,0
2025-01-23,sh.688187,46.5531565,48.31125336,46.293083,47.44780934,46.12663596,6091702,277953273.0,2.1809,2.8642,1,0
2025-01-24,sh.688187,47.13572114,49.08107092,47.1253182,48.48810334,47.44780934,4223462,196757476.49,1.512,2.1925,1,0
2025-01-27,sh.688187,48.69616214,48.83140036,48.03037398,48.1656122,48.48810334,2956602,137568622.04,1.0585,-0.6651,1,0
2025-02-05,sh.688187,48.18641808,48.46729746,46.17865066,46.67799178,48.1656122,4974820,223098321.37,1.781,-3.0886,1,0
2025-02-06,sh.688187,46.67799178,47.56224168,46.3450977,47.35418288,46.67799178,3795518,171680838.87,1.3588,1.4486,1,0
2025-02-07,sh.688187,47.8015093,48.1135975,46.8652447,47.78070342,47.35418288,5733680,261634989.05,2.0527,0.9007,1,0
2025-02-10,sh.688187,47.72868872,47.9575534,46.92766234,47.04209468,47.78070342,5383267,243893616.4,1.9273,-1.5458,1,0
2025-02-11,sh.688187,47.15652702,47.16692996,45.772936,46.0330095,47.04209468,5515846,245306751.73,1.9747,-2.1451,1,0
2025-02-12,sh.688187,46.0330095,46.45953004,45.6689066,46.10583008,46.0330095,7169496,316811500.47,2.5668,0.1582,1,0
2025-02-13,sh.688187,46.12663596,46.32429182,45.07593902,45.16956548,46.10583008,5986809,262645423.52,2.1433,-2.0307,1,0
2025-02-14,sh.688187,45.13835666,45.5128625,44.80546258,45.27359488,45.16956548,5109061,221391671.51,1.8291,0.2303,1,0
2025-02-17,sh.688187,45.42963898,45.4608478,44.53498614,44.85747728,45.27359488,5764008,249112306.76,2.0636,-0.9191,1,0
2025-02-18,sh.688187,45.05513314,45.252789,44.212495,44.49337438,44.85747728,4419323,190469766.31,1.5822,-0.8117,1,0
2025-02-19,sh.688187,44.5245832,45.52326544,44.22289794,45.48165368,44.49337438,6486317,281589980.49,2.3222,2.2212,1,0
2025-02-20,sh.688187,45.54407132,46.4491271,45.08634196,46.3971124,45.48165368,7886042,347588279.63,2.8233,2.0128,1,0
2025-02-21,sh.688187,46.26187418,46.84443882,45.45044486,46.73000648,46.3971124,8965552,398231369.0,3.2098,0.7175,1,0
2025-02-24,sh.688187,46.59476826,46.9692741,46.11623302,46.51154474,46.73000648,6676798,299136497.6,2.3904,-0.4675,1,0
2025-02-25,sh.688187,46.07462126,46.33469476,45.58568308,45.71051836,46.51154474,5549014,244993784.88,1.9866,-1.7222,1,0
2025-02-26,sh.688187,45.71051836,46.06421832,45.4608478,45.97059186,45.71051836,5273083,231879613.38,1.8878,0.569,1,0
2025-02-27,sh.688187,46.09542714,50.31902078,45.8249507,48.65455038,45.97059186,17668029,825112048.12,6.3253,5.8384,1,0
2025-02-28,sh.688187,49.3099356,49.5179944,47.9575534,48.25923866,48.65455038,9273115,433736586.66,3.3199,-0.8125,1,0
2025-03-03,sh.688187,48.0615828,50.2462002,48.0615828,48.77938566,48.25923866,8199165,388793701.51,2.9354,1.0778,1,0
2025-03-04,sh.688187,48.5817298,49.38275618,48.2696416,48.43608864,48.77938566,5840381,273572540.93,2.0909,-0.7038,1,0
2025-03-05,sh.688187,48.20722396,48.49850628,47.57264462,48.13440338,48.43608864,4802650,221278100.97,1.7194,-0.6229,1,0
2025-03-06,sh.688187,48.373671,48.59213274,47.7494946,48.15520926,48.13440338,6882878,318523128.05,2.4641,0.0432,1,0
2025-03-07,sh.688187,48.10319456,48.10319456,47.08370644,47.4374064,48.15520926,7296246,332842095.09,2.6121,-1.4906,1,0
2025-03-10,sh.688187,47.4374064,47.70788284,47.1773329,47.49982404,47.4374064,3791766,172878529.03,1.3575,0.1316,1,0
2025-03-11,sh.688187,47.03169174,47.49982404,46.71960354,47.21894466,47.49982404,4511281,204177690.67,1.6151,-0.5913,1,0
2025-03-12,sh.688187,47.2813623,48.01997104,46.84443882,47.47901816,47.21894466,5044757,229639544.25,1.8061,0.5508,1,0
2025-03-13,sh.688187,47.4894211,48.34246218,46.95887116,48.14480632,47.47901816,6205789,284545813.7,2.2217,1.4023,1,0
2025-03-14,sh.688187,49.5700091,51.26568832,48.80019154,50.52707958,48.14480632,16818311,809058426.73,6.0211,4.9481,1,0
2025-03-17,sh.688187,51.9626853,52.77411462,50.39184136,50.4022443,50.52707958,16284428,806734393.72,5.83,-0.2471,1,0
2025-03-18,sh.688187,50.95360012,51.9626853,50.43345312,51.0784354,50.4022443,10895682,536313171.07,3.9008,1.3416,1,0
2025-03-19,sh.688187,50.6623178,50.974406,49.86129142,50.25660314,51.0784354,7443732,360447343.03,2.6649,-1.609,1,0
2025-03-20,sh.688187,50.2982149,52.9509646,49.64282968,51.71301474,50.25660314,13207873,652863343.56,4.7286,2.898,1,0
2025-03-21,sh.688187,51.71301474,54.615435,51.71301474,52.80532344,51.71301474,20669415,1063983313.12,7.3999,2.1123,1,0
2025-03-24,sh.688187,54.095288,54.095288,50.1421708,51.3385089,52.80532344,20033563,998828001.88,7.1722,-2.7778,1,0
2025-03-25,sh.688187,50.6623178,52.93015872,50.454259,51.12004716,51.3385089,15912903,792426720.22,5.697,-0.4255,1,0
2025-03-26,sh.688187,50.83916778,52.16034116,50.23579726,50.46466194,51.12004716,10028714,491224786.38,3.5904,-1.2821,1,0
2025-03-27,sh.688187,50.2462002,50.74554132,49.60121792,50.4022443,50.46466194,7292308,352457348.78,2.6107,-0.1237,1,0
2025-03-28,sh.688187,49.94451494,50.64151192,49.49718852,49.7780679,50.4022443,6550663,314280352.8,2.3452,-1.2384,1,0
2025-03-31,sh.688187,49.7260532,50.42305018,48.893818,49.17469738,49.7780679,6029584,287573582.13,2.1587,-1.2121,1,0
2025-04-01,sh.688187,49.5179944,49.7260532,48.373671,48.65455038,49.17469738,7782819,365316820.98,2.7863,-1.0578,1,0
2025-04-02,sh.688187,48.49850628,49.413965,48.43608864,48.7897886,48.65455038,5108964,240307097.03,1.8291,0.278,1,0
2025-04-03,sh.688187,48.1656122,49.49718852,47.97835928,48.66495332,48.7897886,5861354,274885622.52,2.0984,-0.2559,1,0
2025-04-07,sh.688187,46.45953004,46.6571859,41.5077306,43.3282451,48.66495332,11824771,501631114.08,4.2334,-10.9662,1,0
2025-04-08,sh.688187,43.62993036,45.70011542,43.50509508,45.5128625,43.3282451,10412607,450834681.89,3.7278,5.042,1,0
2025-04-09,sh.688187,44.732642,47.98876222,44.5245832,47.0212888,45.5128625,10882397,489221681.15,3.896,3.3143,1,0
2025-04-10,sh.688187,47.333377,48.01997104,46.53235062,46.6051712,47.0212888,8255395,374145122.39,2.9555,-0.885,1,0
2025-04-11,sh.688187,46.0850242,47.49982404,45.99139774,46.83403588,46.6051712,5646404,254255644.4,2.0215,0.4911,1,0
2025-04-14,sh.688187,47.1253182,47.853524,47.0212888,47.67667402,46.83403588,5207545,237921905.37,1.8644,1.7992,1,0
2025-04-15,sh.688187,47.30216818,47.86392694,46.6051712,47.83271812,47.67667402,5327586,242181130.26,1.9073,0.3273,1,0
2025-04-16,sh.688187,47.72868872,47.72868872,46.5011418,46.88605058,47.83271812,3693477,166672709.9,1.3223,-1.9791,1,0
2025-04-17,sh.688187,46.82363294,47.853524,46.6051712,47.40619758,46.88605058,4157080,189662030.92,1.4883,1.1094,1,0
2025-04-18,sh.688187,47.40619758,47.96795634,47.09410938,47.1773329,47.40619758,4103480,187339419.91,1.4691,-0.4828,1,0
2025-04-21,sh.688187,47.01088586,48.5297151,47.01088586,48.18641808,47.1773329,4857255,224707358.97,1.7389,2.1389,1,0
2025-04-22,sh.688187,48.07198574,49.2059062,47.92634458,48.34246218,48.18641808,4085843,190995828.83,1.4628,0.3238,1,0
2025-04-23,sh.688187,48.43608864,48.88341506,47.853524,48.0095681,48.34246218,4168602,193155871.71,1.4924,-0.6886,1,0
2025-04-24,sh.688187,48.0095681,48.2696416,47.3853917,47.55183874,48.0095681,3474595,159816124.6,1.2439,-0.9534,1,0
2025-04-25,sh.688187,47.56224168,47.5934505,46.81323,47.1773329,47.55183874,3081881,139681669.74,1.1033,-0.7876,1,0
2025-04-28,sh.688187,47.1773329,48.0095681,46.83403588,47.4894211,47.1773329,2672559,122135902.3,0.9568,0.6615,1,0
2025-04-29,sh.688187,47.53103286,48.1135975,47.08370644,47.853524,47.4894211,3401579,155660063.53,1.2178,0.7667,1,0
2025-04-30,sh.688187,47.60385344,47.72868872,46.14744184,47.18773584,47.853524,7382735,332624865.57,2.6431,-1.3913,1,0
2025-05-06,sh.688187,47.31257112,48.33205924,47.04209468,48.0615828,47.18773584,5663980,261349185.34,2.0278,1.8519,1,0
2025-05-07,sh.688187,48.35286512,49.2059062,48.28004454,48.6857592,48.0615828,4216739,197381754.06,1.5096,1.2987,1,0
2025-05-08,sh.688187,48.5297151,49.35154736,48.49850628,48.95623564,48.6857592,3497442,164933966.91,1.2521,0.5556,1,0
2025-05-09,sh.688187,48.69616214,49.08107092,48.2176269,48.29044748,48.95623564,2742650,127982453.88,0.9819,-1.36,1,0
2025-05-12,sh.688187,48.373671,48.96663858,48.2696416,48.71696802,48.29044748,3245633,151630123.69,1.162,0.8832,1,0
2025-05-13,sh.688187,49.2579209,49.29953266,48.29044748,48.29044748,48.71696802,2951255,137637880.94,1.0566,-0.8755,1,0
2025-05-14,sh.688187,48.4256857,48.5297151,47.9575534,48.2176269,48.29044748,3207065,148626119.1,1.1482,-0.1508,1,0
2025-05-15,sh.688187,48.05117986,48.12400044,47.49982404,47.5414358,48.2176269,2634325,121065370.88,0.9431,-1.4024,1,0
2025-05-16,sh.688187,47.53103286,47.83271812,47.0212888,47.25015348,47.5414358,2605379,118643027.72,0.9328,-0.6127,1,0
2025-05-19,sh.688187,47.35418288,47.35418288,46.58436532,46.95887116,47.25015348,2882140,130097686.4,1.0318,-0.6165,1,0
2025-05-20,sh.688187,46.94846822,46.99007998,46.5531565,46.75081236,46.95887116,2932827,131693491.01,1.05,-0.4431,1,0
2025-05-21,sh.688187,46.75081236,47.47901816,46.3971124,47.2293476,46.75081236,4174124,188010938.95,1.4944,1.0236,1,0
2025-05-22,sh.688187,47.06290056,47.8015093,46.85484176,47.1773329,47.2293476,2463247,112173507.49,0.8819,-0.1101,1,0
2025-05-23,sh.688187,47.09410938,47.86392694,46.3971124,46.3971124,47.1773329,2887341,131143777.56,1.0337,-1.6538,1,0
2025-05-26,sh.688187,46.3971124,46.73000648,46.14744184,46.3971124,46.3971124,2386003,106432951.93,0.8542,0.0,1,0
2025-05-27,sh.688187,46.3971124,46.58436532,46.1890536,46.2410683,46.3971124,1942548,86536250.64,0.6955,-0.3363,1,0
2025-05-28,sh.688187,46.32429182,46.3971124,45.70011542,45.80414482,46.2410683,2505952,110798043.5,0.8972,-0.9449,1,0
2025-05-29,sh.688187,45.58568308,46.3971124,45.58568308,46.09542714,45.80414482,2656890,117893901.82,0.9512,0.6359,1,0
2025-05-30,sh.688187,45.89777128,46.27227712,45.54407132,45.58568308,46.09542714,3188324,140500474.3,1.1415,-1.1058,1,0
2025-06-03,sh.688187,45.4608478,45.73132424,44.95110374,45.32560958,45.58568308,3208453,139653901.75,1.1487,-0.5705,1,0
2025-06-04,sh.688187,45.55447426,45.55447426,44.98231256,45.0447302,45.32560958,4365444,189612661.1,1.5629,-0.6197,1,0
2025-06-05,sh.688187,45.0967449,45.29440076,44.71183612,45.21117724,45.0447302,4045970,174919390.78,1.4485,0.3695,1,0
2025-06-06,sh.688187,45.17996842,45.37762428,45.06553608,45.2007743,45.21117724,2599803,112982430.64,0.9308,-0.023,1,0
2025-06-09,sh.688187,45.24238606,45.65850366,45.12795372,45.49205662,45.2007743,3225032,140920619.51,1.1546,0.6444,1,0
2025-06-10,sh.688187,45.49205662,45.74172718,44.51418026,44.65982142,45.49205662,3640920,157463153.73,1.3035,-1.8294,1,0
2025-06-11,sh.688187,44.6806273,45.03432726,44.56619496,44.85747728,44.65982142,2551477,110060539.71,0.9135,0.4426,1,0
2025-06-12,sh.688187,44.72223906,44.80546258,44.4205538,44.6286126,44.85747728,3101576,132957655.83,1.1104,-0.5102,1,0
2025-06-13,sh.688187,44.43095674,44.71183612,44.27491264,44.33733028,44.6286126,4986618,213013230.0,1.7853,-0.6527,1,0
2025-06-16,sh.688187,44.2645097,44.34773322,43.81718328,43.91080974,44.33733028,4171353,176432147.87,1.4934,-0.962,1,0
2025-06-17,sh.688187,43.94201856,44.0564509,43.692348,43.85879504,43.91080974,2481568,104610352.16,0.8884,-0.1185,1,0
2025-06-18,sh.688187,43.7963774,44.28531558,43.692348,43.80678034,43.85879504,2033744,85796415.35,0.7281,-0.1186,1,0
2025-06-19,sh.688187,43.70275094,43.78597446,43.04736572,43.16179806,43.80678034,3557589,148343570.78,1.2737,-1.4723,1,0
2025-06-20,sh.688187,43.16179806,43.4322745,42.81850104,42.81850104,43.16179806,2557922,105898971.46,0.9158,-0.7954,1,0
2025-06-23,sh.688187,42.67285988,43.24502158,42.56883048,43.15139512,42.81850104,2046557,84640875.39,0.7327,0.7775,1,0
2025-06-24,sh.688187,43.2762304,44.212495,43.15139512,44.02524208,43.15139512,3588647,151449152.43,1.2848,2.0251,1,0
2025-06-25,sh.688187,44.02524208,44.29571852,43.80678034,44.28531558,44.02524208,3555497,150594137.42,1.2729,0.5907,1,0
2025-06-26,sh.688187,44.212495,44.65982142,43.98363032,44.0044362,44.28531558,3075962,131016108.53,1.1012,-0.6342,1,0
2025-06-27,sh.688187,44.1604803,44.37894204,43.98363032,44.03564502,44.0044362,2768011,117528853.74,0.991,0.0709,1,0
2025-06-30,sh.688187,44.08765972,44.4725685,43.85879504,44.3685391,44.03564502,3957443,168096306.77,1.4168,0.756,1,0
2025-07-01,sh.688187,44.43095674,45.4088331,44.17088324,45.0967449,44.3685391,5335864,230906589.09,1.9103,1.6413,1,0
2025-07-02,sh.688187,45.65850366,46.37630652,45.252789,45.26319194,45.0967449,8128505,357748603.67,2.9101,0.3691,1,0
2025-07-03,sh.688187,45.26319194,45.37762428,44.93029786,45.01352138,45.26319194,3675710,159263679.57,1.3159,-0.5516,1,0
2025-07-04,sh.688187,44.9407008,45.01352138,44.03564502,44.59740378,45.01352138,5400515,230078395.37,1.9334,-0.9244,1,0
2025-07-07,sh.688187,44.5765979,44.7846567,44.3165244,44.32692734,44.59740378,1896216,81011768.21,0.6789,-0.6065,1,0
2025-07-08,sh.688187,44.6286126,45.17996842,44.37894204,44.90949198,44.32692734,3630297,156435888.21,1.2997,1.3142,1,0
2025-07-09,sh.688187,44.85747728,45.55447426,44.85747728,45.07593902,44.90949198,3884761,168744307.54,1.3908,0.3706,1,0
2025-07-10,sh.688187,45.07593902,45.21117724,44.72223906,45.13835666,45.07593902,2770360,119718776.86,0.9918,0.1385,1,0
2025-07-11,sh.688187,45.0967449,45.5648772,44.79505964,45.08634196,45.13835666,4174247,181274483.43,1.4944,-0.1152,1,0
2025-07-14,sh.688187,45.17996842,45.93938304,45.08634196,45.34641546,45.08634196,4671954,204685428.92,1.6726,0.5768,1,0
2025-07-15,sh.688187,45.26319194,45.4608478,44.55579202,44.91989492,45.34641546,4037924,174475984.18,1.4456,-0.9406,1,0
2025-07-16,sh.688187,44.9407008,45.02392432,44.65982142,44.86788022,44.91989492,3170448,136704431.64,1.1351,-0.1158,1,0
2025-07-17,sh.688187,44.9407008,44.96150668,44.45176262,44.74304494,44.86788022,4047342,173680404.43,1.449,-0.2782,1,0
2025-07-18,sh.688187,44.81586552,45.7209213,44.54538908,45.5648772,44.74304494,6365679,276271438.04,2.279,1.8368,1,0
2025-07-21,sh.688187,45.8769654,46.48033592,45.32560958,46.26187418,45.5648772,6463242,286784232.31,2.3139,1.5297,1,0
2025-07-22,sh.688187,46.48033592,47.58304756,46.1890536,47.25015348,46.26187418,7456372,335722671.47,2.6695,2.1363,1,0
2025-07-23,sh.688187,47.3853917,47.3853917,46.5011418,46.56355944,47.25015348,5044788,227633445.84,1.8061,-1.4531,1,0
2025-07-24,sh.688187,46.78202118,47.4894211,46.52194768,47.27095936,46.56355944,5522702,250657779.84,1.9772,1.5192,1,0
2025-07-25,sh.688187,47.27095936,47.41660052,46.90685646,46.9692741,47.27095936,3987802,180607742.18,1.4277,-0.6382,1,0
2025-07-28,sh.688187,47.2813623,47.36458582,46.82363294,47.0212888,46.9692741,3133749,141886941.62,1.1219,0.1107,1,0
2025-07-29,sh.688187,46.92766234,47.06290056,46.5531565,46.92766234,47.0212888,3337268,150153976.84,1.1948,-0.1991,1,0
2025-07-30,sh.688187,46.97967704,47.20854172,46.33469476,46.59476826,46.92766234,3412553,153654846.6,1.2217,-0.7094,1,0
2025-07-31,sh.688187,46.64678296,46.64678296,45.31520664,45.49205662,46.59476826,6364131,280417459.52,2.2784,-2.3666,1,0
2025-08-01,sh.688187,45.50245956,45.93938304,45.41923604,45.62729484,45.49205662,3712465,162902450.41,1.3291,0.2973,1,0
2025-08-04,sh.688187,45.47125074,45.73132424,45.26319194,45.5648772,45.62729484,2981032,130251169.21,1.0672,-0.1368,1,0
2025-08-05,sh.688187,45.59608602,46.11623302,45.47125074,46.10583008,45.5648772,3608247,158891000.5,1.2918,1.1872,1,0
2025-08-06,sh.688187,46.0330095,46.9172594,46.0330095,46.74040942,46.10583008,3614149,162237176.01,1.2939,1.3764,1,0
2025-08-07,sh.688187,46.75081236,46.75081236,45.70011542,46.4491271,46.74040942,6192504,275080944.19,2.217,-0.6232,1,0
2025-08-08,sh.688187,46.30016577,47.05569594,46.08734037,46.72581657,46.44914355,4282891,187622169.93,1.5333,0.5956,1,0
2025-08-11,sh.688187,46.88543562,48.37521342,46.69389276,47.26852134,46.72581657,6008325,267856430.91,2.151,1.1615,1,0
2025-08-12,sh.688187,47.31108642,47.3536515,46.87479435,47.11954356,47.26852134,3531708,156146012.53,1.2644,-0.3152,1,0
2025-08-13,sh.688187,47.19403245,47.885715,46.93864197,47.68353087,47.11954356,5258722,235184127.78,1.8827,1.1969,1,0
2025-08-14,sh.688187,47.90699754,48.2049531,47.40685785,47.5664769,47.68353087,6763348,303911799.2,2.4213,-0.2455,1,0
2025-08-15,sh.688187,47.81122611,48.54547374,47.66224833,48.43906104,47.5664769,5936968,268832059.73,2.1255,1.8345,1,0
2025-08-18,sh.688187,48.60932136,49.13074359,48.22623564,48.57739755,48.43906104,6379456,291118009.0,2.2839,0.2856,1,0
2025-08-19,sh.688187,48.55611501,48.59868009,47.7793023,47.885715,48.57739755,5324599,240642161.53,1.9063,-1.4239,1,0
2025-08-20,sh.688187,47.86443246,49.2690801,47.55583563,48.88599438,47.885715,7128836,325093399.07,2.5522,2.0889,1,0
2025-08-21,sh.688187,49.14138486,50.15230551,48.70509279,49.77986106,48.88599438,8552239,399202661.71,3.0618,1.8285,1,0
2025-08-22,sh.688187,49.8011436,51.23771505,49.4819055,51.12066108,49.77986106,9909148,469119326.23,3.5476,2.6935,1,0
2025-08-25,sh.688187,52.12094046,53.86610874,52.12094046,53.39789286,51.12066108,16160951,805699430.43,5.7858,4.4546,1,0
2025-08-26,sh.688187,53.7384135,53.7384135,52.97224206,53.19570873,53.39789286,7286840,364639073.73,2.6088,-0.3786,1,0
2025-08-27,sh.688187,52.98288333,54.0576516,51.63144204,51.72721347,53.19570873,11378386,563857299.02,4.0736,-2.7606,1,0
2025-08-28,sh.688187,51.70593093,52.33376586,50.51410869,51.8229849,51.72721347,9907354,480040978.73,3.5469,0.1851,1,0
2025-08-29,sh.688187,51.8229849,52.29120078,51.30156267,51.51438807,51.8229849,6886534,334971980.85,2.4654,-0.5955,1,0
2025-09-01,sh.688187,51.80170236,52.5678738,51.2909214,51.5037468,51.51438807,7371748,358834395.37,2.6392,-0.0207,1,0
2025-09-02,sh.688187,51.66336585,51.76977855,49.88627376,50.48218488,51.5037468,7091784,337418851.91,2.5389,-1.9835,1,0
2025-09-03,sh.688187,50.5460325,51.04617219,49.4819055,49.75857852,50.48218488,4719701,221913382.72,1.6897,-1.4334,1,0
2025-09-04,sh.688187,49.75857852,50.21615313,48.21559437,48.7370166,49.75857852,5639524,260620503.18,2.019,-2.053,1,0
2025-09-05,sh.688187,48.8434293,50.26935948,48.6306039,50.21615313,48.7370166,5371385,251453272.47,1.923,3.0349,1,0
2025-09-08,sh.688187,50.68436901,55.05793098,50.68436901,53.40853413,50.21615313,15444996,768613794.92,1.7775,6.3573,1,0
2025-09-09,sh.688187,53.33404524,53.71713096,51.5037468,51.86554998,53.40853413,9860821,485765544.33,1.1349,-2.889,1,0
2025-09-10,sh.688187,51.87619125,52.42953729,51.55695315,51.72721347,51.86554998,5646826,275608009.08,0.6499,-0.2667,1,0
2025-09-11,sh.688187,51.3973341,52.3550484,51.1845087,52.21671189,51.72721347,6782823,330010098.63,0.7806,0.9463,1,0
2025-09-12,sh.688187,52.26991824,52.83390555,51.73785474,52.16350554,52.21671189,7868536,386578133.35,0.9056,-0.1019,1,0
2025-09-15,sh.688187,52.73813412,53.33404524,51.72721347,51.76977855,52.16350554,5745716,282402733.74,0.6613,-0.7548,1,0
2025-09-16,sh.688187,51.8229849,51.83362617,50.5460325,51.38669283,51.76977855,6063867,291565413.69,0.6979,-0.74,1,0
2025-09-17,sh.688187,51.32284521,51.89747379,51.03553092,51.47182299,51.38669283,5638222,272970460.86,0.6489,0.1657,1,0
2025-09-18,sh.688187,51.48246426,52.7806992,50.71629282,51.20579124,51.47182299,10163982,495064050.08,1.1697,-0.5168,1,0
2025-09-19,sh.688187,51.23771505,52.53594999,51.02488965,51.6101595,51.20579124,7890344,384003498.07,0.9081,0.7897,1,0
2025-09-22,sh.688187,51.6101595,51.96132141,50.96104203,51.75913728,51.6101595,7017515,339167803.78,0.8076,0.2887,1,0
2025-09-23,sh.688187,51.7165722,53.61071826,51.53567061,53.37661032,51.75913728,13109504,649755428.28,1.5087,3.125,1,0
2025-09-24,sh.688187,52.94031825,54.77061669,52.68492777,54.20662938,53.37661032,10594444,534760911.53,1.2193,1.555,1,0
2025-09-25,sh.688187,54.21727065,55.31332146,53.83418493,54.67484526,54.20662938,10976119,560991782.08,1.2632,0.8638,1,0
2025-09-26,sh.688187,54.57907383,56.23911195,54.270477,54.32368335,54.67484526,11092806,574670255.87,1.2766,-0.6423,1,0
2025-09-29,sh.688187,54.46201986,55.63255956,54.06829287,55.04728971,54.32368335,10251099,529199532.41,1.1798,1.332,1,0
2025-09-30,sh.688187,54.98344209,56.60091513,54.91959447,56.00500401,55.04728971,10617061,558557105.73,1.2219,1.7398,1,0
2025-10-09,sh.688187,56.398731,61.91090886,56.05821036,60.49561995,56.00500401,21253521,1194528606.82,2.446,8.0182,1,0
2025-10-10,sh.688187,60.03804534,60.20830566,58.53762627,58.9526358,60.49561995,12295328,684454001.75,1.415,-2.5506,1,0
2025-10-13,sh.688187,57.2500326,59.71880724,57.18618498,59.31443898,58.9526358,9738167,538130910.46,1.1207,0.6137,1,0
2025-10-14,sh.688187,59.9103501,61.64487711,57.462858,58.4205723,59.31443898,14635166,822598086.59,1.6843,-1.507,1,0
2025-10-15,sh.688187,58.51634373,60.61267392,58.47377865,60.29343582,58.4205723,10137788,567719852.85,1.1667,3.2058,1,0
2025-10-16,sh.688187,60.3360009,62.6770803,59.97419772,61.69808346,60.29343582,11863708,688751477.05,1.3654,2.3297,1,0
2025-10-17,sh.688187,61.2937152,62.01732156,58.28223579,58.28223579,61.69808346,10414972,581592428.94,1.1986,-5.5364,1,0
2025-10-20,sh.688187,59.2798887,60.6744572,59.03315735,59.5588024,58.28223585,6873901,382879147.19,0.7911,2.1903,1,0
2025-10-21,sh.688187,59.215524,61.41465125,59.215524,60.6959121,59.5588024,6968878,395238800.04,0.802,1.9092,1,0
2025-10-22,sh.688187,60.502818,60.59936505,58.30369075,58.8078809,60.6959121,7692177,422616774.72,0.8853,-3.1106,1,0
2025-10-23,sh.688187,58.4646025,58.8722456,57.6064065,58.8293358,58.8078809,5582974,303114389.58,0.6425,0.0365,1,0
2025-10-24,sh.688187,59.1082495,59.63389455,58.68987895,59.03315735,58.8293358,6932028,381213253.93,0.7978,0.3465,1,0
2025-10-27,sh.688187,59.59098475,61.146465,59.39789065,60.62081995,59.03315735,7078710,398884015.5,0.8147,2.6894,1,0
2025-10-28,sh.688187,60.07372,61.4682885,59.39789065,60.6959121,60.62081995,6808187,384453330.41,0.7835,0.1239,1,0
2025-10-29,sh.688187,60.68518465,62.16557275,60.4169984,61.8115669,60.6959121,7188870,411485221.48,0.8273,1.8381,1,0
2025-10-30,sh.688187,61.7042924,62.3693943,59.6017122,60.2024494,61.8115669,7602403,431635686.83,0.8749,-2.6033,1,0
2025-10-31,sh.688187,58.79715345,58.8507907,55.0961832,55.997289,60.2024494,16993522,894369715.02,1.9557,-6.985,1,0
2025-11-03,sh.688187,55.72910275,55.98656155,54.11998525,55.45018905,55.997289,8124034,417292367.93,0.935,-0.977,1,0
2025-11-04,sh.688187,55.3107322,55.7183753,53.62652255,53.8947088,55.45018905,6331979,321137273.81,0.7287,-2.8052,1,0
2025-11-05,sh.688187,53.5299755,56.05092625,53.3154265,55.45018905,53.8947088,7087825,362932253.98,0.8157,2.8861,1,0
2025-11-06,sh.688187,55.72910275,56.95203205,55.568191,56.3191125,55.45018905,6377511,335665687.23,0.734,1.567,1,0
2025-11-07,sh.688187,55.997289,57.3274928,55.79346745,56.855485,56.3191125,6008078,317444986.31,0.6915,0.9524,1,0
2025-11-10,sh.688187,56.9198497,57.27385555,56.1260184,56.5122066,56.855485,5090346,268369640.86,0.5858,-0.6038,1,0
2025-11-11,sh.688187,56.3191125,57.01639675,55.34291455,55.5038263,56.5122066,5140427,267445188.68,0.5916,-1.7844,1,0
2025-11-12,sh.688187,55.568191,55.8685596,54.87090675,55.5038263,55.5038263,4482350,231468918.71,0.5159,0.0,1,0
2025-11-13,sh.688187,55.45018905,57.05930655,55.02109105,56.7482105,55.5038263,5415530,284212690.59,0.6233,2.242,1,0
2025-11-14,sh.688187,56.35129485,58.30369075,56.24402035,57.1773085,56.7482105,5302029,284225565.56,0.6102,0.7561,1,0
2025-11-17,sh.688187,57.1773085,57.25240065,55.3107322,55.53600865,57.1773085,3978452,208365466.14,0.4579,-2.8705,1,0
2025-11-18,sh.688187,55.5252812,55.568191,54.50617345,54.65635775,55.53600865,3865728,198251930.34,0.4449,-1.5839,1,0
2025-11-19,sh.688187,54.63490285,54.9889087,54.066348,54.495446,54.65635775,2589781,131609532.05,0.2981,-0.2944,1,0
2025-11-20,sh.688187,54.52762835,55.23564005,53.851799,53.94834605,54.495446,2169399,110030036.58,0.2497,-1.0039,1,0
2025-11-21,sh.688187,53.63725,54.1736225,52.8005089,53.41197355,53.94834605,4543763,226565346.12,0.5229,-0.9942,1,0
2025-11-24,sh.688187,53.41197355,53.9376186,52.7575991,53.6157951,53.41197355,4071453,202602425.01,0.4686,0.3816,1,0
2025-11-25,sh.688187,53.88398135,54.01271075,53.06869515,53.06869515,53.6157951,3554930,177160984.82,0.4091,-1.0204,1,0
2025-11-26,sh.688187,53.09015005,53.2725167,52.6288697,52.8863285,53.06869515,3397828,167607067.18,0.391,-0.3436,1,0
2025-11-27,sh.688187,52.72541675,53.47633825,52.6717795,52.8648736,52.8863285,3627888,179431671.38,0.4175,-0.0406,1,0
2025-11-28,sh.688187,52.564505,53.6801598,52.564505,53.43342845,52.8648736,3184130,158389652.26,0.3665,1.0755,1,0
2025-12-01,sh.688187,53.0579677,53.41197355,51.5346698,51.9637678,53.43342845,7994299,387408288.99,0.92,-2.7505,1,0
2025-12-02,sh.688187,51.82431095,52.66105205,51.5990345,52.01740505,51.9637678,4467782,217578007.6,0.5142,0.1032,1,0
2025-12-03,sh.688187,52.01740505,52.74687165,51.7706737,52.21049915,52.01740505,3144364,153362652.33,0.3619,0.3712,1,0
2025-12-04,sh.688187,52.40359325,53.45488335,52.08176975,52.9506932,52.21049915,3215721,158545108.97,0.3701,1.4177,1,0
2025-12-05,sh.688187,52.96142065,53.56215785,52.6503246,53.19742455,52.9506932,2977102,147451614.58,0.3426,0.466,1,0
2025-12-08,sh.688187,53.26178925,53.90543625,53.2510618,53.5085206,53.19742455,4795668,239726600.62,0.5519,0.5848,1,0
2025-12-09,sh.688187,53.6157951,53.6157951,52.2426815,52.349956,53.5085206,4130059,203233088.89,0.4753,-2.1652,1,0
2025-12-10,sh.688187,52.08176975,53.60506765,52.08176975,53.422701,52.349956,3800069,188040385.64,0.4373,2.0492,1,0
2025-12-11,sh.688187,53.5299755,53.63725,52.4357756,52.6503246,53.422701,3091605,152472935.46,0.3558,-1.4458,1,0
2025-12-12,sh.688187,52.6503246,53.7445245,52.3714109,53.4656108,52.6503246,5086019,252507807.74,0.5853,1.5485,1,0
2025-12-15,sh.688187,53.63725,54.2165323,52.9506932,53.19742455,53.4656108,3750393,187348107.81,0.4316,-0.5016,1,0
2025-12-16,sh.688187,52.91851085,53.0579677,52.06031485,52.16758935,53.19742455,3390029,165633437.53,0.3901,-1.9359,1,0
2025-12-17,sh.688187,52.3070462,53.208152,52.10322465,53.0579677,52.16758935,2945749,144816736.46,0.339,1.7068,1,0
2025-12-18,sh.688187,52.8434187,53.02578535,52.1997717,52.21049915,53.0579677,2454905,120121768.81,0.2825,-1.5973,1,0
2025-12-19,sh.688187,52.564505,52.81123635,52.1997717,52.4357756,52.21049915,2641696,129269870.74,0.304,0.4315,1,0
2025-12-22,sh.688187,52.6503246,53.3797912,52.4572305,53.30469905,52.4357756,3734085,184330710.27,0.4297,1.6571,1,0
2025-12-23,sh.688187,53.1008775,53.94834605,52.83269125,53.5943402,53.30469905,3847941,191819905.23,0.4428,0.5434,1,0
2025-12-24,sh.688187,53.5299755,54.97818125,53.28324415,54.3881715,53.5943402,4916595,248564413.2,0.5658,1.4812,1,0
2025-12-25,sh.688187,54.1736225,54.76363225,53.96980095,54.5169009,54.3881715,2505387,127089738.97,0.2883,0.2367,1,0
2025-12-26,sh.688187,54.52762835,54.76363225,53.96980095,54.20580485,54.5169009,3157005,159842804.91,0.3633,-0.5706,1,0
2025-12-29,sh.688187,54.01271075,54.31307935,53.32615395,53.5299755,54.20580485,4007963,201056126.52,0.4613,-1.2468,1,0
2025-12-30,sh.688187,53.3797912,53.86252645,53.1866971,53.54070295,53.5299755,2783687,138816404.07,0.3204,0.02,1,0
2025-12-31,sh.688187,53.4656108,55.14982045,53.3797912,55.02109105,53.54070295,5633621,285492667.94,0.6484,2.765,1,0
