date,code,open,high,low,close,preclose,volume,amount,turn,pctChg,tradestatus,isST
2021-01-04,sh.600690,1016.63666736,1066.66386744,992.14782816,1049.87152056,1021.88427576,97985525,2899799943.53,1.5532,2.7388,1,0
2021-01-05,sh.600690,1039.0264632,1124.03771928,1032.37949256,1111.79329968,1049.87152056,88275700,2729662388.94,1.3993,5.898,1,0
2021-01-06,sh.600690,1116.34122696,1156.2230508,1100.94824232,1107.2453724,1111.79329968,78097587,2501303700.44,1.238,-0.4091,1,0
2021-01-07,sh.600690,1108.9945752,1153.77416688,1106.54569128,1143.27895008,1107.2453724,77709025,2510547840.73,1.2318,3.2543,1,0
2021-01-08,sh.600690,1135.2326172,1175.11444104,1116.34122696,1154.473848,1143.27895008,59308002,1939552141.3,0.9401,0.9792,1,0
2021-01-11,sh.600690,1154.473848,1190.15758512,1123.68787872,1142.92910952,1154.473848,66668204,2215444333.22,1.0568,-1.0,1,0
2021-01-12,sh.600690,1144.67831232,1232.13845232,1125.08724096,1231.4387712,1142.92910952,83326004,2856176410.72,1.3208,7.7441,1,0
2021-01-13,sh.600690,1236.6863796,1252.07936424,1189.10806344,1228.98988728,1231.4387712,63371891,2215400581.28,1.0045,-0.1989,1,0
2021-01-14,sh.600690,1216.39562712,1234.23749568,1174.76460048,1184.2102956,1228.98988728,43642632,1501066455.93,0.6918,-3.6436,1,0
2021-01-15,sh.600690,1168.4674704,1178.9626872,1136.98182,1165.31890536,1184.2102956,60356156,1999719885.52,0.9567,-1.5953,1,0
2021-01-18,sh.600690,1164.9690648,1231.08893064,1164.9690648,1223.04259776,1165.31890536,51025634,1767597209.12,0.8088,4.9535,1,0
2021-01-19,sh.600690,1223.39243832,1226.54100336,1147.4770368,1181.06173056,1223.04259776,63570028,2140277770.32,1.0077,-3.4325,1,0
2021-01-20,sh.600690,1166.7182676,1176.86364384,1145.37799344,1163.219862,1181.06173056,47726479,1580921666.46,0.7565,-1.5107,1,0
2021-01-21,sh.600690,1169.51699208,1213.24706208,1163.56970256,1189.457904,1163.219862,55430962,1888378986.19,0.8787,2.2556,1,0
2021-01-22,sh.600690,1202.05216416,1211.84769984,1157.27257248,1194.7055124,1189.457904,44968881,1521536981.68,0.7128,0.4412,1,0
2021-01-25,sh.600690,1197.15439632,1243.6831908,1189.10806344,1235.28701736,1194.7055124,55104207,1925279984.25,0.8735,3.3968,1,0
2021-01-26,sh.600690,1223.74227888,1223.74227888,1154.473848,1161.4706592,1235.28701736,60119370,2021981308.43,0.953,-5.9756,1,0
2021-01-27,sh.600690,1157.9722536,1199.9531208,1147.4770368,1178.9626872,1161.4706592,50501397,1698112267.86,0.8005,1.506,1,0
2021-01-28,sh.600690,1154.473848,1176.86364384,1113.19266192,1119.489792,1178.9626872,48372404,1562322789.92,0.7668,-5.0445,1,0
2021-01-29,sh.600690,1142.57926896,1150.62560184,1088.0041416,1114.2421836,1119.489792,42292572,1356232920.72,0.6704,-0.4688,1,0
2021-02-01,sh.600690,1119.489792,1126.4866032,1097.44983672,1112.4929808,1114.2421836,39349584,1252430672.81,0.6237,-0.157,1,0
2021-02-02,sh.600690,1126.4866032,1164.9690648,1118.44027032,1163.56970256,1112.4929808,49701671,1629722918.68,0.7878,4.5912,1,0
2021-02-03,sh.600690,1171.965876,1181.41157112,1122.9881976,1147.4770368,1163.56970256,40534324,1329061007.84,0.6425,-1.383,1,0
2021-02-04,sh.600690,1136.98182,1150.62560184,1116.34122696,1146.42751512,1147.4770368,36972842,1201953373.84,0.5861,-0.0915,1,0
2021-02-05,sh.600690,1140.4802256,1204.85088864,1129.9850088,1178.26300608,1146.42751512,55917824,1877113549.76,0.8864,2.7769,1,0
2021-02-08,sh.600690,1180.71189,1222.34291664,1168.4674704,1212.54738096,1178.26300608,49785899,1709076419.17,0.7892,2.9097,1,0
2021-02-09,sh.600690,1213.59690264,1225.84132224,1173.01539768,1202.75184528,1212.54738096,52251235,1786086907.03,0.8283,-0.8078,1,0
2021-02-10,sh.600690,1196.4547152,1233.53781456,1190.50742568,1220.9435544,1202.75184528,40876436,1422671286.09,0.648,1.5125,1,0
2021-02-18,sh.600690,1245.4323936,1257.6768132,1161.82049976,1172.66555712,1220.9435544,72001845,2468862880.83,1.1413,-3.9542,1,0
2021-02-19,sh.600690,1154.473848,1159.7214564,1114.59202416,1140.4802256,1172.66555712,59870461,1944775920.82,0.949,-2.7446,1,0
2021-02-22,sh.600690,1141.17990672,1142.2294284,1028.5312464,1032.72933312,1140.4802256,121589874,3680623845.4,1.9274,-9.4479,1,0
2021-02-23,sh.600690,1024.68300024,1092.55206888,1016.2868268,1066.31402688,1032.72933312,79622724,2432274115.78,1.2621,3.252,1,0
2021-02-24,sh.600690,1084.505736,1114.59202416,1041.82518768,1049.52168,1066.31402688,51190014,1567548623.58,0.8114,-1.5748,1,0
2021-02-25,sh.600690,1047.42263664,1058.96737512,1034.12869536,1053.0200856,1049.52168,30640242,918802721.84,0.4857,0.3333,1,0
2021-02-26,sh.600690,1021.5344352,1030.2804492,993.5471904,1011.73889952,1053.0200856,39563833,1145632003.85,0.6271,-3.9203,1,0
2021-03-01,sh.600690,1025.38268136,1055.11912896,1014.537624,1036.57757928,1011.73889952,36827446,1089445036.62,0.5838,2.455,1,0
2021-03-02,sh.600690,1049.52168,1075.40988144,1027.83156528,1033.7788548,1036.57757928,41965377,1259345295.09,0.6652,-0.27,1,0
2021-03-03,sh.600690,1034.12869536,1042.5248688,1008.59033448,1029.93060864,1033.7788548,30249037,886057355.7,0.4795,-0.3723,1,0
2021-03-04,sh.600690,1014.537624,1014.537624,983.0519736,989.69894424,1029.93060864,42844513,1219667650.66,0.6791,-3.9063,1,0
2021-03-05,sh.600690,975.70532184,1001.94336384,959.26281552,984.45133584,989.69894424,34623658,977480936.02,0.5488,-0.5302,1,0
2021-03-08,sh.600690,1018.0360296,1033.42901424,978.50404632,979.553568,984.45133584,51550930,1480471343.28,0.8172,-0.4975,1,0
2021-03-09,sh.600690,969.75803232,1013.48810232,948.0679176,984.45133584,979.553568,49071152,1385014688.59,0.7779,0.5,1,0
2021-03-10,sh.600690,1001.59352328,1023.283638,996.34591488,1013.48810232,984.45133584,36181174,1046099014.19,0.5735,2.9495,1,0
2021-03-11,sh.600690,1010.68937784,1038.32678208,1000.5440016,1027.48172472,1013.48810232,36047359,1055323231.71,0.5714,1.3807,1,0
2021-03-12,sh.600690,1028.88108696,1066.31402688,1028.88108696,1049.17183944,1027.48172472,41089447,1231810514.21,0.6513,2.111,1,0
2021-03-15,sh.600690,1053.0200856,1061.41625904,1004.0424072,1013.48810232,1049.17183944,38611858,1131998381.27,0.6121,-3.4011,1,0
2021-03-16,sh.600690,1017.68618904,1048.12231776,1014.88746456,1031.67981144,1013.48810232,31800020,939372681.98,0.5041,1.795,1,0
2021-03-17,sh.600690,1035.17821704,1069.46259192,1015.23730512,1063.5153024,1031.67981144,32661159,983948400.46,0.5177,3.0858,1,0
2021-03-18,sh.600690,1059.31721568,1084.505736,1056.5184912,1069.46259192,1063.5153024,23244838,712476372.03,0.3685,0.5592,1,0
2021-03-19,sh.600690,1058.61753456,1058.61753456,1031.67981144,1037.97694152,1069.46259192,22875380,681369866.45,0.3626,-2.9441,1,0
2021-03-22,sh.600690,1040.07598488,1068.06322968,1032.029652,1048.47215832,1037.97694152,19689259,592394408.76,0.3121,1.0111,1,0
2021-03-23,sh.600690,1048.47215832,1066.31402688,1023.63347856,1035.5280576,1048.47215832,27868745,827956015.24,0.4418,-1.2346,1,0
2021-03-24,sh.600690,1039.0264632,1048.82199888,1016.98650792,1021.5344352,1035.5280576,22459494,660402018.61,0.356,-1.3514,1,0
2021-03-25,sh.600690,1007.5408128,1021.5344352,993.5471904,1011.0392184,1021.5344352,30654813,881452819.65,0.4859,-1.0274,1,0
2021-03-26,sh.600690,1019.7852324,1045.32359328,997.045596,1038.32678208,1011.0392184,30653381,899630302.89,0.4859,2.699,1,0
2021-03-29,sh.600690,1041.82518768,1066.66386744,1035.5280576,1059.66705624,1038.32678208,31107495,939178837.79,0.4931,2.0553,1,0
2021-03-30,sh.600690,1067.013708,1070.86195416,1032.72933312,1049.17183944,1059.66705624,37160861,1115841573.28,0.5891,-0.9904,1,0
2021-03-31,sh.600690,1067.013708,1119.489792,1063.5153024,1090.80286608,1049.17183944,77424027,2422279702.05,1.2273,3.968,1,0
2021-04-01,sh.600690,1101.997764,1150.9754424,1101.997764,1132.08405216,1090.80286608,49345972,1599147406.51,0.7822,3.7845,1,0
2021-04-02,sh.600690,1136.98182,1142.2294284,1110.743778,1124.03771928,1132.08405216,30362275,977666832.5,0.4813,-0.7108,1,0
2021-04-06,sh.600690,1128.235806,1134.18309552,1105.4961696,1114.2421836,1124.03771928,20908013,666497102.37,0.3314,-0.8715,1,0
2021-04-07,sh.600690,1108.9945752,1128.235806,1096.7501556,1126.4866032,1114.2421836,31199785,994036555.86,0.4946,1.0989,1,0
2021-04-08,sh.600690,1120.53931368,1144.67831232,1104.79648848,1132.43389272,1126.4866032,20463778,661872787.08,0.3244,0.528,1,0
2021-04-09,sh.600690,1138.03134168,1139.08086336,1111.44345912,1120.18947312,1132.43389272,21135544,677192528.2,0.335,-1.0812,1,0
2021-04-12,sh.600690,1114.59202416,1134.53293608,1100.2485612,1109.34441576,1120.18947312,30961131,986845578.77,0.4908,-0.9681,1,0
2021-04-13,sh.600690,1102.34760456,1118.44027032,1084.505736,1094.30127168,1109.34441576,30227400,949808127.36,0.4791,-1.356,1,0
2021-04-14,sh.600690,1103.04728568,1122.63835704,1100.59840176,1112.4929808,1094.30127168,18894635,601436428.24,0.2995,1.6624,1,0
2021-04-15,sh.600690,1108.9945752,1114.2421836,1090.80286608,1101.64792344,1112.4929808,15179735,477953595.5,0.2406,-0.9748,1,0
2021-04-16,sh.600690,1107.59521296,1111.79329968,1088.35398216,1100.94824232,1101.64792344,16128207,506224249.66,0.2557,-0.0635,1,0
2021-04-19,sh.600690,1108.64473464,1127.88596544,1096.7501556,1119.13995144,1100.94824232,24639592,787353028.79,0.3906,1.6524,1,0
2021-04-20,sh.600690,1118.44027032,1151.32528296,1111.79329968,1141.52974728,1119.13995144,27917619,906210452.4,0.4425,2.0006,1,0
2021-04-21,sh.600690,1134.88277664,1154.82368856,1129.9850088,1150.9754424,1141.52974728,26686662,875421240.9,0.423,0.8275,1,0
2021-04-22,sh.600690,1155.17352912,1164.26938368,1118.79011088,1133.13357384,1150.9754424,25193198,818034927.57,0.3993,-1.5502,1,0
2021-04-23,sh.600690,1132.78373328,1147.12719624,1124.03771928,1135.93229832,1133.13357384,17450395,566739807.23,0.2766,0.247,1,0
2021-04-26,sh.600690,1139.43070392,1170.91635432,1132.08405216,1135.93229832,1135.93229832,31354288,1033123789.83,0.497,0.0,1,0
2021-04-27,sh.600690,1136.98182,1149.2262396,1121.2389948,1136.98182,1135.93229832,22422162,727288599.84,0.3554,0.0924,1,0
2021-04-28,sh.600690,1138.38118224,1161.12081864,1132.08405216,1157.9722536,1136.98182,21299911,702056177.64,0.3376,1.8462,1,0
2021-04-29,sh.600690,1164.9690648,1166.36842704,1127.18628432,1153.77416688,1157.9722536,27357216,895220916.11,0.4337,-0.3625,1,0
2021-04-30,sh.600690,1174.76460048,1178.9626872,1136.98182,1159.02177528,1153.77416688,37955880,1259129485.3,0.6017,0.4548,1,0
2021-05-06,sh.600690,1129.28532768,1185.9594984,1128.58564656,1152.7246452,1159.02177528,47085094,1552980578.1,0.7464,-0.5433,1,0
2021-05-07,sh.600690,1157.9722536,1161.4706592,1074.0105192,1084.505736,1152.7246452,58093378,1832226826.81,0.9209,-5.9181,1,0
2021-05-10,sh.600690,1088.0041416,1088.0041416,1051.2708828,1077.15908424,1084.505736,49451349,1512940923.81,0.7839,-0.6774,1,0
2021-05-11,sh.600690,1073.66067864,1076.45940312,1045.32359328,1060.0168968,1077.15908424,33364969,1007983757.73,0.5289,-1.5914,1,0
2021-05-12,sh.600690,1060.0168968,1069.11275136,1018.0360296,1041.12550656,1060.0168968,49311094,1457862594.51,0.7817,-1.7822,1,0
2021-05-13,sh.600690,1022.58395688,1027.83156528,985.50085752,997.045596,1041.12550656,73531945,2102113022.75,1.1656,-4.2339,1,0
2021-05-14,sh.600690,1005.44176944,1017.33634848,982.35229248,1007.5408128,997.045596,44395825,1269307270.99,0.7037,1.0526,1,0
2021-05-17,sh.600690,1021.5344352,1037.97694152,1004.39224776,1029.58076808,1007.5408128,47191041,1383724605.71,0.748,2.1875,1,0
2021-05-18,sh.600690,1029.58076808,1048.47215832,1025.0328408,1044.2740716,1029.58076808,26843480,798482095.86,0.4255,1.4271,1,0
2021-05-19,sh.600690,1044.2740716,1044.2740716,997.39543656,1014.537624,1044.2740716,37374136,1081038293.58,0.5924,-2.8476,1,0
2021-05-20,sh.600690,1023.98331912,1052.32040448,1021.5344352,1039.37630376,1014.537624,42202003,1256515630.15,0.669,2.4483,1,0
2021-05-21,sh.600690,1051.97056392,1079.60796816,1044.62391216,1053.36992616,1039.37630376,31815781,961628911.97,0.5043,1.3463,1,0
2021-05-24,sh.600690,1055.81881008,1061.41625904,1033.42901424,1052.32040448,1053.36992616,22407756,671542901.7,0.3552,-0.0996,1,0
2021-05-25,sh.600690,1051.2708828,1059.31721568,1043.57439048,1051.97056392,1052.32040448,35772398,1075216440.61,0.567,-0.0332,1,0
2021-05-26,sh.600690,1054.7692884,1094.30127168,1052.67024504,1090.45302552,1051.97056392,38264727,1182860684.77,0.6066,3.6581,1,0
2021-05-27,sh.600690,1106.19585072,1112.14314024,1081.70701152,1090.80286608,1090.45302552,27211677,851731624.03,0.4313,0.0321,1,0
2021-05-28,sh.600690,1089.7533444,1089.7533444,1063.16546184,1073.31083808,1090.80286608,32605605,999709028.42,0.5168,-1.6036,1,0
2021-05-31,sh.600690,1073.31083808,1073.31083808,1033.7788548,1055.46896952,1073.31083808,43140185,1287451373.83,0.6838,-1.6623,1,0
2021-06-01,sh.600690,1032.72933312,1050.92104224,1021.5344352,1047.7724772,1055.46896952,49667473,1473648213.97,0.7873,-0.7292,1,0
2021-06-02,sh.600690,1053.36992616,1062.81562128,1028.5312464,1060.0168968,1047.7724772,32000473,960674418.36,0.5073,1.1686,1,0
2021-06-03,sh.600690,1060.0168968,1062.11594016,1034.82837648,1035.87789816,1060.0168968,23113969,690778396.86,0.3664,-2.2772,1,0
2021-06-04,sh.600690,1030.2804492,1042.5248688,1021.5344352,1033.42901424,1035.87789816,29261915,859677982.03,0.4638,-0.2364,1,0
2021-06-07,sh.600690,1033.7788548,1034.82837648,1016.63666736,1018.73571072,1033.42901424,23370185,682304304.24,0.3705,-1.4218,1,0
2021-06-08,sh.600690,1015.58714568,1023.63347856,986.90021976,1005.44176944,1018.73571072,38750019,1110845730.12,0.6142,-1.3049,1,0
2021-06-09,sh.600690,1005.79161,1014.537624,991.7979876,998.09511768,1005.44176944,24595419,704651849.5,0.3899,-0.7307,1,0
2021-06-10,sh.600690,998.7947988,1012.43858064,983.0519736,988.299582,998.09511768,34107787,967213142.68,0.5407,-0.9814,1,0
2021-06-11,sh.600690,991.7979876,992.49766872,962.06154,973.95611904,988.299582,46686941,1296486832.71,0.7401,-1.4513,1,0
2021-06-15,sh.600690,969.75803232,970.45771344,921.13019448,940.02158472,973.95611904,69559019,1874887087.54,1.1026,-3.4842,1,0
2021-06-16,sh.600690,940.02158472,962.06154,923.22923784,948.0679176,940.02158472,47097958,1275628005.75,0.7466,0.856,1,0
2021-06-17,sh.600690,944.569512,945.61903368,923.5790784,928.8266868,948.0679176,54941946,1460265561.28,0.8709,-2.0295,1,0
2021-06-18,sh.600690,935.12381688,937.5727008,895.5918336,920.43051336,928.8266868,75847295,1975469437.56,1.2023,-0.904,1,0
2021-06-21,sh.600690,914.13338328,914.13338328,887.19566016,892.44326856,920.43051336,56444620,1443366268.07,0.8947,-3.0407,1,0
2021-06-22,sh.600690,908.88577488,936.52317912,900.48960144,905.03752872,892.44326856,63664190,1666074672.14,1.0092,1.4112,1,0
2021-06-23,sh.600690,910.28513712,936.87301968,910.28513712,927.77716512,905.03752872,44596998,1183419206.05,0.7069,2.5126,1,0
2021-06-24,sh.600690,934.77397632,935.823498,912.38418048,916.23242664,927.77716512,30617311,804065016.15,0.4853,-1.2443,1,0
2021-06-25,sh.600690,913.0838616,931.62541128,896.64135528,929.17652736,916.23242664,32970612,868706463.75,0.5226,1.4128,1,0
2021-06-28,sh.600690,932.3250924,936.52317912,918.68131056,926.37780288,929.17652736,31093046,824875020.45,0.4929,-0.3012,1,0
2021-06-29,sh.600690,928.8266868,929.52636792,895.94167416,904.68768816,926.37780288,46501487,1202949263.58,0.7371,-2.3414,1,0
2021-06-30,sh.600690,905.73720984,911.68449936,888.5950224,906.43689096,904.68768816,29716956,764960955.05,0.4711,0.1933,1,0
2021-07-01,sh.600690,909.93529656,951.5663232,895.5918336,942.12062808,906.43689096,44861878,1190639139.49,0.7111,3.9367,1,0
2021-07-02,sh.600690,925.3282812,930.5758896,895.94167416,899.0902392,942.12062808,52087528,1348233346.43,0.8257,-4.5674,1,0
2021-07-05,sh.600690,892.093428,893.49279024,865.855386,877.05028392,899.0902392,43685488,1093541754.53,0.6925,-2.4514,1,0
2021-07-06,sh.600690,867.6045888,892.093428,865.855386,882.99757344,877.05028392,28619202,719770459.0,0.4537,0.6781,1,0
2021-07-07,sh.600690,886.49597904,911.68449936,880.19884896,890.3442252,882.99757344,33608145,862806386.59,0.5327,0.832,1,0
2021-07-08,sh.600690,899.0902392,899.0902392,875.65092168,878.79948672,890.3442252,39332452,994733670.71,0.6235,-1.2967,1,0
2021-07-09,sh.600690,880.89853008,899.0902392,874.6014,897.69087696,878.79948672,33655873,856214867.04,0.5335,2.1497,1,0
2021-07-12,sh.600690,897.69087696,915.53274552,883.347414,902.5886448,897.69087696,36919343,952875402.95,0.5852,0.5456,1,0
2021-07-13,sh.600690,902.5886448,979.553568,901.88896368,964.86026448,902.5886448,66111584,1794515709.51,1.048,6.8992,1,0
2021-07-14,sh.600690,966.60946728,1008.24049392,949.8171204,954.01520712,964.86026448,62057539,1725292847.29,0.9837,-1.124,1,0
2021-07-15,sh.600690,951.5663232,972.20691624,937.22286024,953.315526,954.01520712,29093799,791487270.02,0.4612,-0.0733,1,0
2021-07-16,sh.600690,947.01839592,955.41456936,927.077484,936.17333856,953.315526,25738593,689771424.23,0.408,-1.7982,1,0
2021-07-19,sh.600690,940.72126584,956.8139316,923.5790784,953.315526,936.17333856,30255763,817069293.53,0.4796,1.8311,1,0
2021-07-20,sh.600690,947.36823648,961.01201832,923.5790784,942.12062808,953.315526,34202053,917054367.85,0.5422,-1.1743,1,0
2021-07-21,sh.600690,944.569512,975.35548128,942.12062808,964.86026448,942.12062808,41861981,1155270401.88,0.6636,2.4137,1,0
2021-07-22,sh.600690,956.46409104,971.15739456,941.0711064,942.12062808,964.86026448,31610207,862345689.01,0.5011,-2.3568,1,0
2021-07-23,sh.600690,937.5727008,948.0679176,910.63497768,917.98162944,942.12062808,38732270,1023890383.29,0.614,-2.5622,1,0
2021-07-26,sh.600690,918.33147,921.48003504,899.0902392,908.53593432,917.98162944,33943647,882240205.14,0.5381,-1.029,1,0
2021-07-27,sh.600690,911.68449936,913.78354272,846.96399576,855.3601692,908.53593432,79764002,1978974950.27,1.2644,-5.8529,1,0
2021-07-28,sh.600690,847.66367688,859.90809648,833.32021392,855.3601692,855.3601692,39995632,971072201.85,0.634,0.0,1,0
2021-07-29,sh.600690,863.75634264,868.30426992,820.72595376,829.1221272,855.3601692,60383018,1436659753.47,0.9572,-3.0675,1,0
2021-07-30,sh.600690,852.91128528,886.14613848,847.31383632,873.90171888,829.1221272,69057399,1716629772.4,1.0947,5.4008,1,0
2021-08-02,sh.600690,860.6077776,913.0838616,851.16208248,906.0870504,873.90171888,59473451,1514439709.55,0.9427,3.6829,1,0
2021-08-03,sh.600690,902.5886448,958.91297496,897.69087696,946.3187148,906.0870504,61201989,1628977467.38,0.9701,4.4402,1,0
2021-08-04,sh.600690,941.0711064,961.36185888,931.27557072,937.5727008,946.3187148,43340311,1170448672.21,0.687,-0.9242,1,0
2021-08-05,sh.600690,930.5758896,956.46409104,922.87939728,945.61903368,937.5727008,31616752,853112297.62,0.5012,0.8582,1,0
2021-08-06,sh.600690,945.61903368,947.01839592,923.5790784,936.17333856,945.61903368,20318724,542098342.57,0.3221,-0.9989,1,0
2021-08-09,sh.600690,936.17333856,966.60946728,929.17652736,954.36504768,936.17333856,49581233,1354566006.05,0.7859,1.9432,1,0
2021-08-10,sh.600690,949.8171204,976.0551624,929.17652736,972.5567568,954.36504768,49634371,1351574857.88,0.7868,1.9062,1,0
2021-08-11,sh.600690,965.5599456,1000.19416104,961.36185888,974.65580016,972.5567568,46137900,1299748506.53,0.7314,0.2158,1,0
2021-08-12,sh.600690,975.00564072,979.553568,962.06154,964.86026448,974.65580016,21092707,585092033.03,0.3344,-1.005,1,0
2021-08-13,sh.600690,962.06154,968.35867008,949.8171204,966.60946728,964.86026448,24138130,661466221.4,0.3826,0.1813,1,0
2021-08-16,sh.600690,968.70851064,992.84750928,962.41138056,990.0487848,966.60946728,39430235,1108995458.18,0.625,2.4249,1,0
2021-08-17,sh.600690,986.5503792,993.5471904,955.41456936,956.11425048,990.0487848,24014285,667166410.69,0.3807,-3.4276,1,0
2021-08-18,sh.600690,956.11425048,967.3091484,946.3187148,948.76759872,956.11425048,22889641,623546867.93,0.3628,-0.7684,1,0
2021-08-19,sh.600690,947.01839592,954.36504768,929.87620848,938.97206304,948.76759872,20696314,557382986.43,0.3281,-1.0324,1,0
2021-08-20,sh.600690,938.62222248,943.17014976,888.94486296,913.43370216,938.97206304,41425128,1080624556.89,0.6567,-2.7198,1,0
2021-08-23,sh.600690,912.72432961,942.87651306,910.24120862,928.68725026,913.43379275,26022770,684008548.83,0.4125,1.6699,1,0
2021-08-24,sh.600690,925.13993456,946.77856033,924.07573985,940.74812364,928.68725026,23832768,630625246.37,0.3778,1.2987,1,0
2021-08-25,sh.600690,943.5859762,946.77856033,929.3967134,945.35963405,940.74812364,16622432,439977687.79,0.2635,0.4902,1,0
2021-08-26,sh.600690,942.52178149,943.5859762,910.95067176,913.43379275,945.35963405,26395583,685044620.54,0.4184,-3.3771,1,0
2021-08-27,sh.600690,916.62637688,939.32919736,916.62637688,929.3967134,913.43379275,19077168,499752830.05,0.3024,1.7476,1,0
2021-08-30,sh.600690,932.23456596,937.20080794,901.0181878,909.88647705,929.3967134,41682665,1073550032.71,0.6607,-2.0992,1,0
2021-08-31,sh.600690,957.775239,998.56936955,927.97778712,959.90362842,909.88647705,109701038,2974741985.64,1.7389,5.4971,1,0
2021-09-01,sh.600690,955.64684958,1031.91413713,942.87651306,1027.30262672,959.90362842,100883236,2840582871.15,1.5992,7.0214,1,0
2021-09-02,sh.600690,1042.20135266,1042.20135266,993.248396,1007.79239037,1027.30262672,60317118,1715149573.83,0.9561,-1.8992,1,0
2021-09-03,sh.600690,1009.21131665,1028.721553,986.86322774,1008.85658508,1007.79239037,44709044,1270542992.38,0.7087,0.1056,1,0
2021-09-06,sh.600690,1012.75863235,1050.0054472,1007.4376588,1021.6269216,1008.85658508,53361913,1550924295.63,0.8459,1.2658,1,0
2021-09-07,sh.600690,1015.59648491,1024.46477416,994.66732228,1013.82282706,1021.6269216,31397016,897476971.83,0.4977,-0.7639,1,0
2021-09-08,sh.600690,1016.30594805,1023.40057945,996.7957117,998.92410112,1013.82282706,28154616,796835972.08,0.4463,-1.4696,1,0
2021-09-09,sh.600690,1000.3430274,1004.95453781,976.22128064,985.79903303,998.92410112,30142372,836914281.61,0.4778,-1.3139,1,0
2021-09-10,sh.600690,985.79903303,1009.21131665,976.93074378,999.98829583,985.79903303,44721538,1251808557.28,0.7089,1.4394,1,0
2021-09-13,sh.600690,1000.3430274,1000.3430274,959.54889685,968.77191767,999.98829583,45454201,1250007707.24,0.7205,-3.1217,1,0
2021-09-14,sh.600690,968.77191767,979.0591332,942.87651306,945.00490248,968.77191767,38472198,1035605203.84,0.6098,-2.4533,1,0
2021-09-15,sh.600690,943.5859762,943.5859762,915.2074506,923.01154514,945.00490248,36818046,959934953.9,0.5836,-2.3273,1,0
2021-09-16,sh.600690,924.43047142,927.62305555,907.75808763,912.01486647,923.01154514,35299458,910227521.64,0.5595,-1.1914,1,0
2021-09-17,sh.600690,913.43379275,952.09953388,904.5655035,950.6806076,912.01486647,40609576,1063316938.96,0.6437,4.2396,1,0
2021-09-22,sh.600690,929.3967134,937.55553951,906.33916135,922.302082,950.6806076,41072438,1064099460.12,0.6511,-2.9851,1,0
2021-09-23,sh.600690,926.20412927,927.97778712,887.18365657,895.69721425,922.302082,49362331,1254087297.27,0.7825,-2.8846,1,0
2021-09-24,sh.600690,886.47419343,889.31204599,872.6396622,874.76805162,895.69721425,52586181,1301026052.69,0.8336,-2.3366,1,0
2021-09-27,sh.600690,873.34912534,912.72432961,865.5450308,882.92687773,874.76805162,64799524,1624667933.29,1.0272,0.9327,1,0
2021-09-28,sh.600690,878.67009889,918.7547663,877.25117261,909.17701391,882.92687773,48934716,1249031671.18,0.7757,2.9731,1,0
2021-09-29,sh.600690,897.4708721,927.97778712,886.828925,923.36627671,909.17701391,38389932,986177570.43,0.6085,1.5607,1,0
2021-09-30,sh.600690,913.78852432,944.65017091,911.6601349,927.62305555,923.36627671,33770003,884125079.61,0.5353,0.461,1,0
2021-10-08,sh.600690,940.0386605,957.42050743,926.55886084,947.1332919,927.62305555,31855531,850801634.87,0.505,2.1033,1,0
2021-10-11,sh.600690,954.2279233,963.80567569,935.07241852,948.19748661,947.1332919,23530967,629136326.33,0.373,0.1124,1,0
2021-10-12,sh.600690,936.4913448,963.09621255,926.91359241,945.00490248,948.19748661,31597681,844137116.07,0.5009,-0.3367,1,0
2021-10-13,sh.600690,943.5859762,950.32587603,929.75144497,937.20080794,945.00490248,26461063,699841262.23,0.4194,-0.8258,1,0
2021-10-14,sh.600690,924.43047142,945.71436562,899.24452995,914.14325589,937.20080794,34206120,883645878.32,0.5422,-2.4603,1,0
2021-10-15,sh.600690,911.30540333,938.26500265,908.46755077,929.75144497,914.14325589,39871634,1045254244.71,0.632,1.7074,1,0
2021-10-18,sh.600690,940.0386605,945.35963405,902.79184565,918.7547663,929.75144497,35192957,908101107.59,0.5579,-1.1828,1,0
2021-10-19,sh.600690,910.95067176,935.78188166,908.46755077,927.97778712,918.7547663,21882028,571105099.62,0.3469,1.0039,1,0
2021-10-20,sh.600690,932.58929753,938.61973422,899.59926152,908.1128192,927.97778712,37252510,954675237.37,0.5905,-2.1407,1,0
2021-10-21,sh.600690,905.98442978,914.85271903,894.63301954,914.85271903,908.1128192,30449200,776298138.61,0.4827,0.7422,1,0
2021-10-22,sh.600690,918.7547663,997.50517484,915.56218217,982.96118047,914.85271903,95175679,2608023859.42,1.5087,7.4447,1,0
2021-10-25,sh.600690,974.09289122,974.80235436,941.81231835,955.29211801,982.96118047,49180309,1323992873.01,0.7796,-2.8149,1,0
2021-10-26,sh.600690,952.09953388,962.38674941,936.4913448,941.81231835,955.29211801,39748916,1059843281.92,0.6301,-1.4111,1,0
2021-10-27,sh.600690,939.68392893,939.68392893,912.72432961,919.81896101,941.81231835,33086017,858523669.88,0.5245,-2.3352,1,0
2021-10-28,sh.600690,918.7547663,961.3225547,915.2074506,947.84275504,919.81896101,40997464,1090980835.25,0.6499,3.0467,1,0
2021-10-29,sh.600690,946.06909719,969.48138081,926.55886084,964.8698704,947.84275504,45225256,1217253909.45,0.7169,1.7964,1,0
2021-11-01,sh.600690,966.64352825,1021.6269216,966.64352825,978.34967006,964.8698704,70587678,1973154765.69,1.1189,1.3971,1,0
2021-11-02,sh.600690,975.5118175,992.53893286,932.23456596,937.20080794,978.34967006,51898039,1396454620.69,0.8227,-4.2059,1,0
2021-11-03,sh.600690,936.13661323,947.48802347,924.07573985,937.55553951,937.20080794,29900095,787311708.42,0.474,0.0379,1,0
2021-11-04,sh.600690,943.5859762,946.06909719,921.94735043,942.16704992,937.55553951,31800018,838363101.93,0.5041,0.4919,1,0
2021-11-05,sh.600690,929.3967134,946.06909719,909.88647705,932.9440291,942.16704992,37357688,978897884.76,0.5922,-0.9789,1,0
2021-11-08,sh.600690,925.13993456,937.91027108,908.46755077,912.72432961,932.9440291,37400045,966685905.83,0.5928,-2.1673,1,0
2021-11-09,sh.600690,909.88647705,910.24120862,895.69721425,908.46755077,912.72432961,30593605,777862521.0,0.485,-0.4664,1,0
2021-11-10,sh.600690,905.62969821,910.95067176,882.92687773,894.98775111,908.46755077,39022403,982589855.87,0.6186,-1.4838,1,0
2021-11-11,sh.600690,896.05194582,954.2279233,893.9235564,950.32587603,894.98775111,67959715,1796279248.07,1.0773,6.1831,1,0
2021-11-12,sh.600690,956.35631272,984.38010675,945.35963405,975.5118175,950.32587603,57101603,1561254308.24,0.9051,2.6502,1,0
2021-11-15,sh.600690,986.50849617,987.92742245,966.64352825,979.76859634,975.5118175,33479446,923090120.93,0.5307,0.4364,1,0
2021-11-16,sh.600690,989.7010803,1009.21131665,980.12332791,991.82946972,979.76859634,36485727,1025527261.42,0.5784,1.231,1,0
2021-11-17,sh.600690,989.7010803,996.44098013,969.83611238,976.22128064,991.82946972,22718800,626921752.97,0.3601,-1.5737,1,0
2021-11-18,sh.600690,984.02537518,984.38010675,961.67728627,965.93406511,976.22128064,21401766,584245937.8,0.3393,-1.0538,1,0
2021-11-19,sh.600690,973.38342808,1003.8903431,963.80567569,999.98829583,965.93406511,36711153,1027663243.92,0.5819,3.5255,1,0
2021-11-22,sh.600690,1010.9849745,1017.37014276,975.15708593,993.95785914,999.98829583,43534177,1222702790.92,0.6901,-0.6031,1,0
2021-11-23,sh.600690,990.41054344,995.73151699,977.64020692,989.34634873,993.95785914,21882496,609411903.87,0.3469,-0.464,1,0
2021-11-24,sh.600690,1003.8903431,1004.95453781,973.38342808,985.79903303,989.34634873,20354977,566527707.07,0.3227,-0.3586,1,0
2021-11-25,sh.600690,985.79903303,987.92742245,968.77191767,970.19084395,985.79903303,15473377,424486289.0,0.2453,-1.5833,1,0
2021-11-26,sh.600690,968.4171861,985.08956989,959.54889685,978.70440163,970.19084395,21074729,580533880.82,0.3341,0.8775,1,0
2021-11-29,sh.600690,957.775239,974.80235436,941.45758678,952.09953388,978.70440163,39964281,1074236139.09,0.6335,-2.7184,1,0
2021-11-30,sh.600690,952.80899702,993.95785914,952.45426545,965.57933354,952.09953388,43098429,1180967743.11,0.6832,1.4158,1,0
2021-12-01,sh.600690,963.09621255,984.73483832,957.775239,982.96118047,965.57933354,31711868,871532522.94,0.5027,1.8001,1,0
2021-12-02,sh.600690,985.44430146,1002.82614839,978.34967006,988.99161716,982.96118047,46716913,1304994589.13,0.7405,0.6135,1,0
2021-12-03,sh.600690,993.248396,1026.23843201,989.34634873,1019.85326375,988.99161716,56969912,1630621953.45,0.9031,3.1205,1,0
2021-12-06,sh.600690,1022.33638474,1076.96504652,1020.91745846,1053.5527629,1019.85326375,86056405,2576081257.49,1.3641,3.3043,1,0
2021-12-07,sh.600690,1070.22514669,1095.41108816,1057.80954174,1071.2893414,1053.5527629,65505127,1976299564.5,1.0384,1.6835,1,0
2021-12-08,sh.600690,1075.19138867,1076.61031495,1039.3635001,1067.38729413,1071.2893414,40678974,1217362293.35,0.6448,-0.3642,1,0
2021-12-09,sh.600690,1076.96504652,1091.15430932,1059.93793116,1080.86709379,1067.38729413,58157658,1767432924.35,0.9219,1.2629,1,0
2021-12-10,sh.600690,1074.8366571,1084.05967792,1057.1000786,1081.9312885,1080.86709379,37184760,1126445271.97,0.5894,0.0985,1,0
2021-12-13,sh.600690,1074.8366571,1117.4044455,1074.8366571,1089.38065147,1081.9312885,48040528,1487133546.01,0.7615,0.6885,1,0
2021-12-14,sh.600690,1084.76914106,1093.28269874,1060.6473943,1063.48524686,1089.38065147,39162247,1180869295.05,0.6208,-2.3771,1,0
2021-12-15,sh.600690,1056.39061546,1067.03256256,1038.65403696,1042.9108158,1063.48524686,45643102,1347036830.63,0.7235,-1.9346,1,0
2021-12-16,sh.600690,1047.87705778,1056.03588389,1031.55940556,1053.5527629,1042.9108158,32325649,953363731.91,0.5124,1.0204,1,0
2021-12-17,sh.600690,1055.32642075,1055.32642075,1034.39725812,1044.68447365,1053.5527629,39571104,1164228792.85,0.6273,-0.8418,1,0
2021-12-20,sh.600690,1040.42769481,1050.71491034,1020.91745846,1026.23843201,1044.68447365,38208719,1111517367.31,0.6057,-1.7657,1,0
2021-12-21,sh.600690,1031.55940556,1058.16427331,1019.14380061,1048.94125249,1026.23843201,35261448,1039833356.89,0.5589,2.2122,1,0
2021-12-22,sh.600690,1062.06632058,1062.06632058,1032.2688687,1056.03588389,1048.94125249,34404653,1016504073.34,0.5454,0.6764,1,0
2021-12-23,sh.600690,1052.84329976,1052.84329976,1032.2688687,1046.81286307,1056.03588389,25318032,743005591.63,0.4013,-0.8734,1,0
2021-12-24,sh.600690,1041.84662109,1042.55608423,1019.14380061,1028.36682143,1046.81286307,27198883,788299475.52,0.4311,-1.7621,1,0
2021-12-27,sh.600690,1028.01208986,1037.23511068,1019.85326375,1025.52896887,1028.36682143,29129160,844089942.14,0.4617,-0.276,1,0
2021-12-28,sh.600690,1028.721553,1076.61031495,1028.721553,1076.61031495,1025.52896887,57548999,1726995901.61,0.9122,4.981,1,0
2021-12-29,sh.600690,1067.7420257,1071.2893414,1024.11004259,1037.58984225,1076.61031495,47135421,1380882101.74,0.7472,-3.6244,1,0
2021-12-30,sh.600690,1034.75198969,1060.29266273,1031.55940556,1052.84329976,1037.58984225,28050184,831325583.95,0.4446,1.4701,1,0
2021-12-31,sh.600690,1050.71491034,1065.25890471,1043.62027894,1060.29266273,1052.84329976,22651788,675598249.65,0.3591,0.7075,1,0
2022-01-04,sh.600690,1064.19471,1073.41773082,1029.07628457,1042.9108158,1060.29266273,32326406,951421439.28,0.5124,-1.6393,1,0
2022-01-05,sh.600690,1043.97501051,1091.50904089,1030.49521085,1064.19471,1042.9108158,64750318,1947467308.31,1.0264,2.0408,1,0
2022-01-06,sh.600690,1063.48524686,1091.86377246,1053.5527629,1069.16095198,1064.19471,47729877,1441576404.22,0.7566,0.4667,1,0
2022-01-07,sh.600690,1071.99880454,1100.37733014,1060.6473943,1092.5732356,1069.16095198,49787458,1529926625.41,0.7892,2.1898,1,0
2022-01-10,sh.600690,1087.60699362,1108.53615625,1065.61363628,1070.93460983,1092.5732356,41107249,1244966836.25,0.6516,-1.9805,1,0
2022-01-11,sh.600690,1063.83997843,1092.92796717,1048.94125249,1052.13383662,1070.93460983,30041875,903905437.05,0.4762,-1.7555,1,0
2022-01-12,sh.600690,1057.1000786,1077.67450966,1029.43101614,1071.2893414,1052.13383662,36285959,1082577612.14,0.5752,1.8206,1,0
2022-01-13,sh.600690,1076.61031495,1076.61031495,1015.95121648,1016.66067962,1071.2893414,45201070,1319094265.5,0.7165,-5.0993,1,0
2022-01-14,sh.600690,1016.66067962,1026.94789515,990.05581187,1004.95453781,1016.66067962,26091241,742552482.53,0.4136,-1.1514,1,0
2022-01-17,sh.600690,1002.11668525,1014.5322902,994.31259071,999.63356426,1004.95453781,29205630,826013966.76,0.463,-0.5295,1,0
2022-01-18,sh.600690,999.98829583,1025.88370044,985.79903303,1015.59648491,999.63356426,36571993,1037330237.02,0.5797,1.5969,1,0
2022-01-19,sh.600690,1014.5322902,1050.0054472,1009.21131665,1026.94789515,1015.59648491,35393443,1029792152.49,0.561,1.1177,1,0
2022-01-20,sh.600690,1030.14047928,1069.87041512,1029.07628457,1064.54944157,1026.94789515,47472613,1411584929.94,0.7525,3.6615,1,0
2022-01-21,sh.600690,1057.80954174,1074.48192553,1046.4581315,1057.1000786,1064.54944157,26517401,791450496.24,0.4203,-0.6998,1,0
2022-01-24,sh.600690,1055.68115232,1062.06632058,1028.721553,1044.68447365,1057.1000786,19280044,567029898.75,0.3056,-1.1745,1,0
2022-01-25,sh.600690,1049.65071563,1067.7420257,1033.33306341,1035.8161844,1044.68447365,22052784,651491592.07,0.3496,-0.8489,1,0
2022-01-26,sh.600690,1035.8161844,1057.80954174,1029.43101614,1038.65403696,1035.8161844,24685407,724921106.26,0.3913,0.274,1,0
2022-01-27,sh.600690,1028.721553,1040.42769481,1003.18087996,1009.56604822,1038.65403696,26622591,764601921.94,0.422,-2.8005,1,0
2022-01-28,sh.600690,1017.37014276,1025.1742373,979.0591332,980.83279105,1009.56604822,38114877,1067429283.88,0.6042,-2.8461,1,0
2022-02-07,sh.600690,993.248396,1019.85326375,968.4171861,985.08956989,980.83279105,31812154,887604590.69,0.5043,0.434,1,0
2022-02-08,sh.600690,985.08956989,987.92742245,952.45426545,966.99825982,985.08956989,30721147,832391426.59,0.487,-1.8365,1,0
2022-02-09,sh.600690,966.99825982,985.44430146,952.80899702,981.89698576,966.99825982,35126789,960796807.49,0.5568,1.5407,1,0
2022-02-10,sh.600690,979.76859634,979.76859634,946.06909719,951.03533917,981.89698576,40061209,1081523362.33,0.635,-3.1431,1,0
2022-02-11,sh.600690,943.5859762,963.80567569,938.26500265,941.81231835,951.03533917,32218212,860993391.13,0.5107,-0.9698,1,0
2022-02-14,sh.600690,937.91027108,937.91027108,909.88647705,918.40003473,941.81231835,42684930,1104433538.97,0.6766,-2.4859,1,0
2022-02-15,sh.600690,918.7547663,931.52510282,916.62637688,926.91359241,918.40003473,19456665,506606446.06,0.3084,0.927,1,0
2022-02-16,sh.600690,933.29876067,941.45758678,922.65681357,929.3967134,926.91359241,17533465,459948948.96,0.2779,0.2679,1,0
2022-02-17,sh.600690,934.71768695,936.4913448,920.52842415,922.65681357,929.3967134,22420544,586041954.65,0.3554,-0.7252,1,0
2022-02-18,sh.600690,922.65681357,932.58929753,915.2074506,930.10617654,922.65681357,27813397,723945759.26,0.4409,0.8074,1,0
2022-02-21,sh.600690,922.302082,936.13661323,914.49798746,932.23456596,930.10617654,29596436,771378311.66,0.4691,0.2288,1,0
2022-02-22,sh.600690,922.302082,924.07573985,897.4708721,908.46755077,932.23456596,36925275,945187338.94,0.5853,-2.5495,1,0
2022-02-23,sh.600690,911.6601349,925.13993456,908.1128192,920.88315572,908.46755077,25315985,655671163.98,0.4013,1.3667,1,0
2022-02-24,sh.600690,915.56218217,918.04530316,891.44043541,899.24452995,920.88315572,32880450,837751719.87,0.5212,-2.3498,1,0
2022-02-25,sh.600690,905.98442978,919.81896101,900.66345623,908.1128192,899.24452995,33363677,852990733.25,0.5289,0.9862,1,0
2022-02-28,sh.600690,904.5655035,911.6601349,895.69721425,904.21077193,908.1128192,30239201,768703648.0,0.4793,-0.4297,1,0
2022-03-01,sh.600690,911.30540333,925.49466613,896.40667739,912.01486647,904.21077193,33792334,863716048.0,0.5357,0.8631,1,0
2022-03-02,sh.600690,898.53506681,909.17701391,891.79516698,893.9235564,912.01486647,31811309,804618848.0,0.5043,-1.9837,1,0
2022-03-03,sh.600690,897.4708721,900.66345623,881.50795145,886.11946186,893.9235564,26122204,654909056.0,0.4141,-0.873,1,0
2022-03-04,sh.600690,878.67009889,883.63634087,861.9977151,867.31868865,886.11946186,45169889,1106226128.0,0.716,-2.1217,1,0
2022-03-07,sh.600690,858.4503994,858.4503994,798.1460325,818.72046356,867.31868865,76325784,1780351824.0,1.2099,-5.6033,1,0
2022-03-08,sh.600690,816.59207414,830.0718738,792.82505895,794.5987168,818.72046356,52994976,1204325888.0,0.84,-2.9463,1,0
2022-03-09,sh.600690,801.33861663,804.53120076,747.06468642,783.24730656,794.5987168,59605997,1306863504.0,0.9448,-1.4286,1,0
2022-03-10,sh.600690,802.75754291,814.10895315,789.27774325,793.17979052,783.24730656,53556469,1208433904.0,0.849,1.2681,1,0
2022-03-11,sh.600690,780.409454,802.04807977,770.12223847,797.43656936,793.17979052,35155367,776486864.0,0.5573,0.5367,1,0
2022-03-14,sh.600690,783.24730656,802.75754291,780.409454,781.11891714,797.43656936,31632759,702835760.0,0.5014,-2.0463,1,0
2022-03-15,sh.600690,775.08848045,778.99052772,736.77747089,736.77747089,781.11891714,44215737,946672752.0,0.7009,-5.6767,1,0
2022-03-16,sh.600690,755.5782441,772.25062789,723.6524028,764.80126492,736.77747089,50029920,1056773904.0,0.793,3.8036,1,0
2022-03-17,sh.600690,787.5040854,811.62583216,778.99052772,788.56828011,764.80126492,49133065,1098541792.0,0.7788,3.1076,1,0
2022-03-18,sh.600690,789.63247482,796.37237465,776.8621383,787.5040854,788.56828011,34168045,758479774.87,0.5416,-0.135,1,0
2022-03-21,sh.600690,805.2406639,807.01432175,783.9567697,788.92301168,787.5040854,29367649,655302774.22,0.4655,0.1802,1,0
2022-03-22,sh.600690,785.73042755,798.50076407,783.9567697,793.88925366,788.92301168,26110921,583127647.02,0.4139,0.6295,1,0
2022-03-23,sh.600690,798.50076407,800.27442192,780.05472243,789.63247482,793.88925366,25961033,577345724.79,0.4115,-0.5362,1,0
2022-03-24,sh.600690,781.82838028,800.62915349,776.8621383,794.24398523,789.63247482,31557196,704773197.82,0.5002,0.584,1,0
2022-03-25,sh.600690,794.24398523,799.91969035,774.02428574,776.8621383,794.24398523,22306565,493396138.29,0.3536,-2.1885,1,0
2022-03-28,sh.600690,770.12223847,781.82838028,758.41609666,772.96009103,776.8621383,22551502,488638633.2,0.3575,-0.5023,1,0
2022-03-29,sh.600690,776.50740673,780.409454,757.35190195,760.89921765,772.96009103,21098475,455979235.75,0.3344,-1.5603,1,0
2022-03-30,sh.600690,769.7675069,797.08183779,767.99384905,794.5987168,760.89921765,47766769,1062271178.24,0.7572,4.4289,1,0
2022-03-31,sh.600690,816.23734257,829.00767909,802.75754291,819.4299267,794.5987168,62815920,1450281998.28,0.9957,3.125,1,0
2022-04-01,sh.600690,815.17314786,854.54835213,800.27442192,842.48747875,819.4299267,56299515,1328258627.0,0.8924,2.8139,1,0
2022-04-06,sh.600690,831.13606851,851.355768,830.42660537,837.87596834,842.48747875,37249929,881406304.31,0.5905,-0.5474,1,0
2022-04-07,sh.600690,833.6191895,846.03479445,815.882611,815.882611,837.87596834,30450550,709574780.37,0.4827,-2.6249,1,0
2022-04-08,sh.600690,811.62583216,820.13938984,801.33861663,809.85217431,815.882611,40783962,929213203.98,0.6465,-0.7391,1,0
2022-04-11,sh.600690,819.78465827,822.62251083,788.21354854,799.91969035,809.85217431,47479356,1079267136.78,0.7526,-1.2265,1,0
2022-04-12,sh.600690,796.72710622,833.97392107,789.98720639,831.49080008,799.91969035,45469088,1044123800.43,0.7208,3.9468,1,0
2022-04-13,sh.600690,830.42660537,861.9977151,821.91304769,846.74425759,831.49080008,52253261,1247184675.96,0.8283,1.8345,1,0
2022-04-14,sh.600690,860.93352039,886.828925,851.355768,881.50795145,846.74425759,59888037,1473308427.87,0.9493,4.1056,1,0
2022-04-15,sh.600690,873.70385691,894.98775111,867.67342022,874.41332005,881.50795145,29846848,741983685.1,0.4731,-0.8048,1,0
2022-04-18,sh.600690,869.0923465,877.96063575,851.355768,857.74093626,874.41332005,23992953,583345821.56,0.3803,-1.9067,1,0
2022-04-19,sh.600690,852.41996271,863.06190981,841.06855247,848.16318387,857.74093626,20912301,501200505.33,0.3315,-1.1166,1,0
2022-04-20,sh.600690,850.64630486,884.34580401,842.84221032,868.02815179,848.16318387,35502583,866743603.37,0.5628,2.3421,1,0
2022-04-21,sh.600690,861.9977151,877.96063575,848.87264701,852.77469428,868.02815179,30832615,748257156.31,0.4887,-1.7573,1,0
2022-04-22,sh.600690,841.42328404,879.7342936,840.00435776,872.6396622,852.77469428,34813867,847177782.13,0.5519,2.3295,1,0
2022-04-25,sh.600690,862.70717824,884.70053558,842.48747875,843.19694189,872.6396622,55295828,1352058903.82,0.8765,-3.374,1,0
2022-04-26,sh.600690,853.48415742,868.73761493,838.94016305,841.06855247,843.19694189,52020898,1251190389.61,0.8246,-0.2524,1,0
2022-04-27,sh.600690,833.6191895,853.48415742,826.5245581,843.90640503,841.06855247,39357196,928602766.21,0.6239,0.3374,1,0
2022-04-28,sh.600690,844.2611366,871.22073592,827.94348438,870.15654121,843.90640503,41243865,984030928.39,0.6538,3.1106,1,0
2022-04-29,sh.600690,880.79848831,938.61973422,880.79848831,919.10949787,870.15654121,79567971,2048985365.64,1.2613,5.6258,1,0
2022-05-05,sh.600690,941.45758678,956.00158115,925.8493977,939.68392893,919.10949787,44257731,1171380482.78,0.7016,2.2385,1,0
2022-05-06,sh.600690,921.59261886,921.94735043,897.4708721,906.33916135,939.68392893,29449860,755448230.66,0.4668,-3.5485,1,0
2022-05-09,sh.600690,890.73097227,911.6601349,886.828925,895.34248268,906.33916135,21399276,540827256.36,0.3392,-1.2133,1,0
2022-05-10,sh.600690,880.08902517,929.04198183,880.08902517,908.82228234,895.34248268,33462038,855896776.89,0.5304,1.5055,1,0
2022-05-11,sh.600690,908.82228234,922.65681357,892.14989855,892.50463012,908.82228234,38351298,978866237.29,0.6079,-1.7955,1,0
2022-05-12,sh.600690,892.50463012,920.52842415,885.40999872,906.69389292,892.50463012,27647470,705284505.92,0.4383,1.5898,1,0
2022-05-13,sh.600690,905.62969821,922.302082,903.85604036,912.36959804,906.69389292,25609182,658477968.08,0.4059,0.626,1,0
2022-05-16,sh.600690,924.78520299,925.13993456,901.72765094,910.24120862,912.36959804,17763779,456301476.56,0.2816,-0.2333,1,0
2022-05-17,sh.600690,914.49798746,927.26832398,901.0181878,918.04530316,910.24120862,24071823,622962815.08,0.3816,0.8574,1,0
2022-05-18,sh.600690,917.69057159,929.3967134,904.5655035,919.46422944,918.04530316,22050928,568382571.75,0.3495,0.1546,1,0
2022-05-19,sh.600690,907.40335606,914.85271903,886.828925,897.11614053,919.46422944,31545326,797480702.49,0.5,-2.4306,1,0
2022-05-20,sh.600690,897.11614053,932.9440291,895.34248268,925.13993456,897.11614053,39248743,1020791704.81,0.6222,3.1238,1,0
2022-05-23,sh.600690,922.65681357,925.13993456,904.5655035,908.1128192,925.13993456,33300435,853502410.0,0.5279,-1.8405,1,0
2022-05-24,sh.600690,904.5655035,908.82228234,879.7342936,880.79848831,908.1128192,33110137,833562581.28,0.5248,-3.0078,1,0
2022-05-25,sh.600690,873.70385691,891.79516698,873.70385691,887.53838814,880.79848831,19710263,491906107.82,0.3124,0.7652,1,0
2022-05-26,sh.600690,888.95731442,892.14989855,867.67342022,886.47419343,887.53838814,36039670,894509064.84,0.5713,-0.1199,1,0
2022-05-27,sh.600690,895.69721425,914.49798746,886.828925,891.08570384,886.47419343,31986592,813095839.25,0.507,0.5202,1,0
2022-05-30,sh.600690,906.33916135,908.82228234,887.53838814,897.82560367,891.08570384,21108885,532036954.52,0.3346,0.7564,1,0
2022-05-31,sh.600690,896.40667739,912.72432961,889.66677756,900.66345623,897.82560367,29535825,750394857.69,0.4682,0.3161,1,0
2022-06-01,sh.600690,907.75808763,913.43379275,897.4708721,903.14657722,900.66345623,22629342,576775168.58,0.3587,0.2757,1,0
2022-06-02,sh.600690,890.73097227,902.79184565,878.31536732,895.34248268,903.14657722,24101181,604966822.81,0.382,-0.8641,1,0
2022-06-06,sh.600690,891.79516698,894.98775111,876.1869779,889.31204599,895.34248268,45513920,1132702086.6,0.7215,-0.6735,1,0
2022-06-07,sh.600690,882.21741459,889.31204599,877.96063575,883.2816093,889.31204599,38545081,959041099.77,0.611,-0.6781,1,0
2022-06-08,sh.600690,890.3762407,890.73097227,851.355768,863.41664138,883.2816093,62193748,1514700616.62,0.9859,-2.249,1,0
2022-06-09,sh.600690,855.61254684,858.4503994,833.6191895,834.68338421,863.41664138,63183356,1498859374.0,1.0016,-3.3279,1,0
2022-06-10,sh.600690,834.32865264,854.19362056,828.29821595,852.06523114,834.68338421,36950779,875119947.15,0.5857,2.0824,1,0
2022-06-13,sh.600690,840.35908933,849.58211015,828.65294752,837.1665052,852.06523114,36208075,853760779.95,0.574,-1.7485,1,0
2022-06-14,sh.600690,831.84553165,854.9030837,830.0718738,854.9030837,837.1665052,33168465,786861174.96,0.5258,2.1186,1,0
2022-06-15,sh.600690,851.355768,885.76473029,851.355768,869.0923465,854.9030837,43569763,1071475559.04,0.6906,1.6598,1,0
2022-06-16,sh.600690,869.80180964,881.15321988,866.96395708,868.02815179,869.0923465,29327433,722294770.86,0.4649,-0.1224,1,0
2022-06-17,sh.600690,862.35244667,893.9235564,857.74093626,886.47419343,868.02815179,38774216,960929336.83,0.6146,2.1251,1,0
2022-06-20,sh.600690,886.47419343,914.14325589,886.11946186,905.98442978,886.47419343,49357757,1257791166.18,0.7824,2.2009,1,0
2022-06-21,sh.600690,909.88647705,927.62305555,896.76140896,917.33584002,905.98442978,39613965,1025028975.44,0.6279,1.2529,1,0
2022-06-22,sh.600690,919.81896101,919.81896101,896.76140896,902.08238251,917.33584002,28924835,739783035.94,0.4585,-1.6628,1,0
2022-06-23,sh.600690,898.88979838,913.78852432,895.69721425,903.85604036,902.08238251,30071703,765407177.65,0.4767,0.1966,1,0
2022-06-24,sh.600690,906.33916135,950.32587603,904.21077193,944.29543934,903.85604036,56888866,1501704470.26,0.9018,4.4741,1,0
2022-06-27,sh.600690,940.39339207,981.89698576,934.36295538,968.4171861,944.29543934,57396249,1565050723.96,0.9098,2.5545,1,0
2022-06-28,sh.600690,961.3225547,967.70772296,951.39007074,958.12997057,968.4171861,26286315,710230822.67,0.4167,-1.0623,1,0
2022-06-29,sh.600690,957.775239,975.5118175,946.06909719,951.39007074,958.12997057,28743776,777433616.11,0.4556,-0.7034,1,0
2022-06-30,sh.600690,950.6806076,988.99161716,947.1332919,974.09289122,951.39007074,29764283,814220534.42,0.4718,2.3863,1,0
2022-07-01,sh.600690,979.0591332,985.79903303,951.74480231,957.775239,974.09289122,19939715,542055086.75,0.3161,-1.6752,1,0
2022-07-04,sh.600690,957.06577586,968.06245453,945.71436562,964.16040726,957.775239,20137419,545089330.49,0.3192,0.6667,1,0
2022-07-05,sh.600690,970.54557552,988.99161716,931.52510282,943.23124463,964.16040726,37149314,988409641.57,0.5889,-2.1707,1,0
2022-07-06,sh.600690,949.26168132,967.70772296,933.29876067,944.29543934,943.23124463,31817834,849303374.93,0.5044,0.1128,1,0
2022-07-07,sh.600690,934.36295538,944.29543934,918.7547663,932.9440291,944.29543934,26648493,698804069.62,0.4224,-1.2021,1,0
2022-07-08,sh.600690,942.16704992,945.00490248,922.302082,928.68725026,932.9440291,16378426,429034649.06,0.2596,-0.4563,1,0
2022-07-11,sh.600690,922.302082,938.26500265,907.04862449,934.00822381,928.68725026,30420977,793827820.96,0.4822,0.573,1,0
2022-07-12,sh.600690,929.3967134,974.44762279,929.3967134,957.775239,934.00822381,45516478,1229257451.05,0.7215,2.5446,1,0
2022-07-13,sh.600690,960.96782313,969.12664924,929.3967134,934.00822381,957.775239,35936243,958569482.76,0.5696,-2.4815,1,0
2022-07-14,sh.600690,948.90694975,956.71104429,891.08570384,902.79184565,934.00822381,56137087,1438305477.42,0.8899,-3.3422,1,0
2022-07-15,sh.600690,891.79516698,912.01486647,874.41332005,874.41332005,902.79184565,39003164,979985622.75,0.6183,-3.1434,1,0
2022-07-18,sh.600690,874.41332005,912.01486647,868.73761493,903.50130879,874.41332005,27186469,684561284.35,0.4309,3.3266,1,0
2022-07-19,sh.600690,895.69721425,903.50130879,883.2816093,891.79516698,903.50130879,20708964,520426762.56,0.3283,-1.2956,1,0
2022-07-20,sh.600690,901.0181878,909.88647705,894.27828797,900.30872466,891.79516698,22234491,565475924.43,0.3524,0.9547,1,0
2022-07-21,sh.600690,900.66345623,906.33916135,883.99107244,885.05526715,900.30872466,19436332,487960304.95,0.3081,-1.6942,1,0
2022-07-22,sh.600690,884.70053558,898.53506681,868.73761493,885.40999872,885.05526715,23520518,583820155.75,0.3728,0.0401,1,0
2022-07-25,sh.600690,886.47419343,899.59926152,874.41332005,892.14989855,885.40999872,25601593,644057865.13,0.4058,0.7612,1,0
2022-07-26,sh.600690,892.14989855,909.88647705,890.73097227,908.1128192,892.14989855,30419247,774163988.9,0.4822,1.7893,1,0
2022-07-27,sh.600690,900.66345623,909.17701391,891.08570384,896.05194582,908.1128192,17236062,436564849.05,0.2732,-1.3281,1,0
2022-07-28,sh.600690,901.72765094,906.33916135,888.24785128,892.14989855,896.05194582,18402544,465471984.33,0.2917,-0.4355,1,0
2022-07-29,sh.600690,895.69721425,902.79184565,877.96063575,879.37956203,892.14989855,24647010,615671727.37,0.3907,-1.4314,1,0
2022-08-01,sh.600690,872.6396622,876.89644104,858.4503994,863.06190981,879.37956203,26565009,648781086.04,0.4211,-1.8556,1,0
2022-08-02,sh.600690,853.83888899,854.9030837,835.74757892,845.32533131,863.06190981,22125427,526124003.59,0.3507,-2.0551,1,0
2022-08-03,sh.600690,845.32533131,858.09566783,824.75090025,826.87928967,845.32533131,26286012,620497475.27,0.4167,-2.1821,1,0
2022-08-04,sh.600690,833.6191895,836.10231049,818.72046356,826.5245581,826.87928967,19567226,455256520.0,0.3102,-0.0429,1,0
2022-08-05,sh.600690,829.36241066,836.10231049,808.43324803,831.84553165,826.5245581,39349811,910766088.0,0.6238,0.6438,1,0
2022-08-08,sh.600690,826.87928967,846.74425759,822.26777926,834.32865264,831.84553165,34368177,810156303.0,0.5448,0.2985,1,0
2022-08-09,sh.600690,845.68006288,845.68006288,830.42660537,832.90972636,834.32865264,19227049,453092700.0,0.3048,-0.1701,1,0
2022-08-10,sh.600690,835.39284735,835.39284735,807.36905332,808.7879796,832.90972636,37112514,852329467.0,0.5883,-2.8961,1,0
2022-08-11,sh.600690,814.46368472,834.32865264,811.27110059,832.90972636,808.7879796,28614072,666010643.0,0.4536,2.9825,1,0
2022-08-12,sh.600690,833.97392107,843.90640503,828.29821595,840.00435776,832.90972636,21191341,500427934.0,0.3359,0.8518,1,0
2022-08-15,sh.600690,840.35908933,847.09898916,833.26445793,837.52123677,840.00435776,21508786,509168105.07,0.3409,-0.2956,1,0
2022-08-16,sh.600690,835.03811578,846.03479445,832.90972636,837.87596834,837.52123677,21279177,502950170.87,0.3373,0.0424,1,0
2022-08-17,sh.600690,838.94016305,869.80180964,833.6191895,862.70717824,837.87596834,31918988,770079085.64,0.506,2.9636,1,0
2022-08-18,sh.600690,861.64298353,863.06190981,845.68006288,851.355768,862.70717824,20318398,488746982.78,0.3221,-1.3158,1,0
2022-08-19,sh.600690,849.22737858,867.31868865,848.87264701,862.35244667,851.355768,21758437,529030966.16,0.3449,1.2917,1,0
2022-08-22,sh.600690,854.9030837,879.37956203,853.83888899,865.5450308,862.35244667,24321286,596450337.13,0.3855,0.3702,1,0
2022-08-23,sh.600690,867.714096,883.26064022,861.20624028,877.11433204,865.54481076,22534460,545836956.8,0.3572,1.3367,1,0
2022-08-24,sh.600690,877.47587958,885.06837792,865.18326322,878.5605222,877.11433204,26459061,642810219.23,0.4194,0.1649,1,0
2022-08-25,sh.600690,882.1759976,885.42992546,870.24492878,884.34528284,878.5605222,13013167,316146473.57,0.2063,0.6584,1,0
2022-08-26,sh.600690,888.32230578,889.4069484,870.60647632,879.64516482,884.34528284,14747285,358423435.46,0.2338,-0.5315,1,0
2022-08-29,sh.600690,873.1373091,894.8301615,870.60647632,888.32230578,879.64516482,15543539,380969575.96,0.2464,0.9864,1,0
2022-08-30,sh.600690,895.55325658,920.1384893,895.19170904,918.3307516,888.32230578,47202594,1190530667.46,0.7482,3.3781,1,0
2022-08-31,sh.600690,916.88456144,945.4468171,911.0998008,935.32348598,918.3307516,39862756,1027254521.72,0.6319,1.8504,1,0
2022-09-01,sh.600690,935.32348598,965.3319318,932.43110566,947.61610234,935.32348598,52633187,1387805778.08,0.8343,1.3143,1,0
2022-09-02,sh.600690,941.8313417,945.4468171,921.946227,926.64634502,947.61610234,30110689,773684374.27,0.4773,-2.2129,1,0
2022-09-05,sh.600690,920.1384893,932.43110566,903.86885,924.83860732,926.64634502,28218049,717458674.55,0.4473,-0.1951,1,0
2022-09-06,sh.600690,931.70801058,936.4081286,912.18444342,928.81563026,924.83860732,21523467,549055856.87,0.3412,0.43,1,0
2022-09-07,sh.600690,928.81563026,940.023604,925.92324994,932.7926532,928.81563026,25550946,660281839.96,0.405,0.4282,1,0
2022-09-08,sh.600690,939.66205646,952.6777679,931.34646304,935.68503352,932.7926532,21311243,554847068.9,0.3378,0.3101,1,0
2022-09-09,sh.600690,942.55443678,966.77812196,932.06955812,958.100981,935.68503352,33863079,895610648.2,0.5368,2.3957,1,0
2022-09-13,sh.600690,949.78538758,966.05502688,946.16991218,957.37788592,958.100981,20395227,540403162.96,0.3233,-0.0755,1,0
2022-09-14,sh.600690,947.97764988,963.88574164,931.70801058,957.73943346,957.37788592,21426459,565132815.81,0.3396,0.0378,1,0
2022-09-15,sh.600690,957.73943346,979.43228586,954.84705314,971.83978752,957.73943346,32649282,877033703.39,0.5175,1.4723,1,0
2022-09-16,sh.600690,958.100981,966.41657442,939.66205646,942.19288924,971.83978752,33275118,872369665.59,0.5275,-3.0506,1,0
2022-09-19,sh.600690,937.85431876,949.0622925,928.81563026,945.80836464,942.19288924,20575299,535549077.93,0.3261,0.3837,1,0
2022-09-20,sh.600690,945.80836464,949.42384004,927.3694401,935.32348598,945.80836464,24326511,629139273.13,0.3856,-1.1086,1,0
2022-09-21,sh.600690,929.1771778,938.57741384,900.2533746,910.73825326,935.32348598,42128353,1059702150.95,0.6678,-2.6285,1,0
2022-09-22,sh.600690,899.89182706,902.0611123,876.7527845,887.96075824,910.73825326,34345041,843236608.74,0.5444,-2.501,1,0
2022-09-23,sh.600690,893.74551888,900.97646968,877.11433204,885.791473,887.96075824,25127606,615750220.55,0.3983,-0.2443,1,0
2022-09-26,sh.600690,871.69111894,911.0998008,871.69111894,902.0611123,885.791473,32750081,815639074.77,0.5191,1.8367,1,0
2022-09-27,sh.600690,893.0224238,928.81563026,893.0224238,925.5617024,902.0611123,24263898,615234042.98,0.3846,2.6052,1,0
2022-09-28,sh.600690,916.5230139,932.7926532,908.20742048,914.7152762,925.5617024,25454657,646696566.42,0.4035,-1.1719,1,0
2022-09-29,sh.600690,926.28479748,927.00789256,896.6378992,901.69956476,914.7152762,28695046,718878221.25,0.4549,-1.4229,1,0
2022-09-30,sh.600690,903.86885,910.73825326,891.2146861,895.55325658,901.69956476,26770288,666209055.82,0.4243,-0.6816,1,0
2022-10-10,sh.600690,911.82289588,913.26908604,893.38397134,896.99944674,895.55325658,26875474,672530075.71,0.426,0.1615,1,0
2022-10-11,sh.600690,902.0611123,903.86885,885.791473,898.08408936,896.99944674,18683820,463268120.01,0.2962,0.1209,1,0
2022-10-12,sh.600690,898.4456369,904.23039754,868.79873862,903.50730246,898.08408936,16417775,404037755.57,0.2602,0.6039,1,0
2022-10-13,sh.600690,896.99944674,902.42265984,870.24492878,874.58349926,903.50730246,19757287,480796350.22,0.3132,-3.2013,1,0
2022-10-14,sh.600690,877.11433204,911.0998008,876.39123696,890.85313856,874.58349926,26725343,663317166.13,0.4236,1.8603,1,0
2022-10-17,sh.600690,895.55325658,895.55325658,874.9450468,883.26064022,890.85313856,22431980,547403607.94,0.3556,-0.8523,1,0
2022-10-18,sh.600690,886.15302054,908.93051556,886.15302054,895.55325658,883.26064022,25611552,635732828.94,0.406,1.3917,1,0
2022-10-19,sh.600690,893.0224238,901.69956476,847.46743376,849.99826654,895.55325658,35057413,838179533.24,0.5557,-5.0868,1,0
2022-10-20,sh.600690,840.5980305,863.37552552,838.06719772,845.29814852,849.99826654,23480864,551958952.68,0.3722,-0.553,1,0
2022-10-21,sh.600690,849.636719,855.0599321,831.19779446,834.45172232,845.29814852,21411359,497911577.29,0.3394,-1.2831,1,0
2022-10-24,sh.600690,828.30541414,841.68267312,799.0200634,801.18934864,834.45172232,36896548,826279508.2,0.5849,-3.9861,1,0
2022-10-25,sh.600690,814.20506008,816.73589286,793.95839784,798.29696832,801.18934864,26520300,588537951.65,0.4204,-0.361,1,0
2022-10-26,sh.600690,797.2123257,808.78184698,781.30423394,787.81208966,798.29696832,32109842,704828669.29,0.509,-1.3134,1,0
2022-10-27,sh.600690,788.1736372,800.10470602,781.30423394,784.5581618,787.81208966,29764052,649959390.57,0.4718,-0.413,1,0
2022-10-28,sh.600690,788.1736372,793.5968503,766.11923726,770.0962602,784.5581618,26346325,567256900.82,0.4176,-1.8433,1,0
2022-10-31,sh.600690,778.05030608,784.91970934,748.76495534,752.0188832,770.0962602,43751418,921096255.57,0.6935,-2.3474,1,0
2022-11-01,sh.600690,759.249834,775.5194733,750.2111455,775.5194733,752.0188832,45866380,968374109.55,0.7271,3.125,1,0
2022-11-02,sh.600690,769.73471266,800.10470602,762.8653094,790.34292244,775.5194733,46894625,1018792330.31,0.7433,1.9114,1,0
2022-11-03,sh.600690,786.00435196,789.61982736,771.9039979,774.43483068,790.34292244,23180195,499258260.63,0.3674,-2.0128,1,0
2022-11-04,sh.600690,774.07328314,813.481965,773.7117356,803.35863388,774.43483068,44942851,992395938.98,0.7124,3.7348,1,0
2022-11-07,sh.600690,798.29696832,819.26672564,796.48923062,811.6742273,803.35863388,28587645,640719576.25,0.4532,1.0351,1,0
2022-11-08,sh.600690,812.03577484,818.9051781,802.99708634,813.12041746,811.6742273,20160685,451179036.18,0.3196,0.1782,1,0
2022-11-09,sh.600690,812.75886992,824.3283912,807.69720436,810.58958468,813.12041746,17652968,397639636.34,0.2798,-0.3112,1,0
2022-11-10,sh.600690,800.8278011,813.481965,795.76613554,808.42029944,810.58958468,16170086,360371373.74,0.2563,-0.2676,1,0
2022-11-11,sh.600690,843.85195836,870.96802386,824.68993874,856.14457472,808.42029944,53810733,1261451673.87,0.853,5.9034,1,0
2022-11-14,sh.600690,879.64516482,906.03813524,864.0986206,869.16028616,856.14457472,58009353,1420127480.78,0.9195,1.5203,1,0
2022-11-15,sh.600690,867.714096,882.89909268,860.84469274,873.1373091,869.16028616,20615625,498527351.49,0.3268,0.4576,1,0
2022-11-16,sh.600690,872.41421402,873.1373091,856.8676698,866.99100092,873.1373091,22160246,529894129.04,0.3513,-0.7039,1,0
2022-11-17,sh.600690,862.2908829,873.1373091,855.0599321,865.54481076,866.99100092,17055752,406639895.4,0.2704,-0.1668,1,0
2022-11-18,sh.600690,866.99100092,877.11433204,856.8676698,868.43719108,865.54481076,20033218,481757343.54,0.3176,0.3342,1,0
2022-11-21,sh.600690,868.07564354,868.43719108,847.46743376,853.2521944,868.43719108,24872255,587627921.64,0.3943,-1.7485,1,0
2022-11-22,sh.600690,859.39850258,871.69111894,855.42147964,864.46016814,853.2521944,17410501,415421236.95,0.276,1.3136,1,0
2022-11-23,sh.600690,864.82171568,880.3682599,855.78302718,867.714096,864.46016814,18444463,443430268.44,0.2924,0.3764,1,0
2022-11-24,sh.600690,869.88338124,878.92206974,856.8676698,861.20624028,867.714096,10772789,257589205.09,0.1708,-0.75,1,0
2022-11-25,sh.600690,858.6754075,878.5605222,858.6754075,874.9450468,861.20624028,18780592,453462026.26,0.2977,1.5953,1,0
2022-11-28,sh.600690,860.4831452,865.18326322,836.9825551,851.08290916,874.9450468,26521940,620199665.17,0.4204,-2.7273,1,0
2022-11-29,sh.600690,862.2908829,891.57623364,862.2908829,889.4069484,851.08290916,50484835,1229472019.24,0.8003,4.503,1,0
2022-11-30,sh.600690,885.42992546,896.27635166,878.19897466,886.87611562,889.4069484,20995101,514097207.52,0.3328,-0.2846,1,0
2022-12-01,sh.600690,898.4456369,906.03813524,878.92206974,885.42992546,886.87611562,29563468,726268734.45,0.4686,-0.1631,1,0
2022-12-02,sh.600690,880.00671236,885.06837792,857.95231242,868.43719108,885.42992546,30412125,728956555.26,0.4821,-1.9192,1,0
2022-12-05,sh.600690,878.5605222,900.2533746,868.43719108,896.27635166,868.43719108,33519001,826713856.2,0.5313,3.2057,1,0
2022-12-06,sh.600690,887.23766316,903.86885,885.791473,896.27635166,896.27635166,18474452,457227438.93,0.2928,0.0,1,0
2022-12-07,sh.600690,895.91480412,903.50730246,885.42992546,887.23766316,896.27635166,19782729,487838094.98,0.3136,-1.0085,1,0
2022-12-08,sh.600690,887.96075824,892.66087626,877.47587958,889.4069484,887.23766316,19468834,477220829.99,0.3086,0.2445,1,0
2022-12-09,sh.600690,896.6378992,921.58467946,889.4069484,920.1384893,889.4069484,41062319,1032209249.22,0.6509,3.4553,1,0
2022-12-12,sh.600690,903.86885,911.0998008,896.6378992,900.2533746,920.1384893,27637001,690692149.74,0.4381,-2.1611,1,0
2022-12-13,sh.600690,898.08408936,905.6765877,888.68385332,900.61492214,900.2533746,20115967,500461577.87,0.3189,0.0402,1,0
2022-12-14,sh.600690,895.91480412,910.73825326,895.19170904,901.33801722,900.61492214,17725963,442129641.48,0.281,0.0803,1,0
2022-12-15,sh.600690,900.2533746,916.88456144,887.23766316,892.66087626,901.33801722,26447163,655387030.88,0.4192,-0.9627,1,0
2022-12-16,sh.600690,887.96075824,903.86885,887.5992107,903.86885,892.66087626,18723241,465329199.45,0.2968,1.2556,1,0
2022-12-19,sh.600690,897.72254182,915.79991882,891.57623364,896.27635166,903.86885,21123540,525469813.05,0.3348,-0.84,1,0
2022-12-20,sh.600690,887.23766316,893.0224238,863.73707306,869.16028616,896.27635166,22058249,534236840.68,0.3497,-3.0254,1,0
2022-12-21,sh.600690,876.02968942,895.91480412,869.5218337,884.34528284,869.16028616,22606185,553839239.56,0.3583,1.7471,1,0
2022-12-22,sh.600690,896.6378992,902.0611123,882.1759976,894.46861396,884.34528284,19262007,476087005.25,0.3053,1.1447,1,0
2022-12-23,sh.600690,891.2146861,898.80718444,880.72980744,888.32230578,894.46861396,16063986,394600090.88,0.2546,-0.6871,1,0
2022-12-26,sh.600690,890.85313856,891.2146861,872.77576156,876.02968942,888.32230578,16114669,392028425.94,0.2554,-1.3838,1,0
2022-12-27,sh.600690,882.53754514,911.0998008,876.02968942,907.12277786,876.02968942,25040306,623601478.07,0.3969,3.5493,1,0
2022-12-28,sh.600690,910.37670572,910.37670572,893.0224238,901.69956476,907.12277786,18472334,460795071.89,0.2928,-0.5978,1,0
2022-12-29,sh.600690,897.36099428,901.33801722,883.9837353,892.66087626,901.69956476,15476495,381378518.05,0.2453,-1.0024,1,0
2022-12-30,sh.600690,897.36099428,902.0611123,884.34528284,884.34528284,892.66087626,21069094,518571749.86,0.334,-0.9316,1,0
2023-01-03,sh.600690,881.81445006,885.791473,868.07564354,881.09135498,884.34528284,28657547,695536556.47,0.4543,-0.3679,1,0
2023-01-04,sh.600690,893.0224238,910.37670572,879.64516482,898.80718444,881.09135498,33303475,828219278.34,0.5279,2.0107,1,0
2023-01-05,sh.600690,910.01515818,938.2158663,902.78420738,929.53872534,898.80718444,40015563,1027120430.0,0.6343,3.4191,1,0
2023-01-06,sh.600690,929.90027288,937.85431876,916.88456144,927.00789256,929.53872534,32742434,839578468.27,0.519,-0.2723,1,0
2023-01-09,sh.600690,930.9849155,935.32348598,921.946227,924.11551224,927.00789256,17772944,456134058.36,0.2817,-0.312,1,0
2023-01-10,sh.600690,920.50003684,940.023604,919.41539422,930.9849155,924.11551224,15634147,403378386.64,0.2478,0.7433,1,0
2023-01-11,sh.600690,930.9849155,950.14693512,923.7539647,942.91598432,930.9849155,24938770,650940191.63,0.3953,1.2816,1,0
2023-01-12,sh.600690,942.19288924,946.53145972,925.5617024,930.62336796,942.91598432,23302088,600195706.47,0.3694,-1.3037,1,0
2023-01-13,sh.600690,936.4081286,954.4855056,927.73098764,954.12395806,930.62336796,28611604,747021532.57,0.4535,2.5253,1,0
2023-01-16,sh.600690,953.76241052,992.4479973,950.8700302,984.13240388,954.12395806,43136927,1163292060.44,0.6838,3.1451,1,0
2023-01-17,sh.600690,977.9860957,990.6402596,965.69347934,974.00907276,984.13240388,26544763,714489764.48,0.4208,-1.0287,1,0
2023-01-18,sh.600690,974.00907276,979.43228586,957.73943346,959.9087187,974.00907276,19078844,508016968.9,0.3024,-1.4477,1,0
2023-01-19,sh.600690,964.60883672,964.97038426,944.00062694,953.03931544,959.9087187,22356606,587823836.58,0.3544,-0.7156,1,0
2023-01-20,sh.600690,955.20860068,959.9087187,943.27753186,954.12395806,953.03931544,24018619,633836252.33,0.3807,0.1138,1,0
2023-01-30,sh.600690,968.9474072,971.11669244,939.66205646,945.4468171,954.12395806,34594847,913590877.27,0.5484,-0.9094,1,0
2023-01-31,sh.600690,945.80836464,957.73943346,926.28479748,929.1771778,945.4468171,30074024,778929036.21,0.4767,-1.7208,1,0
2023-02-01,sh.600690,932.43110566,942.19288924,924.83860732,931.34646304,929.1771778,32442873,834877970.11,0.5143,0.2335,1,0
2023-02-02,sh.600690,934.96193844,955.93169576,929.53872534,953.03931544,931.34646304,35976858,941009580.62,0.5703,2.3292,1,0
2023-02-03,sh.600690,940.023604,949.0622925,932.06955812,936.76967614,953.03931544,24361520,631131222.28,0.3862,-1.7071,1,0
2023-02-06,sh.600690,931.70801058,936.04658106,914.7152762,921.58467946,936.76967614,25015340,636802060.21,0.3965,-1.621,1,0
2023-02-07,sh.600690,923.39241716,947.2545548,923.03086962,936.04658106,921.58467946,18040135,467125075.12,0.286,1.5692,1,0
2023-02-08,sh.600690,936.4081286,951.23157774,931.34646304,945.80836464,936.04658106,22623246,591322884.88,0.3586,1.0429,1,0
2023-02-09,sh.600690,946.16991218,958.100981,938.2158663,950.14693512,945.80836464,20242407,531927248.13,0.3209,0.4587,1,0
2023-02-10,sh.600690,953.76241052,955.20860068,942.55443678,945.80836464,950.14693512,12640236,331154998.18,0.2004,-0.4566,1,0
2023-02-13,sh.600690,940.023604,967.86276458,940.023604,965.3319318,945.80836464,21380110,568458709.63,0.3389,2.0642,1,0
2023-02-14,sh.600690,966.41657442,970.7551449,960.27026624,967.86276458,965.3319318,13831700,369501670.7,0.2193,0.2622,1,0
2023-02-15,sh.600690,968.22431212,968.22431212,945.80836464,949.42384004,967.86276458,17796911,468045599.8,0.2821,-1.9051,1,0
2023-02-16,sh.600690,957.37788592,970.7551449,943.6390794,950.8700302,949.42384004,21854544,580897438.55,0.3464,0.1523,1,0
2023-02-17,sh.600690,949.42384004,958.82407608,935.68503352,937.85431876,950.8700302,13679426,358434761.28,0.2168,-1.3688,1,0
2023-02-20,sh.600690,940.74669908,1001.4866858,938.93896138,996.0634727,937.85431876,47885877,1297709651.73,0.7591,6.2066,1,0
2023-02-21,sh.600690,997.8712104,1001.12513826,984.49395142,997.8712104,996.0634727,20527891,563984713.0,0.3254,0.1815,1,0
2023-02-22,sh.600690,990.6402596,997.8712104,981.6015711,991.00180714,997.8712104,17601814,482378592.7,0.279,-0.6884,1,0
2023-02-23,sh.600690,990.6402596,1006.9098989,975.81681046,981.24002356,991.00180714,22696652,617575780.16,0.3598,-0.985,1,0
2023-02-24,sh.600690,979.7938334,981.24002356,954.12395806,959.54717116,981.24002356,27798811,737616314.79,0.4407,-2.2108,1,0
2023-02-27,sh.600690,950.8700302,958.46252854,936.76967614,948.70074496,959.54717116,23511972,616273176.62,0.3727,-1.1304,1,0
2023-02-28,sh.600690,950.14693512,959.9087187,937.49277122,951.23157774,948.70074496,26371810,691343090.93,0.418,0.2668,1,0
2023-03-01,sh.600690,950.8700302,963.5241941,919.41539422,946.16991218,951.23157774,41861398,1098270440.36,0.6636,-0.5321,1,0
2023-03-02,sh.600690,941.10824662,948.70074496,933.15420074,940.023604,946.16991218,34486676,896256744.95,0.5467,-0.6496,1,0
2023-03-03,sh.600690,946.89300726,947.97764988,932.7926532,939.30050892,940.023604,27295377,708649099.31,0.4327,-0.0769,1,0
2023-03-06,sh.600690,936.04658106,936.76967614,911.46134834,912.9075385,939.30050892,36738343,932963552.09,0.5824,-2.8099,1,0
2023-03-07,sh.600690,911.82289588,921.22313192,891.2146861,895.91480412,912.9075385,31528822,789411675.5,0.4998,-1.8614,1,0
2023-03-08,sh.600690,891.57623364,895.19170904,880.00671236,888.68385332,895.91480412,23755517,583601469.46,0.3766,-0.8071,1,0
2023-03-09,sh.600690,889.04540086,890.49159102,870.60647632,873.1373091,888.68385332,32487373,788702227.44,0.515,-1.7494,1,0
2023-03-10,sh.600690,866.99100092,873.1373091,849.636719,849.636719,873.1373091,31284588,742531052.91,0.4959,-2.6915,1,0
2023-03-13,sh.600690,852.89064686,883.9837353,852.89064686,871.69111894,849.636719,41640143,1004497574.67,0.6601,2.5957,1,0
2023-03-14,sh.600690,870.60647632,871.3295714,842.4057682,852.52909932,871.69111894,32525560,767125726.39,0.5156,-2.1983,1,0
2023-03-15,sh.600690,862.65243044,864.82171568,851.80600424,856.8676698,852.52909932,23835217,566071526.99,0.3778,0.5089,1,0
2023-03-16,sh.600690,849.636719,861.56778782,848.19052884,857.22921734,856.8676698,15619765,369935255.32,0.2476,0.0422,1,0
2023-03-17,sh.600690,861.56778782,866.26790584,843.12886328,845.29814852,857.22921734,30873564,728263155.67,0.4894,-1.3918,1,0
2023-03-20,sh.600690,846.38279114,854.33683702,833.3670797,834.45172232,845.29814852,29783925,691827277.44,0.4721,-1.2831,1,0
2023-03-21,sh.600690,838.42874526,865.9063583,834.81326986,861.56778782,834.45172232,31645280,746995531.45,0.5016,3.2496,1,0
2023-03-22,sh.600690,863.01397798,870.96802386,845.29814852,848.91362392,861.56778782,26763171,632234293.82,0.4242,-1.4687,1,0
2023-03-23,sh.600690,847.8289813,853.97528948,842.4057682,846.0212436,848.91362392,20648294,483604082.07,0.3273,-0.3407,1,0
2023-03-24,sh.600690,846.0212436,851.80600424,836.9825551,848.91362392,846.0212436,25021900,584722590.87,0.3966,0.3419,1,0
2023-03-27,sh.600690,849.636719,857.22921734,839.51338788,844.57505344,848.91362392,29239529,684595572.79,0.4635,-0.5111,1,0
2023-03-28,sh.600690,846.38279114,849.636719,835.1748174,846.38279114,844.57505344,27197234,634061174.57,0.4311,0.214,1,0
2023-03-29,sh.600690,849.27517146,851.80600424,840.5980305,849.27517146,846.38279114,26726222,625551637.17,0.4237,0.3417,1,0
2023-03-30,sh.600690,849.99826654,881.81445006,844.93660098,875.66814188,849.27517146,50438767,1206155376.22,0.7995,3.1077,1,0
2023-03-31,sh.600690,860.4831452,863.73707306,815.2897027,819.98982072,875.66814188,130461595,2967512084.54,2.068,-6.3584,1,0
2023-04-03,sh.600690,819.98982072,835.1748174,802.6355388,805.52791912,819.98982072,95872774,2157500735.54,1.5197,-1.7637,1,0
2023-04-04,sh.600690,809.50494206,810.22803714,779.85804378,795.404588,805.52791912,73414842,1610907512.15,1.1637,-1.2567,1,0
2023-04-06,sh.600690,791.06601752,806.2510142,787.81208966,805.88946666,795.404588,38539584,851735498.31,0.6109,1.3182,1,0
2023-04-07,sh.600690,804.4432765,820.7129158,801.55089618,813.12041746,805.88946666,34415955,773897680.09,0.5455,0.8973,1,0
2023-04-10,sh.600690,814.56660762,818.9051781,809.8664896,815.2897027,813.12041746,24974387,562598359.68,0.3959,0.2668,1,0
2023-04-11,sh.600690,817.45898794,831.19779446,816.37434532,821.43601088,815.2897027,45644702,1040531447.63,0.7235,0.7539,1,0
2023-04-12,sh.600690,849.636719,849.636719,823.24374858,831.19779446,821.43601088,49481744,1136936681.96,0.7844,1.1884,1,0
2023-04-13,sh.600690,824.3283912,830.11315184,818.54363056,823.60529612,831.19779446,31742472,722629086.23,0.5032,-0.9134,1,0
2023-04-14,sh.600690,823.60529612,834.45172232,821.43601088,822.88220104,823.60529612,28296700,646052063.03,0.4485,-0.0878,1,0
2023-04-17,sh.600690,822.88220104,847.8289813,821.79755842,846.0212436,822.88220104,56376765,1302519661.3,0.8937,2.812,1,0
2023-04-18,sh.600690,841.32112558,854.69838456,839.15184034,850.35981408,846.0212436,40535499,951352108.7,0.6425,0.5128,1,0
2023-04-19,sh.600690,847.10588622,849.636719,824.3283912,829.02850922,850.35981408,41141465,948058244.05,0.6522,-2.5085,1,0
2023-04-20,sh.600690,829.02850922,855.0599321,827.22077152,849.27517146,829.02850922,55081050,1287684462.15,0.8731,2.4422,1,0
2023-04-21,sh.600690,846.0212436,855.0599321,831.92088954,833.3670797,849.27517146,38993950,909124173.88,0.6181,-1.8731,1,0
2023-04-24,sh.600690,833.3670797,844.2135059,810.58958468,817.45898794,833.3670797,34878207,794906843.44,0.5529,-1.9089,1,0
2023-04-25,sh.600690,818.9051781,822.15910596,799.0200634,813.12041746,817.45898794,28641537,640370527.44,0.454,-0.5307,1,0
2023-04-26,sh.600690,812.75886992,825.05148628,804.4432765,812.03577484,813.12041746,19978499,449020624.26,0.3167,-0.1334,1,0
2023-04-27,sh.600690,814.92815516,815.2897027,799.74315848,811.6742273,812.03577484,28879148,644596467.61,0.4578,-0.0445,1,0
2023-04-28,sh.600690,840.5980305,861.20624028,835.53636494,856.8676698,811.6742273,75011476,1764836576.28,1.189,5.5679,1,0
2023-05-04,sh.600690,859.76005012,865.9063583,848.19052884,849.636719,856.8676698,40950071,967784360.47,0.6491,-0.8439,1,0
2023-05-05,sh.600690,850.72136162,858.6754075,813.84351254,817.0974404,849.636719,43462173,988312283.66,0.6889,-3.8298,1,0
2023-05-08,sh.600690,818.18208302,820.7129158,799.74315848,809.14339452,817.0974404,36159307,807414362.0,0.5732,-0.9735,1,0
2023-05-09,sh.600690,806.97410928,820.35136826,801.55089618,804.80482404,809.14339452,34742300,777457561.78,0.5507,-0.5362,1,0
2023-05-10,sh.600690,805.88946666,825.41303382,801.55089618,818.54363056,804.80482404,27457295,620263488.11,0.4352,1.7071,1,0
2023-05-11,sh.600690,816.73589286,827.9438666,807.33565682,808.78184698,818.54363056,22193239,500646960.25,0.3518,-1.1926,1,0
2023-05-12,sh.600690,809.14339452,825.77458136,806.2510142,810.22803714,808.78184698,28337069,638355781.25,0.4492,0.1788,1,0
2023-05-15,sh.600690,819.26672564,819.62827318,796.48923062,811.6742273,810.22803714,34641988,771068185.44,0.5491,0.1785,1,0
2023-05-16,sh.600690,811.6742273,812.03577484,802.99708634,806.97410928,811.6742273,21206393,472854298.72,0.3362,-0.5791,1,0
2023-05-17,sh.600690,804.4432765,808.78184698,797.2123257,798.65851586,806.97410928,22685460,503270107.08,0.3596,-1.0305,1,0
2023-05-18,sh.600690,796.85077816,811.31267976,791.7891126,798.65851586,798.65851586,27877459,617919969.5,0.4419,0.0,1,0
2023-05-19,sh.600690,797.93542078,827.9438666,789.9813749,809.14339452,798.65851586,41989319,944302004.16,0.6656,1.3128,1,0
2023-05-22,sh.600690,809.14339452,836.9825551,807.33565682,835.53636494,809.14339452,39853750,913253458.59,0.6317,3.2618,1,0
2023-05-23,sh.600690,832.28243708,836.9825551,826.1361289,829.02850922,835.53636494,23862494,548791283.73,0.3783,-0.7789,1,0
2023-05-24,sh.600690,827.9438666,828.30541414,805.52791912,805.88946666,829.02850922,27610554,621365716.35,0.4377,-2.7911,1,0
2023-05-25,sh.600690,802.99708634,809.50494206,800.8278011,805.52791912,805.88946666,16798566,373746000.62,0.2663,-0.0449,1,0
2023-05-26,sh.600690,806.61256174,808.0587519,788.89673228,801.18934864,805.52791912,20952965,461706845.04,0.3321,-0.5386,1,0
2023-05-29,sh.600690,804.4432765,814.56660762,788.53518474,792.51220768,801.18934864,30769061,679259007.81,0.4877,-1.083,1,0
2023-05-30,sh.600690,792.51220768,797.93542078,773.7117356,784.5581618,792.51220768,32606374,706559664.74,0.5169,-1.0036,1,0
2023-05-31,sh.600690,786.3658995,786.3658995,766.4807848,776.60411592,784.5581618,30131027,645681275.2,0.4776,-1.0138,1,0
2023-06-01,sh.600690,776.60411592,784.5581618,768.2885225,775.88102084,776.60411592,23539771,506276771.68,0.3731,-0.0931,1,0
2023-06-02,sh.600690,780.9426864,826.1361289,777.327211,822.5206535,775.88102084,69137194,1550757488.97,1.0959,6.0112,1,0
2023-06-05,sh.600690,818.18208302,827.9438666,809.14339452,826.1361289,822.5206535,24964108,566571853.9,0.3957,0.4396,1,0
2023-06-06,sh.600690,825.41303382,841.68267312,819.62827318,822.5206535,826.1361289,25243307,579301260.69,0.4001,-0.4376,1,0
2023-06-07,sh.600690,826.1361289,835.1748174,813.12041746,818.18208302,822.5206535,17776724,404290458.94,0.2818,-0.5275,1,0
2023-06-08,sh.600690,820.7129158,836.62100756,814.20506008,831.559342,818.18208302,18418455,421634932.26,0.292,1.635,1,0
2023-06-09,sh.600690,835.89791248,842.4057682,820.7129158,824.3283912,831.559342,19418318,444026089.75,0.3078,-0.8696,1,0
2023-06-12,sh.600690,819.98982072,848.91362392,819.98982072,842.76731574,824.3283912,29809867,691463438.7,0.4725,2.2368,1,0
2023-06-13,sh.600690,838.7902928,847.46743376,831.559342,840.5980305,842.76731574,18757149,434765400.2,0.2973,-0.2574,1,0
2023-06-14,sh.600690,842.4057682,847.8289813,836.62100756,843.49041082,840.5980305,24493991,571830216.68,0.3883,0.3441,1,0
2023-06-15,sh.600690,847.8289813,862.65243044,845.29814852,859.39850258,843.49041082,35769517,848978214.01,0.567,1.886,1,0
2023-06-16,sh.600690,862.65243044,867.714096,853.2521944,862.2908829,859.39850258,34003093,811354485.8,0.539,0.3366,1,0
2023-06-19,sh.600690,862.65243044,862.65243044,842.4057682,846.38279114,862.2908829,28801887,674891295.82,0.4566,-1.8449,1,0
2023-06-20,sh.600690,849.636719,864.82171568,845.29814852,853.2521944,846.38279114,22064578,521077903.93,0.3498,0.8116,1,0
2023-06-21,sh.600690,847.8289813,859.39850258,846.0212436,846.74433868,853.2521944,19567638,461803208.05,0.3102,-0.7627,1,0
2023-06-26,sh.600690,841.32112558,851.80600424,835.1748174,847.10588622,846.74433868,25177168,588098805.7,0.3991,0.0427,1,0
2023-06-27,sh.600690,851.80600424,865.9063583,847.46743376,860.4831452,847.10588622,23984936,569211732.28,0.3802,1.5792,1,0
2023-06-28,sh.600690,858.6754075,866.99100092,854.69838456,861.56778782,860.4831452,17909178,426074470.29,0.2839,0.1261,1,0
2023-06-29,sh.600690,861.56778782,863.73707306,847.8289813,851.08290916,861.56778782,16535136,390303110.7,0.2621,-1.217,1,0
2023-06-30,sh.600690,859.39850258,868.43719108,848.91362392,848.91362392,851.08290916,27709355,655547215.82,0.4392,-0.2549,1,0
2023-07-03,sh.600690,851.08290916,860.4831452,840.5980305,842.4057682,848.91362392,33621856,788319134.01,0.533,-0.7666,1,0
2023-07-04,sh.600690,840.5980305,847.10588622,827.22077152,834.09017478,842.4057682,27601362,636584342.85,0.4375,-0.9871,1,0
2023-07-05,sh.600690,834.09017478,835.89791248,825.05148628,829.39005676,834.09017478,17579645,403096001.99,0.2787,-0.5635,1,0
2023-07-06,sh.600690,826.49767644,845.65969606,818.18208302,824.3283912,829.39005676,25301986,580714086.36,0.4011,-0.6103,1,0
2023-07-07,sh.600690,820.35136826,829.39005676,817.82053548,826.49767644,824.3283912,15829923,360487771.87,0.2509,0.2632,1,0
2023-07-10,sh.600690,831.559342,839.51338788,830.47469938,836.25946002,826.49767644,20693508,477632150.4,0.328,1.1811,1,0
2023-07-11,sh.600690,846.0212436,849.636719,839.51338788,843.85195836,836.25946002,22041528,514725090.15,0.3494,0.9079,1,0
2023-07-12,sh.600690,844.57505344,847.8289813,835.1748174,838.06719772,843.85195836,14490805,336918806.3,0.2297,-0.6855,1,0
2023-07-13,sh.600690,840.95957804,849.636719,839.51338788,843.12886328,838.06719772,24573068,574740409.0,0.3895,0.604,1,0
2023-07-14,sh.600690,846.0212436,846.0212436,830.83624692,833.3670797,843.12886328,19337546,446614321.45,0.3065,-1.1578,1,0
2023-07-17,sh.600690,833.00553216,833.00553216,819.26672564,825.05148628,833.3670797,14688621,334134638.58,0.2328,-0.9978,1,0
2023-07-18,sh.600690,824.3283912,825.77458136,808.78184698,824.3283912,825.05148628,19944394,450435579.95,0.3161,-0.0876,1,0
2023-07-19,sh.600690,818.18208302,833.72862724,815.65125024,833.72862724,824.3283912,17735596,404717646.19,0.2811,1.1404,1,0
2023-07-20,sh.600690,831.92088954,842.04422066,829.39005676,835.89791248,833.72862724,16702454,386840848.98,0.2648,0.2602,1,0
2023-07-21,sh.600690,831.559342,842.04422066,827.22077152,829.7516043,835.89791248,17665686,406980118.2,0.28,-0.7353,1,0
2023-07-24,sh.600690,821.07446334,831.19779446,817.0974404,819.98982072,829.7516043,15270970,347823728.72,0.2421,-1.1765,1,0
2023-07-25,sh.600690,831.559342,865.18326322,831.559342,862.2908829,819.98982072,55911092,1324427162.24,0.8863,5.1587,1,0
2023-07-26,sh.600690,860.4831452,866.62945338,855.78302718,863.73707306,862.2908829,16731833,398374414.91,0.2652,0.1677,1,0
2023-07-27,sh.600690,863.37552552,867.714096,851.80600424,853.97528948,863.73707306,18797234,447353021.3,0.298,-1.1302,1,0
2023-07-28,sh.600690,853.97528948,889.4069484,853.2521944,883.9837353,853.97528948,48410916,1173271669.0,0.7674,3.514,1,0
2023-07-31,sh.600690,899.53027952,911.82289588,887.5992107,893.0224238,883.9837353,40235932,998402000.49,0.6378,1.0225,1,0
2023-08-01,sh.600690,893.38397134,902.42265984,882.53754514,888.32230578,893.0224238,25433369,625874021.55,0.4032,-0.5263,1,0
2023-08-02,sh.600690,888.32230578,896.99944674,883.9837353,888.32230578,888.32230578,13971471,343805585.08,0.2215,0.0,1,0
2023-08-03,sh.600690,887.5992107,894.8301615,880.72980744,893.0224238,888.32230578,18348888,450775021.56,0.2909,0.5291,1,0
2023-08-04,sh.600690,898.4456369,919.77694176,887.96075824,889.4069484,893.0224238,23356269,579615555.4,0.3702,-0.4049,1,0
2023-08-07,sh.600690,889.4069484,893.0224238,874.9450468,880.00671236,889.4069484,18682202,454791375.92,0.2961,-1.0569,1,0
2023-08-08,sh.600690,873.86040418,885.42992546,870.60647632,875.30659434,880.00671236,22160067,537186914.84,0.3513,-0.5341,1,0
2023-08-09,sh.600690,874.22195172,880.72980744,869.16028616,871.3295714,875.30659434,12866602,310921235.95,0.204,-0.4544,1,0
2023-08-10,sh.600690,868.43719108,877.83742712,862.2908829,874.58349926,871.3295714,17615482,424351044.7,0.2792,0.3734,1,0
2023-08-11,sh.600690,875.66814188,876.02968942,852.52909932,853.2521944,874.58349926,20779441,494225305.35,0.3294,-2.439,1,0
2023-08-14,sh.600690,846.0212436,851.4444567,829.7516043,841.32112558,853.2521944,21051579,488367103.2,0.3337,-1.3983,1,0
2023-08-15,sh.600690,842.4057682,851.80600424,833.00553216,847.46743376,841.32112558,15114766,352812752.03,0.2396,0.7306,1,0
2023-08-16,sh.600690,839.15184034,855.78302718,838.06719772,846.0212436,847.46743376,21585578,505885675.24,0.3422,-0.1706,1,0
2023-08-17,sh.600690,838.7902928,847.10588622,835.1748174,844.93660098,846.0212436,18365562,427414893.14,0.2911,-0.1282,1,0
2023-08-18,sh.600690,838.7902928,844.57505344,825.77458136,828.30541414,844.93660098,16502165,379752621.34,0.2616,-1.9683,1,0
2023-08-21,sh.600690,827.22077152,831.559342,815.65125024,819.62827318,828.30541414,16692589,380554042.49,0.2646,-1.0476,1,0
2023-08-22,sh.600690,821.43601088,830.47469938,814.56660762,827.22077152,819.62827318,21280081,483770915.8,0.3373,0.9263,1,0
2023-08-23,sh.600690,824.3283912,832.64398462,808.78184698,808.78184698,827.22077152,20664497,466892800.92,0.3276,-2.229,1,0
2023-08-24,sh.600690,809.8664896,839.15184034,809.8664896,831.559342,808.78184698,24637140,565354464.72,0.3905,2.8163,1,0
2023-08-25,sh.600690,830.077248,844.5294858,829.7066778,836.7475116,831.5595288,23326126,526123261.23,0.3698,0.6239,1,0
2023-08-28,sh.600690,881.957076,888.6273396,861.9462852,868.2459786,836.7475116,40572105,953434330.98,0.6431,3.7644,1,0
2023-08-29,sh.600690,870.83997,871.9516806,856.017162,864.1697064,868.2459786,21890338,510964501.02,0.347,-0.4695,1,0
2023-08-30,sh.600690,870.83997,874.1751018,859.722864,868.987119,864.1697064,17272414,405025570.68,0.2738,0.5575,1,0
2023-08-31,sh.600690,870.83997,883.4393568,869.3576892,871.2105402,868.987119,41273861,976632817.58,0.6543,0.2559,1,0
2023-09-01,sh.600690,877.1396634,906.044139,877.1396634,898.632735,871.2105402,35483655,859449361.72,0.5625,3.1476,1,0
2023-09-04,sh.600690,912.3438324,921.6080874,903.8207178,918.2729556,898.632735,49020374,1209563146.92,0.777,2.1856,1,0
2023-09-05,sh.600690,914.5672536,918.6435258,909.749841,916.0495344,918.2729556,16098107,397627870.85,0.2552,-0.2421,1,0
2023-09-06,sh.600690,911.2321218,918.2729556,902.338437,911.9732622,916.0495344,20574943,504501690.4,0.3261,-0.445,1,0
2023-09-07,sh.600690,911.2321218,911.602692,901.5972966,907.5264198,911.9732622,14112179,345177168.21,0.2237,-0.4876,1,0
2023-09-08,sh.600690,905.6735688,905.6735688,889.36848,898.632735,907.5264198,12756207,308637552.96,0.2022,-0.98,1,0
2023-09-11,sh.600690,902.338437,906.044139,890.8507608,893.8153224,898.632735,13407039,324439070.33,0.2125,-0.5361,1,0
2023-09-12,sh.600690,896.0387436,899.7444456,890.8507608,894.1858926,893.8153224,14628686,353449905.31,0.2319,0.0415,1,0
2023-09-13,sh.600690,896.0387436,899.0033052,888.6273396,890.8507608,894.1858926,15928913,383828812.53,0.2525,-0.373,1,0
2023-09-14,sh.600690,896.4093138,896.4093138,885.662778,889.36848,890.8507608,17710475,425037125.66,0.2807,-0.1664,1,0
2023-09-15,sh.600690,894.5564628,896.4093138,876.7690932,883.809927,889.36848,20442514,487691300.46,0.324,-0.625,1,0
2023-09-18,sh.600690,881.957076,886.7744886,871.2105402,884.1804972,883.809927,12479815,296950838.41,0.1978,0.0419,1,0
2023-09-19,sh.600690,886.0333482,891.9624714,875.6573826,889.36848,884.1804972,12614941,301355480.51,0.2,0.5868,1,0
2023-09-20,sh.600690,888.2567694,896.4093138,882.6982164,893.4447522,889.36848,17374726,417613628.23,0.2754,0.4583,1,0
2023-09-21,sh.600690,893.4447522,895.2976032,883.0687866,886.7744886,893.4447522,14175269,340233154.04,0.2247,-0.7466,1,0
2023-09-22,sh.600690,892.3330416,902.338437,883.809927,897.8915946,886.7744886,27082146,654993341.09,0.4293,1.2537,1,0
2023-09-25,sh.600690,907.1558496,907.1558496,888.2567694,889.7390502,897.8915946,16976482,408750067.73,0.2691,-0.908,1,0
2023-09-26,sh.600690,886.0333482,894.1858926,880.4747952,884.5510674,889.7390502,15110799,361394069.88,0.2395,-0.5831,1,0
2023-09-27,sh.600690,889.36848,896.0387436,881.2159356,886.4039184,884.5510674,18246385,436713522.29,0.2892,0.2095,1,0
2023-09-28,sh.600690,886.7744886,891.221331,872.3222508,874.545672,886.4039184,21740500,514729599.9,0.3446,-1.3378,1,0
2023-10-09,sh.600690,872.692821,881.5865058,864.1697064,866.0225574,874.545672,16989187,397894167.69,0.2693,-0.9746,1,0
2023-10-10,sh.600690,873.8045316,876.0279528,850.8291792,858.2405832,866.0225574,19290875,446912740.75,0.3058,-0.8986,1,0
2023-10-11,sh.600690,866.0225574,867.8754084,848.605758,855.2760216,858.2405832,15290944,353634028.86,0.2424,-0.3454,1,0
2023-10-12,sh.600690,867.8754084,868.987119,857.4994428,861.9462852,855.2760216,12027123,280025147.73,0.1906,0.7799,1,0
2023-10-13,sh.600690,853.0526004,860.8345746,850.458609,853.0526004,861.9462852,11802586,271848543.6,0.1871,-1.0318,1,0
2023-10-16,sh.600690,856.7583024,860.4640044,844.1589156,845.6411964,853.0526004,16417214,375995924.63,0.2602,-0.8688,1,0
2023-10-17,sh.600690,846.752907,858.6111534,841.5649242,855.2760216,845.6411964,15824880,364050277.87,0.2508,1.1394,1,0
2023-10-18,sh.600690,851.1997494,860.4640044,849.3468984,857.870013,855.2760216,13948247,322563844.71,0.2211,0.3033,1,0
2023-10-19,sh.600690,854.164311,855.2760216,837.8592222,838.2297924,857.870013,17635511,401690550.47,0.2795,-2.2894,1,0
2023-10-20,sh.600690,833.78295,839.341503,830.077248,833.0418096,838.2297924,13575492,305496745.64,0.2152,-0.6189,1,0
2023-10-23,sh.600690,833.0418096,839.341503,818.5895718,823.7775546,833.0418096,13380882,298662121.65,0.2121,-1.1121,1,0
2023-10-24,sh.600690,828.224397,834.5240904,812.6604486,818.2190016,823.7775546,23187805,512499895.25,0.3676,-0.6748,1,0
2023-10-25,sh.600690,826.7421162,831.5595288,814.5132996,820.4424228,818.2190016,24826312,550875132.0,0.3935,0.2717,1,0
2023-10-26,sh.600690,824.1481248,827.1126864,814.5132996,826.7421162,820.4424228,11829323,262766316.63,0.1875,0.7678,1,0
2023-10-27,sh.600690,824.8892652,842.6766348,822.2952738,838.9709328,826.7421162,15241081,343154977.86,0.2416,1.4792,1,0
2023-10-30,sh.600690,833.78295,838.2297924,824.8892652,830.8183884,838.9709328,24941745,558972538.73,0.3954,-0.9717,1,0
2023-10-31,sh.600690,833.4123798,833.4123798,813.7721592,823.4069844,830.8183884,30485360,675225998.94,0.4832,-0.8921,1,0
2023-11-01,sh.600690,821.9247036,828.9655374,814.8838698,825.6304056,823.4069844,20353462,452357495.02,0.3226,0.27,1,0
2023-11-02,sh.600690,830.077248,841.194354,826.371546,831.1889586,825.6304056,17714299,398149899.85,0.2808,0.6732,1,0
2023-11-03,sh.600690,833.4123798,839.341503,831.930099,837.8592222,831.1889586,18343206,413856567.47,0.2908,0.8025,1,0
2023-11-06,sh.600690,840.4532136,841.194354,823.0364142,837.8592222,837.8592222,35349413,793934743.06,0.5603,0.0,1,0
2023-11-07,sh.600690,833.78295,834.1535202,827.1126864,831.1889586,837.8592222,18009568,403330357.49,0.2855,-0.7961,1,0
2023-11-08,sh.600690,828.224397,832.6712394,822.665844,827.4832566,831.1889586,18860503,421061999.78,0.299,-0.4458,1,0
2023-11-09,sh.600690,827.4832566,833.0418096,823.7775546,825.6304056,827.4832566,15322267,342002237.41,0.2429,-0.2239,1,0
2023-11-10,sh.600690,822.665844,830.077248,821.1835632,827.1126864,825.6304056,14555777,324511841.98,0.2307,0.1795,1,0
2023-11-13,sh.600690,827.4832566,828.224397,804.137334,808.5841764,827.1126864,38136970,833947447.46,0.6045,-2.2401,1,0
2023-11-14,sh.600690,808.9547466,822.665844,808.2136062,820.0718526,808.5841764,24197662,534266949.87,0.3836,1.4207,1,0
2023-11-15,sh.600690,826.7421162,833.78295,822.665844,832.6712394,820.0718526,17069633,382372916.74,0.2706,1.5364,1,0
2023-11-16,sh.600690,830.077248,834.8946606,824.1481248,828.5949672,832.6712394,11507340,257460815.88,0.1824,-0.4895,1,0
2023-11-17,sh.600690,825.2598354,830.077248,817.107291,823.4069844,828.5949672,15545890,344657982.16,0.2464,-0.6261,1,0
2023-11-20,sh.600690,824.518695,839.341503,818.960142,833.78295,823.4069844,24636984,552430672.13,0.3905,1.2601,1,0
2023-11-21,sh.600690,839.341503,844.1589156,833.78295,835.635801,833.78295,16158587,365462928.57,0.2561,0.2222,1,0
2023-11-22,sh.600690,831.1889586,836.0063712,827.1126864,830.077248,835.635801,9525019,213735615.74,0.151,-0.6652,1,0
2023-11-23,sh.600690,828.224397,834.8946606,822.665844,831.930099,830.077248,13237936,296242955.28,0.2098,0.2232,1,0
2023-11-24,sh.600690,833.78295,838.2297924,830.8183884,833.4123798,831.930099,12464162,280558900.98,0.1976,0.1782,1,0
2023-11-27,sh.600690,826.0009758,830.077248,807.4724658,814.1427294,833.4123798,29481604,648242361.15,0.4673,-2.3121,1,0
2023-11-28,sh.600690,814.1427294,825.6304056,810.4370274,824.518695,814.1427294,17926119,396326614.27,0.2842,1.2745,1,0
2023-11-29,sh.600690,824.518695,826.0009758,808.2136062,813.7721592,824.518695,17077768,375111711.96,0.2707,-1.3034,1,0
2023-11-30,sh.600690,818.960142,824.518695,809.3253168,819.7012824,813.7721592,18495957,409029056.43,0.2932,0.7286,1,0
2023-12-01,sh.600690,821.9247036,822.665844,791.167377,794.873079,819.7012824,40750508,878010353.64,0.646,-3.0289,1,0
2023-12-04,sh.600690,793.020228,794.1319386,784.1265432,787.461675,794.873079,18268253,388850659.61,0.2896,-0.9324,1,0
2023-12-05,sh.600690,788.2028154,788.9439558,773.7505776,774.491718,787.461675,21961482,461998046.79,0.3481,-1.6471,1,0
2023-12-06,sh.600690,773.0094372,778.9385604,767.8214544,772.2682968,774.491718,15318696,319722269.0,0.2428,-0.2871,1,0
2023-12-07,sh.600690,772.638867,777.4562796,765.227463,772.638867,772.2682968,20692066,430952444.74,0.328,0.048,1,0
2023-12-08,sh.600690,767.080314,780.7914114,765.227463,770.786016,772.638867,26917520,562404140.69,0.4267,-0.2398,1,0
2023-12-11,sh.600690,767.080314,769.6743054,756.3337782,763.7451822,770.786016,49196594,1011840780.24,0.7798,-0.9135,1,0
2023-12-12,sh.600690,760.7806206,772.2682968,755.963208,772.2682968,763.7451822,28487228,588978538.34,0.4516,1.116,1,0
2023-12-13,sh.600690,769.6743054,769.6743054,747.4400934,747.4400934,772.2682968,34416365,699437176.51,0.5456,-3.215,1,0
2023-12-14,sh.600690,750.7752252,755.963208,747.0695232,748.9223742,747.4400934,19096978,386705597.43,0.3027,0.1983,1,0
2023-12-15,sh.600690,751.5163656,761.8923312,746.3283828,747.8106636,748.9223742,23846944,484279344.77,0.378,-0.1484,1,0
2023-12-18,sh.600690,745.2166722,755.2220676,735.9524172,751.8869358,747.8106636,18894852,382221158.57,0.2995,0.5451,1,0
2023-12-19,sh.600690,748.551804,756.7043484,747.0695232,756.7043484,751.8869358,15653159,317993968.51,0.2481,0.6407,1,0
2023-12-20,sh.600690,762.2629014,763.0040418,744.846102,744.846102,756.7043484,21793864,440987287.79,0.3455,-1.5671,1,0
2023-12-21,sh.600690,743.3638212,755.5926378,738.5464086,753.3692166,744.846102,22976547,465619140.08,0.3642,1.1443,1,0
2023-12-22,sh.600690,753.3692166,776.344569,750.0340848,768.1920246,753.3692166,27186016,561914263.71,0.4309,1.9675,1,0
2023-12-25,sh.600690,769.3037352,774.1211478,764.8568928,771.1565862,768.1920246,13777854,286192601.45,0.2184,0.3859,1,0
2023-12-26,sh.600690,771.1565862,771.1565862,760.4100504,764.1157524,771.1565862,9285200,191388704.69,0.1472,-0.913,1,0
2023-12-27,sh.600690,763.7451822,768.5625948,759.2983398,767.8214544,764.1157524,16540143,341378697.0,0.2622,0.485,1,0
2023-12-28,sh.600690,767.8214544,783.0148326,764.1157524,781.1619816,767.8214544,26963661,566162905.91,0.4274,1.7375,1,0
2023-12-29,sh.600690,781.5325518,790.4262366,770.786016,778.19742,781.1619816,30142524,632806634.99,0.4778,-0.3795,1,0
2024-01-02,sh.600690,780.050271,780.050271,770.0448756,770.4154458,778.19742,18175827,379291493.16,0.2881,-1.0,1,0
2024-01-03,sh.600690,768.1920246,775.2328584,766.3391736,769.3037352,770.4154458,12358090,256351354.51,0.1959,-0.1443,1,0
2024-01-04,sh.600690,767.4508842,773.0094372,755.963208,770.786016,769.3037352,23424710,483365145.4,0.3713,0.1927,1,0
2024-01-05,sh.600690,767.080314,805.6196148,763.7451822,793.3907982,770.786016,51485681,1104639939.01,0.8161,2.9327,1,0
2024-01-08,sh.600690,796.3553598,798.9493512,784.8676836,785.2382538,793.3907982,27542867,587158825.46,0.4366,-1.0276,1,0
2024-01-09,sh.600690,788.2028154,794.1319386,777.8268498,793.3907982,785.2382538,20237866,430095882.57,0.3208,1.0382,1,0
2024-01-10,sh.600690,789.314526,799.6904916,786.3499644,796.3553598,793.3907982,21156696,453255900.72,0.3354,0.3737,1,0
2024-01-11,sh.600690,794.873079,803.7667638,789.6850962,795.6142194,796.3553598,18149245,390611663.88,0.2877,-0.0931,1,0
2024-01-12,sh.600690,793.020228,800.431632,790.0556664,795.2436492,795.6142194,12804118,274872874.9,0.203,-0.0466,1,0
2024-01-15,sh.600690,789.314526,805.990185,789.314526,802.284483,795.2436492,15474144,334048945.0,0.2453,0.8854,1,0
2024-01-16,sh.600690,796.72593,811.548738,794.1319386,804.5079042,802.284483,22027573,477120436.02,0.3492,0.2771,1,0
2024-01-17,sh.600690,803.3961936,810.8075976,794.873079,797.0965002,804.5079042,37059399,804097197.7,0.5874,-0.9212,1,0
2024-01-18,sh.600690,804.137334,805.990185,783.0148326,801.5433426,797.0965002,38663870,828936797.61,0.6129,0.5579,1,0
2024-01-19,sh.600690,796.72593,808.5841764,793.7613684,802.6550532,801.5433426,28737852,623205602.44,0.4555,0.1387,1,0
2024-01-22,sh.600690,801.1727724,813.401589,794.1319386,802.6550532,802.6550532,44139484,961657158.51,0.6997,0.0,1,0
2024-01-23,sh.600690,802.6550532,808.5841764,785.9793942,798.578781,802.6550532,28304098,609291726.24,0.4487,-0.5078,1,0
2024-01-24,sh.600690,807.843036,817.8484314,800.431632,814.5132996,798.578781,36200301,790902417.38,0.5738,1.9954,1,0
2024-01-25,sh.600690,822.665844,823.4069844,809.3253168,817.107291,814.5132996,27202207,599201371.64,0.4312,0.3185,1,0
2024-01-26,sh.600690,812.6604486,828.224397,811.548738,823.7775546,817.107291,26915366,595800530.55,0.4266,0.8163,1,0
2024-01-29,sh.600690,827.8538268,847.8646176,827.1126864,840.8237838,823.7775546,35848856,811680161.83,0.5683,2.0693,1,0
2024-01-30,sh.600690,833.78295,840.0826434,826.371546,833.78295,840.8237838,27987580,630934204.09,0.4436,-0.8374,1,0
2024-01-31,sh.600690,833.78295,837.1180818,824.518695,826.7421162,833.78295,28153442,631109435.18,0.4463,-0.8444,1,0
2024-02-01,sh.600690,826.371546,838.6003626,822.665844,834.1535202,826.7421162,24600224,552809815.56,0.39,0.8965,1,0
2024-02-02,sh.600690,838.6003626,853.0526004,818.960142,831.1889586,834.1535202,43070779,976761909.32,0.6827,-0.3554,1,0
2024-02-05,sh.600690,833.78295,851.9408898,828.5949672,851.1997494,831.1889586,55019830,1252218457.23,0.8721,2.4075,1,0
2024-02-06,sh.600690,851.1997494,883.4393568,848.605758,881.957076,851.1997494,47756538,1126829458.62,0.757,3.6134,1,0
2024-02-07,sh.600690,884.5510674,889.36848,863.0579958,888.9979098,881.957076,51159093,1212816488.02,0.8109,0.7983,1,0
2024-02-08,sh.600690,885.2922078,892.7036118,860.4640044,887.515629,888.9979098,46822228,1106469054.86,0.7422,-0.1667,1,0
2024-02-19,sh.600690,887.515629,887.515629,857.870013,873.8045316,887.515629,39499770,924898638.97,0.6261,-1.5449,1,0
2024-02-20,sh.600690,873.0633912,893.074182,867.5048382,891.221331,873.8045316,28430494,677508373.41,0.4507,1.9932,1,0
2024-02-21,sh.600690,886.4039184,903.8207178,882.3276462,891.5919012,891.221331,28432094,687735788.79,0.4507,0.0416,1,0
2024-02-22,sh.600690,891.221331,896.0387436,884.5510674,893.074182,891.5919012,21630952,519446242.86,0.3429,0.1663,1,0
2024-02-23,sh.600690,892.7036118,894.927033,880.4747952,885.2922078,893.074182,25857338,617907552.27,0.4099,-0.8714,1,0
2024-02-26,sh.600690,892.3330416,906.044139,881.2159356,882.3276462,885.2922078,31603362,758063721.22,0.501,-0.3349,1,0
2024-02-27,sh.600690,874.545672,888.6273396,872.692821,887.1450588,882.3276462,22630757,539231989.77,0.3587,0.546,1,0
2024-02-28,sh.600690,884.5510674,890.4801906,876.0279528,881.5865058,887.1450588,20844135,497263829.66,0.3304,-0.6266,1,0
2024-02-29,sh.600690,881.5865058,896.4093138,879.7336548,892.7036118,881.5865058,23449772,562910272.74,0.3717,1.261,1,0
2024-03-01,sh.600690,892.7036118,907.1558496,884.5510674,904.191288,892.7036118,27249023,662947274.45,0.4319,1.2868,1,0
2024-03-04,sh.600690,907.89699,935.689755,907.89699,909.749841,904.191288,43118159,1068081645.83,0.6835,0.6148,1,0
2024-03-05,sh.600690,900.8561562,921.2375172,899.7444456,917.161245,909.749841,25379210,625641516.91,0.4023,0.8147,1,0
2024-03-06,sh.600690,917.161245,923.8315086,909.749841,911.602692,917.161245,25839144,639039214.67,0.4096,-0.6061,1,0
2024-03-07,sh.600690,911.602692,933.4663338,907.89699,924.9432192,911.602692,31610905,789358607.67,0.5011,1.4634,1,0
2024-03-08,sh.600690,924.9432192,930.131202,911.602692,917.161245,924.9432192,24684292,610790083.15,0.3913,-0.8413,1,0
2024-03-11,sh.600690,916.0495344,923.4609384,900.8561562,909.749841,917.161245,23671324,580928592.74,0.3752,-0.8081,1,0
2024-03-12,sh.600690,911.9732622,917.5318152,896.4093138,905.6735688,909.749841,35068302,855838824.57,0.5559,-0.4481,1,0
2024-03-13,sh.600690,904.9324284,910.8615516,888.6273396,900.8561562,905.6735688,27900280,675763218.99,0.4423,-0.5319,1,0
2024-03-14,sh.600690,900.8561562,907.89699,895.6681734,904.9324284,900.8561562,27279131,664633570.78,0.4324,0.4525,1,0
2024-03-15,sh.600690,899.0033052,902.7090072,878.9925144,884.9216376,904.9324284,36200507,864801907.93,0.5738,-2.2113,1,0
2024-03-18,sh.600690,886.4039184,890.4801906,868.987119,876.0279528,884.9216376,42997589,1017570735.56,0.6816,-1.005,1,0
2024-03-19,sh.600690,874.545672,883.4393568,870.83997,876.7690932,876.0279528,23798847,564554812.18,0.3772,0.0846,1,0
2024-03-20,sh.600690,876.398523,883.0687866,867.134268,875.2868124,876.7690932,18468647,437074658.69,0.2928,-0.1691,1,0
2024-03-21,sh.600690,879.7336548,880.4747952,858.2405832,863.0579958,875.2868124,27978629,653382174.54,0.4435,-1.3971,1,0
2024-03-22,sh.600690,861.2051448,867.5048382,856.017162,865.281417,863.0579958,24047241,559513284.03,0.3812,0.2576,1,0
2024-03-25,sh.600690,863.428566,880.104225,856.3877322,873.0633912,865.281417,30162899,709021034.34,0.4781,0.8994,1,0
2024-03-26,sh.600690,869.7282594,877.5102336,865.281417,874.1751018,873.0633912,22960081,540521325.38,0.364,0.1273,1,0
2024-03-27,sh.600690,876.7690932,895.2976032,871.9516806,881.2159356,874.1751018,44248324,1058511143.45,0.7014,0.8054,1,0
2024-03-28,sh.600690,896.779884,941.248308,887.1450588,929.3900616,881.2159356,83526627,2073967581.95,1.324,5.4668,1,0
2024-03-29,sh.600690,926.4255,938.6543166,917.161245,924.572649,929.3900616,27018939,675306260.58,0.4283,-0.5183,1,0
2024-04-01,sh.600690,931.984053,956.8122564,928.6489212,949.4008524,924.572649,33938958,868067751.75,0.538,2.6854,1,0
2024-04-02,sh.600690,946.806861,966.8176518,946.806861,962.0002392,949.4008524,31216779,808704491.54,0.4948,1.3271,1,0
2024-04-03,sh.600690,960.1473882,985.716732,955.7005458,976.452477,962.0002392,42780337,1125328772.99,0.6781,1.5023,1,0
2024-04-08,sh.600690,982.7521704,993.128136,973.1173452,977.9347578,976.452477,37199944,984861429.25,0.5897,0.1518,1,0
2024-04-09,sh.600690,982.01103,984.9755916,968.6705028,968.6705028,977.9347578,27383715,721351489.64,0.4341,-0.9473,1,0
2024-04-10,sh.600690,973.1173452,984.2344512,967.5587922,971.2644942,968.6705028,23553707,619551380.75,0.3734,0.2678,1,0
2024-04-11,sh.600690,964.2236604,977.9347578,963.8530902,977.5641876,971.2644942,20015388,525141913.5,0.3173,0.6486,1,0
2024-04-12,sh.600690,984.6050214,996.0926976,977.5641876,982.3816002,977.5641876,28828247,767824431.47,0.457,0.4928,1,0
2024-04-15,sh.600690,982.3816002,1017.215199,980.158179,1007.5803738,982.3816002,37257514,1010102608.0,0.5906,2.5651,1,0
2024-04-16,sh.600690,1002.392391,1036.8554196,1002.392391,1028.7028752,1007.5803738,45813388,1266270382.12,0.7262,2.0964,1,0
2024-04-17,sh.600690,1016.8446288,1035.743709,1007.2098036,1032.038007,1028.7028752,30650348,845187640.12,0.4859,0.3242,1,0
2024-04-18,sh.600690,1029.0734454,1067.242176,1028.7028752,1055.3839296,1032.038007,32991756,938068239.7,0.523,2.2621,1,0
2024-04-19,sh.600690,1045.7491044,1066.8716058,1045.7491044,1065.0187548,1055.3839296,22882103,653942110.39,0.3627,0.9129,1,0
2024-04-22,sh.600690,1073.9124396,1089.8469582,1053.1605084,1055.7544998,1065.0187548,29011224,836038055.89,0.4599,-0.8699,1,0
2024-04-23,sh.600690,1056.12507,1066.5010356,1030.9262964,1051.6782276,1055.7544998,33093239,932193905.3,0.5246,-0.3861,1,0
2024-04-24,sh.600690,1052.0487978,1057.977921,1033.1497176,1039.8199812,1051.6782276,25530585,716112079.62,0.4047,-1.1276,1,0
2024-04-25,sh.600690,1039.8199812,1057.977921,1033.1497176,1053.5310786,1039.8199812,28162184,796423725.7,0.4464,1.3186,1,0
2024-04-26,sh.600690,1054.6427892,1069.8361674,1048.3430958,1050.566517,1053.5310786,30566063,872937419.58,0.4845,-0.2814,1,0
2024-04-29,sh.600690,1046.860815,1082.8061244,1042.0434024,1067.242176,1050.566517,33034850,953334085.86,0.5237,1.5873,1,0
2024-04-30,sh.600690,1095.034941,1146.5441988,1088.3646774,1121.3454252,1067.242176,59143788,1796563022.68,0.9375,5.0694,1,0
2024-05-06,sh.600690,1139.8739352,1182.118938,1123.5688464,1175.0781042,1121.3454252,60870676,1906464753.78,0.9649,4.7918,1,0
2024-05-07,sh.600690,1175.4486744,1182.4895082,1157.2907346,1159.1435856,1175.0781042,37636688,1184393179.52,0.5966,-1.356,1,0
2024-05-08,sh.600690,1159.5141558,1169.148981,1154.326173,1158.7730154,1159.1435856,28277703,884757374.2,0.4482,-0.032,1,0
2024-05-09,sh.600690,1158.7730154,1173.9663936,1156.5495942,1165.0727088,1158.7730154,23925723,752126180.5,0.3793,0.5437,1,0
2024-05-10,sh.600690,1168.7784108,1169.5195512,1146.914769,1163.2198578,1165.0727088,31262814,976849963.47,0.4956,-0.159,1,0
2024-05-13,sh.600690,1160.9964366,1222.88166,1145.8030584,1219.175958,1163.2198578,49289396,1594909118.19,0.7813,4.8104,1,0
2024-05-14,sh.600690,1211.764554,1212.1351242,1175.0781042,1199.1651672,1219.175958,45469589,1463353865.1,0.7208,-1.6413,1,0
2024-05-15,sh.600690,1194.7183248,1214.3585454,1182.118938,1202.8708692,1199.1651672,20708338,670840837.14,0.3283,0.309,1,0
2024-05-16,sh.600690,1196.941746,1199.1651672,1178.413236,1186.5657804,1202.8708692,29407635,942130755.78,0.4662,-1.3555,1,0
2024-05-17,sh.600690,1185.82464,1190.6420526,1147.2853392,1170.2606916,1186.5657804,32541885,1020026471.03,0.5158,-1.3741,1,0
2024-05-20,sh.600690,1165.443279,1165.443279,1122.827706,1128.386259,1170.2606916,50456579,1543874161.18,0.7998,-3.5782,1,0
2024-05-21,sh.600690,1125.0511272,1138.7622246,1123.5688464,1128.7568292,1128.386259,22409893,684105051.78,0.3552,0.0328,1,0
2024-05-22,sh.600690,1128.7568292,1129.4979696,1102.446345,1106.152047,1128.7568292,27567568,826789605.51,0.437,-2.0026,1,0
2024-05-23,sh.600690,1108.7460384,1119.122004,1096.1466516,1113.563451,1106.152047,24879802,744839831.32,0.3944,0.67,1,0
2024-05-24,sh.600690,1109.1166086,1121.3454252,1098.740643,1113.9340212,1113.563451,24514567,736277912.06,0.3886,0.0333,1,0
2024-05-27,sh.600690,1114.3045914,1152.1027518,1113.9340212,1139.503365,1113.9340212,38103011,1171358696.55,0.604,2.2954,1,0
2024-05-28,sh.600690,1139.503365,1148.0264796,1114.6751616,1117.269153,1139.503365,25373646,769114084.28,0.4022,-1.9512,1,0
2024-05-29,sh.600690,1117.269153,1133.2036716,1111.7106,1126.533408,1117.269153,20281070,614613657.82,0.3215,0.8292,1,0
2024-05-30,sh.600690,1119.122004,1137.650514,1111.3400298,1119.122004,1126.533408,24744525,749051373.16,0.3922,-0.6579,1,0
2024-05-31,sh.600690,1128.386259,1128.386259,1094.6643708,1094.6643708,1119.122004,29896288,893267791.98,0.4739,-2.1854,1,0
2024-06-03,sh.600690,1097.2583622,1146.1736286,1097.2583622,1129.4979696,1094.6643708,32379930,985244433.25,0.5133,3.1821,1,0
2024-06-04,sh.600690,1120.974855,1128.386259,1101.7052046,1116.1574424,1129.4979696,24793511,744761230.98,0.393,-1.1811,1,0
2024-06-05,sh.600690,1118.3808636,1128.0156888,1105.4109066,1108.004898,1116.1574424,19492461,586029351.37,0.309,-0.7304,1,0
2024-06-06,sh.600690,1109.857749,1158.7730154,1102.8169152,1148.3970498,1108.004898,34756202,1071439605.62,0.5509,3.6455,1,0
2024-06-07,sh.600690,1147.6559094,1150.620471,1107.2637576,1134.6859524,1148.3970498,41181875,1252492535.17,0.6528,-1.1939,1,0
2024-06-11,sh.600690,1119.122004,1143.209067,1116.8985828,1135.4270928,1134.6859524,28023782,852568339.76,0.4442,0.0653,1,0
2024-06-12,sh.600690,1136.9093736,1142.4679266,1116.5280126,1125.7922676,1135.4270928,19675400,597005253.29,0.3119,-0.8486,1,0
2024-06-13,sh.600690,1126.533408,1127.2745484,1100.9640642,1109.1166086,1125.7922676,24420078,731820874.29,0.3871,-1.4812,1,0
2024-06-14,sh.600690,1097.2583622,1139.503365,1096.887792,1135.797663,1109.1166086,33834239,1030245611.37,0.5363,2.4056,1,0
2024-06-17,sh.600690,1124.680557,1143.209067,1110.2283192,1119.8631444,1135.797663,22618723,685405723.11,0.3585,-1.4029,1,0
2024-06-18,sh.600690,1114.6751616,1120.974855,1095.7760814,1115.0457318,1119.8631444,22766377,680666308.89,0.3609,-0.4302,1,0
2024-06-19,sh.600690,1110.9694596,1114.3045914,1085.4001158,1096.887792,1115.0457318,26295982,776761778.85,0.4168,-1.6284,1,0
2024-06-20,sh.600690,1095.7760814,1106.5226172,1087.623537,1090.5880986,1096.887792,22162523,654772664.55,0.3513,-0.5743,1,0
2024-06-21,sh.600690,1089.8469582,1095.7760814,1069.8361674,1081.3238436,1090.5880986,32343095,941784839.23,0.5127,-0.8495,1,0
2024-06-24,sh.600690,1080.5827032,1110.9694596,1076.8770012,1101.7052046,1081.3238436,30699612,910864303.96,0.4866,1.8849,1,0
2024-06-25,sh.600690,1099.8523536,1117.269153,1093.9232304,1105.4109066,1101.7052046,26304312,785655528.99,0.417,0.3364,1,0
2024-06-26,sh.600690,1099.8523536,1107.6343278,1082.064984,1087.9941072,1105.4109066,20711834,608395715.7,0.3283,-1.5756,1,0
2024-06-27,sh.600690,1082.064984,1083.5472648,1041.6728322,1052.419368,1087.9941072,55634168,1580943932.18,0.8819,-3.2698,1,0
2024-06-28,sh.600690,1047.9725256,1060.5719124,1043.8962534,1051.6782276,1052.419368,35398485,1003887790.43,0.5611,-0.0704,1,0
2024-07-01,sh.600690,1051.6782276,1065.389325,1036.4848494,1052.0487978,1051.6782276,29649096,839739662.76,0.47,0.0352,1,0
2024-07-02,sh.600690,1048.3430958,1052.0487978,1001.6512506,1010.1743652,1052.0487978,52165723,1431387855.12,0.8269,-3.9803,1,0
2024-07-03,sh.600690,1011.656646,1014.2506374,985.3461618,991.6458552,1010.1743652,33193968,891861591.69,0.5262,-1.8342,1,0
2024-07-04,sh.600690,990.5341446,998.686689,976.8230472,991.275285,991.6458552,32088019,856907565.84,0.5086,-0.0374,1,0
2024-07-05,sh.600690,986.8284426,999.7983996,955.3299756,987.1990128,991.275285,44159466,1162634468.11,0.7,-0.4112,1,0
2024-07-08,sh.600690,983.863881,990.1635744,970.893924,979.4170386,987.1990128,29291646,773121426.08,0.4643,-0.7883,1,0
2024-07-09,sh.600690,974.9701962,979.0464684,966.4470816,974.599626,979.4170386,31229614,820691180.86,0.495,-0.4919,1,0
2024-07-10,sh.600690,977.5641876,996.833838,970.893924,976.8230472,974.599626,34077560,902569649.67,0.5402,0.2281,1,0
2024-07-11,sh.600690,985.716732,1007.950944,964.5942306,998.3161188,976.8230472,30947035,827795084.02,0.4906,2.2003,1,0
2024-07-12,sh.600690,1002.0218208,1024.2560328,996.4632678,1018.6974798,998.3161188,36104901,988649859.01,0.5723,2.0416,1,0
2024-07-15,sh.600690,1012.7683566,1013.8800672,981.2698896,987.569583,1018.6974798,37173617,993887621.38,0.5893,-3.0557,1,0
2024-07-16,sh.600690,988.6812936,996.833838,976.452477,992.0164254,987.569583,23561893,629029544.7,0.3735,0.4503,1,0
2024-07-17,sh.600690,989.7930042,993.128136,967.188222,987.9401532,992.0164254,27720819,731873767.22,0.4394,-0.4109,1,0
2024-07-18,sh.600690,981.6404598,1003.1335314,974.2290558,995.7221274,987.9401532,41993945,1122614980.51,0.6657,0.7877,1,0
2024-07-19,sh.600690,988.6812936,1004.9863824,976.452477,1001.2806804,995.7221274,30765641,823009211.56,0.4877,0.5582,1,0
2024-07-22,sh.600690,996.833838,1010.9155056,978.6758982,985.716732,1001.2806804,28447369,758530263.17,0.4509,-1.5544,1,0
2024-07-23,sh.600690,985.716732,989.0518638,953.1065544,956.071116,985.716732,28837551,751604333.44,0.4571,-3.0075,1,0
2024-07-24,sh.600690,955.7005458,964.2236604,934.2074742,938.6543166,956.071116,31487656,800213871.33,0.4991,-1.8217,1,0
2024-07-25,sh.600690,939.395457,946.806861,927.9077808,937.1720358,938.6543166,24287703,613617035.22,0.385,-0.1579,1,0
2024-07-26,sh.600690,993.128136,1023.1443222,987.569583,1014.9917778,937.1720358,87513978,2368010699.56,1.3872,8.3037,1,0
2024-07-29,sh.600690,1022.773752,1028.7028752,989.422434,999.7983996,1014.9917778,41890635,1132429009.69,0.664,-1.4969,1,0
2024-07-30,sh.600690,996.833838,998.3161188,948.659712,959.776818,999.7983996,50656441,1314689227.06,0.803,-4.003,1,0
2024-07-31,sh.600690,958.6651074,1018.3269096,956.071116,1011.2860758,959.776818,65124763,1763246422.35,1.0323,5.3668,1,0
2024-08-01,sh.600690,1007.2098036,1023.1443222,993.128136,993.128136,1011.2860758,41622005,1128567030.4,0.6598,-1.7955,1,0
2024-08-02,sh.600690,983.863881,1004.9863824,970.893924,978.305328,993.128136,36285715,963012398.12,0.5752,-1.4925,1,0
2024-08-05,sh.600690,973.1173452,1000.1689698,959.4062478,960.8885286,978.305328,38235749,1001926318.29,0.6061,-1.7803,1,0
2024-08-06,sh.600690,964.9648008,970.893924,936.8014656,944.2128696,960.8885286,32908933,838228381.46,0.5217,-1.7354,1,0
2024-08-07,sh.600690,944.5834398,962.3708094,933.4663338,944.95401,944.2128696,23424673,601060021.78,0.3713,0.0785,1,0
2024-08-08,sh.600690,940.5071676,950.8831332,927.5372106,940.5071676,944.95401,19031720,482978940.13,0.3017,-0.4706,1,0
2024-08-09,sh.600690,941.248308,958.6651074,941.248308,941.9894484,940.5071676,23896305,612383581.61,0.3788,0.1576,1,0
2024-08-12,sh.600690,944.2128696,967.188222,937.9131762,955.7005458,941.9894484,27030263,698419800.99,0.4285,1.4555,1,0
2024-08-13,sh.600690,956.071116,970.5233538,930.5017722,940.5071676,955.7005458,27836273,709718135.7,0.4412,-1.5898,1,0
2024-08-14,sh.600690,938.2837464,939.395457,913.455543,924.2020788,940.5071676,24022989,598248396.38,0.3808,-1.7336,1,0
2024-08-15,sh.600690,921.2375172,933.4663338,913.8261132,923.4609384,924.2020788,26957540,672601534.76,0.4273,-0.0802,1,0
2024-08-16,sh.600690,925.37454828,929.58427534,914.6588794,927.67076304,923.46103598,25159823,607411949.13,0.3988,0.4559,1,0
2024-08-19,sh.600690,925.37454828,943.3615639,905.0913179,915.04158186,927.67076304,32845679,787789081.84,0.5207,-1.3614,1,0
2024-08-20,sh.600690,916.95509416,917.72049908,901.2642933,908.53564004,915.04158186,27015749,640686915.87,0.4282,-0.711,1,0
2024-08-21,sh.600690,903.1778056,907.77023512,888.63511212,900.11618592,908.53564004,30983450,725975940.78,0.4911,-0.9267,1,0
2024-08-22,sh.600690,899.350781,923.07833352,889.01781458,921.16482122,900.11618592,28608737,680327312.01,0.4535,2.3384,1,0
2024-08-23,sh.600690,921.54752368,959.81776968,918.485904,946.42318358,921.16482122,51391195,1268798658.92,0.8146,2.742,1,0
2024-08-26,sh.600690,958.6696623,962.11398444,937.621027,950.25020818,946.42318358,29363703,728109828.94,0.4655,0.4044,1,0
2024-08-27,sh.600690,940.68264668,948.71939834,920.01671384,921.54752368,950.25020818,27242893,660097310.78,0.4318,-3.0205,1,0
2024-08-28,sh.600690,927.28806058,946.04048112,906.62212774,913.12806956,921.54752368,36303653,873206486.07,0.5755,-0.9136,1,0
2024-08-29,sh.600690,908.9183425,915.42428432,891.6967318,903.94321052,913.12806956,33840780,797068634.98,0.5364,-1.0059,1,0
2024-08-30,sh.600690,896.28916132,969.38533118,884.0426826,946.42318358,903.94321052,72958604,1788051422.44,1.1565,4.6994,1,0
2024-09-02,sh.600690,943.3615639,962.4966869,920.3994163,934.55940732,946.42318358,36804245,901812753.94,0.5834,-1.2535,1,0
2024-09-03,sh.600690,928.0534655,964.4101992,926.90535812,963.64479428,934.55940732,44255715,1103325114.14,0.7015,3.1122,1,0
2024-09-04,sh.600690,963.64479428,977.03938038,954.07723278,968.61992626,963.64479428,42019908,1063013990.75,0.6661,0.5163,1,0
2024-09-05,sh.600690,970.53343856,981.6318099,954.07723278,966.3237115,968.61992626,32986795,830665306.57,0.5229,-0.2371,1,0
2024-09-06,sh.600690,964.02749674,982.77991728,957.13885246,958.6696623,966.3237115,20421811,516328324.65,0.3237,-0.7921,1,0
2024-09-09,sh.600690,958.6696623,958.6696623,916.95509416,930.73238272,958.6696623,38606622,939406442.46,0.612,-2.9142,1,0
2024-09-10,sh.600690,928.43616796,942.21345652,918.485904,929.20157288,930.73238272,28857320,701519283.71,0.4614,-0.1645,1,0
2024-09-11,sh.600690,925.37454828,972.0642484,916.95509416,960.5831746,929.20157288,41090991,1028173390.62,0.657,3.3773,1,0
2024-09-12,sh.600690,963.64479428,972.0642484,948.33669588,952.9291254,960.5831746,23953036,599899780.42,0.383,-0.7968,1,0
2024-09-13,sh.600690,948.33669588,982.01451236,944.89237374,967.47181888,952.9291254,35378298,898523301.61,0.5656,1.5261,1,0
2024-09-18,sh.600690,967.47181888,1011.09989932,962.87938936,999.23612306,967.47181888,40859422,1063970641.41,0.6533,3.2832,1,0
2024-09-19,sh.600690,1000.7669329,1037.1236666,991.58207386,1031.76583216,999.23612306,55070839,1466809050.91,0.8805,3.2555,1,0
2024-09-20,sh.600690,1028.70421248,1048.22203794,1021.8155682,1042.09879858,1031.76583216,47276597,1281145937.82,0.7559,1.0015,1,0
2024-09-23,sh.600690,1044.39501334,1077.69012736,1041.71609612,1051.66636008,1042.09879858,36610817,1010245495.31,0.5854,0.9181,1,0
2024-09-24,sh.600690,1072.33229292,1075.3939126,1025.6425928,1060.0858142,1051.66636008,49404932,1358214047.26,0.7899,0.8006,1,0
2024-09-25,sh.600690,1082.66525934,1118.63929058,1078.45553228,1088.40579624,1060.0858142,55042986,1580255196.54,0.8801,2.6715,1,0
2024-09-26,sh.600690,1088.40579624,1143.89765294,1081.89985442,1140.4533308,1088.40579624,42096594,1223282131.65,0.6731,4.782,1,0
2024-09-27,sh.600690,1163.03277594,1174.51384974,1121.3182078,1151.9344046,1140.4533308,40850431,1226662377.42,0.6531,1.0067,1,0
2024-09-30,sh.600690,1166.47709808,1243.782995,1146.1938677,1230.3884089,1151.9344046,92237160,2873235271.96,1.4747,6.8106,1,0
2024-10-08,sh.600690,1353.61860102,1353.61860102,1236.51164826,1267.51054752,1230.3884089,113869169,3847961499.76,1.8206,3.0171,1,0
2024-10-09,sh.600690,1262.53541554,1262.53541554,1163.4154784,1191.73546044,1267.51054752,72458263,2293376964.47,1.1585,-5.9783,1,0
2024-10-10,sh.600690,1201.6857244,1249.5235319,1191.35275798,1227.32678922,1191.73546044,66036982,2113027397.35,1.0558,2.9865,1,0
2024-10-11,sh.600690,1227.32678922,1236.1289458,1187.14303092,1203.5992367,1227.32678922,33536782,1060391116.78,0.5362,-1.9333,1,0
2024-10-14,sh.600690,1208.19166622,1243.782995,1192.50086536,1231.53651628,1203.5992367,50674528,1621360164.68,0.8102,2.3211,1,0
2024-10-15,sh.600690,1236.1289458,1255.64677126,1202.45112932,1205.13004654,1231.53651628,41494058,1331941899.56,0.6634,-2.1442,1,0
2024-10-16,sh.600690,1187.14303092,1200.53761702,1162.26737102,1178.7235768,1205.13004654,49577989,1529335171.98,0.7927,-2.1912,1,0
2024-10-17,sh.600690,1185.61222108,1205.512749,1155.7614292,1158.82304888,1178.7235768,38134486,1172781555.79,0.6097,-1.6883,1,0
2024-10-18,sh.600690,1157.29223904,1213.93220312,1150.0208923,1191.35275798,1158.82304888,44933527,1389301668.75,0.7184,2.8071,1,0
2024-10-21,sh.600690,1191.35275798,1216.9938228,1173.36574236,1192.50086536,1191.35275798,31220824,974363717.36,0.4992,0.0964,1,0
2024-10-22,sh.600690,1194.0316752,1269.42405982,1194.0316752,1231.15381382,1192.50086536,45127931,1462503514.05,0.7215,3.2413,1,0
2024-10-23,sh.600690,1231.15381382,1241.8694827,1202.06842686,1208.19166622,1231.15381382,36932926,1175475159.89,0.5905,-1.8651,1,0
2024-10-24,sh.600690,1203.21653424,1208.57436868,1184.84681616,1195.9451875,1208.19166622,19548468,610143604.65,0.3126,-1.0136,1,0
2024-10-25,sh.600690,1195.9451875,1203.5992367,1178.7235768,1179.48898172,1195.9451875,23967789,742489634.54,0.3832,-1.376,1,0
2024-10-28,sh.600690,1178.7235768,1185.61222108,1163.4154784,1170.30412268,1179.48898172,31898912,975169785.14,0.51,-0.7787,1,0
2024-10-29,sh.600690,1170.30412268,1190.2046506,1163.4154784,1168.39061038,1170.30412268,27807952,852521130.93,0.4446,-0.1635,1,0
2024-10-30,sh.600690,1166.47709808,1190.2046506,1129.73766192,1144.2803554,1168.39061038,45327905,1360012776.67,0.7247,-2.0635,1,0
2024-10-31,sh.600690,1148.10738,1151.16899968,1102.1830848,1118.25658812,1144.2803554,45899228,1338809149.49,0.7339,-2.2742,1,0
2024-11-01,sh.600690,1119.78739796,1138.15711604,1113.28145614,1124.76252994,1118.25658812,28043373,826118761.5,0.4484,0.5818,1,0
2024-11-04,sh.600690,1125.1452324,1137.00900866,1108.30632416,1136.6263062,1124.76252994,25931702,762078213.78,0.4146,1.0548,1,0
2024-11-05,sh.600690,1134.7127939,1142.3668431,1111.7506463,1138.5398185,1136.6263062,34118726,1009588894.12,0.5455,0.1684,1,0
2024-11-06,sh.600690,1136.6263062,1137.00900866,1089.55390362,1097.20795282,1138.5398185,68123952,1968714169.32,1.0892,-3.6303,1,0
2024-11-07,sh.600690,1081.89985442,1118.25658812,1072.71499538,1118.25658812,1097.20795282,65075427,1866112747.39,1.0405,1.9184,1,0
2024-11-08,sh.600690,1125.1452324,1128.58955454,1093.38092822,1115.5776709,1118.25658812,64032168,1860238364.92,1.0238,-0.2396,1,0
2024-11-11,sh.600690,1095.67714298,1104.47929956,1077.3074249,1089.17120116,1115.5776709,55989627,1587688452.45,0.8952,-2.3671,1,0
2024-11-12,sh.600690,1089.17120116,1141.60143818,1087.25768886,1105.62740694,1089.17120116,80147601,2348510105.72,1.2814,1.5109,1,0
2024-11-13,sh.600690,1109.45443154,1148.10738,1102.1830848,1132.7992816,1105.62740694,84114306,2492560462.87,1.3449,2.4576,1,0
2024-11-14,sh.600690,1128.20685208,1159.20575134,1118.63929058,1145.42846278,1132.7992816,57853686,1731261962.24,0.925,1.1149,1,0
2024-11-15,sh.600690,1141.60143818,1154.23061936,1112.51605122,1132.41657914,1145.42846278,50083195,1487942141.18,0.8008,-1.136,1,0
2024-11-18,sh.600690,1119.02199304,1135.86090128,1095.29444052,1102.1830848,1132.41657914,42408987,1231310424.66,0.6781,-2.6698,1,0
2024-11-19,sh.600690,1103.71389464,1119.02199304,1099.12146512,1107.9236217,1102.1830848,33987515,985039157.7,0.5434,0.5208,1,0
2024-11-20,sh.600690,1105.24470448,1113.6641586,1093.38092822,1107.15821678,1107.9236217,30645829,884393233.02,0.49,-0.0691,1,0
2024-11-21,sh.600690,1107.9236217,1112.51605122,1093.76363068,1102.1830848,1107.15821678,31276753,900097355.17,0.5001,-0.4494,1,0
2024-11-22,sh.600690,1101.03497742,1134.7127939,1097.59065528,1106.0101094,1102.1830848,45700056,1337024490.22,0.7307,0.3472,1,0
2024-11-25,sh.600690,1116.34307582,1132.7992816,1071.94959046,1075.77661506,1106.0101094,40854502,1167291091.72,0.6532,-2.7336,1,0
2024-11-26,sh.600690,1071.566888,1093.76363068,1060.46851666,1082.66525934,1075.77661506,33319278,942044950.02,0.5327,0.6403,1,0
2024-11-27,sh.600690,1082.66525934,1109.45443154,1076.54201998,1101.03497742,1082.66525934,25470414,729283651.09,0.4072,1.6967,1,0
2024-11-28,sh.600690,1102.1830848,1102.1830848,1070.41878062,1079.2209372,1101.03497742,30171964,852161690.35,0.4824,-1.9812,1,0
2024-11-29,sh.600690,1078.83823474,1102.1830848,1075.3939126,1084.19606918,1079.2209372,33243358,947877695.3,0.5315,0.461,1,0
2024-12-02,sh.600690,1079.60363966,1102.56578726,1064.29554126,1096.4425479,1084.19606918,32311989,917337920.65,0.5166,1.1295,1,0
2024-12-03,sh.600690,1091.85011838,1109.837134,1082.66525934,1108.30632416,1096.4425479,34608591,992582591.37,0.5533,1.082,1,0
2024-12-04,sh.600690,1103.33119218,1128.972257,1084.9614741,1113.6641586,1108.30632416,46320219,1341424173.04,0.7406,0.4834,1,0
2024-12-05,sh.600690,1109.837134,1119.02199304,1089.17120116,1093.76363068,1113.6641586,27887310,800153802.3,0.4459,-1.7869,1,0
2024-12-06,sh.600690,1093.76363068,1125.1452324,1092.6155233,1119.02199304,1093.76363068,40439622,1176406992.33,0.6466,2.3093,1,0
2024-12-09,sh.600690,1111.7506463,1138.5398185,1091.08471346,1125.1452324,1119.02199304,38180906,1114106060.89,0.6105,0.5472,1,0
2024-12-10,sh.600690,1171.0695276,1180.6370891,1134.7127939,1137.39171112,1125.1452324,51226521,1545835189.94,0.819,1.0884,1,0
2024-12-11,sh.600690,1135.47819882,1151.9344046,1124.76252994,1127.0587447,1137.39171112,31585856,938136924.36,0.505,-0.9085,1,0
2024-12-12,sh.600690,1125.1452324,1143.51495048,1120.93550534,1133.56468652,1127.0587447,27107158,801045419.11,0.4334,0.5772,1,0
2024-12-13,sh.600690,1125.52793486,1126.67604224,1084.19606918,1086.8749864,1133.56468652,57413412,1642758290.91,0.918,-4.1188,1,0
2024-12-16,sh.600690,1086.8749864,1092.23282084,1076.15931752,1079.60363966,1086.8749864,35797713,1013616550.69,0.5724,-0.669,1,0
2024-12-17,sh.600690,1073.09769784,1099.50416758,1072.71499538,1086.49228394,1079.60363966,24294614,691475275.73,0.3884,0.6381,1,0
2024-12-18,sh.600690,1092.23282084,1099.12146512,1084.19606918,1086.10958148,1086.49228394,23192653,660740522.38,0.3708,-0.0352,1,0
2024-12-19,sh.600690,1079.60363966,1097.20795282,1071.566888,1090.702011,1086.10958148,25636855,730244612.77,0.4099,0.4228,1,0
2024-12-20,sh.600690,1091.46741592,1091.46741592,1077.3074249,1077.69012736,1090.702011,26708030,755230761.54,0.427,-1.193,1,0
2024-12-23,sh.600690,1078.07282982,1104.47929956,1078.07282982,1097.97335774,1077.69012736,36480138,1045225890.96,0.5833,1.8821,1,0
2024-12-24,sh.600690,1095.67714298,1116.72577828,1090.702011,1115.5776709,1097.97335774,29786704,863329223.66,0.4762,1.6033,1,0
2024-12-25,sh.600690,1114.42956352,1119.78739796,1090.702011,1094.91173806,1115.5776709,35819345,1032756028.44,0.5727,-1.8525,1,0
2024-12-26,sh.600690,1096.4425479,1097.59065528,1075.01121014,1089.55390362,1094.91173806,25611864,727544420.76,0.4095,-0.4893,1,0
2024-12-27,sh.600690,1089.93660608,1092.6155233,1077.69012736,1088.02309378,1089.55390362,22575648,640257042.78,0.361,-0.1405,1,0
2024-12-30,sh.600690,1086.10958148,1102.94848972,1079.98634212,1080.75174704,1088.02309378,35908648,1023224586.7,0.5741,-0.6683,1,0
2024-12-31,sh.600690,1080.75174704,1099.88687004,1074.24580522,1089.55390362,1080.75174704,37577111,1071439697.64,0.6008,0.8144,1,0
2025-01-02,sh.600690,1088.7884987,1111.36794384,1071.18418554,1079.2209372,1089.55390362,56857127,1618238609.39,0.9091,-0.9484,1,0
2025-01-03,sh.600690,1077.3074249,1092.6155233,1053.19716992,1056.2587896,1079.2209372,42837173,1195989557.15,0.6849,-2.1277,1,0
2025-01-06,sh.600690,1053.19716992,1070.03607816,1044.01231088,1059.32040928,1056.2587896,32147511,887847930.06,0.514,0.2899,1,0
2025-01-07,sh.600690,1058.1723019,1100.2695725,1052.81446746,1091.08471346,1059.32040928,58308078,1658077772.08,0.9323,2.9986,1,0
2025-01-08,sh.600690,1086.8749864,1132.7992816,1079.60363966,1122.08361272,1091.08471346,64384912,1874933236.65,1.0294,2.8411,1,0
2025-01-09,sh.600690,1122.08361272,1134.7127939,1113.6641586,1127.82414962,1122.08361272,34015144,1002655694.26,0.5439,0.5116,1,0
2025-01-10,sh.600690,1127.0587447,1133.18198406,1083.0479618,1087.25768886,1127.82414962,35104536,1007319356.96,0.5613,-3.5969,1,0
2025-01-13,sh.600690,1078.45553228,1078.45553228,1035.97555922,1040.9506912,1087.25768886,53863065,1479460524.9,0.8612,-4.2591,1,0
2025-01-14,sh.600690,1035.2101543,1052.81446746,1028.70421248,1048.22203794,1040.9506912,43382479,1182549839.74,0.6936,0.6985,1,0
2025-01-15,sh.600690,1047.83933548,1065.06094618,1026.40799772,1028.32151002,1048.22203794,42350677,1153155635.3,0.6771,-1.8985,1,0
2025-01-16,sh.600690,1035.59285676,1065.06094618,1030.23502232,1039.41988136,1028.32151002,52153070,1428918671.52,0.8338,1.0793,1,0
2025-01-17,sh.600690,1033.296642,1065.8263511,1026.02529526,1054.72797976,1039.41988136,47544819,1302680212.06,0.7602,1.4728,1,0
2025-01-20,sh.600690,1064.67824372,1088.02309378,1059.32040928,1062.76473142,1054.72797976,37879055,1061987575.48,0.6056,0.762,1,0
2025-01-21,sh.600690,1067.35716094,1073.09769784,1050.13555024,1052.431765,1062.76473142,26702982,738594069.86,0.4269,-0.9723,1,0
2025-01-22,sh.600690,1050.90095516,1052.04906254,1028.70421248,1040.18528628,1052.431765,35115281,952939968.06,0.5614,-1.1636,1,0
2025-01-23,sh.600690,1046.6912281,1053.96257484,1042.09879858,1047.07393056,1040.18528628,30789460,843089487.04,0.4923,0.6623,1,0
2025-01-24,sh.600690,1047.07393056,1063.14743388,1041.71609612,1054.3452773,1047.07393056,31574896,870418663.29,0.5048,0.6944,1,0
2025-01-27,sh.600690,1054.3452773,1070.80148308,1052.81446746,1062.76473142,1054.3452773,27311667,758802072.97,0.4367,0.7985,1,0
2025-02-05,sh.600690,1053.19716992,1058.55500436,1017.9885436,1018.37124606,1062.76473142,51672664,1387740333.3,0.8262,-4.1772,1,0
2025-02-06,sh.600690,1018.37124606,1030.23502232,1014.161519,1023.7290805,1018.37124606,38007843,1014890884.6,0.6077,0.5261,1,0
2025-02-07,sh.600690,1023.7290805,1032.91393954,1010.3344944,1032.53123708,1023.7290805,48363855,1296441916.01,0.7733,0.8598,1,0
2025-02-10,sh.600690,1035.59285676,1040.18528628,1020.66746082,1037.1236666,1032.53123708,39413133,1064638027.29,0.6302,0.4448,1,0
2025-02-11,sh.600690,1044.39501334,1052.04906254,1029.85231986,1032.53123708,1037.1236666,34927228,947171859.05,0.5584,-0.4428,1,0
2025-02-12,sh.600690,1031.76583216,1033.296642,1011.86530424,1023.34637804,1032.53123708,55135353,1469935666.67,0.8815,-0.8895,1,0
2025-02-13,sh.600690,1019.13665098,1035.59285676,1016.45773376,1024.11178296,1023.34637804,48368932,1298357671.84,0.7733,0.0748,1,0
2025-02-14,sh.600690,1026.40799772,1033.296642,1016.45773376,1028.70421248,1024.11178296,33755957,904616967.96,0.5397,0.4484,1,0
2025-02-17,sh.600690,1033.296642,1035.97555922,1020.66746082,1024.11178296,1028.70421248,42478242,1138578295.73,0.6792,-0.4464,1,0
2025-02-18,sh.600690,1024.11178296,1024.49448542,1010.3344944,1013.39611408,1024.11178296,44558215,1181337551.56,0.7124,-1.0463,1,0
2025-02-19,sh.600690,1011.09989932,1012.63070916,999.61882552,1010.3344944,1013.39611408,45220786,1188803250.22,0.723,-0.3021,1,0
2025-02-20,sh.600690,1009.56908948,1017.9885436,1000.7669329,1009.95179194,1010.3344944,39744829,1047903819.92,0.6355,-0.0379,1,0
2025-02-21,sh.600690,1012.63070916,1012.63070916,991.58207386,1001.53233782,1009.95179194,72447908,1887572555.51,1.1583,-0.8336,1,0
2025-02-24,sh.600690,1001.91504028,1031.3831297,998.8534206,1020.28475836,1001.53233782,69335222,1847119626.12,1.1086,1.8724,1,0
2025-02-25,sh.600690,1014.92692392,1016.84043622,990.43396648,994.64369354,1020.28475836,63156360,1652672562.93,1.0098,-2.5131,1,0
2025-02-26,sh.600690,994.64369354,1008.4209821,991.96477632,999.23612306,994.64369354,39211375,1023944460.45,0.6269,0.4617,1,0
2025-02-27,sh.600690,1001.91504028,1028.70421248,1000.00152798,1026.40799772,999.23612306,81241514,2166134173.97,1.2989,2.7193,1,0
2025-02-28,sh.600690,1015.30962638,1039.80258382,1004.5939575,1004.5939575,1026.40799772,60295153,1604113148.66,0.964,-2.1253,1,0
2025-03-03,sh.600690,1007.27287472,1009.56908948,991.58207386,992.34747878,1004.5939575,50832802,1327596607.22,0.8127,-1.219,1,0
2025-03-04,sh.600690,990.43396648,1000.00152798,986.98964434,995.026396,992.34747878,38971513,1011687470.3,0.6231,0.27,1,0
2025-03-05,sh.600690,996.55720584,1006.89017226,988.52045418,1003.44585012,995.026396,40067427,1045994933.92,0.6406,0.8462,1,0
2025-03-06,sh.600690,1006.12476734,1012.63070916,998.47071814,1011.48260178,1003.44585012,43750265,1151624455.53,0.6995,0.8009,1,0
2025-03-07,sh.600690,1008.4209821,1019.9020559,1001.53233782,1017.60584114,1011.48260178,46454246,1227069011.21,0.7427,0.6054,1,0
2025-03-10,sh.600690,1031.3831297,1038.27177398,1016.0750313,1026.40799772,1017.60584114,58780117,1576387815.55,0.9398,0.865,1,0
2025-03-11,sh.600690,1014.92692392,1042.8642035,1014.161519,1039.0371789,1026.40799772,54636493,1474918989.62,0.8736,1.2304,1,0
2025-03-12,sh.600690,1039.41988136,1040.56798874,1013.01341162,1013.01341162,1039.0371789,67509958,1801193626.67,1.0794,-2.5046,1,0
2025-03-13,sh.600690,1013.01341162,1018.37124606,1003.44585012,1008.80368456,1013.01341162,31590000,835473055.0,0.5051,-0.4156,1,0
2025-03-14,sh.600690,1009.56908948,1048.6047404,1008.03827964,1044.7777158,1008.80368456,94752540,2563749264.32,1.5149,3.566,1,0
2025-03-17,sh.600690,1061.23392158,1066.20905356,1047.83933548,1053.96257484,1044.7777158,54945274,1515354058.03,0.8785,0.8791,1,0
2025-03-18,sh.600690,1052.431765,1086.10958148,1050.5182527,1068.88797078,1053.96257484,67552389,1882787398.72,1.0801,1.4161,1,0
2025-03-19,sh.600690,1066.97445848,1088.40579624,1065.44364864,1076.92472244,1068.88797078,47521668,1337487872.19,0.7598,0.7519,1,0
2025-03-20,sh.600690,1075.3939126,1077.3074249,1059.32040928,1059.32040928,1076.92472244,33916521,944184727.35,0.5423,-1.6347,1,0
2025-03-21,sh.600690,1055.11068222,1073.4804003,1047.83933548,1052.431765,1059.32040928,38176146,1056147916.32,0.6104,-0.6503,1,0
2025-03-24,sh.600690,1060.46851666,1089.55390362,1056.2587896,1082.66525934,1052.431765,53458525,1507159974.81,0.8547,2.8727,1,0
2025-03-25,sh.600690,1079.98634212,1112.51605122,1078.83823474,1079.2209372,1082.66525934,58483319,1670131347.52,0.9351,-0.3181,1,0
2025-03-26,sh.600690,1073.4804003,1082.28255688,1063.9128388,1068.88797078,1079.2209372,34508952,964486337.71,0.5517,-0.9574,1,0
2025-03-27,sh.600690,1063.9128388,1076.92472244,1056.2587896,1073.86310276,1068.88797078,28993293,810281817.42,0.4636,0.4654,1,0
2025-03-28,sh.600690,1063.9128388,1063.9128388,1030.23502232,1039.41988136,1073.86310276,80865318,2192886392.44,1.2929,-3.2074,1,0
2025-03-31,sh.600690,1033.296642,1062.38202896,1030.61772478,1046.30852564,1039.41988136,56658212,1556307569.9,0.9059,0.6627,1,0
2025-04-01,sh.600690,1048.6047404,1051.66636008,1028.70421248,1031.3831297,1046.30852564,49429187,1336662025.87,0.7903,-1.4265,1,0
2025-04-02,sh.600690,1032.53123708,1041.71609612,1030.23502232,1034.06204692,1031.3831297,24772521,670403569.73,0.3961,0.2597,1,0
2025-04-03,sh.600690,1014.161519,1015.69232884,998.8534206,1002.6804452,1034.06204692,67828093,1783119384.56,1.0845,-3.0348,1,0
2025-04-07,sh.600690,936.85562208,951.78101802,902.41240068,902.41240068,1002.6804452,100756311,2408824416.59,1.6109,-10.0,1,0
2025-04-08,sh.600690,905.47402036,947.1885885,903.1778056,947.1885885,902.41240068,87251343,2110151312.42,1.395,4.9618,1,0
2025-04-09,sh.600690,928.43616796,958.28695984,913.89347448,958.28695984,947.1885885,62609944,1527006385.31,1.001,1.1717,1,0
2025-04-10,sh.600690,990.05126402,990.05126402,959.05236476,976.27397546,958.28695984,49094631,1246197336.74,0.7849,1.877,1,0
2025-04-11,sh.600690,975.12586808,975.12586808,943.74426636,959.43506722,976.27397546,57093226,1419973771.84,0.9128,-1.7248,1,0
2025-04-14,sh.600690,962.4966869,963.64479428,946.80588604,947.95399342,959.43506722,51217100,1273592728.8,0.8189,-1.1966,1,0
2025-04-15,sh.600690,942.21345652,956.75615,934.55940732,947.95399342,947.95399342,47156139,1165198346.13,0.754,0.0,1,0
2025-04-16,sh.600690,945.2750762,956.37344754,926.1399532,956.37344754,947.95399342,56804266,1388913964.41,0.9082,0.8882,1,0
2025-04-17,sh.600690,945.2750762,945.2750762,936.47291962,943.3615639,956.37344754,45799825,1124738475.15,0.7323,-1.3605,1,0
2025-04-18,sh.600690,937.621027,946.80588604,934.17670486,939.5345393,943.3615639,25360785,622416790.88,0.4055,-0.4057,1,0
2025-04-21,sh.600690,938.38643192,952.54642294,937.621027,948.33669588,939.5345393,33701605,834141644.99,0.5388,0.9369,1,0
2025-04-22,sh.600690,944.89237374,951.39831556,939.91724176,944.50967128,948.33669588,31043978,767246445.38,0.4963,-0.4036,1,0
2025-04-23,sh.600690,951.78101802,966.3237115,951.0156131,952.16372048,944.50967128,53897149,1349925222.98,0.8617,0.8104,1,0
2025-04-24,sh.600690,952.9291254,955.99074508,944.50967128,948.33669588,952.16372048,23538945,584233536.25,0.3764,-0.4019,1,0
2025-04-25,sh.600690,951.0156131,958.6696623,948.71939834,957.52155492,948.33669588,31709650,791669027.26,0.507,0.9685,1,0
2025-04-28,sh.600690,957.90425738,962.11398444,949.86750572,955.22534016,957.52155492,28559871,713129412.61,0.4566,-0.2398,1,0
2025-04-29,sh.600690,953.69453032,958.28695984,945.65777866,958.28695984,955.22534016,25222815,627835322.06,0.4033,0.3205,1,0
2025-04-30,sh.600690,957.90425738,970.53343856,947.1885885,948.71939834,958.28695984,46592403,1163415154.81,0.7449,-0.9984,1,0
2025-05-06,sh.600690,952.9291254,962.4966869,947.95399342,961.34857952,948.71939834,39586975,990840682.67,0.6329,1.3312,1,0
2025-05-07,sh.600690,980.48370252,983.16261974,959.81776968,963.64479428,961.34857952,42948286,1086106571.64,0.6867,0.2389,1,0
2025-05-08,sh.600690,962.11398444,975.891273,958.6696623,972.44695086,963.64479428,33924189,860076378.49,0.5424,0.9134,1,0
2025-05-09,sh.600690,970.53343856,977.03938038,963.26209182,971.68154594,972.44695086,33982072,861011082.21,0.5433,-0.0787,1,0
2025-05-12,sh.600690,986.22423942,1003.82855258,986.22423942,1000.00152798,971.68154594,52329528,1361947400.07,0.8367,2.9145,1,0
2025-05-13,sh.600690,1014.161519,1014.92692392,993.49558616,994.64369354,1000.00152798,37841181,990647940.19,0.605,-0.5358,1,0
2025-05-14,sh.600690,993.1128837,1006.12476734,989.2858591,1000.00152798,994.64369354,34361503,895451363.8,0.5494,0.5387,1,0
2025-05-15,sh.600690,1000.00152798,1001.91504028,990.43396648,995.79180092,1000.00152798,22167468,576726828.95,0.3544,-0.421,1,0
2025-05-16,sh.600690,991.1993714,993.49558616,975.891273,982.77991728,995.79180092,37736090,966386112.12,0.6033,-1.3067,1,0
2025-05-19,sh.600690,979.33559514,986.98964434,978.18748776,984.31072712,982.77991728,23800683,611341399.51,0.3805,0.1558,1,0
2025-05-20,sh.600690,984.69342958,1009.95179194,979.7182976,1006.5074698,984.31072712,40739372,1063160495.39,0.6514,2.2551,1,0
2025-05-21,sh.600690,1004.5939575,1013.77881654,999.61882552,1003.44585012,1006.5074698,30094571,791338614.55,0.4812,-0.3042,1,0
2025-05-22,sh.600690,997.70531322,1006.5074698,995.40909846,1002.29774274,1003.44585012,23862725,623883629.45,0.3815,-0.1144,1,0
2025-05-23,sh.600690,1000.00152798,1006.89017226,985.84153696,985.84153696,1002.29774274,31892012,830256264.26,0.5099,-1.6418,1,0
2025-05-26,sh.600690,985.4588345,989.2858591,973.59505824,976.27397546,985.84153696,23252109,595355496.91,0.3718,-0.9705,1,0
2025-05-27,sh.600690,978.95289268,980.48370252,964.4101992,965.17560412,976.27397546,25069944,635537435.3,0.4008,-1.1368,1,0
2025-05-28,sh.600690,967.47181888,971.68154594,957.52155492,960.96587706,965.17560412,24806611,624599502.61,0.3966,-0.4362,1,0
2025-05-29,sh.600690,965.94100904,984.69342958,965.55830658,972.0642484,960.96587706,37129008,948997380.68,0.5936,1.1549,1,0
2025-05-30,sh.600690,968.2372238,969.00262872,957.90425738,958.28695984,972.0642484,24545018,617020513.69,0.3924,-1.4173,1,0
2025-06-03,sh.600690,954.8426377,957.13885246,943.3615639,946.42318358,958.28695984,42442491,1051552648.66,0.6786,-1.238,1,0
2025-06-04,sh.600690,949.1021008,953.69453032,947.57129096,950.63291064,946.42318358,26349995,654299299.99,0.4213,0.4448,1,0
2025-06-05,sh.600690,951.0156131,953.69453032,945.2750762,945.65777866,950.63291064,29387405,727682719.31,0.4699,-0.5233,1,0
2025-06-06,sh.600690,947.57129096,951.78101802,943.74426636,950.25020818,945.65777866,25689187,636790804.69,0.4107,0.4856,1,0
2025-06-09,sh.600690,952.9291254,960.5831746,947.95399342,955.99074508,950.25020818,32174954,803678129.92,0.5144,0.6041,1,0
2025-06-10,sh.600690,956.75615,967.08911642,945.65777866,952.16372048,955.99074508,36496436,912406606.04,0.5835,-0.4003,1,0
2025-06-11,sh.600690,951.78101802,968.2372238,951.0156131,962.4966869,952.16372048,36993354,931810720.87,0.5915,1.0852,1,0
2025-06-12,sh.600690,960.20047214,960.20047214,951.0156131,955.60804262,962.4966869,22431303,559865513.08,0.3586,-0.7157,1,0
2025-06-13,sh.600690,949.1021008,949.1021008,922.3129286,935.32481224,955.60804262,61277826,1497019759.96,0.9797,-2.1225,1,0
2025-06-16,sh.600690,931.8804901,937.23832454,928.81887042,934.55940732,935.32481224,21407916,521905766.62,0.3423,-0.0818,1,0
2025-06-17,sh.600690,936.85562208,954.8426377,936.09021716,953.31182786,934.55940732,42800806,1059783623.52,0.6843,2.0066,1,0
2025-06-18,sh.600690,951.39831556,964.02749674,950.25020818,956.75615,953.31182786,26404699,660581651.56,0.4222,0.3613,1,0
2025-06-19,sh.600690,954.8426377,959.43506722,942.21345652,945.2750762,956.75615,22382267,555722845.33,0.3579,-1.2,1,0
2025-06-20,sh.600690,945.2750762,950.25020818,941.4480516,943.3615639,945.2750762,22407407,553391149.85,0.3583,-0.2024,1,0
2025-06-23,sh.600690,936.47291962,944.12696882,928.0534655,939.5345393,943.3615639,24700187,603548498.66,0.3949,-0.4057,1,0
2025-06-24,sh.600690,939.5345393,953.69453032,939.5345393,946.04048112,939.5345393,27017979,669099227.76,0.432,0.6925,1,0
2025-06-25,sh.600690,948.33669588,954.8426377,943.3615639,954.07723278,946.04048112,30089988,746151136.52,0.4811,0.8495,1,0
2025-06-26,sh.600690,954.07723278,957.13885246,945.65777866,946.04048112,954.07723278,25585605,636046256.11,0.4091,-0.8424,1,0
2025-06-27,sh.600690,949.1021008,958.28695984,942.21345652,950.63291064,946.04048112,33619957,836527696.81,0.5375,0.4854,1,0
2025-06-30,sh.600690,952.16372048,955.60804262,946.80588604,948.33669588,950.63291064,28842326,716025198.12,0.4611,-0.2415,1,0
2025-07-01,sh.600690,949.1021008,949.86750572,945.65777866,947.57129096,948.33669588,18101752,447867895.46,0.2894,-0.0807,1,0
2025-07-02,sh.600690,947.95399342,983.16261974,946.42318358,978.95289268,947.57129096,78143754,1979120188.83,1.2494,3.3118,1,0
2025-07-03,sh.600690,979.33559514,986.60694188,969.38533118,985.4588345,978.95289268,38167696,976615071.07,0.6102,0.6646,1,0
2025-07-04,sh.600690,983.16261974,995.026396,977.8047853,989.2858591,985.4588345,35349619,912210770.61,0.5652,0.3883,1,0
2025-07-07,sh.600690,989.2858591,991.58207386,973.21235578,980.10100006,989.2858591,22793034,583620434.22,0.3644,-0.9284,1,0
2025-07-08,sh.600690,982.01451236,983.5453222,973.9777607,976.65667792,980.10100006,23394511,597903610.33,0.374,-0.3514,1,0
2025-07-09,sh.600690,977.8047853,984.69342958,966.3237115,967.85452134,976.65667792,34281109,873696249.61,0.5481,-0.9013,1,0
2025-07-10,sh.600690,968.61992626,974.36046316,962.87938936,966.3237115,967.85452134,33938804,858424833.07,0.5426,-0.1582,1,0
2025-07-11,sh.600690,968.2372238,985.84153696,966.70641396,970.1507361,966.3237115,57850832,1479579785.78,0.9249,0.396,1,0
2025-07-14,sh.600690,972.44695086,980.48370252,970.1507361,972.44695086,970.1507361,30263732,770991237.34,0.4839,0.2367,1,0
2025-07-15,sh.600690,977.03938038,991.58207386,973.21235578,987.3723468,972.44695086,46882950,1204431129.75,0.7496,1.5348,1,0
2025-07-16,sh.600690,988.52045418,996.17450338,980.48370252,982.77991728,987.3723468,26392858,678948119.66,0.422,-0.4651,1,0
2025-07-17,sh.600690,982.77991728,998.8534206,980.86640498,987.75504926,982.77991728,38335868,991616327.06,0.6129,0.5062,1,0
2025-07-18,sh.600690,990.43396648,994.64369354,980.86640498,986.98964434,987.75504926,32726734,843681566.81,0.5233,-0.0775,1,0
2025-07-21,sh.600690,989.2858591,996.9399083,986.60694188,996.9399083,986.98964434,39548310,1026316495.58,0.6323,1.0081,1,0
2025-07-22,sh.600690,996.55720584,1027.5561051,993.1128837,1026.02529526,996.9399083,81126858,2146204336.89,1.2971,2.9175,1,0
2025-07-23,sh.600690,1026.02529526,1055.49338468,1026.02529526,1052.431765,1026.02529526,86421261,2360142670.34,1.3817,2.5737,1,0
2025-07-24,sh.600690,1052.431765,1054.72797976,1034.82745184,1048.98744286,1052.431765,64065349,1757439435.08,1.0243,-0.3273,1,0
2025-07-25,sh.600690,1048.9871096,1050.57347952,1023.2085984,1024.39837584,1048.9871096,48346330,1257337306.15,0.773,-2.344,1,0
2025-07-28,sh.600690,1024.39837584,1028.36430064,1015.2767488,1017.2597112,1024.39837584,32761667,842714780.02,0.5238,-0.6969,1,0
2025-07-29,sh.600690,1015.67334128,1018.84608112,1004.17215936,1007.74149168,1017.2597112,31603417,804220920.72,0.5053,-0.9357,1,0
2025-07-30,sh.600690,1008.53467664,1024.00178336,1003.3789744,1014.48356384,1007.74149168,31341757,802353506.87,0.5011,0.669,1,0
2025-07-31,sh.600690,1014.08697136,1014.08697136,981.566388,985.13572032,1014.48356384,52717833,1317051451.06,0.8429,-2.8929,1,0
2025-08-01,sh.600690,988.30846016,994.25734736,983.15275792,987.5152752,985.13572032,24378140,607627418.21,0.3898,0.2415,1,0
2025-08-04,sh.600690,983.15275792,992.27438496,982.35957296,989.89483008,987.5152752,19987592,498140373.04,0.3196,0.241,1,0
2025-08-05,sh.600690,991.87779248,996.24030976,984.73912784,992.67097744,989.89483008,23604202,590377223.05,0.3774,0.2804,1,0
2025-08-06,sh.600690,993.06756992,1001.396012,987.91186768,1000.60282704,992.67097744,34611277,870543818.59,0.5534,0.799,1,0
2025-08-07,sh.600690,999.01645712,999.80964208,989.4982376,993.86075488,1000.60282704,27109658,679036193.03,0.4334,-0.6738,1,0
2025-08-08,sh.600690,993.86075488,1006.15512176,991.4812,996.24030976,993.86075488,28110685,708232454.06,0.4494,0.2394,1,0
2025-08-11,sh.600690,997.03349472,999.4130496,990.68801504,995.84371728,996.24030976,32140333,807040944.63,0.5139,-0.0398,1,0
2025-08-12,sh.600690,998.61986464,1025.98474576,998.22327216,1012.50060144,995.84371728,64838131,1663174358.14,1.0367,1.6726,1,0
2025-08-13,sh.600690,1018.05289616,1027.1745232,1007.74149168,1011.310824,1012.50060144,38462742,983091921.37,0.615,-0.1175,1,0
2025-08-14,sh.600690,1011.310824,1023.2085984,1009.72445408,1011.70741648,1011.310824,41882553,1073651249.05,0.6696,0.0392,1,0
2025-08-15,sh.600690,1009.72445408,1020.82904352,999.4130496,1009.72445408,1011.70741648,51563976,1314562589.18,0.8244,-0.196,1,0
2025-08-18,sh.600690,1011.70741648,1019.63926608,1006.94830672,1006.94830672,1009.72445408,62812166,1604282676.73,1.0043,-0.2749,1,0
2025-08-19,sh.600690,1014.08697136,1024.39837584,999.4130496,999.4130496,1006.94830672,63935481,1625035764.54,1.0222,-0.7483,1,0
2025-08-20,sh.600690,1002.58578944,1003.3789744,987.91186768,1003.3789744,999.4130496,54279780,1359859611.59,0.8679,0.3968,1,0
2025-08-21,sh.600690,1004.17215936,1020.43245104,996.24030976,1014.88015632,1003.3789744,54913489,1401265038.17,0.878,1.1462,1,0
2025-08-22,sh.600690,1018.44948864,1024.39837584,1013.2937864,1022.41541344,1014.88015632,47549270,1220883011.3,0.7602,0.7425,1,0
2025-08-25,sh.600690,1022.81200592,1040.65866752,1022.81200592,1038.67570512,1022.41541344,52489808,1367709592.66,0.8392,1.5904,1,0
2025-08-26,sh.600690,1039.0722976,1050.57347952,1031.93363296,1041.45185248,1038.67570512,42458621,1117040776.01,0.6788,0.2673,1,0
2025-08-27,sh.600690,1041.45185248,1051.76325696,1022.41541344,1022.41541344,1041.45185248,60683155,1590802517.26,0.9702,-1.8279,1,0
2025-08-28,sh.600690,1022.01882096,1035.89955776,1015.67334128,1031.140448,1022.41541344,42173623,1091489253.21,0.6743,0.8534,1,0
2025-08-29,sh.600690,1054.9359968,1077.14517568,1040.26207504,1041.45185248,1031.140448,109050740,2913718876.92,1.7436,1.0,1,0
2025-09-01,sh.600690,1050.57347952,1062.8678464,1028.76089312,1029.1574856,1041.45185248,95687707,2519983437.58,1.5299,-1.1805,1,0
2025-09-02,sh.600690,1030.74385552,1047.0041472,1020.82904352,1043.0382224,1029.1574856,73735373,1932373483.48,1.1789,1.3487,1,0
2025-09-03,sh.600690,1045.0211848,1054.14281184,1031.140448,1038.67570512,1043.0382224,46847490,1225247903.33,0.749,-0.4183,1,0
2025-09-04,sh.600690,1035.50296528,1036.69274272,1010.51763904,1018.84608112,1038.67570512,56247005,1449380661.46,0.8993,-1.9091,1,0
2025-09-05,sh.600690,1019.2426736,1051.76325696,1017.2597112,1049.38370208,1018.84608112,68032766,1788301971.62,1.0877,2.9973,1,0
2025-09-08,sh.600690,1046.60755472,1063.66103136,1044.62459232,1048.59051712,1049.38370208,46024147,1220247258.47,0.7359,-0.0756,1,0
2025-09-09,sh.600690,1054.14281184,1070.799696,1045.41777728,1068.02354864,1048.59051712,58328403,1564247739.83,0.9326,1.8533,1,0
2025-09-10,sh.600690,1064.05762384,1066.04058624,1051.36666448,1054.14281184,1068.02354864,36942605,982953542.74,0.5907,-1.2997,1,0
2025-09-11,sh.600690,1052.55644192,1056.12577424,1039.0722976,1055.72918176,1054.14281184,45760743,1207401076.51,0.7316,0.1505,1,0
2025-09-12,sh.600690,1060.48829152,1060.884884,1036.29615024,1038.67570512,1055.72918176,46451283,1225143660.54,0.7427,-1.6153,1,0
2025-09-15,sh.600690,1037.0893352,1039.46889008,1027.1745232,1031.140448,1038.67570512,40697542,1059042807.37,0.6507,-0.7255,1,0
2025-09-16,sh.600690,1032.33022544,1035.1063728,1020.82904352,1027.96770816,1031.140448,35366649,914835367.8,0.5655,-0.3077,1,0
2025-09-17,sh.600690,1027.57111568,1062.47125392,1027.57111568,1062.07466144,1027.96770816,65833139,1740803311.33,1.0526,3.3179,1,0
2025-09-18,sh.600690,1066.43717872,1068.42014112,1028.36430064,1033.1234104,1062.07466144,55603064,1464699368.79,0.889,-2.7259,1,0
2025-09-19,sh.600690,1033.1234104,1048.59051712,1026.38133824,1043.83140736,1033.1234104,39947024,1047086590.79,0.6387,1.0365,1,0
2025-09-22,sh.600690,1037.48592768,1041.05526,1015.67334128,1019.2426736,1043.83140736,51323689,1326059570.91,0.8206,-2.3556,1,0
2025-09-23,sh.600690,1018.84608112,1023.2085984,1003.77556688,1014.48356384,1019.2426736,44142537,1126516860.45,0.7058,-0.4669,1,0
2025-09-24,sh.600690,1010.51763904,1027.1745232,1006.15512176,1025.58815328,1014.48356384,31235234,802261774.79,0.4994,1.0946,1,0
2025-09-25,sh.600690,1024.00178336,1024.39837584,1001.396012,1005.3619368,1025.58815328,51231253,1299698833.25,0.8191,-1.9722,1,0
2025-09-26,sh.600690,1002.18919696,1025.1915608,995.05053232,1020.03585856,1005.3619368,50602674,1294294012.16,0.8091,1.4596,1,0
2025-09-29,sh.600690,1017.65630368,1019.63926608,1000.20623456,1013.2937864,1020.03585856,47205358,1199832889.49,0.7547,-0.661,1,0
2025-09-30,sh.600690,1010.12104656,1010.91423152,997.03349472,1004.56875184,1013.2937864,45958004,1161505949.87,0.7348,-0.8611,1,0
2025-10-09,sh.600690,995.4471248,1009.72445408,983.94594288,1008.93126912,1004.56875184,61481135,1545176374.22,0.983,0.4343,1,0
2025-10-10,sh.600690,1003.3789744,1029.55407808,1000.60282704,1017.65630368,1008.93126912,57009011,1467140668.26,0.9115,0.8648,1,0
2025-10-13,sh.600690,997.03349472,1001.79260448,989.4982376,996.24030976,1017.65630368,52215813,1309679236.9,0.8349,-2.1044,1,0
2025-10-14,sh.600690,998.61986464,1017.2597112,996.63690224,1008.13808416,996.24030976,66511097,1690099296.6,1.0634,1.1943,1,0
2025-10-15,sh.600690,1008.13808416,1015.67334128,997.82667968,1007.74149168,1008.13808416,41709743,1058525463.65,0.6669,-0.0393,1,0
2025-10-16,sh.600690,1007.3448992,1009.72445408,995.4471248,1001.396012,1007.74149168,32146781,813143801.77,0.514,-0.6297,1,0
2025-10-17,sh.600690,998.61986464,1011.310824,991.87779248,992.27438496,1001.396012,44219923,1114095267.55,0.707,-0.9109,1,0
2025-10-20,sh.600690,1001.79260448,1006.55171424,991.4812,995.05053232,992.27438496,32405757,814146315.77,0.5181,0.2798,1,0
2025-10-21,sh.600690,996.24030976,1007.74149168,993.86075488,1005.3619368,995.05053232,42121385,1065242727.97,0.6735,1.0363,1,0
2025-10-22,sh.600690,1002.58578944,1019.2426736,1000.60282704,1015.67334128,1005.3619368,47884571,1223690415.99,0.7656,1.0256,1,0
2025-10-23,sh.600690,1013.69037888,1028.76089312,1011.310824,1021.62222848,1015.67334128,32067833,824306555.86,0.5127,0.5857,1,0
2025-10-24,sh.600690,1021.62222848,1028.76089312,1015.2767488,1016.46652624,1021.62222848,26813133,689513164.41,0.4287,-0.5047,1,0
2025-10-27,sh.600690,1020.43245104,1032.72681792,1016.46652624,1027.1745232,1016.46652624,40643103,1053073550.51,0.6498,1.0535,1,0
2025-10-28,sh.600690,1027.57111568,1027.96770816,1011.70741648,1013.2937864,1027.1745232,36022836,923025952.35,0.576,-1.3514,1,0
2025-10-29,sh.600690,1012.10400896,1017.65630368,1006.15512176,1015.2767488,1013.2937864,21505920,548634952.08,0.3438,0.1957,1,0
2025-10-30,sh.600690,1017.2597112,1038.27911264,1016.06993376,1023.60519088,1015.2767488,46170113,1196722898.95,0.7382,0.8203,1,0
2025-10-31,sh.600690,1041.05526,1074.36902832,1035.50296528,1063.26443888,1023.60519088,105763125,2818979744.96,1.691,3.8745,1,0
2025-11-03,sh.600690,1066.04058624,1074.7656208,1053.34962688,1059.69510656,1063.26443888,42432610,1134583458.82,0.6784,-0.3357,1,0
2025-11-04,sh.600690,1054.14281184,1073.97243584,1050.970072,1056.9189592,1059.69510656,44788976,1201615711.79,0.7161,-0.262,1,0
2025-11-05,sh.600690,1050.970072,1065.64399376,1041.84844496,1058.9019216,1056.9189592,29708855,792771972.92,0.475,0.1876,1,0
2025-11-06,sh.600690,1056.9189592,1076.7485832,1054.9359968,1069.21332608,1058.9019216,42539763,1147674364.67,0.6801,0.9738,1,0
2025-11-07,sh.600690,1070.41546448,1074.02090579,1061.20155891,1065.6082094,1069.21365071,28673509,763168566.68,0.4584,-0.3372,1,0
2025-11-10,sh.600690,1065.6082094,1088.84327562,1059.59914055,1085.6384389,1065.6082094,41207265,1108509558.97,0.6588,1.8797,1,0
2025-11-11,sh.600690,1080.83118382,1088.44267103,1068.81304612,1076.82513792,1085.6384389,38923525,1045740320.56,0.6223,-0.8118,1,0
2025-11-12,sh.600690,1081.23178841,1103.26504086,1079.62937005,1089.6444848,1076.82513792,46432609,1266262186.25,0.7424,1.1905,1,0
2025-11-13,sh.600690,1085.6384389,1097.25597201,1082.03299759,1095.25294906,1089.6444848,31397232,853837631.12,0.502,0.5147,1,0
2025-11-14,sh.600690,1091.24690316,1100.06020414,1076.82513792,1078.82816087,1095.25294906,31320335,849817055.54,0.5008,-1.4996,1,0
2025-11-17,sh.600690,1078.42755628,1082.43360218,1058.39732678,1064.40639563,1078.82816087,24002226,638979434.38,0.3838,-1.3368,1,0
2025-11-18,sh.600690,1064.40639563,1070.81606907,1051.58704875,1055.19249006,1064.40639563,20629904,545991989.47,0.3298,-0.8656,1,0
2025-11-19,sh.600690,1057.19551301,1067.61123235,1054.39128088,1062.40337268,1055.19249006,20125069,533615750.12,0.3218,0.6834,1,0
2025-11-20,sh.600690,1061.6021635,1085.6384389,1057.99672219,1073.21969661,1062.40337268,28623167,769188726.08,0.4576,1.0181,1,0
2025-11-21,sh.600690,1070.81606907,1094.45173988,1068.01183694,1082.43360218,1073.21969661,52830154,1427204256.93,0.8447,0.8585,1,0
2025-11-24,sh.600690,1082.83420677,1092.84932152,1075.62332415,1078.42755628,1082.43360218,38501904,1040637436.23,0.6156,-0.3701,1,0
2025-11-25,sh.600690,1081.632393,1084.83722972,1070.41546448,1078.82816087,1078.42755628,27203963,732515398.5,0.435,0.0371,1,0
2025-11-26,sh.600690,1079.62937005,1097.6565766,1074.42151038,1097.6565766,1078.82816087,36375790,988207571.12,0.5816,1.7453,1,0
2025-11-27,sh.600690,1094.05113529,1109.6747143,1073.21969661,1105.26806381,1097.6565766,52469766,1434506583.58,0.8389,0.6934,1,0
2025-11-28,sh.600690,1098.45778578,1107.27108676,1091.24690316,1104.86745922,1105.26806381,27931563,767418164.28,0.4466,-0.0362,1,0
2025-12-01,sh.600690,1104.46685463,1109.6747143,1088.04206644,1100.46080873,1104.86745922,30021786,821565609.33,0.48,-0.3988,1,0
2025-12-02,sh.600690,1101.6626225,1128.10252544,1099.25899496,1112.07834184,1100.46080873,36069313,1004523177.29,0.5767,1.0557,1,0
2025-12-03,sh.600690,1113.6807602,1134.11159429,1112.87955102,1118.88861987,1112.07834184,36542428,1024759071.85,0.5843,0.6124,1,0
2025-12-04,sh.600690,1119.28922446,1124.49708413,1104.06625004,1105.6686684,1118.88861987,30287472,840747688.23,0.4843,-1.1815,1,0
2025-12-05,sh.600690,1105.26806381,1117.28620151,1093.6505307,1103.26504086,1105.6686684,35144049,967968870.99,0.562,-0.2174,1,0
2025-12-08,sh.600690,1102.46383168,1106.46987758,1082.03299759,1088.44267103,1103.26504086,38129061,1039202227.43,0.6098,-1.3435,1,0
2025-12-09,sh.600690,1088.84327562,1090.04508939,1065.6082094,1070.01485989,1088.44267103,31195202,835908225.54,0.4989,-1.693,1,0
2025-12-10,sh.600690,1070.01485989,1080.43057923,1065.6082094,1069.6142553,1070.01485989,24035440,643302856.6,0.3844,-0.0374,1,0
2025-12-11,sh.600690,1072.01788284,1082.43360218,1062.80397727,1063.60518645,1069.6142553,24358709,651889507.56,0.3896,-0.5618,1,0
2025-12-12,sh.600690,1068.81304612,1082.43360218,1060.80095432,1079.22876546,1063.60518645,35929940,964138075.0,0.5746,1.4689,1,0
2025-12-15,sh.600690,1077.22574251,1108.87350512,1074.02090579,1095.65355365,1079.22876546,41863288,1147449443.54,0.6695,1.5219,1,0
2025-12-16,sh.600690,1096.05415824,1100.46080873,1083.63541595,1089.24388021,1095.65355365,20934334,569568602.93,0.3348,-0.585,1,0
2025-12-17,sh.600690,1085.6384389,1110.87652807,1074.02090579,1101.26201791,1089.24388021,33674199,921149032.54,0.5385,1.1033,1,0
2025-12-18,sh.600690,1099.65959955,1106.06927299,1090.04508939,1098.05718119,1101.26201791,17990362,492625779.22,0.2877,-0.291,1,0
2025-12-19,sh.600690,1098.05718119,1110.07531889,1086.84025267,1102.06322709,1098.05718119,28465473,783074248.71,0.4552,0.3648,1,0
2025-12-22,sh.600690,1102.46383168,1103.66564545,1090.84629857,1094.85234447,1102.06322709,23192894,634636451.38,0.3709,-0.6543,1,0
2025-12-23,sh.600690,1094.85234447,1104.86745922,1088.04206644,1090.04508939,1094.85234447,25508570,697346379.45,0.4079,-0.4391,1,0
2025-12-24,sh.600690,1089.24388021,1092.44871693,1070.41546448,1075.22271956,1090.04508939,30637973,823417378.23,0.49,-1.3598,1,0
2025-12-25,sh.600690,1073.6203012,1079.62937005,1071.61727825,1076.82513792,1075.22271956,20119332,540435801.19,0.3218,0.149,1,0
2025-12-26,sh.600690,1076.82513792,1079.22876546,1068.81304612,1071.21667366,1076.82513792,25058495,672070973.09,0.4007,-0.5208,1,0
2025-12-29,sh.600690,1076.82513792,1082.03299759,1062.80397727,1064.80700022,1071.21667366,27436827,733798716.55,0.4388,-0.5984,1,0
2025-12-30,sh.600690,1062.80397727,1068.81304612,1053.5900717,1063.20458186,1064.80700022,31914324,845375662.14,0.5104,-0.1505,1,0
2025-12-31,sh.600690,1063.20458186,1075.22271956,1041.97253859,1045.17737531,1063.20458186,43573682,1142128401.7,0.6968,-1.6956,1,0
