date,code,open,high,low,close,preclose,volume,amount,turn,pctChg,tradestatus,isST
2021-01-04,sh.600919,6.63031008,6.64249815,6.54499359,6.61812201,6.65468622,59285522,320709974.35,0.4054,-0.5495,1,0
2021-01-05,sh.600919,6.59374587,6.60593394,6.53280552,6.59374587,6.61812201,51749207,278792726.75,0.3539,-0.3683,1,0
2021-01-06,sh.600919,6.5815578,6.61812201,6.54499359,6.60593394,6.59374587,55882476,302019727.84,0.3821,0.1848,1,0
2021-01-07,sh.600919,6.60593394,6.63031008,6.52061745,6.56936973,6.60593394,58133194,313435417.42,0.3975,-0.5535,1,0
2021-01-08,sh.600919,6.5815578,6.60593394,6.54499359,6.56936973,6.56936973,51617607,278201573.92,0.353,0.0,1,0
2021-01-11,sh.600919,6.56936973,6.65468622,6.55718166,6.55718166,6.56936973,63561683,344463072.5,0.4337,-0.1855,1,0
2021-01-12,sh.600919,6.55718166,6.56936973,6.4596771,6.54499359,6.55718166,64782442,345728450.79,0.442,-0.1859,1,0
2021-01-13,sh.600919,6.53280552,6.59374587,6.47186517,6.55718166,6.54499359,51670889,276988419.54,0.3526,0.1862,1,0
2021-01-14,sh.600919,6.53280552,6.7034385,6.49624131,6.59374587,6.55718166,106080408,574041394.69,0.7238,0.5576,1,0
2021-01-15,sh.600919,6.67906236,6.84969534,6.66687429,6.71562657,6.59374587,181594962,1006826509.36,1.2391,1.8484,1,0
2021-01-18,sh.600919,6.7034385,6.78875499,6.65468622,6.72781464,6.71562657,101144203,557666687.86,0.6902,0.1815,1,0
2021-01-19,sh.600919,6.84969534,6.91063569,6.76437885,6.81313113,6.72781464,156372904,876515970.32,1.067,1.2681,1,0
2021-01-20,sh.600919,6.80094306,6.87407148,6.72781464,6.74000271,6.81313113,82097286,456889143.86,0.5602,-1.0733,1,0
2021-01-21,sh.600919,6.76437885,6.80094306,6.71562657,6.74000271,6.74000271,81787418,453583698.1,0.5581,0.0,1,0
2021-01-22,sh.600919,6.72781464,6.74000271,6.59374587,6.63031008,6.74000271,86798181,473558598.96,0.5923,-1.6275,1,0
2021-01-25,sh.600919,6.61812201,6.65468622,6.56936973,6.64249815,6.63031008,73030996,396169524.56,0.4983,0.1838,1,0
2021-01-26,sh.600919,6.60593394,6.76437885,6.60593394,6.69125043,6.64249815,89938763,494283689.21,0.6137,0.7339,1,0
2021-01-27,sh.600919,6.66687429,6.84969534,6.66687429,6.75219078,6.69125043,92210352,512510122.43,0.6292,0.9107,1,0
2021-01-28,sh.600919,6.7034385,6.72781464,6.60593394,6.64249815,6.75219078,68539773,374701611.82,0.4677,-1.6245,1,0
2021-01-29,sh.600919,6.65468622,6.78875499,6.61812201,6.72781464,6.64249815,103950896,572790898.92,0.7093,1.2844,1,0
2021-02-01,sh.600919,6.7034385,6.8253192,6.66687429,6.78875499,6.72781464,90662117,502401060.75,0.6186,0.9058,1,0
2021-02-02,sh.600919,6.78875499,6.83750727,6.67906236,6.74000271,6.78875499,104966048,581124106.1,0.7162,-0.7181,1,0
2021-02-03,sh.600919,6.71562657,6.83750727,6.66687429,6.77656692,6.74000271,101582996,564262982.67,0.6931,0.5425,1,0
2021-02-04,sh.600919,6.75219078,6.89844762,6.74000271,6.86188341,6.77656692,140228802,786522946.58,0.9568,1.259,1,0
2021-02-05,sh.600919,6.83750727,7.10564481,6.83750727,7.04470446,6.86188341,200262532,1148182373.72,1.3665,2.6643,1,0
2021-02-08,sh.600919,7.05689253,7.05689253,6.91063569,6.99595218,7.04470446,125566396,721310768.94,0.8568,-0.692,1,0
2021-02-09,sh.600919,6.99595218,7.02032832,6.89844762,6.98376411,6.99595218,98955656,563565668.59,0.6752,-0.1742,1,0
2021-02-10,sh.600919,6.99595218,7.09345674,6.91063569,6.92282376,6.98376411,110476533,632527045.35,0.7538,-0.8726,1,0
2021-02-18,sh.600919,6.95938797,7.0690806,6.91063569,7.02032832,6.92282376,144078958,827118453.52,0.9831,1.4085,1,0
2021-02-19,sh.600919,7.00814025,7.17877323,6.98376411,7.13002095,7.02032832,136707268,798043677.04,0.9328,1.5625,1,0
2021-02-22,sh.600919,7.10564481,7.1909613,7.05689253,7.09345674,7.13002095,104270481,607593938.36,0.7115,-0.5128,1,0
2021-02-23,sh.600919,7.0690806,7.26408972,7.05689253,7.17877323,7.09345674,131780929,777673733.02,0.8992,1.2027,1,0
2021-02-24,sh.600919,7.17877323,7.25190165,7.09345674,7.15439709,7.17877323,96477444,567896316.6,0.6583,-0.3396,1,0
2021-02-25,sh.600919,7.1909613,7.27627779,7.13002095,7.23971358,7.15439709,120016228,710761830.44,0.8189,1.1925,1,0
2021-02-26,sh.600919,7.16658516,7.23971358,6.99595218,7.00814025,7.23971358,133666281,779147327.37,0.9121,-3.1987,1,0
2021-03-01,sh.600919,7.03251639,7.09345674,6.99595218,7.03251639,7.00814025,70514667,407238090.02,0.4812,0.3478,1,0
2021-03-02,sh.600919,7.04470446,7.10564481,6.92282376,6.9471999,7.03251639,82372752,473971990.46,0.5621,-1.2132,1,0
2021-03-03,sh.600919,6.9471999,7.21533744,6.92282376,7.1909613,6.9471999,153609212,900477775.4,1.0481,3.5088,1,0
2021-03-04,sh.600919,7.16658516,7.45909884,7.15439709,7.312842,7.1909613,229887092,1378520724.58,1.5686,1.6949,1,0
2021-03-05,sh.600919,7.27627779,7.36159428,7.20314937,7.32503007,7.312842,114410093,683283349.63,0.7807,0.1667,1,0
2021-03-08,sh.600919,7.39815849,7.61754375,7.34940621,7.42253463,7.32503007,170447173,1048390695.16,1.163,1.3311,1,0
2021-03-09,sh.600919,7.4347227,7.52003919,7.26408972,7.28846586,7.42253463,150303527,912009426.2,1.0256,-1.8062,1,0
2021-03-10,sh.600919,7.27627779,7.39815849,7.21533744,7.26408972,7.28846586,102897028,617179967.71,0.7021,-0.3344,1,0
2021-03-11,sh.600919,7.37378235,7.9222455,7.37378235,7.6784841,7.26408972,245787943,1551455064.01,1.6771,5.7047,1,0
2021-03-12,sh.600919,7.69067217,7.86130515,7.64191989,7.8003648,7.6784841,177188749,1129553900.31,1.209,1.5873,1,0
2021-03-15,sh.600919,7.78817673,8.11725462,7.76380059,8.0441262,7.8003648,232382868,1527578582.26,1.5857,3.125,1,0
2021-03-16,sh.600919,8.03193813,8.11725462,7.93443357,8.11725462,8.0441262,161955559,1070560142.59,1.1051,0.9091,1,0
2021-03-17,sh.600919,8.09287848,8.09287848,7.91005743,7.98318585,8.11725462,153526492,1006180755.82,1.0476,-1.6517,1,0
2021-03-18,sh.600919,7.98318585,8.0441262,7.88568129,7.97099778,7.98318585,93312361,609088386.08,0.6367,-0.1527,1,0
2021-03-19,sh.600919,7.95880971,8.00756199,7.61754375,7.76380059,7.97099778,168504368,1076564911.81,1.1498,-2.5994,1,0
2021-03-22,sh.600919,7.72723638,7.91005743,7.72723638,7.83692901,7.76380059,90142833,579759679.96,0.6151,0.9419,1,0
2021-03-23,sh.600919,7.8003648,7.88568129,7.72723638,7.81255287,7.83692901,73899391,473680575.6,0.5042,-0.311,1,0
2021-03-24,sh.600919,7.75161252,7.8003648,7.64191989,7.6784841,7.81255287,81474631,514656408.69,0.5559,-1.7161,1,0
2021-03-25,sh.600919,7.70286024,7.87349322,7.58097954,7.61754375,7.6784841,78869579,498211078.47,0.5382,-0.7937,1,0
2021-03-26,sh.600919,7.65410796,7.9222455,7.61754375,7.75161252,7.61754375,118634586,757472741.9,0.8095,1.76,1,0
2021-03-29,sh.600919,7.76380059,7.87349322,7.69067217,7.83692901,7.75161252,106762051,681912201.81,0.7285,1.1006,1,0
2021-03-30,sh.600919,7.82474094,7.83692901,7.6784841,7.81255287,7.83692901,94719446,603556607.28,0.6463,-0.311,1,0
2021-03-31,sh.600919,7.83692901,8.08069041,7.8003648,7.88568129,7.81255287,161986730,1053831991.05,1.1053,0.936,1,0
2021-04-01,sh.600919,7.88568129,7.97099778,7.75161252,7.84911708,7.88568129,106727822,689295801.82,0.7283,-0.4637,1,0
2021-04-02,sh.600919,7.81255287,7.88568129,7.76380059,7.84911708,7.84911708,73825048,474176983.68,0.5037,0.0,1,0
2021-04-06,sh.600919,7.86130515,7.87349322,7.8003648,7.82474094,7.84911708,58602290,376711748.4,0.3999,-0.3106,1,0
2021-04-07,sh.600919,7.8003648,7.82474094,7.71504831,7.76380059,7.82474094,55748622,355446120.33,0.3804,-0.7788,1,0
2021-04-08,sh.600919,7.76380059,7.77598866,7.69067217,7.71504831,7.76380059,76827105,487137672.99,0.5242,-0.6279,1,0
2021-04-09,sh.600919,7.70286024,7.73942445,7.56879147,7.58097954,7.71504831,75299360,471713931.28,0.5138,-1.7378,1,0
2021-04-12,sh.600919,7.56879147,7.62973182,7.50785112,7.56879147,7.58097954,51234238,318741171.58,0.3496,-0.1608,1,0
2021-04-13,sh.600919,7.59316761,7.62973182,7.37378235,7.44691077,7.56879147,72427824,443338393.74,0.4942,-1.6103,1,0
2021-04-14,sh.600919,7.48347498,7.54441533,7.39815849,7.42253463,7.44691077,53746323,329190342.06,0.3667,-0.3273,1,0
2021-04-15,sh.600919,7.44691077,7.53222726,7.38597042,7.49566305,7.42253463,64392703,395134472.32,0.4394,0.9852,1,0
2021-04-16,sh.600919,7.50785112,7.56879147,7.47128691,7.54441533,7.49566305,44661107,275544756.22,0.3047,0.6504,1,0
2021-04-19,sh.600919,7.54441533,7.76380059,7.52003919,7.73942445,7.54441533,94691908,596305559.13,0.6461,2.5848,1,0
2021-04-20,sh.600919,7.72723638,7.75161252,7.65410796,7.6784841,7.73942445,52781790,333774544.75,0.3602,-0.7874,1,0
2021-04-21,sh.600919,7.73942445,7.95880971,7.69067217,7.9222455,7.6784841,152985311,988151907.29,1.0439,3.1746,1,0
2021-04-22,sh.600919,7.98318585,7.99537392,7.8003648,7.82474094,7.9222455,60525279,390581032.0,0.413,-1.2308,1,0
2021-04-23,sh.600919,7.78817673,7.9222455,7.75161252,7.78817673,7.82474094,53427163,343115466.51,0.3646,-0.4673,1,0
2021-04-26,sh.600919,7.83692901,7.91005743,7.78817673,7.8003648,7.78817673,86752762,558772488.03,0.592,0.1565,1,0
2021-04-27,sh.600919,7.8003648,7.88568129,7.76380059,7.87349322,7.8003648,43007953,276750670.01,0.2935,0.9375,1,0
2021-04-28,sh.600919,7.87349322,7.89786936,7.75161252,7.83692901,7.87349322,46060228,294883643.97,0.3143,-0.4644,1,0
2021-04-29,sh.600919,8.0441262,8.61696549,8.0441262,8.37320409,7.83692901,377707248,2595999161.56,2.5773,6.8429,1,0
2021-04-30,sh.600919,8.38539216,8.71447005,8.34882795,8.61696549,8.37320409,310951008,2195065303.7,2.1218,2.9112,1,0
2021-05-06,sh.600919,8.71447005,8.71447005,8.54383707,8.61696549,8.61696549,154026667,1091690939.19,1.051,0.0,1,0
2021-05-07,sh.600919,8.64134163,8.71447005,8.50727286,8.62915356,8.61696549,128458767,909300694.63,0.8765,0.1414,1,0
2021-05-10,sh.600919,8.61696549,8.73884619,8.4097683,8.72665812,8.62915356,114054078,806230684.85,0.7782,1.1299,1,0
2021-05-11,sh.600919,8.69009391,8.92166724,8.67790584,8.8972911,8.72665812,142198450,1029937648.39,0.9703,1.9553,1,0
2021-05-12,sh.600919,8.8972911,9.0191718,8.84853882,8.95823145,8.8972911,135195364,994973141.09,0.9225,0.6849,1,0
2021-05-13,sh.600919,8.8972911,9.05573601,8.78759847,8.86072689,8.95823145,88915194,648531757.76,0.6067,-1.0884,1,0
2021-05-14,sh.600919,8.88510303,8.95823145,8.79978654,8.84853882,8.86072689,74390785,541428203.66,0.5076,-0.1376,1,0
2021-05-17,sh.600919,8.84853882,8.97041952,8.78759847,8.83635075,8.84853882,74385945,541059376.09,0.5076,-0.1377,1,0
2021-05-18,sh.600919,8.81197461,8.86072689,8.64134163,8.66571777,8.83635075,86684806,619883854.13,0.5915,-1.931,1,0
2021-05-19,sh.600919,8.69009391,8.75103426,8.531649,8.61696549,8.66571777,81582936,576767170.47,0.5567,-0.5626,1,0
2021-05-20,sh.600919,8.54383707,9.15324057,8.50727286,9.08011215,8.61696549,172086146,1256410185.57,1.1742,5.3748,1,0
2021-05-21,sh.600919,9.08011215,9.3848139,8.97041952,8.99479566,9.08011215,135710127,1018886104.8,0.926,-0.9396,1,0
2021-05-24,sh.600919,9.06792408,9.16542864,8.95823145,9.00698373,8.99479566,65731491,487835132.36,0.4485,0.1355,1,0
2021-05-25,sh.600919,9.06792408,9.18980478,8.97041952,9.12886443,9.00698373,116622843,871712908.25,0.7958,1.3532,1,0
2021-05-26,sh.600919,9.1410525,9.65295144,9.09230022,9.45794232,9.12886443,169892113,1312698187.98,1.1592,3.6048,1,0
2021-05-27,sh.600919,9.39700197,9.43356618,9.20199285,9.34824969,9.45794232,124376334,950293932.07,0.8487,-1.1598,1,0
2021-05-28,sh.600919,9.34824969,9.42137811,9.23855706,9.32387355,9.34824969,59985557,458848929.75,0.4093,-0.2608,1,0
2021-05-31,sh.600919,9.32387355,9.34824969,9.12886443,9.31168548,9.32387355,67960223,514324189.19,0.4637,-0.1307,1,0
2021-06-01,sh.600919,9.21418092,9.47013039,9.17761671,9.45794232,9.31168548,89175930,684213962.36,0.6085,1.5707,1,0
2021-06-02,sh.600919,9.45794232,9.65295144,9.42137811,9.48231846,9.45794232,86742786,677974978.17,0.5919,0.2577,1,0
2021-06-03,sh.600919,9.45794232,9.67732758,9.43356618,9.57982302,9.48231846,66527326,523180977.41,0.4539,1.0283,1,0
2021-06-04,sh.600919,9.6285753,9.71389179,9.49450653,9.65295144,9.57982302,64260427,506771795.57,0.4385,0.7634,1,0
2021-06-07,sh.600919,9.66513951,9.67732758,9.29949741,9.40919004,9.65295144,96630023,746363187.39,0.6593,-2.5253,1,0
2021-06-08,sh.600919,9.40919004,9.54325881,9.32387355,9.5066946,9.40919004,62231684,482130327.3,0.4246,1.0363,1,0
2021-06-09,sh.600919,9.48231846,9.54325881,9.44575425,9.45794232,9.5066946,43378795,337397889.75,0.296,-0.5128,1,0
2021-06-10,sh.600919,9.49450653,9.65295144,9.34824969,9.37262583,9.45794232,80215559,624930341.5,0.5473,-0.9021,1,0
2021-06-11,sh.600919,9.36043776,9.5066946,9.29949741,9.34824969,9.37262583,64602813,497235272.06,0.4408,-0.2601,1,0
2021-06-15,sh.600919,9.34824969,9.34824969,8.97041952,9.10448829,9.34824969,92714196,693478049.08,0.6326,-2.6076,1,0
2021-06-16,sh.600919,9.09230022,9.43356618,9.06792408,9.28730934,9.10448829,96250324,734310092.26,0.6568,2.008,1,0
2021-06-17,sh.600919,9.2629332,9.33606162,9.17761671,9.25074513,9.28730934,48216441,365284306.95,0.329,-0.3937,1,0
2021-06-18,sh.600919,9.33981236,9.40343506,9.13621972,9.18711788,9.25074058,62139810,452557675.85,0.424,-0.6878,1,0
2021-06-21,sh.600919,9.17439334,9.17439334,8.76720806,8.86900438,9.18711788,120155271,841221922.14,0.8199,-3.4626,1,0
2021-06-22,sh.600919,8.907178,9.17439334,8.907178,9.13621972,8.86900438,92131178,657863655.88,0.6287,3.0129,1,0
2021-06-23,sh.600919,9.14894426,9.19984242,8.99624978,9.0344234,9.13621972,50802986,362990098.22,0.3467,-1.1142,1,0
2021-06-24,sh.600919,9.04714794,9.2252915,9.00897432,9.17439334,9.0344234,48048189,345806848.16,0.3279,1.5493,1,0
2021-06-25,sh.600919,9.2252915,9.2889142,9.05987248,9.21256696,9.17439334,72247394,521718815.98,0.493,0.4161,1,0
2021-06-28,sh.600919,9.18711788,9.19984242,8.91990254,8.98352524,9.21256696,71361717,504913601.15,0.4869,-2.4862,1,0
2021-06-29,sh.600919,9.00897432,9.0980461,8.95807616,9.0344234,8.98352524,49870640,353861459.66,0.3403,0.5666,1,0
2021-06-30,sh.600919,9.08532156,9.13621972,8.99624978,9.0344234,9.0344234,44701316,318030421.76,0.305,0.0,1,0
2021-07-01,sh.600919,9.08532156,9.3525369,9.0344234,9.26346512,9.0344234,96149042,698158778.64,0.6561,2.5352,1,0
2021-07-02,sh.600919,9.2252915,9.25074058,8.94535162,9.04714794,9.26346512,74215175,527360572.84,0.5064,-2.3352,1,0
2021-07-05,sh.600919,9.0344234,9.04714794,8.88172892,8.99624978,9.04714794,74167145,522267424.54,0.5061,-0.5626,1,0
2021-07-06,sh.600919,8.99624978,9.12349518,8.94535162,9.04714794,8.99624978,60927483,433467097.69,0.4157,0.5658,1,0
2021-07-07,sh.600919,9.02169886,9.31436328,8.98352524,9.08532156,9.04714794,78340503,560196200.36,0.5346,0.4219,1,0
2021-07-08,sh.600919,9.14894426,9.18711788,8.51271726,8.80538168,9.08532156,246707300,1702157068.56,1.6834,-3.0812,1,0
2021-07-09,sh.600919,8.74175898,8.89445346,8.63996266,8.70358536,8.80538168,90588641,623774360.56,0.6181,-1.1561,1,0
2021-07-12,sh.600919,8.7799326,8.81810622,8.30912462,8.44909456,8.70358536,200643845,1333539917.0,1.3691,-2.924,1,0
2021-07-13,sh.600919,8.4618191,8.95807616,8.34729824,8.91990254,8.44909456,175105487,1207468398.61,1.1948,5.5723,1,0
2021-07-14,sh.600919,8.86900438,8.88172892,8.51271726,8.55089088,8.91990254,113030282,768562770.01,0.7713,-4.1369,1,0
2021-07-15,sh.600919,8.61451358,8.91990254,8.53816634,8.85627984,8.55089088,109363441,756162397.23,0.7462,3.5714,1,0
2021-07-16,sh.600919,8.81810622,8.85627984,8.67813628,8.69086082,8.85627984,59019796,405998715.2,0.4027,-1.8678,1,0
2021-07-19,sh.600919,8.85627984,8.94535162,8.63996266,8.85627984,8.69086082,116034851,805205443.78,0.7918,1.9034,1,0
2021-07-20,sh.600919,8.83083076,8.94535162,8.74175898,8.85627984,8.85627984,70677751,491578881.86,0.4823,0.0,1,0
2021-07-21,sh.600919,8.86900438,8.94535162,8.66541174,8.72903444,8.85627984,66341593,455885988.43,0.4527,-1.4368,1,0
2021-07-22,sh.600919,8.7163099,9.14894426,8.69086082,8.98352524,8.72903444,114108474,804560389.63,0.7786,2.9155,1,0
2021-07-23,sh.600919,9.00897432,9.2252915,8.81810622,9.0980461,8.98352524,114647818,812907164.47,0.7823,1.2748,1,0
2021-07-26,sh.600919,9.02169886,9.0344234,8.67813628,8.7163099,9.0980461,122593150,844221995.27,0.8365,-4.1958,1,0
2021-07-27,sh.600919,8.70358536,8.74175898,8.3345737,8.3345737,8.7163099,132754993,880227095.94,0.9058,-4.3796,1,0
2021-07-28,sh.600919,8.29640008,8.38547186,8.15643014,8.18187922,8.3345737,100538680,651246466.64,0.686,-1.8321,1,0
2021-07-29,sh.600919,8.30912462,8.32184916,8.00373566,8.09280744,8.18187922,83373791,532722812.06,0.5689,-1.0886,1,0
2021-07-30,sh.600919,8.06735836,8.15643014,7.83831664,7.96556204,8.09280744,67763615,424784340.3,0.4624,-1.5723,1,0
2021-08-02,sh.600919,7.8892148,8.18187922,7.77469394,8.05463382,7.96556204,111410802,700586801.27,0.7589,1.1182,1,0
2021-08-03,sh.600919,8.02918474,8.22005284,7.94011296,8.1437056,8.05463382,77818764,496026919.1,0.5301,1.1058,1,0
2021-08-04,sh.600919,8.13098106,8.2073283,8.02918474,8.06735836,8.1437056,58148898,370172339.8,0.3961,-0.9375,1,0
2021-08-05,sh.600919,8.0164602,8.15643014,7.91466388,7.97828658,8.06735836,64326963,404454220.73,0.4382,-1.1041,1,0
2021-08-06,sh.600919,7.92738842,8.05463382,7.83831664,7.96556204,7.97828658,50820629,318183152.93,0.3462,-0.1595,1,0
2021-08-09,sh.600919,7.97828658,8.42364548,7.9528375,8.22005284,7.96556204,116515342,757116667.79,0.7937,3.1949,1,0
2021-08-10,sh.600919,8.270951,8.83083076,8.19460376,8.79265714,8.22005284,152035903,1026055591.01,1.0357,6.9659,1,0
2021-08-11,sh.600919,8.7799326,8.93262708,8.72903444,8.89445346,8.79265714,110573736,769669648.19,0.7532,1.1577,1,0
2021-08-12,sh.600919,8.86900438,8.95807616,8.76720806,8.86900438,8.89445346,54994967,383440725.6,0.3746,-0.2861,1,0
2021-08-13,sh.600919,8.88172892,8.907178,8.72903444,8.76720806,8.86900438,54148118,373928357.42,0.3689,-1.1478,1,0
2021-08-16,sh.600919,8.907178,9.00897432,8.70358536,8.75448352,8.76720806,73447445,509941843.64,0.5003,-0.1451,1,0
2021-08-17,sh.600919,8.69086082,8.89445346,8.5890645,8.62723812,8.75448352,58945538,403921841.01,0.4015,-1.4535,1,0
2021-08-18,sh.600919,8.57633996,8.9708007,8.57633996,8.85627984,8.62723812,97442632,673939178.97,0.6638,2.6549,1,0
2021-08-19,sh.600919,8.80538168,8.81810622,8.48726818,8.57633996,8.85627984,74637784,504532833.8,0.5084,-3.1609,1,0
2021-08-20,sh.600919,8.53816634,8.6526872,8.37274732,8.57633996,8.57633996,82381576,551774022.8,0.5612,0.0,1,0
2021-08-23,sh.600919,8.56361542,8.6526872,8.44909456,8.53816634,8.57633996,66064977,442765763.59,0.45,-0.4451,1,0
2021-08-24,sh.600919,8.57633996,8.9708007,8.53816634,8.72903444,8.53816634,112581831,773152532.94,0.7669,2.2355,1,0
2021-08-25,sh.600919,8.53816634,8.63996266,8.10553198,8.16915468,8.72903444,308534656,2009755476.67,2.1018,-6.414,1,0
2021-08-26,sh.600919,8.1437056,8.3345737,8.11825652,8.16915468,8.16915468,135590284,873447098.96,0.9236,0.0,1,0
2021-08-27,sh.600919,8.18187922,8.30912462,8.06735836,8.270951,8.16915468,106858052,690186085.61,0.7279,1.2461,1,0
2021-08-30,sh.600919,8.270951,8.3345737,7.94011296,8.0800829,8.270951,144112465,918174419.76,0.9817,-2.3077,1,0
2021-08-31,sh.600919,8.04190928,8.25822646,8.02918474,8.18187922,8.0800829,115854782,742978262.22,0.7892,1.2598,1,0
2021-09-01,sh.600919,8.22005284,8.3981964,8.15643014,8.29640008,8.18187922,147337267,959979668.96,1.0037,1.3997,1,0
2021-09-02,sh.600919,8.30912462,8.38547186,8.24550192,8.29640008,8.29640008,107163343,698582606.46,0.73,0.0,1,0
2021-09-03,sh.600919,8.32184916,8.34729824,8.11825652,8.23277738,8.29640008,112446759,728060706.35,0.766,-0.7669,1,0
2021-09-06,sh.600919,8.19460376,8.25822646,8.11825652,8.15643014,8.23277738,102387808,657566620.82,0.6975,-0.9274,1,0
2021-09-07,sh.600919,8.15643014,8.25822646,8.06735836,8.19460376,8.15643014,208414778,1332899944.68,1.4197,0.468,1,0
2021-09-08,sh.600919,8.16915468,8.43637002,8.1437056,8.30912462,8.19460376,156455820,1021482048.55,1.0658,1.3975,1,0
2021-09-09,sh.600919,8.28367554,8.30912462,8.11825652,8.1437056,8.30912462,163955264,1054458100.84,1.1169,-1.9908,1,0
2021-09-10,sh.600919,8.15643014,8.43637002,8.13098106,8.32184916,8.1437056,186573554,1219093864.37,1.2709,2.1875,1,0
2021-09-13,sh.600919,8.30912462,8.48726818,8.28367554,8.36002278,8.32184916,137296841,902523392.85,0.9353,0.4587,1,0
2021-09-14,sh.600919,8.38547186,8.4618191,8.05463382,8.09280744,8.36002278,188525564,1214994704.7,1.2842,-3.1963,1,0
2021-09-15,sh.600919,8.04190928,8.09280744,7.94011296,7.96556204,8.09280744,118015359,742611357.93,0.8039,-1.5723,1,0
2021-09-16,sh.600919,7.96556204,8.0164602,7.85104118,7.86376572,7.96556204,127204955,791811541.56,0.8665,-1.278,1,0
2021-09-17,sh.600919,7.85104118,7.86376572,7.59655038,7.62199946,7.86376572,170355918,1031476814.92,1.1605,-3.0744,1,0
2021-09-22,sh.600919,7.3802332,7.3802332,7.13846694,7.32933504,7.62199946,249214492,1421927551.76,1.6977,-3.8397,1,0
2021-09-23,sh.600919,7.41840682,7.46930498,7.3166105,7.3802332,7.32933504,129646542,752584572.41,0.8832,0.6944,1,0
2021-09-24,sh.600919,7.39295774,7.40568228,7.1257424,7.15119148,7.3802332,148839239,846931259.86,1.0139,-3.1034,1,0
2021-09-27,sh.600919,7.21481418,7.2529878,7.1257424,7.1893651,7.15119148,107948962,609417916.51,0.7354,0.5338,1,0
2021-09-28,sh.600919,7.1893651,7.5074786,7.16391602,7.43113136,7.1893651,171138080,990407558.74,1.1658,3.3628,1,0
2021-09-29,sh.600919,7.36750866,7.46930498,7.30388596,7.40568228,7.43113136,106321408,617243805.8,0.7243,-0.3425,1,0
2021-09-30,sh.600919,7.40568228,7.45658044,7.3166105,7.40568228,7.40568228,91366424,530130552.18,0.6224,0.0,1,0
2021-10-08,sh.600919,7.45658044,7.52020314,7.40568228,7.46930498,7.40568228,91573246,537290921.69,0.6238,0.8591,1,0
2021-10-11,sh.600919,7.5074786,7.71107124,7.5074786,7.64744854,7.46930498,124844973,750081283.74,0.8505,2.385,1,0
2021-10-12,sh.600919,7.60927492,7.86376572,7.58382584,7.72379578,7.64744854,149367603,907795963.99,1.0175,0.9983,1,0
2021-10-13,sh.600919,7.72379578,7.85104118,7.64744854,7.78741848,7.72379578,89146595,543290717.83,0.6073,0.8237,1,0
2021-10-14,sh.600919,7.74924486,7.85104118,7.62199946,7.634724,7.78741848,92396857,558491652.64,0.6294,-1.9608,1,0
2021-10-15,sh.600919,7.66017308,7.80014302,7.64744854,7.73652032,7.634724,112613670,684746787.63,0.7671,1.3333,1,0
2021-10-18,sh.600919,7.74924486,7.80014302,7.68562216,7.7619694,7.73652032,95282165,579682746.17,0.6491,0.3289,1,0
2021-10-19,sh.600919,7.74924486,7.90193934,7.73652032,7.78741848,7.7619694,132646378,815302920.14,0.9036,0.3279,1,0
2021-10-20,sh.600919,7.80014302,7.8255921,7.64744854,7.67289762,7.78741848,86769333,525625522.02,0.5911,-1.4706,1,0
2021-10-21,sh.600919,7.74924486,7.92738842,7.72379578,7.86376572,7.67289762,147296093,906823187.33,1.0034,2.4876,1,0
2021-10-22,sh.600919,7.8892148,8.05463382,7.80014302,7.92738842,7.86376572,125765152,783482367.7,0.8567,0.8091,1,0
2021-10-25,sh.600919,7.8892148,8.0164602,7.83831664,7.97828658,7.92738842,84182136,524893732.76,0.5735,0.6421,1,0
2021-10-26,sh.600919,7.97828658,8.16915468,7.96556204,8.13098106,7.97828658,112399259,715786775.68,0.7657,1.9139,1,0
2021-10-27,sh.600919,8.15643014,8.18187922,8.00373566,8.06735836,8.13098106,70439709,446343675.04,0.4798,-0.7825,1,0
2021-10-28,sh.600919,8.0164602,8.13098106,7.90193934,8.00373566,8.06735836,72784230,457228634.03,0.4958,-0.7886,1,0
2021-10-29,sh.600919,8.02918474,8.06735836,7.91466388,8.00373566,8.00373566,67256804,421970318.84,0.4582,0.0,1,0
2021-11-01,sh.600919,8.15643014,8.4618191,8.1437056,8.3981964,8.00373566,210373429,1377747831.46,1.4331,4.9285,1,0
2021-11-02,sh.600919,8.47454364,8.53816634,8.1437056,8.24550192,8.3981964,180781279,1181601898.86,1.2315,-1.8182,1,0
2021-11-03,sh.600919,8.23277738,8.34729824,8.2073283,8.25822646,8.24550192,90976002,590883290.82,0.6197,0.1543,1,0
2021-11-04,sh.600919,8.29640008,8.30912462,8.04190928,8.06735836,8.25822646,96213903,614978444.38,0.6554,-2.3112,1,0
2021-11-05,sh.600919,8.05463382,8.13098106,7.97828658,8.04190928,8.06735836,79718961,504209433.81,0.543,-0.3155,1,0
2021-11-08,sh.600919,8.02918474,8.05463382,7.80014302,7.85104118,8.04190928,99701162,618325396.18,0.6792,-2.3734,1,0
2021-11-09,sh.600919,7.87649026,7.91466388,7.81286756,7.86376572,7.85104118,47706688,294866919.65,0.325,0.1621,1,0
2021-11-10,sh.600919,7.83831664,7.87649026,7.74924486,7.8255921,7.86376572,60438119,370703352.0,0.4117,-0.4854,1,0
2021-11-11,sh.600919,7.81286756,8.09280744,7.78741848,8.05463382,7.8255921,93778171,587001044.91,0.6388,2.9268,1,0
2021-11-12,sh.600919,8.0800829,8.28367554,8.05463382,8.11825652,8.05463382,104264294,668404798.92,0.7103,0.7899,1,0
2021-11-15,sh.600919,8.10553198,8.2073283,8.05463382,8.11825652,8.11825652,64071994,409117695.3,0.4365,0.0,1,0
2021-11-16,sh.600919,8.11825652,8.15643014,7.96556204,8.00373566,8.11825652,58000427,366764438.23,0.3951,-1.4107,1,0
2021-11-17,sh.600919,7.9528375,7.97828658,7.80014302,7.8255921,8.00373566,84173311,520914586.15,0.5734,-2.2258,1,0
2021-11-18,sh.600919,7.78741848,7.8892148,7.77469394,7.78741848,7.8255921,65249964,401502013.97,0.4445,-0.4878,1,0
2021-11-19,sh.600919,7.8255921,7.8892148,7.7619694,7.86376572,7.78741848,63819639,391896458.24,0.4347,0.9804,1,0
2021-11-22,sh.600919,7.85104118,7.87649026,7.72379578,7.72379578,7.86376572,82378568,503541088.74,0.5612,-1.7799,1,0
2021-11-23,sh.600919,7.72379578,7.78741848,7.67289762,7.6983467,7.72379578,74839669,454486913.09,0.5098,-0.3295,1,0
2021-11-24,sh.600919,7.6983467,7.72379578,7.634724,7.64744854,7.6983467,82818807,498654042.71,0.5642,-0.6612,1,0
2021-11-25,sh.600919,7.66017308,7.68562216,7.60927492,7.64744854,7.64744854,53769058,323238784.59,0.3663,0.0,1,0
2021-11-26,sh.600919,7.634724,7.64744854,7.55837676,7.55837676,7.64744854,66092367,394103812.63,0.4502,-1.1647,1,0
2021-11-29,sh.600919,7.5074786,7.53292768,7.4438559,7.5074786,7.55837676,81073451,477521191.02,0.5523,-0.6734,1,0
2021-11-30,sh.600919,7.54565222,7.59655038,7.45658044,7.49475406,7.5074786,68417518,404182529.1,0.4661,-0.1695,1,0
2021-12-01,sh.600919,7.5074786,7.634724,7.48202952,7.59655038,7.49475406,70988838,421496142.07,0.4836,1.3582,1,0
2021-12-02,sh.600919,7.58382584,7.634724,7.53292768,7.59655038,7.59655038,61276058,365011375.81,0.4174,0.0,1,0
2021-12-03,sh.600919,7.62199946,7.62199946,7.5074786,7.59655038,7.59655038,76124208,452082139.6,0.5186,0.0,1,0
2021-12-06,sh.600919,7.62199946,7.7619694,7.59655038,7.64744854,7.59655038,115738041,699725842.66,0.7884,0.67,1,0
2021-12-07,sh.600919,7.71107124,7.77469394,7.64744854,7.73652032,7.64744854,108869371,660780138.95,0.7416,1.1647,1,0
2021-12-08,sh.600919,7.72379578,7.74924486,7.62199946,7.67289762,7.73652032,108295309,652248201.13,0.7377,-0.8224,1,0
2021-12-09,sh.600919,7.66017308,7.83831664,7.62199946,7.74924486,7.67289762,125834554,766243626.62,0.8572,0.995,1,0
2021-12-10,sh.600919,7.71107124,7.74924486,7.62199946,7.67289762,7.74924486,121550910,732542361.99,0.828,-0.9852,1,0
2021-12-13,sh.600919,7.68562216,7.7619694,7.634724,7.634724,7.67289762,91285347,551647385.23,0.6218,-0.4975,1,0
2021-12-14,sh.600919,7.634724,7.64744854,7.49475406,7.52020314,7.634724,107337874,636664423.07,0.7312,-1.5,1,0
2021-12-15,sh.600919,7.5074786,7.54565222,7.48202952,7.52020314,7.52020314,56740364,334877605.95,0.3865,0.0,1,0
2021-12-16,sh.600919,7.52020314,7.55837676,7.49475406,7.53292768,7.52020314,61348765,362785231.47,0.4179,0.1692,1,0
2021-12-17,sh.600919,7.54565222,7.5711013,7.4438559,7.45658044,7.53292768,125403520,737872307.0,0.8543,-1.0135,1,0
2021-12-20,sh.600919,7.43113136,7.4438559,7.24026326,7.29116142,7.45658044,168996734,974491993.29,1.1512,-2.2184,1,0
2021-12-21,sh.600919,7.29116142,7.5074786,7.27843688,7.46930498,7.29116142,126466854,736010214.24,0.8615,2.4433,1,0
2021-12-22,sh.600919,7.49475406,7.49475406,7.41840682,7.41840682,7.46930498,61337309,359221147.06,0.4178,-0.6814,1,0
2021-12-23,sh.600919,7.4438559,7.46930498,7.3802332,7.40568228,7.41840682,48734434,283786210.02,0.332,-0.1715,1,0
2021-12-24,sh.600919,7.40568228,7.41840682,7.34205958,7.35478412,7.40568228,49630035,287361067.37,0.3381,-0.6873,1,0
2021-12-27,sh.600919,7.3802332,7.39295774,7.32933504,7.36750866,7.35478412,49781066,287786430.71,0.3391,0.173,1,0
2021-12-28,sh.600919,7.36750866,7.43113136,7.34205958,7.39295774,7.36750866,54529381,317049332.42,0.3715,0.3454,1,0
2021-12-29,sh.600919,7.39295774,7.41840682,7.36750866,7.39295774,7.39295774,43958534,255308566.46,0.2994,0.0,1,0
2021-12-30,sh.600919,7.39295774,7.4438559,7.3802332,7.39295774,7.39295774,51193275,298026078.08,0.3487,0.0,1,0
2021-12-31,sh.600919,7.40568228,7.43113136,7.3802332,7.41840682,7.39295774,56845675,330989336.2,0.3872,0.3442,1,0
2022-01-04,sh.600919,7.43113136,7.59655038,7.40568228,7.59655038,7.41840682,135421060,799643578.94,0.9225,2.4014,1,0
2022-01-05,sh.600919,7.60927492,7.7619694,7.59655038,7.71107124,7.59655038,163312396,988690288.3,1.1125,1.5075,1,0
2022-01-06,sh.600919,7.6983467,7.74924486,7.67289762,7.68562216,7.71107124,99200248,600745515.1,0.6758,-0.33,1,0
2022-01-07,sh.600919,7.67289762,7.91466388,7.67289762,7.8892148,7.68562216,170106237,1049396809.01,1.1588,2.649,1,0
2022-01-10,sh.600919,7.92738842,8.0164602,7.83831664,7.94011296,7.8892148,133540222,831126171.23,0.9097,0.6452,1,0
2022-01-11,sh.600919,8.0164602,8.29640008,7.96556204,8.19460376,7.94011296,211061937,1354397073.44,1.4378,3.2051,1,0
2022-01-12,sh.600919,8.3981964,8.4618191,8.24550192,8.37274732,8.19460376,268130757,1761174396.5,1.8265,2.1739,1,0
2022-01-13,sh.600919,8.32184916,8.72903444,8.30912462,8.56361542,8.37274732,222675221,1501829247.56,1.5169,2.2796,1,0
2022-01-14,sh.600919,8.56361542,8.56361542,8.16915468,8.23277738,8.56361542,204628516,1332121061.07,1.3939,-3.8633,1,0
2022-01-17,sh.600919,8.25822646,8.37274732,8.15643014,8.28367554,8.23277738,107837086,700197067.25,0.7346,0.6182,1,0
2022-01-18,sh.600919,8.32184916,8.60178904,8.270951,8.57633996,8.28367554,165241247,1100091308.34,1.1256,3.533,1,0
2022-01-19,sh.600919,8.57633996,8.62723812,8.48726818,8.55089088,8.57633996,119031401,798885941.6,0.8108,-0.2967,1,0
2022-01-20,sh.600919,8.5254418,8.80538168,8.49999272,8.7163099,8.55089088,180341953,1233060229.46,1.2285,1.9345,1,0
2022-01-21,sh.600919,8.6526872,8.8435553,8.60178904,8.66541174,8.7163099,145662344,996163149.53,0.9923,-0.5839,1,0
2022-01-24,sh.600919,8.62723812,8.8435553,8.51271726,8.69086082,8.66541174,111218814,759139602.81,0.7576,0.2937,1,0
2022-01-25,sh.600919,8.62723812,8.67813628,8.47454364,8.49999272,8.69086082,102796477,692520298.78,0.7003,-2.1962,1,0
2022-01-26,sh.600919,8.5254418,8.61451358,8.3981964,8.55089088,8.49999272,86849198,581897594.33,0.5916,0.5988,1,0
2022-01-27,sh.600919,8.5254418,8.63996266,8.47454364,8.53816634,8.55089088,100692838,676921243.12,0.6859,-0.1488,1,0
2022-01-28,sh.600919,8.55089088,8.57633996,8.36002278,8.37274732,8.53816634,114903542,762455335.93,0.7827,-1.9374,1,0
2022-02-07,sh.600919,8.48726818,8.67813628,8.4618191,8.6526872,8.37274732,148084324,1001773741.5,1.0088,3.3435,1,0
2022-02-08,sh.600919,8.62723812,8.79265714,8.61451358,8.75448352,8.6526872,125305579,856978136.05,0.8536,1.1765,1,0
2022-02-09,sh.600919,8.74175898,8.83083076,8.61451358,8.66541174,8.75448352,130149300,890087626.4,0.8866,-1.0174,1,0
2022-02-10,sh.600919,8.66541174,8.81810622,8.60178904,8.79265714,8.66541174,89894156,615771695.72,0.6124,1.4684,1,0
2022-02-11,sh.600919,8.76720806,9.08532156,8.76720806,8.9708007,8.79265714,165682262,1169747223.0,1.1286,2.026,1,0
2022-02-14,sh.600919,8.9708007,8.98352524,8.5890645,8.62723812,8.9708007,175605704,1203519878.68,1.1962,-3.8298,1,0
2022-02-15,sh.600919,8.5890645,8.7799326,8.42364548,8.49999272,8.62723812,154821969,1043809867.03,1.0547,-1.4749,1,0
2022-02-16,sh.600919,8.49999272,8.66541174,8.48726818,8.5890645,8.49999272,89953356,606339173.84,0.6128,1.0479,1,0
2022-02-17,sh.600919,8.60178904,8.70358536,8.51271726,8.60178904,8.5890645,97809897,663001611.32,0.6663,0.1481,1,0
2022-02-18,sh.600919,8.57633996,8.85627984,8.53816634,8.80538168,8.60178904,124476727,855470259.52,0.8479,2.3669,1,0
2022-02-21,sh.600919,8.79265714,8.81810622,8.63996266,8.76720806,8.80538168,86636773,593511446.55,0.5902,-0.4335,1,0
2022-02-22,sh.600919,8.69086082,8.79265714,8.63996266,8.70358536,8.76720806,64028589,438030219.52,0.4362,-0.7257,1,0
2022-02-23,sh.600919,8.7163099,8.75448352,8.57633996,8.62723812,8.70358536,78224653,531718635.67,0.5329,-0.8772,1,0
2022-02-24,sh.600919,8.61451358,8.6526872,8.44909456,8.47454364,8.62723812,94685870,635290465.69,0.645,-1.7699,1,0
2022-02-25,sh.600919,8.5254418,8.55089088,8.34729824,8.4618191,8.47454364,87958278,583427418.88,0.5992,-0.1502,1,0
2022-02-28,sh.600919,8.41092094,8.5254418,8.30912462,8.4618191,8.4618191,66590964,439790592.0,0.4536,0.0,1,0
2022-03-01,sh.600919,8.4618191,8.72903444,8.44909456,8.70358536,8.4618191,105492404,713397808.0,0.7186,2.8571,1,0
2022-03-02,sh.600919,8.6526872,8.79265714,8.62723812,8.69086082,8.70358536,80943392,554580512.0,0.5514,-0.1462,1,0
2022-03-03,sh.600919,8.7163099,8.8435553,8.69086082,8.80538168,8.69086082,97894926,675110336.0,0.6669,1.3177,1,0
2022-03-04,sh.600919,8.76720806,8.88172892,8.57633996,8.83083076,8.80538168,125084830,861826720.0,0.8521,0.289,1,0
2022-03-07,sh.600919,8.76720806,8.88172892,8.61451358,8.66541174,8.83083076,91031346,625422384.0,0.6201,-1.8732,1,0
2022-03-08,sh.600919,8.6526872,8.69086082,8.38547186,8.41092094,8.66541174,92367384,620393440.0,0.6292,-2.9369,1,0
2022-03-09,sh.600919,8.43637002,8.48726818,7.97828658,8.29640008,8.41092094,121266746,788879456.0,0.8261,-1.3616,1,0
2022-03-10,sh.600919,8.42364548,8.56361542,8.3345737,8.51271726,8.29640008,105231831,701819760.0,0.7168,2.6074,1,0
2022-03-11,sh.600919,8.47454364,8.51271726,8.23277738,8.44909456,8.51271726,125787613,827680928.0,0.8569,-0.7474,1,0
2022-03-14,sh.600919,8.3345737,8.3981964,8.09280744,8.10553198,8.44909456,112177265,727423024.0,0.7642,-4.0663,1,0
2022-03-15,sh.600919,8.02918474,8.0800829,7.64744854,7.66017308,8.10553198,190911575,1173692032.0,1.3005,-5.4945,1,0
2022-03-16,sh.600919,7.77469394,8.04190928,7.5711013,7.96556204,7.66017308,135911402,835419104.0,0.9258,3.9867,1,0
2022-03-17,sh.600919,8.09280744,8.1437056,7.9528375,7.96556204,7.96556204,96559609,609813472.0,0.6578,0.0,1,0
2022-03-18,sh.600919,7.90193934,8.30912462,7.90193934,8.25822646,7.96556204,101406173,649303745.9,0.6908,3.6741,1,0
2022-03-21,sh.600919,8.23277738,8.28367554,8.04190928,8.13098106,8.25822646,88632743,568587034.75,0.6038,-1.5408,1,0
2022-03-22,sh.600919,8.10553198,8.5254418,8.09280744,8.41092094,8.13098106,117531143,770778455.19,0.8006,3.4429,1,0
2022-03-23,sh.600919,8.37274732,8.55089088,8.30912462,8.4618191,8.41092094,108825008,719601146.39,0.7413,0.6051,1,0
2022-03-24,sh.600919,8.41092094,8.69086082,8.34729824,8.63996266,8.4618191,116997454,791323242.02,0.797,2.1053,1,0
2022-03-25,sh.600919,8.66541174,8.69086082,8.48726818,8.53816634,8.63996266,65644223,442231078.77,0.4472,-1.1782,1,0
2022-03-28,sh.600919,8.48726818,8.62723812,8.29640008,8.55089088,8.53816634,99266887,662958749.67,0.6762,0.149,1,0
2022-03-29,sh.600919,8.5254418,8.6526872,8.44909456,8.5890645,8.55089088,82530105,555294974.84,0.5622,0.4464,1,0
2022-03-30,sh.600919,8.5890645,8.70358536,8.5254418,8.66541174,8.5890645,61757616,418803092.98,0.4207,0.8889,1,0
2022-03-31,sh.600919,8.62723812,8.99624978,8.60178904,8.9708007,8.66541174,151619706,1060247001.66,1.0328,3.5242,1,0
2022-04-01,sh.600919,8.93262708,9.33981236,8.907178,9.31436328,8.9708007,178218802,1288868360.72,1.214,3.8298,1,0
2022-04-06,sh.600919,9.27618966,9.58157862,9.23801604,9.46705776,9.31436328,139660952,1038450172.76,0.9514,1.6393,1,0
2022-04-07,sh.600919,9.4161596,9.6070277,9.21256696,9.2889142,9.46705776,167290670,1236941071.59,1.1396,-1.8817,1,0
2022-04-08,sh.600919,9.32708782,9.44160868,9.1616688,9.36526144,9.2889142,112462130,822564205.61,0.7661,0.8219,1,0
2022-04-11,sh.600919,9.32708782,9.36526144,9.12349518,9.21256696,9.36526144,116158620,842252326.32,0.7913,-1.6304,1,0
2022-04-12,sh.600919,9.19984242,9.45433322,9.07259702,9.31436328,9.21256696,126934917,923484859.15,0.8647,1.105,1,0
2022-04-13,sh.600919,9.39071052,9.56885408,9.30163874,9.31436328,9.31436328,125066966,926314553.85,0.852,0.0,1,0
2022-04-14,sh.600919,9.40343506,9.44160868,9.21256696,9.26346512,9.31436328,107537883,787873251.56,0.7326,-0.5464,1,0
2022-04-15,sh.600919,9.23801604,9.63247678,9.21256696,9.6070277,9.26346512,123059899,917440389.03,0.8383,3.7088,1,0
2022-04-18,sh.600919,9.44160868,9.543405,9.21256696,9.23801604,9.6070277,132403451,973114038.44,0.9019,-3.8411,1,0
2022-04-19,sh.600919,9.23801604,9.46705776,9.14894426,9.40343506,9.23801604,114806188,845318118.18,0.7821,1.7906,1,0
2022-04-20,sh.600919,9.45433322,9.56885408,9.25074058,9.2889142,9.40343506,79336554,584520252.33,0.5404,-1.2179,1,0
2022-04-21,sh.600919,9.17439334,9.37798598,9.11077064,9.1616688,9.2889142,97231712,705780939.73,0.6623,-1.3699,1,0
2022-04-22,sh.600919,9.0980461,9.55612954,9.07259702,9.53068046,9.1616688,138474457,1027792555.38,0.9433,4.0278,1,0
2022-04-25,sh.600919,9.40343506,9.50523138,9.0344234,9.04714794,9.53068046,159932931,1166236267.0,1.0895,-5.0734,1,0
2022-04-26,sh.600919,9.11077064,9.27618966,8.99624978,9.02169886,9.04714794,116288922,833571405.63,0.7922,-0.2813,1,0
2022-04-27,sh.600919,8.99624978,9.18711788,8.88172892,9.04714794,9.02169886,102898797,731035893.04,0.701,0.2821,1,0
2022-04-28,sh.600919,9.04714794,9.45433322,9.04714794,9.40343506,9.04714794,144221472,1054332248.48,0.9824,3.9381,1,0
2022-04-29,sh.600919,9.55612954,9.61975224,9.18711788,9.32708782,9.40343506,177278992,1304939107.67,1.2076,-0.8119,1,0
2022-05-05,sh.600919,9.31436328,9.42888414,9.19984242,9.27618966,9.32708782,98169849,717216938.74,0.6687,-0.5457,1,0
2022-05-06,sh.600919,9.14894426,9.1616688,8.76720806,8.76720806,9.27618966,133851165,940308322.88,0.9118,-5.487,1,0
2022-05-09,sh.600919,8.66541174,8.74175898,8.47454364,8.53816634,8.76720806,135114833,910366735.89,0.9204,-2.6125,1,0
2022-05-10,sh.600919,8.47454364,8.907178,8.43637002,8.88172892,8.53816634,128687940,880436697.68,0.8766,4.0238,1,0
2022-05-11,sh.600919,8.81810622,8.94535162,8.7799326,8.7799326,8.88172892,79711016,552976814.42,0.543,-1.1461,1,0
2022-05-12,sh.600919,8.80538168,8.93262708,8.72903444,8.85627984,8.7799326,56344389,392357020.88,0.3838,0.8696,1,0
2022-05-13,sh.600919,8.907178,9.19984242,8.907178,9.13621972,8.85627984,92890073,666176766.39,0.6328,3.1609,1,0
2022-05-16,sh.600919,9.14894426,9.14894426,8.89445346,9.02169886,9.13621972,72458767,512168193.82,0.4936,-1.2535,1,0
2022-05-17,sh.600919,9.0344234,9.2889142,8.95807616,9.0980461,9.02169886,91218378,652831287.75,0.6214,0.8463,1,0
2022-05-18,sh.600919,9.0980461,9.11077064,8.8435553,8.93262708,9.0980461,81298491,570704713.47,0.5538,-1.8182,1,0
2022-05-19,sh.600919,8.81810622,9.00897432,8.79265714,8.89445346,8.93262708,66236743,463067283.15,0.4512,-0.4274,1,0
2022-05-20,sh.600919,8.85627984,8.99624978,8.8435553,8.94535162,8.89445346,69505385,488250492.43,0.4735,0.5722,1,0
2022-05-23,sh.600919,8.94535162,8.94535162,8.72903444,8.80538168,8.94535162,84785335,587927831.81,0.5776,-1.5647,1,0
2022-05-24,sh.600919,8.83083076,8.86900438,8.63996266,8.6526872,8.80538168,75556584,518678516.01,0.5147,-1.7341,1,0
2022-05-25,sh.600919,8.69086082,8.7163099,8.61451358,8.6526872,8.6526872,58326755,396952607.6,0.3973,0.0,1,0
2022-05-26,sh.600919,8.76084984,8.84196882,8.66621103,8.7878895,8.6526912,91024876,589119979.83,0.6201,1.5625,1,0
2022-05-27,sh.600919,8.80140933,9.03124644,8.76084984,8.90956797,8.7878895,75574606,498487581.17,0.5148,1.3846,1,0
2022-05-30,sh.600919,8.9230878,9.00420678,8.70677052,8.77436967,8.90956797,61670724,402045798.97,0.4201,-1.5175,1,0
2022-05-31,sh.600919,8.76084984,8.81492916,8.66621103,8.67973086,8.77436967,73681981,475356347.2,0.5019,-1.0786,1,0
2022-06-01,sh.600919,8.72029035,8.72029035,8.57157222,8.6526912,8.67973086,71233732,454732645.96,0.4852,-0.3115,1,0
2022-06-02,sh.600919,8.62565154,8.70677052,8.59861188,8.62565154,8.6526912,58862930,376503811.74,0.401,-0.3125,1,0
2022-06-06,sh.600919,8.59861188,8.6526912,8.44989375,8.55805239,8.62565154,144740032,912510435.54,0.986,-0.7837,1,0
2022-06-07,sh.600919,8.53101273,8.88252831,8.50397307,8.82844899,8.55805239,138417600,897705470.38,0.9429,3.1596,1,0
2022-06-08,sh.600919,8.80140933,8.90956797,8.76084984,8.85548865,8.82844899,80629585,526582670.15,0.5493,0.3063,1,0
2022-06-09,sh.600919,8.82844899,9.07180593,8.82844899,8.99068695,8.85548865,102145804,678188905.07,0.6958,1.5267,1,0
2022-06-10,sh.600919,9.0582861,9.08532576,8.90956797,9.03124644,8.99068695,94005005,625945329.22,0.6404,0.4511,1,0
2022-06-13,sh.600919,8.99068695,8.99068695,8.77436967,8.89604814,9.03124644,89320807,585685047.62,0.6085,-1.497,1,0
2022-06-14,sh.600919,8.84196882,9.1934844,8.81492916,9.16644474,8.89604814,133227881,894622344.93,0.9076,3.0395,1,0
2022-06-15,sh.600919,9.20700423,9.43684134,9.1934844,9.23404389,9.16644474,148446341,1022313614.25,1.0112,0.7375,1,0
2022-06-16,sh.600919,9.24756372,9.28812321,9.04476627,9.08532576,9.23404389,66797192,451106421.87,0.455,-1.6105,1,0
2022-06-17,sh.600919,9.04476627,9.12588525,8.96364729,9.0582861,9.08532576,80900682,539840946.61,0.5511,-0.2976,1,0
2022-06-20,sh.600919,9.00420678,9.07180593,8.86900848,8.93660763,9.0582861,99031214,654178918.2,0.6746,-1.3433,1,0
2022-06-21,sh.600919,8.95012746,9.11236542,8.90956797,9.0582861,8.93660763,68662443,459537764.84,0.4677,1.3616,1,0
2022-06-22,sh.600919,9.07180593,9.08532576,8.9230878,8.93660763,9.0582861,58851347,390550759.43,0.4009,-1.3433,1,0
2022-06-23,sh.600919,8.96364729,9.00420678,8.88252831,8.96364729,8.93660763,53375174,352632302.46,0.3636,0.3026,1,0
2022-06-24,sh.600919,8.95012746,8.97716712,8.7878895,8.82844899,8.96364729,81165651,530777637.21,0.5529,-1.5083,1,0
2022-06-27,sh.600919,8.84196882,9.22052406,8.82844899,9.17996457,8.82844899,141783434,950722505.4,0.9658,3.9816,1,0
2022-06-28,sh.600919,9.16644474,9.49092066,9.12588525,9.47740083,9.17996457,143710780,995357562.3,0.979,3.2401,1,0
2022-06-29,sh.600919,9.50444049,9.61259913,9.40980168,9.43684134,9.47740083,125125198,878169095.65,0.8524,-0.428,1,0
2022-06-30,sh.600919,9.47740083,9.72075777,9.40980168,9.62611896,9.43684134,100781299,715006968.61,0.6865,2.0057,1,0
2022-07-01,sh.600919,9.61259913,9.78835692,9.57203964,9.70723794,9.62611896,86886011,624416483.22,0.5919,0.8427,1,0
2022-07-04,sh.600919,9.65315862,9.84243624,9.61259913,9.77483709,9.70723794,122594523,883211716.91,0.8351,0.6964,1,0
2022-07-05,sh.600919,9.80187675,9.8694759,9.68019828,9.72075777,9.77483709,71194376,514747950.66,0.485,-0.5533,1,0
2022-07-06,sh.600919,9.70723794,9.7342776,9.49092066,9.54499998,9.72075777,68104597,481337457.28,0.4639,-1.8081,1,0
2022-07-07,sh.600919,9.58555947,9.76131726,9.51796032,9.5990793,9.54499998,61877685,440730621.35,0.4215,0.5666,1,0
2022-07-08,sh.600919,9.62611896,9.63963879,9.463881,9.50444049,9.5990793,52202653,367940874.45,0.3556,-0.9859,1,0
2022-07-11,sh.600919,9.54499998,9.78835692,9.54499998,9.65315862,9.50444049,88726382,634918349.28,0.6044,1.5647,1,0
2022-07-12,sh.600919,9.69371811,9.92355522,9.65315862,9.84243624,9.65315862,86842824,632562126.75,0.5916,1.9608,1,0
2022-07-13,sh.600919,9.80187675,9.80187675,9.36924219,9.40980168,9.84243624,128793445,903437178.07,0.8773,-4.3956,1,0
2022-07-14,sh.600919,9.36924219,9.39628185,9.08532576,9.31516287,9.40980168,137784022,944313927.75,0.9386,-1.0057,1,0
2022-07-15,sh.600919,9.34220253,9.54499998,9.1934844,9.1934844,9.31516287,96712729,667630837.27,0.6588,-1.3062,1,0
2022-07-18,sh.600919,9.49092066,9.84243624,9.49092066,9.5990793,9.1934844,200735171,1435734347.21,1.3674,4.4118,1,0
2022-07-19,sh.600919,9.63963879,9.82891641,9.54499998,9.70723794,9.5990793,87405783,627240226.41,0.5954,1.1268,1,0
2022-07-20,sh.600919,9.77483709,10.03171386,9.7342776,9.96411471,9.70723794,135005809,993237806.91,0.9197,2.6462,1,0
2022-07-21,sh.600919,9.92355522,9.95059488,9.58555947,9.58555947,9.96411471,98707423,709975985.41,0.6724,-3.7992,1,0
2022-07-22,sh.600919,9.62611896,9.7342776,9.55851981,9.66667845,9.58555947,57439109,409483949.2,0.3913,0.8463,1,0
2022-07-25,sh.600919,9.62611896,9.70723794,9.55851981,9.65315862,9.66667845,57168292,407515649.14,0.3894,-0.1399,1,0
2022-07-26,sh.600919,9.65315862,9.93707505,9.62611896,9.92355522,9.65315862,96294203,701519242.17,0.656,2.8011,1,0
2022-07-27,sh.600919,9.92355522,9.92355522,9.74779743,9.78835692,9.92355522,59330844,430622048.85,0.4042,-1.3624,1,0
2022-07-28,sh.600919,9.77483709,9.8694759,9.69371811,9.72075777,9.78835692,66204040,478466756.21,0.451,-0.6906,1,0
2022-07-29,sh.600919,9.69371811,9.80187675,9.63963879,9.7342776,9.72075777,72997801,525207313.93,0.4973,0.1391,1,0
2022-08-01,sh.600919,9.69371811,9.80187675,9.50444049,9.7342776,9.7342776,82853808,592407161.23,0.5644,0.0,1,0
2022-08-02,sh.600919,9.62611896,9.66667845,9.40980168,9.47740083,9.7342776,125708339,882327774.43,0.8559,-2.6389,1,0
2022-08-03,sh.600919,9.51796032,9.62611896,9.35572236,9.38276202,9.47740083,67089446,471053100.37,0.4568,-0.9986,1,0
2022-08-04,sh.600919,9.43684134,9.47740083,9.28812321,9.38276202,9.38276202,65354720,452982956.0,0.445,0.0,1,0
2022-08-05,sh.600919,9.38276202,9.49092066,9.27460338,9.47740083,9.38276202,58871746,408479263.0,0.4008,1.0086,1,0
2022-08-08,sh.600919,9.43684134,9.58555947,9.38276202,9.39628185,9.47740083,49917591,349120644.0,0.3399,-0.8559,1,0
2022-08-09,sh.600919,9.43684134,9.45036117,9.31516287,9.3286827,9.39628185,42359153,292868917.0,0.2884,-0.7194,1,0
2022-08-10,sh.600919,9.30164304,9.35572236,9.17996457,9.22052406,9.3286827,53884048,368440639.0,0.3669,-1.1594,1,0
2022-08-11,sh.600919,9.26108355,9.42332151,9.16644474,9.39628185,9.22052406,86044386,590904441.0,0.5858,1.9062,1,0
2022-08-12,sh.600919,9.34220253,9.47740083,9.28812321,9.42332151,9.39628185,65034031,451677875.0,0.4428,0.2878,1,0
2022-08-15,sh.600919,9.38276202,9.42332151,9.24756372,9.28812321,9.42332151,66112635,455185754.46,0.4501,-1.4347,1,0
2022-08-16,sh.600919,9.28812321,9.34220253,9.16644474,9.23404389,9.28812321,71034801,485132043.79,0.4836,-0.5822,1,0
2022-08-17,sh.600919,9.24756372,9.36924219,9.17996457,9.34220253,9.23404389,63014596,432470874.97,0.429,1.1713,1,0
2022-08-18,sh.600919,9.31516287,9.34220253,9.12588525,9.16644474,9.34220253,72369839,491882982.7,0.4927,-1.8813,1,0
2022-08-19,sh.600919,9.13940508,9.36924219,9.12588525,9.34220253,9.16644474,78051312,536342829.96,0.5314,1.9174,1,0
2022-08-22,sh.600919,9.30164304,9.43684134,9.27460338,9.30164304,9.34220253,54364293,375820647.55,0.3701,-0.4342,1,0
2022-08-23,sh.600919,9.27460338,9.36924219,9.16644474,9.3286827,9.30164304,58935016,404156313.1,0.4012,0.2907,1,0
2022-08-24,sh.600919,9.3286827,9.42332151,9.1934844,9.20700423,9.3286827,63641554,437656308.37,0.4333,-1.3043,1,0
2022-08-25,sh.600919,9.22052406,9.43684134,9.20700423,9.40980168,9.20700423,58687813,405074756.71,0.3996,2.2026,1,0
2022-08-26,sh.600919,9.43684134,9.62611896,9.38276202,9.57203964,9.40980168,81460087,574407143.85,0.5546,1.7241,1,0
2022-08-29,sh.600919,9.49092066,9.55851981,9.3286827,9.47740083,9.57203964,66909522,466975404.0,0.4555,-0.9887,1,0
2022-08-30,sh.600919,9.5990793,9.7342776,9.58555947,9.65315862,9.47740083,99014734,707868082.74,0.6741,1.8545,1,0
2022-08-31,sh.600919,9.68019828,9.89651556,9.63963879,9.80187675,9.65315862,134934888,978626850.98,0.9187,1.5406,1,0
2022-09-01,sh.600919,9.77483709,9.8694759,9.69371811,9.80187675,9.80187675,69995074,508662209.63,0.4765,0.0,1,0
2022-09-02,sh.600919,9.84243624,10.01819403,9.81539658,9.92355522,9.80187675,109589450,806182699.55,0.7461,1.2414,1,0
2022-09-05,sh.600919,9.96411471,10.0046742,9.81539658,9.97763454,9.92355522,71925757,528187200.36,0.4897,0.545,1,0
2022-09-06,sh.600919,10.01819403,10.16691216,9.97763454,10.05875352,9.97763454,99185205,740722957.11,0.6753,0.813,1,0
2022-09-07,sh.600919,10.05875352,10.12635267,9.97763454,10.03171386,10.05875352,63685925,472760630.97,0.4336,-0.2688,1,0
2022-09-08,sh.600919,10.11283284,10.26155097,10.05875352,10.19395182,10.03171386,114528042,862781723.0,0.7797,1.6173,1,0
2022-09-09,sh.600919,10.16691216,10.36970961,10.15339233,10.30211046,10.19395182,103133040,785179650.91,0.7022,1.061,1,0
2022-09-13,sh.600919,10.32915012,10.38322944,10.22099148,10.24803114,10.30211046,103141571,785384608.69,0.7022,-0.5249,1,0
2022-09-14,sh.600919,10.1398725,10.23451131,10.11283284,10.16691216,10.24803114,71481813,537192102.04,0.4867,-0.7916,1,0
2022-09-15,sh.600919,10.16691216,10.31563029,10.07227335,10.12635267,10.16691216,93929327,706559640.89,0.6395,-0.3989,1,0
2022-09-16,sh.600919,10.12635267,10.16691216,9.89651556,9.91003539,10.12635267,89185001,659529210.32,0.6072,-2.1362,1,0
2022-09-19,sh.600919,10.0046742,10.0046742,9.88299573,9.97763454,9.91003539,52287903,385076927.25,0.356,0.6821,1,0
2022-09-20,sh.600919,10.01819403,10.04523369,9.88299573,9.96411471,9.97763454,52234218,385609172.58,0.3556,-0.1355,1,0
2022-09-21,sh.600919,9.96411471,10.19395182,9.93707505,10.04523369,9.96411471,67917926,506713055.27,0.4624,0.8141,1,0
2022-09-22,sh.600919,10.0046742,10.12635267,9.99115437,10.11283284,10.04523369,48845631,363554638.99,0.3326,0.6729,1,0
2022-09-23,sh.600919,10.08579318,10.22099148,10.01819403,10.05875352,10.11283284,52362340,391289630.0,0.3565,-0.5348,1,0
2022-09-26,sh.600919,10.01819403,10.15339233,9.95059488,9.95059488,10.05875352,71627343,532843165.82,0.4877,-1.0753,1,0
2022-09-27,sh.600919,10.0046742,10.07227335,9.84243624,10.05875352,9.95059488,51967477,382985798.98,0.3538,1.087,1,0
2022-09-28,sh.600919,10.01819403,10.24803114,9.96411471,10.1398725,10.05875352,78971783,593631587.73,0.5377,0.8065,1,0
2022-09-29,sh.600919,10.19395182,10.22099148,9.89651556,9.96411471,10.1398725,84157386,624494401.25,0.573,-1.7333,1,0
2022-09-30,sh.600919,9.96411471,10.1398725,9.96411471,10.05875352,9.96411471,51799315,386036580.12,0.3527,0.9498,1,0
2022-10-10,sh.600919,10.03171386,10.23451131,10.01819403,10.1398725,10.05875352,73661052,552553198.55,0.5015,0.8065,1,0
2022-10-11,sh.600919,10.11283284,10.18043199,9.96411471,9.97763454,10.1398725,63742787,473116536.07,0.434,-1.6,1,0
2022-10-12,sh.600919,10.03171386,10.2750708,9.96411471,10.26155097,9.97763454,83121954,625039194.36,0.5659,2.8455,1,0
2022-10-13,sh.600919,10.22099148,10.28859063,9.88299573,9.89651556,10.26155097,105877001,782907159.32,0.7208,-3.5573,1,0
2022-10-14,sh.600919,9.97763454,10.20747165,9.96411471,10.01819403,9.89651556,85498168,636803691.09,0.5821,1.2295,1,0
2022-10-17,sh.600919,9.99115437,10.0046742,9.8694759,9.91003539,10.01819403,56063696,412075871.21,0.3817,-1.0796,1,0
2022-10-18,sh.600919,9.99115437,10.12635267,9.92355522,9.95059488,9.91003539,67420341,498691175.55,0.459,0.4093,1,0
2022-10-19,sh.600919,9.93707505,10.03171386,9.88299573,9.92355522,9.95059488,51794113,381418354.35,0.3526,-0.2717,1,0
2022-10-20,sh.600919,9.89651556,10.03171386,9.84243624,9.93707505,9.92355522,52713373,387481499.57,0.3589,0.1362,1,0
2022-10-21,sh.600919,9.99115437,10.05875352,9.92355522,9.96411471,9.93707505,49770621,368249568.94,0.3389,0.2721,1,0
2022-10-24,sh.600919,9.99115437,9.99115437,9.55851981,9.61259913,9.96411471,109493823,787818664.89,0.7455,-3.5278,1,0
2022-10-25,sh.600919,9.57203964,9.85595607,9.55851981,9.82891641,9.61259913,89255278,644035161.48,0.6077,2.2504,1,0
2022-10-26,sh.600919,9.82891641,9.88299573,9.463881,9.53148015,9.82891641,113065918,804600783.0,0.7698,-3.0261,1,0
2022-10-27,sh.600919,9.55851981,9.66667845,9.53148015,9.58555947,9.53148015,60066539,426341879.88,0.4089,0.5674,1,0
2022-10-28,sh.600919,9.58555947,9.69371811,9.49092066,9.57203964,9.58555947,46635296,331421954.01,0.3175,-0.141,1,0
2022-10-31,sh.600919,9.57203964,9.58555947,9.27460338,9.35572236,9.57203964,100189357,696012697.03,0.6821,-2.2599,1,0
2022-11-01,sh.600919,9.35572236,9.39628185,9.23404389,9.36924219,9.35572236,81696362,563170495.18,0.5562,0.1445,1,0
2022-11-02,sh.600919,9.3286827,9.35572236,9.1934844,9.26108355,9.36924219,84211482,575786070.72,0.5733,-1.1544,1,0
2022-11-03,sh.600919,9.20700423,9.24756372,9.12588525,9.20700423,9.26108355,70695683,480246719.05,0.4813,-0.5839,1,0
2022-11-04,sh.600919,9.1934844,9.45036117,9.1934844,9.40980168,9.20700423,77520718,536131849.19,0.5278,2.2026,1,0
2022-11-07,sh.600919,9.34220253,9.36924219,9.20700423,9.28812321,9.40980168,88172775,604466222.46,0.6003,-1.2931,1,0
2022-11-08,sh.600919,9.28812321,9.3286827,9.20700423,9.24756372,9.28812321,63472026,434809601.71,0.4321,-0.4367,1,0
2022-11-09,sh.600919,9.27460338,9.34220253,9.22052406,9.23404389,9.24756372,53944957,370187250.55,0.3673,-0.1462,1,0
2022-11-10,sh.600919,9.20700423,9.28812321,9.12588525,9.26108355,9.23404389,57142219,390029036.41,0.389,0.2928,1,0
2022-11-11,sh.600919,9.36924219,9.76131726,9.28812321,9.65315862,9.26108355,145320023,1023286221.88,0.9894,4.2336,1,0
2022-11-14,sh.600919,9.7342776,9.85595607,9.63963879,9.65315862,9.65315862,110792529,797990277.81,0.7543,0.0,1,0
2022-11-15,sh.600919,9.65315862,9.80187675,9.58555947,9.69371811,9.65315862,77324409,554710356.39,0.5264,0.4202,1,0
2022-11-16,sh.600919,9.68019828,9.7342776,9.5990793,9.61259913,9.69371811,51140663,364849219.64,0.3482,-0.8368,1,0
2022-11-17,sh.600919,9.54499998,9.62611896,9.49092066,9.5990793,9.61259913,57509827,406849268.59,0.3915,-0.1406,1,0
2022-11-18,sh.600919,9.5990793,9.63963879,9.50444049,9.51796032,9.5990793,53119166,375011194.28,0.3616,-0.8451,1,0
2022-11-21,sh.600919,9.50444049,9.51796032,9.36924219,9.49092066,9.51796032,48603245,339824174.17,0.3309,-0.2841,1,0
2022-11-22,sh.600919,9.49092066,9.77483709,9.463881,9.69371811,9.49092066,74437354,532009868.93,0.5068,2.1368,1,0
2022-11-23,sh.600919,9.70723794,9.85595607,9.69371811,9.72075777,9.69371811,78946098,570566332.53,0.5375,0.2789,1,0
2022-11-24,sh.600919,9.74779743,9.85595607,9.7342776,9.78835692,9.72075777,44867862,325134373.58,0.3055,0.6954,1,0
2022-11-25,sh.600919,9.76131726,10.04523369,9.76131726,9.99115437,9.78835692,93615938,689063523.93,0.6374,2.0718,1,0
2022-11-28,sh.600919,9.84243624,9.88299573,9.68019828,9.84243624,9.99115437,64915346,469305996.68,0.442,-1.4885,1,0
2022-11-29,sh.600919,9.88299573,10.26155097,9.8694759,10.12635267,9.84243624,131201738,979565913.15,0.8933,2.8846,1,0
2022-11-30,sh.600919,10.08579318,10.23451131,9.99115437,10.01819403,10.12635267,101058436,753966395.71,0.688,-1.0681,1,0
2022-12-01,sh.600919,10.1398725,10.16691216,9.92355522,9.95059488,10.01819403,71851635,533032862.26,0.4892,-0.6748,1,0
2022-12-02,sh.600919,9.92355522,9.96411471,9.78835692,9.88299573,9.95059488,62372294,454792515.31,0.4246,-0.6793,1,0
2022-12-05,sh.600919,9.92355522,10.15339233,9.92355522,10.1398725,9.88299573,80348300,598881551.65,0.547,2.5992,1,0
2022-12-06,sh.600919,10.09931301,10.23451131,10.0046742,10.18043199,10.1398725,74928416,561048501.68,0.5101,0.4,1,0
2022-12-07,sh.600919,10.12635267,10.18043199,9.97763454,10.03171386,10.18043199,100641256,749724147.93,0.6852,-1.4608,1,0
2022-12-08,sh.600919,10.0046742,10.19395182,10.0046742,10.1398725,10.03171386,66505553,498279996.62,0.4528,1.0782,1,0
2022-12-09,sh.600919,10.1398725,10.22099148,10.03171386,10.09931301,10.1398725,93145120,697324160.25,0.6342,-0.4,1,0
2022-12-12,sh.600919,10.11283284,10.11283284,9.89651556,9.92355522,10.09931301,81174559,599552952.71,0.5527,-1.7403,1,0
2022-12-13,sh.600919,9.91003539,10.04523369,9.91003539,10.0046742,9.92355522,63191074,466390889.25,0.4302,0.8174,1,0
2022-12-14,sh.600919,10.0046742,10.07227335,9.91003539,10.0046742,10.0046742,62275118,460810229.29,0.424,0.0,1,0
2022-12-15,sh.600919,10.0046742,10.0046742,9.84243624,9.8694759,10.0046742,59061660,432054794.02,0.4021,-1.3514,1,0
2022-12-16,sh.600919,9.82891641,9.99115437,9.81539658,9.95059488,9.8694759,62351760,457559369.24,0.4245,0.8219,1,0
2022-12-19,sh.600919,9.93707505,10.0046742,9.69371811,9.74779743,9.95059488,70378846,510864694.12,0.4792,-2.038,1,0
2022-12-20,sh.600919,9.76131726,9.78835692,9.58555947,9.62611896,9.74779743,54314542,388405490.54,0.3698,-1.2483,1,0
2022-12-21,sh.600919,9.61259913,9.77483709,9.61259913,9.68019828,9.62611896,40060892,287112170.85,0.2727,0.5618,1,0
2022-12-22,sh.600919,9.7342776,9.81539658,9.61259913,9.69371811,9.68019828,39513653,283893835.25,0.269,0.1397,1,0
2022-12-23,sh.600919,9.65315862,9.68019828,9.55851981,9.5990793,9.69371811,40135202,285278377.88,0.2733,-0.9763,1,0
2022-12-26,sh.600919,9.57203964,9.70723794,9.53148015,9.62611896,9.5990793,51248832,364747121.74,0.3489,0.2817,1,0
2022-12-27,sh.600919,9.66667845,9.8694759,9.66667845,9.82891641,9.62611896,66330382,481170838.29,0.4516,2.1067,1,0
2022-12-28,sh.600919,9.81539658,9.95059488,9.80187675,9.89651556,9.82891641,50517755,369377118.25,0.3439,0.6878,1,0
2022-12-29,sh.600919,9.8694759,9.89651556,9.74779743,9.85595607,9.89651556,51440039,373894288.37,0.3502,-0.4098,1,0
2022-12-30,sh.600919,9.8694759,9.93707505,9.84243624,9.85595607,9.85595607,66700039,487664004.19,0.4541,0.0,1,0
2023-01-03,sh.600919,9.85595607,9.93707505,9.74779743,9.89651556,9.85595607,97601079,711910479.63,0.6645,0.4115,1,0
2023-01-04,sh.600919,9.91003539,10.19395182,9.8694759,10.18043199,9.89651556,139268051,1042252782.48,0.9482,2.8689,1,0
2023-01-05,sh.600919,10.20747165,10.28859063,10.1398725,10.20747165,10.18043199,83653467,632107770.21,0.5695,0.2656,1,0
2023-01-06,sh.600919,10.20747165,10.26155097,10.12635267,10.23451131,10.20747165,66770392,503603182.89,0.4546,0.2649,1,0
2023-01-09,sh.600919,10.22099148,10.26155097,10.1398725,10.18043199,10.23451131,67015085,504787829.92,0.4563,-0.5284,1,0
2023-01-10,sh.600919,10.18043199,10.20747165,10.01819403,10.03171386,10.18043199,73420121,548421265.62,0.4999,-1.4608,1,0
2023-01-11,sh.600919,10.0046742,10.19395182,10.0046742,10.1398725,10.03171386,68711264,515050717.52,0.4678,1.0782,1,0
2023-01-12,sh.600919,10.16691216,10.22099148,10.07227335,10.22099148,10.1398725,50845131,381531051.56,0.3462,0.8,1,0
2023-01-13,sh.600919,10.22099148,10.26155097,10.18043199,10.26155097,10.22099148,50877314,384819657.15,0.3464,0.3968,1,0
2023-01-16,sh.600919,10.2750708,10.30211046,10.1398725,10.15339233,10.26155097,98279456,742537905.73,0.6691,-1.054,1,0
2023-01-17,sh.600919,10.16691216,10.22099148,10.1398725,10.19395182,10.15339233,60466131,455227866.55,0.4117,0.3995,1,0
2023-01-18,sh.600919,10.18043199,10.24803114,10.1398725,10.20747165,10.19395182,52360900,394703345.78,0.3565,0.1326,1,0
2023-01-19,sh.600919,10.20747165,10.30211046,10.12635267,10.16691216,10.20747165,77429732,583763031.58,0.5272,-0.3974,1,0
2023-01-20,sh.600919,10.18043199,10.22099148,10.12635267,10.16691216,10.16691216,59300479,445466440.76,0.4037,0.0,1,0
2023-01-30,sh.600919,10.24803114,10.26155097,10.01819403,10.11283284,10.16691216,106782118,798965227.29,0.727,-0.5319,1,0
2023-01-31,sh.600919,10.11283284,10.19395182,10.03171386,10.03171386,10.11283284,63776875,476345623.12,0.4342,-0.8021,1,0
2023-02-01,sh.600919,10.03171386,10.07227335,9.93707505,9.99115437,10.03171386,96598142,713472067.42,0.6577,-0.4043,1,0
2023-02-02,sh.600919,10.03171386,10.11283284,9.96411471,10.01819403,9.99115437,118067715,876408341.24,0.8038,0.2706,1,0
2023-02-03,sh.600919,10.0046742,10.0046742,9.91003539,9.95059488,10.01819403,59551379,438004078.24,0.4054,-0.6748,1,0
2023-02-06,sh.600919,9.92355522,9.93707505,9.85595607,9.88299573,9.95059488,58821414,429790616.22,0.4005,-0.6793,1,0
2023-02-07,sh.600919,9.91003539,10.01819403,9.8694759,9.96411471,9.88299573,67851588,499481338.79,0.462,0.8208,1,0
2023-02-08,sh.600919,9.97763454,10.0046742,9.91003539,9.92355522,9.96411471,41587380,306154369.66,0.2831,-0.4071,1,0
2023-02-09,sh.600919,9.93707505,10.01819403,9.92355522,9.99115437,9.92355522,44937074,331749579.65,0.3059,0.6812,1,0
2023-02-10,sh.600919,9.99115437,10.0046742,9.95059488,9.97763454,9.99115437,30689746,226295774.85,0.2089,-0.1353,1,0
2023-02-13,sh.600919,10.0046742,10.0046742,9.76131726,9.8694759,9.97763454,156481068,1140242131.34,1.0654,-1.084,1,0
2023-02-14,sh.600919,9.91003539,9.95059488,9.82891641,9.88299573,9.8694759,87995768,642826359.92,0.5991,0.137,1,0
2023-02-15,sh.600919,9.91003539,9.91003539,9.77483709,9.77483709,9.88299573,57150037,414481197.81,0.3891,-1.0944,1,0
2023-02-16,sh.600919,9.76131726,9.84243624,9.68019828,9.70723794,9.77483709,76809221,555629900.37,0.5229,-0.6916,1,0
2023-02-17,sh.600919,9.70723794,9.74779743,9.62611896,9.63963879,9.70723794,49524155,354787420.25,0.3372,-0.6964,1,0
2023-02-20,sh.600919,9.68019828,9.89651556,9.66667845,9.88299573,9.63963879,91448159,662671164.17,0.6226,2.5245,1,0
2023-02-21,sh.600919,9.8694759,9.89651556,9.81539658,9.88299573,9.88299573,63172097,460729367.61,0.4301,0.0,1,0
2023-02-22,sh.600919,9.85595607,9.8694759,9.80187675,9.81539658,9.88299573,45475456,330812729.18,0.3096,-0.684,1,0
2023-02-23,sh.600919,9.81539658,9.8694759,9.80187675,9.82891641,9.81539658,54819268,398630536.56,0.3732,0.1377,1,0
2023-02-24,sh.600919,9.84243624,9.84243624,9.70723794,9.77483709,9.82891641,46812376,338409990.98,0.3187,-0.5502,1,0
2023-02-27,sh.600919,9.76131726,9.81539658,9.7342776,9.74779743,9.77483709,45833738,331227645.94,0.312,-0.2766,1,0
2023-02-28,sh.600919,9.76131726,9.78835692,9.66667845,9.72075777,9.74779743,52380091,376218716.51,0.3566,-0.2774,1,0
2023-03-01,sh.600919,9.72075777,9.80187675,9.68019828,9.76131726,9.72075777,57226461,412878308.89,0.3896,0.4172,1,0
2023-03-02,sh.600919,9.76131726,9.84243624,9.72075777,9.78835692,9.76131726,62755621,454067687.5,0.4273,0.277,1,0
2023-03-03,sh.600919,9.80187675,9.8694759,9.74779743,9.8694759,9.78835692,64881648,470638140.11,0.4417,0.8287,1,0
2023-03-06,sh.600919,9.89651556,9.92355522,9.76131726,9.77483709,9.8694759,70514778,513022779.28,0.4801,-0.9589,1,0
2023-03-07,sh.600919,9.78835692,10.0046742,9.76131726,9.82891641,9.77483709,121453806,890744304.68,0.8269,0.5533,1,0
2023-03-08,sh.600919,9.80187675,9.82891641,9.65315862,9.68019828,9.82891641,96146594,690623849.25,0.6546,-1.5131,1,0
2023-03-09,sh.600919,9.69371811,9.7342776,9.66667845,9.66667845,9.68019828,48999462,351187563.74,0.3336,-0.1397,1,0
2023-03-10,sh.600919,9.61259913,9.62611896,9.50444049,9.51796032,9.66667845,76796058,543124845.53,0.5228,-1.5385,1,0
2023-03-13,sh.600919,9.45036117,9.55851981,9.42332151,9.51796032,9.51796032,53144839,373217625.84,0.3618,0.0,1,0
2023-03-14,sh.600919,9.463881,9.53148015,9.40980168,9.47740083,9.51796032,55163028,385960012.43,0.3756,-0.4261,1,0
2023-03-15,sh.600919,9.55851981,9.5990793,9.49092066,9.55851981,9.47740083,52930924,373886551.88,0.3604,0.8559,1,0
2023-03-16,sh.600919,9.51796032,9.61259913,9.47740083,9.50444049,9.55851981,68452740,483022471.6,0.466,-0.5658,1,0
2023-03-17,sh.600919,9.54499998,9.62611896,9.45036117,9.51796032,9.50444049,84647901,597327887.96,0.5763,0.1422,1,0
2023-03-20,sh.600919,9.50444049,9.5990793,9.43684134,9.45036117,9.51796032,79876094,561267547.18,0.5438,-0.7102,1,0
2023-03-21,sh.600919,9.47740083,9.51796032,9.39628185,9.42332151,9.45036117,43520900,303837593.49,0.2963,-0.2861,1,0
2023-03-22,sh.600919,9.463881,9.58555947,9.43684134,9.54499998,9.42332151,72379833,510242299.17,0.4928,1.2912,1,0
2023-03-23,sh.600919,9.51796032,9.66667845,9.50444049,9.66667845,9.54499998,54960354,390450052.08,0.3742,1.2748,1,0
2023-03-24,sh.600919,9.65315862,9.66667845,9.54499998,9.54499998,9.66667845,37801136,268263993.24,0.2574,-1.2587,1,0
2023-03-27,sh.600919,9.53148015,9.57203964,9.42332151,9.45036117,9.54499998,54044165,378552933.34,0.3679,-0.9915,1,0
2023-03-28,sh.600919,9.47740083,9.49092066,9.40980168,9.42332151,9.45036117,40302909,281222236.93,0.2744,-0.2861,1,0
2023-03-29,sh.600919,9.45036117,9.463881,9.38276202,9.39628185,9.42332151,32394667,225341415.54,0.2206,-0.2869,1,0
2023-03-30,sh.600919,9.40980168,9.49092066,9.36924219,9.47740083,9.39628185,40317781,281173648.58,0.2745,0.8633,1,0
2023-03-31,sh.600919,9.47740083,9.5990793,9.45036117,9.49092066,9.47740083,54705607,385344599.11,0.3724,0.1427,1,0
2023-04-03,sh.600919,9.47740083,9.53148015,9.45036117,9.50444049,9.49092066,58750583,412324682.39,0.4,0.1425,1,0
2023-04-04,sh.600919,9.49092066,9.58555947,9.47740083,9.58555947,9.50444049,57130868,403685486.37,0.389,0.8535,1,0
2023-04-06,sh.600919,9.57203964,9.57203964,9.463881,9.51796032,9.58555947,62135061,437434753.72,0.423,-0.7052,1,0
2023-04-07,sh.600919,9.53148015,9.55851981,9.47740083,9.51796032,9.51796032,41923039,295380306.88,0.2854,0.0,1,0
2023-04-10,sh.600919,9.51796032,9.55851981,9.50444049,9.53148015,9.51796032,35630388,251212931.47,0.2426,0.142,1,0
2023-04-11,sh.600919,9.54499998,9.54499998,9.47740083,9.50444049,9.53148015,50567635,355189565.67,0.3443,-0.2837,1,0
2023-04-12,sh.600919,9.51796032,9.53148015,9.463881,9.51796032,9.50444049,48734516,342489897.46,0.3318,0.1422,1,0
2023-04-13,sh.600919,9.49092066,9.63963879,9.42332151,9.54499998,9.51796032,66512960,468962838.02,0.4528,0.2841,1,0
2023-04-14,sh.600919,9.57203964,9.61259913,9.53148015,9.5990793,9.54499998,55364697,392469661.45,0.3769,0.5666,1,0
2023-04-17,sh.600919,9.5990793,9.88299573,9.58555947,9.8694759,9.5990793,123662700,894783551.2,0.8419,2.8169,1,0
2023-04-18,sh.600919,9.88299573,10.19395182,9.85595607,10.12635267,9.8694759,231906883,1731327138.63,1.5789,2.6027,1,0
2023-04-19,sh.600919,10.12635267,10.16691216,10.03171386,10.11283284,10.12635267,111083722,830743659.6,0.7563,-0.1335,1,0
2023-04-20,sh.600919,10.12635267,10.1398725,9.93707505,10.09931301,10.11283284,113533983,842622255.02,0.773,-0.1337,1,0
2023-04-21,sh.600919,10.08579318,10.16691216,9.97763454,9.99115437,10.09931301,74561653,555123059.53,0.5076,-1.071,1,0
2023-04-24,sh.600919,10.03171386,10.09931301,9.97763454,9.99115437,9.99115437,84305553,625712476.26,0.574,0.0,1,0
2023-04-25,sh.600919,9.97763454,10.24803114,9.97763454,10.22099148,9.99115437,163202788,1224582621.02,1.1111,2.3004,1,0
2023-04-26,sh.600919,10.26155097,10.2750708,9.97763454,10.1398725,10.22099148,143525032,1072432793.04,0.9772,-0.7937,1,0
2023-04-27,sh.600919,10.1398725,10.26155097,10.11283284,10.24803114,10.1398725,109934628,830559132.46,0.7485,1.0667,1,0
2023-04-28,sh.600919,10.47786825,10.80234417,10.38322944,10.42378893,10.24803114,368577944,2873826123.3,2.5094,1.715,1,0
2023-05-04,sh.600919,10.4102691,10.5454674,10.39674927,10.47786825,10.42378893,286459053,2223940954.13,1.9503,0.5188,1,0
2023-05-05,sh.600919,10.51842774,10.59954672,10.35618978,10.4102691,10.47786825,215437578,1672302949.05,1.4668,-0.6452,1,0
2023-05-08,sh.600919,10.47786825,10.73474502,10.45082859,10.62658638,10.4102691,425108764,3331911617.0,2.8942,2.0779,1,0
2023-05-09,sh.600919,10.69418553,10.73474502,10.38322944,10.4102691,10.62658638,348376773,2725106175.43,2.3718,-2.0356,1,0
2023-05-10,sh.600919,10.43730876,10.46434842,10.23451131,10.28859063,10.4102691,181266205,1385084908.38,1.2341,-1.1688,1,0
2023-05-11,sh.600919,10.2750708,10.45082859,10.24803114,10.35618978,10.28859063,127072488,975235374.91,0.8651,0.657,1,0
2023-05-12,sh.600919,10.32915012,10.42378893,10.24803114,10.2750708,10.35618978,88783783,677904566.91,0.6045,-0.7833,1,0
2023-05-15,sh.600919,10.26155097,10.35618978,10.1398725,10.32915012,10.2750708,117285958,887718625.97,0.7985,0.5263,1,0
2023-05-16,sh.600919,10.34266995,10.42378893,10.28859063,10.30211046,10.32915012,100642701,770872188.56,0.6852,-0.2618,1,0
2023-05-17,sh.600919,10.28859063,10.32915012,10.22099148,10.26155097,10.30211046,87870947,667432194.39,0.5982,-0.3937,1,0
2023-05-18,sh.600919,10.30211046,10.43730876,10.2750708,10.39674927,10.26155097,118928390,913318694.07,0.8097,1.3175,1,0
2023-05-19,sh.600919,10.35618978,10.39674927,10.28859063,10.30211046,10.39674927,74568071,569747013.47,0.5077,-0.9103,1,0
2023-05-22,sh.600919,10.30211046,10.4102691,10.28859063,10.35618978,10.30211046,68971565,528635608.17,0.4696,0.5249,1,0
2023-05-23,sh.600919,10.35618978,10.38322944,10.22099148,10.22099148,10.35618978,74738150,569184156.74,0.5088,-1.3055,1,0
2023-05-24,sh.600919,10.22099148,10.22099148,10.0046742,10.09931301,10.22099148,142065445,1062871451.28,0.9672,-1.1905,1,0
2023-05-25,sh.600919,10.09931301,10.22099148,10.05875352,10.11283284,10.09931301,91995046,689674138.11,0.6263,0.1339,1,0
2023-05-26,sh.600919,10.11283284,10.19395182,10.08579318,10.18043199,10.11283284,49561545,371911516.29,0.3374,0.6684,1,0
2023-05-29,sh.600919,10.19395182,10.23451131,10.08579318,10.16691216,10.18043199,70586938,530348169.41,0.4806,-0.1328,1,0
2023-05-30,sh.600919,10.1398725,10.15339233,9.97763454,10.05875352,10.16691216,93222246,692993925.65,0.6347,-1.0638,1,0
2023-05-31,sh.600919,10.04523369,10.05875352,9.97763454,10.03171386,10.05875352,53512489,396933693.27,0.3643,-0.2688,1,0
2023-06-01,sh.600919,10.01819403,10.11283284,9.97763454,10.01819403,10.03171386,61844577,458938350.82,0.4211,-0.1348,1,0
2023-06-02,sh.600919,10.04523369,10.12635267,10.04523369,10.11283284,10.01819403,48017425,358431305.47,0.3269,0.9447,1,0
2023-06-05,sh.600919,10.12635267,10.16691216,10.07227335,10.11283284,10.11283284,45042654,336848362.85,0.3067,0.0,1,0
2023-06-06,sh.600919,10.11283284,10.19395182,10.07227335,10.07227335,10.11283284,54284814,407004732.17,0.3696,-0.4011,1,0
2023-06-07,sh.600919,10.09931301,10.1398725,10.04523369,10.09931301,10.07227335,75877111,566661505.79,0.5166,0.2685,1,0
2023-06-08,sh.600919,10.11283284,10.30211046,10.07227335,10.28859063,10.09931301,85276173,643891643.74,0.5806,1.8742,1,0
2023-06-09,sh.600919,10.31563029,10.31563029,10.22099148,10.2750708,10.28859063,61482338,467095964.21,0.4186,-0.1314,1,0
2023-06-12,sh.600919,10.26155097,10.26155097,10.15339233,10.16691216,10.2750708,63485368,478739102.69,0.4322,-1.0526,1,0
2023-06-13,sh.600919,10.15339233,10.22099148,10.1398725,10.20747165,10.16691216,42727662,321946650.35,0.2909,0.3989,1,0
2023-06-14,sh.600919,10.19395182,10.26155097,10.11283284,10.11283284,10.20747165,63585759,479036259.25,0.4329,-0.9272,1,0
2023-06-15,sh.600919,10.15339233,10.16691216,10.03171386,10.09931301,10.11283284,72701079,542438416.37,0.495,-0.1337,1,0
2023-06-16,sh.600919,10.11283284,10.12635267,9.99115437,10.01819403,10.09931301,76560917,568356991.78,0.5212,-0.8032,1,0
2023-06-19,sh.600919,10.01819403,10.03171386,9.91003539,9.92355522,10.01819403,64393060,474043333.89,0.4384,-0.9447,1,0
2023-06-20,sh.600919,9.92355522,9.96411471,9.8694759,9.88299573,9.92355522,67154072,492155908.56,0.4572,-0.4087,1,0
2023-06-21,sh.600919,9.88299573,9.93707505,9.84243624,9.84243624,9.88299573,61625688,450826373.91,0.4196,-0.4104,1,0
2023-06-26,sh.600919,9.82891641,9.84243624,9.7342776,9.74779743,9.84243624,62740945,453659509.49,0.4272,-0.9615,1,0
2023-06-27,sh.600919,9.78835692,9.88299573,9.74779743,9.84243624,9.74779743,67056746,487412509.44,0.4565,0.9709,1,0
2023-06-28,sh.600919,9.85595607,9.89651556,9.81539658,9.88299573,9.84243624,37947298,276850486.1,0.2584,0.4121,1,0
2023-06-29,sh.600919,9.8694759,9.89651556,9.82891641,9.8694759,9.88299573,37343780,272597552.62,0.2542,-0.1368,1,0
2023-06-30,sh.600919,9.8694759,9.96411471,9.85595607,9.93707505,9.8694759,47456117,348450199.7,0.3074,0.6849,1,0
2023-07-03,sh.600919,9.95059488,10.04523369,9.93707505,10.03171386,9.93707505,60202645,444936070.54,0.4099,0.9524,1,0
2023-07-04,sh.600919,10.0046742,10.03171386,9.89651556,9.95059488,10.03171386,51066521,376188880.8,0.3308,-0.8086,1,0
2023-07-05,sh.600919,9.93707505,9.96411471,9.91003539,9.92355522,9.95059488,37191649,273364641.46,0.2409,-0.2717,1,0
2023-07-06,sh.600919,9.92355522,9.93707505,9.82891641,9.8694759,9.92355522,40200613,293776918.13,0.2604,-0.545,1,0
2023-07-07,sh.600919,9.85595607,9.89651556,9.80187675,9.85595607,9.8694759,36333710,264901252.96,0.2354,-0.137,1,0
2023-07-10,sh.600919,9.8694759,9.88299573,9.78835692,9.80187675,9.85595607,41146943,299248081.8,0.2665,-0.5487,1,0
2023-07-11,sh.600919,9.81539658,9.92355522,9.80187675,9.91003539,9.80187675,40780952,297671988.61,0.2642,1.1034,1,0
2023-07-12,sh.600919,9.93707505,10.07227335,9.91003539,9.97763454,9.91003539,70701413,523452807.59,0.458,0.6821,1,0
2023-07-13,sh.600919,10.0046742,10.07227335,9.96411471,10.03171386,9.97763454,62886277,466624469.78,0.4074,0.542,1,0
2023-07-14,sh.600919,10.05875352,10.11283284,10.01819403,10.04523369,10.03171386,74361372,553655306.66,0.4817,0.1348,1,0
2023-07-17,sh.600919,10.1465544,10.1755032,10.0741824,10.1176056,10.0452336,80439257,562608343.73,0.5211,0.7205,1,0
2023-07-18,sh.600919,10.13208,10.1610288,10.0452336,10.059708,10.1176056,46357335,322884885.94,0.3003,-0.5722,1,0
2023-07-19,sh.600919,10.0886568,10.1899776,10.059708,10.1755032,10.059708,43941004,306935268.65,0.2846,1.1511,1,0
2023-07-20,sh.600919,10.1899776,10.2189264,10.1176056,10.1465544,10.1755032,44277635,311190857.25,0.2868,-0.2845,1,0
2023-07-21,sh.600919,10.1176056,10.1610288,10.0741824,10.1610288,10.1465544,30621794,214407334.29,0.1984,0.1427,1,0
2023-07-24,sh.600919,10.13208,10.1610288,10.0886568,10.0886568,10.1610288,38788145,271220179.33,0.2513,-0.7123,1,0
2023-07-25,sh.600919,10.1755032,10.2912984,10.1610288,10.276824,10.0886568,81091404,573941745.11,0.5253,1.8651,1,0
2023-07-26,sh.600919,10.2623496,10.276824,10.1610288,10.1899776,10.276824,58362477,411635739.66,0.3781,-0.8451,1,0
2023-07-27,sh.600919,10.204452,10.2912984,10.1899776,10.2334008,10.1899776,54083216,383206775.4,0.3503,0.4261,1,0
2023-07-28,sh.600919,10.2334008,10.4505168,10.204452,10.421568,10.2334008,146345118,1048257390.94,0.948,1.8388,1,0
2023-07-31,sh.600919,10.421568,10.6097352,10.4070936,10.4505168,10.421568,220272296,1598279380.42,1.4269,0.2778,1,0
2023-08-01,sh.600919,10.4649912,10.4649912,10.3636704,10.3926192,10.4505168,100693642,723488341.64,0.6523,-0.554,1,0
2023-08-02,sh.600919,10.3347216,10.3781448,10.2623496,10.3202472,10.3926192,103388459,736252206.18,0.6697,-0.6964,1,0
2023-08-03,sh.600919,10.5228888,10.566312,10.3636704,10.49394,10.3202472,260500523,1881637529.99,1.6875,1.683,1,0
2023-08-04,sh.600919,10.5518376,10.5952608,10.4505168,10.5518376,10.49394,188079808,1368771795.6,1.2183,0.5517,1,0
2023-08-07,sh.600919,10.5228888,10.5373632,10.4070936,10.421568,10.5518376,109130783,788948176.69,0.6883,-1.2346,1,0
2023-08-08,sh.600919,10.4070936,10.4505168,10.3347216,10.349196,10.421568,103667937,743017226.33,0.6538,-0.6944,1,0
2023-08-09,sh.600919,10.3202472,10.3781448,10.3057728,10.3202472,10.349196,67969299,485360527.11,0.4287,-0.2797,1,0
2023-08-10,sh.600919,10.3202472,10.3347216,10.2478752,10.3202472,10.3202472,107628378,765116424.33,0.6788,0.0,1,0
2023-08-11,sh.600919,10.3057728,10.3202472,10.1899776,10.204452,10.3202472,88959972,629499914.06,0.5611,-1.122,1,0
2023-08-14,sh.600919,10.1465544,10.2478752,10.0886568,10.2189264,10.204452,100374152,704747035.64,0.6331,0.1418,1,0
2023-08-15,sh.600919,10.2189264,10.2912984,10.1610288,10.2623496,10.2189264,86895054,614949531.7,0.5481,0.4249,1,0
2023-08-16,sh.600919,10.2334008,10.3057728,10.204452,10.2912984,10.2623496,76514859,542838614.7,0.4826,0.2821,1,0
2023-08-17,sh.600919,10.2478752,10.3202472,10.1755032,10.3057728,10.2912984,115517429,817359142.86,0.7286,0.1406,1,0
2023-08-18,sh.600919,10.276824,10.3347216,10.2478752,10.3057728,10.3057728,142638553,1014908862.37,0.8996,0.0,1,0
2023-08-21,sh.600919,10.2912984,10.3057728,10.1899776,10.1899776,10.3057728,119702222,846252650.68,0.755,-1.1236,1,0
2023-08-22,sh.600919,10.204452,10.2478752,10.1755032,10.2189264,10.1899776,70516555,497618208.08,0.4448,0.2841,1,0
2023-08-23,sh.600919,10.2334008,10.276824,10.1899776,10.204452,10.2189264,85412683,603810939.72,0.5387,-0.1416,1,0
2023-08-24,sh.600919,10.2189264,10.2189264,10.1465544,10.1610288,10.204452,65739760,462304652.89,0.4146,-0.4255,1,0
2023-08-25,sh.600919,10.1465544,10.2478752,10.1465544,10.2189264,10.1610288,61444015,433221471.4,0.3875,0.5698,1,0
2023-08-28,sh.600919,10.5373632,10.5952608,10.2334008,10.2623496,10.2189264,211056216,1509891553.38,1.3311,0.4249,1,0
2023-08-29,sh.600919,10.2478752,10.276824,10.1755032,10.2334008,10.2623496,115423667,815377516.26,0.728,-0.2821,1,0
2023-08-30,sh.600919,10.2334008,10.2334008,10.1755032,10.204452,10.2334008,91713456,646656173.71,0.5784,-0.2829,1,0
2023-08-31,sh.600919,10.204452,10.3202472,10.1899776,10.3202472,10.204452,184852366,1313639066.32,1.1659,1.1348,1,0
2023-09-01,sh.600919,10.3057728,10.3347216,10.276824,10.3202472,10.3202472,197043684,1403015843.4,1.2428,0.0,1,0
2023-09-04,sh.600919,10.3057728,10.3202472,10.276824,10.3202472,10.3202472,310693206,2211404062.6,1.9596,0.0,1,0
2023-09-05,sh.600919,10.276824,10.276824,9.9583872,9.9583872,10.3202472,433761746,3013104258.11,2.7358,-3.5063,1,0
2023-09-06,sh.600919,9.9294384,10.0018104,9.8715408,10.0018104,9.9583872,226846420,1556245622.21,1.4307,0.436,1,0
2023-09-07,sh.600919,9.9728616,10.1176056,9.9728616,10.0307592,10.0018104,239927845,1667425967.86,1.5132,0.2894,1,0
2023-09-08,sh.600919,10.0307592,10.1031312,10.0162848,10.0307592,10.0307592,132589437,920257791.36,0.8362,0.0,1,0
2023-09-11,sh.600919,10.0452336,10.2189264,10.0452336,10.1610288,10.0307592,281951586,1976240768.78,1.7783,1.2987,1,0
2023-09-12,sh.600919,10.1899776,10.2334008,10.1465544,10.2334008,10.1610288,162493219,1146270607.47,1.0249,0.7123,1,0
2023-09-13,sh.600919,10.2334008,10.2623496,10.1755032,10.1899776,10.2334008,108753670,767829857.26,0.6859,-0.4243,1,0
2023-09-14,sh.600919,10.204452,10.3057728,10.1899776,10.3057728,10.1899776,184372410,1308594569.02,1.1628,1.1364,1,0
2023-09-15,sh.600919,10.3347216,10.3636704,10.2334008,10.2334008,10.3057728,163595637,1164352312.09,1.0318,-0.7022,1,0
2023-09-18,sh.600919,10.2334008,10.2623496,10.1465544,10.2189264,10.2334008,132389723,933216901.15,0.835,-0.1414,1,0
2023-09-19,sh.600919,10.2334008,10.349196,10.2189264,10.349196,10.2189264,222391314,1583306836.43,1.4026,1.2748,1,0
2023-09-20,sh.600919,10.349196,10.4649912,10.3202472,10.4070936,10.349196,211731288,1521406565.32,1.3354,0.5594,1,0
2023-09-21,sh.600919,10.4360424,10.4649912,10.3636704,10.3636704,10.4070936,159177000,1144753505.75,1.0039,-0.4172,1,0
2023-09-22,sh.600919,10.3781448,10.4070936,10.3057728,10.3636704,10.3636704,130409652,933021488.28,0.8225,0.0,1,0
2023-09-25,sh.600919,10.3781448,10.5228888,10.349196,10.49394,10.3636704,173003759,1251068060.98,1.0911,1.257,1,0
2023-09-26,sh.600919,10.5084144,10.5373632,10.4794656,10.49394,10.49394,111442496,808922478.36,0.7029,0.0,1,0
2023-09-27,sh.600919,10.5084144,10.5228888,10.421568,10.4505168,10.49394,115658183,835957068.1,0.7295,-0.4138,1,0
2023-09-28,sh.600919,10.4649912,10.5228888,10.3781448,10.3926192,10.4505168,100517556,724966816.72,0.634,-0.554,1,0
2023-10-09,sh.600919,10.3781448,10.421568,10.3347216,10.4070936,10.3926192,122512139,879046485.27,0.6847,0.1393,1,0
2023-10-10,sh.600919,10.421568,10.4505168,10.2912984,10.3057728,10.4070936,122898608,879891575.78,0.6868,-0.9736,1,0
2023-10-11,sh.600919,10.3347216,10.3636704,10.13208,10.2189264,10.3057728,194322266,1375057155.9,1.086,-0.8427,1,0
2023-10-12,sh.600919,10.2912984,10.3347216,10.2334008,10.3202472,10.2189264,156133004,1110375600.19,0.8726,0.9915,1,0
2023-10-13,sh.600919,10.276824,10.3781448,10.2189264,10.3202472,10.3202472,118137098,842400386.52,0.6602,0.0,1,0
2023-10-16,sh.600919,10.3347216,10.421568,10.3057728,10.349196,10.3202472,116820850,836121419.31,0.6529,0.2805,1,0
2023-10-17,sh.600919,10.3781448,10.4505168,10.3347216,10.3926192,10.349196,116651547,838264687.2,0.6519,0.4196,1,0
2023-10-18,sh.600919,10.421568,10.5084144,10.3926192,10.4794656,10.3926192,144180395,1043361989.52,0.8058,0.8357,1,0
2023-10-19,sh.600919,10.4649912,10.4794656,10.2189264,10.2478752,10.4794656,183381992,1306252666.54,1.0249,-2.2099,1,0
2023-10-20,sh.600919,10.1899776,10.276824,10.13208,10.1899776,10.2478752,110138788,776547561.75,0.6028,-0.565,1,0
2023-10-23,sh.600919,10.1465544,10.2334008,10.059708,10.1176056,10.1899776,115360232,808616587.13,0.6314,-0.7102,1,0
2023-10-24,sh.600919,10.1610288,10.1899776,9.9728616,10.0162848,10.1176056,160628998,1114648431.0,0.8792,-1.0014,1,0
2023-10-25,sh.600919,10.059708,10.1031312,9.9728616,10.059708,10.0162848,101994639,708282836.03,0.5583,0.4335,1,0
2023-10-26,sh.600919,10.0307592,10.1755032,10.0162848,10.1610288,10.059708,90598730,633426943.74,0.4959,1.0072,1,0
2023-10-27,sh.600919,10.1465544,10.2189264,9.8860152,9.9728616,10.1610288,267909237,1851049429.75,1.4664,-1.8519,1,0
2023-10-30,sh.600919,10.059708,10.2334008,10.0018104,10.0162848,9.9728616,240148003,1673051754.08,1.3145,0.4354,1,0
2023-10-31,sh.600919,10.0018104,10.0162848,9.8860152,9.987336,10.0162848,162191488,1115243083.16,0.8878,-0.289,1,0
2023-11-01,sh.600919,10.0018104,10.0018104,9.8715408,9.8860152,9.987336,166263549,1138196913.99,0.91,-1.0145,1,0
2023-11-02,sh.600919,9.8860152,9.9439128,9.8715408,9.9004896,9.8860152,102424787,701302661.09,0.5606,0.1464,1,0
2023-11-03,sh.600919,9.9294384,9.9583872,9.9004896,9.9294384,9.9004896,86132228,590887694.81,0.4714,0.2924,1,0
2023-11-06,sh.600919,9.9439128,10.0162848,9.9294384,10.0162848,9.9294384,124493923,858090038.05,0.6814,0.8746,1,0
2023-11-07,sh.600919,10.0018104,10.0018104,9.9294384,9.9439128,10.0162848,96006420,660172103.17,0.5255,-0.7225,1,0
2023-11-08,sh.600919,9.9294384,9.9583872,9.8860152,9.914964,9.9439128,68033867,466117321.13,0.3724,-0.2911,1,0
2023-11-09,sh.600919,9.9004896,9.9583872,9.8860152,9.9004896,9.914964,92528653,634232311.23,0.5065,-0.146,1,0
2023-11-10,sh.600919,9.8860152,9.914964,9.7412712,9.7846944,9.9004896,166785836,1128121870.66,0.9129,-1.1696,1,0
2023-11-13,sh.600919,9.7846944,9.7991688,9.6399504,9.697848,9.7846944,111115957,744176365.27,0.6082,-0.8876,1,0
2023-11-14,sh.600919,9.697848,9.7412712,9.6544248,9.6833736,9.697848,108292306,725012848.04,0.5927,-0.1493,1,0
2023-11-15,sh.600919,9.7267968,9.8136432,9.697848,9.77022,9.6833736,101401203,683620321.77,0.555,0.8969,1,0
2023-11-16,sh.600919,9.7557456,9.7846944,9.7123224,9.7557456,9.77022,53026161,357235623.72,0.2902,-0.1481,1,0
2023-11-17,sh.600919,9.7557456,9.77022,9.6544248,9.6688992,9.7557456,86809944,581164936.92,0.4752,-0.8902,1,0
2023-11-20,sh.600919,9.6833736,9.7846944,9.6544248,9.77022,9.6688992,80006899,538175043.59,0.4379,1.0479,1,0
2023-11-21,sh.600919,9.7846944,9.8570664,9.77022,9.7846944,9.77022,94407234,640602559.02,0.5167,0.1481,1,0
2023-11-22,sh.600919,9.77022,9.8570664,9.77022,9.7846944,9.7846944,69095799,468539391.64,0.3782,0.0,1,0
2023-11-23,sh.600919,9.7846944,9.8136432,9.7412712,9.7991688,9.7846944,55131947,372471675.09,0.3018,0.1479,1,0
2023-11-24,sh.600919,9.7846944,9.9004896,9.7846944,9.842592,9.7991688,88541852,602475123.23,0.4846,0.4431,1,0
2023-11-27,sh.600919,9.8570664,9.8715408,9.7846944,9.7991688,9.842592,81463699,552487564.11,0.4459,-0.4412,1,0
2023-11-28,sh.600919,9.7991688,9.8136432,9.6688992,9.7267968,9.7991688,80783798,543575278.66,0.4422,-0.7386,1,0
2023-11-29,sh.600919,9.7267968,9.7412712,9.553104,9.5675784,9.7267968,131658743,875960664.42,0.7206,-1.6369,1,0
2023-11-30,sh.600919,9.5675784,9.625476,9.553104,9.5820528,9.5675784,95820963,634753518.54,0.5245,0.1513,1,0
2023-12-01,sh.600919,9.5965272,9.625476,9.553104,9.6110016,9.5820528,88358571,585639994.77,0.4836,0.3021,1,0
2023-12-04,sh.600919,9.5965272,9.625476,9.4952064,9.4952064,9.6110016,107887277,712369686.28,0.5905,-1.2048,1,0
2023-12-05,sh.600919,9.4952064,9.5096808,9.2925648,9.3070392,9.4952064,144128596,937453197.72,0.7889,-1.9817,1,0
2023-12-06,sh.600919,9.3070392,9.4952064,9.2057184,9.40836,9.3070392,129341157,838832951.2,0.708,1.0886,1,0
2023-12-07,sh.600919,9.3938856,9.4952064,9.3649368,9.4517832,9.40836,107593130,701894109.75,0.5889,0.4615,1,0
2023-12-08,sh.600919,9.4373088,9.5386296,9.3649368,9.4662576,9.4517832,157022002,1029901751.72,0.8595,0.1531,1,0
2023-12-11,sh.600919,9.4373088,9.553104,9.3215136,9.5386296,9.4662576,111791530,728656479.24,0.6119,0.7645,1,0
2023-12-12,sh.600919,9.5096808,9.6544248,9.4952064,9.625476,9.5386296,93045431,617545823.28,0.5093,0.9105,1,0
2023-12-13,sh.600919,9.6110016,9.6544248,9.5096808,9.5241552,9.625476,82987295,549518019.23,0.4542,-1.0526,1,0
2023-12-14,sh.600919,9.553104,9.553104,9.4662576,9.4662576,9.5241552,48792213,320195536.22,0.2671,-0.6079,1,0
2023-12-15,sh.600919,9.480732,9.5386296,9.3938856,9.4662576,9.4662576,114076775,745674649.89,0.6244,0.0,1,0
2023-12-18,sh.600919,9.4228344,9.5096808,9.3794112,9.4228344,9.4662576,58626962,383179108.44,0.3209,-0.4587,1,0
2023-12-19,sh.600919,9.4228344,9.4517832,9.3649368,9.4228344,9.4228344,54716086,355759723.62,0.2995,0.0,1,0
2023-12-20,sh.600919,9.4228344,9.5386296,9.4228344,9.4373088,9.4228344,72258961,473637929.05,0.3955,0.1536,1,0
2023-12-21,sh.600919,9.4228344,9.480732,9.3649368,9.4662576,9.4373088,69827716,454752324.02,0.3822,0.3067,1,0
2023-12-22,sh.600919,9.480732,9.5241552,9.4517832,9.480732,9.4662576,83364516,546395976.35,0.4563,0.1529,1,0
2023-12-25,sh.600919,9.480732,9.5096808,9.4517832,9.4952064,9.480732,50256374,329103707.35,0.2751,0.1527,1,0
2023-12-26,sh.600919,9.480732,9.5096808,9.4517832,9.480732,9.4952064,51355610,336416811.9,0.2811,-0.1524,1,0
2023-12-27,sh.600919,9.4662576,9.6399504,9.4517832,9.625476,9.480732,99040658,652933980.61,0.5421,1.5267,1,0
2023-12-28,sh.600919,9.625476,9.7557456,9.6110016,9.7412712,9.625476,117810309,790698880.8,0.6448,1.203,1,0
2023-12-29,sh.600919,9.7267968,9.7557456,9.6399504,9.6833736,9.7412712,85293638,571478208.57,0.4669,-0.5944,1,0
2024-01-02,sh.600919,9.7123224,9.7846944,9.6688992,9.6833736,9.6833736,81944153,550552141.28,0.4485,0.0,1,0
2024-01-03,sh.600919,9.6688992,9.7267968,9.6688992,9.7123224,9.6833736,60062055,402391520.69,0.3288,0.299,1,0
2024-01-04,sh.600919,9.7123224,9.7557456,9.6399504,9.7123224,9.7123224,82064425,549042664.52,0.4492,0.0,1,0
2024-01-05,sh.600919,9.7267968,9.9728616,9.6833736,9.8570664,9.7123224,180679352,1230372674.54,0.989,1.4903,1,0
2024-01-08,sh.600919,9.842592,9.914964,9.8136432,9.8570664,9.8570664,112374076,765231069.58,0.6151,0.0,1,0
2024-01-09,sh.600919,9.842592,9.9439128,9.77022,9.914964,9.8570664,100574501,685472636.91,0.5505,0.5874,1,0
2024-01-10,sh.600919,9.9004896,9.9583872,9.8860152,9.9004896,9.914964,98080847,672246028.41,0.5368,-0.146,1,0
2024-01-11,sh.600919,9.914964,10.0162848,9.8715408,9.9439128,9.9004896,117081047,804600458.02,0.6408,0.4386,1,0
2024-01-12,sh.600919,9.9294384,10.0452336,9.9294384,10.0162848,9.9439128,85173023,588549105.93,0.4662,0.7278,1,0
2024-01-15,sh.600919,10.0162848,10.1176056,10.0018104,10.1031312,10.0162848,101710478,707679206.23,0.5567,0.8671,1,0
2024-01-16,sh.600919,10.0886568,10.2478752,10.0741824,10.2478752,10.1031312,156984053,1105790177.48,0.8593,1.4327,1,0
2024-01-17,sh.600919,10.2478752,10.3202472,10.1610288,10.1610288,10.2478752,186455665,1321997399.63,1.0206,-0.8475,1,0
2024-01-18,sh.600919,10.1176056,10.2623496,9.9439128,10.2189264,10.1610288,218955625,1525232145.24,1.1985,0.5698,1,0
2024-01-19,sh.600919,10.1755032,10.3057728,10.13208,10.276824,10.2189264,146856596,1039594499.68,0.8038,0.5666,1,0
2024-01-22,sh.600919,10.276824,10.3926192,10.1176056,10.1899776,10.276824,212645066,1512027072.07,1.1639,-0.8451,1,0
2024-01-23,sh.600919,10.13208,10.2478752,10.0741824,10.204452,10.1899776,148442519,1042224040.67,0.8125,0.142,1,0
2024-01-24,sh.600919,10.2334008,10.2912984,10.13208,10.276824,10.204452,130835398,924093062.65,0.7161,0.7092,1,0
2024-01-25,sh.600919,10.2912984,10.3347216,10.2623496,10.3202472,10.276824,143506946,1020723709.0,0.7855,0.4225,1,0
2024-01-26,sh.600919,10.3202472,10.49394,10.3057728,10.4794656,10.3202472,177225290,1276643510.16,0.97,1.5428,1,0
2024-01-29,sh.600919,10.5373632,10.6965816,10.5228888,10.5807864,10.4794656,186902694,1369401641.98,1.023,0.9669,1,0
2024-01-30,sh.600919,10.5228888,10.6821072,10.4505168,10.5228888,10.5807864,146955524,1073237014.51,0.8044,-0.5472,1,0
2024-01-31,sh.600919,10.49394,10.638684,10.4794656,10.5952608,10.5228888,148523110,1085856863.63,0.8129,0.6878,1,0
2024-02-01,sh.600919,10.566312,10.6242096,10.4794656,10.5518376,10.5952608,138062612,1007464163.6,0.7557,-0.4098,1,0
2024-02-02,sh.600919,10.5373632,10.6531584,10.3636704,10.566312,10.5518376,206710624,1509680982.2,1.1314,0.1372,1,0
2024-02-05,sh.600919,10.5373632,10.6676328,10.5228888,10.6531584,10.566312,259875827,1903853233.67,1.4224,0.8219,1,0
2024-02-06,sh.600919,10.6531584,10.783428,10.5952608,10.7400048,10.6531584,228846662,1693129115.82,1.2526,0.8152,1,0
2024-02-07,sh.600919,10.7400048,10.7689536,10.4360424,10.6242096,10.7400048,280194331,2046064831.06,1.5337,-1.0782,1,0
2024-02-08,sh.600919,10.566312,10.6097352,10.421568,10.5373632,10.6242096,199760757,1448681642.92,1.0934,-0.8174,1,0
2024-02-19,sh.600919,10.566312,10.8413256,10.5084144,10.8413256,10.5373632,193363001,1427582214.41,1.0584,2.8846,1,0
2024-02-20,sh.600919,10.8268512,11.0294928,10.783428,11.0150184,10.8413256,164829788,1248246129.86,0.9022,1.6021,1,0
2024-02-21,sh.600919,11.000544,11.4637248,10.9715952,11.362404,11.0150184,230787985,1797901265.68,1.2632,3.1537,1,0
2024-02-22,sh.600919,11.3334552,11.5216224,11.290032,11.4926736,11.362404,135000545,1063602126.74,0.7389,1.1465,1,0
2024-02-23,sh.600919,11.4781992,11.5505712,11.3479296,11.362404,11.4926736,179770179,1420929320.94,0.984,-1.1335,1,0
2024-02-26,sh.600919,11.3479296,11.362404,11.0584416,11.1163392,11.362404,154353466,1193717241.87,0.8449,-2.1656,1,0
2024-02-27,sh.600919,11.1163392,11.2466088,11.0584416,11.1163392,11.1163392,126249222,972209503.08,0.691,0.0,1,0
2024-02-28,sh.600919,11.072916,11.1597624,10.9715952,11.0439672,11.1163392,117533532,898837259.31,0.6433,-0.651,1,0
2024-02-29,sh.600919,11.0150184,11.1018648,11.000544,11.1018648,11.0439672,106994833,817009682.3,0.5856,0.5242,1,0
2024-03-01,sh.600919,11.072916,11.0873904,11.000544,11.0150184,11.1018648,98522655,751438949.42,0.5393,-0.7823,1,0
2024-03-04,sh.600919,10.9860696,11.0150184,10.9136976,10.9426464,11.0150184,116126995,878948747.44,0.6356,-0.657,1,0
2024-03-05,sh.600919,10.928172,11.2321344,10.9136976,11.21766,10.9426464,179891015,1385039815.85,0.9846,2.5132,1,0
2024-03-06,sh.600919,11.2321344,11.3768784,11.1742368,11.1887112,11.21766,105413805,822051539.44,0.577,-0.2581,1,0
2024-03-07,sh.600919,11.1597624,11.3334552,11.145288,11.2466088,11.1887112,75638295,587749351.81,0.414,0.5175,1,0
2024-03-08,sh.600919,11.2321344,11.3045064,11.145288,11.21766,11.2466088,65291067,505833046.06,0.3574,-0.2574,1,0
2024-03-11,sh.600919,11.21766,11.2755576,11.1018648,11.1742368,11.21766,84941458,654550833.65,0.4649,-0.3871,1,0
2024-03-12,sh.600919,11.145288,11.1742368,10.9571208,10.9860696,11.1742368,116407073,888994558.28,0.6372,-1.6839,1,0
2024-03-13,sh.600919,10.9571208,10.9860696,10.8413256,10.8992232,10.9860696,93997577,707469705.61,0.5145,-0.7905,1,0
2024-03-14,sh.600919,10.8847488,11.1018648,10.8702744,10.9860696,10.8992232,97205143,739110301.24,0.5321,0.7968,1,0
2024-03-15,sh.600919,11.0150184,11.1308136,11.0150184,11.1308136,10.9860696,92881693,711084526.57,0.5084,1.3175,1,0
2024-03-18,sh.600919,11.072916,11.1163392,10.9715952,11.0150184,11.1308136,88220943,671495376.24,0.4829,-1.0403,1,0
2024-03-19,sh.600919,11.000544,11.0584416,10.9860696,11.0150184,11.0150184,74463391,566904605.84,0.4076,0.0,1,0
2024-03-20,sh.600919,11.000544,11.1018648,10.9571208,11.0150184,11.0150184,73376666,558332974.55,0.4016,0.0,1,0
2024-03-21,sh.600919,11.000544,11.2321344,10.9860696,11.1887112,11.0150184,117207729,899980262.1,0.6415,1.5769,1,0
2024-03-22,sh.600919,11.1887112,11.21766,11.0439672,11.1308136,11.1887112,84745722,651018556.68,0.4639,-0.5175,1,0
2024-03-25,sh.600919,11.1163392,11.2466088,11.1163392,11.1597624,11.1308136,90586807,700442688.58,0.4958,0.2601,1,0
2024-03-26,sh.600919,11.1742368,11.290032,11.1308136,11.2755576,11.1597624,115519018,894938977.07,0.6323,1.0376,1,0
2024-03-27,sh.600919,11.2610832,11.4637248,11.2466088,11.362404,11.2755576,128499360,1010603681.8,0.7033,0.7702,1,0
2024-03-28,sh.600919,11.3479296,11.362404,11.21766,11.3479296,11.362404,125861444,981535087.07,0.6889,-0.1274,1,0
2024-03-29,sh.600919,11.3334552,11.4926736,11.3045064,11.434776,11.3479296,81726160,644466099.67,0.4473,0.7653,1,0
2024-04-01,sh.600919,11.4492504,11.5360968,11.434776,11.5216224,11.434776,83488089,662855505.61,0.457,0.7595,1,0
2024-04-02,sh.600919,11.5216224,11.6808408,11.4926736,11.57952,11.5216224,99956090,801504248.74,0.5471,0.5025,1,0
2024-04-03,sh.600919,11.57952,11.5939944,11.3913528,11.4637248,11.57952,88121995,699395586.54,0.4823,-1.0,1,0
2024-04-08,sh.600919,11.4637248,11.5939944,11.4492504,11.5360968,11.4637248,97888663,780227714.34,0.5358,0.6313,1,0
2024-04-09,sh.600919,11.5360968,11.651892,11.4637248,11.4926736,11.5360968,104401396,832283492.55,0.5714,-0.3764,1,0
2024-04-10,sh.600919,11.4781992,11.5650456,11.4058272,11.4492504,11.4926736,77435511,614336359.7,0.4238,-0.3778,1,0
2024-04-11,sh.600919,11.3913528,11.4926736,11.3189808,11.4781992,11.4492504,79045710,624901632.0,0.4327,0.2528,1,0
2024-04-12,sh.600919,11.4781992,11.5360968,11.4203016,11.434776,11.4781992,80336320,636693086.83,0.4397,-0.3783,1,0
2024-04-15,sh.600919,11.4637248,11.6229432,11.4203016,11.6084688,11.434776,128264550,1022947204.55,0.7021,1.519,1,0
2024-04-16,sh.600919,11.6084688,11.6374176,11.4781992,11.5360968,11.6084688,120938500,966373246.78,0.662,-0.6234,1,0
2024-04-17,sh.600919,11.5505712,11.7097896,11.434776,11.6953152,11.5360968,124212596,994768571.66,0.6799,1.3802,1,0
2024-04-18,sh.600919,11.6953152,12.1150728,11.6808408,11.9269056,11.6953152,187237966,1541190888.57,1.0249,1.9802,1,0
2024-04-19,sh.600919,11.8979568,11.9703288,11.8111104,11.8255848,11.9269056,93852704,770515196.06,0.5137,-0.8495,1,0
2024-04-22,sh.600919,11.8979568,12.0282264,11.8400592,11.8834824,11.8255848,138549577,1141927873.9,0.7584,0.4896,1,0
2024-04-23,sh.600919,11.94138,12.0427008,11.869008,11.9124312,11.8834824,122986034,1015938434.23,0.6732,0.2436,1,0
2024-04-24,sh.600919,11.8834824,11.94138,11.7532128,11.8111104,11.9124312,91822370,749346076.05,0.5026,-0.8505,1,0
2024-04-25,sh.600919,11.8255848,12.230868,11.796636,12.2163936,11.8111104,179317222,1492080000.4,0.9815,3.4314,1,0
2024-04-26,sh.600919,11.434776,11.434776,11.0150184,11.1018648,12.2163936,764456469,5891593588.51,4.1843,-9.1232,1,0
2024-04-29,sh.600919,11.0584416,11.4781992,11.0439672,11.434776,11.1018648,525565440,4114742975.26,2.8767,2.9987,1,0
2024-04-30,sh.600919,11.5216224,11.7676872,11.4637248,11.6953152,11.434776,227578791,1832784682.5,1.2457,2.2785,1,0
2024-05-06,sh.600919,11.7532128,11.796636,11.5939944,11.6084688,11.6953152,225535907,1814846615.77,1.2345,-0.7426,1,0
2024-05-07,sh.600919,11.6229432,11.6374176,11.3913528,11.5360968,11.6084688,228180805,1809446405.82,1.249,-0.6234,1,0
2024-05-08,sh.600919,11.5216224,11.6953152,11.5216224,11.6374176,11.5360968,133996245,1077695180.61,0.7334,0.8783,1,0
2024-05-09,sh.600919,11.6229432,11.724264,11.5650456,11.57952,11.6374176,126341086,1015710700.33,0.6915,-0.4975,1,0
2024-05-10,sh.600919,11.5939944,11.724264,11.5216224,11.6808408,11.57952,165890176,1332070785.48,0.908,0.875,1,0
2024-05-13,sh.600919,11.6374176,11.8111104,11.5650456,11.796636,11.6808408,156287507,1263725502.28,0.8554,0.9913,1,0
2024-05-14,sh.600919,11.796636,11.9269056,11.7676872,11.7821616,11.796636,97802921,798800926.25,0.5353,-0.1227,1,0
2024-05-15,sh.600919,11.7821616,11.8834824,11.724264,11.8111104,11.7821616,92054031,751259022.96,0.5039,0.2457,1,0
2024-05-16,sh.600919,11.8400592,12.0716496,11.8111104,12.0427008,11.8111104,138052124,1143599815.4,0.7556,1.9608,1,0
2024-05-17,sh.600919,12.0427008,12.1295472,11.9269056,12.1295472,12.0427008,114647224,953227966.4,0.6275,0.7212,1,0
2024-05-20,sh.600919,12.1295472,12.2019192,11.9992776,12.0282264,12.1295472,112354149,938117908.85,0.615,-0.8353,1,0
2024-05-21,sh.600919,12.013752,12.158496,11.9848032,12.1150728,12.0282264,88443010,739112578.35,0.4841,0.722,1,0
2024-05-22,sh.600919,12.1150728,12.230868,12.086124,12.086124,12.1150728,99959350,839841414.17,0.5471,-0.2389,1,0
2024-05-23,sh.600919,12.0716496,12.1150728,11.9703288,11.9992776,12.086124,91850439,763639910.61,0.5027,-0.7186,1,0
2024-05-24,sh.600919,11.9848032,12.1440216,11.9124312,11.9269056,11.9992776,101241466,841480187.07,0.5541,-0.6031,1,0
2024-05-27,sh.600919,11.9558544,12.1440216,11.9558544,12.1295472,11.9269056,110093875,919484979.9,0.6026,1.699,1,0
2024-05-28,sh.600919,12.158496,12.2163936,12.0571752,12.1005984,12.1295472,69611359,582731963.41,0.381,-0.2387,1,0
2024-05-29,sh.600919,12.1150728,12.1295472,11.9703288,12.013752,12.1005984,90969813,757154636.16,0.4979,-0.7177,1,0
2024-05-30,sh.600919,11.9992776,12.1005984,11.7676872,11.8545336,12.013752,125315259,1032319783.28,0.6859,-1.3253,1,0
2024-05-31,sh.600919,11.869008,11.9992776,11.869008,11.9703288,11.8545336,87724617,724092000.66,0.4802,0.9768,1,0
2024-06-03,sh.600919,11.7821616,11.8255848,11.3334552,11.5216224,11.9703288,395120225,3141209583.01,2.1627,-3.7485,1,0
2024-06-04,sh.600919,11.5216224,11.57952,11.3768784,11.4203016,11.5216224,197452398,1562873209.0,1.0808,-0.8794,1,0
2024-06-05,sh.600919,11.434776,11.4637248,11.1597624,11.1887112,11.4203016,183262651,1428461462.27,1.0031,-2.0279,1,0
2024-06-06,sh.600919,11.21766,11.4058272,11.2031856,11.3479296,11.1887112,179132317,1400821754.11,0.9805,1.423,1,0
2024-06-07,sh.600919,11.4058272,11.4926736,11.3768784,11.4637248,11.3479296,118607641,938201177.48,0.6492,1.0204,1,0
2024-06-11,sh.600919,11.4492504,11.4781992,11.2031856,11.21766,11.4637248,134352433,1048414346.75,0.7354,-2.1465,1,0
2024-06-12,sh.600919,11.2031856,11.2321344,11.1018648,11.1742368,11.21766,128464908,990100420.87,0.7032,-0.3871,1,0
2024-06-13,sh.600919,11.1887112,11.21766,10.9715952,10.9715952,11.1742368,177314206,1355038697.34,0.9705,-1.8135,1,0
2024-06-14,sh.600919,11.12590962,11.4191028,11.06418474,11.4191028,10.97159742,290553649,2122371742.14,1.5904,4.0788,1,0
2024-06-17,sh.600919,11.3419467,11.3419467,11.1104784,11.2647906,11.4191028,123233292,895467014.36,0.6745,-1.3514,1,0
2024-06-18,sh.600919,11.2647906,11.35737792,11.15677206,11.35737792,11.2647906,89624976,655084398.85,0.4906,0.8219,1,0
2024-06-19,sh.600919,11.35737792,11.46539646,11.29565304,11.40367158,11.35737792,70426427,520639686.33,0.3855,0.4076,1,0
2024-06-20,sh.600919,11.38824036,11.4191028,11.24935938,11.28022182,11.40367158,62066352,454768666.48,0.3397,-1.0825,1,0
2024-06-21,sh.600919,11.28022182,11.37280914,11.23392816,11.32651548,11.28022182,67359447,493673002.09,0.3687,0.4104,1,0
2024-06-24,sh.600919,11.31108426,11.35737792,11.21849694,11.28022182,11.32651548,79485009,581615428.96,0.4351,-0.4087,1,0
2024-06-25,sh.600919,11.2647906,11.3419467,11.15677206,11.21849694,11.28022182,110463906,805361762.08,0.6046,-0.5472,1,0
2024-06-26,sh.600919,11.20306572,11.2647906,11.17220328,11.2647906,11.21849694,77352922,562251160.94,0.4234,0.4127,1,0
2024-06-27,sh.600919,11.23392816,11.40367158,11.20306572,11.3419467,11.2647906,116925734,858057218.04,0.64,0.6849,1,0
2024-06-28,sh.600919,11.37280914,11.60427744,11.35737792,11.46539646,11.3419467,110884432,826557314.75,0.6069,1.0884,1,0
2024-07-01,sh.600919,11.46539646,11.60427744,11.46539646,11.573415,11.46539646,98258163,735455108.58,0.5378,0.9421,1,0
2024-07-02,sh.600919,11.55798378,11.69686476,11.55798378,11.6505711,11.573415,125321341,945175011.71,0.686,0.6667,1,0
2024-07-03,sh.600919,11.66600232,11.71229598,11.54255256,11.63513988,11.6505711,112443374,846577908.38,0.6155,-0.1325,1,0
2024-07-04,sh.600919,11.63513988,11.71229598,11.60427744,11.66600232,11.63513988,118180084,893802665.17,0.6469,0.2653,1,0
2024-07-05,sh.600919,11.69686476,11.75858964,11.48082768,11.55798378,11.66600232,139208626,1045997084.99,0.762,-0.9259,1,0
2024-07-08,sh.600919,11.52712134,11.71229598,11.52712134,11.6505711,11.55798378,122749620,927100261.27,0.6719,0.8011,1,0
2024-07-09,sh.600919,11.66600232,11.8820394,11.55798378,11.86660818,11.6505711,126840301,963404923.0,0.6943,1.8543,1,0
2024-07-10,sh.600919,11.83574574,11.91290184,11.75858964,11.8820394,11.86660818,85028807,653116690.44,0.4654,0.13,1,0
2024-07-11,sh.600919,11.91290184,11.94376428,11.71229598,11.75858964,11.8820394,79669229,609191419.34,0.4361,-1.039,1,0
2024-07-12,sh.600919,11.75858964,12.09807648,11.74315842,12.06721404,11.75858964,129027656,1002037013.58,0.7062,2.6247,1,0
2024-07-15,sh.600919,12.0363516,12.20609502,12.02092038,12.15980136,12.06721404,101821467,798879282.59,0.5573,0.7673,1,0
2024-07-16,sh.600919,12.1906638,12.22152624,12.05178282,12.12893892,12.15980136,80022082,628910692.68,0.438,-0.2538,1,0
2024-07-17,sh.600919,12.14437014,12.22152624,12.09807648,12.1906638,12.12893892,88275325,695663083.15,0.4832,0.5089,1,0
2024-07-18,sh.600919,12.15980136,12.23695746,12.0363516,12.1906638,12.1906638,93294756,735193615.08,0.5107,0.0,1,0
2024-07-19,sh.600919,12.1906638,12.1906638,12.00548916,12.1135077,12.1906638,93648093,734030185.92,0.5126,-0.6329,1,0
2024-07-22,sh.600919,12.1135077,12.12893892,11.91290184,11.99005794,12.1135077,97333301,756615199.07,0.5328,-1.0191,1,0
2024-07-23,sh.600919,11.97462672,12.23695746,11.9591955,12.05178282,11.99005794,114481908,900290660.37,0.6266,0.5148,1,0
2024-07-24,sh.600919,12.05178282,12.12893892,11.99005794,12.06721404,12.05178282,90665701,708479037.35,0.4963,0.128,1,0
2024-07-25,sh.600919,12.06721404,12.14437014,11.91290184,12.05178282,12.06721404,91659367,713958274.44,0.5017,-0.1279,1,0
2024-07-26,sh.600919,12.05178282,12.08264526,11.77402086,11.8820394,12.05178282,95562001,736586398.12,0.5231,-1.4085,1,0
2024-07-29,sh.600919,11.85117696,12.05178282,11.82031452,12.02092038,11.8820394,91864774,713175788.01,0.5028,1.1688,1,0
2024-07-30,sh.600919,12.02092038,12.06721404,11.86660818,11.92833306,12.02092038,72294600,559405975.58,0.3957,-0.7702,1,0
2024-07-31,sh.600919,11.92833306,11.97462672,11.85117696,11.86660818,11.92833306,113661601,875557168.53,0.6221,-0.5175,1,0
2024-08-01,sh.600919,11.86660818,12.09807648,11.77402086,11.91290184,11.86660818,118661227,918301826.81,0.6495,0.3901,1,0
2024-08-02,sh.600919,11.85117696,11.94376428,11.83574574,11.86660818,11.91290184,68974432,530957607.77,0.3759,-0.3886,1,0
2024-08-05,sh.600919,11.85117696,11.89747062,11.63513988,11.6505711,11.86660818,108775216,827944915.21,0.5927,-1.8205,1,0
2024-08-06,sh.600919,11.69686476,11.75858964,11.46539646,11.54255256,11.6505711,93299448,699240675.52,0.5084,-0.9272,1,0
2024-08-07,sh.600919,11.52712134,11.74315842,11.52712134,11.68143354,11.54255256,93480147,707850976.53,0.5094,1.2032,1,0
2024-08-08,sh.600919,11.66600232,11.69686476,11.54255256,11.573415,11.68143354,57005497,428485556.07,0.3106,-0.9247,1,0
2024-08-09,sh.600919,11.60427744,11.68143354,11.54255256,11.58884622,11.573415,46591862,350619129.79,0.2539,0.1333,1,0
2024-08-12,sh.600919,11.58884622,11.61970866,11.51169012,11.60427744,11.58884622,43843102,329200710.08,0.2389,0.1332,1,0
2024-08-13,sh.600919,11.58884622,11.77402086,11.58884622,11.7277272,11.60427744,73574005,558599099.44,0.4009,1.0638,1,0
2024-08-14,sh.600919,11.7277272,11.86660818,11.69686476,11.71229598,11.7277272,57436013,437911102.77,0.313,-0.1316,1,0
2024-08-15,sh.600919,11.7277272,11.83574574,11.68143354,11.8048833,11.71229598,57582573,439939319.07,0.3138,0.7905,1,0
2024-08-16,sh.600919,11.82031452,11.89747062,11.77402086,11.83574574,11.8048833,86241238,661025683.56,0.4699,0.2614,1,0
2024-08-19,sh.600919,11.97462672,12.28325112,11.94376428,12.28325112,11.83574574,238653907,1879615969.67,1.3005,3.781,1,0
2024-08-20,sh.600919,12.31411356,12.46842576,12.28325112,12.45299454,12.28325112,195800098,1572334585.37,1.067,1.3819,1,0
2024-08-21,sh.600919,12.40670088,12.45299454,12.2678199,12.40670088,12.45299454,105007847,843066354.71,0.5722,-0.3717,1,0
2024-08-22,sh.600919,12.39126966,12.60730674,12.37583844,12.53015064,12.40670088,129333758,1050900179.37,0.7048,0.995,1,0
2024-08-23,sh.600919,12.56101308,12.5764443,12.39126966,12.53015064,12.53015064,107205116,867911795.88,0.5842,0.0,1,0
2024-08-26,sh.600919,12.51471942,12.6536004,12.39126966,12.63816918,12.53015064,106875097,868530357.46,0.5824,0.8621,1,0
2024-08-27,sh.600919,12.62273796,12.74618772,12.5764443,12.68446284,12.63816918,124036154,1018853326.17,0.6759,0.3663,1,0
2024-08-28,sh.600919,12.66903162,12.71532528,12.51471942,12.60730674,12.68446284,85203731,695498894.87,0.4643,-0.6083,1,0
2024-08-29,sh.600919,12.5764443,12.60730674,12.1906638,12.23695746,12.60730674,127502327,1018248486.19,0.6948,-2.9376,1,0
2024-08-30,sh.600919,12.22152624,12.32954478,11.99005794,11.99005794,12.23695746,169383875,1329699303.98,0.923,-2.0177,1,0
2024-09-02,sh.600919,11.97462672,12.22152624,11.9591955,12.09807648,11.99005794,109677674,863129242.67,0.5977,0.9009,1,0
2024-09-03,sh.600919,12.09807648,12.12893892,11.82031452,11.89747062,12.09807648,99369529,767099581.95,0.5415,-1.6582,1,0
2024-09-04,sh.600919,11.8820394,12.05178282,11.86660818,11.92833306,11.89747062,83656319,648772676.59,0.4559,0.2594,1,0
2024-09-05,sh.600919,11.94376428,12.12893892,11.83574574,12.08264526,11.92833306,102796422,797672309.34,0.5602,1.2937,1,0
2024-09-06,sh.600919,12.08264526,12.31411356,12.08264526,12.12893892,12.08264526,81783949,647627528.33,0.4457,0.3831,1,0
2024-09-09,sh.600919,12.08264526,12.1135077,11.69686476,11.74315842,12.12893892,121301792,931307955.76,0.661,-3.1807,1,0
2024-09-10,sh.600919,11.77402086,11.94376428,11.71229598,11.82031452,11.74315842,108128413,829002594.82,0.5892,0.657,1,0
2024-09-11,sh.600919,11.8048833,11.83574574,11.4962589,11.55798378,11.82031452,132225846,997956493.62,0.7205,-2.2193,1,0
2024-09-12,sh.600919,11.51169012,11.71229598,11.4962589,11.6505711,11.55798378,73929795,556313580.24,0.4029,0.8011,1,0
2024-09-13,sh.600919,11.69686476,11.83574574,11.55798378,11.55798378,11.6505711,65294256,494390839.38,0.3558,-0.7947,1,0
2024-09-18,sh.600919,11.61970866,11.6505711,11.37280914,11.61970866,11.55798378,71202285,532813369.35,0.388,0.534,1,0
2024-09-19,sh.600919,11.63513988,11.68143354,11.4191028,11.51169012,11.61970866,86381247,644622910.18,0.4707,-0.9296,1,0
2024-09-20,sh.600919,11.52712134,11.69686476,11.51169012,11.58884622,11.51169012,100640854,756881461.31,0.5484,0.6702,1,0
2024-09-23,sh.600919,11.61970866,11.82031452,11.55798378,11.77402086,11.58884622,103181090,784090401.67,0.5623,1.5979,1,0
2024-09-24,sh.600919,11.82031452,12.05178282,11.7277272,12.0363516,11.77402086,163693003,1264381925.08,0.892,2.228,1,0
2024-09-25,sh.600919,12.14437014,12.40670088,12.12893892,12.32954478,12.0363516,175286738,1395351292.21,0.9552,2.4359,1,0
2024-09-26,sh.600919,12.28325112,12.68446284,12.23695746,12.6536004,12.32954478,178231869,1437500220.29,0.9712,2.6283,1,0
2024-09-27,sh.600919,12.77705016,12.8850687,12.37583844,12.4992882,12.6536004,181669756,1478035058.54,0.99,-1.2195,1,0
2024-09-30,sh.600919,12.62273796,13.10110578,12.51471942,12.9622248,12.4992882,405685617,3366240926.86,2.2107,3.7037,1,0
2024-10-08,sh.600919,14.0424102,14.0424102,12.94679358,13.20912432,12.9622248,457768589,3970571595.6,2.4945,1.9048,1,0
2024-10-09,sh.600919,12.97765602,13.116537,12.15980136,12.23695746,13.20912432,324519362,2648270867.93,1.7684,-7.3598,1,0
2024-10-10,sh.600919,12.43756332,13.3480053,12.4221321,13.0393809,12.23695746,345729897,2898646084.35,1.884,6.5574,1,0
2024-10-11,sh.600919,12.9622248,13.39429896,12.8079126,12.90049992,13.0393809,187065208,1583617012.6,1.0194,-1.0651,1,0
2024-10-14,sh.600919,13.10110578,13.76464824,13.08567456,13.62576726,12.90049992,337143274,2961578104.27,1.8372,5.622,1,0
2024-10-15,sh.600919,13.59490482,13.888098,13.5023175,13.56404238,13.62576726,218220138,1938410974.28,1.1891,-0.453,1,0
2024-10-16,sh.600919,13.5023175,14.01154776,13.4251614,13.93439166,13.56404238,205604779,1847459352.66,1.1204,2.7304,1,0
2024-10-17,sh.600919,13.99611654,14.30474094,13.8109419,13.93439166,13.93439166,184879616,1684032849.53,1.0074,0.0,1,0
2024-10-18,sh.600919,14.01154776,14.07327264,13.59490482,13.87266678,13.93439166,194138244,1741765707.9,1.0579,-0.443,1,0
2024-10-21,sh.600919,13.85723556,13.9652541,13.59490482,13.79551068,13.87266678,169859107,1510573874.07,0.9256,-0.5562,1,0
2024-10-22,sh.600919,13.74921702,13.90352922,13.6566297,13.78007946,13.79551068,98371531,877506172.07,0.536,-0.1119,1,0
2024-10-23,sh.600919,13.78007946,13.888098,13.71835458,13.79551068,13.78007946,94756955,847352865.75,0.5163,0.112,1,0
2024-10-24,sh.600919,13.8109419,14.07327264,13.74921702,14.0424102,13.79551068,134071111,1214599343.93,0.7306,1.7897,1,0
2024-10-25,sh.600919,13.98068532,14.05784142,13.71835458,13.79551068,14.0424102,109466932,981377164.0,0.5965,-1.7582,1,0
2024-10-28,sh.600919,13.76464824,13.76464824,13.5794736,13.64119848,13.79551068,105973705,938536008.99,0.5775,-1.1186,1,0
2024-10-29,sh.600919,13.64119848,14.07327264,13.62576726,13.91896044,13.64119848,122577116,1105355071.2,0.6679,2.0362,1,0
2024-10-30,sh.600919,13.93439166,14.02697898,13.71835458,13.888098,13.91896044,104567568,938216236.35,0.5698,-0.2217,1,0
2024-10-31,sh.600919,13.87266678,14.01154776,13.53317994,13.59490482,13.888098,142467965,1261057190.65,0.7763,-2.1111,1,0
2024-11-01,sh.600919,13.64119848,13.85723556,13.5794736,13.79551068,13.59490482,104284002,929333440.14,0.5683,1.4756,1,0
2024-11-04,sh.600919,13.78007946,14.15042874,13.6566297,14.13499752,13.79551068,150451819,1362635909.29,0.8198,2.4609,1,0
2024-11-05,sh.600919,14.07327264,14.25844728,14.05784142,14.1967224,14.13499752,96864447,887210196.13,0.5278,0.4367,1,0
2024-11-06,sh.600919,14.18129118,14.22758484,14.05784142,14.1195663,14.1967224,82086758,752412508.42,0.4473,-0.5435,1,0
2024-11-07,sh.600919,14.05784142,14.30474094,13.90352922,14.28930972,14.1195663,134167626,1227239640.16,0.7311,1.2022,1,0
2024-11-08,sh.600919,14.28930972,14.36646582,13.99611654,14.08870386,14.28930972,121397224,1114605633.76,0.6615,-1.4039,1,0
2024-11-11,sh.600919,14.0424102,14.05784142,13.64119848,13.70292336,14.08870386,179104113,1596719441.95,0.976,-2.7382,1,0
2024-11-12,sh.600919,13.68749214,13.9652541,13.61033604,13.64119848,13.70292336,135359999,1205933978.7,0.7376,-0.4505,1,0
2024-11-13,sh.600919,13.64119848,13.888098,13.62576726,13.84180434,13.64119848,116688664,1044253960.45,0.6359,1.4706,1,0
2024-11-14,sh.600919,13.79551068,14.0424102,13.76464824,13.93439166,13.84180434,116915181,1058070541.35,0.6371,0.6689,1,0
2024-11-15,sh.600919,13.93439166,14.1195663,13.8109419,13.87266678,13.93439166,124183526,1124427535.94,0.6767,-0.443,1,0
2024-11-18,sh.600919,14.02697898,14.22758484,13.94982288,13.99611654,13.87266678,163726638,1496096574.49,0.8922,0.8899,1,0
2024-11-19,sh.600919,14.02697898,14.10413508,13.78007946,13.98068532,13.99611654,94982259,859717903.62,0.5176,-0.1103,1,0
2024-11-20,sh.600919,13.98068532,14.0424102,13.85723556,13.91896044,13.98068532,66773295,602478330.82,0.3639,-0.4415,1,0
2024-11-21,sh.600919,13.93439166,13.9652541,13.87266678,13.94982288,13.91896044,52552912,474013180.8,0.2864,0.2217,1,0
2024-11-22,sh.600919,13.91896044,14.01154776,13.6566297,13.67206092,13.94982288,87094557,779532826.83,0.4746,-1.9912,1,0
2024-11-25,sh.600919,13.67206092,13.79551068,13.64119848,13.70292336,13.67206092,81547759,724211878.05,0.4444,0.2257,1,0
2024-11-26,sh.600919,13.6566297,13.79551068,13.5794736,13.74921702,13.70292336,91133450,809231038.66,0.4966,0.3378,1,0
2024-11-27,sh.600919,13.71835458,13.85723556,13.59490482,13.79551068,13.74921702,82806435,737873323.13,0.4512,0.3367,1,0
2024-11-28,sh.600919,13.98068532,14.01154776,13.78007946,13.79551068,13.79551068,126103430,1134732774.86,0.6872,0.0,1,0
2024-11-29,sh.600919,13.84180434,14.08870386,13.82637312,13.9652541,13.79551068,145263824,1317654213.08,0.7916,1.2304,1,0
2024-12-02,sh.600919,13.74921702,13.85723556,13.5023175,13.51774872,13.9652541,378174313,3334101269.53,2.0607,-3.2044,1,0
2024-12-03,sh.600919,13.56404238,13.74921702,13.54861116,13.7337858,13.51774872,200113348,1773123380.76,1.0905,1.5982,1,0
2024-12-04,sh.600919,13.71835458,13.8109419,13.61033604,13.76464824,13.7337858,132294090,1176900913.61,0.7209,0.2247,1,0
2024-12-05,sh.600919,13.74921702,13.84180434,13.68749214,13.71835458,13.76464824,134256830,1196188288.73,0.7316,-0.3363,1,0
2024-12-06,sh.600919,13.7337858,14.07327264,13.71835458,13.9652541,13.71835458,185775814,1675811811.12,1.0123,1.7998,1,0
2024-12-09,sh.600919,13.9652541,14.18129118,13.93439166,14.13499752,13.9652541,139909113,1276987721.9,0.7624,1.2155,1,0
2024-12-10,sh.600919,14.24301606,14.41275948,14.05784142,14.25844728,14.13499752,151204586,1393686415.84,0.8239,0.8734,1,0
2024-12-11,sh.600919,14.24301606,14.32017216,14.1195663,14.15042874,14.25844728,116698364,1074517547.34,0.6359,-0.7576,1,0
2024-12-12,sh.600919,14.1967224,14.44362192,14.18129118,14.38189704,14.15042874,137418169,1277651626.72,0.7488,1.6358,1,0
2024-12-13,sh.600919,14.38189704,14.38189704,14.08870386,14.10413508,14.38189704,151189396,1392280876.41,0.8239,-1.9313,1,0
2024-12-16,sh.600919,14.13499752,14.32017216,14.1195663,14.1967224,14.10413508,98943300,913169686.66,0.5392,0.6565,1,0
2024-12-17,sh.600919,14.18129118,14.33560338,14.16585996,14.30474094,14.1967224,127679494,1180619998.02,0.6958,0.7609,1,0
2024-12-18,sh.600919,14.32017216,14.56707168,14.30474094,14.48991558,14.30474094,144607558,1357451941.07,0.788,1.2945,1,0
2024-12-19,sh.600919,14.44362192,14.56707168,14.3510346,14.3510346,14.48991558,99739702,932848977.56,0.5435,-0.9585,1,0
2024-12-20,sh.600919,14.38189704,14.56707168,14.38189704,14.44362192,14.3510346,109305304,1025299083.36,0.5956,0.6452,1,0
2024-12-23,sh.600919,14.45905314,14.70595266,14.45905314,14.53620924,14.44362192,141956505,1343739282.5,0.7735,0.641,1,0
2024-12-24,sh.600919,14.56707168,14.79853998,14.47448436,14.76767754,14.53620924,140316379,1335519458.48,0.7646,1.5924,1,0
2024-12-25,sh.600919,14.8139712,15.01457706,14.76767754,14.99914584,14.76767754,109625522,1060724420.98,0.5974,1.5674,1,0
2024-12-26,sh.600919,15.01457706,15.09173316,14.82940242,15.07630194,14.99914584,94928744,922301990.78,0.5173,0.5144,1,0
2024-12-27,sh.600919,15.0454395,15.15345804,14.7368151,14.98371462,15.07630194,130463346,1260467632.93,0.7109,-0.6141,1,0
2024-12-30,sh.600919,14.95285218,15.3540639,14.93742096,15.2769078,14.98371462,140786342,1386904962.66,0.7672,1.9567,1,0
2024-12-31,sh.600919,15.29233902,15.44665122,15.15345804,15.15345804,15.2769078,135491926,1342513496.68,0.7383,-0.8081,1,0
2025-01-02,sh.600919,15.1997517,15.36949512,14.92198974,14.99914584,15.15345804,146672367,1440676366.04,0.7992,-1.0183,1,0
2025-01-03,sh.600919,15.0454395,15.10716438,14.76767754,14.8139712,14.99914584,126862181,1223826179.57,0.6913,-1.2346,1,0
2025-01-06,sh.600919,14.8139712,14.8911273,14.5053468,14.87569608,14.8139712,115252041,1102039979.8,0.628,0.4167,1,0
2025-01-07,sh.600919,14.87569608,15.0454395,14.75224632,15.01457706,14.87569608,85335345,824716571.29,0.465,0.9336,1,0
2025-01-08,sh.600919,15.01457706,15.23061414,14.99914584,15.16888926,15.01457706,104522024,1024965020.82,0.5696,1.0277,1,0
2025-01-09,sh.600919,15.1997517,15.38492634,14.9682834,15.21518292,15.16888926,124705639,1229852520.99,0.6795,0.3052,1,0
2025-01-10,sh.600919,15.27890308,15.3744958,14.91246432,15.18331036,15.2151746,126726075,1207363578.82,0.6906,-0.2094,1,0
2025-01-13,sh.600919,15.07178552,15.24703884,14.94432856,15.10364976,15.18331036,82708907,782410779.44,0.4507,-0.5247,1,0
2025-01-14,sh.600919,15.135514,15.26297096,14.9761928,15.00805704,15.10364976,142295143,1346403144.42,0.7754,-0.6329,1,0
2025-01-15,sh.600919,14.99212492,15.3744958,14.9761928,15.2948352,15.00805704,133205646,1276061210.77,0.7259,1.9108,1,0
2025-01-16,sh.600919,15.3744958,15.72500244,15.31076732,15.66127396,15.2948352,105808287,1031246418.56,0.5766,2.3958,1,0
2025-01-17,sh.600919,15.59754548,15.75686668,15.51788488,15.54974912,15.66127396,71380626,699857573.92,0.389,-0.7121,1,0
2025-01-20,sh.600919,15.58161336,15.64534184,15.40636004,15.40636004,15.54974912,81992269,796884226.38,0.4468,-0.9221,1,0
2025-01-21,sh.600919,15.48602064,15.50195276,15.24703884,15.27890308,15.40636004,69006252,663940393.75,0.376,-0.8273,1,0
2025-01-22,sh.600919,15.2948352,15.31076732,15.02398916,15.0558534,15.27890308,100725218,954422400.74,0.5489,-1.4599,1,0
2025-01-23,sh.600919,15.15144612,15.35856368,15.15144612,15.27890308,15.0558534,95038374,910757031.94,0.5179,1.4815,1,0
2025-01-24,sh.600919,15.15144612,15.58161336,14.96026068,15.56568124,15.27890308,129698940,1247750283.08,0.7068,1.877,1,0
2025-01-27,sh.600919,15.64534184,15.90025576,15.6134776,15.82059516,15.56568124,109959547,1090108585.21,0.5992,1.6377,1,0
2025-02-05,sh.600919,15.80466304,15.82059516,15.48602064,15.533817,15.82059516,97637864,958095428.26,0.532,-1.8127,1,0
2025-02-06,sh.600919,15.50195276,15.70907032,15.2948352,15.42229216,15.533817,97146158,939975597.71,0.5294,-0.7179,1,0
2025-02-07,sh.600919,15.43822428,15.43822428,15.19924248,15.23110672,15.42229216,139787830,1338665179.81,0.7617,-1.2397,1,0
2025-02-10,sh.600919,15.15144612,15.2948352,15.03992128,15.16737824,15.23110672,127547124,1214767855.82,0.695,-0.4184,1,0
2025-02-11,sh.600919,15.16737824,15.31076732,15.135514,15.23110672,15.16737824,85067672,812463544.97,0.4636,0.4202,1,0
2025-02-12,sh.600919,15.2151746,15.32669944,15.135514,15.18331036,15.23110672,80127002,764224419.56,0.4366,-0.3138,1,0
2025-02-13,sh.600919,15.16737824,15.2151746,15.135514,15.135514,15.18331036,74489315,709596004.56,0.4059,-0.3148,1,0
2025-02-14,sh.600919,15.15144612,15.16737824,15.00805704,15.0558534,15.135514,110170179,1041568425.19,0.6003,-0.5263,1,0
2025-02-17,sh.600919,15.07178552,15.11958188,14.83280372,14.91246432,15.0558534,149783126,1403390206.72,0.8162,-0.9524,1,0
2025-02-18,sh.600919,14.92839644,15.18331036,14.92839644,15.10364976,14.91246432,136227480,1289135886.98,0.7423,1.2821,1,0
2025-02-19,sh.600919,15.11958188,15.15144612,14.9761928,15.02398916,15.10364976,92577832,874926361.98,0.5045,-0.5274,1,0
2025-02-20,sh.600919,15.02398916,15.03992128,14.91246432,14.94432856,15.02398916,67533551,634395710.25,0.368,-0.5302,1,0
2025-02-21,sh.600919,14.92839644,14.92839644,14.51416132,14.60975404,14.94432856,262372241,2410676856.22,1.4297,-2.2388,1,0
2025-02-24,sh.600919,14.4982292,14.64161828,14.4185686,14.46636496,14.60975404,149296059,1358156218.32,0.8135,-0.9815,1,0
2025-02-25,sh.600919,14.45043284,14.53009344,14.24331528,14.30704376,14.46636496,157816588,1419660112.78,0.86,-1.1013,1,0
2025-02-26,sh.600919,14.2592474,14.45043284,14.24331528,14.29111164,14.30704376,132014404,1187224431.86,0.7194,-0.1114,1,0
2025-02-27,sh.600919,14.338908,14.64161828,14.2592474,14.62568616,14.29111164,180025979,1637750880.41,0.981,2.3411,1,0
2025-02-28,sh.600919,14.67348252,14.8168716,14.54602556,14.54602556,14.62568616,123189658,1134117521.35,0.6713,-0.5447,1,0
2025-03-03,sh.600919,14.60975404,14.70534676,14.43450072,14.70534676,14.54602556,104108906,955153269.92,0.5673,1.0953,1,0
2025-03-04,sh.600919,14.70534676,14.86466796,14.6575504,14.80093948,14.70534676,95875875,889579338.86,0.5224,0.6501,1,0
2025-03-05,sh.600919,14.8168716,15.15144612,14.75314312,15.08771764,14.80093948,148530261,1400210659.09,0.8094,1.9376,1,0
2025-03-06,sh.600919,15.08771764,15.11958188,14.8965322,14.94432856,15.08771764,115109902,1082040517.57,0.6273,-0.9504,1,0
2025-03-07,sh.600919,14.96026068,15.00805704,14.80093948,14.8168716,14.94432856,85695229,799876564.47,0.467,-0.8529,1,0
2025-03-10,sh.600919,14.76907524,14.80093948,14.64161828,14.76907524,14.8168716,87613656,809701650.41,0.4774,-0.3226,1,0
2025-03-11,sh.600919,14.70534676,14.84873584,14.70534676,14.84873584,14.76907524,69610190,645260154.98,0.3793,0.5394,1,0
2025-03-12,sh.600919,14.80093948,14.88060008,14.67348252,14.68941464,14.84873584,93797445,868895082.99,0.5111,-1.073,1,0
2025-03-13,sh.600919,14.68941464,14.8965322,14.67348252,14.88060008,14.68941464,98390219,916086861.77,0.5361,1.3015,1,0
2025-03-14,sh.600919,14.86466796,15.00805704,14.70534676,14.72127888,14.88060008,207092303,1925732911.91,1.1285,-1.0707,1,0
2025-03-17,sh.600919,14.76907524,14.9761928,14.68941464,14.88060008,14.72127888,153820014,1435148829.66,0.8382,1.0823,1,0
2025-03-18,sh.600919,14.92839644,15.02398916,14.86466796,14.8965322,14.88060008,92239259,865464109.97,0.5026,0.1071,1,0
2025-03-19,sh.600919,14.92839644,15.03992128,14.86466796,14.99212492,14.8965322,90801821,853060852.4,0.4948,0.6417,1,0
2025-03-20,sh.600919,15.03992128,15.16737824,15.02398916,15.02398916,14.99212492,88213056,835194202.42,0.4807,0.2125,1,0
2025-03-21,sh.600919,15.03992128,15.135514,14.8965322,14.91246432,15.02398916,92458682,870937531.59,0.5038,-0.7423,1,0
2025-03-24,sh.600919,14.96026068,15.10364976,14.91246432,15.08771764,14.91246432,111109727,1049756550.91,0.6055,1.1752,1,0
2025-03-25,sh.600919,15.08771764,15.27890308,15.07178552,15.26297096,15.08771764,96263846,918856211.95,0.5246,1.1616,1,0
2025-03-26,sh.600919,15.24703884,15.2948352,15.0558534,15.0558534,15.26297096,89896547,854118744.61,0.4899,-1.357,1,0
2025-03-27,sh.600919,15.0558534,15.26297096,15.0558534,15.2151746,15.0558534,89338831,851910394.77,0.4868,1.0582,1,0
2025-03-28,sh.600919,15.2151746,15.27890308,15.135514,15.15144612,15.2151746,63476046,605299784.36,0.3459,-0.4188,1,0
2025-03-31,sh.600919,15.19924248,15.2948352,15.10364976,15.135514,15.15144612,94247540,899734374.81,0.5136,-0.1052,1,0
2025-04-01,sh.600919,15.135514,15.27890308,15.03992128,15.26297096,15.135514,107596410,1024932745.14,0.5863,0.8421,1,0
2025-04-02,sh.600919,15.24703884,15.59754548,15.24703884,15.533817,15.26297096,119763334,1163824738.81,0.6526,1.7745,1,0
2025-04-03,sh.600919,15.43822428,15.6134776,15.42229216,15.51788488,15.533817,75660181,737015990.43,0.4123,-0.1026,1,0
2025-04-07,sh.600919,15.03992128,15.135514,14.46636496,14.83280372,15.51788488,263135153,2449386563.31,1.4339,-4.4148,1,0
2025-04-08,sh.600919,14.76907524,15.00805704,14.68941464,14.96026068,14.83280372,205911048,1922418825.29,1.1221,0.8593,1,0
2025-04-09,sh.600919,14.84873584,14.9761928,14.72127888,14.86466796,14.96026068,165744395,1545460161.29,0.9032,-0.639,1,0
2025-04-10,sh.600919,14.92839644,15.135514,14.88060008,15.11958188,14.86466796,138385229,1304914056.85,0.7541,1.7149,1,0
2025-04-11,sh.600919,15.0558534,15.08771764,14.84873584,14.92839644,15.11958188,104341920,977945887.93,0.5686,-1.2645,1,0
2025-04-14,sh.600919,14.94432856,15.00805704,14.91246432,14.96026068,14.92839644,77182988,724611115.35,0.4206,0.2134,1,0
2025-04-15,sh.600919,14.94432856,15.26297096,14.92839644,15.24703884,14.96026068,124099293,1179906865.01,0.6762,1.9169,1,0
2025-04-16,sh.600919,15.2151746,15.533817,15.2151746,15.51788488,15.24703884,125163974,1211888729.87,0.682,1.7764,1,0
2025-04-17,sh.600919,15.48602064,15.6931382,15.3744958,15.67720608,15.51788488,112239668,1098119301.45,0.6116,1.0267,1,0
2025-04-18,sh.600919,15.6134776,15.75686668,15.6134776,15.72500244,15.67720608,92607031,913165074.53,0.5046,0.3049,1,0
2025-04-21,sh.600919,15.74093456,15.97991636,15.56568124,15.56568124,15.72500244,142629895,1410059105.02,0.7772,-1.0132,1,0
2025-04-22,sh.600919,15.6134776,15.90025576,15.6134776,15.83652728,15.56568124,108718226,1077527473.45,0.5924,1.74,1,0
2025-04-23,sh.600919,15.8524594,15.93212,15.70907032,15.70907032,15.83652728,86928223,862111146.26,0.4737,-0.8048,1,0
2025-04-24,sh.600919,15.7727988,15.91618788,15.74093456,15.86839152,15.70907032,84369033,840022076.23,0.4597,1.0142,1,0
2025-04-25,sh.600919,15.88432364,15.96398424,15.74093456,15.82059516,15.86839152,72696669,722477094.63,0.3961,-0.3012,1,0
2025-04-28,sh.600919,15.86839152,16.21889816,15.8524594,16.13923756,15.82059516,153164374,1545876240.0,0.8346,2.0141,1,0
2025-04-29,sh.600919,16.1711018,16.55347268,16.1711018,16.52160844,16.13923756,182325331,1876978001.78,0.9935,2.3692,1,0
2025-04-30,sh.600919,16.45787996,16.53754056,16.15516968,16.18703392,16.52160844,132422326,1350267361.98,0.7216,-2.0251,1,0
2025-05-06,sh.600919,16.1711018,16.2507624,15.86839152,15.94805212,16.18703392,135511559,1358376295.8,0.7384,-1.4764,1,0
2025-05-07,sh.600919,16.02771272,16.28262664,15.99584848,16.18703392,15.94805212,94261480,955738080.09,0.5136,1.4985,1,0
2025-05-08,sh.600919,16.18703392,16.58533692,16.1711018,16.58533692,16.18703392,134097249,1386869055.91,0.7307,2.4606,1,0
2025-05-09,sh.600919,16.58533692,16.8880472,16.53754056,16.8880472,16.58533692,110735978,1166994717.92,0.6034,1.8252,1,0
2025-05-12,sh.600919,16.84025084,17.0473684,16.68092964,16.91991144,16.8880472,106720927,1131752836.35,0.5815,0.1887,1,0
2025-05-13,sh.600919,16.91991144,17.31821444,16.90397932,17.22262172,16.91991144,115656823,1244690571.08,0.6302,1.7891,1,0
2025-05-14,sh.600919,17.2066896,17.31821444,17.0473684,17.17482536,17.22262172,121871828,1313305328.23,0.6641,-0.2775,1,0
2025-05-15,sh.600919,17.15889324,17.33414656,17.15889324,17.17482536,17.17482536,108050811,1171038037.39,0.5888,0.0,1,0
2025-05-16,sh.600919,17.17482536,17.23855384,16.93584356,17.09516476,17.17482536,96047225,1028434502.52,0.5234,-0.4638,1,0
2025-05-19,sh.600919,17.09516476,17.27041808,17.03143628,17.06330052,17.09516476,84310972,907384935.14,0.4594,-0.1864,1,0
2025-05-20,sh.600919,17.11109688,17.31821444,17.01550416,17.06330052,17.06330052,87977353,945781749.57,0.4794,0.0,1,0
2025-05-21,sh.600919,17.127029,17.4456714,17.09516476,17.39787504,17.06330052,100559692,1092445639.73,0.548,1.9608,1,0
2025-05-22,sh.600919,17.38194292,17.71651744,17.33414656,17.62092472,17.39787504,115254930,1273268003.01,0.628,1.2821,1,0
2025-05-23,sh.600919,17.66872108,17.8439744,17.4456714,17.49346776,17.62092472,88788565,982154617.86,0.4838,-0.7233,1,0
2025-05-26,sh.600919,17.46160352,17.58906048,17.11109688,17.22262172,17.49346776,110424493,1200070883.83,0.6017,-1.5483,1,0
2025-05-27,sh.600919,17.2863502,17.49346776,17.27041808,17.33414656,17.22262172,70099629,764195192.91,0.382,0.6475,1,0
2025-05-28,sh.600919,17.33414656,17.41380716,17.14296112,17.27041808,17.33414656,64711849,701886471.6,0.3526,-0.3676,1,0
2025-05-29,sh.600919,17.30228232,17.525332,17.2066896,17.3660108,17.27041808,86103676,938594147.92,0.4692,0.5535,1,0
2025-05-30,sh.600919,17.35007868,17.65278896,17.33414656,17.49346776,17.3660108,98159554,1080680777.93,0.5349,0.7339,1,0
2025-06-03,sh.600919,17.49346776,17.79617804,17.42973928,17.65278896,17.49346776,129335756,1432118080.41,0.7048,0.9107,1,0
2025-06-04,sh.600919,17.65278896,17.87583864,17.6049926,17.85990652,17.65278896,127390387,1422384589.94,0.6942,1.1733,1,0
2025-06-05,sh.600919,17.98736348,18.06702408,17.55719624,17.55719624,17.85990652,122284873,1361690065.56,0.6664,-1.6949,1,0
2025-06-06,sh.600919,17.6049926,17.78024592,17.50939988,17.7643138,17.55719624,95286175,1056880776.17,0.5192,1.1797,1,0
2025-06-09,sh.600919,17.7643138,17.923635,17.57312836,17.87583864,17.7643138,108608385,1211781915.68,0.5918,0.6278,1,0
2025-06-10,sh.600919,17.82804228,18.13075256,17.81211016,18.06702408,17.87583864,110346676,1249422117.13,0.6013,1.0695,1,0
2025-06-11,sh.600919,18.06702408,18.1626168,17.95549924,18.0829562,18.06702408,67366033,763767891.08,0.3671,0.0882,1,0
2025-06-12,sh.600919,18.09888832,18.5609198,18.09888832,18.49719132,18.0829562,131964947,1521904143.83,0.7191,2.2907,1,0
2025-06-13,sh.600919,18.49719132,18.60871616,18.22634528,18.321938,18.49719132,115330163,1330090336.11,0.6285,-0.9475,1,0
2025-06-16,sh.600919,18.4015986,18.67244464,18.33787012,18.65651252,18.321938,91008691,1059623723.92,0.4959,1.8261,1,0
2025-06-17,sh.600919,18.67244464,18.78396948,18.51312344,18.54498768,18.65651252,90665543,1058342401.24,0.4941,-0.5978,1,0
2025-06-18,sh.600919,18.60871616,18.73617312,18.4812592,18.70430888,18.54498768,69898839,818385301.0,0.3809,0.8591,1,0
2025-06-19,sh.600919,18.720241,18.89549432,18.65651252,18.86363008,18.70430888,90996285,1073795772.68,0.4959,0.8518,1,0
2025-06-20,sh.600919,18.86363008,18.94329068,18.65651252,18.92735856,18.86363008,156859770,1857267972.2,0.8548,0.3378,1,0
2025-06-23,sh.600919,18.89549432,19.05481552,18.70430888,19.00701916,18.92735856,132740936,1575047182.55,0.7233,0.4209,1,0
2025-06-24,sh.600919,18.99108704,19.13447612,18.7999016,19.00701916,19.00701916,134926340,1607171457.37,0.7352,0.0,1,0
2025-06-25,sh.600919,18.97515492,19.46905064,18.91142644,19.37345792,19.00701916,150858121,1820395916.24,0.8221,1.9279,1,0
2025-06-26,sh.600919,19.32566156,19.88328576,19.29379732,19.81955728,19.37345792,133982257,1653527398.74,0.7301,2.3026,1,0
2025-06-27,sh.600919,19.80362516,19.9948106,18.92735856,19.10261188,19.81955728,233200515,2835947510.43,1.2708,-3.6174,1,0
2025-06-30,sh.600919,18.99108704,19.08667976,18.7999016,19.02295128,19.10261188,120744389,1435561261.02,0.658,-0.417,1,0
2025-07-01,sh.600919,19.02295128,19.48498276,19.02295128,19.34159368,19.02295128,94017503,1140531210.82,0.5123,1.675,1,0
2025-07-02,sh.600919,19.34159368,19.66023608,19.34159368,19.53277912,19.34159368,88249611,1080875836.33,0.4809,0.9885,1,0
2025-07-03,sh.600919,19.54871124,19.70803244,19.40532216,19.5965076,19.53277912,78155602,959456867.68,0.4259,0.3263,1,0
2025-07-04,sh.600919,19.5965076,20.10633544,19.56464336,19.97887848,19.5965076,128477438,1607597324.79,0.7001,1.9512,1,0
2025-07-07,sh.600919,20.05853908,20.13819968,19.73989668,19.91515,19.97887848,95390215,1191727063.53,0.5198,-0.319,1,0
2025-07-08,sh.600919,19.91515,19.97887848,19.38939004,19.69210032,19.91515,135388031,1666225403.21,0.7378,-1.12,1,0
2025-07-09,sh.600919,19.61243972,19.81955728,19.56464336,19.62837184,19.69210032,92271848,1140324186.02,0.5028,-0.3236,1,0
2025-07-10,sh.600919,19.774248,19.9687488,19.6607892,19.774248,19.6283724,131195383,1606291017.43,0.7149,0.7432,1,0
2025-07-11,sh.600919,19.85529,19.9525404,19.3042044,19.3204128,19.774248,160770375,1944926435.11,0.8761,-2.2951,1,0
2025-07-14,sh.600919,19.287996,19.6445808,19.2717876,19.4176632,19.3204128,109991827,1323058939.15,0.5994,0.5034,1,0
2025-07-15,sh.600919,19.4176632,19.693206,19.0934952,19.125912,19.4176632,110990856,1319947637.77,0.6048,-1.5025,1,0
2025-07-16,sh.600919,19.1421204,19.206954,18.7855356,18.963828,19.125912,147398186,1719243471.97,0.8032,-0.8475,1,0
2025-07-17,sh.600919,19.0124532,19.1583288,18.8989944,18.9962448,18.963828,95268126,1118535018.13,0.5191,0.1709,1,0
2025-07-18,sh.600919,18.9800364,19.1745372,18.9314112,19.0934952,18.9962448,101425440,1193893259.34,0.5527,0.5119,1,0
2025-07-21,sh.600919,19.0934952,19.1583288,18.8179524,18.963828,19.0934952,87924526,1028426305.2,0.4791,-0.6791,1,0
2025-07-22,sh.600919,18.882786,18.9476196,18.4127424,18.5910348,18.963828,164444985,1890272957.6,0.8961,-1.9658,1,0
2025-07-23,sh.600919,18.558618,18.7855356,18.4289508,18.5910348,18.5910348,140725063,1619947685.72,0.7668,0.0,1,0
2025-07-24,sh.600919,18.5910348,18.6558684,18.2668668,18.315492,18.5910348,170655616,1934352474.41,0.9299,-1.4821,1,0
2025-07-25,sh.600919,18.315492,18.6234516,18.2992836,18.4289508,18.315492,136812357,1560455557.58,0.7455,0.6195,1,0
2025-07-28,sh.600919,18.477576,18.8179524,18.477576,18.6234516,18.4289508,147997265,1705036829.23,0.8065,1.0554,1,0
2025-07-29,sh.600919,18.6558684,18.7693272,18.3317004,18.3479088,18.6234516,113702736,1298554759.96,0.6196,-1.4795,1,0
2025-07-30,sh.600919,18.3803256,18.6882852,18.2830752,18.5748264,18.3479088,127776955,1461451270.94,0.6963,1.2367,1,0
2025-07-31,sh.600919,18.558618,18.5748264,18.1209912,18.315492,18.5748264,139620044,1574266653.46,0.7608,-1.3962,1,0
2025-08-01,sh.600919,18.3641172,18.558618,18.1047828,18.5424096,18.315492,129597035,1471189832.23,0.7062,1.2389,1,0
2025-08-04,sh.600919,18.477576,18.9314112,18.4613676,18.7369104,18.5424096,136018183,1575893932.18,0.7412,1.049,1,0
2025-08-05,sh.600919,18.7531188,19.1097036,18.7531188,19.0610784,18.7369104,129553169,1517218102.98,0.706,1.7301,1,0
2025-08-06,sh.600919,19.125912,19.1745372,18.801744,18.9476196,19.0610784,89155639,1041527697.1,0.4858,-0.5952,1,0
2025-08-07,sh.600919,18.8989944,19.0286616,18.801744,18.882786,18.9476196,72297788,843968865.17,0.394,-0.3422,1,0
2025-08-08,sh.600919,18.963828,19.1583288,18.8665776,18.882786,18.882786,86480903,1012601484.99,0.4713,0.0,1,0
2025-08-11,sh.600919,18.882786,18.9152028,18.6234516,18.6558684,18.882786,93783047,1082340086.91,0.511,-1.2017,1,0
2025-08-12,sh.600919,18.6720768,18.8503692,18.558618,18.5910348,18.6558684,90754967,1046463746.22,0.4945,-0.3475,1,0
2025-08-13,sh.600919,18.558618,18.6234516,18.1371996,18.153408,18.5910348,188055932,2123809793.46,1.0248,-2.354,1,0
2025-08-14,sh.600919,18.1696164,18.23445,17.991324,18.1047828,18.153408,130621712,1460440194.0,0.7118,-0.2679,1,0
2025-08-15,sh.600919,18.1209912,18.153408,17.667156,17.7968232,18.1047828,180663992,1983705193.87,0.9845,-1.701,1,0
2025-08-18,sh.600919,17.82924,18.0399492,17.6347392,17.9264904,17.7968232,162041309,1784319880.6,0.883,0.7286,1,0
2025-08-19,sh.600919,17.9264904,18.0561576,17.7644064,18.0075324,17.9264904,122188641,1353124317.01,0.6658,0.4521,1,0
2025-08-20,sh.600919,17.9426988,18.63966,17.9426988,18.23445,18.0075324,211790465,2397552511.71,1.1541,1.2601,1,0
2025-08-21,sh.600919,18.2182416,18.4289508,18.0885744,18.3317004,18.23445,128541912,1451691110.29,0.7005,0.5333,1,0
2025-08-22,sh.600919,18.396534,18.4127424,17.910282,18.072366,18.3317004,184081895,2049994937.41,1.0031,-1.4147,1,0
2025-08-25,sh.600919,17.8940736,18.0075324,17.748198,17.9426988,18.072366,203557085,2245522551.26,1.1092,-0.7175,1,0
2025-08-26,sh.600919,17.9264904,17.9751156,17.7806148,17.8616568,17.9426988,115163667,1267947790.64,0.6275,-0.4517,1,0
2025-08-27,sh.600919,17.82924,17.8778652,17.4888636,17.5212804,17.8616568,193417570,2109934474.96,1.054,-1.9056,1,0
2025-08-28,sh.600919,17.5212804,17.9589072,17.4402384,17.8616568,17.5212804,212199820,2323540330.13,1.1563,1.9426,1,0
2025-08-29,sh.600919,17.8616568,18.0399492,17.5536972,17.5536972,17.8616568,221613933,2428849765.47,1.2076,-1.7241,1,0
2025-09-01,sh.600919,17.5374888,17.667156,17.3105712,17.3754048,17.5536972,179369511,1931311361.16,0.9774,-1.0157,1,0
2025-09-02,sh.600919,17.3754048,17.667156,17.3105712,17.6509476,17.3754048,162403487,1754993486.69,0.885,1.5858,1,0
2025-09-03,sh.600919,17.6185308,17.6833644,17.3267796,17.42403,17.6509476,108573225,1169809516.69,0.5916,-1.2856,1,0
2025-09-04,sh.600919,17.3916132,17.5374888,17.0836536,17.4564468,17.42403,156591085,1673932750.7,0.8533,0.186,1,0
2025-09-05,sh.600919,17.4402384,17.5374888,17.2133208,17.2781544,17.4564468,128334002,1370303910.32,0.6993,-1.0214,1,0
2025-09-08,sh.600919,17.1646956,17.4078216,17.1322788,17.2943628,17.2781544,120052582,1280110662.93,0.6542,0.0938,1,0
2025-09-09,sh.600919,17.3105712,17.6509476,17.2781544,17.6347392,17.2943628,157404833,1699687334.09,0.8577,1.9681,1,0
2025-09-10,sh.600919,17.6185308,17.667156,17.4564468,17.5374888,17.6347392,118747067,1286556784.63,0.6471,-0.5515,1,0
2025-09-11,sh.600919,17.5374888,17.6347392,17.2133208,17.4402384,17.5374888,181403998,1941915826.96,0.9885,-0.5545,1,0
2025-09-12,sh.600919,17.3754048,17.42403,17.0512368,17.0674452,17.4402384,188022748,1995457579.2,1.0246,-2.1375,1,0
2025-09-15,sh.600919,17.0350284,17.0674452,16.8081108,16.8891528,17.0674452,181415349,1893756693.83,0.9886,-1.0446,1,0
2025-09-16,sh.600919,16.8405276,16.937778,16.7270688,16.7594856,16.8891528,133753500,1386797314.6,0.7288,-0.7678,1,0
2025-09-17,sh.600919,16.7270688,16.8405276,16.6298184,16.694652,16.7594856,123783672,1278118541.94,0.6745,-0.3868,1,0
2025-09-18,sh.600919,16.7432772,16.7919024,16.5001512,16.5001512,16.694652,147435384,1511937279.02,0.8034,-1.165,1,0
2025-09-19,sh.600919,16.4839428,16.694652,16.370484,16.6298184,16.5001512,127972048,1309065483.92,0.6973,0.7859,1,0
2025-09-22,sh.600919,16.61361,16.6460268,16.3380672,16.4029008,16.6298184,114829518,1166540982.83,0.6257,-1.3645,1,0
2025-09-23,sh.600919,16.3866924,16.7108604,16.2408168,16.5487764,16.4029008,195789674,2000501353.96,1.0669,0.8893,1,0
2025-09-24,sh.600919,16.5001512,16.6622352,16.4191092,16.5163596,16.5487764,117074594,1195426404.2,0.638,-0.1959,1,0
2025-09-25,sh.600919,16.5001512,16.5163596,16.2084,16.3380672,16.5163596,137703422,1385557015.36,0.7504,-1.0795,1,0
2025-09-26,sh.600919,16.3218588,16.4839428,16.1921916,16.4353176,16.3380672,177243314,1784842034.55,0.9658,0.5952,1,0
2025-09-29,sh.600919,16.4029008,16.61361,16.3218588,16.4353176,16.4353176,131745021,1337626433.69,0.7179,0.0,1,0
2025-09-30,sh.600919,16.4677344,16.4677344,16.2246084,16.2570252,16.4353176,92415093,929759161.83,0.5036,-1.0848,1,0
2025-10-09,sh.600919,16.2084,16.2084,15.9814824,16.1921916,16.2570252,160278690,1592680085.86,0.8734,-0.3988,1,0
2025-10-10,sh.600919,16.1435664,16.4677344,16.1435664,16.4029008,16.1921916,158173355,1598381380.09,0.8619,1.3013,1,0
2025-10-13,sh.600919,16.3866924,16.9215696,16.2570252,16.7108604,16.4029008,256649195,2632108583.36,1.3985,1.8775,1,0
2025-10-14,sh.600919,16.6622352,17.4564468,16.5974016,17.3754048,16.7108604,344595210,3655113174.59,1.8778,3.9767,1,0
2025-10-15,sh.600919,17.342988,17.6185308,17.2781544,17.6023224,17.3754048,216999843,2337291053.01,1.1825,1.306,1,0
2025-10-16,sh.600919,17.5374888,17.9264904,17.505072,17.8940736,17.6023224,182150693,1994419327.56,0.9926,1.6575,1,0
2025-10-17,sh.600919,17.8616568,18.1047828,17.748198,17.8130316,17.8940736,154369234,1708159203.59,0.8412,-0.4529,1,0
2025-10-20,sh.600919,17.7644064,17.7968232,17.3916132,17.4888636,17.8130316,160298052,1733363576.76,0.8735,-1.8198,1,0
2025-10-21,sh.600919,17.5212804,17.6833644,17.4564468,17.586114,17.4888636,122970088,1332420641.26,0.6701,0.5561,1,0
2025-10-22,sh.600919,17.5212804,17.8130316,17.5212804,17.7157812,17.586114,96321833,1052109786.35,0.5249,0.7373,1,0
2025-10-23,sh.600919,17.6995728,17.9426988,17.6347392,17.8130316,17.7157812,112076173,1231228337.3,0.6107,0.5489,1,0
2025-10-24,sh.600919,17.7157812,17.8454484,17.6023224,17.6833644,17.8130316,131970439,1441910863.88,0.7191,-0.7279,1,0
2025-10-27,sh.600919,17.586114,17.8130316,17.3916132,17.7319896,17.6833644,125480386,1364487767.13,0.6838,0.275,1,0
2025-10-28,sh.600919,17.7319896,17.7968232,17.42403,17.7319896,17.7319896,96773601,1052472520.72,0.5273,0.0,1,0
2025-10-29,sh.600919,17.6509476,17.6833644,16.9864032,17.0512368,17.7319896,203906604,2163768557.99,1.1111,-3.8391,1,0
2025-10-30,sh.600919,16.9539864,17.180904,16.937778,17.099862,17.0512368,115075081,1212890578.83,0.6271,0.2852,1,0
2025-10-31,sh.600919,17.3591964,17.6509476,17.261946,17.4726552,17.099862,177880251,1915855647.19,0.9693,2.1801,1,0
2025-11-03,sh.600919,17.4726552,17.8616568,17.4726552,17.6995728,17.4726552,147007027,1605534486.98,0.8011,1.2987,1,0
2025-11-04,sh.600919,17.7644064,18.0237408,17.7157812,18.0075324,17.6995728,153181837,1695877387.99,0.8347,1.7399,1,0
2025-11-05,sh.600919,18.0561576,18.2506584,17.9426988,18.0237408,18.0075324,146384702,1635590370.97,0.7977,0.09,1,0
2025-11-06,sh.600919,17.910282,18.1371996,17.8778652,17.991324,18.0237408,111960257,1242934688.45,0.6101,-0.1799,1,0
2025-11-07,sh.600919,17.991324,18.1858248,17.9264904,17.9264904,17.991324,97233086,1082097832.44,0.5298,-0.3604,1,0
2025-11-10,sh.600919,17.910282,18.0885744,17.82924,18.0237408,17.9264904,98297154,1092111469.58,0.5356,0.5425,1,0
2025-11-11,sh.600919,18.0237408,18.0561576,17.8778652,17.991324,18.0237408,86341342,958649132.82,0.4705,-0.1799,1,0
2025-11-12,sh.600919,18.072366,18.2182416,18.0075324,18.0399492,17.991324,98550412,1101231328.76,0.537,0.2703,1,0
2025-11-13,sh.600919,18.0399492,18.1209912,17.748198,17.8778652,18.0399492,106899620,1179497862.3,0.5825,-0.8985,1,0
2025-11-14,sh.600919,17.9264904,18.072366,17.8130316,17.82924,17.8778652,90782275,1005290089.96,0.4947,-0.272,1,0
2025-11-17,sh.600919,17.7644064,17.82924,17.505072,17.5536972,17.82924,112339863,1220630508.17,0.6122,-1.5455,1,0
2025-11-18,sh.600919,17.5536972,17.6185308,17.3754048,17.3916132,17.5536972,80981120,874488294.33,0.4413,-0.9234,1,0
2025-11-19,sh.600919,17.4564468,17.7157812,17.42403,17.667156,17.3916132,83921477,911968422.73,0.4573,1.5843,1,0
2025-11-20,sh.600919,17.6347392,17.9589072,17.5536972,17.7319896,17.667156,98794774,1083742623.95,0.5384,0.367,1,0
2025-11-21,sh.600919,17.748198,17.7968232,17.3916132,17.4078216,17.7319896,100931197,1095569034.74,0.55,-1.8282,1,0
2025-11-24,sh.600919,17.3916132,17.5212804,17.2457376,17.3591964,17.4078216,109230550,1169365483.1,0.5952,-0.2793,1,0
2025-11-25,sh.600919,17.3267796,17.505072,17.2133208,17.4726552,17.3591964,105925970,1132467018.77,0.5772,0.6536,1,0
2025-11-26,sh.600919,17.4564468,17.5699056,17.2457376,17.342988,17.4726552,115562778,1238361366.64,0.6297,-0.7421,1,0
2025-11-27,sh.600919,17.3267796,17.586114,17.2133208,17.5536972,17.342988,109782063,1179344642.63,0.5982,1.215,1,0
2025-11-28,sh.600919,17.505072,17.6023224,17.3754048,17.3754048,17.5536972,81404030,877163896.83,0.4436,-1.0157,1,0
2025-12-01,sh.600919,17.2943628,17.4726552,17.2781544,17.4564468,17.3754048,152708947,1636202412.83,0.8321,0.4664,1,0
2025-12-02,sh.600919,17.4078216,17.7806148,17.3916132,17.748198,17.4564468,174353012,1896840736.0,0.9501,1.6713,1,0
2025-12-03,sh.600919,17.6995728,17.9426988,17.4402384,17.4402384,17.748198,141370759,1545763278.37,0.7704,-1.7352,1,0
2025-12-04,sh.600919,17.505072,17.5536972,17.3105712,17.342988,17.4402384,103789245,1114194430.31,0.5656,-0.5576,1,0
2025-12-05,sh.600919,17.3267796,17.3916132,16.9864032,17.0350284,17.342988,152978316,1614834107.17,0.8336,-1.7757,1,0
2025-12-08,sh.600919,17.0350284,17.0836536,16.9053612,16.9701948,17.0350284,117214695,1229409763.61,0.6387,-0.3806,1,0
2025-12-09,sh.600919,16.9864032,17.1646956,16.856736,17.01882,16.9701948,127043178,1335367056.62,0.6923,0.2865,1,0
2025-12-10,sh.600919,17.0350284,17.2295292,16.7270688,16.8081108,17.01882,107673438,1122536084.82,0.5867,-1.2381,1,0
2025-12-11,sh.600919,16.8405276,16.9539864,16.7919024,16.8729444,16.8081108,82348597,856560866.57,0.4487,0.3857,1,0
2025-12-12,sh.600919,16.8891528,16.9539864,16.7432772,16.8405276,16.8729444,198940738,2066385541.46,1.0841,-0.1921,1,0
2025-12-15,sh.600919,16.8405276,16.9215696,16.7270688,16.8243192,16.8405276,115458339,1198389043.72,0.6292,-0.0962,1,0
2025-12-16,sh.600919,16.8243192,17.01882,16.7108604,16.775694,16.8243192,97926518,1019190611.13,0.5336,-0.289,1,0
2025-12-17,sh.600919,16.775694,16.856736,16.6460268,16.7432772,16.775694,109815556,1135294653.6,0.5984,-0.1932,1,0
2025-12-18,sh.600919,16.7594856,17.180904,16.694652,17.180904,16.7432772,130872816,1371266012.52,0.7132,2.6137,1,0
2025-12-19,sh.600919,17.099862,17.2295292,16.9864032,17.01882,17.180904,144278972,1520137023.07,0.7862,-0.9434,1,0
2025-12-22,sh.600919,17.0674452,17.1322788,16.8243192,16.8729444,17.01882,108108860,1128240820.96,0.5891,-0.8571,1,0
2025-12-23,sh.600919,16.856736,16.9539864,16.8081108,16.8405276,16.8729444,75911827,789888477.44,0.4137,-0.1921,1,0
2025-12-24,sh.600919,16.8243192,16.8405276,16.5811932,16.7270688,16.8405276,127286612,1311172687.0,0.6936,-0.6737,1,0
2025-12-25,sh.600919,16.7270688,16.9053612,16.6784436,16.7270688,16.7270688,95386320,987908297.87,0.5198,0.0,1,0
2025-12-26,sh.600919,16.7270688,16.7594856,16.5811932,16.5974016,16.7270688,95586453,981027055.76,0.5209,-0.7752,1,0
2025-12-29,sh.600919,16.5811932,16.7432772,16.4677344,16.7270688,16.5974016,121458461,1245087803.54,0.6619,0.7813,1,0
2025-12-30,sh.600919,16.6784436,16.9539864,16.61361,16.9215696,16.7270688,123843402,1285399242.3,0.6748,1.1628,1,0
2025-12-31,sh.600919,16.8729444,16.9701948,16.7919024,16.856736,16.9215696,81725298,852440902.91,0.4453,-0.3831,1,0
