date,code,open,high,low,close,preclose,volume,amount,turn,pctChg,tradestatus,isST
2021-01-04,sh.600183,259.9029216,261.61755893,246.63704331,251.87119937,254.12730112,44253389,1233095031.07,1.9325,-0.8878,1,0
2021-01-05,sh.600183,248.1711925,258.54926055,247.35899587,258.27852834,251.87119937,59110505,1654266103.49,2.5803,2.5439,1,0
2021-01-06,sh.600183,260.71511823,260.71511823,247.53948401,249.9760739,258.27852834,44196260,1234461930.88,1.9293,-3.2145,1,0
2021-01-07,sh.600183,250.60778239,257.01511136,248.1711925,252.86388414,249.9760739,38297416,1072867202.21,1.6718,1.1552,1,0
2021-01-08,sh.600183,254.30778926,265.76878615,249.9760739,263.5126844,252.86388414,57186353,1644260520.9,2.4963,4.2113,1,0
2021-01-11,sh.600183,266.2200065,274.25172873,260.89560637,263.87366068,263.5126844,67565872,2010484801.37,2.9494,0.137,1,0
2021-01-12,sh.600183,262.70048777,263.33219626,254.84925368,261.97853521,263.87366068,35430853,1019674448.51,1.5466,-0.7182,1,0
2021-01-13,sh.600183,260.35414195,274.79319315,258.81999276,272.26635919,261.97853521,60003588,1800634607.79,2.6193,3.927,1,0
2021-01-14,sh.600183,272.26635919,274.3419728,265.3175658,274.07124059,272.26635919,41911331,1259088959.61,1.8295,0.6629,1,0
2021-01-15,sh.600183,271.27367442,273.4395321,254.57852147,260.62487416,274.07124059,42010989,1225998301.69,1.8339,-4.9062,1,0
2021-01-18,sh.600183,256.02242659,266.03951836,253.31510449,260.89560637,260.62487416,33984483,980895964.33,1.4835,0.1039,1,0
2021-01-19,sh.600183,258.45901648,260.62487416,245.73460261,246.3663111,260.89560637,43583527,1218491535.63,1.9025,-5.569,1,0
2021-01-20,sh.600183,245.01265005,250.8785146,243.11752458,249.9760739,246.3663111,24831660,681441880.71,1.084,1.4652,1,0
2021-01-21,sh.600183,250.33705018,252.683396,246.00533482,246.81753145,249.9760739,30149761,827508201.96,1.3161,-1.2635,1,0
2021-01-22,sh.600183,245.28338226,245.28338226,231.0248192,236.89068375,246.81753145,60127170,1573298217.52,2.6247,-4.0219,1,0
2021-01-25,sh.600183,236.4394634,240.50044655,229.03944966,231.11506327,236.89068375,53552123,1387801896.74,2.3377,-2.4381,1,0
2021-01-26,sh.600183,232.28823618,235.71751084,230.30286664,233.82238537,231.11506327,37540334,968141383.54,1.6387,1.1714,1,0
2021-01-27,sh.600183,233.10043281,238.2443448,231.20530734,237.16141596,233.82238537,39813753,1035500975.38,1.738,1.428,1,0
2021-01-28,sh.600183,232.8297006,240.0492262,231.83701583,232.8297006,237.16141596,32668519,854094470.25,1.4261,-1.8265,1,0
2021-01-29,sh.600183,234.27360572,237.97361259,226.33212756,230.21262257,232.8297006,39637609,1024857679.73,1.7303,-1.124,1,0
2021-02-01,sh.600183,216.31503579,216.31503579,207.20038472,210.62965938,230.21262257,79078613,1835177321.79,3.452,-8.5065,1,0
2021-02-02,sh.600183,211.08087973,215.77357137,209.18575426,212.70527299,210.62965938,33141657,780974350.5,1.4467,0.9854,1,0
2021-02-03,sh.600183,212.43454078,212.43454078,202.1467168,202.23696087,212.70527299,55460289,1269189612.54,2.421,-4.9215,1,0
2021-02-04,sh.600183,200.52232354,203.77111006,191.3174284,198.536954,202.23696087,52520493,1144319113.24,2.2927,-1.8295,1,0
2021-02-05,sh.600183,200.43207947,207.38087286,200.43207947,204.67355076,198.536954,33958156,771371795.96,1.4824,3.0909,1,0
2021-02-08,sh.600183,204.94428297,209.00526612,200.79305575,202.86866936,204.67355076,32297378,732366866.33,1.4099,-0.8818,1,0
2021-02-09,sh.600183,202.86866936,208.73453391,201.42476424,207.92233728,202.86866936,27740141,634472034.29,1.2109,2.4911,1,0
2021-02-10,sh.600183,207.74184914,214.96137474,206.6589203,210.44917124,207.92233728,24364525,569476120.29,1.0636,1.2153,1,0
2021-02-18,sh.600183,213.60771369,219.20284603,211.1711238,212.79551706,210.44917124,24973264,596365647.47,1.0901,1.1149,1,0
2021-02-19,sh.600183,211.89307636,224.88822244,209.63697461,222.0004122,212.79551706,36971946,898245899.64,1.6139,4.3257,1,0
2021-02-22,sh.600183,222.72236476,224.25651395,219.38333417,220.73699522,222.0004122,23887083,585738719.88,1.0427,-0.5691,1,0
2021-02-23,sh.600183,221.27845964,222.18090034,215.14186288,221.63943592,220.73699522,25601690,618909239.74,1.1176,0.4088,1,0
2021-02-24,sh.600183,222.18090034,231.74677176,222.18090034,225.15895465,221.63943592,33128523,832179461.08,1.4461,1.5879,1,0
2021-02-25,sh.600183,225.610175,226.96383605,217.57845277,217.84918498,225.15895465,23471955,574727684.24,1.0246,-3.2465,1,0
2021-02-26,sh.600183,213.24673741,223.62480546,212.0735645,220.91748336,217.84918498,20437544,498014997.0,0.8921,1.4085,1,0
2021-03-01,sh.600183,222.09065627,239.95898213,222.09065627,237.61263631,220.91748336,55260381,1429237933.76,2.4123,7.5572,1,0
2021-03-02,sh.600183,237.70288038,242.03459574,231.65652769,233.82238537,237.61263631,31699386,829957082.76,1.3838,-1.5951,1,0
2021-03-03,sh.600183,232.19799211,242.30532795,231.65652769,241.22239911,233.82238537,36277754,960351341.82,1.5836,3.1648,1,0
2021-03-04,sh.600183,239.1467855,239.86873806,226.87359198,228.3174971,241.22239911,26598780,683615721.97,1.1611,-5.3498,1,0
2021-03-05,sh.600183,227.59554454,248.89314506,225.88090721,243.11752458,228.3174971,58837422,1575062570.52,2.5684,6.4822,1,0
2021-03-08,sh.600183,241.40288725,249.43460948,237.25166003,238.69556515,243.11752458,32462811,876589909.35,1.4171,-1.8189,1,0
2021-03-09,sh.600183,237.16141596,238.2443448,221.81992406,225.51993093,238.69556515,34776836,882237945.0,1.5181,-5.5198,1,0
2021-03-10,sh.600183,229.94189036,231.0248192,222.0004122,223.35407325,225.51993093,21718201,542448023.31,0.9481,-0.9604,1,0
2021-03-11,sh.600183,227.23456826,230.1223785,217.03698835,228.85896152,223.35407325,24929590,621699363.5,1.0882,2.4646,1,0
2021-03-12,sh.600183,226.78334791,228.3174971,219.38333417,223.8052936,228.85896152,17003873,420659504.67,0.7423,-2.2082,1,0
2021-03-15,sh.600183,220.1955308,220.1955308,209.81746275,211.80283229,223.8052936,25307709,598156814.63,1.1047,-5.3629,1,0
2021-03-16,sh.600183,213.24673741,215.50283916,204.49306262,206.92965251,211.80283229,24698825,569117080.5,1.0782,-2.3008,1,0
2021-03-17,sh.600183,207.01989658,210.2686831,205.7564796,208.01258135,206.92965251,11566952,266581370.28,0.5049,0.5233,1,0
2021-03-18,sh.600183,208.28331356,209.3662424,203.68086599,205.30525925,208.01258135,17519024,398875938.5,0.7647,-1.3015,1,0
2021-03-19,sh.600183,202.68818122,207.01989658,200.3418354,202.68818122,205.30525925,16008749,361155793.77,0.6988,-1.2747,1,0
2021-03-22,sh.600183,202.1467168,206.74916437,202.1467168,205.84672367,202.68818122,13702887,311512502.56,0.5982,1.5583,1,0
2021-03-23,sh.600183,206.6589203,208.64428984,202.59793715,203.0491575,205.84672367,15771430,357044468.24,0.6885,-1.3591,1,0
2021-03-24,sh.600183,202.1467168,203.22964564,199.16866249,199.61988284,203.0491575,14070890,312336209.39,0.6142,-1.6889,1,0
2021-03-25,sh.600183,198.98817435,202.1467168,197.72475737,200.97354389,199.61988284,11052718,245444014.47,0.4825,0.6781,1,0
2021-03-26,sh.600183,201.2442761,208.10282542,200.52232354,207.38087286,200.97354389,21166710,479329410.41,0.924,3.1881,1,0
2021-03-29,sh.600183,210.2686831,212.9760052,207.38087286,209.00526612,207.38087286,20508186,476944894.61,0.8952,0.7833,1,0
2021-03-30,sh.600183,208.73453391,209.00526612,205.03452704,207.561361,209.00526612,12895988,295638815.15,0.5629,-0.6908,1,0
2021-03-31,sh.600183,207.561361,207.74184914,201.06378796,205.03452704,207.561361,14233759,322275043.49,0.6213,-1.2174,1,0
2021-04-01,sh.600183,205.66623553,211.89307636,204.49306262,210.17843903,205.03452704,18163697,421055348.11,0.7929,2.5088,1,0
2021-04-02,sh.600183,211.62234415,215.50283916,211.62234415,214.32966625,210.17843903,17162608,407253022.83,0.749,1.9751,1,0
2021-04-06,sh.600183,216.585768,220.1955308,213.69795776,215.05161881,214.32966625,13862535,333123407.0,0.605,0.3368,1,0
2021-04-07,sh.600183,215.14186288,217.4882087,211.26136787,216.76625614,215.05161881,12614515,300902995.35,0.5505,0.7973,1,0
2021-04-08,sh.600183,218.3906494,228.94920559,218.02967312,220.37601894,216.76625614,28931640,715799915.07,1.2626,1.6653,1,0
2021-04-09,sh.600183,218.66138161,222.09065627,214.41991032,215.50283916,220.37601894,15211042,367003139.67,0.6638,-2.2113,1,0
2021-04-12,sh.600183,214.51015439,221.00772743,212.79551706,213.42722555,215.50283916,14974660,359209652.56,0.6535,-0.9631,1,0
2021-04-13,sh.600183,212.9760052,215.50283916,209.99795089,214.69064253,213.42722555,11137503,262871735.2,0.4861,0.592,1,0
2021-04-14,sh.600183,213.42722555,214.96137474,211.08087973,213.60771369,214.69064253,10133679,239071043.12,0.4423,-0.5044,1,0
2021-04-15,sh.600183,216.585768,218.02967312,213.24673741,216.94674428,213.60771369,10215795,243917330.23,0.4458,1.5632,1,0
2021-04-16,sh.600183,219.2930901,220.01504266,215.05161881,215.50283916,216.94674428,8187332,196637140.48,0.3573,-0.6656,1,0
2021-04-19,sh.600183,213.51746962,218.93211382,211.53210008,218.57113754,215.50283916,18488963,443066811.2,0.8069,1.4238,1,0
2021-04-20,sh.600183,226.69310384,234.18336165,223.08334104,224.25651395,218.57113754,47002886,1190043699.37,2.0513,2.6012,1,0
2021-04-21,sh.600183,223.44431732,226.87359198,222.54187662,223.53456139,224.25651395,14479102,360142156.68,0.6319,-0.3219,1,0
2021-04-22,sh.600183,224.97846651,225.42968686,221.81992406,222.45163255,223.53456139,11121151,275304369.17,0.4854,-0.4845,1,0
2021-04-23,sh.600183,222.36138848,222.54187662,218.93211382,219.56382231,222.45163255,15530221,378801424.42,0.6778,-1.2982,1,0
2021-04-26,sh.600183,219.47357824,221.45894778,211.08087973,211.62234415,219.56382231,28279877,675663362.21,1.2342,-3.6169,1,0
2021-04-27,sh.600183,211.71258822,213.24673741,206.6589203,208.37355763,211.62234415,13483471,311701834.07,0.5884,-1.5352,1,0
2021-04-28,sh.600183,208.82477798,215.59308323,208.19306949,212.52478485,208.37355763,12721921,299473898.16,0.5552,1.9922,1,0
2021-04-29,sh.600183,212.88576113,216.13454765,212.16380857,215.05161881,212.52478485,10507294,249862194.22,0.4586,1.189,1,0
2021-04-30,sh.600183,216.49552393,218.75162568,209.45648647,210.53941531,215.05161881,15174157,356931293.65,0.6622,-2.0982,1,0
2021-05-06,sh.600183,211.62234415,215.23210695,211.62234415,213.69795776,210.53941531,11886775,281496575.63,0.5188,1.5002,1,0
2021-05-07,sh.600183,214.14917811,220.91748336,213.51746962,217.12723242,213.69795776,19953542,482039069.22,0.8708,1.6047,1,0
2021-05-10,sh.600183,217.30772056,218.11991719,213.51746962,217.03698835,217.12723242,10963348,262342995.81,0.4785,-0.0416,1,0
2021-05-11,sh.600183,213.8784459,216.585768,208.91502205,211.08087973,217.03698835,17591003,412058993.19,0.7677,-2.7443,1,0
2021-05-12,sh.600183,211.08087973,211.62234415,206.83940844,210.99063566,211.08087973,11667977,270302963.23,0.5092,-0.0428,1,0
2021-05-13,sh.600183,208.64428984,211.53210008,202.1467168,204.49306262,210.99063566,19229573,438736779.76,0.8392,-3.0796,1,0
2021-05-14,sh.600183,205.39550332,208.4638017,202.23696087,208.4638017,204.49306262,13375738,305354834.23,0.5837,1.9417,1,0
2021-05-17,sh.600183,208.4638017,212.70527299,208.10282542,209.81746275,208.4638017,15190651,354716743.94,0.663,0.6494,1,0
2021-05-18,sh.600183,209.81746275,210.08819496,207.74184914,208.37355763,209.81746275,7531294,174046397.85,0.3287,-0.6882,1,0
2021-05-19,sh.600183,208.28331356,208.28331356,204.8540389,206.74916437,208.37355763,9590866,219389788.68,0.4186,-0.7796,1,0
2021-05-20,sh.600183,206.47843216,207.92233728,204.94428297,206.83940844,206.74916437,8657368,197952172.23,0.3778,0.0436,1,0
2021-05-21,sh.600183,207.561361,210.2686831,204.40281855,204.94428297,206.83940844,9820901,224906531.06,0.4286,-0.9162,1,0
2021-05-24,sh.600183,205.03452704,206.92965251,204.13208634,206.56867623,204.94428297,10475535,238486662.21,0.4572,0.7926,1,0
2021-05-25,sh.600183,205.48574739,210.71990345,205.12477111,210.53941531,206.56867623,14337147,331484791.58,0.6257,1.9222,1,0
2021-05-26,sh.600183,210.99063566,211.71258822,207.01989658,207.74184914,210.53941531,16290293,376377708.61,0.7109,-1.3288,1,0
2021-05-27,sh.600183,208.4638017,213.06624927,207.561361,211.89307636,207.74184914,25642801,599132265.44,1.1191,1.9983,1,0
2021-05-28,sh.600183,211.158607,212.44392026,208.22074812,209.23063711,211.89307172,20679049,472599096.66,0.9025,-1.2565,1,0
2021-05-31,sh.600183,209.50606138,214.46369824,208.22074812,210.33233419,209.23063711,25203263,578032517.97,1.0999,0.5265,1,0
2021-06-01,sh.600183,210.69956655,216.39166813,208.22074812,213.36200116,210.33233419,27604822,640425117.17,1.2047,1.4404,1,0
2021-06-02,sh.600183,214.8309306,214.8309306,208.4043643,209.78148565,213.36200116,20794893,477091243.45,0.9075,-1.6781,1,0
2021-06-03,sh.600183,209.78148565,212.16849599,204.82384879,204.91565688,209.78148565,32313099,731415826.21,1.4102,-2.3195,1,0
2021-06-04,sh.600183,205.6501216,207.02724295,203.17130317,204.7320407,204.91565688,22578078,503128984.1,0.9853,-0.0896,1,0
2021-06-07,sh.600183,206.5682025,214.28008206,206.47639441,210.88318273,204.7320407,32064827,734138682.73,1.3994,3.0045,1,0
2021-06-08,sh.600183,211.06679891,212.0766879,206.38458632,207.4862834,210.88318273,25353130,576291112.03,1.1065,-1.6108,1,0
2021-06-09,sh.600183,211.43403127,213.17838498,207.21085913,208.31255621,207.4862834,24308381,554966772.47,1.0609,0.3982,1,0
2021-06-10,sh.600183,210.2405261,211.43403127,205.74192969,208.58798048,208.31255621,26205419,594159868.57,1.1436,0.1322,1,0
2021-06-11,sh.600183,208.67978857,211.158607,205.46650542,206.29277823,208.58798048,30135745,679729625.8,1.3152,-1.1004,1,0
2021-06-15,sh.600183,206.10916205,207.11905104,202.8958789,203.99757598,206.29277823,21111901,470234852.93,0.9214,-1.1126,1,0
2021-06-16,sh.600183,204.64023261,206.01735396,198.76451485,199.95802002,203.99757598,20392637,449109764.91,0.89,-1.9802,1,0
2021-06-17,sh.600183,200.1416362,206.5682025,198.3054744,205.19108115,199.95802002,20272054,448247876.16,0.8847,2.6171,1,0
2021-06-18,sh.600183,205.6501216,207.66989958,199.68259575,201.15152519,205.19108115,23819459,524912240.62,1.0395,-1.9687,1,0
2021-06-21,sh.600183,199.68259575,200.60067665,197.57100968,199.13174721,201.15152519,18447682,399026533.57,0.8051,-1.0041,1,0
2021-06-22,sh.600183,199.31536339,204.27300025,197.93824204,201.79418182,199.13174721,19448025,425341461.36,0.8487,1.337,1,0
2021-06-23,sh.600183,201.42694946,209.04702093,200.23344429,208.4043643,201.79418182,40017008,897943132.63,1.7464,3.2757,1,0
2021-06-24,sh.600183,208.86340475,218.22782993,207.57809149,213.08657689,208.4043643,53773677,1255555990.08,2.3468,2.2467,1,0
2021-06-25,sh.600183,213.72923352,216.6670924,212.26030408,213.82104161,213.08657689,30748594,717127834.57,1.3419,0.3447,1,0
2021-06-28,sh.600183,214.46369824,218.31963802,213.27019307,216.20805195,213.82104161,24494094,575610640.85,1.069,1.1164,1,0
2021-06-29,sh.600183,217.5851733,217.5851733,211.43403127,212.81115262,216.20805195,20051701,466369955.9,0.8751,-1.5711,1,0
2021-06-30,sh.600183,212.9947688,217.03432476,212.35211217,214.92273869,212.81115262,18944556,444048925.68,0.8268,0.9922,1,0
2021-07-01,sh.600183,214.8309306,215.65720341,207.4862834,208.49617239,214.92273869,20113010,463290104.68,0.8778,-2.9902,1,0
2021-07-02,sh.600183,207.57809149,210.79137464,203.53853553,204.18119216,208.49617239,18782775,421641611.49,0.8158,-2.0696,1,0
2021-07-05,sh.600183,204.08938407,210.51595037,202.34503036,210.05690992,204.18119216,23240203,522130303.42,1.0094,2.8777,1,0
2021-07-06,sh.600183,210.88318273,225.75609331,209.50606138,220.61484027,210.05690992,62260897,1489037616.09,2.7041,5.0262,1,0
2021-07-07,sh.600183,219.60495128,221.80834544,216.94251667,220.339416,220.61484027,29923001,715450326.22,1.2996,-0.1248,1,0
2021-07-08,sh.600183,220.70664836,225.20524477,219.05410274,222.72642634,220.339416,33242279,806443952.9,1.4438,1.0833,1,0
2021-07-09,sh.600183,220.339416,230.80553826,219.69675937,224.9298205,222.72642634,33426089,820759847.08,1.4517,0.9893,1,0
2021-07-12,sh.600183,226.39874994,229.520225,220.339416,224.19535578,224.9298205,34706742,853033745.09,1.5074,-0.3265,1,0
2021-07-13,sh.600183,226.12332567,226.85779039,221.07388072,223.0936587,224.19535578,26490213,643214995.17,1.1505,-0.4914,1,0
2021-07-14,sh.600183,223.18546679,227.04140657,219.14591083,219.32952701,223.0936587,28307131,685939945.1,1.2294,-1.6872,1,0
2021-07-15,sh.600183,218.04421375,220.24760791,214.09646588,219.60495128,219.32952701,23926003,565612854.59,1.0391,0.1256,1,0
2021-07-16,sh.600183,219.4213351,219.4213351,214.8309306,215.38177914,219.60495128,20792603,491363351.75,0.9031,-1.9231,1,0
2021-07-19,sh.600183,214.00465779,217.21794094,211.98487981,214.18827397,215.38177914,21051660,490172174.84,0.9143,-0.5541,1,0
2021-07-20,sh.600183,212.81115262,213.72923352,207.94532385,212.71934453,214.18827397,18857147,433899535.31,0.819,-0.6858,1,0
2021-07-21,sh.600183,213.72923352,217.40155712,213.27019307,215.84081959,212.71934453,20030975,470940383.4,0.87,1.4674,1,0
2021-07-22,sh.600183,216.02443577,223.00185061,213.9128497,219.88037555,215.84081959,28193176,673476148.69,1.2245,1.8715,1,0
2021-07-23,sh.600183,220.339416,222.1755778,214.09646588,214.8309306,219.88037555,21640757,512479073.05,0.9399,-2.2965,1,0
2021-07-26,sh.600183,213.9128497,221.16568881,210.2405261,215.47358723,214.8309306,28705151,675142094.72,1.2467,0.2991,1,0
2021-07-27,sh.600183,232.2744677,237.04848838,231.26457871,237.04848838,215.47358723,54522199,1403009907.26,2.368,10.0128,1,0
2021-07-28,sh.600183,243.65867086,252.4722475,231.81542725,246.59652974,237.04848838,165863932,4399066498.31,7.2037,4.0279,1,0
2021-07-29,sh.600183,252.01320705,262.11209695,247.69822682,251.46235851,246.59652974,111215794,3091080111.13,4.8303,1.9732,1,0
2021-07-30,sh.600183,251.5541666,257.062652,247.881843,252.4722475,251.46235851,57693926,1591912033.54,2.5057,0.4016,1,0
2021-08-02,sh.600183,252.56405559,269.36493606,252.4722475,266.61069336,252.4722475,79606614,2262815980.85,3.4574,5.6,1,0
2021-08-03,sh.600183,263.12198594,269.36493606,259.63327852,263.4892183,266.61069336,51472281,1482090875.72,2.2355,-1.1708,1,0
2021-08-04,sh.600183,261.74486459,268.0796228,261.74486459,264.22368302,263.4892183,44667143,1288334336.57,1.94,0.2787,1,0
2021-08-05,sh.600183,267.43696617,274.04714865,262.66294549,264.22368302,264.22368302,39709478,1157035133.11,1.7246,0.0,1,0
2021-08-06,sh.600183,259.8168947,267.98781471,257.9807329,262.11209695,264.22368302,36459160,1039682356.6,1.5835,-0.7992,1,0
2021-08-09,sh.600183,262.11209695,267.98781471,257.52169245,259.90870279,262.11209695,29970003,852127127.19,1.3016,-0.8406,1,0
2021-08-10,sh.600183,261.19401605,264.4072992,255.13468211,261.46944032,259.90870279,31921482,905513899.64,1.3864,0.6005,1,0
2021-08-11,sh.600183,260.82678369,260.91859178,250.6360857,252.56405559,261.46944032,51411875,1422371048.37,2.2329,-3.4059,1,0
2021-08-12,sh.600183,252.65586368,254.3084093,248.98354008,249.62619671,252.56405559,33718655,921692323.8,1.4645,-1.1632,1,0
2021-08-13,sh.600183,249.62619671,251.09512615,243.56686277,245.31121648,249.62619671,33512189,899249944.33,1.4555,-1.7286,1,0
2021-08-16,sh.600183,246.9637621,254.3084093,238.97645827,241.91431715,245.31121648,54233006,1453193985.57,2.3554,-1.3847,1,0
2021-08-17,sh.600183,244.02590322,251.37055042,239.6191149,242.09793333,241.91431715,53049755,1417082135.08,2.304,0.0759,1,0
2021-08-18,sh.600183,233.92701332,233.92701332,224.9298205,231.3563868,242.09793333,61775724,1544522586.38,2.683,-4.4369,1,0
2021-08-19,sh.600183,230.25468972,236.13040748,228.87756837,232.82531624,231.3563868,32223106,817907644.03,1.3995,0.6349,1,0
2021-08-20,sh.600183,233.00893242,234.1106295,227.77587129,231.63181107,232.82531624,20359929,512579325.0,0.8843,-0.5126,1,0
2021-08-23,sh.600183,232.2744677,234.66147804,230.16288163,233.00893242,231.63181107,24007933,607803110.03,1.0427,0.5945,1,0
2021-08-24,sh.600183,231.99904343,231.99904343,226.49055803,228.87756837,233.00893242,31966187,797909103.34,1.3883,-1.773,1,0
2021-08-25,sh.600183,230.53011399,234.56966995,228.6021441,231.81542725,228.87756837,33693254,848826677.14,1.4633,1.2836,1,0
2021-08-26,sh.600183,232.82531624,233.65158905,226.67417421,226.85779039,231.81542725,29228020,728504500.86,1.2694,-2.1386,1,0
2021-08-27,sh.600183,224.0117396,230.07107354,221.34930499,227.6840632,226.85779039,30819491,757322910.12,1.3385,0.3642,1,0
2021-08-30,sh.600183,226.7659823,226.94959848,217.5851733,219.51314319,227.6840632,36693586,884638590.7,1.5937,-3.5887,1,0
2021-08-31,sh.600183,218.5032542,221.80834544,213.17838498,215.7490115,219.51314319,31974191,752645529.26,1.3887,-1.7148,1,0
2021-09-01,sh.600183,216.39166813,217.03432476,209.96510183,214.09646588,215.7490115,38881084,900652997.07,1.6887,-0.766,1,0
2021-09-02,sh.600183,215.7490115,215.7490115,210.42414228,210.97499082,214.09646588,27154976,626516610.89,1.1794,-1.458,1,0
2021-09-03,sh.600183,210.2405261,214.8309306,209.50606138,210.60775846,210.97499082,29640565,683015132.78,1.2873,-0.1741,1,0
2021-09-06,sh.600183,210.2405261,216.85070858,208.4043643,215.56539532,210.60775846,35153140,819414991.98,1.5268,2.354,1,0
2021-09-07,sh.600183,215.7490115,219.23771892,214.8309306,217.5851733,215.56539532,33039448,780797136.49,1.435,0.937,1,0
2021-09-08,sh.600183,219.88037555,223.18546679,215.28997105,216.20805195,217.5851733,42660592,1014592944.86,1.8528,-0.6329,1,0
2021-09-09,sh.600183,216.11624386,220.98207263,215.28997105,217.86059757,216.20805195,32004895,759289370.44,1.39,0.7643,1,0
2021-09-10,sh.600183,218.04421375,220.339416,214.37189015,217.86059757,217.86059757,38003964,898019875.89,1.6506,0.0,1,0
2021-09-13,sh.600183,217.67698139,217.67698139,211.61764745,212.35211217,217.86059757,33733031,783215272.95,1.4651,-2.5284,1,0
2021-09-14,sh.600183,214.00465779,214.55550633,210.69956655,211.158607,212.35211217,21700075,502638455.93,0.9425,-0.562,1,0
2021-09-15,sh.600183,211.158607,211.43403127,206.93543486,208.03713194,211.158607,26359911,597285664.52,1.1449,-1.4783,1,0
2021-09-16,sh.600183,211.34222318,214.37189015,206.38458632,206.38458632,208.03713194,30185463,689678785.39,1.311,-0.7944,1,0
2021-09-17,sh.600183,206.01735396,208.03713194,201.977798,204.91565688,206.38458632,21537659,479079379.0,0.9354,-0.7117,1,0
2021-09-22,sh.600183,202.06960609,205.83373778,201.88598991,205.19108115,204.91565688,12775366,283988949.78,0.5549,0.1344,1,0
2021-09-23,sh.600183,205.19108115,207.4862834,204.27300025,205.46650542,205.19108115,22994883,514938779.67,0.9987,0.1342,1,0
2021-09-24,sh.600183,205.92554587,206.38458632,202.06960609,202.16141418,205.46650542,22377459,495366154.65,0.9719,-1.6086,1,0
2021-09-27,sh.600183,204.54842452,207.02724295,202.8958789,203.99757598,202.16141418,22405091,500199410.78,0.9731,0.9083,1,0
2021-09-28,sh.600183,203.8139598,204.18119216,199.31536339,200.87610092,203.99757598,19829613,433643665.13,0.8612,-1.5302,1,0
2021-09-29,sh.600183,199.95802002,199.95802002,194.81676698,197.93824204,200.87610092,22977217,493804215.95,0.9979,-1.4625,1,0
2021-09-30,sh.600183,198.03005013,199.59078766,197.20377732,198.85632294,197.93824204,13708135,296732436.51,0.5954,0.4638,1,0
2021-10-08,sh.600183,201.79418182,205.46650542,200.23344429,203.72215171,198.85632294,23737375,525144569.78,1.031,2.4469,1,0
2021-10-11,sh.600183,203.90576789,206.20097014,202.8958789,205.46650542,203.72215171,22159841,494181538.75,0.9593,0.8562,1,0
2021-10-12,sh.600183,203.8139598,203.99757598,198.39728249,199.68259575,205.46650542,21153467,461782954.54,0.9158,-2.815,1,0
2021-10-13,sh.600183,199.31536339,206.01735396,198.39728249,205.37469733,199.68259575,17748460,390995043.21,0.7683,2.8506,1,0
2021-10-14,sh.600183,204.82384879,205.28288924,202.06960609,203.44672744,205.37469733,11808996,261719352.7,0.5112,-0.9388,1,0
2021-10-15,sh.600183,202.06960609,204.54842452,199.2235553,200.23344429,203.44672744,23530607,515455376.08,1.0187,-1.5794,1,0
2021-10-18,sh.600183,199.77440384,201.33514137,198.3054744,200.1416362,200.23344429,15806640,343626609.37,0.6843,-0.0459,1,0
2021-10-19,sh.600183,207.4862834,209.41425329,204.82384879,208.12894003,200.1416362,48937113,1104143084.46,2.1185,3.9908,1,0
2021-10-20,sh.600183,209.3224452,212.16849599,205.19108115,205.83373778,208.12894003,39349333,893611494.18,1.7035,-1.1028,1,0
2021-10-21,sh.600183,205.74192969,209.78148565,204.45661643,208.49617239,205.83373778,23701270,536735882.85,1.0261,1.2935,1,0
2021-10-22,sh.600183,207.66989958,210.69956655,206.38458632,208.95521284,208.49617239,21854494,497471155.02,0.9461,0.2202,1,0
2021-10-25,sh.600183,210.51595037,210.60775846,204.08938407,207.02724295,208.95521284,25481306,572473462.26,1.1031,-0.9227,1,0
2021-10-26,sh.600183,206.10916205,211.98487981,204.7320407,209.96510183,207.02724295,34107091,774604726.55,1.4765,1.4191,1,0
2021-10-27,sh.600183,208.49617239,208.58798048,204.36480834,205.74192969,209.96510183,24187239,542505173.11,1.0471,-2.0114,1,0
2021-10-28,sh.600183,206.93543486,213.54561734,206.01735396,208.4043643,205.74192969,46991509,1074521005.22,2.0343,1.2941,1,0
2021-10-29,sh.600183,207.02724295,207.85351576,199.31536339,204.27300025,208.4043643,39600373,871280314.11,1.7143,-1.9824,1,0
2021-11-01,sh.600183,202.16141418,218.31963802,202.06960609,215.47358723,204.27300025,76535626,1774429293.62,3.3133,5.4831,1,0
2021-11-02,sh.600183,219.05410274,224.74620432,214.00465779,216.85070858,215.47358723,70061015,1671614157.28,3.033,0.6391,1,0
2021-11-03,sh.600183,219.14591083,219.51314319,211.43403127,213.82104161,216.85070858,36601408,855627943.61,1.5845,-1.3971,1,0
2021-11-04,sh.600183,214.73912251,220.339416,214.73912251,217.40155712,213.82104161,36403293,864537243.48,1.5759,1.6745,1,0
2021-11-05,sh.600183,221.2574969,224.37897196,217.5851733,218.96229465,217.40155712,42158519,1012212199.32,1.8251,0.7179,1,0
2021-11-08,sh.600183,219.4213351,219.4213351,212.53572835,214.73912251,218.96229465,29078490,679200353.23,1.2588,-1.9287,1,0
2021-11-09,sh.600183,214.73912251,216.29986004,210.2405261,215.01454678,214.73912251,31697857,736907427.81,1.3722,0.1283,1,0
2021-11-10,sh.600183,215.56539532,218.31963802,212.9947688,216.20805195,215.01454678,31230564,733703113.22,1.352,0.5551,1,0
2021-11-11,sh.600183,215.93262768,218.87048656,213.63742543,217.86059757,216.20805195,30082567,710365298.72,1.3023,0.7643,1,0
2021-11-12,sh.600183,217.86059757,224.28716387,216.02443577,221.2574969,217.86059757,38259334,919074613.66,1.6563,1.5592,1,0
2021-11-15,sh.600183,221.07388072,224.47078005,219.60495128,224.0117396,221.2574969,37051628,897747422.74,1.604,1.2448,1,0
2021-11-16,sh.600183,225.02162859,228.41852792,220.98207263,221.2574969,224.0117396,44024632,1077211508.49,1.9059,-1.2295,1,0
2021-11-17,sh.600183,221.62472926,226.49055803,220.61484027,226.21513376,221.2574969,38601946,945082961.72,1.6711,2.2407,1,0
2021-11-18,sh.600183,226.67417421,228.05129556,223.64450724,226.30694185,226.21513376,33178649,818238882.13,1.4363,0.0406,1,0
2021-11-19,sh.600183,226.7659823,228.14310365,224.10354769,227.50044702,226.30694185,32567642,803884650.73,1.4099,0.5274,1,0
2021-11-22,sh.600183,226.85779039,232.36627579,225.93970949,230.89734635,227.50044702,38032828,953641335.04,1.6465,1.4931,1,0
2021-11-23,sh.600183,230.16288163,230.71373017,226.7659823,228.87756837,230.89734635,32452468,807981104.71,1.4049,-0.8748,1,0
2021-11-24,sh.600183,227.6840632,228.51033601,223.82812342,225.02162859,228.87756837,28871228,710821580.11,1.2499,-1.6847,1,0
2021-11-25,sh.600183,225.02162859,226.67417421,221.2574969,222.26738589,225.02162859,24489314,596170924.66,1.0602,-1.224,1,0
2021-11-26,sh.600183,221.99196162,223.73631533,219.23771892,221.16568881,222.26738589,23262001,560024479.82,1.007,-0.4957,1,0
2021-11-29,sh.600183,218.04421375,218.5032542,212.81115262,214.18827397,221.16568881,34306122,802437411.21,1.4851,-3.1548,1,0
2021-11-30,sh.600183,215.93262768,219.05410274,214.64731442,216.6670924,214.18827397,23368141,551673653.04,1.0116,1.1573,1,0
2021-12-01,sh.600183,215.7490115,216.57528431,213.63742543,215.01454678,216.6670924,19604571,458384003.57,0.8487,-0.7627,1,0
2021-12-02,sh.600183,213.9128497,214.64731442,210.69956655,210.97499082,215.01454678,21539977,498070415.39,0.9325,-1.8787,1,0
2021-12-03,sh.600183,210.2405261,213.45380925,209.87329374,211.89307172,210.97499082,22547567,519509707.18,0.9761,0.4352,1,0
2021-12-06,sh.600183,209.3224452,210.51595037,204.27300025,206.10916205,211.89307172,37768707,852582839.15,1.635,-2.7296,1,0
2021-12-07,sh.600183,207.94532385,208.77159666,204.82384879,207.66989958,206.10916205,18219243,410454758.33,0.7887,0.7572,1,0
2021-12-08,sh.600183,208.22074812,210.69956655,206.66001059,210.60775846,207.66989958,24399349,556023580.43,1.0563,1.4147,1,0
2021-12-09,sh.600183,210.69956655,214.8309306,209.78148565,214.09646588,210.60775846,27165389,630027974.46,1.176,1.6565,1,0
2021-12-10,sh.600183,213.36200116,213.45380925,211.34222318,212.62753644,214.09646588,20209255,467121295.48,0.8749,-0.6861,1,0
2021-12-13,sh.600183,213.82104161,217.5851733,212.0766879,217.5851733,212.62753644,31023046,729695716.15,1.343,2.3316,1,0
2021-12-14,sh.600183,215.10635487,217.95240566,215.10635487,215.7490115,217.5851733,18591109,438539087.26,0.8048,-0.8439,1,0
2021-12-15,sh.600183,215.7490115,217.86059757,212.0766879,212.44392026,215.7490115,21443435,499386311.57,0.9283,-1.5319,1,0
2021-12-16,sh.600183,212.9947688,214.55550633,212.35211217,212.71934453,212.44392026,12464614,289288006.93,0.5396,0.1296,1,0
2021-12-17,sh.600183,212.16849599,212.71934453,208.22074812,208.49617239,212.71934453,18564321,423617526.21,0.8037,-1.9853,1,0
2021-12-20,sh.600183,207.85351576,210.05690992,204.82384879,205.37469733,208.49617239,13799614,310949434.42,0.5974,-1.4971,1,0
2021-12-21,sh.600183,205.37469733,207.30266722,205.19108115,206.5682025,205.37469733,10923451,245262540.36,0.4729,0.5811,1,0
2021-12-22,sh.600183,207.02724295,210.60775846,206.66001059,208.77159666,206.5682025,17016881,387322047.91,0.7367,1.0667,1,0
2021-12-23,sh.600183,209.04702093,214.73912251,208.4043643,212.90296071,208.77159666,28093488,650609379.53,1.2162,1.9789,1,0
2021-12-24,sh.600183,212.62753644,213.36200116,209.41425329,211.61764745,212.90296071,20214278,464848735.73,0.8751,-0.6037,1,0
2021-12-27,sh.600183,210.42414228,214.64731442,210.2405261,213.45380925,211.61764745,15190485,353095556.03,0.6576,0.8677,1,0
2021-12-28,sh.600183,213.9128497,217.21794094,213.08657689,214.92273869,213.45380925,19869904,465298754.56,0.8602,0.6882,1,0
2021-12-29,sh.600183,214.64731442,216.94251667,212.0766879,212.26030408,214.92273869,19376382,451970388.46,0.8388,-1.2388,1,0
2021-12-30,sh.600183,212.26030408,219.32952701,212.26030408,216.75890049,212.26030408,28937141,685742871.81,1.2527,2.1194,1,0
2021-12-31,sh.600183,217.67698139,218.31963802,215.28997105,216.20805195,216.75890049,15186091,357613949.26,0.6574,-0.2541,1,0
2022-01-04,sh.600183,217.12613285,217.5851733,211.34222318,213.54561734,216.20805195,23557987,547895926.84,1.0191,-1.2314,1,0
2022-01-05,sh.600183,213.08657689,214.28008206,207.30266722,209.04702093,213.54561734,24591904,561247880.2,1.0638,-2.1066,1,0
2022-01-06,sh.600183,208.03713194,209.68967756,206.5682025,208.4043643,209.04702093,22521666,510591622.21,0.9743,-0.3074,1,0
2022-01-07,sh.600183,208.03713194,209.78148565,207.11905104,207.21085913,208.4043643,18716054,424494062.01,0.8097,-0.5727,1,0
2022-01-10,sh.600183,207.11905104,209.50606138,203.44672744,209.50606138,207.21085913,24108636,544097953.91,1.0429,1.1077,1,0
2022-01-11,sh.600183,209.3224452,210.88318273,207.4862834,207.94532385,209.50606138,17221388,392328977.66,0.745,-0.745,1,0
2022-01-12,sh.600183,208.67978857,209.23063711,206.84362677,208.31255621,207.94532385,14133175,319824229.23,0.6114,0.1766,1,0
2022-01-13,sh.600183,208.31255621,208.67978857,203.99757598,204.18119216,208.31255621,18706234,418641822.69,0.8092,-1.9833,1,0
2022-01-14,sh.600183,203.72215171,205.46650542,202.25322227,204.36480834,204.18119216,13449586,298846294.46,0.5818,0.0899,1,0
2022-01-17,sh.600183,203.8139598,207.66989958,203.63034362,206.75181868,204.36480834,17448875,392347785.29,0.7548,1.168,1,0
2022-01-18,sh.600183,207.39447531,209.78148565,206.38458632,207.76170767,206.75181868,17091283,387115229.66,0.7394,0.4885,1,0
2022-01-19,sh.600183,207.39447531,208.22074812,204.27300025,204.36480834,207.76170767,14730600,329861154.0,0.6372,-1.635,1,0
2022-01-20,sh.600183,204.18119216,205.28288924,201.61056564,201.79418182,204.36480834,18054472,399513851.31,0.781,-1.2579,1,0
2022-01-21,sh.600183,201.88598991,202.25322227,196.4693126,198.85632294,201.79418182,20688387,447826949.82,0.895,-1.4559,1,0
2022-01-24,sh.600183,198.12185822,198.85632294,195.91846406,198.12185822,198.85632294,11307781,243256942.88,0.4892,-0.3693,1,0
2022-01-25,sh.600183,197.3873935,198.67270676,194.26591844,194.26591844,198.12185822,17762543,379659506.64,0.7684,-1.9462,1,0
2022-01-26,sh.600183,194.26591844,195.5512317,186.92127124,188.75743304,194.26591844,31688768,657967485.03,1.3709,-2.8355,1,0
2022-01-27,sh.600183,186.00319034,191.32805956,178.19950269,181.04555348,188.75743304,38691738,769994164.37,1.6738,-4.0856,1,0
2022-01-28,sh.600183,182.05544247,184.16702854,176.63876516,179.48481595,181.04555348,25126785,492170531.99,1.087,-0.8621,1,0
2022-02-07,sh.600183,182.60629101,185.26872562,179.30119977,179.9438564,179.48481595,20067195,397633605.33,0.8681,0.2558,1,0
2022-02-08,sh.600183,179.9438564,182.51448292,178.1076946,182.33086674,179.9438564,16484380,324220519.06,0.7131,1.3265,1,0
2022-02-09,sh.600183,182.42267483,184.5342609,181.59640202,183.89160427,182.33086674,18712843,374341414.49,0.8095,0.856,1,0
2022-02-10,sh.600183,183.89160427,184.99330135,183.34075573,184.35064472,183.89160427,15263563,305851613.24,0.6603,0.2496,1,0
2022-02-11,sh.600183,183.61618,183.79979618,180.31108876,180.77012921,184.35064472,18386016,364306847.08,0.7954,-1.9422,1,0
2022-02-14,sh.600183,180.40289685,182.42267483,177.46503797,178.47492696,180.77012921,14558314,284535990.56,0.6298,-1.2697,1,0
2022-02-15,sh.600183,179.39300786,181.13736157,178.56673505,180.95374539,178.47492696,11724768,230436313.75,0.5072,1.3889,1,0
2022-02-16,sh.600183,182.51448292,183.06533146,180.03566449,180.77012921,180.95374539,9960240,196357640.24,0.4309,-0.1015,1,0
2022-02-17,sh.600183,180.21928067,180.40289685,177.74046224,178.01588651,180.77012921,19089621,371321786.29,0.8258,-1.5236,1,0
2022-02-18,sh.600183,176.63876516,179.39300786,174.15994673,179.11758359,178.01588651,22678142,437783783.99,0.9811,0.6189,1,0
2022-02-21,sh.600183,178.38311887,179.76024022,177.92407842,179.76024022,179.11758359,15780155,307931323.0,0.6827,0.3588,1,0
2022-02-22,sh.600183,178.65854314,178.65854314,176.82238134,177.28142179,179.76024022,13414789,259238134.11,0.5803,-1.379,1,0
2022-02-23,sh.600183,177.46503797,181.68821011,177.46503797,181.32097775,177.28142179,16986590,334205364.97,0.7348,2.2786,1,0
2022-02-24,sh.600183,180.58651303,182.78990719,177.37322988,179.39300786,181.32097775,22092646,433079407.58,0.9557,-1.0633,1,0
2022-02-25,sh.600183,180.67832112,181.41278584,178.29131078,178.84215932,179.39300786,11749059,229828354.25,0.5083,-0.3071,1,0
2022-02-28,sh.600183,180.21928067,180.67832112,177.46503797,178.38311887,178.84215932,12324964,239407977.0,0.5332,-0.2567,1,0
2022-03-01,sh.600183,177.92407842,178.93396741,177.00599752,178.47492696,178.38311887,14873603,287906080.0,0.6434,0.0515,1,0
2022-03-02,sh.600183,177.74046224,177.74046224,176.2715328,177.09780561,178.47492696,11766924,226483615.0,0.509,-0.7716,1,0
2022-03-03,sh.600183,177.1896137,177.92407842,173.97633055,174.15994673,177.09780561,25251700,481438688.0,1.0924,-1.6589,1,0
2022-03-04,sh.600183,173.70090628,176.08791662,172.5992092,174.15994673,174.15994673,13107820,248985134.0,0.567,0.0,1,0
2022-03-07,sh.600183,174.06813864,174.06813864,164.3364811,165.43817818,174.15994673,25292818,460725392.0,1.0942,-5.0079,1,0
2022-03-08,sh.600183,164.42828919,166.81529953,160.48054132,161.39862222,165.43817818,19164701,340333696.0,0.8291,-2.4417,1,0
2022-03-09,sh.600183,161.5822384,163.78563256,151.39154041,157.81810671,161.39862222,23611907,405174624.0,1.0215,-2.2184,1,0
2022-03-10,sh.600183,160.6641575,162.04127885,158.91980379,159.56246042,157.81810671,18232674,318302624.0,0.7887,1.1053,1,0
2022-03-11,sh.600183,156.34917727,160.57234941,153.77855075,160.02150087,159.56246042,23184905,395113728.0,1.003,0.2877,1,0
2022-03-14,sh.600183,158.55257143,158.55257143,155.70652064,155.89013682,160.02150087,13021883,222996985.0,0.5633,-2.5818,1,0
2022-03-15,sh.600183,154.2375912,155.1556721,146.70932782,146.80113591,155.89013682,21188779,349156848.0,0.9166,-5.8304,1,0
2022-03-16,sh.600183,149.00453007,151.20792423,142.57796377,150.74888378,146.80113591,20904016,335597952.0,0.9043,2.6892,1,0
2022-03-17,sh.600183,153.59493457,155.52290446,152.67685367,153.50312648,150.74888378,17161255,287727936.0,0.7424,1.827,1,0
2022-03-18,sh.600183,152.21781322,154.14578311,151.57515659,153.3195103,153.50312648,13462477,224374185.14,0.5824,-0.1196,1,0
2022-03-21,sh.600183,154.42120738,155.89013682,152.49323749,155.24748019,153.3195103,14743305,248250199.58,0.6378,1.2575,1,0
2022-03-22,sh.600183,155.06386401,155.98194491,153.96216693,154.97205592,155.24748019,8815462,148495718.02,0.3814,-0.1774,1,0
2022-03-23,sh.600183,155.1556721,160.20511705,154.78843974,156.80821772,154.97205592,17807555,305472669.85,0.7704,1.1848,1,0
2022-03-24,sh.600183,156.073753,156.80821772,153.41131839,153.96216693,156.80821772,11708069,197418902.66,0.5065,-1.815,1,0
2022-03-25,sh.600183,154.60482356,155.33928828,152.12600513,153.3195103,153.96216693,8142312,136223305.49,0.3522,-0.4174,1,0
2022-03-28,sh.600183,152.30962131,153.50312648,149.46357052,152.95227794,153.3195103,10001430,165152570.75,0.4327,-0.2395,1,0
2022-03-29,sh.600183,153.13589412,154.69663165,149.46357052,150.10622715,152.95227794,8795511,144915775.57,0.3805,-1.8607,1,0
2022-03-30,sh.600183,150.10622715,152.58504558,149.27995434,152.30962131,150.10622715,14214393,234166913.41,0.6149,1.4679,1,0
2022-03-31,sh.600183,151.4833485,151.4833485,147.53560063,147.99464108,152.30962131,16369167,265881257.84,0.7081,-2.833,1,0
2022-04-01,sh.600183,147.53560063,149.18814625,146.15847928,147.90283299,147.99464108,12014120,193401743.62,0.5197,-0.062,1,0
2022-04-06,sh.600183,148.08644917,148.17825726,144.78135793,146.52571164,147.90283299,17349349,276308841.43,0.7495,-0.9311,1,0
2022-04-07,sh.600183,146.43390355,150.47345951,145.60763074,145.9748631,146.52571164,19333514,311073964.84,0.8352,-0.3759,1,0
2022-04-08,sh.600183,145.9748631,146.892944,142.39434759,146.61751973,145.9748631,14389206,226598581.05,0.6216,0.4403,1,0
2022-04-11,sh.600183,146.61751973,146.61751973,141.29265051,141.84349905,146.61751973,16641228,259125601.68,0.7189,-3.2561,1,0
2022-04-12,sh.600183,142.21073141,146.61751973,141.29265051,146.61751973,141.84349905,13326974,209250978.79,0.5757,3.3657,1,0
2022-04-13,sh.600183,145.88305501,146.892944,144.1387013,145.42401456,146.61751973,7891078,124934255.31,0.3409,-0.814,1,0
2022-04-14,sh.600183,146.43390355,147.8110249,145.42401456,146.98475209,145.42401456,8906027,142342399.5,0.3848,1.0732,1,0
2022-04-15,sh.600183,145.79124692,150.38165142,145.69943883,149.6471867,146.98475209,13689414,222086388.86,0.5914,1.8114,1,0
2022-04-18,sh.600183,148.82091389,155.61471255,148.17825726,155.06386401,149.6471867,17725058,296474908.63,0.7657,3.6196,1,0
2022-04-19,sh.600183,154.2375912,155.24748019,152.86046985,153.50312648,155.06386401,12106297,202526364.27,0.523,-1.0065,1,0
2022-04-20,sh.600183,153.59493457,155.43109637,152.67685367,153.50312648,153.50312648,8379687,140533061.88,0.362,0.0,1,0
2022-04-21,sh.600183,152.86046985,154.97205592,149.37176243,150.47345951,153.50312648,9421048,155699228.66,0.407,-1.9737,1,0
2022-04-22,sh.600183,151.66696468,152.4014294,147.99464108,152.30962131,150.47345951,9569568,157177656.46,0.4134,1.2203,1,0
2022-04-25,sh.600183,150.10622715,150.5652676,143.12881231,143.2206204,152.30962131,13257618,212191605.29,0.5727,-5.9675,1,0
2022-04-26,sh.600183,143.2206204,144.96497411,139.08925635,139.5482968,143.2206204,11516480,178463080.55,0.4975,-2.5641,1,0
2022-04-27,sh.600183,138.53840781,150.19803524,137.98755927,149.55537861,139.5482968,15489361,245395777.66,0.6692,7.1711,1,0
2022-04-28,sh.600183,148.7291058,151.85058086,147.53560063,149.18814625,149.55537861,12423196,202484348.78,0.5367,-0.2455,1,0
2022-04-29,sh.600183,150.84069187,153.3195103,148.91272198,153.13589412,149.18814625,16226689,267583472.56,0.701,2.6462,1,0
2022-05-05,sh.600183,153.13589412,154.05397502,150.74888378,152.4014294,153.13589412,13281130,220809063.3,0.5738,-0.4796,1,0
2022-05-06,sh.600183,149.27995434,151.85058086,148.7291058,150.93249996,152.4014294,8374001,136898620.03,0.3618,-0.9639,1,0
2022-05-09,sh.600183,149.55537861,151.75877277,149.46357052,151.02430805,150.93249996,5678292,93320631.72,0.2453,0.0608,1,0
2022-05-10,sh.600183,149.46357052,154.69663165,148.7291058,154.2375912,151.02430805,11861270,198486374.05,0.5124,2.1277,1,0
2022-05-11,sh.600183,155.06386401,157.81810671,153.41131839,154.2375912,154.2375912,14835815,252292392.22,0.6409,0.0,1,0
2022-05-12,sh.600183,153.13589412,155.52290446,152.49323749,154.32939929,154.2375912,7733679,129929790.06,0.3341,0.0595,1,0
2022-05-13,sh.600183,154.88024783,155.24748019,153.04408603,154.2375912,154.32939929,7009017,117532290.76,0.3028,-0.0595,1,0
2022-05-16,sh.600183,154.42120738,155.06386401,152.30962131,152.76866176,154.2375912,6817983,113905643.02,0.2945,-0.9524,1,0
2022-05-17,sh.600183,152.03419704,153.50312648,151.11611614,152.86046985,152.76866176,6666815,110605638.45,0.288,0.0601,1,0
2022-05-18,sh.600183,152.95227794,155.33928828,152.03419704,154.60482356,152.86046985,8400781,140770407.59,0.3629,1.1411,1,0
2022-05-19,sh.600183,153.13589412,159.28703615,152.58504558,159.19522806,154.60482356,16960456,290540946.87,0.7325,2.9691,1,0
2022-05-20,sh.600183,159.37884424,162.86755166,157.08364199,158.55257143,159.19522806,12942636,224624184.27,0.559,-0.4037,1,0
2022-05-23,sh.600183,159.28703615,159.65426851,154.97205592,155.89013682,158.55257143,15186143,257977722.36,0.6559,-1.6792,1,0
2022-05-24,sh.600183,155.89013682,156.62460154,151.29973232,151.29973232,155.89013682,13178268,220699585.88,0.5692,-2.9446,1,0
2022-05-25,sh.600183,150.84069187,152.76866176,150.10622715,151.85058086,151.29973232,8862208,146196294.4,0.3828,0.3641,1,0
2022-05-26,sh.600183,153.18428688,153.18428688,148.6116216,149.85005178,151.85059284,11141264,175488241.1,0.4812,-1.3174,1,0
2022-05-27,sh.600183,149.94531564,151.75532898,148.32583002,150.13584336,149.85005178,9579558,150530107.01,0.4138,0.1907,1,0
2022-05-30,sh.600183,151.18374582,151.18374582,149.5642602,150.42163494,150.13584336,6236541,98318791.07,0.2694,0.1904,1,0
2022-05-31,sh.600183,150.32637108,155.66114724,148.6116216,154.70850864,150.42163494,16232337,260194612.47,0.7011,2.8499,1,0
2022-06-01,sh.600183,154.3274532,156.7090497,153.47007846,154.04166162,154.70850864,10452985,169688078.0,0.4515,-0.431,1,0
2022-06-02,sh.600183,154.3274532,156.99484128,153.56534232,156.89957742,154.04166162,12940123,211663245.71,0.5589,1.8553,1,0
2022-06-06,sh.600183,156.80431356,162.80593674,156.2327304,162.52014516,156.89957742,20016509,335815167.3,0.8645,3.5823,1,0
2022-06-07,sh.600183,160.9959234,161.75803428,158.1380076,158.80485462,162.52014516,13064825,218802087.79,0.5643,-2.286,1,0
2022-06-08,sh.600183,159.18591006,160.13854866,155.66114724,158.1380076,158.80485462,10363675,171837886.95,0.4476,-0.4199,1,0
2022-06-09,sh.600183,157.185369,157.94747988,153.56534232,154.23218934,158.1380076,9351903,152286460.96,0.4039,-2.4699,1,0
2022-06-10,sh.600183,152.8984953,156.42325812,152.70796758,156.2327304,154.23218934,10838418,176044230.22,0.4681,1.2971,1,0
2022-06-13,sh.600183,154.61324478,155.37535566,151.4695374,152.8984953,156.2327304,15951489,256617886.68,0.689,-2.1341,1,0
2022-06-14,sh.600183,151.4695374,153.8511339,149.0879409,153.66060618,152.8984953,11459407,182136323.05,0.495,0.4984,1,0
2022-06-15,sh.600183,154.04166162,159.66222936,153.75587004,157.185369,153.66060618,20469485,338617690.65,0.8841,2.2939,1,0
2022-06-16,sh.600183,157.28063286,159.47170164,155.85167496,156.32799426,157.185369,10615440,175530425.2,0.4585,-0.5455,1,0
2022-06-17,sh.600183,156.04220268,158.42379918,155.08956408,158.32853532,156.32799426,11322512,186790997.83,0.489,1.2797,1,0
2022-06-20,sh.600183,158.70959076,159.94802094,157.75695216,158.51906304,158.32853532,11063774,184401388.36,0.4779,0.1203,1,0
2022-06-21,sh.600183,158.51906304,160.5196041,156.7090497,158.90011848,158.51906304,11078684,184517575.17,0.4785,0.2404,1,0
2022-06-22,sh.600183,158.80485462,158.80485462,155.37535566,155.37535566,158.90011848,11748194,192718234.93,0.5074,-2.2182,1,0
2022-06-23,sh.600183,155.37535566,158.99538234,155.37535566,158.99538234,155.37535566,12968515,214853800.12,0.5601,2.3299,1,0
2022-06-24,sh.600183,158.32853532,162.4248813,158.32853532,162.13908972,158.99538234,24069548,407520099.4,1.0396,1.9772,1,0
2022-06-27,sh.600183,163.3775199,164.42542236,160.42434024,161.4722427,162.13908972,20923327,356380610.13,0.9037,-0.4113,1,0
2022-06-28,sh.600183,161.09118726,164.04436692,158.70959076,163.56804762,161.4722427,23370654,395733386.12,1.0094,1.2979,1,0
2022-06-29,sh.600183,163.18699218,166.52122728,160.5196041,160.71013182,163.56804762,29935638,514109713.25,1.293,-1.7472,1,0
2022-06-30,sh.600183,161.09118726,163.66331148,160.5196041,161.85329814,160.71013182,13032847,221821439.62,0.5629,0.7113,1,0
2022-07-01,sh.600183,162.04382586,163.3775199,160.61486796,162.13908972,161.85329814,10729998,182562880.82,0.4634,0.1766,1,0
2022-07-04,sh.600183,161.4722427,162.04382586,159.0906462,160.5196041,162.13908972,15239603,256315787.17,0.6561,-0.9988,1,0
2022-07-05,sh.600183,160.5196041,161.948562,155.94693882,157.75695216,160.5196041,23626861,391781142.31,1.0172,-1.7211,1,0
2022-07-06,sh.600183,157.75695216,158.51906304,156.2327304,158.04274374,157.75695216,15908351,262926891.42,0.6849,0.1812,1,0
2022-07-07,sh.600183,157.185369,158.70959076,156.7090497,157.85221602,158.04274374,9083538,150643423.29,0.3911,-0.1206,1,0
2022-07-08,sh.600183,158.70959076,159.5669655,157.75695216,157.85221602,157.85221602,9166030,152769406.41,0.3946,0.0,1,0
2022-07-11,sh.600183,157.185369,157.56642444,152.422176,153.66060618,157.85221602,12502417,202132174.12,0.5383,-2.6554,1,0
2022-07-12,sh.600183,153.3748146,153.3748146,150.9932181,151.08848196,153.66060618,8927650,142200487.8,0.3844,-1.6739,1,0
2022-07-13,sh.600183,150.70742652,151.66006512,149.46899634,150.23110722,151.08848196,9117157,143809929.23,0.3925,-0.5675,1,0
2022-07-14,sh.600183,149.94531564,151.4695374,148.70688546,150.32637108,150.23110722,6868523,108460878.85,0.2957,0.0634,1,0
2022-07-15,sh.600183,150.23110722,151.66006512,148.1353023,148.1353023,150.32637108,8695589,137064704.08,0.3744,-1.4575,1,0
2022-07-18,sh.600183,148.42109388,151.4695374,147.658983,151.08848196,148.1353023,9381162,147437404.48,0.4039,1.9936,1,0
2022-07-19,sh.600183,150.42163494,153.18428688,150.32637108,152.80323144,151.08848196,8809137,140921740.45,0.3793,1.1349,1,0
2022-07-20,sh.600183,153.08902302,154.70850864,151.75532898,152.04112056,152.80323144,10519229,169082607.67,0.4529,-0.4988,1,0
2022-07-21,sh.600183,152.13638442,153.75587004,151.56480126,152.13638442,152.04112056,7656809,122749902.07,0.3297,0.0627,1,0
2022-07-22,sh.600183,152.23164828,152.70796758,149.27846862,150.42163494,152.13638442,7764685,122892107.04,0.3343,-1.1271,1,0
2022-07-25,sh.600183,150.42163494,151.37427354,148.80214932,149.0879409,150.42163494,6593573,103531314.95,0.2839,-0.8866,1,0
2022-07-26,sh.600183,149.46899634,150.0405795,148.23056616,148.89741318,149.0879409,6014080,93839076.03,0.2589,-0.1278,1,0
2022-07-27,sh.600183,148.89741318,148.89741318,147.84951072,148.51635774,148.89741318,5372831,83644702.66,0.2313,-0.2559,1,0
2022-07-28,sh.600183,149.18320476,155.7564111,149.0879409,154.23218934,148.51635774,20015376,322891789.61,0.8617,3.8486,1,0
2022-07-29,sh.600183,154.23218934,155.08956408,151.08848196,151.37427354,154.23218934,10985688,175764027.25,0.473,-1.853,1,0
2022-08-01,sh.600183,150.9932181,154.3274532,149.18320476,154.13692548,151.37427354,10989008,176619462.32,0.4731,1.825,1,0
2022-08-02,sh.600183,152.51743986,152.70796758,148.6116216,151.27900968,154.13692548,13267238,209937417.8,0.5712,-1.8541,1,0
2022-08-03,sh.600183,150.13584336,153.94639776,150.0405795,151.18374582,151.27900968,11706034,187316770.7,0.504,-0.063,1,0
2022-08-04,sh.600183,152.422176,153.94639776,150.9932181,152.80323144,151.18374582,9972628,159783067.0,0.4294,1.0712,1,0
2022-08-05,sh.600183,153.18428688,157.85221602,152.51743986,157.75695216,152.80323144,25105332,411282146.0,1.0809,3.2419,1,0
2022-08-08,sh.600183,158.32853532,158.90011848,155.18482794,157.37589672,157.75695216,14699946,241355610.0,0.6329,-0.2415,1,0
2022-08-09,sh.600183,156.99484128,158.70959076,154.89903636,158.51906304,157.37589672,14425118,237123069.0,0.6211,0.7264,1,0
2022-08-10,sh.600183,156.99484128,159.94802094,155.85167496,156.13746654,158.51906304,14629116,241915692.0,0.6298,-1.5024,1,0
2022-08-11,sh.600183,156.51852198,161.18645112,156.51852198,160.32907638,156.13746654,26665625,446323298.0,1.1481,2.6846,1,0
2022-08-12,sh.600183,160.5196041,163.18699218,159.47170164,161.66277042,160.32907638,26146407,444073797.0,1.1257,0.8318,1,0
2022-08-15,sh.600183,157.185369,163.75857534,156.42325812,163.18699218,161.66277042,33896086,571571027.7,1.4594,0.9428,1,0
2022-08-16,sh.600183,163.66331148,167.6643936,160.90065954,166.14017184,163.18699218,37620229,653023798.21,1.6197,1.8097,1,0
2022-08-17,sh.600183,166.61649114,167.28333816,164.04436692,165.66385254,166.14017184,21168702,368148152.48,0.9114,-0.2867,1,0
2022-08-18,sh.600183,166.04490798,166.14017184,162.9012006,163.18699218,165.66385254,21485181,369898679.16,0.925,-1.4951,1,0
2022-08-19,sh.600183,163.3775199,168.23597676,161.948562,161.948562,163.18699218,22789227,394077194.06,0.9812,-0.7589,1,0
2022-08-22,sh.600183,162.32961744,165.09226938,160.5196041,162.61540902,161.948562,13909809,238105949.01,0.5989,0.4118,1,0
2022-08-23,sh.600183,161.85329814,162.52014516,158.23327146,158.80485462,162.61540902,20506467,343242550.18,0.8829,-2.3433,1,0
2022-08-24,sh.600183,160.0432848,160.32907638,153.18428688,153.66060618,158.80485462,18548624,302982931.33,0.7986,-3.2394,1,0
2022-08-25,sh.600183,153.66060618,154.3274532,151.66006512,153.56534232,153.66060618,9406498,151005156.0,0.405,-0.062,1,0
2022-08-26,sh.600183,153.8511339,154.99430022,152.99375916,153.3748146,153.56534232,7235167,116765555.62,0.3115,-0.1241,1,0
2022-08-29,sh.600183,151.18374582,152.61270372,150.5168988,152.13638442,153.3748146,6447067,102696501.41,0.2776,-0.8075,1,0
2022-08-30,sh.600183,151.75532898,152.8984953,150.9932181,152.61270372,152.13638442,6335973,100979495.83,0.2728,0.3131,1,0
2022-08-31,sh.600183,152.51743986,153.08902302,150.5168988,151.4695374,152.61270372,7209514,114609614.33,0.3104,-0.7491,1,0
2022-09-01,sh.600183,150.89795424,152.32691214,150.5168988,151.27900968,151.4695374,5007623,79590372.72,0.2156,-0.1258,1,0
2022-09-02,sh.600183,150.61216266,152.23164828,150.61216266,151.56480126,151.27900968,5303772,84365717.97,0.2283,0.1889,1,0
2022-09-05,sh.600183,151.56480126,151.75532898,149.27846862,149.94531564,151.56480126,7155204,112567724.94,0.3081,-1.0685,1,0
2022-09-06,sh.600183,150.0405795,151.4695374,149.65952406,151.4695374,149.94531564,6044271,95476104.95,0.2602,1.0165,1,0
2022-09-07,sh.600183,150.61216266,152.422176,150.23110722,151.08848196,151.4695374,7652174,121519744.8,0.3295,-0.2516,1,0
2022-09-08,sh.600183,150.89795424,151.08848196,147.75424686,147.94477458,151.08848196,12216153,190673405.33,0.526,-2.0807,1,0
2022-09-09,sh.600183,147.94477458,149.0879409,146.51581668,148.99267704,147.94477458,8565348,132866774.89,0.3688,0.7083,1,0
2022-09-13,sh.600183,149.5642602,151.18374582,146.99213598,147.37319142,148.99267704,10996860,171874155.46,0.4735,-1.087,1,0
2022-09-14,sh.600183,146.03949738,146.2300251,144.42001176,145.7537058,147.37319142,7473335,114105006.21,0.3218,-1.0989,1,0
2022-09-15,sh.600183,146.61108054,146.61108054,140.5141935,141.9431514,145.7537058,20061277,301377839.57,0.8637,-2.6144,1,0
2022-09-16,sh.600183,141.56209596,142.80052614,137.6562777,138.22786086,141.9431514,15776982,231976076.93,0.6793,-2.6174,1,0
2022-09-19,sh.600183,138.32312472,138.79944402,135.65573664,136.7036391,138.22786086,7917746,113757377.86,0.3409,-1.1027,1,0
2022-09-20,sh.600183,137.08469454,138.03733314,135.56047278,135.84626436,136.7036391,7471504,106910184.4,0.3217,-0.6272,1,0
2022-09-21,sh.600183,135.84626436,136.13205594,129.74937732,133.369404,135.84626436,15509925,215252349.51,0.6678,-1.8233,1,0
2022-09-22,sh.600183,132.22623768,133.08361242,130.79727978,130.89254364,133.369404,9610670,132837208.22,0.4138,-1.8571,1,0
2022-09-23,sh.600183,130.9878075,131.65465452,126.51040608,128.03462784,130.89254364,16864338,227631359.23,0.7261,-2.1834,1,0
2022-09-26,sh.600183,126.89146152,128.41568328,125.46250362,125.7482952,128.03462784,11119921,147885162.34,0.4788,-1.7857,1,0
2022-09-27,sh.600183,125.93882292,128.1298917,125.93882292,128.03462784,125.7482952,9482866,126763065.91,0.4083,1.8182,1,0
2022-09-28,sh.600183,127.74883626,127.74883626,124.98618432,124.98618432,128.03462784,8800815,116304346.72,0.3789,-2.381,1,0
2022-09-29,sh.600183,126.03408678,127.1772531,124.50986502,125.36723976,124.98618432,8116402,107234583.05,0.3494,0.3049,1,0
2022-09-30,sh.600183,125.2719759,126.12935064,124.41460116,124.7956566,125.36723976,6018003,79097394.85,0.2591,-0.4559,1,0
2022-10-10,sh.600183,124.7956566,125.36723976,120.69931062,120.9851022,124.7956566,9471401,121878322.02,0.4071,-3.0534,1,0
2022-10-11,sh.600183,120.9851022,122.60458782,120.41351904,121.65194922,120.9851022,6548041,83426014.25,0.2814,0.5512,1,0
2022-10-12,sh.600183,121.74721308,126.31987836,121.17562992,126.12935064,121.65194922,10732959,139399780.2,0.4613,3.6805,1,0
2022-10-13,sh.600183,125.84355906,127.84410012,124.7956566,126.51040608,126.12935064,8162080,108624134.44,0.3508,0.3021,1,0
2022-10-14,sh.600183,127.55830854,128.79673872,126.7009338,128.41568328,126.51040608,8292160,111502136.76,0.3564,1.506,1,0
2022-10-17,sh.600183,128.32041942,130.70201592,128.03462784,130.41622434,128.41568328,7716594,105165498.93,0.3317,1.5579,1,0
2022-10-18,sh.600183,131.74991838,131.74991838,129.17779416,130.70201592,130.41622434,7832633,107165613.65,0.3367,0.2191,1,0
2022-10-19,sh.600183,130.22569662,131.4641268,129.27305802,129.46358574,130.70201592,5905084,80755501.56,0.2538,-0.9475,1,0
2022-10-20,sh.600183,129.46358574,132.51202926,128.79673872,131.65465452,129.46358574,8594398,118247665.41,0.3694,1.6924,1,0
2022-10-21,sh.600183,131.4641268,132.32150154,130.60675206,131.27359908,131.65465452,5600550,77249144.4,0.2407,-0.2894,1,0
2022-10-24,sh.600183,131.17833522,133.27414014,127.6535724,128.51094714,131.27359908,8517042,116339072.57,0.3661,-2.1045,1,0
2022-10-25,sh.600183,128.41568328,129.5588496,126.51040608,127.6535724,128.51094714,6059205,81328271.2,0.2604,-0.6672,1,0
2022-10-26,sh.600183,128.41568328,134.3220426,128.1298917,132.79782084,127.6535724,14023599,194657806.16,0.6028,4.0299,1,0
2022-10-27,sh.600183,132.79782084,135.7510005,132.4167654,134.13151488,132.79782084,10858939,153167377.99,0.4667,1.0043,1,0
2022-10-28,sh.600183,131.36886294,133.17887628,128.51094714,128.606211,134.13151488,11627725,159941295.77,0.4998,-4.1193,1,0
2022-10-31,sh.600183,128.70147486,133.27414014,128.70147486,132.13097382,128.606211,8281707,114370693.86,0.356,2.7407,1,0
2022-11-01,sh.600183,132.22623768,133.8457233,131.17833522,133.75045944,132.13097382,7880272,109926532.35,0.3387,1.2257,1,0
2022-11-02,sh.600183,133.55993172,136.51311138,133.55993172,135.17941734,133.75045944,10065198,143276906.25,0.4326,1.0684,1,0
2022-11-03,sh.600183,134.51257032,136.98943068,133.94098716,136.51311138,135.17941734,7463400,106219700.22,0.3208,0.9866,1,0
2022-11-04,sh.600183,135.84626436,137.94206928,135.56047278,136.41784752,136.51311138,9595471,137651705.18,0.4124,-0.0698,1,0
2022-11-07,sh.600183,136.89416682,137.56101384,134.7983619,135.17941734,136.41784752,7964657,113381224.06,0.3423,-0.9078,1,0
2022-11-08,sh.600183,134.7983619,134.98888962,132.8930847,134.03625102,135.17941734,7194337,100909142.05,0.3092,-0.8457,1,0
2022-11-09,sh.600183,134.41730646,135.65573664,133.369404,135.46520892,134.03625102,7034665,99559627.05,0.3024,1.0661,1,0
2022-11-10,sh.600183,134.60783418,135.36994506,130.9878075,131.4641268,135.46520892,9945333,138410043.57,0.4275,-2.9536,1,0
2022-11-11,sh.600183,135.7510005,137.08469454,134.41730646,134.89362576,131.4641268,13272006,188962659.32,0.5705,2.6087,1,0
2022-11-14,sh.600183,134.7983619,138.22786086,134.70309804,136.60837524,134.89362576,14185097,204077238.77,0.6097,1.2712,1,0
2022-11-15,sh.600183,135.94152822,143.65790088,135.56047278,142.89579,136.60837524,22573888,334288660.85,0.9703,4.6025,1,0
2022-11-16,sh.600183,142.89579,146.51581668,142.13367912,145.65844194,142.89579,18873330,287628647.73,0.8112,1.9333,1,0
2022-11-17,sh.600183,144.8010672,147.1826637,142.70526228,146.80160826,145.65844194,13253415,201957925.7,0.5697,0.7848,1,0
2022-11-18,sh.600183,145.94423352,147.08739984,144.89633106,145.46791422,146.80160826,9475642,145314841.76,0.4073,-0.9085,1,0
2022-11-21,sh.600183,144.8010672,146.99213598,143.56263702,146.89687212,145.46791422,10659967,162518172.4,0.4582,0.9823,1,0
2022-11-22,sh.600183,146.42055282,150.70742652,145.84896966,147.658983,146.89687212,13189976,206153969.38,0.5669,0.5188,1,0
2022-11-23,sh.600183,146.89687212,148.1353023,145.2773865,147.94477458,147.658983,9455187,145774578.0,0.4064,0.1935,1,0
2022-11-24,sh.600183,147.84951072,148.70688546,145.56317808,146.03949738,147.94477458,6159388,94677038.9,0.2647,-1.2878,1,0
2022-11-25,sh.600183,146.42055282,147.1826637,144.51527562,144.70580334,146.03949738,5347160,81597770.94,0.2298,-0.9132,1,0
2022-11-28,sh.600183,143.27684544,144.13422018,141.4668321,142.99105386,144.70580334,7087758,106245180.66,0.3046,-1.185,1,0
2022-11-29,sh.600183,143.3721093,144.61053948,142.70526228,143.8484286,142.99105386,5425289,81924267.77,0.2332,0.5996,1,0
2022-11-30,sh.600183,144.22948404,144.61053948,142.89579,143.75316474,143.8484286,5203685,78387279.85,0.2237,-0.0662,1,0
2022-12-01,sh.600183,144.89633106,145.65844194,142.89579,143.08631772,143.75316474,7018377,106145200.37,0.3017,-0.4639,1,0
2022-12-02,sh.600183,143.18158158,144.3247479,141.9431514,142.13367912,143.08631772,5951981,89228190.1,0.2558,-0.6658,1,0
2022-12-05,sh.600183,142.32420684,145.46791422,142.32420684,145.37265036,142.13367912,7263462,110115566.83,0.3122,2.2788,1,0
2022-12-06,sh.600183,144.99159492,146.42055282,144.3247479,146.03949738,145.37265036,7152353,109460323.26,0.3074,0.4587,1,0
2022-12-07,sh.600183,145.94423352,145.94423352,140.22840192,140.60945736,146.03949738,14995765,224129572.96,0.6446,-3.7182,1,0
2022-12-08,sh.600183,140.60945736,140.70472122,138.51365244,139.37102718,140.60945736,8758576,127999325.27,0.3765,-0.8808,1,0
2022-12-09,sh.600183,139.27576332,141.75262368,139.0852356,141.08577666,139.37102718,9327150,137452854.42,0.4009,1.2303,1,0
2022-12-12,sh.600183,140.5141935,148.23056616,139.94261034,146.51581668,141.08577666,16450304,251085926.72,0.7071,3.8488,1,0
2022-12-13,sh.600183,146.03949738,147.1826637,144.61053948,144.99159492,146.51581668,5099270,77798700.15,0.2192,-1.0403,1,0
2022-12-14,sh.600183,146.42055282,147.56371914,143.56263702,143.8484286,144.99159492,7491485,114429721.5,0.322,-0.7884,1,0
2022-12-15,sh.600183,143.75316474,147.27792756,142.70526228,146.42055282,143.8484286,8250436,126740147.45,0.3546,1.7881,1,0
2022-12-16,sh.600183,145.7537058,146.51581668,144.51527562,146.51581668,146.42055282,7228987,110455886.12,0.3107,0.0651,1,0
2022-12-19,sh.600183,146.51581668,146.7063444,142.99105386,143.3721093,146.51581668,6398496,96604730.28,0.275,-2.1456,1,0
2022-12-20,sh.600183,143.18158158,144.42001176,141.08577666,141.84788754,143.3721093,5216455,78017484.1,0.2242,-1.0631,1,0
2022-12-21,sh.600183,141.37156824,142.70526228,140.0378742,141.08577666,141.84788754,4429653,65736456.56,0.1904,-0.5373,1,0
2022-12-22,sh.600183,142.22894298,144.99159492,140.9905128,141.56209596,141.08577666,4703400,70369500.47,0.2022,0.3376,1,0
2022-12-23,sh.600183,141.4668321,142.70526228,138.6089163,139.27576332,141.56209596,4720800,69521669.07,0.2029,-1.6151,1,0
2022-12-26,sh.600183,139.27576332,141.9431514,139.18049946,141.56209596,139.27576332,4533650,67122001.45,0.1949,1.6416,1,0
2022-12-27,sh.600183,142.03841526,142.4194707,139.75208262,141.56209596,141.56209596,4200510,62166962.2,0.1805,0.0,1,0
2022-12-28,sh.600183,141.4668321,141.84788754,139.84734648,140.32366578,141.56209596,3405011,50157463.87,0.1464,-0.8748,1,0
2022-12-29,sh.600183,139.94261034,140.89524894,138.132597,138.51365244,140.32366578,5426476,79254055.07,0.2332,-1.2899,1,0
2022-12-30,sh.600183,139.46629104,140.0378742,136.98943068,137.27522226,138.51365244,5139728,74501641.01,0.2209,-0.8941,1,0
2023-01-03,sh.600183,137.75154156,144.89633106,134.7983619,144.61053948,137.27522226,13653933,202885221.83,0.5869,5.3435,1,0
2023-01-04,sh.600183,144.3247479,146.99213598,143.8484286,145.08685878,144.61053948,7808635,119229523.21,0.3355,0.3294,1,0
2023-01-05,sh.600183,144.99159492,145.65844194,144.3247479,144.8010672,145.08685878,5113972,77743624.09,0.2197,-0.197,1,0
2023-01-06,sh.600183,144.42001176,145.65844194,143.3721093,144.03895632,144.8010672,4580498,69388412.88,0.1968,-0.5263,1,0
2023-01-09,sh.600183,144.03895632,144.8010672,142.51473456,142.80052614,144.03895632,7377078,111011712.17,0.317,-0.8598,1,0
2023-01-10,sh.600183,143.3721093,144.3247479,142.03841526,142.99105386,142.80052614,4401312,66238356.63,0.1891,0.1334,1,0
2023-01-11,sh.600183,143.08631772,146.13476124,143.08631772,143.46737316,142.99105386,8236700,125190591.09,0.3539,0.3331,1,0
2023-01-12,sh.600183,142.51473456,143.8484286,141.75262368,142.60999842,143.46737316,4382300,65582698.0,0.1883,-0.5976,1,0
2023-01-13,sh.600183,142.22894298,144.3247479,142.13367912,143.65790088,142.60999842,3993947,59852148.15,0.1716,0.7348,1,0
2023-01-16,sh.600183,142.99105386,146.99213598,142.89579,146.51581668,143.65790088,9910476,151943870.89,0.4258,1.9894,1,0
2023-01-17,sh.600183,146.99213598,150.0405795,146.13476124,148.6116216,146.51581668,11985695,186989598.04,0.515,1.4304,1,0
2023-01-18,sh.600183,148.6116216,151.4695374,148.6116216,150.89795424,148.6116216,11141646,175978590.19,0.4787,1.5385,1,0
2023-01-19,sh.600183,150.32637108,152.61270372,149.5642602,152.422176,150.89795424,8956120,142665608.56,0.3848,1.0101,1,0
2023-01-20,sh.600183,152.61270372,153.3748146,151.75532898,152.80323144,152.422176,7075549,113246677.8,0.304,0.25,1,0
2023-01-30,sh.600183,154.04166162,155.7564111,153.47007846,154.61324478,152.80323144,11132196,180656357.84,0.4783,1.1845,1,0
2023-01-31,sh.600183,154.70850864,155.2800918,153.56534232,153.8511339,154.61324478,9286962,150199941.76,0.399,-0.4929,1,0
2023-02-01,sh.600183,155.2800918,157.6616883,154.04166162,156.99484128,153.8511339,12395787,203727649.88,0.5326,2.0433,1,0
2023-02-02,sh.600183,157.37589672,159.5669655,156.80431356,158.23327146,156.99484128,13783658,229549867.58,0.5922,0.7888,1,0
2023-02-03,sh.600183,158.23327146,158.90011848,155.66114724,158.1380076,158.23327146,9482519,156349186.64,0.4074,-0.0602,1,0
2023-02-06,sh.600183,157.28063286,157.47116058,153.8511339,154.70850864,158.1380076,9261194,150743116.87,0.3979,-2.1687,1,0
2023-02-07,sh.600183,155.08956408,157.47116058,153.94639776,157.09010514,154.70850864,10191403,167730866.93,0.4379,1.5394,1,0
2023-02-08,sh.600183,157.6616883,159.28117392,156.2327304,156.99484128,157.09010514,9089129,150369674.01,0.3905,-0.0606,1,0
2023-02-09,sh.600183,156.51852198,160.5196041,156.04220268,160.32907638,156.99484128,14842371,248086251.28,0.6377,2.1238,1,0
2023-02-10,sh.600183,160.32907638,171.474948,160.32907638,165.37806096,160.32907638,39182564,689792581.7,1.6835,3.1491,1,0
2023-02-13,sh.600183,165.37806096,172.9039059,163.3775199,171.85600344,165.37806096,32665957,582632975.41,1.4035,3.9171,1,0
2023-02-14,sh.600183,170.14125396,171.9512673,167.47386588,168.42650448,171.85600344,16018244,285040155.44,0.6882,-1.9956,1,0
2023-02-15,sh.600183,168.42650448,172.9039059,166.99754658,172.4275866,168.42650448,25978767,466073144.6,1.1162,2.3756,1,0
2023-02-16,sh.600183,171.66547572,176.7144603,168.6170322,170.0459901,172.4275866,33096131,602406798.68,1.422,-1.3812,1,0
2023-02-17,sh.600183,169.85546238,170.61757326,161.85329814,161.948562,170.0459901,27181789,471449223.6,1.1679,-4.7619,1,0
2023-02-20,sh.600183,162.99646446,171.85600344,161.37697884,171.28442028,161.948562,23845474,421219662.88,1.0245,5.7647,1,0
2023-02-21,sh.600183,171.18915642,175.19023854,167.28333816,169.0933515,171.28442028,18287749,328036893.81,0.7857,-1.2792,1,0
2023-02-22,sh.600183,167.95018518,168.99808764,166.80701886,167.56912974,169.0933515,6505048,114734666.07,0.2795,-0.9014,1,0
2023-02-23,sh.600183,167.56912974,168.1407129,163.47278376,163.94910306,167.56912974,10150553,175695827.89,0.4361,-2.1603,1,0
2023-02-24,sh.600183,164.52068622,166.14017184,162.9012006,164.13963078,163.94910306,9889400,170618574.84,0.4249,0.1162,1,0
2023-02-27,sh.600183,163.3775199,165.7591164,162.32961744,162.99646446,164.13963078,9085634,155965107.42,0.3904,-0.6965,1,0
2023-02-28,sh.600183,166.2354357,173.76128064,165.2827971,172.71337818,162.99646446,45658264,822103798.57,1.9617,5.9614,1,0
2023-03-01,sh.600183,171.76073958,175.38076626,171.09389256,175.09497468,172.71337818,22160607,404659831.18,0.9521,1.3789,1,0
2023-03-02,sh.600183,175.95234942,178.04815434,175.09497468,176.33340486,175.09497468,18764905,347620457.92,0.8062,0.7073,1,0
2023-03-03,sh.600183,177.09551574,177.6670989,172.23705888,173.76128064,176.33340486,17042524,311041053.16,0.7322,-1.4587,1,0
2023-03-06,sh.600183,174.04707222,175.66655784,172.23705888,174.04707222,173.76128064,15257835,278922449.28,0.6556,0.1645,1,0
2023-03-07,sh.600183,173.47548906,174.52339152,167.85492132,168.6170322,174.04707222,17609933,316155974.49,0.7566,-3.1199,1,0
2023-03-08,sh.600183,168.80755992,174.23759994,168.80755992,173.3802252,168.6170322,18263495,330870679.74,0.7847,2.8249,1,0
2023-03-09,sh.600183,173.66601678,175.09497468,171.18915642,173.66601678,173.3802252,10601103,193299597.28,0.4555,0.1648,1,0
2023-03-10,sh.600183,171.9512673,173.76128064,169.95072624,170.33178168,173.66601678,10012113,180406866.29,0.4302,-1.9199,1,0
2023-03-13,sh.600183,169.85546238,171.37968414,167.75965746,169.47440694,170.33178168,15724666,279372347.25,0.6756,-0.5034,1,0
2023-03-14,sh.600183,169.37914308,169.5696708,164.42542236,166.99754658,169.47440694,16877721,294898124.81,0.7252,-1.4615,1,0
2023-03-15,sh.600183,168.71229606,169.95072624,165.56858868,165.7591164,166.99754658,16144264,283147613.97,0.6936,-0.7416,1,0
2023-03-16,sh.600183,165.2827971,168.33124062,164.8064778,165.66385254,165.7591164,8505697,148791042.09,0.3655,-0.0575,1,0
2023-03-17,sh.600183,166.2354357,171.66547572,166.2354357,169.0933515,165.66385254,10907782,194571299.97,0.4687,2.0702,1,0
2023-03-20,sh.600183,172.4275866,177.00025188,170.42704554,174.8091831,169.0933515,24360672,445113365.75,1.0467,3.3803,1,0
2023-03-21,sh.600183,174.23759994,176.238141,172.80864204,173.3802252,174.8091831,13316259,243833998.37,0.5721,-0.8174,1,0
2023-03-22,sh.600183,173.95180836,179.66763996,172.9039059,179.47711224,173.3802252,25211772,470708789.34,1.0832,3.5165,1,0
2023-03-23,sh.600183,179.66763996,190.14666456,177.95289048,186.81242946,179.47711224,58353884,1130678571.49,2.5072,4.087,1,0
2023-03-24,sh.600183,190.33719228,196.81513476,186.7171656,189.0987621,186.81242946,57888217,1159812557.78,2.4872,1.2239,1,0
2023-03-27,sh.600183,188.05085964,190.52772,181.001334,183.95451366,189.0987621,30712930,597841559.99,1.3196,-2.7204,1,0
2023-03-28,sh.600183,183.09713892,183.95451366,179.66763996,181.66818102,183.95451366,19320042,368232145.67,0.8301,-1.2429,1,0
2023-03-29,sh.600183,181.09659786,182.71608348,177.1907796,178.42920978,181.66818102,20058981,377642335.94,0.8618,-1.7829,1,0
2023-03-30,sh.600183,179.0960568,182.04923646,176.238141,178.6197375,178.42920978,18936716,355330020.22,0.8136,0.1068,1,0
2023-03-31,sh.600183,177.28604346,179.00079294,173.8565445,175.85708556,178.6197375,18587167,343507839.76,0.7986,-1.5467,1,0
2023-04-03,sh.600183,177.1907796,181.9539726,175.2855024,181.001334,175.85708556,24066371,453410054.95,1.034,2.9252,1,0
2023-04-04,sh.600183,181.09659786,183.76398594,179.0960568,181.19186172,181.001334,24773093,472170809.23,1.0596,0.1053,1,0
2023-04-06,sh.600183,181.001334,191.9566779,180.23922312,188.90823438,181.19186172,49622339,978887760.59,2.1224,4.2587,1,0
2023-04-07,sh.600183,187.76506806,188.52717894,183.3829305,187.00295718,188.90823438,21779383,424334721.99,0.9315,-1.0086,1,0
2023-04-10,sh.600183,186.90769332,192.71878878,185.57399928,186.05031858,187.00295718,29910131,592975057.11,1.2793,-0.5094,1,0
2023-04-11,sh.600183,185.66926314,187.95559578,183.95451366,186.05031858,186.05031858,19515031,380440418.2,0.8347,0.0,1,0
2023-04-12,sh.600183,186.7171656,190.0514007,185.47873542,188.24138736,186.05031858,15836653,313010403.39,0.6773,1.1777,1,0
2023-04-13,sh.600183,188.33665122,188.33665122,181.28712558,181.57291716,188.24138736,17953579,345506015.12,0.7679,-3.5425,1,0
2023-04-14,sh.600183,181.66818102,182.9066112,177.00025188,181.38238944,181.57291716,12291077,231951396.98,0.5257,-0.1049,1,0
2023-04-17,sh.600183,180.62027856,180.62027856,177.57183504,179.19132066,181.38238944,13825988,259306930.33,0.5913,-1.208,1,0
2023-04-18,sh.600183,178.1434182,178.81026522,174.42812766,177.00025188,179.19132066,15538654,287492609.13,0.6646,-1.2228,1,0
2023-04-19,sh.600183,174.52339152,180.90607014,174.52339152,176.52393258,177.00025188,17599057,327936876.97,0.7527,-0.2691,1,0
2023-04-20,sh.600183,176.04761328,188.43191508,174.99971082,187.6698042,176.52393258,38539378,745128906.53,1.6484,6.3141,1,0
2023-04-21,sh.600183,188.1461235,188.1461235,168.99808764,169.76019852,187.6698042,40900522,754373843.97,1.7494,-9.5431,1,0
2023-04-24,sh.600183,168.23597676,173.09443362,164.04436692,165.2827971,169.76019852,28917493,506893317.25,1.2368,-2.6375,1,0
2023-04-25,sh.600183,165.2827971,168.42650448,163.09172832,165.2827971,165.2827971,16832095,291836347.05,0.7199,0.0,1,0
2023-04-26,sh.600183,164.04436692,165.37806096,156.04220268,158.70959076,165.2827971,24165609,403591669.76,1.0336,-3.9769,1,0
2023-04-27,sh.600183,159.0906462,160.23381252,153.75587004,155.08956408,158.70959076,19956164,326113229.67,0.8535,-2.2809,1,0
2023-04-28,sh.600183,155.08956408,156.61378584,150.9932181,152.8984953,155.08956408,35244977,566435633.55,1.5075,-1.4128,1,0
2023-05-04,sh.600183,152.13638442,153.3748146,147.37319142,147.56371914,152.8984953,25195351,395475377.28,1.0776,-3.4891,1,0
2023-05-05,sh.600183,148.32583002,150.61216266,146.61108054,146.99213598,147.56371914,14762996,229710236.31,0.6314,-0.3873,1,0
2023-05-08,sh.600183,147.46845528,148.42109388,144.61053948,146.7063444,146.99213598,13111619,201731466.0,0.5608,-0.1944,1,0
2023-05-09,sh.600183,146.7063444,152.8984953,145.46791422,145.94423352,146.7063444,24751986,385649766.33,1.0587,-0.5195,1,0
2023-05-10,sh.600183,145.94423352,147.1826637,142.80052614,144.22948404,145.94423352,14735789,223037226.53,0.6303,-1.1749,1,0
2023-05-11,sh.600183,144.22948404,145.37265036,141.9431514,142.51473456,144.22948404,15052031,226271053.38,0.6438,-1.1889,1,0
2023-05-12,sh.600183,142.03841526,143.65790088,140.60945736,140.9905128,142.51473456,11197484,166536161.74,0.4789,-1.0695,1,0
2023-05-15,sh.600183,140.60945736,141.18104052,137.75154156,141.18104052,140.9905128,19381734,283977488.88,0.829,0.1351,1,0
2023-05-16,sh.600183,141.27630438,141.56209596,137.94206928,140.22840192,141.18104052,14766444,216150087.52,0.6316,-0.6748,1,0
2023-05-17,sh.600183,140.41892964,141.84788754,138.98997174,141.08577666,140.22840192,13897271,205031115.56,0.5944,0.6114,1,0
2023-05-18,sh.600183,141.37156824,144.70580334,140.79998508,142.99105386,141.08577666,20872076,313309575.28,0.8927,1.3504,1,0
2023-05-19,sh.600183,142.99105386,144.3247479,141.4668321,143.8484286,142.99105386,15798661,237182116.28,0.6749,0.5996,1,0
2023-05-22,sh.600183,144.89633106,146.51581668,143.18158158,144.3247479,143.8484286,13878511,210732517.63,0.5928,0.3311,1,0
2023-05-23,sh.600183,144.22948404,145.18212264,142.99105386,143.65790088,144.3247479,12408558,187655440.98,0.53,-0.462,1,0
2023-05-24,sh.600183,142.89579,145.2773865,141.56209596,143.56263702,143.65790088,10629209,160480835.2,0.454,-0.0663,1,0
2023-05-25,sh.600183,143.65790088,145.2773865,141.18104052,143.46737316,143.56263702,11758610,176244772.71,0.5023,-0.0664,1,0
2023-05-26,sh.600183,144.3511629,144.94035132,142.3872015,144.25296483,143.46738027,9441376,138261667.31,0.4033,0.5476,1,0
2023-05-29,sh.600183,145.52953974,149.75205675,144.54755904,147.98449149,144.25296483,24706912,371999358.91,1.0554,2.5868,1,0
2023-05-30,sh.600183,147.98449149,149.75205675,146.11872816,149.75205675,147.98449149,20418906,308658666.05,0.8722,1.1944,1,0
2023-05-31,sh.600183,150.14484903,150.93043359,147.98449149,149.85025482,149.75205675,17346502,263854139.3,0.741,0.0656,1,0
2023-06-01,sh.600183,149.06467026,151.2250278,148.08268956,148.96647219,149.85025482,14662992,223705891.56,0.6263,-0.5898,1,0
2023-06-02,sh.600183,149.55566061,150.53764131,147.59169921,148.86827412,148.96647219,13608813,206100555.05,0.5813,-0.0659,1,0
2023-06-05,sh.600183,148.86827412,150.53764131,148.2790857,149.45746254,148.86827412,13812846,210121959.91,0.59,0.3958,1,0
2023-06-06,sh.600183,148.86827412,149.35926447,144.3511629,144.84215325,149.45746254,14154933,210617833.39,0.6046,-3.088,1,0
2023-06-07,sh.600183,145.13674746,146.11872816,143.66377641,144.3511629,144.84215325,8346547,123078559.1,0.3565,-0.339,1,0
2023-06-08,sh.600183,144.05656869,144.25296483,141.60161694,143.07458799,144.3511629,9625587,139950792.44,0.4112,-0.8844,1,0
2023-06-09,sh.600183,143.17278606,146.11872816,141.79801308,145.62773781,143.07458799,11732056,172073301.62,0.5011,1.7845,1,0
2023-06-12,sh.600183,145.82413395,148.18088763,144.84215325,146.51152044,145.62773781,14487979,216246133.4,0.6189,0.6069,1,0
2023-06-13,sh.600183,146.60971851,149.2610664,145.52953974,148.96647219,146.51152044,15702035,236716097.28,0.6707,1.6756,1,0
2023-06-14,sh.600183,148.96647219,149.55566061,147.00251079,149.06467026,148.96647219,13678117,206779196.31,0.5843,0.0659,1,0
2023-06-15,sh.600183,149.06467026,149.94845289,147.49350114,148.67187798,149.06467026,14229848,215200767.79,0.6078,-0.2635,1,0
2023-06-16,sh.600183,148.67187798,151.91241429,148.57367991,151.2250278,148.67187798,21737462,333524034.86,0.9285,1.7173,1,0
2023-06-19,sh.600183,151.2250278,160.25925024,148.18088763,158.19709077,151.2250278,54583116,863257733.23,2.3316,4.6104,1,0
2023-06-20,sh.600183,157.80429849,157.80429849,149.75205675,150.2430471,158.19709077,50908228,786954953.65,2.1746,-5.0279,1,0
2023-06-21,sh.600183,149.35926447,149.85025482,143.27098413,143.27098413,150.2430471,35618693,526782017.0,1.5215,-4.6405,1,0
2023-06-26,sh.600183,142.3872015,143.07458799,134.23676169,134.5313559,143.27098413,34297023,479880509.24,1.465,-6.1001,1,0
2023-06-27,sh.600183,134.5313559,140.12864589,134.23676169,139.4412594,134.5313559,23223312,326088100.46,0.992,3.6496,1,0
2023-06-28,sh.600183,139.24486326,139.4412594,134.23676169,136.59351537,139.4412594,17321516,240322369.93,0.7399,-2.0423,1,0
2023-06-29,sh.600183,136.39711923,137.477298,135.61153467,136.10252502,136.59351537,12856744,178493364.75,0.5492,-0.3595,1,0
2023-06-30,sh.600183,135.80793081,139.93224975,135.80793081,139.4412594,136.10252502,21142991,298444371.19,0.8998,2.4531,1,0
2023-07-03,sh.600183,139.53945747,142.09260729,139.14666519,141.20882466,139.4412594,15928402,228435248.24,0.6804,1.2676,1,0
2023-07-04,sh.600183,141.79801308,145.52953974,140.71783431,144.94035132,141.20882466,20822533,305327921.41,0.8862,2.6426,1,0
2023-07-05,sh.600183,144.94035132,154.56376218,144.64575711,150.14484903,144.94035132,42043409,642038732.78,1.7893,3.5908,1,0
2023-07-06,sh.600183,150.63583938,155.84033709,149.2610664,152.30520657,150.14484903,34462758,536728694.88,1.4666,1.4388,1,0
2023-07-07,sh.600183,152.2070085,153.58178148,145.3331436,147.297105,152.30520657,26000824,391330477.42,1.1065,-3.2882,1,0
2023-07-10,sh.600183,148.77007605,149.2610664,145.03854939,145.43134167,147.297105,16512161,245344510.55,0.7027,-1.2667,1,0
2023-07-11,sh.600183,145.72593588,149.65385868,145.23494553,148.37728377,145.43134167,15217323,229509863.66,0.6476,2.0257,1,0
2023-07-12,sh.600183,148.08268956,149.55566061,146.21692623,146.60971851,148.37728377,14018713,211301904.98,0.5966,-1.1913,1,0
2023-07-13,sh.600183,147.297105,151.12682973,146.70791658,150.83223552,146.60971851,18844785,287599949.74,0.802,2.8801,1,0
2023-07-14,sh.600183,151.71601815,155.1529506,150.73403745,152.99259306,150.83223552,22948351,357403150.75,0.9766,1.4323,1,0
2023-07-17,sh.600183,153.67997955,160.84843866,153.48358341,158.39348691,152.99259306,39782754,640336310.36,1.6931,3.5302,1,0
2023-07-18,sh.600183,157.70610042,161.0448348,157.116912,158.58988305,158.39348691,28072271,454240218.57,1.1947,0.124,1,0
2023-07-19,sh.600183,158.58988305,159.57186375,155.84033709,156.52772358,158.58988305,17431713,278574219.01,0.7418,-1.3003,1,0
2023-07-20,sh.600183,157.116912,157.60790235,151.32322587,151.71601815,156.52772358,17485765,273402646.59,0.7441,-3.074,1,0
2023-07-21,sh.600183,151.71601815,154.66196025,150.73403745,152.99259306,151.71601815,13635551,212834054.13,0.5803,0.8414,1,0
2023-07-24,sh.600183,152.50160271,156.33132744,151.32322587,155.44754481,152.99259306,18045780,284127891.05,0.768,1.6046,1,0
2023-07-25,sh.600183,156.92051586,165.56194602,155.93853516,162.0268155,155.44754481,42004579,689199356.24,1.7876,4.2325,1,0
2023-07-26,sh.600183,161.53582515,161.53582515,155.93853516,156.72411972,162.0268155,26509379,423944505.8,1.1282,-3.2727,1,0
2023-07-27,sh.600183,156.62592165,157.90249656,154.36736604,155.74213902,156.72411972,24809525,394129218.08,1.0558,-0.6266,1,0
2023-07-28,sh.600183,154.76015832,158.58988305,153.77817762,157.41150621,155.74213902,17113353,273470136.43,0.7283,1.0719,1,0
2023-07-31,sh.600183,158.19709077,159.37546761,155.74213902,156.42952551,157.41150621,21482951,344597213.25,0.9143,-0.6238,1,0
2023-08-01,sh.600183,156.42952551,158.29528884,154.36736604,157.31330814,156.42952551,15923682,254710730.67,0.6777,0.565,1,0
2023-08-02,sh.600183,156.1349313,159.0808734,154.95655446,156.52772358,157.31330814,15634010,249371980.92,0.6653,-0.4994,1,0
2023-08-03,sh.600183,155.74213902,156.82231779,151.51962201,155.74213902,156.52772358,18824014,295950015.45,0.8011,-0.5019,1,0
2023-08-04,sh.600183,155.93853516,159.47366568,155.93853516,157.116912,155.74213902,11955325,191846450.11,0.5088,0.8827,1,0
2023-08-07,sh.600183,157.116912,158.39348691,155.84033709,156.92051586,157.116912,8681420,138776179.73,0.3695,-0.125,1,0
2023-08-08,sh.600183,156.92051586,157.31330814,154.1709699,154.1709699,156.92051586,8811670,139464784.32,0.375,-1.7522,1,0
2023-08-09,sh.600183,154.07277183,155.1529506,150.93043359,151.12682973,154.1709699,13663520,212098805.26,0.5815,-1.9745,1,0
2023-08-10,sh.600183,151.02863166,155.84033709,149.75205675,154.85835639,151.12682973,27939804,437697095.7,1.189,2.4691,1,0
2023-08-11,sh.600183,155.25114867,155.64394095,149.35926447,149.45746254,154.85835639,16710704,258469171.28,0.7112,-3.4876,1,0
2023-08-14,sh.600183,148.77007605,151.12682973,146.11872816,149.2610664,149.45746254,13758300,207210285.2,0.5855,-0.1314,1,0
2023-08-15,sh.600183,149.55566061,152.30520657,146.51152044,147.78809535,149.2610664,10250228,155663886.99,0.4362,-0.9868,1,0
2023-08-16,sh.600183,147.78809535,148.37728377,144.64575711,144.64575711,147.78809535,6830736,101608357.87,0.2907,-2.1262,1,0
2023-08-17,sh.600183,144.54755904,147.297105,142.68179571,145.82413395,144.64575711,9974207,148020308.65,0.4245,0.8147,1,0
2023-08-18,sh.600183,145.82413395,147.49350114,141.89621115,141.89621115,145.82413395,9457015,138447486.35,0.4025,-2.6936,1,0
2023-08-21,sh.600183,141.4052208,143.07458799,140.03044782,140.22684396,141.89621115,10049627,144640803.92,0.4277,-1.1765,1,0
2023-08-22,sh.600183,141.50341887,145.3331436,140.52143817,145.03854939,140.22684396,14311849,207920472.61,0.6091,3.4314,1,0
2023-08-23,sh.600183,145.23494553,145.23494553,139.93224975,140.22684396,145.03854939,10343290,149021893.65,0.4402,-3.3175,1,0
2023-08-24,sh.600183,140.91423045,141.69981501,137.57549607,139.4412594,140.22684396,13527980,192312479.91,0.5757,-0.5602,1,0
2023-08-25,sh.600183,138.65567484,139.73585361,136.88810958,138.16468449,139.4412594,9101923,128089099.44,0.3874,-0.9155,1,0
2023-08-28,sh.600183,145.03854939,146.60971851,139.04846712,139.53945747,138.16468449,12737413,183707971.66,0.5421,0.995,1,0
2023-08-29,sh.600183,139.63765554,144.44936097,138.4592787,143.17278606,139.53945747,12605274,182340078.6,0.5364,2.6038,1,0
2023-08-30,sh.600183,144.84215325,148.77007605,144.05656869,146.41332237,143.17278606,15903761,237530733.7,0.6768,2.2634,1,0
2023-08-31,sh.600183,145.72593588,147.297105,144.3511629,145.52953974,146.41332237,10592039,157170459.4,0.4508,-0.6036,1,0
2023-09-01,sh.600183,145.92233202,146.80611465,144.64575711,145.13674746,145.52953974,7211000,106947018.0,0.3069,-0.2699,1,0
2023-09-04,sh.600183,145.52953974,150.53764131,145.52953974,150.2430471,145.13674746,18852063,285670876.77,0.8023,3.5183,1,0
2023-09-05,sh.600183,150.73403745,153.38538534,149.75205675,151.42142394,150.2430471,15739138,243466481.33,0.6698,0.7843,1,0
2023-09-06,sh.600183,150.53764131,153.58178148,150.14484903,153.1889892,151.42142394,9850966,152677920.06,0.4192,1.1673,1,0
2023-09-07,sh.600183,152.40340464,152.59980078,149.94845289,150.43944324,153.1889892,11368107,174776670.83,0.4838,-1.7949,1,0
2023-09-08,sh.600183,149.75205675,151.61782008,149.2610664,150.83223552,150.43944324,5156674,79140041.22,0.2195,0.2611,1,0
2023-09-11,sh.600183,151.12682973,153.38538534,150.53764131,152.2070085,150.83223552,19007370,294836427.0,0.8089,0.9115,1,0
2023-09-12,sh.600183,152.2070085,154.66196025,151.32322587,151.51962201,152.2070085,7533640,117030146.04,0.3206,-0.4516,1,0
2023-09-13,sh.600183,151.71601815,151.81421622,148.2790857,149.85025482,151.51962201,9704796,147725911.36,0.413,-1.1017,1,0
2023-09-14,sh.600183,149.06467026,151.51962201,149.06467026,150.04665096,149.85025482,7629031,116666430.74,0.3247,0.1311,1,0
2023-09-15,sh.600183,150.04665096,150.93043359,148.47548184,150.04665096,150.04665096,11193798,170868434.16,0.4764,0.0,1,0
2023-09-18,sh.600183,149.45746254,150.34124517,148.08268956,149.06467026,150.04665096,7890780,119865704.0,0.3358,-0.6545,1,0
2023-09-19,sh.600183,149.45746254,149.45746254,146.80611465,148.86827412,149.06467026,7622335,115244980.73,0.3244,-0.1318,1,0
2023-09-20,sh.600183,148.18088763,150.43944324,147.19890693,149.75205675,148.86827412,14483849,219830772.83,0.6164,0.5937,1,0
2023-09-21,sh.600183,148.86827412,151.42142394,148.37728377,149.75205675,149.75205675,18652607,285236512.11,0.7938,0.0,1,0
2023-09-22,sh.600183,149.94845289,153.09079113,149.06467026,150.43944324,149.75205675,14129675,216962691.95,0.6013,0.459,1,0
2023-09-25,sh.600183,150.43944324,151.32322587,147.78809535,149.65385868,150.43944324,11625752,176751313.72,0.4948,-0.5222,1,0
2023-09-26,sh.600183,149.55566061,150.43944324,146.3151243,146.70791658,149.65385868,12249752,183973046.94,0.5213,-1.9685,1,0
2023-09-27,sh.600183,147.00251079,147.78809535,145.52953974,145.52953974,146.70791658,15901935,237398290.78,0.6767,-0.8032,1,0
2023-09-28,sh.600183,146.02053009,151.32322587,145.52953974,150.83223552,145.52953974,19292124,293416672.38,0.821,3.6437,1,0
2023-10-09,sh.600183,150.73403745,151.61782008,148.77007605,150.2430471,150.83223552,12443507,190174840.95,0.5291,-0.3906,1,0
2023-10-10,sh.600183,150.04665096,152.50160271,149.75205675,151.81421622,150.2430471,11411258,175824700.16,0.4852,1.0458,1,0
2023-10-11,sh.600183,151.61782008,157.70610042,151.2250278,156.52772358,151.81421622,23063595,364416762.26,0.9807,3.1048,1,0
2023-10-12,sh.600183,157.01871393,164.9727576,156.62592165,161.73222129,156.52772358,38721636,636191778.1,1.6466,3.325,1,0
2023-10-13,sh.600183,161.14303287,170.07905724,160.55384445,165.9547383,161.73222129,49866076,843452938.96,2.1205,2.6108,1,0
2023-10-16,sh.600183,166.936719,167.32951128,164.28537111,165.85654023,165.9547383,29011198,489657188.58,1.2336,-0.0592,1,0
2023-10-17,sh.600183,165.66014409,166.74032286,161.14303287,162.71420199,165.85654023,24066076,399245737.49,1.0234,-1.8946,1,0
2023-10-18,sh.600183,163.10699427,163.10699427,159.47366568,161.83041936,162.71420199,14519150,238600372.55,0.6174,-0.5432,1,0
2023-10-19,sh.600183,160.16105217,163.30339041,160.0628541,160.55384445,161.83041936,12910315,212543700.72,0.549,-0.7888,1,0
2023-10-20,sh.600183,160.45564638,161.73222129,157.21511007,158.00069463,160.55384445,12303590,199631454.45,0.5232,-1.5902,1,0
2023-10-23,sh.600183,157.70610042,160.0628541,156.23312937,159.0808734,158.00069463,14306405,230209573.53,0.6084,0.6837,1,0
2023-10-24,sh.600183,158.29528884,164.9727576,157.60790235,162.12501357,159.0808734,27976900,461915354.9,1.1897,1.9136,1,0
2023-10-25,sh.600183,162.32140971,163.79438076,160.55384445,162.0268155,162.12501357,13603620,224463131.32,0.5785,-0.0606,1,0
2023-10-26,sh.600183,160.55384445,161.83041936,157.116912,159.76825989,162.0268155,21950100,355355724.54,0.9334,-1.3939,1,0
2023-10-27,sh.600183,160.45564638,169.39167075,160.35744831,168.21329391,159.76825989,38020714,646764034.92,1.6168,5.2858,1,0
2023-10-30,sh.600183,168.21329391,176.46193179,168.21329391,175.18535688,168.21329391,33878066,598581976.94,1.4406,4.1448,1,0
2023-10-31,sh.600183,175.18535688,176.756526,172.33761285,172.73040513,175.18535688,15613051,275769024.42,0.6639,-1.4013,1,0
2023-11-01,sh.600183,172.63220706,175.38175302,170.66824566,171.06103794,172.73040513,17347678,304861764.58,0.7377,-0.9665,1,0
2023-11-02,sh.600183,171.25743408,171.74842443,168.21329391,168.70428426,171.06103794,13590931,234942141.66,0.5779,-1.3777,1,0
2023-11-03,sh.600183,168.50788812,174.30157425,168.40969005,171.55202829,168.70428426,16742679,292856225.16,0.7119,1.688,1,0
2023-11-06,sh.600183,172.8286032,178.03310091,169.8826611,174.30157425,171.55202829,29814668,528952924.73,1.2678,1.6027,1,0
2023-11-07,sh.600183,174.69436653,176.26553565,172.23941478,174.00698004,174.30157425,19486556,344548129.2,0.8286,-0.169,1,0
2023-11-08,sh.600183,173.8105839,175.67634723,172.04301864,173.02499934,174.00698004,12397393,219276554.73,0.5272,-0.5643,1,0
2023-11-09,sh.600183,173.12319741,174.7925646,171.74842443,172.53400899,173.02499934,17413918,306768730.49,0.7405,-0.2838,1,0
2023-11-10,sh.600183,171.94482057,173.61418776,171.15923601,172.73040513,172.53400899,13536109,237291587.92,0.5756,0.1138,1,0
2023-11-13,sh.600183,172.53400899,173.8105839,170.07905724,171.15923601,172.73040513,13181789,230421603.29,0.5605,-0.9096,1,0
2023-11-14,sh.600183,171.74842443,174.89076267,171.25743408,173.41779162,171.15923601,16289183,287510955.92,0.6927,1.3196,1,0
2023-11-15,sh.600183,175.57814916,179.11327968,172.53400899,174.10517811,173.41779162,14003200,249181694.27,0.5955,0.3964,1,0
2023-11-16,sh.600183,173.51598969,174.7925646,171.8466225,171.94482057,174.10517811,9904278,174464627.09,0.4212,-1.2408,1,0
2023-11-17,sh.600183,171.65022636,172.92680127,171.15923601,172.53400899,171.94482057,7367400,129076921.5,0.3133,0.3427,1,0
2023-11-20,sh.600183,172.43581092,173.61418776,167.9186997,168.21329391,172.53400899,19660767,340150572.52,0.836,-2.5043,1,0
2023-11-21,sh.600183,169.19527461,169.8826611,166.44572865,166.83852093,168.21329391,21243138,362152462.06,0.9033,-0.8173,1,0
2023-11-22,sh.600183,166.34753058,168.11509584,165.56194602,165.56194602,166.83852093,11522920,195579400.95,0.49,-0.7652,1,0
2023-11-23,sh.600183,165.56194602,168.70428426,165.26735181,168.01689777,165.56194602,8058745,137454924.43,0.3427,1.4828,1,0
2023-11-24,sh.600183,167.52590742,168.31149198,164.67816339,165.36554988,168.01689777,11500269,194021943.63,0.489,-1.578,1,0
2023-11-27,sh.600183,165.07095567,168.21329391,164.48176725,167.23131321,165.36554988,15540389,263644514.94,0.6608,1.1283,1,0
2023-11-28,sh.600183,166.936719,170.07905724,166.05293637,168.21329391,167.23131321,10907542,186674458.5,0.4638,0.5872,1,0
2023-11-29,sh.600183,168.60608619,171.06103794,167.9186997,168.70428426,168.21329391,9897854,170628354.08,0.4209,0.2919,1,0
2023-11-30,sh.600183,168.60608619,168.60608619,165.56194602,168.21329391,168.70428426,9333302,159178265.62,0.3969,-0.291,1,0
2023-12-01,sh.600183,167.9186997,169.19527461,166.05293637,168.70428426,168.21329391,9773031,166857793.56,0.4156,0.2919,1,0
2023-12-04,sh.600183,168.40969005,169.58806689,165.56194602,165.75834216,168.70428426,9924893,168216386.93,0.422,-1.7462,1,0
2023-12-05,sh.600183,165.75834216,166.15113444,162.32140971,162.41960778,165.75834216,9536599,159220871.27,0.4055,-2.0142,1,0
2023-12-06,sh.600183,162.0268155,163.9907769,161.63402322,162.71420199,162.41960778,7432438,123094557.59,0.316,0.1814,1,0
2023-12-07,sh.600183,162.0268155,163.89257883,161.24123094,162.91059813,162.71420199,9192202,152094444.99,0.3909,0.1207,1,0
2023-12-08,sh.600183,162.91059813,167.42770935,162.71420199,165.75834216,162.91059813,11905001,201410870.18,0.5062,1.748,1,0
2023-12-11,sh.600183,164.48176725,169.8826611,162.61600392,168.70428426,165.75834216,14296609,242284780.9,0.6079,1.7773,1,0
2023-12-12,sh.600183,168.70428426,169.8826611,167.72230356,169.39167075,168.70428426,11638004,200201815.78,0.4949,0.4075,1,0
2023-12-13,sh.600183,169.39167075,186.37993686,166.83852093,181.96102371,169.39167075,64265511,1168576234.54,2.7328,7.4203,1,0
2023-12-14,sh.600183,177.7385067,185.5943523,174.49797039,176.756526,181.96102371,60516869,1103692115.63,2.5734,-2.8602,1,0
2023-12-15,sh.600183,176.756526,178.7204874,172.33761285,174.59616846,176.756526,25660293,456172103.71,1.0912,-1.2222,1,0
2023-12-18,sh.600183,173.41779162,176.46193179,172.14121671,174.89076267,174.59616846,22171560,395148960.88,0.9428,0.1687,1,0
2023-12-19,sh.600183,175.18535688,181.37183529,173.31959355,180.29165652,174.89076267,26519098,481811311.4,1.1277,3.0882,1,0
2023-12-20,sh.600183,180.19345845,180.19345845,175.18535688,175.38175302,180.29165652,15162685,272943595.8,0.6448,-2.7233,1,0
2023-12-21,sh.600183,174.7925646,178.7204874,173.31959355,177.34571442,175.38175302,14372957,257943377.63,0.6112,1.1198,1,0
2023-12-22,sh.600183,177.44391249,178.42589319,173.90878197,175.57814916,177.34571442,10770035,192852633.31,0.458,-0.9967,1,0
2023-12-25,sh.600183,174.7925646,176.65832793,173.41779162,176.36373372,175.57814916,9864625,175603685.35,0.4195,0.4474,1,0
2023-12-26,sh.600183,175.38175302,175.38175302,170.27545338,171.94482057,176.36373372,11784681,206276429.21,0.5011,-2.5056,1,0
2023-12-27,sh.600183,171.74842443,175.7745453,171.74842443,174.89076267,171.94482057,9518357,168817704.53,0.4047,1.7133,1,0
2023-12-28,sh.600183,175.57814916,177.05112021,174.00698004,176.65832793,174.89076267,14586587,261366913.35,0.6203,1.0107,1,0
2023-12-29,sh.600183,177.05112021,180.6844488,176.85472407,179.80066617,176.65832793,14898203,272475110.63,0.6335,1.7788,1,0
2024-01-02,sh.600183,179.99706231,180.19345845,174.7925646,175.67634723,179.80066617,15955503,287133991.15,0.6776,-2.2938,1,0
2024-01-03,sh.600183,175.38175302,175.57814916,170.37365145,172.04301864,175.67634723,15566611,273244200.38,0.6611,-2.0682,1,0
2024-01-04,sh.600183,171.45383022,171.74842443,167.9186997,169.39167075,172.04301864,15134029,260940079.01,0.6427,-1.5411,1,0
2024-01-05,sh.600183,167.9186997,169.8826611,165.46374795,166.74032286,169.39167075,11543217,197064981.55,0.4902,-1.5652,1,0
2024-01-08,sh.600183,165.85654023,166.44572865,162.0268155,162.41960778,166.74032286,12357809,205724679.08,0.5248,-2.5913,1,0
2024-01-09,sh.600183,162.61600392,167.72230356,162.61600392,165.46374795,162.41960778,10684384,179788086.29,0.4538,1.8742,1,0
2024-01-10,sh.600183,164.87455953,165.66014409,161.43762708,162.0268155,165.46374795,12834155,213242265.66,0.5451,-2.0772,1,0
2024-01-11,sh.600183,161.14303287,166.44572865,161.14303287,164.57996532,162.0268155,10474227,175838723.54,0.4448,1.5758,1,0
2024-01-12,sh.600183,163.79438076,164.48176725,160.75024059,161.33942901,164.57996532,11203111,184968967.65,0.4758,-1.969,1,0
2024-01-15,sh.600183,160.84843866,172.53400899,160.84843866,170.96283987,161.33942901,29142035,500612372.79,1.2376,5.9647,1,0
2024-01-16,sh.600183,171.8466225,172.14121671,166.74032286,169.58806689,170.96283987,12217787,210595096.04,0.5189,-0.8041,1,0
2024-01-17,sh.600183,169.58806689,170.07905724,161.14303287,161.14303287,169.58806689,13390863,224082930.2,0.5687,-4.9797,1,0
2024-01-18,sh.600183,160.45564638,163.69618269,155.74213902,162.71420199,161.14303287,16060856,260737356.61,0.6821,0.975,1,0
2024-01-19,sh.600183,162.91059813,169.09707654,162.61600392,163.79438076,162.71420199,15450256,260226225.89,0.6562,0.6639,1,0
2024-01-22,sh.600183,164.9727576,165.66014409,157.21511007,158.58988305,163.79438076,15490951,254671602.68,0.6579,-3.1775,1,0
2024-01-23,sh.600183,158.49168498,159.0808734,155.34934674,156.92051586,158.58988305,10980695,175525600.61,0.4663,-1.0526,1,0
2024-01-24,sh.600183,157.116912,158.58988305,151.32322587,155.44754481,156.92051586,13844430,217147503.88,0.588,-0.9387,1,0
2024-01-25,sh.600183,155.93853516,163.49978655,152.69799885,162.22321164,155.44754481,15712717,256680655.08,0.6673,4.3588,1,0
2024-01-26,sh.600183,161.14303287,162.12501357,150.04665096,153.28718727,162.22321164,34626506,538443642.92,1.4706,-5.5085,1,0
2024-01-29,sh.600183,151.81421622,157.70610042,151.32322587,153.38538534,153.28718727,17459081,272556546.03,0.7415,0.0641,1,0
2024-01-30,sh.600183,150.04665096,150.14484903,143.76197448,144.64575711,153.38538534,33880816,505183762.85,1.4389,-5.6978,1,0
2024-01-31,sh.600183,143.95837062,146.11872816,140.32504203,140.91423045,144.64575711,15705893,227720855.36,0.667,-2.5798,1,0
2024-02-01,sh.600183,139.4412594,145.23494553,137.57549607,143.86017255,140.91423045,18915007,274375949.89,0.8033,2.0906,1,0
2024-02-02,sh.600183,143.86017255,146.60971851,133.25478099,136.98630765,143.86017255,18150304,257329097.26,0.7708,-4.7782,1,0
2024-02-05,sh.600183,137.477298,138.26288256,128.6394717,135.02234625,136.98630765,24595902,335196401.95,1.0446,-1.4337,1,0
2024-02-06,sh.600183,134.82595011,145.13674746,132.96018678,144.25296483,135.02234625,20697192,296576557.2,0.879,6.8364,1,0
2024-02-07,sh.600183,144.74395518,148.2790857,141.50341887,144.25296483,144.25296483,22923971,338261917.49,0.9736,0.0,1,0
2024-02-08,sh.600183,144.15476676,149.2610664,143.3691822,147.297105,144.25296483,19213627,287514142.43,0.816,2.1103,1,0
2024-02-19,sh.600183,150.2430471,154.36736604,146.51152044,153.97457376,147.297105,23338124,359994527.62,0.9912,4.5333,1,0
2024-02-20,sh.600183,153.77817762,153.77817762,148.67187798,151.02863166,153.97457376,10973099,168541202.55,0.466,-1.9133,1,0
2024-02-21,sh.600183,148.67187798,154.56376218,148.2790857,152.89439499,151.02863166,12373642,192588871.33,0.5255,1.2354,1,0
2024-02-22,sh.600183,153.97457376,158.98267533,152.99259306,157.90249656,152.89439499,13523335,216518179.55,0.5743,3.2755,1,0
2024-02-23,sh.600183,159.27726954,161.33942901,157.116912,159.96465603,157.90249656,13183937,214563159.23,0.5599,1.306,1,0
2024-02-26,sh.600183,160.84843866,164.18717304,158.88447726,161.73222129,159.96465603,14973696,247155354.85,0.6359,1.105,1,0
2024-02-27,sh.600183,161.53582515,168.01689777,160.75024059,167.9186997,161.73222129,14627956,246280028.79,0.6212,3.8251,1,0
2024-02-28,sh.600183,166.74032286,170.17725531,160.55384445,160.75024059,167.9186997,20176925,337473141.16,0.8569,-4.269,1,0
2024-02-29,sh.600183,163.59798462,169.48986882,162.91059813,168.40969005,160.75024059,19648859,334223237.19,0.8345,4.7648,1,0
2024-03-01,sh.600183,167.82050163,172.23941478,167.42770935,170.76644373,168.40969005,16395681,285067863.85,0.6963,1.3994,1,0
2024-03-04,sh.600183,170.8646418,174.10517811,169.68626496,170.66824566,170.76644373,19019010,332664608.52,0.8077,-0.0575,1,0
2024-03-05,sh.600183,170.17725531,174.00698004,168.21329391,170.8646418,170.66824566,18651029,325196224.62,0.7921,0.1151,1,0
2024-03-06,sh.600183,170.27545338,171.74842443,167.42770935,170.07905724,170.8646418,12177591,210507501.94,0.5172,-0.4598,1,0
2024-03-07,sh.600183,171.06103794,175.08715881,167.42770935,168.01689777,170.07905724,17353361,302489196.97,0.737,-1.2125,1,0
2024-03-08,sh.600183,169.19527461,177.64030863,168.60608619,175.7745453,168.01689777,23353515,413100111.41,0.9918,4.6172,1,0
2024-03-11,sh.600183,171.8466225,174.20337618,169.68626496,174.10517811,175.7745453,16055354,281121327.76,0.6819,-0.9497,1,0
2024-03-12,sh.600183,173.51598969,175.87274337,169.68626496,172.73040513,174.10517811,16036410,282011041.48,0.6811,-0.7896,1,0
2024-03-13,sh.600183,174.98896074,179.60427003,170.96283987,177.05112021,172.73040513,23200855,416987583.07,0.9853,2.5014,1,0
2024-03-14,sh.600183,177.7385067,177.7385067,169.8826611,171.06103794,177.05112021,23346913,408875073.73,0.9915,-3.3833,1,0
2024-03-15,sh.600183,170.8646418,171.8466225,167.9186997,171.65022636,171.06103794,16402580,283822770.56,0.6966,0.3444,1,0
2024-03-18,sh.600183,172.04301864,182.6484102,172.04301864,181.17543915,171.65022636,37970753,693689097.82,1.6126,5.5492,1,0
2024-03-19,sh.600183,180.38985459,181.37183529,176.56012986,176.756526,181.17543915,16663170,302687225.92,0.7077,-2.439,1,0
2024-03-20,sh.600183,178.13129898,186.96912528,178.13129898,186.28173879,176.756526,46011362,859488100.25,1.9541,5.3889,1,0
2024-03-21,sh.600183,184.41597546,186.47813493,179.21147775,179.7024681,186.28173879,26481512,489754223.04,1.1247,-3.5319,1,0
2024-03-22,sh.600183,179.60427003,181.47003336,176.756526,178.62228933,179.7024681,15366493,280107716.32,0.6526,-0.6011,1,0
2024-03-25,sh.600183,178.13129898,179.80066617,174.00698004,174.59616846,178.62228933,16860785,304435293.35,0.7161,-2.254,1,0
2024-03-26,sh.600183,175.7745453,177.7385067,171.8466225,174.39977232,174.59616846,13660770,242656126.69,0.5802,-0.1125,1,0
2024-03-27,sh.600183,171.8466225,173.41779162,167.32951128,168.01689777,174.39977232,18597812,319926455.71,0.7898,-3.6599,1,0
2024-03-28,sh.600183,168.01689777,174.39977232,167.32951128,172.23941478,168.01689777,12255327,214320848.12,0.5205,2.5132,1,0
2024-03-29,sh.600183,171.55202829,171.8466225,167.32951128,169.19527461,172.23941478,20530549,352634964.84,0.8719,-1.7674,1,0
2024-04-01,sh.600183,169.8826611,175.47995109,165.07095567,173.31959355,169.19527461,21851302,382137137.12,0.928,2.4376,1,0
2024-04-02,sh.600183,174.00698004,174.30157425,165.9547383,167.42770935,173.31959355,16886362,290543382.42,0.7163,-3.3994,1,0
2024-04-03,sh.600183,167.52590742,169.09707654,165.16915374,165.75834216,167.42770935,13692582,232264019.3,0.5808,-0.9971,1,0
2024-04-08,sh.600183,164.9727576,166.15113444,162.12501357,162.32140971,165.75834216,10339454,172211475.12,0.4386,-2.0735,1,0
2024-04-09,sh.600183,162.51780585,163.59798462,159.0808734,162.12501357,162.32140971,12410842,203484646.98,0.5264,-0.121,1,0
2024-04-10,sh.600183,162.41960778,162.81240006,154.46556411,155.44754481,162.12501357,23831169,380014490.11,1.0108,-4.1187,1,0
2024-04-11,sh.600183,154.76015832,157.60790235,152.99259306,154.1709699,155.44754481,19039587,300709200.71,0.8076,-0.8212,1,0
2024-04-12,sh.600183,154.1709699,164.18717304,154.1709699,160.35744831,154.1709699,25975935,423924454.69,1.1018,4.0127,1,0
2024-04-15,sh.600183,159.57186375,161.0448348,156.92051586,159.76825989,160.35744831,17386091,281665922.98,0.7375,-0.3674,1,0
2024-04-16,sh.600183,159.0808734,160.75024059,153.48358341,153.67997955,159.76825989,20557128,326446266.99,0.872,-3.8107,1,0
2024-04-17,sh.600183,155.1529506,161.14303287,155.1529506,160.94663673,153.67997955,21564572,349472894.6,0.9147,4.7284,1,0
2024-04-18,sh.600183,160.94663673,164.9727576,157.60790235,162.61600392,160.94663673,21891934,362161336.66,0.9286,1.0372,1,0
2024-04-19,sh.600183,162.32140971,163.49978655,157.90249656,160.45564638,162.61600392,18867476,307328094.58,0.8003,-1.3285,1,0
2024-04-22,sh.600183,157.31330814,159.37546761,153.77817762,157.31330814,160.45564638,15961197,255448533.68,0.677,-1.9584,1,0
2024-04-23,sh.600183,157.70610042,159.86645796,153.67997955,154.66196025,157.31330814,14307848,226006527.56,0.6069,-1.6854,1,0
2024-04-24,sh.600183,156.03673323,159.96465603,154.1709699,159.47366568,154.66196025,16472825,264266548.45,0.6987,3.1111,1,0
2024-04-25,sh.600183,159.17907147,163.79438076,157.90249656,160.25925024,159.47366568,14531817,238664259.65,0.6164,0.4926,1,0
2024-04-26,sh.600183,161.14303287,167.32951128,160.45564638,165.26735181,160.25925024,19050571,320107511.05,0.8081,3.125,1,0
2024-04-29,sh.600183,176.06913951,181.76462757,175.7745453,181.76462757,165.26735181,60810093,1121305877.74,2.5794,9.9822,1,0
2024-04-30,sh.600183,184.6123716,192.4682172,182.6484102,190.99524615,181.76462757,75363646,1452584960.54,3.1967,5.0783,1,0
2024-05-06,sh.600183,194.53037667,195.90514965,188.83488861,192.37001913,190.99524615,42703354,834649585.96,1.8113,0.7198,1,0
2024-05-07,sh.600183,193.64659404,202.97541069,191.4862365,200.61865701,192.37001913,60125915,1222334992.16,2.5503,4.2879,1,0
2024-05-08,sh.600183,200.3240628,200.3240628,195.51235737,196.10154579,200.61865701,25602626,515614302.77,1.086,-2.2516,1,0
2024-05-09,sh.600183,196.98532842,198.75289368,194.4321786,196.59253614,196.10154579,26091986,522131702.43,1.1067,0.2504,1,0
2024-05-10,sh.600183,196.88713035,197.96730912,191.28984036,195.4141593,196.59253614,24496819,483957124.72,1.0391,-0.5994,1,0
2024-05-13,sh.600183,196.39614,203.17180683,194.4321786,198.55649754,195.4141593,27317025,554372085.09,1.1587,1.608,1,0
2024-05-14,sh.600183,198.94928982,201.20784543,195.4141593,197.96730912,198.55649754,15763316,317280918.25,0.6686,-0.2967,1,0
2024-05-15,sh.600183,198.3601014,202.87721262,197.08352649,198.06550719,197.96730912,21070281,429349982.23,0.8937,0.0496,1,0
2024-05-16,sh.600183,201.99342999,205.52856051,199.83307245,201.50243964,198.06550719,28417569,586908557.33,1.2054,1.7353,1,0
2024-05-17,sh.600183,199.63667631,202.2880242,197.3781207,202.09162806,201.50243964,15743732,321067644.72,0.6678,0.2924,1,0
2024-05-20,sh.600183,201.3060435,208.1799084,200.42226087,206.41234314,202.09162806,28894146,603368802.31,1.222,2.138,1,0
2024-05-21,sh.600183,210.24206787,211.61684085,203.07360876,204.64477788,206.41234314,27343927,573754582.5,1.1564,-0.8563,1,0
2024-05-22,sh.600183,204.74297595,205.03757016,199.14568596,199.63667631,204.64477788,26687870,546179287.68,1.1287,-2.4472,1,0
2024-05-23,sh.600183,200.61865701,205.2339663,198.55649754,200.42226087,199.63667631,28093658,575444891.6,1.1881,0.3935,1,0
2024-05-24,sh.600183,200.72348805,205.2420258,197.8115415,198.815661,200.4222522,15060293,301593621.23,0.6369,-0.8016,1,0
2024-05-27,sh.600183,199.71936855,202.832139,196.90783395,202.33007925,198.815661,17714999,353402074.98,0.7492,1.7677,1,0
2024-05-28,sh.600183,201.4263717,202.4304912,198.815661,199.0164849,202.33007925,12222096,243545697.59,0.5169,-1.6377,1,0
2024-05-29,sh.600183,199.8197805,201.8280195,198.4140132,201.4263717,199.0164849,13789131,275398330.5,0.5832,1.2109,1,0
2024-05-30,sh.600183,200.0206044,203.13337485,197.2090698,200.32184025,201.4263717,11083721,221315566.67,0.4687,-0.5484,1,0
2024-05-31,sh.600183,200.92431195,204.0370824,198.2131893,198.6148371,200.32184025,14780943,295632325.54,0.6251,-0.8521,1,0
2024-06-03,sh.600183,198.6148371,207.55150065,198.6148371,202.53090315,198.6148371,24885753,504262285.94,1.0525,1.9717,1,0
2024-06-04,sh.600183,201.8280195,204.840378,199.51854465,203.73584655,202.53090315,16719217,336411554.2,0.7071,0.5949,1,0
2024-06-05,sh.600183,204.33831825,207.0494409,203.8362585,204.4387302,203.73584655,14554647,298165015.1,0.6155,0.345,1,0
2024-06-06,sh.600183,206.4469692,212.57209815,200.92431195,201.4263717,204.4387302,31387740,644785657.84,1.3274,-1.4735,1,0
2024-06-07,sh.600183,200.8239,204.840378,197.6107176,199.8197805,201.4263717,20110691,401474215.29,0.8505,-0.7976,1,0
2024-06-11,sh.600183,197.6107176,204.840378,197.2090698,202.33007925,199.8197805,17712033,356598360.36,0.7491,1.2563,1,0
2024-06-12,sh.600183,200.2214283,206.4469692,200.0206044,202.4304912,202.33007925,12512219,253332262.24,0.5292,0.0496,1,0
2024-06-13,sh.600183,204.2379063,207.55150065,201.6271956,203.93667045,202.4304912,20777594,423525188.41,0.8787,0.744,1,0
2024-06-14,sh.600183,203.8362585,218.59681515,202.4304912,215.6848686,203.93667045,45236513,959243928.88,1.9131,5.7607,1,0
2024-06-17,sh.600183,216.58857615,220.3038183,212.2708623,215.0823969,215.6848686,36936936,793828203.8,1.5621,-0.2793,1,0
2024-06-18,sh.600183,214.881573,218.6972271,213.0741579,215.2832208,215.0823969,24279143,521332869.76,1.0268,0.0934,1,0
2024-06-19,sh.600183,216.889812,217.39187175,203.8362585,205.2420258,215.2832208,40213991,829338323.92,1.7007,-4.6642,1,0
2024-06-20,sh.600183,204.33831825,207.35067675,203.4346107,205.4428497,205.2420258,24353139,499209919.97,1.0299,0.0978,1,0
2024-06-21,sh.600183,203.13337485,206.6477931,198.71524905,205.8444975,205.4428497,27243997,553921504.56,1.1522,0.1955,1,0
2024-06-24,sh.600183,203.73584655,212.4716862,203.73584655,206.2461453,205.8444975,30682221,637426831.95,1.2976,0.1951,1,0
2024-06-25,sh.600183,206.4469692,207.2502648,197.2090698,199.6189566,206.2461453,29767797,595118723.49,1.2589,-3.2132,1,0
2024-06-26,sh.600183,201.2255478,206.34655725,198.31360125,205.4428497,199.6189566,16245228,327199783.62,0.687,2.9175,1,0
2024-06-27,sh.600183,204.33831825,209.8609755,202.832139,204.0370824,205.4428497,21588244,442169642.86,0.913,-0.6843,1,0
2024-06-28,sh.600183,202.832139,215.18280885,202.4304912,211.4675667,204.0370824,33317879,701786882.73,1.4091,3.6417,1,0
2024-07-01,sh.600183,209.35891575,210.865095,195.10041885,202.2296673,211.4675667,36248931,725666605.36,1.533,-4.3685,1,0
2024-07-02,sh.600183,202.832139,205.14161385,200.0206044,203.53502265,202.2296673,25629157,518290947.11,1.0808,0.6455,1,0
2024-07-03,sh.600183,203.93667045,207.4510887,201.92843145,203.13337485,203.53502265,13448854,273060107.24,0.5671,-0.1973,1,0
2024-07-04,sh.600183,204.33831825,208.35479625,202.73172705,203.93667045,203.13337485,19592582,401214467.83,0.8262,0.3955,1,0
2024-07-05,sh.600183,202.832139,203.73584655,195.0000069,201.12513585,203.93667045,25294578,499714391.76,1.0667,-1.3786,1,0
2024-07-08,sh.600183,201.0247239,204.13749435,199.8197805,201.92843145,201.12513585,19082850,384036728.82,0.8047,0.3994,1,0
2024-07-09,sh.600183,201.92843145,210.0617994,199.11689685,209.35891575,201.92843145,30848876,633560757.67,1.3009,3.6798,1,0
2024-07-10,sh.600183,214.881573,229.1400699,214.17868935,228.23636235,209.35891575,61767992,1375843013.4,2.6048,9.0168,1,0
2024-07-11,sh.600183,228.83883405,233.85943155,224.42070825,232.05201645,228.23636235,51799139,1185911965.37,2.1844,1.6718,1,0
2024-07-12,sh.600183,226.931007,231.44954475,223.5170007,229.03965795,232.05201645,30240552,687759245.08,1.2753,-1.2981,1,0
2024-07-15,sh.600183,229.03965795,230.44542525,223.7178246,227.63389065,229.03965795,22126635,499904206.89,0.9331,-0.6138,1,0
2024-07-16,sh.600183,226.83059505,237.7754976,225.82647555,237.27343785,227.63389065,44521388,1037065712.5,1.8775,4.2347,1,0
2024-07-17,sh.600183,236.06849445,240.48662025,228.43718625,229.1400699,237.27343785,34637367,805432936.0,1.4607,-3.4278,1,0
2024-07-18,sh.600183,224.922768,227.83471455,217.19104785,225.22400385,229.1400699,30718792,681432903.1,1.2954,-1.709,1,0
2024-07-19,sh.600183,224.62153215,227.7343026,222.41246925,223.41658875,225.22400385,16156174,361590886.9,0.6813,-0.8025,1,0
2024-07-22,sh.600183,225.42482775,225.9268875,221.00670195,223.3161768,223.41658875,19260644,427842476.09,0.8122,-0.0449,1,0
2024-07-23,sh.600183,223.41658875,224.01906045,217.8939315,217.8939315,223.3161768,18041144,394423555.56,0.7608,-2.4281,1,0
2024-07-24,sh.600183,216.78940005,221.40834975,214.4799252,215.58445665,217.8939315,19714955,426188192.5,0.8314,-1.0599,1,0
2024-07-25,sh.600183,212.77292205,213.2749818,205.34243775,208.35479625,215.58445665,25370926,525776004.88,1.0699,-3.3535,1,0
2024-07-26,sh.600183,207.14985285,210.4634472,204.6395541,206.74820505,208.35479625,23650701,487537324.96,0.9974,-0.7711,1,0
2024-07-29,sh.600183,209.0576799,210.6642711,202.93255095,203.2337868,206.74820505,19632173,401331041.67,0.8279,-1.6999,1,0
2024-07-30,sh.600183,203.13337485,203.13337485,193.29300375,193.69465155,203.2337868,30026456,587753738.08,1.2662,-4.6937,1,0
2024-07-31,sh.600183,193.49382765,199.71936855,187.26828675,196.30536225,193.69465155,40780735,787989043.67,1.7197,1.3478,1,0
2024-08-01,sh.600183,197.8115415,198.6148371,192.08806035,196.50618615,196.30536225,30295653,591147271.04,1.2776,0.1023,1,0
2024-08-02,sh.600183,192.790944,195.70289055,188.9752899,189.47734965,196.50618615,24872349,474300861.38,1.0489,-3.5769,1,0
2024-08-05,sh.600183,186.86663895,189.3769377,181.5448056,181.7456295,189.47734965,24788973,456207665.69,1.0454,-4.0806,1,0
2024-08-06,sh.600183,183.65345655,186.9670509,181.64521755,184.757988,181.7456295,21677340,396657274.65,0.9141,1.6575,1,0
2024-08-07,sh.600183,183.5530446,187.1678748,182.5489251,184.85839995,184.757988,12798560,236441273.62,0.5397,0.0543,1,0
2024-08-08,sh.600183,182.64933705,184.65757605,180.23945025,183.1513968,184.85839995,12845719,233598328.98,0.5417,-0.9234,1,0
2024-08-09,sh.600183,184.757988,190.07982135,184.3563402,187.26828675,183.1513968,18107601,337904244.11,0.7636,2.2478,1,0
2024-08-12,sh.600183,185.7621075,188.5736421,183.85428045,185.05922385,187.26828675,14600459,270019549.36,0.6157,-1.1796,1,0
2024-08-13,sh.600183,185.05922385,189.7785855,184.757988,188.9752899,185.05922385,14063736,262436800.99,0.5931,2.1161,1,0
2024-08-14,sh.600183,189.7785855,190.5818811,186.26416725,187.7703465,188.9752899,14922440,279721622.4,0.6293,-0.6376,1,0
2024-08-15,sh.600183,187.3686987,188.9752899,184.45675215,185.7621075,187.7703465,15304189,284356010.37,0.6454,-1.0695,1,0
2024-08-16,sh.600183,187.06746285,189.47734965,184.85839995,185.26004775,185.7621075,16234684,302802389.22,0.6846,-0.2703,1,0
2024-08-19,sh.600183,185.3604597,187.66993455,183.7538685,184.5571641,185.26004775,12667016,233777204.16,0.5342,-0.3794,1,0
2024-08-20,sh.600183,185.46087165,186.1637553,181.5448056,182.5489251,184.5571641,11195481,204135755.58,0.4721,-1.0881,1,0
2024-08-21,sh.600183,182.24768925,187.7703465,181.7456295,185.66169555,182.5489251,16599549,306925510.53,0.7,1.7052,1,0
2024-08-22,sh.600183,184.25592825,185.05922385,178.733271,180.5406861,185.66169555,20563132,371747785.15,0.8672,-2.7582,1,0
2024-08-23,sh.600183,180.03862635,182.749749,178.5324471,182.1472773,180.5406861,14529115,261357081.18,0.6127,0.8899,1,0
2024-08-26,sh.600183,182.749749,183.1513968,179.3357427,181.3439817,182.1472773,8775559,158480318.05,0.3701,-0.441,1,0
2024-08-27,sh.600183,180.84192195,181.1431578,176.62462005,177.62873955,181.3439817,12930169,229344636.16,0.5453,-2.0487,1,0
2024-08-28,sh.600183,181.1431578,184.05510435,177.02626785,177.7291515,177.62873955,18723788,335219390.92,0.7896,0.0565,1,0
2024-08-29,sh.600183,175.7209125,176.5242081,169.4953716,174.61638105,177.7291515,26429844,456739939.27,1.1146,-1.7514,1,0
2024-08-30,sh.600183,175.9217364,181.7456295,174.61638105,177.02626785,174.61638105,30737956,547228177.2,1.2962,1.3801,1,0
2024-09-02,sh.600183,177.7291515,181.04274585,173.21061375,174.21473325,177.02626785,21854360,383373126.44,0.9216,-1.5882,1,0
2024-09-03,sh.600183,173.7126735,177.9299754,173.7126735,176.9258559,174.21473325,21287040,373449803.13,0.8977,1.5562,1,0
2024-09-04,sh.600183,173.21061375,176.22297225,170.2986672,174.9176169,176.9258559,15417903,266052664.13,0.6502,-1.1351,1,0
2024-09-05,sh.600183,175.3192647,182.64933705,173.7126735,179.03450685,174.9176169,24028538,429033311.21,1.0133,2.3536,1,0
2024-09-06,sh.600183,178.733271,179.7373905,173.41143765,173.81308545,179.03450685,13859550,242218012.36,0.5845,-2.9164,1,0
2024-09-09,sh.600183,172.5077301,175.01802885,170.0978433,171.7044345,173.81308545,14333844,245009538.14,0.6045,-1.2132,1,0
2024-09-10,sh.600183,171.7044345,175.7209125,170.19825525,174.81720495,171.7044345,18366917,317793714.56,0.7745,1.8129,1,0
2024-09-11,sh.600183,174.5159691,175.9217364,171.5036106,172.5077301,174.81720495,10326320,178004527.63,0.4355,-1.3211,1,0
2024-09-12,sh.600183,175.62050055,176.82544395,169.8970194,169.8970194,172.5077301,14688932,251929253.41,0.6194,-1.5134,1,0
2024-09-13,sh.600183,169.99743135,175.5200886,169.2945477,171.5036106,169.8970194,13962471,240487497.52,0.5888,0.9456,1,0
2024-09-18,sh.600183,170.700315,171.40319865,167.0854848,168.19001625,171.5036106,12480419,209582174.9,0.5263,-1.9321,1,0
2024-09-19,sh.600183,169.6961955,170.39907915,165.57930555,167.0854848,168.19001625,20150295,336086008.13,0.8497,-0.6567,1,0
2024-09-20,sh.600183,166.683837,170.39907915,165.37848165,169.4953716,167.0854848,23863798,398899380.86,1.0063,1.4423,1,0
2024-09-23,sh.600183,168.692076,172.80896595,166.78424895,167.98919235,169.4953716,16240191,274466302.63,0.6849,-0.8886,1,0
2024-09-24,sh.600183,167.58754455,177.42791565,167.58754455,176.3233842,167.98919235,27212056,470869352.6,1.1475,4.9611,1,0
2024-09-25,sh.600183,177.7291515,182.44851315,175.62050055,176.1225603,176.3233842,36173134,645193017.02,1.5254,-0.1139,1,0
2024-09-26,sh.600183,175.62050055,181.44439365,173.21061375,181.44439365,176.1225603,33813865,595406775.34,1.4259,3.0217,1,0
2024-09-27,sh.600183,183.7538685,192.790944,183.5530446,192.69053205,181.44439365,20446414,384194025.1,0.8622,6.1981,1,0
2024-09-30,sh.600183,200.8239,210.36303525,196.50618615,209.2585038,192.69053205,52717485,1073032892.93,2.2231,8.5982,1,0
2024-10-08,sh.600183,230.1441894,230.1441894,210.865095,224.42070825,209.2585038,75527248,1659341006.39,3.185,7.2457,1,0
2024-10-09,sh.600183,215.8856925,218.19516735,203.6354346,204.6395541,224.42070825,55427501,1168801636.88,2.3374,-8.8143,1,0
2024-10-10,sh.600183,205.74408555,210.76468305,199.2173088,201.52678365,204.6395541,40041965,813440439.2,1.6886,-1.5211,1,0
2024-10-11,sh.600183,201.8280195,201.8280195,189.27652575,192.28888425,201.52678365,33356080,641760131.34,1.4066,-4.584,1,0
2024-10-14,sh.600183,190.9835289,197.6107176,187.5695226,197.4098937,192.28888425,30751954,592060647.63,1.2968,2.6632,1,0
2024-10-15,sh.600183,196.70701005,198.815661,191.7868245,192.28888425,197.4098937,36988688,721891440.54,1.5598,-2.5941,1,0
2024-10-16,sh.600183,189.47734965,191.7868245,186.06334335,187.9711704,192.28888425,26509797,497182624.55,1.1179,-2.2454,1,0
2024-10-17,sh.600183,189.7785855,191.9876484,186.9670509,187.66993455,187.9711704,21705751,409389615.86,0.9153,-0.1603,1,0
2024-10-18,sh.600183,186.46499115,200.0206044,186.46499115,195.90371445,187.66993455,49750065,960064449.62,2.098,4.3874,1,0
2024-10-21,sh.600183,199.11689685,203.73584655,193.3934157,198.71524905,195.90371445,57176390,1130336193.1,2.4111,1.4352,1,0
2024-10-22,sh.600183,200.4222522,201.52678365,194.89959495,199.31772075,198.71524905,31905571,629873512.53,1.3455,0.3032,1,0
2024-10-23,sh.600183,199.2173088,205.6436736,196.70701005,200.72348805,199.31772075,41220965,829036010.07,1.7383,0.7053,1,0
2024-10-24,sh.600183,198.91607295,202.53090315,197.8115415,199.11689685,200.72348805,24558673,487764419.11,1.0356,-0.8004,1,0
2024-10-25,sh.600183,199.8197805,201.92843145,197.8115415,200.52266415,199.11689685,26473071,526694387.32,1.1164,0.706,1,0
2024-10-28,sh.600183,200.6230761,200.72348805,193.5942396,198.0123654,200.52266415,32149003,630305656.36,1.3557,-1.2519,1,0
2024-10-29,sh.600183,199.8197805,209.0576799,198.0123654,204.4387302,198.0123654,66426199,1353180657.98,2.8012,3.2454,1,0
2024-10-30,sh.600183,205.0412019,206.848617,199.31772075,202.4304912,204.4387302,39943313,807064718.45,1.6844,-0.9823,1,0
2024-10-31,sh.600183,201.6271956,208.0535604,198.2131893,206.4469692,202.4304912,44239919,900208993.57,1.8656,1.9841,1,0
2024-11-01,sh.600183,204.6395541,215.78528055,203.73584655,213.2749818,206.4469692,75556004,1595047507.44,3.1862,3.3074,1,0
2024-11-04,sh.600183,212.77292205,220.7054661,211.0659189,213.8774535,213.2749818,51985115,1113420212.72,2.1922,0.2825,1,0
2024-11-05,sh.600183,213.8774535,229.44130575,212.17045035,227.23224285,213.8774535,68489459,1531093827.36,2.8882,6.2441,1,0
2024-11-06,sh.600183,228.03553845,229.7425416,217.8939315,219.80175855,227.23224285,48625611,1078106289.0,2.0506,-3.27,1,0
2024-11-07,sh.600183,219.9021705,226.7301831,218.39599125,222.914529,219.80175855,38052172,842712316.72,1.6047,1.4162,1,0
2024-11-08,sh.600183,223.01494095,228.939246,221.5087617,222.1112334,222.914529,31969846,715275990.55,1.3482,-0.3604,1,0
2024-11-11,sh.600183,221.1071139,229.03965795,220.3038183,227.5334787,222.1112334,42011795,944415806.77,1.7716,2.4412,1,0
2024-11-12,sh.600183,227.5334787,227.7343026,221.40834975,223.7178246,227.5334787,33073211,737850673.21,1.3947,-1.677,1,0
2024-11-13,sh.600183,220.80587805,226.1277114,217.79351955,222.61329315,223.7178246,31925568,703017704.83,1.3463,-0.4937,1,0
2024-11-14,sh.600183,219.60093465,221.60917365,212.77292205,213.8774535,222.61329315,23798012,513431169.08,1.0036,-3.9242,1,0
2024-11-15,sh.600183,213.6766296,216.6889881,209.4593277,209.8609755,213.8774535,21666440,460070349.31,0.9137,-1.8779,1,0
2024-11-18,sh.600183,210.6642711,214.17868935,205.54326165,207.95314845,209.8609755,20544847,428570549.88,0.8664,-0.9091,1,0
2024-11-19,sh.600183,208.0535604,210.76468305,205.2420258,209.76056355,207.95314845,13912722,288525299.34,0.5867,0.8691,1,0
2024-11-20,sh.600183,209.76056355,213.97786545,207.75232455,212.97374595,209.76056355,20961319,442857459.68,0.8839,1.5318,1,0
2024-11-21,sh.600183,212.97374595,216.2873403,211.16633085,213.6766296,212.97374595,17440811,372135619.39,0.7355,0.33,1,0
2024-11-22,sh.600183,213.37539375,215.6848686,207.6519126,208.0535604,213.6766296,18111653,381951705.37,0.7638,-2.6316,1,0
2024-11-25,sh.600183,208.0535604,209.0576799,202.6313151,204.840378,208.0535604,24283152,495511223.65,1.024,-1.5444,1,0
2024-11-26,sh.600183,204.33831825,208.856856,204.33831825,206.54738115,204.840378,16471859,339501111.46,0.6946,0.8333,1,0
2024-11-27,sh.600183,205.94490945,212.2708623,202.73172705,212.17045035,206.54738115,19409162,402852951.35,0.8185,2.7224,1,0
2024-11-28,sh.600183,211.8692145,213.37539375,209.6601516,211.4675667,212.17045035,13489477,283669327.86,0.5689,-0.3313,1,0
2024-11-29,sh.600183,210.96550695,214.58033715,209.6601516,211.4675667,211.4675667,23006389,485425338.73,0.9702,0.0,1,0
2024-12-02,sh.600183,211.56797865,216.38775225,210.96550695,213.4758057,211.4675667,20676624,440934327.13,0.8719,0.9497,1,0
2024-12-03,sh.600183,213.57621765,217.79351955,211.6683906,213.2749818,213.4758057,16680721,356154317.28,0.7034,-0.0941,1,0
2024-12-04,sh.600183,213.8774535,215.2832208,210.865095,212.873334,213.2749818,15010286,317795470.16,0.633,-0.1883,1,0
2024-12-05,sh.600183,212.6725101,214.881573,211.6683906,212.0700384,212.873334,12634959,268082249.13,0.5328,-0.3774,1,0
2024-12-06,sh.600183,219.2996988,230.7466611,219.2996988,228.5375982,212.0700384,65268278,1469522395.67,2.7524,7.7652,1,0
2024-12-09,sh.600183,225.62565165,229.7425416,220.3038183,222.61329315,228.5375982,28277537,630385183.62,1.1925,-2.5923,1,0
2024-12-10,sh.600183,227.43306675,231.44954475,218.898051,229.1400699,222.61329315,46170630,1045402513.84,1.947,2.9319,1,0
2024-12-11,sh.600183,227.9351265,230.3450133,224.5211202,226.7301831,229.1400699,23602430,532655778.57,0.9953,-1.0517,1,0
2024-12-12,sh.600183,226.83059505,231.44954475,225.3244158,228.3367743,226.7301831,21489997,489455202.24,0.9062,0.7086,1,0
2024-12-13,sh.600183,226.7301831,231.44954475,223.41658875,223.81823655,228.3367743,18705870,422063993.93,0.7888,-1.9789,1,0
2024-12-16,sh.600183,224.922768,238.980441,224.1194724,236.972202,223.81823655,55148252,1291511580.61,2.3256,5.8771,1,0
2024-12-17,sh.600183,237.47426175,250.52781525,234.963963,246.31051335,236.972202,62429665,1528048987.06,2.6327,3.9407,1,0
2024-12-18,sh.600183,247.51545675,250.0257555,239.7837366,245.50721775,246.31051335,32170723,785207428.95,1.3566,-0.3261,1,0
2024-12-19,sh.600183,241.89238755,249.2224599,241.08909195,247.91710455,245.50721775,26738295,654090801.85,1.1276,0.9816,1,0
2024-12-20,sh.600183,246.31051335,252.6364662,244.0010385,248.4191643,247.91710455,29327046,726625246.14,1.2367,0.2025,1,0
2024-12-23,sh.600183,247.2142209,252.0339945,241.49073975,241.9927995,248.4191643,25102833,611002511.05,1.0586,-2.5869,1,0
2024-12-24,sh.600183,243.09733095,243.90062655,237.9763215,242.5952712,241.9927995,21889549,524565671.27,0.9231,0.249,1,0
2024-12-25,sh.600183,241.9927995,246.6117492,241.5911517,244.6035102,242.5952712,17577591,428133272.63,0.7413,0.8278,1,0
2024-12-26,sh.600183,243.5993907,260.6694222,239.9845605,259.2636549,244.6035102,39299778,993904480.79,1.6573,5.9934,1,0
2024-12-27,sh.600183,258.0587115,260.76983415,253.54017375,255.046353,259.2636549,25250500,645767932.66,1.0648,-1.6266,1,0
2024-12-30,sh.600183,253.13852595,256.8537681,250.52781525,252.2348184,255.046353,25983039,653875175.34,1.0957,-1.1024,1,0
2024-12-31,sh.600183,252.8372901,253.2389379,238.980441,241.49073975,252.2348184,37215880,900069306.47,1.5694,-4.2596,1,0
2025-01-02,sh.600183,240.88826805,244.8043341,233.65860765,235.66684665,241.49073975,30234008,718639701.89,1.275,-2.4116,1,0
2025-01-03,sh.600183,235.9680825,238.47838125,227.43306675,229.1400699,235.66684665,25586676,593071690.68,1.079,-2.7695,1,0
2025-01-06,sh.600183,228.7384221,231.7507806,225.22400385,227.43306675,229.1400699,20110842,455542616.26,0.8481,-0.745,1,0
2025-01-07,sh.600183,227.83471455,238.7796171,226.931007,237.3738498,227.43306675,30888893,723261946.09,1.3026,4.3709,1,0
2025-01-08,sh.600183,235.9680825,245.8084536,233.9598435,243.69980265,237.3738498,26905245,645308007.13,1.1346,2.665,1,0
2025-01-09,sh.600183,248.2183404,268.0999065,247.8166926,262.8784851,243.69980265,84148464,2217756202.24,3.5486,7.8698,1,0
2025-01-10,sh.600183,261.4727178,261.4727178,252.93770205,255.34758885,262.8784851,53171028,1359052856.74,2.2422,-2.8648,1,0
2025-01-13,sh.600183,251.2306989,258.0587115,246.0092775,247.6158687,255.34758885,27821498,696926106.14,1.1732,-3.0279,1,0
2025-01-14,sh.600183,247.6158687,256.6529442,244.50309825,255.54841275,247.6158687,29338226,737288065.64,1.2372,3.2036,1,0
2025-01-15,sh.600183,253.2389379,255.54841275,248.4191643,250.52781525,255.54841275,22397365,560679904.16,0.9445,-1.9646,1,0
2025-01-16,sh.600183,252.93770205,254.74511715,247.8166926,250.52781525,250.52781525,23537036,587582103.36,0.9926,0.0,1,0
2025-01-17,sh.600183,247.11380895,275.63080275,247.013397,275.63080275,250.52781525,75717571,2032797025.95,3.193,10.02,1,0
2025-01-20,sh.600183,284.7682902,300.13131855,282.7600512,291.7971267,275.63080275,85170773,2469503019.89,3.5917,5.8652,1,0
2025-01-21,sh.600183,292.70083425,296.0144286,289.3872399,294.0061896,291.7971267,54499313,1589166864.03,2.2983,0.7571,1,0
2025-01-22,sh.600183,299.0267871,312.98404815,292.09836255,309.268806,294.0061896,73823277,2229706819.27,3.1131,5.1913,1,0
2025-01-23,sh.600183,315.4943469,317.9042337,295.8136047,300.8342022,309.268806,59316423,1789814266.23,2.5014,-2.7273,1,0
2025-01-24,sh.600183,300.13131855,314.4902274,296.0144286,307.4613909,300.8342022,62820786,1911216563.99,2.6492,2.2029,1,0
2025-01-27,sh.600183,301.23585,306.2564475,291.9979506,299.4284349,307.4613909,44457602,1325501317.6,1.8748,-2.6127,1,0
2025-02-05,sh.600183,292.3995984,293.50412985,269.5056738,269.5056738,299.4284349,61280855,1668252905.25,2.5842,-9.9933,1,0
2025-02-06,sh.600183,274.9279191,280.85222415,268.40114235,278.24151345,269.5056738,62339612,1707537864.04,2.6289,3.2414,1,0
2025-02-07,sh.600183,279.145221,294.2070135,279.04480905,289.68847575,278.24151345,46213417,1330320469.08,1.9488,4.114,1,0
2025-02-10,sh.600183,287.47941285,292.50001035,282.65963925,289.5880638,289.68847575,31344105,900380049.0,1.3218,-0.0347,1,0
2025-02-11,sh.600183,290.69259525,296.2152525,287.9814726,291.69671475,289.5880638,28993173,844152172.01,1.2226,0.7282,1,0
2025-02-12,sh.600183,291.3954789,302.94285315,289.08600405,301.93873365,291.69671475,25583285,762493303.58,1.0789,3.5112,1,0
2025-02-13,sh.600183,301.23585,306.95933115,295.31154495,297.31978395,301.93873365,27099000,811146240.31,1.1428,-1.5298,1,0
2025-02-14,sh.600183,297.31978395,302.2399695,294.6086613,297.0185481,297.31978395,17735945,526177717.9,0.7479,-0.1013,1,0
2025-02-17,sh.600183,294.50824935,325.9371897,294.2070135,323.5273029,297.0185481,39602462,1247963412.89,1.67,8.9249,1,0
2025-02-18,sh.600183,327.24254505,347.425347,324.83265825,338.48868345,323.5273029,52872713,1787868092.08,2.2297,4.6245,1,0
2025-02-19,sh.600183,331.359435,342.30433755,331.359435,339.69362685,338.48868345,30851481,1033921107.87,1.301,0.356,1,0
2025-02-20,sh.600183,339.89445075,345.417108,332.06231865,338.5890954,339.69362685,24276290,817203853.86,1.0237,-0.3252,1,0
2025-02-21,sh.600183,334.3717935,355.2574791,334.27138155,344.0113407,338.5890954,31036572,1078413427.06,1.3088,1.6014,1,0
2025-02-24,sh.600183,339.69362685,341.09939415,320.81618025,325.9371897,344.0113407,62551984,2045593213.21,2.6378,-5.2539,1,0
2025-02-25,sh.600183,315.8959947,321.31824,311.6786928,313.58651985,325.9371897,49350757,1547801039.27,2.0811,-3.7893,1,0
2025-02-26,sh.600183,316.39805445,325.5355419,313.38569595,315.79558275,313.58651985,42828868,1357105419.36,1.8061,0.7045,1,0
2025-02-27,sh.600183,319.00876515,324.23018655,309.16839405,312.2811645,315.79558275,37344248,1172078328.56,1.5748,-1.1129,1,0
2025-02-28,sh.600183,306.0556236,308.8671582,287.178177,288.88518015,312.2811645,65085908,1910334046.91,2.7447,-7.492,1,0
2025-03-03,sh.600183,287.88106065,289.186416,277.03657005,280.24975245,288.88518015,48010443,1348604665.44,2.0246,-2.9892,1,0
2025-03-04,sh.600183,269.7064977,283.7641707,267.2966109,281.5551078,280.24975245,46357610,1273502704.15,1.9549,0.4658,1,0
2025-03-05,sh.600183,283.3625229,295.71319275,283.161699,289.9897116,281.5551078,32051604,928627963.75,1.3516,2.9957,1,0
2025-03-06,sh.600183,292.09836255,294.2070135,286.9773531,289.68847575,289.9897116,34153091,987307288.45,1.4402,-0.1039,1,0
2025-03-07,sh.600183,286.7765292,293.0020701,284.9691141,288.1822965,289.68847575,32962054,948579701.84,1.39,-0.5199,1,0
2025-03-10,sh.600183,287.5798248,298.72555125,286.67611725,296.8177242,288.1822965,38432086,1128313101.84,1.6207,2.9965,1,0
2025-03-11,sh.600183,294.2070135,303.0432651,291.194655,294.90989715,296.8177242,37908482,1121426619.59,1.5986,-0.6428,1,0
2025-03-12,sh.600183,295.11072105,301.6374978,286.47529335,295.211133,294.90989715,34916056,1023465881.75,1.4724,0.1021,1,0
2025-03-13,sh.600183,296.0144286,300.2317305,289.9897116,290.49177135,295.211133,23653806,692417765.3,0.9975,-1.5986,1,0
2025-03-14,sh.600183,291.69671475,315.99640665,291.194655,312.4819884,290.49177135,58452498,1776910053.1,2.465,7.57,1,0
2025-03-17,sh.600183,312.58240035,314.2894035,299.72967075,306.0556236,312.4819884,35920573,1091530213.89,1.5148,-2.0566,1,0
2025-03-18,sh.600183,306.4572714,321.1174161,301.33626195,315.0926991,306.0556236,51504735,1597811059.51,2.172,2.9528,1,0
2025-03-19,sh.600183,307.260567,307.260567,283.5633468,283.5633468,315.0926991,88192570,2519738398.44,3.7191,-10.0064,1,0
2025-03-20,sh.600183,281.3542839,288.9855921,279.3460449,283.5633468,283.5633468,36105185,1022273816.47,1.5226,0.0,1,0
2025-03-21,sh.600183,281.7559317,289.186416,280.7518122,288.88518015,283.5633468,38948002,1110479293.27,1.6424,1.8768,1,0
2025-03-24,sh.600183,286.1740575,295.0103091,285.7724097,291.194655,288.88518015,27641658,799774528.92,1.1657,0.7994,1,0
2025-03-25,sh.600183,292.3995984,293.4037179,275.9320386,276.9361581,291.194655,34079895,959648932.92,1.4372,-4.8966,1,0
2025-03-26,sh.600183,278.3419254,284.66787825,275.9320386,276.3336864,276.9361581,26522651,736040673.8,1.1185,-0.2175,1,0
2025-03-27,sh.600183,273.120504,281.65551975,271.01185305,277.9402776,276.3336864,27067968,745799585.34,1.1415,0.5814,1,0
2025-03-28,sh.600183,275.7312147,280.65140025,275.7312147,278.64316125,277.9402776,14979837,415186922.5,0.6317,0.2529,1,0
2025-03-31,sh.600183,278.64316125,279.5468688,271.112265,273.22091595,278.64316125,24882400,679570713.0,1.0493,-1.9459,1,0
2025-04-01,sh.600183,276.1328625,284.5674663,274.42585935,278.64316125,273.22091595,24757572,688657262.6,1.044,1.9846,1,0
2025-04-02,sh.600183,278.3419254,282.7600512,276.23327445,278.3419254,278.64316125,15804048,439182757.76,0.6665,-0.1081,1,0
2025-04-03,sh.600183,269.9073216,273.7229757,260.36818635,263.58136875,278.3419254,37514404,989070422.56,1.582,-5.303,1,0
2025-04-07,sh.600183,237.27343785,241.49073975,237.27343785,237.27343785,263.58136875,14546200,344689861.5,0.6134,-9.981,1,0
2025-04-08,sh.600183,240.98868,240.98868,213.57621765,218.0947554,237.27343785,77029711,1683716070.51,3.2484,-8.0829,1,0
2025-04-09,sh.600183,210.865095,224.922768,208.856856,219.5005227,218.0947554,51701131,1117766876.94,2.1803,0.6446,1,0
2025-04-10,sh.600183,235.9680825,241.49073975,228.939246,231.9516045,219.5005227,66030571,1550839059.95,2.7845,5.6725,1,0
2025-04-11,sh.600183,231.7507806,237.87590955,227.9351265,234.26107935,231.9516045,37834093,879285154.78,1.5955,0.9957,1,0
2025-04-14,sh.600183,240.7878561,241.89238755,230.04377745,231.85119255,234.26107935,34144001,797556995.0,1.4399,-1.0287,1,0
2025-04-15,sh.600183,232.05201645,232.45366425,228.43718625,229.5417177,231.85119255,18306398,419350732.03,0.772,-0.9961,1,0
2025-04-16,sh.600183,226.5293592,228.63801015,216.38775225,219.9021705,229.5417177,39688021,871707085.2,1.6737,-4.1995,1,0
2025-04-17,sh.600183,218.898051,226.22812335,217.6931076,224.82235605,219.9021705,25395366,566022209.97,1.0709,2.2374,1,0
2025-04-18,sh.600183,225.9268875,230.84707305,225.82647555,229.9433655,224.82235605,17841089,406528873.21,0.7524,2.2778,1,0
2025-04-21,sh.600183,231.3491328,235.9680825,226.42894725,234.46190325,229.9433655,20470650,476410582.97,0.8633,1.9651,1,0
2025-04-22,sh.600183,234.963963,237.47426175,231.1483089,233.7590196,234.46190325,17390268,405926199.55,0.7334,-0.2998,1,0
2025-04-23,sh.600183,238.88002905,242.29403535,236.06849445,238.980441,233.7590196,27721657,661707779.76,1.169,2.2337,1,0
2025-04-24,sh.600183,238.88002905,240.3862083,234.1606674,234.7631391,238.980441,11335720,266977109.55,0.478,-1.7647,1,0
2025-04-25,sh.600183,235.46602275,245.6076297,234.963963,238.5787932,234.7631391,26976071,647468948.36,1.1376,1.6253,1,0
2025-04-28,sh.600183,237.1730259,242.1936234,236.972202,240.5870322,238.5787932,16433484,393116253.38,0.693,0.8418,1,0
2025-04-29,sh.600183,243.5993907,249.021636,240.68744415,242.09321145,240.5870322,24800528,604592645.28,1.0458,0.626,1,0
2025-04-30,sh.600183,243.5993907,244.30227435,239.7837366,243.90062655,242.09321145,18519267,447415989.67,0.781,0.7466,1,0
2025-05-06,sh.600183,246.71216115,255.54841275,246.4109253,255.4480008,243.90062655,31083904,783058718.69,1.3108,4.7345,1,0
2025-05-07,sh.600183,258.76159515,259.6653027,251.8331706,253.13852595,255.4480008,25122619,639481351.48,1.0594,-0.9041,1,0
2025-05-08,sh.600183,253.74099765,264.58548825,253.2389379,262.57724925,253.13852595,34487606,899113975.78,1.4544,3.7287,1,0
2025-05-09,sh.600183,261.8743656,262.0751895,252.8372901,254.34346935,262.57724925,21693231,552159475.76,0.9148,-3.1358,1,0
2025-05-12,sh.600183,259.8661266,263.4809568,257.6570637,261.8743656,254.34346935,23253825,602812344.79,0.9806,2.9609,1,0
2025-05-13,sh.600183,265.99125555,273.62256375,262.4768373,263.079309,261.8743656,37280874,994732367.24,1.5721,0.4601,1,0
2025-05-14,sh.600183,271.112265,289.28682795,271.112265,278.9443971,263.079309,58524295,1639653456.28,2.468,6.0305,1,0
2025-05-15,sh.600183,277.5386298,285.27034995,272.1163845,279.24563295,278.9443971,39553013,1102099512.91,1.668,0.108,1,0
2025-05-16,sh.600183,273.82338765,281.15346,272.21679645,274.3254474,279.24563295,24932893,683513873.45,1.0514,-1.762,1,0
2025-05-19,sh.600183,274.3254474,274.42585935,266.2924914,269.9073216,274.3254474,19633632,527928947.67,0.828,-1.6105,1,0
2025-05-20,sh.600183,270.20855745,274.9279191,267.59784675,270.20855745,269.9073216,16364600,443123531.0,0.6901,0.1116,1,0
2025-05-21,sh.600183,268.7023782,273.02009205,266.4933153,272.3172084,270.20855745,16426939,441797919.25,0.6927,0.7804,1,0
2025-05-22,sh.600183,271.112265,274.82750715,269.40526185,272.21679645,272.3172084,11875334,322293028.84,0.5008,-0.0369,1,0
2025-05-23,sh.600183,271.39529208,272.21676856,265.54227216,267.39059424,272.21676856,15557500,406824201.38,0.6561,-1.7729,1,0
2025-05-26,sh.600183,269.95770824,273.1409296,265.9530104,270.36844648,267.39059424,13063629,341341767.88,0.5509,1.1137,1,0
2025-05-27,sh.600183,269.23891632,269.54697,257.63556104,261.74294344,270.36844648,23145241,589167136.52,0.976,-3.1903,1,0
2025-05-28,sh.600183,263.48858096,267.28790968,261.43488976,264.31005744,261.74294344,14636041,376923892.53,0.6172,0.9808,1,0
2025-05-29,sh.600183,269.0335472,279.61005688,269.0335472,274.57851344,264.31005744,27918841,751400193.52,1.1773,3.885,1,0
2025-05-30,sh.600183,270.67650016,272.31945312,267.08254056,269.0335472,274.57851344,16275628,427201572.5,0.6863,-2.0194,1,0
2025-06-03,sh.600183,269.0335472,270.67650016,265.02884936,265.23421848,269.0335472,14716185,383356886.21,0.6206,-1.4122,1,0
2025-06-04,sh.600183,266.979856,280.8422716,266.979856,280.3288488,265.23421848,29523823,799267503.79,1.245,5.6911,1,0
2025-06-05,sh.600183,278.89126496,296.2449556,276.83757376,291.41878128,280.3288488,40129895,1124686142.85,1.6923,3.956,1,0
2025-06-06,sh.600183,290.39193568,292.650996,286.4899224,290.083882,291.41878128,19314243,545761010.76,0.8145,-0.4581,1,0
2025-06-09,sh.600183,289.5704592,291.6241504,284.02549296,284.949654,290.083882,21458260,598756948.37,0.9049,-1.7699,1,0
2025-06-10,sh.600183,283.4093856,283.4093856,276.2214664,278.7885804,284.949654,19689030,535989737.64,0.8303,-2.1622,1,0
2025-06-11,sh.600183,278.68589584,295.52616368,278.68589584,288.23555992,278.7885804,31613924,891131781.39,1.3332,3.3886,1,0
2025-06-12,sh.600183,287.72213712,292.44562688,287.0033452,289.0570364,288.23555992,20887671,590157534.23,0.8808,0.285,1,0
2025-06-13,sh.600183,287.92750624,294.7046872,286.28455328,287.516768,289.0570364,19360452,546136840.02,0.8164,-0.5329,1,0
2025-06-16,sh.600183,287.41408344,299.8389152,287.41408344,293.6778416,287.516768,28544896,822876126.46,1.2037,2.1429,1,0
2025-06-17,sh.600183,295.7315328,295.7315328,286.38723784,287.82482168,293.6778416,17807549,502921586.97,0.7509,-1.993,1,0
2025-06-18,sh.600183,287.61945256,311.03153224,287.516768,305.486566,287.82482168,57013180,1682190510.2,2.4043,6.1363,1,0
2025-06-19,sh.600183,305.9999888,308.5671028,298.09327768,299.63354608,305.486566,27108197,799289018.4,1.1432,-1.916,1,0
2025-06-20,sh.600183,300.04428432,301.78992184,293.26710336,296.7583784,299.63354608,23378353,677600201.71,0.9859,-0.9596,1,0
2025-06-23,sh.600183,294.49931808,302.919452,290.69998936,295.42347912,296.7583784,27669427,796573403.61,1.1668,-0.4498,1,0
2025-06-24,sh.600183,297.68253944,300.76307624,291.93220408,296.55300928,295.42347912,26971778,774197817.68,1.1374,0.3823,1,0
2025-06-25,sh.600183,298.19596224,302.50871376,296.03958648,301.48186816,296.55300928,24016681,699981684.42,1.0128,1.662,1,0
2025-06-26,sh.600183,304.56240496,311.1342168,301.99529096,302.919452,301.48186816,27833881,831796292.27,1.1738,0.4768,1,0
2025-06-27,sh.600183,302.71408288,311.03153224,301.8926064,309.5939484,302.919452,24218109,727181671.92,1.0213,2.2034,1,0
2025-06-30,sh.600183,311.1342168,311.75032416,304.9731432,309.5939484,309.5939484,24491935,735537220.3,1.0328,0.0,1,0
2025-07-01,sh.600183,308.05368,313.59864624,304.66508952,313.187908,309.5939484,23555624,708630079.49,0.9933,1.1609,1,0
2025-07-02,sh.600183,309.5939484,309.5939484,291.1107276,297.68253944,313.187908,43551555,1262293888.76,1.8366,-4.9508,1,0
2025-07-03,sh.600183,294.49931808,307.5402572,294.39663352,306.71878072,297.68253944,31244592,922789894.32,1.3176,3.0355,1,0
2025-07-04,sh.600183,303.74092848,323.456364,303.74092848,318.322136,306.71878072,52028650,1603825851.8,2.1728,3.7831,1,0
2025-07-07,sh.600183,315.755022,327.25569272,309.5939484,310.620794,318.322136,33787480,1037664043.35,1.411,-2.4194,1,0
2025-07-08,sh.600183,309.90200208,331.87649792,309.79931752,329.1040148,310.620794,41750288,1325342793.22,1.7436,5.9504,1,0
2025-07-09,sh.600183,338.859048,343.68522232,332.90334352,337.11341048,329.1040148,44052566,1451355514.69,1.8397,2.4337,1,0
2025-07-10,sh.600183,342.76106128,353.2348864,334.85435016,350.6677724,337.11341048,50827810,1705560215.18,2.1227,4.0207,1,0
2025-07-11,sh.600183,347.0738128,348.1006584,333.31408176,334.03287368,350.6677724,39846806,1311579264.93,1.6641,-4.7438,1,0
2025-07-14,sh.600183,333.2113972,339.98857816,332.1845516,337.93488696,334.03287368,28679037,938110606.98,1.1977,1.1682,1,0
2025-07-15,sh.600183,354.7751548,368.53488584,352.31072536,366.5838792,337.93488696,66461617,2350371004.84,2.7756,8.4777,1,0
2025-07-16,sh.600183,366.48119464,368.1241476,355.08320848,358.3691144,366.5838792,36245111,1269414031.26,1.5137,-2.2409,1,0
2025-07-17,sh.600183,355.8020004,386.6073684,355.39126216,384.65636176,358.3691144,57781395,2113436423.45,2.4131,7.3352,1,0
2025-07-18,sh.600183,386.0939456,388.1476368,369.76710056,374.798644,384.65636176,40420669,1489641170.03,1.6881,-2.5627,1,0
2025-07-21,sh.600183,374.90132856,400.36709944,371.92347632,394.41139496,374.798644,58261091,2187416758.03,2.4331,5.2329,1,0
2025-07-22,sh.600183,390.30401256,410.43018632,390.201328,394.92481776,394.41139496,51133893,1987424816.74,2.1355,0.1302,1,0
2025-07-23,sh.600183,394.8221332,394.8221332,382.29461688,391.7415964,394.92481776,29929029,1127905152.56,1.2499,-0.806,1,0
2025-07-24,sh.600183,395.95166336,405.604012,389.79058976,398.9295156,391.7415964,37116744,1443171705.19,1.5501,1.8349,1,0
2025-07-25,sh.600183,395.335556,399.9563612,385.0671,390.7147508,398.9295156,22968893,873848883.7,0.9592,-2.0592,1,0
2025-07-28,sh.600183,393.2818648,427.06508504,391.63891184,423.98454824,390.7147508,42604681,1715664104.16,1.7793,8.5151,1,0
2025-07-29,sh.600183,421.006696,433.3288432,415.46172976,431.06978288,423.98454824,41943100,1733838588.83,1.7516,1.6711,1,0
2025-07-30,sh.600183,430.7617292,432.50736672,417.51542096,424.6006556,431.06978288,31868741,1315969648.99,1.3309,-1.5007,1,0
2025-07-31,sh.600183,431.06978288,448.01273528,431.06978288,440.72213152,424.6006556,45227497,1944263915.79,1.8888,3.7969,1,0
2025-08-01,sh.600183,430.7617292,437.9496484,410.12213264,421.006696,440.72213152,48145706,1971315096.67,2.0107,-4.4734,1,0
2025-08-04,sh.600183,410.73824,423.88186368,404.78253552,422.13622616,421.006696,40215463,1632134031.03,1.6795,0.2683,1,0
2025-08-05,sh.600183,430.2483064,430.86441376,412.68924664,415.3590452,422.13622616,41381305,1686660485.6,1.7282,-1.6054,1,0
2025-08-06,sh.600183,413.8187768,429.2214608,410.53287088,414.02414592,415.3590452,42021749,1705937141.06,1.7549,-0.3214,1,0
2025-08-07,sh.600183,413.51072312,420.4932732,401.08589136,407.96575688,414.02414592,35299230,1402090940.26,1.4742,-1.4633,1,0
2025-08-08,sh.600183,407.45233408,414.02414592,402.93421344,408.88991792,407.96575688,27955391,1113827303.0,1.1675,0.2265,1,0
2025-08-11,sh.600183,410.01944808,418.13152832,408.78723336,411.55971648,408.88991792,33062788,1331965253.05,1.3808,0.6529,1,0
2025-08-12,sh.600183,409.50602528,418.439582,408.88991792,412.7919312,411.55971648,31856461,1280318794.21,1.3304,0.2994,1,0
2025-08-13,sh.600183,413.61340768,440.20870872,411.97045472,437.64159472,412.7919312,67477179,2818096789.5,2.818,6.0199,1,0
2025-08-14,sh.600183,428.1946152,428.50266888,413.71609224,418.439582,437.64159472,49007885,2007858400.84,2.0467,-4.3876,1,0
2025-08-15,sh.600183,415.872468,460.33488248,414.8456224,460.33488248,418.439582,76578149,3314977631.18,3.1981,10.0123,1,0
2025-08-18,sh.600183,468.7550164,472.65702968,454.379178,458.89729864,460.33488248,80591311,3645198323.33,3.3657,-0.3123,1,0
2025-08-19,sh.600183,458.89729864,473.3758216,450.68253384,458.4865604,458.89729864,44901124,2009974276.55,1.8752,-0.0895,1,0
2025-08-20,sh.600183,447.80736616,458.28119128,428.81072256,456.12481552,458.4865604,43544729,1895819849.78,1.8185,-0.5151,1,0
2025-08-21,sh.600183,461.46441264,464.1342112,444.93219848,456.4328692,456.12481552,37492046,1663380986.4,1.5658,0.0675,1,0
2025-08-22,sh.600183,449.14226544,497.40400864,449.14226544,488.88119016,456.4328692,55736283,2620251042.11,2.3277,7.1091,1,0
2025-08-25,sh.600183,492.885888,513.62816912,486.41676072,512.08790072,488.88119016,54376711,2650406222.17,2.2709,4.7469,1,0
2025-08-26,sh.600183,508.288572,518.557028,492.885888,497.09595496,512.08790072,42053144,2058701973.95,1.7562,-2.9276,1,0
2025-08-27,sh.600183,496.58253216,520.0972964,491.65367328,496.27447848,497.09595496,44847875,2212927846.04,1.873,-0.1653,1,0
2025-08-28,sh.600183,496.9932704,541.96910768,488.88119016,539.09394,496.27447848,52017158,2604325482.37,2.1724,8.6282,1,0
2025-08-29,sh.600183,535.60266496,553.05904016,523.38320232,546.795282,539.09394,37485802,1959156859.69,1.5655,1.4286,1,0
2025-09-01,sh.600183,538.88857088,564.2516572,537.0402488,563.43018072,546.795282,42022429,2252902096.48,1.755,3.0423,1,0
2025-09-02,sh.600183,557.88521448,565.48387192,507.05635728,508.288572,563.43018072,60759820,3132275860.37,2.5375,-9.7868,1,0
2025-09-03,sh.600183,510.44494776,529.64696048,499.5603844,523.58857144,508.288572,37729814,1889066638.12,1.5757,3.0101,1,0
2025-09-04,sh.600183,523.79394056,541.96910768,471.21944584,476.14830472,523.58857144,71991107,3444200258.04,3.0065,-9.0606,1,0
2025-09-05,sh.600183,476.14830472,503.25702856,467.7281708,498.32816968,476.14830472,56982158,2693037478.89,2.3797,4.6582,1,0
2025-09-08,sh.600183,498.32816968,512.3959544,467.7281708,477.9966268,498.32816968,59454333,2785158287.87,2.483,-4.08,1,0
2025-09-09,sh.600183,470.2952848,483.1308548,463.21005016,471.11676128,477.9966268,36551995,1681369033.83,1.5265,-1.4393,1,0
2025-09-10,sh.600183,487.75166,507.56978008,477.89394224,492.57783432,471.11676128,61808778,2967504098.28,2.5813,4.5554,1,0
2025-09-11,sh.600183,505.2080352,541.86642312,505.2080352,541.86642312,492.57783432,56974668,2941950765.56,2.3794,10.0063,1,0
2025-09-12,sh.600183,537.86172528,557.16642256,533.03555096,545.66575184,541.86642312,73359137,3874557580.81,3.0636,0.7012,1,0
2025-09-15,sh.600183,528.825484,563.7382344,524.41004792,552.03219456,545.66575184,50630565,2701264648.43,2.1145,1.1667,1,0
2025-09-16,sh.600183,551.72414088,577.0872272,548.8489732,556.85836888,552.03219456,48471772,2652818060.47,2.0243,0.8743,1,0
2025-09-17,sh.600183,552.54561736,563.53286528,533.959712,549.362396,556.85836888,38917081,2072433374.29,1.6253,-1.3461,1,0
2025-09-18,sh.600183,549.8758188,595.67313256,545.04964448,579.03823384,549.362396,68554227,3801654913.66,2.863,5.4019,1,0
2025-09-19,sh.600183,587.3556832,592.28454208,568.8724624,575.033536,579.03823384,40139645,2266924284.01,1.6763,-0.6916,1,0
2025-09-22,sh.600183,578.93554928,615.5939372,567.12682488,610.973132,575.033536,52831420,3085644919.85,2.2064,6.25,1,0
2025-09-23,sh.600183,639.93017792,643.62682208,579.1409184,602.03957528,610.973132,59555871,3525682945.15,2.4872,-1.4622,1,0
2025-09-24,sh.600183,579.1409184,595.570448,564.55971088,578.1140728,602.03957528,49404832,2765242595.09,2.0633,-3.9741,1,0
2025-09-25,sh.600183,571.80553086,601.69372012,566.7379832,582.45772288,578.1141106,46672251,2647048403.52,1.9491,0.7513,1,0
2025-09-26,sh.600183,582.35430354,586.18081912,547.91566332,548.122502,582.45772288,43039716,2333390880.55,1.7974,-5.8949,1,0
2025-09-29,sh.600183,543.05495434,567.04824122,543.05495434,567.04824122,548.122502,33994767,1836797135.88,1.4197,3.4528,1,0
2025-09-30,sh.600183,568.80637,573.4602403,551.32850154,558.67127468,567.04824122,33628941,1817688625.62,1.4044,-1.4773,1,0
2025-10-09,sh.600183,563.635403,589.80049602,561.5670162,574.59785304,558.67127468,44501361,2493068274.51,1.8585,2.8508,1,0
2025-10-10,sh.600183,577.0799172,609.1399126,565.1866931,582.45772288,574.59785304,58768580,3353960924.27,2.4543,1.3679,1,0
2025-10-13,sh.600183,550.08746946,622.37758812,550.08746946,596.10907576,582.45772288,54594475,3133768689.74,2.28,2.3438,1,0
2025-10-14,sh.600183,618.4476532,638.30416648,577.28675588,583.49191628,596.10907576,60079775,3496756519.47,2.5091,-2.1166,1,0
2025-10-15,sh.600183,575.0115304,641.82042404,566.84140254,641.82042404,583.49191628,57754703,3402201417.85,2.412,9.9965,1,0
2025-10-16,sh.600183,636.028941,647.30164906,622.17074944,623.82545888,641.82042404,45654118,2786323199.64,1.9066,-2.8037,1,0
2025-10-17,sh.600183,620.51604,622.5844268,561.46359686,561.46359686,623.82545888,55660887,3095167844.03,2.3245,-9.9967,1,0
2025-10-20,sh.600183,568.80637,589.490238,558.87811336,565.91062848,561.46359686,44144232,2448230191.54,1.8436,0.792,1,0
2025-10-21,sh.600183,565.91062848,617.51687914,559.60204874,610.38094468,565.91062848,50193872,2881440295.42,2.0962,7.8582,1,0
2025-10-22,sh.600183,589.69707668,627.34171644,589.69707668,605.5202357,610.38094468,37400779,2212559594.59,1.5619,-0.7963,1,0
2025-10-23,sh.600183,599.3150753,609.96726732,569.63372472,576.0457238,605.5202357,31220267,1753384677.34,1.3038,-4.8676,1,0
2025-10-24,sh.600183,609.1399126,614.00062158,565.80720914,605.003139,576.0457238,60249935,3457852296.52,2.5162,5.0269,1,0
2025-10-27,sh.600183,616.48268574,665.5034529,611.00146072,665.5034529,605.003139,72686258,4544571574.32,3.0355,10.0,1,0
2025-10-28,sh.600183,662.4008727,721.14305782,661.883776,696.94293226,665.5034529,73538891,4908332140.49,3.0712,4.7242,1,0
2025-10-29,sh.600183,715.76525214,739.03460364,702.2173186,716.90286488,696.94293226,59792270,4154164665.41,2.4971,2.8639,1,0
2025-10-30,sh.600183,717.2131229,744.51582866,692.909578,718.764413,716.90286488,56907206,3961205800.16,2.3766,0.2597,1,0
2025-10-31,sh.600183,722.9011866,729.106347,659.8153892,664.9863562,718.764413,60475705,3969174098.31,2.5256,-7.482,1,0
2025-11-03,sh.600183,655.05809956,664.67609818,636.028941,658.57435712,664.9863562,49331551,3100463023.18,2.0602,-0.9642,1,0
2025-11-04,sh.600183,638.30416648,676.8795803,638.30416648,652.36919672,658.57435712,50331521,3215755867.42,2.102,-0.9422,1,0
2025-11-05,sh.600183,629.92719994,660.3324859,621.75707208,654.43758352,652.36919672,34552058,2137163682.78,1.443,0.3171,1,0
2025-11-06,sh.600183,663.74532412,669.74364584,638.82126318,666.0205496,654.43758352,43451158,2760908839.01,1.8146,1.7699,1,0
2025-11-07,sh.600183,657.7470024,660.3324859,632.61610278,646.8879717,666.0205496,32651912,2042842941.93,1.3636,-2.8727,1,0
2025-11-10,sh.600183,646.8879717,657.2299057,594.661205,620.41262066,646.8879717,68618036,4097488419.25,2.8657,-4.0927,1,0
2025-11-11,sh.600183,629.41010324,629.61694192,600.3492687,606.5544291,620.41262066,37674298,2225890197.08,1.5734,-2.2337,1,0
2025-11-12,sh.600183,594.86804368,608.82965458,588.24920592,598.38430124,606.5544291,41193284,2375341524.86,1.7203,-1.347,1,0
2025-11-13,sh.600183,599.832172,611.93223478,588.24920592,603.76210692,598.38430124,31032935,1802667601.61,1.296,0.8987,1,0
2025-11-14,sh.600183,588.24920592,597.7637852,581.11327146,587.62868988,603.76210692,25595978,1461201662.54,1.0689,-2.6721,1,0
2025-11-17,sh.600183,592.38597952,607.5886225,579.87223938,586.3876578,587.62868988,29549802,1688779418.79,1.2341,-0.2112,1,0
2025-11-18,sh.600183,581.2166908,599.62533332,575.21836908,581.7337875,586.3876578,29798101,1686152262.11,1.2444,-0.7937,1,0
2025-11-19,sh.600183,579.35514268,585.76714176,569.73714406,577.0799172,581.7337875,23113046,1293306197.38,0.9653,-0.8,1,0
2025-11-20,sh.600183,599.72875266,601.9005588,576.25256248,578.6312073,577.0799172,31629906,1785814711.57,1.3209,0.2688,1,0
2025-11-21,sh.600183,560.42940346,570.8747568,548.22592134,549.26011474,578.6312073,30642867,1650297909.55,1.2797,-5.076,1,0
2025-11-24,sh.600183,550.91482418,560.94650016,534.6779878,544.70966378,549.26011474,31446500,1659873648.8,1.3133,-0.8285,1,0
2025-11-25,sh.600183,551.01824352,590.5244314,551.01824352,572.32262756,544.70966378,47711062,2656066255.88,1.9925,5.0693,1,0
2025-11-26,sh.600183,562.6012096,601.9005588,560.22256478,591.5586248,572.32262756,50160233,2859530663.61,2.0948,3.361,1,0
2025-11-27,sh.600183,594.661205,636.028941,592.5928182,598.2808819,591.5586248,50311172,2999207155.05,2.1011,1.1364,1,0
2025-11-28,sh.600183,593.52359226,609.1399126,589.490238,596.52275312,598.2808819,26416215,1528986013.12,1.1032,-0.2939,1,0
2025-12-01,sh.600183,597.14326916,614.10404092,577.5970139,608.00229986,596.52275312,36773527,2136853092.91,1.5357,1.9244,1,0
2025-12-02,sh.600183,608.1057192,623.1015235,599.10823662,607.79546118,608.00229986,29932135,1766208898.36,1.25,-0.034,1,0
2025-12-03,sh.600183,609.1399126,622.0673301,596.31591444,599.00481728,607.79546118,26085855,1533440491.12,1.0894,-1.4463,1,0
2025-12-04,sh.600183,595.28172104,603.03817154,575.42520776,591.5586248,599.00481728,32636810,1856563473.06,1.363,-1.2431,1,0
2025-12-05,sh.600183,590.5244314,598.17746256,572.9431436,592.17914084,591.5586248,26625045,1510553465.17,1.1119,0.1049,1,0
2025-12-08,sh.600183,590.0073347,628.37590984,589.28339932,614.8279763,592.17914084,45091410,2675176446.43,1.8831,3.8247,1,0
2025-12-09,sh.600183,618.24081452,672.32912934,615.24165366,660.53932458,614.8279763,59770032,3753244157.05,2.4961,7.4348,1,0
2025-12-10,sh.600183,653.40339012,656.712809,617.62029848,640.1657146,660.53932458,39548109,2418433109.05,1.6516,-3.0844,1,0
2025-12-11,sh.600183,640.26913394,659.91880854,629.09984522,640.26913394,640.1657146,35710524,2229719931.5,1.4914,0.0162,1,0
2025-12-12,sh.600183,634.06397354,637.16655374,603.4518489,630.857974,640.26913394,40155171,2412501768.98,1.677,-1.4699,1,0
2025-12-15,sh.600183,611.93223478,630.857974,609.1399126,611.41513808,630.857974,23906840,1425818045.98,0.9984,-3.082,1,0
2025-12-16,sh.600183,608.93307392,650.30080992,606.34759042,636.13236034,611.41513808,53627939,3286101293.42,2.2396,4.0426,1,0
2025-12-17,sh.600183,636.13236034,672.22571,629.8237806,672.12229066,636.13236034,48670132,3080999219.87,2.0326,5.6576,1,0
2025-12-18,sh.600183,654.6444222,658.7811958,632.4092641,632.9263608,672.12229066,36675734,2273991701.15,1.5317,-5.8317,1,0
2025-12-19,sh.600183,641.82042404,643.68197216,616.48268574,624.96307162,632.9263608,27294849,1653437500.33,1.1399,-1.2582,1,0
2025-12-22,sh.600183,630.857974,683.18816004,630.75455466,678.12061238,624.96307162,51016638,3268857489.86,2.1306,8.5057,1,0
2025-12-23,sh.600183,678.22403172,694.66770678,673.15648406,682.567644,678.12061238,35784877,2360381368.96,1.4945,0.6558,1,0
2025-12-24,sh.600183,690.11725582,750.8244084,670.98467792,750.8244084,682.567644,51827540,3598557573.4,2.1644,10.0,1,0
2025-12-25,sh.600183,754.961182,754.961182,713.38660732,730.96789512,750.8244084,52615947,3711218331.77,2.1974,-2.6446,1,0
2025-12-26,sh.600183,730.96789512,773.5766632,715.45499412,770.474083,730.96789512,56182737,4045242371.45,2.3463,5.4046,1,0
2025-12-29,sh.600183,771.09459904,779.7818236,736.13886212,757.0295688,770.474083,48966572,3568117199.23,2.045,-1.745,1,0
2025-12-30,sh.600183,749.16969896,759.0979556,730.03712106,731.79524984,757.0295688,39213060,2807715701.39,1.6376,-3.3333,1,0
2025-12-31,sh.600183,740.37905506,758.99453626,726.31402482,738.51750694,731.79524984,30841789,2210076754.45,1.288,0.9186,1,0
