date,code,open,high,low,close,preclose,volume,amount,turn,pctChg,tradestatus,isST
2021-01-04,sh.601989,7.1108055,7.26245775,7.0434045,7.211907,7.06025475,173038254.0,736649565.06,0.9464,2.148,1,0
2021-01-05,sh.601989,7.16135625,7.279308,7.1108055,7.144506,7.211907,133075697.0,566860558.21,0.7278,-0.9346,1,0
2021-01-06,sh.601989,7.1782065,7.4478105,7.12765575,7.3130085,7.144506,226761915.0,983695086.83,1.2402,2.3585,1,0
2021-01-07,sh.601989,7.2456075,7.39725975,7.12765575,7.29615825,7.3130085,181575224.0,780302943.84,0.9931,-0.2304,1,0
2021-01-08,sh.601989,7.2456075,7.279308,7.1108055,7.16135625,7.29615825,123516060.0,525804917.8,0.6755,-1.8476,1,0
2021-01-11,sh.601989,7.1782065,7.279308,7.09395525,7.1108055,7.16135625,113926227.0,483983121.5,0.6231,-0.7059,1,0
2021-01-12,sh.601989,7.077105,7.481511,7.077105,7.481511,7.1108055,240726682.0,1045922174.42,1.3166,5.2133,1,0
2021-01-13,sh.601989,7.43096025,7.83536625,7.3804095,7.70056425,7.481511,332711104.0,1503978199.6,1.8197,2.9279,1,0
2021-01-14,sh.601989,7.5826125,7.9870185,7.49836125,7.53206175,7.70056425,274987536.0,1255569604.3,1.504,-2.1882,1,0
2021-01-15,sh.601989,7.49836125,7.548912,7.279308,7.43096025,7.53206175,165976119.0,728590785.87,0.9078,-1.3423,1,0
2021-01-18,sh.601989,7.43096025,7.6500135,7.39725975,7.5826125,7.43096025,120742444.0,539779776.32,0.6604,2.0408,1,0
2021-01-19,sh.601989,7.56576225,7.56576225,7.346709,7.39725975,7.5826125,94994274.0,418940901.34,0.5196,-2.4444,1,0
2021-01-20,sh.601989,7.36355925,7.4478105,7.32985875,7.346709,7.39725975,64901448.0,284027288.28,0.355,-0.6834,1,0
2021-01-21,sh.601989,7.3130085,7.36355925,7.279308,7.29615825,7.346709,75350426.0,327473228.43,0.4121,-0.6881,1,0
2021-01-22,sh.601989,7.29615825,7.29615825,7.06025475,7.09395525,7.29615825,107786265.0,456459695.42,0.5895,-2.7714,1,0
2021-01-25,sh.601989,7.09395525,7.16135625,6.99285375,7.009704,7.09395525,71763405.0,301215602.12,0.3925,-1.1876,1,0
2021-01-26,sh.601989,6.95915325,6.95915325,6.8412015,6.89175225,7.009704,90736550.0,372152900.75,0.4963,-1.6827,1,0
2021-01-27,sh.601989,6.9086025,6.95915325,6.874902,6.874902,6.89175225,52778721.0,216749490.88,0.2887,-0.2445,1,0
2021-01-28,sh.601989,6.85805175,7.02655425,6.8412015,6.9086025,6.874902,53056460.0,218067750.45,0.2902,0.4902,1,0
2021-01-29,sh.601989,6.9086025,6.95915325,6.82435125,6.874902,6.9086025,61078950.0,249291338.45,0.3341,-0.4878,1,0
2021-02-01,sh.601989,6.79065075,6.8412015,6.75695025,6.807501,6.874902,52517509.0,212251774.34,0.2872,-0.9804,1,0
2021-02-02,sh.601989,6.79065075,6.874902,6.79065075,6.85805175,6.807501,39690354.0,161287892.28,0.2171,0.7426,1,0
2021-02-03,sh.601989,6.8412015,6.89175225,6.79065075,6.807501,6.85805175,39330168.0,159063182.04,0.2151,-0.7371,1,0
2021-02-04,sh.601989,6.807501,6.82435125,6.6389985,6.7063995,6.807501,69049534.0,275246780.38,0.3777,-1.4851,1,0
2021-02-05,sh.601989,6.7063995,6.79065075,6.68954925,6.7738005,6.7063995,41703068.0,166646838.38,0.2281,1.005,1,0
2021-02-08,sh.601989,6.7738005,6.82435125,6.72324975,6.82435125,6.7738005,40570291.0,163508295.56,0.2219,0.7463,1,0
2021-02-09,sh.601989,6.807501,6.9086025,6.7738005,6.89175225,6.82435125,55089043.0,223906889.82,0.3013,0.9877,1,0
2021-02-10,sh.601989,6.85805175,6.9086025,6.8412015,6.89175225,6.89175225,43613039.0,178046800.53,0.2385,0.0,1,0
2021-02-18,sh.601989,6.95915325,7.02655425,6.942303,6.9760035,6.89175225,59880295.0,248361112.07,0.3275,1.2225,1,0
2021-02-19,sh.601989,6.95915325,7.09395525,6.942303,7.09395525,6.9760035,58815122.0,245689389.52,0.3217,1.6908,1,0
2021-02-22,sh.601989,7.077105,7.29615825,7.06025475,7.12765575,7.09395525,112585098.0,480577380.2,0.6158,0.4751,1,0
2021-02-23,sh.601989,7.09395525,7.211907,7.077105,7.09395525,7.12765575,69425892.0,293497205.32,0.3797,-0.4728,1,0
2021-02-24,sh.601989,7.1108055,7.1782065,6.9760035,7.02655425,7.09395525,64591714.0,270737716.94,0.3533,-0.9501,1,0
2021-02-25,sh.601989,7.06025475,7.12765575,7.02655425,7.06025475,7.02655425,67311312.0,282369247.1,0.3681,0.4796,1,0
2021-02-26,sh.601989,6.9760035,7.02655425,6.92545275,6.942303,7.06025475,61958077.0,256300861.11,0.3389,-1.6706,1,0
2021-03-01,sh.601989,6.9760035,6.99285375,6.942303,6.9760035,6.942303,45817953.0,189521650.85,0.2506,0.4854,1,0
2021-03-02,sh.601989,6.99285375,7.02655425,6.89175225,6.92545275,6.9760035,50300241.0,207131491.9,0.2751,-0.7246,1,0
2021-03-03,sh.601989,6.92545275,7.009704,6.9086025,7.009704,6.92545275,42813172.0,177188837.31,0.2342,1.2165,1,0
2021-03-04,sh.601989,6.99285375,7.09395525,6.9760035,7.0434045,7.009704,74375912.0,310632258.54,0.4068,0.4808,1,0
2021-03-05,sh.601989,7.009704,7.09395525,6.95915325,7.077105,7.0434045,58516822.0,244773912.96,0.32,0.4785,1,0
2021-03-08,sh.601989,7.09395525,7.144506,6.9760035,6.9760035,7.077105,69301769.0,290298429.67,0.379,-1.4286,1,0
2021-03-09,sh.601989,6.95915325,6.99285375,6.82435125,6.9086025,6.9760035,65703918.0,269633263.43,0.3594,-0.9662,1,0
2021-03-10,sh.601989,6.9086025,6.95915325,6.82435125,6.8412015,6.9086025,45644353.0,186217729.79,0.2496,-0.9756,1,0
2021-03-11,sh.601989,6.85805175,6.9086025,6.82435125,6.9086025,6.8412015,47895730.0,195075636.53,0.262,0.9852,1,0
2021-03-12,sh.601989,6.89175225,6.942303,6.8412015,6.9086025,6.9086025,54115071.0,221465830.64,0.296,0.0,1,0
2021-03-15,sh.601989,6.89175225,6.99285375,6.85805175,6.942303,6.9086025,50508613.0,207774600.84,0.2762,0.4878,1,0
2021-03-16,sh.601989,6.942303,6.95915325,6.874902,6.92545275,6.942303,40678456.0,167034553.47,0.2225,-0.2427,1,0
2021-03-17,sh.601989,6.9086025,6.9760035,6.89175225,6.92545275,6.92545275,50540420.0,207828388.15,0.2764,0.0,1,0
2021-03-18,sh.601989,6.9086025,6.942303,6.874902,6.874902,6.92545275,43135705.0,176594543.41,0.2359,-0.7299,1,0
2021-03-19,sh.601989,6.85805175,6.9086025,6.82435125,6.89175225,6.874902,45421575.0,185045346.97,0.2484,0.2451,1,0
2021-03-22,sh.601989,6.874902,6.92545275,6.8412015,6.9086025,6.89175225,40716343.0,166541593.27,0.2227,0.2445,1,0
2021-03-23,sh.601989,6.9086025,6.9086025,6.8412015,6.874902,6.9086025,38718762.0,157870207.56,0.2118,-0.4878,1,0
2021-03-24,sh.601989,6.8412015,6.89175225,6.82435125,6.8412015,6.874902,40224029.0,163456015.77,0.22,-0.4902,1,0
2021-03-25,sh.601989,6.8412015,6.874902,6.82435125,6.82435125,6.8412015,31184483.0,126595709.54,0.1706,-0.2463,1,0
2021-03-26,sh.601989,6.82435125,6.874902,6.82435125,6.8412015,6.82435125,28987994.0,117806055.56,0.1585,0.2469,1,0
2021-03-29,sh.601989,6.8412015,6.9086025,6.82435125,6.85805175,6.8412015,43401761.0,177099321.01,0.2374,0.2463,1,0
2021-03-30,sh.601989,6.85805175,6.942303,6.8412015,6.874902,6.85805175,62107780.0,254396792.3,0.3397,0.2457,1,0
2021-03-31,sh.601989,6.874902,6.942303,6.85805175,6.89175225,6.874902,48253749.0,197447826.41,0.2639,0.2451,1,0
2021-04-01,sh.601989,6.89175225,6.92545275,6.85805175,6.874902,6.89175225,35037986.0,143207115.88,0.1916,-0.2445,1,0
2021-04-02,sh.601989,6.874902,6.89175225,6.82435125,6.85805175,6.874902,39384977.0,160343239.39,0.2154,-0.2451,1,0
2021-04-06,sh.601989,6.9086025,7.22875725,6.9086025,7.06025475,6.85805175,152602134.0,639472470.12,0.8346,2.9484,1,0
2021-04-07,sh.601989,7.077105,7.279308,7.009704,7.16135625,7.06025475,135274050.0,575336142.85,0.7399,1.432,1,0
2021-04-08,sh.601989,7.12765575,7.12765575,7.009704,7.02655425,7.16135625,78140578.0,327216060.9,0.4274,-1.8824,1,0
2021-04-09,sh.601989,7.02655425,7.1108055,6.99285375,7.02655425,7.02655425,51479859.0,215186805.63,0.2816,0.0,1,0
2021-04-12,sh.601989,7.0434045,7.1108055,6.9760035,6.99285375,7.02655425,55422410.0,231745598.96,0.3031,-0.4796,1,0
2021-04-13,sh.601989,6.99285375,7.009704,6.89175225,6.9086025,6.99285375,46236014.0,190069037.26,0.2529,-1.2048,1,0
2021-04-14,sh.601989,6.9086025,6.95915325,6.874902,6.942303,6.9086025,42123769.0,172866913.52,0.2304,0.4878,1,0
2021-04-15,sh.601989,6.92545275,6.9760035,6.89175225,6.942303,6.942303,38127619.0,156972075.69,0.2085,0.0,1,0
2021-04-16,sh.601989,6.95915325,7.144506,6.942303,7.077105,6.942303,78864825.0,330011754.19,0.4313,1.9417,1,0
2021-04-19,sh.601989,7.077105,7.144506,7.02655425,7.06025475,7.077105,85709496.0,359906694.53,0.4688,-0.2381,1,0
2021-04-20,sh.601989,7.02655425,7.09395525,7.02655425,7.0434045,7.06025475,59203607.0,247797798.33,0.3238,-0.2387,1,0
2021-04-21,sh.601989,7.009704,7.02655425,6.95915325,6.95915325,7.0434045,42296109.0,175163998.17,0.2313,-1.1962,1,0
2021-04-22,sh.601989,6.9760035,7.009704,6.942303,6.95915325,6.95915325,36952045.0,152807912.75,0.2021,0.0,1,0
2021-04-23,sh.601989,6.95915325,6.9760035,6.874902,6.89175225,6.95915325,46350257.0,190001072.23,0.2535,-0.9685,1,0
2021-04-26,sh.601989,6.89175225,7.0434045,6.89175225,6.92545275,6.89175225,60358275.0,249519696.43,0.3301,0.489,1,0
2021-04-27,sh.601989,6.89175225,6.942303,6.8412015,6.92545275,6.92545275,42187187.0,172396824.9,0.2307,0.0,1,0
2021-04-28,sh.601989,6.92545275,6.942303,6.874902,6.9086025,6.92545275,37889059.0,155321218.38,0.2072,-0.2433,1,0
2021-04-29,sh.601989,6.89175225,6.942303,6.85805175,6.874902,6.9086025,40831925.0,167025551.15,0.2233,-0.4878,1,0
2021-04-30,sh.601989,6.89175225,6.942303,6.8412015,6.89175225,6.874902,59198795.0,242251183.39,0.3238,0.2451,1,0
2021-05-06,sh.601989,6.9086025,7.144506,6.89175225,7.06025475,6.89175225,108585027.0,453794699.06,0.5939,2.445,1,0
2021-05-07,sh.601989,7.06025475,7.16135625,7.009704,7.06025475,7.06025475,99760228.0,419197533.14,0.5456,0.0,1,0
2021-05-10,sh.601989,7.0434045,7.12765575,7.009704,7.12765575,7.06025475,98440005.0,413710735.34,0.5384,0.9547,1,0
2021-05-11,sh.601989,7.09395525,7.144506,7.0434045,7.144506,7.12765575,69507756.0,292615170.41,0.3802,0.2364,1,0
2021-05-12,sh.601989,7.144506,7.144506,7.009704,7.077105,7.144506,61755154.0,258794295.11,0.3378,-0.9434,1,0
2021-05-13,sh.601989,7.02655425,7.12765575,7.009704,7.06025475,7.077105,59786726.0,251078193.25,0.327,-0.2381,1,0
2021-05-14,sh.601989,7.06025475,7.12765575,7.009704,7.12765575,7.06025475,89119664.0,374660440.41,0.4874,0.9547,1,0
2021-05-17,sh.601989,7.12765575,7.12765575,7.06025475,7.09395525,7.12765575,60970391.0,256565715.97,0.3335,-0.4728,1,0
2021-05-18,sh.601989,7.12765575,7.211907,7.09395525,7.144506,7.09395525,103526742.0,439486219.6,0.5662,0.7126,1,0
2021-05-19,sh.601989,7.12765575,7.12765575,7.0434045,7.09395525,7.144506,70090326.0,294551079.2,0.3833,-0.7075,1,0
2021-05-20,sh.601989,7.077105,7.144506,7.0434045,7.1108055,7.09395525,76130001.0,321350866.18,0.4164,0.2375,1,0
2021-05-21,sh.601989,7.09395525,7.12765575,7.0434045,7.06025475,7.1108055,56823890.0,238280692.1,0.3108,-0.7109,1,0
2021-05-24,sh.601989,7.0434045,7.1108055,7.0434045,7.06025475,7.06025475,57528544.0,241253912.93,0.3146,0.0,1,0
2021-05-25,sh.601989,7.0434045,7.12765575,6.99285375,7.12765575,7.06025475,89968604.0,378160442.32,0.4921,0.9547,1,0
2021-05-26,sh.601989,7.1108055,7.22875725,7.1108055,7.144506,7.12765575,91411015.0,389223108.98,0.5,0.2364,1,0
2021-05-27,sh.601989,7.144506,7.16135625,7.077105,7.1108055,7.144506,66606330.0,281382987.84,0.3643,-0.4717,1,0
2021-05-28,sh.601989,7.1108055,7.12765575,7.02655425,7.06025475,7.1108055,69342577.0,290798570.31,0.3793,-0.7109,1,0
2021-05-31,sh.601989,7.0434045,7.077105,6.99285375,7.009704,7.06025475,77709673.0,323799978.1,0.425,-0.716,1,0
2021-06-01,sh.601989,7.009704,7.009704,6.9760035,7.009704,7.009704,64086380.0,266050166.0,0.3505,0.0,1,0
2021-06-02,sh.601989,6.99285375,7.009704,6.9086025,6.92545275,7.009704,74268286.0,306634169.46,0.4062,-1.2019,1,0
2021-06-03,sh.601989,6.92545275,6.9760035,6.9086025,6.92545275,6.92545275,53300395.0,219775447.95,0.2915,0.0,1,0
2021-06-04,sh.601989,6.92545275,6.9760035,6.9086025,6.942303,6.92545275,47629489.0,196330174.07,0.2605,0.2433,1,0
2021-06-07,sh.601989,6.95915325,6.9760035,6.92545275,6.942303,6.942303,46104392.0,190058983.12,0.2522,0.0,1,0
2021-06-08,sh.601989,6.942303,6.99285375,6.89175225,6.9760035,6.942303,74209174.0,305108908.97,0.4059,0.4854,1,0
2021-06-09,sh.601989,6.9760035,6.99285375,6.92545275,6.92545275,6.9760035,54213135.0,223426613.64,0.2965,-0.7246,1,0
2021-06-10,sh.601989,6.92545275,6.942303,6.89175225,6.92545275,6.92545275,66397397.0,272781153.7,0.3631,0.0,1,0
2021-06-11,sh.601989,6.9086025,6.92545275,6.874902,6.89175225,6.92545275,82707701.0,338234620.2,0.4524,-0.4866,1,0
2021-06-15,sh.601989,6.89175225,6.92545275,6.874902,6.874902,6.89175225,56022610.0,229010369.77,0.3064,-0.2445,1,0
2021-06-16,sh.601989,6.874902,6.9086025,6.85805175,6.874902,6.874902,45870332.0,187426567.08,0.2509,0.0,1,0
2021-06-17,sh.601989,6.874902,6.9086025,6.85805175,6.874902,6.874902,41588095.0,169668740.79,0.2275,0.0,1,0
2021-06-18,sh.601989,6.85805175,6.89175225,6.8412015,6.874902,6.874902,43325881.0,176657930.48,0.237,0.0,1,0
2021-06-21,sh.601989,6.85805175,6.92545275,6.85805175,6.92545275,6.874902,57704525.0,235744378.18,0.3156,0.7353,1,0
2021-06-22,sh.601989,6.9086025,6.942303,6.89175225,6.92545275,6.92545275,60565702.0,248556570.3,0.3313,0.0,1,0
2021-06-23,sh.601989,6.9086025,6.92545275,6.874902,6.89175225,6.92545275,43310301.0,177225261.29,0.2369,-0.4866,1,0
2021-06-24,sh.601989,6.874902,6.92545275,6.85805175,6.89175225,6.89175225,48096300.0,196824608.0,0.2631,0.0,1,0
2021-06-25,sh.601989,6.89175225,6.942303,6.85805175,6.92545275,6.89175225,60335071.0,247147598.63,0.33,0.489,1,0
2021-06-28,sh.601989,6.92545275,6.942303,6.874902,6.89175225,6.92545275,47537081.0,194686700.48,0.26,-0.4866,1,0
2021-06-29,sh.601989,6.89175225,6.92545275,6.85805175,6.874902,6.89175225,46181535.0,188736494.5,0.2526,-0.2445,1,0
2021-06-30,sh.601989,6.874902,6.95915325,6.85805175,6.942303,6.874902,65019370.0,266831588.52,0.3556,0.9804,1,0
2021-07-01,sh.601989,6.95915325,6.9760035,6.89175225,6.9086025,6.942303,77444562.0,319266350.65,0.4236,-0.4854,1,0
2021-07-02,sh.601989,6.9760035,7.09395525,6.95915325,7.009704,6.9086025,129663204.0,540002536.17,0.7092,1.4634,1,0
2021-07-05,sh.601989,7.009704,7.09395525,6.9760035,7.02655425,7.009704,76239174.0,317839546.8,0.417,0.2404,1,0
2021-07-06,sh.601989,7.009704,7.02655425,6.942303,6.9760035,7.02655425,56472824.0,233690484.52,0.3089,-0.7194,1,0
2021-07-07,sh.601989,6.9760035,6.99285375,6.92545275,6.942303,6.9760035,47003394.0,193754715.21,0.2571,-0.4831,1,0
2021-07-08,sh.601989,6.92545275,6.942303,6.89175225,6.89175225,6.942303,56545912.0,231865905.08,0.3093,-0.7282,1,0
2021-07-09,sh.601989,6.89175225,6.9086025,6.85805175,6.89175225,6.89175225,55216531.0,225491341.17,0.302,0.0,1,0
2021-07-12,sh.601989,6.92545275,6.92545275,6.874902,6.89175225,6.89175225,66849700.0,273682190.86,0.3656,0.0,1,0
2021-07-13,sh.601989,6.89175225,6.9086025,6.85805175,6.89175225,6.89175225,65832780.0,268912585.0,0.3601,0.0,1,0
2021-07-14,sh.601989,6.874902,6.89175225,6.79065075,6.807501,6.89175225,74173099.0,301049557.96,0.4057,-1.2225,1,0
2021-07-15,sh.601989,6.79065075,6.82435125,6.7401,6.79065075,6.807501,65681560.0,264369905.6,0.3592,-0.2475,1,0
2021-07-16,sh.601989,6.79065075,6.8412015,6.72324975,6.807501,6.79065075,86083487.0,346370243.03,0.4708,0.2481,1,0
2021-07-19,sh.601989,6.79065075,6.807501,6.72324975,6.72324975,6.807501,71053272.0,284651176.04,0.3886,-1.2376,1,0
2021-07-20,sh.601989,6.7063995,6.79065075,6.68954925,6.75695025,6.72324975,47757503.0,191214031.8,0.2612,0.5013,1,0
2021-07-21,sh.601989,6.7738005,6.79065075,6.72324975,6.75695025,6.75695025,54556778.0,218765886.01,0.2984,0.0,1,0
2021-07-22,sh.601989,6.7401,6.7738005,6.7063995,6.75695025,6.75695025,56167111.0,224810724.08,0.3072,0.0,1,0
2021-07-23,sh.601989,6.75695025,6.85805175,6.72324975,6.8412015,6.75695025,99026855.0,398769616.92,0.5416,1.2469,1,0
2021-07-26,sh.601989,6.807501,6.9086025,6.6389985,6.6389985,6.8412015,243667407.0,978131546.25,1.3327,-2.9557,1,0
2021-07-27,sh.601989,6.62214825,6.68954925,6.48734625,6.48734625,6.6389985,196275872.0,765196782.02,1.0735,-2.2843,1,0
2021-07-28,sh.601989,6.470496,6.48734625,6.3693945,6.403095,6.48734625,97542290.0,371548741.28,0.5335,-1.2987,1,0
2021-07-29,sh.601989,6.45364575,6.45364575,6.403095,6.45364575,6.403095,61097078.0,233154404.27,0.3342,0.7895,1,0
2021-07-30,sh.601989,6.4367955,6.45364575,6.38624475,6.41994525,6.45364575,62540352.0,238172944.81,0.3421,-0.5222,1,0
2021-08-02,sh.601989,6.41994525,6.605298,6.38624475,6.58844775,6.41994525,96134660.0,371713887.78,0.5258,2.6247,1,0
2021-08-03,sh.601989,6.5715975,6.65584875,6.537897,6.55474725,6.58844775,71540816.0,279733063.3,0.3913,-0.5115,1,0
2021-08-04,sh.601989,6.537897,6.58844775,6.52104675,6.5715975,6.55474725,59782665.0,232722882.8,0.327,0.2571,1,0
2021-08-05,sh.601989,6.5715975,7.077105,6.537897,6.92545275,6.5715975,302228096.0,1231340125.51,1.653,5.3846,1,0
2021-08-06,sh.601989,6.85805175,6.95915325,6.79065075,6.82435125,6.92545275,149916360.0,609385732.34,0.8199,-1.4599,1,0
2021-08-09,sh.601989,6.8412015,6.9086025,6.7738005,6.807501,6.82435125,86261494.0,349522443.0,0.4718,-0.2469,1,0
2021-08-10,sh.601989,6.79065075,6.89175225,6.7738005,6.85805175,6.807501,94695491.0,384821111.0,0.5179,0.7426,1,0
2021-08-11,sh.601989,6.8412015,6.874902,6.79065075,6.807501,6.85805175,87531322.0,354642116.58,0.4787,-0.7371,1,0
2021-08-12,sh.601989,6.82435125,6.85805175,6.75695025,6.75695025,6.807501,64835678.0,261173086.82,0.3546,-0.7426,1,0
2021-08-13,sh.601989,6.7738005,6.92545275,6.72324975,6.7738005,6.75695025,175941164.0,711193387.21,0.9623,0.2494,1,0
2021-08-16,sh.601989,6.7738005,6.89175225,6.7401,6.75695025,6.7738005,92224970.0,371989469.66,0.5044,-0.2488,1,0
2021-08-17,sh.601989,6.75695025,6.82435125,6.72324975,6.7401,6.75695025,98399746.0,395175906.56,0.5382,-0.2494,1,0
2021-08-18,sh.601989,6.7401,6.79065075,6.68954925,6.7738005,6.7401,79678209.0,318900154.47,0.4358,0.5,1,0
2021-08-19,sh.601989,6.75695025,6.7738005,6.7063995,6.7401,6.7738005,82625573.0,329999396.89,0.4519,-0.4975,1,0
2021-08-20,sh.601989,6.7063995,6.75695025,6.62214825,6.65584875,6.7401,109502790.0,433704832.29,0.5989,-1.25,1,0
2021-08-23,sh.601989,6.65584875,6.82435125,6.6389985,6.79065075,6.65584875,135266902.0,542441629.67,0.7398,2.0253,1,0
2021-08-24,sh.601989,6.75695025,6.8412015,6.72324975,6.82435125,6.79065075,131274738.0,528772595.78,0.718,0.4963,1,0
2021-08-25,sh.601989,6.807501,7.279308,6.79065075,7.144506,6.82435125,413954208.0,1737919152.07,2.264,4.6914,1,0
2021-08-26,sh.601989,7.09395525,7.41411,7.0434045,7.22875725,7.144506,403520992.0,1734928511.13,2.207,1.1792,1,0
2021-08-27,sh.601989,7.19505675,7.279308,7.06025475,7.077105,7.22875725,198075276.0,839546993.41,1.0833,-2.0979,1,0
2021-08-30,sh.601989,7.1782065,7.279308,6.95915325,7.009704,7.077105,200142036.0,843650685.57,1.0946,-0.9524,1,0
2021-08-31,sh.601989,6.99285375,7.481511,6.95915325,7.36355925,7.009704,348274960.0,1507580350.97,1.9048,5.0481,1,0
2021-09-01,sh.601989,7.36355925,7.83536625,7.346709,7.5826125,7.36355925,400626224.0,1808322987.55,2.1911,2.9748,1,0
2021-09-02,sh.601989,7.63316325,7.66686375,7.3804095,7.53206175,7.5826125,280560848.0,1243796393.02,1.2704,-0.6667,1,0
2021-09-03,sh.601989,7.5152115,7.53206175,7.26245775,7.3130085,7.53206175,278153504.0,1217531438.67,1.2595,-2.9083,1,0
2021-09-06,sh.601989,7.346709,7.481511,7.3130085,7.41411,7.3130085,199423328.0,875723675.35,0.903,1.3825,1,0
2021-09-07,sh.601989,7.41411,7.885917,7.36355925,7.7848155,7.41411,381932880.0,1728751933.94,1.7295,5.0,1,0
2021-09-08,sh.601989,7.7174145,7.9870185,7.66686375,7.83536625,7.7848155,329818144.0,1533421698.11,1.4935,0.6494,1,0
2021-09-09,sh.601989,7.76796525,8.222922,7.683714,8.0544195,7.83536625,395818144.0,1879872164.4,1.7923,2.7957,1,0
2021-09-10,sh.601989,8.0544195,8.222922,7.8522165,7.86906675,8.0544195,329493984.0,1564669426.05,1.492,-2.3013,1,0
2021-09-13,sh.601989,7.83536625,8.290323,7.76796525,8.17237125,7.86906675,309133008.0,1487062480.48,1.3998,3.8544,1,0
2021-09-14,sh.601989,8.1218205,8.17237125,7.7848155,7.818516,8.17237125,280252000.0,1324384455.55,1.269,-4.3299,1,0
2021-09-15,sh.601989,7.818516,7.93646775,7.751115,7.818516,7.818516,163311879.0,759165732.36,0.7395,0.0,1,0
2021-09-16,sh.601989,7.83536625,7.9870185,7.5826125,7.616313,7.818516,227005048.0,1046972556.36,1.0279,-2.5862,1,0
2021-09-17,sh.601989,7.751115,7.8522165,7.481511,7.70056425,7.616313,201361771.0,918879631.31,0.9118,1.1062,1,0
2021-09-22,sh.601989,7.5826125,8.17237125,7.49836125,8.10497025,7.70056425,357228208.0,1691935966.87,1.6176,5.2516,1,0
2021-09-23,sh.601989,8.0544195,8.559927,8.03756925,8.4588255,8.10497025,443244960.0,2187903109.5,2.0071,4.3659,1,0
2021-09-24,sh.601989,8.425125,8.50937625,8.155521,8.23977225,8.4588255,237758520.0,1174513178.04,1.0766,-2.5896,1,0
2021-09-27,sh.601989,8.20607175,8.2566225,7.5826125,7.73426475,8.23977225,277068656.0,1294245720.36,1.2546,-6.135,1,0
2021-09-28,sh.601989,7.683714,7.86906675,7.616313,7.751115,7.73426475,156090675.0,717254608.58,0.7068,0.2179,1,0
2021-09-29,sh.601989,7.66686375,7.683714,7.32985875,7.41411,7.751115,180334074.0,799578198.26,0.8166,-4.3478,1,0
2021-09-30,sh.601989,7.43096025,7.548912,7.36355925,7.43096025,7.41411,102250809.0,452509430.89,0.463,0.2273,1,0
2021-10-08,sh.601989,7.56576225,7.683714,7.46466075,7.53206175,7.43096025,104354700.0,467512114.53,0.4725,1.3605,1,0
2021-10-11,sh.601989,7.481511,7.56576225,7.346709,7.46466075,7.53206175,122203127.0,538969716.64,0.5534,-0.8949,1,0
2021-10-12,sh.601989,7.39725975,7.4478105,7.09395525,7.1782065,7.46466075,150907648.0,647725482.96,0.6833,-3.8375,1,0
2021-10-13,sh.601989,7.16135625,7.279308,7.077105,7.2456075,7.1782065,105410397.0,448409716.18,0.4773,0.939,1,0
2021-10-14,sh.601989,7.22875725,7.29615825,7.19505675,7.22875725,7.2456075,71578954.0,307877044.83,0.3241,-0.2326,1,0
2021-10-15,sh.601989,7.22875725,7.279308,7.16135625,7.16135625,7.22875725,63431994.0,271160856.15,0.2872,-0.9324,1,0
2021-10-18,sh.601989,7.144506,7.29615825,7.12765575,7.22875725,7.16135625,88320711.0,377541247.67,0.3999,0.9412,1,0
2021-10-19,sh.601989,7.19505675,7.2456075,7.12765575,7.19505675,7.22875725,74252112.0,315887894.0,0.3362,-0.4662,1,0
2021-10-20,sh.601989,7.16135625,7.22875725,7.09395525,7.16135625,7.19505675,81261302.0,345173987.9,0.368,-0.4684,1,0
2021-10-21,sh.601989,7.144506,7.211907,7.009704,7.02655425,7.16135625,100200923.0,422272114.2,0.4537,-1.8824,1,0
2021-10-22,sh.601989,7.009704,7.211907,6.99285375,7.06025475,7.02655425,94120777.0,397250717.76,0.4262,0.4796,1,0
2021-10-25,sh.601989,7.02655425,7.144506,6.99285375,7.144506,7.06025475,73721145.0,309685684.71,0.3338,1.1933,1,0
2021-10-26,sh.601989,7.12765575,7.144506,7.009704,7.06025475,7.144506,65573901.0,275240821.17,0.2969,-1.1792,1,0
2021-10-27,sh.601989,7.12765575,7.144506,6.942303,6.9760035,7.06025475,81470075.0,339944993.98,0.3689,-1.1933,1,0
2021-10-28,sh.601989,6.9086025,6.9760035,6.79065075,6.8412015,6.9760035,93324199.0,379949778.11,0.4226,-1.9324,1,0
2021-10-29,sh.601989,6.8412015,6.99285375,6.807501,6.9760035,6.8412015,83773296.0,343571264.88,0.3793,1.9704,1,0
2021-11-01,sh.601989,6.942303,7.02655425,6.9086025,6.95915325,6.9760035,69349406.0,286349427.8,0.314,-0.2415,1,0
2021-11-02,sh.601989,6.99285375,7.56576225,6.95915325,7.46466075,6.95915325,312952032.0,1343122610.37,1.4171,7.2639,1,0
2021-11-03,sh.601989,7.2456075,7.26245775,7.1108055,7.1782065,7.46466075,179280708.0,763856662.61,0.8118,-3.8375,1,0
2021-11-04,sh.601989,7.144506,7.2456075,7.0434045,7.1782065,7.1782065,120129614.0,509054360.26,0.544,0.0,1,0
2021-11-05,sh.601989,7.144506,7.144506,6.942303,6.95915325,7.1782065,114099966.0,475875386.38,0.5167,-3.0516,1,0
2021-11-08,sh.601989,6.92545275,6.95915325,6.874902,6.95915325,6.95915325,67653396.0,277816533.42,0.3063,0.0,1,0
2021-11-09,sh.601989,6.942303,7.077105,6.874902,7.02655425,6.95915325,94022370.0,390007185.9,0.4258,0.9685,1,0
2021-11-10,sh.601989,6.99285375,7.09395525,6.942303,7.009704,7.02655425,83054167.0,345843848.48,0.3761,-0.2398,1,0
2021-11-11,sh.601989,6.9760035,7.06025475,6.9760035,7.02655425,7.009704,72798635.0,303028622.14,0.3296,0.2404,1,0
2021-11-12,sh.601989,7.009704,7.12765575,6.99285375,7.09395525,7.02655425,100311353.0,420944284.21,0.4542,0.9592,1,0
2021-11-15,sh.601989,7.077105,7.346709,7.0434045,7.144506,7.09395525,137777013.0,588215056.79,0.6239,0.7126,1,0
2021-11-16,sh.601989,7.1108055,7.16135625,6.9760035,6.99285375,7.144506,94201970.0,394876265.53,0.4266,-2.1226,1,0
2021-11-17,sh.601989,6.9760035,7.06025475,6.92545275,7.009704,6.99285375,70540304.0,292858123.6,0.3194,0.241,1,0
2021-11-18,sh.601989,6.9760035,7.09395525,6.95915325,7.0434045,7.009704,75042166.0,313705583.55,0.3398,0.4808,1,0
2021-11-19,sh.601989,7.02655425,7.09395525,6.9760035,7.06025475,7.0434045,69815677.0,291522705.46,0.3161,0.2392,1,0
2021-11-22,sh.601989,7.02655425,7.1108055,7.009704,7.06025475,7.06025475,76022165.0,319047053.8,0.3442,0.0,1,0
2021-11-23,sh.601989,7.0434045,7.19505675,7.02655425,7.144506,7.06025475,116299550.0,491520989.25,0.5266,1.1933,1,0
2021-11-24,sh.601989,7.12765575,7.1782065,7.077105,7.09395525,7.144506,74257800.0,313013604.0,0.3363,-0.7075,1,0
2021-11-25,sh.601989,7.09395525,7.1108055,7.009704,7.02655425,7.09395525,66957306.0,280088600.68,0.3032,-0.9501,1,0
2021-11-26,sh.601989,7.009704,7.02655425,6.95915325,6.9760035,7.02655425,67572241.0,280189632.53,0.306,-0.7194,1,0
2021-11-29,sh.601989,6.9086025,6.9760035,6.874902,6.92545275,6.9760035,77709239.0,319129390.74,0.3519,-0.7246,1,0
2021-11-30,sh.601989,6.92545275,7.12765575,6.9086025,7.02655425,6.92545275,132129434.0,551495999.87,0.5983,1.4599,1,0
2021-12-01,sh.601989,6.99285375,7.009704,6.95915325,6.99285375,7.02655425,77556868.0,321320580.34,0.3512,-0.4796,1,0
2021-12-02,sh.601989,6.99285375,7.06025475,6.95915325,7.009704,6.99285375,88949511.0,370871288.7,0.4028,0.241,1,0
2021-12-03,sh.601989,7.009704,7.09395525,6.99285375,7.06025475,7.009704,103250395.0,431961592.85,0.4675,0.7212,1,0
2021-12-06,sh.601989,7.077105,7.1782065,7.02655425,7.06025475,7.06025475,125144800.0,526910840.47,0.5667,0.0,1,0
2021-12-07,sh.601989,7.077105,7.09395525,6.9760035,7.02655425,7.06025475,108343887.0,451002672.52,0.4906,-0.4773,1,0
2021-12-08,sh.601989,7.02655425,7.16135625,7.009704,7.144506,7.02655425,152196862.0,641791038.15,0.6892,1.6787,1,0
2021-12-09,sh.601989,7.12765575,7.22875725,7.09395525,7.211907,7.144506,148158434.0,631428385.75,0.6709,0.9434,1,0
2021-12-10,sh.601989,7.1782065,7.211907,7.12765575,7.211907,7.211907,99132860.0,421414938.96,0.4489,0.0,1,0
2021-12-13,sh.601989,7.211907,7.26245775,7.12765575,7.144506,7.211907,97883299.0,417787434.15,0.4432,-0.9346,1,0
2021-12-14,sh.601989,7.144506,7.211907,7.12765575,7.19505675,7.144506,95082176.0,405467045.77,0.4306,0.7075,1,0
2021-12-15,sh.601989,7.16135625,7.29615825,7.144506,7.16135625,7.19505675,90470514.0,386889764.22,0.4097,-0.4684,1,0
2021-12-16,sh.601989,7.16135625,7.19505675,7.12765575,7.16135625,7.16135625,84741165.0,359654602.75,0.3837,0.0,1,0
2021-12-17,sh.601989,7.1782065,7.2456075,7.12765575,7.144506,7.16135625,88821515.0,378284241.8,0.4022,-0.2353,1,0
2021-12-20,sh.601989,7.12765575,7.144506,7.0434045,7.0434045,7.144506,95955916.0,403833058.91,0.4345,-1.4151,1,0
2021-12-21,sh.601989,7.0434045,7.1108055,7.02655425,7.1108055,7.0434045,85081450.0,357156190.5,0.3853,0.9569,1,0
2021-12-22,sh.601989,7.1108055,7.1108055,7.06025475,7.077105,7.1108055,58469761.0,245665344.96,0.2648,-0.4739,1,0
2021-12-23,sh.601989,7.077105,7.09395525,7.02655425,7.0434045,7.077105,62808283.0,262927995.27,0.2844,-0.4762,1,0
2021-12-24,sh.601989,7.02655425,7.0434045,6.95915325,6.9760035,7.0434045,80990412.0,336124435.68,0.3667,-0.9569,1,0
2021-12-27,sh.601989,6.9760035,7.009704,6.95915325,7.009704,6.9760035,55309962.0,229484717.46,0.2505,0.4831,1,0
2021-12-28,sh.601989,6.9760035,7.0434045,6.9760035,7.02655425,7.009704,56175994.0,233492500.61,0.2544,0.2404,1,0
2021-12-29,sh.601989,7.09395525,7.26245775,7.077105,7.09395525,7.02655425,152625095.0,646586049.7,0.6911,0.9592,1,0
2021-12-30,sh.601989,7.06025475,7.144506,7.0434045,7.1108055,7.09395525,95398981.0,401040632.46,0.432,0.2375,1,0
2021-12-31,sh.601989,7.09395525,7.12765575,7.077105,7.1108055,7.1108055,76144571.0,321094738.81,0.3448,0.0,1,0
2022-01-04,sh.601989,7.1108055,7.19505675,7.09395525,7.16135625,7.1108055,98651888.0,418598892.19,0.4467,0.7109,1,0
2022-01-05,sh.601989,7.1782065,7.19505675,7.06025475,7.09395525,7.16135625,91585429.0,386683896.64,0.4147,-0.9412,1,0
2022-01-06,sh.601989,7.06025475,7.1782065,7.0434045,7.12765575,7.09395525,89549185.0,377954342.02,0.4055,0.4751,1,0
2022-01-07,sh.601989,7.12765575,7.211907,7.1108055,7.16135625,7.12765575,106748500.0,454154516.54,0.4834,0.4728,1,0
2022-01-10,sh.601989,7.16135625,7.19505675,7.12765575,7.1782065,7.16135625,77106796.0,327592707.69,0.3492,0.2353,1,0
2022-01-11,sh.601989,7.16135625,7.1782065,7.077105,7.09395525,7.1782065,96821422.0,408975444.31,0.4384,-1.1737,1,0
2022-01-12,sh.601989,7.09395525,7.144506,7.077105,7.12765575,7.09395525,67021039.0,282595555.83,0.3035,0.4751,1,0
2022-01-13,sh.601989,7.16135625,7.1782065,7.09395525,7.1108055,7.12765575,91827062.0,389281243.19,0.4158,-0.2364,1,0
2022-01-14,sh.601989,7.09395525,7.1108055,6.99285375,7.009704,7.1108055,91435257.0,382663459.4,0.414,-1.4218,1,0
2022-01-17,sh.601989,6.99285375,7.06025475,6.9760035,7.02655425,7.009704,59679756.0,248965375.27,0.2702,0.2404,1,0
2022-01-18,sh.601989,7.0434045,7.06025475,6.99285375,7.02655425,7.02655425,54187795.0,225814898.68,0.2454,0.0,1,0
2022-01-19,sh.601989,7.009704,7.06025475,6.9760035,7.009704,7.02655425,61519636.0,256204822.25,0.2786,-0.2398,1,0
2022-01-20,sh.601989,7.009704,7.02655425,6.9760035,6.99285375,7.009704,66775314.0,277246176.76,0.3024,-0.2404,1,0
2022-01-21,sh.601989,6.9760035,6.99285375,6.9086025,6.9086025,6.99285375,74685306.0,307245238.19,0.3382,-1.2048,1,0
2022-01-24,sh.601989,6.85805175,6.9086025,6.82435125,6.874902,6.9086025,54269449.0,221383319.92,0.2457,-0.4878,1,0
2022-01-25,sh.601989,6.9086025,6.942303,6.75695025,6.75695025,6.874902,96369082.0,391030806.82,0.4364,-1.7157,1,0
2022-01-26,sh.601989,6.75695025,6.82435125,6.7401,6.807501,6.75695025,53582605.0,215508852.41,0.2426,0.7481,1,0
2022-01-27,sh.601989,6.79065075,6.807501,6.7063995,6.7063995,6.807501,62794041.0,251046362.94,0.2843,-1.4851,1,0
2022-01-28,sh.601989,6.7063995,6.7738005,6.68954925,6.72324975,6.7063995,58095321.0,232111649.29,0.2631,0.2513,1,0
2022-02-07,sh.601989,6.75695025,6.874902,6.75695025,6.85805175,6.72324975,62113607.0,251419384.48,0.2813,2.005,1,0
2022-02-08,sh.601989,6.85805175,6.942303,6.8412015,6.942303,6.85805175,54759673.0,223656833.01,0.248,1.2285,1,0
2022-02-09,sh.601989,6.92545275,6.9760035,6.9086025,6.942303,6.942303,74573369.0,307378987.64,0.3377,0.0,1,0
2022-02-10,sh.601989,6.942303,6.95915325,6.9086025,6.942303,6.942303,53361681.0,219571916.7,0.2416,0.0,1,0
2022-02-11,sh.601989,6.92545275,6.942303,6.874902,6.874902,6.942303,59083662.0,242010586.91,0.2675,-0.9709,1,0
2022-02-14,sh.601989,6.874902,6.95915325,6.85805175,6.9086025,6.874902,57239640.0,234356940.0,0.2592,0.4902,1,0
2022-02-15,sh.601989,6.89175225,6.9086025,6.85805175,6.89175225,6.9086025,36873195.0,150619903.6,0.167,-0.2439,1,0
2022-02-16,sh.601989,6.9086025,6.92545275,6.85805175,6.89175225,6.89175225,41364481.0,169204166.5,0.1873,0.0,1,0
2022-02-17,sh.601989,6.89175225,6.89175225,6.8412015,6.8412015,6.89175225,46186893.0,188138732.98,0.2091,-0.7335,1,0
2022-02-18,sh.601989,6.82435125,6.874902,6.7738005,6.874902,6.8412015,66238962.0,268129419.14,0.2999,0.4926,1,0
2022-02-21,sh.601989,6.85805175,6.89175225,6.8412015,6.874902,6.874902,49859120.0,203154911.41,0.2258,0.0,1,0
2022-02-22,sh.601989,6.874902,6.9086025,6.82435125,6.82435125,6.874902,62000112.0,252426847.53,0.2807,-0.7353,1,0
2022-02-23,sh.601989,6.82435125,6.9086025,6.807501,6.89175225,6.82435125,69269642.0,282029982.34,0.3137,0.9877,1,0
2022-02-24,sh.601989,6.874902,7.02655425,6.807501,6.942303,6.89175225,180846464.0,741991876.56,0.8189,0.7335,1,0
2022-02-25,sh.601989,6.89175225,6.89175225,6.8412015,6.874902,6.942303,86343539.0,351750219.06,0.391,-0.9709,1,0
2022-02-28,sh.601989,6.85805175,6.95915325,6.82435125,6.92545275,6.874902,88129944.0,361406000.0,0.3991,0.7353,1,0
2022-03-01,sh.601989,6.9086025,6.95915325,6.89175225,6.95915325,6.92545275,75922326.0,312498592.0,0.3438,0.4866,1,0
2022-03-02,sh.601989,6.95915325,6.95915325,6.9086025,6.92545275,6.95915325,57440308.0,235977988.0,0.2601,-0.4843,1,0
2022-03-03,sh.601989,6.9086025,6.942303,6.89175225,6.942303,6.92545275,69834472.0,286833920.0,0.3162,0.2433,1,0
2022-03-04,sh.601989,6.9086025,6.92545275,6.8412015,6.85805175,6.942303,76186986.0,310764016.0,0.345,-1.2136,1,0
2022-03-07,sh.601989,6.82435125,6.8412015,6.75695025,6.75695025,6.85805175,72400774.0,292100944.0,0.3278,-1.4742,1,0
2022-03-08,sh.601989,6.7401,6.7738005,6.68954925,6.68954925,6.75695025,95806384.0,382250272.0,0.4338,-0.9975,1,0
2022-03-09,sh.601989,6.68954925,6.72324975,6.31884375,6.58844775,6.68954925,125338096.0,488596480.0,0.5676,-1.5113,1,0
2022-03-10,sh.601989,6.65584875,6.68954925,6.5715975,6.58844775,6.58844775,64772405.0,254996245.0,0.2933,0.0,1,0
2022-03-11,sh.601989,6.52104675,6.62214825,6.41994525,6.605298,6.58844775,67016474.0,258829300.0,0.3035,0.2558,1,0
2022-03-14,sh.601989,6.537897,6.65584875,6.52104675,6.537897,6.605298,58178680.0,227282109.0,0.2634,-1.0204,1,0
2022-03-15,sh.601989,6.5041965,6.5041965,6.31884375,6.31884375,6.537897,102209252.0,388481712.0,0.4628,-3.3505,1,0
2022-03-16,sh.601989,6.35254425,6.470496,6.268293,6.45364575,6.31884375,83112237.0,314293232.0,0.3763,2.1333,1,0
2022-03-17,sh.601989,6.48734625,6.537897,6.45364575,6.470496,6.45364575,67334595.0,259373297.0,0.3049,0.2611,1,0
2022-03-18,sh.601989,6.4367955,6.52104675,6.41994525,6.52104675,6.470496,51861630.0,199413534.01,0.2348,0.7813,1,0
2022-03-21,sh.601989,6.52104675,6.52104675,6.41994525,6.48734625,6.52104675,52832331.0,203084330.08,0.2392,-0.5168,1,0
2022-03-22,sh.601989,6.45364575,6.58844775,6.45364575,6.537897,6.48734625,58702742.0,227205355.12,0.2658,0.7792,1,0
2022-03-23,sh.601989,6.52104675,6.58844775,6.5041965,6.537897,6.537897,45993862.0,178553619.46,0.2083,0.0,1,0
2022-03-24,sh.601989,6.52104675,6.52104675,6.45364575,6.470496,6.537897,40993086.0,157739384.24,0.1856,-1.0309,1,0
2022-03-25,sh.601989,6.45364575,6.52104675,6.4367955,6.45364575,6.470496,43869683.0,168528099.89,0.1987,-0.2604,1,0
2022-03-28,sh.601989,6.41994525,6.470496,6.35254425,6.45364575,6.45364575,47427169.0,180761823.42,0.2148,0.0,1,0
2022-03-29,sh.601989,6.470496,6.5041965,6.41994525,6.45364575,6.45364575,42463615.0,162750291.01,0.1923,0.0,1,0
2022-03-30,sh.601989,6.45364575,6.5041965,6.41994525,6.48734625,6.45364575,52923005.0,203139599.2,0.2396,0.5222,1,0
2022-03-31,sh.601989,6.470496,6.48734625,6.4367955,6.45364575,6.48734625,44048912.0,168984917.34,0.1995,-0.5195,1,0
2022-04-01,sh.601989,6.4367955,6.48734625,6.403095,6.470496,6.45364575,44341600.0,169890911.0,0.2008,0.2611,1,0
2022-04-06,sh.601989,6.470496,6.52104675,6.4367955,6.5041965,6.470496,57185254.0,220275150.39,0.2589,0.5208,1,0
2022-04-07,sh.601989,6.5041965,6.58844775,6.470496,6.470496,6.5041965,63215169.0,244710748.96,0.2863,-0.5181,1,0
2022-04-08,sh.601989,6.470496,6.5041965,6.4367955,6.48734625,6.470496,52961152.0,203364153.56,0.2398,0.2604,1,0
2022-04-11,sh.601989,6.48734625,6.48734625,6.3693945,6.38624475,6.48734625,63661593.0,242575879.13,0.2883,-1.5584,1,0
2022-04-12,sh.601989,6.38624475,6.537897,6.35254425,6.537897,6.38624475,87071348.0,333446507.78,0.3943,2.3747,1,0
2022-04-13,sh.601989,6.5041965,6.52104675,6.4367955,6.45364575,6.537897,52995728.0,203745070.18,0.24,-1.2887,1,0
2022-04-14,sh.601989,6.45364575,6.5041965,6.45364575,6.470496,6.45364575,47558115.0,182820332.13,0.2154,0.2611,1,0
2022-04-15,sh.601989,6.48734625,6.5715975,6.45364575,6.55474725,6.470496,86076345.0,333032680.03,0.3898,1.3021,1,0
2022-04-18,sh.601989,6.52104675,6.55474725,6.45364575,6.537897,6.55474725,67195012.0,259123711.35,0.3043,-0.2571,1,0
2022-04-19,sh.601989,6.5041965,6.5715975,6.48734625,6.537897,6.537897,40305846.0,156097419.02,0.1825,0.0,1,0
2022-04-20,sh.601989,6.537897,6.5715975,6.48734625,6.5041965,6.537897,43472483.0,168488286.05,0.1969,-0.5155,1,0
2022-04-21,sh.601989,6.48734625,6.5041965,6.38624475,6.41994525,6.5041965,65159621.0,249234605.28,0.2951,-1.2953,1,0
2022-04-22,sh.601989,6.38624475,6.48734625,6.28514325,6.45364575,6.41994525,73287333.0,278434882.39,0.3319,0.5249,1,0
2022-04-25,sh.601989,6.3693945,6.41994525,6.1671915,6.18404175,6.45364575,103413824.0,386778472.63,0.4683,-4.1775,1,0
2022-04-26,sh.601989,6.1671915,6.200892,5.8301865,5.88073725,6.18404175,107067905.0,383657092.52,0.4848,-4.9046,1,0
2022-04-27,sh.601989,5.81333625,5.9649885,5.661684,5.91443775,5.88073725,99692777.0,343731513.66,0.4514,0.5731,1,0
2022-04-28,sh.601989,5.863887,5.931288,5.8301865,5.91443775,5.91443775,61548677.0,214922232.96,0.2787,0.0,1,0
2022-04-29,sh.601989,5.8975875,6.04923975,5.88073725,6.01553925,5.91443775,75039179.0,265454975.1,0.3398,1.7094,1,0
2022-05-05,sh.601989,6.01553925,6.0997905,5.98183875,6.01553925,6.01553925,68890010.0,247146315.7,0.3119,0.0,1,0
2022-05-06,sh.601989,5.931288,5.9649885,5.863887,5.88073725,6.01553925,69423017.0,243129190.76,0.3144,-2.2409,1,0
2022-05-09,sh.601989,5.863887,5.9649885,5.8301865,5.931288,5.88073725,48676538.0,171068087.54,0.2204,0.8596,1,0
2022-05-10,sh.601989,5.88073725,5.98183875,5.84703675,5.94813825,5.931288,45497974.0,159987294.81,0.206,0.2841,1,0
2022-05-11,sh.601989,5.94813825,6.0323895,5.931288,5.94813825,5.94813825,65556328.0,232993805.68,0.2969,0.0,1,0
2022-05-12,sh.601989,5.931288,5.9649885,5.88073725,5.931288,5.94813825,54056600.0,190006332.0,0.2448,-0.2833,1,0
2022-05-13,sh.601989,5.931288,5.9649885,5.8975875,5.94813825,5.931288,44863719.0,157849911.08,0.2032,0.2841,1,0
2022-05-16,sh.601989,5.94813825,5.98183875,5.91443775,5.91443775,5.94813825,43228610.0,152405712.09,0.1957,-0.5666,1,0
2022-05-17,sh.601989,5.8975875,5.91443775,5.84703675,5.8975875,5.91443775,41032151.0,143370149.49,0.1858,-0.2849,1,0
2022-05-18,sh.601989,5.8975875,5.94813825,5.88073725,5.91443775,5.8975875,39184772.0,137650036.72,0.1774,0.2857,1,0
2022-05-19,sh.601989,5.863887,5.94813825,5.8301865,5.931288,5.91443775,61421197.0,214567541.4,0.2781,0.2849,1,0
2022-05-20,sh.601989,5.91443775,5.9649885,5.8975875,5.9649885,5.931288,49355772.0,174118753.45,0.2235,0.5682,1,0
2022-05-23,sh.601989,5.9649885,6.01553925,5.94813825,6.01553925,5.9649885,62499075.0,221867441.44,0.283,0.8475,1,0
2022-05-24,sh.601989,5.998689,6.0997905,5.84703675,5.84703675,6.01553925,99752583.0,353577996.36,0.4517,-2.8011,1,0
2022-05-25,sh.601989,5.863887,5.931288,5.8301865,5.931288,5.84703675,69504846.0,242692873.08,0.3147,1.4409,1,0
2022-05-26,sh.601989,5.931288,6.04923975,5.8975875,6.0323895,5.931288,95167331.0,338042731.3,0.4309,1.7045,1,0
2022-05-27,sh.601989,6.0323895,6.06609,5.94813825,6.01553925,6.0323895,64322510.0,229514502.33,0.2913,-0.2793,1,0
2022-05-30,sh.601989,6.0323895,6.15034125,6.01553925,6.133491,6.01553925,99043432.0,358164369.7,0.4485,1.9608,1,0
2022-05-31,sh.601989,6.15034125,6.1671915,6.08294025,6.15034125,6.133491,67186129.0,244342254.16,0.3042,0.2747,1,0
2022-06-01,sh.601989,6.133491,6.31884375,6.11664075,6.25144275,6.15034125,108020304.0,398498697.76,0.4891,1.6438,1,0
2022-06-02,sh.601989,6.200892,6.2345925,6.15034125,6.21774225,6.25144275,69268148.0,254741633.49,0.3137,-0.5391,1,0
2022-06-06,sh.601989,6.200892,6.200892,6.11664075,6.1671915,6.21774225,72716497.0,265790792.92,0.3293,-0.813,1,0
2022-06-07,sh.601989,6.15034125,6.200892,6.11664075,6.1671915,6.1671915,64490865.0,235620926.17,0.292,0.0,1,0
2022-06-08,sh.601989,6.1671915,6.18404175,6.08294025,6.1671915,6.1671915,75969721.0,276778584.35,0.344,0.0,1,0
2022-06-09,sh.601989,6.15034125,6.18404175,6.0997905,6.11664075,6.1671915,73349710.0,267158714.11,0.3321,-0.8197,1,0
2022-06-10,sh.601989,6.08294025,6.15034125,6.06609,6.133491,6.11664075,85729798.0,310706205.33,0.3882,0.2755,1,0
2022-06-13,sh.601989,6.0997905,6.1671915,6.08294025,6.15034125,6.133491,86015705.0,312573300.74,0.3895,0.2747,1,0
2022-06-14,sh.601989,6.0997905,6.15034125,5.98183875,6.15034125,6.15034125,91965882.0,331402646.04,0.4164,0.0,1,0
2022-06-15,sh.601989,6.15034125,6.3693945,6.133491,6.268293,6.15034125,174096283.0,649392943.66,0.7883,1.9178,1,0
2022-06-16,sh.601989,6.268293,6.31884375,6.21774225,6.268293,6.268293,84094689.0,312630604.66,0.3808,0.0,1,0
2022-06-17,sh.601989,6.2345925,6.35254425,6.18404175,6.3019935,6.268293,93836112.0,348956796.12,0.4249,0.5376,1,0
2022-06-20,sh.601989,6.268293,6.31884375,6.25144275,6.268293,6.3019935,69891056.0,260417969.44,0.3165,-0.5348,1,0
2022-06-21,sh.601989,6.268293,6.31884375,6.2345925,6.268293,6.268293,56544251.0,210660605.12,0.256,0.0,1,0
2022-06-22,sh.601989,6.28514325,6.335694,6.25144275,6.268293,6.268293,63486811.0,236925300.71,0.2875,0.0,1,0
2022-06-23,sh.601989,6.25144275,6.28514325,6.200892,6.28514325,6.268293,59292199.0,220049241.24,0.2685,0.2688,1,0
2022-06-24,sh.601989,6.268293,6.35254425,6.25144275,6.28514325,6.28514325,71297641.0,266708028.31,0.3229,0.0,1,0
2022-06-27,sh.601989,6.28514325,6.31884375,6.28514325,6.28514325,6.28514325,49494577.0,185023604.97,0.2241,0.0,1,0
2022-06-28,sh.601989,6.28514325,6.3693945,6.268293,6.35254425,6.28514325,68491745.0,257557072.57,0.3101,1.0724,1,0
2022-06-29,sh.601989,6.31884375,6.335694,6.2345925,6.2345925,6.35254425,68817285.0,256723616.1,0.3116,-1.8568,1,0
2022-06-30,sh.601989,6.2345925,6.28514325,6.2345925,6.25144275,6.2345925,42961583.0,159535504.62,0.1945,0.2703,1,0
2022-07-01,sh.601989,6.25144275,6.268293,6.200892,6.21774225,6.25144275,53059741.0,196347088.77,0.2403,-0.5391,1,0
2022-07-04,sh.601989,6.21774225,6.25144275,6.18404175,6.25144275,6.21774225,45355546.0,167646292.02,0.2054,0.542,1,0
2022-07-05,sh.601989,6.25144275,6.25144275,6.1671915,6.21774225,6.25144275,53183243.0,195996498.57,0.2408,-0.5391,1,0
2022-07-06,sh.601989,6.200892,6.21774225,6.11664075,6.15034125,6.21774225,48703243.0,178250346.24,0.2205,-1.084,1,0
2022-07-07,sh.601989,6.15034125,6.200892,6.11664075,6.1671915,6.15034125,41944641.0,153679424.06,0.1899,0.274,1,0
2022-07-08,sh.601989,6.18404175,6.21774225,6.15034125,6.18404175,6.1671915,41204460.0,151361039.6,0.1866,0.2732,1,0
2022-07-11,sh.601989,6.18404175,6.18404175,6.0997905,6.15034125,6.18404175,46136239.0,167796495.0,0.2089,-0.545,1,0
2022-07-12,sh.601989,6.133491,6.1671915,6.0997905,6.11664075,6.15034125,35127486.0,127907999.18,0.1591,-0.5479,1,0
2022-07-13,sh.601989,6.11664075,6.18404175,6.0997905,6.1671915,6.11664075,49473708.0,180748266.42,0.224,0.8264,1,0
2022-07-14,sh.601989,6.15034125,6.48734625,6.133491,6.31884375,6.1671915,154390282.0,580554736.65,0.6991,2.459,1,0
2022-07-15,sh.601989,6.21774225,6.268293,5.98183875,5.98183875,6.31884375,136850357.0,497361259.88,0.6197,-5.3333,1,0
2022-07-18,sh.601989,5.998689,6.0997905,5.98183875,6.08294025,5.98183875,54912255.0,197019687.38,0.2487,1.6901,1,0
2022-07-19,sh.601989,6.08294025,6.3019935,6.04923975,6.268293,6.08294025,96548516.0,355060296.81,0.4372,3.0471,1,0
2022-07-20,sh.601989,6.268293,6.52104675,6.2345925,6.470496,6.268293,187982261.0,715594563.56,0.8512,3.2258,1,0
2022-07-21,sh.601989,6.4367955,6.470496,6.335694,6.403095,6.470496,109959246.0,418306402.56,0.4979,-1.0417,1,0
2022-07-22,sh.601989,6.403095,6.5041965,6.3693945,6.4367955,6.403095,89007145.0,339700324.61,0.403,0.5263,1,0
2022-07-25,sh.601989,6.4367955,6.52104675,6.38624475,6.41994525,6.4367955,70423171.0,269496209.66,0.3189,-0.2618,1,0
2022-07-26,sh.601989,6.41994525,6.41994525,6.31884375,6.35254425,6.41994525,59589207.0,224620083.16,0.2698,-1.0499,1,0
2022-07-27,sh.601989,6.35254425,6.48734625,6.335694,6.41994525,6.35254425,74594000.0,285055775.0,0.3378,1.061,1,0
2022-07-28,sh.601989,6.41994525,6.45364575,6.3693945,6.4367955,6.41994525,64461859.0,245623352.53,0.2919,0.2625,1,0
2022-07-29,sh.601989,6.4367955,6.4367955,6.3019935,6.335694,6.4367955,70586764.0,266306512.69,0.3196,-1.5707,1,0
2022-08-01,sh.601989,6.35254425,6.41994525,6.335694,6.335694,6.335694,51978467.0,196502309.6,0.2354,0.0,1,0
2022-08-02,sh.601989,6.4367955,6.470496,6.268293,6.335694,6.335694,163302135.0,618138316.01,0.7395,0.0,1,0
2022-08-03,sh.601989,6.2345925,6.5041965,6.18404175,6.45364575,6.335694,205467512.0,781814769.56,0.9304,1.8617,1,0
2022-08-04,sh.601989,6.403095,6.4367955,6.31884375,6.35254425,6.45364575,108097832.0,408775414.0,0.4895,-1.5666,1,0
2022-08-05,sh.601989,6.35254425,6.38624475,6.25144275,6.335694,6.35254425,72110520.0,270178167.0,0.3265,-0.2653,1,0
2022-08-08,sh.601989,6.31884375,6.403095,6.3019935,6.38624475,6.335694,65775550.0,248434223.0,0.2978,0.7979,1,0
2022-08-09,sh.601989,6.35254425,6.403095,6.28514325,6.403095,6.38624475,63306529.0,238434308.0,0.2867,0.2639,1,0
2022-08-10,sh.601989,6.3693945,6.403095,6.28514325,6.31884375,6.403095,70131101.0,263627126.0,0.3176,-1.3158,1,0
2022-08-11,sh.601989,6.31884375,6.48734625,6.3019935,6.470496,6.31884375,164743261.0,629702797.0,0.746,2.4,1,0
2022-08-12,sh.601989,6.470496,6.470496,6.38624475,6.38624475,6.470496,77537185.0,294892753.0,0.3511,-1.3021,1,0
2022-08-15,sh.601989,6.38624475,6.41994525,6.35254425,6.3693945,6.38624475,65694005.0,248767797.97,0.2975,-0.2639,1,0
2022-08-16,sh.601989,6.35254425,6.4367955,6.335694,6.403095,6.3693945,64548886.0,245097014.51,0.2923,0.5291,1,0
2022-08-17,sh.601989,6.38624475,6.58844775,6.3693945,6.5715975,6.403095,181610360.0,701700801.6,0.8224,2.6316,1,0
2022-08-18,sh.601989,6.55474725,6.62214825,6.5041965,6.5041965,6.5715975,95824157.0,372470352.1,0.4339,-1.0256,1,0
2022-08-19,sh.601989,6.52104675,6.537897,6.4367955,6.4367955,6.5041965,82275310.0,315878619.2,0.3726,-1.0363,1,0
2022-08-22,sh.601989,6.41994525,6.55474725,6.403095,6.5041965,6.4367955,89017474.0,342762982.94,0.4031,1.0471,1,0
2022-08-23,sh.601989,6.48734625,6.5041965,6.41994525,6.48734625,6.5041965,63967088.0,245159908.06,0.2897,-0.2591,1,0
2022-08-24,sh.601989,6.5041965,6.5715975,6.31884375,6.31884375,6.48734625,104463338.0,397059886.09,0.473,-2.5974,1,0
2022-08-25,sh.601989,6.335694,6.48734625,6.3019935,6.4367955,6.31884375,107298533.0,408845903.86,0.4859,1.8667,1,0
2022-08-26,sh.601989,6.48734625,6.48734625,6.35254425,6.35254425,6.4367955,76832662.0,292631599.78,0.3479,-1.3089,1,0
2022-08-29,sh.601989,6.268293,6.470496,6.25144275,6.4367955,6.35254425,95089474.0,360120715.9,0.4306,1.3263,1,0
2022-08-30,sh.601989,6.403095,6.5041965,6.3693945,6.470496,6.4367955,97704028.0,373099328.13,0.4424,0.5236,1,0
2022-08-31,sh.601989,6.470496,6.52104675,6.35254425,6.38624475,6.470496,96247258.0,367816136.05,0.4358,-1.3021,1,0
2022-09-01,sh.601989,6.3693945,6.45364575,6.335694,6.335694,6.38624475,56864635.0,215471704.46,0.2575,-0.7916,1,0
2022-09-02,sh.601989,6.335694,6.48734625,6.31884375,6.3693945,6.335694,87562278.0,332581709.38,0.3965,0.5319,1,0
2022-09-05,sh.601989,6.38624475,6.5041965,6.3693945,6.48734625,6.3693945,110286751.0,421605509.48,0.4994,1.8519,1,0
2022-09-06,sh.601989,6.52104675,6.72324975,6.5041965,6.68954925,6.48734625,202398222.0,799505289.7,0.9165,3.1169,1,0
2022-09-07,sh.601989,6.65584875,6.7401,6.605298,6.672699,6.68954925,114516748.0,453474291.67,0.5186,-0.2519,1,0
2022-09-08,sh.601989,6.7063995,6.7738005,6.65584875,6.672699,6.672699,87691773.0,349458625.5,0.3971,0.0,1,0
2022-09-09,sh.601989,6.672699,6.72324975,6.58844775,6.672699,6.672699,93938723.0,370921957.75,0.4254,0.0,1,0
2022-09-13,sh.601989,6.672699,6.68954925,6.537897,6.55474725,6.672699,113958137.0,445542590.67,0.516,-1.7677,1,0
2022-09-14,sh.601989,6.5041965,6.605298,6.470496,6.52104675,6.55474725,70527938.0,273307702.92,0.3194,-0.5141,1,0
2022-09-15,sh.601989,6.52104675,6.537897,6.3019935,6.35254425,6.52104675,123247897.0,467819450.41,0.5581,-2.584,1,0
2022-09-16,sh.601989,6.35254425,6.3693945,6.15034125,6.1671915,6.35254425,107928093.0,400545512.51,0.4887,-2.9178,1,0
2022-09-19,sh.601989,6.15034125,6.1671915,6.01553925,6.04923975,6.1671915,85508563.0,308069765.65,0.3872,-1.9126,1,0
2022-09-20,sh.601989,6.08294025,6.18404175,6.06609,6.0997905,6.04923975,62833791.0,228559493.29,0.2845,0.8357,1,0
2022-09-21,sh.601989,6.08294025,6.15034125,6.01553925,6.11664075,6.0997905,72610091.0,262152236.82,0.3288,0.2762,1,0
2022-09-22,sh.601989,6.06609,6.200892,6.04923975,6.15034125,6.11664075,69414973.0,253145433.07,0.3143,0.551,1,0
2022-09-23,sh.601989,6.15034125,6.21774225,6.08294025,6.15034125,6.15034125,62357044.0,227761838.86,0.2824,0.0,1,0
2022-09-26,sh.601989,6.15034125,6.1671915,5.91443775,5.931288,6.15034125,95378274.0,340885719.07,0.4319,-3.5616,1,0
2022-09-27,sh.601989,5.91443775,5.9649885,5.8301865,5.931288,5.931288,68216094.0,238531592.02,0.3089,0.0,1,0
2022-09-28,sh.601989,5.91443775,5.94813825,5.796486,5.796486,5.931288,63912404.0,221856232.77,0.2894,-2.2727,1,0
2022-09-29,sh.601989,5.8301865,5.84703675,5.74593525,5.77963575,5.796486,57612000.0,198392405.0,0.2609,-0.2907,1,0
2022-09-30,sh.601989,5.7627855,5.77963575,5.71223475,5.74593525,5.77963575,54691485.0,186398463.6,0.2477,-0.5831,1,0
2022-10-10,sh.601989,5.7627855,5.81333625,5.729085,5.74593525,5.74593525,57168854.0,195771060.31,0.2589,0.0,1,0
2022-10-11,sh.601989,5.74593525,5.74593525,5.661684,5.729085,5.74593525,52864280.0,179085695.5,0.2394,-0.2933,1,0
2022-10-12,sh.601989,5.71223475,5.8301865,5.67853425,5.8301865,5.729085,50158554.0,171127776.74,0.2271,1.7647,1,0
2022-10-13,sh.601989,5.8301865,5.863887,5.81333625,5.8301865,5.8301865,42636235.0,147639257.81,0.1931,0.0,1,0
2022-10-14,sh.601989,5.84703675,5.931288,5.84703675,5.91443775,5.8301865,48877697.0,171050238.63,0.2213,1.4451,1,0
2022-10-17,sh.601989,5.8975875,5.98183875,5.863887,5.9649885,5.91443775,48047538.0,169384228.6,0.2176,0.8547,1,0
2022-10-18,sh.601989,5.9649885,5.9649885,5.8975875,5.91443775,5.9649885,37453575.0,131749209.25,0.1696,-0.8475,1,0
2022-10-19,sh.601989,5.91443775,6.04923975,5.88073725,5.9649885,5.91443775,64915886.0,230515774.88,0.294,0.8547,1,0
2022-10-20,sh.601989,5.931288,5.998689,5.863887,5.94813825,5.9649885,45445438.0,159910240.7,0.2058,-0.2825,1,0
2022-10-21,sh.601989,5.94813825,6.08294025,5.931288,6.04923975,5.94813825,68596385.0,245471952.23,0.3106,1.6997,1,0
2022-10-24,sh.601989,6.06609,6.133491,5.94813825,5.998689,6.04923975,75251853.0,270090387.33,0.3408,-0.8357,1,0
2022-10-25,sh.601989,5.998689,6.01553925,5.863887,6.01553925,5.998689,70446159.0,248634871.55,0.319,0.2809,1,0
2022-10-26,sh.601989,5.998689,6.04923975,5.94813825,6.01553925,6.01553925,43575337.0,155040260.35,0.1973,0.0,1,0
2022-10-27,sh.601989,5.998689,6.0323895,5.94813825,5.98183875,6.01553925,36799727.0,130715040.85,0.1666,-0.5602,1,0
2022-10-28,sh.601989,5.9649885,6.04923975,5.88073725,5.91443775,5.98183875,54514261.0,193254070.58,0.2469,-1.1268,1,0
2022-10-31,sh.601989,5.729085,5.9649885,5.71223475,5.8975875,5.91443775,80052827.0,277687180.98,0.3625,-0.2849,1,0
2022-11-01,sh.601989,5.88073725,5.98183875,5.84703675,5.9649885,5.8975875,52082064.0,183191561.92,0.2358,1.1429,1,0
2022-11-02,sh.601989,5.9649885,6.04923975,5.94813825,6.01553925,5.9649885,54942425.0,196111264.1,0.2488,0.8475,1,0
2022-11-03,sh.601989,5.9649885,6.08294025,5.9649885,6.0323895,6.01553925,50531235.0,181062079.91,0.2288,0.2801,1,0
2022-11-04,sh.601989,6.01553925,6.0997905,5.998689,6.0997905,6.0323895,49874190.0,179405050.2,0.2258,1.1173,1,0
2022-11-07,sh.601989,6.06609,6.11664075,6.0323895,6.04923975,6.0997905,42039643.0,151233760.36,0.1904,-0.8287,1,0
2022-11-08,sh.601989,6.04923975,6.06609,6.01553925,6.0323895,6.04923975,37149225.0,133152446.07,0.1682,-0.2786,1,0
2022-11-09,sh.601989,6.04923975,6.0997905,6.01553925,6.0323895,6.0323895,44937573.0,161752148.85,0.2035,0.0,1,0
2022-11-10,sh.601989,6.01553925,6.01553925,5.94813825,5.98183875,6.0323895,46268754.0,164223184.9,0.2095,-0.838,1,0
2022-11-11,sh.601989,6.0323895,6.08294025,5.98183875,6.04923975,5.98183875,68777808.0,246270536.22,0.3114,1.1268,1,0
2022-11-14,sh.601989,6.04923975,6.06609,5.998689,6.01553925,6.04923975,44641227.0,159918514.93,0.2021,-0.5571,1,0
2022-11-15,sh.601989,5.998689,6.06609,5.98183875,6.06609,6.01553925,45659888.0,163556093.0,0.2068,0.8403,1,0
2022-11-16,sh.601989,6.04923975,6.133491,6.0323895,6.08294025,6.06609,53350226.0,192774372.59,0.2416,0.2778,1,0
2022-11-17,sh.601989,6.04923975,6.06609,5.998689,6.04923975,6.08294025,43314775.0,155019380.74,0.1961,-0.554,1,0
2022-11-18,sh.601989,6.04923975,6.06609,5.98183875,5.998689,6.04923975,46950137.0,167800013.61,0.2126,-0.8357,1,0
2022-11-21,sh.601989,5.9649885,5.98183875,5.931288,5.9649885,5.998689,41628079.0,147032724.87,0.1885,-0.5618,1,0
2022-11-22,sh.601989,5.94813825,6.28514325,5.94813825,6.15034125,5.9649885,182218871.0,664169655.22,0.8251,3.1073,1,0
2022-11-23,sh.601989,6.1671915,6.268293,6.133491,6.1671915,6.15034125,101297368.0,372456453.1,0.4587,0.274,1,0
2022-11-24,sh.601989,6.15034125,6.200892,6.08294025,6.0997905,6.1671915,63175463.0,229778461.86,0.2861,-1.0929,1,0
2022-11-25,sh.601989,6.08294025,6.18404175,6.08294025,6.15034125,6.0997905,57168433.0,208664414.03,0.2589,0.8287,1,0
2022-11-28,sh.601989,6.08294025,6.133491,6.0323895,6.08294025,6.15034125,64671902.0,232978982.62,0.2928,-1.0959,1,0
2022-11-29,sh.601989,6.06609,6.15034125,6.06609,6.11664075,6.08294025,60536795.0,219486768.21,0.2741,0.554,1,0
2022-11-30,sh.601989,6.133491,6.1671915,6.11664075,6.133491,6.11664075,58662022.0,213568298.61,0.2656,0.2755,1,0
2022-12-01,sh.601989,6.15034125,6.18404175,6.133491,6.1671915,6.133491,52512765.0,191949463.25,0.2378,0.5495,1,0
2022-12-02,sh.601989,6.15034125,6.18404175,6.0997905,6.11664075,6.1671915,48166500.0,175229264.0,0.2181,-0.8197,1,0
2022-12-05,sh.601989,6.15034125,6.48734625,6.133491,6.38624475,6.11664075,191299678.0,718854572.73,0.8662,4.4077,1,0
2022-12-06,sh.601989,6.3693945,6.38624475,6.268293,6.28514325,6.38624475,77373530.0,290003819.65,0.3504,-1.5831,1,0
2022-12-07,sh.601989,6.268293,6.335694,6.21774225,6.2345925,6.28514325,63305540.0,235384883.4,0.2867,-0.8043,1,0
2022-12-08,sh.601989,6.2345925,6.31884375,6.21774225,6.25144275,6.2345925,53124034.0,197457713.26,0.2406,0.2703,1,0
2022-12-09,sh.601989,6.2345925,6.25144275,6.1671915,6.1671915,6.25144275,72769994.0,267308606.18,0.3295,-1.3477,1,0
2022-12-12,sh.601989,6.1671915,6.18404175,6.0997905,6.15034125,6.1671915,51530671.0,187695742.27,0.2333,-0.2732,1,0
2022-12-13,sh.601989,6.15034125,6.18404175,6.11664075,6.1671915,6.15034125,45986030.0,167960708.82,0.2082,0.274,1,0
2022-12-14,sh.601989,6.1671915,6.18404175,6.11664075,6.133491,6.1671915,39078325.0,142322435.55,0.177,-0.5464,1,0
2022-12-15,sh.601989,6.11664075,6.133491,6.06609,6.08294025,6.133491,35774510.0,129276827.0,0.162,-0.8242,1,0
2022-12-16,sh.601989,6.04923975,6.08294025,6.01553925,6.06609,6.08294025,40369197.0,144989892.26,0.1828,-0.277,1,0
2022-12-19,sh.601989,6.06609,6.08294025,5.931288,5.9649885,6.06609,48387365.0,172197976.1,0.2191,-1.6667,1,0
2022-12-20,sh.601989,5.94813825,6.01553925,5.931288,5.94813825,5.9649885,33071300.0,117266671.0,0.1498,-0.2825,1,0
2022-12-21,sh.601989,5.94813825,5.98183875,5.8975875,5.91443775,5.94813825,33390328.0,117553237.0,0.1512,-0.5666,1,0
2022-12-22,sh.601989,5.931288,5.94813825,5.84703675,5.863887,5.91443775,32607769.0,114192423.5,0.1477,-0.8547,1,0
2022-12-23,sh.601989,5.8301865,5.88073725,5.8301865,5.863887,5.863887,28693949.0,99711676.8,0.1299,0.0,1,0
2022-12-26,sh.601989,5.88073725,5.91443775,5.863887,5.88073725,5.863887,27328420.0,95487821.8,0.1237,0.2874,1,0
2022-12-27,sh.601989,5.91443775,5.931288,5.88073725,5.91443775,5.88073725,25088632.0,87895221.0,0.1136,0.5731,1,0
2022-12-28,sh.601989,5.8975875,5.91443775,5.84703675,5.863887,5.91443775,30091045.0,104976569.02,0.1363,-0.8547,1,0
2022-12-29,sh.601989,5.863887,5.94813825,5.84703675,5.8975875,5.863887,35221332.0,123294796.49,0.1595,0.5747,1,0
2022-12-30,sh.601989,5.8975875,5.931288,5.88073725,5.88073725,5.8975875,29169545.0,102083048.05,0.1321,-0.2857,1,0
2023-01-03,sh.601989,5.88073725,5.9649885,5.863887,5.931288,5.88073725,40026627.0,140602101.7,0.1812,0.8596,1,0
2023-01-04,sh.601989,5.931288,5.9649885,5.91443775,5.94813825,5.931288,33163038.0,116953296.76,0.1502,0.2841,1,0
2023-01-05,sh.601989,5.94813825,5.998689,5.931288,5.94813825,5.94813825,33144002.0,117402101.06,0.1501,0.0,1,0
2023-01-06,sh.601989,5.94813825,5.98183875,5.931288,5.931288,5.94813825,32723706.0,115683440.12,0.1482,-0.2833,1,0
2023-01-09,sh.601989,5.931288,5.9649885,5.8975875,5.91443775,5.931288,49264667.0,173212771.17,0.2231,-0.2841,1,0
2023-01-10,sh.601989,5.91443775,5.91443775,5.84703675,5.863887,5.91443775,52028092.0,181220851.23,0.2356,-0.8547,1,0
2023-01-11,sh.601989,5.863887,5.8975875,5.8301865,5.863887,5.863887,33687499.0,117301652.52,0.1525,0.0,1,0
2023-01-12,sh.601989,5.863887,5.8975875,5.8301865,5.863887,5.863887,31589491.0,109817554.77,0.143,0.0,1,0
2023-01-13,sh.601989,5.863887,5.8975875,5.8301865,5.88073725,5.863887,41120120.0,143111180.4,0.1862,0.2874,1,0
2023-01-16,sh.601989,5.88073725,5.98183875,5.863887,5.9649885,5.88073725,74122130.0,261402443.9,0.3356,1.4327,1,0
2023-01-17,sh.601989,5.94813825,5.998689,5.931288,5.9649885,5.9649885,53313089.0,188970866.56,0.2414,0.0,1,0
2023-01-18,sh.601989,5.9649885,5.998689,5.94813825,5.9649885,5.9649885,34843219.0,123587045.6,0.1578,0.0,1,0
2023-01-19,sh.601989,5.9649885,5.998689,5.94813825,5.998689,5.9649885,40696621.0,144249704.41,0.1843,0.565,1,0
2023-01-20,sh.601989,5.998689,6.04923975,5.98183875,6.0323895,5.998689,47965576.0,171381122.8,0.2172,0.5618,1,0
2023-01-30,sh.601989,6.06609,6.133491,6.06609,6.06609,6.0323895,86041085.0,310975096.45,0.3896,0.5587,1,0
2023-01-31,sh.601989,6.04923975,6.133491,6.01553925,6.0997905,6.06609,66626767.0,240786084.88,0.3017,0.5556,1,0
2023-02-01,sh.601989,6.11664075,6.133491,6.04923975,6.11664075,6.0997905,70126868.0,253712411.62,0.3175,0.2762,1,0
2023-02-02,sh.601989,6.11664075,6.133491,6.06609,6.08294025,6.11664075,62172466.0,224978752.56,0.2815,-0.551,1,0
2023-02-03,sh.601989,6.08294025,6.08294025,6.01553925,6.06609,6.08294025,64693035.0,232229454.25,0.2929,-0.277,1,0
2023-02-06,sh.601989,6.08294025,6.0997905,6.01553925,6.0323895,6.06609,47739175.0,171547817.5,0.2162,-0.5556,1,0
2023-02-07,sh.601989,6.04923975,6.08294025,6.0323895,6.06609,6.0323895,50358100.0,180880629.25,0.228,0.5587,1,0
2023-02-08,sh.601989,6.08294025,6.08294025,6.0323895,6.0323895,6.06609,39337777.0,141253198.66,0.1781,-0.5556,1,0
2023-02-09,sh.601989,6.0323895,6.1671915,6.01553925,6.133491,6.0323895,104961688.0,381708025.16,0.4753,1.676,1,0
2023-02-10,sh.601989,6.133491,6.133491,6.08294025,6.11664075,6.133491,57947563.0,210092288.57,0.2624,-0.2747,1,0
2023-02-13,sh.601989,6.11664075,6.21774225,6.11664075,6.200892,6.11664075,108054941.0,396818533.67,0.4893,1.3774,1,0
2023-02-14,sh.601989,6.18404175,6.200892,6.15034125,6.18404175,6.200892,52135554.0,191064748.12,0.2361,-0.2717,1,0
2023-02-15,sh.601989,6.18404175,6.18404175,6.11664075,6.133491,6.18404175,58023020.0,211452878.0,0.2627,-0.8174,1,0
2023-02-16,sh.601989,6.133491,6.18404175,6.04923975,6.06609,6.133491,85041344.0,309204001.86,0.3851,-1.0989,1,0
2023-02-17,sh.601989,6.06609,6.11664075,6.04923975,6.08294025,6.06609,57442420.0,207726132.4,0.2601,0.2778,1,0
2023-02-20,sh.601989,6.08294025,6.200892,6.04923975,6.18404175,6.08294025,79076934.0,288500835.23,0.3581,1.662,1,0
2023-02-21,sh.601989,6.18404175,6.21774225,6.1671915,6.200892,6.18404175,65673513.0,241181969.83,0.2974,0.2725,1,0
2023-02-22,sh.601989,6.18404175,6.21774225,6.1671915,6.18404175,6.200892,48225543.0,177230166.81,0.2184,-0.2717,1,0
2023-02-23,sh.601989,6.200892,6.200892,6.133491,6.1671915,6.18404175,54066800.0,197956952.0,0.2448,-0.2725,1,0
2023-02-24,sh.601989,6.18404175,6.31884375,6.1671915,6.2345925,6.1671915,137565436.0,510885088.85,0.6229,1.0929,1,0
2023-02-27,sh.601989,6.25144275,6.268293,6.200892,6.25144275,6.2345925,71036681.0,263228083.71,0.3217,0.2703,1,0
2023-02-28,sh.601989,6.25144275,6.268293,6.18404175,6.25144275,6.25144275,60867800.0,225131988.4,0.2756,0.0,1,0
2023-03-01,sh.601989,6.25144275,6.31884375,6.21774225,6.31884375,6.25144275,77920026.0,290709452.0,0.3528,1.0782,1,0
2023-03-02,sh.601989,6.3019935,6.48734625,6.3019935,6.403095,6.31884375,145780153.0,555941408.46,0.6601,1.3333,1,0
2023-03-03,sh.601989,6.403095,6.72324975,6.3693945,6.62214825,6.403095,264419593.0,1033739246.41,1.1973,3.4211,1,0
2023-03-06,sh.601989,6.672699,6.7401,6.5715975,6.605298,6.62214825,213743081.0,843165641.7,0.9679,-0.2545,1,0
2023-03-07,sh.601989,6.605298,6.672699,6.52104675,6.537897,6.605298,172221606.0,675738445.64,0.7799,-1.0204,1,0
2023-03-08,sh.601989,6.5041965,6.58844775,6.470496,6.5715975,6.537897,103499991.0,401824596.77,0.4687,0.5155,1,0
2023-03-09,sh.601989,6.55474725,6.605298,6.470496,6.537897,6.5715975,87868572.0,340050742.64,0.3979,-0.5128,1,0
2023-03-10,sh.601989,6.48734625,6.5041965,6.38624475,6.403095,6.537897,83476276.0,319114979.74,0.378,-2.0619,1,0
2023-03-13,sh.601989,6.3693945,6.470496,6.3693945,6.45364575,6.403095,66633183.0,254023390.97,0.3017,0.7895,1,0
2023-03-14,sh.601989,6.41994525,6.55474725,6.38624475,6.5041965,6.45364575,121750901.0,468271311.2,0.5513,0.7833,1,0
2023-03-15,sh.601989,6.52104675,6.605298,6.45364575,6.58844775,6.5041965,101712750.0,394969821.78,0.4606,1.2953,1,0
2023-03-16,sh.601989,6.537897,6.58844775,6.4367955,6.45364575,6.58844775,88354300.0,340941528.0,0.4001,-2.046,1,0
2023-03-17,sh.601989,6.48734625,6.605298,6.470496,6.537897,6.45364575,99944895.0,388076981.37,0.4526,1.3055,1,0
2023-03-20,sh.601989,6.537897,6.65584875,6.45364575,6.470496,6.537897,117212315.0,455923451.02,0.5308,-1.0309,1,0
2023-03-21,sh.601989,6.55474725,6.68954925,6.537897,6.605298,6.470496,152144609.0,597321557.27,0.6889,2.0833,1,0
2023-03-22,sh.601989,6.58844775,6.6389985,6.5041965,6.537897,6.605298,102937775.0,400257372.63,0.4661,-1.0204,1,0
2023-03-23,sh.601989,6.5041965,6.5715975,6.48734625,6.5715975,6.537897,69186324.0,268601425.88,0.3133,0.5155,1,0
2023-03-24,sh.601989,6.5715975,6.5715975,6.470496,6.52104675,6.5715975,74904106.0,289416250.62,0.3392,-0.7692,1,0
2023-03-27,sh.601989,6.5041965,6.52104675,6.3693945,6.4367955,6.52104675,87191641.0,332813836.16,0.3948,-1.292,1,0
2023-03-28,sh.601989,6.45364575,6.470496,6.403095,6.403095,6.4367955,51695335.0,197330965.95,0.2341,-0.5236,1,0
2023-03-29,sh.601989,6.41994525,6.41994525,6.3019935,6.31884375,6.403095,80154637.0,301397280.33,0.363,-1.3158,1,0
2023-03-30,sh.601989,6.31884375,6.38624475,6.268293,6.35254425,6.31884375,64501700.0,242589964.95,0.2921,0.5333,1,0
2023-03-31,sh.601989,6.31884375,6.3693945,6.3019935,6.3693945,6.35254425,58549107.0,220498298.34,0.2651,0.2653,1,0
2023-04-03,sh.601989,6.3693945,6.41994525,6.35254425,6.38624475,6.3693945,74902162.0,284262406.98,0.3392,0.2646,1,0
2023-04-04,sh.601989,6.38624475,6.5715975,6.35254425,6.55474725,6.38624475,128182172.0,494165847.84,0.5804,2.6385,1,0
2023-04-06,sh.601989,6.52104675,6.65584875,6.5041965,6.605298,6.55474725,98332835.0,384986062.94,0.4453,0.7712,1,0
2023-04-07,sh.601989,6.605298,6.62214825,6.5041965,6.5715975,6.605298,63322756.0,246437294.24,0.2867,-0.5102,1,0
2023-04-10,sh.601989,6.7401,6.7738005,6.537897,6.5715975,6.5715975,150729232.0,595876145.09,0.6825,0.0,1,0
2023-04-11,sh.601989,6.55474725,6.5715975,6.48734625,6.52104675,6.5715975,74357067.0,287703749.7,0.3367,-0.7692,1,0
2023-04-12,sh.601989,6.537897,6.62214825,6.52104675,6.605298,6.52104675,64134769.0,250570187.9,0.2904,1.292,1,0
2023-04-13,sh.601989,6.62214825,6.672699,6.5715975,6.62214825,6.605298,82214443.0,323057045.56,0.3723,0.2551,1,0
2023-04-14,sh.601989,6.605298,6.65584875,6.537897,6.58844775,6.62214825,66852700.0,261616805.0,0.3027,-0.5089,1,0
2023-04-17,sh.601989,6.58844775,6.672699,6.5715975,6.65584875,6.58844775,78862867.0,310568565.61,0.3571,1.023,1,0
2023-04-18,sh.601989,6.65584875,6.672699,6.605298,6.65584875,6.65584875,70001405.0,275802863.58,0.317,0.0,1,0
2023-04-19,sh.601989,6.65584875,6.7063995,6.58844775,6.58844775,6.65584875,78434450.0,309232449.4,0.3552,-1.0127,1,0
2023-04-20,sh.601989,6.5715975,6.672699,6.55474725,6.672699,6.58844775,87888795.0,344616663.24,0.398,1.2788,1,0
2023-04-21,sh.601989,6.672699,7.32985875,6.6389985,7.077105,6.672699,533743699.0,2236313720.87,2.4169,6.0606,1,0
2023-04-24,sh.601989,7.06025475,7.3130085,6.942303,7.19505675,7.077105,447771864.0,1898425522.32,2.0276,1.6667,1,0
2023-04-25,sh.601989,7.1108055,7.41411,7.0434045,7.19505675,7.19505675,328028163.0,1409838505.38,1.4854,0.0,1,0
2023-04-26,sh.601989,7.12765575,7.41411,7.09395525,7.29615825,7.19505675,348925499.0,1513265010.07,1.58,1.4052,1,0
2023-04-27,sh.601989,7.19505675,7.7848155,7.09395525,7.751115,7.29615825,480924535.0,2127366216.45,2.1777,6.2356,1,0
2023-04-28,sh.601989,7.59946275,7.953318,7.53206175,7.751115,7.751115,424564957.0,1948948517.06,1.9225,0.0,1,0
2023-05-04,sh.601989,7.683714,8.34087375,7.683714,8.222922,7.751115,479530837.0,2316235364.64,2.1714,6.087,1,0
2023-05-05,sh.601989,8.13867075,8.3240235,7.9870185,8.1892215,8.222922,337814196.0,1624692417.15,1.5297,-0.4098,1,0
2023-05-08,sh.601989,8.17237125,8.9306325,8.1218205,8.84638125,8.1892215,623098040.0,3175282180.0,2.8215,8.0247,1,0
2023-05-09,sh.601989,8.84638125,8.964333,8.2566225,8.27347275,8.84638125,634073229.0,3227114223.21,2.8712,-6.4762,1,0
2023-05-10,sh.601989,8.155521,8.2566225,7.86906675,7.9870185,8.27347275,451515422.0,2152792082.55,2.0446,-3.4623,1,0
2023-05-11,sh.601989,7.9870185,8.03756925,7.616313,7.7848155,7.9870185,321635697.0,1484066719.7,1.4564,-2.5316,1,0
2023-05-12,sh.601989,7.751115,7.83536625,7.616313,7.63316325,7.7848155,208270655.0,952018375.03,0.9431,-1.9481,1,0
2023-05-15,sh.601989,7.59946275,8.3914245,7.4478105,8.2566225,7.63316325,500400794.0,2348006449.47,2.2659,8.1678,1,0
2023-05-16,sh.601989,8.1218205,8.357724,7.8522165,7.93646775,8.2566225,385432033.0,1853596864.8,1.7453,-3.8776,1,0
2023-05-17,sh.601989,7.818516,8.47567575,7.7848155,8.3240235,7.93646775,516534270.0,2516254452.16,2.339,4.8832,1,0
2023-05-18,sh.601989,8.2566225,8.3914245,8.17237125,8.3240235,8.3240235,303618407.0,1489682637.23,1.3748,0.0,1,0
2023-05-19,sh.601989,8.23977225,8.30717325,7.97016825,7.9870185,8.3240235,252780611.0,1211616754.78,1.1446,-4.0486,1,0
2023-05-22,sh.601989,7.9870185,8.13867075,7.90276725,8.03756925,7.9870185,165911960.0,790284344.81,0.7513,0.6329,1,0
2023-05-23,sh.601989,8.00386875,8.0544195,7.70056425,7.73426475,8.03756925,234486197.0,1087117717.34,1.0618,-3.7736,1,0
2023-05-24,sh.601989,7.66686375,7.8522165,7.63316325,7.63316325,7.73426475,177117709.0,811250475.8,0.802,-1.3072,1,0
2023-05-25,sh.601989,7.5826125,7.751115,7.548912,7.73426475,7.63316325,161296970.0,731814012.55,0.7304,1.3245,1,0
2023-05-26,sh.601989,7.66686375,7.751115,7.46466075,7.6500135,7.73426475,151189467.0,685439068.1,0.6846,-1.0893,1,0
2023-05-29,sh.601989,7.751115,7.953318,7.66686375,7.818516,7.6500135,182734223.0,850386740.49,0.8275,2.2026,1,0
2023-05-30,sh.601989,7.73426475,7.953318,7.7174145,7.90276725,7.818516,151906743.0,708411270.11,0.6879,1.0776,1,0
2023-05-31,sh.601989,7.8522165,7.9870185,7.80166575,7.83536625,7.90276725,155374443.0,728351600.32,0.7036,-0.8529,1,0
2023-06-01,sh.601989,7.76796525,8.155521,7.6500135,7.9870185,7.83536625,236949211.0,1118597990.89,1.073,1.9355,1,0
2023-06-02,sh.601989,8.00386875,8.155521,7.83536625,7.83536625,7.9870185,178937240.0,843792342.3,0.8103,-1.8987,1,0
2023-06-05,sh.601989,7.818516,7.953318,7.76796525,7.80166575,7.83536625,121936049.0,567157381.27,0.5522,-0.4301,1,0
2023-06-06,sh.601989,7.818516,7.8522165,7.548912,7.56576225,7.80166575,161686673.0,737880803.75,0.7322,-3.0238,1,0
2023-06-07,sh.601989,7.548912,7.66686375,7.53206175,7.59946275,7.56576225,96785265.0,436942901.03,0.4383,0.4454,1,0
2023-06-08,sh.601989,7.59946275,7.73426475,7.56576225,7.66686375,7.59946275,100187868.0,454260757.8,0.4537,0.8869,1,0
2023-06-09,sh.601989,7.6500135,7.683714,7.548912,7.616313,7.66686375,108813679.0,490434316.31,0.4927,-0.6593,1,0
2023-06-12,sh.601989,7.616313,7.683714,7.53206175,7.548912,7.616313,107710178.0,486073964.98,0.4877,-0.885,1,0
2023-06-13,sh.601989,7.53206175,7.56576225,7.346709,7.56576225,7.548912,162759206.0,721158509.19,0.737,0.2232,1,0
2023-06-14,sh.601989,7.53206175,7.683714,7.5152115,7.548912,7.56576225,121835080.0,549879651.42,0.5517,-0.2227,1,0
2023-06-15,sh.601989,7.548912,7.616313,7.46466075,7.5152115,7.548912,98156993.0,438797301.1,0.4445,-0.4464,1,0
2023-06-16,sh.601989,7.56576225,7.86906675,7.548912,7.7174145,7.5152115,223350509.0,1028812354.77,1.0114,2.6906,1,0
2023-06-19,sh.601989,7.63316325,7.9870185,7.63316325,7.9196175,7.7174145,236756375.0,1106115902.57,1.0721,2.6201,1,0
2023-06-20,sh.601989,7.9196175,8.30717325,7.8522165,8.1892215,7.9196175,342556334.0,1661131569.37,1.5512,3.4043,1,0
2023-06-21,sh.601989,8.155521,8.222922,7.93646775,7.953318,8.1892215,187265789.0,896847339.67,0.848,-2.8807,1,0
2023-06-26,sh.601989,7.9196175,8.03756925,7.751115,7.7848155,7.953318,156813502.0,732815327.72,0.7101,-2.1186,1,0
2023-06-27,sh.601989,7.7848155,8.290323,7.76796525,8.23977225,7.7848155,288598791.0,1388103077.2,1.3068,5.8442,1,0
2023-06-28,sh.601989,8.1892215,8.30717325,8.020719,8.155521,8.23977225,223541342.0,1080529239.26,1.0122,-1.0225,1,0
2023-06-29,sh.601989,8.1218205,8.222922,8.07126975,8.13867075,8.155521,141008425.0,681935907.02,0.6385,-0.2066,1,0
2023-06-30,sh.601989,8.155521,8.222922,8.0544195,8.1218205,8.13867075,123818771.0,595912807.82,0.5607,-0.207,1,0
2023-07-03,sh.601989,8.17237125,8.37457425,8.10497025,8.27347275,8.1218205,227499733.0,1113984545.59,1.0302,1.8672,1,0
2023-07-04,sh.601989,8.222922,8.30717325,8.00386875,8.10497025,8.27347275,180247664.0,872471043.69,0.8162,-2.0367,1,0
2023-07-05,sh.601989,8.0544195,8.08812,7.9196175,7.93646775,8.10497025,141516440.0,671326097.21,0.6408,-2.079,1,0
2023-07-06,sh.601989,7.90276725,7.97016825,7.885917,7.9196175,7.93646775,103275861.0,485637664.77,0.4677,-0.2123,1,0
2023-07-07,sh.601989,7.885917,7.93646775,7.80166575,7.86906675,7.9196175,97981113.0,457202851.35,0.4437,-0.6383,1,0
2023-07-10,sh.601989,7.885917,7.93646775,7.7848155,7.8522165,7.86906675,81922502.0,382065978.88,0.371,-0.2141,1,0
2023-07-11,sh.601989,7.86906675,7.953318,7.83536625,7.885917,7.8522165,68431731.0,320382909.79,0.3099,0.4292,1,0
2023-07-12,sh.601989,7.885917,7.90276725,7.7174145,7.73426475,7.885917,120255275.0,554525800.53,0.5445,-1.9231,1,0
2023-07-13,sh.601989,7.59946275,7.76796525,7.53206175,7.5826125,7.73426475,261139811.0,1179407730.96,1.1825,-1.9608,1,0
2023-07-14,sh.601989,7.548912,7.70056425,7.46466075,7.59946275,7.5826125,166857055.0,754138182.26,0.7556,0.2222,1,0
2023-07-17,sh.601989,7.5826125,7.751115,7.53206175,7.73426475,7.59946275,137455630.0,626284339.23,0.6224,1.7738,1,0
2023-07-18,sh.601989,7.70056425,7.818516,7.66686375,7.683714,7.73426475,88823746.0,408727087.8,0.4022,-0.6536,1,0
2023-07-19,sh.601989,7.7174145,7.7174145,7.63316325,7.7174145,7.683714,67701992.0,308771696.38,0.3066,0.4386,1,0
2023-07-20,sh.601989,7.70056425,7.7174145,7.49836125,7.53206175,7.7174145,99130100.0,446924180.86,0.4489,-2.4017,1,0
2023-07-21,sh.601989,7.5152115,7.56576225,7.481511,7.548912,7.53206175,67366936.0,300851943.03,0.3051,0.2237,1,0
2023-07-24,sh.601989,7.49836125,7.73426475,7.481511,7.66686375,7.548912,90155847.0,410253107.85,0.4082,1.5625,1,0
2023-07-25,sh.601989,7.751115,7.751115,7.6500135,7.683714,7.66686375,87615490.0,399807003.6,0.3967,0.2198,1,0
2023-07-26,sh.601989,7.683714,7.73426475,7.56576225,7.616313,7.683714,72401957.0,328044741.07,0.3279,-0.8772,1,0
2023-07-27,sh.601989,7.5826125,7.818516,7.5826125,7.66686375,7.616313,120561260.0,551693501.6,0.5459,0.6637,1,0
2023-07-28,sh.601989,7.616313,7.7174145,7.481511,7.7174145,7.66686375,140127972.0,631391429.32,0.6345,0.6593,1,0
2023-07-31,sh.601989,7.7174145,8.13867075,7.683714,8.10497025,7.7174145,295306625.0,1399077539.07,1.3372,5.0218,1,0
2023-08-01,sh.601989,8.13867075,8.17237125,7.9870185,8.0544195,8.10497025,148463231.0,711645507.02,0.6723,-0.6237,1,0
2023-08-02,sh.601989,8.03756925,8.13867075,7.90276725,7.97016825,8.0544195,126919791.0,602618477.86,0.5747,-1.046,1,0
2023-08-03,sh.601989,7.953318,8.020719,7.885917,8.00386875,7.97016825,91672927.0,432887485.54,0.4151,0.4228,1,0
2023-08-04,sh.601989,7.9870185,8.08812,7.8522165,7.885917,8.00386875,154868156.0,729259262.89,0.7013,-1.4737,1,0
2023-08-07,sh.601989,7.8522165,7.90276725,7.80166575,7.83536625,7.885917,71506330.0,333157835.2,0.3238,-0.641,1,0
2023-08-08,sh.601989,7.818516,7.8522165,7.49836125,7.59946275,7.83536625,186712464.0,842558631.26,0.8455,-3.0108,1,0
2023-08-09,sh.601989,7.56576225,7.63316325,7.53206175,7.56576225,7.59946275,63097777.0,283825258.07,0.2857,-0.4435,1,0
2023-08-10,sh.601989,7.63316325,7.683714,7.548912,7.59946275,7.56576225,71585821.0,323473077.5,0.3242,0.4454,1,0
2023-08-11,sh.601989,7.56576225,7.59946275,7.481511,7.49836125,7.59946275,76062826.0,340100644.7,0.3444,-1.3304,1,0
2023-08-14,sh.601989,7.43096025,7.53206175,7.3804095,7.5152115,7.49836125,101789071.0,450524297.91,0.4609,0.2247,1,0
2023-08-15,sh.601989,7.481511,7.53206175,7.41411,7.46466075,7.5152115,53864522.0,238980122.57,0.2439,-0.6726,1,0
2023-08-16,sh.601989,7.43096025,7.49836125,7.36355925,7.39725975,7.46466075,70687268.0,310800193.15,0.3201,-0.9029,1,0
2023-08-17,sh.601989,7.346709,7.481511,7.279308,7.481511,7.39725975,85414478.0,375878359.87,0.3868,1.139,1,0
2023-08-18,sh.601989,7.481511,7.5152115,7.346709,7.346709,7.481511,64713045.0,285283215.81,0.293,-1.8018,1,0
2023-08-21,sh.601989,7.346709,7.43096025,7.26245775,7.279308,7.346709,55020143.0,240190349.72,0.2491,-0.9174,1,0
2023-08-22,sh.601989,7.279308,7.41411,7.26245775,7.39725975,7.279308,66616948.0,290362486.25,0.3017,1.6204,1,0
2023-08-23,sh.601989,7.346709,7.36355925,7.211907,7.22875725,7.39725975,59904810.0,259438430.55,0.2713,-2.2779,1,0
2023-08-24,sh.601989,7.279308,7.3130085,7.1108055,7.12765575,7.22875725,73521285.0,313520741.48,0.3329,-1.3986,1,0
2023-08-25,sh.601989,7.1108055,7.22875725,7.0434045,7.19505675,7.12765575,85023394.0,361278237.87,0.385,0.9456,1,0
2023-08-28,sh.601989,7.5152115,7.5826125,7.22875725,7.2456075,7.19505675,100260950.0,439084945.48,0.454,0.7026,1,0
2023-08-29,sh.601989,7.2456075,7.36355925,7.22875725,7.279308,7.2456075,90228299.0,390689375.68,0.4086,0.4651,1,0
2023-08-30,sh.601989,7.29615825,7.32985875,7.12765575,7.19505675,7.279308,96711827.0,413769297.7,0.4379,-1.1574,1,0
2023-08-31,sh.601989,7.19505675,7.211907,7.0434045,7.077105,7.19505675,74088692.0,312291227.12,0.3355,-1.6393,1,0
2023-09-01,sh.601989,7.077105,7.12765575,7.02655425,7.09395525,7.077105,63656072.0,267550764.16,0.2882,0.2381,1,0
2023-09-04,sh.601989,7.1108055,7.22875725,7.09395525,7.211907,7.09395525,72127509.0,306973889.28,0.3266,1.6627,1,0
2023-09-05,sh.601989,7.19505675,7.211907,7.1108055,7.12765575,7.211907,51154148.0,217219054.0,0.2316,-1.1682,1,0
2023-09-06,sh.601989,7.1108055,7.1108055,7.0434045,7.077105,7.12765575,62376639.0,261851439.85,0.2825,-0.7092,1,0
2023-09-07,sh.601989,7.09395525,7.1108055,6.92545275,6.942303,7.077105,86353100.0,358783741.0,0.391,-1.9048,1,0
2023-09-08,sh.601989,6.92545275,7.009704,6.89175225,6.99285375,6.942303,59305676.0,245211728.83,0.2685,0.7282,1,0
2023-09-11,sh.601989,7.009704,7.1782065,6.9760035,7.144506,6.99285375,94311742.0,397533039.38,0.4271,2.1687,1,0
2023-09-12,sh.601989,7.144506,7.1782065,7.09395525,7.1108055,7.144506,52393927.0,221935059.52,0.2373,-0.4717,1,0
2023-09-13,sh.601989,7.09395525,7.12765575,7.02655425,7.06025475,7.1108055,50411000.0,211377045.0,0.2283,-0.7109,1,0
2023-09-14,sh.601989,7.06025475,7.1108055,7.02655425,7.06025475,7.06025475,50604309.0,212275705.92,0.2291,0.0,1,0
2023-09-15,sh.601989,7.077105,7.12765575,7.02655425,7.0434045,7.06025475,52649762.0,221101450.56,0.2384,-0.2387,1,0
2023-09-18,sh.601989,7.009704,7.0434045,6.9760035,7.02655425,7.0434045,50118045.0,208435194.65,0.2269,-0.2392,1,0
2023-09-19,sh.601989,7.009704,7.077105,6.9760035,7.0434045,7.02655425,49808945.0,207708297.1,0.2255,0.2398,1,0
2023-09-20,sh.601989,7.0434045,7.0434045,6.9760035,6.9760035,7.0434045,39857630.0,165567713.0,0.1805,-0.9569,1,0
2023-09-21,sh.601989,6.9760035,7.09395525,6.95915325,6.9760035,6.9760035,59497092.0,248252281.6,0.2694,0.0,1,0
2023-09-22,sh.601989,6.942303,7.077105,6.942303,7.06025475,6.9760035,50802886.0,211608971.92,0.23,1.2077,1,0
2023-09-25,sh.601989,7.0434045,7.12765575,6.9760035,6.99285375,7.06025475,63015436.0,263226678.04,0.2853,-0.9547,1,0
2023-09-26,sh.601989,6.9760035,7.0434045,6.942303,6.942303,6.99285375,55508671.0,230048801.43,0.2514,-0.7229,1,0
2023-09-27,sh.601989,6.942303,7.009704,6.89175225,6.9086025,6.942303,87192947.0,358930021.54,0.3948,-0.4854,1,0
2023-09-28,sh.601989,6.92545275,7.0434045,6.9086025,7.02655425,6.9086025,73014120.0,302768090.0,0.3306,1.7073,1,0
2023-10-09,sh.601989,7.009704,7.32985875,6.9760035,7.22875725,7.02655425,156986224.0,670057884.88,0.7109,2.8777,1,0
2023-10-10,sh.601989,7.19505675,7.211907,7.0434045,7.09395525,7.22875725,84711071.0,357050922.78,0.3836,-1.8648,1,0
2023-10-11,sh.601989,7.077105,7.12765575,7.0434045,7.06025475,7.09395525,53962756.0,226679350.55,0.2444,-0.4751,1,0
2023-10-12,sh.601989,7.09395525,7.1108055,7.06025475,7.077105,7.06025475,47620070.0,200129404.0,0.2156,0.2387,1,0
2023-10-13,sh.601989,7.0434045,7.0434045,6.942303,6.95915325,7.077105,58331678.0,241595805.83,0.2641,-1.6667,1,0
2023-10-16,sh.601989,6.9760035,7.009704,6.92545275,6.942303,6.95915325,53573226.0,221551568.27,0.2426,-0.2421,1,0
2023-10-17,sh.601989,6.942303,6.9760035,6.92545275,6.95915325,6.942303,32369446.0,133550921.98,0.1466,0.2427,1,0
2023-10-18,sh.601989,6.942303,6.95915325,6.82435125,6.8412015,6.95915325,64069598.0,262101248.11,0.2901,-1.6949,1,0
2023-10-19,sh.601989,6.807501,6.85805175,6.7063995,6.72324975,6.8412015,66022512.0,266023852.41,0.299,-1.7241,1,0
2023-10-20,sh.601989,6.68954925,6.7401,6.65584875,6.672699,6.72324975,55215204.0,219111666.4,0.25,-0.7519,1,0
2023-10-23,sh.601989,6.672699,6.672699,6.48734625,6.537897,6.672699,68975093.0,268598013.73,0.3123,-2.0202,1,0
2023-10-24,sh.601989,6.537897,6.605298,6.5041965,6.58844775,6.537897,58011596.0,225828030.65,0.2627,0.7732,1,0
2023-10-25,sh.601989,6.6389985,6.7063995,6.62214825,6.672699,6.58844775,53833103.0,212927114.38,0.2438,1.2788,1,0
2023-10-26,sh.601989,6.6389985,6.75695025,6.58844775,6.7401,6.672699,56729615.0,224781971.01,0.2569,1.0101,1,0
2023-10-27,sh.601989,6.7401,6.85805175,6.68954925,6.8412015,6.7401,57731566.0,232824702.13,0.2614,1.5,1,0
2023-10-30,sh.601989,6.75695025,6.8412015,6.72324975,6.82435125,6.8412015,75294444.0,302638116.76,0.3409,-0.2463,1,0
2023-10-31,sh.601989,6.82435125,6.8412015,6.75695025,6.79065075,6.82435125,39537187.0,159302241.74,0.179,-0.4938,1,0
2023-11-01,sh.601989,6.79065075,6.8412015,6.75695025,6.8412015,6.79065075,41974060.0,169555876.8,0.1901,0.7444,1,0
2023-11-02,sh.601989,6.82435125,6.874902,6.72324975,6.7401,6.8412015,41934144.0,169005407.0,0.1899,-1.4778,1,0
2023-11-03,sh.601989,6.7401,6.807501,6.72324975,6.7738005,6.7401,39491609.0,158984543.48,0.1788,0.5,1,0
2023-11-06,sh.601989,6.79065075,6.82435125,6.75695025,6.807501,6.7738005,53444139.0,215503274.17,0.242,0.4975,1,0
2023-11-07,sh.601989,6.807501,6.807501,6.7401,6.7738005,6.807501,51908375.0,208375437.33,0.2351,-0.495,1,0
2023-11-08,sh.601989,6.75695025,6.7738005,6.65584875,6.68954925,6.7738005,58104641.0,231137271.77,0.2631,-1.2438,1,0
2023-11-09,sh.601989,6.68954925,6.7401,6.65584875,6.7063995,6.68954925,38248800.0,152065527.0,0.1732,0.2519,1,0
2023-11-10,sh.601989,6.672699,6.68954925,6.58844775,6.6389985,6.7063995,51840019.0,203830450.44,0.2347,-1.005,1,0
2023-11-13,sh.601989,6.6389985,6.7063995,6.58844775,6.68954925,6.6389985,54763300.0,216305234.77,0.248,0.7614,1,0
2023-11-14,sh.601989,6.68954925,6.807501,6.672699,6.79065075,6.68954925,75414800.0,303003446.0,0.3415,1.5113,1,0
2023-11-15,sh.601989,6.82435125,6.82435125,6.7401,6.7738005,6.79065075,48262409.0,194164434.18,0.2185,-0.2481,1,0
2023-11-16,sh.601989,6.7738005,6.79065075,6.72324975,6.72324975,6.7738005,33040430.0,132357636.45,0.1496,-0.7463,1,0
2023-11-17,sh.601989,6.72324975,6.7401,6.65584875,6.7063995,6.72324975,35813104.0,142227250.6,0.1622,-0.2506,1,0
2023-11-20,sh.601989,6.7063995,6.82435125,6.672699,6.82435125,6.7063995,64477506.0,259026881.31,0.292,1.7588,1,0
2023-11-21,sh.601989,6.82435125,6.82435125,6.75695025,6.75695025,6.82435125,48296900.0,194587725.0,0.2187,-0.9877,1,0
2023-11-22,sh.601989,6.75695025,6.7738005,6.672699,6.672699,6.75695025,41136600.0,164238026.94,0.1863,-1.2469,1,0
2023-11-23,sh.601989,6.68954925,6.72324975,6.62214825,6.7063995,6.672699,36026928.0,142743415.87,0.1631,0.5051,1,0
2023-11-24,sh.601989,6.7063995,6.72324975,6.6389985,6.6389985,6.7063995,45455752.0,179777079.11,0.2058,-1.005,1,0
2023-11-27,sh.601989,6.6389985,6.68954925,6.55474725,6.62214825,6.6389985,53116961.0,208372939.14,0.2405,-0.2538,1,0
2023-11-28,sh.601989,6.605298,6.68954925,6.605298,6.65584875,6.62214825,40268075.0,158812291.38,0.1823,0.5089,1,0
2023-11-29,sh.601989,6.6389985,6.68954925,6.62214825,6.6389985,6.65584875,39128605.0,154601181.22,0.1772,-0.2532,1,0
2023-11-30,sh.601989,6.6389985,6.82435125,6.62214825,6.7063995,6.6389985,90981870.0,363821207.42,0.412,1.0152,1,0
2023-12-01,sh.601989,6.68954925,6.7401,6.62214825,6.7063995,6.7063995,57527401.0,227678501.32,0.2605,0.0,1,0
2023-12-04,sh.601989,6.7063995,6.82435125,6.68954925,6.79065075,6.7063995,74032413.0,297663120.7,0.3352,1.2563,1,0
2023-12-05,sh.601989,6.7738005,6.79065075,6.68954925,6.68954925,6.79065075,53291900.0,213141323.0,0.2413,-1.4888,1,0
2023-12-06,sh.601989,6.672699,6.72324975,6.6389985,6.7063995,6.68954925,62371546.0,247553960.58,0.2824,0.2519,1,0
2023-12-07,sh.601989,6.68954925,6.68954925,6.62214825,6.62214825,6.7063995,60431512.0,238381879.64,0.2736,-1.2563,1,0
2023-12-08,sh.601989,6.6389985,6.672699,6.537897,6.537897,6.62214825,70732774.0,277008965.84,0.3203,-1.2723,1,0
2023-12-11,sh.601989,6.52104675,6.537897,6.41994525,6.537897,6.537897,73322158.0,281398147.76,0.332,0.0,1,0
2023-12-12,sh.601989,6.537897,6.807501,6.52104675,6.79065075,6.537897,167332719.0,670937238.89,0.7577,3.866,1,0
2023-12-13,sh.601989,6.79065075,6.85805175,6.75695025,6.82435125,6.79065075,116773240.0,472385139.25,0.5288,0.4963,1,0
2023-12-14,sh.601989,6.807501,6.942303,6.79065075,6.874902,6.82435125,98766545.0,403196622.76,0.4472,0.7407,1,0
2023-12-15,sh.601989,6.85805175,6.89175225,6.7738005,6.807501,6.874902,63531775.0,257532932.0,0.2877,-0.9804,1,0
2023-12-18,sh.601989,6.807501,6.89175225,6.7738005,6.807501,6.807501,66950604.0,271131030.12,0.3032,0.0,1,0
2023-12-19,sh.601989,6.79065075,6.89175225,6.7738005,6.874902,6.807501,81318180.0,330573959.98,0.3682,0.9901,1,0
2023-12-20,sh.601989,6.85805175,6.9760035,6.75695025,6.75695025,6.874902,84686134.0,344631381.77,0.3835,-1.7157,1,0
2023-12-21,sh.601989,6.82435125,6.9086025,6.7738005,6.89175225,6.75695025,110800050.0,450931689.9,0.5017,1.995,1,0
2023-12-22,sh.601989,6.89175225,6.95915325,6.85805175,6.92545275,6.89175225,93281407.0,382903042.52,0.4224,0.489,1,0
2023-12-25,sh.601989,6.89175225,6.95915325,6.8412015,6.85805175,6.92545275,69640721.0,284639193.12,0.3153,-0.9732,1,0
2023-12-26,sh.601989,6.85805175,6.874902,6.7738005,6.82435125,6.85805175,50713798.0,205306585.11,0.2296,-0.4914,1,0
2023-12-27,sh.601989,6.79065075,6.8412015,6.75695025,6.8412015,6.82435125,68272911.0,275612049.46,0.3092,0.2469,1,0
2023-12-28,sh.601989,6.807501,6.89175225,6.79065075,6.8412015,6.8412015,87072226.0,353779917.36,0.3943,0.0,1,0
2023-12-29,sh.601989,6.8412015,6.99285375,6.82435125,6.95915325,6.8412015,91506023.0,376942457.84,0.4144,1.7241,1,0
2024-01-02,sh.601989,6.95915325,7.144506,6.95915325,7.009704,6.95915325,132892190.0,556700553.38,0.6018,0.7264,1,0
2024-01-03,sh.601989,6.9760035,7.02655425,6.95915325,7.02655425,7.009704,56127601.0,233123339.16,0.2542,0.2404,1,0
2024-01-04,sh.601989,6.99285375,7.0434045,6.92545275,7.009704,7.02655425,60112733.0,248967237.95,0.2722,-0.2398,1,0
2024-01-05,sh.601989,7.009704,7.06025475,6.89175225,6.92545275,7.009704,67698768.0,280511613.23,0.3066,-1.2019,1,0
2024-01-08,sh.601989,6.92545275,6.95915325,6.8412015,6.85805175,6.92545275,63753320.0,260666200.2,0.2887,-0.9732,1,0
2024-01-09,sh.601989,6.8412015,6.85805175,6.7401,6.7738005,6.85805175,78139745.0,314413942.13,0.3538,-1.2285,1,0
2024-01-10,sh.601989,6.75695025,6.807501,6.65584875,6.75695025,6.7738005,55361565.0,221256463.43,0.2507,-0.2488,1,0
2024-01-11,sh.601989,6.7401,6.89175225,6.72324975,6.874902,6.75695025,75480417.0,305904176.09,0.3418,1.7456,1,0
2024-01-12,sh.601989,6.8412015,6.99285375,6.8412015,6.9760035,6.874902,88309502.0,364005085.94,0.3999,1.4706,1,0
2024-01-15,sh.601989,6.942303,7.02655425,6.9086025,6.95915325,6.9760035,62733240.0,259226134.58,0.2841,-0.2415,1,0
2024-01-16,sh.601989,6.95915325,7.06025475,6.92545275,7.0434045,6.95915325,80250131.0,333065236.33,0.3634,1.2107,1,0
2024-01-17,sh.601989,7.02655425,7.0434045,6.9086025,6.92545275,7.0434045,61250951.0,254033363.25,0.2774,-1.6746,1,0
2024-01-18,sh.601989,6.874902,6.89175225,6.5715975,6.85805175,6.92545275,139374525.0,555587936.27,0.6311,-0.9732,1,0
2024-01-19,sh.601989,6.82435125,6.92545275,6.7738005,6.89175225,6.85805175,80618500.0,328829102.0,0.3651,0.4914,1,0
2024-01-22,sh.601989,6.874902,6.89175225,6.672699,6.72324975,6.89175225,101368029.0,408777189.25,0.459,-2.445,1,0
2024-01-23,sh.601989,6.68954925,6.7401,6.58844775,6.68954925,6.72324975,75934633.0,300210150.04,0.3438,-0.5013,1,0
2024-01-24,sh.601989,6.75695025,6.942303,6.7401,6.942303,6.68954925,101820578.0,413041504.56,0.4611,3.7783,1,0
2024-01-25,sh.601989,6.9086025,7.32985875,6.9086025,7.29615825,6.942303,207223254.0,882432388.83,0.9383,5.0971,1,0
2024-01-26,sh.601989,7.2456075,7.39725975,7.22875725,7.32985875,7.29615825,162574575.0,705458042.06,0.7362,0.4619,1,0
2024-01-29,sh.601989,7.32985875,7.43096025,7.29615825,7.3130085,7.32985875,144168237.0,629366589.74,0.6528,-0.2299,1,0
2024-01-30,sh.601989,7.279308,7.53206175,7.22875725,7.32985875,7.3130085,167294229.0,733420494.0,0.7575,0.2304,1,0
2024-01-31,sh.601989,7.19505675,7.26245775,6.99285375,7.06025475,7.32985875,174848549.0,739330926.91,0.7918,-3.6782,1,0
2024-02-01,sh.601989,6.99285375,7.1782065,6.942303,7.009704,7.06025475,93927142.0,392999202.18,0.4253,-0.716,1,0
2024-02-02,sh.601989,7.009704,7.211907,6.7738005,7.0434045,7.009704,155009360.0,648466968.24,0.7019,0.4808,1,0
2024-02-05,sh.601989,6.9760035,7.06025475,6.72324975,6.89175225,7.0434045,154500429.0,632660264.16,0.6996,-2.1531,1,0
2024-02-06,sh.601989,6.807501,7.12765575,6.7738005,7.06025475,6.89175225,136057541.0,559388867.3,0.6161,2.445,1,0
2024-02-07,sh.601989,7.16135625,7.279308,7.09395525,7.22875725,7.06025475,172673077.0,737894066.83,0.7819,2.3866,1,0
2024-02-08,sh.601989,7.2456075,7.29615825,7.09395525,7.2456075,7.22875725,147962003.0,630415972.3,0.67,0.2331,1,0
2024-02-19,sh.601989,7.22875725,7.4478105,7.211907,7.41411,7.2456075,153962770.0,671605413.37,0.6972,2.3256,1,0
2024-02-20,sh.601989,7.39725975,7.481511,7.346709,7.39725975,7.41411,89503943.0,393114934.66,0.4053,-0.2273,1,0
2024-02-21,sh.601989,7.36355925,7.548912,7.346709,7.39725975,7.39725975,147302922.0,653404246.0,0.667,0.0,1,0
2024-02-22,sh.601989,7.36355925,7.49836125,7.346709,7.481511,7.39725975,106258486.0,468285202.38,0.4812,1.139,1,0
2024-02-23,sh.601989,7.481511,7.5152115,7.43096025,7.481511,7.481511,75949180.0,336761529.46,0.3439,0.0,1,0
2024-02-26,sh.601989,7.481511,7.683714,7.41411,7.46466075,7.481511,133185852.0,596893859.85,0.6031,-0.2252,1,0
2024-02-27,sh.601989,7.3804095,7.63316325,7.36355925,7.59946275,7.46466075,112903340.0,504980642.91,0.5112,1.8059,1,0
2024-02-28,sh.601989,7.59946275,7.953318,7.5826125,7.616313,7.59946275,242801411.0,1123549644.92,1.0995,0.2217,1,0
2024-02-29,sh.601989,7.63316325,7.93646775,7.5826125,7.9196175,7.616313,188131313.0,869863908.58,0.8519,3.9823,1,0
2024-03-01,sh.601989,7.90276725,7.9870185,7.818516,7.9196175,7.9196175,122726549.0,575014428.18,0.5557,0.0,1,0
2024-03-04,sh.601989,7.8522165,8.290323,7.8522165,8.20607175,7.9196175,232080614.0,1116575095.02,1.0509,3.617,1,0
2024-03-05,sh.601989,8.155521,8.23977225,8.08812,8.1892215,8.20607175,124147314.0,601584018.08,0.5622,-0.2053,1,0
2024-03-06,sh.601989,8.1892215,8.2566225,8.0544195,8.1218205,8.1892215,105431988.0,511042158.34,0.4774,-0.823,1,0
2024-03-07,sh.601989,8.08812,8.2566225,7.97016825,7.9870185,8.1218205,150877314.0,723459820.03,0.6832,-1.6598,1,0
2024-03-08,sh.601989,7.9870185,8.13867075,7.953318,8.08812,7.9870185,100488950.0,478723152.5,0.455,1.2658,1,0
2024-03-11,sh.601989,8.07126975,8.155521,8.00386875,8.07126975,8.08812,79499041.0,381025024.36,0.36,-0.2083,1,0
2024-03-12,sh.601989,8.03756925,8.1218205,7.7174145,7.751115,8.07126975,199697672.0,933082010.8,0.9043,-3.9666,1,0
2024-03-13,sh.601989,7.73426475,7.8522165,7.59946275,7.7848155,7.751115,140975289.0,646388993.65,0.6384,0.4348,1,0
2024-03-14,sh.601989,7.76796525,7.8522165,7.66686375,7.73426475,7.7848155,87999553.0,406495752.63,0.3985,-0.6494,1,0
2024-03-15,sh.601989,7.66686375,7.751115,7.63316325,7.751115,7.73426475,86741508.0,395900962.4,0.3928,0.2179,1,0
2024-03-18,sh.601989,7.76796525,7.953318,7.73426475,7.885917,7.751115,111699709.0,521461349.99,0.5058,1.7391,1,0
2024-03-19,sh.601989,7.86906675,7.9196175,7.76796525,7.7848155,7.885917,79125735.0,368509032.19,0.3583,-1.2821,1,0
2024-03-20,sh.601989,7.751115,7.8522165,7.751115,7.76796525,7.7848155,62817889.0,290510774.84,0.2845,-0.2165,1,0
2024-03-21,sh.601989,7.76796525,7.8522165,7.7174145,7.751115,7.76796525,70071273.0,323099346.33,0.3173,-0.2169,1,0
2024-03-22,sh.601989,7.73426475,7.751115,7.616313,7.73426475,7.751115,80045216.0,365054850.44,0.3625,-0.2174,1,0
2024-03-25,sh.601989,7.70056425,7.7174145,7.53206175,7.5826125,7.73426475,143028499.0,646766061.04,0.6477,-1.9608,1,0
2024-03-26,sh.601989,7.5826125,7.6500135,7.548912,7.59946275,7.5826125,71983281.0,324413335.6,0.326,0.2222,1,0
2024-03-27,sh.601989,7.59946275,7.63316325,7.49836125,7.53206175,7.59946275,83333031.0,373632988.34,0.3773,-0.8869,1,0
2024-03-28,sh.601989,7.5152115,7.70056425,7.5152115,7.616313,7.53206175,90889865.0,411313307.43,0.4116,1.1186,1,0
2024-03-29,sh.601989,7.616313,7.885917,7.616313,7.8522165,7.616313,132522284.0,612368596.81,0.6001,3.0973,1,0
2024-04-01,sh.601989,7.86906675,7.93646775,7.80166575,7.86906675,7.8522165,106390780.0,496379016.14,0.4818,0.2146,1,0
2024-04-02,sh.601989,7.86906675,7.90276725,7.7848155,7.83536625,7.86906675,76940261.0,357886472.33,0.3484,-0.4283,1,0
2024-04-03,sh.601989,7.80166575,7.9196175,7.7848155,7.885917,7.83536625,77928022.0,364163786.32,0.3529,0.6452,1,0
2024-04-08,sh.601989,7.885917,8.1892215,7.8522165,8.1218205,7.885917,187881689.0,898934684.93,0.8508,2.9915,1,0
2024-04-09,sh.601989,8.07126975,8.1218205,7.953318,7.97016825,8.1218205,105845050.0,503570510.46,0.4793,-1.8672,1,0
2024-04-10,sh.601989,7.953318,8.13867075,7.90276725,7.9870185,7.97016825,123657571.0,589402450.32,0.5599,0.2114,1,0
2024-04-11,sh.601989,7.953318,8.155521,7.9196175,8.08812,7.9870185,108553825.0,519766625.7,0.4916,1.2658,1,0
2024-04-12,sh.601989,8.07126975,8.13867075,7.97016825,8.020719,8.08812,90747672.0,434339027.68,0.4109,-0.8333,1,0
2024-04-15,sh.601989,8.020719,8.37457425,8.020719,8.30717325,8.020719,213203277.0,1044038927.8,0.9654,3.5714,1,0
2024-04-16,sh.601989,8.30717325,8.3240235,8.03756925,8.03756925,8.30717325,182087193.0,882581225.51,0.8245,-3.2454,1,0
2024-04-17,sh.601989,8.020719,8.20607175,7.9870185,8.1892215,8.03756925,107723926.0,517962826.9,0.4878,1.8868,1,0
2024-04-18,sh.601989,8.0544195,8.3240235,8.00386875,8.23977225,8.1892215,150757175.0,732301063.66,0.6827,0.6173,1,0
2024-04-19,sh.601989,8.20607175,8.559927,8.1892215,8.3914245,8.23977225,191227389.0,957590530.21,0.8659,1.8405,1,0
2024-04-22,sh.601989,8.37457425,8.5936275,8.222922,8.27347275,8.3914245,183356962.0,912765156.94,0.8303,-1.4056,1,0
2024-04-23,sh.601989,8.222922,8.27347275,7.93646775,7.9870185,8.27347275,177054506.0,847996631.82,0.8017,-3.4623,1,0
2024-04-24,sh.601989,8.020719,8.1892215,8.00386875,8.1892215,7.9870185,101069960.0,485300099.2,0.4577,2.5316,1,0
2024-04-25,sh.601989,8.20607175,8.27347275,8.10497025,8.20607175,8.1892215,96157100.0,468482174.49,0.4354,0.2058,1,0
2024-04-26,sh.601989,8.222922,8.34087375,8.17237125,8.3240235,8.20607175,108297645.0,531605087.35,0.4904,1.4374,1,0
2024-04-29,sh.601989,8.357724,8.492526,8.00386875,8.10497025,8.3240235,221766426.0,1068121740.94,1.0042,-2.6316,1,0
2024-04-30,sh.601989,8.0544195,8.17237125,7.9870185,8.0544195,8.10497025,122533534.0,586159500.7,0.5549,-0.6237,1,0
2024-05-06,sh.601989,8.1218205,8.17237125,8.03756925,8.1218205,8.0544195,114989100.0,553582958.0,0.5207,0.8368,1,0
2024-05-07,sh.601989,8.08812,8.34087375,8.07126975,8.222922,8.1218205,138808378.0,678998825.03,0.6286,1.2448,1,0
2024-05-08,sh.601989,8.20607175,8.357724,8.13867075,8.30717325,8.222922,102365943.0,502167933.45,0.4635,1.0246,1,0
2024-05-09,sh.601989,8.27347275,8.67787875,8.27347275,8.67787875,8.30717325,297625255.0,1512682021.09,1.3477,4.4625,1,0
2024-05-10,sh.601989,8.67787875,8.7958305,8.61047775,8.67787875,8.67787875,178735216.0,921685875.26,0.8093,0.0,1,0
2024-05-13,sh.601989,8.6610285,8.896932,8.61047775,8.77898025,8.67787875,189889947.0,990560566.18,0.8599,1.165,1,0
2024-05-14,sh.601989,8.7958305,8.94748275,8.7284295,8.8632315,8.77898025,148878724.0,781053674.23,0.6742,0.9597,1,0
2024-05-15,sh.601989,8.81268075,8.896932,8.6610285,8.694729,8.8632315,163328727.0,847982739.31,0.7396,-1.9011,1,0
2024-05-16,sh.601989,8.64417825,8.76213,8.64417825,8.67787875,8.694729,124153682.0,641584559.96,0.5622,-0.1938,1,0
2024-05-17,sh.601989,8.67787875,8.74527975,8.559927,8.71157925,8.67787875,122205560.0,628160253.74,0.5534,0.3883,1,0
2024-05-20,sh.601989,8.67787875,8.77898025,8.54307675,8.627328,8.71157925,134732327.0,691941542.35,0.6101,-0.9671,1,0
2024-05-21,sh.601989,8.61047775,8.6610285,8.50937625,8.54307675,8.627328,88073365.0,447878928.01,0.3988,-0.9766,1,0
2024-05-22,sh.601989,8.5262265,8.57677725,8.44197525,8.4588255,8.54307675,81937400.0,412684722.0,0.371,-0.9862,1,0
2024-05-23,sh.601989,8.4588255,8.5936275,8.40827475,8.425125,8.4588255,121696125.0,612443302.64,0.5511,-0.3984,1,0
2024-05-24,sh.601989,8.425125,8.57677725,8.40827475,8.4588255,8.425125,110157063.0,555096256.66,0.4988,0.4,1,0
2024-05-27,sh.601989,8.4588255,8.492526,8.34087375,8.44197525,8.4588255,128013113.0,638961456.31,0.5614,-0.1992,1,0
2024-05-28,sh.601989,8.425125,8.4588255,8.30717325,8.3240235,8.44197525,83916810.0,416902888.57,0.368,-1.3972,1,0
2024-05-29,sh.601989,8.30717325,8.37457425,8.222922,8.34087375,8.3240235,77234835.0,380608947.17,0.3387,0.2024,1,0
2024-05-30,sh.601989,8.30717325,8.67787875,8.290323,8.5936275,8.34087375,181095409.0,916999237.94,0.7942,3.0303,1,0
2024-05-31,sh.601989,8.559927,8.61047775,8.492526,8.54307675,8.5936275,75558042.0,382936848.52,0.3314,-0.5882,1,0
2024-06-03,sh.601989,8.5262265,8.71157925,8.50937625,8.559927,8.54307675,119517056.0,610943327.46,0.5242,0.1972,1,0
2024-06-04,sh.601989,8.54307675,8.627328,8.425125,8.57677725,8.559927,93222839.0,471497132.0,0.4088,0.1969,1,0
2024-06-05,sh.601989,8.57677725,8.67787875,8.54307675,8.57677725,8.57677725,86427640.0,441748391.0,0.379,0.0,1,0
2024-06-06,sh.601989,8.54307675,8.64417825,8.50937625,8.5262265,8.57677725,85153705.0,433168902.71,0.3734,-0.5894,1,0
2024-06-07,sh.601989,8.54307675,8.6610285,8.492526,8.57677725,8.5262265,88153788.0,448271043.53,0.3866,0.5929,1,0
2024-06-11,sh.601989,8.559927,8.61047775,8.10497025,8.17237125,8.57677725,177075610.0,870899470.0,0.7766,-4.7151,1,0
2024-06-12,sh.601989,8.155521,8.290323,8.10497025,8.23977225,8.17237125,93310758.0,455386500.14,0.4092,0.8247,1,0
2024-06-13,sh.601989,8.222922,8.425125,8.20607175,8.290323,8.23977225,87050985.0,429731974.15,0.3818,0.6135,1,0
2024-06-14,sh.601989,8.2566225,8.27347275,7.818516,7.93646775,8.290323,222113554.0,1053402130.45,0.9741,-4.2683,1,0
2024-06-17,sh.601989,7.90276725,8.020719,7.8522165,7.953318,7.93646775,97488826.0,458937371.64,0.4275,0.2123,1,0
2024-06-18,sh.601989,7.93646775,8.17237125,7.90276725,8.13867075,7.953318,104128700.0,498226888.52,0.4567,2.3305,1,0
2024-06-19,sh.601989,8.1218205,8.155521,8.03756925,8.08812,8.13867075,67787647.0,325468439.94,0.2973,-0.6211,1,0
2024-06-20,sh.601989,8.07126975,8.20607175,8.03756925,8.0544195,8.08812,72047714.0,346758988.44,0.316,-0.4167,1,0
2024-06-21,sh.601989,8.03756925,8.13867075,7.97016825,8.13867075,8.0544195,62614414.0,299552100.61,0.2746,1.046,1,0
2024-06-24,sh.601989,8.08812,8.13867075,7.86906675,7.90276725,8.13867075,83619453.0,395592511.55,0.3667,-2.8986,1,0
2024-06-25,sh.601989,7.93646775,7.9870185,7.751115,7.885917,7.90276725,82761996.0,386494874.65,0.363,-0.2132,1,0
2024-06-26,sh.601989,7.86906675,7.97016825,7.751115,7.9196175,7.885917,72405805.0,337242296.38,0.3175,0.4274,1,0
2024-06-27,sh.601989,7.90276725,7.9870185,7.83536625,7.9196175,7.9196175,70024720.0,329094288.8,0.3071,0.0,1,0
2024-06-28,sh.601989,7.885917,8.37457425,7.885917,8.30717325,7.9196175,155380609.0,755603432.26,0.6814,4.8936,1,0
2024-07-01,sh.601989,8.30717325,8.3240235,8.1892215,8.2566225,8.30717325,86978260.0,425639429.86,0.3814,-0.6085,1,0
2024-07-02,sh.601989,8.27347275,8.30717325,8.1892215,8.2566225,8.2566225,57114000.0,279538661.0,0.2505,0.0,1,0
2024-07-03,sh.601989,8.2566225,8.290323,8.17237125,8.20607175,8.2566225,50657900.0,246672613.0,0.2222,-0.6122,1,0
2024-07-04,sh.601989,8.17237125,8.27347275,8.17237125,8.1892215,8.20607175,52488196.0,256062112.84,0.2302,-0.2053,1,0
2024-07-05,sh.601989,8.1892215,8.1892215,8.07126975,8.13867075,8.1892215,68425672.0,329950496.76,0.3001,-0.6173,1,0
2024-07-08,sh.601989,8.13867075,8.290323,8.10497025,8.23977225,8.13867075,87896580.0,428266327.26,0.3855,1.2422,1,0
2024-07-09,sh.601989,8.23977225,8.40827475,8.10497025,8.3240235,8.23977225,127227566.0,624150638.47,0.558,1.0225,1,0
2024-07-10,sh.601989,8.3240235,8.492526,8.27347275,8.3240235,8.3240235,106176299.0,526176855.24,0.4656,0.0,1,0
2024-07-11,sh.601989,8.4588255,8.74527975,8.4588255,8.71157925,8.3240235,199730153.0,1024277511.64,0.8759,4.6559,1,0
2024-07-12,sh.601989,8.71157925,8.88008175,8.6610285,8.74527975,8.71157925,112833503.0,586124248.04,0.4948,0.3868,1,0
2024-07-15,sh.601989,8.74527975,8.91378225,8.71157925,8.829531,8.74527975,147968603.0,776410314.35,0.6489,0.9634,1,0
2024-07-16,sh.601989,8.7958305,8.88008175,8.694729,8.7958305,8.829531,105096796.0,547575464.16,0.4609,-0.3817,1,0
2024-07-17,sh.601989,8.7958305,8.8632315,8.627328,8.67787875,8.7958305,97470574.0,504701643.42,0.4275,-1.341,1,0
2024-07-18,sh.601989,8.6610285,8.9306325,8.61047775,8.91378225,8.67787875,147636177.0,770290319.9,0.6475,2.7184,1,0
2024-07-19,sh.601989,8.896932,9.031734,8.8632315,9.01488375,8.91378225,152584015.0,812473356.38,0.6692,1.1342,1,0
2024-07-22,sh.601989,9.0654345,9.166536,8.964333,9.099135,9.01488375,149833355.0,806523241.45,0.6571,0.9346,1,0
2024-07-23,sh.601989,9.0654345,9.099135,8.829531,8.829531,9.099135,111083554.0,589009792.15,0.4872,-2.963,1,0
2024-07-24,sh.601989,8.81268075,9.08228475,8.7958305,8.9980335,8.829531,128270501.0,682650554.15,0.5625,1.9084,1,0
2024-07-25,sh.601989,8.9980335,9.01488375,8.694729,8.84638125,8.9980335,129904867.0,680252625.73,0.5697,-1.6854,1,0
2024-07-26,sh.601989,8.84638125,8.964333,8.7958305,8.94748275,8.84638125,89859041.0,474212167.3,0.3941,1.1429,1,0
2024-07-29,sh.601989,9.233937,9.75629475,9.18338625,9.503541,8.94748275,326551389.0,1840311642.91,1.4321,6.2147,1,0
2024-07-30,sh.601989,9.48669075,9.5372415,9.31818825,9.41928975,9.503541,148225034.0,828951549.4,0.6501,-0.8865,1,0
2024-07-31,sh.601989,9.41928975,9.58779225,9.28448775,9.5372415,9.41928975,181828697.0,1020188993.84,0.7974,1.2522,1,0
2024-08-01,sh.601989,9.5372452,9.82420656,9.48660496,9.68916592,9.5372452,218267404.0,1256634866.17,0.9572,1.5929,1,0
2024-08-02,sh.601989,9.6216456,9.7904464,9.5372452,9.55412528,9.68916592,124486823.0,710738751.4,0.5459,-1.3937,1,0
2024-08-05,sh.601989,9.43596472,9.57100536,9.23340376,9.30092408,9.55412528,155792692.0,865672985.34,0.6832,-2.6502,1,0
2024-08-06,sh.601989,9.33468424,9.43596472,9.25028384,9.43596472,9.30092408,108375136.0,600214510.26,0.4753,1.4519,1,0
2024-08-07,sh.601989,9.40220456,9.6216456,9.38532448,9.46972488,9.43596472,95301094.0,536930518.72,0.4179,0.3578,1,0
2024-08-08,sh.601989,9.3684444,9.4528448,9.25028384,9.30092408,9.46972488,87957179.0,486438019.27,0.3857,-1.7825,1,0
2024-08-09,sh.601989,9.35156432,9.40220456,9.1996436,9.21652368,9.30092408,60090692.0,330350800.52,0.2635,-0.9074,1,0
2024-08-12,sh.601989,9.21652368,9.26716392,9.09836312,9.13212328,9.21652368,78641601.0,427585535.39,0.3449,-0.9158,1,0
2024-08-13,sh.601989,9.25028384,9.41908464,9.18276352,9.26716392,9.13212328,113173800.0,622294299.0,0.4963,1.4787,1,0
2024-08-14,sh.601989,9.26716392,9.41908464,9.18276352,9.38532448,9.26716392,96832877.0,535844963.57,0.4247,1.275,1,0
2024-08-15,sh.601989,9.33468424,9.60476552,9.33468424,9.5372452,9.38532448,105297360.0,592871231.9,0.4618,1.6187,1,0
2024-08-16,sh.601989,9.52036512,9.6216456,9.48660496,9.5372452,9.5372452,76818554.0,434508373.29,0.3369,0.0,1,0
2024-08-19,sh.601989,9.1996436,9.3684444,8.99708264,9.33468424,9.5372452,187202928.0,1026046461.87,0.821,-2.1239,1,0
2024-08-20,sh.601989,9.35156432,9.3684444,9.01396272,9.13212328,9.33468424,116757309.0,631303606.36,0.512,-2.17,1,0
2024-08-21,sh.601989,9.08148304,9.14900336,9.01396272,9.06460296,9.13212328,73086144.0,392688244.38,0.3205,-0.7394,1,0
2024-08-22,sh.601989,9.06460296,9.26716392,9.01396272,9.18276352,9.06460296,74581295.0,405213236.09,0.3271,1.3035,1,0
2024-08-23,sh.601989,9.18276352,9.30092408,9.16588344,9.25028384,9.18276352,56606001.0,309656998.95,0.2482,0.7353,1,0
2024-08-26,sh.601989,9.21652368,9.26716392,9.0308428,9.16588344,9.25028384,75623775.0,408630320.15,0.3317,-0.9124,1,0
2024-08-27,sh.601989,9.1996436,9.21652368,9.01396272,9.06460296,9.16588344,59582474.0,320642534.91,0.2613,-1.105,1,0
2024-08-28,sh.601989,9.01396272,9.23340376,9.01396272,9.06460296,9.06460296,66650102.0,360455148.92,0.2923,0.0,1,0
2024-08-29,sh.601989,9.06460296,9.18276352,8.99708264,9.14900336,9.06460296,61752420.0,333899324.4,0.2708,0.9311,1,0
2024-08-30,sh.601989,9.14900336,9.23340376,8.91268224,8.98020256,9.14900336,170490501.0,913233195.8,0.7477,-1.845,1,0
2024-09-02,sh.601989,8.9464424,8.9464424,8.3556396,8.40627984,8.98020256,221558946.0,1120834819.2,0.9717,-6.391,1,0
2024-09-19,sh.601989,8.44004,8.54132048,7.96739776,8.20371888,8.40627984,448830978.0,2169926334.67,1.9684,-2.4096,1,0
2024-09-20,sh.601989,8.018038,8.018038,7.52851568,7.596036,8.20371888,417296960.0,1897395258.96,1.8301,-7.4074,1,0
2024-09-23,sh.601989,7.4272352,7.66355632,7.39347504,7.57915592,7.596036,223485487.0,1001843109.27,0.9801,-0.2222,1,0
2024-09-24,sh.601989,7.596036,7.86611728,7.5116356,7.83235712,7.57915592,298156192.0,1357294211.94,1.3076,3.3408,1,0
2024-09-25,sh.601989,7.8492372,8.25435912,7.83235712,8.23747904,7.83235712,325482220.0,1559761554.49,1.4274,5.1724,1,0
2024-09-26,sh.601989,8.15307864,8.3556396,7.96739776,8.3556396,8.23747904,231515883.0,1121609347.6,1.0153,1.4344,1,0
2024-09-27,sh.601989,8.38939976,8.6088408,8.32187944,8.6088408,8.3556396,172191640.0,861431199.94,0.7552,3.0303,1,0
2024-09-30,sh.601989,8.89580216,9.3684444,8.65948104,9.284044,8.6088408,440525173.0,2368652298.52,1.932,7.8431,1,0
2024-10-08,sh.601989,10.2124484,10.2124484,9.31780416,9.67228584,9.284044,568563164.0,3287203301.9,2.4935,4.1818,1,0
2024-10-09,sh.601989,9.38532448,9.52036512,8.87892208,8.91268224,9.67228584,310513737.0,1690606558.22,1.3618,-7.8534,1,0
2024-10-10,sh.601989,9.0308428,9.7904464,8.92956232,9.43596472,8.91268224,413654565.0,2307687061.42,1.8141,5.8712,1,0
2024-10-11,sh.601989,9.46972488,9.48660496,8.9464424,9.0308428,9.43596472,252415912.0,1367675292.55,1.107,-4.2934,1,0
2024-10-14,sh.601989,9.13212328,9.26716392,8.96332248,9.08148304,9.0308428,207518069.0,1116917381.99,0.9101,0.5607,1,0
2024-10-15,sh.601989,8.99708264,9.01396272,8.7776416,8.79452168,9.08148304,183717082.0,968300730.85,0.8057,-3.1599,1,0
2024-10-16,sh.601989,8.71012128,8.91268224,8.64260096,8.7776416,8.79452168,146275242.0,762253055.02,0.6415,-0.1919,1,0
2024-10-17,sh.601989,8.76076152,8.82828184,8.45692008,8.49068024,8.7776416,222585171.0,1135292415.17,0.9762,-3.2692,1,0
2024-10-18,sh.601989,8.44004,8.74388144,8.3556396,8.64260096,8.49068024,213102088.0,1077332859.91,0.9346,1.7893,1,0
2024-10-21,sh.601989,8.67636112,8.79452168,8.57508064,8.67636112,8.64260096,211475138.0,1088628670.24,0.9274,0.3906,1,0
2024-10-22,sh.601989,8.65948104,8.67636112,8.54132048,8.62572088,8.67636112,169037422.0,860002635.12,0.7413,-0.5837,1,0
2024-10-23,sh.601989,8.6088408,8.82828184,8.57508064,8.67636112,8.62572088,215788390.0,1113315227.53,0.9464,0.5871,1,0
2024-10-24,sh.601989,8.64260096,8.65948104,8.45692008,8.49068024,8.67636112,147777420.0,745754380.4,0.6481,-2.1401,1,0
2024-10-25,sh.601989,8.49068024,8.57508064,8.47380016,8.54132048,8.49068024,109024243.0,550734680.79,0.4781,0.5964,1,0
2024-10-28,sh.601989,8.5244404,8.72700136,8.47380016,8.71012128,8.54132048,153951330.0,787652803.5,0.6752,1.9763,1,0
2024-10-29,sh.601989,8.71012128,8.79452168,8.59196072,8.62572088,8.71012128,156728723.0,807005930.01,0.6873,-0.969,1,0
2024-10-30,sh.601989,8.57508064,8.71012128,8.54132048,8.6932412,8.62572088,129927322.0,663902126.4,0.5698,0.7828,1,0
2024-10-31,sh.601989,8.64260096,8.64260096,8.25435912,8.38939976,8.6932412,372508076.0,1846343359.64,1.6337,-3.4951,1,0
2024-11-01,sh.601989,8.3556396,8.54132048,8.30499936,8.40627984,8.38939976,192543301.0,962176101.45,0.8444,0.2012,1,0
2024-11-04,sh.601989,8.42315992,8.49068024,8.32187944,8.44004,8.40627984,168622775.0,838736054.54,0.7395,0.4016,1,0
2024-11-05,sh.601989,8.40627984,8.71012128,8.37251968,8.71012128,8.44004,277976719.0,1416938320.86,1.2191,3.2,1,0
2024-11-06,sh.601989,8.72700136,8.81140176,8.62572088,8.65948104,8.71012128,191677091.0,989133749.0,0.8406,-0.5814,1,0
2024-11-07,sh.601989,8.62572088,8.87892208,8.57508064,8.87892208,8.65948104,227109664.0,1175760225.06,0.996,2.5341,1,0
2024-11-08,sh.601989,8.92956232,8.98020256,8.71012128,8.7776416,8.87892208,212099703.0,1107663160.02,0.9302,-1.1407,1,0
2024-11-11,sh.601989,8.7776416,8.91268224,8.62572088,8.74388144,8.7776416,192048240.0,991633870.92,0.8422,-0.3846,1,0
2024-11-12,sh.601989,8.72700136,8.72700136,8.49068024,8.54132048,8.74388144,211497999.0,1079461516.2,0.9275,-2.3166,1,0
2024-11-13,sh.601989,8.54132048,8.862042,8.49068024,8.81140176,8.54132048,331521916.0,1718774294.51,1.4539,3.1621,1,0
2024-11-14,sh.601989,8.7776416,8.7776416,8.54132048,8.55820056,8.81140176,191039471.0,977577972.56,0.8378,-2.8736,1,0
2024-11-15,sh.601989,8.5244404,8.59196072,8.42315992,8.42315992,8.55820056,161996029.0,815644224.91,0.7104,-1.5779,1,0
2024-11-18,sh.601989,8.45692008,8.6088408,8.37251968,8.47380016,8.42315992,162780474.0,818329213.19,0.7139,0.6012,1,0
2024-11-19,sh.601989,8.44004,8.45692008,8.15307864,8.3556396,8.47380016,207892971.0,1022065389.18,0.9117,-1.3944,1,0
2024-11-20,sh.601989,8.33875952,8.37251968,8.2712392,8.3556396,8.3556396,108804496.0,536928351.86,0.4772,0.0,1,0
2024-11-21,sh.601989,8.3556396,8.38939976,8.28811928,8.3556396,8.3556396,86966128.0,428763164.14,0.3814,0.0,1,0
2024-11-22,sh.601989,8.32187944,8.33875952,8.1024384,8.11931848,8.3556396,125026376.0,609021030.66,0.5483,-2.8283,1,0
2024-11-25,sh.601989,8.11931848,8.16995872,7.98427784,8.03491808,8.11931848,109784233.0,524381654.97,0.4815,-1.0395,1,0
2024-11-26,sh.601989,8.03491808,8.08555832,7.98427784,8.018038,8.03491808,68345921.0,325262642.56,0.2997,-0.2101,1,0
2024-11-27,sh.601989,7.98427784,8.15307864,7.89987744,8.11931848,8.018038,105716458.0,502764886.27,0.4636,1.2632,1,0
2024-11-28,sh.601989,8.11931848,8.11931848,8.03491808,8.05179816,8.11931848,84610534.0,404469508.52,0.3711,-0.8316,1,0
2024-11-29,sh.601989,8.03491808,8.11931848,7.98427784,8.1024384,8.05179816,86695582.0,414307830.58,0.3802,0.6289,1,0
2024-12-02,sh.601989,8.06867824,8.28811928,8.06867824,8.25435912,8.1024384,120768143.0,586921567.92,0.5296,1.875,1,0
2024-12-03,sh.601989,8.25435912,8.2712392,8.15307864,8.22059896,8.25435912,93769736.0,455650931.16,0.4112,-0.409,1,0
2024-12-04,sh.601989,8.22059896,8.23747904,8.13619856,8.15307864,8.22059896,89673766.0,434292157.37,0.3933,-0.8214,1,0
2024-12-05,sh.601989,8.15307864,8.15307864,8.08555832,8.13619856,8.15307864,82398408.0,396264076.0,0.3614,-0.207,1,0
2024-12-06,sh.601989,8.1024384,8.23747904,8.08555832,8.22059896,8.13619856,100777290.0,488682546.8,0.442,1.0373,1,0
2024-12-09,sh.601989,8.1868388,8.2712392,8.16995872,8.20371888,8.22059896,88259228.0,429494037.78,0.3871,-0.2053,1,0
2024-12-10,sh.601989,8.32187944,8.37251968,8.16995872,8.1868388,8.20371888,122250733.0,598335641.75,0.5361,-0.2058,1,0
2024-12-11,sh.601989,8.16995872,8.20371888,8.15307864,8.20371888,8.1868388,78474710.0,380216693.81,0.3442,0.2062,1,0
2024-12-12,sh.601989,8.20371888,8.23747904,8.16995872,8.23747904,8.20371888,85041046.0,413556046.48,0.373,0.4115,1,0
2024-12-13,sh.601989,8.20371888,8.22059896,8.018038,8.018038,8.23747904,127675860.0,612123241.0,0.5599,-2.6639,1,0
2024-12-16,sh.601989,8.00115792,8.05179816,7.9336376,8.00115792,8.018038,92157959.0,436094231.28,0.4042,-0.2105,1,0
2024-12-17,sh.601989,8.00115792,8.2712392,7.96739776,8.15307864,8.00115792,181599704.0,878934907.3,0.7964,1.8987,1,0
2024-12-18,sh.601989,8.1868388,8.33875952,8.16995872,8.1868388,8.15307864,151992550.0,742372715.03,0.6666,0.4141,1,0
2024-12-19,sh.601989,8.13619856,8.25435912,8.03491808,8.25435912,8.1868388,116124863.0,563819317.5,0.5093,0.8247,1,0
2024-12-20,sh.601989,8.23747904,8.23747904,8.1024384,8.15307864,8.25435912,90117497.0,435221971.54,0.3952,-1.227,1,0
2024-12-23,sh.601989,8.13619856,8.2712392,8.08555832,8.20371888,8.15307864,131494680.0,637015266.31,0.5767,0.6211,1,0
2024-12-24,sh.601989,8.16995872,8.20371888,8.11931848,8.20371888,8.20371888,91880276.0,443677121.81,0.4029,0.0,1,0
2024-12-25,sh.601989,8.1868388,8.25435912,8.13619856,8.16995872,8.20371888,93054834.0,451516232.56,0.4081,-0.4115,1,0
2024-12-26,sh.601989,8.16995872,8.1868388,8.06867824,8.08555832,8.16995872,97837635.0,470803280.65,0.4291,-1.0331,1,0
2024-12-27,sh.601989,8.08555832,8.25435912,8.06867824,8.22059896,8.08555832,164515792.0,799321578.25,0.7215,1.6701,1,0
2024-12-30,sh.601989,8.23747904,8.28811928,8.16995872,8.20371888,8.22059896,90847651.0,442237386.61,0.3984,-0.2053,1,0
2024-12-31,sh.601989,8.20371888,8.25435912,8.1024384,8.11931848,8.20371888,112582621.0,546483973.25,0.4937,-1.0288,1,0
2025-01-02,sh.601989,8.1024384,8.1024384,7.69731648,7.79859696,8.11931848,191327330.0,893878247.71,0.8391,-3.9501,1,0
2025-01-03,sh.601989,7.78171688,7.81547704,7.596036,7.62979616,7.79859696,103239406.0,470727599.65,0.4528,-2.1645,1,0
2025-01-06,sh.601989,7.61291608,7.62979616,7.46099536,7.52851568,7.62979616,101157796.0,452341818.11,0.4436,-1.3274,1,0
2025-01-07,sh.601989,7.5116356,7.57915592,7.47787544,7.57915592,7.52851568,69257939.0,309057497.74,0.3037,0.6726,1,0
2025-01-08,sh.601989,7.7648368,7.79859696,7.5116356,7.6804364,7.57915592,165656545.0,753465125.45,0.7265,1.3363,1,0
2025-01-09,sh.601989,7.6804364,7.6804364,7.54539576,7.57915592,7.6804364,86623557.0,389496958.07,0.3799,-1.3187,1,0
2025-01-10,sh.601989,7.54539576,7.56227584,7.46099536,7.46099536,7.57915592,78837631.0,350747828.65,0.3457,-1.559,1,0
2025-01-13,sh.601989,7.37659496,7.46099536,7.32595472,7.4272352,7.46099536,68159162.0,298546586.7,0.2989,-0.4525,1,0
2025-01-14,sh.601989,7.41035512,7.61291608,7.39347504,7.61291608,7.4272352,87830660.0,392075275.2,0.3852,2.5,1,0
2025-01-15,sh.601989,7.57915592,7.57915592,7.46099536,7.47787544,7.61291608,69975000.0,311456532.44,0.3069,-1.7738,1,0
2025-01-16,sh.601989,7.49475552,7.64667624,7.46099536,7.596036,7.47787544,104347600.0,467369824.6,0.4576,1.5801,1,0
2025-01-17,sh.601989,7.57915592,7.61291608,7.52851568,7.56227584,7.596036,63239760.0,283372964.4,0.2773,-0.4444,1,0
2025-01-20,sh.601989,7.57915592,7.64667624,7.57915592,7.62979616,7.56227584,71414980.0,322227190.8,0.3132,0.8929,1,0
2025-01-21,sh.601989,7.64667624,7.64667624,7.52851568,7.56227584,7.62979616,51579500.0,231161653.0,0.2262,-0.885,1,0
2025-01-22,sh.601989,7.54539576,7.56227584,7.49475552,7.54539576,7.56227584,54129160.0,241320856.0,0.2374,-0.2232,1,0
2025-01-23,sh.601989,7.57915592,7.64667624,7.56227584,7.57915592,7.54539576,70583188.0,318118082.28,0.3095,0.4474,1,0
2025-01-24,sh.601989,7.54539576,7.69731648,7.52851568,7.69731648,7.57915592,93935573.0,425724449.39,0.412,1.559,1,0
2025-01-27,sh.601989,7.73107664,7.83235712,7.6804364,7.69731648,7.69731648,85593971.0,392668610.08,0.3754,0.0,1,0
2025-02-05,sh.601989,7.71419656,7.73107664,7.62979616,7.71419656,7.69731648,63449624.0,288250673.72,0.2783,0.2193,1,0
2025-02-06,sh.601989,7.69731648,7.7648368,7.62979616,7.74795672,7.71419656,81960965.0,373984561.41,0.3594,0.4376,1,0
2025-02-07,sh.601989,7.74795672,7.79859696,7.6804364,7.74795672,7.74795672,116542843.0,534176707.75,0.5111,0.0,1,0
2025-02-10,sh.601989,7.73107664,7.78171688,7.71419656,7.73107664,7.74795672,96548108.0,442839396.58,0.4234,-0.2179,1,0
2025-02-11,sh.601989,7.73107664,7.74795672,7.62979616,7.64667624,7.73107664,69060901.0,313288991.53,0.3029,-1.0917,1,0
2025-02-12,sh.601989,7.62979616,7.6804364,7.596036,7.62979616,7.64667624,82153851.0,371319870.15,0.3603,-0.2208,1,0
2025-02-13,sh.601989,7.61291608,7.6804364,7.596036,7.61291608,7.62979616,98402342.0,445203697.73,0.4316,-0.2212,1,0
2025-02-14,sh.601989,7.61291608,7.66355632,7.56227584,7.596036,7.61291608,94069661.0,423321712.3,0.4125,-0.2217,1,0
2025-02-17,sh.601989,7.596036,7.6804364,7.54539576,7.6804364,7.596036,123657931.0,558643963.31,0.5423,1.1111,1,0
2025-02-18,sh.601989,7.66355632,7.6804364,7.47787544,7.52851568,7.6804364,104851108.0,470680203.48,0.4598,-1.978,1,0
2025-02-19,sh.601989,7.4272352,7.5116356,7.3428348,7.41035512,7.52851568,212329709.0,930844265.53,0.9312,-1.5695,1,0
2025-02-20,sh.601989,7.39347504,7.39347504,7.20779416,7.24155432,7.41035512,200815780.0,863931392.06,0.8807,-2.2779,1,0
2025-02-21,sh.601989,7.20779416,7.29219456,7.19091408,7.27531448,7.24155432,131705944.0,565882725.76,0.5776,0.4662,1,0
2025-02-24,sh.601989,7.24155432,7.27531448,7.174034,7.24155432,7.27531448,135216442.0,578017467.93,0.593,-0.464,1,0
2025-02-25,sh.601989,7.20779416,7.20779416,7.14027384,7.174034,7.24155432,85871432.0,364583628.21,0.3766,-0.9324,1,0
2025-02-26,sh.601989,7.15715392,7.19091408,7.0896336,7.14027384,7.174034,123452362.0,521066907.57,0.5414,-0.4706,1,0
2025-02-27,sh.601989,7.12339376,7.174034,7.0896336,7.15715392,7.14027384,104623975.0,441997876.93,0.4588,0.2364,1,0
2025-02-28,sh.601989,7.12339376,7.174034,7.07275352,7.0896336,7.15715392,116455201.0,491690242.74,0.5107,-0.9434,1,0
2025-03-03,sh.601989,7.07275352,7.10651368,7.0052332,7.02211328,7.0896336,113023164.0,472182480.43,0.4957,-0.9524,1,0
2025-03-04,sh.601989,7.0052332,7.15715392,7.0052332,7.14027384,7.02211328,126576400.0,532018634.68,0.5551,1.6827,1,0
2025-03-05,sh.601989,7.10651368,7.15715392,7.02211328,7.05587344,7.14027384,95896596.0,400994007.23,0.4206,-1.182,1,0
2025-03-06,sh.601989,7.07275352,7.12339376,7.02211328,7.10651368,7.05587344,96710106.0,406217399.7,0.4241,0.7177,1,0
2025-03-07,sh.601989,7.0896336,7.24155432,7.05587344,7.14027384,7.10651368,131660926.0,558215995.36,0.5774,0.4751,1,0
2025-03-10,sh.601989,7.14027384,7.22467424,7.14027384,7.19091408,7.14027384,123883208.0,527756076.08,0.5433,0.7092,1,0
2025-03-11,sh.601989,7.15715392,7.22467424,7.10651368,7.20779416,7.19091408,98040886.0,416809960.92,0.43,0.2347,1,0
2025-03-12,sh.601989,7.22467424,7.24155432,7.15715392,7.174034,7.20779416,78798000.0,335473350.0,0.3456,-0.4684,1,0
2025-03-13,sh.601989,7.15715392,7.30907464,7.10651368,7.24155432,7.174034,130872141.0,557245523.61,0.5739,0.9412,1,0
2025-03-14,sh.601989,7.24155432,7.32595472,7.19091408,7.29219456,7.24155432,143461603.0,617222982.06,0.6292,0.6993,1,0
2025-03-17,sh.601989,7.32595472,7.57915592,7.32595472,7.41035512,7.29219456,254092971.0,1121148651.14,1.1143,1.6204,1,0
2025-03-18,sh.601989,7.41035512,7.41035512,7.30907464,7.3428348,7.41035512,119492907.0,520060181.75,0.524,-0.9112,1,0
2025-03-19,sh.601989,7.3428348,7.35971488,7.2584344,7.27531448,7.3428348,86940696.0,375479713.7,0.3813,-0.9195,1,0
2025-03-20,sh.601989,7.27531448,7.44411528,7.22467424,7.39347504,7.27531448,171351375.0,747919214.96,0.7515,1.6241,1,0
2025-03-21,sh.601989,7.37659496,7.7648368,7.35971488,7.61291608,7.39347504,421390632.0,1902382018.18,1.848,2.968,1,0
2025-03-24,sh.601989,7.74795672,7.79859696,7.49475552,7.66355632,7.61291608,309822364.0,1395550155.3,1.3587,0.6652,1,0
2025-03-25,sh.601989,7.596036,7.73107664,7.5116356,7.56227584,7.66355632,214542809.0,965139481.88,0.9409,-1.3216,1,0
2025-03-26,sh.601989,7.5116356,7.596036,7.46099536,7.5116356,7.56227584,161772659.0,719745604.87,0.7095,-0.6696,1,0
2025-03-27,sh.601989,7.47787544,7.49475552,7.3428348,7.37659496,7.5116356,141497399.0,619465616.63,0.6205,-1.7978,1,0
2025-03-28,sh.601989,7.35971488,7.39347504,7.24155432,7.27531448,7.37659496,121993550.0,526862314.88,0.535,-1.373,1,0
2025-03-31,sh.601989,7.22467424,7.2584344,7.10651368,7.14027384,7.27531448,114829709.0,487241616.52,0.5036,-1.8561,1,0
2025-04-01,sh.601989,7.15715392,7.24155432,7.15715392,7.19091408,7.14027384,89401342.0,380761368.32,0.3921,0.7092,1,0
2025-04-02,sh.601989,7.174034,7.19091408,7.12339376,7.15715392,7.19091408,54248210.0,230272344.5,0.2379,-0.4695,1,0
2025-04-03,sh.601989,7.12339376,7.174034,7.10651368,7.15715392,7.15715392,75238022.0,318535063.26,0.33,0.0,1,0
2025-04-07,sh.601989,6.95459296,6.95459296,6.44819056,6.5832312,7.15715392,272327478.0,1069108044.09,1.1943,-8.0189,1,0
2025-04-08,sh.601989,6.60011128,6.93771288,6.60011128,6.9208328,6.5832312,220774229.0,882257383.39,0.9682,5.1282,1,0
2025-04-09,sh.601989,6.85331248,7.19091408,6.73515192,7.19091408,6.9208328,239233348.0,1000890168.74,1.0492,3.9024,1,0
2025-04-10,sh.601989,7.24155432,7.27531448,7.0896336,7.20779416,7.19091408,199956093.0,850375013.38,0.8769,0.2347,1,0
2025-04-11,sh.601989,7.19091408,7.19091408,7.0896336,7.19091408,7.20779416,105868500.0,448498682.0,0.4643,-0.2342,1,0
2025-04-14,sh.601989,7.19091408,7.20779416,7.14027384,7.15715392,7.19091408,85414490.0,362698014.47,0.3746,-0.4695,1,0
2025-04-15,sh.601989,7.14027384,7.15715392,7.05587344,7.10651368,7.15715392,72118500.0,302684851.0,0.3163,-0.7075,1,0
2025-04-16,sh.601989,7.10651368,7.19091408,7.03899336,7.19091408,7.10651368,89014353.0,374138874.4,0.3904,1.1876,1,0
2025-04-17,sh.601989,7.12339376,7.24155432,7.10651368,7.22467424,7.19091408,98119280.0,416988154.4,0.4303,0.4695,1,0
2025-04-18,sh.601989,7.174034,7.19091408,7.12339376,7.15715392,7.22467424,62307321.0,264260967.04,0.2733,-0.9346,1,0
2025-04-21,sh.601989,7.12339376,7.174034,7.0896336,7.14027384,7.15715392,59771621.0,252659989.43,0.2621,-0.2358,1,0
2025-04-22,sh.601989,7.12339376,7.14027384,7.0896336,7.0896336,7.14027384,68254522.0,287567149.84,0.2993,-0.7092,1,0
2025-04-23,sh.601989,7.10651368,7.12339376,7.05587344,7.05587344,7.0896336,62548355.0,262059523.91,0.2743,-0.4762,1,0
2025-04-24,sh.601989,7.07275352,7.0896336,7.0052332,7.0052332,7.05587344,68004861.0,283621585.97,0.2982,-0.7177,1,0
2025-04-25,sh.601989,7.02211328,7.0896336,6.98835312,7.05587344,7.0052332,60639451.0,253128971.08,0.2659,0.7229,1,0
2025-04-28,sh.601989,7.03899336,7.05587344,7.02211328,7.02211328,7.05587344,42062842.0,175347801.41,0.1845,-0.4785,1,0
2025-04-29,sh.601989,7.02211328,7.07275352,6.98835312,7.07275352,7.02211328,55253500.0,230846837.19,0.2423,0.7212,1,0
2025-04-30,sh.601989,7.07275352,7.0896336,7.02211328,7.02211328,7.07275352,71528556.0,299063334.36,0.3137,-0.716,1,0
2025-05-06,sh.601989,7.05587344,7.12339376,7.03899336,7.12339376,7.02211328,85899680.0,361172488.0,0.3767,1.4423,1,0
2025-05-07,sh.601989,7.174034,7.29219456,7.12339376,7.29219456,7.12339376,183893073.0,786883280.85,0.8065,2.3697,1,0
2025-05-08,sh.601989,7.2584344,7.32595472,7.22467424,7.32595472,7.29219456,106356621.0,458155829.03,0.4664,0.463,1,0
2025-05-09,sh.601989,7.46099536,7.5116356,7.27531448,7.30907464,7.32595472,201869733.0,880080247.16,0.8853,-0.2304,1,0
2025-05-12,sh.601989,7.32595472,8.018038,7.32595472,7.86611728,7.30907464,532450531.0,2456348855.25,2.3351,7.6212,1,0
2025-05-13,sh.601989,7.8492372,7.8492372,7.54539576,7.56227584,7.86611728,286536731.0,1292912052.99,1.2566,-3.8627,1,0
2025-05-14,sh.601989,7.52851568,7.56227584,7.47787544,7.52851568,7.56227584,134264574.0,598414212.4,0.5888,-0.4464,1,0
2025-05-15,sh.601989,7.52851568,7.596036,7.4272352,7.4272352,7.52851568,119493464.0,530267628.2,0.524,-1.3453,1,0
2025-05-16,sh.601989,7.41035512,7.5116356,7.39347504,7.46099536,7.4272352,87348326.0,385736611.75,0.3831,0.4545,1,0
2025-05-19,sh.601989,7.49475552,7.52851568,7.41035512,7.46099536,7.46099536,75308960.0,332722737.6,0.3303,0.0,1,0
2025-05-20,sh.601989,7.44411528,7.49475552,7.41035512,7.46099536,7.46099536,83086282.0,366185312.82,0.3644,0.0,1,0
2025-05-21,sh.601989,7.47787544,7.5116356,7.4272352,7.46099536,7.46099536,70244267.0,310912440.14,0.3081,0.0,1,0
2025-05-22,sh.601989,7.44411528,7.46099536,7.35971488,7.35971488,7.46099536,75368480.0,330419578.0,0.3305,-1.3575,1,0
2025-05-23,sh.601989,7.35971488,7.41035512,7.29219456,7.29219456,7.35971488,68755500.0,299501946.0,0.3015,-0.9174,1,0
2025-05-26,sh.601989,7.29219456,7.35971488,7.29219456,7.35971488,7.29219456,60910801.0,264560696.14,0.2671,0.9259,1,0
2025-05-27,sh.601989,7.3428348,7.41035512,7.32595472,7.35971488,7.35971488,66192267.0,288618848.45,0.2903,0.0,1,0
2025-05-28,sh.601989,7.37659496,7.39347504,7.3428348,7.35971488,7.35971488,47491422.0,207129688.3,0.2083,0.0,1,0
2025-05-29,sh.601989,7.3428348,7.39347504,7.30907464,7.39347504,7.35971488,62685360.0,273254650.0,0.2749,0.4587,1,0
2025-05-30,sh.601989,7.37659496,7.47787544,7.3428348,7.46099536,7.39347504,101377261.0,445609862.79,0.4446,0.9132,1,0
2025-06-03,sh.601989,7.44411528,7.54539576,7.41035512,7.52851568,7.46099536,104816623.0,465335657.74,0.4597,0.905,1,0
2025-06-04,sh.601989,7.52851568,7.596036,7.49475552,7.56227584,7.52851568,85870091.0,384762397.16,0.3766,0.4484,1,0
2025-06-05,sh.601989,7.54539576,7.57915592,7.47787544,7.54539576,7.56227584,81937901.0,365692296.47,0.3593,-0.2232,1,0
2025-06-06,sh.601989,7.56227584,7.57915592,7.47787544,7.5116356,7.54539576,61196119.0,272703758.17,0.2684,-0.4474,1,0
2025-06-09,sh.601989,7.5116356,7.56227584,7.47787544,7.49475552,7.5116356,85651447.0,381208753.38,0.3756,-0.2247,1,0
2025-06-10,sh.601989,7.49475552,7.5116356,7.37659496,7.41035512,7.49475552,77209435.0,340287459.89,0.3386,-1.1261,1,0
2025-06-11,sh.601989,7.4272352,7.49475552,7.41035512,7.46099536,7.41035512,58386718.0,258149651.56,0.2561,0.6834,1,0
2025-06-12,sh.601989,7.44411528,7.52851568,7.4272352,7.5116356,7.46099536,71208694.0,315743243.78,0.3123,0.6787,1,0
2025-06-13,sh.601989,7.5116356,7.57915592,7.49475552,7.54539576,7.5116356,120936759.0,540546068.0,0.5304,0.4494,1,0
2025-06-16,sh.601989,7.56227584,7.57915592,7.49475552,7.54539576,7.54539576,66553276.0,297248526.18,0.2919,0.0,1,0
2025-06-17,sh.601989,7.54539576,7.57915592,7.5116356,7.57915592,7.54539576,77645730.0,347433615.1,0.3405,0.4474,1,0
2025-06-18,sh.601989,7.5791532,7.63002,7.5621976,7.5961088,7.5791532,66537336.0,298072604.48,0.2918,0.2237,1,0
2025-06-19,sh.601989,7.5621976,7.5791532,7.4095972,7.4943752,7.5961088,86332835.0,380844399.99,0.3786,-1.3393,1,0
2025-06-20,sh.601989,7.4943752,7.5113308,7.4435084,7.460464,7.4943752,59264922.0,261494832.8,0.2599,-0.4525,1,0
2025-06-23,sh.601989,7.4435084,7.5791532,7.4265528,7.5621976,7.460464,73235516.0,325100199.73,0.3212,1.3636,1,0
2025-06-24,sh.601989,7.5621976,7.5961088,7.5113308,7.5621976,7.5621976,77959060.0,347535751.6,0.3419,0.0,1,0
2025-06-25,sh.601989,7.5791532,7.6808868,7.5621976,7.6808868,7.5621976,138646057.0,624767511.87,0.608,1.5695,1,0
2025-06-26,sh.601989,7.6808868,7.8334872,7.6469756,7.6978424,7.6808868,175526869.0,803620707.41,0.7698,0.2208,1,0
2025-06-27,sh.601989,7.6808868,7.7487092,7.6639312,7.6808868,7.6978424,107321026.0,486938653.11,0.4707,-0.2203,1,0
2025-06-30,sh.601989,7.7487092,7.9352208,7.7317536,7.8673984,7.6808868,195064439.0,904894580.2,0.8555,2.4283,1,0
2025-07-01,sh.601989,7.9013096,8.0030432,7.8165316,7.9352208,7.8673984,222789756.0,1041636278.99,0.9771,0.8621,1,0
2025-07-02,sh.601989,8.0199988,8.05391,7.8673984,7.9182652,7.9352208,187812607.0,879616209.49,0.8237,-0.2137,1,0
2025-07-03,sh.601989,7.9521764,7.9860876,7.8504428,7.9182652,7.9182652,123563541.0,576751751.53,0.5419,0.0,1,0
2025-07-04,sh.601989,7.9352208,7.9521764,7.8165316,7.8504428,7.9182652,113693553.0,527515477.98,0.4986,-0.8565,1,0
2025-07-07,sh.601989,8.0369544,8.0708656,7.8334872,7.884354,7.8504428,259642883.0,1213900134.41,1.1387,0.432,1,0
2025-07-08,sh.601989,7.884354,7.9013096,7.7487092,7.799576,7.884354,185119806.0,850016802.16,0.8119,-1.0753,1,0
2025-07-09,sh.601989,7.799576,7.8165316,7.6808868,7.6978424,7.799576,162714980.0,743563931.2,0.7136,-1.3043,1,0
2025-07-10,sh.601989,7.714798,7.7487092,7.6639312,7.6978424,7.6978424,146873280.0,667434618.67,0.6441,0.0,1,0
2025-07-11,sh.601989,7.799576,8.1895548,7.7826204,7.969132,7.6978424,478007541.0,2261170894.63,2.0963,3.5242,1,0
2025-07-14,sh.601989,7.969132,7.9860876,7.8504428,7.8504428,7.969132,225505944.0,1050217874.72,0.989,-1.4894,1,0
2025-07-15,sh.601989,7.8504428,7.9013096,7.7826204,7.8165316,7.8504428,125216769.0,578168709.25,0.5491,-0.432,1,0
2025-07-16,sh.601989,7.8165316,7.8504428,7.7656648,7.7826204,7.8165316,115902972.0,532647886.03,0.5083,-0.4338,1,0
2025-07-17,sh.601989,7.799576,7.884354,7.7656648,7.884354,7.7826204,122333347.0,563930794.61,0.5365,1.3072,1,0
2025-07-18,sh.601989,7.884354,7.9521764,7.8504428,7.9521764,7.884354,153494570.0,716235996.06,0.6732,0.8602,1,0
2025-07-21,sh.601989,8.2065104,8.2743328,8.05391,8.138688,7.9521764,322568496.0,1548519462.98,1.4146,2.3454,1,0
2025-07-22,sh.601989,8.1556436,8.1725992,8.05391,8.1556436,8.138688,233954243.0,1119846382.16,1.026,0.2083,1,0
2025-07-23,sh.601989,8.1725992,8.1725992,8.0369544,8.0369544,8.1556436,178546573.0,853541671.11,0.783,-1.4553,1,0
2025-07-24,sh.601989,8.0369544,8.1217324,7.9860876,8.1047768,8.0369544,150761441.0,717909968.09,0.6612,0.8439,1,0
2025-07-25,sh.601989,8.1047768,8.1217324,8.0199988,8.1217324,8.1047768,176749914.0,841854310.14,0.7751,0.2092,1,0
2025-07-28,sh.601989,8.1047768,8.1217324,8.0030432,8.0369544,8.1217324,147589365.0,700265038.58,0.6473,-1.0438,1,0
2025-07-29,sh.601989,8.0369544,8.0878212,8.0030432,8.0708656,8.0369544,134734019.0,639842085.7,0.5909,0.4219,1,0
2025-07-30,sh.601989,8.05391,8.138688,8.0199988,8.0878212,8.0708656,174937139.0,835554911.1,0.7672,0.2101,1,0
2025-07-31,sh.601989,8.05391,8.0708656,7.9182652,7.9352208,8.0878212,153384705.0,721704270.76,0.6727,-1.8868,1,0
2025-08-01,sh.601989,7.9013096,7.9182652,7.8334872,7.8504428,7.9352208,108528571.0,503455128.48,0.476,-1.0684,1,0
2025-08-04,sh.601989,7.8165316,7.9521764,7.799576,7.9352208,7.8504428,103999157.0,483637252.25,0.4561,1.0799,1,0
2025-08-05,sh.601989,8.1217324,8.1725992,7.8334872,7.9352208,7.9352208,424486767.0,1995794357.89,1.8616,0.0,1,0
2025-08-06,sh.601989,7.969132,8.732134,7.9013096,8.732134,7.9352208,965685091.0,4839949756.05,4.2351,10.0427,1,0
2025-08-07,sh.601989,9.4442692,9.4442692,8.6982228,8.8338676,8.732134,1151775521.0,6092950866.77,5.0512,1.165,1,0
2025-08-08,sh.601989,8.6643116,9.0373348,8.4778,8.732134,8.8338676,646925926.0,3351805811.62,2.8371,-1.1516,1,0
2025-08-11,sh.601989,8.7830008,8.8508232,8.4778,8.4947556,8.732134,560915263.0,2823025234.64,2.4599,-2.7184,1,0
2025-08-12,sh.601989,8.4947556,8.732134,8.308244,8.647356,8.4947556,583245620.0,2941450109.28,2.5579,1.7964,1,0
