date,code,open,high,low,close,preclose,volume,amount,turn,pctChg,tradestatus,isST
2021-01-04,sh.600025,4.88872995,4.93267359,4.86675813,4.91070177,4.89971586,27274272,121626906.71,0.1515,0.2242,1,0
2021-01-05,sh.600025,4.89971586,4.89971586,4.73492721,4.78985676,4.91070177,49110618,214399186.18,0.2728,-2.4609,1,0
2021-01-06,sh.600025,4.78985676,4.91070177,4.76788494,4.91070177,4.78985676,39245365,172766530.3,0.218,2.5229,1,0
2021-01-07,sh.600025,4.87774404,4.92168768,4.80084267,4.84478631,4.91070177,33605177,148361120.76,0.1867,-1.3423,1,0
2021-01-08,sh.600025,4.8338004,4.87774404,4.77887085,4.80084267,4.84478631,24247799,106314980.07,0.1347,-0.907,1,0
2021-01-11,sh.600025,4.81182858,4.84478631,4.73492721,4.74591312,4.80084267,29588012,128450911.4,0.1644,-1.1442,1,0
2021-01-12,sh.600025,4.75689903,4.75689903,4.62506811,4.66901175,4.74591312,52867355,224627358.7,0.2937,-1.6204,1,0
2021-01-13,sh.600025,4.67999766,4.76788494,4.65802584,4.71295539,4.66901175,32650847,140051682.86,0.1814,0.9412,1,0
2021-01-14,sh.600025,4.71295539,4.75689903,4.66901175,4.7239413,4.71295539,22039990,94707264.02,0.1224,0.2331,1,0
2021-01-15,sh.600025,4.73492721,4.84478631,4.69098357,4.77887085,4.7239413,34490299,149715044.16,0.1916,1.1628,1,0
2021-01-18,sh.600025,4.77887085,4.81182858,4.69098357,4.70196948,4.77887085,23497095,101224283.21,0.1305,-1.6092,1,0
2021-01-19,sh.600025,4.71295539,4.76788494,4.66901175,4.74591312,4.70196948,16758944,72046030.15,0.0931,0.9346,1,0
2021-01-20,sh.600025,4.75689903,4.76788494,4.69098357,4.7239413,4.74591312,16138269,69359243.57,0.0897,-0.463,1,0
2021-01-21,sh.600025,4.71295539,4.81182858,4.70196948,4.80084267,4.7239413,29061056,126235336.62,0.1615,1.6279,1,0
2021-01-22,sh.600025,4.80084267,4.84478631,4.75689903,4.81182858,4.80084267,27800677,121574715.71,0.1544,0.2288,1,0
2021-01-25,sh.600025,4.80084267,4.81182858,4.71295539,4.74591312,4.81182858,28935571,124987518.07,0.1608,-1.3699,1,0
2021-01-26,sh.600025,4.73492721,4.78985676,4.73492721,4.78985676,4.74591312,18724503,81295081.13,0.104,0.9259,1,0
2021-01-27,sh.600025,4.77887085,4.86675813,4.76788494,4.85577222,4.78985676,25987851,114261556.4,0.1444,1.3761,1,0
2021-01-28,sh.600025,4.82281449,4.98760314,4.81182858,4.93267359,4.85577222,51837318,232527636.6,0.288,1.5837,1,0
2021-01-29,sh.600025,4.91070177,4.95464541,4.8338004,4.89971586,4.93267359,27987945,124754498.68,0.1555,-0.6682,1,0
2021-02-01,sh.600025,4.88872995,4.9436595,4.84478631,4.93267359,4.89971586,29096260,129858665.72,0.1616,0.6726,1,0
2021-02-02,sh.600025,4.96563132,4.98760314,4.88872995,4.9436595,4.93267359,28054823,125949971.05,0.1559,0.2227,1,0
2021-02-03,sh.600025,4.93267359,4.99858905,4.92168768,4.9436595,4.9436595,19905558,89828809.84,0.1106,0.0,1,0
2021-02-04,sh.600025,4.9436595,4.95464541,4.85577222,4.92168768,4.9436595,25778650,115324675.17,0.1432,-0.4444,1,0
2021-02-05,sh.600025,4.91070177,5.03154678,4.91070177,5.00957496,4.92168768,43833328,198662048.59,0.2435,1.7857,1,0
2021-02-08,sh.600025,4.99858905,5.08647633,4.91070177,4.93267359,5.00957496,36670183,166498398.34,0.2037,-1.5351,1,0
2021-02-09,sh.600025,4.92168768,4.93267359,4.82281449,4.8338004,4.93267359,40124509,177772088.46,0.2229,-2.0045,1,0
2021-02-10,sh.600025,4.86675813,5.0535186,4.84478631,5.04253269,4.8338004,44741081,203160878.98,0.2486,4.3182,1,0
2021-02-18,sh.600025,5.08647633,5.09746224,4.96563132,4.98760314,5.04253269,36556115,166398088.52,0.2031,-1.0893,1,0
2021-02-19,sh.600025,4.98760314,5.14140588,4.96563132,5.13041997,4.98760314,40208118,185300662.55,0.2234,2.8634,1,0
2021-02-22,sh.600025,5.15239179,5.25126498,5.07549042,5.14140588,5.13041997,53366130,249918333.63,0.2965,0.2141,1,0
2021-02-23,sh.600025,5.10844815,5.18534952,5.0535186,5.07549042,5.14140588,35272807,163922704.39,0.196,-1.2821,1,0
2021-02-24,sh.600025,5.07549042,5.10844815,4.96563132,4.97661723,5.07549042,37908273,173137396.25,0.2106,-1.9481,1,0
2021-02-25,sh.600025,4.99858905,5.03154678,4.9436595,4.96563132,4.97661723,26176500,118836456.78,0.1454,-0.2208,1,0
2021-02-26,sh.600025,4.9436595,4.96563132,4.86675813,4.91070177,4.96563132,30558552,136476110.34,0.1698,-1.1062,1,0
2021-03-01,sh.600025,4.92168768,4.93267359,4.85577222,4.86675813,4.91070177,24759192,110221389.71,0.1376,-0.8949,1,0
2021-03-02,sh.600025,4.87774404,4.96563132,4.86675813,4.95464541,4.86675813,23649127,105941327.23,0.1314,1.8059,1,0
2021-03-03,sh.600025,4.93267359,4.96563132,4.91070177,4.95464541,4.95464541,14009118,63058060.66,0.0778,0.0,1,0
2021-03-04,sh.600025,4.96563132,5.03154678,4.92168768,4.99858905,4.95464541,32929971,149539444.12,0.1829,0.8869,1,0
2021-03-05,sh.600025,4.97661723,5.00957496,4.86675813,4.92168768,4.99858905,31572669,141489162.5,0.1754,-1.5385,1,0
2021-03-08,sh.600025,4.92168768,5.10844815,4.91070177,5.07549042,4.92168768,49216239,225643971.94,0.2734,3.125,1,0
2021-03-09,sh.600025,5.04253269,5.18534952,5.04253269,5.07549042,5.07549042,48636772,226391340.65,0.2702,0.0,1,0
2021-03-10,sh.600025,5.08647633,5.18534952,5.04253269,5.14140588,5.07549042,50206096,234818728.19,0.2789,1.2987,1,0
2021-03-11,sh.600025,5.1633777,5.65774365,5.15239179,5.65774365,5.14140588,141999023,718255020.31,0.7889,10.0427,1,0
2021-03-12,sh.600025,5.64675774,6.22901097,5.6028141,6.22901097,5.65774365,183921702,992673953.32,1.0218,10.0971,1,0
2021-03-15,sh.600025,6.43774326,6.66844737,5.86647594,6.11915187,6.22901097,265521862,1503801338.18,1.4751,-1.7637,1,0
2021-03-16,sh.600025,6.00929277,6.21802506,5.88844776,6.07520823,6.11915187,134778757,738494344.11,0.7488,-0.7181,1,0
2021-03-17,sh.600025,5.95436322,6.00929277,5.64675774,5.96534913,6.07520823,138400763,735563640.14,0.7689,-1.8083,1,0
2021-03-18,sh.600025,5.91041958,6.41577144,5.89943367,6.05323641,5.96534913,137656632,766752338.67,0.7648,1.4733,1,0
2021-03-19,sh.600025,5.95436322,6.33887007,5.87746185,6.14112369,6.05323641,163607288,914388118.64,0.9089,1.4519,1,0
2021-03-22,sh.600025,6.23999688,6.53661645,6.18506733,6.39379962,6.14112369,167738708,975371420.93,0.9319,4.1145,1,0
2021-03-23,sh.600025,6.31689825,6.31689825,5.9323914,5.99830686,6.39379962,122181324,678523608.38,0.6788,-6.1856,1,0
2021-03-24,sh.600025,5.91041958,6.11915187,5.80056048,6.03126459,5.99830686,87855378,477976659.51,0.4881,0.5495,1,0
2021-03-25,sh.600025,5.92140549,5.99830686,5.65774365,5.95436322,6.03126459,89398567,474770454.54,0.4967,-1.275,1,0
2021-03-26,sh.600025,5.92140549,6.19605324,5.92140549,6.0422505,5.95436322,85933238,475732711.33,0.4774,1.476,1,0
2021-03-29,sh.600025,6.07520823,6.33887007,6.07520823,6.11915187,6.0422505,109097073,615519086.8,0.6061,1.2727,1,0
2021-03-30,sh.600025,6.09718005,6.32788416,5.94337731,6.20703915,6.11915187,88989046,497388734.91,0.4944,1.4363,1,0
2021-03-31,sh.600025,6.1521096,6.56957418,6.02027868,6.36084189,6.20703915,126383163,725909771.99,0.7021,2.4779,1,0
2021-04-01,sh.600025,6.29492643,6.4816869,6.05323641,6.1521096,6.36084189,97777616,554249986.88,0.5432,-3.2815,1,0
2021-04-02,sh.600025,6.10816596,6.19605324,5.97633504,6.05323641,6.1521096,76274726,420105168.09,0.4237,-1.6071,1,0
2021-04-06,sh.600025,6.05323641,6.28394052,6.02027868,6.17408142,6.05323641,52713754,296166033.03,0.2929,1.9964,1,0
2021-04-07,sh.600025,6.19605324,6.36084189,6.1521096,6.27295461,6.17408142,71047424,405206169.93,0.3947,1.6014,1,0
2021-04-08,sh.600025,6.23999688,6.31689825,6.09718005,6.28394052,6.27295461,57597231,326496655.33,0.32,0.1751,1,0
2021-04-09,sh.600025,6.25098279,6.50365872,6.19605324,6.32788416,6.28394052,70611775,409569528.81,0.3923,0.6993,1,0
2021-04-12,sh.600025,6.36084189,6.96506694,6.30591234,6.96506694,6.32788416,99425604,606603036.41,0.5524,10.0694,1,0
2021-04-13,sh.600025,7.15182741,7.30563015,6.80027829,6.8112642,6.96506694,158862888,1012792931.31,0.8826,-2.2082,1,0
2021-04-14,sh.600025,6.8112642,6.98703876,6.71239101,6.77830647,6.8112642,85477544,531112810.26,0.4749,-0.4839,1,0
2021-04-15,sh.600025,6.78929238,6.86619375,6.60253191,6.61351782,6.77830647,57223157,348145628.31,0.3179,-2.4311,1,0
2021-04-16,sh.600025,6.64647555,6.71239101,6.43774326,6.51464463,6.61351782,82560464,490622048.59,0.4587,-1.495,1,0
2021-04-19,sh.600025,6.51464463,6.591546,6.45971508,6.51464463,6.51464463,51936258,307906702.82,0.2885,0.0,1,0
2021-04-20,sh.600025,6.45971508,6.56957418,6.38281371,6.4816869,6.51464463,54981041,324529898.11,0.3055,-0.5059,1,0
2021-04-21,sh.600025,6.42675735,6.50365872,6.30591234,6.45971508,6.4816869,46374683,270638473.84,0.2576,-0.339,1,0
2021-04-22,sh.600025,6.4816869,6.65746146,6.36084189,6.591546,6.45971508,53283986,316132076.29,0.296,2.0408,1,0
2021-04-23,sh.600025,6.42675735,6.43774326,6.02027868,6.2619687,6.591546,118654211,669898968.15,0.6592,-5.0,1,0
2021-04-26,sh.600025,6.19605324,6.22901097,6.06422232,6.07520823,6.2619687,53772842,300187185.0,0.2987,-2.9825,1,0
2021-04-27,sh.600025,6.05323641,6.23999688,6.05323641,6.18506733,6.07520823,49281340,276532732.22,0.2738,1.8083,1,0
2021-04-28,sh.600025,6.17408142,6.78929238,6.14112369,6.56957418,6.18506733,79162898,471403295.86,0.4398,6.2167,1,0
2021-04-29,sh.600025,6.52563054,6.56957418,6.38281371,6.52563054,6.56957418,36873097,217543567.39,0.2049,-0.6689,1,0
2021-04-30,sh.600025,6.4816869,6.53661645,6.40478553,6.43774326,6.52563054,28007967,164749851.82,0.1556,-1.3468,1,0
2021-05-06,sh.600025,6.39379962,6.4816869,6.31689825,6.36084189,6.43774326,27034286,157353894.2,0.1502,-1.1945,1,0
2021-05-07,sh.600025,6.32788416,6.4816869,6.29492643,6.3718278,6.36084189,30911276,179909977.99,0.1717,0.1727,1,0
2021-05-10,sh.600025,6.34985598,6.73436283,6.34985598,6.63548964,6.3718278,46697218,280453231.31,0.2594,4.1379,1,0
2021-05-11,sh.600025,6.64647555,6.74534874,6.53661645,6.56957418,6.63548964,40482059,244040948.88,0.2249,-0.9934,1,0
2021-05-12,sh.600025,6.55858827,6.56957418,6.31689825,6.47070099,6.56957418,38581440,225286188.97,0.2143,-1.505,1,0
2021-05-13,sh.600025,6.39379962,6.43774326,6.16309551,6.23999688,6.47070099,33606301,192068514.63,0.1867,-3.5654,1,0
2021-05-14,sh.600025,6.22901097,6.31689825,6.17408142,6.27295461,6.23999688,24984716,142086069.15,0.1388,0.5282,1,0
2021-05-17,sh.600025,6.2619687,6.32788416,6.19605324,6.2619687,6.27295461,22882370,130247615.38,0.1271,-0.1751,1,0
2021-05-18,sh.600025,6.27295461,6.28394052,6.08619414,6.14112369,6.2619687,33087723,185257167.15,0.1838,-1.9298,1,0
2021-05-19,sh.600025,6.13013778,6.16309551,6.02027868,6.13013778,6.14112369,34017103,187992174.37,0.189,-0.1789,1,0
2021-05-20,sh.600025,6.11915187,6.13013778,6.02027868,6.0422505,6.13013778,29731141,163791964.22,0.1652,-1.4337,1,0
2021-05-21,sh.600025,6.0422505,6.14112369,5.87746185,6.07520823,6.0422505,51863913,283630372.17,0.2881,0.5455,1,0
2021-05-24,sh.600025,6.14112369,6.27295461,6.06422232,6.08619414,6.07520823,48441435,271518413.94,0.2691,0.1808,1,0
2021-05-25,sh.600025,6.02027868,6.11915187,5.94337731,6.09718005,6.08619414,35351604,194022665.6,0.1964,0.1805,1,0
2021-05-26,sh.600025,6.09718005,6.16309551,5.98732095,6.10816596,6.09718005,34271664,189279273.61,0.1904,0.1802,1,0
2021-05-27,sh.600025,6.07520823,6.11915187,6.0422505,6.11915187,6.10816596,25920771,143632923.56,0.144,0.1799,1,0
2021-05-28,sh.600025,6.11915187,6.11915187,5.88844776,5.92140549,6.11915187,41008659,223607269.93,0.2278,-3.2316,1,0
2021-05-31,sh.600025,5.94337731,6.03126459,5.76760275,6.00929277,5.92140549,51294369,275304029.63,0.285,1.4842,1,0
2021-06-01,sh.600025,5.97633504,6.0422505,5.94337731,6.00929277,6.00929277,27023312,147161228.61,0.1501,0.0,1,0
2021-06-02,sh.600025,5.96534913,6.08619414,5.95436322,6.05323641,6.00929277,25966324,142692512.03,0.1443,0.7313,1,0
2021-06-03,sh.600025,6.05323641,6.09718005,5.97633504,6.00929277,6.05323641,18275587,100231443.7,0.1015,-0.726,1,0
2021-06-04,sh.600025,6.00929277,6.02027868,5.87746185,5.9323914,6.00929277,26271954,141695957.29,0.146,-1.2797,1,0
2021-06-07,sh.600025,5.94337731,5.97633504,5.85549003,5.96534913,5.9323914,19516136,105124495.0,0.1084,0.5556,1,0
2021-06-08,sh.600025,5.97633504,6.02027868,5.92140549,5.97633504,5.96534913,19377200,105294628.0,0.1077,0.1842,1,0
2021-06-09,sh.600025,5.97633504,6.22901097,5.95436322,6.20703915,5.97633504,61305431,343458584.0,0.3406,3.8603,1,0
2021-06-10,sh.600025,6.21802506,6.22901097,6.11915187,6.14112369,6.20703915,24927844,139891983.96,0.1385,-1.0619,1,0
2021-06-11,sh.600025,6.17408142,6.42675735,6.1521096,6.33887007,6.14112369,46381905,266941356.64,0.2577,3.22,1,0
2021-06-15,sh.600025,6.33887007,6.50365872,6.2619687,6.41577144,6.33887007,43533325,252900742.99,0.2419,1.2132,1,0
2021-06-16,sh.600025,6.3718278,6.47070099,6.2619687,6.40478553,6.41577144,34417602,199613156.44,0.1912,-0.1712,1,0
2021-06-17,sh.600025,6.36084189,6.51464463,6.32788416,6.34985598,6.40478553,24540641,142743932.65,0.1363,-0.8576,1,0
2021-06-18,sh.600025,6.34985816,6.3837542,6.14648192,6.16907928,6.34985816,32529655,179120720.07,0.1807,-2.847,1,0
2021-06-21,sh.600025,6.20297532,6.65492252,6.1577806,6.51933836,6.16907928,46954903,267246303.65,0.2609,5.6777,1,0
2021-06-22,sh.600025,6.496741,6.57583176,6.3837542,6.50803968,6.51933836,30797714,176325901.36,0.1711,-0.1733,1,0
2021-06-23,sh.600025,6.5532344,6.67751988,6.50803968,6.58713044,6.50803968,23264905,136055244.52,0.1292,1.2153,1,0
2021-06-24,sh.600025,6.57583176,6.6662212,6.51933836,6.54193572,6.58713044,19530280,113982084.1,0.1085,-0.6861,1,0
2021-06-25,sh.600025,6.51933836,6.5532344,6.41765024,6.4402476,6.54193572,21053346,120390553.5,0.117,-1.5544,1,0
2021-06-28,sh.600025,6.56453308,6.8921948,6.56453308,6.85829876,6.4402476,66241276,396560418.31,0.368,6.4912,1,0
2021-06-29,sh.600025,6.85829876,6.85829876,6.58713044,6.6097278,6.85829876,36972367,218129858.97,0.2054,-3.6244,1,0
2021-06-30,sh.600025,6.58713044,6.6097278,6.496741,6.54193572,6.6097278,21302223,123116249.45,0.1183,-1.0256,1,0
2021-07-01,sh.600025,6.62102648,6.70011724,6.51933836,6.5532344,6.54193572,20174860,117698895.38,0.1121,0.1727,1,0
2021-07-02,sh.600025,6.54193572,6.57583176,6.3272608,6.42894892,6.5532344,36130345,205383588.99,0.2007,-1.8966,1,0
2021-07-05,sh.600025,6.45154628,6.53063704,6.2707674,6.33855948,6.42894892,29206638,164650710.38,0.1623,-1.406,1,0
2021-07-06,sh.600025,6.3272608,6.4402476,6.30466344,6.36115684,6.33855948,21541543,121351096.62,0.1197,0.3565,1,0
2021-07-07,sh.600025,6.3837542,6.39505288,6.18037796,6.22557268,6.36115684,27567021,152524509.86,0.1532,-2.1314,1,0
2021-07-08,sh.600025,6.25946872,6.41765024,6.23687136,6.31596212,6.22557268,29311846,164460193.97,0.1628,1.4519,1,0
2021-07-09,sh.600025,6.29336476,6.3272608,6.18037796,6.29336476,6.31596212,25494896,140985066.52,0.1416,-0.3578,1,0
2021-07-12,sh.600025,6.30466344,6.37245552,6.22557268,6.33855948,6.29336476,23763281,132256779.03,0.132,0.7181,1,0
2021-07-13,sh.600025,6.31596212,6.46284496,6.2707674,6.46284496,6.33855948,26287516,148650337.39,0.146,1.9608,1,0
2021-07-14,sh.600025,6.45154628,6.56453308,6.3272608,6.3837542,6.46284496,25629682,145662274.36,0.1424,-1.2238,1,0
2021-07-15,sh.600025,6.40635156,6.41765024,6.28206608,6.40635156,6.3837542,21315611,119887784.7,0.1184,0.354,1,0
2021-07-16,sh.600025,6.39505288,6.45154628,6.13518324,6.14648192,6.40635156,53253624,295454036.41,0.2959,-4.0564,1,0
2021-07-19,sh.600025,6.214274,6.23687136,5.96570304,6.03349512,6.14648192,41992714,225010089.59,0.2333,-1.8382,1,0
2021-07-20,sh.600025,6.01089776,6.07868984,5.9883004,6.02219644,6.03349512,14805835,78936724.99,0.0823,-0.1873,1,0
2021-07-21,sh.600025,6.02219644,6.05609248,5.89791096,5.931807,6.02219644,29850273,157247829.79,0.1658,-1.5009,1,0
2021-07-22,sh.600025,5.94310568,6.01089776,5.89791096,5.94310568,5.931807,21506930,113220824.04,0.1195,0.1905,1,0
2021-07-23,sh.600025,5.95440436,5.95440436,5.63804132,5.71713208,5.94310568,64228803,327292751.95,0.3568,-3.8023,1,0
2021-07-26,sh.600025,5.71713208,5.88661228,5.67193736,5.80752152,5.71713208,38836467,199472861.51,0.2158,1.581,1,0
2021-07-27,sh.600025,5.83011888,5.95440436,5.7623268,5.78492416,5.80752152,36829734,191201975.09,0.2046,-0.3891,1,0
2021-07-28,sh.600025,5.79622284,5.96570304,5.7058334,5.90920964,5.78492416,37036122,192570978.38,0.2058,2.1484,1,0
2021-07-29,sh.600025,5.92050832,5.94310568,5.84141756,5.89791096,5.90920964,27602564,144117543.76,0.1533,-0.1912,1,0
2021-07-30,sh.600025,5.97700172,6.14648192,5.8753136,5.89791096,5.89791096,62285513,331141913.67,0.346,0.0,1,0
2021-08-02,sh.600025,5.85271624,6.03349512,5.72843076,5.9883004,5.89791096,41610402,216677918.52,0.2312,1.5326,1,0
2021-08-03,sh.600025,5.94310568,6.02219644,5.931807,5.9883004,5.9883004,25897474,137015577.54,0.1439,0.0,1,0
2021-08-04,sh.600025,5.97700172,6.34985816,5.931807,6.28206608,5.9883004,65914543,363121639.65,0.3662,4.9057,1,0
2021-08-05,sh.600025,6.30466344,6.3272608,6.19167664,6.23687136,6.28206608,27528295,152351333.12,0.1529,-0.7194,1,0
2021-08-06,sh.600025,6.24817004,6.33855948,6.20297532,6.2707674,6.23687136,25598344,141816359.62,0.1422,0.5435,1,0
2021-08-09,sh.600025,6.2707674,6.29336476,6.18037796,6.22557268,6.2707674,30293334,166887353.05,0.1683,-0.7207,1,0
2021-08-10,sh.600025,6.22557268,6.2707674,6.13518324,6.25946872,6.22557268,26513833,145804816.26,0.1473,0.5445,1,0
2021-08-11,sh.600025,6.24817004,6.37245552,6.23687136,6.33855948,6.25946872,31175120,174280256.98,0.1732,1.2635,1,0
2021-08-12,sh.600025,6.3272608,6.41765024,6.2707674,6.30466344,6.33855948,26560523,148683450.16,0.1476,-0.5348,1,0
2021-08-13,sh.600025,6.29336476,6.34985816,6.214274,6.28206608,6.30466344,20985802,116738859.16,0.1166,-0.3584,1,0
2021-08-16,sh.600025,6.24817004,6.31596212,6.23687136,6.25946872,6.28206608,15638947,86882373.93,0.0869,-0.3597,1,0
2021-08-17,sh.600025,6.28206608,6.3272608,6.12388456,6.13518324,6.25946872,28283114,155572450.15,0.1571,-1.9856,1,0
2021-08-18,sh.600025,6.13518324,6.16907928,6.0447938,6.14648192,6.13518324,27595061,149220715.89,0.1533,0.1842,1,0
2021-08-19,sh.600025,6.12388456,6.23687136,6.11258588,6.16907928,6.14648192,21046369,114988670.2,0.1169,0.3676,1,0
2021-08-20,sh.600025,6.18037796,6.18037796,6.08998852,6.13518324,6.16907928,27163651,147296300.27,0.1509,-0.5495,1,0
2021-08-23,sh.600025,6.13518324,6.20297532,6.08998852,6.14648192,6.13518324,34292208,186098495.68,0.1905,0.1842,1,0
2021-08-24,sh.600025,6.14648192,6.496741,6.13518324,6.40635156,6.14648192,60568801,342394113.58,0.3365,4.2279,1,0
2021-08-25,sh.600025,6.36115684,6.54193572,6.29336476,6.47414364,6.40635156,43310279,245852383.28,0.2406,1.0582,1,0
2021-08-26,sh.600025,6.41765024,6.53063704,6.37245552,6.46284496,6.47414364,28768255,164073041.27,0.1598,-0.1745,1,0
2021-08-27,sh.600025,6.47414364,6.58713044,6.3837542,6.46284496,6.46284496,26173445,150008583.14,0.1454,0.0,1,0
2021-08-30,sh.600025,6.496741,6.6097278,6.46284496,6.54193572,6.46284496,29550782,170844695.04,0.1642,1.2238,1,0
2021-08-31,sh.600025,6.54193572,6.62102648,6.41765024,6.54193572,6.54193572,30842608,177662105.41,0.1713,0.0,1,0
2021-09-01,sh.600025,6.56453308,6.73401328,6.53063704,6.68881856,6.54193572,55458272,326596193.19,0.3081,2.2453,1,0
2021-09-02,sh.600025,6.68881856,6.86959744,6.64362384,6.81310404,6.68881856,74698432,447825755.27,0.415,1.8581,1,0
2021-09-03,sh.600025,6.779208,7.15206444,6.71141592,6.76790932,6.81310404,93993019,573094230.03,0.5222,-0.6633,1,0
2021-09-06,sh.600025,6.79050668,7.09557104,6.779208,7.03907764,6.76790932,76279661,472226118.82,0.4238,4.0067,1,0
2021-09-07,sh.600025,7.1181684,7.21985652,6.92609084,7.1181684,7.03907764,79999627,504062231.01,0.4444,1.1236,1,0
2021-09-08,sh.600025,7.19725916,7.82998524,7.19725916,7.82998524,7.1181684,133449381,900396609.42,0.7414,10.0,1,0
2021-09-09,sh.600025,7.7960892,7.88647864,7.54751824,7.75089448,7.82998524,156103473,1065793055.17,0.8672,-1.0101,1,0
2021-09-10,sh.600025,7.77349184,7.86388128,7.41193408,7.53621956,7.75089448,82707199,555536672.15,0.4595,-2.7697,1,0
2021-09-13,sh.600025,7.46842748,7.61531032,7.344142,7.58141428,7.53621956,47115592,313075139.8,0.2618,0.5997,1,0
2021-09-14,sh.600025,7.58141428,7.95427072,7.42323276,7.626609,7.58141428,113147532,770003422.76,0.6286,0.5961,1,0
2021-09-15,sh.600025,7.55881692,7.70569976,7.4571288,7.50232352,7.626609,63557680,424165621.05,0.3531,-1.6296,1,0
2021-09-16,sh.600025,7.50232352,7.77349184,7.4571288,7.52492088,7.50232352,70175513,474056475.36,0.3899,0.3012,1,0
2021-09-17,sh.600025,7.50232352,8.2480364,7.49102484,8.16894564,7.52492088,162092284,1163695501.84,0.9005,8.5586,1,0
2021-09-22,sh.600025,8.3045298,8.9824506,8.25933508,8.9824506,8.16894564,123397276,957721206.39,0.6855,9.9585,1,0
2021-09-23,sh.600025,9.12933344,9.47959252,8.71128228,8.8129704,8.9824506,178332443,1427502538.42,0.9907,-1.8868,1,0
2021-09-24,sh.600025,8.82426908,8.88076248,8.3045298,8.37232188,8.8129704,113022463,854879408.94,0.6279,-5.0,1,0
2021-09-27,sh.600025,8.56439944,8.6434902,7.92037468,8.04466016,8.37232188,118024564,847551053.97,0.6557,-3.9136,1,0
2021-09-28,sh.600025,8.04466016,8.84686644,8.03336148,8.84686644,8.04466016,157826791,1192412442.91,0.8768,9.9719,1,0
2021-09-29,sh.600025,8.62089284,9.17452816,8.40621792,8.76777568,8.84686644,142802392,1108720880.5,0.7933,-0.894,1,0
2021-09-30,sh.600025,8.80167172,9.64907272,8.73387964,9.64907272,8.76777568,131083700,1079560817.69,0.7282,10.0515,1,0
2021-10-08,sh.600025,9.886345,9.97673444,8.68868492,8.68868492,9.64907272,120447813,957698403.95,0.6692,-9.9532,1,0
2021-10-11,sh.600025,8.71128228,8.80167172,7.99946544,8.2480364,8.68868492,126322509,917566713.35,0.7018,-5.0715,1,0
2021-10-12,sh.600025,8.0785562,8.23673772,7.5136222,7.71699844,8.2480364,137964573,945187933.89,0.7665,-6.4384,1,0
2021-10-13,sh.600025,7.64920636,7.69440108,7.4006354,7.50232352,7.71699844,83025969,554423645.0,0.4613,-2.7818,1,0
2021-10-14,sh.600025,7.4571288,7.53621956,7.25375256,7.36673936,7.50232352,51027526,334157413.76,0.2835,-1.8072,1,0
2021-10-15,sh.600025,7.31024596,7.41193408,7.1181684,7.2311552,7.36673936,79748188,511486060.96,0.443,-1.8405,1,0
2021-10-18,sh.600025,7.27634992,7.76219316,7.21985652,7.53621956,7.2311552,95746113,635902799.84,0.5319,4.2188,1,0
2021-10-19,sh.600025,7.53621956,7.66050504,7.38933672,7.60401164,7.53621956,49515430,331565461.76,0.2751,0.8996,1,0
2021-10-20,sh.600025,7.54751824,8.0785562,7.49102484,7.9655694,7.60401164,72752115,507947673.97,0.4042,4.7548,1,0
2021-10-21,sh.600025,7.87517996,8.08985488,7.71699844,7.84128392,7.9655694,58896993,411084967.52,0.3272,-1.5603,1,0
2021-10-22,sh.600025,7.82998524,7.89777732,7.61531032,7.67180372,7.84128392,43755658,298891930.7,0.2431,-2.1614,1,0
2021-10-25,sh.600025,7.67180372,7.8525826,7.64920636,7.7395958,7.67180372,39331331,270240654.14,0.2185,0.8837,1,0
2021-10-26,sh.600025,7.7395958,8.10115356,7.70569976,7.82998524,7.7395958,49258830,345225228.69,0.2737,1.1679,1,0
2021-10-27,sh.600025,7.86388128,8.42881528,7.7395958,8.25933508,7.82998524,87566540,634167830.89,0.4865,5.4834,1,0
2021-10-28,sh.600025,8.191543,8.191543,7.81868656,7.92037468,8.25933508,77002967,544237910.5,0.4278,-4.104,1,0
2021-10-29,sh.600025,7.8525826,7.88647864,7.36673936,7.67180372,7.92037468,106600166,713512810.86,0.5922,-3.1384,1,0
2021-11-01,sh.600025,7.61531032,7.82998524,7.54751824,7.67180372,7.67180372,58930297,400215737.37,0.3274,0.0,1,0
2021-11-02,sh.600025,7.66050504,7.69440108,7.24245388,7.27634992,7.67180372,73218400,479331021.09,0.4068,-5.1546,1,0
2021-11-03,sh.600025,7.27634992,7.69440108,7.26505124,7.49102484,7.27634992,65681278,435847882.67,0.3649,2.9503,1,0
2021-11-04,sh.600025,7.46842748,7.53621956,7.32154464,7.43453144,7.49102484,43073986,283231521.38,0.2393,-0.7541,1,0
2021-11-05,sh.600025,7.38933672,7.41193408,7.09557104,7.18596048,7.43453144,73395623,469164071.64,0.4078,-3.3435,1,0
2021-11-08,sh.600025,7.20855784,7.25375256,7.02777896,7.05037632,7.18596048,34556925,216862267.08,0.192,-1.8868,1,0
2021-11-09,sh.600025,7.14076576,7.26505124,6.95998688,7.03907764,7.05037632,40225979,251508020.5,0.2235,-0.1603,1,0
2021-11-10,sh.600025,7.02777896,7.03907764,6.76790932,6.98258424,7.03907764,67205118,408148721.9,0.3734,-0.8026,1,0
2021-11-11,sh.600025,6.97128556,6.98258424,6.76790932,6.84700008,6.98258424,65106078,394273601.26,0.3617,-1.9417,1,0
2021-11-12,sh.600025,6.8357014,6.91479216,6.73401328,6.76790932,6.84700008,49531999,297826344.33,0.2752,-1.1551,1,0
2021-11-15,sh.600025,6.76790932,6.779208,6.6662212,6.74531196,6.76790932,40727852,241954557.96,0.2263,-0.3339,1,0
2021-11-16,sh.600025,6.74531196,6.97128556,6.71141592,6.91479216,6.74531196,77139925,469056242.96,0.4286,2.5126,1,0
2021-11-17,sh.600025,6.91479216,6.91479216,6.7227146,6.74531196,6.91479216,52829496,316685836.26,0.2935,-2.451,1,0
2021-11-18,sh.600025,6.75661064,6.84700008,6.67751988,6.75661064,6.74531196,37187029,222646954.21,0.2066,0.1675,1,0
2021-11-19,sh.600025,6.779208,6.98258424,6.68881856,6.93738952,6.75661064,49382435,300054618.69,0.2743,2.6756,1,0
2021-11-22,sh.600025,6.92609084,6.99388292,6.74531196,6.80180536,6.93738952,59633600,360009704.91,0.3313,-1.9544,1,0
2021-11-23,sh.600025,6.779208,6.95998688,6.7227146,6.90349348,6.80180536,56400820,341385433.19,0.3133,1.495,1,0
2021-11-24,sh.600025,6.97128556,6.97128556,6.75661064,6.779208,6.90349348,47331720,285525572.82,0.263,-1.8003,1,0
2021-11-25,sh.600025,6.80180536,7.07297368,6.79050668,6.90349348,6.779208,82547925,506608831.42,0.4586,1.8333,1,0
2021-11-26,sh.600025,6.86959744,6.86959744,6.73401328,6.779208,6.90349348,39866400,239904116.0,0.2215,-1.8003,1,0
2021-11-29,sh.600025,6.73401328,6.85829876,6.67751988,6.82440272,6.779208,35452017,213179311.0,0.197,0.6667,1,0
2021-11-30,sh.600025,6.81310404,6.93738952,6.74531196,6.779208,6.82440272,39113657,236340805.51,0.2173,-0.6623,1,0
2021-12-01,sh.600025,6.75661064,6.84700008,6.71141592,6.8357014,6.779208,40088741,240406540.62,0.2227,0.8333,1,0
2021-12-02,sh.600025,6.79050668,6.90349348,6.79050668,6.82440272,6.8357014,26766470,162033611.3,0.1487,-0.1653,1,0
2021-12-03,sh.600025,6.80180536,7.2311552,6.779208,7.1181684,6.82440272,82157228,511030633.9,0.4564,4.3046,1,0
2021-12-06,sh.600025,7.12946708,7.2311552,6.97128556,6.98258424,7.1181684,62338094,389441672.02,0.3463,-1.9048,1,0
2021-12-07,sh.600025,6.99388292,7.29894728,6.91479216,7.26505124,6.98258424,72370498,456629673.28,0.4021,4.0453,1,0
2021-12-08,sh.600025,7.25375256,7.36673936,7.14076576,7.21985652,7.26505124,61425552,391910430.05,0.3413,-0.6221,1,0
2021-12-09,sh.600025,7.20855784,7.46842748,7.16336312,7.38933672,7.21985652,77250510,503204517.78,0.4292,2.3474,1,0
2021-12-10,sh.600025,7.37803804,7.6831024,7.32154464,7.47972616,7.38933672,85410996,567743982.19,0.4745,1.2232,1,0
2021-12-13,sh.600025,7.52492088,7.84128392,7.46842748,7.55881692,7.47972616,86831025,585082256.51,0.4824,1.0574,1,0
2021-12-14,sh.600025,7.50232352,7.63790768,7.36673936,7.46842748,7.55881692,63746234,422136603.48,0.3541,-1.1958,1,0
2021-12-15,sh.600025,7.43453144,7.75089448,7.26505124,7.54751824,7.46842748,79829659,528915977.5,0.4435,1.059,1,0
2021-12-16,sh.600025,7.55881692,7.6831024,7.5136222,7.61531032,7.54751824,50557584,339394773.73,0.2809,0.8982,1,0
2021-12-17,sh.600025,7.5701156,8.0220628,7.55881692,7.71699844,7.61531032,83197540,575147083.54,0.4622,1.3353,1,0
2021-12-20,sh.600025,7.7960892,7.82998524,7.24245388,7.2876486,7.71699844,91203812,600702374.22,0.5067,-5.5637,1,0
2021-12-21,sh.600025,7.24245388,7.41193408,7.16336312,7.36673936,7.2876486,50179706,325103409.71,0.2788,1.0853,1,0
2021-12-22,sh.600025,7.344142,7.4006354,7.26505124,7.32154464,7.36673936,33597094,217589725.67,0.1867,-0.6135,1,0
2021-12-23,sh.600025,7.32154464,7.66050504,7.2311552,7.63790768,7.32154464,57519785,381979169.69,0.3196,4.321,1,0
2021-12-24,sh.600025,7.626609,7.77349184,7.5136222,7.53621956,7.63790768,43330936,292253596.31,0.2407,-1.3314,1,0
2021-12-27,sh.600025,7.52492088,7.69440108,7.344142,7.38933672,7.53621956,58794134,389501827.4,0.3266,-1.949,1,0
2021-12-28,sh.600025,7.37803804,7.4006354,7.12946708,7.18596048,7.38933672,50357232,321393219.29,0.2798,-2.7523,1,0
2021-12-29,sh.600025,7.18596048,7.21985652,7.08427236,7.15206444,7.18596048,37126915,234774419.84,0.2063,-0.4717,1,0
2021-12-30,sh.600025,7.12946708,7.25375256,7.09557104,7.19725916,7.15206444,27543501,175371525.98,0.153,0.6319,1,0
2021-12-31,sh.600025,7.19725916,7.49102484,7.1746618,7.44583012,7.19725916,55434439,362792077.01,0.308,3.4537,1,0
2022-01-04,sh.600025,7.46842748,7.47972616,7.27634992,7.31024596,7.44583012,45485350,295286604.2,0.2527,-1.8209,1,0
2022-01-05,sh.600025,7.25375256,7.25375256,7.10686972,7.12946708,7.31024596,38522520,244086535.7,0.214,-2.473,1,0
2022-01-06,sh.600025,7.10686972,7.15206444,7.0051816,7.05037632,7.12946708,30767848,192233627.6,0.1709,-1.1094,1,0
2022-01-07,sh.600025,7.08427236,7.10686972,7.0051816,7.0051816,7.05037632,24448201,152681415.4,0.1358,-0.641,1,0
2022-01-10,sh.600025,7.0051816,7.07297368,6.88089612,6.90349348,7.0051816,31647744,193962756.84,0.1758,-1.4516,1,0
2022-01-11,sh.600025,6.92609084,7.061675,6.90349348,6.99388292,6.90349348,23956950,148418332.0,0.1331,1.3093,1,0
2022-01-12,sh.600025,7.0051816,7.01648028,6.92609084,6.97128556,6.99388292,26454397,162619174.58,0.147,-0.3231,1,0
2022-01-13,sh.600025,6.97128556,7.09557104,6.90349348,6.9486882,6.97128556,37976601,234613940.85,0.211,-0.3241,1,0
2022-01-14,sh.600025,6.9486882,7.1181684,6.88089612,7.1181684,6.9486882,28784179,177472342.25,0.1599,2.439,1,0
2022-01-17,sh.600025,7.01648028,7.02777896,6.90349348,6.92609084,7.1181684,32632527,200739103.6,0.1813,-2.6984,1,0
2022-01-18,sh.600025,6.92609084,7.061675,6.90349348,7.01648028,6.92609084,29059633,179746889.64,0.1614,1.3051,1,0
2022-01-19,sh.600025,6.97128556,7.0051816,6.91479216,6.95998688,7.01648028,21865783,134581901.2,0.1215,-0.8052,1,0
2022-01-20,sh.600025,6.95998688,7.07297368,6.92609084,6.98258424,6.95998688,27392894,169394326.36,0.1522,0.3247,1,0
2022-01-21,sh.600025,6.98258424,7.03907764,6.93738952,6.95998688,6.98258424,20066369,123861479.88,0.1115,-0.3236,1,0
2022-01-24,sh.600025,6.97128556,7.0051816,6.86959744,6.99388292,6.95998688,25766126,158584269.81,0.1431,0.487,1,0
2022-01-25,sh.600025,6.95998688,6.97128556,6.79050668,6.81310404,6.99388292,21898348,133224087.74,0.1217,-2.5848,1,0
2022-01-26,sh.600025,6.82440272,6.8921948,6.779208,6.84700008,6.81310404,17766876,107408310.91,0.0987,0.4975,1,0
2022-01-27,sh.600025,6.82440272,6.85829876,6.75661064,6.779208,6.84700008,23055472,138778854.74,0.1281,-0.9901,1,0
2022-01-28,sh.600025,6.779208,6.82440272,6.70011724,6.71141592,6.779208,18991041,113114825.13,0.1055,-1.0,1,0
2022-02-07,sh.600025,6.779208,6.88089612,6.75661064,6.86959744,6.71141592,18450745,111628026.68,0.1025,2.3569,1,0
2022-02-08,sh.600025,6.8921948,7.08427236,6.84700008,7.07297368,6.86959744,27397588,169530950.29,0.1522,2.9605,1,0
2022-02-09,sh.600025,7.09557104,7.2311552,7.01648028,7.1746618,7.07297368,33631439,212973227.67,0.1868,1.4377,1,0
2022-02-10,sh.600025,7.1746618,7.2876486,7.15206444,7.24245388,7.1746618,25670309,163985479.64,0.1426,0.9449,1,0
2022-02-11,sh.600025,7.21985652,7.25375256,7.12946708,7.16336312,7.24245388,21235217,135209134.46,0.118,-1.092,1,0
2022-02-14,sh.600025,7.15206444,7.15206444,6.91479216,6.9486882,7.16336312,23704016,146804210.82,0.1317,-2.9968,1,0
2022-02-15,sh.600025,6.9486882,7.03907764,6.8921948,6.95998688,6.9486882,20171982,124307493.86,0.1121,0.1626,1,0
2022-02-16,sh.600025,6.99388292,7.02777896,6.91479216,6.93738952,6.95998688,14356981,88527322.9,0.0798,-0.3247,1,0
2022-02-17,sh.600025,6.93738952,6.95998688,6.90349348,6.92609084,6.93738952,14713359,90209618.08,0.0817,-0.1629,1,0
2022-02-18,sh.600025,6.91479216,6.95998688,6.88089612,6.93738952,6.92609084,16534288,101274683.66,0.0919,0.1631,1,0
2022-02-21,sh.600025,6.90349348,6.9486882,6.8921948,6.91479216,6.93738952,15745175,96340482.0,0.0875,-0.3257,1,0
2022-02-22,sh.600025,6.8921948,6.90349348,6.79050668,6.81310404,6.91479216,19740591,119377597.34,0.1097,-1.4706,1,0
2022-02-23,sh.600025,6.82440272,6.91479216,6.81310404,6.8921948,6.81310404,17500675,106110970.12,0.0972,1.1609,1,0
2022-02-24,sh.600025,6.86959744,6.95998688,6.74531196,6.779208,6.8921948,27671852,167531850.76,0.1537,-1.6393,1,0
2022-02-25,sh.600025,6.80180536,6.90349348,6.79050668,6.88089612,6.779208,28149878,170750597.87,0.1564,1.5,1,0
2022-02-28,sh.600025,6.88089612,7.061675,6.85829876,6.95998688,6.88089612,31192978,191744294.0,0.1733,1.1494,1,0
2022-03-01,sh.600025,6.95998688,7.01648028,6.90349348,6.92609084,6.95998688,17759664,109161308.0,0.0987,-0.487,1,0
2022-03-02,sh.600025,6.90349348,6.98258424,6.88089612,6.97128556,6.92609084,17666432,108621836.0,0.0981,0.6525,1,0
2022-03-03,sh.600025,7.061675,7.27634992,7.061675,7.19725916,6.97128556,56710827,360497792.0,0.3151,3.2415,1,0
2022-03-04,sh.600025,7.19725916,7.19725916,7.061675,7.1181684,7.19725916,25082012,158378775.0,0.1393,-1.0989,1,0
2022-03-07,sh.600025,7.19725916,7.25375256,7.07297368,7.08427236,7.1181684,35456136,225015409.0,0.197,-0.4762,1,0
2022-03-08,sh.600025,7.07297368,7.14076576,6.8921948,6.90349348,7.08427236,35276435,219276007.0,0.196,-2.5518,1,0
2022-03-09,sh.600025,6.92609084,7.24245388,6.92609084,7.1181684,6.90349348,89165488,558883216.0,0.4954,3.1097,1,0
2022-03-10,sh.600025,7.31024596,7.38933672,7.1181684,7.33284332,7.1181684,75751012,487764800.0,0.4208,3.0159,1,0
2022-03-11,sh.600025,7.21985652,7.21985652,6.95998688,7.08427236,7.33284332,59886157,374402656.0,0.3327,-3.3898,1,0
2022-03-14,sh.600025,7.0051816,7.02777896,6.75661064,6.88089612,7.08427236,45024200,276150144.0,0.2501,-2.8708,1,0
2022-03-15,sh.600025,6.81310404,6.82440272,6.30466344,6.36115684,6.88089612,72385942,421132880.0,0.4021,-7.5534,1,0
2022-03-16,sh.600025,6.4402476,6.62102648,6.2707674,6.59842912,6.36115684,38091363,218030681.0,0.2116,3.73,1,0
2022-03-17,sh.600025,6.65492252,6.70011724,6.5532344,6.57583176,6.59842912,28385157,166668776.0,0.1577,-0.3425,1,0
2022-03-18,sh.600025,6.56453308,6.67751988,6.54193572,6.6662212,6.57583176,24776302,145339284.24,0.1376,1.3746,1,0
2022-03-21,sh.600025,6.65492252,6.67751988,6.42894892,6.57583176,6.6662212,30248400,176018116.16,0.168,-1.3559,1,0
2022-03-22,sh.600025,6.53063704,6.6097278,6.45154628,6.5532344,6.57583176,34706203,200560810.17,0.1928,-0.3436,1,0
2022-03-23,sh.600025,6.57583176,6.70011724,6.56453308,6.6662212,6.5532344,28802756,169683873.64,0.16,1.7241,1,0
2022-03-24,sh.600025,6.64362384,6.7227146,6.57583176,6.6097278,6.6662212,17508715,102929109.39,0.0973,-0.8475,1,0
2022-03-25,sh.600025,6.6097278,6.63232516,6.47414364,6.48544232,6.6097278,28876262,167167185.2,0.1604,-1.8803,1,0
2022-03-28,sh.600025,6.46284496,6.496741,6.34985816,6.47414364,6.48544232,21586425,122900059.06,0.1199,-0.1742,1,0
2022-03-29,sh.600025,6.50803968,6.53063704,6.47414364,6.496741,6.47414364,13273678,76426225.94,0.0737,0.349,1,0
2022-03-30,sh.600025,6.51933836,6.57583176,6.48544232,6.56453308,6.496741,16793802,97140739.06,0.0933,1.0435,1,0
2022-03-31,sh.600025,6.54193572,6.59842912,6.53063704,6.57583176,6.56453308,13657080,79455564.97,0.0759,0.1721,1,0
2022-04-01,sh.600025,6.5532344,6.65492252,6.53063704,6.62102648,6.57583176,17129800,100136369.0,0.0952,0.6873,1,0
2022-04-06,sh.600025,6.68881856,7.24245388,6.68881856,7.09557104,6.62102648,101742447,633699220.46,0.5652,7.1672,1,0
2022-04-07,sh.600025,7.12946708,7.12946708,6.93738952,6.95998688,7.09557104,36143678,224115722.33,0.2008,-1.9108,1,0
2022-04-08,sh.600025,6.92609084,7.08427236,6.92609084,7.05037632,6.95998688,31187800,193345075.86,0.1733,1.2987,1,0
2022-04-11,sh.600025,7.05037632,7.10686972,6.9486882,6.98258424,7.05037632,35202511,218852634.04,0.1956,-0.9615,1,0
2022-04-12,sh.600025,6.98258424,7.0051816,6.88089612,6.97128556,6.98258424,20303414,124816525.38,0.1128,-0.1618,1,0
2022-04-13,sh.600025,6.97128556,7.0051816,6.93738952,6.95998688,6.97128556,15291169,94451634.04,0.085,-0.1621,1,0
2022-04-14,sh.600025,6.97128556,7.03907764,6.9486882,7.01648028,6.95998688,14264269,88352104.89,0.0792,0.8117,1,0
2022-04-15,sh.600025,7.0051816,7.15206444,6.97128556,7.02777896,7.01648028,19192624,120029999.72,0.1066,0.161,1,0
2022-04-18,sh.600025,6.98258424,7.03907764,6.95998688,7.02777896,7.02777896,16505091,102226121.51,0.0917,0.0,1,0
2022-04-19,sh.600025,7.02777896,7.1746618,7.01648028,7.16336312,7.02777896,33000725,207788091.03,0.1833,1.9293,1,0
2022-04-20,sh.600025,7.15206444,7.1746618,6.95998688,7.0051816,7.16336312,27098786,169111117.71,0.1505,-2.2082,1,0
2022-04-21,sh.600025,6.98258424,7.061675,6.8921948,6.93738952,7.0051816,23871658,147744680.29,0.1326,-0.9677,1,0
2022-04-22,sh.600025,6.90349348,7.12946708,6.8357014,7.10686972,6.93738952,46967172,292551420.95,0.2609,2.443,1,0
2022-04-25,sh.600025,7.061675,7.15206444,6.80180536,6.8357014,7.10686972,41763640,258074762.95,0.232,-3.8156,1,0
2022-04-26,sh.600025,6.85829876,6.97128556,6.73401328,6.8357014,6.8357014,36206346,219563886.23,0.2011,0.0,1,0
2022-04-27,sh.600025,6.81310404,6.93738952,6.73401328,6.91479216,6.8357014,26002836,157732468.92,0.1445,1.157,1,0
2022-04-28,sh.600025,6.8921948,7.12946708,6.86959744,7.0051816,6.91479216,57520087,355962154.25,0.3196,1.3072,1,0
2022-04-29,sh.600025,7.02777896,7.02777896,6.84700008,6.93738952,7.0051816,40525414,248322729.15,0.2251,-0.9677,1,0
2022-05-05,sh.600025,6.92609084,7.061675,6.91479216,6.99388292,6.93738952,35583007,219896796.98,0.1977,0.8143,1,0
2022-05-06,sh.600025,6.8921948,6.91479216,6.74531196,6.75661064,6.99388292,35517235,214250165.32,0.1973,-3.3926,1,0
2022-05-09,sh.600025,6.7227146,6.86959744,6.71141592,6.86959744,6.75661064,21651842,130726848.39,0.1203,1.6722,1,0
2022-05-10,sh.600025,6.82440272,7.5136222,6.79050668,7.35544068,6.86959744,109246024,699075086.55,0.6069,7.0724,1,0
2022-05-11,sh.600025,7.35544068,7.46842748,7.20855784,7.41193408,7.35544068,83968701,544109626.44,0.4665,0.768,1,0
2022-05-12,sh.600025,7.36673936,7.77349184,7.344142,7.47972616,7.41193408,86397098,578627548.56,0.48,0.9146,1,0
2022-05-13,sh.600025,7.47972616,7.77349184,7.36673936,7.6831024,7.47972616,70066902,473118105.65,0.3893,2.719,1,0
2022-05-16,sh.600025,7.64920636,7.77349184,7.50232352,7.72829712,7.6831024,49461222,336473541.72,0.2748,0.5882,1,0
2022-05-17,sh.600025,7.6831024,7.69440108,7.50232352,7.61531032,7.72829712,43462546,291850572.77,0.2415,-1.462,1,0
2022-05-18,sh.600025,7.61531032,7.82998524,7.47972616,7.69440108,7.61531032,36182399,244899294.14,0.201,1.0386,1,0
2022-05-19,sh.600025,7.626609,7.82998524,7.54751824,7.81868656,7.69440108,32191193,219776566.49,0.1788,1.6153,1,0
2022-05-20,sh.600025,7.82998524,7.94297204,7.76219316,7.76219316,7.81868656,32936283,228436669.08,0.183,-0.7225,1,0
2022-05-23,sh.600025,7.77349184,7.82998524,7.67180372,7.70569976,7.76219316,26901835,183821912.38,0.1495,-0.7278,1,0
2022-05-24,sh.600025,7.69440108,7.8525826,7.59271296,7.626609,7.70569976,27829404,190149666.75,0.1546,-1.0264,1,0
2022-05-25,sh.600025,7.626609,7.80738788,7.58141428,7.78479052,7.626609,28118697,191938490.83,0.1562,2.0741,1,0
2022-05-26,sh.600025,7.82998524,8.1350496,7.7960892,8.01076412,7.78479052,49888178,353131128.13,0.2772,2.9028,1,0
2022-05-27,sh.600025,7.9655694,8.15764696,7.89777732,8.08985488,8.01076412,41806708,298507948.54,0.2323,0.9873,1,0
2022-05-30,sh.600025,8.10115356,8.21414036,7.99946544,8.05595884,8.08985488,23596911,168824594.99,0.1311,-0.419,1,0
2022-05-31,sh.600025,8.05595884,8.1350496,7.99946544,8.0220628,8.05595884,27969291,199136538.11,0.1554,-0.4208,1,0
2022-06-01,sh.600025,8.01076412,8.04466016,7.80738788,7.99946544,8.0220628,42574476,297674071.13,0.2365,-0.2817,1,0
2022-06-02,sh.600025,7.93167336,7.94297204,7.72829712,7.76219316,7.99946544,37490721,259402214.29,0.2083,-2.9661,1,0
2022-06-06,sh.600025,7.7395958,7.80738788,7.61531032,7.78479052,7.76219316,48217590,328529150.99,0.2679,0.2911,1,0
2022-06-07,sh.600025,7.78479052,7.80738788,7.63790768,7.66050504,7.78479052,34646318,236444272.48,0.1925,-1.5965,1,0
2022-06-08,sh.600025,7.66050504,7.77349184,7.59271296,7.7395958,7.66050504,24448003,166709691.32,0.1358,1.0324,1,0
2022-06-09,sh.600025,7.71699844,8.12375092,7.71699844,7.89777732,7.7395958,60329874,426075293.81,0.3352,2.0438,1,0
2022-06-10,sh.600025,7.89777732,8.31582848,7.82998524,8.25933508,7.89777732,77089832,556867701.09,0.4283,4.578,1,0
2022-06-13,sh.600025,8.20284168,8.25933508,8.0785562,8.18024432,8.25933508,41104665,297050654.28,0.2284,-0.9576,1,0
2022-06-14,sh.600025,8.15764696,8.16894564,8.01076412,8.14634828,8.18024432,32080506,229856557.07,0.1782,-0.4144,1,0
2022-06-15,sh.600025,8.15764696,8.191543,8.01076412,8.0785562,8.14634828,36087531,258594050.64,0.2005,-0.8322,1,0
2022-06-16,sh.600025,8.0785562,8.0785562,7.87517996,7.95427072,8.0785562,31238169,220249494.67,0.1735,-1.5385,1,0
2022-06-17,sh.600025,7.909076,7.92037468,7.78479052,7.909076,7.95427072,41061328,285436829.12,0.2281,-0.5682,1,0
2022-06-20,sh.600025,7.9669712,8.0132908,7.8859119,7.9438114,7.9090717,34707885,238139257.93,0.1928,0.4392,1,0
2022-06-21,sh.600025,7.9322315,8.3143682,7.9322315,8.1175099,7.9438114,42425168,297956047.9,0.2357,2.1866,1,0
2022-06-22,sh.600025,8.0943501,8.2912084,8.0711903,8.1175099,8.1175099,23366112,164640884.88,0.1298,0.0,1,0
2022-06-23,sh.600025,8.10593,8.1638295,7.9553913,8.0364506,8.1175099,33933471,234669971.57,0.1885,-0.9986,1,0
2022-06-24,sh.600025,8.0017109,8.0480305,7.8859119,7.9438114,8.0364506,27671921,189834955.54,0.1537,-1.1527,1,0
2022-06-27,sh.600025,7.9438114,8.1175099,7.8511722,8.10593,7.9438114,35488669,245666265.12,0.1972,2.0408,1,0
2022-06-28,sh.600025,8.0711903,8.2912084,8.0480305,8.221729,8.10593,28551249,202186025.75,0.1586,1.4286,1,0
2022-06-29,sh.600025,8.2796285,8.2912084,8.1522496,8.221729,8.221729,22375069,159052769.84,0.1243,0.0,1,0
2022-06-30,sh.600025,8.221729,8.2912084,8.0827702,8.0943501,8.221729,27598726,194241810.73,0.1533,-1.5493,1,0
2022-07-01,sh.600025,8.10593,8.337528,8.10593,8.2796285,8.0943501,27572122,196679352.97,0.1532,2.289,1,0
2022-07-04,sh.600025,8.2796285,8.4996466,8.2333089,8.337528,8.2796285,37684651,273382599.81,0.2094,0.6993,1,0
2022-07-05,sh.600025,8.337528,8.3954275,8.0943501,8.1985692,8.337528,65710805,466123079.49,0.3651,-1.6667,1,0
2022-07-06,sh.600025,8.1985692,8.3606878,8.1754094,8.2796285,8.1985692,41215508,294555042.17,0.229,0.9887,1,0
2022-07-07,sh.600025,8.3259481,8.5922858,8.3259481,8.4185873,8.2796285,50597640,370579517.7,0.2811,1.6783,1,0
2022-07-08,sh.600025,8.4649069,8.5807059,8.3606878,8.5112265,8.4185873,38429474,281916138.28,0.2135,1.1004,1,0
2022-07-11,sh.600025,8.5459662,8.7196647,8.4417471,8.4880667,8.5112265,39891851,295318016.22,0.2216,-0.2721,1,0
2022-07-12,sh.600025,8.4649069,8.6617652,8.4185873,8.5343863,8.4880667,34050021,251442195.31,0.1892,0.5457,1,0
2022-07-13,sh.600025,8.5459662,8.6386054,8.4301672,8.5807059,8.5343863,29806590,219891704.92,0.1656,0.5427,1,0
2022-07-14,sh.600025,8.569126,8.5807059,8.3027883,8.3606878,8.5807059,44129936,319346483.27,0.2452,-2.5641,1,0
2022-07-15,sh.600025,8.3491079,8.4185873,8.2101491,8.2101491,8.3606878,44790807,319981253.76,0.2488,-1.8006,1,0
2022-07-18,sh.600025,8.2333089,8.3606878,8.221729,8.3491079,8.2101491,23372582,167832902.2,0.1298,1.6925,1,0
2022-07-19,sh.600025,8.3722677,8.4301672,8.2448888,8.3027883,8.3491079,25440185,182467200.16,0.1413,-0.5548,1,0
2022-07-20,sh.600025,8.2912084,8.2912084,8.0943501,8.1406697,8.3027883,38948363,275030604.63,0.2164,-1.9526,1,0
2022-07-21,sh.600025,8.1522496,8.1638295,8.0017109,8.0248707,8.1406697,21958868,152917448.73,0.122,-1.4225,1,0
2022-07-22,sh.600025,8.1638295,8.2680486,8.1175099,8.1754094,8.0248707,36683679,259893113.09,0.2038,1.8759,1,0
2022-07-25,sh.600025,8.2564687,8.2796285,8.0596104,8.10593,8.1754094,22667029,159650043.71,0.1259,-0.8499,1,0
2022-07-26,sh.600025,8.1406697,8.337528,8.0943501,8.2448888,8.10593,26874261,191359653.99,0.1493,1.7143,1,0
2022-07-27,sh.600025,8.2448888,8.2912084,8.1638295,8.1985692,8.2448888,17915800,127111657.95,0.0995,-0.5618,1,0
2022-07-28,sh.600025,8.1985692,8.2680486,8.1638295,8.221729,8.1985692,20262752,143994128.33,0.1126,0.2825,1,0
2022-07-29,sh.600025,8.2101491,8.3143682,8.1638295,8.1869893,8.221729,25736650,182889343.5,0.143,-0.4225,1,0
2022-08-01,sh.600025,8.1638295,8.2796285,8.0480305,8.2448888,8.1869893,36820780,260301136.63,0.2046,0.7072,1,0
2022-08-02,sh.600025,8.1522496,8.1638295,7.9322315,8.0480305,8.2448888,35372180,246006032.08,0.1965,-2.3876,1,0
2022-08-03,sh.600025,8.0596104,8.1869893,8.0132908,8.0132908,8.0480305,25078326,175603429.8,0.1393,-0.4317,1,0
2022-08-04,sh.600025,8.0364506,8.1290898,7.9322315,8.10593,8.0132908,29934658,207495173.0,0.1663,1.1561,1,0
2022-08-05,sh.600025,8.10593,8.2101491,8.0827702,8.2101491,8.10593,18275749,128841646.0,0.1015,1.2857,1,0
2022-08-08,sh.600025,8.1869893,8.2796285,8.1638295,8.2680486,8.2101491,24266850,172818082.0,0.1348,0.7052,1,0
2022-08-09,sh.600025,8.2448888,8.2796285,8.1175099,8.1522496,8.2680486,30067669,212388426.0,0.167,-1.4006,1,0
2022-08-10,sh.600025,8.1522496,8.1985692,8.0596104,8.1290898,8.1522496,15930167,111895116.0,0.0885,-0.2841,1,0
2022-08-11,sh.600025,8.1638295,8.2448888,8.1290898,8.1869893,8.1290898,21952149,155345252.0,0.122,0.7123,1,0
2022-08-12,sh.600025,8.1638295,8.2564687,8.1406697,8.1522496,8.1869893,20531551,145066245.0,0.1141,-0.4243,1,0
2022-08-15,sh.600025,8.1638295,8.2333089,8.1290898,8.221729,8.1522496,24043147,170157562.52,0.1336,0.8523,1,0
2022-08-16,sh.600025,8.2333089,8.3259481,8.1869893,8.2333089,8.221729,20573058,146600976.77,0.1143,0.1408,1,0
2022-08-17,sh.600025,8.2448888,8.3606878,8.221729,8.2448888,8.2333089,30118487,215225856.78,0.1673,0.1406,1,0
2022-08-18,sh.600025,8.2448888,8.2912084,8.1406697,8.1406697,8.2448888,20346073,144265893.61,0.113,-1.264,1,0
2022-08-19,sh.600025,8.1290898,8.3606878,8.0943501,8.3259481,8.1406697,38410284,273804632.84,0.2134,2.276,1,0
2022-08-22,sh.600025,8.3491079,8.4301672,8.2912084,8.3259481,8.3259481,26664808,192052165.2,0.1481,0.0,1,0
2022-08-23,sh.600025,8.3259481,8.4301672,8.2564687,8.3838476,8.3259481,27503471,198800829.76,0.1528,0.6954,1,0
2022-08-24,sh.600025,8.3954275,8.4301672,8.2796285,8.3259481,8.3838476,27610540,199164016.39,0.1534,-0.6906,1,0
2022-08-25,sh.600025,8.3606878,8.5807059,8.3606878,8.5575461,8.3259481,40053991,293835265.95,0.2225,2.7816,1,0
2022-08-26,sh.600025,8.5575461,8.6154456,8.4417471,8.4764868,8.5575461,22230043,163565358.22,0.1235,-0.9472,1,0
2022-08-29,sh.600025,8.4996466,8.6501853,8.453327,8.5575461,8.4764868,41111619,302754849.93,0.2284,0.9563,1,0
2022-08-30,sh.600025,8.569126,8.6386054,8.4880667,8.4996466,8.5575461,29749381,219687316.23,0.1653,-0.6766,1,0
2022-08-31,sh.600025,8.5228064,8.5343863,8.3954275,8.4185873,8.4996466,29663296,216602887.92,0.1648,-0.9537,1,0
2022-09-01,sh.600025,8.4185873,8.5459662,8.3954275,8.4764868,8.4185873,23235368,170388087.93,0.1291,0.6878,1,0
2022-09-02,sh.600025,8.4764868,8.7196647,8.4649069,8.6501853,8.4764868,43642405,325725173.2,0.2425,2.0492,1,0
2022-09-05,sh.600025,8.6270255,8.8470436,8.5922858,8.7659843,8.6501853,39368490,298195960.46,0.2187,1.3387,1,0
2022-09-06,sh.600025,8.7659843,8.8470436,8.684925,8.7891441,8.7659843,30678972,232314212.13,0.1704,0.2642,1,0
2022-09-07,sh.600025,8.7891441,8.8470436,8.7196647,8.8123039,8.7891441,24762853,187815091.34,0.1376,0.2635,1,0
2022-09-08,sh.600025,8.8238838,9.0207421,8.7659843,8.8702034,8.8123039,31453144,241352450.02,0.1747,0.657,1,0
2022-09-09,sh.600025,8.8817833,8.916523,8.800724,8.8702034,8.8702034,23820844,182402643.52,0.1323,0.0,1,0
2022-09-13,sh.600025,8.8470436,8.8817833,8.684925,8.7544044,8.8702034,24822422,187683382.45,0.1379,-1.3055,1,0
2022-09-14,sh.600025,8.7196647,8.7428245,8.5807059,8.6154456,8.7544044,20848640,155540698.6,0.1158,-1.5873,1,0
2022-09-15,sh.600025,8.6617652,8.7080848,8.5228064,8.5459662,8.6154456,25141296,186515890.73,0.1397,-0.8065,1,0
2022-09-16,sh.600025,8.5459662,8.5459662,8.3143682,8.3722677,8.5459662,47581886,345458779.78,0.2643,-2.0325,1,0
2022-09-19,sh.600025,8.3259481,8.3606878,8.1985692,8.2333089,8.3722677,25980825,185623929.42,0.1443,-1.6598,1,0
2022-09-20,sh.600025,8.3027883,8.4301672,8.2680486,8.3027883,8.2333089,22985407,165551690.66,0.1277,0.8439,1,0
2022-09-21,sh.600025,8.2796285,8.4649069,8.2333089,8.3838476,8.3027883,23277316,168549235.44,0.1293,0.9763,1,0
2022-09-22,sh.600025,8.3491079,8.4417471,8.2448888,8.337528,8.3838476,19774404,141995707.04,0.1099,-0.5525,1,0
2022-09-23,sh.600025,8.337528,8.3838476,8.2333089,8.2564687,8.337528,17627079,126123531.59,0.0979,-0.9722,1,0
2022-09-26,sh.600025,8.1985692,8.2680486,8.0480305,8.0827702,8.2564687,21432197,150925298.33,0.1191,-2.1038,1,0
2022-09-27,sh.600025,8.10593,8.1522496,7.9553913,8.0943501,8.0827702,26125315,181690800.41,0.1451,0.1433,1,0
2022-09-28,sh.600025,8.0596104,8.1869893,8.0132908,8.0480305,8.0943501,19915535,138875520.94,0.1106,-0.5722,1,0
2022-09-29,sh.600025,8.0827702,8.1175099,7.9438114,7.9785511,8.0480305,15205800,105366389.55,0.0845,-0.8633,1,0
2022-09-30,sh.600025,7.9785511,8.0480305,7.9438114,7.9669712,7.9785511,13977669,96491889.99,0.0777,-0.1451,1,0
2022-10-10,sh.600025,8.0132908,8.1290898,7.8974918,7.9090717,7.9669712,31818402,219922587.64,0.1768,-0.7267,1,0
2022-10-11,sh.600025,7.9438114,8.2333089,7.9206516,8.1985692,7.9090717,38697149,270291185.81,0.215,3.6603,1,0
2022-10-12,sh.600025,8.1754094,8.2796285,8.0711903,8.221729,8.1985692,21163980,149330484.17,0.1176,0.2825,1,0
2022-10-13,sh.600025,8.2101491,8.3259481,8.1638295,8.2680486,8.221729,18431800,131375408.9,0.1024,0.5634,1,0
2022-10-14,sh.600025,8.3259481,8.3259481,8.1522496,8.1985692,8.2680486,27275130,193571829.3,0.1515,-0.8403,1,0
2022-10-17,sh.600025,8.1290898,8.1638295,7.9322315,7.9669712,8.1985692,40540873,279675658.46,0.2252,-2.8249,1,0
2022-10-18,sh.600025,7.9669712,7.9669712,7.7122134,7.7816928,7.9669712,65133617,438446837.74,0.3619,-2.3256,1,0
2022-10-19,sh.600025,7.7353732,7.8395923,7.7353732,7.758533,7.7816928,28644435,192746793.51,0.1591,-0.2976,1,0
2022-10-20,sh.600025,7.7469531,7.8164325,7.7006335,7.7237933,7.758533,30300677,202845705.88,0.1683,-0.4478,1,0
2022-10-21,sh.600025,7.7469531,7.8627521,7.7122134,7.7932727,7.7237933,39007156,263001278.51,0.2167,0.8996,1,0
2022-10-24,sh.600025,7.7701129,7.8280124,7.526935,7.5732546,7.7932727,49832464,329973172.31,0.2768,-2.8232,1,0
2022-10-25,sh.600025,7.5616747,7.7932727,7.5500948,7.7701129,7.5732546,39374465,261599021.02,0.2187,2.5994,1,0
2022-10-26,sh.600025,7.7469531,7.8164325,7.7353732,7.7469531,7.7701129,27759070,186132498.81,0.1542,-0.2981,1,0
2022-10-27,sh.600025,7.7353732,7.7816928,7.6543139,7.6774737,7.7469531,30946994,205801723.9,0.1719,-0.8969,1,0
2022-10-28,sh.600025,7.642734,7.6658938,7.4806154,7.4921953,7.6774737,39235670,255928179.32,0.218,-2.4133,1,0
2022-10-31,sh.600025,7.4458757,7.5037752,7.3416566,7.3763963,7.4921953,29858301,190908234.5,0.1659,-1.5456,1,0
2022-11-01,sh.600025,7.3648164,7.4342958,7.2605973,7.411136,7.3763963,34427409,218406623.0,0.1913,0.471,1,0
2022-11-02,sh.600025,7.3648164,7.5964144,7.3300767,7.5616747,7.411136,27134597,174047432.68,0.1507,2.0313,1,0
2022-11-03,sh.600025,7.5037752,7.5153551,7.4342958,7.4574556,7.5616747,25569458,165006446.27,0.1421,-1.3783,1,0
2022-11-04,sh.600025,7.4574556,7.6543139,7.4342958,7.6311541,7.4574556,24288775,158941735.18,0.1349,2.3292,1,0
2022-11-07,sh.600025,7.6079943,7.7353732,7.5616747,7.7006335,7.6311541,23683940,156295301.88,0.1316,0.9105,1,0
2022-11-08,sh.600025,7.6774737,7.7006335,7.5616747,7.6079943,7.7006335,19718528,129674866.12,0.1095,-1.203,1,0
2022-11-09,sh.600025,7.6195742,7.6195742,7.5037752,7.526935,7.6079943,14084694,91737045.43,0.0782,-1.0654,1,0
2022-11-10,sh.600025,7.5037752,7.5153551,7.3995561,7.4574556,7.526935,19121675,122812728.49,0.1062,-0.9231,1,0
2022-11-11,sh.600025,7.526935,7.5964144,7.5153551,7.5616747,7.4574556,29950720,195418495.71,0.1664,1.3975,1,0
2022-11-14,sh.600025,7.5848345,7.6311541,7.5037752,7.5153551,7.5616747,21166499,138068854.94,0.1176,-0.6126,1,0
2022-11-15,sh.600025,7.5037752,7.5616747,7.4574556,7.5616747,7.5153551,37943865,246270289.75,0.2108,0.6163,1,0
2022-11-16,sh.600025,7.5732546,7.7469531,7.5385149,7.6195742,7.5616747,33272513,220214130.47,0.1848,0.7657,1,0
2022-11-17,sh.600025,7.6079943,7.642734,7.4806154,7.526935,7.6195742,24362227,158715590.72,0.1353,-1.2158,1,0
2022-11-18,sh.600025,7.5385149,7.5500948,7.4690355,7.526935,7.526935,17569610,114047668.45,0.0976,0.0,1,0
2022-11-21,sh.600025,7.4921953,7.5500948,7.4574556,7.5385149,7.526935,14805401,96200070.06,0.0823,0.1538,1,0
2022-11-22,sh.600025,7.526935,7.6658938,7.5153551,7.6311541,7.5385149,21289272,139865035.13,0.1183,1.2289,1,0
2022-11-23,sh.600025,7.6311541,7.8974918,7.6195742,7.8048526,7.6311541,37522272,252536947.78,0.2085,2.2762,1,0
2022-11-24,sh.600025,7.8627521,7.8627521,7.7469531,7.7701129,7.8048526,15943996,107283377.0,0.0886,-0.4451,1,0
2022-11-25,sh.600025,7.7816928,7.874332,7.7237933,7.874332,7.7701129,20755377,140429690.16,0.1153,1.3413,1,0
2022-11-28,sh.600025,7.8164325,7.874332,7.6658938,7.8511722,7.874332,32130008,216495243.02,0.1785,-0.2941,1,0
2022-11-29,sh.600025,7.8280124,7.8859119,7.7932727,7.8164325,7.8511722,22294598,150624296.16,0.1239,-0.4425,1,0
2022-11-30,sh.600025,7.8164325,7.8511722,7.758533,7.8164325,7.8164325,23683642,159637987.12,0.1316,0.0,1,0
2022-12-01,sh.600025,7.8395923,7.8511722,7.7701129,7.8164325,7.8164325,20825511,140626295.41,0.1157,0.0,1,0
2022-12-02,sh.600025,7.8511722,7.8511722,7.7469531,7.7932727,7.8164325,16132483,108544981.43,0.0896,-0.2963,1,0
2022-12-05,sh.600025,7.8048526,7.8974918,7.7932727,7.874332,7.7932727,29794750,202185510.16,0.1655,1.0401,1,0
2022-12-06,sh.600025,7.8859119,7.9090717,7.7816928,7.7932727,7.874332,23290093,157762829.91,0.1294,-1.0294,1,0
2022-12-07,sh.600025,7.7816928,7.8048526,7.7237933,7.758533,7.7932727,20757292,139112438.66,0.1153,-0.4458,1,0
2022-12-08,sh.600025,7.7701129,7.8627521,7.7701129,7.8395923,7.758533,21228222,143695735.5,0.1179,1.0448,1,0
2022-12-09,sh.600025,7.8395923,7.8859119,7.7816928,7.7932727,7.8395923,19574591,132093413.99,0.1087,-0.5908,1,0
2022-12-12,sh.600025,7.7932727,7.8164325,7.7006335,7.7237933,7.7932727,19820439,132695923.92,0.1101,-0.8915,1,0
2022-12-13,sh.600025,7.7122134,7.7701129,7.7006335,7.7353732,7.7237933,8504296,56796719.34,0.0472,0.1499,1,0
2022-12-14,sh.600025,7.7353732,7.7932727,7.7237933,7.7932727,7.7353732,11282645,75652814.46,0.0627,0.7485,1,0
2022-12-15,sh.600025,7.7932727,7.8048526,7.6543139,7.6543139,7.7932727,13355967,88775113.31,0.0742,-1.7831,1,0
2022-12-16,sh.600025,7.6543139,7.7353732,7.6195742,7.6890536,7.6543139,11098585,73664362.53,0.0617,0.4539,1,0
2022-12-19,sh.600025,7.6195742,7.6543139,7.3069169,7.3069169,7.6890536,50771872,325666375.59,0.2821,-4.9699,1,0
2022-12-20,sh.600025,7.295337,7.3069169,7.179538,7.2258576,7.3069169,25064871,156624518.38,0.1392,-1.1094,1,0
2022-12-21,sh.600025,7.2258576,7.3184968,7.2142777,7.2258576,7.2258576,11920544,74718851.37,0.0662,0.0,1,0
2022-12-22,sh.600025,7.2374375,7.295337,7.1216385,7.1679581,7.2258576,21661580,134622742.19,0.1203,-0.8013,1,0
2022-12-23,sh.600025,7.1563782,7.2026978,7.1332184,7.179538,7.1679581,10935813,67794811.47,0.0608,0.1616,1,0
2022-12-26,sh.600025,7.179538,7.3069169,7.1216385,7.3069169,7.179538,14617938,91062427.66,0.0812,1.7742,1,0
2022-12-27,sh.600025,7.295337,7.4921953,7.2605973,7.4921953,7.3069169,18400911,117997641.45,0.1022,2.5357,1,0
2022-12-28,sh.600025,7.4690355,7.6543139,7.411136,7.5732546,7.4921953,27905846,182443004.25,0.155,1.0819,1,0
2022-12-29,sh.600025,7.5153551,7.642734,7.4921953,7.5732546,7.5732546,14446320,94562413.7,0.0803,0.0,1,0
2022-12-30,sh.600025,7.6079943,7.6890536,7.5964144,7.642734,7.5732546,17746011,117095804.68,0.0986,0.9174,1,0
2023-01-03,sh.600025,7.6658938,7.8395923,7.642734,7.8048526,7.642734,27399696,184235856.24,0.1522,2.1212,1,0
2023-01-04,sh.600025,7.8048526,7.8395923,7.7353732,7.8048526,7.8048526,21995479,148104429.46,0.1222,0.0,1,0
2023-01-05,sh.600025,7.8280124,7.8627521,7.758533,7.7932727,7.8048526,18917400,127636805.06,0.1051,-0.1484,1,0
2023-01-06,sh.600025,7.8395923,7.8511722,7.7932727,7.8395923,7.7932727,17267411,116821864.85,0.0959,0.5944,1,0
2023-01-09,sh.600025,7.8280124,7.8511722,7.6890536,7.7122134,7.8395923,20430696,136511240.38,0.1135,-1.6248,1,0
2023-01-10,sh.600025,7.758533,7.7701129,7.6890536,7.7122134,7.7122134,13220956,88083138.97,0.0734,0.0,1,0
2023-01-11,sh.600025,7.7122134,7.7701129,7.7006335,7.7237933,7.7122134,12388034,82788649.4,0.0688,0.1502,1,0
2023-01-12,sh.600025,7.7122134,7.7469531,7.642734,7.6890536,7.7237933,12933129,85868889.57,0.0719,-0.4498,1,0
2023-01-13,sh.600025,7.7237933,7.758533,7.6774737,7.7122134,7.6890536,15805413,105276935.41,0.0878,0.3012,1,0
2023-01-16,sh.600025,7.7122134,7.7816928,7.7006335,7.7469531,7.7122134,24775799,165800728.2,0.1376,0.4505,1,0
2023-01-17,sh.600025,7.758533,7.7701129,7.6890536,7.6890536,7.7469531,16934469,112975024.81,0.0941,-0.7474,1,0
2023-01-18,sh.600025,7.6890536,7.7932727,7.6890536,7.7816928,7.6890536,15982876,107168192.17,0.0888,1.2048,1,0
2023-01-19,sh.600025,7.7932727,8.0017109,7.7469531,7.990131,7.7816928,36714208,251095771.4,0.204,2.6786,1,0
2023-01-20,sh.600025,7.990131,8.0596104,7.9206516,8.0596104,7.990131,36159281,249863503.03,0.2009,0.8696,1,0
2023-01-30,sh.600025,8.0711903,8.0943501,7.7701129,7.7932727,8.0596104,48172578,327621876.88,0.2676,-3.3046,1,0
2023-01-31,sh.600025,7.8164325,7.8164325,7.6890536,7.7353732,7.7932727,24255669,161916006.17,0.1348,-0.7429,1,0
2023-02-01,sh.600025,7.7353732,7.7469531,7.6890536,7.7237933,7.7353732,25546700,170037461.08,0.1419,-0.1497,1,0
2023-02-02,sh.600025,7.7237933,7.758533,7.6890536,7.7353732,7.7237933,21350800,142380847.08,0.1186,0.1499,1,0
2023-02-03,sh.600025,7.7237933,7.7353732,7.6543139,7.7006335,7.7353732,20246474,134438999.83,0.1125,-0.4491,1,0
2023-02-06,sh.600025,7.6658938,7.7469531,7.6543139,7.7006335,7.7006335,16660689,110880578.9,0.0926,0.0,1,0
2023-02-07,sh.600025,7.6890536,7.7469531,7.6774737,7.7469531,7.7006335,18230206,121504454.13,0.1013,0.6015,1,0
2023-02-08,sh.600025,7.7353732,7.7816928,7.7237933,7.7469531,7.7469531,14109999,94412255.0,0.0784,0.0,1,0
2023-02-09,sh.600025,7.758533,7.8395923,7.7469531,7.8280124,7.7469531,15314512,103213791.38,0.0851,1.0463,1,0
2023-02-10,sh.600025,7.8280124,8.0017109,7.8048526,7.9553913,7.8280124,25864265,176544053.13,0.1437,1.6272,1,0
2023-02-13,sh.600025,7.9669712,7.9785511,7.8511722,7.9438114,7.9553913,20812735,142107619.85,0.1156,-0.1456,1,0
2023-02-14,sh.600025,7.9206516,7.9785511,7.8974918,7.9669712,7.9438114,14845646,101784206.81,0.0825,0.2915,1,0
2023-02-15,sh.600025,7.9785511,7.990131,7.874332,7.9669712,7.9669712,21025656,144042422.54,0.1168,0.0,1,0
2023-02-16,sh.600025,7.9438114,8.0480305,7.9090717,7.9553913,7.9669712,25759105,177973463.31,0.1431,-0.1453,1,0
2023-02-17,sh.600025,7.9206516,8.0248707,7.9206516,7.9438114,7.9553913,16322900,112363539.0,0.0907,-0.1456,1,0
2023-02-20,sh.600025,7.9438114,8.0480305,7.9206516,8.0364506,7.9438114,17429800,120269123.0,0.0968,1.1662,1,0
2023-02-21,sh.600025,8.0480305,8.1638295,8.0132908,8.1175099,8.0364506,20010518,140194239.83,0.1112,1.0086,1,0
2023-02-22,sh.600025,8.0943501,8.1985692,8.0827702,8.1522496,8.1175099,20542375,144565897.0,0.1141,0.428,1,0
2023-02-23,sh.600025,8.1522496,8.2333089,8.1290898,8.1638295,8.1522496,18713600,131968711.0,0.104,0.142,1,0
2023-02-24,sh.600025,8.1638295,8.2333089,8.1406697,8.2101491,8.1638295,15989584,113250906.22,0.0888,0.5674,1,0
2023-02-27,sh.600025,8.1869893,8.2912084,8.1754094,8.2333089,8.2101491,23760140,168830286.55,0.132,0.2821,1,0
2023-02-28,sh.600025,8.2333089,8.2680486,8.1985692,8.221729,8.2333089,18066319,128273050.51,0.1004,-0.1406,1,0
2023-03-01,sh.600025,8.2333089,8.2796285,8.221729,8.2796285,8.221729,18269033,130305100.52,0.1015,0.7042,1,0
2023-03-02,sh.600025,8.2796285,8.3259481,8.2448888,8.3143682,8.2796285,16970289,121532284.17,0.0943,0.4196,1,0
2023-03-03,sh.600025,8.3143682,8.4764868,8.3027883,8.453327,8.3143682,22153429,161111780.1,0.1231,1.6713,1,0
2023-03-06,sh.600025,8.453327,8.4880667,8.3722677,8.4070074,8.453327,21141379,153906954.37,0.1175,-0.5479,1,0
2023-03-07,sh.600025,8.4070074,8.5112265,8.3954275,8.4417471,8.4070074,17243348,125943741.49,0.0958,0.4132,1,0
2023-03-08,sh.600025,8.3954275,8.4301672,8.337528,8.3838476,8.4417471,19889767,143901583.55,0.1105,-0.6859,1,0
2023-03-09,sh.600025,8.3838476,8.4185873,8.2796285,8.2912084,8.3838476,18255054,131632863.01,0.1014,-1.105,1,0
2023-03-10,sh.600025,8.3143682,8.3143682,8.1754094,8.2448888,8.2912084,16428347,117131659.6,0.0913,-0.5587,1,0
2023-03-13,sh.600025,8.2333089,8.3722677,8.221729,8.3491079,8.2448888,16936649,121828082.31,0.0941,1.264,1,0
2023-03-14,sh.600025,8.3606878,8.453327,8.3143682,8.3954275,8.3491079,14690800,106610958.0,0.0816,0.5548,1,0
2023-03-15,sh.600025,8.4070074,8.4649069,8.3722677,8.4417471,8.3954275,13060764,95069423.0,0.0726,0.5517,1,0
2023-03-16,sh.600025,8.4070074,8.5112265,8.3491079,8.4417471,8.4417471,16026595,117138356.5,0.089,0.0,1,0
2023-03-17,sh.600025,8.453327,8.5112265,8.337528,8.3838476,8.4417471,18904955,137612126.52,0.105,-0.6859,1,0
2023-03-20,sh.600025,8.3722677,8.6501853,8.221729,8.337528,8.3838476,42134798,307843107.36,0.2341,-0.5525,1,0
2023-03-21,sh.600025,8.337528,8.4301672,8.1754094,8.1985692,8.337528,34465364,246172931.92,0.1915,-1.6667,1,0
2023-03-22,sh.600025,8.2333089,8.2796285,8.1638295,8.1754094,8.1985692,23358327,165687526.94,0.1298,-0.2825,1,0
2023-03-23,sh.600025,8.1754094,8.1985692,8.0364506,8.0827702,8.1754094,22595986,157738200.9,0.1255,-1.1331,1,0
2023-03-24,sh.600025,8.0827702,8.1290898,8.0132908,8.0248707,8.0827702,17578814,122548757.86,0.0977,-0.7163,1,0
2023-03-27,sh.600025,8.0132908,8.0480305,7.9322315,8.0017109,8.0248707,21291116,147201990.0,0.1183,-0.2886,1,0
2023-03-28,sh.600025,7.9785511,8.10593,7.9785511,8.0480305,8.0017109,17555896,122091508.01,0.0975,0.5789,1,0
2023-03-29,sh.600025,8.0364506,8.0711903,7.9553913,7.9785511,8.0480305,13517682,93340851.42,0.0751,-0.8633,1,0
2023-03-30,sh.600025,7.9785511,8.1869893,7.9785511,8.1754094,7.9785511,24813836,173949039.02,0.1379,2.4673,1,0
2023-03-31,sh.600025,8.1406697,8.2448888,8.1406697,8.1869893,8.1754094,21939488,155443257.88,0.1219,0.1416,1,0
2023-04-03,sh.600025,8.1754094,8.2101491,7.9785511,8.0248707,8.1869893,32538869,226555125.76,0.1808,-1.9802,1,0
2023-04-04,sh.600025,8.0248707,8.0943501,8.0017109,8.0711903,8.0248707,14941932,103965919.8,0.083,0.5772,1,0
2023-04-06,sh.600025,8.0132908,8.0480305,7.9669712,8.0017109,8.0711903,18221007,125941945.46,0.1012,-0.8608,1,0
2023-04-07,sh.600025,8.0017109,8.0248707,7.9206516,7.9438114,8.0017109,20277571,139202855.35,0.1127,-0.7236,1,0
2023-04-10,sh.600025,7.9553913,7.9669712,7.8627521,7.9669712,7.9438114,24393903,166711015.43,0.1355,0.2915,1,0
2023-04-11,sh.600025,7.9669712,7.9785511,7.8627521,7.8859119,7.9669712,25903634,176781591.18,0.1439,-1.0174,1,0
2023-04-12,sh.600025,7.8974918,7.990131,7.8859119,7.9785511,7.8859119,27928026,191314901.59,0.1552,1.1747,1,0
2023-04-13,sh.600025,7.9785511,8.0827702,7.9553913,8.0364506,7.9785511,27215490,188388366.52,0.1512,0.7257,1,0
2023-04-14,sh.600025,8.0017109,8.0711903,7.990131,8.0364506,8.0364506,25618098,177779430.14,0.1423,0.0,1,0
2023-04-17,sh.600025,8.0596104,8.2796285,7.9553913,8.2564687,8.0364506,32007631,226565176.12,0.1778,2.7378,1,0
2023-04-18,sh.600025,8.2564687,8.2680486,8.1522496,8.1869893,8.2564687,15988000,113233003.04,0.0888,-0.8415,1,0
2023-04-19,sh.600025,8.1869893,8.2564687,8.1406697,8.1522496,8.1869893,13730603,97096610.15,0.0763,-0.4243,1,0
2023-04-20,sh.600025,8.1638295,8.1869893,8.0596104,8.1290898,8.1522496,13380566,93681228.2,0.0743,-0.2841,1,0
2023-04-21,sh.600025,8.10593,8.2448888,8.0827702,8.10593,8.1290898,21995432,155302570.69,0.1222,-0.2849,1,0
2023-04-24,sh.600025,8.10593,8.1290898,7.9206516,7.9438114,8.10593,29242057,202221225.14,0.1625,-2.0,1,0
2023-04-25,sh.600025,7.9438114,8.0480305,7.9206516,8.0132908,7.9438114,18843466,130024841.74,0.1047,0.8746,1,0
2023-04-26,sh.600025,7.990131,8.0364506,7.9438114,7.9438114,8.0132908,15698351,108150369.78,0.0872,-0.8671,1,0
2023-04-27,sh.600025,7.990131,8.0943501,7.9322315,8.0943501,7.9438114,19643704,136204239.3,0.1091,1.895,1,0
2023-04-28,sh.600025,8.10593,8.1406697,8.0364506,8.0480305,8.0943501,20165596,140391062.27,0.112,-0.5722,1,0
2023-05-04,sh.600025,8.0364506,8.3143682,8.0132908,8.2912084,8.0480305,36524791,259980883.63,0.2029,3.0216,1,0
2023-05-05,sh.600025,8.2912084,8.337528,8.1869893,8.2333089,8.2912084,21929543,156169147.48,0.1218,-0.6983,1,0
2023-05-08,sh.600025,8.2101491,8.4185873,8.1985692,8.3491079,8.2333089,25276460,181701559.0,0.1404,1.4065,1,0
2023-05-09,sh.600025,8.3606878,8.4880667,8.2333089,8.2680486,8.3491079,31337468,226337598.96,0.1741,-0.9709,1,0
2023-05-10,sh.600025,8.3027883,8.3838476,8.1985692,8.2333089,8.2680486,18590600,132749174.44,0.1033,-0.4202,1,0
2023-05-11,sh.600025,8.337528,9.0439019,8.3143682,8.6617652,8.2333089,74086483,558121360.4,0.4116,5.2039,1,0
2023-05-12,sh.600025,8.6617652,8.8470436,8.5459662,8.7196647,8.6617652,43872634,330366037.63,0.2437,0.6684,1,0
2023-05-15,sh.600025,8.7312446,8.8354637,8.5112265,8.569126,8.7196647,29504283,219439336.33,0.1639,-1.7264,1,0
2023-05-16,sh.600025,8.6038657,8.6965049,8.5343863,8.5922858,8.569126,19919378,148096476.44,0.1107,0.2703,1,0
2023-05-17,sh.600025,8.569126,8.6154456,8.4649069,8.5459662,8.5922858,21379597,157432421.47,0.1188,-0.5391,1,0
2023-05-18,sh.600025,8.5575461,8.6038657,8.4880667,8.5459662,8.5459662,20393740,150401261.68,0.1133,0.0,1,0
2023-05-19,sh.600025,8.5459662,8.5459662,8.4417471,8.4417471,8.5459662,13464769,98690258.87,0.0748,-1.2195,1,0
2023-05-22,sh.600025,8.4417471,8.7891441,8.337528,8.7312446,8.4417471,43769470,328505594.19,0.2432,3.4294,1,0
2023-05-23,sh.600025,8.7428245,8.7891441,8.6965049,8.7312446,8.7312446,27654900,208684450.52,0.1536,0.0,1,0
2023-05-24,sh.600025,8.7080848,8.7080848,8.5575461,8.5575461,8.7312446,15947988,118463052.2,0.0886,-1.9894,1,0
2023-05-25,sh.600025,8.5575461,8.6154456,8.4996466,8.569126,8.5575461,14028881,103517320.17,0.0779,0.1353,1,0
2023-05-26,sh.600025,8.6038657,8.6965049,8.5459662,8.569126,8.569126,10536749,78196644.9,0.0585,0.0,1,0
2023-05-29,sh.600025,8.5575461,8.8933632,8.5459662,8.8123039,8.569126,32554650,246029485.74,0.1809,2.8378,1,0
2023-05-30,sh.600025,8.8586235,8.9049431,8.7428245,8.800724,8.8123039,20249483,154125767.11,0.1125,-0.1314,1,0
2023-05-31,sh.600025,8.9049431,8.9744225,8.6154456,8.684925,8.800724,19772969,149346348.75,0.1098,-1.3158,1,0
2023-06-01,sh.600025,8.684925,8.7312446,8.4417471,8.453327,8.684925,32130830,236992005.03,0.1785,-2.6667,1,0
2023-06-02,sh.600025,8.4649069,8.4996466,8.3838476,8.4185873,8.453327,18014142,131030674.49,0.1001,-0.411,1,0
2023-06-05,sh.600025,8.4185873,8.5459662,8.3722677,8.4417471,8.4185873,16808119,122614498.82,0.0934,0.2751,1,0
2023-06-06,sh.600025,8.4417471,8.5228064,8.3954275,8.3954275,8.4417471,16988323,123948975.99,0.0944,-0.5487,1,0
2023-06-07,sh.600025,8.4301672,8.453327,8.3491079,8.3722677,8.3954275,11279446,81782521.57,0.0627,-0.2759,1,0
2023-06-08,sh.600025,8.3491079,8.5807059,8.3491079,8.5228064,8.3722677,15563740,114186586.17,0.0865,1.7981,1,0
2023-06-09,sh.600025,8.4996466,8.800724,8.4996466,8.7428245,8.5228064,28252025,211437779.74,0.157,2.5815,1,0
2023-06-12,sh.600025,8.7428245,8.916523,8.5343863,8.5459662,8.7428245,20659696,154678567.94,0.1148,-2.2517,1,0
2023-06-13,sh.600025,8.569126,8.5807059,8.3606878,8.3954275,8.5459662,21760091,158452746.67,0.1209,-1.7615,1,0
2023-06-14,sh.600025,8.4185873,8.453327,8.2796285,8.2912084,8.3954275,25725270,185207824.62,0.1429,-1.2414,1,0
2023-06-15,sh.600025,8.2912084,8.3491079,8.2448888,8.3259481,8.2912084,11627203,83301364.57,0.0646,0.419,1,0
2023-06-16,sh.600025,8.3259481,8.3606878,8.10593,8.1522496,8.3259481,48501388,342740716.82,0.2695,-2.0862,1,0
2023-06-19,sh.600025,8.2353163,8.36584725,8.19971695,8.306515,8.15225115,20116841,140596806.89,0.1118,1.8923,1,0
2023-06-20,sh.600025,8.306515,8.3302479,8.24718275,8.29464855,8.306515,11326464,79105947.42,0.0629,-0.1429,1,0
2023-06-21,sh.600025,8.29464855,8.4726453,8.2115834,8.29464855,8.29464855,22554405,158791997.45,0.1253,0.0,1,0
2023-06-26,sh.600025,8.2827821,8.3777137,8.2590492,8.36584725,8.29464855,20158405,141582854.24,0.112,0.8584,1,0
2023-06-27,sh.600025,8.3777137,8.38958015,8.22344985,8.306515,8.36584725,17517020,122502790.37,0.0973,-0.7092,1,0
2023-06-28,sh.600025,8.306515,8.5201111,8.2827821,8.50824465,8.306515,23622081,168042357.15,0.1312,2.4286,1,0
2023-06-29,sh.600025,8.50824465,8.5913098,8.4489124,8.53197755,8.50824465,15692120,112837247.75,0.0872,0.2789,1,0
2023-06-30,sh.600025,8.57944335,8.6150427,8.4251795,8.46077885,8.53197755,14861387,106067776.3,0.0826,-0.8345,1,0
2023-07-03,sh.600025,8.46077885,8.5201111,8.4489124,8.48451175,8.46077885,9782495,69959573.25,0.0543,0.2805,1,0
2023-07-04,sh.600025,8.48451175,8.4963782,8.34211435,8.38958015,8.48451175,15458427,109290749.36,0.0859,-1.1189,1,0
2023-07-05,sh.600025,8.31838145,8.48451175,8.306515,8.3539808,8.38958015,17133400,120973649.0,0.0952,-0.4243,1,0
2023-07-06,sh.600025,8.34211435,8.4014466,8.24718275,8.29464855,8.3539808,16739960,117180862.9,0.093,-0.7102,1,0
2023-07-07,sh.600025,8.29464855,8.3777137,8.2827821,8.3302479,8.29464855,9525473,66804320.99,0.0529,0.4292,1,0
2023-07-10,sh.600025,8.3302479,8.4726453,8.29464855,8.34211435,8.3302479,12249595,86133811.9,0.0681,0.1425,1,0
2023-07-11,sh.600025,8.3302479,8.34211435,8.27091565,8.29464855,8.34211435,8912730,62355865.7,0.0495,-0.569,1,0
2023-07-12,sh.600025,8.306515,8.3302479,8.2590492,8.27091565,8.29464855,11756438,82090892.86,0.0653,-0.2861,1,0
2023-07-13,sh.600025,8.27091565,8.3539808,8.2590492,8.3302479,8.27091565,12359052,86761119.38,0.0687,0.7174,1,0
2023-07-14,sh.600025,8.31838145,8.36584725,8.29464855,8.306515,8.3302479,10880469,76329160.0,0.0604,-0.2849,1,0
2023-07-17,sh.600025,8.31838145,8.3539808,8.29464855,8.34211435,8.306515,7376400,51710179.0,0.041,0.4286,1,0
2023-07-18,sh.600025,8.34211435,8.38958015,8.306515,8.34211435,8.34211435,9058748,63706102.95,0.0503,0.0,1,0
2023-07-19,sh.600025,8.3539808,8.36584725,8.3302479,8.3539808,8.34211435,9115401,64132576.04,0.0506,0.1422,1,0
2023-07-20,sh.600025,8.3539808,8.4014466,8.31838145,8.34211435,8.3539808,9728400,68466769.0,0.054,-0.142,1,0
2023-07-21,sh.600025,8.34211435,8.3539808,8.29464855,8.29464855,8.34211435,10008182,70170011.86,0.0556,-0.569,1,0
2023-07-24,sh.600025,8.306515,8.3302479,8.27091565,8.306515,8.29464855,8269278,57857427.83,0.0459,0.1431,1,0
2023-07-25,sh.600025,8.31838145,8.3539808,8.17598405,8.19971695,8.306515,33063074,229318385.38,0.1837,-1.2857,1,0
2023-07-26,sh.600025,8.22344985,8.29464855,8.17598405,8.2590492,8.19971695,17560529,121881003.91,0.0976,0.7236,1,0
2023-07-27,sh.600025,8.24718275,8.3302479,8.2353163,8.27091565,8.2590492,11254278,78649902.24,0.0625,0.1437,1,0
2023-07-28,sh.600025,8.2827821,8.306515,8.24718275,8.29464855,8.27091565,14928459,104180756.01,0.0829,0.2869,1,0
2023-07-31,sh.600025,8.29464855,8.38958015,8.27091565,8.3302479,8.29464855,17771486,124902772.95,0.0987,0.4292,1,0
2023-08-01,sh.600025,8.3539808,8.4251795,8.31838145,8.41331305,8.3302479,20609451,145598124.33,0.1145,0.9972,1,0
2023-08-02,sh.600025,8.41331305,8.4251795,8.3302479,8.36584725,8.41331305,15729642,110979114.62,0.0874,-0.5642,1,0
2023-08-03,sh.600025,8.3539808,8.4014466,8.3302479,8.3777137,8.36584725,8789640,62008330.36,0.0488,0.1418,1,0
2023-08-04,sh.600025,8.4251795,8.4726453,8.38958015,8.38958015,8.3777137,13159999,93388800.94,0.0731,0.1416,1,0
2023-08-07,sh.600025,8.38958015,8.4489124,8.3302479,8.43704595,8.38958015,15045340,106559970.83,0.0836,0.5658,1,0
2023-08-08,sh.600025,8.4251795,8.543844,8.41331305,8.46077885,8.43704595,12420200,88648972.0,0.069,0.2813,1,0
2023-08-09,sh.600025,8.46077885,8.4726453,8.4014466,8.43704595,8.46077885,12578500,89349827.0,0.0699,-0.2805,1,0
2023-08-10,sh.600025,8.43704595,8.4726453,8.4014466,8.4726453,8.43704595,9508614,67707986.68,0.0528,0.4219,1,0
2023-08-11,sh.600025,8.4726453,8.48451175,8.3539808,8.36584725,8.4726453,10204509,72304269.36,0.0567,-1.2605,1,0
2023-08-14,sh.600025,8.3302479,8.41331305,8.2827821,8.38958015,8.36584725,17702609,124497279.91,0.0983,0.2837,1,0
2023-08-15,sh.600025,8.4014466,8.7099743,8.38958015,8.6150427,8.38958015,36439271,263590310.63,0.2024,2.6874,1,0
2023-08-16,sh.600025,8.5913098,8.67437495,8.55571045,8.57944335,8.6150427,13237519,95941178.34,0.0735,-0.4132,1,0
2023-08-17,sh.600025,8.55571045,8.57944335,8.46077885,8.5201111,8.57944335,16501000,118175875.01,0.0917,-0.6916,1,0
2023-08-18,sh.600025,8.5201111,8.72184075,8.5201111,8.60317625,8.5201111,20560550,149820697.59,0.1142,0.9749,1,0
2023-08-21,sh.600025,8.60317625,8.67437495,8.543844,8.6150427,8.60317625,17821057,129508005.94,0.099,0.1379,1,0
2023-08-22,sh.600025,8.5913098,8.62690915,8.53197755,8.60317625,8.6150427,16243870,117393221.78,0.0902,-0.1377,1,0
2023-08-23,sh.600025,8.5913098,8.69810785,8.5913098,8.60317625,8.60317625,17348048,126358641.04,0.0964,0.0,1,0
2023-08-24,sh.600025,8.5913098,8.60317625,8.48451175,8.53197755,8.60317625,18293432,131346746.32,0.1016,-0.8276,1,0
2023-08-25,sh.600025,8.50824465,8.6625085,8.48451175,8.60317625,8.53197755,16123012,116861179.65,0.0896,0.8345,1,0
2023-08-28,sh.600025,8.781173,8.8286388,8.5201111,8.5675769,8.60317625,30212502,219511680.25,0.1678,-0.4138,1,0
2023-08-29,sh.600025,8.5675769,8.60317625,8.46077885,8.48451175,8.5675769,23849169,171084561.81,0.1325,-0.9695,1,0
2023-08-30,sh.600025,8.50824465,8.65064205,8.4963782,8.5201111,8.48451175,19143567,137914238.57,0.1064,0.4196,1,0
2023-08-31,sh.600025,8.5201111,8.6387756,8.50824465,8.60317625,8.5201111,16759126,121110222.78,0.0931,0.9749,1,0
2023-09-01,sh.600025,8.60317625,8.6387756,8.5201111,8.62690915,8.60317625,15327388,110909379.11,0.0852,0.2759,1,0
2023-09-04,sh.600025,8.6150427,8.6862414,8.55571045,8.6387756,8.62690915,23119053,167945533.34,0.1284,0.1376,1,0
2023-09-05,sh.600025,8.6387756,8.8286388,8.6150427,8.79303945,8.6387756,32142870,236971611.89,0.1786,1.7857,1,0
2023-09-06,sh.600025,8.781173,8.84050525,8.7337072,8.7574401,8.79303945,15599194,115390343.84,0.0867,-0.4049,1,0
2023-09-07,sh.600025,8.81677235,8.8761046,8.6625085,8.6625085,8.7574401,23112400,169999980.0,0.1284,-1.084,1,0
2023-09-08,sh.600025,8.6625085,8.7337072,8.65064205,8.6625085,8.6625085,11882035,86891273.58,0.066,0.0,1,0
2023-09-11,sh.600025,8.67437495,8.74557365,8.6625085,8.72184075,8.6625085,13526180,99414840.96,0.0751,0.6849,1,0
2023-09-12,sh.600025,8.7099743,8.81677235,8.7099743,8.7574401,8.72184075,13612330,100538308.44,0.0756,0.4082,1,0
2023-09-13,sh.600025,8.7574401,8.81677235,8.7337072,8.79303945,8.7574401,13393761,99119594.77,0.0744,0.4065,1,0
2023-09-14,sh.600025,8.8049059,9.00663555,8.7574401,8.9710362,8.79303945,40775036,307153358.08,0.2265,2.0243,1,0
2023-09-15,sh.600025,8.95916975,8.9710362,8.8286388,8.8523717,8.9710362,21470918,160673659.28,0.1193,-1.3228,1,0
2023-09-18,sh.600025,8.86423815,8.8761046,8.6862414,8.81677235,8.8523717,26175243,193423355.3,0.1454,-0.4021,1,0
2023-09-19,sh.600025,8.79303945,8.88797105,8.76930655,8.88797105,8.81677235,16240972,121100698.1,0.0902,0.8075,1,0
2023-09-20,sh.600025,8.88797105,8.91170395,8.8286388,8.8761046,8.88797105,10204384,76386533.48,0.0567,-0.1335,1,0
2023-09-21,sh.600025,8.91170395,8.91170395,8.76930655,8.781173,8.8761046,15743464,116990144.24,0.0875,-1.0695,1,0
2023-09-22,sh.600025,8.81677235,8.84050525,8.7337072,8.7574401,8.781173,19405052,143266061.72,0.1078,-0.2703,1,0
2023-09-25,sh.600025,8.76930655,8.86423815,8.7574401,8.8049059,8.7574401,17804835,132293996.75,0.0989,0.542,1,0
2023-09-26,sh.600025,8.8286388,8.8761046,8.8049059,8.8286388,8.8049059,8203698,61125671.11,0.0456,0.2695,1,0
2023-09-27,sh.600025,8.8523717,8.88797105,8.79303945,8.86423815,8.8286388,17764916,132302810.32,0.0987,0.4032,1,0
2023-09-28,sh.600025,8.8523717,8.88797105,8.79303945,8.8049059,8.86423815,13691683,101828875.72,0.0761,-0.6693,1,0
2023-10-09,sh.600025,8.8049059,9.018502,8.781173,8.9473033,8.8049059,24069315,180847441.12,0.1337,1.6173,1,0
2023-10-10,sh.600025,8.93543685,8.9947691,8.8998375,8.95916975,8.9473033,15889033,119808255.61,0.0883,0.1326,1,0
2023-10-11,sh.600025,8.9473033,9.018502,8.86423815,8.8761046,8.95916975,15353831,115512184.57,0.0853,-0.9272,1,0
2023-10-12,sh.600025,8.88797105,8.93543685,8.8761046,8.8761046,8.8761046,9775733,73291628.84,0.0543,0.0,1,0
2023-10-13,sh.600025,8.88797105,8.9473033,8.8761046,8.93543685,8.8761046,11525138,86554278.38,0.064,0.6684,1,0
2023-10-16,sh.600025,8.91170395,9.03036845,8.8998375,9.018502,8.93543685,22029202,167132012.15,0.1224,0.9296,1,0
2023-10-17,sh.600025,9.03036845,9.12530005,9.018502,9.10156715,9.018502,20647702,157985537.37,0.1147,0.9211,1,0
2023-10-18,sh.600025,9.10156715,9.1846323,9.05410135,9.05410135,9.10156715,18652418,143390302.35,0.1036,-0.5215,1,0
2023-10-19,sh.600025,9.0659678,9.1371665,8.9473033,9.0422349,9.05410135,26101268,199083837.74,0.145,-0.1311,1,0
2023-10-20,sh.600025,9.0659678,9.0897007,8.9235704,8.95916975,9.0422349,22671708,171868897.57,0.126,-0.9186,1,0
2023-10-23,sh.600025,8.9473033,8.9947691,8.8049059,8.84050525,8.95916975,17759700,133462863.65,0.0987,-1.3245,1,0
2023-10-24,sh.600025,8.88797105,9.0422349,8.76930655,9.018502,8.84050525,21228438,159309478.04,0.1179,2.0134,1,0
2023-10-25,sh.600025,9.0422349,9.05410135,8.69810785,8.7574401,9.018502,39732122,294929366.52,0.2207,-2.8947,1,0
2023-10-26,sh.600025,8.74557365,8.9710362,8.7337072,8.93543685,8.7574401,25013982,187425887.64,0.139,2.0325,1,0
2023-10-27,sh.600025,8.95916975,9.07783425,8.8998375,8.93543685,8.93543685,19936028,151043048.87,0.1108,0.0,1,0
2023-10-30,sh.600025,8.95916975,9.14903295,8.9235704,8.98290265,8.93543685,27188969,206198708.25,0.151,0.5312,1,0
2023-10-31,sh.600025,8.98290265,9.1608994,8.9473033,9.1134336,8.98290265,29299229,224136108.53,0.1628,1.4531,1,0
2023-11-01,sh.600025,9.12530005,9.33889615,9.0897007,9.26769745,9.1134336,42936410,334535223.34,0.2385,1.6927,1,0
2023-11-02,sh.600025,9.26769745,9.31516325,9.22023165,9.29143035,9.26769745,22968189,179565183.34,0.1276,0.2561,1,0
2023-11-03,sh.600025,9.29143035,9.3982284,9.2320981,9.255831,9.29143035,22746950,178148618.16,0.1264,-0.3831,1,0
2023-11-06,sh.600025,9.26769745,9.3032968,9.10156715,9.1371665,9.255831,28263159,218388122.93,0.157,-1.2821,1,0
2023-11-07,sh.600025,9.1371665,9.3032968,9.1134336,9.24396455,9.1371665,16320248,127090211.75,0.0907,1.1688,1,0
2023-11-08,sh.600025,9.2320981,9.3744955,9.17276585,9.26769745,9.24396455,19448691,151853188.0,0.108,0.2567,1,0
2023-11-09,sh.600025,9.26769745,9.3744955,9.2083652,9.3507626,9.26769745,16846214,132349382.46,0.0936,0.8963,1,0
2023-11-10,sh.600025,9.3507626,9.43382775,9.2795639,9.41009485,9.3507626,20806606,164240401.89,0.1156,0.6345,1,0
2023-11-13,sh.600025,9.3982284,9.4219613,9.2795639,9.41009485,9.41009485,19687523,155163393.24,0.1094,0.0,1,0
2023-11-14,sh.600025,9.38636195,9.5406258,9.3507626,9.43382775,9.41009485,26679725,212013741.75,0.1482,0.2522,1,0
2023-11-15,sh.600025,9.4456942,9.55249225,9.43382775,9.5406258,9.43382775,21349903,170859381.9,0.1186,1.1321,1,0
2023-11-16,sh.600025,9.5406258,9.67115675,9.5168929,9.6118245,9.5406258,23907602,193609895.92,0.1328,0.7463,1,0
2023-11-17,sh.600025,9.59995805,9.6118245,9.49316,9.55249225,9.6118245,22922242,184456436.98,0.1273,-0.6173,1,0
2023-11-20,sh.600025,9.55249225,9.6355574,9.50502645,9.57622515,9.55249225,23435773,189019241.22,0.1302,0.2484,1,0
2023-11-21,sh.600025,9.57622515,9.6118245,9.52875935,9.5643587,9.57622515,14875000,119914019.0,0.0826,-0.1239,1,0
2023-11-22,sh.600025,9.59995805,9.6830232,9.55249225,9.6355574,9.5643587,24104904,195695369.4,0.1339,0.7444,1,0
2023-11-23,sh.600025,9.6592903,9.6592903,9.5406258,9.5880916,9.6355574,15624653,126189252.65,0.0868,-0.4926,1,0
2023-11-24,sh.600025,9.5880916,9.6830232,9.5406258,9.59995805,9.5880916,26189330,212078059.15,0.1455,0.1238,1,0
2023-11-27,sh.600025,9.5643587,9.59995805,9.50502645,9.55249225,9.59995805,27485077,220909475.74,0.1527,-0.4944,1,0
2023-11-28,sh.600025,9.5406258,9.6830232,9.4456942,9.6592903,9.55249225,32633154,263467251.41,0.1813,1.118,1,0
2023-11-29,sh.600025,9.67115675,9.81355415,9.64742385,9.76608835,9.6592903,25098006,206565171.31,0.1394,1.1057,1,0
2023-11-30,sh.600025,9.7779548,9.9203522,9.74235545,9.8966193,9.76608835,24767971,205426387.43,0.1376,1.3366,1,0
2023-12-01,sh.600025,9.93221865,10.00341735,9.8254206,9.9203522,9.8966193,41610860,346836321.68,0.2312,0.2398,1,0
2023-12-04,sh.600025,9.9203522,9.95595155,9.8016877,9.8728864,9.9203522,24022105,199797372.41,0.1335,-0.4785,1,0
2023-12-05,sh.600025,9.86101995,10.0390167,9.8491535,9.8966193,9.8728864,28331937,237729799.68,0.1574,0.2404,1,0
2023-12-06,sh.600025,9.86101995,9.93221865,9.76608835,9.90848575,9.8966193,25738169,213948075.75,0.143,0.1199,1,0
2023-12-07,sh.600025,9.90848575,10.0627496,9.8728864,10.0152838,9.90848575,24661953,207422493.15,0.137,1.0778,1,0
2023-12-08,sh.600025,10.0152838,10.1339483,9.95595155,10.1102154,10.0152838,32719051,277847126.93,0.1818,0.9479,1,0
2023-12-11,sh.600025,10.07461605,10.1576812,9.97968445,10.12208185,10.1102154,37399327,317962195.73,0.2078,0.1174,1,0
2023-12-12,sh.600025,10.0864825,10.3238115,10.07461605,10.28821215,10.12208185,36551900,315311410.32,0.2031,1.6413,1,0
2023-12-13,sh.600025,10.28821215,10.38314375,10.21701345,10.24074635,10.28821215,26028254,226019908.73,0.1446,-0.4614,1,0
2023-12-14,sh.600025,10.2288799,10.31194505,10.0864825,10.26447925,10.24074635,33173436,285453368.04,0.1843,0.2317,1,0
2023-12-15,sh.600025,10.2526128,10.33567795,10.16954765,10.16954765,10.26447925,27229564,235078532.79,0.1513,-0.9249,1,0
2023-12-18,sh.600025,10.1576812,10.24074635,10.09834895,10.1814141,10.16954765,28619900,245240826.0,0.159,0.1167,1,0
2023-12-19,sh.600025,10.16954765,10.31194505,10.1339483,10.28821215,10.1814141,27618086,238788838.18,0.1534,1.049,1,0
2023-12-20,sh.600025,10.2526128,10.38314375,10.24074635,10.26447925,10.28821215,20554333,178708682.77,0.1142,-0.2307,1,0
2023-12-21,sh.600025,10.28821215,10.3238115,10.16954765,10.2763457,10.26447925,23701378,204461194.54,0.1317,0.1156,1,0
2023-12-22,sh.600025,10.2763457,10.3712773,10.2288799,10.3475444,10.2763457,24216275,210778645.91,0.1345,0.6928,1,0
2023-12-25,sh.600025,10.3475444,10.54927405,10.2763457,10.54927405,10.3475444,25698712,225686328.78,0.1428,1.9495,1,0
2023-12-26,sh.600025,10.52554115,10.6086063,10.4899418,10.5374076,10.54927405,27833800,247570644.0,0.1546,-0.1125,1,0
2023-12-27,sh.600025,10.5374076,10.679805,10.50180825,10.6560721,10.5374076,27682700,247310493.0,0.1538,1.1261,1,0
2023-12-28,sh.600025,10.69167145,10.7272708,10.1339483,10.2763457,10.6560721,90049755,781985045.88,0.5003,-3.5635,1,0
2023-12-29,sh.600025,10.205147,10.31194505,10.0864825,10.24074635,10.2763457,40921078,351841482.12,0.2273,-0.3464,1,0
2024-01-02,sh.600025,10.205147,10.50180825,10.1814141,10.4899418,10.24074635,35756049,313272030.45,0.1986,2.4334,1,0
2024-01-03,sh.600025,10.47807535,10.5848734,10.3950102,10.57300695,10.4899418,27920360,247288119.07,0.1551,0.7919,1,0
2024-01-04,sh.600025,10.5136747,10.6323392,10.45434245,10.5611405,10.57300695,20679000,183593749.0,0.1149,-0.1122,1,0
2024-01-05,sh.600025,10.52554115,10.62047275,10.4662089,10.4899418,10.5611405,24794975,220391062.75,0.1377,-0.6742,1,0
2024-01-08,sh.600025,10.4899418,10.5136747,10.3000786,10.38314375,10.4899418,34473236,301562997.04,0.1915,-1.0181,1,0
2024-01-09,sh.600025,10.35941085,10.35941085,9.9915509,10.2288799,10.38314375,51355809,439446507.64,0.2853,-1.4857,1,0
2024-01-10,sh.600025,10.1814141,10.35941085,10.07461605,10.1814141,10.2288799,36675301,314551861.6,0.2038,-0.464,1,0
2024-01-11,sh.600025,10.1814141,10.1814141,9.97968445,10.02715025,10.1814141,35301780,299603187.35,0.1961,-1.5152,1,0
2024-01-12,sh.600025,10.00341735,10.21701345,9.9915509,10.16954765,10.02715025,30291472,259119293.44,0.1683,1.4201,1,0
2024-01-15,sh.600025,10.19328055,10.3238115,10.12208185,10.28821215,10.16954765,31453052,271829568.3,0.1747,1.1669,1,0
2024-01-16,sh.600025,10.2763457,10.3712773,10.24074635,10.3475444,10.28821215,22573773,196244668.45,0.1254,0.5767,1,0
2024-01-17,sh.600025,10.31194505,10.40687665,10.2288799,10.24074635,10.3475444,18473123,160766167.52,0.1026,-1.0321,1,0
2024-01-18,sh.600025,10.21701345,10.21701345,9.8254206,10.16954765,10.24074635,45783000,386881565.32,0.2544,-0.6952,1,0
2024-01-19,sh.600025,10.1339483,10.26447925,10.05088315,10.09834895,10.16954765,25335761,216567840.29,0.1408,-0.7001,1,0
2024-01-22,sh.600025,10.05088315,10.14581475,9.81355415,9.86101995,10.09834895,32126176,270392502.53,0.1785,-2.3502,1,0
2024-01-23,sh.600025,9.8491535,10.05088315,9.7067561,10.00341735,9.86101995,29053673,241911299.39,0.1614,1.444,1,0
2024-01-24,sh.600025,10.0152838,10.19328055,9.9915509,10.19328055,10.00341735,31231418,266144953.52,0.1735,1.898,1,0
2024-01-25,sh.600025,10.19328055,10.3000786,10.14581475,10.2763457,10.19328055,26896141,231869032.71,0.1494,0.8149,1,0
2024-01-26,sh.600025,10.2763457,10.35941085,10.205147,10.3475444,10.2763457,30745249,266700674.04,0.1708,0.6928,1,0
2024-01-29,sh.600025,10.3475444,10.6323392,10.3475444,10.4662089,10.3475444,37121015,328883337.2,0.2062,1.1468,1,0
2024-01-30,sh.600025,10.45434245,10.5136747,10.31194505,10.3475444,10.4662089,25546529,224130599.05,0.1419,-1.1338,1,0
2024-01-31,sh.600025,10.3475444,10.47807535,10.26447925,10.3712773,10.3475444,34344931,300656969.34,0.1908,0.2294,1,0
2024-02-01,sh.600025,10.35941085,10.4899418,10.26447925,10.3712773,10.3712773,34764488,304577816.6,0.1931,0.0,1,0
2024-02-02,sh.600025,10.3712773,10.62047275,10.33567795,10.52554115,10.3712773,46246800,409204493.49,0.2569,1.4874,1,0
2024-02-05,sh.600025,10.52554115,10.6086063,10.40687665,10.5374076,10.52554115,50484957,447913662.11,0.2805,0.1127,1,0
2024-02-06,sh.600025,10.5136747,10.78660305,10.5136747,10.7035379,10.5374076,51453332,464056262.7,0.2859,1.5766,1,0
2024-02-07,sh.600025,10.71540435,10.7272708,10.43060955,10.64420565,10.7035379,56534846,503229136.69,0.3141,-0.5543,1,0
2024-02-08,sh.600025,10.6323392,10.64420565,10.3000786,10.52554115,10.64420565,62851379,552938426.15,0.3492,-1.1148,1,0
2024-02-19,sh.600025,10.52554115,10.9408669,10.45434245,10.9408669,10.52554115,55603851,504680397.71,0.3089,3.9459,1,0
2024-02-20,sh.600025,10.9645998,11.154463,10.85780175,11.1069972,10.9408669,25765532,239952600.42,0.1431,1.5184,1,0
2024-02-21,sh.600025,11.0832643,11.154463,10.917134,10.9408669,11.1069972,41269995,383733533.96,0.2293,-1.4957,1,0
2024-02-22,sh.600025,10.9408669,11.154463,10.917134,11.154463,10.9408669,24303702,226597054.66,0.135,1.9523,1,0
2024-02-23,sh.600025,11.154463,11.45112425,11.11886365,11.35619265,11.154463,30885475,295112315.45,0.1716,1.8085,1,0
2024-02-26,sh.600025,11.35619265,11.4155249,11.0595314,11.09513075,11.35619265,30373566,287527657.99,0.1687,-2.2989,1,0
2024-02-27,sh.600025,10.83406885,11.154463,10.73913725,11.0595314,11.09513075,29467315,273191616.2,0.1637,-0.3209,1,0
2024-02-28,sh.600025,11.0595314,11.14259655,10.8696682,11.0832643,11.0595314,27497640,255370661.82,0.1528,0.2146,1,0
2024-02-29,sh.600025,11.0595314,11.07139785,10.90526755,11.0120656,11.0832643,26343200,243626826.0,0.1464,-0.6424,1,0
2024-03-01,sh.600025,10.9645998,11.0832643,10.917134,10.9408669,11.0120656,24372299,225651195.04,0.1354,-0.6466,1,0
2024-03-04,sh.600025,10.8934011,11.4155249,10.8696682,11.4155249,10.9408669,37481778,354141195.57,0.2082,4.3384,1,0
2024-03-05,sh.600025,11.3680591,11.6765868,11.35619265,11.54605585,11.4155249,33214309,322960350.42,0.1845,1.1435,1,0
2024-03-06,sh.600025,11.54605585,11.75965195,11.52232295,11.61725455,11.54605585,27768822,272529794.86,0.1543,0.6166,1,0
2024-03-07,sh.600025,11.59352165,11.71218615,11.5579223,11.6765868,11.61725455,21598863,212313187.54,0.12,0.5107,1,0
2024-03-08,sh.600025,11.6765868,11.8427171,11.6053881,11.78338485,11.6765868,23282623,230687260.16,0.1293,0.9146,1,0
2024-03-11,sh.600025,11.7952513,11.87831645,11.47485715,11.54605585,11.78338485,37789200,370040285.9,0.2099,-2.0141,1,0
2024-03-12,sh.600025,11.54605585,11.5816552,11.1781959,11.2256617,11.54605585,30126403,287815081.26,0.1674,-2.7749,1,0
2024-03-13,sh.600025,11.19006235,11.3205933,11.11886365,11.16632945,11.2256617,27180389,256158503.29,0.151,-0.5285,1,0
2024-03-14,sh.600025,11.1307301,11.2968604,11.09513075,11.2019288,11.16632945,21419755,202271472.75,0.119,0.3188,1,0
2024-03-15,sh.600025,11.1781959,11.4155249,11.1781959,11.26126105,11.2019288,21660050,205894127.0,0.1203,0.5297,1,0
2024-03-18,sh.600025,11.26126105,11.391792,11.14259655,11.2019288,11.26126105,23012251,217871108.86,0.1278,-0.5269,1,0
2024-03-19,sh.600025,11.21379525,11.30872685,11.1307301,11.154463,11.2019288,20320600,192066937.44,0.1129,-0.4237,1,0
2024-03-20,sh.600025,11.1307301,11.30872685,10.9645998,11.19006235,11.154463,21486500,202104420.98,0.1194,0.3191,1,0
2024-03-21,sh.600025,11.154463,11.21379525,11.09513075,11.16632945,11.19006235,13608098,127893288.33,0.0756,-0.2121,1,0
2024-03-22,sh.600025,11.1307301,11.2019288,11.02393205,11.0357985,11.16632945,25706342,240202111.07,0.1428,-1.169,1,0
2024-03-25,sh.600025,11.00019915,11.14259655,11.00019915,11.0357985,11.0357985,19743251,184200121.64,0.1097,0.0,1,0
2024-03-26,sh.600025,11.0120656,11.09513075,10.8934011,11.04766495,11.0357985,23244252,215145804.18,0.1291,0.1075,1,0
2024-03-27,sh.600025,11.09513075,11.23752815,11.04766495,11.16632945,11.04766495,26568431,249930290.74,0.1476,1.0741,1,0
2024-03-28,sh.600025,11.154463,11.21379525,10.9883327,11.14259655,11.16632945,24219521,226735356.15,0.1346,-0.2125,1,0
2024-03-29,sh.600025,11.16632945,11.3680591,11.14259655,11.3680591,11.14259655,23007913,219028915.61,0.1278,2.0234,1,0
2024-04-01,sh.600025,11.3443262,11.40365845,11.14259655,11.21379525,11.3680591,28670432,271092635.88,0.1593,-1.357,1,0
2024-04-02,sh.600025,11.2256617,11.37992555,11.14259655,11.2256617,11.21379525,24516902,232685770.71,0.1362,0.1058,1,0
2024-04-03,sh.600025,11.2256617,11.26126105,11.11886365,11.2256617,11.2256617,19094000,180160644.23,0.1061,0.0,1,0
2024-04-08,sh.600025,11.23752815,11.54605585,11.21379525,11.4629907,11.2256617,32013199,307925173.22,0.1779,2.1142,1,0
2024-04-09,sh.600025,11.4155249,11.45112425,11.2731275,11.3205933,11.4629907,26082482,249201393.57,0.1449,-1.2422,1,0
2024-04-10,sh.600025,11.33245975,11.5579223,11.2968604,11.45112425,11.3205933,28975095,279819047.3,0.161,1.153,1,0
2024-04-11,sh.600025,11.4155249,11.629121,11.35619265,11.59352165,11.45112425,25943321,252707967.81,0.1441,1.2435,1,0
2024-04-12,sh.600025,11.6053881,11.7477855,11.5816552,11.64098745,11.59352165,25979284,255656831.68,0.1443,0.4094,1,0
2024-04-15,sh.600025,11.6765868,11.8189842,11.629121,11.8189842,11.64098745,30048517,297365012.98,0.1669,1.5291,1,0
2024-04-16,sh.600025,11.83085065,11.9376487,11.6528539,11.7715184,11.8189842,37211527,370394719.9,0.2067,-0.4016,1,0
2024-04-17,sh.600025,11.7477855,11.8427171,11.56978875,11.83085065,11.7715184,27763433,274556947.68,0.1542,0.504,1,0
2024-04-18,sh.600025,11.8901829,11.9613816,11.61725455,11.71218615,11.83085065,35519672,351875888.6,0.1973,-1.003,1,0
2024-04-19,sh.600025,11.7477855,11.80711775,11.59352165,11.68845325,11.71218615,26611819,262232816.01,0.1478,-0.2026,1,0
2024-04-22,sh.600025,11.6528539,11.83085065,11.52232295,11.5816552,11.68845325,24823949,243654099.99,0.1379,-0.9137,1,0
2024-04-23,sh.600025,11.54605585,11.5816552,11.391792,11.4155249,11.5816552,20673653,199741193.85,0.1149,-1.4344,1,0
2024-04-24,sh.600025,11.4155249,11.6528539,11.4155249,11.5816552,11.4155249,25465336,248051031.93,0.1415,1.4553,1,0
2024-04-25,sh.600025,11.59352165,11.64098745,11.391792,11.4629907,11.5816552,24902006,240604607.9,0.1383,-1.0246,1,0
2024-04-26,sh.600025,11.4392578,11.5579223,11.40365845,11.47485715,11.4629907,19347801,187111147.67,0.1075,0.1035,1,0
2024-04-29,sh.600025,11.4867236,11.5104565,11.154463,11.2493946,11.47485715,41738621,395859878.04,0.2319,-1.9648,1,0
2024-04-30,sh.600025,11.21379525,11.42739135,11.2019288,11.3443262,11.2493946,34143206,326478291.86,0.1897,0.8439,1,0
2024-05-06,sh.600025,11.35619265,11.37992555,11.11886365,11.2968604,11.3443262,38770959,367024268.37,0.2154,-0.4184,1,0
2024-05-07,sh.600025,11.2968604,11.3205933,11.1069972,11.11886365,11.2968604,32453394,305526758.56,0.1803,-1.5756,1,0
2024-05-08,sh.600025,11.1307301,11.28499395,11.1069972,11.21379525,11.11886365,23875634,225538150.54,0.1326,0.8538,1,0
2024-05-09,sh.600025,11.2256617,11.23752815,11.1069972,11.1307301,11.21379525,30464161,286256521.7,0.1692,-0.7407,1,0
2024-05-10,sh.600025,11.1307301,11.2256617,11.09513075,11.16632945,11.1307301,35020721,329565699.12,0.1946,0.3198,1,0
2024-05-13,sh.600025,11.19006235,11.4155249,11.16632945,11.35619265,11.16632945,57446908,546746693.81,0.3191,1.7003,1,0
2024-05-14,sh.600025,11.3205933,11.42739135,11.154463,11.35619265,11.35619265,38017063,362943551.93,0.2112,0.0,1,0
2024-05-15,sh.600025,11.35619265,11.4392578,11.2256617,11.23752815,11.35619265,21961939,209512782.02,0.122,-1.0449,1,0
2024-05-16,sh.600025,11.26126105,11.2731275,11.0595314,11.09513075,11.23752815,38984543,366177446.43,0.2166,-1.2672,1,0
2024-05-17,sh.600025,11.09513075,11.1781959,11.04766495,11.11886365,11.09513075,33047657,309186141.46,0.1836,0.2139,1,0
2024-05-20,sh.600025,11.1069972,11.28499395,11.0832643,11.26126105,11.11886365,34617462,326677056.25,0.1923,1.2807,1,0
2024-05-21,sh.600025,11.26126105,11.3443262,11.2256617,11.30872685,11.26126105,21488875,204573145.98,0.1194,0.4215,1,0
2024-05-22,sh.600025,11.30872685,11.42739135,11.1781959,11.21379525,11.30872685,33530481,318833534.6,0.1863,-0.8395,1,0
2024-05-23,sh.600025,11.19006235,11.35619265,11.1781959,11.26126105,11.21379525,24099934,228874156.52,0.1339,0.4233,1,0
2024-05-24,sh.600025,11.21379525,11.56978875,11.21379525,11.49859005,11.26126105,47831752,461841816.24,0.2657,2.1075,1,0
2024-05-27,sh.600025,11.52232295,11.6765868,11.45112425,11.5816552,11.49859005,39489696,385425565.18,0.2194,0.7224,1,0
2024-05-28,sh.600025,11.59352165,11.8189842,11.5579223,11.7477855,11.5816552,32332141,319153025.49,0.1796,1.4344,1,0
2024-05-29,sh.600025,11.71218615,11.85458355,11.5341894,11.8427171,11.7477855,34445946,340611662.68,0.1914,0.8081,1,0
2024-05-30,sh.600025,11.83085065,11.9376487,11.6765868,11.7240526,11.8427171,32941124,327904754.45,0.183,-1.002,1,0
2024-05-31,sh.600025,11.73591905,11.8901829,11.629121,11.73591905,11.7240526,29265949,290282710.43,0.1626,0.1012,1,0
2024-06-03,sh.600025,11.78338485,12.1987106,11.7715184,12.16311125,11.73591905,59611638,604717303.75,0.3312,3.64,1,0
2024-06-04,sh.600025,12.18684415,12.40044025,12.1275119,12.3648409,12.16311125,44065800,456498503.79,0.2448,1.6585,1,0
2024-06-05,sh.600025,12.3885738,12.578437,12.341108,12.49537185,12.3648409,33111695,348086864.74,0.184,1.0557,1,0
2024-06-06,sh.600025,12.4597725,12.7208344,12.3885738,12.51910475,12.49537185,37699698,399014892.45,0.2094,0.1899,1,0
2024-06-07,sh.600025,12.4835054,12.73270085,12.44790605,12.70896795,12.51910475,29059928,308729603.96,0.1614,1.5166,1,0
2024-06-11,sh.600025,12.7445673,12.8632318,12.40044025,12.59030345,12.70896795,33336461,353433692.33,0.1852,-0.9337,1,0
2024-06-12,sh.600025,12.5547041,12.68523505,12.47163895,12.6496357,12.59030345,23644104,250844295.88,0.1314,0.4713,1,0
2024-06-13,sh.600025,12.66150215,12.85136535,12.6496357,12.7445673,12.6496357,22919430,245989222.7,0.1273,0.7505,1,0
2024-06-14,sh.600025,12.7208344,12.7445673,12.3885738,12.47163895,12.7445673,37939836,401488994.38,0.2108,-2.1415,1,0
2024-06-17,sh.600025,12.4597725,12.6021699,12.37670735,12.4360396,12.47163895,33211681,349089776.03,0.1845,-0.2854,1,0
2024-06-18,sh.600025,12.4360396,12.4835054,12.3173751,12.44790605,12.4360396,27917272,291861899.88,0.1551,0.0954,1,0
2024-06-19,sh.600025,12.54449118,12.74974272,12.53241756,12.66522738,12.44790222,25884458,271142063.79,0.1438,1.7459,1,0
2024-06-20,sh.600025,12.62900652,12.87047892,12.6169329,12.83425806,12.66522738,26549362,280873766.58,0.1475,1.3346,1,0
2024-06-21,sh.600025,12.84633168,12.89462616,12.66522738,12.82218444,12.83425806,20850394,220958492.18,0.1158,-0.0941,1,0
2024-06-24,sh.600025,12.81011082,12.94292064,12.77388996,12.81011082,12.82218444,30072945,320261321.83,0.1671,-0.0942,1,0
2024-06-25,sh.600025,12.84633168,12.8584053,12.60485928,12.77388996,12.81011082,29507003,311206257.63,0.1639,-0.2828,1,0
2024-06-26,sh.600025,12.7980372,12.94292064,12.64108014,12.76181634,12.77388996,23864661,251991403.4,0.1326,-0.0945,1,0
2024-06-27,sh.600025,12.77388996,12.9187734,12.72559548,12.78596358,12.76181634,27302439,289473905.18,0.1517,0.1892,1,0
2024-06-28,sh.600025,12.77388996,13.06365684,12.70144824,13.01536236,12.78596358,30060687,321032016.58,0.167,1.7941,1,0
2024-07-01,sh.600025,13.05158322,13.38964458,13.02743598,13.3413501,13.01536236,30756109,337425811.24,0.1709,2.5046,1,0
2024-07-02,sh.600025,13.3413501,13.61904336,13.24476114,13.53452802,13.3413501,36366438,404341745.74,0.202,1.448,1,0
2024-07-03,sh.600025,13.5224544,13.67941146,13.41379182,13.5828225,13.53452802,26276657,294538930.82,0.146,0.3568,1,0
2024-07-04,sh.600025,13.59489612,13.83636852,13.59489612,13.72770594,13.5828225,28109060,319684845.52,0.1562,1.0667,1,0
2024-07-05,sh.600025,13.72770594,13.78807404,13.41379182,13.66733784,13.72770594,34607705,388394209.1,0.1923,-0.4398,1,0
2024-07-08,sh.600025,13.65526422,14.2468716,13.60696974,14.08991454,13.66733784,39986700,463347730.0,0.2221,3.0919,1,0
2024-07-09,sh.600025,14.10198816,14.22272436,14.01747282,14.1865035,14.08991454,31142998,364421559.41,0.173,0.6855,1,0
2024-07-10,sh.600025,14.17442988,14.23479798,13.80014766,13.95710472,14.1865035,34972475,403279125.72,0.1943,-1.617,1,0
2024-07-11,sh.600025,13.90881024,14.0657673,13.81222128,14.0657673,13.95710472,22646888,261415881.63,0.1258,0.7785,1,0
2024-07-12,sh.600025,14.0657673,14.17442988,13.8242949,13.83636852,14.0657673,26102716,301376380.67,0.145,-1.6309,1,0
2024-07-15,sh.600025,13.86051576,14.17442988,13.71563232,14.16235626,13.83636852,27821598,323352433.87,0.1546,2.356,1,0
2024-07-16,sh.600025,14.17442988,14.27101884,14.05369368,14.17442988,14.16235626,20833356,244215329.73,0.1157,0.0853,1,0
2024-07-17,sh.600025,14.1261354,14.28309246,13.884663,14.0053992,14.17442988,28079826,327264770.15,0.156,-1.1925,1,0
2024-07-18,sh.600025,13.96917834,14.33138694,13.8242949,14.31931332,14.0053992,29811600,349166731.0,0.1656,2.2414,1,0
2024-07-19,sh.600025,14.29516608,14.47627038,14.21065074,14.29516608,14.31931332,27723134,328805544.26,0.154,-0.1686,1,0
2024-07-22,sh.600025,14.27101884,14.29516608,13.7639268,14.19857712,14.29516608,36036639,419136942.8,0.2002,-0.6757,1,0
2024-07-23,sh.600025,14.13820902,14.44004952,14.1261354,14.3676078,14.19857712,25316032,300644505.32,0.1406,1.1905,1,0
2024-07-24,sh.600025,14.40382866,14.76603726,14.27101884,14.65737468,14.3676078,38199894,463050721.36,0.2122,2.0168,1,0
2024-07-25,sh.600025,14.65737468,14.68152192,14.27101884,14.46419676,14.65737468,32014290,383155306.66,0.1779,-1.318,1,0
2024-07-26,sh.600025,14.46419676,14.47627038,13.9450311,14.07784092,14.46419676,35005551,408450353.46,0.1945,-2.6711,1,0
2024-07-29,sh.600025,14.02954644,14.27101884,13.9450311,14.13820902,14.07784092,27684058,322958679.02,0.1538,0.4288,1,0
2024-07-30,sh.600025,14.13820902,14.3072397,13.89673662,13.96917834,14.13820902,24014744,279770037.37,0.1334,-1.1956,1,0
2024-07-31,sh.600025,13.95710472,13.95710472,13.43793906,13.81222128,13.96917834,46985906,532085765.45,0.261,-1.1236,1,0
2024-08-01,sh.600025,13.7639268,14.0657673,13.72770594,13.9450311,13.81222128,25345744,292952411.92,0.1408,0.9615,1,0
2024-08-02,sh.600025,13.9450311,14.07784092,13.8242949,14.0053992,13.9450311,18821997,217599257.15,0.1046,0.4329,1,0
2024-08-05,sh.600025,13.96917834,14.01747282,13.67941146,13.8242949,14.0053992,23260055,267047800.95,0.1292,-1.2931,1,0
2024-08-06,sh.600025,13.8242949,13.98125196,13.66733784,13.77600042,13.8242949,21567830,246239433.0,0.1198,-0.3493,1,0
2024-08-07,sh.600025,13.77600042,14.04162006,13.75185318,13.87258938,13.77600042,18812499,217348638.03,0.1045,0.7011,1,0
2024-08-08,sh.600025,13.89673662,13.95710472,13.73977956,13.78807404,13.87258938,13621773,156073968.82,0.0757,-0.6092,1,0
2024-08-09,sh.600025,13.71563232,13.8242949,13.61904336,13.73977956,13.78807404,14630242,166133592.54,0.0813,-0.3503,1,0
2024-08-12,sh.600025,13.80014766,13.98125196,13.67941146,13.72770594,13.73977956,20059500,229496264.0,0.1114,-0.0879,1,0
2024-08-13,sh.600025,13.7639268,14.0657673,13.72770594,13.90881024,13.72770594,25878500,298145927.0,0.1438,1.3193,1,0
2024-08-14,sh.600025,13.98125196,14.50041762,13.8242949,14.22272436,13.90881024,41077048,484925931.32,0.2282,2.2569,1,0
2024-08-15,sh.600025,14.17442988,14.488344,14.10198816,14.40382866,14.22272436,27350475,324925825.79,0.1519,1.2733,1,0
2024-08-16,sh.600025,14.39175504,14.44004952,14.1865035,14.33138694,14.40382866,21453086,254118039.35,0.1192,-0.5029,1,0
2024-08-19,sh.600025,14.37968142,14.4279759,14.16235626,14.35553418,14.33138694,20602212,244638473.14,0.1145,0.1685,1,0
2024-08-20,sh.600025,14.35553418,14.46419676,14.29516608,14.41590228,14.35553418,18916052,225143565.28,0.1051,0.4205,1,0
2024-08-21,sh.600025,14.41590228,14.41590228,14.22272436,14.39175504,14.41590228,15356633,182161608.38,0.0853,-0.1675,1,0
2024-08-22,sh.600025,14.3676078,14.81433174,14.33138694,14.7901845,14.39175504,27293501,330929320.54,0.1516,2.7685,1,0
2024-08-23,sh.600025,14.77811088,14.8505526,14.10198816,14.22272436,14.7901845,54486995,646412408.06,0.3027,-3.8367,1,0
2024-08-26,sh.600025,14.16235626,14.19857712,13.8242949,14.10198816,14.22272436,32936161,381623158.88,0.183,-0.8489,1,0
2024-08-27,sh.600025,14.04162006,14.10198816,13.8242949,13.89673662,14.10198816,26368001,304398137.63,0.1465,-1.4555,1,0
2024-08-28,sh.600025,13.93295748,14.15028264,13.90881024,14.02954644,13.89673662,36699052,426440911.03,0.2039,0.9557,1,0
2024-08-29,sh.600025,13.98125196,13.98125196,13.38964458,13.47415992,14.02954644,49209608,552413859.25,0.2734,-3.9587,1,0
2024-08-30,sh.600025,13.42586544,13.49830716,13.00328874,13.26890838,13.47415992,84795665,935284423.6,0.4711,-1.5233,1,0
2024-09-02,sh.600025,13.14817218,13.47415992,13.0998777,13.32927648,13.26890838,48480747,536716689.18,0.2693,0.455,1,0
2024-09-03,sh.600025,13.3413501,13.41379182,12.94292064,13.0395096,13.32927648,34439191,373187381.13,0.1913,-2.1739,1,0
2024-09-04,sh.600025,12.9791415,13.20854028,12.9187734,13.07573046,13.0395096,24292791,262964238.19,0.135,0.2778,1,0
2024-09-05,sh.600025,13.0998777,13.1602458,12.90669978,13.11195132,13.07573046,20442839,221079132.3,0.1136,0.277,1,0
2024-09-06,sh.600025,13.11195132,13.31720286,13.0998777,13.1602458,13.11195132,18130874,198780155.51,0.1007,0.3683,1,0
2024-09-09,sh.600025,13.24476114,13.25683476,13.02743598,13.12402494,13.1602458,24922665,271211986.55,0.1385,-0.2752,1,0
2024-09-10,sh.600025,13.11195132,13.3413501,12.90669978,13.05158322,13.12402494,23686089,256866515.0,0.1316,-0.552,1,0
2024-09-11,sh.600025,12.95499426,13.00328874,12.4961967,12.5565648,13.05158322,34933349,366344085.03,0.1941,-3.7928,1,0
2024-09-12,sh.600025,12.4961967,12.71352186,12.39960774,12.66522738,12.5565648,28539862,298231171.09,0.1586,0.8654,1,0
2024-09-13,sh.600025,12.66522738,12.677301,12.4961967,12.56863842,12.66522738,20381115,212703106.15,0.1132,-0.7626,1,0
2024-09-18,sh.600025,12.53241756,12.76181634,12.45997584,12.54449118,12.56863842,16821711,175802212.07,0.0935,-0.1921,1,0
2024-09-19,sh.600025,12.5565648,12.58071204,12.2547243,12.4358286,12.54449118,33733668,346232970.84,0.1874,-0.8662,1,0
2024-09-20,sh.600025,12.44790222,12.5565648,12.36338688,12.36338688,12.4358286,39672600,408596244.0,0.2204,-0.5825,1,0
2024-09-23,sh.600025,12.65315376,12.72559548,12.38753412,12.65315376,12.36338688,25732189,268942312.72,0.143,2.3438,1,0
2024-09-24,sh.600025,12.7376691,12.94292064,12.53241756,12.90669978,12.65315376,37660682,398867838.61,0.2092,2.0038,1,0
2024-09-25,sh.600025,12.99121512,13.2206139,12.95499426,12.9791415,12.90669978,41227044,446926374.38,0.229,0.5613,1,0
2024-09-26,sh.600025,12.96706788,13.0395096,12.68937462,13.0395096,12.9791415,41742658,443890565.26,0.2319,0.4651,1,0
2024-09-27,sh.600025,13.1602458,13.1602458,12.83425806,13.14817218,13.0395096,31098371,335133619.32,0.1728,0.8333,1,0
2024-09-30,sh.600025,13.24476114,14.05369368,13.0998777,13.9450311,13.14817218,98931442,1114344525.27,0.5496,6.0606,1,0
2024-10-08,sh.600025,15.092025,15.092025,13.280982,13.48623354,13.9450311,150334708,1714548879.27,0.8352,-3.29,1,0
2024-10-09,sh.600025,13.35342372,13.4620863,12.89462616,12.89462616,13.48623354,78031590,850668961.74,0.4335,-4.3868,1,0
2024-10-10,sh.600025,13.02743598,13.5224544,12.9791415,13.07573046,12.89462616,79046530,868788877.65,0.4391,1.4045,1,0
2024-10-11,sh.600025,13.1602458,13.2206139,12.6169329,12.677301,13.07573046,58054016,619979156.61,0.3225,-3.0471,1,0
2024-10-14,sh.600025,12.77388996,12.95499426,12.62900652,12.82218444,12.677301,59615940,632432313.21,0.3312,1.1429,1,0
2024-10-15,sh.600025,12.74974272,12.8584053,12.5565648,12.5565648,12.82218444,42497954,446776736.44,0.2361,-2.0716,1,0
2024-10-16,sh.600025,12.53241756,12.7376691,12.4961967,12.677301,12.5565648,27777239,291174520.5,0.1543,0.9615,1,0
2024-10-17,sh.600025,12.78596358,12.81011082,12.3754605,12.3754605,12.677301,35658678,370050287.5,0.1981,-2.381,1,0
2024-10-18,sh.600025,12.45997584,12.71352186,12.24265068,12.60485928,12.3754605,46286302,480172894.0,0.2571,1.8537,1,0
2024-10-21,sh.600025,12.6169329,12.62900652,12.29094516,12.36338688,12.60485928,49594609,507250175.62,0.2755,-1.9157,1,0
2024-10-22,sh.600025,12.36338688,12.64108014,12.36338688,12.59278566,12.36338688,34539575,358536391.89,0.1919,1.8555,1,0
2024-10-23,sh.600025,12.58071204,12.70144824,12.47204946,12.50827032,12.59278566,27930977,290171511.29,0.1552,-0.6711,1,0
2024-10-24,sh.600025,12.52034394,12.58071204,12.39960774,12.50827032,12.50827032,18335800,190056160.0,0.1019,0.0,1,0
2024-10-25,sh.600025,12.53241756,12.58071204,12.17020896,12.20642982,12.50827032,49965195,507275623.0,0.2776,-2.4131,1,0
2024-10-28,sh.600025,12.17020896,12.23057706,12.0132519,12.1943562,12.20642982,31289710,314229989.55,0.1738,-0.0989,1,0
2024-10-29,sh.600025,12.1943562,12.30301878,12.04947276,12.09776724,12.1943562,36980612,371887158.0,0.2054,-0.7921,1,0
2024-10-30,sh.600025,12.02532552,12.1339881,11.72348502,11.88044208,12.09776724,47579900,466869213.32,0.2643,-1.7964,1,0
2024-10-31,sh.600025,11.82007398,11.9528838,11.67519054,11.74763226,11.88044208,39509893,384554797.48,0.2195,-1.1179,1,0
2024-11-01,sh.600025,11.7114114,11.91666294,11.66311692,11.8321476,11.74763226,34184993,334929983.14,0.1899,0.7194,1,0
2024-11-04,sh.600025,11.88044208,11.8925157,11.72348502,11.86836846,11.8321476,24347320,237984982.27,0.1353,0.3061,1,0
2024-11-05,sh.600025,11.82007398,11.88044208,11.7717795,11.85629484,11.86836846,36089713,353353463.66,0.2005,-0.1017,1,0
2024-11-06,sh.600025,11.84422122,11.94081018,11.7114114,11.72348502,11.85629484,41401468,404520589.09,0.23,-1.1202,1,0
2024-11-07,sh.600025,11.73555864,11.8321476,11.7114114,11.80800036,11.72348502,31467297,307184801.05,0.1748,0.7209,1,0
2024-11-08,sh.600025,11.84422122,12.07362,11.79592674,11.82007398,11.80800036,49464803,487275631.55,0.2748,0.1022,1,0
2024-11-11,sh.600025,11.79592674,11.82007398,11.69933778,11.73555864,11.82007398,31202098,303445592.86,0.1733,-0.715,1,0
2024-11-12,sh.600025,11.72348502,11.80800036,11.5303071,11.56652796,11.73555864,47754068,460555300.9,0.2653,-1.4403,1,0
2024-11-13,sh.600025,11.54238072,12.07362,11.469939,11.85629484,11.56652796,67239563,657177086.35,0.3736,2.5052,1,0
2024-11-14,sh.600025,11.92873656,11.9528838,11.78385312,11.8321476,11.85629484,47811225,470883267.0,0.2656,-0.2037,1,0
2024-11-15,sh.600025,11.79592674,11.85629484,11.5906752,11.5906752,11.8321476,41657302,404239388.71,0.2314,-2.0408,1,0
2024-11-18,sh.600025,11.62689606,11.82007398,11.62689606,11.67519054,11.5906752,35906111,348179239.89,0.1995,0.7292,1,0
2024-11-19,sh.600025,11.67519054,11.69933778,11.51823348,11.5906752,11.67519054,28190206,270619870.21,0.1566,-0.7239,1,0
2024-11-20,sh.600025,11.5906752,11.6510433,11.49408624,11.6510433,11.5906752,27165227,260413923.47,0.1509,0.5208,1,0
2024-11-21,sh.600025,11.60274882,11.73555864,11.5906752,11.67519054,11.6510433,17905530,173074703.87,0.0995,0.2073,1,0
2024-11-22,sh.600025,11.69933778,11.75970588,11.36127642,11.37335004,11.67519054,31680661,302537674.29,0.176,-2.5853,1,0
2024-11-25,sh.600025,11.38542366,11.49408624,11.19224574,11.2284666,11.37335004,29874644,280021876.02,0.166,-1.2739,1,0
2024-11-26,sh.600025,11.2284666,11.2888347,11.11980402,11.14395126,11.2284666,18255867,169128081.8,0.1014,-0.7527,1,0
2024-11-27,sh.600025,11.13187764,11.43371814,11.13187764,11.38542366,11.14395126,37242013,348919900.77,0.2069,2.1668,1,0
2024-11-28,sh.600025,11.42164452,11.42164452,11.24054022,11.25261384,11.38542366,18284600,171051080.01,0.1016,-1.1665,1,0
2024-11-29,sh.600025,11.2888347,11.32505556,11.2284666,11.2284666,11.25261384,20812400,194378706.92,0.1156,-0.2146,1,0
2024-12-02,sh.600025,11.25261384,11.36127642,11.19224574,11.3492028,11.2284666,26706163,249945548.61,0.1484,1.0753,1,0
2024-12-03,sh.600025,11.36127642,11.57860158,11.31298194,11.56652796,11.3492028,40686701,386491530.15,0.226,1.9149,1,0
2024-12-04,sh.600025,11.55445434,11.6510433,11.469939,11.63896968,11.56652796,31856312,305551887.86,0.177,0.6263,1,0
2024-12-05,sh.600025,11.63896968,11.6510433,11.32505556,11.36127642,11.63896968,41020482,388998037.09,0.2279,-2.3859,1,0
2024-12-06,sh.600025,11.3492028,11.42164452,11.32505556,11.38542366,11.36127642,26821556,252779936.96,0.149,0.2125,1,0
2024-12-09,sh.600025,11.39749728,11.68726416,11.2888347,11.5906752,11.38542366,40500952,386819828.02,0.225,1.8028,1,0
2024-12-10,sh.600025,11.66311692,11.68726416,11.49408624,11.51823348,11.5906752,36657345,351741382.35,0.2037,-0.625,1,0
2024-12-11,sh.600025,11.49408624,11.57860158,11.469939,11.54238072,11.51823348,18547418,177023601.74,0.103,0.2096,1,0
2024-12-12,sh.600025,11.5303071,11.74763226,11.50615986,11.67519054,11.54238072,41060750,396635088.06,0.2281,1.1506,1,0
2024-12-13,sh.600025,11.6510433,11.78385312,11.61482244,11.61482244,11.67519054,33330595,322493835.37,0.1852,-0.5171,1,0
2024-12-16,sh.600025,11.61482244,11.90458932,11.61482244,11.84422122,11.61482244,57638328,564723264.13,0.3202,1.9751,1,0
2024-12-17,sh.600025,11.84422122,12.0132519,11.7114114,11.73555864,11.84422122,49693582,488385131.32,0.2761,-0.9174,1,0
2024-12-18,sh.600025,11.78385312,11.90458932,11.69933778,11.72348502,11.73555864,36187852,352990063.11,0.201,-0.1029,1,0
2024-12-19,sh.600025,11.66311692,11.73555864,11.54238072,11.56652796,11.72348502,30431196,293449648.25,0.1691,-1.3388,1,0
2024-12-20,sh.600025,11.57860158,11.6510433,11.48201262,11.49408624,11.56652796,43515482,415334229.34,0.2418,-0.6263,1,0
2024-12-23,sh.600025,11.48201262,11.72348502,11.26468746,11.6510433,11.49408624,50364435,481520822.35,0.2798,1.3655,1,0
2024-12-24,sh.600025,11.66311692,11.85629484,11.5906752,11.8321476,11.6510433,38554469,374825664.07,0.2142,1.5544,1,0
2024-12-25,sh.600025,11.86836846,11.97703104,11.80800036,11.94081018,11.8321476,36884698,364001297.5,0.2049,0.9184,1,0
2024-12-26,sh.600025,11.92873656,11.94081018,11.63896968,11.66311692,11.94081018,37063473,360526299.66,0.2059,-2.3256,1,0
2024-12-27,sh.600025,11.67519054,11.78385312,11.57860158,11.73555864,11.66311692,27190479,262881943.18,0.1511,0.6211,1,0
2024-12-30,sh.600025,11.72348502,11.8321476,11.4095709,11.469939,11.73555864,50423803,483545495.58,0.2801,-2.2634,1,0
2024-12-31,sh.600025,11.43371814,11.63896968,11.42164452,11.48201262,11.469939,34442513,329480800.37,0.1913,0.1053,1,0
2025-01-02,sh.600025,11.44579176,11.51823348,11.11980402,11.1680985,11.48201262,50141167,469733673.09,0.2786,-2.734,1,0
2025-01-03,sh.600025,11.1680985,11.33712918,11.11980402,11.15602488,11.1680985,34922687,323921025.23,0.194,-0.1081,1,0
2025-01-06,sh.600025,11.18017212,11.20431936,10.9266261,11.13187764,11.15602488,34412191,315993176.1,0.1912,-0.2165,1,0
2025-01-07,sh.600025,11.13187764,11.13187764,10.96284696,11.02321506,11.13187764,24100104,220048426.06,0.1339,-0.9761,1,0
2025-01-08,sh.600025,11.03528868,11.20431936,10.9869942,11.09565678,11.02321506,31923891,293320198.99,0.1774,0.6572,1,0
2025-01-09,sh.600025,11.0473623,11.05943592,10.9266261,10.9266261,11.09565678,28573909,259339199.54,0.1587,-1.5234,1,0
2025-01-10,sh.600025,10.9266261,10.95077334,10.75759542,10.8058899,10.9266261,24507400,220008846.0,0.1362,-1.105,1,0
2025-01-13,sh.600025,10.7455218,10.866258,10.6851537,10.75759542,10.8058899,19141264,170685997.28,0.1063,-0.4469,1,0
2025-01-14,sh.600025,10.78174266,10.90247886,10.75759542,10.90247886,10.75759542,18963404,170426448.32,0.1054,1.3468,1,0
2025-01-15,sh.600025,10.87833162,11.0473623,10.81796352,10.83003714,10.90247886,21818805,196892047.15,0.1212,-0.6645,1,0
2025-01-16,sh.600025,10.85418438,10.90247886,10.8058899,10.866258,10.83003714,14908009,133995027.91,0.0828,0.3344,1,0
2025-01-17,sh.600025,10.85418438,10.89040524,10.76966904,10.76966904,10.866258,21645550,193865833.0,0.1203,-0.8889,1,0
2025-01-20,sh.600025,10.79381628,10.83003714,10.6851537,10.72137456,10.76966904,22669146,201612154.58,0.1259,-0.4484,1,0
2025-01-21,sh.600025,10.7455218,10.75759542,10.6247856,10.63685922,10.72137456,26231184,231925452.53,0.1457,-0.7883,1,0
2025-01-22,sh.600025,10.66100646,10.85418438,10.63685922,10.72137456,10.63685922,34675117,308152415.7,0.1926,0.7946,1,0
2025-01-23,sh.600025,10.70930094,11.0473623,10.69722732,10.69722732,10.72137456,41470141,372194817.43,0.2304,-0.2252,1,0
2025-01-24,sh.600025,10.69722732,10.72137456,10.5644175,10.64893284,10.69722732,29618341,260843794.71,0.1645,-0.4515,1,0
2025-01-27,sh.600025,10.66100646,11.01114144,10.64893284,10.91455248,10.64893284,48901061,441312275.67,0.2717,2.4943,1,0
2025-02-05,sh.600025,10.96284696,10.97492058,10.75759542,10.81796352,10.91455248,28734989,257744367.44,0.1596,-0.885,1,0
2025-02-06,sh.600025,10.81796352,10.87833162,10.7455218,10.866258,10.81796352,19153853,171363874.54,0.1064,0.4464,1,0
2025-02-07,sh.600025,10.84211076,10.866258,10.78174266,10.8058899,10.866258,28572962,256145393.5,0.1587,-0.5556,1,0
2025-02-10,sh.600025,10.81796352,10.85418438,10.75759542,10.78174266,10.8058899,20167406,180269551.95,0.112,-0.2235,1,0
2025-02-11,sh.600025,10.79381628,10.8058899,10.6247856,10.63685922,10.78174266,38395800,339792357.64,0.2133,-1.3438,1,0
2025-02-12,sh.600025,10.64893284,10.64893284,10.47990216,10.55234388,10.63685922,40921994,357143373.19,0.2273,-0.7946,1,0
2025-02-13,sh.600025,10.54027026,10.67308008,10.51612302,10.60063836,10.55234388,26716286,235011934.78,0.1484,0.4577,1,0
2025-02-14,sh.600025,10.60063836,10.76966904,10.55234388,10.69722732,10.60063836,27301129,241384079.11,0.1517,0.9112,1,0
2025-02-17,sh.600025,10.6851537,10.75759542,10.46782854,10.75759542,10.69722732,41954700,368453462.0,0.2331,0.5643,1,0
2025-02-18,sh.600025,10.7455218,10.87833162,10.70930094,10.76966904,10.75759542,37954936,340040262.12,0.2109,0.1122,1,0
2025-02-19,sh.600025,10.7455218,10.83003714,10.70930094,10.76966904,10.76966904,20303005,180782070.95,0.1128,0.0,1,0
2025-02-20,sh.600025,10.7455218,10.83003714,10.67308008,10.78174266,10.76966904,19975492,178062663.56,0.111,0.1121,1,0
2025-02-21,sh.600025,10.79381628,10.81796352,10.63685922,10.67308008,10.78174266,29692845,263153076.3,0.165,-1.0078,1,0
2025-02-24,sh.600025,10.64893284,10.78174266,10.57649112,10.58856474,10.67308008,29751143,262663161.73,0.1653,-0.7919,1,0
2025-02-25,sh.600025,10.57649112,10.6247856,10.5040494,10.51612302,10.58856474,20866805,182268849.0,0.1159,-0.6842,1,0
2025-02-26,sh.600025,10.51612302,10.58856474,10.49197578,10.55234388,10.51612302,18727797,163416238.13,0.104,0.3444,1,0
2025-02-27,sh.600025,10.55234388,10.60063836,10.47990216,10.57649112,10.55234388,22145590,193350603.44,0.123,0.2288,1,0
2025-02-28,sh.600025,10.55234388,10.63685922,10.40746044,10.41953406,10.57649112,41311174,359457564.98,0.2295,-1.484,1,0
2025-03-03,sh.600025,10.33501872,10.45575492,10.28672424,10.3229451,10.41953406,37735925,323219052.76,0.2096,-0.927,1,0
2025-03-04,sh.600025,10.31087148,10.33501872,10.22635614,10.27465062,10.3229451,22751893,193642787.38,0.1264,-0.4678,1,0
2025-03-05,sh.600025,10.262577,10.41953406,10.21428252,10.41953406,10.27465062,26334814,225718001.92,0.1463,1.4101,1,0
2025-03-06,sh.600025,10.39538682,10.40746044,10.29879786,10.39538682,10.41953406,21343760,182893823.6,0.1186,-0.2317,1,0
2025-03-07,sh.600025,10.39538682,10.55234388,10.33501872,10.5040494,10.39538682,26325270,228504458.1,0.1463,1.0453,1,0
2025-03-10,sh.600025,10.51612302,10.60063836,10.45575492,10.49197578,10.5040494,26241078,228848483.26,0.1458,-0.1149,1,0
2025-03-11,sh.600025,10.46782854,10.6247856,10.40746044,10.54027026,10.49197578,24249801,211531305.75,0.1347,0.4603,1,0
2025-03-12,sh.600025,10.52819664,10.54027026,10.28672424,10.39538682,10.54027026,29378381,252602140.99,0.1632,-1.3746,1,0
2025-03-13,sh.600025,10.39538682,10.5040494,10.3833132,10.47990216,10.39538682,23840060,206649706.02,0.1324,0.813,1,0
2025-03-14,sh.600025,10.47990216,10.58856474,10.46782854,10.55234388,10.47990216,22029773,192320472.87,0.1224,0.6912,1,0
2025-03-17,sh.600025,10.5644175,10.67308008,10.5040494,10.61271198,10.55234388,22498078,197868259.84,0.125,0.5721,1,0
2025-03-18,sh.600025,10.6247856,10.6247856,10.5040494,10.51612302,10.61271198,18601502,162263590.4,0.1033,-0.9101,1,0
2025-03-19,sh.600025,10.54027026,10.7455218,10.51612302,10.72137456,10.51612302,40437989,357890556.78,0.2247,1.9518,1,0
2025-03-20,sh.600025,10.7455218,10.76966904,10.64893284,10.67308008,10.72137456,22675875,201055860.0,0.126,-0.4505,1,0
2025-03-21,sh.600025,10.6851537,10.7455218,10.5644175,10.60063836,10.67308008,21385211,188780192.14,0.1188,-0.6787,1,0
2025-03-24,sh.600025,10.61271198,10.72137456,10.58856474,10.69722732,10.60063836,21505830,190149834.2,0.1195,0.9112,1,0
2025-03-25,sh.600025,10.69722732,10.9266261,10.63685922,10.91455248,10.69722732,45803719,410729453.92,0.2545,2.0316,1,0
2025-03-26,sh.600025,10.90247886,11.01114144,10.76966904,10.95077334,10.91455248,37370802,337443772.16,0.2076,0.3319,1,0
2025-03-27,sh.600025,10.95077334,10.9869942,10.79381628,10.83003714,10.95077334,28713470,258095153.8,0.1595,-1.1025,1,0
2025-03-28,sh.600025,10.83003714,10.96284696,10.76966904,10.9266261,10.83003714,25469300,229500769.0,0.1415,0.8919,1,0
2025-03-31,sh.600025,10.91455248,11.1077304,10.91455248,11.05943592,10.9266261,41195832,377054972.48,0.2289,1.2155,1,0
2025-04-01,sh.600025,11.05943592,11.15602488,10.97492058,11.11980402,11.05943592,28975180,265886012.8,0.161,0.5459,1,0
2025-04-02,sh.600025,11.1077304,11.15602488,11.02321506,11.07150954,11.11980402,22515800,206287257.0,0.1251,-0.4343,1,0
2025-04-03,sh.600025,11.02321506,11.3492028,10.99906782,11.30090832,11.07150954,47700358,444064799.67,0.265,2.072,1,0
2025-04-07,sh.600025,11.09565678,11.36127642,10.64893284,10.95077334,11.30090832,90727058,828107431.43,0.504,-3.0983,1,0
2025-04-08,sh.600025,11.02321506,11.38542366,10.87833162,11.2888347,10.95077334,73160912,674792066.87,0.4064,3.0871,1,0
2025-04-09,sh.600025,11.2284666,11.39749728,11.05943592,11.3492028,11.2888347,70802177,660281669.83,0.3933,0.5348,1,0
2025-04-10,sh.600025,11.32505556,11.32505556,11.1680985,11.20431936,11.3492028,52770571,490520413.48,0.2932,-1.2766,1,0
2025-04-11,sh.600025,11.25261384,11.27676108,11.08358316,11.1680985,11.20431936,34202828,316321034.91,0.19,-0.3233,1,0
2025-04-14,sh.600025,11.14395126,11.25261384,11.0473623,11.21639298,11.1680985,32590261,301363231.81,0.1811,0.4324,1,0
2025-04-15,sh.600025,11.2284666,11.30090832,11.15602488,11.20431936,11.21639298,25657700,238301907.0,0.1425,-0.1076,1,0
2025-04-16,sh.600025,11.25261384,11.2888347,11.13187764,11.2888347,11.20431936,34566148,321338047.14,0.192,0.7543,1,0
2025-04-17,sh.600025,11.2888347,11.32505556,11.18017212,11.27676108,11.2888347,25762323,239506895.82,0.1431,-0.107,1,0
2025-04-18,sh.600025,11.21639298,11.25261384,11.15602488,11.20431936,11.27676108,18153100,168311565.0,0.1009,-0.6424,1,0
2025-04-21,sh.600025,11.1680985,11.21639298,11.13187764,11.14395126,11.20431936,20810101,192361229.23,0.1156,-0.5388,1,0
2025-04-22,sh.600025,11.13187764,11.44579176,11.13187764,11.2888347,11.14395126,43849200,410731965.0,0.2436,1.3001,1,0
2025-04-23,sh.600025,11.26468746,11.26468746,11.14395126,11.14395126,11.2888347,31619814,292920488.22,0.1757,-1.2834,1,0
2025-04-24,sh.600025,11.1077304,11.25261384,11.1077304,11.21639298,11.14395126,27726189,257240561.45,0.154,0.6501,1,0
2025-04-25,sh.600025,11.26468746,11.49408624,11.25261384,11.38542366,11.21639298,53237070,501451172.54,0.2958,1.507,1,0
2025-04-28,sh.600025,11.43371814,11.66311692,11.32505556,11.56652796,11.38542366,58700682,561310484.22,0.3261,1.5907,1,0
2025-04-29,sh.600025,11.57860158,11.5906752,11.42164452,11.50615986,11.56652796,33422553,318101330.03,0.1857,-0.5219,1,0
2025-04-30,sh.600025,11.5303071,11.57860158,11.38542366,11.5303071,11.50615986,26953928,256957987.46,0.1497,0.2099,1,0
2025-05-06,sh.600025,11.51823348,11.57860158,11.3492028,11.45786538,11.5303071,37288051,352453025.42,0.2072,-0.6283,1,0
2025-05-07,sh.600025,11.49408624,11.5906752,11.4095709,11.56652796,11.45786538,31731408,302571122.6,0.1763,0.9484,1,0
2025-05-08,sh.600025,11.51823348,11.6510433,11.51823348,11.61482244,11.56652796,26347479,253047069.72,0.1464,0.4175,1,0
2025-05-09,sh.600025,11.6510433,11.92873656,11.62689606,11.8321476,11.61482244,44069221,431935291.16,0.2448,1.8711,1,0
2025-05-12,sh.600025,11.7717795,11.82007398,11.73555864,11.75970588,11.8321476,27224772,265476190.56,0.1512,-0.6122,1,0
2025-05-13,sh.600025,11.7114114,11.7717795,11.66311692,11.72348502,11.75970588,22681400,220179692.0,0.126,-0.308,1,0
2025-05-14,sh.600025,11.7114114,11.74763226,11.61482244,11.7114114,11.72348502,29557202,285536295.32,0.1642,-0.103,1,0
2025-05-15,sh.600025,11.68726416,11.86836846,11.67519054,11.78385312,11.7114114,26792087,261610507.16,0.1488,0.6186,1,0
2025-05-16,sh.600025,11.74763226,11.86836846,11.68726416,11.73555864,11.78385312,22814999,222202588.31,0.1267,-0.4098,1,0
2025-05-19,sh.600025,11.73555864,12.0132519,11.7114114,11.92873656,11.73555864,43263584,426819013.79,0.2404,1.6461,1,0
2025-05-20,sh.600025,11.92873656,12.12191448,11.92873656,12.06154638,11.92873656,29178309,291420879.9,0.1621,1.1134,1,0
2025-05-21,sh.600025,12.07362,12.29094516,12.07362,12.1339881,12.06154638,36445015,368171027.5,0.2025,0.6006,1,0
2025-05-22,sh.600025,12.14606172,12.2547243,12.07362,12.20642982,12.1339881,27240721,274629463.38,0.1513,0.597,1,0
2025-05-23,sh.600025,12.1943562,12.2547243,12.04947276,12.06154638,12.20642982,31675068,318175478.64,0.176,-1.1869,1,0
2025-05-26,sh.600025,12.04947276,12.1943562,11.98910466,12.10984086,12.06154638,23871966,238599019.78,0.1326,0.4004,1,0
2025-05-27,sh.600025,12.08569362,12.26679792,12.08569362,12.17020896,12.10984086,25150196,254028923.69,0.1397,0.4985,1,0
2025-05-28,sh.600025,12.1943562,12.23057706,12.08569362,12.12191448,12.17020896,19412458,195008653.4,0.1078,-0.3968,1,0
2025-05-29,sh.600025,12.10984086,12.12191448,11.92873656,12.04947276,12.12191448,37403998,372148000.28,0.2078,-0.5976,1,0
2025-05-30,sh.600025,12.03739914,12.18228258,12.02532552,12.15813534,12.04947276,35682014,358149865.91,0.1982,0.9018,1,0
2025-06-03,sh.600025,12.10984086,12.10984086,11.85629484,11.97703104,12.15813534,50035204,494895281.61,0.278,-1.4896,1,0
2025-06-04,sh.600025,11.96495742,11.96495742,11.7717795,11.79592674,11.97703104,35769997,351050554.29,0.1987,-1.5121,1,0
2025-06-05,sh.600025,11.79592674,11.86836846,11.68726416,11.7114114,11.79592674,28710849,279286996.29,0.1595,-0.7165,1,0
2025-06-06,sh.600025,11.72348502,11.78385312,11.66311692,11.74763226,11.7114114,21004658,204129639.64,0.1167,0.3093,1,0
2025-06-09,sh.600025,11.74763226,11.7717795,11.5906752,11.7114114,11.74763226,30387098,293454984.88,0.1688,-0.3083,1,0
2025-06-10,sh.600025,11.67519054,11.80800036,11.6510433,11.66311692,11.7114114,24319042,236272458.52,0.1351,-0.4124,1,0
2025-06-11,sh.600025,11.67519054,11.73555864,11.62689606,11.67519054,11.66311692,18664849,180529795.61,0.1037,0.1035,1,0
2025-06-12,sh.600025,11.66311692,11.7114114,11.55445434,11.61482244,11.67519054,22077261,212204000.01,0.1227,-0.5171,1,0
2025-06-13,sh.600025,11.5906752,11.79592674,11.57860158,11.73555864,11.61482244,38293690,372111128.85,0.2127,1.0395,1,0
2025-06-16,sh.600025,11.7114114,11.7717795,11.63896968,11.74763226,11.73555864,20323889,196912133.85,0.1129,0.1029,1,0
2025-06-17,sh.600025,11.7114114,11.97703104,11.68726416,11.96495742,11.74763226,35686580,350497139.4,0.1983,1.8499,1,0
2025-06-18,sh.600025,11.96495742,12.1339881,11.91666294,12.10984086,11.96495742,32577138,325872483.0,0.181,1.2109,1,0
2025-06-19,sh.600025,12.14680022,12.22071584,12.06056533,12.1960773,12.10984241,25737724,253588823.09,0.143,0.7121,1,0
2025-06-20,sh.600025,12.18375803,12.29463146,12.12216168,12.12216168,12.1960773,24223820,239937276.71,0.1346,-0.6061,1,0
2025-06-23,sh.600025,12.12216168,12.17143876,11.9496919,12.02360752,12.12216168,22442685,219259492.6,0.1247,-0.813,1,0
2025-06-24,sh.600025,12.04824606,12.0728846,11.91273409,11.97433044,12.02360752,28154142,273231626.58,0.1564,-0.4098,1,0
2025-06-25,sh.600025,11.96201117,12.10984241,11.93737263,12.08520387,11.97433044,29256354,285756986.5,0.1625,0.9259,1,0
2025-06-26,sh.600025,12.08520387,12.1960773,12.04824606,12.15911949,12.08520387,22750500,223972745.0,0.1264,0.6116,1,0
2025-06-27,sh.600025,12.14680022,12.15911949,11.83881847,11.85113774,12.15911949,48515902,469241682.24,0.2695,-2.5329,1,0
2025-06-30,sh.600025,11.8264992,11.92505336,11.76490285,11.76490285,11.85113774,23685500,227194392.0,0.1316,-0.7277,1,0
2025-07-01,sh.600025,11.78954139,11.93737263,11.76490285,11.90041482,11.76490285,24304309,234162230.67,0.135,1.1518,1,0
2025-07-02,sh.600025,11.90041482,11.93737263,11.85113774,11.86345701,11.90041482,14449900,139457290.17,0.0803,-0.3106,1,0
2025-07-03,sh.600025,11.86345701,11.88809555,11.74026431,11.78954139,11.86345701,21077700,201597964.0,0.1171,-0.6231,1,0
2025-07-04,sh.600025,11.80186066,11.87577628,11.77722212,11.85113774,11.78954139,16948567,162859598.54,0.0942,0.5225,1,0
2025-07-07,sh.600025,11.88809555,11.93737263,11.78954139,11.91273409,11.85113774,22181067,213717130.89,0.1232,0.5198,1,0
2025-07-08,sh.600025,11.90041482,11.90041482,11.75258358,11.80186066,11.91273409,26826975,256851423.25,0.149,-0.9307,1,0
2025-07-09,sh.600025,11.80186066,11.86345701,11.76490285,11.76490285,11.80186066,20558260,197008809.73,0.1142,-0.3132,1,0
2025-07-10,sh.600025,11.77722212,11.81417993,11.65402942,11.65402942,11.76490285,31132686,295699290.38,0.173,-0.9424,1,0
2025-07-11,sh.600025,11.64171015,11.74026431,11.62939088,11.64171015,11.65402942,24684219,234028193.12,0.1371,-0.1057,1,0
2025-07-14,sh.600025,11.65402942,11.75258358,11.65402942,11.66634869,11.64171015,23698279,225181523.61,0.1317,0.2116,1,0
2025-07-15,sh.600025,11.67866796,11.69098723,11.53083672,11.62939088,11.66634869,24476225,230306560.54,0.136,-0.3168,1,0
2025-07-16,sh.600025,11.62939088,11.67866796,11.5801138,11.59243307,11.62939088,15075088,142185941.46,0.0838,-0.3178,1,0
2025-07-17,sh.600025,11.60475234,11.64171015,11.49387891,11.51851745,11.59243307,19673441,183978152.94,0.1093,-0.6376,1,0
2025-07-18,sh.600025,11.53083672,11.61707161,11.48155964,11.59243307,11.51851745,23012376,215826622.91,0.1278,0.6417,1,0
2025-07-21,sh.600025,11.81417993,11.88809555,11.64171015,11.75258358,11.59243307,83337571,795621607.6,0.463,1.3815,1,0
2025-07-22,sh.600025,11.78954139,12.12216168,11.75258358,11.99896898,11.75258358,89268041,865303797.45,0.4959,2.0964,1,0
2025-07-23,sh.600025,12.06056533,12.10984241,11.65402942,11.66634869,11.99896898,77059012,736362215.39,0.4281,-2.7721,1,0
2025-07-24,sh.600025,11.64171015,11.65402942,11.49387891,11.61707161,11.66634869,42443733,397723095.22,0.2358,-0.4224,1,0
2025-07-25,sh.600025,11.56779453,11.60475234,11.51851745,11.54315599,11.61707161,24764999,232429514.64,0.1376,-0.6363,1,0
2025-07-28,sh.600025,11.53083672,11.54315599,11.39532475,11.41996329,11.54315599,32828500,305063277.0,0.1824,-1.0672,1,0
2025-07-29,sh.600025,11.40764402,11.46924037,11.40764402,11.46924037,11.41996329,16868961,156605953.89,0.0937,0.4315,1,0
2025-07-30,sh.600025,11.4569211,11.59243307,11.41996329,11.55547526,11.46924037,26703097,250004301.08,0.1484,0.7519,1,0
2025-07-31,sh.600025,11.51851745,11.51851745,11.32140913,11.44460183,11.55547526,38260922,353482482.98,0.2126,-0.9595,1,0
2025-08-01,sh.600025,11.40764402,11.43228256,11.3337284,11.35836694,11.44460183,13449598,124242733.52,0.0747,-0.7535,1,0
2025-08-04,sh.600025,11.3337284,11.43228256,11.29677059,11.39532475,11.35836694,16874207,155784402.68,0.0937,0.3254,1,0
2025-08-05,sh.600025,11.37068621,11.43228256,11.35836694,11.41996329,11.39532475,12516668,115788303.84,0.0695,0.2162,1,0
2025-08-06,sh.600025,11.43228256,11.44460183,11.37068621,11.41996329,11.41996329,11389400,105410747.0,0.0633,0.0,1,0
2025-08-07,sh.600025,11.41996329,11.41996329,11.3337284,11.37068621,11.41996329,16927062,156160751.26,0.094,-0.4315,1,0
2025-08-08,sh.600025,11.38300548,11.40764402,11.34604767,11.37068621,11.37068621,11903150,109949183.56,0.0661,0.0,1,0
2025-08-11,sh.600025,11.35836694,11.39532475,11.28445132,11.30908986,11.37068621,18759040,172229680.2,0.1042,-0.5417,1,0
2025-08-12,sh.600025,11.32140913,11.34604767,11.29677059,11.30908986,11.30908986,11944547,109784681.66,0.0664,0.0,1,0
2025-08-13,sh.600025,11.29677059,11.32140913,11.27213205,11.27213205,11.30908986,18438574,168991133.24,0.1024,-0.3268,1,0
2025-08-14,sh.600025,11.28445132,11.30908986,11.23517424,11.24749351,11.27213205,13161704,120483833.68,0.0731,-0.2186,1,0
2025-08-15,sh.600025,11.24749351,11.25981278,11.17357789,11.2105357,11.24749351,26458526,240530649.24,0.147,-0.3286,1,0
2025-08-18,sh.600025,11.22285497,11.25981278,11.18589716,11.22285497,11.2105357,22769240,207253440.4,0.1265,0.1099,1,0
2025-08-19,sh.600025,11.23517424,11.30908986,11.19821643,11.28445132,11.22285497,21320042,194836892.73,0.1184,0.5488,1,0
2025-08-20,sh.600025,11.28445132,11.39532475,11.25981278,11.38300548,11.28445132,22157470,204036167.52,0.1231,0.8734,1,0
2025-08-21,sh.600025,11.39532475,11.4569211,11.35836694,11.43228256,11.38300548,21381337,198399962.59,0.1188,0.4329,1,0
2025-08-22,sh.600025,11.4569211,11.46924037,11.35836694,11.41996329,11.43228256,19267747,178064623.28,0.107,-0.1078,1,0
2025-08-25,sh.600025,11.44460183,11.56779453,11.44460183,11.56779453,11.41996329,31548876,294869441.45,0.1753,1.2945,1,0
2025-08-26,sh.600025,11.56779453,11.5801138,11.29677059,11.29677059,11.56779453,59174666,548190691.99,0.3287,-2.3429,1,0
2025-08-27,sh.600025,11.37068621,11.50619818,11.27213205,11.28445132,11.29677059,46076398,424892880.26,0.256,-0.1091,1,0
2025-08-28,sh.600025,11.27213205,11.30908986,11.17357789,11.27213205,11.28445132,28090906,256428118.78,0.1561,-0.1092,1,0
2025-08-29,sh.600025,11.29677059,11.49387891,11.2105357,11.23517424,11.27213205,47093245,432647079.23,0.2616,-0.3279,1,0
2025-09-01,sh.600025,11.22285497,11.25981278,11.13662008,11.17357789,11.23517424,34547582,313567663.71,0.1919,-0.5482,1,0
2025-09-02,sh.600025,11.17357789,11.48155964,11.16125862,11.44460183,11.17357789,57426097,529185816.33,0.319,2.4256,1,0
2025-09-03,sh.600025,11.4569211,11.46924037,11.24749351,11.28445132,11.44460183,31123800,285974039.0,0.1729,-1.3994,1,0
2025-09-04,sh.600025,11.27213205,11.48155964,11.18589716,11.4569211,11.28445132,47090819,433158641.63,0.2616,1.5284,1,0
2025-09-05,sh.600025,11.40764402,11.49387891,11.37068621,11.48155964,11.4569211,33004760,306503919.54,0.1834,0.2151,1,0
2025-09-08,sh.600025,11.48155964,11.67866796,11.4569211,11.65402942,11.48155964,46892205,441845284.86,0.2605,1.5021,1,0
2025-09-09,sh.600025,11.67866796,11.69098723,11.55547526,11.60475234,11.65402942,25795829,242994102.89,0.1433,-0.4228,1,0
2025-09-10,sh.600025,11.64171015,11.64171015,11.51851745,11.5801138,11.60475234,23321799,219475957.99,0.1296,-0.2123,1,0
2025-09-11,sh.600025,11.56779453,11.62939088,11.53083672,11.62939088,11.5801138,29063929,273201647.15,0.1615,0.4255,1,0
2025-09-12,sh.600025,11.62939088,11.66634869,11.54315599,11.5801138,11.62939088,32640357,307354299.08,0.1813,-0.4237,1,0
2025-09-15,sh.600025,11.5801138,11.5801138,11.41996329,11.4569211,11.5801138,30739687,286563851.57,0.1708,-1.0638,1,0
2025-09-16,sh.600025,11.49387891,11.51851745,11.35836694,11.40764402,11.4569211,18381515,170143735.9,0.1021,-0.4301,1,0
2025-09-17,sh.600025,11.40764402,11.49387891,11.35836694,11.41996329,11.40764402,25194733,233433815.74,0.14,0.108,1,0
2025-09-18,sh.600025,11.41996329,11.44460183,11.25981278,11.30908986,11.41996329,25497368,234779090.82,0.1417,-0.9709,1,0
2025-09-19,sh.600025,11.28445132,11.34604767,11.2105357,11.29677059,11.30908986,21647900,198350583.99,0.1203,-0.1089,1,0
2025-09-22,sh.600025,11.30908986,11.37068621,11.23517424,11.32140913,11.29677059,16131900,147956295.99,0.0896,0.2181,1,0
2025-09-23,sh.600025,11.32140913,11.44460183,11.27213205,11.39532475,11.32140913,23333024,215447697.15,0.1296,0.6529,1,0
2025-09-24,sh.600025,11.43228256,11.48155964,11.34604767,11.40764402,11.39532475,18864575,174714178.4,0.1048,0.1081,1,0
2025-09-25,sh.600025,11.40764402,11.4569211,11.3337284,11.41996329,11.40764402,16683800,154283276.6,0.0927,0.108,1,0
2025-09-26,sh.600025,11.62939088,11.81417993,11.5801138,11.72794504,11.41996329,66560571,631479035.45,0.3698,2.6969,1,0
2025-09-29,sh.600025,11.72794504,11.78954139,11.5801138,11.69098723,11.72794504,40769458,386716355.0,0.2265,-0.3151,1,0
2025-09-30,sh.600025,11.65402942,11.72794504,11.60475234,11.64171015,11.69098723,23315728,220898371.96,0.1295,-0.4215,1,0
2025-10-09,sh.600025,11.66634869,11.80186066,11.56779453,11.78954139,11.64171015,41410961,393335262.84,0.2301,1.2698,1,0
2025-10-10,sh.600025,11.76490285,12.01128825,11.72794504,11.99896898,11.78954139,39866632,385504373.85,0.2215,1.7764,1,0
2025-10-13,sh.600025,11.92505336,12.03592679,11.72794504,12.01128825,11.99896898,41482116,400750492.58,0.2305,0.1027,1,0
2025-10-14,sh.600025,12.01128825,12.12216168,11.90041482,12.0728846,12.01128825,33421333,326606915.41,0.1857,0.5128,1,0
2025-10-15,sh.600025,12.08520387,12.12216168,11.88809555,12.06056533,12.0728846,33901155,330899887.01,0.1883,-0.102,1,0
2025-10-16,sh.600025,12.0728846,12.38086635,12.06056533,12.31927,12.06056533,43088340,428788541.59,0.2394,2.145,1,0
2025-10-17,sh.600025,12.31927,12.38086635,12.18375803,12.24535438,12.31927,32155283,321159879.85,0.1786,-0.6,1,0
2025-10-20,sh.600025,12.22071584,12.35622781,12.13448095,12.34390854,12.24535438,31366900,312256848.56,0.1743,0.8048,1,0
2025-10-21,sh.600025,12.30695073,12.36854708,12.25767365,12.31927,12.34390854,24332368,243023381.82,0.1352,-0.1996,1,0
2025-10-22,sh.600025,12.31927,12.41782416,12.26999292,12.34390854,12.31927,22006811,220464981.0,0.1223,0.2,1,0
2025-10-23,sh.600025,12.33158927,12.57797467,12.31927,12.54101686,12.34390854,35273500,358171532.0,0.196,1.5968,1,0
2025-10-24,sh.600025,12.49173978,12.54101686,12.33158927,12.35622781,12.54101686,30402600,306214672.0,0.1689,-1.4735,1,0
2025-10-27,sh.600025,12.33158927,12.54101686,12.28231219,12.46710124,12.35622781,27029230,272861393.92,0.1502,0.8973,1,0
2025-10-28,sh.600025,12.49173978,12.54101686,12.39318562,12.45478197,12.46710124,20924237,211781386.42,0.1162,-0.0988,1,0
2025-10-29,sh.600025,12.4424627,12.47942051,12.34390854,12.43014343,12.45478197,20447500,206004230.0,0.1136,-0.1978,1,0
2025-10-30,sh.600025,12.43014343,12.57797467,12.36854708,12.52869759,12.43014343,27907708,283805052.11,0.155,0.7929,1,0
2025-10-31,sh.600025,12.38086635,12.40550489,12.01128825,12.12216168,12.52869759,55653885,548824463.16,0.3092,-3.2448,1,0
2025-11-03,sh.600025,12.04824606,12.24535438,12.04824606,12.10984241,12.12216168,25377364,249929023.15,0.141,-0.1016,1,0
2025-11-04,sh.600025,12.14680022,12.23303511,12.10984241,12.13448095,12.10984241,24228391,239316126.51,0.1346,0.2035,1,0
2025-11-05,sh.600025,12.13448095,12.13448095,11.98664971,12.01128825,12.13448095,20771977,203086330.47,0.1154,-1.0152,1,0
2025-11-06,sh.600025,12.02360752,12.1960773,11.97433044,12.13448095,12.01128825,24966197,245876608.73,0.1387,1.0256,1,0
2025-11-07,sh.600025,12.12216168,12.23303511,12.02360752,12.09752314,12.13448095,27227216,267890238.58,0.1513,-0.3046,1,0
2025-11-10,sh.600025,12.0728846,12.13448095,12.03592679,12.08520387,12.09752314,16012200,157167466.0,0.089,-0.1018,1,0
2025-11-11,sh.600025,12.09752314,12.13448095,12.03592679,12.06056533,12.08520387,21076343,206741789.08,0.1171,-0.2039,1,0
2025-11-12,sh.600025,12.09752314,12.18375803,12.06056533,12.0728846,12.06056533,17884642,175912293.82,0.0994,0.1021,1,0
2025-11-13,sh.600025,12.0728846,12.08520387,11.80186066,11.90041482,12.0728846,38932000,376511831.0,0.2163,-1.4286,1,0
2025-11-14,sh.600025,11.88809555,11.93737263,11.71562577,11.71562577,11.90041482,26038915,249564573.63,0.1447,-1.5528,1,0
2025-11-17,sh.600025,11.77722212,11.77722212,11.59243307,11.65402942,11.71562577,20355041,192580956.06,0.1131,-0.5258,1,0
2025-11-18,sh.600025,11.69098723,11.74026431,11.60475234,11.62939088,11.65402942,13282612,125740215.04,0.0738,-0.2114,1,0
2025-11-19,sh.600025,11.64171015,11.7033065,11.5801138,11.65402942,11.62939088,16900500,159759221.0,0.0939,0.2119,1,0
2025-11-20,sh.600025,11.65402942,11.83881847,11.64171015,11.74026431,11.65402942,22956976,218752309.36,0.1275,0.74,1,0
2025-11-21,sh.600025,11.7033065,11.74026431,11.61707161,11.66634869,11.74026431,27747860,262971530.8,0.1542,-0.6296,1,0
2025-11-24,sh.600025,11.65402942,11.67866796,11.49387891,11.59243307,11.66634869,29503498,277133441.32,0.1639,-0.6336,1,0
2025-11-25,sh.600025,11.5801138,11.67866796,11.51851745,11.64171015,11.59243307,19875419,187061661.71,0.1104,0.4251,1,0
2025-11-26,sh.600025,11.64171015,11.71562577,11.56779453,11.62939088,11.64171015,16438400,155283424.0,0.0913,-0.1058,1,0
2025-11-27,sh.600025,11.64171015,11.78954139,11.5801138,11.72794504,11.62939088,19633345,186488918.95,0.1091,0.8475,1,0
2025-11-28,sh.600025,11.72794504,11.75258358,11.59243307,11.66634869,11.72794504,14628528,138214163.21,0.0813,-0.5252,1,0
2025-12-01,sh.600025,11.66634869,11.71562577,11.62939088,11.7033065,11.66634869,14208800,134645181.0,0.0789,0.3168,1,0
2025-12-02,sh.600025,11.71562577,11.76490285,11.66634869,11.71562577,11.7033065,13227467,125810509.5,0.0735,0.1053,1,0
2025-12-03,sh.600025,11.74026431,11.91273409,11.7033065,11.88809555,11.71562577,26976481,259328007.33,0.1499,1.4721,1,0
2025-12-04,sh.600025,11.90041482,11.96201117,11.83881847,11.86345701,11.88809555,19079199,184377903.87,0.106,-0.2073,1,0
2025-12-05,sh.600025,11.90041482,11.9496919,11.80186066,11.8264992,11.86345701,19173449,184435927.37,0.1065,-0.3115,1,0
2025-12-08,sh.600025,11.8264992,11.8264992,11.5801138,11.59243307,11.8264992,28250900,267043184.0,0.1569,-1.9792,1,0
2025-12-09,sh.600025,11.5801138,11.67866796,11.48155964,11.54315599,11.59243307,20423368,191980848.27,0.1135,-0.4251,1,0
2025-12-10,sh.600025,11.55547526,11.7033065,11.51851745,11.61707161,11.54315599,16971391,160392276.95,0.0943,0.6403,1,0
2025-12-11,sh.600025,11.60475234,11.67866796,11.55547526,11.64171015,11.61707161,15878327,149679514.08,0.0882,0.2121,1,0
2025-12-12,sh.600025,11.61707161,11.62939088,11.51851745,11.60475234,11.64171015,24862307,233510843.72,0.1381,-0.3175,1,0
2025-12-15,sh.600025,11.59243307,11.61707161,11.51851745,11.51851745,11.60475234,14520099,136180236.62,0.0807,-0.7431,1,0
2025-12-16,sh.600025,11.53083672,11.62939088,11.39532475,11.60475234,11.51851745,31604253,295554127.15,0.1756,0.7487,1,0
2025-12-17,sh.600025,11.55547526,11.60475234,11.51851745,11.54315599,11.60475234,14637015,137343610.15,0.0813,-0.5308,1,0
2025-12-18,sh.600025,11.54315599,11.60475234,11.51851745,11.56779453,11.54315599,13950600,130922926.0,0.0775,0.2134,1,0
2025-12-19,sh.600025,11.56779453,11.5801138,11.50619818,11.54315599,11.56779453,18272158,171188573.68,0.1015,-0.213,1,0
2025-12-22,sh.600025,11.51851745,11.53083672,11.40764402,11.40764402,11.54315599,22909700,212818268.0,0.1273,-1.174,1,0
2025-12-23,sh.600025,11.40764402,11.48155964,11.37068621,11.38300548,11.40764402,17628277,163245309.71,0.0979,-0.216,1,0
2025-12-24,sh.600025,11.40764402,11.40764402,11.30908986,11.37068621,11.38300548,16644000,153273149.0,0.0925,-0.1082,1,0
2025-12-25,sh.600025,11.37068621,11.41996329,11.34604767,11.37068621,11.37068621,13176800,121685090.0,0.0732,0.0,1,0
2025-12-26,sh.600025,11.37068621,11.38300548,11.32140913,11.32140913,11.37068621,17374400,159819660.0,0.0965,-0.4334,1,0
2025-12-29,sh.600025,11.30908986,11.3337284,11.18589716,11.2105357,11.32140913,31291779,285334393.32,0.1738,-0.9793,1,0
2025-12-30,sh.600025,11.19821643,11.2105357,11.11198154,11.14893935,11.2105357,19255540,174150253.18,0.107,-0.5495,1,0
2025-12-31,sh.600025,11.13662008,11.2105357,11.11198154,11.18589716,11.14893935,13152857,119381492.13,0.0731,0.3315,1,0
