date,code,open,high,low,close,preclose,volume,amount,turn,pctChg,tradestatus,isST
2021-01-04,sh.600547,419.19821792,425.84660368,417.79855776,422.87232584,413.24966224,42050262,1014238865.12,1.278,2.3285,1,0
2021-01-05,sh.600547,427.7711364,434.59447968,423.22224088,432.66994696,422.87232584,56536536,1385175098.24,1.7182,2.3169,1,0
2021-01-06,sh.600547,431.44524432,434.7694372,421.82258072,426.19651872,432.66994696,37475818,913875684.24,1.1389,-1.4962,1,0
2021-01-07,sh.600547,419.898048,431.2702868,417.79855776,431.09532928,426.19651872,42532539,1036290958.59,1.2926,1.1494,1,0
2021-01-08,sh.600547,426.8963488,427.94609392,420.24796304,424.44694352,431.09532928,35039453,848545733.04,1.0649,-1.5422,1,0
2021-01-11,sh.600547,411.150172,414.29940736,406.60127648,409.22563928,424.44694352,42714965,1000947688.16,1.2982,-3.5862,1,0
2021-01-12,sh.600547,407.6510216,411.150172,405.55153136,411.150172,409.22563928,25845691,602832062.11,0.7855,0.4703,1,0
2021-01-13,sh.600547,409.22563928,410.80025696,406.07640392,408.35085168,411.150172,24467426,570383656.32,0.7436,-0.6809,1,0
2021-01-14,sh.600547,406.776234,407.82597912,397.32852792,398.55323056,408.35085168,41909604,960897827.51,1.2737,-2.3993,1,0
2021-01-15,sh.600547,398.9031456,401.5275084,398.9031456,400.30280576,398.55323056,18965827,433262776.52,0.5764,0.439,1,0
2021-01-18,sh.600547,395.4039952,403.62699864,392.60467488,403.62699864,400.30280576,22330800,508158613.82,0.6314,0.8304,1,0
2021-01-19,sh.600547,403.97691368,405.72648888,399.7779332,404.85170128,403.62699864,19214923,442321339.76,0.5433,0.3034,1,0
2021-01-20,sh.600547,402.402296,404.1518712,400.6527208,402.75221104,404.85170128,16618133,381874282.18,0.4699,-0.5186,1,0
2021-01-21,sh.600547,405.20161632,405.72648888,401.17759336,403.45204112,402.75221104,24222338,558662763.06,0.6849,0.1738,1,0
2021-01-22,sh.600547,400.47776328,400.47776328,394.35425008,395.05408016,403.45204112,26480550,599330972.47,0.7488,-2.0815,1,0
2021-01-25,sh.600547,394.17929256,394.5292076,385.25645904,385.60637408,395.05408016,32022881,709504353.36,0.9055,-2.3915,1,0
2021-01-26,sh.600547,384.906544,408.87572424,378.43311576,402.57725352,385.60637408,48485214,1090532097.16,1.371,4.4011,1,0
2021-01-27,sh.600547,393.65442,398.20331552,388.58065192,388.93056696,402.57725352,27415847,615621201.53,0.7752,-3.3898,1,0
2021-01-28,sh.600547,384.906544,393.47946248,382.98201128,385.95628912,388.93056696,19724050,437065684.14,0.5577,-0.7647,1,0
2021-01-29,sh.600547,389.45543952,391.55492976,383.1569688,388.58065192,385.95628912,19087371,422400503.7,0.5397,0.68,1,0
2021-02-01,sh.600547,390.1552696,402.402296,390.1552696,399.42801816,388.58065192,31654847,718081514.66,0.8951,2.7915,1,0
2021-02-02,sh.600547,395.4039952,396.45374032,389.45543952,390.1552696,399.42801816,23030516,516184413.97,0.6512,-2.3215,1,0
2021-02-03,sh.600547,385.43141656,390.1552696,383.1569688,385.95628912,390.1552696,18606464,410953205.69,0.5261,-1.0762,1,0
2021-02-04,sh.600547,386.13124664,386.13124664,368.98540968,371.78473,385.95628912,31107099,666874490.1,0.8796,-3.6718,1,0
2021-02-05,sh.600547,363.38676904,371.43481496,363.036854,364.08659912,371.78473,21815741,455682349.26,0.6169,-2.0706,1,0
2021-02-08,sh.600547,367.23583448,373.35934768,365.6612168,370.56002736,364.08659912,16361546,345771926.53,0.4626,1.778,1,0
2021-02-09,sh.600547,374.05917776,378.43311576,372.30960256,374.23413528,370.56002736,20703795,443761282.62,0.5854,0.9915,1,0
2021-02-10,sh.600547,373.00943264,380.88252104,369.1603672,380.18269096,374.23413528,21733150,467532356.52,0.6145,1.5895,1,0
2021-02-18,sh.600547,378.43311576,391.9048448,376.158668,386.6561192,380.18269096,39885145,878539122.59,1.1278,1.7027,1,0
2021-02-19,sh.600547,383.1569688,393.30450496,381.4073936,391.72988728,386.6561192,36244199,804659433.35,1.0249,1.3122,1,0
2021-02-22,sh.600547,394.5292076,428.645924,394.35425008,418.84830288,391.72988728,108268068,2569574600.7,3.0615,6.9227,1,0
2021-02-23,sh.600547,419.898048,428.645924,409.4005968,421.29770816,418.84830288,82759109,1997904936.26,2.3401,0.5848,1,0
2021-02-24,sh.600547,416.3988976,419.898048,398.9031456,404.1518712,421.29770816,59397410,1388752927.58,1.6796,-4.0698,1,0
2021-02-25,sh.600547,408.5258092,410.10042688,397.85340048,398.72818808,404.1518712,31540200,725561147.89,0.8918,-1.342,1,0
2021-02-26,sh.600547,390.68014216,394.00433504,387.5309068,388.58065192,398.72818808,29493991,657676233.66,0.834,-2.545,1,0
2021-03-01,sh.600547,391.0300572,391.55492976,384.906544,391.20501472,388.58065192,23344371,518543521.81,0.6601,0.6754,1,0
2021-03-02,sh.600547,386.6561192,392.07980232,379.30790336,392.07980232,391.20501472,37184624,816024388.44,1.0515,0.2236,1,0
2021-03-03,sh.600547,391.55492976,395.4039952,388.75560944,393.47946248,392.07980232,21428370,479844798.67,0.6059,0.357,1,0
2021-03-04,sh.600547,387.88082184,396.80365536,386.48116168,389.80535456,393.47946248,25647293,574855943.54,0.7252,-0.9337,1,0
2021-03-05,sh.600547,384.906544,389.45543952,382.2821812,387.70586432,389.80535456,16581080,365986791.62,0.4689,-0.5386,1,0
2021-03-08,sh.600547,390.68014216,395.92886776,386.6561192,387.70586432,387.70586432,25458980,570939501.33,0.7199,0.0,1,0
2021-03-09,sh.600547,384.20671392,387.5309068,373.70926272,376.85849808,387.70586432,25564427,554768127.32,0.7229,-2.7978,1,0
2021-03-10,sh.600547,382.63209624,384.20671392,371.78473,372.48456008,376.85849808,20210925,434285609.61,0.5715,-1.1606,1,0
2021-03-11,sh.600547,372.6595176,390.1552696,372.6595176,387.70586432,372.48456008,29183025,637935400.09,0.8252,4.0864,1,0
2021-03-12,sh.600547,384.906544,386.30620416,379.83277592,381.05747856,387.70586432,16735476,365362077.35,0.4732,-1.7148,1,0
2021-03-15,sh.600547,384.0317564,388.93056696,380.35764848,383.33192632,381.05747856,17202479,378314152.99,0.4864,0.5969,1,0
2021-03-16,sh.600547,383.68184136,387.88082184,381.05747856,385.08150152,383.33192632,12516858,275030142.27,0.3539,0.4564,1,0
2021-03-17,sh.600547,383.1569688,387.35594928,381.75730864,385.7813316,385.08150152,13339768,293363855.9,0.3772,0.1817,1,0
2021-03-18,sh.600547,391.0300572,394.35425008,388.75560944,389.63039704,385.7813316,20981310,468638692.33,0.5933,0.9977,1,0
2021-03-19,sh.600547,383.1569688,387.5309068,379.83277592,387.5309068,389.63039704,18385968,403016620.95,0.5199,-0.5388,1,0
2021-03-22,sh.600547,384.0317564,386.13124664,381.4073936,385.08150152,387.5309068,13022069,285999697.26,0.3682,-0.6321,1,0
2021-03-23,sh.600547,384.38167144,385.08150152,379.13294584,382.2821812,385.08150152,14603553,318597018.98,0.4129,-0.7269,1,0
2021-03-24,sh.600547,379.83277592,382.45713872,378.08320072,381.4073936,382.2821812,14550816,316013185.35,0.4114,-0.2288,1,0
2021-03-25,sh.600547,380.70756352,384.0317564,379.30790336,379.48286088,381.4073936,11993562,261487719.69,0.3391,-0.5046,1,0
2021-03-26,sh.600547,379.30790336,380.35764848,374.4090928,380.35764848,379.48286088,15021024,324299300.8,0.4247,0.2305,1,0
2021-03-29,sh.600547,380.18269096,380.532606,376.68354056,377.73328568,380.35764848,11798703,254775780.83,0.3336,-0.69,1,0
2021-03-30,sh.600547,375.2838804,375.2838804,372.48456008,374.23413528,377.73328568,14988904,320021109.69,0.4238,-0.9264,1,0
2021-03-31,sh.600547,369.1603672,373.5343052,368.81045216,372.83447512,374.23413528,10717736,227421945.93,0.3031,-0.374,1,0
2021-04-01,sh.600547,375.2838804,375.80875296,372.6595176,373.88422024,372.83447512,8889336,189951419.39,0.2514,0.2816,1,0
2021-04-02,sh.600547,379.13294584,379.83277592,374.05917776,374.93396536,373.88422024,14106227,303234678.28,0.3989,0.2808,1,0
2021-04-06,sh.600547,374.4090928,376.158668,370.21011232,371.25985744,374.93396536,17804447,378423257.21,0.5034,-0.9799,1,0
2021-04-07,sh.600547,371.78473,373.35934768,370.9099424,372.48456008,371.25985744,13086542,278154863.5,0.37,0.3299,1,0
2021-04-08,sh.600547,370.73498488,376.33362552,369.1603672,374.93396536,372.48456008,15747033,336259374.65,0.4453,0.6576,1,0
2021-04-09,sh.600547,376.68354056,380.35764848,372.48456008,373.5343052,374.93396536,20492038,441595822.47,0.5794,-0.3733,1,0
2021-04-12,sh.600547,373.00943264,373.5343052,367.58574952,367.76070704,373.5343052,17981758,379977719.8,0.5085,-1.5457,1,0
2021-04-13,sh.600547,357.7881284,357.7881284,345.36614448,346.94076216,367.76070704,40611572,809222005.62,1.1484,-5.6613,1,0
2021-04-14,sh.600547,348.1654648,350.61487008,345.36614448,349.74008248,346.94076216,13776587,273740690.51,0.3896,0.8069,1,0
2021-04-15,sh.600547,348.1654648,348.1654648,344.49135688,347.46563472,349.74008248,12180194,240944115.81,0.3444,-0.6503,1,0
2021-04-16,sh.600547,349.91504,354.98880808,349.91504,352.88931784,347.46563472,16569493,334262084.31,0.4685,1.5609,1,0
2021-04-19,sh.600547,353.4141904,356.9133408,351.31470016,356.21351072,352.88931784,13602657,276320525.34,0.3846,0.942,1,0
2021-04-20,sh.600547,353.06427536,355.1637656,352.18948776,353.58914792,356.21351072,11996504,242316942.22,0.3392,-0.7367,1,0
2021-04-21,sh.600547,353.58914792,354.46393552,351.31470016,354.11402048,353.58914792,12262663,247243032.44,0.3467,0.1484,1,0
2021-04-22,sh.600547,356.21351072,357.61317088,352.01453024,353.23923288,354.11402048,12474708,252837627.88,0.3527,-0.247,1,0
2021-04-23,sh.600547,350.08999752,352.5394028,350.08999752,351.6646152,353.23923288,10700561,214678186.86,0.3026,-0.4458,1,0
2021-04-26,sh.600547,350.08999752,353.06427536,350.08999752,350.08999752,351.6646152,12612351,253234559.99,0.3566,-0.4478,1,0
2021-04-27,sh.600547,350.08999752,350.96478512,341.51707904,343.96648432,350.08999752,16726410,330272505.6,0.473,-1.7491,1,0
2021-04-28,sh.600547,341.69203656,341.86699408,336.96818352,338.19288616,343.96648432,18012527,348085642.97,0.5093,-1.6785,1,0
2021-04-29,sh.600547,339.94246136,346.06597456,339.94246136,345.01622944,338.19288616,15428569,303206427.76,0.4363,2.0176,1,0
2021-04-30,sh.600547,342.9167392,342.9167392,334.34382072,338.71775872,345.01622944,19617807,378678743.0,0.5547,-1.8256,1,0
2021-05-06,sh.600547,339.94246136,345.19118696,339.94246136,343.61656928,338.71775872,13210767,258868884.91,0.3736,1.4463,1,0
2021-05-07,sh.600547,349.0402524,369.33532472,349.0402524,364.26155664,343.61656928,52748613,1092073146.23,1.4916,6.0081,1,0
2021-05-10,sh.600547,367.410792,391.72988728,367.410792,389.10552448,364.26155664,70156778,1530542040.91,1.9838,6.8204,1,0
2021-05-11,sh.600547,382.98201128,383.1569688,373.35934768,379.6578184,389.10552448,37027511,801218598.46,1.047,-2.4281,1,0
2021-05-12,sh.600547,376.158668,378.7830308,370.0351548,372.13464504,379.6578184,28383455,604387371.19,0.8026,-1.9816,1,0
2021-05-13,sh.600547,365.48625928,367.06087696,359.18778856,361.98710888,372.13464504,23965495,496553734.82,0.6777,-2.7268,1,0
2021-05-14,sh.600547,363.036854,365.31130176,359.18778856,364.08659912,361.98710888,27398521,566328312.49,0.7747,0.58,1,0
2021-05-17,sh.600547,372.6595176,376.158668,364.43651416,370.73498488,364.08659912,32719674,691774150.2,0.9252,1.826,1,0
2021-05-18,sh.600547,381.75730864,384.0317564,373.88422024,375.63379544,370.73498488,32985642,713135474.0,0.9327,1.3214,1,0
2021-05-19,sh.600547,372.6595176,378.7830308,369.1603672,376.68354056,375.63379544,20067538,427521517.7,0.5674,0.2795,1,0
2021-05-20,sh.600547,370.0351548,377.9082432,364.7864292,372.48456008,376.68354056,23765733,502975172.17,0.672,-1.1147,1,0
2021-05-21,sh.600547,370.56002736,374.05917776,367.06087696,367.58574952,372.48456008,16821741,356418935.99,0.4757,-1.3152,1,0
2021-05-24,sh.600547,370.0351548,373.5343052,368.46053712,369.51028224,367.58574952,12912955,273428102.05,0.3651,0.5236,1,0
2021-05-25,sh.600547,365.31130176,369.33532472,360.76240624,369.33532472,369.51028224,21314944,445094014.64,0.6027,-0.0473,1,0
2021-05-26,sh.600547,373.35934768,389.10552448,372.6595176,382.2821812,369.33532472,50226924,1094340287.9,1.4202,3.5054,1,0
2021-05-27,sh.600547,377.0334556,379.13294584,373.88422024,376.158668,382.2821812,22199869,477594249.43,0.6277,-1.6018,1,0
2021-05-28,sh.600547,376.158668,377.38337064,369.51028224,370.38506984,376.158668,21204790,450716975.38,0.5996,-1.5349,1,0
2021-05-31,sh.600547,374.58405032,377.0334556,371.60977248,373.88422024,370.38506984,18120078,387284531.18,0.5124,0.9447,1,0
2021-06-01,sh.600547,376.158668,377.0334556,372.6595176,376.50858304,373.88422024,18940062,405796593.59,0.5356,0.7019,1,0
2021-06-02,sh.600547,373.5343052,373.5343052,364.7864292,365.13634424,376.50858304,25304486,531052656.04,0.7155,-3.0204,1,0
2021-06-03,sh.600547,365.6612168,367.410792,363.56172656,363.9116416,365.13634424,12327256,257337144.63,0.3486,-0.3354,1,0
2021-06-04,sh.600547,356.73838328,361.2872788,352.01453024,358.13804344,363.9116416,18977959,385501168.45,0.5366,-1.5865,1,0
2021-06-07,sh.600547,358.662916,360.76240624,355.86359568,356.9133408,358.13804344,11007941,224536053.07,0.3113,-0.342,1,0
2021-06-08,sh.600547,359.88761864,360.06257616,353.58914792,354.11402048,356.9133408,13481823,274002468.07,0.3812,-0.7843,1,0
2021-06-09,sh.600547,355.1637656,355.68863816,352.5394028,353.58914792,354.11402048,11604592,234679218.11,0.3281,-0.1482,1,0
2021-06-10,sh.600547,352.88931784,352.88931784,349.56512496,350.08999752,353.58914792,20908335,419031565.96,0.5912,-0.9896,1,0
2021-06-11,sh.600547,352.5394028,355.68863816,350.43991256,355.51368064,350.08999752,19812810,400065887.73,0.5602,1.5492,1,0
2021-06-15,sh.600547,348.1654648,348.86529488,343.7915268,345.89101704,355.51368064,23929365,472711674.0,0.6766,-2.7067,1,0
2021-06-16,sh.600547,342.9167392,346.59084712,342.9167392,345.01622944,345.89101704,10319684,203404571.51,0.2918,-0.2529,1,0
2021-06-17,sh.600547,340.2923764,342.9167392,338.5428012,340.81724896,345.01622944,13993657,272356790.55,0.3957,-1.217,1,0
2021-06-18,sh.600547,335.56852336,340.64229144,332.419288,339.24263128,340.81724896,16427609,316047460.78,0.4645,-0.462,1,0
2021-06-21,sh.600547,337.6680136,342.21690912,336.26835344,342.21690912,339.24263128,11653709,226441802.22,0.3295,0.8767,1,0
2021-06-22,sh.600547,342.56682416,345.01622944,339.94246136,340.2923764,342.21690912,12926104,252744189.3,0.3655,-0.5624,1,0
2021-06-23,sh.600547,340.64229144,340.99220648,337.31809856,338.71775872,340.2923764,10110561,195876774.26,0.2859,-0.4627,1,0
2021-06-24,sh.600547,338.01792864,340.46733392,336.793226,338.71775872,338.71775872,8850060,171302755.67,0.2502,0.0,1,0
2021-06-25,sh.600547,338.36784368,343.09169672,337.49305608,342.0419516,338.71775872,11545729,224909435.96,0.3265,0.9814,1,0
2021-06-28,sh.600547,342.21690912,342.39186664,339.4175888,341.69203656,342.0419516,8737768,170123033.96,0.2471,-0.1023,1,0
2021-06-29,sh.600547,340.46733392,340.46733392,336.09339592,336.44331096,341.69203656,12248686,236496276.94,0.3464,-1.5361,1,0
2021-06-30,sh.600547,334.51877824,338.36784368,334.1688632,336.26835344,336.44331096,9297979,178535691.19,0.2629,-0.052,1,0
2021-07-01,sh.600547,336.26835344,339.59254632,335.39356584,339.4175888,336.26835344,11684104,225976124.53,0.3304,0.9365,1,0
2021-07-02,sh.600547,337.6680136,342.39186664,335.21860832,335.74348088,339.4175888,16119688,311822333.79,0.4558,-1.0825,1,0
2021-07-05,sh.600547,337.6680136,338.5428012,334.86869328,336.96818352,335.74348088,11778798,226536385.52,0.3331,0.3648,1,0
2021-07-06,sh.600547,337.14314104,342.74178168,336.09339592,342.56682416,336.96818352,18351022,356597968.78,0.5189,1.6615,1,0
2021-07-07,sh.600547,340.11741888,341.167164,338.71775872,340.64229144,342.56682416,12428417,241317889.79,0.3514,-0.5618,1,0
2021-07-08,sh.600547,340.64229144,340.64229144,334.1688632,334.86869328,340.64229144,17379544,333458305.31,0.4914,-1.6949,1,0
2021-07-09,sh.600547,334.69373576,339.94246136,334.34382072,338.19288616,334.86869328,19144077,368967516.28,0.5413,0.9927,1,0
2021-07-12,sh.600547,339.4175888,341.167164,333.81894816,334.69373576,338.19288616,29010691,557134780.56,0.8203,-1.0347,1,0
2021-07-13,sh.600547,334.1688632,334.69373576,326.2957748,327.34551992,334.69373576,41397683,777892016.93,1.1706,-2.1955,1,0
2021-07-14,sh.600547,327.1705624,327.34551992,316.32319616,320.87209168,327.34551992,31836771,582182656.23,0.9002,-1.9776,1,0
2021-07-15,sh.600547,316.6731112,316.84806872,297.427784,302.85146712,320.87209168,63671822,1110441638.97,1.8004,-5.6161,1,0
2021-07-16,sh.600547,300.57701936,305.12591488,299.52727424,303.72625472,302.85146712,24573518,424604761.96,0.6949,0.2889,1,0
2021-07-19,sh.600547,303.02642464,303.02642464,297.60274152,301.10189192,303.72625472,18865248,322909818.93,0.5334,-0.8641,1,0
2021-07-20,sh.600547,301.97667952,305.47582992,301.801722,304.77599984,301.10189192,15758230,273810831.64,0.4456,1.2202,1,0
2021-07-21,sh.600547,302.32659456,304.4260848,301.45180696,303.20138216,304.77599984,12062663,208921101.95,0.3411,-0.5166,1,0
2021-07-22,sh.600547,303.72625472,306.87549008,301.801722,305.82574496,303.20138216,16317913,284137527.77,0.4614,0.8656,1,0
2021-07-23,sh.600547,306.00070248,314.0487484,305.12591488,307.75027768,305.82574496,26527456,468465740.08,0.7501,0.6293,1,0
2021-07-26,sh.600547,307.9252352,309.32489536,302.32659456,303.72625472,307.75027768,18475731,321232564.29,0.5224,-1.3076,1,0
2021-07-27,sh.600547,305.3054112,310.74476048,303.90170816,306.70911424,303.72624528,21677017,380630486.51,0.613,0.9821,1,0
2021-07-28,sh.600547,306.1827256,307.06004,295.30402704,297.93597024,306.70911424,19250226,328069290.65,0.5443,-2.8604,1,0
2021-07-29,sh.600547,302.14707936,305.65633696,298.63782176,303.19985664,297.93597024,16378954,281822300.86,0.4631,1.7668,1,0
2021-07-30,sh.600547,306.35818848,311.446612,304.07717104,308.11281728,303.19985664,23037482,404224180.12,0.6514,1.6204,1,0
2021-08-02,sh.600547,304.95448544,309.86744608,301.62069072,306.70911424,308.11281728,20418001,355472351.33,0.5774,-0.4556,1,0
2021-08-03,sh.600547,304.60355968,307.23550288,301.62069072,303.19985664,306.70911424,17890982,309564372.54,0.5059,-1.1442,1,0
2021-08-04,sh.600547,303.19985664,304.07717104,301.09430208,303.5507824,303.19985664,12157877,209905964.55,0.3438,0.1157,1,0
2021-08-05,sh.600547,302.673468,303.72624528,300.74337632,301.44522784,303.5507824,11669753,200728217.48,0.33,-0.6936,1,0
2021-08-06,sh.600547,306.35818848,312.14846352,304.60355968,306.88457712,301.44522784,30914409,542745355.51,0.8742,1.8044,1,0
2021-08-09,sh.600547,298.46235888,305.83179984,296.70773008,305.48087408,306.88457712,20653954,355443992.14,0.584,-0.4574,1,0
2021-08-10,sh.600547,303.72624528,305.48087408,301.97161648,304.77902256,305.48087408,13914229,240969326.27,0.3934,-0.2298,1,0
2021-08-11,sh.600547,303.5507824,311.446612,303.02439376,307.41096576,304.77902256,20920836,366868839.89,0.5916,0.8636,1,0
2021-08-12,sh.600547,307.9373544,321.79892192,307.9373544,319.69336736,307.41096576,52770316,949607851.4,1.4922,3.9954,1,0
2021-08-13,sh.600547,316.18410976,322.14984768,314.0785552,319.3424416,319.69336736,28954290,525931275.94,0.8187,-0.1098,1,0
2021-08-16,sh.600547,322.14984768,327.41373408,314.9558696,316.35957264,319.3424416,28985139,529407598.0,0.8196,-0.9341,1,0
2021-08-17,sh.600547,317.5878128,319.3424416,311.62207488,312.49938928,316.35957264,19536493,350900639.77,0.5524,-1.2202,1,0
2021-08-18,sh.600547,311.97300064,314.78040672,309.16559456,314.60494384,312.49938928,14931208,265666621.57,0.4222,0.6738,1,0
2021-08-19,sh.600547,311.446612,312.85031504,307.06004,307.9373544,314.60494384,19835237,349775927.04,0.5609,-2.1194,1,0
2021-08-20,sh.600547,304.95448544,308.8146688,304.07717104,308.63920592,307.9373544,14315301,249856449.87,0.4048,0.2279,1,0
2021-08-23,sh.600547,307.06004,310.04290896,307.06004,308.63920592,308.63920592,12378740,217717273.0,0.35,0.0,1,0
2021-08-24,sh.600547,311.09568624,313.90309232,308.8146688,312.85031504,308.63920592,19974712,354829291.99,0.5648,1.3644,1,0
2021-08-25,sh.600547,311.79753776,311.79753776,307.58642864,310.74476048,312.85031504,15369174,271029422.25,0.4346,-0.673,1,0
2021-08-26,sh.600547,310.21837184,315.13133248,308.11281728,311.09568624,310.74476048,19268652,343059583.68,0.5449,0.1129,1,0
2021-08-27,sh.600547,309.16559456,316.88596128,308.28828016,316.88596128,311.09568624,24826534,442376899.08,0.702,1.8613,1,0
2021-08-30,sh.600547,318.99151584,320.74614464,310.92022336,313.2012408,316.88596128,23721713,425409184.64,0.6708,-1.1628,1,0
2021-08-31,sh.600547,312.67485216,315.833184,308.46374304,315.833184,313.2012408,19806614,351007731.14,0.5601,0.8403,1,0
2021-09-01,sh.600547,313.72762944,320.39521888,312.49938928,319.86883024,315.833184,32612191,590328154.25,0.9222,1.2778,1,0
2021-09-02,sh.600547,317.93873856,322.14984768,317.5878128,319.69336736,319.86883024,25291589,460822322.11,0.7152,-0.0549,1,0
2021-09-03,sh.600547,317.93873856,323.55355072,317.5878128,322.14984768,319.69336736,25710269,470513893.82,0.727,0.7684,1,0
2021-09-06,sh.600547,324.606328,327.2382712,321.44799616,324.606328,322.14984768,25642773,473710709.41,0.7251,0.7625,1,0
2021-09-07,sh.600547,323.02716208,324.43086512,320.39521888,322.8516992,324.606328,21185162,389361160.24,0.599,-0.5405,1,0
2021-09-08,sh.600547,318.81605296,334.78317504,318.81605296,332.67762048,322.8516992,49720979,932694448.6,1.4059,3.0435,1,0
2021-09-09,sh.600547,329.8702144,344.08270768,329.8702144,338.46789552,332.67762048,53037538,1021712183.05,1.4997,1.7405,1,0
2021-09-10,sh.600547,338.99428416,362.3308472,338.99428416,350.57483424,338.46789552,73556158,1477638673.06,2.0799,3.577,1,0
2021-09-13,sh.600547,361.4535328,384.43917008,352.32946304,381.28083824,350.57483424,120811874,2549491307.51,3.4161,8.7588,1,0
2021-09-14,sh.600547,378.82435792,385.1410216,369.3493624,372.85862,381.28083824,70445994,1511156220.72,1.992,-2.2089,1,0
2021-09-15,sh.600547,373.20954576,383.3863928,370.2266768,373.91139728,372.85862,47382129,1014803299.09,1.3398,0.2824,1,0
2021-09-16,sh.600547,373.91139728,383.91278144,368.472048,368.99843664,373.91139728,49045407,1050151772.31,1.3868,-1.3139,1,0
2021-09-17,sh.600547,359.52344112,362.50631008,345.13548496,354.4350176,368.99843664,46876898,945279600.31,1.3255,-3.9467,1,0
2021-09-22,sh.600547,355.83872064,358.64612672,349.1711312,352.6803888,354.4350176,24016738,484086915.91,0.6791,-0.495,1,0
2021-09-23,sh.600547,356.1896464,357.59334944,344.7845592,347.06557664,352.6803888,31863433,634494230.17,0.901,-1.592,1,0
2021-09-24,sh.600547,343.20539328,346.71465088,339.16974704,339.87159856,347.06557664,26920581,523905214.8,0.7612,-2.0728,1,0
2021-09-27,sh.600547,338.29243264,339.5206728,328.64197424,332.5021576,339.87159856,26137414,494779872.96,0.7391,-2.1683,1,0
2021-09-28,sh.600547,330.7475288,335.83595232,330.22114016,333.20400912,332.5021576,13723424,260779304.44,0.3881,0.2111,1,0
2021-09-29,sh.600547,333.20400912,354.61048048,331.97576896,350.0484456,333.20400912,49266021,970938673.61,1.3931,5.0553,1,0
2021-09-30,sh.600547,345.31094784,348.11835392,340.57345008,344.08270768,350.0484456,21546213,421976220.67,0.6093,-1.7043,1,0
2021-10-08,sh.600547,347.06557664,350.75029712,342.32807888,348.46927968,344.08270768,17739521,350644643.51,0.5016,1.2749,1,0
2021-10-11,sh.600547,348.99566832,356.01418352,345.83733648,351.62761152,348.46927968,19870829,398580450.1,0.5619,0.9063,1,0
2021-10-12,sh.600547,349.52205696,351.10122288,340.3979872,343.9072448,351.62761152,17142125,335588133.54,0.4847,-2.1956,1,0
2021-10-13,sh.600547,342.67900464,343.73178192,333.379472,336.0114152,343.9072448,19457544,373283389.57,0.5502,-2.2959,1,0
2021-10-14,sh.600547,344.7845592,361.4535328,343.9072448,356.01418352,336.0114152,47644889,961343753.43,1.3472,5.953,1,0
2021-10-15,sh.600547,350.92576,360.5762184,349.87298272,352.15400016,356.01418352,23351610,470007850.77,0.6603,-1.0843,1,0
2021-10-18,sh.600547,345.6618736,350.57483424,344.08270768,350.39937136,352.15400016,18159413,359581547.84,0.5135,-0.4983,1,0
2021-10-19,sh.600547,350.39937136,353.38224032,344.43363344,353.20677744,350.39937136,17782359,354176005.31,0.5028,0.8012,1,0
2021-10-20,sh.600547,346.89011376,349.52205696,344.96002208,345.48641072,353.20677744,17091705,337383859.11,0.4833,-2.1858,1,0
2021-10-21,sh.600547,347.76742816,356.89149792,346.539188,351.45214864,345.48641072,29304210,589546789.46,0.8286,1.7268,1,0
2021-10-22,sh.600547,348.64474256,353.73316608,344.7845592,348.11835392,351.45214864,18045845,356970188.02,0.5103,-0.9486,1,0
2021-10-25,sh.600547,347.4165024,354.08409184,343.9072448,350.75029712,348.11835392,16845472,335583513.8,0.4763,0.756,1,0
2021-10-26,sh.600547,353.73316608,358.47066384,349.1711312,353.20677744,350.75029712,18626151,374960386.81,0.5267,0.7004,1,0
2021-10-27,sh.600547,349.1711312,350.0484456,343.0299304,346.01279936,353.20677744,18050064,355781918.81,0.5104,-2.0368,1,0
2021-10-28,sh.600547,346.36372512,354.4350176,344.96002208,347.4165024,346.01279936,20843361,414129962.19,0.5894,0.4057,1,0
2021-10-29,sh.600547,349.1711312,352.15400016,346.01279936,349.52205696,347.4165024,13637471,271058524.4,0.3856,0.6061,1,0
2021-11-01,sh.600547,346.539188,350.57483424,345.13548496,348.99566832,349.52205696,11636458,230657862.3,0.329,-0.1506,1,0
2021-11-02,sh.600547,349.34659408,370.05121392,342.152616,357.59334944,348.99566832,37596863,757875659.93,1.0631,2.4635,1,0
2021-11-03,sh.600547,349.69751984,351.8030744,346.89011376,347.76742816,357.59334944,18836104,374557760.47,0.5326,-2.7478,1,0
2021-11-04,sh.600547,346.71465088,348.99566832,345.13548496,347.06557664,347.76742816,12292426,243040253.71,0.3476,-0.2018,1,0
2021-11-05,sh.600547,349.34659408,355.83872064,349.1711312,350.0484456,347.06557664,17397096,348522910.4,0.4919,0.8595,1,0
2021-11-08,sh.600547,357.24242368,358.47066384,351.97853728,354.25955472,350.0484456,21980815,445190142.2,0.6215,1.203,1,0
2021-11-09,sh.600547,355.13686912,358.64612672,350.39937136,352.15400016,354.25955472,15100839,304362507.1,0.427,-0.5944,1,0
2021-11-10,sh.600547,354.4350176,361.4535328,351.97853728,356.54057216,352.15400016,34209295,698229988.0,0.9673,1.2456,1,0
2021-11-11,sh.600547,364.085476,369.52482528,359.87436688,367.77019648,356.54057216,49457567,1029411031.35,1.3985,3.1496,1,0
2021-11-12,sh.600547,369.52482528,374.6132488,363.55908736,366.19103056,367.77019648,28788440,603700612.15,0.7965,-0.4294,1,0
2021-11-15,sh.600547,365.13825328,370.40213968,361.97992144,363.55908736,366.19103056,17026317,353592811.22,0.4711,-0.7187,1,0
2021-11-16,sh.600547,366.36649344,367.5947336,362.50631008,365.8401048,363.55908736,15157802,315274789.3,0.4194,0.6274,1,0
2021-11-17,sh.600547,361.10260704,363.03269872,353.5577032,354.78594336,365.8401048,26860928,544800118.07,0.7432,-3.0216,1,0
2021-11-18,sh.600547,358.11973808,361.4535328,351.27668576,351.97853728,354.78594336,18897163,381906649.56,0.5228,-0.7913,1,0
2021-11-19,sh.600547,350.92576,354.08409184,349.34659408,353.03131456,351.97853728,12511715,251019994.65,0.3462,0.2991,1,0
2021-11-22,sh.600547,349.1711312,351.62761152,344.25817056,348.11835392,353.03131456,22241348,439598455.12,0.6153,-1.3917,1,0
2021-11-23,sh.600547,342.85446752,346.89011376,342.32807888,344.7845592,348.11835392,21782188,427550553.88,0.6026,-0.9577,1,0
2021-11-24,sh.600547,343.20539328,343.73178192,338.81882128,340.22252432,344.7845592,20886770,405910341.04,0.5779,-1.3232,1,0
2021-11-25,sh.600547,342.32807888,342.50354176,340.04706144,340.57345008,340.22252432,13667023,265537877.46,0.3781,0.1031,1,0
2021-11-26,sh.600547,340.57345008,340.92437584,336.71326672,339.16974704,340.57345008,15637266,301315455.61,0.4326,-0.4122,1,0
2021-11-29,sh.600547,337.94150688,337.94150688,333.73039776,335.1341008,339.16974704,17369367,332262684.41,0.4806,-1.1899,1,0
2021-11-30,sh.600547,333.379472,336.71326672,333.379472,335.1341008,335.1341008,16992165,324228132.96,0.4701,0.0,1,0
2021-12-01,sh.600547,333.379472,334.95863792,330.92299168,334.2567864,335.1341008,20423958,386757025.93,0.5651,-0.2618,1,0
2021-12-02,sh.600547,332.85308336,333.90586064,330.22114016,330.57206592,334.2567864,16036590,303328751.94,0.4437,-1.1024,1,0
2021-12-03,sh.600547,330.57206592,331.44938032,325.65910528,331.27391744,330.57206592,22986059,429682306.79,0.636,0.2123,1,0
2021-12-06,sh.600547,332.67762048,336.71326672,331.09845456,335.48502656,331.27391744,18460060,352003474.19,0.5107,1.2712,1,0
2021-12-07,sh.600547,335.1341008,335.30956368,331.6248432,333.90586064,335.48502656,11258081,213784428.25,0.3115,-0.4707,1,0
2021-12-08,sh.600547,334.95863792,337.94150688,333.90586064,337.59058112,333.90586064,13549106,259741532.76,0.3749,1.1035,1,0
2021-12-09,sh.600547,336.18687808,339.5206728,335.83595232,338.81882128,337.59058112,14287125,275226041.0,0.3953,0.3638,1,0
2021-12-10,sh.600547,336.8887296,339.34520992,335.66048944,337.06419248,338.81882128,15228822,292325999.06,0.4213,-0.5179,1,0
2021-12-13,sh.600547,337.41511824,337.94150688,335.1341008,335.48502656,337.06419248,16037419,307504601.36,0.4437,-0.4685,1,0
2021-12-14,sh.600547,336.0114152,336.53780384,331.97576896,333.20400912,335.48502656,13322008,253413763.17,0.3686,-0.6799,1,0
2021-12-15,sh.600547,331.6248432,334.08132352,330.7475288,333.90586064,333.20400912,12012723,227300692.76,0.3324,0.2106,1,0
2021-12-16,sh.600547,333.02854624,334.60771216,332.67762048,333.90586064,333.90586064,10864556,206544067.93,0.3006,0.0,1,0
2021-12-17,sh.600547,338.29243264,339.5206728,336.0114152,338.46789552,333.90586064,25306594,487770621.47,0.7002,1.3663,1,0
2021-12-20,sh.600547,336.36234096,336.53780384,331.09845456,332.67762048,338.46789552,13483318,256558123.38,0.373,-1.7107,1,0
2021-12-21,sh.600547,331.80030608,333.55493488,330.39660304,333.20400912,332.67762048,10156657,192301110.96,0.281,0.1582,1,0
2021-12-22,sh.600547,332.67762048,333.55493488,330.7475288,330.92299168,333.20400912,13999694,264479746.04,0.3873,-0.6846,1,0
2021-12-23,sh.600547,333.02854624,333.73039776,330.39660304,331.27391744,330.92299168,12069703,227872682.37,0.3339,0.106,1,0
2021-12-24,sh.600547,330.92299168,331.09845456,325.83456816,326.01003104,331.27391744,18623781,347225826.42,0.5153,-1.589,1,0
2021-12-27,sh.600547,326.18549392,328.1155856,323.90447648,324.43086512,326.01003104,14352803,266341723.51,0.3971,-0.4844,1,0
2021-12-28,sh.600547,324.606328,328.1155856,324.606328,328.1155856,324.43086512,12687135,236084823.43,0.351,1.1357,1,0
2021-12-29,sh.600547,327.06280832,327.2382712,324.95725376,326.71188256,328.1155856,10985624,204137449.97,0.3039,-0.4278,1,0
2021-12-30,sh.600547,326.53641968,327.94012272,325.65910528,326.18549392,326.71188256,11630449,216574013.28,0.3218,-0.1611,1,0
2021-12-31,sh.600547,328.1155856,331.09845456,327.2382712,330.22114016,326.18549392,14450346,271328892.05,0.3998,1.2372,1,0
2022-01-04,sh.600547,327.58919696,332.32669472,326.88734544,331.80030608,330.22114016,15523760,292620294.53,0.4295,0.4782,1,0
2022-01-05,sh.600547,331.80030608,336.53780384,330.92299168,334.78317504,331.80030608,19351723,369109567.9,0.5354,0.899,1,0
2022-01-06,sh.600547,334.78317504,335.83595232,331.6248432,335.1341008,334.78317504,14271689,271295175.14,0.3949,0.1048,1,0
2022-01-07,sh.600547,331.6248432,335.48502656,331.27391744,333.379472,335.1341008,13478116,256476075.52,0.3729,-0.5236,1,0
2022-01-10,sh.600547,333.02854624,337.94150688,332.5021576,336.8887296,333.379472,15976825,306082473.07,0.442,1.0526,1,0
2022-01-11,sh.600547,338.29243264,341.2753016,336.53780384,339.34520992,336.8887296,20267231,391928133.62,0.5607,0.7292,1,0
2022-01-12,sh.600547,341.2753016,343.0299304,336.71326672,341.62622736,339.34520992,17976827,348822222.82,0.4974,0.6722,1,0
2022-01-13,sh.600547,342.85446752,352.32946304,341.62622736,344.25817056,341.62622736,29045718,574812153.19,0.8036,0.7704,1,0
2022-01-14,sh.600547,344.96002208,346.71465088,338.6433584,339.69613568,344.25817056,17763342,345411493.91,0.4915,-1.3252,1,0
2022-01-17,sh.600547,338.29243264,339.5206728,334.95863792,336.36234096,339.69613568,13785255,264576733.99,0.3814,-0.9814,1,0
2022-01-18,sh.600547,336.53780384,337.766044,334.08132352,334.95863792,336.36234096,13430278,256962777.38,0.3716,-0.4173,1,0
2022-01-19,sh.600547,333.55493488,338.6433584,332.67762048,337.766044,334.95863792,15422025,294162272.7,0.4267,0.8381,1,0
2022-01-20,sh.600547,344.08270768,348.2938168,341.45076448,342.152616,337.766044,32475265,638372327.21,0.8985,1.2987,1,0
2022-01-21,sh.600547,340.3979872,348.82020544,337.94150688,347.24103952,342.152616,30307849,595934167.31,0.8385,1.4872,1,0
2022-01-24,sh.600547,343.9072448,349.69751984,343.20539328,345.13548496,347.24103952,19122534,378008064.98,0.5291,-0.6064,1,0
2022-01-25,sh.600547,348.2938168,355.13686912,343.73178192,353.90862896,345.13548496,58489940,1171759554.98,1.6182,2.5419,1,0
2022-01-26,sh.600547,349.1711312,352.85585168,344.7845592,348.64474256,353.90862896,33259994,662322506.78,0.9202,-1.4874,1,0
2022-01-27,sh.600547,340.3979872,341.2753016,324.606328,325.65910528,348.64474256,45984625,868894052.66,1.2722,-6.5929,1,0
2022-01-28,sh.600547,321.0970704,329.34382576,317.23688704,328.9929,325.65910528,19918531,366289822.75,0.5511,1.0237,1,0
2022-02-07,sh.600547,330.04567728,335.66048944,328.29104848,329.69475152,328.9929,16353163,309009738.19,0.4524,0.2133,1,0
2022-02-08,sh.600547,332.67762048,335.1341008,330.57206592,334.95863792,329.69475152,13136601,249588750.89,0.3634,1.5966,1,0
2022-02-09,sh.600547,337.06419248,339.34520992,334.78317504,337.766044,334.95863792,12557959,241646737.49,0.3474,0.8381,1,0
2022-02-10,sh.600547,339.5206728,343.0299304,336.0114152,338.46789552,337.766044,15129475,292589368.76,0.4186,0.2078,1,0
2022-02-11,sh.600547,335.30956368,337.766044,332.32669472,332.85308336,338.46789552,12516374,238729528.14,0.3463,-1.6589,1,0
2022-02-14,sh.600547,341.97715312,359.52344112,341.2753016,350.39937136,332.85308336,58001997,1157267287.48,1.6047,5.2715,1,0
2022-02-15,sh.600547,356.71603504,357.76881232,349.34659408,353.20677744,350.39937136,32003409,643978857.68,0.8854,0.8012,1,0
2022-02-16,sh.600547,341.45076448,342.85446752,338.46789552,338.81882128,353.20677744,32344002,626270685.01,0.8949,-4.0735,1,0
2022-02-17,sh.600547,342.152616,357.9442752,341.09983872,354.96140624,338.81882128,53967080,1075747448.24,1.4931,4.7644,1,0
2022-02-18,sh.600547,360.04982976,360.5762184,347.4165024,349.34659408,354.96140624,34382699,688149885.94,0.9513,-1.5818,1,0
2022-02-21,sh.600547,350.0484456,352.32946304,346.539188,348.2938168,349.34659408,18256780,363547200.39,0.5051,-0.3014,1,0
2022-02-22,sh.600547,356.71603504,361.10260704,353.5577032,358.99705248,348.2938168,61741579,1260502772.23,1.7082,3.073,1,0
2022-02-23,sh.600547,351.97853728,354.4350176,348.2938168,349.87298272,358.99705248,37593283,750064994.47,1.0401,-2.5415,1,0
2022-02-24,sh.600547,352.6803888,383.21092992,350.0484456,375.66602608,349.87298272,136955985,2893065923.35,3.7891,7.3721,1,0
2022-02-25,sh.600547,357.59334944,367.5947336,351.10122288,364.26093888,375.66602608,93909101,1925005399.42,2.5982,-3.036,1,0
2022-02-28,sh.600547,363.2081616,374.43778592,359.698904,364.26093888,364.26093888,59532835,1241527360.0,1.6471,0.0,1,0
2022-03-01,sh.600547,357.41788656,359.698904,353.5577032,358.11973808,364.26093888,34355396,698250816.0,0.9505,-1.6859,1,0
2022-03-02,sh.600547,363.91001312,366.54195632,358.29520096,360.40075552,358.11973808,35482477,730824656.0,0.9817,0.6369,1,0
2022-03-03,sh.600547,354.96140624,361.62899568,354.61048048,357.9442752,360.40075552,26542047,541777600.0,0.7343,-0.6816,1,0
2022-03-04,sh.600547,360.75168128,363.2081616,354.78594336,354.96140624,357.9442752,33781003,689870960.0,0.9346,-0.8333,1,0
2022-03-07,sh.600547,365.31371616,380.05259808,363.38362448,370.75306544,354.96140624,95928289,2035898016.0,2.654,4.4488,1,0
2022-03-08,sh.600547,368.29658512,373.56047152,359.87436688,370.57760256,370.75306544,53139474,1114327808.0,1.4702,-0.0473,1,0
2022-03-09,sh.600547,373.7359344,392.68592544,370.75306544,382.86000416,370.57760256,112914473,2465493840.0,3.124,3.3144,1,0
2022-03-10,sh.600547,363.73455024,377.06972912,353.90862896,376.54334048,382.86000416,72572431,1523614592.0,2.0078,-1.6499,1,0
2022-03-11,sh.600547,372.85862,378.9998208,361.62899568,367.5947336,376.54334048,55989358,1177799184.0,1.549,-2.3765,1,0
2022-03-14,sh.600547,361.10260704,369.17389952,355.83872064,356.36510928,367.5947336,40608166,838789648.0,1.1235,-3.0549,1,0
2022-03-15,sh.600547,347.4165024,351.27668576,325.30817952,333.02854624,356.36510928,68555859,1305551968.0,1.8967,-6.5485,1,0
2022-03-16,sh.600547,331.80030608,334.2567864,317.23688704,330.7475288,333.02854624,42534586,789486592.0,1.1768,-0.6849,1,0
2022-03-17,sh.600547,331.80030608,336.0114152,324.78179088,334.43224928,330.7475288,49704186,940690784.0,1.3752,1.1141,1,0
2022-03-18,sh.600547,336.0114152,336.71326672,329.34382576,332.67762048,334.43224928,29255420,555052864.63,0.8094,-0.5247,1,0
2022-03-21,sh.600547,329.34382576,339.34520992,328.29104848,334.60771216,332.67762048,26817891,510478923.43,0.742,0.5802,1,0
2022-03-22,sh.600547,332.85308336,344.43363344,332.5021576,342.152616,334.60771216,34184178,663733314.55,0.9458,2.2549,1,0
2022-03-23,sh.600547,338.6433584,343.55631904,336.53780384,342.32807888,342.152616,19892964,385412262.16,0.5504,0.0513,1,0
2022-03-24,sh.600547,345.48641072,372.85862,344.96002208,368.82297376,342.32807888,84657415,1745009180.96,2.3422,7.7396,1,0
2022-03-25,sh.600547,371.63037984,386.018336,370.05121392,378.1225064,368.82297376,76793929,1664005014.84,2.1246,2.5214,1,0
2022-03-28,sh.600547,377.59611776,389.5275936,373.56047152,382.15815264,378.1225064,61412947,1345949379.55,1.6991,1.0673,1,0
2022-03-29,sh.600547,372.85862,388.29935344,371.63037984,382.5090784,382.15815264,52037506,1138138370.16,1.4397,0.0918,1,0
2022-03-30,sh.600547,379.17528368,382.33361552,375.13963744,378.29796928,382.5090784,32257523,694054840.82,0.8925,-1.1009,1,0
2022-03-31,sh.600547,378.47343216,382.15815264,374.43778592,377.245192,378.29796928,28780788,619987079.13,0.7963,-0.2783,1,0
2022-04-01,sh.600547,378.1225064,380.57898672,371.63037984,378.64889504,377.245192,22861220,492111048.26,0.6325,0.3721,1,0
2022-04-06,sh.600547,376.54334048,388.47481632,375.31510032,381.98268976,378.64889504,33545990,729396945.16,0.9281,0.8804,1,0
2022-04-07,sh.600547,378.82435792,387.07111328,377.245192,384.43917008,381.98268976,24722783,541556358.62,0.684,0.6431,1,0
2022-04-08,sh.600547,387.7729648,409.7058248,387.7729648,406.1965672,384.43917008,79432923,1831736587.02,2.1977,5.6595,1,0
2022-04-11,sh.600547,409.53036192,415.8470256,400.0553664,404.4419384,406.1965672,53025282,1230746956.82,1.467,-0.432,1,0
2022-04-12,sh.600547,400.40629216,409.35489904,397.4234232,409.35489904,404.4419384,38211001,884240629.0,1.0572,1.2148,1,0
2022-04-13,sh.600547,411.10952784,417.95258016,403.38916112,404.61740128,409.35489904,38962677,907623163.45,1.078,-1.1573,1,0
2022-04-14,sh.600547,404.4419384,409.7058248,397.59888608,398.3007376,404.61740128,34829500,798968816.19,0.9636,-1.5611,1,0
2022-04-15,sh.600547,396.72157168,400.23082928,375.66602608,380.7544496,398.3007376,44785838,984974574.16,1.2391,-4.4053,1,0
2022-04-18,sh.600547,386.018336,388.47481632,380.7544496,386.54472464,380.7544496,27193932,596488366.2,0.7524,1.5207,1,0
2022-04-19,sh.600547,381.98268976,388.47481632,376.3678776,385.84287312,386.54472464,22900428,500301026.32,0.6336,-0.1816,1,0
2022-04-20,sh.600547,377.245192,380.57898672,363.73455024,365.31371616,385.84287312,39070206,823442690.39,1.0809,-5.3206,1,0
2022-04-21,sh.600547,368.472048,368.472048,350.0484456,351.27668576,365.31371616,32986306,669237319.35,0.9126,-3.8425,1,0
2022-04-22,sh.600547,350.92576,357.0669608,345.31094784,354.61048048,351.27668576,29830962,597469444.86,0.8253,0.9491,1,0
2022-04-25,sh.600547,345.48641072,348.46927968,326.01003104,327.41373408,354.61048048,46773744,901213046.03,1.2941,-7.6695,1,0
2022-04-26,sh.600547,327.41373408,329.51928864,316.7104984,318.11420144,327.41373408,41168273,758098729.88,1.139,-2.8403,1,0
2022-04-27,sh.600547,314.9558696,327.2382712,314.25401808,326.71188256,318.11420144,33696040,616052405.32,0.9323,2.7027,1,0
2022-04-28,sh.600547,321.0970704,324.25540224,315.833184,320.92160752,326.71188256,26174241,476211214.72,0.7242,-1.7723,1,0
2022-04-29,sh.600547,324.25540224,336.8887296,324.07993936,336.18687808,320.92160752,34743091,655962833.02,0.9612,4.7567,1,0
2022-05-05,sh.600547,333.20400912,337.59058112,330.04567728,333.73039776,336.18687808,25749048,489407350.16,0.7124,-0.7307,1,0
2022-05-06,sh.600547,324.606328,325.83456816,321.0970704,323.37808784,333.73039776,21362594,393660273.47,0.591,-3.102,1,0
2022-05-09,sh.600547,323.7290136,325.83456816,319.51790448,321.62345904,323.37808784,18820705,345491934.98,0.5207,-0.5426,1,0
2022-05-10,sh.600547,317.23688704,320.57068176,311.446612,320.39521888,321.62345904,26780175,483983423.34,0.7409,-0.3819,1,0
2022-05-11,sh.600547,315.30679536,323.37808784,314.0785552,319.51790448,320.39521888,30883458,561134877.99,0.8544,-0.2738,1,0
2022-05-12,sh.600547,319.69336736,319.69336736,311.97300064,314.78040672,319.51790448,30439437,546905967.9,0.8422,-1.4827,1,0
2022-05-13,sh.600547,311.62207488,317.23688704,311.446612,316.7104984,314.78040672,19788339,355566149.3,0.5475,0.6132,1,0
2022-05-16,sh.600547,316.53503552,317.93873856,313.37670368,314.25401808,316.7104984,21001115,376867071.5,0.581,-0.7756,1,0
2022-05-17,sh.600547,315.833184,317.41234992,314.0785552,316.35957264,314.25401808,20281708,364274094.21,0.5611,0.67,1,0
2022-05-18,sh.600547,313.90309232,314.9558696,311.446612,312.3239264,316.35957264,24007368,427461726.68,0.6642,-1.2757,1,0
2022-05-19,sh.600547,310.92022336,311.97300064,305.12994832,311.97300064,312.3239264,24691344,434033239.3,0.6831,-0.1124,1,0
2022-05-20,sh.600547,314.78040672,318.4651272,314.60494384,317.93873856,311.97300064,27521577,496362837.79,0.7614,1.9123,1,0
2022-05-23,sh.600547,319.3424416,326.01003104,316.7104984,324.606328,317.93873856,34076339,627353750.99,0.9428,2.0971,1,0
2022-05-24,sh.600547,321.9743848,323.90447648,314.0785552,314.42948096,324.606328,25869886,470469516.75,0.7157,-3.1351,1,0
2022-05-25,sh.600547,316.53503552,329.51928864,316.18410976,324.25540224,314.42948096,43274304,800843542.76,1.1973,3.125,1,0
2022-05-26,sh.600547,321.9743848,325.4836424,318.64059008,324.43086512,324.25540224,20981352,384596456.18,0.5805,0.0541,1,0
2022-05-27,sh.600547,324.95725376,328.9929,322.32531056,324.78179088,324.43086512,24627269,456413862.11,0.6814,0.1082,1,0
2022-05-30,sh.600547,322.32531056,326.3609568,320.74614464,324.43086512,324.78179088,18518563,341408398.0,0.5123,-0.108,1,0
2022-05-31,sh.600547,321.9743848,322.8516992,318.28966432,322.67623632,324.43086512,24778305,452768005.67,0.6855,-0.5408,1,0
2022-06-01,sh.600547,319.69336736,320.74614464,314.78040672,318.64059008,322.67623632,26003956,471057226.49,0.7194,-1.2507,1,0
2022-06-02,sh.600547,318.99151584,321.44799616,317.23688704,320.04429312,318.64059008,19064918,346822585.65,0.5275,0.4405,1,0
2022-06-06,sh.600547,316.00864688,321.0970704,315.13133248,320.74614464,320.04429312,34376852,623908732.4,0.9511,0.2193,1,0
2022-06-07,sh.600547,318.64059008,320.92160752,316.7104984,318.64059008,320.74614464,24167163,438710553.48,0.6686,-0.6565,1,0
2022-06-08,sh.600547,319.51790448,321.79892192,316.00864688,321.79892192,318.64059008,28849079,526164646.85,0.7982,0.9912,1,0
2022-06-09,sh.600547,321.44799616,330.22114016,318.4651272,327.2382712,321.79892192,49526392,915385477.4,1.3702,1.6903,1,0
2022-06-10,sh.600547,322.8516992,326.3609568,317.93873856,322.8516992,327.2382712,45736992,840909806.9,1.2654,-1.3405,1,0
2022-06-13,sh.600547,329.69475152,336.71326672,327.41373408,331.44938032,322.8516992,62546245,1180991063.46,1.7305,2.663,1,0
2022-06-14,sh.600547,321.62345904,324.95725376,318.4651272,324.95725376,331.44938032,41900688,767955823.35,1.1593,-1.9587,1,0
2022-06-15,sh.600547,321.27253328,331.27391744,321.0970704,328.46651136,324.95725376,43081351,803655282.89,1.1919,1.0799,1,0
2022-06-16,sh.600547,329.34382576,335.1341008,326.01003104,328.64197424,328.46651136,39092456,734432761.87,1.0816,0.0534,1,0
2022-06-17,sh.600547,332.15123184,341.2753016,331.27391744,337.06419248,328.64197424,60103417,1154511491.29,1.6629,2.5627,1,0
2022-06-20,sh.600547,333.90586064,335.83595232,326.3609568,334.78317504,337.06419248,40732095,769441444.83,1.1269,-0.6767,1,0
2022-06-21,sh.600547,331.44938032,333.90586064,326.88734544,329.34382576,334.78317504,23551725,443212039.56,0.6516,-1.6247,1,0
2022-06-22,sh.600547,327.94012272,328.9929,322.50077344,323.55355072,329.34382576,22566090,419099278.31,0.6243,-1.7581,1,0
2022-06-23,sh.600547,323.37808784,328.9929,322.8516992,326.71188256,323.55355072,18695311,346815753.56,0.5172,0.9761,1,0
2022-06-24,sh.600547,323.7290136,327.2382712,322.32531056,326.88734544,326.71188256,19006020,352061306.51,0.5258,0.0537,1,0
2022-06-27,sh.600547,330.04567728,331.44938032,328.29104848,330.39660304,326.88734544,29697268,558324773.91,0.8216,1.0735,1,0
2022-06-28,sh.600547,330.04567728,330.7475288,326.71188256,330.39660304,330.39660304,22088761,413828606.45,0.6111,0.0,1,0
2022-06-29,sh.600547,329.8702144,329.8702144,324.95725376,325.65910528,330.39660304,23692452,441750411.4,0.6555,-1.4339,1,0
2022-06-30,sh.600547,325.83456816,327.2382712,324.95725376,325.65910528,325.65910528,18219669,338424520.69,0.5041,0.0,1,0
2022-07-01,sh.600547,324.606328,324.606328,319.86883024,320.74614464,325.65910528,25894702,473959776.76,0.7164,-1.5086,1,0
2022-07-04,sh.600547,321.0970704,323.55355072,321.0970704,323.55355072,320.74614464,22552264,414459416.41,0.6239,0.8753,1,0
2022-07-05,sh.600547,321.9743848,325.30817952,319.3424416,321.27253328,323.55355072,19630768,360040725.55,0.5431,-0.705,1,0
2022-07-06,sh.600547,316.88596128,318.28966432,314.0785552,315.833184,321.27253328,30839183,554944679.62,0.8532,-1.6931,1,0
2022-07-07,sh.600547,314.9558696,316.53503552,313.72762944,314.25401808,315.833184,20670317,370553144.01,0.5719,-0.5,1,0
2022-07-08,sh.600547,315.48571923,319.00480143,314.25404046,316.89335211,314.25404046,15520532,279074160.2,0.4294,0.8399,1,0
2022-07-11,sh.600547,316.717398,316.717398,311.08686648,311.61472881,316.89335211,22151307,393140013.02,0.6129,-1.6657,1,0
2022-07-12,sh.600547,311.26282059,311.4387747,309.15137127,311.08686648,311.61472881,14298320,252040361.91,0.3956,-0.1694,1,0
2022-07-13,sh.600547,310.03114182,311.61472881,308.97541716,311.4387747,311.08686648,18187654,320568729.25,0.5032,0.1131,1,0
2022-07-14,sh.600547,311.61472881,313.02236169,309.6792336,311.96663703,311.4387747,13560693,240036599.33,0.3752,0.1695,1,0
2022-07-15,sh.600547,309.50327949,311.08686648,306.33610551,306.86396784,311.96663703,19452486,341207142.94,0.5382,-1.6356,1,0
2022-07-18,sh.600547,307.39183017,312.67045347,307.21587606,312.31854525,306.86396784,17120295,302166680.22,0.4737,1.7775,1,0
2022-07-19,sh.600547,310.38305004,312.84640758,309.85518771,311.4387747,312.31854525,13287514,235158676.14,0.3676,-0.2817,1,0
2022-07-20,sh.600547,312.31854525,314.07808635,311.79068292,312.84640758,311.4387747,13323757,236997083.65,0.3686,0.452,1,0
2022-07-21,sh.600547,310.55900415,314.25404046,310.03114182,311.08686648,312.84640758,15274039,271084585.35,0.4226,-0.5624,1,0
2022-07-22,sh.600547,314.07808635,315.66167334,309.85518771,312.14259114,311.08686648,14402515,255803010.19,0.3985,0.3394,1,0
2022-07-25,sh.600547,312.31854525,320.06052609,311.26282059,317.59716855,312.14259114,29555132,532682810.61,0.8177,1.7475,1,0
2022-07-26,sh.600547,316.54144389,317.94907677,314.42999457,316.89335211,317.59716855,16153029,290395450.55,0.4469,-0.2216,1,0
2022-07-27,sh.600547,317.24526033,317.94907677,315.13381101,317.42121444,316.89335211,13800782,248427112.58,0.3818,0.1666,1,0
2022-07-28,sh.600547,319.00480143,325.69105761,318.65289321,318.82884732,317.42121444,26161549,477854996.92,0.7238,0.4435,1,0
2022-07-29,sh.600547,323.22770007,323.93151651,319.53266376,321.82006719,318.82884732,24864070,454291022.66,0.6879,0.9382,1,0
2022-08-01,sh.600547,321.9960213,326.04296583,319.53266376,319.88457198,321.82006719,20906552,382658302.13,0.5784,-0.6014,1,0
2022-08-02,sh.600547,324.45937884,329.91395625,320.94029664,324.10747062,319.88457198,51087213,942862475.49,1.4134,1.3201,1,0
2022-08-03,sh.600547,313.72617813,322.87579185,311.96663703,319.35670965,324.10747062,33568236,607619377.15,0.9287,-1.4658,1,0
2022-08-04,sh.600547,317.42121444,319.35670965,314.9578569,317.06930622,319.35670965,18457650,332437277.0,0.5107,-0.7163,1,0
2022-08-05,sh.600547,320.58838842,326.92273638,320.58838842,326.21891994,317.06930622,46842143,865013389.0,1.296,2.8857,1,0
2022-08-08,sh.600547,323.05174596,323.05174596,318.82884732,322.87579185,326.21891994,21651417,395568488.0,0.599,-1.0248,1,0
2022-08-09,sh.600547,323.05174596,325.16319528,319.00480143,320.58838842,322.87579185,19450479,354448272.0,0.5381,-0.7084,1,0
2022-08-10,sh.600547,320.2364802,335.36853366,320.2364802,332.20135968,320.58838842,74959122,1404302541.0,2.0739,3.6224,1,0
2022-08-11,sh.600547,327.97846104,331.49754324,326.21891994,327.80250693,332.20135968,38000001,708496219.0,1.0513,-1.3242,1,0
2022-08-12,sh.600547,325.69105761,336.0723501,324.81128706,331.84945146,327.80250693,36470395,688274442.0,1.009,1.2346,1,0
2022-08-15,sh.600547,333.08113023,334.13685489,328.85823159,329.38609392,331.84945146,20710773,388867356.97,0.573,-0.7423,1,0
2022-08-16,sh.600547,326.21891994,328.68227748,323.93151651,324.45937884,329.38609392,24200596,447202407.23,0.6696,-1.4957,1,0
2022-08-17,sh.600547,324.63533295,325.33914939,319.53266376,323.40365418,324.45937884,21230016,388504613.27,0.5874,-0.3254,1,0
2022-08-18,sh.600547,321.9960213,322.34792952,317.42121444,317.77312266,323.40365418,26108497,472945858.31,0.7223,-1.741,1,0
2022-08-19,sh.600547,317.24526033,317.59716855,315.13381101,315.30976512,317.77312266,20456437,367664055.41,0.566,-0.7752,1,0
2022-08-22,sh.600547,313.90213224,316.717398,313.37426991,315.83762745,315.30976512,18631092,333353926.25,0.5155,0.1674,1,0
2022-08-23,sh.600547,315.83762745,316.18953567,314.07808635,316.01358156,315.83762745,12607333,225585640.14,0.3488,0.0557,1,0
2022-08-24,sh.600547,316.54144389,317.59716855,311.4387747,311.79068292,316.01358156,20124163,359591361.78,0.5568,-1.3363,1,0
2022-08-25,sh.600547,311.96663703,317.42121444,311.96663703,317.24526033,311.79068292,20594709,369616303.63,0.5698,1.7494,1,0
2022-08-26,sh.600547,315.83762745,318.4769391,314.9578569,318.30098499,317.24526033,17497847,315241594.19,0.4841,0.3328,1,0
2022-08-29,sh.600547,313.02236169,314.9578569,311.26282059,314.9578569,318.30098499,17953320,319319158.58,0.4967,-1.0503,1,0
2022-08-30,sh.600547,315.48571923,317.24526033,313.02236169,315.30976512,314.9578569,12574123,225220006.65,0.3479,0.1117,1,0
2022-08-31,sh.600547,313.1983158,315.66167334,312.31854525,314.9578569,315.30976512,12794329,228076747.87,0.354,-0.1116,1,0
2022-09-01,sh.600547,313.55022402,315.13381101,312.84640758,313.55022402,314.9578569,10309480,183889691.84,0.2852,-0.4469,1,0
2022-09-02,sh.600547,312.49449936,313.55022402,308.09564661,311.26282059,313.55022402,23021489,404534256.36,0.6369,-0.7295,1,0
2022-09-05,sh.600547,310.55900415,312.67045347,310.03114182,312.31854525,311.26282059,11900482,210623270.99,0.3292,0.3392,1,0
2022-09-06,sh.600547,313.1983158,317.59716855,312.49449936,316.89335211,312.31854525,22356399,400743091.34,0.6185,1.4648,1,0
2022-09-07,sh.600547,314.07808635,317.59716855,313.1983158,317.42121444,316.89335211,18375087,330097078.87,0.5084,0.1666,1,0
2022-09-08,sh.600547,318.82884732,326.92273638,316.89335211,323.22770007,317.42121444,42302563,775733074.73,1.1704,1.8293,1,0
2022-09-09,sh.600547,322.69983774,327.2746446,321.9960213,324.81128706,323.22770007,28375472,524291781.78,0.7851,0.4899,1,0
2022-09-13,sh.600547,326.39487405,329.91395625,325.16319528,326.39487405,324.81128706,29103460,542513733.47,0.8052,0.4875,1,0
2022-09-14,sh.600547,320.58838842,323.93151651,320.2364802,320.58838842,326.39487405,19016704,347613781.64,0.5261,-1.779,1,0
2022-09-15,sh.600547,321.9960213,322.52388363,315.48571923,317.24526033,320.58838842,21744656,393530450.55,0.6016,-1.0428,1,0
2022-09-16,sh.600547,315.30976512,316.717398,305.45633496,305.63228907,317.24526033,34527487,607462907.24,0.9553,-3.6606,1,0
2022-09-19,sh.600547,305.80824318,307.39183017,299.29794111,300.70557399,305.63228907,24852837,427183181.98,0.6876,-1.612,1,0
2022-09-20,sh.600547,302.46511509,308.27160072,301.93725276,307.21587606,300.70557399,14844840,257901817.58,0.4107,2.165,1,0
2022-09-21,sh.600547,304.4006103,311.79068292,302.11320687,310.03114182,307.21587606,14975281,261332641.88,0.4143,0.9164,1,0
2022-09-22,sh.600547,306.86396784,320.41243431,305.63228907,314.07808635,310.03114182,25155468,449597180.05,0.696,1.3053,1,0
2022-09-23,sh.600547,313.02236169,316.36548978,310.73495826,313.02236169,314.07808635,14307416,254785051.4,0.3958,-0.3361,1,0
2022-09-26,sh.600547,307.03992195,308.09564661,299.121987,299.47389522,313.02236169,24840922,426634491.1,0.6873,-4.3283,1,0
2022-09-27,sh.600547,299.121987,300.70557399,291.73191438,299.64984933,299.47389522,22489450,377192801.2,0.6222,0.0588,1,0
2022-09-28,sh.600547,297.3624459,298.41817056,291.90786849,292.0838226,299.64984933,18179001,303811002.66,0.503,-2.525,1,0
2022-09-29,sh.600547,297.3624459,300.00175755,294.19527192,295.95481302,292.0838226,17060431,288214863.26,0.472,1.3253,1,0
2022-09-30,sh.600547,297.3624459,302.11320687,295.6029048,301.40939043,295.95481302,15589100,265674885.76,0.4313,1.843,1,0
2022-10-10,sh.600547,304.57656441,306.33610551,299.121987,300.70557399,301.40939043,18306516,315038493.86,0.5065,-0.2335,1,0
2022-10-11,sh.600547,297.53840001,299.64984933,294.01931781,298.59412467,300.70557399,11192367,188858388.43,0.3097,-0.7022,1,0
2022-10-12,sh.600547,296.48267535,300.17771166,293.49145548,300.17771166,298.59412467,13416403,226405104.75,0.3712,0.5303,1,0
2022-10-13,sh.600547,299.64984933,300.52961988,295.77885891,299.64984933,300.17771166,9087760,154140884.55,0.2514,-0.1758,1,0
2022-10-14,sh.600547,298.41817056,303.52083975,297.89030823,303.52083975,299.64984933,12873087,220775552.84,0.3562,1.2918,1,0
2022-10-17,sh.600547,300.17771166,304.22465619,300.00175755,303.69679386,303.52083975,14205838,244258672.39,0.393,0.058,1,0
2022-10-18,sh.600547,303.87274797,304.75251852,301.05748221,302.6410692,303.69679386,13417756,230754388.77,0.3712,-0.3476,1,0
2022-10-19,sh.600547,302.28916098,303.16893153,296.65862946,297.53840001,302.6410692,13035290,221344260.26,0.3606,-1.686,1,0
2022-10-20,sh.600547,294.89908836,299.64984933,293.49145548,297.89030823,297.53840001,11910756,200721254.67,0.3295,0.1183,1,0
2022-10-21,sh.600547,297.3624459,299.121987,295.95481302,297.01053768,297.89030823,7742832,130855050.5,0.2142,-0.2953,1,0
2022-10-24,sh.600547,301.58534454,310.03114182,300.00175755,302.6410692,297.01053768,34246849,591648322.28,0.9475,1.8957,1,0
2022-10-25,sh.600547,301.40939043,302.28916098,296.65862946,298.24221645,302.6410692,14739340,249934067.49,0.4078,-1.4535,1,0
2022-10-26,sh.600547,298.77007878,304.4006103,298.41817056,304.04870208,298.24221645,18774813,321640592.72,0.5194,1.9469,1,0
2022-10-27,sh.600547,304.04870208,310.73495826,303.52083975,308.79946305,304.04870208,24685179,432222422.03,0.683,1.5625,1,0
2022-10-28,sh.600547,307.9196925,314.25404046,304.92847263,306.68801373,308.79946305,26815787,471773930.55,0.7419,-0.6838,1,0
2022-10-31,sh.600547,299.121987,306.51205962,296.65862946,304.4006103,306.68801373,17859172,306488476.47,0.4941,-0.7458,1,0
2022-11-01,sh.600547,303.69679386,309.15137127,302.46511509,308.62350894,304.4006103,15183116,264156171.3,0.4201,1.3873,1,0
2022-11-02,sh.600547,308.97541716,312.84640758,306.1601514,310.73495826,308.62350894,16492390,291400360.32,0.4563,0.6842,1,0
2022-11-03,sh.600547,305.98419729,310.73495826,305.80824318,308.62350894,310.73495826,9647390,168880046.04,0.2669,-0.6795,1,0
2022-11-04,sh.600547,307.03992195,311.79068292,305.80824318,310.91091237,308.62350894,17465993,307342174.96,0.4832,0.7412,1,0
2022-11-07,sh.600547,316.717398,319.53266376,313.72617813,314.78190279,310.91091237,27700041,498247160.41,0.7664,1.245,1,0
2022-11-08,sh.600547,314.42999457,320.58838842,313.37426991,317.06930622,314.78190279,22648642,409280438.82,0.6266,0.7267,1,0
2022-11-09,sh.600547,327.80250693,332.5532679,327.2746446,328.68227748,317.06930622,65259346,1222813666.92,1.8055,3.6626,1,0
2022-11-10,sh.600547,325.69105761,330.26586447,323.57960829,326.92273638,328.68227748,22287185,413893773.15,0.6166,-0.5353,1,0
2022-11-11,sh.600547,343.28646861,359.29829262,343.28646861,353.31585288,326.92273638,101113729,2027506503.92,2.7975,8.0732,1,0
2022-11-14,sh.600547,352.08417411,355.07539398,339.5914323,343.1105145,353.31585288,42579885,841101195.68,1.178,-2.8884,1,0
2022-11-15,sh.600547,341.3509734,349.79677068,340.29524874,343.99028505,343.1105145,24098089,472349184.69,0.6667,0.2564,1,0
2022-11-16,sh.600547,349.26890835,360.7059255,343.1105145,352.78799055,343.99028505,39975867,802819522.22,1.106,2.5575,1,0
2022-11-17,sh.600547,350.67654123,356.13111864,347.33341314,349.26890835,352.78799055,23738211,473406418.67,0.6568,-0.9975,1,0
2022-11-18,sh.600547,350.1486789,350.1486789,340.82311107,345.57387204,349.26890835,28081449,551115804.82,0.7769,-1.0579,1,0
2022-11-21,sh.600547,343.1105145,343.28646861,338.00784531,341.52692751,345.57387204,15973429,309352423.7,0.4419,-1.1711,1,0
2022-11-22,sh.600547,340.29524874,348.3891378,339.94334052,345.04600971,341.52692751,14926733,292779155.32,0.413,1.0304,1,0
2022-11-23,sh.600547,344.8700556,348.3891378,340.64715696,343.81433094,345.04600971,11924775,233123880.21,0.3299,-0.357,1,0
2022-11-24,sh.600547,350.1486789,355.95516453,348.74104602,352.78799055,343.81433094,31498653,631226464.96,0.8715,2.61,1,0
2022-11-25,sh.600547,352.78799055,380.0608776,352.26012822,367.56813579,352.78799055,51664131,1084577038.7,1.4294,4.1895,1,0
2022-11-28,sh.600547,364.92882414,371.43912621,361.58569605,367.04027346,367.56813579,27526410,574067247.02,0.7616,-0.1436,1,0
2022-11-29,sh.600547,362.11355838,362.64142071,352.43608233,359.12233851,367.04027346,35128673,714955292.68,0.9719,-2.1572,1,0
2022-11-30,sh.600547,357.1868433,364.57691592,354.72348576,359.82615495,359.12233851,22631215,463362714.11,0.6261,0.196,1,0
2022-12-01,sh.600547,370.03149333,372.31889676,363.87309948,368.97576867,359.82615495,26376572,551345106.23,0.7298,2.5428,1,0
2022-12-02,sh.600547,376.01393307,379.18110705,359.82615495,365.9845488,368.97576867,48747204,1022461605.81,1.3487,-0.8107,1,0
2022-12-05,sh.600547,363.69714537,375.13416252,363.16928304,368.44790634,365.9845488,34183982,715678331.76,0.9458,0.6731,1,0
2022-12-06,sh.600547,361.58569605,365.9845488,359.29829262,364.40096181,368.44790634,22493869,463521482.16,0.6223,-1.0984,1,0
2022-12-07,sh.600547,363.69714537,366.51241113,356.65898097,358.41852207,364.40096181,24034802,491988861.41,0.665,-1.6417,1,0
2022-12-08,sh.600547,358.41852207,364.04905359,358.24256796,360.88187961,358.41852207,16398350,336416572.42,0.4537,0.6873,1,0
2022-12-09,sh.600547,361.40974194,362.99332893,356.48302686,362.28951249,360.88187961,15048939,308166656.77,0.4164,0.3901,1,0
2022-12-12,sh.600547,360.7059255,361.93760427,338.18379942,339.41547819,362.28951249,45180191,882452848.05,1.25,-6.3137,1,0
2022-12-13,sh.600547,341.70288162,348.3891378,340.47120285,348.3891378,339.41547819,20192488,396270008.8,0.5587,2.6439,1,0
2022-12-14,sh.600547,350.50058712,354.54753165,347.15745903,349.79677068,348.3891378,15818839,314477466.91,0.4377,0.404,1,0
2022-12-15,sh.600547,346.6295967,346.80555081,333.43303845,339.06356997,349.79677068,29177972,559657555.16,0.8073,-3.0684,1,0
2022-12-16,sh.600547,337.12807476,339.5914323,335.01662544,339.06356997,339.06356997,14053584,269733382.94,0.3888,0.0,1,0
2022-12-19,sh.600547,339.76738641,344.51814738,334.312809,335.54448777,339.06356997,13733681,264341945.24,0.38,-1.0379,1,0
2022-12-20,sh.600547,335.01662544,336.95212065,332.20135968,333.96090078,335.54448777,9050799,171847930.77,0.2504,-0.4719,1,0
2022-12-21,sh.600547,343.1105145,344.16623916,333.08113023,334.312809,333.96090078,16449575,315292197.69,0.4551,0.1054,1,0
2022-12-22,sh.600547,336.24830421,338.18379942,330.08991036,331.49754324,334.312809,12007932,227619485.28,0.3322,-0.8421,1,0
2022-12-23,sh.600547,327.2746446,333.43303845,324.98724117,330.96968091,331.49754324,9657608,180830619.89,0.2672,-0.1592,1,0
2022-12-26,sh.600547,330.26586447,330.7937268,326.74678227,328.15441515,330.96968091,9952492,185427212.6,0.2754,-0.8506,1,0
2022-12-27,sh.600547,329.73800214,335.72044188,328.33036926,334.13685489,328.15441515,15579592,295244683.89,0.431,1.8231,1,0
2022-12-28,sh.600547,334.66471722,339.23952408,332.90517612,335.36853366,334.13685489,12323746,235501502.91,0.341,0.3686,1,0
2022-12-29,sh.600547,334.312809,334.84067133,329.0341857,332.72922201,335.36853366,8579599,162153867.31,0.2374,-0.787,1,0
2022-12-30,sh.600547,335.19257955,339.23952408,333.25708434,337.12807476,332.72922201,10956016,209798224.61,0.3031,1.3221,1,0
2023-01-03,sh.600547,337.65593709,343.63837683,335.19257955,342.93456039,337.12807476,21781856,421270411.07,0.6026,1.7223,1,0
2023-01-04,sh.600547,342.05478984,348.03722958,340.47120285,344.51814738,342.93456039,21168163,415540902.06,0.5857,0.4618,1,0
2023-01-05,sh.600547,349.26890835,349.44486246,340.11929463,340.99906518,344.51814738,23160157,453538283.07,0.6408,-1.0215,1,0
2023-01-06,sh.600547,338.35975353,341.17501929,336.60021243,337.8318912,340.99906518,15058430,289660228.32,0.4166,-0.9288,1,0
2023-01-09,sh.600547,345.04600971,352.96394466,341.3509734,351.20440356,337.8318912,33894864,669913197.29,0.9378,3.9583,1,0
2023-01-10,sh.600547,350.85249534,353.31585288,347.33341314,350.1486789,351.20440356,18993937,377894404.88,0.5255,-0.3006,1,0
2023-01-11,sh.600547,351.02844945,352.61203644,346.27768848,348.03722958,350.1486789,15434169,306109254.86,0.427,-0.603,1,0
2023-01-12,sh.600547,346.98150492,350.67654123,344.16623916,344.51814738,348.03722958,13490395,265589463.57,0.3732,-1.0111,1,0
2023-01-13,sh.600547,348.56509191,349.44486246,342.93456039,344.8700556,344.51814738,17252080,338036654.95,0.4773,0.1021,1,0
2023-01-16,sh.600547,351.90822,353.49180699,347.33341314,348.74104602,344.8700556,22837297,454796880.85,0.6318,1.1224,1,0
2023-01-17,sh.600547,347.33341314,348.3891378,340.64715696,345.22196382,348.74104602,16281439,318331302.78,0.4505,-1.0091,1,0
2023-01-18,sh.600547,344.16623916,346.45364259,343.81433094,345.74982615,345.22196382,10593200,207961023.8,0.2931,0.1529,1,0
2023-01-19,sh.600547,345.04600971,345.57387204,337.8318912,340.82311107,345.74982615,27506925,531452961.04,0.761,-1.4249,1,0
2023-01-20,sh.600547,342.05478984,353.31585288,342.05478984,351.90822,340.82311107,43857415,872931795.17,1.2134,3.2525,1,0
2023-01-30,sh.600547,353.31585288,354.01966932,346.6295967,349.26890835,351.90822,31484285,625954279.49,0.8711,-0.75,1,0
2023-01-31,sh.600547,349.09295424,354.01966932,346.98150492,348.21318369,349.26890835,24387860,485231889.23,0.6747,-0.3023,1,0
2023-02-01,sh.600547,351.55631178,358.06661385,349.26890835,355.25134809,348.21318369,32898446,662491445.97,0.9102,2.0212,1,0
2023-02-02,sh.600547,360.7059255,364.57691592,355.07539398,359.12233851,355.25134809,43926352,897873961.08,1.2153,1.0896,1,0
2023-02-03,sh.600547,351.90822,352.78799055,348.03722958,351.02844945,359.12233851,28618454,569389832.67,0.7918,-2.2538,1,0
2023-02-06,sh.600547,342.23074395,342.75860628,332.90517612,336.24830421,351.02844945,51329085,978100537.2,1.4201,-4.2105,1,0
2023-02-07,sh.600547,335.89639599,339.23952408,334.48876311,338.71166175,336.24830421,22720726,434668590.51,0.6286,0.7326,1,0
2023-02-08,sh.600547,338.18379942,338.71166175,336.0723501,336.24830421,338.71166175,13989884,267917261.52,0.3871,-0.7273,1,0
2023-02-09,sh.600547,336.24830421,337.8318912,333.25708434,337.47998298,336.24830421,14249486,272472826.56,0.3942,0.3663,1,0
2023-02-10,sh.600547,335.72044188,336.95212065,333.96090078,335.01662544,337.47998298,21246333,404319361.22,0.5878,-0.7299,1,0
2023-02-13,sh.600547,333.78494667,337.65593709,333.60899256,336.60021243,335.01662544,19286271,368177226.19,0.5336,0.4727,1,0
2023-02-14,sh.600547,336.60021243,339.23952408,335.89639599,338.88761586,336.60021243,19453012,373804909.44,0.5382,0.6796,1,0
2023-02-15,sh.600547,337.8318912,340.64715696,336.60021243,336.95212065,338.88761586,18699406,359414654.11,0.5174,-0.5711,1,0
2023-02-16,sh.600547,334.66471722,337.47998298,329.38609392,332.37731379,336.95212065,24972445,474250811.74,0.6909,-1.3577,1,0
2023-02-17,sh.600547,332.20135968,333.43303845,328.68227748,330.08991036,332.37731379,19880283,373445125.44,0.55,-0.6882,1,0
2023-02-20,sh.600547,332.37731379,333.96090078,329.73800214,333.96090078,330.08991036,17909224,338036271.22,0.4955,1.1727,1,0
2023-02-21,sh.600547,332.72922201,337.47998298,332.72922201,336.0723501,333.96090078,16875839,322045397.63,0.4669,0.6322,1,0
2023-02-22,sh.600547,334.84067133,338.71166175,334.66471722,338.18379942,336.0723501,18204409,349103435.91,0.5037,0.6283,1,0
2023-02-23,sh.600547,336.0723501,337.8318912,334.66471722,337.30402887,338.18379942,12697357,242776419.75,0.3513,-0.2601,1,0
2023-02-24,sh.600547,336.77616654,337.12807476,332.72922201,333.43303845,337.30402887,12328033,234031203.11,0.3411,-1.1476,1,0
2023-02-27,sh.600547,331.84945146,335.19257955,329.91395625,331.32158913,333.43303845,13673110,258264070.03,0.3783,-0.6332,1,0
2023-02-28,sh.600547,331.49754324,334.312809,331.49754324,333.96090078,331.32158913,9773566,185053134.5,0.2704,0.7966,1,0
2023-03-01,sh.600547,335.89639599,337.65593709,334.48876311,336.95212065,333.96090078,16002027,305882170.57,0.4427,0.8957,1,0
2023-03-02,sh.600547,336.0723501,339.76738641,335.72044188,337.8318912,336.95212065,17063513,327808160.33,0.4721,0.2611,1,0
2023-03-03,sh.600547,339.23952408,339.94334052,336.95212065,338.35975353,337.8318912,13181961,253513734.24,0.3647,0.1563,1,0
2023-03-06,sh.600547,339.5914323,346.6295967,339.5914323,344.34219327,338.35975353,32299545,631803115.96,0.8936,1.7681,1,0
2023-03-07,sh.600547,344.69410149,353.49180699,343.1105145,346.80555081,344.34219327,38251484,759627534.63,1.0583,0.7154,1,0
2023-03-08,sh.600547,341.52692751,341.70288162,332.02540557,336.24830421,346.80555081,31572882,604041551.85,0.8735,-3.0441,1,0
2023-03-09,sh.600547,336.77616654,338.71166175,334.66471722,336.60021243,336.24830421,12479612,238535766.05,0.3453,0.1047,1,0
2023-03-10,sh.600547,339.76738641,343.81433094,337.12807476,342.23074395,336.60021243,26750985,518675567.58,0.7401,1.6728,1,0
2023-03-13,sh.600547,355.07539398,357.1868433,348.03722958,352.78799055,342.23074395,53175331,1064541351.48,1.4712,3.0848,1,0
2023-03-14,sh.600547,361.58569605,374.95820841,361.58569605,365.9845488,352.78799055,88272034,1843002918.4,2.4422,3.7406,1,0
2023-03-15,sh.600547,362.4654666,365.9845488,357.1868433,362.28951249,365.9845488,40856808,839753420.62,1.1304,-1.0096,1,0
2023-03-16,sh.600547,365.9845488,370.03149333,362.28951249,366.16050291,362.28951249,46576974,969511965.4,1.2886,1.0685,1,0
2023-03-17,sh.600547,361.05783372,368.97576867,358.24256796,367.04027346,366.16050291,32477323,671666522.42,0.8985,0.2403,1,0
2023-03-20,sh.600547,378.12538239,386.57117967,373.37462142,383.5799598,367.04027346,92795867,1999668579.23,2.5674,4.5062,1,0
2023-03-21,sh.600547,375.66202485,381.46851048,374.7822543,378.82919883,383.5799598,45047599,968507156.89,1.2463,-1.2385,1,0
2023-03-22,sh.600547,370.91126388,377.42156595,368.97576867,374.7822543,378.82919883,34384139,728771770.82,0.9513,-1.0683,1,0
2023-03-23,sh.600547,377.06965773,389.73835365,373.55057553,386.57117967,374.7822543,54710138,1190002833.89,1.5137,3.1455,1,0
2023-03-24,sh.600547,391.14598653,391.67384886,382.34828103,383.75591391,386.57117967,32336985,709361561.65,0.8947,-0.7283,1,0
2023-03-27,sh.600547,383.75591391,385.16354679,375.13416252,383.40400569,383.75591391,35520564,769703254.88,0.9827,-0.0917,1,0
2023-03-28,sh.600547,379.70896938,384.63568446,377.59752006,377.77347417,383.40400569,21948050,474871145.98,0.6072,-1.4686,1,0
2023-03-29,sh.600547,380.76469404,381.29255637,375.83797896,377.24561184,377.77347417,20377198,438447918.66,0.5638,-0.1397,1,0
2023-03-30,sh.600547,374.7822543,379.88492349,371.2631721,375.48607074,377.24561184,22299755,474356920.05,0.617,-0.4664,1,0
2023-03-31,sh.600547,378.65324472,392.02575708,378.3013365,387.80285844,375.48607074,41687845,915778773.9,1.1534,3.2802,1,0
2023-04-03,sh.600547,382.17232692,387.099042,379.00515294,380.23683171,387.80285844,23569517,511531086.01,0.6521,-1.951,1,0
2023-04-04,sh.600547,386.04331734,403.11086601,385.3395009,400.47155436,380.23683171,52001204,1170077108.75,1.4387,5.3216,1,0
2023-04-06,sh.600547,410.50093863,439.885275,410.32498452,437.24596335,400.47155436,84367081,2063095529.66,2.3342,9.1828,1,0
2023-04-07,sh.600547,431.0875695,441.11695377,431.0875695,439.35741267,437.24596335,44035834,1094485108.09,1.2183,0.4829,1,0
2023-04-10,sh.600547,439.18145856,441.6448161,427.74444141,431.43947772,439.35741267,34598016,851363359.81,0.9572,-1.8022,1,0
2023-04-11,sh.600547,429.50398251,458.88831888,428.27230374,455.01732846,431.43947772,64859037,1640518122.62,1.7944,5.4649,1,0
2023-04-12,sh.600547,454.66542024,468.91770315,452.2020627,460.64785998,455.01732846,50518450,1325005190.97,1.3977,1.2374,1,0
2023-04-13,sh.600547,461.35167642,476.30777577,457.12877778,464.34289629,460.64785998,70916929,1874946832.06,1.962,0.8021,1,0
2023-04-14,sh.600547,476.13182166,485.6333436,473.14060179,480.17876619,464.34289629,59976456,1633455844.88,1.6594,3.4104,1,0
2023-04-17,sh.600547,459.59213532,475.42800522,455.7211449,471.90892302,480.17876619,50995178,1353138432.83,1.4109,-1.7222,1,0
2023-04-18,sh.600547,469.09365726,481.41044496,466.2783915,473.3165559,471.90892302,34059451,917435361.77,0.9423,0.2983,1,0
2023-04-19,sh.600547,473.3165559,482.99403195,464.5188504,465.92648328,473.3165559,41945056,1122552111.77,1.1605,-1.5613,1,0
2023-04-20,sh.600547,464.87075862,466.80625383,447.80320995,457.480686,465.92648328,67344206,1744656848.56,1.8632,-1.8127,1,0
2023-04-21,sh.600547,457.480686,460.64785998,449.38679694,451.32229215,457.480686,33964823,877789754.11,0.9397,-1.3462,1,0
2023-04-24,sh.600547,448.6829805,453.60969558,436.01428458,439.70932089,451.32229215,36091396,907377299.34,0.9985,-2.5731,1,0
2023-04-25,sh.600547,447.80320995,459.41618121,443.75626542,447.80320995,439.70932089,39174209,1004033009.09,1.0838,1.8407,1,0
2023-04-26,sh.600547,448.6829805,452.2020627,438.47764212,444.28412775,447.80320995,25714884,649031863.08,0.7114,-0.7859,1,0
2023-04-27,sh.600547,438.1257339,464.69480451,437.59787157,456.77686956,444.28412775,45653721,1179670930.34,1.2631,2.8119,1,0
2023-04-28,sh.600547,448.85893461,453.9616038,441.11695377,452.2020627,456.77686956,30280256,773969035.9,0.8378,-1.0015,1,0
2023-05-04,sh.600547,478.5951792,481.93830729,466.80625383,468.91770315,452.2020627,45344521,1220279546.89,1.2545,3.6965,1,0
2023-05-05,sh.600547,472.43678535,477.71540865,458.36045655,464.16694218,468.91770315,32185356,856510926.49,0.8905,-1.0131,1,0
2023-05-08,sh.600547,455.7211449,467.15816205,452.2020627,466.2783915,464.16694218,26125857,685747597.0,0.7228,0.4549,1,0
2023-05-09,sh.600547,465.75052917,465.75052917,449.91465927,451.67420037,466.2783915,23554054,610024307.22,0.6517,-3.1321,1,0
2023-05-10,sh.600547,455.01732846,461.87953875,439.18145856,446.39557707,451.67420037,29778281,756758920.21,0.8239,-1.1687,1,0
2023-05-11,sh.600547,446.39557707,453.60969558,434.25474348,437.94977979,446.39557707,34209179,857310713.38,0.9465,-1.892,1,0
2023-05-12,sh.600547,432.31924827,432.31924827,420.70627701,422.11390989,437.94977979,42705587,1030921087.95,1.1815,-3.6159,1,0
2023-05-15,sh.600547,423.52154277,427.92039552,416.48337837,424.57726743,422.11390989,24767907,593889506.46,0.6852,0.5836,1,0
2023-05-16,sh.600547,424.0494051,431.61543183,420.70627701,423.87345099,424.57726743,20658724,501029884.81,0.5716,-0.1658,1,0
2023-05-17,sh.600547,416.13147015,424.0494051,414.02002083,421.76200167,423.87345099,15039829,359353542.84,0.4161,-0.4981,1,0
2023-05-18,sh.600547,421.58604756,446.57153118,421.58604756,437.07000924,421.76200167,32929241,812264514.69,0.911,3.6295,1,0
2023-05-19,sh.600547,439.885275,441.82077021,414.37192905,432.49520238,437.07000924,46548473,1133377536.91,1.2878,-1.0467,1,0
2023-05-22,sh.600547,432.67115649,439.00550445,430.73566128,435.66237636,432.49520238,23043650,569651353.04,0.6375,0.7323,1,0
2023-05-23,sh.600547,431.0875695,433.37497293,423.69749688,424.22535921,435.66237636,17689510,428528538.29,0.4894,-2.6252,1,0
2023-05-24,sh.600547,424.22535921,437.24596335,424.22535921,431.26352361,424.22535921,20876370,512243038.53,0.5776,1.6591,1,0
2023-05-25,sh.600547,425.10512976,428.62421196,419.65055235,423.87345099,431.26352361,15619232,375396823.53,0.4321,-1.7136,1,0
2023-05-26,sh.600547,418.41887358,445.86771474,417.18719481,437.42191746,423.87345099,28157102,694461562.89,0.779,3.1963,1,0
2023-05-29,sh.600547,434.95855992,440.41313733,431.79138594,438.82955034,437.42191746,16205595,401536042.07,0.4484,0.3218,1,0
2023-05-30,sh.600547,439.00550445,445.1638983,432.14329416,435.48642225,438.82955034,18821756,467492131.15,0.5207,-0.7618,1,0
2023-05-31,sh.600547,440.41313733,450.4425216,437.77382568,444.28412775,435.48642225,27021327,681908985.8,0.7476,2.0202,1,0
2023-06-01,sh.600547,446.9234394,465.75052917,446.57153118,449.21084283,444.28412775,33754636,869722088.6,0.9339,1.1089,1,0
2023-06-02,sh.600547,453.78564969,471.20510658,453.78564969,459.94404354,449.21084283,36695078,967683509.56,1.0152,2.3893,1,0
2023-06-05,sh.600547,449.03488872,450.79442982,440.06122911,440.94099966,459.94404354,28760528,725433766.32,0.7957,-4.1316,1,0
2023-06-06,sh.600547,447.45130173,458.88831888,437.59787157,439.885275,440.94099966,27969827,708358942.55,0.7738,-0.2394,1,0
2023-06-07,sh.600547,440.94099966,445.51580652,435.13451403,436.89405513,439.885275,15534813,387360907.38,0.4298,-0.68,1,0
2023-06-08,sh.600547,431.26352361,436.3661928,426.68871675,434.43069759,436.89405513,18872274,462051079.78,0.5221,-0.5638,1,0
2023-06-09,sh.600547,441.46886199,449.38679694,435.31046814,446.9234394,434.43069759,23680973,598501665.24,0.6552,2.8757,1,0
2023-06-12,sh.600547,444.46008186,444.46008186,433.55092704,438.82955034,446.9234394,18037512,448928534.6,0.499,-1.811,1,0
2023-06-13,sh.600547,436.89405513,440.94099966,433.02306471,440.06122911,438.82955034,13898758,345231974.7,0.3845,0.2807,1,0
2023-06-14,sh.600547,433.72688115,441.6448161,429.50398251,439.885275,440.06122911,29637156,730800177.34,0.82,-0.04,1,0
2023-06-15,sh.600547,430.91161539,430.91161539,404.87040711,414.37192905,439.885275,75775264,1787314619.33,2.0965,-5.8,1,0
2023-06-16,sh.600547,415.2516996,424.0494051,413.14025028,420.88223112,414.37192905,39789709,949609506.42,1.1009,1.5711,1,0
2023-06-19,sh.600547,419.82650646,421.58604756,409.9730763,420.35436879,420.88223112,23169056,547640751.05,0.641,-0.1254,1,0
2023-06-20,sh.600547,415.42765371,422.99368044,410.67689274,418.24291947,420.35436879,18324303,435207443.24,0.507,-0.5023,1,0
2023-06-21,sh.600547,413.4921585,420.17841468,410.14903041,410.85284685,418.24291947,15865006,373867032.91,0.4389,-1.7669,1,0
2023-06-26,sh.600547,410.85284685,422.11390989,408.38948931,412.43643384,410.85284685,22691191,536467861.52,0.6278,0.3854,1,0
2023-06-27,sh.600547,407.86162698,419.29864413,407.86162698,418.24291947,412.43643384,15880787,374924211.34,0.4394,1.4078,1,0
2023-06-28,sh.600547,415.60360782,418.7707818,412.08452562,415.60360782,418.24291947,13892473,327990050.92,0.3844,-0.631,1,0
2023-06-29,sh.600547,414.54788316,423.16963455,407.68567287,420.17841468,415.60360782,17526215,417486737.17,0.4849,1.1008,1,0
2023-06-30,sh.600547,420.17841468,420.35436879,410.67689274,413.14025028,420.17841468,16801920,395838716.88,0.4649,-1.675,1,0
2023-07-03,sh.600547,414.89979138,426.16085442,414.02002083,422.64177222,413.14025028,22217754,531609116.91,0.6147,2.2998,1,0
2023-07-04,sh.600547,423.69749688,425.28108387,414.37192905,418.59482769,422.64177222,13511607,321189186.14,0.3738,-0.9575,1,0
2023-07-05,sh.600547,418.7707818,423.34558866,416.48337837,421.23413934,418.59482769,14138043,338606186.89,0.3912,0.6305,1,0
2023-07-06,sh.600547,420.5303229,420.5303229,414.89979138,416.13147015,421.23413934,13313433,315075288.21,0.3683,-1.2114,1,0
2023-07-07,sh.600547,414.72383727,416.48337837,406.10208588,412.96429617,416.13147015,16283275,380781657.69,0.4505,-0.7611,1,0
2023-07-10,sh.600547,418.06696536,424.0494051,417.0112407,421.93795578,412.96429617,20762309,497242256.75,0.5744,2.173,1,0
2023-07-11,sh.600547,424.40131332,440.58909144,420.70627701,438.82955034,421.93795578,31222948,770214517.44,0.8638,4.0033,1,0
2023-07-12,sh.600547,438.82955034,451.85015448,438.82955034,443.4043572,438.82955034,30035231,762110442.33,0.831,1.0425,1,0
2023-07-13,sh.600547,456.77686956,460.82381409,448.6829805,450.4425216,443.4043572,35867896,924166959.43,0.9923,1.5873,1,0
2023-07-14,sh.600547,450.61847571,457.30473189,442.87649487,445.1638983,450.4425216,32726485,833442028.7,0.9054,-1.1719,1,0
2023-07-17,sh.600547,441.46886199,450.79442982,436.89405513,448.85893461,445.1638983,17767270,450787525.92,0.4916,0.83,1,0
2023-07-18,sh.600547,449.0353717,458.56303774,446.3887978,451.15263082,448.85893344,16388047,420380448.96,0.4534,0.511,1,0
2023-07-19,sh.600547,458.21016122,461.3860499,451.32906908,456.9750934,451.15263082,28457738,735904700.41,0.7873,1.2906,1,0
2023-07-20,sh.600547,456.62221688,460.32742034,450.7997543,451.85838386,456.9750934,22636369,585115767.43,0.6263,-1.1197,1,0
2023-07-21,sh.600547,448.85893344,451.6819456,444.6244152,447.2709891,451.85838386,10425943,264619988.86,0.2885,-1.0152,1,0
2023-07-24,sh.600547,441.9778413,453.4463282,441.9778413,451.15263082,447.2709891,13003380,331958289.31,0.3598,0.8679,1,0
2023-07-25,sh.600547,451.15263082,452.38769864,442.15427956,444.80085346,451.15263082,19531390,492808232.19,0.5404,-1.4079,1,0
2023-07-26,sh.600547,445.85948302,458.56303774,444.6244152,456.62221688,444.80085346,20226498,518636827.47,0.5596,2.6577,1,0
2023-07-27,sh.600547,454.3285195,457.15153166,449.74112474,453.62276646,456.62221688,15430563,396829901.08,0.4269,-0.6569,1,0
2023-07-28,sh.600547,446.3887978,449.0353717,438.4490761,438.97839088,453.62276646,35871129,897124080.13,0.9924,-3.2283,1,0
2023-07-31,sh.600547,440.2134587,441.9778413,428.7449718,430.33291614,438.97839088,42965657,1055211478.4,1.1887,-1.9695,1,0
2023-08-01,sh.600547,432.45017526,438.4490761,431.3915457,436.15537872,430.33291614,20593809,508251695.56,0.5698,1.353,1,0
2023-08-02,sh.600547,430.33291614,431.74442222,426.9805892,430.33291614,436.15537872,18831790,457927261.41,0.521,-1.335,1,0
2023-08-03,sh.600547,426.0983979,430.15647788,426.0983979,428.7449718,430.33291614,11239697,272785499.59,0.311,-0.369,1,0
2023-08-04,sh.600547,427.8627805,434.0381196,425.39264486,430.68579266,428.7449718,18693885,455848493.12,0.5172,0.4527,1,0
2023-08-07,sh.600547,430.15647788,435.97894046,428.21565702,433.68524308,430.68579266,16534219,406156066.88,0.4574,0.6964,1,0
2023-08-08,sh.600547,431.3915457,450.7997543,429.27428658,446.56523606,433.68524308,32526424,818774426.31,0.8999,2.9699,1,0
2023-08-09,sh.600547,443.7422239,453.09345168,438.97839088,440.74277348,446.56523606,18707144,470593226.49,0.5176,-1.3038,1,0
2023-08-10,sh.600547,439.3312674,444.09510042,434.21455786,442.68359434,440.74277348,10395453,258946512.88,0.2876,0.4404,1,0
2023-08-11,sh.600547,445.5066065,446.3887978,429.80360136,430.5093544,442.68359434,17837595,438958751.42,0.4935,-2.7501,1,0
2023-08-14,sh.600547,429.6271631,446.21235954,427.8627805,432.45017526,430.5093544,23800139,585807544.31,0.6585,0.4508,1,0
2023-08-15,sh.600547,431.56798396,433.1559283,423.62826226,427.33346572,432.45017526,17612736,426566723.68,0.4873,-1.1832,1,0
2023-08-16,sh.600547,425.56908312,428.39209528,414.45347274,425.74552138,427.33346572,19813597,475036774.95,0.5482,-0.3716,1,0
2023-08-17,sh.600547,421.15812662,429.27428658,419.21730576,428.56853354,425.74552138,13565319,326483645.15,0.3753,0.6631,1,0
2023-08-18,sh.600547,426.27483616,430.15647788,420.45237358,420.45237358,428.56853354,10630312,256072191.42,0.2941,-1.8938,1,0
2023-08-21,sh.600547,421.33456488,423.98113878,417.98223794,418.1586762,420.45237358,8997025,214438503.41,0.2489,-0.5455,1,0
2023-08-22,sh.600547,421.86387966,430.5093544,419.9230588,430.15647788,418.1586762,16721694,404417989.81,0.4626,2.8692,1,0
2023-08-23,sh.600547,430.5093544,434.9203109,428.39209528,431.21510744,430.15647788,14174064,347094121.88,0.3922,0.2461,1,0
2023-08-24,sh.600547,438.97839088,460.15098208,434.9203109,458.21016122,431.21510744,55243763,1415892254.62,1.5284,6.2602,1,0
2023-08-25,sh.600547,455.56358732,458.739476,449.0353717,454.3285195,458.21016122,26125874,671723039.38,0.7228,-0.8471,1,0
2023-08-28,sh.600547,466.32632118,469.50220986,443.21290912,453.26988994,454.3285195,30673513,786213493.19,0.8486,-0.233,1,0
2023-08-29,sh.600547,453.4463282,457.8572847,451.32906908,456.62221688,453.26988994,23443010,605185246.96,0.6486,0.7396,1,0
2023-08-30,sh.600547,464.0326238,467.38495074,459.79810556,464.73837684,456.62221688,26278185,690167084.53,0.727,1.7774,1,0
2023-08-31,sh.600547,465.26769162,479.0298759,462.09180294,462.79755598,464.73837684,34527562,918222139.54,0.9553,-0.4176,1,0
2023-09-01,sh.600547,458.739476,464.9148151,456.44577862,463.1504325,462.79755598,13789939,359931120.94,0.3815,0.0762,1,0
2023-09-04,sh.600547,462.09180294,467.20851248,455.56358732,457.68084644,463.1504325,21027299,548436810.33,0.5818,-1.181,1,0
2023-09-05,sh.600547,455.91646384,459.6216673,452.5641369,455.56358732,457.68084644,10756397,277569420.97,0.2976,-0.4626,1,0
2023-09-06,sh.600547,449.0353717,454.68139602,449.0353717,450.62331604,455.56358732,12486903,319568355.95,0.3455,-1.0844,1,0
2023-09-07,sh.600547,450.62331604,455.03427254,446.56523606,450.7997543,450.62331604,13094700,335250383.97,0.3623,0.0392,1,0
2023-09-08,sh.600547,455.03427254,462.2682412,454.85783428,458.739476,450.7997543,18905802,491361087.68,0.5231,1.7613,1,0
2023-09-11,sh.600547,456.9750934,467.561389,454.15208124,462.97399424,458.739476,22770317,598574310.81,0.63,0.9231,1,0
2023-09-12,sh.600547,460.32742034,466.6791977,458.38659948,459.26879078,462.97399424,11057819,289300913.35,0.3059,-0.8003,1,0
2023-09-13,sh.600547,458.739476,461.3860499,453.79920472,460.15098208,459.26879078,11762861,305803328.11,0.3254,0.1921,1,0
2023-09-14,sh.600547,460.15098208,469.85508638,458.739476,465.62056814,460.15098208,34881460,921469573.55,0.9651,1.1887,1,0
2023-09-15,sh.600547,468.26714204,472.32522202,458.21016122,461.56248816,465.62056814,26042333,685539579.11,0.7205,-0.8715,1,0
2023-09-18,sh.600547,462.2682412,463.85618554,455.74002558,460.15098208,461.56248816,13311586,346354774.55,0.3683,-0.3058,1,0
2023-09-19,sh.600547,462.2682412,470.2079629,459.6216673,463.67974728,460.15098208,13743669,361957063.69,0.3802,0.7669,1,0
2023-09-20,sh.600547,464.20906206,465.62056814,457.8572847,459.97454382,463.67974728,9089328,237249495.16,0.2515,-0.7991,1,0
2023-09-21,sh.600547,456.44577862,459.26879078,451.6819456,454.85783428,459.97454382,14173577,365678984.9,0.3921,-1.1124,1,0
2023-09-22,sh.600547,454.85783428,454.85783428,443.7422239,450.09400126,454.85783428,20877581,529922796.21,0.5776,-1.0473,1,0
2023-09-25,sh.600547,450.09400126,458.03372296,447.97674214,454.68139602,450.09400126,19313336,497818640.42,0.5343,1.0192,1,0
2023-09-26,sh.600547,452.5641369,453.97564298,447.09455084,450.97619256,454.68139602,14300045,365483710.45,0.3956,-0.8149,1,0
2023-09-27,sh.600547,448.32961866,451.6819456,444.6244152,447.80030388,450.97619256,13783376,349462114.32,0.3813,-0.7042,1,0
2023-09-28,sh.600547,440.56633522,445.68304476,435.09674916,443.03647086,447.80030388,14034963,351597112.25,0.3883,-1.0638,1,0
2023-10-09,sh.600547,441.09565,451.50550734,425.03976834,448.50605692,443.03647086,25755194,645150126.14,0.7126,1.2346,1,0
2023-10-10,sh.600547,448.85893344,457.68084644,446.3887978,453.62276646,448.50605692,19412753,499277202.15,0.5371,1.1408,1,0
2023-10-11,sh.600547,453.62276646,454.3285195,438.27263784,440.56633522,453.62276646,19425281,486655581.67,0.5374,-2.8783,1,0
2023-10-12,sh.600547,441.44852652,449.56468648,441.44852652,446.56523606,440.56633522,14934022,377060900.26,0.4132,1.3616,1,0
2023-10-13,sh.600547,443.7422239,451.85838386,438.62551436,446.56523606,446.56523606,13392215,336666045.56,0.3705,0.0,1,0
2023-10-16,sh.600547,457.8572847,458.91591426,446.74167432,448.85893344,446.56523606,29996751,767282379.0,0.8299,0.5136,1,0
2023-10-17,sh.600547,444.6244152,451.6819456,440.38989696,450.09400126,448.85893344,22580436,570424099.81,0.6247,0.2752,1,0
2023-10-18,sh.600547,451.15263082,454.3285195,442.68359434,444.27153868,450.09400126,20122012,511512498.72,0.5567,-1.2936,1,0
2023-10-19,sh.600547,445.15372998,447.62386562,437.91976132,440.91921174,444.27153868,15263886,382843560.48,0.4223,-0.7546,1,0
2023-10-20,sh.600547,445.15372998,448.85893344,437.21400828,442.15427956,440.91921174,20321846,509068559.5,0.5622,0.2801,1,0
2023-10-23,sh.600547,435.09674916,443.7422239,433.33236656,437.21400828,442.15427956,14996622,373493211.75,0.4149,-1.1173,1,0
2023-10-24,sh.600547,435.8025022,440.03702044,433.1559283,438.4490761,437.21400828,13496002,334163788.98,0.3734,0.2825,1,0
2023-10-25,sh.600547,437.5668848,442.68359434,436.15537872,439.15482914,438.4490761,14033732,349081443.57,0.3883,0.161,1,0
2023-10-26,sh.600547,439.15482914,443.7422239,437.74332306,441.09565,439.15482914,14159134,354266037.71,0.3917,0.4419,1,0
2023-10-27,sh.600547,440.38989696,445.5066065,423.451824,435.8025022,441.09565,27915927,687361684.56,0.7723,-1.2,1,0
2023-10-30,sh.600547,438.27263784,439.86058218,423.09894748,423.80470052,435.8025022,41878717,1013811311.07,1.1586,-2.753,1,0
2023-10-31,sh.600547,424.3340153,424.51045356,418.1586762,421.51100314,423.80470052,21592631,514602726.84,0.5974,-0.5412,1,0
2023-11-01,sh.600547,418.33511446,420.27593532,416.3942936,419.57018228,421.51100314,15903295,377034184.24,0.44,-0.4604,1,0
2023-11-02,sh.600547,419.74662054,421.15812662,416.3942936,416.74717012,419.57018228,10632409,252055831.3,0.2942,-0.6728,1,0
2023-11-03,sh.600547,416.74717012,417.2764849,411.45402232,414.10059622,416.74717012,16786887,394048828.46,0.4644,-0.6351,1,0
2023-11-06,sh.600547,415.15922578,416.74717012,404.39649192,409.68963972,414.10059622,32002389,742859416.51,0.8854,-1.0652,1,0
2023-11-07,sh.600547,406.86662756,408.4545719,401.3970415,408.27813364,409.68963972,22002876,504984975.32,0.6087,-0.3445,1,0
2023-11-08,sh.600547,407.92525712,408.80744842,402.2792328,406.51375104,408.27813364,15143872,347918656.26,0.419,-0.4322,1,0
2023-11-09,sh.600547,402.2792328,404.9258067,401.57347976,402.80854758,406.51375104,16262971,371197077.7,0.4499,-0.9115,1,0
2023-11-10,sh.600547,402.2792328,402.2792328,394.86882588,400.16197368,402.80854758,21965269,495877115.32,0.6077,-0.657,1,0
2023-11-13,sh.600547,398.7504676,403.51430062,394.16307284,403.33786236,400.16197368,16538844,374386486.24,0.4576,0.7937,1,0
2023-11-14,sh.600547,401.92635628,403.1614241,398.57402934,400.5148502,403.33786236,15066047,341960927.57,0.4168,-0.6999,1,0
2023-11-15,sh.600547,403.33786236,404.0436154,398.92690586,400.86772672,400.5148502,20373333,463298689.79,0.5637,0.0881,1,0
2023-11-16,sh.600547,398.7504676,399.10334412,390.8107459,397.51539978,400.86772672,28186784,630965534.45,0.7798,-0.8363,1,0
2023-11-17,sh.600547,398.39759108,402.98498584,393.98663458,401.57347976,397.51539978,25571564,578726225.89,0.7075,1.0209,1,0
2023-11-20,sh.600547,398.7504676,402.63210932,396.986085,398.7504676,401.57347976,16038177,362829200.02,0.4437,-0.703,1,0
2023-11-21,sh.600547,398.57402934,401.92635628,398.22115282,401.22060324,398.7504676,19333561,438436123.23,0.5349,0.6195,1,0
2023-11-22,sh.600547,402.2792328,405.45512148,399.27978238,401.22060324,401.22060324,19362357,440883173.86,0.5357,0.0,1,0
2023-11-23,sh.600547,399.27978238,399.45622064,393.63375806,396.80964674,401.22060324,19745184,443013499.82,0.5463,-1.0994,1,0
2023-11-24,sh.600547,396.1038937,398.04471456,394.3395111,395.57457892,396.80964674,9730810,218487018.61,0.2692,-0.3112,1,0
2023-11-27,sh.600547,397.51539978,403.1614241,393.98663458,400.16197368,395.57457892,22575117,510784158.34,0.6246,1.1597,1,0
2023-11-28,sh.600547,400.16197368,400.86772672,393.81019632,396.1038937,400.16197368,12928040,290043183.02,0.3577,-1.0141,1,0
2023-11-29,sh.600547,402.63210932,410.2189545,399.10334412,408.10169538,396.1038937,53386277,1226969951.67,1.477,3.029,1,0
2023-11-30,sh.600547,406.16087452,410.2189545,404.74936844,409.3367632,408.10169538,21123464,488368655.65,0.5844,0.3026,1,0
2023-12-01,sh.600547,407.5723806,409.51320146,404.9258067,408.63101016,409.3367632,14359418,331950734.41,0.3973,-0.1724,1,0
2023-12-04,sh.600547,419.9230588,433.1559283,419.9230588,427.15702746,408.63101016,51623223,1252994574.25,1.4282,4.5337,1,0
2023-12-05,sh.600547,418.1586762,419.21730576,412.51265188,412.8655284,427.15702746,22670493,533863326.49,0.6272,-3.3457,1,0
2023-12-06,sh.600547,409.3367632,411.1011458,406.16087452,410.74826928,412.8655284,14526057,336480846.4,0.4019,-0.5128,1,0
2023-12-07,sh.600547,409.3367632,409.3367632,403.1614241,406.51375104,410.74826928,12829909,295392918.75,0.355,-1.0309,1,0
2023-12-08,sh.600547,404.74936844,405.807998,401.74991802,401.92635628,406.51375104,13489367,308194439.79,0.3732,-1.1285,1,0
2023-12-11,sh.600547,395.75101718,396.28033196,383.22390072,390.45786938,401.92635628,29180272,642710854.41,0.8073,-2.8534,1,0
2023-12-12,sh.600547,386.57622766,395.75101718,385.16472158,394.86882588,390.45786938,15427845,341547514.27,0.4268,1.1297,1,0
2023-12-13,sh.600547,391.6929372,395.75101718,386.22335114,386.75266592,394.86882588,14577487,321927347.16,0.4033,-2.0554,1,0
2023-12-14,sh.600547,402.63210932,403.33786236,392.75156676,395.92745544,386.75266592,22489871,506457263.73,0.6222,2.3723,1,0
2023-12-15,sh.600547,396.986085,401.3970415,387.2819807,388.164172,395.92745544,16486050,366765549.23,0.4561,-1.9608,1,0
2023-12-18,sh.600547,384.6354068,387.45841896,382.8710242,383.40033898,388.164172,12472469,272177971.47,0.3451,-1.2273,1,0
2023-12-19,sh.600547,384.28253028,386.04691288,381.28307986,385.5175981,383.40033898,12911016,280692994.27,0.3572,0.5522,1,0
2023-12-20,sh.600547,385.87047462,395.2217024,385.87047462,389.9285546,385.5175981,17820879,395660037.59,0.493,1.1442,1,0
2023-12-21,sh.600547,387.98773374,391.16362242,382.51814768,389.9285546,389.9285546,14372240,314998895.9,0.3976,0.0,1,0
2023-12-22,sh.600547,391.6929372,395.75101718,387.2819807,389.9285546,389.9285546,16249197,360134656.71,0.4496,0.0,1,0
2023-12-25,sh.600547,389.22280156,398.39759108,388.164172,396.1038937,389.9285546,16072659,359881850.63,0.4447,1.5837,1,0
2023-12-26,sh.600547,396.63320848,406.86662756,394.86882588,405.63155974,396.1038937,23202446,529796801.44,0.6419,2.4053,1,0
2023-12-27,sh.600547,405.27868322,408.80744842,402.63210932,407.92525712,405.63155974,16581044,381827050.68,0.4587,0.5655,1,0
2023-12-28,sh.600547,410.74826928,411.9833371,402.80854758,409.3367632,407.92525712,24205532,559143979.07,0.6697,0.346,1,0
2023-12-29,sh.600547,405.63155974,410.92470754,402.63210932,403.51430062,409.3367632,18361517,421771208.01,0.508,-1.4224,1,0
2024-01-02,sh.600547,403.69073888,408.4545719,401.74991802,405.63155974,403.51430062,14536495,334692765.25,0.4022,0.5247,1,0
2024-01-03,sh.600547,402.45567106,408.10169538,401.04416498,403.1614241,405.63155974,10940752,249958380.34,0.3027,-0.609,1,0
2024-01-04,sh.600547,399.6326589,404.74936844,395.39814066,404.0436154,403.1614241,13919058,315318360.89,0.3851,0.2188,1,0
2024-01-05,sh.600547,402.80854758,409.3367632,401.3970415,403.1614241,404.0436154,13974079,321036399.2,0.3866,-0.2183,1,0
2024-01-08,sh.600547,402.10279454,403.1614241,392.5751285,393.98663458,403.1614241,12655996,283922736.31,0.3502,-2.2757,1,0
2024-01-09,sh.600547,392.5751285,397.33896152,389.9285546,395.04526414,393.98663458,10360104,231512148.14,0.2866,0.2687,1,0
2024-01-10,sh.600547,394.51594936,399.80909716,392.39869024,398.22115282,395.04526414,11527272,259006273.4,0.3189,0.8039,1,0
2024-01-11,sh.600547,396.1038937,396.1038937,389.0463633,389.75211634,398.22115282,16137853,356976603.83,0.4465,-2.1267,1,0
2024-01-12,sh.600547,387.63485722,396.1038937,385.87047462,393.28088154,389.75211634,14742725,328221172.67,0.4079,0.9054,1,0
2024-01-15,sh.600547,392.92800502,396.1038937,390.28143112,392.39869024,393.28088154,8485785,189238601.54,0.2348,-0.2243,1,0
2024-01-16,sh.600547,390.45786938,391.6929372,381.9888329,388.164172,392.39869024,10783468,236634713.35,0.2983,-1.0791,1,0
2024-01-17,sh.600547,386.04691288,386.75266592,371.93185208,372.2847286,388.164172,20653265,441240657.96,0.5714,-4.0909,1,0
2024-01-18,sh.600547,364.16856864,366.63870428,349.3477548,364.87432168,372.2847286,33159471,670521621.81,0.9174,-1.9905,1,0
2024-01-19,sh.600547,361.87487126,370.34390774,360.28692692,368.93240166,364.87432168,15636155,325283515.47,0.4326,1.1122,1,0
2024-01-22,sh.600547,368.57952514,368.57952514,351.46501392,353.22939652,368.93240166,17467248,355741069.0,0.4833,-4.2563,1,0
2024-01-23,sh.600547,352.34720522,356.22884694,346.34830438,355.17021738,353.22939652,13203861,264419065.26,0.3653,0.5495,1,0
2024-01-24,sh.600547,354.28802608,358.69898258,347.93624872,357.99322954,355.17021738,13942522,280096921.31,0.3857,0.7948,1,0
2024-01-25,sh.600547,356.05240868,363.4628156,354.28802608,363.28637734,357.99322954,17555125,358008640.31,0.4857,1.4786,1,0
2024-01-26,sh.600547,362.40418604,365.75651298,359.9340504,364.16856864,363.28637734,12097188,249003537.24,0.3347,0.2428,1,0
2024-01-29,sh.600547,365.2271982,373.1669199,365.05075994,366.1093895,364.16856864,16800905,350540810.65,0.4648,0.5329,1,0
2024-01-30,sh.600547,364.3450069,368.57952514,359.75761214,362.75706256,366.1093895,16447421,339639313.51,0.455,-0.9157,1,0
2024-01-31,sh.600547,365.05075994,367.8737721,361.34555648,362.93350082,362.75706256,16881718,348871675.61,0.4671,0.0486,1,0
2024-02-01,sh.600547,359.0518591,366.1093895,357.2874765,361.34555648,362.93350082,12316065,252827583.84,0.3407,-0.4375,1,0
2024-02-02,sh.600547,363.81569212,375.10774076,358.1696678,368.40308688,361.34555648,28168806,588645158.42,0.7793,1.9531,1,0
2024-02-05,sh.600547,363.4628156,370.520346,358.1696678,369.46171644,368.40308688,20149574,417125777.55,0.5575,0.2874,1,0
2024-02-06,sh.600547,368.7559634,375.46061728,363.4628156,375.28417902,369.46171644,23902885,503456535.28,0.6613,1.5759,1,0
2024-02-07,sh.600547,375.28417902,378.81294422,368.40308688,378.63650596,375.28417902,24746922,524279520.58,0.6847,0.8933,1,0
2024-02-08,sh.600547,378.98938248,384.98828332,372.2847286,384.6354068,378.63650596,24320423,518741793.9,0.6729,1.5843,1,0
2024-02-19,sh.600547,379.51869726,379.51869726,370.69678426,374.75486424,384.6354068,32859616,696967491.11,0.9091,-2.5688,1,0
2024-02-20,sh.600547,371.4025373,377.75431466,371.04966078,377.22499988,374.75486424,25721885,547599150.28,0.7116,0.6591,1,0
2024-02-21,sh.600547,375.28417902,389.57567808,373.87267294,383.22390072,377.22499988,25524965,556105457.88,0.7062,1.5903,1,0
2024-02-22,sh.600547,381.45951812,388.164172,380.75376508,386.75266592,383.22390072,14960515,327251281.5,0.4139,0.9208,1,0
2024-02-23,sh.600547,384.81184506,392.75156676,384.6354068,388.69348678,386.75266592,15608601,344594059.5,0.4318,0.5018,1,0
2024-02-26,sh.600547,389.22280156,391.34006068,383.04746246,384.81184506,388.69348678,16687252,365447814.32,0.4617,-0.9986,1,0
2024-02-27,sh.600547,382.8710242,388.164172,381.9888329,387.98773374,384.81184506,11986934,261810721.54,0.3316,0.8253,1,0
2024-02-28,sh.600547,387.98773374,391.6929372,381.1066416,381.1066416,387.98773374,21611473,473228963.46,0.5979,-1.7735,1,0
2024-02-29,sh.600547,380.40088856,384.28253028,378.4600677,382.69458594,381.1066416,20494057,442150394.13,0.567,0.4167,1,0
2024-03-01,sh.600547,382.69458594,401.22060324,382.34170942,399.6326589,382.69458594,37491591,832713845.94,1.0373,4.426,1,0
2024-03-04,sh.600547,411.63046058,417.2764849,407.5723806,408.4545719,399.6326589,34203186,799305239.32,0.9463,2.2075,1,0
2024-03-05,sh.600547,419.0408675,435.09674916,419.0408675,427.33346572,408.4545719,44095726,1067397809.41,1.22,4.622,1,0
2024-03-06,sh.600547,434.0381196,436.6846935,427.33346572,434.74387264,427.33346572,38645473,947829990.82,1.0692,1.7341,1,0
2024-03-07,sh.600547,440.74277348,456.44577862,438.09619958,447.97674214,434.74387264,44962296,1141541417.13,1.244,3.0438,1,0
2024-03-08,sh.600547,447.97674214,448.1531804,440.2134587,447.2709891,447.97674214,24555749,618830930.61,0.6794,-0.1575,1,0
2024-03-11,sh.600547,453.4463282,455.2107108,443.7422239,448.85893344,447.2709891,25179676,639466946.72,0.6966,0.355,1,0
2024-03-12,sh.600547,449.917563,450.62331604,432.273737,434.74387264,448.85893344,33630780,834667755.69,0.9305,-3.1447,1,0
2024-03-13,sh.600547,426.0983979,434.0381196,424.15757704,431.74442222,434.74387264,24044341,584486112.52,0.6652,-0.6899,1,0
2024-03-14,sh.600547,435.62606394,443.38934738,432.80305178,434.74387264,431.74442222,23361581,579437071.31,0.6463,0.6947,1,0
2024-03-15,sh.600547,433.86168134,445.5066065,426.9805892,442.15427956,434.74387264,28369817,706626508.56,0.7849,1.7045,1,0
2024-03-18,sh.600547,439.86058218,444.6244152,435.44962568,440.74277348,442.15427956,22316341,557674528.28,0.6174,-0.3192,1,0
2024-03-19,sh.600547,441.80140304,451.32906908,440.74277348,443.56578564,440.74277348,17546703,442748036.41,0.4855,0.6405,1,0
2024-03-20,sh.600547,441.80140304,447.80030388,439.86058218,444.27153868,443.56578564,13053097,328831125.76,0.3611,0.1591,1,0
2024-03-21,sh.600547,464.0326238,467.20851248,453.97564298,457.50440818,444.27153868,27745938,720942716.69,0.7676,2.9786,1,0
2024-03-22,sh.600547,451.85838386,455.91646384,441.9778413,448.32961866,457.50440818,23432918,594451705.82,0.6483,-2.0054,1,0
2024-03-25,sh.600547,449.0353717,456.26934036,448.68249518,450.97619256,448.32961866,17918265,459725711.83,0.4957,0.5903,1,0
2024-03-26,sh.600547,451.6819456,453.26988994,446.74167432,449.917563,450.97619256,16125769,411209816.6,0.4461,-0.2347,1,0
2024-03-27,sh.600547,453.09345168,457.15153166,449.917563,451.85838386,449.917563,20391400,524948940.68,0.5642,0.4314,1,0
2024-03-28,sh.600547,452.21126038,465.09125336,449.38824822,461.56248816,451.85838386,24146983,627206479.53,0.6681,2.1476,1,0
2024-03-29,sh.600547,476.383302,499.3202758,476.383302,498.08520798,461.56248816,61211426,1706046557.72,1.6935,7.9128,1,0
2024-04-01,sh.600547,508.1421888,525.7860148,506.3778062,520.31642874,498.08520798,52013632,1519709707.88,1.439,4.4633,1,0
2024-04-02,sh.600547,512.72958356,520.492867,507.61287402,512.90602182,520.31642874,37901859,1100904510.82,1.0486,-1.4242,1,0
2024-04-03,sh.600547,525.7860148,531.0791626,516.78766354,524.72738524,512.90602182,51570508,1533405699.15,1.4268,2.3048,1,0
2024-04-08,sh.600547,532.49066868,571.30708588,531.0791626,560.72079028,524.72738524,74397021,2335306367.52,2.0583,6.8594,1,0
2024-04-09,sh.600547,549.78161816,556.13339552,540.43039038,553.31038336,560.72079028,43822935,1362556108.54,1.2124,-1.3216,1,0
2024-04-10,sh.600547,554.8983277,563.89667896,549.25230338,557.72133986,553.31038336,41922186,1325005199.31,1.1599,0.7972,1,0
2024-04-11,sh.600547,543.4298408,567.60188242,542.5476495,551.72243902,557.72133986,41277100,1299177073.1,1.142,-1.0756,1,0
2024-04-12,sh.600547,576.24735716,586.6572145,559.3092842,584.18707886,551.72243902,66366382,2167700019.54,1.8361,5.8842,1,0
2024-04-15,sh.600547,550.66380946,564.77887026,547.13504426,563.54380244,584.18707886,59770784,1889023868.67,1.6537,-3.5337,1,0
2024-04-16,sh.600547,564.602432,570.07201806,539.9010756,540.07751386,563.54380244,55217678,1729511723.45,1.5277,-4.1641,1,0
2024-04-17,sh.600547,540.7832669,553.1339451,539.54819908,547.48792078,540.07751386,37987552,1175741079.4,1.051,1.3721,1,0
2024-04-18,sh.600547,542.5476495,551.89887728,532.8435452,548.7229886,547.48792078,40751793,1258269837.17,1.1275,0.2256,1,0
2024-04-19,sh.600547,552.2517538,566.3668146,549.42874164,554.54545118,548.7229886,40157268,1270418305.09,1.111,1.0611,1,0
2024-04-22,sh.600547,546.958606,554.54545118,532.8435452,536.19587214,554.54545118,43994351,1349932180.58,1.2172,-3.3089,1,0
2024-04-23,sh.600547,521.72793482,523.84519394,508.67150358,511.670954,536.19587214,66616574,1940563410.47,1.8431,-4.5739,1,0
2024-04-24,sh.600547,515.1997192,519.25779918,510.08300966,517.14054006,511.670954,27893965,813517539.01,0.7717,1.069,1,0
2024-04-25,sh.600547,514.14108964,520.492867,506.90712098,516.9641018,517.14054006,23890869,696789956.73,0.661,-0.0341,1,0
2024-04-26,sh.600547,517.8462931,533.54929824,517.8462931,529.13834174,516.9641018,36482433,1091972815.5,1.0094,2.3549,1,0
2024-04-29,sh.600547,518.55204614,519.43423744,506.3778062,515.90547224,529.13834174,43367324,1261618478.06,1.1998,-2.5008,1,0
2024-04-30,sh.600547,515.90547224,518.37560788,507.43643576,509.37725662,515.90547224,25887216,752986477.56,0.7162,-1.2654,1,0
2024-05-06,sh.600547,499.14383754,516.43478702,494.20356626,516.43478702,509.37725662,40244720,1156322134.08,1.1134,1.3855,1,0
2024-05-07,sh.600547,517.49341658,525.08026176,514.14108964,519.6106757,516.43478702,25834137,761970431.55,0.7147,0.615,1,0
2024-05-08,sh.600547,517.31697832,531.60847738,511.670954,527.37395914,519.6106757,26501297,787613614.34,0.7332,1.4941,1,0
2024-05-09,sh.600547,523.31587916,537.60737822,522.78656438,531.60847738,527.37395914,27409526,823044224.78,0.7583,0.8029,1,0
2024-05-10,sh.600547,544.66490862,546.78216774,530.72628608,540.95970516,531.60847738,36878643,1124532694.8,1.0203,1.759,1,0
2024-05-13,sh.600547,533.7257365,540.07751386,525.96245306,534.78436606,540.95970516,21377039,646545902.75,0.5914,-1.1416,1,0
2024-05-14,sh.600547,532.66710694,540.95970516,528.96190348,537.2545017,534.78436606,21604183,656222130.07,0.5977,0.4619,1,0
2024-05-15,sh.600547,537.96025474,558.4270929,536.3723104,550.13449468,537.2545017,26926399,839920476.21,0.745,2.3974,1,0
2024-05-16,sh.600547,562.48517288,564.602432,535.4901191,537.07806344,550.13449468,30429204,945143455.15,0.8419,-2.3733,1,0
2024-05-17,sh.600547,533.37285998,537.60737822,525.7860148,534.78436606,537.07806344,18032891,543186959.94,0.4989,-0.4271,1,0
2024-05-20,sh.600547,551.89887728,568.48407372,539.19532256,561.0736668,534.78436606,48766113,1535194022.17,1.3492,4.9159,1,0
2024-05-21,sh.600547,555.07476596,558.4270929,529.84409478,531.0791626,561.0736668,35385098,1079763087.71,0.979,-5.3459,1,0
2024-05-22,sh.600547,531.0791626,536.3723104,522.2572496,526.84464436,531.0791626,21179596,634857980.32,0.586,-0.7973,1,0
2024-05-23,sh.600547,506.55424446,518.37560788,500.02602884,512.90602182,526.84464436,29175191,846396588.32,0.8072,-2.6457,1,0
2024-05-24,sh.600547,506.3778062,515.55259572,504.96630012,509.55369488,512.90602182,24094604,698075072.72,0.6666,-0.6536,1,0
2024-05-27,sh.600547,509.73013314,528.07971218,509.73013314,517.8462931,509.55369488,22823415,672403832.27,0.6315,1.6274,1,0
2024-05-28,sh.600547,521.02218178,524.0216322,512.5531453,513.08246008,517.8462931,16481163,484805027.28,0.456,-0.9199,1,0
2024-05-29,sh.600547,515.02328094,522.43368786,508.49506532,517.14054006,513.08246008,21317273,625043441.85,0.5898,0.7909,1,0
2024-05-30,sh.600547,513.4353366,514.84684268,500.90822014,504.43698534,517.14054006,23116806,661799973.34,0.6396,-2.4565,1,0
2024-05-31,sh.600547,504.78986186,511.84739226,502.849041,508.31862706,504.43698534,21030502,606443727.83,0.5818,0.7695,1,0
2024-06-03,sh.600547,502.849041,504.78986186,488.38110368,494.027128,508.31862706,37657820,1059654963.38,1.0419,-2.8115,1,0
2024-06-04,sh.600547,500.2024671,505.67205316,493.49781322,500.73178188,494.027128,20405837,578506020.63,0.5646,1.3571,1,0
2024-06-05,sh.600547,494.027128,500.73178188,489.26329498,496.14438712,500.73178188,22448436,631260896.33,0.6211,-0.9161,1,0
2024-06-06,sh.600547,503.7312323,516.9641018,503.37835578,513.61177486,496.14438712,32077787,930656583.38,0.8875,3.5206,1,0
2024-06-07,sh.600547,516.43478702,518.55204614,500.55534362,509.0243801,513.61177486,27875006,805064235.36,0.7712,-0.8932,1,0
2024-06-11,sh.600547,485.38165326,492.61562192,482.5586411,488.55754194,509.0243801,39167306,1081005812.86,1.0836,-4.0208,1,0
2024-06-12,sh.600547,486.9695976,498.4380845,486.0874063,496.14438712,488.55754194,19190888,536805536.11,0.531,1.5529,1,0
2024-06-13,sh.600547,496.32082538,497.02657842,480.08850546,490.14548628,496.14438712,23107414,637305136.95,0.6393,-1.2091,1,0
2024-06-14,sh.600547,488.7339802,491.90986888,483.61727066,486.61672108,490.14548628,13945279,385074661.85,0.3858,-0.7199,1,0
2024-06-17,sh.600547,486.61672108,494.20356626,482.38220284,485.205215,486.61672108,15258011,421259607.18,0.4221,-0.2901,1,0
2024-06-18,sh.600547,485.205215,493.85068974,483.26439414,489.96904802,485.205215,13352061,370612172.15,0.3694,0.9818,1,0
2024-06-19,sh.600547,493.32137496,504.26054708,490.32192454,497.20301668,489.96904802,21133542,597217338.66,0.5847,1.4764,1,0
2024-06-20,sh.600547,498.4380845,503.02547926,487.49891238,493.85068974,497.20301668,17210828,483313902.68,0.4762,-0.6742,1,0
2024-06-21,sh.600547,500.37890536,502.31972622,491.90986888,493.49781322,493.85068974,23565421,663041040.48,0.652,-0.0715,1,0
2024-06-24,sh.600547,482.5586411,492.96849844,481.6764498,489.6161715,493.49781322,14667856,406175664.07,0.4058,-0.7866,1,0
2024-06-25,sh.600547,489.6161715,490.14548628,482.38220284,486.9695976,489.6161715,13268311,365568780.08,0.3671,-0.5405,1,0
2024-06-26,sh.600547,483.4408324,485.91096804,475.14823418,482.73507936,486.9695976,16842241,457250110.72,0.466,-0.8696,1,0
2024-06-27,sh.600547,478.1476846,479.38275242,471.9723455,474.26604288,482.73507936,14508623,390477407.75,0.4014,-1.7544,1,0
2024-06-28,sh.600547,477.79480808,486.9695976,474.79535766,483.08795588,474.26604288,18240310,497647512.36,0.5047,1.8601,1,0
2024-07-01,sh.600547,481.85288806,486.61672108,474.97179592,484.49946196,483.08795588,19120642,521507682.32,0.529,0.2922,1,0
2024-07-02,sh.600547,485.38165326,490.85123932,480.7942585,484.67590022,484.49946196,16125370,443212679.57,0.4461,0.0364,1,0
2024-07-03,sh.600547,485.38165326,486.0874063,476.73617852,479.55919068,484.67590022,15432287,419719738.66,0.427,-1.0557,1,0
2024-07-04,sh.600547,485.205215,505.67205316,485.205215,491.55699236,479.55919068,35274920,992778395.28,0.9759,2.5018,1,0
2024-07-05,sh.600547,488.20466542,516.0819105,485.02877674,515.37615746,491.55699236,40913073,1170891977.52,1.1319,4.8457,1,0
2024-07-08,sh.600547,522.2572496,528.60902696,518.37560788,519.08136092,515.37615746,29674130,879893078.7,0.821,0.7189,1,0
2024-07-09,sh.600547,515.1997192,523.1394409,512.02383052,520.13999048,519.08136092,22933195,674066836.35,0.6345,0.2039,1,0
2024-07-10,sh.600547,517.8462931,530.37340956,517.66985484,519.96355222,520.13999048,24628260,730875923.88,0.6814,-0.0339,1,0
2024-07-11,sh.600547,520.13999048,527.19752088,516.0819105,524.37450872,519.96355222,30907384,914753705.24,0.8551,0.8483,1,0
2024-07-12,sh.600547,529.31478,530.72628608,493.32137496,499.3202758,524.37450872,66356936,1888582785.76,1.8359,-4.7779,1,0
2024-07-15,sh.600547,498.26164624,520.66930526,493.85068974,518.02273136,499.3202758,42204216,1227032779.77,1.1677,3.7456,1,0
2024-07-16,sh.600547,518.7284844,545.89997644,518.19916962,544.48847036,518.02273136,37987952,1155414141.74,1.051,5.109,1,0
2024-07-17,sh.600547,561.14921678,563.09888241,543.60222611,549.80570766,544.48843776,38763877,1210515611.77,1.0725,0.9766,1,0
2024-07-18,sh.600547,549.451223,554.94573523,537.93047155,553.88228125,549.80570766,22975866,709833704.23,0.6357,0.7415,1,0
2024-07-19,sh.600547,533.14492864,542.18428747,524.81453913,540.5891065,553.88228125,24893129,752063796.03,0.6887,-2.4,1,0
2024-07-22,sh.600547,532.79044398,542.18428747,527.47317408,534.91735194,540.5891065,20872028,628737508.89,0.5775,-1.0492,1,0
2024-07-23,sh.600547,534.91735194,538.63944087,510.98963739,512.40757603,534.91735194,24396458,716058432.19,0.675,-4.2081,1,0
2024-07-24,sh.600547,514.35724166,524.81453913,514.002757,523.57384282,512.40757603,20541930,602458593.55,0.5683,2.1792,1,0
2024-07-25,sh.600547,515.7751803,515.7751803,491.13849643,495.92403934,523.57384282,28571331,804427821.23,0.7905,-5.281,1,0
2024-07-26,sh.600547,495.92403934,501.95027856,493.79713138,496.98749332,495.92403934,15465737,434132263.58,0.4279,0.2144,1,0
2024-07-29,sh.600547,502.65924788,507.44479079,497.87370497,503.01373254,496.98749332,15247781,432217348.28,0.4219,1.2126,1,0
2024-07-30,sh.600547,503.01373254,508.6854871,494.5061007,506.55857914,503.01373254,15332491,434050982.1,0.4242,0.7047,1,0
2024-07-31,sh.600547,510.10342574,521.97866185,507.44479079,521.44693486,506.55857914,20646485,600758264.84,0.5712,2.9391,1,0
2024-08-01,sh.600547,526.23247777,539.34841019,518.78829991,522.68763117,521.44693486,21578590,640719463.66,0.597,0.2379,1,0
2024-08-02,sh.600547,511.87584904,540.23462184,511.87584904,537.0442599,522.68763117,30803932,922136199.25,0.8522,2.7467,1,0
2024-08-05,sh.600547,517.5476036,535.09459427,513.64827234,525.70075078,537.0442599,37259350,1100536462.21,1.0308,-2.1122,1,0
2024-08-06,sh.600547,519.67451156,524.28281214,507.26754846,514.35724166,525.70075078,25229103,732988216.79,0.698,-2.1578,1,0
2024-08-07,sh.600547,506.9130638,519.49726923,506.38133681,512.58481836,514.35724166,14433372,418240781.56,0.3993,-0.3446,1,0
2024-08-08,sh.600547,508.6854871,513.64827234,500.88682458,505.67236749,512.58481836,15808510,450575652.41,0.4374,-1.3485,1,0
2024-08-09,sh.600547,513.11654535,519.67451156,510.98963739,513.64827234,505.67236749,16672813,485081739.08,0.4613,1.5773,1,0
2024-08-12,sh.600547,515.06621098,515.59793797,505.31788283,511.87584904,513.64827234,8803773,253319714.85,0.2436,-0.3451,1,0
2024-08-13,sh.600547,519.3200269,522.8648735,508.86272943,513.47103001,511.87584904,17071346,495034992.88,0.4723,0.3116,1,0
2024-08-14,sh.600547,511.52136438,516.66139195,509.74894108,512.2303337,513.47103001,8738089,252652341.54,0.2418,-0.2416,1,0
2024-08-15,sh.600547,507.26754846,514.71172632,504.25442885,514.002757,512.2303337,11206720,322425244.32,0.3101,0.346,1,0
2024-08-16,sh.600547,514.71172632,518.25657292,493.61988905,502.83649021,514.002757,24586032,696785062.5,0.6802,-2.1724,1,0
2024-08-19,sh.600547,509.21721409,527.82765874,507.26754846,522.15590418,502.83649021,28000246,822835833.85,0.7747,3.8421,1,0
2024-08-20,sh.600547,523.04211583,528.1821434,518.96554224,523.21935816,522.15590418,14392194,424303686.52,0.3982,0.2037,1,0
2024-08-21,sh.600547,524.6372968,547.32431504,517.5476036,541.65256048,523.21935816,29425087,894653938.8,0.8141,3.523,1,0
2024-08-22,sh.600547,536.15804825,543.77946844,535.09459427,538.46219854,541.65256048,15350432,466425042.6,0.4247,-0.589,1,0
2024-08-23,sh.600547,532.61320165,540.41186417,527.82765874,539.52565252,538.46219854,13465470,407221540.92,0.3725,0.1975,1,0
2024-08-26,sh.600547,545.19740708,548.38776902,522.15590418,528.1821434,539.52565252,21068499,629400997.97,0.5829,-2.1025,1,0
2024-08-27,sh.600547,528.35938573,528.71387039,505.84960982,510.81239506,528.1821434,21548615,623017894.04,0.5962,-3.2886,1,0
2024-08-28,sh.600547,510.81239506,515.59793797,494.32885837,496.81025099,510.81239506,22499544,635826262.26,0.6225,-2.7412,1,0
2024-08-29,sh.600547,496.81025099,497.34197798,485.6439842,491.31573876,496.81025099,23694033,656111997.9,0.6555,-1.106,1,0
2024-08-30,sh.600547,488.83434614,489.1888308,473.41426343,478.554291,491.31573876,48296463,1302481033.05,1.3362,-2.5974,1,0
2024-09-02,sh.600547,474.83220207,475.71841372,458.70315004,463.84317761,478.554291,39390336,1030796226.7,1.0898,-3.0741,1,0
2024-09-03,sh.600547,459.23487703,462.24799664,452.14518383,455.33554577,463.84317761,29723767,764070002.15,0.8224,-1.8342,1,0
2024-09-04,sh.600547,451.9679415,454.98106111,445.58721762,449.30930655,455.33554577,18758807,476437833.71,0.519,-1.3235,1,0
2024-09-05,sh.600547,449.30930655,457.2852114,448.60033723,452.67691082,449.30930655,22527846,575060251.58,0.6233,0.7495,1,0
2024-09-06,sh.600547,453.7403648,458.34866538,451.08172985,454.98106111,452.67691082,17121516,439685432.82,0.4737,0.509,1,0
2024-09-09,sh.600547,448.24585257,448.24585257,434.06646617,437.7885551,454.98106111,28336266,701385165.6,0.784,-3.7787,1,0
2024-09-10,sh.600547,437.7885551,440.44719005,431.58507355,436.37061646,437.7885551,16802986,412890327.06,0.4649,-0.3239,1,0
2024-09-11,sh.600547,436.90234345,446.82791393,434.77543549,443.99203665,436.37061646,20299733,505953945.32,0.5616,1.7465,1,0
2024-09-12,sh.600547,442.92858267,442.92858267,434.77543549,440.44719005,443.99203665,14532268,359932756.19,0.4021,-0.7984,1,0
2024-09-13,sh.600547,451.61345684,460.47557334,447.35964092,453.20863781,440.44719005,37365068,959360832.06,1.0338,2.8974,1,0
2024-09-18,sh.600547,458.34866538,464.02041994,447.53688325,454.44933412,453.20863781,18883492,485670336.51,0.5224,0.2738,1,0
2024-09-19,sh.600547,454.98106111,456.75348441,437.43407044,456.04451509,454.44933412,24483257,619430189.73,0.6774,0.351,1,0
2024-09-20,sh.600547,456.22175742,467.21078188,451.79069917,466.1473279,456.04451509,29053968,757984555.85,0.8038,2.2153,1,0
2024-09-23,sh.600547,471.4645978,478.554291,469.33768984,472.88253644,466.1473279,26388216,705803022.96,0.7301,1.4449,1,0
2024-09-24,sh.600547,472.88253644,478.554291,467.03353955,478.37704867,472.88253644,33496662,894880368.6,0.9267,1.1619,1,0
2024-09-25,sh.600547,483.16259158,495.92403934,483.16259158,490.78401177,478.37704867,32365001,895507240.38,0.8954,2.5936,1,0
2024-09-26,sh.600547,488.65710381,494.68334303,484.75777255,494.68334303,490.78401177,25512430,706740095.1,0.7058,0.7945,1,0
2024-09-27,sh.600547,494.68334303,499.46888594,482.0991376,493.79713138,494.68334303,43160505,1193286553.5,1.1941,-0.1791,1,0
2024-09-30,sh.600547,493.97437371,530.84077835,485.6439842,519.14278457,493.79713138,100288120,2847853626.99,2.7746,5.1328,1,0
2024-10-08,sh.600547,557.60437018,561.14921678,496.45576633,512.93930302,519.14278457,118823452,3504551330.28,3.2875,-1.1949,1,0
2024-10-09,sh.600547,499.46888594,504.25442885,475.54117139,476.95911003,512.93930302,65227374,1797563154.71,1.8046,-7.0145,1,0
2024-10-10,sh.600547,476.95911003,489.1888308,473.2370211,481.39016828,476.95911003,42652614,1158060317.01,1.1801,0.929,1,0
2024-10-11,sh.600547,490.25228478,495.56955468,482.98534925,485.46674187,481.39016828,40377735,1115025711.33,1.1171,0.8468,1,0
2024-10-14,sh.600547,484.93501488,497.51922031,477.13635236,495.39231235,485.46674187,39169703,1084354912.07,1.0837,2.0445,1,0
2024-10-15,sh.600547,485.6439842,488.12537682,474.30047508,479.44050265,495.39231235,41674134,1128347108.18,1.153,-3.22,1,0
2024-10-16,sh.600547,480.3267143,498.93715895,479.44050265,497.16473565,479.44050265,52927807,1462753770.32,1.4643,3.6969,1,0
2024-10-17,sh.600547,498.0509473,498.0509473,487.4164075,491.13849643,497.16473565,32875699,910969872.62,0.9096,-1.2121,1,0
2024-10-18,sh.600547,497.51922031,507.44479079,495.39231235,501.5957939,491.13849643,56352576,1593457606.73,1.5591,2.1292,1,0
2024-10-21,sh.600547,508.33100244,516.83863428,504.25442885,511.52136438,501.5957939,48408879,1397549374.46,1.3393,1.9788,1,0
2024-10-22,sh.600547,508.6854871,514.53448399,503.01373254,507.97651778,511.52136438,34992104,1004562723.23,0.9681,-0.693,1,0
2024-10-23,sh.600547,515.24345331,516.66139195,505.31788283,510.4579104,507.97651778,30329828,873461742.87,0.8391,0.4885,1,0
2024-10-24,sh.600547,500.35509759,500.53233992,487.77089216,492.37919274,510.4579104,37308114,1035250957.35,1.0322,-3.5417,1,0
2024-10-25,sh.600547,488.12537682,489.72055779,483.51707624,485.6439842,492.37919274,24710173,677044163.2,0.6837,-1.3679,1,0
2024-10-28,sh.600547,484.75777255,486.88468051,481.21292595,484.40328789,485.6439842,24559047,669471594.21,0.6795,-0.2555,1,0
2024-10-29,sh.600547,484.75777255,489.01158847,478.90877566,482.27637993,484.40328789,38818643,1058882514.97,1.074,-0.4391,1,0
2024-10-30,sh.600547,486.88468051,489.1888308,475.89565605,480.14947197,482.27637993,38774128,1054193320.88,1.0728,-0.441,1,0
2024-10-31,sh.600547,476.7818677,477.66807935,466.67905489,467.9197512,480.14947197,43210624,1147546886.18,1.1955,-2.5471,1,0
2024-11-01,sh.600547,461.36178499,471.81908246,458.70315004,464.02041994,467.9197512,39607670,1041749769.2,1.0958,-0.8333,1,0
2024-11-04,sh.600547,464.55214693,468.80596285,458.88039237,468.80596285,464.02041994,22858244,598959505.42,0.6324,1.0313,1,0
2024-11-05,sh.600547,467.38802421,471.99632479,464.3749046,471.99632479,468.80596285,38589646,1020002508.72,1.0677,0.6805,1,0
2024-11-06,sh.600547,470.04665916,479.44050265,466.50181256,469.51493217,471.99632479,47257139,1259439448.44,1.3075,-0.5257,1,0
2024-11-07,sh.600547,455.5127881,456.57624208,444.34652131,456.39899975,469.51493217,62230343,1584127902.83,1.7217,-2.7935,1,0
2024-11-08,sh.600547,459.76660402,463.84317761,450.37276053,451.43621451,456.39899975,48097037,1236727926.84,1.3307,-1.0874,1,0
2024-11-11,sh.600547,449.13206422,449.13206422,440.80167471,445.23273296,451.43621451,43082025,1079558109.59,1.1919,-1.3742,1,0
2024-11-12,sh.600547,439.73822073,446.6506716,435.30716248,437.25682811,445.23273296,45791613,1137417663.4,1.2669,-1.7914,1,0
2024-11-13,sh.600547,437.25682811,447.89136791,435.48440481,444.70100597,437.25682811,38127458,955601387.61,1.0549,1.7025,1,0
2024-11-14,sh.600547,440.80167471,444.8782483,437.07958578,438.67476675,444.70100597,28300526,704652995.76,0.783,-1.3551,1,0
2024-11-15,sh.600547,439.91546306,448.06861024,439.91546306,440.26994772,438.67476675,29692919,742458507.18,0.8215,0.3636,1,0
2024-11-18,sh.600547,443.105825,444.8782483,437.07958578,440.44719005,440.26994772,23500799,584212250.03,0.6502,0.0403,1,0
2024-11-19,sh.600547,443.99203665,451.08172985,442.75134034,447.18239859,440.44719005,36592618,921880646.24,1.0124,1.5292,1,0
2024-11-20,sh.600547,448.77757956,448.95482189,443.63755199,445.76445995,447.18239859,24959140,627075087.5,0.6905,-0.3171,1,0
2024-11-21,sh.600547,446.29618694,453.56312247,444.16927898,453.38588014,445.76445995,31764203,803680072.73,0.8788,1.7097,1,0
2024-11-22,sh.600547,453.38588014,456.39899975,446.29618694,447.18239859,453.38588014,31710809,807096017.74,0.8773,-1.3683,1,0
2024-11-25,sh.600547,448.06861024,453.56312247,433.88922384,437.07958578,447.18239859,32159783,802696385.7,0.8898,-2.2592,1,0
2024-11-26,sh.600547,431.58507355,437.96579743,429.45816559,431.05334656,437.07958578,21230263,518325609.89,0.5874,-1.3788,1,0
2024-11-27,sh.600547,431.76231588,433.88922384,426.26780365,433.88922384,431.05334656,17756747,431011940.25,0.4913,0.6579,1,0
2024-11-28,sh.600547,430.6988619,432.4712852,428.04022695,428.9264386,433.88922384,14941920,362379379.77,0.4134,-1.1438,1,0
2024-11-29,sh.600547,430.52688999,435.32830512,428.5707579,434.97264474,428.92641828,15690659,381406817.51,0.4341,1.4096,1,0
2024-12-02,sh.600547,429.99339942,436.57311645,428.74858809,435.50613531,434.97264474,25456560,618498252.18,0.7043,0.1226,1,0
2024-12-03,sh.600547,435.50613531,439.2405693,432.30519189,434.61698436,435.50613531,17985406,439972691.87,0.4976,-0.2042,1,0
2024-12-04,sh.600547,434.97264474,436.92877683,432.48302208,434.26132398,434.61698436,17614974,430393749.56,0.4873,-0.0818,1,0
2024-12-05,sh.600547,432.66085227,432.83868246,429.28207866,430.17122961,434.26132398,16761603,405862126.57,0.4637,-0.9419,1,0
2024-12-06,sh.600547,428.39292771,431.77170132,427.14811638,431.77170132,430.17122961,18895942,456807742.83,0.5228,0.3721,1,0
2024-12-09,sh.600547,435.50613531,446.17594671,434.26132398,442.08585234,431.77170132,39305935,973865134.35,1.0875,2.3888,1,0
2024-12-10,sh.600547,447.24292785,448.1320788,437.4622674,439.06273911,442.08585234,32231559,800731506.18,0.8917,-0.6838,1,0
2024-12-11,sh.600547,441.90802215,446.3537769,441.19670139,441.90802215,439.06273911,23440250,583545310.6,0.6485,0.648,1,0
2024-12-12,sh.600547,443.86415424,449.02122975,443.15283348,445.10896557,441.90802215,30329988,760775460.01,0.8391,0.7243,1,0
2024-12-13,sh.600547,436.57311645,439.95189006,433.9056636,434.26132398,445.10896557,28213905,692621632.95,0.7806,-2.4371,1,0
2024-12-16,sh.600547,434.08349379,434.26132398,420.92405973,421.4575503,434.26132398,29926234,717467316.85,0.828,-2.9484,1,0
2024-12-17,sh.600547,421.4575503,422.70236163,418.07877669,419.14575783,421.4575503,19034828,449872144.36,0.5266,-0.5485,1,0
2024-12-18,sh.600547,418.43443707,422.52453144,416.1226446,419.6792484,419.14575783,16476274,388249636.58,0.4558,0.1273,1,0
2024-12-19,sh.600547,412.74387099,419.85707859,407.05330491,418.79009745,419.6792484,18619184,434689717.19,0.5151,-0.2119,1,0
2024-12-20,sh.600547,418.61226726,420.39056916,412.5660408,413.45519175,418.79009745,23927242,559901249.5,0.662,-1.2739,1,0
2024-12-23,sh.600547,414.87783327,420.74622954,413.81085213,416.83396536,413.45519175,20254223,475655588.24,0.5604,0.8172,1,0
2024-12-24,sh.600547,413.63302194,416.1226446,409.54292757,413.81085213,416.83396536,19546005,453223673.01,0.5408,-0.7253,1,0
2024-12-25,sh.600547,413.81085213,413.81085213,409.54292757,410.25424833,413.81085213,14869522,343597653.16,0.4114,-0.8595,1,0
2024-12-26,sh.600547,410.7877389,414.87783327,409.54292757,410.96556909,410.25424833,15991607,369647488.67,0.4424,0.1734,1,0
2024-12-27,sh.600547,410.96556909,413.81085213,409.89858795,411.85472004,410.96556909,15997091,370707772.86,0.4426,0.2164,1,0
2024-12-30,sh.600547,410.7877389,414.16651251,405.63066339,408.47594643,411.85472004,22679323,521449338.62,0.6275,-0.8204,1,0
2024-12-31,sh.600547,406.87547472,409.89858795,402.25188978,402.42971997,408.47594643,19122277,436379063.34,0.5291,-1.4802,1,0
2025-01-02,sh.600547,403.14104073,418.79009745,402.60755016,411.67688985,402.42971997,46696783,1081971345.39,1.2919,2.2978,1,0
2025-01-03,sh.600547,414.3443427,430.70472018,414.3443427,428.92641828,411.67688985,67635705,1622047066.14,1.8713,4.1901,1,0
2025-01-06,sh.600547,426.61462581,434.43915417,417.72311631,427.50377676,428.92641828,44671782,1076665150.34,1.2359,-0.3317,1,0
2025-01-07,sh.600547,425.19198429,434.43915417,422.88019182,434.08349379,427.50377676,36072397,874921674.03,0.998,1.5391,1,0
2025-01-08,sh.600547,433.37217303,442.97500329,430.70472018,435.32830512,434.08349379,37072068,908754783.7,1.0257,0.2868,1,0
2025-01-09,sh.600547,436.39528626,437.4622674,428.39292771,431.59387113,435.32830512,23944622,581169613.88,0.6625,-0.8578,1,0
2025-01-10,sh.600547,432.30519189,436.21745607,426.61462581,430.17122961,431.59387113,25513876,619077338.16,0.7059,-0.3296,1,0
2025-01-13,sh.600547,427.14811638,441.0188712,426.792456,436.39528626,430.17122961,35659066,874851115.31,0.9866,1.4469,1,0
2025-01-14,sh.600547,430.70472018,437.64009759,428.92641828,435.86179569,436.39528626,28646410,698876428.52,0.7926,-0.1222,1,0
2025-01-15,sh.600547,433.9056636,435.32830512,421.63538049,428.92641828,435.86179569,26621856,641205451.35,0.7365,-1.5912,1,0
2025-01-16,sh.600547,432.1273617,437.64009759,431.94953151,434.26132398,428.92641828,29480370,721043976.75,0.8156,1.2438,1,0
2025-01-17,sh.600547,437.99575797,439.06273911,432.1273617,432.30519189,434.26132398,16898774,412658363.89,0.4675,-0.4505,1,0
2025-01-20,sh.600547,432.48302208,432.48302208,421.63538049,426.08113524,432.30519189,26448840,632726216.8,0.7318,-1.4397,1,0
2025-01-21,sh.600547,424.65849372,426.61462581,420.03490878,423.94717296,426.08113524,16385896,390267332.5,0.4533,-0.5008,1,0
2025-01-22,sh.600547,426.61462581,446.3537769,425.54764467,444.39764481,423.94717296,57592284,1419067452.96,1.5934,4.8238,1,0
2025-01-23,sh.600547,441.37453158,449.02122975,438.70707873,441.19670139,444.39764481,34492490,859475495.67,0.9543,-0.7203,1,0
2025-01-24,sh.600547,441.37453158,445.46462595,432.30519189,440.12972025,441.19670139,27319004,672417377.4,0.7558,-0.2418,1,0
2025-01-27,sh.600547,435.6839655,444.39764481,432.30519189,432.66085227,440.12972025,31594264,777129690.0,0.8741,-1.697,1,0
2025-02-05,sh.600547,448.1320788,461.64717324,447.77641842,461.11368267,432.66085227,72196790,1850197815.34,1.9975,6.5762,1,0
2025-02-06,sh.600547,461.11368267,464.1367959,455.2452864,459.15755058,461.11368267,39699103,1023487063.23,1.0983,-0.4242,1,0
2025-02-07,sh.600547,458.62406001,461.46934305,453.28915431,460.5801921,459.15755058,37105449,955961409.35,1.0266,0.3098,1,0
2025-02-10,sh.600547,462.358494,467.6933997,455.60094678,465.9150978,460.5801921,36848506,957491034.47,1.0195,1.1583,1,0
2025-02-11,sh.600547,471.07217331,479.78585262,464.84811666,465.73726761,465.9150978,68325195,1811581291.99,1.8903,-0.0382,1,0
2025-02-12,sh.600547,458.44622982,460.40236191,454.71179583,457.20141849,465.73726761,32916385,845828429.32,0.9107,-1.8328,1,0
2025-02-13,sh.600547,457.55707887,464.84811666,456.49009773,457.55707887,457.20141849,27394839,708719471.15,0.7579,0.0778,1,0
2025-02-14,sh.600547,462.00283362,464.31462609,453.28915431,456.13443735,457.55707887,24733441,634449229.26,0.6843,-0.3109,1,0
2025-02-17,sh.600547,444.575475,444.575475,435.86179569,437.81792778,456.13443735,42040798,1036661534.4,1.1631,-4.0156,1,0
2025-02-18,sh.600547,437.81792778,442.26368253,433.72783341,439.77405987,437.81792778,24897802,614243814.39,0.6888,0.4468,1,0
2025-02-19,sh.600547,444.39764481,446.70943728,437.99575797,439.77405987,439.77405987,25433723,631420994.09,0.7037,0.0,1,0
2025-02-20,sh.600547,442.44151272,446.17594671,438.52924854,444.93113538,439.77405987,25916221,644754056.9,0.717,1.1727,1,0
2025-02-21,sh.600547,443.33066367,446.17594671,434.43915417,435.6839655,444.93113538,34987587,860737100.24,0.968,-2.0783,1,0
2025-02-24,sh.600547,433.72783341,441.73019196,429.99339942,437.64009759,435.6839655,24538772,602491902.63,0.6789,0.449,1,0
2025-02-25,sh.600547,440.84104101,444.575475,431.23821075,431.41604094,437.64009759,30753829,755485772.65,0.8509,-1.4222,1,0
2025-02-26,sh.600547,427.85943714,433.01651265,426.08113524,428.74858809,431.41604094,23835693,574391515.2,0.6595,-0.6183,1,0
2025-02-27,sh.600547,428.5707579,428.5707579,418.43443707,420.74622954,428.74858809,31612843,751121436.94,0.8746,-1.8664,1,0
2025-02-28,sh.600547,417.9009465,420.39056916,414.52217289,414.87783327,420.74622954,23341524,547425008.51,0.6458,-1.3948,1,0
2025-03-03,sh.600547,417.72311631,421.81321068,416.30047479,417.72311631,414.87783327,18849787,443936369.43,0.5215,0.6858,1,0
2025-03-04,sh.600547,419.50141821,426.43679562,418.25660688,426.08113524,417.72311631,26850696,638776016.83,0.7429,2.0009,1,0
2025-03-05,sh.600547,425.90330505,431.06038056,424.65849372,430.52688999,426.08113524,26217937,632481464.2,0.7254,1.0434,1,0
2025-03-06,sh.600547,430.70472018,432.1273617,424.83632391,429.63773904,430.52688999,22423022,540679418.12,0.6204,-0.2065,1,0
2025-03-07,sh.600547,427.14811638,435.50613531,426.43679562,430.3490598,429.63773904,23929297,581688510.94,0.662,0.1656,1,0
2025-03-10,sh.600547,433.01651265,433.55000322,427.32594657,431.77170132,430.3490598,16367000,396248872.13,0.4528,0.3306,1,0
2025-03-11,sh.600547,426.792456,432.83868246,424.83632391,432.83868246,431.77170132,18105555,436530033.65,0.5009,0.2471,1,0
2025-03-12,sh.600547,432.83868246,436.39528626,431.23821075,435.15047493,432.83868246,19774900,482527597.4,0.5471,0.5341,1,0
2025-03-13,sh.600547,437.4622674,438.35141835,433.01651265,434.61698436,435.15047493,20206775,495531262.49,0.5591,-0.1226,1,0
2025-03-14,sh.600547,445.46462595,451.15519203,442.7971731,450.44387127,434.61698436,54693262,1376113205.11,1.5132,3.6416,1,0
2025-03-17,sh.600547,449.37689013,455.2452864,447.59858823,453.82264488,450.44387127,31610562,805019102.57,0.8746,0.7501,1,0
2025-03-18,sh.600547,456.49009773,483.52028661,455.2452864,480.31934319,453.82264488,83165762,2217787411.37,2.3009,5.8386,1,0
2025-03-19,sh.600547,484.40943756,489.92217345,481.03066395,488.49953193,480.31934319,53676884,1469949635.81,1.4851,1.7031,1,0
2025-03-20,sh.600547,492.05613573,495.79056972,482.80896585,482.98679604,488.49953193,40353237,1105187355.78,1.1164,-1.1285,1,0
2025-03-21,sh.600547,482.27547528,482.98679604,462.53632419,466.09292799,482.98679604,41050587,1086300775.3,1.1357,-3.4978,1,0
2025-03-24,sh.600547,465.73726761,470.00519217,456.66792792,464.67028647,466.09292799,27758642,724196641.03,0.768,-0.3052,1,0
2025-03-25,sh.600547,464.1367959,468.93821103,459.33538077,465.55943742,464.67028647,19900812,519309882.97,0.5506,0.1914,1,0
2025-03-26,sh.600547,467.6933997,471.96132426,460.04670153,461.64717324,465.55943742,24416618,638348370.21,0.6755,-0.8403,1,0
2025-03-27,sh.600547,459.33538077,465.55943742,454.71179583,461.82500343,461.64717324,23273119,601124482.49,0.6439,0.0385,1,0
2025-03-28,sh.600547,468.58255065,478.00755072,463.42547514,473.0283054,461.82500343,46050881,1219849473.14,1.2741,2.4259,1,0
2025-03-31,sh.600547,473.20613559,482.45330547,471.78349407,478.00755072,473.0283054,50613449,1357713424.37,1.4003,1.0526,1,0
2025-04-01,sh.600547,480.141513,486.36556965,469.11604122,472.31698464,478.00755072,50997828,1367588526.38,1.4109,-1.1905,1,0
2025-04-02,sh.600547,469.4717016,474.45094692,459.69104115,460.93585248,472.31698464,26875992,703920303.08,0.7436,-2.4096,1,0
2025-04-03,sh.600547,469.11604122,474.09528654,464.49245628,465.73726761,460.93585248,42803846,1128927230.09,1.1842,1.0417,1,0
2025-04-07,sh.600547,426.792456,458.8018902,426.792456,450.97736184,465.73726761,70485557,1771663381.63,1.9501,-3.1691,1,0
2025-04-08,sh.600547,449.9103807,467.51556951,441.0188712,467.33773932,450.97736184,50991430,1312000256.71,1.4108,3.6278,1,0
2025-04-09,sh.600547,459.86887134,485.4764187,454.00047507,485.4764187,467.33773932,55781479,1476621327.12,1.5433,3.8813,1,0
2025-04-10,sh.600547,490.45566402,517.4858529,480.31934319,511.26179625,485.4764187,77404085,2191516199.22,2.1415,5.3114,1,0
2025-04-11,sh.600547,531.7122681,539.89245684,522.8207586,527.26651335,511.26179625,94667267,2829727109.3,2.6191,3.1304,1,0
2025-04-14,sh.600547,522.8207586,553.94104185,521.39811708,549.4952871,527.26651335,64741192,1973554780.39,1.7912,4.2159,1,0
2025-04-15,sh.600547,537.0471738,552.34057014,531.7122681,547.18349463,549.4952871,45170029,1380224398.0,1.2497,-0.4207,1,0
2025-04-16,sh.600547,562.83255135,564.61085325,550.02877767,563.89953249,547.18349463,52579903,1652354062.41,1.4547,3.0549,1,0
2025-04-17,sh.600547,577.59245712,594.48632517,554.65236261,562.65472116,563.89953249,70182698,2253322965.8,1.9417,-0.2208,1,0
2025-04-18,sh.600547,555.71934375,564.07736268,544.1603814,556.6084947,562.65472116,36690708,1140914556.44,1.0151,-1.0746,1,0
2025-04-21,sh.600547,571.36840047,601.0660422,570.8349099,601.0660422,556.6084947,71111883,2341614959.52,1.9674,7.9872,1,0
2025-04-22,sh.600547,604.622646,627.56274051,601.0660422,603.73349505,601.0660422,78836446,2709540443.8,2.1812,0.4438,1,0
2025-04-23,sh.600547,569.056608,586.12830624,555.00802299,557.31981546,603.73349505,91282716,2916719471.11,2.5255,-7.6878,1,0
2025-04-24,sh.600547,563.7217023,569.056608,554.8301928,555.71934375,557.31981546,39802288,1256877734.64,1.1012,-0.2872,1,0
2025-04-25,sh.600547,559.27594755,562.47689097,543.27123045,545.22736254,555.71934375,41630931,1289057199.62,1.1518,-1.888,1,0
2025-04-28,sh.600547,534.37972095,552.16273995,534.20189076,548.60613615,545.22736254,32136458,985419632.16,0.8891,0.6197,1,0
2025-04-29,sh.600547,552.87406071,553.94104185,540.24811722,541.49292855,548.60613615,23241420,710944156.97,0.643,-1.2966,1,0
2025-04-30,sh.600547,541.31509836,548.25047577,535.09104171,538.8254757,541.49292855,22830552,693055590.04,0.6316,-0.4926,1,0
2025-05-06,sh.600547,551.273589,557.14198527,546.11651349,549.67311729,538.8254757,36384708,1128646293.77,1.0066,2.0132,1,0
2025-05-07,sh.600547,545.9386833,556.6084947,542.02641912,553.40755128,549.67311729,35745011,1106924407.11,0.9889,0.6794,1,0
2025-05-08,sh.600547,550.20660786,554.47453242,538.46981532,539.89245684,553.40755128,31725671,973027588.36,0.8777,-2.4422,1,0
2025-05-09,sh.600547,526.73302278,540.07028703,526.55519259,537.22500399,539.89245684,29281289,879192448.63,0.8101,-0.4941,1,0
2025-05-12,sh.600547,526.02170202,530.46745677,515.35189062,521.22028689,537.22500399,48368229,1415912064.89,1.3382,-2.9791,1,0
2025-05-13,sh.600547,517.4858529,533.66840019,515.52972081,529.75613601,521.22028689,45487511,1339072965.99,1.2585,1.6377,1,0
2025-05-14,sh.600547,525.66604164,531.00094734,517.4858529,520.68679632,529.75613601,27428131,802863468.9,0.7588,-1.712,1,0
2025-05-15,sh.600547,515.707551,521.0424567,513.04009815,518.37500385,520.68679632,27367177,795115265.08,0.7572,-0.444,1,0
2025-05-16,sh.600547,522.46509822,525.48821145,518.55283404,521.93160765,518.37500385,21657832,635402151.25,0.5992,0.6861,1,0
2025-05-19,sh.600547,524.5990605,530.46745677,516.77453214,519.44198499,521.93160765,18671058,548111468.83,0.5166,-0.477,1,0
2025-05-20,sh.600547,518.90849442,529.75613601,517.4858529,521.93160765,519.44198499,22878893,674370677.82,0.633,0.4793,1,0
2025-05-21,sh.600547,534.55755114,547.00566444,523.70990955,545.9386833,521.93160765,59473779,1795950285.32,1.6454,4.5997,1,0
2025-05-22,sh.600547,546.47217387,557.31981546,544.33821159,546.47217387,545.9386833,38252265,1184213903.46,1.0583,0.0977,1,0
2025-05-23,sh.600547,543.44906064,552.69623052,537.0471738,548.07264558,546.47217387,35370677,1086040044.73,0.9786,0.2929,1,0
2025-05-26,sh.600547,542.3820795,556.43066451,540.6037776,551.62924938,548.07264558,33160043,1026173544.25,0.9174,0.6489,1,0
2025-05-27,sh.600547,548.25047577,554.8301928,530.46745677,534.55755114,551.62924938,22729116,689263220.25,0.6288,-3.0948,1,0
2025-05-28,sh.600547,533.49057,538.8254757,532.06792848,535.09104171,534.55755114,11736733,353112169.86,0.3247,0.0998,1,0
2025-05-29,sh.600547,522.8207586,532.24575867,519.97547556,531.35660772,535.09104171,21899629,648626682.89,0.6059,-0.6979,1,0
2025-05-30,sh.600547,536.51368323,538.8254757,529.9339662,533.49057,531.35660772,14289874,429535600.53,0.3954,0.4016,1,0
2025-06-03,sh.600547,550.20660786,553.94104185,541.31509836,543.80472102,533.49057,29319746,902482183.72,0.8112,1.9333,1,0
2025-06-04,sh.600547,544.69387197,550.20660786,541.49292855,542.20424931,543.80472102,17713911,542589927.1,0.4901,-0.2943,1,0
2025-06-05,sh.600547,543.27123045,549.13962672,536.15802285,537.40283418,542.20424931,19583823,596220691.82,0.5418,-0.8855,1,0
2025-06-06,sh.600547,537.22500399,548.60613615,536.15802285,539.71462665,537.40283418,21035924,643213070.31,0.582,0.4302,1,0
2025-06-09,sh.600547,533.49057,533.49057,522.28726803,530.28962658,539.71462665,31544286,933616074.82,0.8727,-1.7463,1,0
2025-06-10,sh.600547,526.3773624,532.60141905,524.24340012,531.7122681,530.28962658,20864969,620543953.59,0.5773,0.2683,1,0
2025-06-11,sh.600547,531.53443791,539.71462665,528.33349449,536.15802285,531.7122681,17762905,534049117.54,0.4914,0.8361,1,0
2025-06-12,sh.600547,542.3820795,547.53915501,535.2688719,547.18349463,536.15802285,24613794,752621011.18,0.681,2.0564,1,0
2025-06-13,sh.600547,558.20896641,572.25755142,553.40755128,568.87877781,547.18349463,61610333,1953216820.97,1.7046,3.9649,1,0
2025-06-16,sh.600547,568.70094762,572.6132118,552.87406071,555.00802299,568.87877781,40833827,1291581010.47,1.1297,-2.4383,1,0
2025-06-17,sh.600547,547.7169852,566.74481553,547.7169852,558.03113622,555.00802299,27782606,874768804.3,0.7687,0.5447,1,0
2025-06-18,sh.600547,555.71934375,572.6132118,554.8301928,570.65707971,558.03113622,28342013,901777560.86,0.7841,2.2626,1,0
2025-06-19,sh.600547,569.056608,582.74953263,566.92264572,575.63632503,570.65707971,33168907,1074364565.46,0.9177,0.8725,1,0
2025-06-20,sh.600547,569.056608,576.88113636,562.83255135,569.056608,575.63632503,25558683,817241647.75,0.7071,-1.143,1,0
2025-06-23,sh.600547,569.056608,572.25755142,559.63160793,568.70094762,569.056608,23558225,750187917.61,0.6518,-0.0625,1,0
2025-06-24,sh.600547,560.1650985,568.70094762,555.18585318,556.6084947,568.70094762,34156844,1079362937.06,0.945,-2.1263,1,0
2025-06-25,sh.600547,557.67547584,569.056608,552.16273995,569.056608,556.6084947,30541163,964181438.14,0.845,2.2364,1,0
2025-06-26,sh.600547,568.34528724,588.97358928,563.01038154,581.68255149,569.056608,33189217,1078796978.82,0.9182,2.2188,1,0
2025-06-27,sh.600547,576.1698156,581.86038168,563.7217023,565.32217401,581.68255149,34291211,1103922911.71,0.9487,-2.8126,1,0
2025-06-30,sh.600547,557.14198527,567.81179667,557.14198527,567.81179667,565.32217401,25098646,793980127.91,0.6944,0.4404,1,0
2025-07-01,sh.600547,568.70094762,599.10991011,568.16745705,592.35236289,567.81179667,38387723,1266696631.15,1.0621,4.322,1,0
2025-07-02,sh.600547,589.50707985,620.6273631,589.50707985,605.33396676,592.35236289,38515870,1315606426.91,1.0656,2.1915,1,0
2025-07-03,sh.600547,604.622646,609.9575517,588.6179289,592.1745327,605.33396676,28588744,956982167.69,0.791,-2.1739,1,0
2025-07-04,sh.600547,583.2830232,594.84198555,577.05896655,585.41698548,592.1745327,24257116,797148201.72,0.6711,-1.1411,1,0
2025-07-07,sh.600547,577.05896655,586.66179681,573.32453256,575.10283446,585.41698548,26772338,872433282.36,0.7407,-1.7618,1,0
2025-07-08,sh.600547,580.43774016,584.70566472,570.12358914,572.96887218,575.10283446,22086491,715474756.02,0.6111,-0.3711,1,0
2025-07-09,sh.600547,567.2783061,570.65707971,557.14198527,558.3867966,572.96887218,29309932,926817812.25,0.8109,-2.545,1,0
2025-07-10,sh.600547,560.1650985,561.9434004,553.0518909,553.40755128,558.3867966,26226952,821101327.65,0.7256,-0.8917,1,0
2025-07-11,sh.600547,556.43066451,560.52075888,548.25047577,553.76321166,553.40755128,35092648,1093672681.45,0.9709,0.0643,1,0
2025-07-14,sh.600547,558.3867966,565.14434382,555.54151356,559.98726831,553.76321166,57107087,1798598588.98,1.58,1.124,1,0
2025-07-15,sh.600547,561.58774002,562.12123059,549.4952871,558.56462679,559.98726831,40422139,1263969049.06,1.1184,-0.254,1,0
2025-07-16,sh.600547,553.40755128,559.45377774,551.273589,555.89717394,558.56462679,25158064,784905455.15,0.696,-0.4776,1,0
2025-07-17,sh.600547,555.36368337,558.03113622,541.67075874,544.33821159,555.89717394,38228941,1175936739.75,1.0577,-2.0793,1,0
2025-07-18,sh.600547,543.62689083,550.91792862,542.3820795,550.38443805,544.33821159,27443382,844760911.94,0.7593,1.1107,1,0
2025-07-21,sh.600547,550.38443805,556.07500413,545.9386833,552.87406071,550.38443805,24979911,773052418.35,0.6911,0.4523,1,0
2025-07-22,sh.600547,560.1650985,571.72406085,558.92028717,567.2783061,552.87406071,49113112,1562593275.5,1.3588,2.6053,1,0
2025-07-23,sh.600547,575.10283446,575.81415522,563.89953249,565.32217401,567.2783061,26328493,840852120.48,0.7284,-0.3448,1,0
2025-07-24,sh.600547,558.71131529,558.71131529,547.99091909,551.02836468,565.32222628,35990363,1110576676.02,0.9957,-2.5284,1,0
2025-07-25,sh.600547,548.70561217,553.887137,546.02551312,547.63357255,551.02836468,24911745,765961406.44,0.6892,-0.6161,1,0
2025-07-28,sh.600547,545.31082004,545.31082004,536.55582981,539.41460213,547.63357255,27764401,838345095.01,0.7682,-1.5008,1,0
2025-07-29,sh.600547,535.48379019,537.09184962,529.76624555,534.2330773,539.41460213,27028888,806410605.62,0.7478,-0.9606,1,0
2025-07-30,sh.600547,535.48379019,542.98806753,532.80369114,537.27052289,534.2330773,29505074,890048529.26,0.8163,0.5686,1,0
2025-07-31,sh.600547,531.19563171,531.19563171,521.01125532,524.76339399,537.27052289,34098568,1000593881.47,0.9434,-2.3279,1,0
2025-08-01,sh.600547,521.36860186,531.01695844,520.11788897,526.90747323,524.76339399,20519523,604647155.29,0.5677,0.4086,1,0
2025-08-04,sh.600547,537.44919616,564.25018666,537.27052289,562.64212723,526.90747323,81187970,2508126459.42,2.2462,6.782,1,0
2025-08-05,sh.600547,564.42885993,576.22129575,562.64212723,567.28763225,562.64212723,40759380,1295031760.12,1.1277,0.8257,1,0
2025-08-06,sh.600547,567.28763225,578.00802845,566.3942659,576.22129575,567.28763225,32644782,1047338847.8,0.9032,1.5748,1,0
2025-08-07,sh.600547,575.86394921,587.47771176,572.46915708,586.0483256,576.22129575,29600466,959313918.99,0.8189,1.7054,1,0
2025-08-08,sh.600547,590.51515735,594.08862275,581.22414731,587.47771176,586.0483256,31198655,1025225852.94,0.8632,0.2439,1,0
2025-08-11,sh.600547,571.754464,574.61323632,557.4606024,558.88998856,587.47771176,52681724,1664354800.34,1.4575,-4.8662,1,0
2025-08-12,sh.600547,557.63927567,568.71701841,557.63927567,563.71416685,558.88998856,26053480,823442661.82,0.7208,0.8632,1,0
2025-08-13,sh.600547,563.71416685,570.32507784,560.14070145,564.6075332,563.71416685,28045877,884761633.31,0.7759,0.1585,1,0
2025-08-14,sh.600547,567.82365206,569.61038476,559.96202818,562.28478069,564.6075332,27031271,854891760.45,0.7479,-0.4114,1,0
2025-08-15,sh.600547,556.92458259,565.50089955,554.24448354,558.53264202,562.28478069,29258779,918494952.38,0.8095,-0.6673,1,0
2025-08-18,sh.600547,558.71131529,560.14070145,548.88428544,551.74305776,558.53264202,43953908,1359773863.09,1.2161,-1.2156,1,0
2025-08-19,sh.600547,548.88428544,552.45775084,544.59612696,545.31082004,551.74305776,29177673,893461072.72,0.8073,-1.1658,1,0
2025-08-20,sh.600547,541.3800081,549.42030525,539.95062194,547.99091909,545.31082004,23438963,716987891.18,0.6485,0.4915,1,0
2025-08-21,sh.600547,549.42030525,553.887137,543.88143388,545.66816658,547.99091909,33199212,1020556824.97,0.9185,-0.4239,1,0
2025-08-22,sh.600547,544.9534735,549.95632506,544.06010715,549.06295871,545.66816658,26187473,801965961.81,0.7245,0.6221,1,0
2025-08-25,sh.600547,558.35396875,571.39711746,557.10325586,571.03977092,549.06295871,50115950,1585518034.88,1.3865,4.0026,1,0
2025-08-26,sh.600547,571.39711746,582.11751366,567.28763225,582.11751366,571.03977092,40627713,1313162133.04,1.124,1.9399,1,0
2025-08-27,sh.600547,582.4748602,585.15495925,572.64783035,574.25588978,582.11751366,36641904,1187690681.29,1.0138,-1.3505,1,0
2025-08-28,sh.600547,582.83220674,598.01943469,577.1146621,589.44311773,574.25588978,50407990,1659761471.06,1.3946,2.6447,1,0
2025-08-29,sh.600547,591.4085237,604.80901895,591.4085237,596.05402872,589.44311773,55571278,1863777054.13,1.5375,1.1216,1,0
2025-09-01,sh.600547,607.489118,646.61856413,601.23555355,642.15173238,596.05402872,98864528,3484589153.1,2.7353,7.7338,1,0
2025-09-02,sh.600547,643.223772,657.16028706,636.25551447,641.61571257,642.15173238,65591933,2368436704.77,1.8147,-0.0835,1,0
2025-09-03,sh.600547,667.34466345,672.88353482,645.0105047,655.7309009,641.61571257,58738245,2162698224.46,1.6251,2.1999,1,0
2025-09-04,sh.600547,654.65886128,660.19773265,634.64745504,647.69060375,655.7309009,51216219,1852841044.87,1.417,-1.2262,1,0
2025-09-05,sh.600547,645.36785124,685.74801026,645.36785124,673.41955463,647.69060375,54540809,2036720603.43,1.509,3.9724,1,0
2025-09-08,sh.600547,687.35606969,692.89494106,653.05080185,664.30721786,673.41955463,58146350,2184925540.29,1.6087,-1.3531,1,0
2025-09-09,sh.600547,680.7451587,722.37603061,674.67026752,706.65278285,664.30721786,85869778,3368708132.68,2.3757,6.3744,1,0
2025-09-10,sh.600547,678.958426,694.68167376,673.5982279,689.14280239,706.65278285,58792768,2250595120.45,1.6266,-2.4779,1,0
2025-09-11,sh.600547,682.71056467,688.07076277,670.0247625,679.85179235,689.14280239,47610756,1803304232.39,1.3172,-1.3482,1,0
2025-09-12,sh.600547,678.77975273,694.14565395,672.52618828,678.77975273,679.85179235,58185910,2226234662.09,1.6098,-0.1577,1,0
2025-09-15,sh.600547,671.8114952,689.50014893,667.52333672,678.77975273,678.77975273,43236578,1647463048.09,1.1962,0.0,1,0
2025-09-16,sh.600547,695.0390203,698.79115897,668.77404961,674.67026752,678.77975273,57795588,2198344842.82,1.599,-0.6054,1,0
2025-09-17,sh.600547,671.8114952,677.52903984,655.7309009,668.77404961,674.67026752,41092909,1529173100.68,1.1369,-0.8739,1,0
2025-09-18,sh.600547,663.41385151,664.30721786,637.68490063,645.0105047,668.77404961,50060849,1827458798.12,1.385,-3.5533,1,0
2025-09-19,sh.600547,642.50907892,663.23517824,641.07969276,652.1574355,645.0105047,36360193,1330632007.77,1.006,1.108,1,0
2025-09-22,sh.600547,677.1716933,688.96412912,658.94701976,687.71341623,652.1574355,53906006,2029320880.38,1.4914,5.4521,1,0
2025-09-23,sh.600547,696.64707973,724.52010985,687.8920895,703.61533726,687.71341623,63659732,2504872677.6,1.7613,2.3123,1,0
2025-09-24,sh.600547,693.60963414,712.19165422,691.4655549,710.94094133,703.61533726,43510790,1706866152.39,1.2038,1.0411,1,0
2025-09-25,sh.600547,696.825753,700.75656494,671.09680212,677.1716933,710.94094133,78957600,3018925156.39,2.1845,-4.7499,1,0
2025-09-26,sh.600547,677.1716933,689.32147566,676.81434676,682.88923794,677.1716933,37389253,1430075656.34,1.0344,0.8443,1,0
2025-09-29,sh.600547,690.75086182,699.86319859,670.73945558,696.825753,682.88923794,56958867,2192942231.15,1.5759,2.0408,1,0
2025-09-30,sh.600547,705.93808977,710.22624825,692.35892125,702.72197091,696.825753,57061697,2245588482.94,1.5787,0.8462,1,0
2025-10-09,sh.600547,755.7879321,772.94056602,750.427734,772.94056602,702.72197091,68591661,2954765909.43,1.8977,9.9924,1,0
2025-10-10,sh.600547,750.427734,757.93201134,732.73908027,737.02723875,772.94056602,70295782,2924834898.31,1.9449,-4.6463,1,0
2025-10-13,sh.600547,737.9206051,785.26902165,729.52296141,779.0154572,737.02723875,93214665,3938328597.11,2.5789,5.697,1,0
2025-10-14,sh.600547,809.3899131,819.75296276,745.0675359,766.32965503,779.0154572,89219797,3942148830.81,2.4684,-1.6284,1,0
2025-10-15,sh.600547,750.07038746,750.427734,710.76226806,745.0675359,766.32965503,111693664,4557494233.02,3.0902,-2.7745,1,0
2025-10-16,sh.600547,744.35284282,750.60640727,709.69022844,712.37032749,745.0675359,73712339,3001447901.09,2.0394,-4.3885,1,0
2025-10-17,sh.600547,733.98979316,752.39313997,714.69308,723.80541677,712.37032749,89276095,3652695893.99,2.47,1.6052,1,0
2025-10-20,sh.600547,691.4655549,705.7594165,671.8114952,677.88638638,723.80541677,81627238,3132270041.79,2.2584,-6.3441,1,0
2025-10-21,sh.600547,694.68167376,700.57789167,678.958426,681.81719832,677.88638638,65587448,2530253383.88,1.8146,0.5799,1,0
2025-10-22,sh.600547,631.61000945,662.8778317,631.61000945,661.091099,681.81719832,72711332,2645037890.01,2.0117,-3.0398,1,0
2025-10-23,sh.600547,653.55218159,667.01453084,639.19234239,662.52708109,661.09109717,45273904,1643940271.55,1.2526,0.2172,1,0
2025-10-24,sh.600547,664.68105697,666.29653888,651.5777037,655.1676635,662.52708109,31284882,1143579857.53,0.8656,-1.1108,1,0
2025-10-27,sh.600547,648.70573586,661.62959114,648.70573586,657.32163938,655.1676635,46550348,1696866305.64,1.2879,0.3288,1,0
2025-10-28,sh.600547,648.88523385,654.27017355,637.57686048,639.19234239,657.32163938,51664323,1858194703.81,1.4294,-2.7581,1,0
2025-10-29,sh.600547,643.50029415,661.98858712,641.34631827,660.91159918,639.19234239,53091201,1937226189.25,1.4689,3.3979,1,0
2025-10-30,sh.600547,646.37226199,662.3475831,645.29527405,651.75720169,660.91159918,46375534,1684394815.24,1.2831,-1.3851,1,0
2025-10-31,sh.600547,661.98858712,663.60406903,642.6028042,646.91075596,651.75720169,52293341,1901495924.13,1.4468,-0.7436,1,0
2025-11-03,sh.600547,639.0128444,642.24380822,621.24254339,640.62832631,646.91075596,45718200,1611809878.11,1.2649,-0.9711,1,0
2025-11-04,sh.600547,632.55091676,636.67937053,611.19065595,616.21659967,640.62832631,49405902,1707067187.34,1.3669,-3.8106,1,0
2025-11-05,sh.600547,603.1132464,629.85844691,602.21575645,625.90949113,616.21659967,36823322,1272136009.37,1.0188,1.573,1,0
2025-11-06,sh.600547,624.11451123,631.8329248,623.03752329,631.47392882,625.90949113,28247330,987231122.77,0.7815,0.889,1,0
2025-11-07,sh.600547,628.78145897,636.32037455,628.42246299,632.01242279,631.47392882,21304469,750086498.41,0.5894,0.0853,1,0
2025-11-10,sh.600547,639.37184038,654.98816551,639.37184038,653.55218159,632.01242279,48305279,1742356804.26,1.3365,3.4081,1,0
2025-11-11,sh.600547,663.78356702,667.55302481,647.26975194,647.9877439,653.55218159,47642161,1735981945.86,1.3181,-0.8514,1,0
2025-11-12,sh.600547,648.88523385,651.75720169,635.06388862,638.29485244,647.9877439,30334664,1085249319.11,0.8393,-1.4958,1,0
2025-11-13,sh.600547,649.24422983,658.57812531,644.3977841,655.70615747,638.29485244,43484057,1582268324.5,1.2031,2.7278,1,0
2025-11-14,sh.600547,644.3977841,652.47519365,638.11535445,643.14129817,655.70615747,28641150,1029672897.25,0.7924,-1.9162,1,0
2025-11-17,sh.600547,629.67894892,639.91033435,628.242965,630.39694088,643.14129817,32975193,1161389495.53,0.9123,-1.9816,1,0
2025-11-18,sh.600547,627.16597706,628.78145897,613.8831258,617.83208158,630.39694088,23731329,821704335.81,0.6566,-1.9932,1,0
2025-11-19,sh.600547,623.75551525,656.24465144,622.8580253,654.80866752,617.83208158,46030494,1646215812.2,1.2735,5.9849,1,0
2025-11-20,sh.600547,646.192764,656.06515345,641.16682028,642.24380822,654.80866752,26207580,946189227.08,0.7251,-1.9189,1,0
2025-11-21,sh.600547,632.37141877,640.8078243,623.75551525,630.0379449,642.24380822,31436636,1107632083.3,0.8698,-1.9005,1,0
2025-11-24,sh.600547,625.01200118,631.8329248,616.21659967,623.21702128,630.0379449,25598160,887459351.96,0.7082,-1.0826,1,0
2025-11-25,sh.600547,635.96137857,647.62874792,634.34589666,639.0128444,623.21702128,31878916,1137273841.14,0.882,2.5346,1,0
2025-11-26,sh.600547,639.37184038,649.60322581,636.49987254,644.75678008,639.0128444,23902862,858512848.1,0.6613,0.8989,1,0
2025-11-27,sh.600547,647.62874792,654.80866752,644.03878812,651.39820571,644.75678008,27396792,991779933.57,0.758,1.0301,1,0
2025-11-28,sh.600547,658.03963134,660.91159918,651.21870772,654.44967154,651.39820571,27618721,1008590359.11,0.7641,0.4684,1,0
2025-12-01,sh.600547,664.50155898,676.34842632,660.5526032,665.9375429,654.44967154,43761855,1629071359.3,1.2107,1.7553,1,0
2025-12-02,sh.600547,658.03963134,665.39904893,655.52665948,658.03963134,665.9375429,21059291,773821941.57,0.5826,-1.186,1,0
2025-12-03,sh.600547,658.93712129,661.09109717,650.14171978,651.75720169,658.03963134,20706101,756223369.03,0.5729,-0.9547,1,0
2025-12-04,sh.600547,653.3726836,662.3475831,638.11535445,640.26933033,651.75720169,27684583,1000833186.88,0.7659,-1.7626,1,0
2025-12-05,sh.600547,637.39736249,653.19318561,637.39736249,652.11619767,640.26933033,22506379,812425418.24,0.6227,1.8503,1,0
2025-12-08,sh.600547,651.21870772,651.39820571,634.88439063,641.52581626,652.11619767,33260677,1183277634.86,0.9202,-1.624,1,0
2025-12-09,sh.600547,635.4228846,637.2178645,621.0630454,623.57601726,641.52581626,31947318,1115255013.73,0.8839,-2.798,1,0
2025-12-10,sh.600547,628.242965,634.34589666,625.90949113,629.67894892,623.57601726,23257530,816012317.81,0.6435,0.9787,1,0
2025-12-11,sh.600547,636.14087656,645.83376802,624.6530052,627.88396902,629.67894892,32577917,1154680843.7,0.9013,-0.2851,1,0
2025-12-12,sh.600547,642.24380822,647.09025395,636.49987254,646.192764,627.88396902,37654442,1347580793.46,1.0418,2.916,1,0
2025-12-15,sh.600547,646.192764,660.5526032,644.03878812,658.21912933,646.192764,34243119,1248047668.06,0.9474,1.8611,1,0
2025-12-16,sh.600547,651.5777037,653.01368762,624.83250319,630.21744289,658.21912933,34685254,1229410778.86,0.9596,-4.2542,1,0
2025-12-17,sh.600547,634.52539465,655.1676635,633.80740269,649.42372782,630.21744289,32949840,1186564053.24,0.9116,3.0476,1,0
2025-12-18,sh.600547,649.7827238,674.37394843,643.50029415,665.75804491,649.42372782,43114846,1591064525.27,1.1928,2.5152,1,0
2025-12-19,sh.600547,659.83461124,660.5526032,643.67979214,653.73167958,665.75804491,31416372,1140624904.97,0.8692,-1.8064,1,0
2025-12-22,sh.600547,662.52708109,686.40031376,661.98858712,683.52834592,653.73167958,56097718,2120768479.47,1.552,4.5579,1,0
2025-12-23,sh.600547,698.78567507,742.40368664,696.63169919,730.73631729,683.52834592,95261788,3824194470.38,2.6356,6.9065,1,0
2025-12-24,sh.600547,745.09615649,748.5066183,712.78651829,719.42794392,730.73631729,53954357,2184128084.63,1.4927,-1.5475,1,0
2025-12-25,sh.600547,705.60659869,709.0170605,694.6572213,699.50366703,719.42794392,35273120,1377424794.54,0.9759,-2.7695,1,0
2025-12-26,sh.600547,709.73505246,719.7869399,706.32459065,712.6070203,699.50366703,35770640,1422695894.87,0.9897,1.8732,1,0
2025-12-29,sh.600547,712.6070203,717.27396804,691.0672615,693.75973135,712.6070203,39654719,1556076140.56,1.0971,-2.6448,1,0
2025-12-30,sh.600547,667.7325228,698.60617708,664.50155898,691.24675949,693.75973135,41002976,1565490550.5,1.1344,-0.3622,1,0
2025-12-31,sh.600547,687.4773017,705.06810472,683.8873419,694.83671929,691.24675949,34660186,1341006340.54,0.9589,0.5193,1,0
