date,code,open,high,low,close,preclose,volume,amount,turn,pctChg,tradestatus,isST
2021-01-04,sh.601155,51.58186317,51.58186317,50.2177395,50.35265283,52.21145871,13006035,439719281.15,0.5782,-3.5601,1,0
2021-01-05,sh.601155,50.0678358,52.12151649,48.53881806,52.0165839,50.35265283,19066413,640222195.96,0.8476,3.3046,1,0
2021-01-06,sh.601155,51.98660316,52.22644908,50.99723874,51.20710392,52.0165839,9057490,311495601.33,0.4026,-1.5562,1,0
2021-01-07,sh.601155,51.20710392,52.0165839,50.30768172,50.72741208,51.20710392,6898337,234212132.64,0.3067,-0.9368,1,0
2021-01-08,sh.601155,50.3676432,51.80671872,50.3676432,51.14714244,50.72741208,6244428,213590326.47,0.2776,0.8274,1,0
2021-01-11,sh.601155,51.40197873,53.3657172,51.23708466,52.6161987,51.14714244,14755485,519212931.11,0.6559,2.8722,1,0
2021-01-12,sh.601155,52.66116981,53.11088091,52.04656464,52.88602536,52.6161987,6802252,238600439.26,0.3024,0.5128,1,0
2021-01-13,sh.601155,52.88602536,53.45565942,52.466295,53.00594832,52.88602536,8894894,314530991.01,0.3954,0.2268,1,0
2021-01-14,sh.601155,52.69115055,54.78980235,52.6161987,53.38070757,53.00594832,9175424,329547663.54,0.4079,0.707,1,0
2021-01-15,sh.601155,53.44066905,54.5649468,53.32074609,53.77045719,53.38070757,8623409,310374908.79,0.3833,0.7301,1,0
2021-01-18,sh.601155,53.77045719,55.07461938,53.18583276,54.89473494,53.77045719,13381352,483873619.23,0.5949,2.0909,1,0
2021-01-19,sh.601155,55.11959049,60.20132592,54.53496606,60.1113837,54.89473494,24770320,961872053.53,1.1011,9.503,1,0
2021-01-20,sh.601155,59.3618652,60.78595035,58.41747189,60.2612874,60.1113837,18245180,725911811.59,0.8111,0.2494,1,0
2021-01-21,sh.601155,60.60606591,64.9083021,60.4111911,64.458591,60.2612874,21993824,930559008.03,0.9777,6.9652,1,0
2021-01-22,sh.601155,65.0582058,66.73712724,64.0088799,66.63219465,64.458591,17408836,761627591.36,0.7739,3.3721,1,0
2021-01-25,sh.601155,67.6065687,70.7545464,67.47165537,69.04564422,66.63219465,22184023,1022454641.48,0.9862,3.622,1,0
2021-01-26,sh.601155,68.6558946,72.43346784,68.32610646,69.78017235,69.04564422,16937936,793549469.32,0.753,1.0638,1,0
2021-01-27,sh.601155,70.10996049,71.45909379,68.955702,70.42475826,69.78017235,12177195,571326023.5,0.5413,0.9237,1,0
2021-01-28,sh.601155,69.60028791,70.72456566,67.53161685,68.32610646,70.42475826,13471807,620742488.66,0.5989,-2.98,1,0
2021-01-29,sh.601155,69.16556718,69.31547088,62.959554,63.33431325,68.32610646,27179302,1192954729.31,1.2082,-7.3058,1,0
2021-02-01,sh.601155,65.2081095,67.66653018,63.87396657,66.8570502,63.33431325,20681927,916225951.9,0.9194,5.5621,1,0
2021-02-02,sh.601155,67.1568576,68.31111609,65.52290727,65.61284949,66.8570502,12403695,551121931.58,0.5514,-1.861,1,0
2021-02-03,sh.601155,66.1075317,66.78209835,65.11816728,65.74776282,65.61284949,9312531,408256945.06,0.414,0.2056,1,0
2021-02-04,sh.601155,65.91265689,66.4073391,64.33866804,64.92329247,65.74776282,6812920,296077303.67,0.3029,-1.254,1,0
2021-02-05,sh.601155,65.46294579,67.1568576,65.07319617,65.5079169,64.92329247,9215834,406040294.26,0.4097,0.9005,1,0
2021-02-08,sh.601155,65.8077243,68.19119313,65.58286875,66.43731984,65.5079169,9941809,442390860.66,0.442,1.4188,1,0
2021-02-09,sh.601155,66.7071465,66.7071465,64.69843692,64.89331173,66.43731984,11243766,489639942.65,0.4987,-2.324,1,0
2021-02-10,sh.601155,65.07319617,66.78209835,64.71342729,65.957628,64.89331173,8225363,360391181.44,0.3649,1.6401,1,0
2021-02-18,sh.601155,67.456665,69.51034569,66.21246429,67.6065687,65.957628,10851719,490086130.97,0.4814,2.5,1,0
2021-02-19,sh.601155,67.456665,70.454739,66.87204057,68.98568274,67.6065687,12763073,583892886.39,0.5661,2.0399,1,0
2021-02-22,sh.601155,69.1056057,71.74391082,67.77146277,68.8057983,68.98568274,11936737,554317631.97,0.5295,-0.2608,1,0
2021-02-23,sh.601155,67.9063761,68.91073089,67.3067613,68.25115461,68.8057983,9553576,434056896.18,0.4238,-0.8061,1,0
2021-02-24,sh.601155,68.04128943,70.52969085,67.92136647,68.49100053,68.25115461,10745234,497680697.03,0.4766,0.3514,1,0
2021-02-25,sh.601155,68.955702,75.34159962,68.76082719,75.34159962,68.49100053,22547614,1110968790.66,1.0002,10.0022,1,0
2021-02-26,sh.601155,74.6520426,79.86869136,73.84256262,76.37593515,75.34159962,27443078,1401361142.67,1.2173,1.3729,1,0
2021-03-01,sh.601155,76.94556921,77.93493363,73.452813,74.59208112,76.37593515,21208803,1058063022.45,0.9408,-2.3356,1,0
2021-03-02,sh.601155,74.95185,77.84499141,74.2023315,75.2516574,74.59208112,14722660,744764872.9,0.6531,0.8842,1,0
2021-03-03,sh.601155,74.51712927,77.6501166,74.2023315,76.7506944,75.2516574,13168557,668797654.21,0.5841,1.992,1,0
2021-03-04,sh.601155,77.02052106,78.3996351,73.1530056,73.46780337,76.7506944,16629537,834130803.34,0.7377,-4.2773,1,0
2021-03-05,sh.601155,71.96876637,73.10803449,69.18055755,70.454739,73.46780337,15630668,738306454.54,0.6933,-4.1012,1,0
2021-03-08,sh.601155,70.43974863,70.97940195,66.7071465,66.7071465,70.454739,14132415,647128888.9,0.6269,-5.3191,1,0
2021-03-09,sh.601155,67.11188649,68.43103905,66.04757022,66.63219465,66.7071465,13945205,625655208.57,0.6186,-0.1124,1,0
2021-03-10,sh.601155,67.35173241,67.72649166,64.9083021,66.8570502,66.63219465,10331120,456617751.23,0.4583,0.3375,1,0
2021-03-11,sh.601155,66.99196353,68.13123165,66.42232947,67.08190575,66.8570502,9209225,413382122.43,0.4085,0.3363,1,0
2021-03-12,sh.601155,67.456665,69.5553168,66.57223317,68.94071163,67.08190575,9932174,453073719.31,0.4406,2.7709,1,0
2021-03-15,sh.601155,68.955702,69.96005679,68.3560872,68.92572126,68.94071163,7175760,330738650.12,0.3183,-0.0217,1,0
2021-03-16,sh.601155,69.1056057,71.14429602,68.2061835,70.04999901,68.92572126,10685752,496434568.31,0.474,1.6311,1,0
2021-03-17,sh.601155,69.94506642,70.85947899,69.43539384,70.0050279,70.04999901,6313066,295266095.39,0.28,-0.0642,1,0
2021-03-18,sh.601155,70.03500864,70.67959455,68.5059909,70.64961381,70.0050279,7715471,359500008.94,0.3422,0.9208,1,0
2021-03-19,sh.601155,70.40976789,70.40976789,67.83142425,68.04128943,70.64961381,6676814,306693997.4,0.2962,-3.6919,1,0
2021-03-22,sh.601155,68.2061835,71.57901675,67.86140499,71.51905527,68.04128943,7415923,348037221.57,0.329,5.1113,1,0
2021-03-23,sh.601155,71.38414194,72.89816931,70.69458492,71.33917083,71.51905527,7671988,366510835.62,0.3403,-0.2515,1,0
2021-03-24,sh.601155,70.0050279,71.2042575,67.6065687,68.26614498,71.33917083,9166810,419240501.17,0.4066,-4.3076,1,0
2021-03-25,sh.601155,68.43103905,68.74583682,67.456665,68.25115461,68.26614498,3914572,177992389.37,0.1736,-0.022,1,0
2021-03-26,sh.601155,69.22552866,69.48036495,67.62155907,68.17620276,68.25115461,4638798,211471545.91,0.2058,-0.1098,1,0
2021-03-29,sh.601155,67.3067613,69.4054131,66.43731984,69.01566348,68.17620276,13012093,592941503.35,0.5772,1.2313,1,0
2021-03-30,sh.601155,69.99003753,74.38221594,69.5553168,73.42283226,69.01566348,14706152,710086238.67,0.6523,6.3858,1,0
2021-03-31,sh.601155,73.43782263,73.87254336,72.22360266,73.1530056,73.42283226,10918779,532715855.12,0.4843,-0.3675,1,0
2021-04-01,sh.601155,73.452813,74.57709075,70.63462344,71.26421898,73.1530056,9293680,448737142.35,0.4122,-2.582,1,0
2021-04-02,sh.601155,71.92379526,74.84691741,71.41412268,74.8019463,71.26421898,10428868,513941053.17,0.4626,4.9642,1,0
2021-04-06,sh.601155,75.08676333,75.67138776,72.67331376,73.01809227,74.8019463,7403235,364012290.53,0.3284,-2.3848,1,0
2021-04-07,sh.601155,73.452813,73.52776485,72.32853525,73.3029093,73.01809227,6447701,313755821.74,0.286,0.3901,1,0
2021-04-08,sh.601155,73.0031019,73.3029093,71.33917083,71.42911305,73.3029093,6354931,305453019.75,0.2819,-2.5562,1,0
2021-04-09,sh.601155,71.75890119,72.4034871,70.76953677,71.57901675,71.42911305,4133586,197552575.68,0.1834,0.2099,1,0
2021-04-12,sh.601155,71.83385304,72.67331376,70.82949825,71.48907453,71.57901675,6296498,301113375.83,0.2793,-0.1257,1,0
2021-04-13,sh.601155,71.6539686,73.85755299,71.59400712,72.2535834,71.48907453,7108063,344855257.48,0.3153,1.0694,1,0
2021-04-14,sh.601155,72.4034871,73.99246632,71.96876637,72.5533908,72.2535834,5220672,254187306.17,0.2316,0.4149,1,0
2021-04-15,sh.601155,72.7032945,72.7032945,69.45038421,71.63897823,72.5533908,6450507,305281586.82,0.2861,-1.2603,1,0
2021-04-16,sh.601155,71.98375674,72.58337154,70.70957529,71.18926713,71.63897823,4523149,215698703.12,0.2006,-0.6277,1,0
2021-04-19,sh.601155,70.67959455,72.08868933,70.54468122,71.17427676,71.18926713,4658713,221578137.25,0.2067,-0.0211,1,0
2021-04-20,sh.601155,71.08433454,71.75890119,70.27485456,70.99439232,71.17427676,4479568,211915501.5,0.1987,-0.2527,1,0
2021-04-21,sh.601155,70.79951751,71.03936343,69.88510494,70.58965233,70.99439232,3393375,159564347.36,0.1505,-0.5701,1,0
2021-04-22,sh.601155,71.02437306,71.92379526,70.33481604,71.30919009,70.58965233,4342693,206529134.83,0.1926,1.0193,1,0
2021-04-23,sh.601155,71.3541612,71.5040649,69.84013383,69.93007605,71.30919009,4095509,192647586.25,0.1817,-1.934,1,0
2021-04-26,sh.601155,69.7052205,69.7052205,66.78209835,67.26179019,69.93007605,12052336,545220745.28,0.5346,-3.8156,1,0
2021-04-27,sh.601155,67.08190575,68.41604868,66.22745466,68.0562798,67.26179019,9515202,426807975.95,0.4221,1.1812,1,0
2021-04-28,sh.601155,68.71585608,69.93007605,67.54660722,68.01130869,68.0562798,5006704,228766093.26,0.2221,-0.0661,1,0
2021-04-29,sh.601155,68.92572126,70.1549316,67.456665,69.72021087,68.01130869,5855330,269689909.39,0.2597,2.5127,1,0
2021-04-30,sh.601155,69.91508568,70.10996049,67.1568576,67.51662648,69.72021087,8139183,369637364.35,0.361,-3.1606,1,0
2021-05-06,sh.601155,67.1568576,68.44602942,65.22309987,66.48229095,67.51662648,9780331,432538990.9,0.4338,-1.532,1,0
2021-05-07,sh.601155,66.7071465,67.39670352,65.97261837,66.1075317,66.48229095,4988444,221874982.35,0.2213,-0.5637,1,0
2021-05-10,sh.601155,65.79273393,65.79273393,63.64911102,63.82899546,66.1075317,7591676,326200844.66,0.3368,-3.4467,1,0
2021-05-11,sh.601155,63.76903398,64.3086873,61.9102281,63.82899546,63.82899546,8783748,369762975.95,0.3896,0.0,1,0
2021-05-12,sh.601155,63.8589762,63.94891842,62.18005476,62.2100355,63.82899546,6236615,261247163.57,0.2766,-2.5364,1,0
2021-05-13,sh.601155,62.10510291,64.41361989,60.96583479,64.03886064,62.2100355,13918391,581525359.88,0.6174,2.9398,1,0
2021-05-14,sh.601155,64.62348507,66.8570502,64.47358137,65.92764726,64.03886064,11828671,518910825.9,0.5247,2.9494,1,0
2021-05-17,sh.601155,67.7564724,68.89574052,67.08190575,67.48664574,65.92764726,10782712,489070802.59,0.4783,2.3647,1,0
2021-05-18,sh.601155,67.44167463,69.67523976,66.93200205,69.18055755,67.48664574,6951273,319729740.66,0.3083,2.51,1,0
2021-05-19,sh.601155,69.7052205,71.6539686,69.61527828,70.43974863,69.18055755,9096277,429569137.61,0.4035,1.8202,1,0
2021-05-20,sh.601155,70.6046427,71.14429602,69.48036495,70.72456566,70.43974863,7414654,348607780.85,0.3289,0.4043,1,0
2021-05-21,sh.601155,71.15928639,72.35851599,70.9044501,71.14429602,70.72456566,6495405,310212109.22,0.2881,0.5935,1,0
2021-05-24,sh.601155,71.2042575,71.83385304,70.27485456,71.45909379,71.14429602,6143420,291708495.64,0.2725,0.4425,1,0
2021-05-25,sh.601155,71.2042575,72.59836191,71.03936343,71.86383378,71.45909379,7198563,343906964.02,0.3193,0.5664,1,0
2021-05-26,sh.601155,72.20861229,73.72263966,71.5040649,72.79323672,71.86383378,8224859,399009475.0,0.3648,1.2933,1,0
2021-05-27,sh.601155,72.82321746,73.9025241,72.1036797,73.27292856,72.79323672,6061244,295575122.4,0.2689,0.659,1,0
2021-05-28,sh.601155,73.58772633,74.3522352,72.83820783,73.1530056,73.27292856,5404692,264302490.08,0.2397,-0.1637,1,0
2021-05-31,sh.601155,73.28791893,73.28791893,71.44410342,72.74826561,73.1530056,7595671,366614741.93,0.3369,-0.5533,1,0
2021-06-01,sh.601155,73.1530056,74.14237002,71.8038723,73.36287078,72.74826561,6197656,301393059.57,0.2749,0.8448,1,0
2021-06-02,sh.601155,73.19797671,73.54275522,72.5533908,72.92815005,73.36287078,4316427,210202501.29,0.1915,-0.5926,1,0
2021-06-03,sh.601155,73.16799597,74.3522352,71.93878563,71.93878563,72.92815005,6193448,301862751.32,0.2747,-1.3566,1,0
2021-06-04,sh.601155,71.2042575,72.37350636,69.93007605,70.09497012,71.93878563,11004565,520982790.59,0.4881,-2.563,1,0
2021-06-07,sh.601155,69.79516272,71.02437306,69.22552866,69.43539384,70.09497012,8456850,393670480.11,0.3751,-0.941,1,0
2021-06-08,sh.601155,69.82514346,70.6046427,68.955702,69.28549014,69.43539384,5899586,274899394.06,0.2617,-0.2159,1,0
2021-06-09,sh.601155,68.97069237,69.63026865,68.43103905,68.58094275,69.28549014,5478605,251862429.23,0.243,-1.0169,1,0
2021-06-10,sh.601155,68.40105831,69.13558644,67.456665,67.87639536,68.58094275,7435145,337466127.65,0.3298,-1.0273,1,0
2021-06-11,sh.601155,68.08626054,68.62591386,67.18683834,67.456665,67.87639536,6937582,313294765.5,0.3077,-0.6184,1,0
2021-06-15,sh.601155,67.17184797,67.47165537,65.0582058,65.58286875,67.456665,9816122,431143437.28,0.4354,-2.7778,1,0
2021-06-16,sh.601155,65.6578206,67.44167463,65.2081095,65.97261837,65.58286875,7709625,341258410.64,0.342,0.5943,1,0
2021-06-17,sh.601155,65.91265689,66.69215613,65.23809024,65.25308061,65.97261837,6721647,294311755.84,0.2982,-1.0907,1,0
2021-06-18,sh.601155,65.52290727,65.53789764,63.94891842,65.17812876,65.25308061,6838927,295095543.11,0.3034,-0.1149,1,0
2021-06-21,sh.601155,64.458591,64.458591,63.42425547,63.96390879,65.17812876,7262537,309535943.43,0.3222,-1.8629,1,0
2021-06-22,sh.601155,64.05385101,65.88267615,64.02387027,65.59785912,63.96390879,7299040,317725284.01,0.3238,2.5545,1,0
2021-06-23,sh.601155,65.77774356,65.88267615,63.94891842,64.21874508,65.59785912,6627896,285662424.49,0.294,-2.1024,1,0
2021-06-24,sh.601155,64.23373545,65.61284949,63.81400509,64.69843692,64.21874508,5193149,224522773.03,0.2304,0.747,1,0
2021-06-25,sh.601155,64.56352359,64.9083021,63.93392805,64.33866804,64.69843692,5904093,253033745.95,0.2619,-0.5561,1,0
2021-06-28,sh.601155,64.458591,64.458591,62.18005476,62.82464067,64.33866804,9336797,391606601.47,0.4142,-2.3532,1,0
2021-06-29,sh.601155,63.1094577,63.67909176,61.70036292,62.00017032,62.82464067,8504134,353725867.21,0.3772,-1.3123,1,0
2021-06-30,sh.601155,62.00017032,63.21439029,61.11573849,62.3599392,62.00017032,6282096,259803533.44,0.2787,0.5803,1,0
2021-07-01,sh.601155,62.37492957,66.58722354,62.13508365,66.03257985,62.3599392,11062562,478398708.22,0.4907,5.8894,1,0
2021-07-02,sh.601155,65.46294579,65.77774356,63.1094577,63.13943844,66.03257985,8858784,379057531.55,0.393,-4.3814,1,0
2021-07-05,sh.601155,63.57415917,63.7090725,60.57608517,61.13072886,63.13943844,10702337,438719542.6,0.4747,-3.1814,1,0
2021-07-06,sh.601155,61.1607096,63.18440955,61.1607096,62.04514143,61.13072886,10101648,419053453.73,0.4481,1.4958,1,0
2021-07-07,sh.601155,61.52047848,62.70471771,61.1607096,62.3599392,62.04514143,6641837,274946128.06,0.2946,0.5074,1,0
2021-07-08,sh.601155,63.60413991,63.69408213,60.87589257,61.1607096,62.3599392,6870288,282743913.95,0.3048,-1.9231,1,0
2021-07-09,sh.601155,61.77531477,62.46487179,60.80094072,60.98082516,61.1607096,6954503,284769467.87,0.3085,-0.2941,1,0
2021-07-12,sh.601155,61.460517,61.58043996,59.73662445,60.20132592,60.98082516,13206524,531265254.28,0.5858,-1.2783,1,0
2021-07-13,sh.601155,60.62784974,62.63403445,60.3435086,61.84419795,60.20133803,9576781,374104477.15,0.4248,2.7289,1,0
2021-07-14,sh.601155,61.84419795,61.84419795,59.7116394,59.7116394,61.84419795,8539009,325899549.02,0.3788,-3.4483,1,0
2021-07-15,sh.601155,59.85380997,61.49666989,58.46369773,60.78581704,59.7116394,7171675,273401905.36,0.3181,1.7989,1,0
2021-07-16,sh.601155,60.78581704,61.22812548,59.74323286,59.96438708,60.78581704,5907422,225029609.03,0.262,-1.3514,1,0
2021-07-19,sh.601155,59.79062305,59.79062305,57.70545469,59.36411134,59.96438708,7149100,265582640.32,0.3171,-1.0011,1,0
2021-07-20,sh.601155,59.03238001,59.2377375,58.02138929,58.32152716,59.36411134,6146414,227260904.62,0.2726,-1.7563,1,0
2021-07-21,sh.601155,58.52688465,58.73224214,57.1841626,57.80023507,58.32152716,6780463,248917300.17,0.3008,-0.8938,1,0
2021-07-22,sh.601155,57.83182853,59.5536721,57.53169066,58.96919309,57.80023507,6462019,241311548.24,0.2866,2.0224,1,0
2021-07-23,sh.601155,59.09556693,59.45889172,56.868228,56.97880511,58.96919309,6126865,222821511.43,0.2718,-3.3753,1,0
2021-07-26,sh.601155,55.33594519,55.49391249,51.6553071,52.84006185,56.97880511,17593250,594808187.19,0.7804,-7.2637,1,0
2021-07-27,sh.601155,52.79267166,52.79267166,50.20200794,50.50214581,52.84006185,18010328,584691175.32,0.7989,-4.4245,1,0
2021-07-28,sh.601155,50.28099159,51.0234379,49.55434201,49.88607334,50.50214581,13162614,417031876.27,0.5839,-1.2199,1,0
2021-07-29,sh.601155,51.0234379,51.0234379,49.88607334,50.32838178,49.88607334,8973125,286437940.98,0.398,0.8866,1,0
2021-07-30,sh.601155,50.32838178,50.94445425,48.70131859,50.02824391,50.32838178,8591515,271181279.54,0.3811,-0.5964,1,0
2021-08-02,sh.601155,50.7075033,52.52412725,48.6539284,51.57632345,50.02824391,11880144,383058267.12,0.527,3.0944,1,0
2021-08-03,sh.601155,51.3393725,52.88745204,50.7075033,51.10242155,51.57632345,6806825,221878871.39,0.3019,-0.9188,1,0
2021-08-04,sh.601155,51.10242155,51.44994961,50.28099159,50.75489349,51.10242155,5688247,182674800.9,0.2523,-0.6801,1,0
2021-08-05,sh.601155,50.56533273,53.17179318,50.47055235,51.4973398,50.75489349,10823704,356997970.1,0.4801,1.4628,1,0
2021-08-06,sh.601155,50.78648695,51.82907113,50.04404064,51.3393725,51.4973398,6199556,199964860.33,0.275,-0.3067,1,0
2021-08-09,sh.601155,51.86066459,56.37852937,51.35516923,54.8146531,51.3393725,15662606,541585500.03,0.6948,6.7692,1,0
2021-08-10,sh.601155,54.8146531,55.47811576,53.2349801,55.1305877,54.8146531,9126736,313456944.27,0.4048,0.5764,1,0
2021-08-11,sh.601155,56.868228,60.64364647,56.868228,57.6580645,55.1305877,19312843,722533383.64,0.8567,4.5845,1,0
2021-08-12,sh.601155,57.78443834,59.11136366,57.26314625,58.41630754,57.6580645,10527961,388663136.06,0.467,1.3151,1,0
2021-08-13,sh.601155,57.8160318,58.68485195,56.99460184,57.73704815,58.41630754,5870308,214192364.51,0.2604,-1.1628,1,0
2021-08-16,sh.601155,58.27413697,59.01658328,57.10517895,58.08457621,57.73704815,5758565,212057695.8,0.2554,0.6019,1,0
2021-08-17,sh.601155,57.9739991,59.36411134,57.10517895,57.73704815,58.08457621,6691038,246956929.24,0.2968,-0.5983,1,0
2021-08-18,sh.601155,57.32633317,59.20614404,56.41012283,58.93759963,57.73704815,6986065,256839954.82,0.3099,2.0793,1,0
2021-08-19,sh.601155,58.49529119,58.9218029,56.33113918,56.50490321,58.93759963,6855565,248230259.51,0.3041,-4.1276,1,0
2021-08-20,sh.601155,56.67866724,57.84762526,55.14638443,56.18896861,56.50490321,6881488,245825794.8,0.3052,-0.5591,1,0
2021-08-23,sh.601155,55.7624569,56.17317188,54.41973485,54.53031196,56.18896861,6535084,227826340.89,0.2899,-2.9519,1,0
2021-08-24,sh.601155,54.32495447,55.65187979,53.69308527,54.27756428,54.53031196,6995777,240723498.32,0.3103,-0.4635,1,0
2021-08-25,sh.601155,54.73566945,55.20957135,53.25077683,54.41973485,54.27756428,6605900,227671094.38,0.293,0.2619,1,0
2021-08-26,sh.601155,54.15119044,54.70407599,52.58731417,53.0770128,54.41973485,6710277,226901309.52,0.2977,-2.4673,1,0
2021-08-27,sh.601155,52.77687493,53.64569508,52.14500573,52.85585858,53.0770128,4577732,153286215.81,0.2031,-0.4167,1,0
2021-08-30,sh.601155,53.53511797,54.13539371,51.41835615,53.09280953,52.85585858,8187814,274090708.94,0.3632,0.4483,1,0
2021-08-31,sh.601155,53.36135394,54.46712504,51.92385151,53.09280953,53.09280953,8088716,271884271.03,0.3588,0.0,1,0
2021-09-01,sh.601155,53.0770128,57.32633317,52.69789128,56.18896861,53.09280953,14680532,517146296.84,0.6512,5.8316,1,0
2021-09-02,sh.601155,56.0783915,59.15875385,55.62028633,58.47949446,56.18896861,15778500,577388452.69,0.6999,4.0765,1,0
2021-09-03,sh.601155,58.447901,59.03238001,56.67866724,57.43691028,58.47949446,8281390,303357674.95,0.3673,-1.7828,1,0
2021-09-06,sh.601155,57.37372336,59.44309499,56.93141492,58.25834024,57.43691028,8575646,317119862.02,0.3804,1.4301,1,0
2021-09-07,sh.601155,58.25834024,58.62166503,57.05778876,57.94240564,58.25834024,4899775,179258431.38,0.2173,-0.5423,1,0
2021-09-08,sh.601155,58.447901,58.57427484,57.35792663,57.56328412,57.94240564,4087352,149713840.09,0.1813,-0.6543,1,0
2021-09-09,sh.601155,57.31053644,58.71644541,56.59968359,57.43691028,57.56328412,4649500,169542792.27,0.2062,-0.2195,1,0
2021-09-10,sh.601155,58.05298275,59.41150153,57.23155279,58.03718602,57.43691028,5800703,214343348.92,0.2573,1.0451,1,0
2021-09-13,sh.601155,57.8160318,60.20133803,57.5000972,59.63265575,58.03718602,8139593,305707821.33,0.3611,2.749,1,0
2021-09-14,sh.601155,59.90120016,59.90120016,56.56809013,56.82083781,59.63265575,7482615,274156684.69,0.3319,-4.7152,1,0
2021-09-15,sh.601155,56.20476534,56.47330975,52.9190455,53.59830489,56.82083781,13011359,445411703.2,0.5772,-5.6714,1,0
2021-09-16,sh.601155,53.09280953,53.44033759,50.92865752,51.10242155,53.59830489,11232196,369947294.54,0.4982,-4.6566,1,0
2021-09-17,sh.601155,51.05503136,52.66629782,50.56533273,51.57632345,51.10242155,9545537,309941952.56,0.4234,0.9274,1,0
2021-09-22,sh.601155,50.18621121,55.87303401,49.77549623,55.288555,51.57632345,17036570,581458717.51,0.7557,7.1975,1,0
2021-09-23,sh.601155,55.4465223,56.61548032,54.73566945,56.12578169,55.288555,14524938,511905501.23,0.6443,1.5143,1,0
2021-09-24,sh.601155,56.12578169,58.93759963,55.65187979,57.76864161,56.12578169,12903723,473386490.32,0.5724,2.9271,1,0
2021-09-27,sh.601155,57.76864161,57.76864161,54.54610869,54.8146531,57.76864161,10251792,361136852.78,0.4547,-5.1135,1,0
2021-09-28,sh.601155,56.868228,58.59007157,56.42591956,57.48430047,54.8146531,13766592,502380784.09,0.6107,4.8703,1,0
2021-09-29,sh.601155,57.10517895,59.79062305,56.97880511,58.10037294,57.48430047,14903838,554323260.08,0.6611,1.0717,1,0
2021-09-30,sh.601155,59.26933096,61.70202738,58.81122579,58.89020944,58.10037294,17653976,673540950.87,0.7831,1.3594,1,0
2021-10-08,sh.601155,60.3435086,60.64364647,55.96781439,56.47330975,58.89020944,13336546,483434134.87,0.5916,-4.1041,1,0
2021-10-11,sh.601155,56.83663454,59.63265575,56.83663454,57.6580645,56.47330975,13727236,505791029.1,0.6089,2.0979,1,0
2021-10-12,sh.601155,58.10037294,59.99598054,57.26314625,59.74323286,57.6580645,15223037,571767607.72,0.6753,3.6164,1,0
2021-10-13,sh.601155,59.74323286,60.16974457,57.91081218,58.95339636,59.74323286,8230672,307662199.71,0.3651,-1.3221,1,0
2021-10-14,sh.601155,58.46369773,59.22194077,56.80504108,56.868228,58.95339636,7120845,259608144.29,0.3159,-3.537,1,0
2021-10-15,sh.601155,56.80504108,58.2899337,56.17317188,56.37852937,56.868228,8332178,299596811.17,0.3696,-0.8611,1,0
2021-10-18,sh.601155,56.37852937,56.3943261,53.40874413,55.06740078,56.37852937,10940912,378286995.89,0.4853,-2.3256,1,0
2021-10-19,sh.601155,55.05160405,56.28374899,54.0248166,55.22536808,55.06740078,6211887,217543009.26,0.2755,0.2869,1,0
2021-10-20,sh.601155,55.74666017,55.82564382,53.88264603,54.4987185,55.22536808,7058056,243652503.2,0.3131,-1.3158,1,0
2021-10-21,sh.601155,54.8146531,58.06877948,54.78305964,57.89501545,54.4987185,13399037,485212553.44,0.5944,6.2319,1,0
2021-10-22,sh.601155,60.64364647,63.69241536,60.35930533,61.52826335,57.89501545,32555613,1286926675.87,1.4441,6.2756,1,0
2021-10-25,sh.601155,58.52688465,62.28650639,58.52688465,60.05916746,61.52826335,24924641,944165729.12,1.1056,-2.3877,1,0
2021-10-26,sh.601155,60.027574,62.91837559,59.25353423,60.75422358,60.05916746,14154984,546905586.24,0.6279,1.1573,1,0
2021-10-27,sh.601155,60.8174105,60.8174105,58.81122579,59.7116394,60.75422358,11097461,418012004.8,0.4923,-1.7161,1,0
2021-10-28,sh.601155,58.84281925,59.41150153,56.5522934,56.78924435,59.7116394,11097802,403047457.38,0.4923,-4.8942,1,0
2021-10-29,sh.601155,55.30435173,56.37852937,53.42454086,54.08800352,56.78924435,16453008,565956361.71,0.7298,-4.7566,1,0
2021-11-01,sh.601155,54.08800352,54.08800352,51.3393725,51.90805478,54.08800352,18145872,602858344.89,0.8049,-4.0304,1,0
2021-11-02,sh.601155,51.93964824,52.55572071,49.57013874,49.96505699,51.90805478,16656998,533605097.27,0.7389,-3.7432,1,0
2021-11-03,sh.601155,50.3915687,51.1814052,49.98085372,50.58112946,49.96505699,12178496,389325233.62,0.5402,1.233,1,0
2021-11-04,sh.601155,50.59692619,51.10242155,49.4437649,49.52274855,50.58112946,11914030,378168253.93,0.5285,-2.0924,1,0
2021-11-05,sh.601155,48.969863,49.41217144,45.21024126,46.7583208,49.52274855,27932788,827110344.65,1.239,-5.5821,1,0
2021-11-08,sh.601155,47.24801943,49.22261068,47.24801943,48.89087935,46.7583208,14740113,451706467.16,0.6538,4.5608,1,0
2021-11-09,sh.601155,49.6017322,49.6017322,47.8640919,48.60653821,48.89087935,8663326,265833096.83,0.3843,-0.5816,1,0
2021-11-10,sh.601155,48.89087935,50.97604771,47.43758019,50.91286079,48.60653821,16175192,506503771.46,0.7175,4.7449,1,0
2021-11-11,sh.601155,51.24459212,55.99940785,51.1814052,55.99940785,50.91286079,32962836,1138240140.45,1.4622,9.9907,1,0
2021-11-12,sh.601155,55.98361112,55.99940785,54.04061333,54.67248253,55.99940785,15537686,540394831.22,0.6892,-2.3695,1,0
2021-11-15,sh.601155,54.6566858,54.76726291,53.2349801,54.3407512,54.67248253,9440676,322605565.02,0.4188,-0.6068,1,0
2021-11-16,sh.601155,55.288555,55.288555,52.93484223,53.44033759,54.3407512,7447276,253169970.75,0.3303,-1.657,1,0
2021-11-17,sh.601155,53.28237029,53.8668493,52.19239592,52.82426512,53.44033759,6037375,201767673.16,0.2678,-1.1528,1,0
2021-11-18,sh.601155,52.2871763,52.69789128,51.38676269,51.57632345,52.82426512,6876670,225809415.43,0.305,-2.3624,1,0
2021-11-19,sh.601155,51.56052672,54.15119044,50.89706406,53.3929474,51.57632345,12734956,425672377.35,0.5649,3.5222,1,0
2021-11-22,sh.601155,53.3929474,53.53511797,51.68690056,52.30297303,53.3929474,7247456,240946289.84,0.3215,-2.0414,1,0
2021-11-23,sh.601155,52.16080246,53.10860626,51.73429075,52.46094033,52.30297303,4715070,156887899.83,0.2092,0.302,1,0
2021-11-24,sh.601155,52.30297303,54.10380025,52.08181881,52.68209455,52.46094033,6324964,212688434.73,0.2806,0.4216,1,0
2021-11-25,sh.601155,53.01382588,53.37715067,51.90805478,52.35036322,52.68209455,4966867,164333508.3,0.2203,-0.6297,1,0
2021-11-26,sh.601155,52.09761554,52.09761554,51.16560847,51.4973398,52.35036322,4938516,160989435.19,0.2191,-1.6295,1,0
2021-11-29,sh.601155,50.8654706,51.3393725,50.0756341,50.549536,51.4973398,5815090,186416375.76,0.2579,-1.8405,1,0
2021-11-30,sh.601155,49.96505699,51.41835615,48.95406627,49.1278303,50.549536,10253046,321867317.79,0.4548,-2.8125,1,0
2021-12-01,sh.601155,48.76450551,51.11821828,48.66972513,49.55434201,49.1278303,9855887,311324849.77,0.4372,0.8682,1,0
2021-12-02,sh.601155,49.6017322,51.32357577,48.87508262,50.20200794,49.55434201,9891900,314977372.05,0.4388,1.307,1,0
2021-12-03,sh.601155,50.42316216,51.29198231,49.47535836,51.29198231,50.20200794,8479577,271657481.04,0.3761,2.1712,1,0
2021-12-06,sh.601155,52.09761554,54.10380025,49.77549623,49.77549623,51.29198231,13005974,420416250.92,0.5769,-2.9566,1,0
2021-12-07,sh.601155,51.35516923,53.94583295,50.72330003,52.98223242,49.77549623,22978227,763243450.26,1.0193,6.4424,1,0
2021-12-08,sh.601155,52.66629782,52.98223242,49.94926026,50.3915687,52.98223242,25196558,813730496.71,1.1177,-4.8897,1,0
2021-12-09,sh.601155,50.2336014,52.63470436,49.93346353,51.93964824,50.3915687,22926702,751967259.69,1.017,3.0721,1,0
2021-12-10,sh.601155,51.30777904,51.6553071,47.59554749,48.8118957,51.93964824,38981135,1211447140.56,1.7291,-6.0219,1,0
2021-12-13,sh.601155,48.79609897,50.20200794,48.36958726,48.4959611,48.8118957,18444665,572048825.72,0.8182,-0.6472,1,0
2021-12-14,sh.601155,48.3379938,48.3379938,46.11065487,46.14224833,48.4959611,25313939,749103186.26,1.1229,-4.8534,1,0
2021-12-15,sh.601155,46.18963852,46.88469464,45.73153335,45.82631373,46.14224833,16548424,483417341.53,0.7342,-0.6847,1,0
2021-12-16,sh.601155,45.95268757,47.05845867,45.41559875,46.71093061,45.82631373,17046211,500762123.29,0.7563,1.9304,1,0
2021-12-17,sh.601155,46.36340255,47.02686521,46.36340255,46.4423862,46.71093061,9393514,277625160.29,0.4168,-0.5749,1,0
2021-12-20,sh.601155,46.33180909,47.35859654,45.47878567,45.60515951,46.4423862,16188259,474366769.0,0.7182,-1.8027,1,0
2021-12-21,sh.601155,45.51037913,48.60653821,45.4945824,47.95887228,45.60515951,34679964,1047424984.72,1.5386,5.1611,1,0
2021-12-22,sh.601155,47.78510825,48.27480688,46.69513388,46.94788156,47.95887228,16459701,491779715.02,0.7303,-2.108,1,0
2021-12-23,sh.601155,46.88469464,47.75351479,45.62095624,47.31120635,46.94788156,15632553,461579905.1,0.6936,0.7739,1,0
2021-12-24,sh.601155,47.04266194,47.04266194,45.95268757,45.9684843,47.31120635,9016960,264732859.1,0.4,-2.8381,1,0
2021-12-27,sh.601155,46.2844189,48.43277418,46.17384179,47.10584886,45.9684843,15941259,478345489.98,0.7073,2.4742,1,0
2021-12-28,sh.601155,47.01106848,47.0742554,46.09485814,46.48977639,47.10584886,12921768,380306343.7,0.5733,-1.3078,1,0
2021-12-29,sh.601155,46.4423862,46.69513388,45.98428103,46.1264516,46.48977639,6883343,201467518.14,0.3054,-0.7815,1,0
2021-12-30,sh.601155,46.09485814,46.20543525,44.7047459,44.87850993,46.1264516,17728846,509902193.13,0.7855,-2.7055,1,0
2021-12-31,sh.601155,44.98908704,46.31601236,44.89430666,46.01587449,44.87850993,15122629,438451856.64,0.67,2.5343,1,0
2022-01-04,sh.601155,45.57356605,47.02686521,44.95749358,46.37919928,46.01587449,16961761,495777566.95,0.7515,0.7896,1,0
2022-01-05,sh.601155,46.26862217,48.79609897,45.98428103,47.97466901,46.37919928,28575149,864665011.65,1.2661,3.4401,1,0
2022-01-06,sh.601155,47.95887228,48.30640034,46.03167122,46.47397966,47.97466901,17594997,522910129.47,0.7796,-3.1281,1,0
2022-01-07,sh.601155,46.4423862,50.47055235,46.4423862,49.83868315,46.47397966,44334873,1384918211.8,1.9643,7.24,1,0
2022-01-10,sh.601155,49.72810604,52.80846839,49.41217144,52.129209,49.83868315,36162008,1179575788.8,1.6022,4.5959,1,0
2022-01-11,sh.601155,53.2349801,54.40393812,51.46574634,52.52412725,52.129209,22148276,742925568.4,0.9813,0.7576,1,0
2022-01-12,sh.601155,52.14500573,52.69789128,50.10722756,51.71849402,52.52412725,18100798,588514696.69,0.802,-1.5338,1,0
2022-01-13,sh.601155,51.1814052,52.38195668,50.47055235,50.51794254,51.71849402,9993705,323914487.05,0.4428,-2.3213,1,0
2022-01-14,sh.601155,49.93346353,50.3915687,48.63813167,48.71711532,50.51794254,11015967,342080777.71,0.4881,-3.5647,1,0
2022-01-17,sh.601155,48.4959611,50.2336014,48.25901015,49.71230931,48.71711532,11124984,348775194.56,0.4929,2.0428,1,0
2022-01-18,sh.601155,49.19101722,52.22398938,49.17522049,51.19720193,49.71230931,14093345,457011023.48,0.6244,2.987,1,0
2022-01-19,sh.601155,51.9712417,53.85105257,51.59212018,52.7610782,51.19720193,18566409,620748632.51,0.8226,3.0546,1,0
2022-01-20,sh.601155,54.46712504,58.00559256,54.1827839,56.26795226,52.7610782,38593933,1391939233.8,1.71,6.6467,1,0
2022-01-21,sh.601155,56.10998496,56.5522934,54.08800352,55.22536808,56.26795226,20587084,718315867.05,0.9121,-1.8529,1,0
2022-01-24,sh.601155,55.74666017,57.6580645,54.53031196,56.06259477,55.22536808,15855497,565652334.7,0.7025,1.516,1,0
2022-01-25,sh.601155,55.93622093,56.78924435,54.41973485,54.54610869,56.06259477,12645736,442611260.74,0.5594,-2.705,1,0
2022-01-26,sh.601155,54.73566945,55.36753865,53.708882,54.43553158,54.54610869,8470573,292505190.17,0.3747,-0.2027,1,0
2022-01-27,sh.601155,54.10380025,55.6044896,53.21918337,54.48292177,54.43553158,13420741,464021380.93,0.5937,0.0871,1,0
2022-01-28,sh.601155,54.43553158,55.1305877,52.41355014,52.52412725,54.48292177,11478670,389371856.56,0.5078,-3.5952,1,0
2022-02-07,sh.601155,52.52412725,54.51451523,52.16080246,54.30915774,52.52412725,9381893,318977089.63,0.415,3.3985,1,0
2022-02-08,sh.601155,54.0248166,54.73566945,53.28237029,54.48292177,54.30915774,6592777,225564015.71,0.2916,0.32,1,0
2022-02-09,sh.601155,55.288555,56.91561819,53.47193105,53.8668493,54.48292177,14238461,497577116.94,0.6299,-1.1308,1,0
2022-02-10,sh.601155,54.0248166,55.7624569,52.30297303,54.46712504,53.8668493,9800448,338078134.64,0.4335,1.1144,1,0
2022-02-11,sh.601155,56.0783915,58.57427484,56.0783915,57.37372336,54.46712504,23919187,874804311.75,1.0581,5.3364,1,0
2022-02-14,sh.601155,56.5522934,57.16836587,53.25077683,53.51932124,57.37372336,15188539,523798855.36,0.6719,-6.7181,1,0
2022-02-15,sh.601155,53.708882,54.35654793,50.17041448,51.14981174,53.51932124,19074486,621410045.21,0.8438,-4.4274,1,0
2022-02-16,sh.601155,51.4973398,52.53992398,50.8654706,51.95544497,51.14981174,8299177,272047093.79,0.3671,1.575,1,0
2022-02-17,sh.601155,51.8132744,51.8132744,50.24939813,50.40736543,51.95544497,9006857,288553929.05,0.3984,-2.9796,1,0
2022-02-18,sh.601155,51.13401501,53.96162968,50.91286079,53.81945911,50.40736543,12766453,425454669.12,0.5648,6.769,1,0
2022-02-21,sh.601155,54.32495447,55.6044896,52.53992398,55.33594519,53.81945911,16465385,568803815.26,0.7284,2.8177,1,0
2022-02-22,sh.601155,54.51451523,56.3943261,53.29816702,53.74047546,55.33594519,12245019,424130499.9,0.5417,-2.8832,1,0
2022-02-23,sh.601155,53.5509147,53.708882,50.94445425,51.29198231,53.74047546,18289435,597026773.64,0.8091,-4.5561,1,0
2022-02-24,sh.601155,50.73909676,51.22879539,49.45956163,50.15461775,51.29198231,10064782,321275512.3,0.4452,-2.2174,1,0
2022-02-25,sh.601155,50.18621121,51.16560847,48.4959611,49.15942376,50.15461775,13014773,405872663.63,0.5757,-1.9843,1,0
2022-02-28,sh.601155,48.969863,49.19101722,46.93208483,47.69032787,49.15942376,17371993,524254304.0,0.7685,-2.9884,1,0
2022-03-01,sh.601155,47.57975076,48.95406627,47.27961289,48.0220592,47.69032787,13106982,398620672.0,0.5798,0.6956,1,0
2022-03-02,sh.601155,48.4959611,49.98085372,48.3379938,48.90667608,48.0220592,14525041,451131040.0,0.6425,1.8421,1,0
2022-03-03,sh.601155,49.2857976,50.549536,48.969863,49.61752893,48.90667608,12088982,381303008.0,0.5348,1.4535,1,0
2022-03-04,sh.601155,49.58593547,49.71230931,47.67453114,49.04884665,49.61752893,10681762,329672656.0,0.4725,-1.1461,1,0
2022-03-07,sh.601155,50.2336014,50.2336014,47.83249844,48.74870878,49.04884665,11572828,356546448.0,0.512,-0.6119,1,0
2022-03-08,sh.601155,48.6539284,48.79609897,44.65735571,44.98908704,48.74870878,17442364,510153280.0,0.7716,-7.7122,1,0
2022-03-09,sh.601155,45.32081837,45.52617586,40.48701899,40.83454705,44.98908704,39578799,1046676496.0,1.7509,-9.2346,1,0
2022-03-10,sh.601155,41.51380644,41.89292796,40.06050728,40.96092089,40.83454705,18123893,471235632.0,0.8018,0.3095,1,0
2022-03-11,sh.601155,39.98152363,40.58179937,38.92314272,40.2816615,40.96092089,17891783,448500064.0,0.7915,-1.6583,1,0
2022-03-14,sh.601155,39.11270348,40.56600264,37.912152,38.19649314,40.2816615,17227995,424832096.0,0.7621,-5.1765,1,0
2022-03-15,sh.601155,37.53303048,37.53303048,34.37368448,34.37368448,38.19649314,32580547,733877008.0,1.4413,-10.0083,1,0
2022-03-16,sh.601155,34.72121254,35.33728501,31.73563057,34.32629429,34.37368448,42694713,900722208.0,1.8887,-0.1379,1,0
2022-03-17,sh.601155,37.7541847,37.7541847,36.60102341,37.7541847,34.32629429,25614869,609138032.0,1.1331,9.9862,1,0
2022-03-18,sh.601155,38.30707025,41.52960317,37.88055854,41.52960317,37.7541847,43348879,1088511125.37,1.9176,10.0,1,0
2022-03-21,sh.601155,41.41902606,41.73496066,39.09690675,41.071498,41.52960317,38773521,994861521.79,1.7152,-1.1031,1,0
2022-03-22,sh.601155,39.3338577,43.88331594,39.12850021,42.76174811,41.071498,60273312,1601428328.27,2.6663,4.1154,1,0
2022-03-23,sh.601155,42.651171,47.04266194,41.98770834,45.35241183,42.76174811,41277289,1166239350.11,1.826,6.0584,1,0
2022-03-24,sh.601155,43.4410075,45.13125761,42.90391868,43.03029252,45.35241183,32330733,897067588.2,1.4302,-5.1202,1,0
2022-03-25,sh.601155,42.27204948,44.67315244,41.78235085,42.9671056,43.03029252,23525113,644754869.71,1.0407,-0.1468,1,0
2022-03-28,sh.601155,42.651171,45.68414316,42.0193018,44.45199822,42.9671056,29582070,825119922.05,1.3086,3.4559,1,0
2022-03-29,sh.601155,43.78853556,46.22123198,43.45680423,44.18345381,44.45199822,25663956,727032428.48,1.1353,-0.6041,1,0
2022-03-30,sh.601155,44.3888113,48.60653821,44.230844,48.51175783,44.18345381,40885077,1227909560.05,1.8086,9.7962,1,0
2022-03-31,sh.601155,47.24801943,52.58731417,46.99527175,50.81808041,48.51175783,48807311,1558895767.67,2.1591,4.7542,1,0
2022-04-01,sh.601155,50.20200794,53.3929474,49.1278303,52.77687493,50.81808041,36583465,1186017521.99,1.6184,3.8545,1,0
2022-04-06,sh.601155,53.708882,55.95201766,52.93484223,54.6566858,52.77687493,32920286,1134878176.07,1.4563,3.5618,1,0
2022-04-07,sh.601155,53.66149181,54.6566858,50.48634908,51.0234379,54.6566858,30326849,1001837758.7,1.3416,-6.6474,1,0
2022-04-08,sh.601155,51.11821828,52.6031109,48.63813167,50.53373927,51.0234379,43841348,1397765103.32,1.9394,-0.9598,1,0
2022-04-11,sh.601155,49.52274855,49.83868315,47.40598673,47.67453114,50.53373927,28549817,870000764.16,1.263,-5.658,1,0
2022-04-12,sh.601155,47.40598673,48.57494475,45.1786478,45.57356605,47.67453114,36234096,1062803676.85,1.6029,-4.4069,1,0
2022-04-13,sh.601155,45.13125761,46.31601236,43.88331594,44.94169685,45.57356605,28074651,800285078.76,1.2419,-1.3865,1,0
2022-04-14,sh.601155,45.810517,47.99046574,45.21024126,47.40598673,44.94169685,23115964,681442494.07,1.0226,5.4833,1,0
2022-04-15,sh.601155,46.52136985,50.10722756,46.52136985,48.35379053,47.40598673,26419628,816516975.71,1.1687,1.9993,1,0
2022-04-18,sh.601155,47.0742554,50.01244718,46.71093061,47.24801943,48.35379053,20047400,612223203.84,0.8868,-2.2868,1,0
2022-04-19,sh.601155,46.7583208,46.99527175,44.62576225,45.82631373,47.24801943,27013148,777907981.13,1.195,-3.009,1,0
2022-04-20,sh.601155,45.41559875,45.810517,41.68757047,42.41422005,45.82631373,34236686,931967160.64,1.5145,-7.4457,1,0
2022-04-21,sh.601155,42.41422005,43.33043039,41.2294653,41.56119663,42.41422005,20109151,539037353.01,0.8896,-2.0112,1,0
2022-04-22,sh.601155,41.16627838,43.34622712,40.9135307,42.88812195,41.56119663,17687983,476116287.29,0.7825,3.1927,1,0
2022-04-25,sh.601155,42.11408218,43.83592575,40.1236942,40.17108439,42.88812195,19844179,526584271.76,0.8779,-6.3352,1,0
2022-04-26,sh.601155,40.31325496,41.2294653,39.0179231,39.25487405,40.17108439,17947733,455337649.21,0.794,-2.2808,1,0
2022-04-27,sh.601155,38.49663101,39.00212637,36.83797436,38.44924082,39.25487405,31703270,759076445.55,1.4025,-2.0523,1,0
2022-04-28,sh.601155,37.912152,40.83454705,37.76998143,40.83454705,38.44924082,24719573,620026709.75,1.0935,6.2038,1,0
2022-04-29,sh.601155,40.73976667,44.3888113,38.97053291,43.78853556,40.83454705,35473723,936294370.19,1.5693,7.234,1,0
2022-05-05,sh.601155,43.78853556,44.84691647,41.97191161,42.14567564,43.78853556,24094806,654021478.67,1.0659,-3.7518,1,0
2022-05-06,sh.601155,40.9135307,40.9135307,38.73358196,39.20748386,42.14567564,21996968,551837871.52,0.9731,-6.9715,1,0
2022-05-09,sh.601155,38.5440212,39.99732036,38.25968006,38.32286698,39.20748386,17418010,428900998.63,0.7705,-2.2562,1,0
2022-05-10,sh.601155,37.88055854,38.89154926,36.41146265,38.52822447,38.32286698,28935463,688072224.89,1.28,0.5359,1,0
2022-05-11,sh.601155,37.53303048,38.8599558,37.1223155,37.58042067,38.52822447,31628151,755500665.8,1.3991,-2.46,1,0
2022-05-12,sh.601155,37.1223155,37.50143702,35.8585771,36.4904463,37.58042067,24438111,563840131.96,1.0811,-2.9004,1,0
2022-05-13,sh.601155,36.4904463,39.41284135,36.34827573,39.04951656,36.4904463,33973522,815430122.28,1.5029,7.013,1,0
2022-05-16,sh.601155,40.9135307,40.9135307,38.62300485,39.50762173,39.04951656,33827598,848135591.87,1.4964,1.1731,1,0
2022-05-17,sh.601155,39.16009367,40.31325496,38.43344409,39.25487405,39.50762173,21074630,523879006.65,0.9323,-0.6397,1,0
2022-05-18,sh.601155,38.87575253,39.16009367,37.94374546,38.33866371,39.25487405,15179626,370506550.82,0.6715,-2.334,1,0
2022-05-19,sh.601155,37.42245337,41.7033672,37.37506318,41.16627838,38.33866371,31984818,812819170.57,1.4149,7.3754,1,0
2022-05-20,sh.601155,40.9135307,41.87713123,39.88674325,40.20267785,41.16627838,24338213,622885790.83,1.0767,-2.3408,1,0
2022-05-23,sh.601155,40.01311709,40.2816615,38.51242774,38.98632964,40.20267785,20766021,513491336.39,0.9186,-3.0255,1,0
2022-05-24,sh.601155,39.0179231,39.61819884,38.62300485,38.93893945,38.98632964,17489923,433248107.45,0.7737,-0.1216,1,0
2022-05-25,sh.601155,38.93893945,38.93893945,37.56462394,38.2280866,38.93893945,19305810,464173964.02,0.854,-1.8256,1,0
2022-05-26,sh.601155,38.49663101,40.47122226,37.94374546,39.85514979,38.2280866,28942546,724311613.96,1.2803,4.2562,1,0
2022-05-27,sh.601155,39.85514979,39.9657269,38.14910295,38.52822447,39.85514979,24583624,601783587.57,1.0875,-3.3294,1,0
2022-05-30,sh.601155,38.49663101,38.7019885,37.37506318,37.81737162,38.52822447,17992592,430349550.0,0.7959,-1.845,1,0
2022-05-31,sh.601155,38.13330622,38.44924082,37.4382501,38.32286698,37.81737162,14916378,359388865.27,0.6599,1.3367,1,0
2022-06-01,sh.601155,38.40185063,39.46023154,38.13330622,38.90734599,38.32286698,20036903,494184605.62,0.8864,1.5251,1,0
2022-06-02,sh.601155,38.48083428,39.1758904,37.912152,38.76517542,38.90734599,14670131,355808433.3,0.649,-0.3654,1,0
2022-06-06,sh.601155,38.3860539,38.74937869,37.05912858,38.51242774,38.76517542,19120615,458233865.6,0.8458,-0.652,1,0
2022-06-07,sh.601155,38.52822447,39.8077596,38.25968006,39.1758904,38.51242774,22434578,554082316.22,0.9924,1.7227,1,0
2022-06-08,sh.601155,38.87575253,39.00212637,37.99113565,38.59141139,39.1758904,16910528,412017660.04,0.7481,-1.4919,1,0
2022-06-09,sh.601155,38.33866371,39.42863808,38.25968006,38.90734599,38.59141139,18426315,455629969.18,0.8151,0.8187,1,0
2022-06-10,sh.601155,38.60720812,38.79676888,38.10171276,38.37025717,38.90734599,14645856,355024071.29,0.6479,-1.3804,1,0
2022-06-13,sh.601155,37.92794873,38.19649314,36.56942995,37.13811223,38.37025717,22821934,536858178.0,1.0096,-3.2112,1,0
2022-06-14,sh.601155,36.66421033,38.19649314,36.52203976,38.11750949,37.13811223,23163528,551556174.04,1.0247,2.6372,1,0
2022-06-15,sh.601155,38.05432257,40.20267785,37.912152,38.87575253,38.11750949,27771021,691754458.28,1.2285,1.9892,1,0
2022-06-16,sh.601155,38.89154926,39.50762173,38.03852584,38.13330622,38.87575253,18757172,456452463.14,0.8298,-1.9098,1,0
2022-06-17,sh.601155,37.89635527,38.3860539,37.20129915,37.94374546,38.13330622,15787309,376797568.45,0.6984,-0.4971,1,0
2022-06-20,sh.601155,38.3860539,41.27685549,38.19649314,40.62918956,37.94374546,41541046,1048785596.77,1.8377,7.0774,1,0
2022-06-21,sh.601155,40.62918956,41.62438355,39.74457268,40.10789747,40.62918956,22023465,568649675.41,0.9743,-1.283,1,0
2022-06-22,sh.601155,39.93413344,40.55020591,38.81256561,38.97053291,40.10789747,14730767,367696495.08,0.6516,-2.8358,1,0
2022-06-23,sh.601155,38.73358196,40.13949093,38.19649314,39.6497923,38.97053291,17208221,427743340.76,0.7612,1.743,1,0
2022-06-24,sh.601155,39.14429694,39.88674325,38.7019885,39.16009367,39.6497923,13545028,335071194.28,0.5992,-1.2351,1,0
2022-06-27,sh.601155,39.0179231,39.88674325,38.90734599,39.44443481,39.16009367,14565985,362642197.22,0.6444,0.7261,1,0
2022-06-28,sh.601155,39.20748386,39.50762173,37.64360759,38.25968006,39.44443481,34616929,835492611.04,1.5314,-3.0036,1,0
2022-06-29,sh.601155,38.25968006,40.25006804,38.0701193,39.98152363,38.25968006,42185612,1058867264.74,1.8662,4.5004,1,0
2022-06-30,sh.601155,40.02891382,40.77136013,39.0179231,40.17108439,39.98152363,24768981,624302671.75,1.0957,0.4741,1,0
2022-07-01,sh.601155,40.10789747,41.26105876,39.22328059,39.27067078,40.17108439,21718706,551149783.37,0.9608,-2.2414,1,0
2022-07-04,sh.601155,38.95473618,39.36545116,38.37025717,38.7019885,39.27067078,23205107,567470026.58,1.0265,-1.4481,1,0
2022-07-05,sh.601155,38.74937869,38.81256561,37.67520105,38.10171276,38.7019885,23134267,558420214.9,1.0234,-1.551,1,0
2022-07-06,sh.601155,37.912152,38.08591603,36.74319398,36.90116128,38.10171276,25337676,595557463.02,1.1209,-3.1509,1,0
2022-07-07,sh.601155,36.93275474,37.39085991,36.36407246,36.4904463,36.90116128,18847115,437580264.84,0.8337,-1.113,1,0
2022-07-08,sh.601155,36.58522668,37.09072204,36.19030843,36.34827573,36.4904463,14602430,338332013.15,0.646,-0.3896,1,0
2022-07-11,sh.601155,36.31668227,36.332479,35.2267079,35.24250463,36.34827573,17718427,398272770.02,0.7838,-3.0422,1,0
2022-07-12,sh.601155,35.24250463,35.7006098,34.24731064,34.98975695,35.24250463,20873050,461359633.7,0.9234,-0.7172,1,0
2022-07-13,sh.601155,34.87917984,36.00074767,34.2789041,34.54744851,34.98975695,23671391,525165810.89,1.0472,-1.2641,1,0
2022-07-14,sh.601155,34.04195315,34.56324524,33.26791338,33.71022182,34.54744851,29650689,631881813.46,1.3117,-2.4234,1,0
2022-07-15,sh.601155,33.52066106,33.66283163,32.0673619,32.0673619,33.71022182,31033708,641009166.05,1.3728,-4.8735,1,0
2022-07-18,sh.601155,32.30431285,33.42588068,32.09895536,33.34689703,32.0673619,25599245,534567058.27,1.1324,3.9901,1,0
2022-07-19,sh.601155,33.23631992,33.47327087,32.63604418,32.93618205,33.34689703,15401503,321022666.51,0.6813,-1.2316,1,0
2022-07-20,sh.601155,33.18892973,33.50486433,32.66763764,32.77821475,32.93618205,14307481,298580274.27,0.6329,-0.4796,1,0
2022-07-21,sh.601155,32.60445072,32.96777551,32.2253292,32.50967034,32.77821475,14088559,290464983.64,0.6232,-0.8193,1,0
2022-07-22,sh.601155,32.88879186,32.99936897,31.87780114,32.28851612,32.50967034,15650976,321296284.93,0.6924,-0.6803,1,0
2022-07-25,sh.601155,32.5412638,33.3311003,32.33590631,32.73082456,32.28851612,20760666,431407377.96,0.9184,1.3699,1,0
2022-07-26,sh.601155,32.5412638,34.29470083,32.28851612,33.85239239,32.73082456,33449610,712632031.72,1.4797,3.4266,1,0
2022-07-27,sh.601155,33.58384798,33.77340874,32.6992311,33.42588068,33.85239239,20704721,435771027.76,0.9159,-1.2599,1,0
2022-07-28,sh.601155,33.39428722,34.94236676,32.98357224,34.08934334,33.42588068,27120232,584595231.0,1.1997,1.9849,1,0
2022-07-29,sh.601155,34.13673353,34.24731064,32.99936897,33.06255589,34.08934334,19750724,418481009.35,0.8737,-3.012,1,0
2022-08-01,sh.601155,33.0151657,33.0151657,32.11475209,32.33590631,33.06255589,15818747,324028499.59,0.6998,-2.1978,1,0
2022-08-02,sh.601155,31.9093946,31.9093946,30.12436411,30.44029871,32.33590631,27283029,531148061.31,1.2069,-5.8622,1,0
2022-08-03,sh.601155,30.59826601,31.1195581,29.31873088,29.36612107,30.44029871,28351941,540118756.79,1.2542,-3.5288,1,0
2022-08-04,sh.601155,29.6978524,30.53507909,29.60307202,30.25073795,29.36612107,22107510,421684179.0,0.978,3.0124,1,0
2022-08-05,sh.601155,30.15595757,30.8036235,29.95060008,30.67724966,30.25073795,15955248,307150850.0,0.7058,1.4099,1,0
2022-08-08,sh.601155,30.88260715,31.70403711,30.72463985,30.91420061,30.67724966,15146723,298022502.0,0.6701,0.7724,1,0
2022-08-09,sh.601155,30.74043658,31.18274502,30.34551833,30.6456562,30.91420061,12250181,237442495.0,0.5419,-0.8687,1,0
2022-08-10,sh.601155,30.4876889,30.89840388,29.99799027,30.07697392,30.6456562,14139120,271142114.0,0.6255,-1.8557,1,0
2022-08-11,sh.601155,30.36131506,30.91420061,30.25073795,30.86681042,30.07697392,14858900,289195245.0,0.6573,2.6261,1,0
2022-08-12,sh.601155,30.61406274,31.38810251,30.50348563,31.10376137,30.86681042,11564554,227277635.0,0.5116,0.7677,1,0
2022-08-15,sh.601155,30.89840388,31.32491559,30.47189217,30.51928236,31.10376137,12221251,238057680.15,0.5406,-1.8791,1,0
2022-08-16,sh.601155,31.41969597,32.27271939,30.81942023,32.16214228,30.51928236,34579074,694619307.02,1.5297,5.383,1,0
2022-08-17,sh.601155,31.68824038,33.71022182,31.68824038,32.5412638,32.16214228,31168199,644159001.11,1.3788,1.1788,1,0
2022-08-18,sh.601155,32.30431285,33.12574281,31.9093946,32.63604418,32.5412638,21070953,433399187.76,0.9321,0.2913,1,0
2022-08-19,sh.601155,32.74662129,34.5948387,32.6992311,33.97876623,32.63604418,32002177,689052731.0,1.4157,4.1142,1,0
2022-08-22,sh.601155,34.08934334,34.51585505,32.98357224,33.56805125,33.97876623,25097629,534198099.85,1.1103,-1.2087,1,0
2022-08-23,sh.601155,33.56805125,33.86818912,32.84140167,33.53645779,33.56805125,15409838,324840916.1,0.6817,-0.0941,1,0
2022-08-24,sh.601155,33.4890676,33.69442509,32.6992311,32.82560494,33.53645779,13256874,278234767.39,0.5864,-2.1196,1,0
2022-08-25,sh.601155,33.173133,33.45747414,31.57766327,32.74662129,32.82560494,18072818,370885161.51,0.7995,-0.2406,1,0
2022-08-26,sh.601155,32.88879186,32.88879186,31.73563057,31.81461422,32.74662129,19309632,391401327.26,0.8542,-2.8461,1,0
2022-08-29,sh.601155,31.29332213,31.79881749,30.74043658,31.73563057,31.81461422,14874858,293436317.18,0.658,-0.2483,1,0
2022-08-30,sh.601155,31.70403711,32.35170304,31.56186654,32.25692266,31.73563057,10813150,219161064.84,0.4783,1.6426,1,0
2022-08-31,sh.601155,32.65184091,33.41008395,32.27271939,32.88879186,32.25692266,21499570,447610897.99,0.9511,1.9589,1,0
2022-09-01,sh.601155,32.79401148,33.78920547,32.32010958,32.79401148,32.88879186,20909034,438830643.81,0.925,-0.2882,1,0
2022-09-02,sh.601155,32.6992311,32.93618205,31.86200441,32.08315863,32.79401148,13785941,280511797.37,0.6099,-2.1676,1,0
2022-09-05,sh.601155,32.03576844,32.77821475,31.59346,32.41488996,32.08315863,13653430,278057482.98,0.604,1.034,1,0
2022-09-06,sh.601155,32.46228015,34.04195315,32.41488996,33.59964471,32.41488996,23721871,502459185.03,1.0494,3.655,1,0
2022-09-07,sh.601155,33.4890676,33.52066106,32.6992311,32.79401148,33.59964471,17022386,355032356.49,0.753,-2.3977,1,0
2022-09-08,sh.601155,32.76241802,33.04675916,31.95678479,32.68343437,32.79401148,14906161,306163598.85,0.6594,-0.3372,1,0
2022-09-09,sh.601155,32.58865399,35.7006098,32.3832965,35.36887847,32.68343437,46364191,1013661135.33,2.051,8.2165,1,0
2022-09-13,sh.601155,35.2267079,35.33728501,33.25211665,33.37849049,35.36887847,42791690,923875851.01,1.893,-5.6275,1,0
2022-09-14,sh.601155,32.8571984,34.42107467,32.6992311,33.10994608,33.37849049,28902574,616416630.06,1.2786,-0.8045,1,0
2022-09-15,sh.601155,33.56805125,36.09552805,33.55225452,35.66901634,33.10994608,64252141,1430445499.28,2.8423,7.729,1,0
2022-09-16,sh.601155,35.2267079,35.79539018,33.47327087,33.4890676,35.66901634,55197428,1200589898.79,2.4418,-6.1116,1,0
2022-09-19,sh.601155,33.10994608,33.45747414,31.4354927,31.79881749,33.4890676,39321807,803370963.6,1.7395,-5.0472,1,0
2022-09-20,sh.601155,31.87780114,32.50967034,30.69304639,31.18274502,31.79881749,32801578,650753388.3,1.4511,-1.9374,1,0
2022-09-21,sh.601155,30.78782677,31.35650905,30.20334776,31.08796464,31.18274502,19389250,378907612.3,0.8577,-0.304,1,0
2022-09-22,sh.601155,30.66145293,31.05637118,29.93480335,29.98219354,31.08796464,24969562,478273871.03,1.1046,-3.5569,1,0
2022-09-23,sh.601155,29.96639681,30.83521696,29.3819178,29.57147856,29.98219354,20369666,388095308.98,0.9011,-1.3699,1,0
2022-09-26,sh.601155,29.27134069,30.09277065,28.51309765,28.62367476,29.57147856,23705839,437232516.93,1.0487,-3.2051,1,0
2022-09-27,sh.601155,28.89221917,29.30293415,28.18136632,29.20815377,28.62367476,17612738,319486623.65,0.7791,2.0419,1,0
2022-09-28,sh.601155,28.9080159,29.12917012,27.9602121,28.03919575,29.20815377,16080933,290333970.4,0.7114,-4.0022,1,0
2022-09-29,sh.601155,28.35513035,28.56048784,26.854441,27.0124083,28.03919575,31012600,537716944.93,1.3719,-3.662,1,0
2022-09-30,sh.601155,27.40732655,27.99180556,27.02820503,27.61268404,27.0124083,24982552,434577235.46,1.1052,2.2222,1,0
2022-10-10,sh.601155,27.3283429,28.35513035,27.1703756,27.28095271,27.61268404,21212354,372420726.41,0.9384,-1.2014,1,0
2022-10-11,sh.601155,27.37573309,27.4863102,25.79606009,25.93823066,27.28095271,28549224,473708492.83,1.2629,-4.9218,1,0
2022-10-12,sh.601155,26.01721431,26.5385064,25.51171895,26.5385064,25.93823066,20552391,338659564.09,0.9092,2.3143,1,0
2022-10-13,sh.601155,26.14358815,26.52270967,25.68548298,26.20677507,26.5385064,18096393,298298862.0,0.8005,-1.25,1,0
2022-10-14,sh.601155,26.3805391,27.10718868,26.36474237,26.52270967,26.20677507,22326066,377107038.22,0.9876,1.2055,1,0
2022-10-17,sh.601155,26.52270967,26.52270967,25.7486699,26.31735218,26.52270967,18751998,310925485.59,0.8295,-0.7743,1,0
2022-10-18,sh.601155,26.47531948,26.71227043,25.68548298,25.79606009,26.31735218,29173035,480982427.22,1.2905,-1.9808,1,0
2022-10-19,sh.601155,25.7486699,26.15938488,24.72188245,24.73767918,25.79606009,34977660,560384579.55,1.5473,-4.1029,1,0
2022-10-20,sh.601155,24.43754131,24.86405302,24.29537074,24.6428988,24.73767918,21861890,340104225.99,0.9671,-0.3831,1,0
2022-10-21,sh.601155,24.81666283,25.06941051,24.05841979,24.3269642,24.6428988,22208881,345572470.01,0.9825,-1.2821,1,0
2022-10-24,sh.601155,24.0110296,24.21638709,22.9052585,22.95264869,24.3269642,33558851,497935853.11,1.4846,-5.6494,1,0
2022-10-25,sh.601155,22.9052585,23.07902253,22.24179584,22.4313566,22.95264869,29781539,425165791.12,1.3175,-2.2712,1,0
2022-10-26,sh.601155,22.55773044,22.9052585,22.38396641,22.66830755,22.4313566,24216153,346967414.56,1.0713,1.0563,1,0
2022-10-27,sh.601155,22.79468139,23.15800618,22.68410428,22.88946177,22.66830755,19496537,283592732.24,0.8625,0.9756,1,0
2022-10-28,sh.601155,22.77888466,22.81047812,21.76789394,21.7994874,22.88946177,21747906,305906895.09,0.9621,-4.7619,1,0
2022-10-31,sh.601155,21.40456915,21.40456915,20.535749,20.83588687,21.7994874,38119594,504487503.87,1.6863,-4.4203,1,0
2022-11-01,sh.601155,20.96226071,22.02064162,20.86748033,21.9574547,20.83588687,33588037,454936024.45,1.4858,5.3829,1,0
2022-11-02,sh.601155,21.9574547,22.79468139,21.72050375,22.38396641,21.9574547,26838667,380848786.59,1.1873,1.9424,1,0
2022-11-03,sh.601155,22.08382854,22.52613698,21.84687759,22.115422,22.38396641,20470548,286373129.28,0.9056,-1.1997,1,0
2022-11-04,sh.601155,22.09962527,23.18959964,21.97325143,22.93685196,22.115422,25529834,367857332.66,1.1294,3.7143,1,0
2022-11-07,sh.601155,22.76308793,23.47394078,22.68410428,23.28438002,22.93685196,19143897,279825121.47,0.8469,1.5152,1,0
2022-11-08,sh.601155,23.31597348,23.82146884,23.04742907,23.30017675,23.28438002,19126391,282567507.92,0.8461,0.0678,1,0
2022-11-09,sh.601155,24.09001325,25.63809279,24.09001325,25.63809279,23.30017675,60863860,970703548.42,2.6925,10.0339,1,0
2022-11-10,sh.601155,25.9066372,27.26515598,25.14839416,26.98081484,25.63809279,81163155,1355834509.19,3.5904,5.2372,1,0
2022-11-11,sh.601155,29.39771453,29.68205567,28.9080159,29.68205567,26.98081484,53448494,999560955.06,2.3644,10.0117,1,0
2022-11-14,sh.601155,32.65184091,32.65184091,32.65184091,32.65184091,29.68205567,9646916,199401753.72,0.4268,10.0053,1,0
2022-11-15,sh.601155,34.4368714,35.92176402,33.61544144,35.62162615,32.65184091,174004778,3845022524.7,7.6975,9.0953,1,0
2022-11-16,sh.601155,35.0687406,35.3846752,32.0673619,33.15733627,35.62162615,165391562,3477431668.41,7.3165,-6.918,1,0
2022-11-17,sh.601155,31.51447635,33.31530357,31.34071232,32.5412638,33.15733627,103713589,2123916934.58,4.588,-1.858,1,0
2022-11-18,sh.601155,32.5412638,33.45747414,31.7514273,32.03576844,32.5412638,82694552,1707667252.39,3.6582,-1.5534,1,0
2022-11-21,sh.601155,31.46708616,31.98837825,30.47189217,31.59346,32.03576844,62671027,1235060553.64,2.7724,-1.3807,1,0
2022-11-22,sh.601155,32.39909323,32.99936897,29.76103932,29.99799027,31.59346,73191492,1437129457.64,3.2378,-5.05,1,0
2022-11-23,sh.601155,30.10856738,30.4876889,29.2239505,29.88741316,29.99799027,45416421,857193576.09,2.0091,-0.3686,1,0
2022-11-24,sh.601155,30.55087582,32.57285726,30.04538046,31.9093946,29.88741316,86100435,1694991233.03,3.8171,6.7653,1,0
2022-11-25,sh.601155,32.36749977,34.9107733,32.36749977,34.45266813,31.9093946,100678807,2151903012.63,4.4635,7.9703,1,0
2022-11-28,sh.601155,32.5412638,34.34209102,31.7514273,33.71022182,34.45266813,65511257,1377722330.99,2.9044,-2.155,1,0
2022-11-29,sh.601155,35.62162615,37.07492531,34.46846486,37.07492531,33.71022182,92655664,2106644541.59,4.1078,9.9813,1,0
2022-11-30,sh.601155,37.70679451,40.04471055,34.97396022,35.98495094,37.07492531,110085545,2625620369.36,4.8805,-2.9399,1,0
2022-12-01,sh.601155,35.98495094,36.44305611,34.23151391,34.83178965,35.98495094,73090888,1627673849.73,3.2404,-3.2046,1,0
2022-12-02,sh.601155,33.97876623,34.50005832,33.14153954,33.71022182,34.83178965,54438790,1159120896.65,2.4135,-3.22,1,0
2022-12-05,sh.601155,34.1209368,34.78439946,33.3311003,33.75761201,33.71022182,49110180,1059812371.66,2.1772,0.1406,1,0
2022-12-06,sh.601155,33.18892973,34.48426159,32.8571984,34.10514007,33.75761201,40409177,866524539.75,1.7915,1.0295,1,0
2022-12-07,sh.601155,33.18892973,33.91557931,32.79401148,33.12574281,34.10514007,31988791,671834462.44,1.4182,-2.8717,1,0
2022-12-08,sh.601155,32.90458859,35.46365885,32.87299513,35.25830136,33.12574281,52642643,1146872169.28,2.3338,6.4378,1,0
2022-12-09,sh.601155,35.25830136,38.78097215,34.92657003,37.62781086,35.25830136,77446062,1810429935.1,3.4335,6.7204,1,0
2022-12-12,sh.601155,36.45885284,37.50143702,35.14772425,35.36887847,37.62781086,46988475,1078462532.02,2.0832,-6.0034,1,0
2022-12-13,sh.601155,35.44786212,36.4904463,34.35788775,35.03714714,35.36887847,39605886,888250286.41,1.7559,-0.9379,1,0
2022-12-14,sh.601155,34.9107733,35.52684577,34.45266813,34.87917984,35.03714714,22944530,506642557.18,1.0172,-0.4509,1,0
2022-12-15,sh.601155,34.89497657,34.89497657,33.15733627,34.67382235,34.87917984,35790112,767906151.85,1.5867,-0.5888,1,0
2022-12-16,sh.601155,35.0687406,35.8585771,33.88398585,35.17931771,34.67382235,39919964,890499757.88,1.7698,1.4579,1,0
2022-12-19,sh.601155,35.0687406,36.30088554,34.70541581,35.5426425,35.17931771,32683890,731445819.92,1.449,1.0328,1,0
2022-12-20,sh.601155,33.9629695,34.01035969,32.2253292,33.25211665,35.5426425,29457839,622265995.91,1.306,-6.4444,1,0
2022-12-21,sh.601155,33.173133,34.4368714,33.09414935,33.61544144,33.25211665,23127924,495210513.54,1.0253,1.0926,1,0
2022-12-22,sh.601155,34.16832699,34.42107467,32.93618205,33.09414935,33.61544144,22056828,466982185.18,0.9779,-1.5508,1,0
2022-12-23,sh.601155,32.80980821,33.6470349,32.63604418,33.06255589,33.09414935,11721981,245736773.09,0.5197,-0.0955,1,0
2022-12-26,sh.601155,32.8571984,32.93618205,32.11475209,32.46228015,33.06255589,20331496,417302664.94,0.9014,-1.8156,1,0
2022-12-27,sh.601155,32.63604418,33.71022182,32.24112593,32.71502783,32.46228015,14951402,312408152.93,0.6629,0.7786,1,0
2022-12-28,sh.601155,32.62024745,33.23631992,32.09895536,32.96777551,32.71502783,17787003,369123194.37,0.7886,0.7726,1,0
2022-12-29,sh.601155,32.65184091,32.93618205,31.9093946,32.33590631,32.96777551,15498580,317391709.45,0.6871,-1.9166,1,0
2022-12-30,sh.601155,32.33590631,32.92038532,32.16214228,32.3832965,32.33590631,8820127,181249530.91,0.391,0.1466,1,0
2023-01-03,sh.601155,32.35170304,32.93618205,31.68824038,31.9093946,32.3832965,16476458,335533884.75,0.7305,-1.4634,1,0
2023-01-04,sh.601155,32.05156517,35.10033406,31.97258152,35.10033406,31.9093946,41654934,903168030.54,1.8467,10.0,1,0
2023-01-05,sh.601155,35.10033406,35.71640653,34.1209368,35.30569155,35.10033406,40780299,904334378.99,1.8079,0.5851,1,0
2023-01-06,sh.601155,36.0165444,36.69580379,34.87917984,35.52684577,35.30569155,33274377,749781359.94,1.4752,0.6264,1,0
2023-01-09,sh.601155,35.62162615,35.81118691,34.56324524,35.00555368,35.52684577,26236078,581220572.74,1.1631,-1.4673,1,0
2023-01-10,sh.601155,35.11613079,35.8585771,34.31049756,35.19511444,35.00555368,17090966,380072873.43,0.7577,0.5415,1,0
2023-01-11,sh.601155,35.19511444,36.14291824,35.13192752,35.32148828,35.19511444,21318266,479851646.18,0.9451,0.3591,1,0
2023-01-12,sh.601155,35.24250463,35.24250463,33.82079893,34.24731064,35.32148828,21565362,469514069.36,0.9561,-3.0411,1,0
2023-01-13,sh.601155,34.24731064,34.83178965,33.91557931,34.67382235,34.24731064,15390045,335637099.21,0.6823,1.2454,1,0
2023-01-16,sh.601155,34.62643216,34.76860273,33.39428722,34.07354661,34.67382235,31451075,674571469.52,1.3943,-1.7312,1,0
2023-01-17,sh.601155,34.07354661,34.21571718,33.28371011,33.86818912,34.07354661,14155083,302696197.79,0.6275,-0.6027,1,0
2023-01-18,sh.601155,34.04195315,34.5948387,32.95197878,33.173133,33.86818912,18981665,401650514.08,0.8415,-2.0522,1,0
2023-01-19,sh.601155,32.8571984,33.42588068,32.55706053,33.42588068,33.173133,14982398,312932577.85,0.6642,0.7619,1,0
2023-01-20,sh.601155,33.04675916,34.56324524,32.87299513,34.15253026,33.42588068,19868422,426596818.22,0.8808,2.1739,1,0
2023-01-30,sh.601155,35.27409809,35.3846752,32.71502783,32.77821475,34.15253026,32019275,679553806.99,1.4195,-4.0241,1,0
2023-01-31,sh.601155,32.5412638,33.77340874,32.0673619,33.58384798,32.77821475,27242254,573846556.83,1.2077,2.4578,1,0
2023-02-01,sh.601155,33.55225452,33.56805125,32.39909323,33.0151657,33.58384798,21648481,448333012.76,0.9598,-1.6933,1,0
2023-02-02,sh.601155,32.8571984,33.0151657,31.84620768,32.30431285,33.0151657,28716065,587807250.92,1.2731,-2.1531,1,0
2023-02-03,sh.601155,32.30431285,32.57285726,31.64085019,31.87780114,32.30431285,15770312,319292496.77,0.6992,-1.3203,1,0
2023-02-06,sh.601155,31.59346,31.73563057,30.8036235,30.92999734,31.87780114,18126124,357242227.51,0.8036,-2.9732,1,0
2023-02-07,sh.601155,30.94579407,32.19373574,30.92999734,31.73563057,30.92999734,17390633,348807016.66,0.771,2.6047,1,0
2023-02-08,sh.601155,31.81461422,32.58865399,31.60925673,31.68824038,31.73563057,18513754,376015511.46,0.8208,-0.1493,1,0
2023-02-09,sh.601155,31.68824038,32.5412638,31.40389924,31.98837825,31.68824038,14337344,290526431.16,0.6356,0.9472,1,0
2023-02-10,sh.601155,31.9093946,32.65184091,31.64085019,32.43068669,31.98837825,17919049,366363633.7,0.7944,1.3827,1,0
2023-02-13,sh.601155,31.59346,31.98837825,29.8558197,31.59346,32.43068669,31081592,613425825.23,1.378,-2.5816,1,0
2023-02-14,sh.601155,31.59346,32.36749977,31.32491559,31.35650905,31.59346,21309859,428351995.61,0.9447,-0.75,1,0
2023-02-15,sh.601155,31.35650905,31.35650905,30.44029871,30.53507909,31.35650905,20087386,390593491.33,0.8905,-2.6196,1,0
2023-02-16,sh.601155,30.56667255,30.99318426,29.71364913,30.06117719,30.53507909,24447015,470727201.3,1.0838,-1.552,1,0
2023-02-17,sh.601155,29.88741316,30.37711179,29.71364913,29.74524259,30.06117719,12190496,231300196.45,0.5404,-1.051,1,0
2023-02-20,sh.601155,29.80842951,30.66145293,29.5398851,30.56667255,29.74524259,18900438,360563077.69,0.8379,2.7616,1,0
2023-02-21,sh.601155,31.26172867,31.56186654,30.70884312,31.26172867,30.56667255,22411794,443240386.68,0.9936,2.2739,1,0
2023-02-22,sh.601155,30.8036235,31.34071232,30.6456562,31.13535483,31.26172867,12129730,237644245.14,0.5378,-0.4042,1,0
2023-02-23,sh.601155,31.13535483,31.83041095,30.91420061,31.4354927,31.13535483,16932284,337501878.7,0.7507,0.964,1,0
2023-02-24,sh.601155,31.4354927,31.45128943,30.66145293,30.9615908,31.4354927,9449653,185244050.35,0.4189,-1.5075,1,0
2023-02-27,sh.601155,31.10376137,31.59346,30.44029871,30.59826601,30.9615908,10225378,200144464.23,0.4533,-1.1735,1,0
2023-02-28,sh.601155,30.74043658,30.94579407,30.20334776,30.86681042,30.59826601,11160297,215533522.37,0.4948,0.8776,1,0
2023-03-01,sh.601155,30.75623331,30.97738753,30.56667255,30.78782677,30.86681042,11744766,228676088.96,0.5207,-0.2559,1,0
2023-03-02,sh.601155,30.78782677,30.9615908,30.21914449,30.28233141,30.78782677,15259195,295282303.02,0.6765,-1.6419,1,0
2023-03-03,sh.601155,30.39290852,30.61406274,30.1717543,30.47189217,30.28233141,11691595,224917744.88,0.5183,0.626,1,0
2023-03-06,sh.601155,30.26653468,30.4876889,29.14496685,29.6978524,30.47189217,21674560,407380417.91,0.9609,-2.5402,1,0
2023-03-07,sh.601155,29.66625894,29.93480335,28.92381263,28.93960936,29.6978524,12103403,225437539.08,0.5366,-2.5532,1,0
2023-03-08,sh.601155,28.87642244,29.08177993,28.37092708,28.67106495,28.93960936,17390138,315794613.06,0.771,-0.9279,1,0
2023-03-09,sh.601155,28.60787803,29.08177993,28.56048784,28.56048784,28.67106495,10988186,200162283.86,0.4871,-0.3857,1,0
2023-03-10,sh.601155,28.22875651,28.38672381,27.62848077,27.8022448,28.56048784,16997991,300521693.61,0.7536,-2.6549,1,0
2023-03-13,sh.601155,27.6442775,28.22875651,27.24935925,27.53370039,27.8022448,16647757,290954772.52,0.7381,-0.9659,1,0
2023-03-14,sh.601155,27.47051347,27.99180556,26.55430313,27.13878214,27.53370039,25050620,432594858.35,1.1106,-1.4343,1,0
2023-03-15,sh.601155,27.40732655,27.62848077,27.1703756,27.35993636,27.13878214,14964149,259350822.62,0.6634,0.8149,1,0
2023-03-16,sh.601155,27.24935925,27.24935925,26.79125408,26.80705081,27.35993636,14333653,244495796.94,0.6355,-2.0208,1,0
2023-03-17,sh.601155,26.99661157,27.31254617,26.72806716,26.83864427,26.80705081,16314096,278370950.09,0.7233,0.1179,1,0
2023-03-20,sh.601155,26.96501811,27.0124083,26.00141758,26.17518161,26.83864427,21141356,352779957.78,0.9373,-2.472,1,0
2023-03-21,sh.601155,26.17518161,26.57009986,25.95402739,26.55430313,26.17518161,17787583,295789894.63,0.7886,1.4484,1,0
2023-03-22,sh.601155,26.64908351,26.98081484,26.41213256,26.82284754,26.55430313,14511005,245467240.97,0.6433,1.0113,1,0
2023-03-23,sh.601155,26.77545735,26.90183119,26.45952275,26.88603446,26.82284754,9966468,168531072.99,0.4418,0.2356,1,0
2023-03-24,sh.601155,26.88603446,28.13397613,26.45952275,27.42312328,26.88603446,41758491,720300607.26,1.8513,1.9976,1,0
2023-03-27,sh.601155,27.13878214,27.20196906,26.09619796,26.58589659,27.42312328,37293696,627058417.37,1.6534,-3.053,1,0
2023-03-28,sh.601155,26.58589659,26.91762792,25.93823066,25.96982412,26.58589659,19336095,321141130.25,0.8572,-2.3173,1,0
2023-03-29,sh.601155,26.09619796,26.45952275,25.71707644,25.89084047,25.96982412,16054290,264261790.7,0.7117,-0.3041,1,0
2023-03-30,sh.601155,25.93823066,26.00141758,25.54331241,25.95402739,25.89084047,12764394,208470131.32,0.5659,0.2441,1,0
2023-03-31,sh.601155,25.95402739,26.14358815,25.71707644,25.81185682,25.95402739,13491880,221178022.54,0.5981,-0.5478,1,0
2023-04-03,sh.601155,25.79606009,26.41213256,25.68548298,26.2225718,25.81185682,19493626,323381918.13,0.8642,1.5912,1,0
2023-04-04,sh.601155,26.14358815,26.34894564,25.4327353,25.48012549,26.2225718,21537412,350528722.74,0.9548,-2.8313,1,0
2023-04-06,sh.601155,25.49592222,25.87504374,25.25897127,25.48012549,25.48012549,12712767,205530290.41,0.5636,0.0,1,0
2023-04-07,sh.601155,25.54331241,27.54949712,25.52751568,27.39152982,25.48012549,45643641,773594201.51,2.0235,7.5015,1,0
2023-04-10,sh.601155,27.20196906,28.33933362,26.96501811,27.8022448,27.39152982,39088811,686980204.76,1.7329,1.4994,1,0
2023-04-11,sh.601155,27.92861864,28.00760229,27.28095271,27.69166769,27.8022448,22649370,395667103.12,1.0041,-0.3977,1,0
2023-04-12,sh.601155,27.40732655,27.84963499,26.88603446,27.53370039,27.69166769,22392855,386691361.06,0.9928,-0.5705,1,0
2023-04-13,sh.601155,27.54949712,27.56529385,27.02820503,27.10718868,27.53370039,14742890,253907837.72,0.6536,-1.5491,1,0
2023-04-14,sh.601155,27.18617233,27.42312328,26.61749005,26.72806716,27.10718868,18432731,313158918.15,0.8172,-1.3986,1,0
2023-04-17,sh.601155,26.72806716,26.91762792,26.39633583,26.71227043,26.72806716,16335286,275312581.99,0.7242,-0.0591,1,0
2023-04-18,sh.601155,26.71227043,27.40732655,26.41213256,26.66488024,26.71227043,20524452,348880319.63,0.9099,-0.1774,1,0
2023-04-19,sh.601155,26.61749005,26.61749005,25.48012549,25.54331241,26.66488024,23678250,386867761.35,1.0497,-4.2062,1,0
2023-04-20,sh.601155,25.48012549,25.48012549,24.81666283,24.97463013,25.54331241,18732383,296773238.9,0.8305,-2.2263,1,0
2023-04-21,sh.601155,25.14839416,25.4327353,24.24798055,24.29537074,24.97463013,19168641,301498810.63,0.8498,-2.7198,1,0
2023-04-24,sh.601155,24.04262306,24.62710207,23.74248519,23.83726557,24.29537074,15923328,242187553.95,0.7059,-1.8856,1,0
2023-04-25,sh.601155,24.0110296,24.10580998,23.04742907,23.5371277,23.83726557,15431951,228973210.39,0.6842,-1.2591,1,0
2023-04-26,sh.601155,23.15800618,23.80567211,22.82627485,23.5371277,23.5371277,11979077,177593369.8,0.5311,0.0,1,0
2023-04-27,sh.601155,23.50553424,23.77407865,23.30017675,23.45814405,23.5371277,11097260,165472448.42,0.492,-0.3356,1,0
2023-04-28,sh.601155,23.34756694,23.67929827,23.2211931,23.48973751,23.45814405,15645878,232343787.32,0.6936,0.1347,1,0
2023-05-04,sh.601155,23.5371277,24.42174458,23.25278656,24.0110296,23.48973751,20860138,316562920.19,0.9248,2.2192,1,0
2023-05-05,sh.601155,23.80567211,25.4327353,23.72668846,25.32215819,24.0110296,37403808,587156499.24,1.6582,5.4605,1,0
2023-05-08,sh.601155,24.73767918,25.1168007,24.15320017,24.99042686,25.32215819,29215336,454547883.0,1.2952,-1.31,1,0
2023-05-09,sh.601155,24.86405302,25.79606009,24.72188245,24.91144321,24.99042686,25900620,414633012.33,1.1483,-0.3161,1,0
2023-05-10,sh.601155,24.72188245,24.97463013,24.42174458,24.65869553,24.91144321,14129437,220215397.51,0.6264,-1.0146,1,0
2023-05-11,sh.601155,24.6428988,25.51171895,24.57971188,25.03781705,24.65869553,15960960,253524511.77,0.7076,1.5375,1,0
2023-05-12,sh.601155,25.13259743,25.46432876,24.62710207,24.70608572,25.03781705,12863730,203834262.81,0.5703,-1.3249,1,0
2023-05-15,sh.601155,24.70608572,24.8008661,24.12160671,24.56391515,24.70608572,14140303,218955978.96,0.6269,-0.5754,1,0
2023-05-16,sh.601155,24.72188245,24.78506937,24.09001325,24.20059036,24.56391515,13326840,205571727.74,0.5908,-1.4791,1,0
2023-05-17,sh.601155,24.21638709,24.42174458,23.96363941,24.05841979,24.20059036,8724574,133324089.85,0.3868,-0.5875,1,0
2023-05-18,sh.601155,24.09001325,24.20059036,23.36336367,23.50553424,24.05841979,13514334,202877061.62,0.5991,-2.2981,1,0
2023-05-19,sh.601155,23.3791604,23.45814405,23.0632258,23.11061599,23.50553424,11137843,163545938.88,0.4938,-1.6801,1,0
2023-05-22,sh.601155,22.98424215,23.34756694,22.76308793,22.98424215,23.11061599,17264871,251480100.11,0.7654,-0.5468,1,0
2023-05-23,sh.601155,22.82627485,23.18959964,22.52613698,22.57352717,22.98424215,17623452,253985355.04,0.7813,-1.7869,1,0
2023-05-24,sh.601155,22.4313566,22.54193371,21.7994874,21.83108086,22.57352717,17149883,239406956.87,0.7603,-3.289,1,0
2023-05-25,sh.601155,21.70470702,22.06803181,21.53094299,21.98904816,21.83108086,16085613,222305404.06,0.7131,0.7236,1,0
2023-05-26,sh.601155,21.9574547,22.51034025,21.6415201,22.46295006,21.98904816,17225094,241149850.29,0.7637,2.1552,1,0
2023-05-29,sh.601155,22.2733893,22.38396641,21.98904816,22.08382854,22.46295006,12052645,168964619.63,0.5343,-1.6878,1,0
2023-05-30,sh.601155,22.00484489,22.60512063,21.4835528,22.55773044,22.08382854,18153772,253431949.97,0.8048,2.1459,1,0
2023-05-31,sh.601155,22.4313566,23.00003888,22.08382854,22.08382854,22.55773044,18960165,269055954.52,0.8406,-2.1008,1,0
2023-06-01,sh.601155,22.25759257,22.25759257,21.72050375,21.91006451,22.08382854,14431756,200543669.65,0.6398,-0.7868,1,0
2023-06-02,sh.601155,21.97325143,23.55292443,21.97325143,23.42655059,21.91006451,36925600,537499181.96,1.637,6.9214,1,0
2023-06-05,sh.601155,23.00003888,23.03163234,22.5893239,22.93685196,23.42655059,20062957,289812326.9,0.8895,-2.0904,1,0
2023-06-06,sh.601155,22.93685196,24.0110296,22.87366504,22.88946177,22.93685196,40014951,589681917.36,1.774,-0.2066,1,0
2023-06-07,sh.601155,22.9052585,23.74248519,22.9052585,23.00003888,22.88946177,28657508,421803214.6,1.2705,0.4831,1,0
2023-06-08,sh.601155,23.00003888,23.74248519,22.65251082,23.56872116,23.00003888,31228693,462118178.25,1.3845,2.4725,1,0
2023-06-09,sh.601155,23.3791604,23.47394078,22.98424215,23.04742907,23.56872116,21479088,314753564.02,0.9522,-2.2118,1,0
2023-06-12,sh.601155,22.82627485,23.3791604,22.57352717,23.17380291,23.04742907,19663111,287061259.88,0.8717,0.5483,1,0
2023-06-13,sh.601155,23.12641272,23.61611135,23.09481926,23.2211931,23.17380291,15815191,233583604.21,0.7011,0.2045,1,0
2023-06-14,sh.601155,23.3791604,23.56872116,22.71569774,22.7472912,23.2211931,17372957,252708975.11,0.7702,-2.0408,1,0
2023-06-15,sh.601155,22.79468139,23.45814405,22.73149447,23.44234732,22.7472912,19900231,292487789.76,0.8822,3.0556,1,0
2023-06-16,sh.601155,23.47394078,24.29537074,23.3791604,23.78987538,23.44234732,23789233,358045224.89,1.0547,1.4825,1,0
2023-06-19,sh.601155,23.78987538,23.78987538,22.9052585,22.95264869,23.78987538,22237469,325444098.43,0.9859,-3.5193,1,0
2023-06-20,sh.601155,22.84207158,23.03163234,22.28918603,22.32077949,22.95264869,17738389,252943227.55,0.7864,-2.7529,1,0
2023-06-21,sh.601155,22.17860892,22.49454352,21.7994874,21.81528413,22.32077949,16466119,230122576.05,0.73,-2.2647,1,0
2023-06-26,sh.601155,21.54673972,21.65731683,21.13602474,21.18341493,21.81528413,15998234,215992015.11,0.7093,-2.8965,1,0
2023-06-27,sh.601155,21.29399204,23.30017675,21.04124436,23.30017675,21.18341493,45873706,654274207.84,2.0337,9.9925,1,0
2023-06-28,sh.601155,23.25278656,23.97943614,23.07902253,23.72668846,23.30017675,49067844,731614793.44,2.1754,1.8305,1,0
2023-06-29,sh.601155,23.695095,23.72668846,22.71569774,22.77888466,23.72668846,31036243,453262655.87,1.376,-3.9947,1,0
2023-06-30,sh.601155,22.93685196,23.64770481,22.73149447,22.76308793,22.77888466,24936803,364919523.78,1.1055,-0.0693,1,0
2023-07-03,sh.601155,22.7472912,23.07902253,22.55773044,22.68410428,22.76308793,20182590,290372290.35,0.8948,-0.347,1,0
2023-07-04,sh.601155,22.57352717,22.66830755,21.98904816,22.24179584,22.68410428,22391913,314700836.53,0.9927,-1.9499,1,0
2023-07-05,sh.601155,22.19440565,22.62091736,22.06803181,22.25759257,22.24179584,16796542,237756362.23,0.7447,0.071,1,0
2023-07-06,sh.601155,22.25759257,22.63671409,21.91006451,22.4313566,22.25759257,20284557,286607452.54,0.8993,0.7807,1,0
2023-07-07,sh.601155,22.13121873,22.71569774,21.97325143,22.03643835,22.4313566,18700359,263600826.3,0.8291,-1.7606,1,0
2023-07-10,sh.601155,22.06803181,22.35237295,21.92586124,22.13121873,22.03643835,11380046,159641083.28,0.5045,0.4301,1,0
2023-07-11,sh.601155,22.57352717,22.79468139,21.84687759,21.97325143,22.13121873,23373993,327482342.66,1.0363,-0.7138,1,0
2023-07-12,sh.601155,21.89426778,21.92586124,21.56253645,21.60992664,21.97325143,18038433,247495543.13,0.7997,-1.6535,1,0
2023-07-13,sh.601155,21.73630048,22.16281219,21.65731683,22.05223508,21.60992664,18071229,251262949.88,0.8012,2.0468,1,0
2023-07-14,sh.601155,22.13121873,22.13121873,21.72050375,21.87847105,22.05223508,11993835,166269972.08,0.5317,-0.788,1,0
2023-07-17,sh.601155,21.75209721,21.89426778,21.46775607,21.87847105,21.87847105,8666490,119049366.8,0.3842,0.0,1,0
2023-07-18,sh.601155,21.72050375,22.24179584,21.57833318,21.92586124,21.87847105,13062111,180901182.42,0.5791,0.2166,1,0
2023-07-19,sh.601155,21.87847105,22.71569774,21.7994874,22.66830755,21.92586124,29262967,414152961.47,1.2973,3.3862,1,0
2023-07-20,sh.601155,22.69990101,23.48973751,22.66830755,22.93685196,22.66830755,33521684,488854728.18,1.4861,1.1847,1,0
2023-07-21,sh.601155,22.9052585,23.34756694,22.7472912,23.15800618,22.93685196,27015489,396481388.49,1.1977,0.9642,1,0
2023-07-24,sh.601155,23.3791604,23.3791604,22.19440565,22.52613698,23.15800618,29394291,419918871.63,1.3032,-2.7285,1,0
2023-07-25,sh.601155,23.30017675,24.78506937,23.30017675,24.78506937,22.52613698,55748037,857495368.37,2.4715,10.0281,1,0
2023-07-26,sh.601155,25.19578435,26.03301104,24.9588334,25.60649933,24.78506937,90095416,1454197970.82,3.9943,3.3142,1,0
2023-07-27,sh.601155,25.10100397,26.01721431,24.6428988,25.29056473,25.60649933,60661085,974591365.02,2.6893,-1.2338,1,0
2023-07-28,sh.601155,25.25897127,26.12779142,24.86405302,25.7486699,25.29056473,68827249,1111051563.61,3.0514,1.8114,1,0
2023-07-31,sh.601155,26.52270967,27.10718868,25.84345028,25.96982412,25.7486699,74176168,1243141889.95,3.2885,0.8589,1,0
2023-08-01,sh.601155,25.62229606,26.36474237,25.36954838,25.46432876,25.96982412,48992388,797943453.8,2.172,-1.9465,1,0
2023-08-02,sh.601155,25.51171895,26.34894564,25.46432876,25.68548298,25.46432876,38069798,624235665.53,1.6878,0.8685,1,0
2023-08-03,sh.601155,25.54331241,26.80705081,25.10100397,26.64908351,25.68548298,57691513,950326003.87,2.5577,3.7515,1,0
2023-08-04,sh.601155,27.4863102,27.78644807,26.14358815,26.26996199,26.64908351,57676527,972679793.13,2.557,-1.4226,1,0
2023-08-07,sh.601155,25.79606009,25.85924701,25.08520724,25.29056473,26.26996199,36136806,578873373.61,1.6021,-3.7282,1,0
2023-08-08,sh.601155,25.29056473,25.4327353,24.53232169,24.6428988,25.29056473,31030843,487998932.03,1.3757,-2.5609,1,0
2023-08-09,sh.601155,24.6428988,25.1168007,24.45333804,24.56391515,24.6428988,22897767,358391153.13,1.0151,-0.3205,1,0
2023-08-10,sh.601155,24.57971188,24.91144321,24.31116747,24.59550861,24.56391515,19080307,296688315.03,0.8459,0.1286,1,0
2023-08-11,sh.601155,24.8008661,25.41693857,24.09001325,24.39015112,24.59550861,37187123,578664296.2,1.6486,-0.8349,1,0
2023-08-14,sh.601155,23.5371277,24.12160671,23.14220945,23.71089173,24.39015112,30722866,457604962.08,1.3621,-2.785,1,0
2023-08-15,sh.601155,23.72668846,23.97943614,23.28438002,23.60031462,23.71089173,17649301,263246228.97,0.7825,-0.4664,1,0
2023-08-16,sh.601155,23.52133097,24.69028899,23.30017675,24.15320017,23.60031462,27989194,425841140.52,1.2409,2.3427,1,0
2023-08-17,sh.601155,23.77407865,24.24798055,23.64770481,23.91624922,24.15320017,27559906,416916143.31,1.2218,-0.981,1,0
2023-08-18,sh.601155,23.94784268,24.24798055,23.03163234,23.03163234,23.91624922,23313672,347926490.96,1.0336,-3.6988,1,0
2023-08-21,sh.601155,22.9052585,23.30017675,22.63671409,22.66830755,23.03163234,18843908,274110161.56,0.8354,-1.5775,1,0
2023-08-22,sh.601155,22.71569774,23.04742907,22.24179584,22.7472912,22.66830755,18287535,260968702.88,0.8108,0.3484,1,0
2023-08-23,sh.601155,22.5893239,22.65251082,21.92586124,21.92586124,22.7472912,19439501,272638594.88,0.8618,-3.6111,1,0
2023-08-24,sh.601155,21.97325143,22.03643835,21.34138223,21.45195934,21.92586124,19885931,271970376.37,0.8816,-2.1614,1,0
2023-08-25,sh.601155,21.57833318,22.19440565,21.40456915,21.81528413,21.45195934,24957826,343293544.97,1.1065,1.6937,1,0
2023-08-28,sh.601155,23.91624922,23.91624922,22.98424215,23.18959964,21.81528413,45521388,675918717.14,2.0181,6.2998,1,0
2023-08-29,sh.601155,23.11061599,24.23218382,22.79468139,24.21638709,23.18959964,36037946,536748055.3,1.5977,4.4278,1,0
2023-08-30,sh.601155,23.88465576,24.46913477,23.75828192,24.0110296,24.21638709,22277567,339881764.24,0.9876,-0.848,1,0
2023-08-31,sh.601155,24.3269642,24.59550861,22.9052585,22.9052585,24.0110296,37230785,554948905.32,1.6506,-4.6053,1,0
2023-09-01,sh.601155,23.52133097,23.80567211,23.0632258,23.41075386,22.9052585,30078107,447010467.87,1.3335,2.2069,1,0
2023-09-04,sh.601155,24.0110296,24.50072823,23.55292443,23.90045249,23.41075386,33802961,514542225.19,1.4986,2.0918,1,0
2023-09-05,sh.601155,23.695095,23.695095,23.04742907,23.12641272,23.90045249,25380515,374400051.89,1.1252,-3.2386,1,0
2023-09-06,sh.601155,23.14220945,24.4849315,23.00003888,24.21638709,23.12641272,43228983,650990051.18,1.9165,4.7131,1,0
2023-09-07,sh.601155,24.1689969,24.69028899,23.5371277,23.5371277,24.21638709,39118882,596377349.35,1.7343,-2.805,1,0
2023-09-08,sh.601155,23.47394078,23.50553424,22.62091736,22.82627485,23.5371277,26330580,382137663.19,1.1673,-3.0201,1,0
2023-09-11,sh.601155,22.54193371,22.60512063,21.89426778,22.22599911,22.82627485,32192972,451435517.66,1.4272,-2.6298,1,0
2023-09-12,sh.601155,22.13121873,22.5893239,21.97325143,22.39976314,22.22599911,22753605,320897837.58,1.0088,0.7818,1,0
2023-09-13,sh.601155,22.39976314,22.9052585,22.115422,22.32077949,22.39976314,23047242,327634404.24,1.0218,-0.3526,1,0
2023-09-14,sh.601155,22.21020238,22.41555987,21.87847105,21.92586124,22.32077949,18223655,254490006.0,0.8079,-1.7693,1,0
2023-09-15,sh.601155,22.08382854,22.16281219,21.75209721,21.81528413,21.92586124,15314628,212676827.62,0.679,-0.5043,1,0
2023-09-18,sh.601155,21.76789394,21.87847105,21.43616261,21.7994874,21.81528413,13129741,180367822.39,0.5821,-0.0724,1,0
2023-09-19,sh.601155,21.7994874,21.7994874,21.43616261,21.56253645,21.7994874,13145722,179680919.1,0.5828,-1.087,1,0
2023-09-20,sh.601155,21.43616261,21.65731683,21.30978877,21.4835528,21.56253645,12086511,164690080.88,0.5358,-0.3663,1,0
2023-09-21,sh.601155,21.56253645,21.83108086,21.27819531,21.27819531,21.4835528,15015160,204486742.26,0.6657,-0.9559,1,0
2023-09-22,sh.601155,21.15182147,21.62572337,21.13602474,21.62572337,21.27819531,13625412,184714471.08,0.6041,1.6333,1,0
2023-09-25,sh.601155,21.51514626,21.54673972,20.97805744,21.12022801,21.62572337,18991536,254320646.55,0.842,-2.3375,1,0
2023-09-26,sh.601155,21.02544763,21.23080512,21.02544763,21.05704109,21.12022801,10271741,137365954.59,0.4554,-0.2992,1,0
2023-09-27,sh.601155,21.02544763,21.24660185,20.86748033,20.86748033,21.05704109,14548441,193588718.65,0.645,-0.9002,1,0
2023-09-28,sh.601155,20.99385417,21.04124436,20.82009014,20.93066725,20.86748033,10648929,140944197.96,0.4721,0.3028,1,0
2023-10-09,sh.601155,20.82009014,20.83588687,19.46157136,19.82489615,20.93066725,31551573,398763384.75,1.3988,-5.283,1,0
2023-10-10,sh.601155,19.85648961,19.99866018,19.46157136,19.54055501,19.82489615,15931817,198706999.36,0.7063,-1.4343,1,0
2023-10-11,sh.601155,19.5879452,19.79330269,19.4299779,19.57214847,19.54055501,17497805,216916952.85,0.7757,0.1617,1,0
2023-10-12,sh.601155,19.73011577,19.80909942,19.54055501,19.7459125,19.57214847,14471970,180479116.43,0.6416,0.8878,1,0
2023-10-13,sh.601155,19.54055501,19.7459125,19.46157136,19.55635174,19.7459125,10095135,124993623.38,0.4476,-0.96,1,0
2023-10-16,sh.601155,19.55635174,19.66692885,18.97187273,19.00346619,19.55635174,16655474,201941412.74,0.7384,-2.8271,1,0
2023-10-17,sh.601155,19.01926292,19.09824657,18.46637737,18.65593813,19.00346619,18915223,223841579.94,0.8386,-1.8288,1,0
2023-10-18,sh.601155,18.56115775,18.62434467,18.27681661,18.29261334,18.65593813,12455099,144968063.37,0.5522,-1.9475,1,0
2023-10-19,sh.601155,18.34000353,18.54536102,18.08725585,18.24522315,18.29261334,14470423,167749632.93,0.6415,-0.2591,1,0
2023-10-20,sh.601155,18.19783296,18.86129562,18.0082722,18.54536102,18.24522315,21491559,252904997.39,0.9528,1.645,1,0
2023-10-23,sh.601155,18.40319045,18.54536102,18.08725585,18.19783296,18.54536102,15464662,178772030.46,0.6856,-1.8739,1,0
2023-10-24,sh.601155,18.26101988,18.70332832,18.22942642,18.57695448,18.19783296,13944624,163276093.41,0.6182,2.0833,1,0
2023-10-25,sh.601155,18.81390543,18.87709235,18.65593813,18.70332832,18.57695448,14010257,166346938.42,0.6211,0.6803,1,0
2023-10-26,sh.601155,18.46637737,18.67173486,18.34000353,18.6401414,18.70332832,13907577,162998434.09,0.6166,-0.3378,1,0
2023-10-27,sh.601155,18.57695448,18.956076,18.46637737,18.87709235,18.6401414,12905853,153325009.78,0.5722,1.2712,1,0
2023-10-30,sh.601155,18.65593813,18.97187273,18.57695448,18.89288908,18.87709235,14896283,177461577.72,0.6604,0.0837,1,0
2023-10-31,sh.601155,18.76651524,19.09824657,18.45058064,18.7981087,18.89288908,17410780,206411440.1,0.7719,-0.5017,1,0
2023-11-01,sh.601155,18.92448254,18.98766946,18.60854794,18.70332832,18.7981087,11310797,134408675.24,0.5014,-0.5042,1,0
2023-11-02,sh.601155,18.70332832,18.76651524,18.43478391,18.52956429,18.70332832,12171794,143322108.56,0.5396,-0.9291,1,0
2023-11-03,sh.601155,18.51376756,18.68753159,18.40319045,18.57695448,18.52956429,9857138,115855425.68,0.437,0.2558,1,0
2023-11-06,sh.601155,18.68753159,19.36679098,18.68753159,19.31940079,18.57695448,22518946,273291974.45,0.9983,3.9966,1,0
2023-11-07,sh.601155,19.31940079,19.47736809,19.06665311,19.12984003,19.31940079,17465628,212554032.62,0.7743,-0.9812,1,0
2023-11-08,sh.601155,19.12984003,19.91967653,19.05085638,19.63533539,19.12984003,26241550,325295949.73,1.1634,2.6424,1,0
2023-11-09,sh.601155,19.7459125,20.01445691,19.46157136,19.60374193,19.63533539,20534047,256052092.0,0.9103,-0.1609,1,0
2023-11-10,sh.601155,19.57214847,19.66692885,19.19302695,19.35099425,19.60374193,12238957,150036727.1,0.5426,-1.2893,1,0
2023-11-13,sh.601155,19.41418117,19.57214847,19.20882368,19.41418117,19.35099425,9765818,119739813.83,0.433,0.3265,1,0
2023-11-14,sh.601155,19.41418117,19.66692885,19.33519752,19.50896155,19.41418117,12083263,148898491.48,0.5357,0.4882,1,0
2023-11-15,sh.601155,19.80909942,19.85648961,19.39838444,19.50896155,19.50896155,13772296,171104408.73,0.6106,0.0,1,0
2023-11-16,sh.601155,19.39838444,19.39838444,19.05085638,19.24041714,19.50896155,13026720,158522470.04,0.5775,-1.3765,1,0
2023-11-17,sh.601155,19.19302695,19.28780733,18.97187273,19.25621387,19.24041714,11092017,134414575.42,0.4917,0.0821,1,0
2023-11-20,sh.601155,19.7459125,19.7459125,19.28780733,19.38258771,19.25621387,12686175,156217452.79,0.5624,0.6563,1,0
2023-11-21,sh.601155,20.0618471,21.29399204,20.0618471,20.39357843,19.38258771,47879653,625865102.12,2.1227,5.216,1,0
2023-11-22,sh.601155,20.34618824,20.78849668,20.2198144,20.25140786,20.39357843,30176161,391974257.01,1.3378,-0.6971,1,0
2023-11-23,sh.601155,20.10923729,21.1676182,20.10923729,20.93066725,20.25140786,36330766,478685689.31,1.6107,3.3541,1,0
2023-11-24,sh.601155,21.27819531,21.94165797,21.08863455,21.7994874,20.93066725,51646851,704300806.72,2.2897,4.1509,1,0
2023-11-27,sh.601155,21.6415201,21.72050375,20.91487052,21.6415201,21.7994874,34222959,461458396.06,1.5172,-0.7246,1,0
2023-11-28,sh.601155,21.53094299,21.81528413,20.80429341,20.89907379,21.6415201,23097798,310187097.91,1.024,-3.4307,1,0
2023-11-29,sh.601155,20.97805744,21.08863455,20.39357843,20.44096862,20.89907379,22337070,292860137.16,0.9903,-2.192,1,0
2023-11-30,sh.601155,20.40937516,20.48835881,20.10923729,20.25140786,20.44096862,12544006,161015070.78,0.5561,-0.9274,1,0
2023-12-01,sh.601155,20.18822094,20.56734246,19.99866018,20.2198144,20.25140786,17505993,224703974.39,0.7761,-0.156,1,0
2023-12-04,sh.601155,20.09344056,20.17242421,19.36679098,19.4299779,20.2198144,23442697,290497706.73,1.0393,-3.9063,1,0
2023-12-05,sh.601155,19.28780733,19.38258771,18.89288908,18.89288908,19.4299779,13206950,159832092.6,0.5855,-2.7642,1,0
2023-12-06,sh.601155,18.7981087,19.28780733,18.71912505,19.1140433,18.89288908,15288799,183856015.13,0.6778,1.1706,1,0
2023-12-07,sh.601155,19.05085638,19.33519752,18.956076,19.12984003,19.1140433,12486700,151384203.0,0.5536,0.0826,1,0
2023-12-08,sh.601155,19.05085638,19.17723022,18.71912505,18.84549889,19.12984003,12591206,150305202.83,0.5582,-1.4864,1,0
2023-12-11,sh.601155,18.6401414,18.87709235,18.26101988,18.82970216,18.84549889,15058054,176319197.08,0.6676,-0.0838,1,0
2023-12-12,sh.601155,18.92448254,19.5879452,18.82970216,19.35099425,18.82970216,20249530,246373359.27,0.8977,2.7685,1,0
2023-12-13,sh.601155,18.956076,19.03505965,18.67173486,18.7981087,19.35099425,17670825,210716880.29,0.7834,-2.8571,1,0
2023-12-14,sh.601155,18.92448254,19.28780733,18.90868581,19.00346619,18.7981087,16843057,203369592.08,0.7467,1.0924,1,0
2023-12-15,sh.601155,19.2720106,19.71431904,19.19302695,19.41418117,19.00346619,23605583,290951974.53,1.0465,2.1613,1,0
2023-12-18,sh.601155,19.2720106,19.66692885,18.7981087,18.84549889,19.41418117,18415691,223908882.07,0.8164,-2.9292,1,0
2023-12-19,sh.601155,18.76651524,18.97187273,18.41898718,18.62434467,18.84549889,11325384,133699887.73,0.5021,-1.1735,1,0
2023-12-20,sh.601155,18.59275121,18.62434467,18.27681661,18.27681661,18.62434467,8607424,100382249.86,0.3816,-1.866,1,0
2023-12-21,sh.601155,18.19783296,18.6401414,18.10305258,18.56115775,18.27681661,8581195,100405955.88,0.3804,1.5557,1,0
2023-12-22,sh.601155,18.57695448,18.6401414,18.10305258,18.18203623,18.56115775,13944979,161077911.62,0.6182,-2.0426,1,0
2023-12-25,sh.601155,18.08725585,18.1662395,17.8503049,17.96088201,18.18203623,9409622,107230765.54,0.4172,-1.2163,1,0
2023-12-26,sh.601155,17.96088201,17.96088201,17.29741935,17.29741935,17.96088201,16391418,181717368.43,0.7267,-3.6939,1,0
2023-12-27,sh.601155,17.376403,17.5343703,17.2184357,17.39219973,17.29741935,9977800,109592173.0,0.4424,0.5479,1,0
2023-12-28,sh.601155,17.34480954,18.03986566,17.13945205,17.97667874,17.39219973,16363625,183529917.69,0.7255,3.3606,1,0
2023-12-29,sh.601155,17.97667874,18.18203623,17.89769509,18.02406893,17.97667874,10699525,122267066.53,0.4743,0.2636,1,0
2024-01-02,sh.601155,18.02406893,18.03986566,17.5343703,17.55016703,18.02406893,10654435,119443817.7,0.4724,-2.6293,1,0
2024-01-03,sh.601155,17.56596376,17.83450817,17.5343703,17.67654087,17.55016703,8618040,96395861.83,0.3821,0.7201,1,0
2024-01-04,sh.601155,17.55016703,17.67654087,17.13945205,17.29741935,17.67654087,11291086,123830653.08,0.5006,-2.1448,1,0
2024-01-05,sh.601155,17.23423243,17.6923376,17.17104551,17.34480954,17.29741935,11877562,131026632.52,0.5266,0.274,1,0
2024-01-08,sh.601155,17.26582589,17.43958992,16.93409456,16.98148475,17.34480954,10472531,113645449.03,0.4643,-2.0947,1,0
2024-01-09,sh.601155,16.9025011,17.28162262,16.72873707,17.02887494,16.98148475,9845896,106014466.91,0.4365,0.2791,1,0
2024-01-10,sh.601155,16.99728148,17.20263897,16.77612726,16.98148475,17.02887494,7552787,81259132.2,0.3348,-0.2783,1,0
2024-01-11,sh.601155,16.96568802,17.20263897,16.80772072,17.04467167,16.98148475,10931796,117889813.34,0.4846,0.3721,1,0
2024-01-12,sh.601155,16.93409456,17.0604684,16.49178612,16.55497304,17.04467167,21837331,231734407.85,0.9681,-2.873,1,0
2024-01-15,sh.601155,16.46019266,16.82351745,16.2706319,16.72873707,16.55497304,13420663,141089963.64,0.595,1.0496,1,0
2024-01-16,sh.601155,16.72873707,16.82351745,16.49178612,16.68134688,16.72873707,10975680,115646494.02,0.4866,-0.2833,1,0
2024-01-17,sh.601155,16.60236323,16.64975342,16.12846133,16.12846133,16.68134688,10608536,110125974.46,0.4703,-3.3144,1,0
2024-01-18,sh.601155,16.00208749,16.36541228,15.70194962,16.2706319,16.12846133,14769537,149374638.44,0.6548,0.8815,1,0
2024-01-19,sh.601155,16.25483517,16.4285992,16.1126646,16.22324171,16.2706319,8230227,84751334.63,0.3649,-0.2913,1,0
2024-01-22,sh.601155,16.1126646,16.16005479,15.3228281,15.4807954,16.22324171,14606360,145778664.09,0.6476,-4.5764,1,0
2024-01-23,sh.601155,15.41760848,15.73354308,15.24384445,15.6387627,15.4807954,11379762,112216211.31,0.5045,1.0204,1,0
2024-01-24,sh.601155,15.65455943,16.04947768,15.14906407,15.92310384,15.6387627,23600762,233998181.54,1.0463,1.8182,1,0
2024-01-25,sh.601155,16.39700574,17.25002916,16.22324171,17.18684224,15.92310384,31028714,328591332.92,1.3756,7.9365,1,0
2024-01-26,sh.601155,17.13945205,18.03986566,17.10785859,17.66074414,17.18684224,32965510,369818523.03,1.4615,2.7574,1,0
2024-01-29,sh.601155,17.89769509,18.13464604,17.26582589,17.29741935,17.66074414,26191218,292494213.47,1.1612,-2.0572,1,0
2024-01-30,sh.601155,17.09206186,17.28162262,16.38120901,16.4285992,17.29741935,21545035,229148114.9,0.9552,-5.0228,1,0
2024-01-31,sh.601155,16.4285992,16.50758285,15.43340521,15.54398232,16.4285992,23370066,234859532.91,1.0361,-5.3846,1,0
2024-02-01,sh.601155,15.38601502,15.73354308,15.10167388,15.22804772,15.54398232,19661353,190994156.83,0.8717,-2.0325,1,0
2024-02-02,sh.601155,15.22804772,15.97049403,14.5329916,15.22804772,15.22804772,28287230,275433246.52,1.2541,0.0,1,0
2024-02-05,sh.601155,15.05428369,15.07008042,13.71156164,13.80634202,15.22804772,37092243,331030970.1,1.6444,-9.3361,1,0
2024-02-06,sh.601155,13.80634202,14.51719487,13.15867609,14.42241449,13.80634202,28806239,253519835.47,1.2771,4.4622,1,0
2024-02-07,sh.601155,14.43821122,14.72255236,14.24865046,14.56458506,14.42241449,29785117,273285147.04,1.3205,0.9858,1,0
2024-02-08,sh.601155,14.72255236,15.41760848,14.50139814,15.38601502,14.56458506,30560791,290032659.42,1.3549,5.6399,1,0
2024-02-19,sh.601155,15.55977905,15.65455943,15.08587715,15.43340521,15.38601502,29014306,281225212.31,1.2863,0.308,1,0
2024-02-20,sh.601155,15.51238886,15.74933981,15.27543791,15.54398232,15.43340521,24089021,236523722.23,1.068,0.7165,1,0
2024-02-21,sh.601155,15.41760848,16.80772072,15.25964118,16.16005479,15.54398232,32352213,328242509.5,1.4343,3.9634,1,0
2024-02-22,sh.601155,16.01788422,16.25483517,15.90730711,16.14425806,16.16005479,21361041,217671060.68,0.947,-0.0978,1,0
2024-02-23,sh.601155,16.06527441,16.49178612,16.04947768,16.47598939,16.14425806,19053355,196036408.97,0.8447,2.0548,1,0
2024-02-26,sh.601155,16.4285992,16.72873707,16.12846133,16.39700574,16.47598939,17674057,183487174.31,0.7836,-0.4794,1,0
2024-02-27,sh.601155,16.30222536,16.82351745,16.20744498,16.5865665,16.39700574,18673380,195567176.31,0.8279,1.1561,1,0
2024-02-28,sh.601155,16.5865665,16.83931418,16.1126646,16.14425806,16.5865665,28509596,298209364.09,1.2639,-2.6667,1,0
2024-02-29,sh.601155,15.97049403,16.47598939,15.92310384,16.44439593,16.14425806,21179058,218111084.31,0.9389,1.8591,1,0
2024-03-01,sh.601155,16.52337958,16.61815996,16.23903844,16.34961555,16.44439593,15946004,165442448.77,0.7069,-0.5764,1,0
2024-03-04,sh.601155,16.22324171,16.22324171,15.76513654,15.97049403,16.34961555,22967958,231326448.64,1.0183,-2.3188,1,0
2024-03-05,sh.601155,15.87571365,15.93890057,15.44920194,15.74933981,15.97049403,20252242,201343711.96,0.8979,-1.3848,1,0
2024-03-06,sh.601155,15.74933981,16.17585152,15.68615289,15.79673,15.74933981,19091223,192269313.58,0.8464,0.3009,1,0
2024-03-07,sh.601155,15.79673,16.06527441,15.54398232,15.54398232,15.79673,15152984,150974926.6,0.6718,-1.6,1,0
2024-03-08,sh.601155,15.54398232,15.62296597,15.19645426,15.29123464,15.54398232,13981958,135893892.69,0.6199,-1.626,1,0
2024-03-11,sh.601155,15.43340521,15.9546973,15.43340521,15.9546973,15.29123464,22943085,228228276.24,1.0172,4.3388,1,0
2024-03-12,sh.601155,15.92310384,16.82351745,15.82832346,16.60236323,15.9546973,27959730,289187743.81,1.2396,4.0594,1,0
2024-03-13,sh.601155,16.50758285,16.52337958,16.01788422,16.14425806,16.60236323,18968472,194288044.72,0.8409,-2.7593,1,0
2024-03-14,sh.601155,16.06527441,16.50758285,16.06527441,16.25483517,16.14425806,19349680,198731720.0,0.8578,0.6849,1,0
2024-03-15,sh.601155,16.09686787,16.34961555,15.85991692,16.00208749,16.25483517,17464779,176714462.66,0.7743,-1.5549,1,0
2024-03-18,sh.601155,16.09686787,16.12846133,15.79673,15.97049403,16.00208749,14312731,144115686.99,0.6345,-0.1974,1,0
2024-03-19,sh.601155,15.87571365,16.09686787,15.81252673,15.84412019,15.97049403,12589145,127002861.85,0.5581,-0.7913,1,0
2024-03-20,sh.601155,15.81252673,15.92310384,15.70194962,15.79673,15.84412019,11569701,115589291.52,0.5129,-0.2991,1,0
2024-03-21,sh.601155,15.79673,16.12846133,15.76513654,15.93890057,15.79673,15178404,153481563.69,0.6729,0.9,1,0
2024-03-22,sh.601155,15.79673,15.97049403,15.33862483,15.4807954,15.93890057,18866901,185626789.38,0.8364,-2.8741,1,0
2024-03-25,sh.601155,15.37021829,16.20744498,15.3228281,15.84412019,15.4807954,23667885,237118886.33,1.0493,2.3469,1,0
2024-03-26,sh.601155,15.81252673,16.06527441,15.60716924,16.01788422,15.84412019,18846758,188695929.6,0.8355,1.0967,1,0
2024-03-27,sh.601155,15.93890057,16.03368095,15.33862483,15.35442156,16.01788422,16422689,161656315.34,0.7281,-4.142,1,0
2024-03-28,sh.601155,15.3228281,15.73354308,15.24384445,15.4807954,15.35442156,14552797,143025455.36,0.6452,0.823,1,0
2024-03-29,sh.601155,15.3228281,15.4807954,14.89631639,14.99109677,15.4807954,19226257,183500286.99,0.8524,-3.1633,1,0
2024-04-01,sh.601155,14.99109677,15.52818559,14.92790985,15.1648608,14.99109677,20756905,199873815.51,0.9202,1.1591,1,0
2024-04-02,sh.601155,15.08587715,15.10167388,14.58038179,14.64356871,15.1648608,22480820,209919349.43,0.9967,-3.4375,1,0
2024-04-03,sh.601155,14.59617852,14.72255236,14.46980468,14.56458506,14.64356871,12006904,110745694.92,0.5323,-0.5394,1,0
2024-04-08,sh.601155,14.51719487,14.78573928,14.217057,14.23285373,14.56458506,16285079,149258302.88,0.722,-2.2777,1,0
2024-04-09,sh.601155,14.31183738,14.48560141,14.23285373,14.39082103,14.23285373,9652899,87726958.51,0.4279,1.1099,1,0
2024-04-10,sh.601155,14.35922757,14.35922757,13.80634202,13.99590278,14.39082103,15136839,134495354.25,0.6711,-2.7442,1,0
2024-04-11,sh.601155,13.86952894,13.98010605,13.64837472,13.69576491,13.99590278,16068921,140334485.8,0.7124,-2.1445,1,0
2024-04-12,sh.601155,13.67996818,13.79054529,13.20606628,13.23765974,13.69576491,16780760,142597283.76,0.744,-3.3449,1,0
2024-04-15,sh.601155,13.25345647,13.47461069,12.85853822,13.04809898,13.23765974,16893578,140483855.11,0.749,-1.432,1,0
2024-04-16,sh.601155,13.03230225,13.07969244,12.55840035,12.71636765,13.04809898,18799706,152269495.56,0.8335,-2.5424,1,0
2024-04-17,sh.601155,12.68477419,13.23765974,12.637384,13.19026955,12.71636765,15508206,128345719.16,0.6875,3.7267,1,0
2024-04-18,sh.601155,13.15867609,13.23765974,12.85853822,13.03230225,13.19026955,13328600,110209110.0,0.5909,-1.1976,1,0
2024-04-19,sh.601155,12.93752187,13.09548917,12.73216438,12.76375784,13.03230225,11493594,93611324.22,0.5096,-2.0606,1,0
2024-04-22,sh.601155,12.76375784,13.01650552,12.60579054,12.90592841,12.76375784,11531055,93548862.17,0.5112,1.1139,1,0
2024-04-23,sh.601155,12.9533186,13.04809898,12.77955457,12.85853822,12.90592841,10395297,84925156.29,0.4609,-0.3672,1,0
2024-04-24,sh.601155,12.89013168,13.03230225,12.68477419,13.01650552,12.85853822,12756433,103960242.81,0.5655,1.2285,1,0
2024-04-25,sh.601155,13.00070879,13.66417145,12.9533186,13.55359434,13.01650552,20188024,171300387.96,0.895,4.1262,1,0
2024-04-26,sh.601155,13.60098453,14.50139814,13.4272205,14.39082103,13.55359434,32365031,287815143.08,1.4349,6.1772,1,0
2024-04-29,sh.601155,14.40661776,15.82832346,14.32763411,15.82832346,14.39082103,53111459,517165102.79,2.3546,9.989,1,0
2024-04-30,sh.601155,16.03368095,16.09686787,15.35442156,15.55977905,15.82832346,45599152,451086782.6,2.0216,-1.6966,1,0
2024-05-06,sh.601155,15.90730711,16.34961555,15.33862483,15.37021829,15.55977905,45822050,457953613.12,2.0315,-1.2183,1,0
2024-05-07,sh.601155,15.38601502,16.9025011,15.30703137,16.9025011,15.37021829,65499117,674398326.0,2.9038,9.9692,1,0
2024-05-08,sh.601155,16.68134688,16.80772072,15.89151038,15.90730711,16.9025011,48887069,503158168.87,2.1673,-5.8879,1,0
2024-05-09,sh.601155,16.14425806,16.41280247,15.81252673,15.9546973,15.90730711,55534528,563760502.02,2.462,0.2979,1,0
2024-05-10,sh.601155,15.97049403,17.55016703,15.90730711,17.2184357,15.9546973,85521307,910221792.2,3.7915,7.9208,1,0
2024-05-13,sh.601155,16.7445338,17.67654087,16.71294034,17.2184357,17.2184357,60743201,664065009.65,2.693,0.0,1,0
2024-05-14,sh.601155,17.04467167,17.66074414,16.91829783,17.2184357,17.2184357,37775290,411862012.36,1.6747,0.0,1,0
2024-05-15,sh.601155,17.17104551,18.19783296,17.17104551,17.42379319,17.2184357,55295821,618849282.02,2.4515,1.1927,1,0
2024-05-16,sh.601155,17.42379319,18.65593813,17.39219973,18.02406893,17.42379319,62822393,716960552.03,2.7851,3.4451,1,0
2024-05-17,sh.601155,18.46637737,19.82489615,17.6923376,19.65113212,18.02406893,89912236,1058863506.07,3.9861,9.0272,1,0
2024-05-20,sh.601155,18.98766946,19.54055501,18.60854794,18.81390543,19.65113212,66531488,798395268.19,2.9496,-4.2605,1,0
2024-05-21,sh.601155,18.46637737,19.24041714,18.40319045,18.76651524,18.81390543,31141861,371129290.55,1.3806,-0.2519,1,0
2024-05-22,sh.601155,18.76651524,19.84069288,18.71912505,18.89288908,18.76651524,48762260,593275542.68,2.1618,0.6734,1,0
2024-05-23,sh.601155,18.6401414,18.7981087,17.97667874,18.18203623,18.89288908,43607116,505439811.86,1.9333,-3.7625,1,0
2024-05-24,sh.601155,18.08725585,18.15044277,17.51857357,17.80291471,18.18203623,31110618,351866526.28,1.3792,-2.0851,1,0
2024-05-27,sh.601155,17.8503049,18.03986566,17.376403,17.99247547,17.80291471,23882436,267836740.04,1.0588,1.0648,1,0
2024-05-28,sh.601155,18.24522315,18.30841007,17.43958992,17.48698011,17.99247547,22269431,250308310.05,0.9873,-2.8095,1,0
2024-05-29,sh.601155,17.50277684,17.99247547,17.50277684,17.67654087,17.48698011,19120850,215037854.5,0.8477,1.084,1,0
2024-05-30,sh.601155,17.70813433,17.70813433,17.10785859,17.25002916,17.67654087,21193578,232612431.85,0.9396,-2.4129,1,0
2024-05-31,sh.601155,17.23423243,17.42379319,16.80772072,16.80772072,17.25002916,27823026,300853080.89,1.2335,-2.5641,1,0
2024-06-03,sh.601155,16.5865665,16.98148475,16.57076977,16.76033053,16.80772072,23868675,252932444.42,1.0582,-0.282,1,0
2024-06-04,sh.601155,16.69714361,17.29741935,16.50758285,16.93409456,16.76033053,25616381,273754168.59,1.1357,1.0368,1,0
2024-06-05,sh.601155,16.79192399,16.85511091,16.25483517,16.31802209,16.93409456,25806415,269014397.36,1.1441,-3.6381,1,0
2024-06-06,sh.601155,16.38120901,16.60236323,15.89151038,16.16005479,16.31802209,24237866,248296400.14,1.0746,-0.9681,1,0
2024-06-07,sh.601155,16.2706319,16.4285992,15.76513654,15.97049403,16.16005479,21011649,213675729.69,0.9315,-1.173,1,0
2024-06-11,sh.601155,15.97049403,16.1126646,15.57557578,15.6387627,15.97049403,24040539,240239027.46,1.0658,-2.0772,1,0
2024-06-12,sh.601155,15.67035616,15.79673,15.44920194,15.52818559,15.6387627,17947100,176878418.0,0.7957,-0.7071,1,0
2024-06-13,sh.601155,15.6387627,15.71774635,15.0068935,15.11747061,15.52818559,35545013,342179279.94,1.5758,-2.645,1,0
2024-06-14,sh.601155,15.08587715,15.85991692,14.86472293,15.79673,15.11747061,59963560,587345347.14,2.6584,4.4932,1,0
2024-06-17,sh.601155,15.46499867,16.08107114,15.3228281,15.41760848,15.79673,30087315,296176958.0,1.3339,-2.4,1,0
2024-06-18,sh.601155,15.43340521,15.54398232,15.05428369,15.11747061,15.41760848,23146594,222988081.5,1.0262,-1.9467,1,0
2024-06-19,sh.601155,15.10167388,15.27543791,14.95950331,15.08587715,15.11747061,18642530,178251192.5,0.8265,-0.209,1,0
2024-06-20,sh.601155,14.99109677,15.05428369,14.45400795,14.5329916,15.08587715,23452119,217463396.95,1.0397,-3.6649,1,0
2024-06-21,sh.601155,14.81733274,14.86472293,14.54878833,14.67516217,14.5329916,16248048,151432969.61,0.7203,0.9783,1,0
2024-06-24,sh.601155,14.72255236,14.73834909,14.29604065,14.34343084,14.67516217,16351200,149382020.0,0.7249,-2.2605,1,0
2024-06-25,sh.601155,14.3750243,14.80153601,14.23285373,14.54878833,14.34343084,19870207,183008993.84,0.8809,1.4317,1,0
2024-06-26,sh.601155,14.50139814,14.62777198,14.24865046,14.61197525,14.54878833,15684202,143569225.32,0.6953,0.4343,1,0
2024-06-27,sh.601155,14.61197525,14.72255236,14.26444719,14.28024392,14.61197525,17460100,159332241.0,0.7741,-2.2703,1,0
2024-06-28,sh.601155,14.24865046,14.51719487,13.93271586,14.01169951,14.28024392,25913970,232337764.3,1.1489,-1.8805,1,0
2024-07-01,sh.601155,14.01169951,15.25964118,13.98010605,15.1648608,14.01169951,36832138,345186511.2,1.6329,8.23,1,0
2024-07-02,sh.601155,15.11747061,15.33862483,14.61197525,14.6909589,15.1648608,26489151,251255759.0,1.1744,-3.125,1,0
2024-07-03,sh.601155,14.80153601,15.1648608,14.51719487,14.88051966,14.6909589,25836377,243521292.8,1.1454,1.2903,1,0
2024-07-04,sh.601155,14.8489262,14.89631639,14.32763411,14.35922757,14.88051966,19244713,177071343.89,0.8532,-3.5032,1,0
2024-07-05,sh.601155,14.29604065,14.45400795,13.98010605,14.0590897,14.35922757,18289000,164072714.0,0.8108,-2.0902,1,0
2024-07-08,sh.601155,14.09068316,14.12227662,13.50620415,13.66417145,14.0590897,20644978,179390110.93,0.9153,-2.809,1,0
2024-07-09,sh.601155,13.66417145,13.82213875,13.30084666,13.67996818,13.66417145,17351010,149489236.5,0.7692,0.1156,1,0
2024-07-10,sh.601155,13.50620415,13.93271586,13.20606628,13.64837472,13.67996818,15112497,130896492.5,0.67,-0.2309,1,0
2024-07-11,sh.601155,13.83793548,14.26444719,13.69576491,14.23285373,13.64837472,19882280,177024821.28,0.8815,4.2824,1,0
2024-07-12,sh.601155,14.29604065,15.60716924,14.26444719,15.29123464,14.23285373,43322556,414511551.13,1.9206,7.4362,1,0
2024-07-15,sh.601155,15.25964118,15.27543791,14.88051966,14.97530004,15.29123464,19890900,189478594.0,0.8818,-2.0661,1,0
2024-07-16,sh.601155,15.0068935,15.60716924,14.80153601,15.33862483,14.97530004,26173851,253052884.8,1.1604,2.4262,1,0
2024-07-17,sh.601155,15.29123464,15.98629076,15.19645426,15.74933981,15.33862483,28780800,287536826.0,1.276,2.6777,1,0
2024-07-18,sh.601155,15.74933981,15.74933981,15.33862483,15.6387627,15.74933981,18786603,184670070.7,0.8329,-0.7021,1,0
2024-07-19,sh.601155,15.54398232,15.54398232,14.95950331,15.10167388,15.6387627,23084201,220584879.48,1.0234,-3.4343,1,0
2024-07-22,sh.601155,15.19645426,15.33862483,14.86472293,15.08587715,15.10167388,14389804,137531567.44,0.638,-0.1046,1,0
2024-07-23,sh.601155,15.07008042,15.27543791,14.67516217,14.70675563,15.08587715,15334355,145705865.65,0.6798,-2.5131,1,0
2024-07-24,sh.601155,14.73834909,14.76994255,14.09068316,14.20126027,14.70675563,16890979,153547818.4,0.7488,-3.4372,1,0
2024-07-25,sh.601155,14.29604065,14.65936544,14.20126027,14.32763411,14.20126027,14519790,132639832.6,0.6437,0.8899,1,0
2024-07-26,sh.601155,14.40661776,15.24384445,14.40661776,14.75414582,14.32763411,18360123,172472442.65,0.814,2.9768,1,0
2024-07-29,sh.601155,14.72255236,14.76994255,14.26444719,14.46980468,14.75414582,15979795,146110594.9,0.7084,-1.9272,1,0
2024-07-30,sh.601155,14.34343084,14.83312947,14.34343084,14.64356871,14.46980468,15815348,146377315.12,0.7012,1.2009,1,0
2024-07-31,sh.601155,14.56458506,15.43340521,14.39082103,15.30703137,14.64356871,23201173,220699381.54,1.0286,4.5307,1,0
2024-08-01,sh.601155,15.33862483,15.41760848,14.78573928,14.81733274,15.30703137,20262826,191624464.43,0.8983,-3.1992,1,0
2024-08-02,sh.601155,14.65936544,14.99109677,14.61197525,14.67516217,14.81733274,13857486,129450925.08,0.6144,-0.9595,1,0
2024-08-05,sh.601155,14.61197525,15.13326734,14.42241449,14.58038179,14.67516217,18329772,172618897.67,0.8126,-0.6459,1,0
2024-08-06,sh.601155,14.75414582,15.19645426,14.64356871,15.1648608,14.58038179,20344249,192285902.79,0.9019,4.0087,1,0
2024-08-07,sh.601155,15.10167388,15.19645426,14.76994255,15.03848696,15.1648608,15224513,144236478.61,0.675,-0.8333,1,0
2024-08-08,sh.601155,15.0068935,15.92310384,14.8489262,15.46499867,15.03848696,28741100,280746407.09,1.2742,2.8361,1,0
2024-08-09,sh.601155,15.51238886,16.76033053,15.43340521,16.19164825,15.46499867,38033350,392831239.5,1.6862,4.6987,1,0
2024-08-12,sh.601155,16.1126646,16.17585152,15.19645426,15.25964118,16.19164825,27035965,266505782.03,1.1986,-5.7561,1,0
2024-08-13,sh.601155,15.27543791,15.3228281,14.97530004,15.18065753,15.25964118,13392265,128179071.3,0.5937,-0.5176,1,0
2024-08-14,sh.601155,15.10167388,15.30703137,14.95950331,14.99109677,15.18065753,9864531,94244026.05,0.4373,-1.2487,1,0
2024-08-15,sh.601155,14.92790985,15.37021829,14.72255236,15.29123464,14.99109677,19805577,189685416.59,0.8781,2.0021,1,0
2024-08-16,sh.601155,15.13326734,15.27543791,14.76994255,14.78573928,15.29123464,16392916,155064121.76,0.7268,-3.3058,1,0
2024-08-19,sh.601155,14.75414582,15.10167388,14.58038179,14.86472293,14.78573928,14613216,137675861.44,0.6479,0.5342,1,0
2024-08-20,sh.601155,15.40181175,15.67035616,15.08587715,15.19645426,14.86472293,25401629,247779645.4,1.1261,2.2317,1,0
2024-08-21,sh.601155,15.33862483,15.43340521,14.92790985,15.11747061,15.19645426,13821074,132625080.09,0.6127,-0.5198,1,0
2024-08-22,sh.601155,15.24384445,15.38601502,14.62777198,14.72255236,15.11747061,15693647,148416415.57,0.6958,-2.6123,1,0
2024-08-23,sh.601155,14.58038179,14.80153601,14.48560141,14.6909589,14.72255236,11201160,103811826.8,0.4966,-0.2146,1,0
2024-08-26,sh.601155,14.62777198,15.1648608,14.50139814,15.11747061,14.6909589,13990594,132435988.02,0.6203,2.9032,1,0
2024-08-27,sh.601155,15.08587715,15.08587715,14.50139814,14.58038179,15.11747061,15607982,145429308.41,0.692,-3.5528,1,0
2024-08-28,sh.601155,14.64356871,14.75414582,14.35922757,14.59617852,14.58038179,8171248,75420668.45,0.3623,0.1083,1,0
2024-08-29,sh.601155,14.5329916,15.24384445,14.46980468,15.10167388,14.59617852,16365184,155192181.22,0.7255,3.4632,1,0
2024-08-30,sh.601155,15.24384445,16.61815996,15.10167388,16.20744498,15.10167388,42316946,433670437.08,1.8761,7.3222,1,0
2024-09-02,sh.601155,15.92310384,16.60236323,15.79673,16.14425806,16.20744498,33665618,344715078.33,1.4925,-0.3899,1,0
2024-09-03,sh.601155,16.14425806,16.69714361,15.93890057,16.55497304,16.14425806,25764903,268058629.28,1.1423,2.544,1,0
2024-09-04,sh.601155,16.46019266,17.09206186,16.28642863,16.47598939,16.55497304,23207321,245753787.2,1.0289,-0.4771,1,0
2024-09-05,sh.601155,16.7445338,16.9025011,16.38120901,16.55497304,16.47598939,19792940,208093781.6,0.8775,0.4794,1,0
2024-09-06,sh.601155,16.44439593,16.60236323,16.19164825,16.34961555,16.55497304,12890815,133337766.43,0.5715,-1.2405,1,0
2024-09-09,sh.601155,16.03368095,16.17585152,15.76513654,15.89151038,16.34961555,18506555,186577306.6,0.8205,-2.8019,1,0
2024-09-10,sh.601155,15.89151038,16.03368095,15.25964118,15.40181175,15.89151038,17715200,173206298.0,0.7854,-3.0815,1,0
2024-09-11,sh.601155,15.40181175,15.70194962,15.19645426,15.4807954,15.40181175,12507430,122549010.4,0.5545,0.5128,1,0
2024-09-12,sh.601155,15.4807954,15.74933981,15.3228281,15.49659213,15.4807954,11717357,115029679.6,0.5195,0.102,1,0
2024-09-13,sh.601155,15.52818559,15.6387627,15.24384445,15.25964118,15.49659213,15783988,154165086.96,0.6998,-1.5291,1,0
2024-09-18,sh.601155,15.35442156,16.1126646,14.92790985,15.71774635,15.25964118,31778895,312442581.41,1.4089,3.0021,1,0
2024-09-19,sh.601155,15.82832346,16.55497304,15.82832346,16.28642863,15.71774635,37012867,380942886.31,1.6409,3.6181,1,0
2024-09-20,sh.601155,15.92310384,16.72873707,15.92310384,16.36541228,16.28642863,33692682,349455456.18,1.4937,0.485,1,0
2024-09-23,sh.601155,16.22324171,16.64975342,16.08107114,16.36541228,16.36541228,16624421,172618044.35,0.737,0.0,1,0
2024-09-24,sh.601155,16.9025011,17.04467167,16.19164825,16.94989129,16.36541228,41990777,442390814.42,1.8616,3.5714,1,0
2024-09-25,sh.601155,17.13945205,17.89769509,17.01307821,17.02887494,16.94989129,36893512,408744300.18,1.6356,0.466,1,0
2024-09-26,sh.601155,17.13945205,18.73492178,17.13945205,18.73492178,17.02887494,55652789,639108354.55,2.4673,10.0186,1,0
2024-09-27,sh.601155,20.03025364,20.61473265,19.77750596,20.61473265,18.73492178,44540167,570929497.38,1.9746,10.0337,1,0
2024-09-30,sh.601155,22.68410428,22.68410428,22.08382854,22.68410428,20.61473265,52797079,755156667.61,2.3407,10.0383,1,0
2024-10-08,sh.601155,24.9588334,24.9588334,21.89426778,23.12641272,22.68410428,120359087,1799917395.07,5.336,1.9499,1,0
2024-10-09,sh.601155,22.09962527,22.7472912,20.97805744,21.27819531,23.12641272,71299709,984412264.2,3.161,-7.9918,1,0
2024-10-10,sh.601155,21.4835528,22.55773044,20.535749,21.87847105,21.27819531,54552249,751081179.61,2.4185,2.8211,1,0
2024-10-11,sh.601155,21.4835528,22.30498276,21.37297569,21.81528413,21.87847105,33606059,464839247.47,1.4899,-0.2888,1,0
2024-10-14,sh.601155,22.2733893,23.0632258,21.83108086,22.87366504,21.81528413,55918965,795687506.92,2.4791,4.8516,1,0
2024-10-15,sh.601155,22.33657622,23.45814405,22.14701546,22.39976314,22.87366504,37266654,538792799.4,1.6522,-2.0718,1,0
2024-10-16,sh.601155,22.79468139,23.91624922,22.47874679,23.91624922,22.39976314,56710137,837689931.45,2.5142,6.7701,1,0
2024-10-17,sh.601155,23.695095,23.695095,21.53094299,21.53094299,23.91624922,53782134,762125898.2,2.3844,-9.9736,1,0
2024-10-18,sh.601155,21.10443128,22.41555987,20.6937163,21.97325143,21.53094299,43817243,594806363.92,1.9426,2.0543,1,0
2024-10-21,sh.601155,21.84687759,22.66830755,21.54673972,22.39976314,21.97325143,32715801,459393161.5,1.4504,1.941,1,0
2024-10-22,sh.601155,22.2733893,22.5893239,21.97325143,22.36816968,22.39976314,20840167,293185670.75,0.9239,-0.141,1,0
2024-10-23,sh.601155,22.30498276,22.69990101,22.19440565,22.2733893,22.36816968,19543806,277216995.48,0.8664,-0.4237,1,0
2024-10-24,sh.601155,22.03643835,22.30498276,21.7994874,21.87847105,22.2733893,14891982,207385708.57,0.6602,-1.773,1,0
2024-10-25,sh.601155,21.81528413,22.14701546,21.6415201,21.78369067,21.87847105,20721957,286883420.44,0.9187,-0.4332,1,0
2024-10-28,sh.601155,21.7994874,22.66830755,21.76789394,22.55773044,21.78369067,25174844,356574528.37,1.1161,3.5533,1,0
2024-10-29,sh.601155,22.41555987,23.0632258,22.08382854,22.115422,22.55773044,16725300,236789468.18,0.7415,-1.9608,1,0
2024-10-30,sh.601155,22.115422,23.15800618,22.115422,22.44715333,22.115422,26980789,386626463.73,1.1962,1.5,1,0
2024-10-31,sh.601155,22.16281219,23.88465576,21.9574547,22.96844542,22.44715333,37358702,547228113.44,1.6562,2.3223,1,0
2024-11-01,sh.601155,22.9052585,23.72668846,22.76308793,23.39495713,22.96844542,38819491,574033037.59,1.721,1.8569,1,0
2024-11-04,sh.601155,23.3791604,23.50553424,22.39976314,22.96844542,23.39495713,30789359,444378301.34,1.365,-1.8231,1,0
2024-11-05,sh.601155,22.7472912,23.91624922,22.69990101,23.75828192,22.96844542,31047329,463150106.28,1.3764,3.4388,1,0
2024-11-06,sh.601155,23.74248519,25.54331241,23.33177021,24.8008661,23.75828192,51064212,790960336.81,2.2639,4.3883,1,0
2024-11-07,sh.601155,24.51652496,26.28575872,24.4849315,26.01721431,24.8008661,45863038,747820514.93,2.0333,4.9045,1,0
2024-11-08,sh.601155,26.19097834,26.3805391,24.13740344,24.3269642,26.01721431,39833236,629388725.18,1.766,-6.4967,1,0
2024-11-11,sh.601155,23.96363941,24.3269642,23.75828192,24.12160671,24.3269642,23254691,353763877.85,1.031,-0.8442,1,0
2024-11-12,sh.601155,24.13740344,24.6428988,23.47394078,23.72668846,24.12160671,23360804,356223813.45,1.0357,-1.6372,1,0
2024-11-13,sh.601155,23.50553424,23.86885903,23.04742907,23.55292443,23.72668846,19315560,286457757.86,0.8563,-0.7324,1,0
2024-11-14,sh.601155,24.21638709,24.21638709,22.44715333,22.44715333,23.55292443,33227531,484088754.31,1.4731,-4.6948,1,0
2024-11-15,sh.601155,22.35237295,22.57352717,21.53094299,21.60992664,22.44715333,22551108,313746522.04,0.9998,-3.7298,1,0
2024-11-18,sh.601155,21.7994874,22.81047812,21.78369067,21.94165797,21.60992664,24811939,350011937.1,1.1,1.5351,1,0
2024-11-19,sh.601155,22.115422,22.14701546,21.46775607,21.73630048,21.94165797,19761915,271621937.24,0.8761,-0.9359,1,0
2024-11-20,sh.601155,21.65731683,21.67311356,21.18341493,21.62572337,21.73630048,17771432,241451620.52,0.7879,-0.5087,1,0
2024-11-21,sh.601155,21.54673972,21.68891029,20.89907379,20.97805744,21.62572337,27567026,367942717.06,1.2221,-2.9949,1,0
2024-11-22,sh.601155,20.91487052,21.04124436,20.535749,20.55154573,20.97805744,32377583,424527933.19,1.4354,-2.0331,1,0
2024-11-25,sh.601155,20.58313919,20.70951303,20.09344056,20.40937516,20.55154573,15596251,201362303.74,0.6914,-0.6918,1,0
2024-11-26,sh.601155,20.40937516,20.97805744,20.28300132,20.78849668,20.40937516,19205309,251281856.1,0.8514,1.8576,1,0
2024-11-27,sh.601155,20.66212284,21.30978877,20.45676535,21.15182147,20.78849668,20714920,273588128.3,0.9184,1.7477,1,0
2024-11-28,sh.601155,21.29399204,21.65731683,21.02544763,21.07283782,21.15182147,17609635,238027503.8,0.7807,-0.3734,1,0
2024-11-29,sh.601155,21.0096509,22.02064162,21.0096509,21.59412991,21.07283782,23905378,326293622.71,1.0598,2.4738,1,0
2024-12-02,sh.601155,21.53094299,22.17860892,21.23080512,21.92586124,21.59412991,25151602,348117428.1,1.1151,1.5362,1,0
2024-12-03,sh.601155,21.7994874,22.2733893,21.57833318,22.02064162,21.92586124,20139718,279665323.42,0.8929,0.4323,1,0
2024-12-04,sh.601155,21.86267432,21.92586124,21.19921166,21.26239858,22.02064162,14890389,203315841.16,0.6601,-3.4433,1,0
2024-12-05,sh.601155,21.15182147,21.26239858,20.50415554,20.99385417,21.26239858,20741980,273347818.89,0.9196,-1.263,1,0
2024-12-06,sh.601155,20.93066725,21.42036588,20.74110649,21.07283782,20.99385417,20831310,278086844.58,0.9235,0.3762,1,0
2024-12-09,sh.601155,21.04124436,21.18341493,20.18822094,20.25140786,21.07283782,27230700,353998070.0,1.2072,-3.8981,1,0
2024-12-10,sh.601155,21.4835528,22.08382854,20.86748033,20.96226071,20.25140786,44139860,600254503.2,1.9569,3.5101,1,0
2024-12-11,sh.601155,20.8516836,21.75209721,20.6937163,21.29399204,20.96226071,27816947,376392059.48,1.2332,1.5825,1,0
2024-12-12,sh.601155,21.29399204,21.87847105,20.8516836,21.78369067,21.29399204,30633498,417347604.29,1.3581,2.2997,1,0
2024-12-13,sh.601155,21.60992664,21.60992664,20.66212284,20.70951303,21.78369067,35525997,469038429.8,1.575,-4.9311,1,0
2024-12-16,sh.601155,20.86748033,20.86748033,20.07764383,20.25140786,20.70951303,22192879,286676189.68,0.9839,-2.2121,1,0
2024-12-17,sh.601155,20.2198144,20.26720459,19.80909942,19.88808307,20.25140786,18503299,234382090.04,0.8203,-1.7941,1,0
2024-12-18,sh.601155,19.96706672,20.01445691,19.71431904,19.80909942,19.88808307,13345393,167778004.16,0.5917,-0.3971,1,0
2024-12-19,sh.601155,19.54055501,19.77750596,19.36679098,19.69852231,19.80909942,11558880,143048706.6,0.5124,-0.5582,1,0
2024-12-20,sh.601155,19.63533539,19.77750596,19.46157136,19.49316482,19.69852231,10335456,127989508.03,0.4582,-1.0425,1,0
2024-12-23,sh.601155,19.49316482,19.61953866,19.1140433,19.24041714,19.49316482,12662587,154932268.84,0.5614,-1.2966,1,0
2024-12-24,sh.601155,19.17723022,19.77750596,19.12984003,19.66692885,19.24041714,16710313,207101902.85,0.7408,2.2167,1,0
2024-12-25,sh.601155,19.50896155,19.73011577,19.19302695,19.57214847,19.66692885,11428300,140547940.07,0.5067,-0.4819,1,0
2024-12-26,sh.601155,19.47736809,19.71431904,19.31940079,19.4299779,19.57214847,8766654,108139838.08,0.3887,-0.7264,1,0
2024-12-27,sh.601155,19.44577463,19.71431904,19.38258771,19.44577463,19.4299779,9645341,119296934.06,0.4276,0.0813,1,0
2024-12-30,sh.601155,19.4299779,19.4299779,19.03505965,19.24041714,19.44577463,10637757,129262463.91,0.4716,-1.0561,1,0
2024-12-31,sh.601155,19.24041714,19.39838444,18.89288908,18.89288908,19.24041714,12215116,147785144.09,0.5415,-1.8062,1,0
2025-01-02,sh.601155,18.89288908,19.38258771,18.56115775,18.71912505,18.89288908,13902240,166917709.4,0.6163,-0.9197,1,0
2025-01-03,sh.601155,18.76651524,18.92448254,18.19783296,18.27681661,18.71912505,12964368,152134766.11,0.5748,-2.3629,1,0
2025-01-06,sh.601155,18.30841007,18.35580026,18.03986566,18.26101988,18.27681661,9167901,105514192.5,0.4064,-0.0864,1,0
2025-01-07,sh.601155,18.19783296,18.71912505,17.86610163,18.45058064,18.26101988,15556221,180090147.28,0.6897,1.0381,1,0
2025-01-08,sh.601155,18.3242068,18.6401414,17.91349182,18.24522315,18.45058064,15610200,179651596.0,0.6921,-1.113,1,0
2025-01-09,sh.601155,18.26101988,18.43478391,18.0082722,18.0082722,18.24522315,9974226,114848250.5,0.4422,-1.2987,1,0
2025-01-10,sh.601155,18.07145912,18.13464604,17.58176049,17.58176049,18.0082722,10294865,116151991.82,0.4564,-2.3684,1,0
2025-01-13,sh.601155,17.376403,18.10305258,17.32901281,17.96088201,17.58176049,13214824,149525968.03,0.5859,2.1563,1,0
2025-01-14,sh.601155,17.99247547,18.40319045,17.94508528,18.27681661,17.96088201,15401377,177045279.19,0.6828,1.759,1,0
2025-01-15,sh.601155,18.29261334,18.38739372,17.99247547,18.1662395,18.27681661,11523569,132470652.68,0.5109,-0.605,1,0
2025-01-16,sh.601155,18.13464604,18.59275121,17.94508528,18.18203623,18.1662395,12794800,147844122.0,0.5672,0.087,1,0
2025-01-17,sh.601155,18.19783296,18.94027927,18.19783296,18.57695448,18.18203623,24642707,290438973.71,1.0925,2.172,1,0
2025-01-20,sh.601155,18.4821741,18.68753159,18.10305258,18.26101988,18.57695448,15433318,179387965.44,0.6842,-1.7007,1,0
2025-01-21,sh.601155,18.34000353,19.12984003,18.21362969,18.45058064,18.26101988,26125889,309000352.18,1.1583,1.0381,1,0
2025-01-22,sh.601155,18.19783296,18.3242068,17.61335395,17.66074414,18.45058064,18206636,206215051.0,0.8072,-4.2808,1,0
2025-01-23,sh.601155,17.81871144,18.65593813,17.81871144,18.02406893,17.66074414,22005157,254107047.71,0.9756,2.0572,1,0
2025-01-24,sh.601155,18.0082722,18.15044277,17.8503049,17.99247547,18.02406893,11672707,133074492.04,0.5175,-0.1753,1,0
2025-01-27,sh.601155,18.10305258,18.30841007,17.78711798,17.78711798,17.99247547,11121589,127070140.59,0.4931,-1.1414,1,0
2025-02-05,sh.601155,17.86610163,17.94508528,17.31321608,17.45538665,17.78711798,15824176,175210513.32,0.7015,-1.865,1,0
2025-02-06,sh.601155,17.47118338,17.72393106,17.36060627,17.62915068,17.45538665,12434499,138246307.28,0.5513,0.9955,1,0
2025-02-07,sh.601155,17.66074414,18.62434467,17.48698011,18.41898718,17.62915068,22520590,260422096.1,0.9984,4.4803,1,0
2025-02-10,sh.601155,18.29261334,18.62434467,18.26101988,18.56115775,18.41898718,14392749,168353023.29,0.6381,0.7719,1,0
2025-02-11,sh.601155,18.57695448,18.62434467,18.0082722,18.03986566,18.56115775,13827905,159013751.25,0.613,-2.8085,1,0
2025-02-12,sh.601155,17.96088201,18.84549889,17.96088201,18.71912505,18.03986566,20266144,235304999.72,0.8985,3.7653,1,0
2025-02-13,sh.601155,18.4821741,19.98286345,18.26101988,19.4299779,18.71912505,47196909,575151840.31,2.0924,3.7975,1,0
2025-02-14,sh.601155,19.4299779,19.9038798,19.16143349,19.38258771,19.4299779,20865954,256139606.25,0.9251,-0.2439,1,0
2025-02-17,sh.601155,19.28780733,19.87228634,19.28780733,19.46157136,19.38258771,20171877,250002713.27,0.8943,0.4075,1,0
2025-02-18,sh.601155,19.55635174,19.85648961,19.19302695,19.44577463,19.46157136,17676582,218582419.16,0.7837,-0.0812,1,0
2025-02-19,sh.601155,19.30360406,19.82489615,19.30360406,19.77750596,19.44577463,14617024,181409530.75,0.648,1.7059,1,0
2025-02-20,sh.601155,19.68272558,19.7459125,19.20882368,19.46157136,19.77750596,13587000,166888697.1,0.6024,-1.5974,1,0
2025-02-21,sh.601155,19.65113212,19.99866018,19.30360406,19.7459125,19.46157136,16687332,208519344.9,0.7398,1.461,1,0
2025-02-24,sh.601155,19.66692885,21.12022801,19.66692885,20.99385417,19.7459125,31876275,415146947.68,1.4132,6.32,1,0
2025-02-25,sh.601155,20.77269995,21.27819531,20.67791957,21.0096509,20.99385417,18329560,244218887.72,0.8126,0.0752,1,0
2025-02-26,sh.601155,21.02544763,21.91006451,20.96226071,21.73630048,21.0096509,26358090,358740939.33,1.1686,3.4586,1,0
2025-02-27,sh.601155,21.73630048,22.22599911,21.67311356,21.72050375,21.73630048,19480185,270331741.03,0.8636,-0.0727,1,0
2025-02-28,sh.601155,21.91006451,21.9574547,21.10443128,21.19921166,21.72050375,19274748,261190619.34,0.8545,-2.4,1,0
2025-03-03,sh.601155,21.38877242,21.70470702,21.0096509,21.10443128,21.19921166,15039095,202796618.63,0.6667,-0.4471,1,0
2025-03-04,sh.601155,21.08863455,21.23080512,20.56734246,20.83588687,21.10443128,14016865,184338481.09,0.6214,-1.2725,1,0
2025-03-05,sh.601155,20.8516836,21.07283782,20.40937516,20.56734246,20.83588687,16761266,218960226.63,0.7431,-1.2889,1,0
2025-03-06,sh.601155,20.8516836,21.3255855,20.67791957,21.3255855,20.56734246,18509748,246708225.16,0.8206,3.6866,1,0
2025-03-07,sh.601155,21.07283782,21.30978877,20.75690322,20.93066725,21.3255855,11793181,156163598.51,0.5228,-1.8519,1,0
2025-03-10,sh.601155,21.05704109,21.35717896,20.88327706,20.99385417,20.93066725,11527162,153898929.28,0.511,0.3019,1,0
2025-03-11,sh.601155,20.82009014,20.86748033,20.55154573,20.70951303,20.99385417,11397074,149202510.32,0.5053,-1.3544,1,0
2025-03-12,sh.601155,20.70951303,20.8516836,20.51995227,20.64632611,20.70951303,8098722,106152391.65,0.359,-0.3051,1,0
2025-03-13,sh.601155,20.55154573,20.74110649,20.10923729,20.63052938,20.64632611,13090592,169570974.41,0.5804,-0.0765,1,0
2025-03-14,sh.601155,20.64632611,21.40456915,20.55154573,21.3255855,20.63052938,17733546,236794681.7,0.7862,3.3691,1,0
2025-03-17,sh.601155,21.3255855,21.56253645,21.18341493,21.3255855,21.3255855,11171939,151146931.79,0.4953,0.0,1,0
2025-03-18,sh.601155,21.49934953,21.54673972,21.10443128,21.27819531,21.3255855,7702698,103865077.87,0.3415,-0.2222,1,0
2025-03-19,sh.601155,21.27819531,21.34138223,20.83588687,20.97805744,21.27819531,7331668,97417274.26,0.325,-1.4105,1,0
2025-03-20,sh.601155,20.96226071,21.0096509,20.72530976,20.82009014,20.97805744,5454486,72083377.68,0.2418,-0.753,1,0
2025-03-21,sh.601155,20.70951303,20.83588687,20.34618824,20.50415554,20.82009014,8689477,112974799.67,0.3852,-1.5175,1,0
2025-03-24,sh.601155,20.45676535,20.59893592,20.2198144,20.31459478,20.50415554,8939895,115029296.87,0.3963,-0.9245,1,0
2025-03-25,sh.601155,20.40937516,20.78849668,20.14083075,20.61473265,20.31459478,9884791,127904188.69,0.4382,1.4774,1,0
2025-03-26,sh.601155,20.56734246,21.08863455,20.48835881,20.6937163,20.61473265,8419646,111165373.96,0.3733,0.3831,1,0
2025-03-27,sh.601155,20.74110649,20.8516836,20.34618824,20.64632611,20.6937163,7637112,99742973.29,0.3386,-0.229,1,0
2025-03-28,sh.601155,20.66212284,20.75690322,20.51995227,20.63052938,20.64632611,5841206,76255269.23,0.259,-0.0765,1,0
2025-03-31,sh.601155,20.2198144,20.3777817,19.54055501,19.7459125,20.63052938,14367603,180089249.78,0.637,-4.2879,1,0
2025-04-01,sh.601155,19.44577463,19.7459125,19.08244984,19.60374193,19.7459125,15450736,189764335.32,0.685,-0.72,1,0
2025-04-02,sh.601155,19.55635174,19.7459125,19.30360406,19.52475828,19.60374193,7639774,94587483.36,0.3387,-0.4029,1,0
2025-04-03,sh.601155,19.33519752,20.17242421,19.28780733,19.66692885,19.52475828,13492209,169276565.11,0.5982,0.7282,1,0
2025-04-07,sh.601155,18.65593813,18.956076,17.70813433,17.70813433,19.66692885,26052541,297504812.18,1.155,-9.9598,1,0
2025-04-08,sh.601155,17.92928855,18.6401414,17.70813433,18.54536102,17.70813433,20515698,237612398.28,0.9095,4.7279,1,0
2025-04-09,sh.601155,18.26101988,20.39357843,18.21362969,20.39357843,18.54536102,43089019,535677177.2,1.9103,9.9659,1,0
2025-04-10,sh.601155,20.39357843,21.19921166,20.07764383,20.8516836,20.39357843,36890746,484223848.15,1.6355,2.2463,1,0
2025-04-11,sh.601155,20.83588687,20.8516836,20.36198497,20.50415554,20.8516836,18192199,236544760.64,0.8065,-1.6667,1,0
2025-04-14,sh.601155,20.3777817,20.58313919,19.88808307,20.09344056,20.50415554,18439727,234878600.15,0.8175,-2.0031,1,0
2025-04-15,sh.601155,20.14083075,20.28300132,19.76170923,19.99866018,20.09344056,11299337,142923291.11,0.5009,-0.4717,1,0
2025-04-16,sh.601155,20.04605037,20.39357843,19.22462041,19.84069288,19.99866018,14235055,178741148.88,0.6311,-0.7899,1,0
2025-04-17,sh.601155,19.63533539,21.83108086,19.63533539,21.49934953,19.84069288,49901969,678225336.54,2.2123,8.3599,1,0
2025-04-18,sh.601155,21.4835528,22.06803181,21.0096509,21.70470702,21.49934953,33924642,461441423.75,1.504,0.9552,1,0
2025-04-21,sh.601155,21.42036588,21.62572337,21.1676182,21.30978877,21.70470702,18522919,249992352.8,0.8212,-1.8195,1,0
2025-04-22,sh.601155,21.24660185,22.35237295,21.24660185,22.115422,21.30978877,30139256,418743274.69,1.3362,3.7806,1,0
2025-04-23,sh.601155,21.98904816,22.35237295,21.73630048,21.9574547,22.115422,18449495,258037667.07,0.8179,-0.7143,1,0
2025-04-24,sh.601155,21.83108086,22.5893239,21.76789394,22.115422,21.9574547,16698630,234235294.09,0.7403,0.7194,1,0
2025-04-25,sh.601155,22.115422,22.92105523,21.53094299,21.60992664,22.115422,33669884,475221231.62,1.4927,-2.2857,1,0
2025-04-28,sh.601155,21.6415201,21.67311356,20.3777817,20.74110649,21.60992664,25320863,332364723.97,1.1226,-4.0205,1,0
2025-04-29,sh.601155,20.59893592,21.19921166,20.59893592,21.12022801,20.74110649,13375682,177789759.84,0.593,1.8279,1,0
2025-04-30,sh.601155,21.24660185,21.72050375,21.0096509,21.38877242,21.12022801,11784759,159721908.98,0.5225,1.2715,1,0
2025-05-06,sh.601155,21.54673972,21.72050375,20.94646398,20.99385417,21.38877242,18125600,244463432.2,0.8036,-1.8464,1,0
2025-05-07,sh.601155,21.6415201,22.02064162,20.86748033,20.93066725,20.99385417,19409000,262352345.6,0.8605,-0.301,1,0
2025-05-08,sh.601155,20.8516836,21.07283782,20.58313919,20.74110649,20.93066725,14715845,193406961.44,0.6524,-0.9057,1,0
2025-05-09,sh.601155,20.74110649,20.80429341,20.2198144,20.2198144,20.74110649,12390150,159973384.77,0.5493,-2.5133,1,0
2025-05-12,sh.601155,20.36198497,20.56734246,20.2198144,20.47256208,20.2198144,11434527,147975595.46,0.5069,1.25,1,0
2025-05-13,sh.601155,20.61473265,20.63052938,20.2198144,20.31459478,20.47256208,10113287,130472227.67,0.4484,-0.7716,1,0
2025-05-14,sh.601155,20.33039151,20.50415554,19.95126999,20.33039151,20.31459478,9463143,120951390.34,0.4195,0.0778,1,0
2025-05-15,sh.601155,20.29879805,20.61473265,19.82489615,19.87228634,20.33039151,12243264,156119519.47,0.5428,-2.2533,1,0
2025-05-16,sh.601155,19.98286345,20.18822094,19.7459125,20.0618471,19.87228634,8425465,106491335.93,0.3735,0.9539,1,0
2025-05-19,sh.601155,20.04605037,20.77269995,20.04605037,20.50415554,20.0618471,12953604,168099132.07,0.5743,2.2047,1,0
2025-05-20,sh.601155,20.47256208,20.51995227,20.0618471,20.3777817,20.50415554,12179599,156336597.55,0.54,-0.6163,1,0
2025-05-21,sh.601155,20.31459478,20.61473265,20.26720459,20.51995227,20.3777817,8035033,104089731.7,0.3562,0.6977,1,0
2025-05-22,sh.601155,20.45676535,20.45676535,19.9038798,20.0618471,20.51995227,11099101,141198961.67,0.4921,-2.2325,1,0
2025-05-23,sh.601155,19.99866018,20.09344056,19.7459125,19.7459125,20.0618471,7142884,90041534.44,0.3167,-1.5748,1,0
2025-05-26,sh.601155,19.80909942,19.87228634,19.63533539,19.71431904,19.7459125,6734600,84240963.87,0.2986,-0.16,1,0
2025-05-27,sh.601155,19.73011577,19.76170923,19.39838444,19.52475828,19.71431904,7684314,94903820.67,0.3407,-0.9615,1,0
2025-05-28,sh.601155,19.46157136,19.50896155,19.24041714,19.2720106,19.52475828,5834165,71463028.15,0.2586,-1.2945,1,0
2025-05-29,sh.601155,19.31940079,19.76170923,19.17723022,19.60374193,19.2720106,7663062,95044031.57,0.3397,1.7213,1,0
2025-05-30,sh.601155,19.7459125,20.04605037,19.5879452,19.9038798,19.60374193,8441258,106113447.6,0.3742,1.531,1,0
2025-06-03,sh.601155,19.77750596,20.03025364,19.63533539,19.7459125,19.9038798,5571800,69819718.44,0.247,-0.7937,1,0
2025-06-04,sh.601155,19.87228634,20.26720459,19.7459125,20.18822094,19.7459125,8368286,106383169.46,0.371,2.24,1,0
2025-06-05,sh.601155,20.2198144,21.0096509,20.20401767,20.96226071,20.18822094,18570862,243677531.76,0.8233,3.8341,1,0
2025-06-06,sh.601155,20.93066725,21.19921166,20.48835881,20.51995227,20.96226071,10117000,132279126.83,0.4485,-2.11,1,0
2025-06-09,sh.601155,20.59893592,20.6937163,20.25140786,20.40937516,20.51995227,11896791,153873836.0,0.5274,-0.5389,1,0
2025-06-10,sh.601155,20.67791957,21.46775607,20.63052938,21.05704109,20.40937516,23346088,313195141.51,1.035,3.1734,1,0
2025-06-11,sh.601155,21.12022801,21.40456915,20.97805744,21.18341493,21.05704109,10693116,143748281.82,0.4741,0.6002,1,0
2025-06-12,sh.601155,21.12022801,21.9574547,21.04124436,21.27819531,21.18341493,11761600,160067893.9,0.5214,0.4474,1,0
2025-06-13,sh.601155,21.21500839,21.49934953,21.05704109,21.19921166,21.27819531,9363383,125951046.86,0.4151,-0.3712,1,0
2025-06-16,sh.601155,21.29399204,22.41555987,21.24660185,22.02064162,21.19921166,26066566,363751585.15,1.1556,3.8748,1,0
2025-06-17,sh.601155,21.92586124,22.08382854,21.6415201,21.92586124,22.02064162,10173113,140722909.18,0.451,-0.4304,1,0
2025-06-18,sh.601155,21.92586124,22.08382854,21.34138223,21.4835528,21.92586124,6761111,92313189.23,0.2997,-2.0173,1,0
2025-06-19,sh.601155,21.45195934,21.60992664,21.15182147,21.19921166,21.4835528,6649400,89786446.76,0.2948,-1.3235,1,0
2025-06-20,sh.601155,21.19921166,21.84687759,21.19921166,21.4835528,21.19921166,8861594,121199034.22,0.3929,1.3413,1,0
2025-06-23,sh.601155,21.38877242,21.59412991,21.0096509,21.37297569,21.4835528,6545698,88471753.56,0.2902,-0.5147,1,0
2025-06-24,sh.601155,21.56253645,21.62572337,21.38877242,21.49934953,21.37297569,6031002,82143271.6,0.2674,0.5913,1,0
2025-06-25,sh.601155,21.54673972,22.33657622,21.54673972,22.14701546,21.49934953,12411128,172721534.4,0.5502,3.0125,1,0
2025-06-26,sh.601155,22.13121873,22.24179584,21.7994874,22.19440565,22.14701546,9438800,132089846.05,0.4185,0.214,1,0
2025-06-27,sh.601155,22.16281219,22.25759257,21.21500839,21.27819531,22.19440565,19305993,263901793.93,0.8559,-4.1281,1,0
2025-06-30,sh.601155,21.30978877,21.70470702,21.23080512,21.60992664,21.27819531,9051398,123288798.21,0.4013,1.559,1,0
2025-07-01,sh.601155,21.60992664,21.72050375,21.35717896,21.4835528,21.60992664,5739663,78081620.1,0.2545,-0.5848,1,0
2025-07-02,sh.601155,21.4835528,21.65731683,21.1676182,21.57833318,21.4835528,11001574,148620922.48,0.4877,0.4412,1,0
2025-07-03,sh.601155,21.42036588,21.86267432,21.24660185,21.27819531,21.57833318,8111009,110315992.77,0.3596,-1.3909,1,0
2025-07-04,sh.601155,21.27819531,21.42036588,21.13602474,21.18341493,21.27819531,6933763,93394788.56,0.3074,-0.4454,1,0
2025-07-07,sh.601155,21.15182147,22.2733893,21.15182147,21.98904816,21.18341493,22256600,310028128.62,0.9867,3.8031,1,0
2025-07-08,sh.601155,21.9574547,22.25759257,21.94165797,22.115422,21.98904816,15074744,210656745.98,0.6683,0.5747,1,0
2025-07-09,sh.601155,22.08382854,22.41555987,21.9574547,22.03643835,22.115422,9779176,136961066.06,0.4335,-0.3571,1,0
2025-07-10,sh.601155,22.00484489,23.88465576,21.98904816,23.58451789,22.03643835,39614276,582571863.53,1.7562,7.0251,1,0
2025-07-11,sh.601155,23.3791604,24.18479363,23.20539637,23.93204595,23.58451789,31884230,478422068.46,1.4135,1.4735,1,0
2025-07-14,sh.601155,23.695095,23.83726557,23.12641272,23.42655059,23.93204595,21552564,320009546.3,0.9555,-2.1122,1,0
2025-07-15,sh.601155,23.47394078,23.5371277,22.44715333,22.84207158,23.42655059,23101197,335176245.39,1.0242,-2.4949,1,0
2025-07-16,sh.601155,22.60512063,22.92105523,22.38396641,22.4313566,22.84207158,19029029,272144373.12,0.8436,-1.7981,1,0
2025-07-17,sh.601155,22.4313566,22.62091736,22.36816968,22.49454352,22.4313566,10638838,151455025.81,0.4717,0.2817,1,0
2025-07-18,sh.601155,22.51034025,22.7472912,22.46295006,22.71569774,22.49454352,8074965,115600019.2,0.358,0.9831,1,0
2025-07-21,sh.601155,22.76308793,23.11061599,22.60512063,22.69990101,22.71569774,14024570,202872245.45,0.6218,-0.0695,1,0
2025-07-22,sh.601155,22.73149447,22.93685196,22.24179584,22.9052585,22.69990101,17059933,244516162.52,0.7563,0.9047,1,0
2025-07-23,sh.601155,23.03163234,23.72668846,22.95264869,23.12641272,22.9052585,20916700,308571988.94,0.9273,0.9655,1,0
2025-07-24,sh.601155,23.12641272,23.96363941,22.9052585,23.56872116,23.12641272,18065475,269895392.47,0.8009,1.9126,1,0
2025-07-25,sh.601155,23.60031462,24.6428988,23.60031462,24.24798055,23.56872116,28468294,436138716.24,1.2621,2.882,1,0
2025-07-28,sh.601155,24.1689969,24.59550861,23.8530623,24.42174458,24.24798055,16453375,253171436.6,0.7294,0.7166,1,0
2025-07-29,sh.601155,24.40594785,25.03781705,24.18479363,24.6428988,24.42174458,16099871,251997034.99,0.7138,0.9056,1,0
2025-07-30,sh.601155,24.62710207,25.40114184,24.0110296,24.0110296,24.6428988,25283036,391472769.7,1.1209,-2.5641,1,0
2025-07-31,sh.601155,23.77407865,24.0110296,22.9052585,23.07902253,24.0110296,27372694,402244944.0,1.2135,-3.8816,1,0
2025-08-01,sh.601155,23.01583561,23.30017675,22.82627485,22.82627485,23.07902253,10751161,156621339.76,0.4766,-1.0951,1,0
2025-08-04,sh.601155,23.12641272,23.66350154,22.82627485,23.2211931,22.82627485,12831462,189478033.67,0.5689,1.7301,1,0
2025-08-05,sh.601155,23.17380291,23.77407865,23.15800618,23.61611135,23.2211931,11697826,173878928.72,0.5186,1.7007,1,0
2025-08-06,sh.601155,23.61611135,23.695095,23.36336367,23.52133097,23.61611135,10904144,162467776.04,0.4834,-0.4013,1,0
2025-08-07,sh.601155,23.50553424,24.99042686,23.44234732,24.97463013,23.52133097,21073707,325978559.36,0.9343,6.1786,1,0
2025-08-08,sh.601155,24.92723994,25.51171895,24.8008661,25.274768,24.97463013,15067753,240090836.22,0.668,1.2018,1,0
2025-08-11,sh.601155,25.17998762,25.65388952,25.08520724,25.21158108,25.274768,12968113,207662397.44,0.5749,-0.25,1,0
2025-08-12,sh.601155,25.24317454,25.65388952,25.1168007,25.22737781,25.21158108,9629916,154366800.09,0.4269,0.0627,1,0
2025-08-13,sh.601155,25.4327353,25.70127971,25.08520724,25.54331241,25.22737781,11444710,184051255.99,0.5074,1.2523,1,0
2025-08-14,sh.601155,25.66968625,26.5385064,25.06941051,25.17998762,25.54331241,18245920,296242716.05,0.8089,-1.4224,1,0
2025-08-15,sh.601155,25.24317454,26.2225718,25.03781705,25.85924701,25.17998762,15775410,258435824.95,0.6994,2.6976,1,0
2025-08-18,sh.601155,25.70127971,26.12779142,25.40114184,25.76446663,25.85924701,14363344,233423672.44,0.6368,-0.3665,1,0
2025-08-19,sh.601155,25.78026336,26.42792929,25.25897127,25.29056473,25.76446663,14432916,235584582.12,0.6399,-1.8394,1,0
2025-08-20,sh.601155,25.24317454,25.44853203,24.89564648,25.19578435,25.29056473,15921644,253279808.96,0.7059,-0.3748,1,0
2025-08-21,sh.601155,25.1168007,25.4327353,24.78506937,24.91144321,25.19578435,11908452,189146847.52,0.5279,-1.1285,1,0
2025-08-22,sh.601155,24.91144321,24.99042686,24.50072823,24.61130534,24.91144321,16729269,261292564.41,0.7417,-1.2048,1,0
2025-08-25,sh.601155,25.02202032,26.00141758,24.86405302,25.16419089,24.61130534,35544235,572104868.5,1.5758,2.2465,1,0
2025-08-26,sh.601155,24.97463013,25.00622359,24.3269642,24.4849315,25.16419089,27376461,425605603.6,1.2137,-2.6993,1,0
2025-08-27,sh.601155,24.45333804,24.62710207,23.41075386,23.42655059,24.4849315,28445713,432567061.57,1.2611,-4.3226,1,0
2025-08-28,sh.601155,23.55292443,23.8530623,22.95264869,23.3791604,23.42655059,16816481,249127050.16,0.7455,-0.2023,1,0
2025-08-29,sh.601155,23.82146884,23.94784268,23.2211931,23.42655059,23.3791604,25912816,387220474.92,1.1488,0.2027,1,0
2025-09-01,sh.601155,23.58451789,23.77407865,23.00003888,23.2211931,23.42655059,20145513,297703242.32,0.8931,-0.8766,1,0
2025-09-02,sh.601155,23.23698983,23.31597348,22.46295006,22.57352717,23.2211931,19629447,282770908.49,0.8702,-2.7891,1,0
2025-09-03,sh.601155,22.73149447,22.81047812,21.84687759,21.94165797,22.57352717,18839893,264572495.94,0.8352,-2.7992,1,0
2025-09-04,sh.601155,21.91006451,22.21020238,21.56253645,21.97325143,21.94165797,16596820,230688549.6,0.7358,0.144,1,0
2025-09-05,sh.601155,21.98904816,22.98424215,21.98904816,22.39976314,21.97325143,28153534,401046622.11,1.2481,1.941,1,0
2025-09-08,sh.601155,22.65251082,22.85786831,22.13121873,22.51034025,22.39976314,30185669,428422527.06,1.3382,0.4937,1,0
2025-09-09,sh.601155,22.4313566,23.72668846,22.36816968,23.5371277,22.51034025,48363883,713024499.12,2.1441,4.5614,1,0
2025-09-10,sh.601155,23.30017675,23.5371277,22.79468139,23.42655059,23.5371277,26238112,384749317.9,1.1632,-0.4698,1,0
2025-09-11,sh.601155,23.18959964,23.94784268,23.03163234,23.83726557,23.42655059,20943280,312539422.23,0.9285,1.7532,1,0
2025-09-12,sh.601155,23.94784268,24.59550861,23.78987538,24.50072823,23.83726557,34991346,537414102.29,1.5513,2.7833,1,0
2025-09-15,sh.601155,24.59550861,24.70608572,23.63190808,24.4849315,24.50072823,22842766,349297768.44,1.0127,-0.0645,1,0
2025-09-16,sh.601155,24.35855766,24.6428988,24.09001325,24.54811842,24.4849315,14505868,223836996.63,0.6431,0.2581,1,0
2025-09-17,sh.601155,24.50072823,25.29056473,24.21638709,25.274768,24.54811842,18950308,299022871.35,0.8401,2.9601,1,0
2025-09-18,sh.601155,25.1168007,25.1168007,23.83726557,23.97943614,25.274768,19980934,308958133.35,0.8858,-5.125,1,0
2025-09-19,sh.601155,24.3269642,25.06941051,23.8530623,24.89564648,23.97943614,23777822,367991150.78,1.0542,3.8208,1,0
2025-09-22,sh.601155,24.40594785,25.5907026,24.29537074,25.54331241,24.89564648,32579474,520557341.19,1.4444,2.6015,1,0
2025-09-23,sh.601155,25.274768,25.46432876,24.40594785,24.62710207,25.54331241,20492968,321706438.21,0.9085,-3.5869,1,0
2025-09-24,sh.601155,24.65869553,25.4327353,24.3269642,24.86405302,24.62710207,19241395,304652790.87,0.853,0.9622,1,0
2025-09-25,sh.601155,24.81666283,24.99042686,24.43754131,24.73767918,24.86405302,14636235,229112939.29,0.6489,-0.5083,1,0
2025-09-26,sh.601155,24.73767918,25.81185682,24.54811842,25.19578435,24.73767918,21660669,347797834.44,0.9603,1.8519,1,0
2025-09-29,sh.601155,25.274768,25.65388952,24.72188245,25.44853203,25.19578435,15772506,252490474.54,0.6993,1.0031,1,0
2025-09-30,sh.601155,25.49592222,25.82765355,25.17998762,25.66968625,25.44853203,18624311,300570592.82,0.8257,0.869,1,0
2025-10-09,sh.601155,25.274768,25.4327353,23.90045249,24.20059036,25.66968625,35715454,548607473.23,1.5834,-5.7231,1,0
2025-10-10,sh.601155,24.10580998,24.70608572,23.82146884,24.35855766,24.20059036,22923328,351105099.6,1.0163,0.6527,1,0
2025-10-13,sh.601155,23.66350154,24.1689969,23.56872116,23.77407865,24.35855766,15452554,232772461.02,0.6851,-2.3995,1,0
2025-10-14,sh.601155,23.80567211,24.3269642,23.60031462,23.67929827,23.77407865,14584353,221014580.47,0.6466,-0.3987,1,0
2025-10-15,sh.601155,23.60031462,24.07421652,23.33177021,23.72668846,23.67929827,13460392,201577132.36,0.5967,0.2001,1,0
2025-10-16,sh.601155,23.72668846,23.72668846,22.9052585,23.44234732,23.72668846,10621103,157708442.51,0.4709,-1.1984,1,0
2025-10-17,sh.601155,23.50553424,23.96363941,22.95264869,23.04742907,23.44234732,12312321,182398590.07,0.5459,-1.6846,1,0
2025-10-20,sh.601155,23.15800618,23.58451789,22.95264869,23.23698983,23.04742907,9643814,142487162.4,0.4275,0.8225,1,0
2025-10-21,sh.601155,23.25278656,24.15320017,23.04742907,23.75828192,23.23698983,19001087,285984678.59,0.8424,2.2434,1,0
2025-10-22,sh.601155,23.74248519,23.99523287,23.56872116,23.71089173,23.75828192,7424268,111696317.26,0.3291,-0.1995,1,0
2025-10-23,sh.601155,23.82146884,23.8530623,23.20539637,23.45814405,23.71089173,9414716,139260542.14,0.4174,-1.066,1,0
2025-10-24,sh.601155,23.47394078,23.67929827,23.34756694,23.63190808,23.45814405,8983475,133796695.37,0.3983,0.7407,1,0
2025-10-27,sh.601155,23.64770481,23.78987538,22.39976314,22.47874679,23.63190808,26480310,382759651.03,1.174,-4.8797,1,0
2025-10-28,sh.601155,22.49454352,22.69990101,21.54673972,21.91006451,22.47874679,26496904,369302982.1,1.1747,-2.5299,1,0
2025-10-29,sh.601155,21.78369067,22.63671409,21.75209721,22.4313566,21.91006451,20599923,291455381.17,0.9133,2.3792,1,0
2025-10-30,sh.601155,22.115422,22.55773044,22.05223508,22.38396641,22.4313566,12555385,176784317.87,0.5566,-0.2113,1,0
2025-10-31,sh.601155,22.32077949,22.65251082,22.13121873,22.38396641,22.38396641,14069133,199522043.16,0.6237,0.0,1,0
2025-11-03,sh.601155,22.25759257,22.5893239,22.02064162,22.09962527,22.38396641,15754651,222489327.98,0.6985,-1.2703,1,0
2025-11-04,sh.601155,22.22599911,22.7472912,22.14701546,22.55773044,22.09962527,19612373,278900877.72,0.8695,2.0729,1,0
2025-11-05,sh.601155,22.55773044,22.66830755,22.21020238,22.32077949,22.55773044,10558700,149790235.29,0.4681,-1.0504,1,0
2025-11-06,sh.601155,22.33657622,22.44715333,22.00484489,22.09962527,22.32077949,14198236,199330537.95,0.6295,-0.9908,1,0
2025-11-07,sh.601155,22.51034025,22.57352717,21.78369067,21.84687759,22.09962527,20131949,282811796.29,0.8925,-1.1437,1,0
2025-11-10,sh.601155,21.4835528,23.26858329,21.4835528,23.15800618,21.84687759,32478980,462092229.94,1.4399,6.0014,1,0
2025-11-11,sh.601155,23.00003888,23.8530623,22.96844542,23.64770481,23.15800618,21556899,319357064.07,0.9557,2.1146,1,0
2025-11-12,sh.601155,23.61611135,23.96363941,23.47394078,23.61611135,23.64770481,14172335,212829127.23,0.6283,-0.1336,1,0
2025-11-13,sh.601155,23.48973751,24.13740344,23.25278656,23.99523287,23.61611135,12262878,183983856.5,0.5437,1.6054,1,0
2025-11-14,sh.601155,23.94784268,24.34276093,23.18959964,23.18959964,23.99523287,16726846,251235792.3,0.7416,-3.3575,1,0
2025-11-17,sh.601155,23.25278656,23.77407865,23.07902253,23.50553424,23.18959964,13761461,204479725.71,0.6101,1.3624,1,0
2025-11-18,sh.601155,23.42655059,23.52133097,22.65251082,23.14220945,23.50553424,13862345,202263901.73,0.6146,-1.5457,1,0
2025-11-19,sh.601155,23.01583561,23.18959964,22.81047812,22.88946177,23.14220945,9278821,135103199.13,0.4114,-1.0922,1,0
2025-11-20,sh.601155,22.96844542,24.62710207,22.51034025,24.53232169,22.88946177,39840404,599407563.34,1.7663,7.1774,1,0
2025-11-21,sh.601155,24.35855766,24.70608572,24.09001325,24.26377728,24.53232169,25909739,400183193.24,1.1487,-1.0947,1,0
2025-11-24,sh.601155,24.13740344,24.46913477,23.86885903,24.0110296,24.26377728,20031444,306399977.62,0.8881,-1.0417,1,0
2025-11-25,sh.601155,24.0110296,24.67449226,23.71089173,24.0110296,24.0110296,14931443,228050892.77,0.662,0.0,1,0
2025-11-26,sh.601155,23.93204595,24.27957401,23.30017675,23.44234732,24.0110296,12746278,190900238.29,0.5651,-2.3684,1,0
2025-11-27,sh.601155,23.17380291,23.42655059,22.39976314,23.23698983,23.44234732,27768224,405449623.97,1.2311,-0.876,1,0
2025-11-28,sh.601155,23.0632258,23.72668846,22.84207158,23.55292443,23.23698983,12039692,177519382.97,0.5338,1.3596,1,0
2025-12-01,sh.601155,24.6428988,24.8008661,23.75828192,23.94784268,23.55292443,27474819,421107900.95,1.2181,1.6767,1,0
2025-12-02,sh.601155,24.09001325,24.12160671,23.61611135,23.8530623,23.94784268,16030667,241922143.43,0.7107,-0.3958,1,0
2025-12-03,sh.601155,23.88465576,23.91624922,23.25278656,23.30017675,23.8530623,13143504,195946201.81,0.5827,-2.3179,1,0
2025-12-04,sh.601155,23.48973751,23.94784268,22.93685196,22.96844542,23.30017675,14273389,210276432.54,0.6328,-1.4237,1,0
2025-12-05,sh.601155,22.96844542,23.12641272,22.25759257,22.98424215,22.96844542,16134448,231989787.78,0.7153,0.0688,1,0
2025-12-08,sh.601155,23.15800618,23.18959964,22.62091736,22.69990101,22.98424215,10757218,155063933.7,0.4769,-1.2371,1,0
2025-12-09,sh.601155,22.57352717,22.73149447,21.65731683,21.86267432,22.69990101,30216771,421413147.97,1.3396,-3.6882,1,0
2025-12-10,sh.601155,21.86267432,22.81047812,21.56253645,22.28918603,21.86267432,25409244,356132618.89,1.1265,1.9509,1,0
2025-12-11,sh.601155,22.14701546,22.32077949,21.84687759,21.97325143,22.28918603,15002939,209229799.29,0.6651,-1.4174,1,0
2025-12-12,sh.601155,22.17860892,22.33657622,21.78369067,21.7994874,21.97325143,14207428,198281087.12,0.6299,-0.7908,1,0
2025-12-15,sh.601155,21.7994874,22.36816968,21.7994874,21.97325143,21.7994874,13569205,190114557.33,0.6016,0.7971,1,0
2025-12-16,sh.601155,22.00484489,22.54193371,21.6415201,22.21020238,21.97325143,14971559,211581610.66,0.6637,1.0784,1,0
2025-12-17,sh.601155,22.115422,22.55773044,21.9574547,22.35237295,22.21020238,12846277,180980842.65,0.5695,0.6401,1,0
2025-12-18,sh.601155,22.35237295,22.55773044,21.83108086,21.9574547,22.35237295,13707642,192012130.38,0.6077,-1.7668,1,0
2025-12-19,sh.601155,21.9574547,22.96844542,21.76789394,22.41555987,21.9574547,24369781,347418630.1,1.0804,2.0863,1,0
2025-12-22,sh.601155,22.44715333,22.68410428,22.14701546,22.55773044,22.41555987,10226190,145381105.4,0.4534,0.6342,1,0
2025-12-23,sh.601155,22.51034025,22.62091736,22.16281219,22.32077949,22.55773044,7172227,101602609.97,0.318,-1.0504,1,0
2025-12-24,sh.601155,22.38396641,22.66830755,22.22599911,22.25759257,22.32077949,9131742,129457952.71,0.4048,-0.2831,1,0
2025-12-25,sh.601155,22.33657622,22.46295006,22.06803181,22.2733893,22.25759257,7837000,110402836.0,0.3474,0.071,1,0
2025-12-26,sh.601155,22.14701546,22.46295006,22.08382854,22.25759257,22.2733893,6970790,98394929.1,0.309,-0.0709,1,0
2025-12-29,sh.601155,22.2733893,22.39976314,22.03643835,22.06803181,22.25759257,8420383,118113507.51,0.3733,-0.8517,1,0
2025-12-30,sh.601155,21.92586124,22.05223508,21.65731683,21.68891029,22.06803181,13091575,180565669.25,0.5804,-1.718,1,0
2025-12-31,sh.601155,21.81528413,22.16281219,21.67311356,22.03643835,21.68891029,11673569,162274251.15,0.5175,1.6023,1,0
