date,code,open,high,low,close,preclose,volume,amount,turn,pctChg,tradestatus,isST
2021-01-04,sh.600998,18.85445656,18.85445656,18.4806898,18.688338,18.85445656,7536704,135348033.95,0.4022,-0.8811,1,0
2021-01-05,sh.600998,18.63642595,18.87522138,18.53260185,18.87522138,18.688338,8475458,153010344.27,0.4523,1.0,1,0
2021-01-06,sh.600998,18.88560379,18.97904548,18.44954257,18.60527872,18.87522138,7797872,140117160.76,0.4162,-1.4301,1,0
2021-01-07,sh.600998,18.56374908,18.9998103,18.17959991,18.75063246,18.60527872,12380114,221574270.35,0.6607,0.7813,1,0
2021-01-08,sh.600998,18.5845139,18.67795559,18.0653934,18.43916016,18.75063246,10045696,177000987.73,0.5361,-1.6611,1,0
2021-01-11,sh.600998,18.59489631,18.77139728,18.44954257,18.65719077,18.43916016,7626864,137004273.18,0.407,1.1824,1,0
2021-01-12,sh.600998,18.65719077,18.82330933,18.52221944,18.74025005,18.65719077,8396309,151306060.39,0.4481,0.4452,1,0
2021-01-13,sh.600998,18.72986764,18.72986764,18.04462858,18.2730416,18.74025005,8998665,158202749.88,0.4802,-2.4931,1,0
2021-01-14,sh.600998,18.18998232,18.688338,18.13807027,18.55336667,18.2730416,7925898,141482984.89,0.423,1.5341,1,0
2021-01-15,sh.600998,18.62604354,18.7921621,18.2730416,18.28342401,18.55336667,5565992,99282436.63,0.297,-1.455,1,0
2021-01-18,sh.600998,18.29380642,19.3112826,18.17959991,19.1036344,18.28342401,15669869,285602890.47,0.8363,4.4861,1,0
2021-01-19,sh.600998,19.05172235,19.59160767,18.88560379,19.46701875,19.1036344,12456824,232222597.63,0.6648,1.9022,1,0
2021-01-20,sh.600998,19.42548911,19.59160767,19.28013537,19.38395947,19.46701875,7513536,140630862.66,0.401,-0.4267,1,0
2021-01-21,sh.600998,19.52931321,19.73696141,19.33204742,19.57084285,19.38395947,9403784,176843724.77,0.5019,0.9641,1,0
2021-01-22,sh.600998,19.63313731,20.08996335,19.44625393,19.96537443,19.57084285,10045507,192241790.22,0.5361,2.0159,1,0
2021-01-25,sh.600998,19.95499202,20.1418754,19.25937055,19.48778357,19.96537443,12628882,238054811.07,0.674,-2.3921,1,0
2021-01-26,sh.600998,19.47740116,19.52931321,19.04133994,19.37357706,19.48778357,7262636,134905237.71,0.3876,-0.586,1,0
2021-01-27,sh.600998,19.26975296,19.44625393,18.9998103,19.14516404,19.37357706,6828576,126083956.38,0.3644,-1.179,1,0
2021-01-28,sh.600998,19.15554645,19.82002069,18.97904548,19.59160767,19.14516404,13308219,249617374.36,0.7102,2.3319,1,0
2021-01-29,sh.600998,19.6227549,20.12111058,19.3112826,19.63313731,19.59160767,11782651,223429671.83,0.6288,0.212,1,0
2021-02-01,sh.600998,19.73696141,20.2456995,19.32166501,19.59160767,19.63313731,10471096,199036192.61,0.5588,-0.2115,1,0
2021-02-02,sh.600998,19.42548911,19.42548911,18.45992498,18.60527872,19.59160767,14857834,268593243.83,0.7929,-5.0344,1,0
2021-02-03,sh.600998,18.49107221,18.7921621,18.11730545,18.50145462,18.60527872,7886077,140419573.71,0.4209,-0.558,1,0
2021-02-04,sh.600998,18.31457124,18.50145462,17.650097,17.7539211,18.50145462,9775661,169226130.55,0.5217,-4.0404,1,0
2021-02-05,sh.600998,17.79545074,17.84736279,16.8195042,17.80583315,17.7539211,12076906,202608247.65,0.6445,0.2924,1,0
2021-02-08,sh.600998,17.650097,17.95118689,17.34900711,17.42168398,17.80583315,7290293,123672735.39,0.3891,-2.1574,1,0
2021-02-09,sh.600998,17.59818495,17.8577452,17.24518301,17.74353869,17.42168398,6332239,107225037.58,0.3379,1.8474,1,0
2021-02-10,sh.600998,17.78506833,17.98233412,17.58780254,17.80583315,17.74353869,4060336,69628105.88,0.2167,0.3511,1,0
2021-02-18,sh.600998,17.95118689,18.11730545,17.77468592,18.02386376,17.80583315,6050423,104699715.6,0.3229,1.2245,1,0
2021-02-19,sh.600998,17.82659797,18.2730416,17.82659797,18.24189437,18.02386376,4542621,79181859.44,0.2424,1.2097,1,0
2021-02-22,sh.600998,18.24189437,18.33533606,18.10692304,18.11730545,18.24189437,5865771,102822778.89,0.313,-0.683,1,0
2021-02-23,sh.600998,18.14845268,18.21074714,17.76430351,17.81621556,18.11730545,4702747,81139584.19,0.251,-1.6619,1,0
2021-02-24,sh.600998,17.82659797,18.01348135,17.70200905,17.80583315,17.81621556,5433719,93447457.27,0.29,-0.0583,1,0
2021-02-25,sh.600998,17.81621556,17.84736279,17.26594783,17.48397844,17.80583315,8521971,143060425.47,0.4548,-1.8076,1,0
2021-02-26,sh.600998,17.41130157,17.61894977,17.29709506,17.51512567,17.48397844,5127195,86457122.62,0.2736,0.1781,1,0
2021-03-01,sh.600998,17.55665531,17.72277387,17.39053675,17.66047941,17.51512567,4292519,72802753.44,0.2291,0.8299,1,0
2021-03-02,sh.600998,17.70200905,17.7539211,17.46321362,17.61894977,17.66047941,3114290,52737803.66,0.1662,-0.2352,1,0
2021-03-03,sh.600998,17.55665531,17.9615693,17.51512567,17.89927484,17.61894977,4100680,70279806.15,0.2188,1.591,1,0
2021-03-04,sh.600998,17.89927484,18.11730545,17.77468592,17.95118689,17.89927484,4827049,83595724.23,0.2576,0.29,1,0
2021-03-05,sh.600998,17.90965725,18.3768657,17.80583315,18.30418883,17.95118689,6680199,116875820.2,0.3565,1.9665,1,0
2021-03-08,sh.600998,18.36648329,18.7921621,18.2730416,18.45992498,18.30418883,8943791,160061664.58,0.4773,0.8508,1,0
2021-03-09,sh.600998,18.3768657,18.62604354,18.13807027,18.17959991,18.45992498,5467467,97054364.97,0.2918,-1.5186,1,0
2021-03-10,sh.600998,18.2730416,18.67795559,18.02386376,18.53260185,18.17959991,4617742,81868381.36,0.2464,1.9417,1,0
2021-03-11,sh.600998,18.44954257,18.65719077,18.29380642,18.56374908,18.53260185,4733056,84186047.45,0.2526,0.1681,1,0
2021-03-12,sh.600998,18.5845139,18.72986764,18.42877775,18.59489631,18.56374908,4649795,83244663.95,0.2481,0.1678,1,0
2021-03-15,sh.600998,18.61566113,18.74025005,18.38724811,18.61566113,18.59489631,4033800,72030379.94,0.2153,0.1117,1,0
2021-03-16,sh.600998,18.5845139,18.87522138,18.42877775,18.75063246,18.61566113,5148059,92429455.08,0.2747,0.725,1,0
2021-03-17,sh.600998,18.74025005,18.83369174,18.64680836,18.77139728,18.75063246,3607634,65053555.81,0.1925,0.1107,1,0
2021-03-18,sh.600998,18.71948523,19.2074585,18.71948523,19.05172235,18.77139728,6324568,116067909.44,0.3375,1.4934,1,0
2021-03-19,sh.600998,18.90636861,19.29051778,18.8959862,19.12439922,19.05172235,5644145,103936043.41,0.3012,0.3815,1,0
2021-03-22,sh.600998,19.12439922,19.36319465,18.688338,18.78177969,19.12439922,5796100,105275006.0,0.3093,-1.7915,1,0
2021-03-23,sh.600998,18.77139728,18.97904548,18.42877775,18.61566113,18.78177969,5169913,93161758.03,0.2759,-0.8845,1,0
2021-03-24,sh.600998,18.5845139,18.72986764,18.3768657,18.53260185,18.61566113,3243120,57970894.18,0.1731,-0.4462,1,0
2021-03-25,sh.600998,18.50145462,18.74025005,18.43916016,18.66757318,18.53260185,3101150,55589206.5,0.1655,0.7283,1,0
2021-03-26,sh.600998,18.688338,18.76101487,18.53260185,18.57413149,18.66757318,3559026,63882372.26,0.1899,-0.5006,1,0
2021-03-29,sh.600998,18.5845139,18.62604354,18.11730545,18.4806898,18.57413149,4776629,84718572.11,0.2549,-0.5031,1,0
2021-03-30,sh.600998,18.4806898,18.54298426,18.25227678,18.28342401,18.4806898,5759647,101818488.67,0.3074,-1.0674,1,0
2021-03-31,sh.600998,18.35610088,18.90636861,18.2730416,18.74025005,18.28342401,6763528,121667546.76,0.361,2.4986,1,0
2021-04-01,sh.600998,18.688338,18.81292692,18.56374908,18.72986764,18.74025005,3368766,60696361.82,0.1798,-0.0554,1,0
2021-04-02,sh.600998,18.77139728,18.77139728,18.44954257,18.4806898,18.72986764,3097497,55391619.6,0.1653,-1.3304,1,0
2021-04-06,sh.600998,18.62604354,18.62604354,18.2730416,18.3768657,18.4806898,3250182,57532095.8,0.1735,-0.5618,1,0
2021-04-07,sh.600998,18.3768657,18.51183703,18.31457124,18.42877775,18.3768657,2611245,46319205.76,0.1394,0.2825,1,0
2021-04-08,sh.600998,18.40801293,18.42877775,18.22112955,18.2730416,18.42877775,2937070,51832836.0,0.1567,-0.8451,1,0
2021-04-09,sh.600998,18.35610088,18.4806898,18.18998232,18.31457124,18.2730416,2772823,48951132.37,0.148,0.2273,1,0
2021-04-12,sh.600998,18.33533606,18.49107221,17.98233412,18.02386376,18.31457124,4163831,72844838.17,0.2222,-1.5873,1,0
2021-04-13,sh.600998,17.9615693,18.10692304,17.82659797,17.94080448,18.02386376,3482891,60148943.84,0.1859,-0.4608,1,0
2021-04-14,sh.600998,18.01348135,18.11730545,17.80583315,17.97195171,17.94080448,2445194,42352791.12,0.1305,0.1736,1,0
2021-04-15,sh.600998,17.8577452,18.08615822,17.81621556,18.05501099,17.97195171,2128363,36829722.39,0.1136,0.4622,1,0
2021-04-16,sh.600998,18.05501099,18.14845268,17.90965725,17.99271653,18.05501099,2871456,49809872.35,0.1532,-0.345,1,0
2021-04-19,sh.600998,17.99271653,18.1692175,17.90965725,18.09654063,17.99271653,2651542,46182569.79,0.1415,0.577,1,0
2021-04-20,sh.600998,18.09654063,18.30418883,18.02386376,18.07577581,18.09654063,2386953,41650819.69,0.1274,-0.1147,1,0
2021-04-21,sh.600998,18.08615822,18.14845268,17.88889243,18.02386376,18.07577581,2480357,43039726.68,0.1324,-0.2872,1,0
2021-04-22,sh.600998,18.10692304,18.18998232,17.92003966,18.01348135,18.02386376,2584053,44894257.37,0.1379,-0.0576,1,0
2021-04-23,sh.600998,18.10692304,18.14845268,17.83698038,18.05501099,18.01348135,3005848,52099588.36,0.1604,0.2305,1,0
2021-04-26,sh.600998,18.02386376,18.53260185,18.02386376,18.43916016,18.05501099,7802475,137740387.21,0.4164,2.1277,1,0
2021-04-27,sh.600998,18.4806898,18.4806898,17.59818495,17.72277387,18.43916016,9448716,162427488.4,0.5043,-3.8851,1,0
2021-04-28,sh.600998,17.62933218,17.73315628,17.39053675,17.56703772,17.72277387,4284547,72521386.84,0.2287,-0.8787,1,0
2021-04-29,sh.600998,17.56703772,17.70200905,17.4424488,17.55665531,17.56703772,3857744,65275835.78,0.2059,-0.0591,1,0
2021-04-30,sh.600998,17.5462729,17.650097,17.46321362,17.59818495,17.55665531,3077531,52101101.46,0.1642,0.2365,1,0
2021-05-06,sh.600998,17.61894977,17.70200905,17.11021168,17.32824229,17.59818495,6490659,107862939.41,0.3464,-1.5339,1,0
2021-05-07,sh.600998,17.29709506,17.68124423,17.14135891,17.41130157,17.32824229,4724193,79462900.29,0.2521,0.4793,1,0
2021-05-10,sh.600998,17.42168398,17.61894977,17.19327096,17.24518301,17.41130157,3386894,56694029.05,0.1808,-0.9541,1,0
2021-05-11,sh.600998,17.16212373,17.46321362,17.14135891,17.40091916,17.24518301,3942532,65692113.0,0.2104,0.9031,1,0
2021-05-12,sh.600998,17.41130157,17.60856736,17.30747747,17.55665531,17.40091916,4059647,68549281.62,0.2167,0.895,1,0
2021-05-13,sh.600998,17.41130157,17.68124423,17.36977193,17.5462729,17.55665531,3266121,55194858.82,0.1743,-0.0591,1,0
2021-05-14,sh.600998,17.5462729,17.68124423,17.46321362,17.55665531,17.5462729,4840755,82061172.13,0.2583,0.0592,1,0
2021-05-17,sh.600998,17.58780254,17.70200905,17.50474326,17.53589049,17.55665531,4425538,75027550.03,0.2362,-0.1183,1,0
2021-05-18,sh.600998,17.53589049,17.58780254,17.3386247,17.35938952,17.53589049,2556540,42859988.01,0.1364,-1.0065,1,0
2021-05-19,sh.600998,17.39053675,17.43206639,17.20365337,17.28671265,17.35938952,2752542,45850193.01,0.1469,-0.4187,1,0
2021-05-20,sh.600998,17.28671265,17.77468592,17.21403578,17.69162664,17.28671265,4905974,82869676.12,0.2618,2.3423,1,0
2021-05-21,sh.600998,17.650097,17.88889243,17.51512567,17.51512567,17.69162664,2948622,50142509.68,0.1574,-0.9977,1,0
2021-05-24,sh.600998,17.40091916,17.55665531,17.32824229,17.46321362,17.51512567,3585914,60106014.17,0.1914,-0.2964,1,0
2021-05-25,sh.600998,17.52550808,17.70200905,17.4424488,17.60856736,17.46321362,5683177,96191149.17,0.3033,0.8323,1,0
2021-05-26,sh.600998,17.650097,17.89927484,17.56703772,17.66047941,17.60856736,4612195,78438749.04,0.2461,0.2948,1,0
2021-05-27,sh.600998,17.71239146,17.87851002,17.63971459,17.80583315,17.66047941,5990922,102556538.83,0.3197,0.823,1,0
2021-05-28,sh.600998,17.79545074,17.88889243,17.650097,17.74353869,17.80583315,4118491,70299863.99,0.2198,-0.3499,1,0
2021-05-31,sh.600998,17.70200905,17.94080448,17.70200905,17.80583315,17.74353869,3144858,53977094.48,0.1678,0.3511,1,0
2021-06-01,sh.600998,17.8577452,17.88889243,17.63971459,17.79545074,17.80583315,3581880,61171110.11,0.1912,-0.0583,1,0
2021-06-02,sh.600998,17.72277387,17.7539211,17.55665531,17.56703772,17.79545074,3110994,52839279.3,0.166,-1.2835,1,0
2021-06-03,sh.600998,17.55665531,17.68124423,17.45283121,17.46321362,17.56703772,2549769,43070742.19,0.1361,-0.591,1,0
2021-06-04,sh.600998,17.4424488,17.63971459,17.3386247,17.5462729,17.46321362,2766241,46686608.95,0.1476,0.4756,1,0
2021-06-07,sh.600998,17.56703772,17.67086182,17.47359603,17.63971459,17.5462729,2488916,42111466.15,0.1328,0.5325,1,0
2021-06-08,sh.600998,17.62933218,17.76430351,17.49436085,17.58780254,17.63971459,3615079,61367181.8,0.1929,-0.2943,1,0
2021-06-09,sh.600998,17.53589049,17.68124423,17.46321362,17.47359603,17.58780254,4576401,77477983.0,0.2442,-0.6494,1,0
2021-06-10,sh.600998,17.650097,17.650097,17.34900711,17.36977193,17.47359603,5620450,94583168.7,0.2999,-0.5942,1,0
2021-06-11,sh.600998,17.36977193,17.45283121,17.14135891,17.16212373,17.36977193,10106147,167759883.63,0.5393,-1.1955,1,0
2021-06-15,sh.600998,17.21403578,17.25556542,16.82988661,16.98562276,17.16212373,5666333,92586707.34,0.3024,-1.0284,1,0
2021-06-16,sh.600998,16.90256348,17.07906445,16.8195042,16.91294589,16.98562276,4438931,72286083.18,0.2369,-0.4279,1,0
2021-06-17,sh.600998,17.0092916,17.0521092,16.3563232,16.6774552,16.912952,7532095,117130507.2,0.402,-1.3924,1,0
2021-06-18,sh.600998,16.5168892,16.6667508,16.217166,16.3991408,16.6774552,6116792,93782677.91,0.3264,-1.6688,1,0
2021-06-21,sh.600998,16.3991408,16.538298,16.3456188,16.3670276,16.3991408,3737070,57226178.62,0.1994,-0.1958,1,0
2021-06-22,sh.600998,16.484776,16.484776,16.1422352,16.3028012,16.3670276,4608382,70039594.35,0.2459,-0.3924,1,0
2021-06-23,sh.600998,16.3884364,16.4205496,16.0458956,16.110122,16.3028012,8225066,124170924.4,0.439,-1.1819,1,0
2021-06-24,sh.600998,16.0887132,16.1850528,16.0458956,16.1422352,16.110122,5371191,80784631.6,0.2866,0.1993,1,0
2021-06-25,sh.600998,16.1315308,16.163644,15.9388516,16.0566,16.1422352,6998984,104935396.73,0.3735,-0.5305,1,0
2021-06-28,sh.600998,16.1422352,16.270688,15.842512,16.2599836,16.0566,9344341,141101274.57,0.4987,1.2667,1,0
2021-06-29,sh.600998,16.217166,16.3135056,16.0137824,16.0566,16.2599836,4287486,64614406.81,0.2288,-1.2508,1,0
2021-06-30,sh.600998,16.0780088,16.5597068,16.0137824,16.4526628,16.0566,7211786,110175785.27,0.3849,2.4667,1,0
2021-07-01,sh.600998,16.4098452,16.5811156,16.32421,16.4954804,16.4526628,4419601,67891793.57,0.2359,0.2602,1,0
2021-07-02,sh.600998,16.4633672,16.59182,16.0887132,16.2064616,16.4954804,6528117,99549381.15,0.3484,-1.7521,1,0
2021-07-05,sh.600998,16.163644,16.270688,15.9067384,15.9816692,16.2064616,4751660,71264128.0,0.2536,-1.3871,1,0
2021-07-06,sh.600998,15.9816692,16.2064616,15.9067384,15.9709648,15.9816692,5153346,77127204.68,0.275,-0.067,1,0
2021-07-07,sh.600998,15.9709648,16.110122,15.949556,16.0244868,15.9709648,3114952,46624558.82,0.1662,0.3351,1,0
2021-07-08,sh.600998,16.0458956,16.0566,15.7782856,15.8746252,16.0244868,4190169,62106205.63,0.2236,-0.9352,1,0
2021-07-09,sh.600998,15.7996944,15.9709648,15.6391284,15.9388516,15.8746252,3356944,49577776.24,0.1792,0.4046,1,0
2021-07-12,sh.600998,15.9923736,16.0244868,15.8103988,15.8532164,15.9388516,3594394,53404400.0,0.1918,-0.5373,1,0
2021-07-13,sh.600998,15.8532164,15.9067384,15.735468,15.8318076,15.8532164,3602039,53190034.61,0.1922,-0.135,1,0
2021-07-14,sh.600998,15.8211032,15.9816692,15.7461724,15.9067384,15.8318076,5691134,84302591.72,0.3037,0.4733,1,0
2021-07-15,sh.600998,15.842512,15.842512,15.6391284,15.7568768,15.9067384,4227737,62140063.81,0.2256,-0.9421,1,0
2021-07-16,sh.600998,15.7033548,15.7675812,15.574902,15.5963108,15.7568768,4824874,70470443.82,0.2575,-1.019,1,0
2021-07-19,sh.600998,15.5427888,15.6605372,15.414336,15.628424,15.5963108,3895172,56601024.51,0.2079,0.2059,1,0
2021-07-20,sh.600998,15.628424,15.8853296,15.5534932,15.735468,15.628424,4059748,59812488.94,0.2167,0.6849,1,0
2021-07-21,sh.600998,15.735468,15.8318076,15.5320844,15.5963108,15.735468,3539607,51602907.15,0.1889,-0.8844,1,0
2021-07-22,sh.600998,15.5856064,15.6391284,15.4357448,15.4785624,15.5963108,3829935,55452167.79,0.2044,-0.755,1,0
2021-07-23,sh.600998,15.4571536,15.4571536,15.0503864,15.3179964,15.4785624,7300700,103814787.0,0.3896,-1.0373,1,0
2021-07-26,sh.600998,15.25377,15.2965876,14.8470028,14.879116,15.3179964,5705976,79913896.23,0.3045,-2.8651,1,0
2021-07-27,sh.600998,14.8577072,14.9754556,14.665028,14.8684116,14.879116,4633033,64097197.29,0.2473,-0.0719,1,0
2021-07-28,sh.600998,14.825594,15.4250404,14.772072,15.4036316,14.8684116,8464649,120925648.59,0.4517,3.5997,1,0
2021-07-29,sh.600998,15.3287008,15.681946,15.2109524,15.3179964,15.4036316,4732099,67656854.52,0.2525,-0.5559,1,0
2021-07-30,sh.600998,15.2216568,15.2965876,14.98616,15.0824996,15.3179964,4255861,60025309.61,0.2271,-1.5374,1,0
2021-08-02,sh.600998,15.0824996,15.307292,14.9647512,15.1146128,15.0824996,4575971,64639710.74,0.2442,0.2129,1,0
2021-08-03,sh.600998,15.1253172,15.467858,15.1253172,15.4036316,15.1146128,6128196,87739648.54,0.327,1.9122,1,0
2021-08-04,sh.600998,15.3929272,15.52138,15.2430656,15.4357448,15.4036316,4820080,69365799.18,0.2572,0.2085,1,0
2021-08-05,sh.600998,15.4785624,15.574902,15.3287008,15.414336,15.4357448,4138093,59711555.53,0.2208,-0.1387,1,0
2021-08-06,sh.600998,15.3822228,15.3929272,15.1360216,15.2430656,15.414336,2724586,38717308.18,0.1454,-1.1111,1,0
2021-08-09,sh.600998,15.146726,15.3929272,15.1360216,15.360814,15.2430656,3148578,45076594.9,0.168,0.7725,1,0
2021-08-10,sh.600998,15.3501096,15.4999712,15.2751788,15.4999712,15.360814,4424316,63750078.36,0.2361,0.9059,1,0
2021-08-11,sh.600998,15.4357448,16.0244868,15.4250404,15.8639208,15.4999712,8930263,132030088.12,0.4766,2.3481,1,0
2021-08-12,sh.600998,15.896034,15.896034,15.6070152,15.6177196,15.8639208,4456725,65299553.93,0.2378,-1.552,1,0
2021-08-13,sh.600998,15.574902,15.7782856,15.5427888,15.7782856,15.6177196,5036171,73725163.34,0.2688,1.0281,1,0
2021-08-16,sh.600998,15.8318076,15.949556,15.735468,15.8746252,15.7782856,5010349,74312105.22,0.2674,0.6106,1,0
2021-08-17,sh.600998,15.8746252,16.1957572,15.7996944,15.9174428,15.8746252,9378372,140493356.24,0.5005,0.2697,1,0
2021-08-18,sh.600998,15.9174428,15.9174428,15.5641976,15.6391284,15.9174428,5365643,78565190.04,0.2864,-1.7485,1,0
2021-08-19,sh.600998,15.5856064,15.7675812,15.52138,15.5641976,15.6391284,3484467,50837602.84,0.186,-0.4791,1,0
2021-08-20,sh.600998,15.4464492,15.628424,15.4464492,15.5427888,15.5641976,3397169,49330571.43,0.1813,-0.1376,1,0
2021-08-23,sh.600998,15.6177196,15.6177196,15.2323612,15.2858832,15.5427888,5096384,73214492.28,0.272,-1.6529,1,0
2021-08-24,sh.600998,15.2858832,15.4571536,15.25377,15.4571536,15.2858832,2867595,41197782.21,0.153,1.1204,1,0
2021-08-25,sh.600998,15.7568768,16.163644,15.6070152,15.9816692,15.4571536,13009686,193262309.03,0.6943,3.3934,1,0
2021-08-26,sh.600998,15.9923736,16.3563232,15.9388516,16.1315308,15.9816692,11676806,176892917.66,0.6232,0.9377,1,0
2021-08-27,sh.600998,15.9923736,16.3563232,15.949556,15.949556,16.1315308,7276317,109397357.51,0.3883,-1.1281,1,0
2021-08-30,sh.600998,15.9281472,16.163644,15.6177196,16.0137824,15.949556,8703671,129118985.54,0.4645,0.4027,1,0
2021-08-31,sh.600998,15.9923736,16.2064616,15.8103988,16.1957572,16.0137824,7843750,117869029.37,0.4186,1.1364,1,0
2021-09-01,sh.600998,16.0566,16.1315308,15.8103988,15.9067384,16.1957572,9996790,148645296.86,0.5335,-1.7845,1,0
2021-09-02,sh.600998,15.8746252,15.9923736,15.7996944,15.9067384,15.9067384,5759390,85684611.9,0.3074,0.0,1,0
2021-09-03,sh.600998,15.842512,16.0887132,15.8103988,15.9709648,15.9067384,6242800,93284714.0,0.3332,0.4038,1,0
2021-09-06,sh.600998,16.003078,16.9022476,16.003078,16.752386,15.9709648,20304104,313010891.63,1.0836,4.8928,1,0
2021-09-07,sh.600998,16.752386,16.7737948,16.4526628,16.7095684,16.752386,7922108,122920902.1,0.4228,-0.2556,1,0
2021-09-08,sh.600998,16.6774552,16.7416816,16.5061848,16.5811156,16.7095684,5804237,89904538.17,0.3098,-0.7687,1,0
2021-09-09,sh.600998,16.8273168,17.4267632,16.7416816,17.2233796,16.5811156,16947063,272435273.8,0.9044,3.8735,1,0
2021-09-10,sh.600998,17.1163356,17.5338072,17.0414048,17.3839456,17.2233796,9771174,158226062.79,0.5215,0.9323,1,0
2021-09-13,sh.600998,17.4160588,17.501694,17.1591532,17.3090148,17.3839456,7548736,121764017.47,0.4029,-0.431,1,0
2021-09-14,sh.600998,17.4267632,17.4267632,17.019996,17.0628136,17.3090148,7036510,113208518.07,0.3755,-1.4224,1,0
2021-09-15,sh.600998,16.966474,17.2554928,16.8487256,17.12704,17.0628136,4525960,72282353.42,0.2415,0.3764,1,0
2021-09-16,sh.600998,17.019996,17.12704,16.7844992,16.7844992,17.12704,7073195,111806361.01,0.3775,-2.0,1,0
2021-09-17,sh.600998,16.8487256,17.3090148,16.8487256,17.2554928,16.7844992,5984125,96111667.0,0.3194,2.8061,1,0
2021-09-22,sh.600998,17.2554928,17.2554928,16.645342,16.9771784,17.2554928,4794278,75595537.51,0.2559,-1.6129,1,0
2021-09-23,sh.600998,16.9771784,17.3518324,16.9557696,17.2769016,16.9771784,6566630,105638984.54,0.3504,1.7654,1,0
2021-09-24,sh.600998,17.234084,17.3732412,17.1698576,17.3518324,17.2769016,4657760,75233805.86,0.2486,0.4337,1,0
2021-09-27,sh.600998,17.3625368,17.4160588,17.0307004,17.3518324,17.3518324,6031910,97397705.57,0.3219,0.0,1,0
2021-09-28,sh.600998,17.3518324,17.3518324,16.966474,17.234084,17.3518324,4840855,77781237.61,0.2583,-0.6786,1,0
2021-09-29,sh.600998,17.3090148,17.3518324,17.0628136,17.341128,17.234084,5269048,84799111.64,0.2812,0.6211,1,0
2021-09-30,sh.600998,17.341128,17.341128,16.5275936,16.5704112,17.341128,8995348,140822849.29,0.4801,-4.4444,1,0
2021-10-08,sh.600998,16.59182,17.608738,16.59182,17.448172,16.5704112,12066156,194684445.08,0.6439,5.2972,1,0
2021-10-11,sh.600998,17.4374676,17.4374676,16.966474,17.1377444,17.448172,6884884,110278688.9,0.3674,-1.7791,1,0
2021-10-12,sh.600998,17.1377444,17.769304,17.1163356,17.39465,17.1377444,10484550,172218283.42,0.5595,1.4991,1,0
2021-10-13,sh.600998,17.448172,17.8549392,17.234084,17.7371908,17.39465,6857697,113245259.13,0.366,1.9692,1,0
2021-10-14,sh.600998,17.769304,18.0690272,17.5231028,17.7371908,17.7371908,7521274,125132437.78,0.4014,0.0,1,0
2021-10-15,sh.600998,17.5766248,17.9619832,17.555216,17.6515556,17.7371908,6193945,102780165.82,0.3306,-0.4828,1,0
2021-10-18,sh.600998,17.6515556,17.7371908,16.85943,16.9022476,17.6515556,10774498,171335432.3,0.575,-4.245,1,0
2021-10-19,sh.600998,17.0414048,17.2233796,16.7309772,16.9985872,16.9022476,7417000,117658168.0,0.3958,0.57,1,0
2021-10-20,sh.600998,17.0949268,17.2126752,16.8808388,17.073518,16.9985872,5360755,85590230.47,0.2861,0.4408,1,0
2021-10-21,sh.600998,17.12704,17.7371908,16.9985872,17.5445116,17.073518,8755598,143106487.66,0.4673,2.7586,1,0
2021-10-22,sh.600998,17.5445116,17.6408512,17.2554928,17.4267632,17.5445116,4197702,68167960.42,0.224,-0.6711,1,0
2021-10-25,sh.600998,17.1484488,17.39465,17.12704,17.1591532,17.4267632,5139443,82685435.01,0.2743,-1.5356,1,0
2021-10-26,sh.600998,16.912952,17.073518,15.5427888,15.7247636,17.1591532,20267496,304228344.75,1.0816,-8.3593,1,0
2021-10-27,sh.600998,15.628424,15.6391284,14.98616,15.093204,15.7247636,14123623,200399596.8,0.7537,-4.0163,1,0
2021-10-28,sh.600998,15.093204,15.093204,14.3117828,14.611506,15.093204,14515488,197707749.72,0.7747,-3.1915,1,0
2021-10-29,sh.600998,14.7613676,14.7934808,14.4081224,14.5472796,14.611506,11043573,149963800.15,0.5894,-0.4396,1,0
2021-11-01,sh.600998,14.5472796,14.6757324,14.1512168,14.3867136,14.5472796,9399967,126738202.98,0.5017,-1.1038,1,0
2021-11-02,sh.600998,14.3867136,14.4937576,14.2154432,14.290374,14.3867136,6939271,92943619.02,0.3703,-0.6696,1,0
2021-11-03,sh.600998,14.3010784,14.4723488,14.2582608,14.3546004,14.290374,5120111,68784312.87,0.2732,0.4494,1,0
2021-11-04,sh.600998,14.397418,14.4081224,14.3010784,14.3867136,14.3546004,5552755,74460253.11,0.2963,0.2237,1,0
2021-11-05,sh.600998,14.397418,14.5793928,14.3224872,14.5686884,14.3867136,6998016,94435268.57,0.3735,1.2649,1,0
2021-11-08,sh.600998,14.5686884,14.6008016,14.4081224,14.4937576,14.5686884,4564384,61658546.97,0.2436,-0.5143,1,0
2021-11-09,sh.600998,14.4830532,14.5793928,14.3867136,14.4188268,14.4937576,4150931,56006606.57,0.2215,-0.517,1,0
2021-11-10,sh.600998,14.4295312,14.4723488,14.343896,14.4188268,14.4188268,4414361,59430107.08,0.2356,0.0,1,0
2021-11-11,sh.600998,14.4402356,14.4616444,14.3546004,14.4402356,14.4188268,4646219,62538899.14,0.248,0.1485,1,0
2021-11-12,sh.600998,14.397418,14.4937576,14.3760092,14.4188268,14.4402356,4038405,54379832.84,0.2155,-0.1483,1,0
2021-11-15,sh.600998,14.45094,14.6436192,14.4081224,14.611506,14.4188268,5837925,79164854.87,0.3116,1.3363,1,0
2021-11-16,sh.600998,14.6222104,14.7399588,14.5686884,14.6543236,14.611506,6042553,82771419.87,0.3225,0.293,1,0
2021-11-17,sh.600998,14.6864368,14.6971412,14.5900972,14.6436192,14.6543236,3307481,45236738.36,0.1765,-0.073,1,0
2021-11-18,sh.600998,14.611506,14.6222104,14.5151664,14.5258708,14.6436192,3697832,50337070.14,0.1973,-0.8041,1,0
2021-11-19,sh.600998,14.5258708,14.6543236,14.4295312,14.6436192,14.5258708,3382085,46050548.82,0.1805,0.8106,1,0
2021-11-22,sh.600998,14.71855,14.7399588,14.5793928,14.6222104,14.6436192,3602132,49248372.01,0.1922,-0.1462,1,0
2021-11-23,sh.600998,14.5793928,14.932638,14.5686884,14.772072,14.6222104,4862468,67064325.08,0.2595,1.0249,1,0
2021-11-24,sh.600998,14.7613676,14.7613676,14.6436192,14.7292544,14.772072,2975596,40875687.14,0.1588,-0.2899,1,0
2021-11-25,sh.600998,14.7613676,14.8577072,14.6971412,14.7934808,14.7292544,3085241,42596442.03,0.1647,0.436,1,0
2021-11-26,sh.600998,14.772072,14.9112292,14.7399588,14.8684116,14.7934808,5201855,72205955.2,0.2776,0.5065,1,0
2021-11-29,sh.600998,14.8470028,15.0717952,14.7827764,14.8898204,14.8684116,4939693,68784307.91,0.2636,0.144,1,0
2021-11-30,sh.600998,14.8898204,14.9754556,14.6222104,14.6329148,14.8898204,6542429,89915145.09,0.3492,-1.7254,1,0
2021-12-01,sh.600998,14.665028,14.879116,14.5793928,14.8148896,14.6329148,4681684,64376549.44,0.2498,1.2436,1,0
2021-12-02,sh.600998,14.8041852,15.1146128,14.7613676,14.8684116,14.8148896,6971457,97417001.08,0.372,0.3613,1,0
2021-12-03,sh.600998,14.8684116,14.9540468,14.7292544,14.9005248,14.8684116,4082368,56615007.09,0.2179,0.216,1,0
2021-12-06,sh.600998,14.8041852,14.9219336,14.7292544,14.7292544,14.9005248,4426152,61168342.52,0.2362,-1.1494,1,0
2021-12-07,sh.600998,14.7506632,14.825594,14.6329148,14.7506632,14.7292544,3783730,52058448.66,0.2019,0.1453,1,0
2021-12-08,sh.600998,14.8041852,14.8577072,14.7078456,14.7827764,14.7506632,3964695,54663235.97,0.2116,0.2177,1,0
2021-12-09,sh.600998,14.7078456,14.8898204,14.7078456,14.879116,14.7827764,5431716,75222982.16,0.2899,0.6517,1,0
2021-12-10,sh.600998,14.8898204,14.932638,14.7078456,14.7613676,14.879116,5952681,82133714.09,0.3177,-0.7914,1,0
2021-12-13,sh.600998,14.7827764,14.8470028,14.6543236,14.71855,14.7613676,6173021,84921195.65,0.3294,-0.2901,1,0
2021-12-14,sh.600998,14.6864368,14.7292544,14.6436192,14.665028,14.71855,5538651,75911880.72,0.2956,-0.3636,1,0
2021-12-15,sh.600998,14.665028,14.7399588,14.6436192,14.6971412,14.665028,3746518,51412015.83,0.1999,0.219,1,0
2021-12-16,sh.600998,14.665028,14.7292544,14.6543236,14.6757324,14.6971412,4055302,55595863.46,0.2164,-0.1457,1,0
2021-12-17,sh.600998,14.665028,14.665028,14.45094,14.504462,14.6757324,6730249,91396626.89,0.3592,-1.167,1,0
2021-12-20,sh.600998,14.5258708,14.71855,14.4295312,14.7078456,14.504462,5114601,69901064.4,0.273,1.4022,1,0
2021-12-21,sh.600998,14.7292544,14.7613676,14.6436192,14.7292544,14.7078456,3810082,52312400.86,0.2033,0.1456,1,0
2021-12-22,sh.600998,14.7613676,14.8148896,14.71855,14.7934808,14.7292544,4816822,66456323.84,0.2571,0.436,1,0
2021-12-23,sh.600998,14.772072,14.8362984,14.6543236,14.6971412,14.7934808,3868484,53208677.72,0.2065,-0.6512,1,0
2021-12-24,sh.600998,14.7292544,14.7934808,14.611506,14.772072,14.6971412,5740374,79016439.56,0.3063,0.5098,1,0
2021-12-27,sh.600998,14.879116,15.78899,14.772072,15.6391284,14.772072,20595350,297442669.48,1.0991,5.8696,1,0
2021-12-28,sh.600998,15.5856064,15.8211032,15.2109524,15.2644744,15.6391284,13730903,197629158.66,0.7328,-2.3956,1,0
2021-12-29,sh.600998,15.307292,15.5534932,15.146726,15.360814,15.2644744,9550529,137243752.6,0.5097,0.6311,1,0
2021-12-30,sh.600998,15.360814,15.5427888,15.2644744,15.3929272,15.360814,7930337,114113244.58,0.4232,0.2091,1,0
2021-12-31,sh.600998,15.467858,16.0351912,15.3822228,15.7568768,15.3929272,12226539,180184219.85,0.6525,2.3644,1,0
2022-01-04,sh.600998,15.842512,17.2126752,15.7996944,16.7630904,15.7568768,31352064,489519143.19,1.6732,6.3859,1,0
2022-01-05,sh.600998,16.8380212,16.8701344,16.2385748,16.484776,16.7630904,13726536,211670522.65,0.7325,-1.6603,1,0
2022-01-06,sh.600998,16.5061848,16.7952036,16.270688,16.5168892,16.484776,8331877,128421872.23,0.4446,0.1948,1,0
2022-01-07,sh.600998,16.4205496,16.6667508,16.3563232,16.6025244,16.5168892,8356346,129188759.79,0.446,0.5185,1,0
2022-01-10,sh.600998,16.5168892,16.8166124,16.2813924,16.3563232,16.6025244,7737831,118879894.32,0.4129,-1.4829,1,0
2022-01-11,sh.600998,16.3028012,16.698864,16.3028012,16.4205496,16.3563232,8341332,128338404.88,0.4451,0.3927,1,0
2022-01-12,sh.600998,16.3349144,16.538298,16.217166,16.2599836,16.4205496,8771752,133727693.1,0.4681,-0.9778,1,0
2022-01-13,sh.600998,16.217166,16.377732,15.628424,15.6926504,16.2599836,13405859,199205463.57,0.7154,-3.4891,1,0
2022-01-14,sh.600998,15.6177196,15.8211032,15.4571536,15.735468,15.6926504,8150598,119476011.73,0.435,0.2729,1,0
2022-01-17,sh.600998,15.8211032,15.8211032,15.4036316,15.52138,15.735468,6335945,92091967.61,0.3381,-1.3605,1,0
2022-01-18,sh.600998,15.52138,15.5427888,15.1253172,15.2751788,15.52138,9518402,135770329.58,0.508,-1.5862,1,0
2022-01-19,sh.600998,15.2644744,15.4357448,15.2216568,15.2644744,15.2751788,5727444,81850500.1,0.3056,-0.0701,1,0
2022-01-20,sh.600998,15.307292,15.5320844,15.2216568,15.25377,15.2644744,6177945,88789084.33,0.3297,-0.0701,1,0
2022-01-21,sh.600998,15.25377,15.360814,15.0075688,15.1146128,15.25377,6747299,95326953.22,0.3601,-0.9123,1,0
2022-01-24,sh.600998,15.1681348,15.1681348,14.8362984,14.879116,15.1146128,5971403,83454560.3,0.3187,-1.5581,1,0
2022-01-25,sh.600998,14.879116,14.9754556,14.4830532,14.504462,14.879116,6539765,89842779.57,0.349,-2.518,1,0
2022-01-26,sh.600998,14.4616444,14.6008016,14.4081224,14.4295312,14.504462,5037412,68162660.64,0.2688,-0.5166,1,0
2022-01-27,sh.600998,14.3867136,14.397418,14.0120596,14.0548772,14.4295312,7108042,94082957.27,0.3793,-2.5964,1,0
2022-01-28,sh.600998,14.236852,14.343896,14.0013552,14.3010784,14.0548772,6147297,81565811.81,0.3281,1.7517,1,0
2022-02-07,sh.600998,14.397418,14.5258708,14.343896,14.397418,14.3010784,4171455,56176425.07,0.2226,0.6737,1,0
2022-02-08,sh.600998,14.4188268,14.665028,14.343896,14.6543236,14.397418,4605212,62694349.66,0.2458,1.7844,1,0
2022-02-09,sh.600998,14.665028,14.9647512,14.5793928,14.9433424,14.6543236,4773141,66066106.28,0.2547,1.9722,1,0
2022-02-10,sh.600998,14.9647512,14.9968644,14.7934808,14.9219336,14.9433424,3425387,47716818.17,0.1828,-0.1433,1,0
2022-02-11,sh.600998,14.8898204,14.9754556,14.4723488,14.611506,14.9219336,6271419,85762313.0,0.3347,-2.0803,1,0
2022-02-14,sh.600998,14.5686884,14.7613676,14.5151664,14.6757324,14.611506,3802113,52144025.79,0.2029,0.4396,1,0
2022-02-15,sh.600998,14.7613676,14.7613676,14.557984,14.6971412,14.6757324,2595117,35527193.09,0.1385,0.1459,1,0
2022-02-16,sh.600998,14.7613676,14.772072,14.6222104,14.6436192,14.6971412,2340767,32072604.7,0.1249,-0.3642,1,0
2022-02-17,sh.600998,14.665028,14.665028,14.4723488,14.5151664,14.6436192,2907126,39520967.31,0.1551,-0.8772,1,0
2022-02-18,sh.600998,14.4616444,14.6329148,14.4188268,14.611506,14.5151664,2705419,36804772.78,0.1444,0.6637,1,0
2022-02-21,sh.600998,14.611506,14.7613676,14.5151664,14.71855,14.611506,3370435,46143769.38,0.1799,0.7326,1,0
2022-02-22,sh.600998,14.7292544,14.7292544,14.3546004,14.45094,14.71855,4801603,65023498.59,0.2562,-1.8182,1,0
2022-02-23,sh.600998,14.45094,14.6008016,14.45094,14.557984,14.45094,4069450,55246742.42,0.2172,0.7407,1,0
2022-02-24,sh.600998,14.557984,14.557984,14.2475564,14.3117828,14.557984,6665114,89549913.72,0.3557,-1.6912,1,0
2022-02-25,sh.600998,14.3117828,14.504462,14.022764,14.076286,14.3117828,12728597,168667574.32,0.6793,-1.6455,1,0
2022-02-28,sh.600998,14.076286,14.3010784,13.91572,14.2582608,14.076286,6204142,81905102.0,0.3311,1.2928,1,0
2022-03-01,sh.600998,14.3331916,14.4402356,14.1726256,14.236852,14.2582608,4614500,61535435.0,0.2463,-0.1502,1,0
2022-03-02,sh.600998,14.1726256,14.4188268,14.1512168,14.3760092,14.236852,3555277,47466347.0,0.1897,0.9774,1,0
2022-03-03,sh.600998,14.45094,14.557984,14.3117828,14.4937576,14.3760092,4155100,56077535.0,0.2217,0.8191,1,0
2022-03-04,sh.600998,14.5151664,15.360814,14.397418,15.2751788,14.4937576,24163361,341158144.0,1.2895,5.3914,1,0
2022-03-07,sh.600998,14.9647512,14.9647512,14.3224872,14.45094,15.2751788,20049673,271510096.0,1.07,-5.3959,1,0
2022-03-08,sh.600998,14.2261476,14.2261476,13.7658584,13.8729024,14.45094,13217727,172315245.0,0.7054,-4.0,1,0
2022-03-09,sh.600998,13.9050156,13.9264244,12.7275316,13.1771164,13.8729024,13068449,161870069.0,0.6974,-5.0154,1,0
2022-03-10,sh.600998,13.3805,13.862198,13.273456,13.6159968,13.1771164,9017003,114706386.0,0.4812,3.3306,1,0
2022-03-11,sh.600998,13.4982484,14.1619212,13.3805,14.1083992,13.6159968,8859533,113908334.0,0.4728,3.6164,1,0
2022-03-14,sh.600998,14.7827764,14.879116,14.2154432,14.2475564,14.1083992,17738187,241205597.0,0.9466,0.9863,1,0
2022-03-15,sh.600998,14.2475564,14.2582608,13.2520472,13.2520472,14.2475564,11288070,144166695.0,0.6024,-6.9872,1,0
2022-03-16,sh.600998,13.4126132,13.594588,12.791758,13.487544,13.2520472,9820087,121021310.0,0.5241,1.7771,1,0
2022-03-17,sh.600998,13.6159968,14.076286,13.5303616,13.7872672,13.487544,10309790,133502395.0,0.5502,2.2222,1,0
2022-03-18,sh.600998,13.7979716,14.343896,13.7123364,14.0441728,13.7872672,10733308,140773222.84,0.5728,1.8634,1,0
2022-03-21,sh.600998,13.9371288,15.307292,13.9371288,14.98616,14.0441728,21704330,293676796.91,1.1583,6.7073,1,0
2022-03-22,sh.600998,14.9754556,14.9754556,14.3867136,14.665028,14.98616,24537280,336204355.92,1.3094,-2.1429,1,0
2022-03-23,sh.600998,14.4402356,14.6543236,14.2154432,14.290374,14.665028,13183149,177046387.34,0.7035,-2.5547,1,0
2022-03-24,sh.600998,14.022764,14.6008016,13.969242,14.5151664,14.290374,12756544,170716481.21,0.6808,1.573,1,0
2022-03-25,sh.600998,14.397418,14.7292544,14.236852,14.2796696,14.5151664,10811835,145797541.47,0.577,-1.6224,1,0
2022-03-28,sh.600998,14.1405124,14.343896,13.969242,14.0655816,14.2796696,8951165,117941733.01,0.4777,-1.4993,1,0
2022-03-29,sh.600998,14.022764,14.2154432,13.9264244,13.9478332,14.0655816,7933432,104151471.43,0.4234,-0.8371,1,0
2022-03-30,sh.600998,14.0013552,14.1726256,13.7658584,14.1512168,13.9478332,9459051,123708259.91,0.5048,1.4582,1,0
2022-03-31,sh.600998,14.0548772,14.665028,14.0334684,14.2154432,14.1512168,13582646,182790855.46,0.7248,0.4539,1,0
2022-04-01,sh.600998,14.076286,14.236852,13.91572,14.1405124,14.2154432,10573182,138392506.31,0.5642,-0.5271,1,0
2022-04-06,sh.600998,14.1405124,14.5258708,14.1405124,14.2154432,14.1405124,9828863,131293529.87,0.5245,0.5299,1,0
2022-04-07,sh.600998,14.2261476,14.5258708,14.022764,14.18333,14.2154432,9029334,119915679.23,0.4819,-0.2259,1,0
2022-04-08,sh.600998,14.0976948,14.18333,13.9264244,14.0013552,14.18333,8885701,116288447.46,0.4742,-1.283,1,0
2022-04-11,sh.600998,14.0013552,14.772072,13.8300848,14.3010784,14.0013552,18253234,243256984.84,0.9741,2.1407,1,0
2022-04-12,sh.600998,14.3867136,14.4937576,14.022764,14.45094,14.3010784,13267964,177450699.65,0.7081,1.0479,1,0
2022-04-13,sh.600998,14.343896,14.665028,14.076286,14.557984,14.45094,16438614,220983312.1,0.8773,0.7407,1,0
2022-04-14,sh.600998,14.397418,14.8362984,14.2689652,14.4616444,14.557984,16265304,220976102.56,0.868,-0.6618,1,0
2022-04-15,sh.600998,14.3331916,14.825594,14.3331916,14.6329148,14.4616444,14984589,204614526.66,0.7997,1.1843,1,0
2022-04-18,sh.600998,14.6222104,14.932638,14.4295312,14.557984,14.6329148,11276230,154673326.32,0.6018,-0.5121,1,0
2022-04-19,sh.600998,14.4295312,14.504462,14.1191036,14.3010784,14.557984,12088604,161387320.33,0.6451,-1.7647,1,0
2022-04-20,sh.600998,14.18333,14.4402356,14.1191036,14.2689652,14.3010784,7450141,99185801.14,0.3976,-0.2246,1,0
2022-04-21,sh.600998,14.1940344,14.343896,13.701632,13.755154,14.2689652,10243057,133774419.69,0.5466,-3.6009,1,0
2022-04-22,sh.600998,13.7337452,13.7337452,13.3805,13.6159968,13.755154,7736693,97943578.4,0.4129,-1.0117,1,0
2022-04-25,sh.600998,13.487544,13.487544,12.9951416,13.0379592,13.6159968,7998679,98940176.32,0.4269,-4.2453,1,0
2022-04-26,sh.600998,12.5134436,12.6740096,11.7320224,11.7320224,13.0379592,22016762,244008919.05,1.1749,-10.0164,1,0
2022-04-27,sh.600998,11.935406,12.149494,11.4322992,12.0745632,11.7320224,16724006,185044861.38,0.8925,2.9197,1,0
2022-04-28,sh.600998,12.1923116,13.273456,12.095972,13.0272548,12.0745632,23439038,278748243.03,1.2508,7.8901,1,0
2022-04-29,sh.600998,13.059368,14.0013552,12.9202108,13.7123364,13.0272548,20084037,256178334.46,1.0718,5.2588,1,0
2022-05-05,sh.600998,13.701632,14.0013552,13.5196572,13.6588144,13.7123364,14431685,185667945.55,0.7702,-0.3903,1,0
2022-05-06,sh.600998,13.2627516,13.4126132,12.84528,13.0165504,13.6588144,10463969,128597558.31,0.5584,-4.7022,1,0
2022-05-09,sh.600998,13.273456,14.1726256,13.273456,13.808676,13.0165504,18116235,233926058.43,0.9668,6.0855,1,0
2022-05-10,sh.600998,13.5089528,13.9050156,13.273456,13.7444496,13.808676,14047298,178285632.49,0.7496,-0.4651,1,0
2022-05-11,sh.600998,13.91572,15.1146128,13.91572,14.5472796,13.7444496,53904449,745964793.77,2.8766,5.8411,1,0
2022-05-12,sh.600998,14.665028,15.360814,14.45094,14.7078456,14.5472796,37677168,525999471.17,2.0107,1.1038,1,0
2022-05-13,sh.600998,14.7292544,15.039682,13.91572,14.290374,14.7078456,24964751,333027352.17,1.3323,-2.8384,1,0
2022-05-16,sh.600998,14.076286,14.076286,13.0486636,13.2092296,14.290374,32454013,406813750.99,1.7319,-7.5655,1,0
2022-05-17,sh.600998,13.219934,13.3162736,12.9309152,13.2627516,13.2092296,14229613,174617455.99,0.7594,0.4052,1,0
2022-05-18,sh.600998,13.2627516,13.3162736,13.0272548,13.0486636,13.2627516,11837738,145325727.14,0.6317,-1.6142,1,0
2022-05-19,sh.600998,12.898802,13.005846,12.7596448,12.9844372,13.0486636,7849543,94462933.5,0.4189,-0.4922,1,0
2022-05-20,sh.600998,13.1985252,13.2627516,12.952324,13.11289,12.9844372,8213171,100444347.33,0.4383,0.9893,1,0
2022-05-23,sh.600998,13.1878208,13.273456,13.059368,13.11289,13.11289,6510774,79924447.93,0.3475,0.0,1,0
2022-05-24,sh.600998,13.0700724,13.1021856,12.5990788,12.6526008,13.11289,10406255,124773640.15,0.5553,-3.5102,1,0
2022-05-25,sh.600998,12.5990788,12.898802,12.5348524,12.8880976,12.6526008,5408062,64462075.57,0.2886,1.8613,1,0
2022-05-26,sh.600998,12.8024624,12.9416196,12.684714,12.8666888,12.8880976,4381200,52444625.0,0.2338,-0.1661,1,0
2022-05-27,sh.600998,12.898802,12.9202108,12.6097832,12.7061228,12.8666888,6086459,72402987.87,0.3248,-1.2479,1,0
2022-05-30,sh.600998,12.738236,12.738236,12.5455568,12.57767,12.7061228,4620736,54436049.23,0.2466,-1.011,1,0
2022-05-31,sh.600998,12.5990788,12.738236,12.524148,12.684714,12.57767,5811306,68524105.15,0.3101,0.8511,1,0
2022-06-01,sh.600998,12.684714,12.7810536,12.631192,12.7168272,12.684714,4219546,50119128.67,0.2252,0.2532,1,0
2022-06-02,sh.600998,12.738236,12.738236,12.5027392,12.7275316,12.7168272,5036639,59438966.27,0.2688,0.0842,1,0
2022-06-06,sh.600998,12.684714,12.8880976,12.6204876,12.8345756,12.7275316,6272706,74915902.49,0.3347,0.841,1,0
2022-06-07,sh.600998,12.9309152,13.0807768,12.791758,13.0379592,12.8345756,6672675,80762613.77,0.3561,1.5847,1,0
2022-06-08,sh.600998,12.9844372,13.0272548,12.7703492,12.898802,13.0379592,4873506,58634175.5,0.2601,-1.0673,1,0
2022-06-09,sh.600998,12.8666888,12.9095064,12.6740096,12.7168272,12.898802,6968984,83141226.85,0.3719,-1.4108,1,0
2022-06-10,sh.600998,12.6954184,12.8666888,12.6526008,12.8345756,12.7168272,4684346,56006131.43,0.25,0.9259,1,0
2022-06-13,sh.600998,12.8131668,12.9309152,12.6740096,12.7703492,12.8345756,5023800,59987689.0,0.2681,-0.5004,1,0
2022-06-14,sh.600998,12.77034876,12.89103075,12.44121606,12.89103075,12.77034876,5946462,68784215.42,0.3173,0.945,1,0
2022-06-15,sh.600998,12.91297293,13.09948146,12.85811748,12.89103075,12.89103075,8019260,94875155.4,0.428,0.0,1,0
2022-06-16,sh.600998,12.89103075,13.04462601,12.88005966,12.96782838,12.89103075,5593831,66255169.07,0.2985,0.5957,1,0
2022-06-17,sh.600998,12.97879947,13.03365492,12.80326203,13.01171274,12.96782838,6642679,78480180.66,0.3545,0.3384,1,0
2022-06-20,sh.600998,13.0555971,13.165308,12.97879947,13.08851037,13.01171274,7860589,93787481.07,0.4195,0.5902,1,0
2022-06-21,sh.600998,13.09948146,13.24210563,13.0555971,13.19822127,13.08851037,7351161,88146221.78,0.3923,0.8382,1,0
2022-06-22,sh.600998,13.25307672,13.54929615,13.08851037,13.35181653,13.19822127,9776613,118696935.51,0.5217,1.1638,1,0
2022-06-23,sh.600998,13.3847298,13.39570089,13.09948146,13.31890326,13.35181653,6553764,78941163.18,0.3497,-0.2465,1,0
2022-06-24,sh.600998,13.24210563,13.43958525,13.22016345,13.28598999,13.31890326,3971234,48144334.69,0.2119,-0.2471,1,0
2022-06-27,sh.600998,13.34084544,13.47249852,13.22016345,13.26404781,13.28598999,9557027,116147278.45,0.51,-0.1652,1,0
2022-06-28,sh.600998,13.2750189,13.32987435,13.15433691,13.32987435,13.26404781,5921633,71582192.64,0.316,0.4963,1,0
2022-06-29,sh.600998,13.32987435,13.3847298,13.13239473,13.14336582,13.32987435,8268706,99831565.15,0.4413,-1.3992,1,0
2022-06-30,sh.600998,13.23113454,13.29696108,13.06656819,13.06656819,13.14336582,9278354,111322202.5,0.4951,-0.5843,1,0
2022-07-01,sh.600998,13.15433691,13.165308,12.97879947,13.03365492,13.06656819,4913041,58416667.1,0.2622,-0.2519,1,0
2022-07-04,sh.600998,13.0555971,13.28598999,12.90200184,13.2750189,13.03365492,7623226,91432153.67,0.4068,1.8519,1,0
2022-07-05,sh.600998,13.2750189,13.30793217,13.06656819,13.17627909,13.2750189,5031800,60392811.0,0.2685,-0.7438,1,0
2022-07-06,sh.600998,13.22016345,13.22016345,12.89103075,12.98977056,13.17627909,6011404,71223110.25,0.3208,-1.4155,1,0
2022-07-07,sh.600998,12.96782838,13.0555971,12.89103075,12.90200184,12.98977056,4239915,50108620.19,0.2263,-0.6757,1,0
2022-07-08,sh.600998,12.91297293,13.03365492,12.8361753,12.95685729,12.90200184,4721771,55711397.09,0.252,0.4252,1,0
2022-07-11,sh.600998,12.95685729,13.3847298,12.91297293,13.09948146,12.95685729,8914686,107205246.81,0.4757,1.1008,1,0
2022-07-12,sh.600998,13.12142364,13.22016345,12.95685729,13.00074165,13.09948146,5136100,61075481.0,0.2741,-0.7538,1,0
2022-07-13,sh.600998,12.97879947,12.98977056,12.8361753,12.89103075,13.00074165,4386731,51542763.38,0.2341,-0.8439,1,0
2022-07-14,sh.600998,12.88005966,13.03365492,12.82520421,12.89103075,12.89103075,3995765,47063578.25,0.2132,0.0,1,0
2022-07-15,sh.600998,12.86908857,12.98977056,12.68258004,12.68258004,12.89103075,5467300,63679242.97,0.2918,-1.617,1,0
2022-07-18,sh.600998,12.68258004,12.81423312,12.52898478,12.78131985,12.68258004,4504800,52127724.0,0.2404,0.7785,1,0
2022-07-19,sh.600998,12.78131985,12.89103075,12.69355113,12.78131985,12.78131985,2625720,30545314.22,0.1401,0.0,1,0
2022-07-20,sh.600998,12.78131985,12.92394402,12.75937767,12.81423312,12.78131985,3226004,37751081.88,0.1722,0.2575,1,0
2022-07-21,sh.600998,12.77034876,12.8361753,12.69355113,12.7264644,12.81423312,3447887,40056833.48,0.184,-0.6849,1,0
2022-07-22,sh.600998,12.70452222,12.79229094,12.5070426,12.59481132,12.7264644,5271006,60602568.48,0.2813,-1.0345,1,0
2022-07-25,sh.600998,12.6167535,12.67160895,12.45218715,12.48510042,12.59481132,3992996,45585392.18,0.2131,-0.8711,1,0
2022-07-26,sh.600998,12.55092696,12.55092696,12.37538952,12.44121606,12.48510042,5171151,58563759.88,0.276,-0.3515,1,0
2022-07-27,sh.600998,12.3973317,12.58384023,12.23276535,12.53995587,12.44121606,9341738,105658151.68,0.4985,0.7937,1,0
2022-07-28,sh.600998,12.53995587,12.78131985,12.48510042,12.56189805,12.53995587,4468400,51298863.48,0.2385,0.175,1,0
2022-07-29,sh.600998,12.60578241,12.6167535,12.38636061,12.44121606,12.56189805,4145122,47059661.84,0.2212,-0.9607,1,0
2022-08-01,sh.600998,12.38636061,12.53995587,12.29859189,12.46315824,12.44121606,4538209,51523203.05,0.2422,0.1764,1,0
2022-08-02,sh.600998,12.48510042,12.49607151,12.12305445,12.32053407,12.46315824,9203362,103258369.19,0.4911,-1.1444,1,0
2022-08-03,sh.600998,12.32053407,12.52898478,12.19985208,12.19985208,12.32053407,4048883,45616105.35,0.2161,-0.9795,1,0
2022-08-04,sh.600998,12.27664971,12.33150516,12.13402554,12.24373644,12.19985208,3607512,40175051.0,0.1925,0.3597,1,0
2022-08-05,sh.600998,12.2876208,12.44121606,12.21082317,12.41927388,12.24373644,4054103,45502445.0,0.2163,1.4337,1,0
2022-08-08,sh.600998,12.37538952,12.62772459,12.35344734,12.49607151,12.41927388,4640939,52971861.0,0.2477,0.6184,1,0
2022-08-09,sh.600998,12.51801369,12.51801369,12.27664971,12.29859189,12.49607151,4710959,52971657.0,0.2514,-1.5803,1,0
2022-08-10,sh.600998,12.29859189,12.33150516,12.24373644,12.26567862,12.29859189,2496856,27942477.0,0.1332,-0.2676,1,0
2022-08-11,sh.600998,12.2876208,12.48510042,12.26567862,12.47412933,12.26567862,4080966,46134175.0,0.2178,1.6995,1,0
2022-08-12,sh.600998,12.47412933,12.59481132,12.41927388,12.51801369,12.47412933,4390517,50120963.0,0.2343,0.3518,1,0
2022-08-15,sh.600998,12.52898478,12.58384023,12.32053407,12.44121606,12.51801369,4419428,50141244.2,0.2358,-0.6135,1,0
2022-08-16,sh.600998,12.38636061,12.49607151,12.37538952,12.45218715,12.44121606,2642365,29973607.51,0.141,0.0882,1,0
2022-08-17,sh.600998,12.46315824,12.5070426,12.34247625,12.44121606,12.45218715,3765759,42668016.46,0.201,-0.0881,1,0
2022-08-18,sh.600998,12.41927388,12.48510042,12.35344734,12.46315824,12.44121606,2848016,32239133.16,0.152,0.1764,1,0
2022-08-19,sh.600998,12.46315824,12.67160895,12.40830279,12.52898478,12.46315824,5358580,61324278.2,0.286,0.5282,1,0
2022-08-22,sh.600998,12.51801369,12.75937767,12.3973317,12.74840658,12.52898478,7969921,91678026.2,0.4253,1.7513,1,0
2022-08-23,sh.600998,13.00074165,13.53832506,12.9458862,13.37375871,12.74840658,26655360,323502465.28,1.4225,4.9053,1,0
2022-08-24,sh.600998,13.4944407,13.6041516,13.28598999,13.29696108,13.37375871,14250530,174692693.1,0.7605,-0.5742,1,0
2022-08-25,sh.600998,13.3847298,13.41764307,13.00074165,13.13239473,13.29696108,9810511,117387646.25,0.5235,-1.2376,1,0
2022-08-26,sh.600998,13.15433691,13.24210563,13.03365492,13.09948146,13.13239473,6521642,78038214.24,0.348,-0.2506,1,0
2022-08-29,sh.600998,12.9458862,13.00074165,12.8361753,12.9458862,13.09948146,5779701,68020852.27,0.3084,-1.1725,1,0
2022-08-30,sh.600998,12.92394402,13.14336582,12.84714639,13.01171274,12.9458862,4384709,51807438.25,0.234,0.5085,1,0
2022-08-31,sh.600998,13.00074165,13.18725018,12.9458862,13.03365492,13.01171274,5482979,65275325.56,0.2926,0.1686,1,0
2022-09-01,sh.600998,13.00074165,13.14336582,12.97879947,13.08851037,13.03365492,4886431,58264872.18,0.2608,0.4209,1,0
2022-09-02,sh.600998,13.08851037,13.20919236,13.00074165,13.02268383,13.08851037,4679370,55750986.96,0.2497,-0.5029,1,0
2022-09-05,sh.600998,12.9458862,13.09948146,12.90200184,12.9458862,13.02268383,3333503,39428832.43,0.1779,-0.5897,1,0
2022-09-06,sh.600998,13.01171274,13.04462601,12.90200184,12.95685729,12.9458862,3759929,44377585.12,0.2007,0.0847,1,0
2022-09-07,sh.600998,12.95685729,12.95685729,12.85811748,12.92394402,12.95685729,2361623,27797564.4,0.126,-0.254,1,0
2022-09-08,sh.600998,12.88005966,13.0555971,12.79229094,12.92394402,12.92394402,4159153,48918129.23,0.222,0.0,1,0
2022-09-09,sh.600998,12.92394402,13.09948146,12.89103075,13.07753928,12.92394402,3567379,42346157.31,0.1904,1.1885,1,0
2022-09-13,sh.600998,13.06656819,13.06656819,12.90200184,12.93491511,13.07753928,3947558,46665759.06,0.2107,-1.0906,1,0
2022-09-14,sh.600998,12.8361753,12.98977056,12.67160895,12.93491511,12.93491511,4374357,51335940.83,0.2334,0.0,1,0
2022-09-15,sh.600998,13.00074165,13.09948146,12.78131985,12.85811748,12.93491511,5187735,61154213.64,0.2768,-0.5937,1,0
2022-09-16,sh.600998,12.81423312,12.81423312,12.37538952,12.37538952,12.85811748,7929322,90923655.68,0.4232,-3.7543,1,0
2022-09-19,sh.600998,12.3973317,12.56189805,12.29859189,12.48510042,12.37538952,4629188,52508017.52,0.247,0.8865,1,0
2022-09-20,sh.600998,12.47412933,12.67160895,12.47412933,12.64966677,12.48510042,3302640,37899210.26,0.1762,1.3181,1,0
2022-09-21,sh.600998,12.63869568,12.66063786,12.47412933,12.56189805,12.64966677,3665844,42041962.7,0.1956,-0.6938,1,0
2022-09-22,sh.600998,12.51801369,12.56189805,12.3973317,12.40830279,12.56189805,2415225,27439375.49,0.1289,-1.2227,1,0
2022-09-23,sh.600998,12.38636061,12.52898478,12.30956298,12.43024497,12.40830279,3663200,41457357.2,0.1955,0.1768,1,0
2022-09-26,sh.600998,12.36441843,12.48510042,12.29859189,12.32053407,12.43024497,4541866,51274561.12,0.2424,-0.8826,1,0
2022-09-27,sh.600998,12.33150516,12.60578241,12.21082317,12.59481132,12.32053407,4766452,54109884.42,0.2544,2.2262,1,0
2022-09-28,sh.600998,12.55092696,12.74840658,12.48510042,12.64966677,12.59481132,5216823,60250241.48,0.2784,0.4355,1,0
2022-09-29,sh.600998,12.69355113,12.80326203,12.48510042,12.52898478,12.64966677,3716515,42750855.82,0.1983,-0.954,1,0
2022-09-30,sh.600998,12.52898478,12.74840658,12.5070426,12.55092696,12.52898478,3335366,38329671.21,0.178,0.1751,1,0
2022-10-10,sh.600998,12.56189805,12.79229094,12.51801369,12.55092696,12.55092696,4539753,52411364.07,0.2423,0.0,1,0
2022-10-11,sh.600998,12.51801369,12.75937767,12.41927388,12.70452222,12.55092696,4153574,47692292.62,0.2217,1.2238,1,0
2022-10-12,sh.600998,12.63869568,12.71549331,12.35344734,12.70452222,12.70452222,3936224,45170596.34,0.2101,0.0,1,0
2022-10-13,sh.600998,12.68258004,12.78131985,12.6167535,12.67160895,12.70452222,3641856,42102526.92,0.1943,-0.2591,1,0
2022-10-14,sh.600998,12.74840658,13.19822127,12.7264644,12.97879947,12.67160895,12109256,143714152.1,0.6462,2.4242,1,0
2022-10-17,sh.600998,12.96782838,13.22016345,12.96782838,13.11045255,12.97879947,6349838,76004130.76,0.3389,1.0144,1,0
2022-10-18,sh.600998,13.11045255,13.3847298,13.02268383,13.30793217,13.11045255,7925798,95635484.77,0.423,1.5063,1,0
2022-10-19,sh.600998,13.30793217,13.31890326,13.02268383,13.11045255,13.30793217,6072955,72662382.24,0.3241,-1.4839,1,0
2022-10-20,sh.600998,13.04462601,13.22016345,13.03365492,13.06656819,13.11045255,6704189,80298415.4,0.3578,-0.3347,1,0
2022-10-21,sh.600998,13.08851037,13.25307672,12.98977056,13.03365492,13.06656819,4831199,57633270.47,0.2578,-0.2519,1,0
2022-10-24,sh.600998,13.08851037,13.29696108,12.7264644,12.79229094,13.03365492,6054953,71554481.31,0.3231,-1.8519,1,0
2022-10-25,sh.600998,13.03365492,13.08851037,12.75937767,12.81423312,12.79229094,9637691,113129589.34,0.5143,0.1715,1,0
2022-10-26,sh.600998,12.8361753,13.32987435,12.78131985,13.19822127,12.81423312,11993683,143804177.95,0.64,2.9966,1,0
2022-10-27,sh.600998,13.24210563,13.76871795,13.14336582,13.74677577,13.19822127,15103136,186798506.54,0.806,4.1563,1,0
2022-10-28,sh.600998,13.70289141,14.0429952,13.62609378,13.7138625,13.74677577,13224651,166734687.35,0.7057,-0.2394,1,0
2022-10-31,sh.600998,13.62609378,13.9332843,13.36278762,13.77968904,13.7138625,10670475,133088530.94,0.5694,0.48,1,0
2022-11-01,sh.600998,13.79066013,14.08687956,13.58220942,13.96619757,13.77968904,10295320,129983479.74,0.5494,1.3535,1,0
2022-11-02,sh.600998,13.96619757,14.262417,13.8235734,13.90037103,13.96619757,11739979,150557972.88,0.6265,-0.4713,1,0
2022-11-03,sh.600998,13.8235734,13.87842885,13.65900705,13.75774686,13.90037103,9437203,118455975.23,0.5036,-1.026,1,0
2022-11-04,sh.600998,13.8235734,14.01008193,13.64803596,13.95522648,13.75774686,9733419,122774231.66,0.5194,1.4354,1,0
2022-11-07,sh.600998,13.9332843,13.9332843,13.65900705,13.81260231,13.95522648,6190750,77762689.03,0.3304,-1.022,1,0
2022-11-08,sh.600998,13.92231321,14.08687956,13.64803596,14.02105302,13.81260231,8157543,103536016.7,0.4353,1.5091,1,0
2022-11-09,sh.600998,14.03202411,14.09785065,13.91134212,13.96619757,14.02105302,3303038,42093704.46,0.1763,-0.3912,1,0
2022-11-10,sh.600998,13.86745776,14.18561937,13.84551558,13.98813975,13.96619757,5327694,68319783.78,0.2843,0.1571,1,0
2022-11-11,sh.600998,14.1527061,14.28435918,13.91134212,13.94425539,13.98813975,6687578,86253401.97,0.3569,-0.3137,1,0
2022-11-14,sh.600998,13.90037103,14.64640515,13.8235734,14.61349188,13.94425539,15994046,211579038.27,0.8535,4.7994,1,0
2022-11-15,sh.600998,14.55863643,14.7012606,14.36115681,14.61349188,14.61349188,10274695,136003031.65,0.5483,0.0,1,0
2022-11-16,sh.600998,14.61349188,14.89874022,14.51475207,14.53669425,14.61349188,7465663,99656164.64,0.3984,-0.5255,1,0
2022-11-17,sh.600998,14.52572316,15.01942221,14.43795444,14.93165349,14.53669425,12161454,164271013.97,0.649,2.717,1,0
2022-11-18,sh.600998,14.90971131,15.23884401,14.80000041,14.97553785,14.93165349,10362850,141634574.32,0.553,0.2939,1,0
2022-11-21,sh.600998,14.9206824,15.10719093,14.80000041,14.99748003,14.97553785,6632308,90490221.3,0.3539,0.1465,1,0
2022-11-22,sh.600998,14.99748003,15.16204638,14.42698335,14.54766534,14.99748003,10923091,146025606.58,0.5829,-2.9993,1,0
2022-11-23,sh.600998,14.49280989,14.64640515,14.1527061,14.41601226,14.54766534,7168330,93768152.04,0.3825,-0.905,1,0
2022-11-24,sh.600998,14.39407008,14.52572316,14.30630136,14.47086771,14.41601226,3901397,51258349.68,0.2082,0.3805,1,0
2022-11-25,sh.600998,14.41601226,14.58057861,14.11979283,14.50378098,14.47086771,4883305,64044375.69,0.2606,0.2274,1,0
2022-11-28,sh.600998,14.39407008,14.73417387,14.31727245,14.5915497,14.50378098,5990457,79704003.52,0.3197,0.6051,1,0
2022-11-29,sh.600998,14.54766534,15.06330657,14.52572316,15.00845112,14.5915497,9099664,123785303.85,0.4856,2.8571,1,0
2022-11-30,sh.600998,15.0303933,15.17301747,14.7012606,14.80000041,15.00845112,10113066,137707006.99,0.5397,-1.3889,1,0
2022-12-01,sh.600998,15.08524875,15.19495965,14.61349188,14.82194259,14.80000041,8892406,120572663.21,0.4745,0.1483,1,0
2022-12-02,sh.600998,14.80000041,15.08524875,14.73417387,14.98650894,14.82194259,5622757,76649460.3,0.3001,1.1103,1,0
2022-12-05,sh.600998,15.39243927,15.74351415,15.06330657,15.32661273,14.98650894,15933046,223887853.41,0.8503,2.2694,1,0
2022-12-06,sh.600998,15.2498151,15.85322505,15.16204638,15.21690183,15.32661273,12490443,176743913.09,0.6666,-0.7158,1,0
2022-12-07,sh.600998,15.43632363,15.6886587,15.21690183,15.56797671,15.21690183,11455193,161392114.59,0.6113,2.3071,1,0
2022-12-08,sh.600998,15.4692369,15.93002268,15.37049709,15.67768761,15.56797671,14971713,213860082.91,0.799,0.7047,1,0
2022-12-09,sh.600998,15.77642742,16.37983737,15.60088998,15.93002268,15.67768761,16694424,244869851.12,0.8909,1.6095,1,0
2022-12-12,sh.600998,16.16041557,16.30303974,15.82031178,16.07264685,15.93002268,10700238,156471905.95,0.571,0.8953,1,0
2022-12-13,sh.600998,16.3469241,16.42372173,15.66671652,15.9080805,16.07264685,11726587,169846153.06,0.6258,-1.0239,1,0
2022-12-14,sh.600998,15.6886587,15.85322505,15.54603453,15.66671652,15.9080805,6796853,96897288.26,0.3627,-1.5172,1,0
2022-12-15,sh.600998,15.73254306,15.78739851,15.359526,15.50215017,15.66671652,7971620,112987554.69,0.4254,-1.0504,1,0
2022-12-16,sh.600998,15.52409235,15.60088998,15.37049709,15.60088998,15.50215017,7558834,106975159.07,0.4034,0.6369,1,0
2022-12-19,sh.600998,15.60088998,15.62283216,14.8109715,15.01942221,15.60088998,11900025,163236773.05,0.6351,-3.7271,1,0
2022-12-20,sh.600998,14.87679804,14.97553785,14.53669425,14.5915497,15.01942221,7511300,100467963.39,0.4008,-2.8488,1,0
2022-12-21,sh.600998,14.58057861,14.77805823,14.54766534,14.63543406,14.5915497,4923113,65732500.33,0.2627,0.3008,1,0
2022-12-22,sh.600998,14.63543406,14.69028951,14.39407008,14.42698335,14.63543406,3701058,49061974.42,0.1975,-1.4243,1,0
2022-12-23,sh.600998,14.39407008,14.5915497,14.38309899,14.43795444,14.42698335,2673900,35344286.64,0.1427,0.076,1,0
2022-12-26,sh.600998,14.72320278,14.8109715,14.49280989,14.53669425,14.43795444,6165559,82378217.08,0.329,0.6839,1,0
2022-12-27,sh.600998,14.5915497,14.5915497,14.05396629,14.29533027,14.53669425,5403085,70191464.27,0.2883,-1.6604,1,0
2022-12-28,sh.600998,14.30630136,14.40504117,14.17464828,14.31727245,14.29533027,4184419,54506959.89,0.2233,0.1535,1,0
2022-12-29,sh.600998,14.29533027,14.5915497,14.17464828,14.4818388,14.31727245,4325903,57080427.52,0.2309,1.1494,1,0
2022-12-30,sh.600998,14.5915497,14.5915497,14.25144591,14.30630136,14.4818388,3822395,50084144.25,0.204,-1.2121,1,0
2023-01-03,sh.600998,14.47086771,14.94262458,14.39407008,14.76708714,14.30630136,8699122,116731847.4,0.4642,3.2209,1,0
2023-01-04,sh.600998,14.76708714,14.86582695,14.60252079,14.75611605,14.76708714,5577345,75019081.8,0.2976,-0.0743,1,0
2023-01-05,sh.600998,14.75611605,15.01942221,14.64640515,14.90971131,14.75611605,5295502,71990784.26,0.2826,1.0409,1,0
2023-01-06,sh.600998,14.89874022,14.97553785,14.74514496,14.83291368,14.90971131,3465173,46936601.04,0.1849,-0.5151,1,0
2023-01-09,sh.600998,14.80000041,14.98650894,14.65737624,14.80000041,14.83291368,5739995,77578738.98,0.3063,-0.2219,1,0
2023-01-10,sh.600998,14.8109715,14.89874022,14.64640515,14.75611605,14.80000041,4529197,60891836.99,0.2417,-0.2965,1,0
2023-01-11,sh.600998,14.73417387,14.9206824,14.5915497,14.77805823,14.75611605,4198280,56560974.2,0.224,0.1487,1,0
2023-01-12,sh.600998,14.80000041,14.80000041,14.56960752,14.64640515,14.77805823,4282214,57170874.95,0.2285,-0.8909,1,0
2023-01-13,sh.600998,14.64640515,14.94262458,14.5915497,14.9206824,14.64640515,4030454,54486196.49,0.2151,1.8727,1,0
2023-01-16,sh.600998,14.89874022,15.31564164,14.87679804,15.2498151,14.9206824,6770902,93706833.87,0.3613,2.2059,1,0
2023-01-17,sh.600998,15.2498151,15.29369946,15.00845112,15.05233548,15.2498151,4226336,58191183.1,0.2255,-1.295,1,0
2023-01-18,sh.600998,15.07427766,15.17301747,14.96456676,15.07427766,15.05233548,2795335,38392497.4,0.1492,0.1458,1,0
2023-01-19,sh.600998,15.00845112,15.09621984,14.89874022,14.97553785,15.07427766,5919890,80848482.78,0.3159,-0.655,1,0
2023-01-20,sh.600998,15.06330657,15.17301747,14.84388477,14.98650894,14.97553785,5136837,70245848.59,0.2741,0.0733,1,0
2023-01-30,sh.600998,14.99748003,15.1401042,14.82194259,14.85485586,14.98650894,6866977,93625884.34,0.3665,-0.8785,1,0
2023-01-31,sh.600998,14.96456676,14.99748003,14.76708714,14.87679804,14.85485586,5451713,74046731.74,0.2909,0.1477,1,0
2023-02-01,sh.600998,14.55863643,14.98650894,14.55863643,14.60252079,14.87679804,9781334,130733246.12,0.522,-1.8437,1,0
2023-02-02,sh.600998,14.53669425,14.65737624,14.50378098,14.60252079,14.60252079,7707998,102505559.51,0.4113,0.0,1,0
2023-02-03,sh.600998,14.61349188,14.63543406,14.31727245,14.36115681,14.60252079,5057232,66477830.56,0.2699,-1.6529,1,0
2023-02-06,sh.600998,14.36115681,14.5915497,14.27338809,14.4818388,14.36115681,5866719,77394438.17,0.3131,0.8403,1,0
2023-02-07,sh.600998,14.35018572,14.51475207,14.16367719,14.19659046,14.4818388,5212717,67888450.08,0.2782,-1.9697,1,0
2023-02-08,sh.600998,14.19659046,14.30630136,14.13076392,14.13076392,14.19659046,3687572,47712463.09,0.1968,-0.4637,1,0
2023-02-09,sh.600998,14.09785065,14.40504117,14.06493738,14.32824354,14.13076392,4391475,57239460.83,0.2344,1.3975,1,0
2023-02-10,sh.600998,14.32824354,14.42698335,14.13076392,14.25144591,14.32824354,4084424,53015588.46,0.218,-0.536,1,0
2023-02-13,sh.600998,14.28435918,14.52572316,14.20756155,14.45989662,14.25144591,6400232,84282608.34,0.3416,1.4627,1,0
2023-02-14,sh.600998,14.52572316,14.56960752,14.42698335,14.55863643,14.45989662,4199917,55512018.66,0.2241,0.6829,1,0
2023-02-15,sh.600998,14.61349188,15.51312126,14.5915497,15.19495965,14.55863643,19850248,275366798.85,1.0593,4.3708,1,0
2023-02-16,sh.600998,15.19495965,15.80934069,14.97553785,15.10719093,15.19495965,25426071,358910208.64,1.3569,-0.5776,1,0
2023-02-17,sh.600998,15.09621984,15.39243927,14.97553785,15.26078619,15.10719093,10461633,145156348.72,0.5583,1.0167,1,0
2023-02-20,sh.600998,15.26078619,15.56797671,14.98650894,15.51312126,15.26078619,11719593,163986478.92,0.6254,1.6535,1,0
2023-02-21,sh.600998,15.51312126,15.76545633,15.45826581,15.63380325,15.51312126,8581930,122154349.87,0.458,0.7779,1,0
2023-02-22,sh.600998,15.63380325,15.83128287,15.4692369,15.78739851,15.63380325,9988567,143206234.89,0.533,0.9825,1,0
2023-02-23,sh.600998,15.75448524,15.75448524,15.2498151,15.43632363,15.78739851,9232656,130150714.28,0.4927,-2.2238,1,0
2023-02-24,sh.600998,15.5789478,15.58991889,15.27175728,15.42535254,15.43632363,5582601,78457883.0,0.2979,-0.0711,1,0
2023-02-27,sh.600998,15.32661273,15.55700562,15.21690183,15.40341036,15.42535254,7332799,103110168.13,0.3913,-0.1422,1,0
2023-02-28,sh.600998,15.45826581,15.94099377,15.45826581,15.87516723,15.40341036,10878706,155993391.61,0.5805,3.0627,1,0
2023-03-01,sh.600998,15.82031178,16.3469241,15.7983696,15.93002268,15.87516723,21535976,316810510.84,1.1493,0.3455,1,0
2023-03-02,sh.600998,15.98487813,16.11653121,15.84225396,16.02876249,15.93002268,6849113,99725147.59,0.3655,0.6198,1,0
2023-03-03,sh.600998,15.98487813,16.29206865,15.89710941,16.03973358,16.02876249,6840989,100140206.62,0.3651,0.0684,1,0
2023-03-06,sh.600998,16.0177914,16.46760609,15.80934069,16.2372132,16.03973358,11441127,169325409.66,0.6106,1.2312,1,0
2023-03-07,sh.600998,16.19332884,16.39080846,15.7983696,15.84225396,16.2372132,6668647,97294358.05,0.3559,-2.4324,1,0
2023-03-08,sh.600998,15.85322505,16.19332884,15.80934069,16.03973358,15.84225396,6825617,99952999.77,0.3643,1.2465,1,0
2023-03-09,sh.600998,16.11653121,16.22624211,15.7983696,15.9080805,16.03973358,7763325,113028365.85,0.4143,-0.8208,1,0
2023-03-10,sh.600998,15.9080805,16.21527102,15.7983696,15.87516723,15.9080805,7689495,111928965.98,0.4104,-0.2069,1,0
2023-03-13,sh.600998,15.87516723,16.35789519,15.69962979,16.29206865,15.87516723,10794382,159492105.77,0.576,2.6261,1,0
2023-03-14,sh.600998,16.35789519,16.48954827,16.11653121,16.28109756,16.29206865,8548970,127145015.64,0.4562,-0.0673,1,0
2023-03-15,sh.600998,15.95196486,16.456635,15.95196486,16.29206865,16.28109756,7781813,115702479.51,0.4153,0.0674,1,0
2023-03-16,sh.600998,16.24818429,16.93936296,16.21527102,16.73091225,16.29206865,14007443,213201245.2,0.7475,2.6936,1,0
2023-03-17,sh.600998,16.7857677,17.07101604,16.52246154,16.62120135,16.73091225,10692282,163620215.07,0.5706,-0.6557,1,0
2023-03-20,sh.600998,16.6760568,16.73091225,16.05070467,16.14944448,16.62120135,8817994,130443640.04,0.4706,-2.8383,1,0
2023-03-21,sh.600998,16.19332884,16.62120135,16.16041557,16.41275064,16.14944448,6435891,95900342.92,0.3435,1.6304,1,0
2023-03-22,sh.600998,16.41275064,16.44566391,16.0177914,16.21527102,16.41275064,5480578,80732403.58,0.2925,-1.2032,1,0
2023-03-23,sh.600998,16.21527102,16.3469241,16.1275023,16.29206865,16.21527102,4745309,70311707.48,0.2532,0.4736,1,0
2023-03-24,sh.600998,16.33595301,16.63217244,16.24818429,16.456635,16.29206865,8267613,123671459.89,0.4412,1.0101,1,0
2023-03-27,sh.600998,16.82965206,17.06004495,16.52246154,16.54440372,16.456635,10862451,165836799.5,0.5797,0.5333,1,0
2023-03-28,sh.600998,16.51149045,16.87353642,16.43469282,16.73091225,16.54440372,6503707,98846763.24,0.3471,1.1273,1,0
2023-03-29,sh.600998,16.7857677,16.92839187,16.58828808,16.74188334,16.73091225,5080379,77392525.72,0.2711,0.0656,1,0
2023-03-30,sh.600998,16.68702789,16.69799898,16.36886628,16.47857718,16.74188334,3818985,57394441.33,0.2038,-1.5727,1,0
2023-03-31,sh.600998,16.50051936,16.65411462,16.3469241,16.39080846,16.47857718,3960220,59452069.67,0.2113,-0.5326,1,0
2023-04-03,sh.600998,16.3469241,16.50051936,15.78739851,15.84225396,16.39080846,8828152,128553108.67,0.4711,-3.3467,1,0
2023-04-04,sh.600998,15.85322505,16.36886628,15.80934069,16.32498192,15.84225396,6329323,93248050.27,0.3378,3.0471,1,0
2023-04-06,sh.600998,16.32498192,16.6760568,15.9080805,16.00682031,16.32498192,6982152,103450770.04,0.3726,-1.9489,1,0
2023-04-07,sh.600998,16.06167576,16.28109756,15.88613832,15.98487813,16.00682031,5132437,75207488.77,0.2739,-0.1371,1,0
2023-04-10,sh.600998,15.94099377,15.98487813,15.32661273,15.5789478,15.98487813,9420820,133869679.0,0.5027,-2.5395,1,0
2023-04-11,sh.600998,15.76545633,16.3469241,15.48020799,16.29206865,15.5789478,11840829,172505926.05,0.6319,4.5775,1,0
2023-04-12,sh.600998,16.2372132,16.66508571,16.06167576,16.13847339,16.29206865,8368379,125025086.83,0.4466,-0.9428,1,0
2023-04-13,sh.600998,16.1275023,16.76382552,15.98487813,16.54440372,16.13847339,7631296,114807565.79,0.4072,2.5153,1,0
2023-04-14,sh.600998,16.57731699,16.76382552,16.32498192,16.37983737,16.54440372,4644486,69673152.88,0.2479,-0.9947,1,0
2023-04-17,sh.600998,16.40177955,17.553744,16.37983737,17.42209092,16.37983737,22936611,360293143.23,1.224,6.363,1,0
2023-04-18,sh.600998,17.4440331,17.68539708,17.19169803,17.50985964,17.42209092,10675456,170143122.38,0.5697,0.5038,1,0
2023-04-19,sh.600998,17.4440331,17.56471509,17.26849566,17.45500419,17.50985964,5292108,84299468.19,0.2824,-0.3133,1,0
2023-04-20,sh.600998,17.36723547,17.61957054,17.3343222,17.57568618,17.45500419,7469202,119399499.76,0.3986,0.6914,1,0
2023-04-21,sh.600998,17.50985964,17.7731658,17.42209092,17.46597528,17.57568618,7209243,115650507.16,0.3847,-0.6242,1,0
2023-04-24,sh.600998,17.46597528,17.94870324,17.41111983,17.65248381,17.46597528,10122990,163518946.24,0.5402,1.0678,1,0
2023-04-25,sh.600998,17.8828767,18.61793973,17.6634549,18.53017101,17.65248381,21052363,351729209.15,1.1235,4.972,1,0
2023-04-26,sh.600998,18.35463357,18.4314312,17.54277291,17.7731658,18.53017101,12692151,206948661.55,0.6773,-4.0853,1,0
2023-04-27,sh.600998,17.98161651,18.80444826,17.7731658,18.36560466,17.7731658,14990216,252119013.8,0.8,3.3333,1,0
2023-04-28,sh.600998,18.33269139,18.48628665,18.00355869,18.17909613,18.36560466,8790268,145942054.55,0.4691,-1.0155,1,0
2023-05-04,sh.600998,18.17909613,18.56308428,17.84996343,18.05841414,18.17909613,11602810,191621727.86,0.6192,-0.6639,1,0
2023-05-05,sh.600998,18.1022985,18.16812504,17.553744,17.83899234,18.05841414,7747463,125310993.89,0.4134,-1.2151,1,0
2023-05-08,sh.600998,17.78413689,18.26686485,17.76219471,17.82802125,17.83899234,6267515,102274230.0,0.3345,-0.0615,1,0
2023-05-09,sh.600998,17.81705016,17.83899234,17.31238002,17.42209092,17.82802125,6468631,103423524.21,0.3452,-2.2769,1,0
2023-05-10,sh.600998,17.36723547,17.53180182,17.13684258,17.25752457,17.42209092,7239198,114003358.63,0.3863,-0.9446,1,0
2023-05-11,sh.600998,17.34529329,17.53180182,16.95033405,17.01616059,17.25752457,4102564,64113197.92,0.2189,-1.3986,1,0
2023-05-12,sh.600998,16.90644969,17.42209092,16.90644969,17.08198713,17.01616059,3607171,56449932.37,0.1925,0.3868,1,0
2023-05-15,sh.600998,17.09295822,17.20266912,16.65411462,17.10392931,17.08198713,5829369,89905002.43,0.3111,0.1285,1,0
2023-05-16,sh.600998,17.1149004,17.37820656,17.04907386,17.13684258,17.10392931,4805181,75266404.2,0.2564,0.1924,1,0
2023-05-17,sh.600998,17.01616059,17.21364021,16.70897007,17.03810277,17.13684258,4449400,68678340.8,0.2374,-0.5762,1,0
2023-05-18,sh.600998,17.08198713,17.26849566,16.95033405,17.0051895,17.03810277,3734560,58089298.4,0.1993,-0.1932,1,0
2023-05-19,sh.600998,17.08198713,17.35626438,16.95033405,17.26849566,17.0051895,3556143,55806022.47,0.1898,1.5484,1,0
2023-05-22,sh.600998,17.30140893,17.79510798,17.23558239,17.57568618,17.26849566,6282172,100690448.7,0.3353,1.7789,1,0
2023-05-23,sh.600998,17.71831035,18.2120094,17.57568618,17.8828767,17.57568618,6459032,105810167.34,0.3447,1.7478,1,0
2023-05-24,sh.600998,17.72928144,17.87190561,17.1149004,17.20266912,17.8828767,7051860,111808398.28,0.3763,-3.8037,1,0
2023-05-25,sh.600998,17.16975585,17.25752457,16.57731699,16.75285443,17.20266912,7989900,122193797.86,0.4264,-2.6148,1,0
2023-05-26,sh.600998,16.70897007,17.06004495,16.55537481,16.93936296,16.75285443,6802464,104458884.44,0.363,1.1133,1,0
2023-05-29,sh.600998,16.92839187,17.59762836,16.90644969,17.45500419,16.93936296,7651692,121287104.37,0.4083,3.044,1,0
2023-05-30,sh.600998,17.42209092,17.86093452,17.40014874,17.58665727,17.45500419,6034400,96976011.42,0.322,0.7542,1,0
2023-05-31,sh.600998,17.53180182,17.93773215,17.53180182,17.79510798,17.58665727,5445700,88154330.0,0.2906,1.1853,1,0
2023-06-01,sh.600998,17.78413689,17.8828767,17.34529329,17.40014874,17.79510798,6681863,107269456.66,0.3566,-2.2195,1,0
2023-06-02,sh.600998,17.40014874,17.68539708,17.24655348,17.553744,17.40014874,5722182,91267459.16,0.3054,0.8827,1,0
2023-06-05,sh.600998,17.553744,18.24492267,17.52083073,18.2120094,17.553744,7866585,128273952.05,0.4198,3.75,1,0
2023-06-06,sh.600998,18.09132741,18.29977812,17.80607907,17.93773215,18.2120094,6359400,104783943.0,0.3394,-1.506,1,0
2023-06-07,sh.600998,17.93773215,18.46434447,17.90481888,18.23395158,17.93773215,5849550,97189450.03,0.3122,1.6514,1,0
2023-06-08,sh.600998,18.22298049,18.28880703,17.54277291,17.63054163,18.23395158,6702675,108441953.52,0.3577,-3.3093,1,0
2023-06-09,sh.600998,17.69636817,17.69636817,17.09295822,17.16975585,17.63054163,7279861,114757565.24,0.3885,-2.6136,1,0
2023-06-12,sh.600998,17.19169803,17.24655348,16.5663459,16.80770988,17.16975585,7297555,111798584.02,0.3894,-2.1086,1,0
2023-06-13,sh.600998,16.7857677,16.92839187,16.47857718,16.54440372,16.80770988,8424957,128152971.57,0.4496,-1.5666,1,0
2023-06-14,sh.600998,16.54440372,17.1149004,16.54440372,16.87353642,16.54440372,5158667,79407670.35,0.2753,1.9894,1,0
2023-06-15,sh.600998,16.81868097,16.87353642,16.54440372,16.70897007,16.87353642,3717870,56424844.1,0.1984,-0.9753,1,0
2023-06-16,sh.600998,16.66508571,16.95033405,16.42372173,16.50051936,16.70897007,8063842,122289333.92,0.4303,-1.2475,1,0
2023-06-19,sh.600998,16.52246154,16.70897007,16.3469241,16.54440372,16.50051936,3846400,57935692.0,0.2053,0.266,1,0
2023-06-20,sh.600998,16.47857718,16.87353642,16.36886628,16.43469282,16.54440372,5766695,87158918.64,0.3077,-0.6631,1,0
2023-06-21,sh.600998,16.51149045,16.59925917,16.32498192,16.3469241,16.43469282,5037503,75447125.5,0.2688,-0.534,1,0
2023-06-26,sh.600998,16.42372173,16.58828808,16.19332884,16.24818429,16.3469241,4825000,71787739.0,0.2575,-0.604,1,0
2023-06-27,sh.600998,16.40177955,16.64314353,16.29206865,16.41275064,16.24818429,6227433,93403528.78,0.3323,1.0128,1,0
2023-06-28,sh.600998,16.48954827,16.63217244,16.27012647,16.42372173,16.41275064,6049426,90474034.84,0.3228,0.0668,1,0
2023-06-29,sh.600998,16.60978368,17.03263968,16.28841312,16.77892608,16.42372704,14327166,141043436.12,0.5131,2.1627,1,0
2023-06-30,sh.600998,16.79584032,17.65846656,16.67744064,17.55698112,16.77892608,17058967,175267410.54,0.611,4.6371,1,0
2023-07-03,sh.600998,17.54006688,17.55698112,16.79584032,17.30326752,17.55698112,16568029,167616861.85,0.5934,-1.4451,1,0
2023-07-04,sh.600998,17.2525248,17.2525248,16.4068128,16.44064128,17.30326752,18263766,179053069.84,0.6541,-4.9853,1,0
2023-07-05,sh.600998,16.44064128,16.55904096,16.27149888,16.28841312,16.44064128,9755817,94452015.05,0.3494,-0.9259,1,0
2023-07-06,sh.600998,16.30532736,16.54212672,16.22075616,16.33915584,16.28841312,9009886,87131603.06,0.3227,0.3115,1,0
2023-07-07,sh.600998,16.2376704,16.4068128,16.10235648,16.33915584,16.33915584,7489638,72168552.57,0.2682,0.0,1,0
2023-07-10,sh.600998,16.44064128,16.79584032,16.33915584,16.69435488,16.33915584,9654276,94877382.11,0.3458,2.1739,1,0
2023-07-11,sh.600998,16.72818336,16.84658304,16.50829824,16.6605264,16.69435488,6784240,66782534.88,0.243,-0.2026,1,0
2023-07-12,sh.600998,16.67744064,16.67744064,16.44064128,16.45755552,16.6605264,4651660,45418161.74,0.1666,-1.2183,1,0
2023-07-13,sh.600998,16.44064128,16.6605264,16.42372704,16.5759552,16.45755552,5829315,57069025.63,0.2088,0.7194,1,0
2023-07-14,sh.600998,16.55904096,16.71126912,16.50829824,16.5759552,16.5759552,3743280,36752052.93,0.1341,0.0,1,0
2023-07-17,sh.600998,16.55904096,16.60978368,16.35607008,16.59286944,16.5759552,5202045,50642526.86,0.1863,0.102,1,0
2023-07-18,sh.600998,16.59286944,16.91424,16.5759552,16.71126912,16.59286944,6724730,66650468.9,0.2409,0.7136,1,0
2023-07-19,sh.600998,16.6605264,16.91424,16.64361216,16.79584032,16.71126912,5160065,51273892.12,0.1848,0.5061,1,0
2023-07-20,sh.600998,16.86349728,16.91424,16.6605264,16.72818336,16.79584032,4836453,48078786.17,0.1732,-0.4028,1,0
2023-07-21,sh.600998,16.6605264,16.8296688,16.60978368,16.6605264,16.72818336,4099910,40535808.5,0.1468,-0.4044,1,0
2023-07-24,sh.600998,16.3222416,16.89732576,16.2376704,16.86349728,16.6605264,11727442,116239956.39,0.42,1.2183,1,0
2023-07-25,sh.600998,16.86349728,16.94806848,16.59286944,16.69435488,16.86349728,8960352,88799962.65,0.3209,-1.003,1,0
2023-07-26,sh.600998,16.69435488,16.86349728,16.59286944,16.8296688,16.69435488,5632076,55961200.75,0.2017,0.8105,1,0
2023-07-27,sh.600998,16.8296688,16.8296688,16.62669792,16.71126912,16.8296688,5430236,53638902.19,0.1945,-0.7035,1,0
2023-07-28,sh.600998,16.77892608,16.94806848,16.64361216,16.89732576,16.71126912,8733594,86965403.57,0.3128,1.1134,1,0
2023-07-31,sh.600998,16.88041152,17.11721088,16.67744064,16.76201184,16.89732576,12263897,122237462.24,0.4392,-0.8008,1,0
2023-08-01,sh.600998,16.71126912,16.72818336,16.25458464,16.3222416,16.76201184,11427295,111091974.3,0.4093,-2.6236,1,0
2023-08-02,sh.600998,16.33915584,16.37298432,15.9839568,16.068528,16.3222416,9184269,87736620.6,0.3289,-1.5544,1,0
2023-08-03,sh.600998,16.01778528,16.42372704,16.00087104,16.4068128,16.068528,7523801,72380758.24,0.2695,2.1053,1,0
2023-08-04,sh.600998,16.491384,16.50829824,16.3222416,16.37298432,16.4068128,6671535,64626182.76,0.2389,-0.2062,1,0
2023-08-07,sh.600998,16.4068128,16.44064128,16.068528,16.17001344,16.37298432,8720434,83599607.49,0.3123,-1.2397,1,0
2023-08-08,sh.600998,16.17001344,16.79584032,16.01778528,16.60978368,16.17001344,13751400,134520706.17,0.4925,2.7197,1,0
2023-08-09,sh.600998,16.59286944,16.6605264,16.3222416,16.54212672,16.60978368,12573116,122597497.91,0.4503,-0.4073,1,0
2023-08-10,sh.600998,16.54212672,16.5759552,16.22075616,16.37298432,16.54212672,6455539,62381782.4,0.2312,-1.0225,1,0
2023-08-11,sh.600998,16.37298432,16.491384,16.1530992,16.20384192,16.37298432,6653593,64173526.7,0.2383,-1.0331,1,0
2023-08-14,sh.600998,16.13618496,16.47446976,16.03469952,16.42372704,16.20384192,6671392,64084842.87,0.2389,1.357,1,0
2023-08-15,sh.600998,16.35607008,16.8296688,16.2376704,16.64361216,16.42372704,10875098,106650985.06,0.3895,1.3388,1,0
2023-08-16,sh.600998,16.64361216,16.8296688,16.55904096,16.69435488,16.64361216,9670509,95780637.22,0.3464,0.3049,1,0
2023-08-17,sh.600998,16.60978368,16.86349728,16.55904096,16.76201184,16.69435488,8368253,82871072.32,0.2997,0.4053,1,0
2023-08-18,sh.600998,16.81275456,16.8296688,16.17001344,16.20384192,16.76201184,9202473,89266608.22,0.3296,-3.33,1,0
2023-08-21,sh.600998,16.20384192,16.3222416,15.7302432,15.7302432,16.20384192,8093416,75992137.8,0.2899,-2.9228,1,0
2023-08-22,sh.600998,15.7302432,15.8148144,15.3919584,15.645672,15.7302432,8320281,76706894.4,0.298,-0.5376,1,0
2023-08-23,sh.600998,15.69641472,16.10235648,15.5611008,15.8993856,15.645672,8171556,76764471.83,0.2927,1.6216,1,0
2023-08-24,sh.600998,15.91629984,16.01778528,15.61184352,15.645672,15.8993856,7441891,69236790.86,0.2665,-1.5957,1,0
2023-08-25,sh.600998,15.66258624,15.86555712,15.57801504,15.61184352,15.645672,4192077,38954978.29,0.1501,-0.2162,1,0
2023-08-28,sh.600998,16.1530992,16.45755552,15.8993856,15.96704256,15.61184352,10164287,97117026.78,0.364,2.2752,1,0
2023-08-29,sh.600998,15.88247136,17.01572544,15.78098592,16.91424,15.96704256,19942289,195929567.03,0.7142,5.9322,1,0
2023-08-30,sh.600998,16.91424,17.11721088,16.55904096,16.9988112,16.91424,12293929,122741692.61,0.4403,0.5,1,0
2023-08-31,sh.600998,17.06646816,17.48932416,16.9988112,17.47240992,16.9988112,14080719,144208007.51,0.5043,2.7861,1,0
2023-09-01,sh.600998,17.28635328,17.47240992,16.8296688,16.9988112,17.47240992,10961533,110458266.15,0.3926,-2.7106,1,0
2023-09-04,sh.600998,17.0833824,17.43858144,17.03263968,17.18486784,16.9988112,12890370,131398305.44,0.4617,1.0945,1,0
2023-09-05,sh.600998,17.18486784,17.5908096,17.10029664,17.32018176,17.18486784,9822147,101019580.29,0.3518,0.7874,1,0
2023-09-06,sh.600998,17.26943904,17.48932416,17.0833824,17.18486784,17.32018176,6569420,66987953.78,0.2353,-0.7813,1,0
2023-09-07,sh.600998,17.18486784,17.28635328,16.9988112,17.1679536,17.18486784,7694121,78012440.5,0.2756,-0.0984,1,0
2023-09-08,sh.600998,17.0833824,17.32018176,16.9988112,17.0833824,17.1679536,4029776,40798445.2,0.1443,-0.4926,1,0
2023-09-11,sh.600998,17.13412512,17.6753808,17.11721088,17.47240992,17.0833824,13036535,135008636.22,0.4669,2.2772,1,0
2023-09-12,sh.600998,17.5062384,17.65846656,17.30326752,17.45549568,17.47240992,6886921,71171380.58,0.2467,-0.0968,1,0
2023-09-13,sh.600998,17.45549568,17.86143744,17.37092448,17.54006688,17.45549568,8206487,85280258.77,0.2939,0.4845,1,0
2023-09-14,sh.600998,17.45549568,17.6753808,17.40475296,17.52315264,17.54006688,9526910,98603876.13,0.3412,-0.0964,1,0
2023-09-15,sh.600998,17.52315264,17.759952,17.48932416,17.69229504,17.52315264,8916757,93144623.37,0.3194,0.9653,1,0
2023-09-18,sh.600998,17.69229504,17.99675136,17.5908096,17.81069472,17.69229504,12290969,129009418.71,0.4402,0.6692,1,0
2023-09-19,sh.600998,17.82760896,18.21663648,17.81069472,17.91218016,17.81069472,9653854,102659498.97,0.3458,0.5698,1,0
2023-09-20,sh.600998,17.9290944,18.16589376,17.77686624,18.11515104,17.91218016,10046903,107148919.09,0.3598,1.1331,1,0
2023-09-21,sh.600998,18.11515104,18.19972224,17.759952,17.91218016,18.11515104,9397860,99689780.09,0.3366,-1.1204,1,0
2023-09-22,sh.600998,17.89526592,18.13206528,17.74303776,18.08132256,17.91218016,7537698,80017374.68,0.27,0.9443,1,0
2023-09-25,sh.600998,18.04749408,18.3519504,17.94600864,18.14897952,18.08132256,9049061,97235149.26,0.3241,0.3742,1,0
2023-09-26,sh.600998,18.14897952,18.28429344,18.03057984,18.13206528,18.14897952,8651526,92931639.05,0.3099,-0.0932,1,0
2023-09-27,sh.600998,18.182808,18.33503616,18.0982368,18.30120768,18.13206528,8971307,96714150.25,0.3213,0.9328,1,0
2023-09-28,sh.600998,18.31812192,18.48726432,18.25046496,18.31812192,18.30120768,10890204,118260488.51,0.39,0.0924,1,0
2023-10-09,sh.600998,18.31812192,18.41960736,17.77686624,18.0982368,18.31812192,10198297,108453986.57,0.3653,-1.2004,1,0
2023-10-10,sh.600998,18.14897952,18.16589376,17.77686624,17.89526592,18.0982368,8704211,92262624.65,0.3117,-1.1215,1,0
2023-10-11,sh.600998,17.87835168,18.16589376,17.86143744,17.91218016,17.89526592,7950767,84632727.79,0.2848,0.0945,1,0
2023-10-12,sh.600998,17.98325265,18.17279945,17.79370585,17.9121726,17.9121726,14614000,110764636.12,0.3739,0.0,1,0
2023-10-13,sh.600998,17.7700125,18.1017194,17.74631915,18.0543327,17.9121726,13676584,103890519.67,0.3499,0.7937,1,0
2023-10-16,sh.600998,18.006946,18.4334263,18.006946,18.1017194,18.0543327,13485393,103481268.06,0.345,0.2625,1,0
2023-10-17,sh.600998,18.17279945,18.2912662,17.9595593,18.22018615,18.1017194,10097633,77222108.32,0.2583,0.6545,1,0
2023-10-18,sh.600998,18.1964928,18.2912662,17.9121726,18.0543327,18.22018615,10337802,78704013.56,0.2645,-0.9103,1,0
2023-10-19,sh.600998,18.006946,18.006946,17.6278524,17.6752391,18.0543327,10906493,81628679.27,0.279,-2.0997,1,0
2023-10-20,sh.600998,17.6752391,17.9595593,17.5804657,17.7700125,17.6752391,10349405,77728728.55,0.2648,0.5362,1,0
2023-10-23,sh.600998,17.7700125,17.8647859,17.36722555,17.46199895,17.7700125,9055624,67224728.17,0.2317,-1.7333,1,0
2023-10-24,sh.600998,17.55677235,17.88847925,17.36722555,17.7226258,17.46199895,11992947,89377655.93,0.3068,1.4925,1,0
2023-10-25,sh.600998,17.7700125,18.07802605,17.5804657,17.6278524,17.7226258,10142530,76335278.26,0.2595,-0.5348,1,0
2023-10-26,sh.600998,17.60415905,17.7226258,17.36722555,17.65154575,17.6278524,11418181,84735267.54,0.2921,0.1344,1,0
2023-10-27,sh.600998,17.17767875,17.93586595,17.13029205,17.6278524,17.65154575,20596389,152929620.78,0.5269,-0.1342,1,0
2023-10-30,sh.600998,17.6278524,17.7226258,16.585345,16.70381175,17.6278524,25273072,179128961.48,0.6466,-5.2419,1,0
2023-10-31,sh.600998,16.70381175,16.98813195,16.70381175,16.8696652,16.70381175,14287255,101855044.06,0.3655,0.9929,1,0
2023-11-01,sh.600998,16.9170519,17.2013721,16.8696652,17.13029205,16.8696652,11809199,85043888.63,0.3021,1.5449,1,0
2023-11-02,sh.600998,17.13029205,17.31983885,17.03551865,17.27245215,17.13029205,10078133,73256175.16,0.2578,0.8299,1,0
2023-11-03,sh.600998,17.2487588,17.55677235,17.1539854,17.1539854,17.27245215,7645649,55938828.32,0.1956,-0.6859,1,0
2023-11-06,sh.600998,17.2013721,17.3909189,17.17767875,17.22506545,17.1539854,11050926,80470565.24,0.2827,0.4144,1,0
2023-11-07,sh.600998,17.22506545,17.55677235,17.13029205,17.2487588,17.22506545,10040892,73419773.7,0.2569,0.1376,1,0
2023-11-08,sh.600998,17.2961455,17.6752391,17.17767875,17.6278524,17.2487588,13942598,102994420.2,0.3567,2.1978,1,0
2023-11-09,sh.600998,17.6278524,17.74631915,17.2961455,17.50938565,17.6278524,11927810,88165693.32,0.3051,-0.672,1,0
2023-11-10,sh.600998,17.533079,17.88847925,17.2961455,17.7226258,17.50938565,12276161,91561997.76,0.3141,1.2179,1,0
2023-11-13,sh.600998,17.79370585,17.8173992,16.98813195,17.1539854,17.7226258,15034573,108929087.13,0.3846,-3.2086,1,0
2023-11-14,sh.600998,17.13029205,17.4383056,17.1065987,17.31983885,17.1539854,10952383,80013619.49,0.2802,0.9669,1,0
2023-11-15,sh.600998,17.31983885,17.4383056,17.059212,17.1539854,17.31983885,11804850,85362514.71,0.302,-0.9576,1,0
2023-11-16,sh.600998,17.1539854,17.2961455,17.08290535,17.1539854,17.1539854,8949162,65037577.91,0.2289,0.0,1,0
2023-11-17,sh.600998,17.1065987,17.2961455,16.9644386,17.2013721,17.1539854,9333454,67533810.74,0.2388,0.2762,1,0
2023-11-20,sh.600998,17.2961455,17.533079,17.17767875,17.50938565,17.2013721,14191719,104249273.76,0.3631,1.7906,1,0
2023-11-21,sh.600998,17.533079,17.60415905,17.27245215,17.3909189,17.50938565,8820123,64862242.09,0.2256,-0.6766,1,0
2023-11-22,sh.600998,17.3909189,17.65154575,17.3435322,17.4856923,17.3909189,9848230,72899238.32,0.2519,0.545,1,0
2023-11-23,sh.600998,17.4856923,17.74631915,17.27245215,17.69893245,17.4856923,10785494,79723350.93,0.2759,1.2195,1,0
2023-11-24,sh.600998,17.65154575,17.84109255,17.55677235,17.79370585,17.69893245,10420687,78034962.98,0.2666,0.5355,1,0
2023-11-27,sh.600998,17.84109255,17.9121726,17.60415905,17.6752391,17.79370585,9096414,68041950.17,0.2327,-0.6658,1,0
2023-11-28,sh.600998,17.65154575,17.84109255,17.3909189,17.79370585,17.6752391,9832609,73365892.1,0.2515,0.6702,1,0
2023-11-29,sh.600998,17.79370585,17.84109255,17.5804657,17.7226258,17.79370585,6945095,52032663.97,0.1777,-0.3995,1,0
2023-11-30,sh.600998,17.74631915,17.8647859,17.6278524,17.79370585,17.7226258,9403572,70524876.11,0.2406,0.4011,1,0
2023-12-01,sh.600998,17.79370585,17.93586595,17.60415905,17.7226258,17.79370585,7384905,55331266.81,0.1889,-0.3995,1,0
2023-12-04,sh.600998,17.79370585,17.84109255,17.50938565,17.69893245,17.7226258,11544313,86300767.05,0.2953,-0.1337,1,0
2023-12-05,sh.600998,17.6278524,17.79370585,17.5804657,17.6278524,17.69893245,8495766,63396270.25,0.2173,-0.4016,1,0
2023-12-06,sh.600998,17.55677235,17.74631915,17.22506545,17.6278524,17.6278524,9154918,67600145.4,0.2342,0.0,1,0
2023-12-07,sh.600998,17.6278524,17.6278524,17.36722555,17.533079,17.6278524,9434236,69810934.07,0.2414,-0.5376,1,0
2023-12-08,sh.600998,17.533079,17.7226258,17.4383056,17.50938565,17.533079,7886498,58489032.71,0.2018,-0.1351,1,0
2023-12-11,sh.600998,17.4383056,18.0543327,17.41461225,17.9595593,17.50938565,11743857,87816886.35,0.3004,2.571,1,0
2023-12-12,sh.600998,17.9595593,18.12541275,17.7700125,18.0543327,17.9595593,8029351,61069055.66,0.2054,0.5277,1,0
2023-12-13,sh.600998,18.07802605,18.36234625,17.9595593,18.17279945,18.0543327,12001643,92299065.17,0.307,0.6562,1,0
2023-12-14,sh.600998,18.07802605,18.17279945,17.6752391,17.74631915,18.17279945,13075431,98625379.66,0.3345,-2.3468,1,0
2023-12-15,sh.600998,17.6752391,17.74631915,16.8696652,16.89335855,17.74631915,19307113,139543736.92,0.4939,-4.8064,1,0
2023-12-18,sh.600998,16.8222785,17.31983885,16.7748918,17.03551865,16.89335855,15691011,113271656.82,0.4014,0.8415,1,0
2023-12-19,sh.600998,17.03551865,17.17767875,16.79858515,16.84597185,17.03551865,11958277,85388206.61,0.3059,-1.1127,1,0
2023-12-20,sh.600998,16.8696652,17.22506545,16.84597185,16.9170519,16.84597185,9323436,66968277.16,0.2385,0.4219,1,0
2023-12-21,sh.600998,16.89335855,16.94074525,16.7275051,16.7748918,16.9170519,11998063,85039295.19,0.3069,-0.8403,1,0
2023-12-22,sh.600998,16.8222785,16.89335855,16.60903835,16.65642505,16.7748918,9805688,69230288.17,0.2509,-0.7062,1,0
2023-12-25,sh.600998,16.65642505,16.89335855,16.60903835,16.8222785,16.65642505,9187044,65108742.86,0.235,0.9957,1,0
2023-12-26,sh.600998,16.84597185,16.9644386,16.7275051,16.84597185,16.8222785,6011976,42730596.97,0.1538,0.1408,1,0
2023-12-27,sh.600998,16.75119845,16.9644386,16.60903835,16.9170519,16.84597185,7672382,54271253.18,0.1963,0.4219,1,0
2023-12-28,sh.600998,16.89335855,16.9170519,16.6327317,16.65642505,16.9170519,13027093,91992522.83,0.3333,-1.5406,1,0
2023-12-29,sh.600998,16.6327317,16.65642505,16.18255805,16.60903835,16.65642505,17655494,123157505.78,0.4517,-0.2845,1,0
2024-01-02,sh.600998,16.6327317,17.1065987,16.4431849,16.94074525,16.60903835,18349823,130846141.86,0.4694,1.9971,1,0
2024-01-03,sh.600998,16.89335855,17.27245215,16.8696652,17.2487588,16.94074525,13637055,98774665.61,0.3489,1.8182,1,0
2024-01-04,sh.600998,17.17767875,17.41461225,17.03551865,17.36722555,17.2487588,16655769,121271659.43,0.4261,0.6868,1,0
2024-01-05,sh.600998,17.2487588,17.41461225,16.94074525,17.2487588,17.36722555,13546657,98773318.32,0.3466,-0.6821,1,0
2024-01-08,sh.600998,17.2013721,17.27245215,16.84597185,16.8696652,17.2487588,13010583,93439722.18,0.3328,-2.1978,1,0
2024-01-09,sh.600998,16.94074525,17.1539854,16.65642505,17.1065987,16.8696652,10131137,72616160.15,0.2592,1.4045,1,0
2024-01-10,sh.600998,17.17767875,17.2487588,16.89335855,17.13029205,17.1065987,10120252,73001579.89,0.2589,0.1385,1,0
2024-01-11,sh.600998,17.1539854,17.31983885,16.98813195,17.08290535,17.13029205,12206408,88384597.96,0.3123,-0.2766,1,0
2024-01-12,sh.600998,17.08290535,17.13029205,16.9644386,16.9644386,17.08290535,9549967,68642314.09,0.2443,-0.6935,1,0
2024-01-15,sh.600998,16.9170519,17.41461225,16.79858515,17.2013721,16.9644386,11826217,85943181.7,0.3025,1.3966,1,0
2024-01-16,sh.600998,17.22506545,17.36722555,17.03551865,17.3435322,17.2013721,10086006,73203310.54,0.258,0.8264,1,0
2024-01-17,sh.600998,17.2487588,17.4856923,16.98813195,17.0118253,17.3435322,10111462,73615504.12,0.2587,-1.9126,1,0
2024-01-18,sh.600998,16.9644386,16.9644386,16.3010248,16.7275051,17.0118253,15596591,109066647.27,0.399,-1.6713,1,0
2024-01-19,sh.600998,16.70381175,16.79858515,16.4905716,16.5379583,16.7275051,7819603,54853924.77,0.2,-1.1331,1,0
2024-01-22,sh.600998,16.4905716,16.60903835,15.75607775,15.8271578,16.5379583,13278216,90436810.37,0.3397,-4.298,1,0
2024-01-23,sh.600998,15.7797711,16.13517135,15.4480642,15.94562455,15.8271578,16468274,109571450.88,0.4213,0.7485,1,0
2024-01-24,sh.600998,16.0167046,16.2536381,15.66130435,16.2062514,15.94562455,8390771,56822947.85,0.2147,1.6345,1,0
2024-01-25,sh.600998,16.1588647,16.9170519,16.111478,16.89335855,16.2062514,9411882,66119218.5,0.2408,4.2398,1,0
2024-01-26,sh.600998,16.8696652,17.1539854,16.8222785,16.9644386,16.89335855,7711720,55406915.32,0.1973,0.4208,1,0
2024-01-29,sh.600998,17.03551865,17.2487588,16.9644386,17.08290535,16.9644386,9099752,65860847.63,0.2328,0.6983,1,0
2024-01-30,sh.600998,17.059212,17.22506545,16.75119845,16.7748918,17.08290535,7490896,53835847.5,0.1916,-1.8031,1,0
2024-01-31,sh.600998,16.70381175,16.75119845,16.3010248,16.4905716,16.7748918,11000025,76877830.82,0.2814,-1.6949,1,0
2024-02-01,sh.600998,16.2062514,16.6327317,16.2062514,16.37210485,16.4905716,14075086,97552563.72,0.3601,-0.7184,1,0
2024-02-02,sh.600998,16.4905716,16.94074525,16.0167046,16.32471815,16.37210485,13675008,95428840.53,0.3498,-0.2894,1,0
2024-02-05,sh.600998,16.41949155,17.3909189,16.13517135,17.2013721,16.32471815,27546622,194585771.79,0.7047,5.3701,1,0
2024-02-06,sh.600998,17.0118253,17.84109255,16.70381175,17.6752391,17.2013721,29787837,219090208.67,0.7621,2.7548,1,0
2024-02-07,sh.600998,17.65154575,19.45224035,17.65154575,19.45224035,17.6752391,48654594,387907557.75,1.2447,10.0536,1,0
2024-02-08,sh.600998,20.376281,21.20554825,19.16792015,19.3337736,19.45224035,58116037,493309923.52,1.4868,-0.609,1,0
2024-02-19,sh.600998,19.1916135,19.40485365,18.6229731,18.93098665,19.3337736,37111698,297170927.43,0.9494,-2.0833,1,0
2024-02-20,sh.600998,18.6229731,19.07314675,18.480813,18.7651332,18.93098665,26086011,207166655.84,0.6674,-0.8761,1,0
2024-02-21,sh.600998,18.6229731,19.02576005,18.31495955,18.6229731,18.7651332,26062929,205969435.34,0.6668,-0.7576,1,0
2024-02-22,sh.600998,18.55189305,19.16792015,18.50450635,18.8125199,18.6229731,21895012,173791066.84,0.5601,1.0178,1,0
2024-02-23,sh.600998,18.8125199,18.97837335,18.55189305,18.6703598,18.8125199,18526130,146332941.57,0.4739,-0.7557,1,0
2024-02-26,sh.600998,18.6703598,18.83621325,18.2438795,18.50450635,18.6703598,19891171,155535256.68,0.5089,-0.8883,1,0
2024-02-27,sh.600998,18.50450635,18.83621325,18.4334263,18.74143985,18.50450635,17747079,139792349.46,0.454,1.2804,1,0
2024-02-28,sh.600998,18.64666645,19.35746695,18.64666645,18.97837335,18.74143985,33911365,273507974.35,0.8675,1.2642,1,0
2024-02-29,sh.600998,18.74143985,19.5233204,18.7177465,19.2863869,18.97837335,31217089,253125042.67,0.7986,1.623,1,0
2024-03-01,sh.600998,19.2863869,19.2863869,18.74143985,18.95468,19.2863869,20205627,161866260.66,0.5169,-1.7199,1,0
2024-03-04,sh.600998,18.88359995,18.97837335,18.50450635,18.7177465,18.95468,25371969,200230534.31,0.6491,-1.25,1,0
2024-03-05,sh.600998,18.7177465,18.8599066,18.5281997,18.6703598,18.7177465,14721864,115958888.54,0.3766,-0.2532,1,0
2024-03-06,sh.600998,18.6229731,18.88359995,18.2912662,18.83621325,18.6703598,17904818,140824779.22,0.4581,0.8883,1,0
2024-03-07,sh.600998,18.74143985,18.8599066,18.480813,18.480813,18.83621325,15015537,118357742.06,0.3841,-1.8868,1,0
2024-03-08,sh.600998,18.5281997,19.0968401,18.50450635,19.0494534,18.480813,17220093,136556213.92,0.4405,3.0769,1,0
2024-03-11,sh.600998,19.12053345,19.2863869,18.8125199,19.12053345,19.0494534,19337600,154864429.81,0.4947,0.3731,1,0
2024-03-12,sh.600998,19.07314675,19.31008025,18.9072933,19.0968401,19.12053345,13162875,105969354.97,0.3367,-0.1239,1,0
2024-03-13,sh.600998,19.02576005,19.07314675,18.64666645,18.93098665,19.0968401,14854605,118247716.65,0.38,-0.8685,1,0
2024-03-14,sh.600998,19.12053345,19.1916135,18.6703598,18.7651332,18.93098665,13458117,107099342.27,0.3443,-0.8761,1,0
2024-03-15,sh.600998,18.6703598,19.0968401,18.5755864,19.0968401,18.7651332,13476583,107384347.83,0.3448,1.7677,1,0
2024-03-18,sh.600998,19.0494534,19.68917385,19.0494534,19.59440045,19.0968401,22531931,184535094.84,0.5764,2.6055,1,0
2024-03-19,sh.600998,19.59440045,19.6654805,19.2390002,19.2863869,19.59440045,11356886,92825204.04,0.2905,-1.5719,1,0
2024-03-20,sh.600998,19.1916135,19.35746695,18.8599066,19.07314675,19.2863869,10518300,84549598.37,0.2691,-1.1057,1,0
2024-03-21,sh.600998,19.0020667,19.12053345,18.8599066,18.88359995,19.07314675,10805063,86398210.29,0.2764,-0.9938,1,0
2024-03-22,sh.600998,18.83621325,18.88359995,18.36234625,18.480813,18.88359995,14601102,113998218.28,0.3735,-2.133,1,0
2024-03-25,sh.600998,18.480813,18.88359995,18.36234625,18.6229731,18.480813,12944786,102070404.98,0.3312,0.7692,1,0
2024-03-26,sh.600998,18.59927975,18.7177465,18.480813,18.50450635,18.6229731,9182926,72029497.0,0.2349,-0.6361,1,0
2024-03-27,sh.600998,18.50450635,18.6703598,18.3386529,18.36234625,18.50450635,10598615,82685202.93,0.2711,-0.7682,1,0
2024-03-28,sh.600998,18.50450635,18.9072933,18.2438795,18.88359995,18.36234625,13908887,109807166.39,0.3558,2.8387,1,0
2024-03-29,sh.600998,18.83621325,19.1916135,18.7651332,19.0968401,18.88359995,13696388,110363910.31,0.3504,1.1292,1,0
2024-04-01,sh.600998,19.12053345,19.1916135,18.64666645,19.1442268,19.0968401,15161435,121700612.48,0.3879,0.2481,1,0
2024-04-02,sh.600998,19.16792015,19.3811603,18.95468,19.3337736,19.1442268,13206053,107461545.36,0.3378,0.9901,1,0
2024-04-03,sh.600998,19.31008025,19.54701375,19.16792015,19.3811603,19.3337736,13093313,107145928.0,0.335,0.2451,1,0
2024-04-08,sh.600998,19.3811603,19.5707071,19.1442268,19.21530685,19.3811603,17854183,145693584.3,0.4568,-0.8557,1,0
2024-04-09,sh.600998,19.31008025,19.35746695,18.7177465,18.95468,19.21530685,14714227,117484146.3,0.3764,-1.3564,1,0
2024-04-10,sh.600998,18.9072933,19.07314675,18.7177465,18.8125199,18.95468,12209961,97236429.94,0.3124,-0.75,1,0
2024-04-11,sh.600998,18.69405315,19.2863869,18.6229731,19.16792015,18.8125199,14156838,114226729.69,0.3622,1.8892,1,0
2024-04-12,sh.600998,19.1442268,19.26269355,19.0020667,19.07314675,19.16792015,10028310,81065170.75,0.2566,-0.4944,1,0
2024-04-15,sh.600998,19.0968401,19.902414,19.0494534,19.78394725,19.07314675,28793541,238600147.34,0.7366,3.7267,1,0
2024-04-16,sh.600998,19.78394725,20.4236677,19.7128672,19.7602539,19.78394725,31025668,262240227.31,0.7937,-0.1198,1,0
2024-04-17,sh.600998,19.7128672,20.25781425,19.4759337,20.1867342,19.7602539,30529101,256829566.54,0.781,2.1583,1,0
2024-04-18,sh.600998,20.21042755,20.4236677,19.92610735,20.0445741,20.1867342,22462943,191021207.08,0.5747,-0.7042,1,0
2024-04-19,sh.600998,20.0445741,20.30520095,19.9498007,20.2341209,20.0445741,16338951,139034079.08,0.418,0.9456,1,0
2024-04-22,sh.600998,20.30520095,20.376281,19.9498007,20.1393475,20.2341209,14941631,126879766.42,0.3822,-0.4684,1,0
2024-04-23,sh.600998,20.1393475,20.1393475,19.2390002,19.428547,20.1393475,19586376,161707182.82,0.5011,-3.5294,1,0
2024-04-24,sh.600998,19.40485365,19.54701375,18.95468,19.49962705,19.428547,22266029,181648827.77,0.5696,0.3659,1,0
2024-04-25,sh.600998,19.49962705,19.68917385,19.21530685,19.45224035,19.49962705,12958290,106079241.6,0.3315,-0.243,1,0
2024-04-26,sh.600998,19.3811603,19.7602539,19.1442268,19.45224035,19.45224035,20114730,164748698.44,0.5146,0.0,1,0
2024-04-29,sh.600998,19.4759337,19.4759337,18.6229731,19.1442268,19.45224035,36545832,294012059.99,0.9349,-1.5834,1,0
2024-04-30,sh.600998,19.1916135,19.6654805,19.07314675,19.45224035,19.1442268,28492412,233954516.72,0.7289,1.6089,1,0
2024-05-06,sh.600998,19.6180938,19.902414,19.49962705,19.78394725,19.45224035,23656925,197212393.5,0.6052,1.7052,1,0
2024-05-07,sh.600998,19.78394725,19.9498007,19.31008025,19.35746695,19.78394725,20676356,170100259.65,0.529,-2.1557,1,0
2024-05-08,sh.600998,19.3337736,19.40485365,19.12053345,19.16792015,19.35746695,11312135,91997907.17,0.2894,-0.9792,1,0
2024-05-09,sh.600998,19.0968401,19.9498007,18.88359995,19.78394725,19.16792015,23627622,195289658.87,0.6045,3.2138,1,0
2024-05-10,sh.600998,19.73656055,19.7602539,19.2863869,19.40485365,19.78394725,16363264,134325734.84,0.4186,-1.9162,1,0
2024-05-13,sh.600998,19.3811603,19.54701375,19.16792015,19.54701375,19.40485365,16474361,134896329.32,0.4215,0.7326,1,0
2024-05-14,sh.600998,19.54701375,20.376281,19.45224035,20.16304085,19.54701375,26673642,225838964.57,0.6824,3.1515,1,0
2024-05-15,sh.600998,20.1867342,20.376281,19.428547,19.5707071,20.16304085,16350561,137062506.85,0.4183,-2.9377,1,0
2024-05-16,sh.600998,19.6180938,19.6654805,18.95468,19.0494534,19.5707071,26472449,214481898.34,0.6772,-2.6634,1,0
2024-05-17,sh.600998,19.0494534,19.12053345,18.5281997,18.7177465,19.0494534,31143045,245911451.42,0.7967,-1.7413,1,0
2024-05-20,sh.600998,18.69405315,18.7651332,18.36234625,18.6229731,18.7177465,25515087,199979138.99,0.6527,-0.5063,1,0
2024-05-21,sh.600998,18.5755864,18.7177465,18.45711965,18.64666645,18.6229731,15783408,124099591.1,0.4038,0.1272,1,0
2024-05-22,sh.600998,18.7177465,18.78882655,18.36234625,18.40973295,18.64666645,17287090,134803443.48,0.4423,-1.2706,1,0
2024-05-23,sh.600998,18.40973295,18.45711965,17.84109255,17.9121726,18.40973295,16833897,128013661.46,0.4307,-2.7027,1,0
2024-05-24,sh.600998,17.88847925,18.07802605,17.6278524,17.6278524,17.9121726,15246153,114551436.94,0.39,-1.5873,1,0
2024-05-27,sh.600998,17.6752391,18.40973295,17.533079,18.40973295,17.6278524,25476212,194603997.06,0.6518,4.4355,1,0
2024-05-28,sh.600998,18.36234625,18.45711965,17.533079,17.55677235,18.40973295,24057040,180823099.04,0.6154,-4.6332,1,0
2024-05-29,sh.600998,17.55677235,17.74631915,17.3435322,17.55677235,17.55677235,15307432,113376455.3,0.3916,0.0,1,0
2024-05-30,sh.600998,17.50938565,17.74631915,17.4856923,17.60415905,17.55677235,8547156,63532970.87,0.2187,0.2699,1,0
2024-05-31,sh.600998,17.6278524,17.69893245,17.50938565,17.533079,17.60415905,12337299,91518682.15,0.3156,-0.4038,1,0
2024-06-03,sh.600998,17.533079,17.60415905,17.13029205,17.27245215,17.533079,19910003,145860420.61,0.5094,-1.4865,1,0
2024-06-04,sh.600998,17.22506545,17.6278524,17.17767875,17.50938565,17.27245215,13559910,99883087.74,0.3469,1.3717,1,0
2024-06-05,sh.600998,17.5804657,17.65154575,17.17767875,17.22506545,17.50938565,15398847,113111509.89,0.3939,-1.6238,1,0
2024-06-06,sh.600998,17.2487588,17.7226258,17.1539854,17.41461225,17.22506545,25353365,186814671.13,0.6486,1.1004,1,0
2024-06-07,sh.600998,17.47794288,17.5729317,16.84468408,16.97133584,17.414617,35477394,191275142.85,0.7036,-2.5455,1,0
2024-06-11,sh.600998,16.97133584,17.22463936,16.74969526,16.84468408,16.97133584,26829699,143245517.47,0.5321,-0.7463,1,0
2024-06-12,sh.600998,16.90800996,17.0979876,16.71803232,17.00299878,16.84468408,21452587,114723275.73,0.4254,0.9398,1,0
2024-06-13,sh.600998,16.97133584,17.00299878,16.49639174,16.55971762,17.00299878,20414810,107488498.23,0.4049,-2.6071,1,0
2024-06-14,sh.600998,16.65470644,16.74969526,16.36973998,16.65470644,16.55971762,21767548,113837348.63,0.4317,0.5736,1,0
2024-06-17,sh.600998,16.6230435,16.71803232,15.92645882,16.17976234,16.65470644,41888940,213476399.54,0.8307,-2.8517,1,0
2024-06-18,sh.600998,16.1480994,16.43306586,16.02144764,16.36973998,16.17976234,30976374,159388580.34,0.6143,1.1742,1,0
2024-06-19,sh.600998,16.40140292,16.43306586,16.08477352,16.24308822,16.36973998,16544579,84979844.24,0.3281,-0.7737,1,0
2024-06-20,sh.600998,16.21142528,16.36973998,15.92645882,15.9897847,16.24308822,16025021,81425287.54,0.3178,-1.5595,1,0
2024-06-21,sh.600998,15.92645882,16.1480994,15.76814412,16.02144764,15.9897847,21016575,105947489.12,0.4168,0.198,1,0
2024-06-24,sh.600998,15.92645882,15.9897847,15.48317766,15.83147,16.02144764,29026716,144538292.0,0.5756,-1.1858,1,0
2024-06-25,sh.600998,15.5148406,15.89479588,15.5148406,15.76814412,15.83147,22696273,112908991.5,0.4501,-0.4,1,0
2024-06-26,sh.600998,15.83147,15.95812176,15.70481824,15.89479588,15.76814412,15850162,79281224.66,0.3143,0.8032,1,0
2024-06-27,sh.600998,15.89479588,15.92645882,15.54650354,15.6731553,15.89479588,20612832,102035679.01,0.4088,-1.3944,1,0
2024-06-28,sh.600998,15.6731553,15.76814412,15.29320002,15.45151472,15.6731553,42196267,206391651.29,0.8368,-1.4141,1,0
2024-07-01,sh.600998,15.45151472,16.05311058,15.38818884,15.86313294,15.45151472,32011236,158762271.51,0.6348,2.6639,1,0
2024-07-02,sh.600998,15.86313294,16.02144764,15.45151472,15.60982942,15.86313294,29077897,143720891.24,0.5767,-1.5968,1,0
2024-07-03,sh.600998,15.60982942,15.70481824,15.45151472,15.48317766,15.60982942,17697565,87038872.24,0.351,-0.8114,1,0
2024-07-04,sh.600998,15.48317766,15.5148406,15.13488532,15.29320002,15.48317766,24308081,117437490.3,0.4821,-1.227,1,0
2024-07-05,sh.600998,15.26153708,15.6731553,15.1982112,15.57816648,15.29320002,21219083,103452710.11,0.4208,1.8634,1,0
2024-07-08,sh.600998,15.73648118,15.73648118,15.13488532,15.29320002,15.57816648,26175313,126650534.45,0.5191,-1.8293,1,0
2024-07-09,sh.600998,15.22987414,15.32486296,14.84991886,15.0398965,15.29320002,35940967,170531189.23,0.7128,-1.6563,1,0
2024-07-10,sh.600998,15.0398965,15.0398965,14.62827828,14.84991886,15.0398965,25290216,118717764.58,0.5015,-1.2632,1,0
2024-07-11,sh.600998,14.97657062,15.26153708,14.7232671,15.00823356,14.84991886,29473739,139193498.91,0.5845,1.0661,1,0
2024-07-12,sh.600998,14.97657062,15.00823356,14.75493004,14.8815818,15.00823356,22078273,103761066.82,0.4378,-0.8439,1,0
2024-07-15,sh.600998,14.81825592,14.8815818,14.59661534,14.75493004,14.8815818,19925284,92674332.13,0.3951,-0.8511,1,0
2024-07-16,sh.600998,14.7232671,14.84991886,14.59661534,14.65994122,14.75493004,16134030,74877206.86,0.32,-0.6438,1,0
2024-07-17,sh.600998,14.65994122,14.8815818,14.46996358,14.7232671,14.65994122,21605213,100053411.62,0.4285,0.432,1,0
2024-07-18,sh.600998,14.62827828,14.91324474,14.5649524,14.8815818,14.7232671,18555786,86482703.04,0.368,1.0753,1,0
2024-07-19,sh.600998,14.81825592,15.16654826,14.62827828,14.69160416,14.8815818,21360706,99591441.64,0.4236,-1.2766,1,0
2024-07-22,sh.600998,14.7232671,14.75493004,14.31164888,14.46996358,14.69160416,30705371,140234831.73,0.6089,-1.5086,1,0
2024-07-23,sh.600998,14.43830064,14.53328946,14.248323,14.27998594,14.46996358,23293064,105829638.89,0.4619,-1.3129,1,0
2024-07-24,sh.600998,14.27998594,14.50162652,14.21666006,14.31164888,14.27998594,21512257,97370654.72,0.4266,0.2217,1,0
2024-07-25,sh.600998,14.248323,14.4066377,14.0900083,14.31164888,14.31164888,15416392,69642653.49,0.3057,0.0,1,0
2024-07-26,sh.600998,14.31164888,14.46996358,14.27998594,14.37497476,14.31164888,11709573,53078218.71,0.2322,0.4425,1,0
2024-07-29,sh.600998,14.34331182,14.37497476,14.12167124,14.21666006,14.37497476,14838258,66737003.39,0.2943,-1.1013,1,0
2024-07-30,sh.600998,14.15333418,14.27998594,13.9316936,14.05834536,14.21666006,22932087,101813227.58,0.4548,-1.1136,1,0
2024-07-31,sh.600998,14.02668242,14.65994122,14.02668242,14.59661534,14.05834536,34449754,157074211.2,0.6832,3.8288,1,0
2024-08-01,sh.600998,14.62827828,14.78659298,14.15333418,14.15333418,14.59661534,29893405,135570705.96,0.5928,-3.0369,1,0
2024-08-02,sh.600998,14.15333418,14.69160416,14.05834536,14.43830064,14.15333418,30978968,141573063.43,0.6144,2.0134,1,0
2024-08-05,sh.600998,14.37497476,14.81825592,14.31164888,14.62827828,14.43830064,34269066,158349000.02,0.6796,1.3158,1,0
2024-08-06,sh.600998,14.65994122,14.91324474,14.50162652,14.69160416,14.62827828,31040243,143921654.55,0.6156,0.4329,1,0
2024-08-07,sh.600998,14.65994122,14.69160416,14.37497476,14.59661534,14.69160416,20933838,96335264.84,0.4152,-0.6466,1,0
2024-08-08,sh.600998,14.69160416,15.16654826,14.62827828,15.00823356,14.59661534,35206832,166317406.16,0.6982,2.82,1,0
2024-08-09,sh.600998,14.91324474,15.10322238,14.65994122,14.69160416,15.00823356,27504938,129093239.36,0.5455,-2.1097,1,0
2024-08-12,sh.600998,14.62827828,15.6731553,14.59661534,15.32486296,14.69160416,49092045,236590804.82,0.9736,4.3103,1,0
2024-08-13,sh.600998,15.29320002,15.29320002,14.81825592,15.0398965,15.32486296,35044492,165785041.43,0.695,-1.8595,1,0
2024-08-14,sh.600998,15.0398965,15.0398965,14.7232671,14.75493004,15.0398965,18090730,84559822.48,0.3588,-1.8947,1,0
2024-08-15,sh.600998,14.7232671,15.10322238,14.69160416,15.0398965,14.75493004,24608290,116143183.89,0.488,1.9313,1,0
2024-08-16,sh.600998,15.0398965,15.32486296,14.81825592,15.22987414,15.0398965,27802051,133120889.53,0.5514,1.2632,1,0
2024-08-19,sh.600998,15.16654826,15.48317766,15.0398965,15.07155944,15.22987414,19106361,91530003.74,0.3789,-1.0395,1,0
2024-08-20,sh.600998,15.0398965,15.16654826,14.8815818,14.91324474,15.07155944,16097244,76088402.02,0.3192,-1.0504,1,0
2024-08-21,sh.600998,14.81825592,14.97657062,14.7232671,14.75493004,14.91324474,19186347,89822083.87,0.3805,-1.0616,1,0
2024-08-22,sh.600998,14.69160416,14.78659298,14.43830064,14.59661534,14.75493004,21429101,98609458.17,0.425,-1.073,1,0
2024-08-23,sh.600998,14.46996358,14.78659298,14.43830064,14.65994122,14.59661534,12227093,56535652.88,0.2425,0.4338,1,0
2024-08-26,sh.600998,14.65994122,14.69160416,14.12167124,14.18499712,14.65994122,28295864,127736137.22,0.5612,-3.2397,1,0
2024-08-27,sh.600998,14.248323,14.50162652,14.18499712,14.4066377,14.18499712,24585960,111664277.1,0.4876,1.5625,1,0
2024-08-28,sh.600998,14.62827828,14.62827828,14.21666006,14.46996358,14.4066377,19083401,86777974.31,0.3785,0.4396,1,0
2024-08-29,sh.600998,14.46996358,14.94490768,14.4066377,14.7232671,14.46996358,23545975,109925444.87,0.467,1.7505,1,0
2024-08-30,sh.600998,14.69160416,15.0398965,14.37497476,14.75493004,14.7232671,33111793,153868724.77,0.6567,0.2151,1,0
2024-09-02,sh.600998,14.7232671,14.81825592,14.50162652,14.65994122,14.75493004,18097926,83831006.0,0.3589,-0.6438,1,0
2024-09-03,sh.600998,14.65994122,15.00823356,14.59661534,14.7232671,14.65994122,16269160,75979407.72,0.3226,0.432,1,0
2024-09-04,sh.600998,14.7232671,15.32486296,14.65994122,15.22987414,14.7232671,39317515,188055470.78,0.7797,3.4409,1,0
2024-09-05,sh.600998,15.29320002,15.83147,15.1982112,15.57816648,15.22987414,35200027,172564044.64,0.6981,2.2869,1,0
2024-09-06,sh.600998,15.6731553,15.70481824,15.45151472,15.5148406,15.57816648,18477351,90821422.93,0.3664,-0.4065,1,0
2024-09-09,sh.600998,15.41985178,15.6731553,15.3565259,15.38818884,15.5148406,19535525,95692667.11,0.3874,-0.8163,1,0
2024-09-10,sh.600998,15.38818884,15.48317766,14.84991886,15.0398965,15.38818884,23969909,113843919.55,0.4754,-2.2634,1,0
2024-09-11,sh.600998,15.0398965,15.0398965,14.75493004,14.81825592,15.0398965,17156024,80557950.14,0.3402,-1.4737,1,0
2024-09-12,sh.600998,14.78659298,14.8815818,14.31164888,14.31164888,14.81825592,30339234,138863256.48,0.6017,-3.4188,1,0
2024-09-13,sh.600998,14.248323,14.34331182,13.99501948,13.99501948,14.31164888,25446935,113272297.15,0.5047,-2.2124,1,0
2024-09-18,sh.600998,14.02668242,14.05834536,13.7733789,13.90003066,13.99501948,16168471,71002758.57,0.3206,-0.6787,1,0
2024-09-19,sh.600998,13.96335654,14.84991886,13.90003066,14.43830064,13.90003066,31188961,141918921.28,0.6185,3.8724,1,0
2024-09-20,sh.600998,14.43830064,14.50162652,14.15333418,14.21666006,14.43830064,14784123,66636892.99,0.2932,-1.5351,1,0
2024-09-23,sh.600998,14.46996358,14.78659298,14.31164888,14.53328946,14.21666006,23400172,107640945.3,0.4641,2.2272,1,0
2024-09-24,sh.600998,14.62827828,15.83147,14.62827828,15.70481824,14.53328946,79114744,384894450.57,1.569,8.061,1,0
2024-09-25,sh.600998,15.83147,15.9897847,15.57816648,15.64149236,15.70481824,45696445,227733518.15,0.9062,-0.4032,1,0
2024-09-26,sh.600998,15.5148406,16.3064141,15.48317766,16.3064141,15.64149236,36072921,181497222.48,0.7154,4.251,1,0
2024-09-27,sh.600998,16.49639174,16.7813582,16.3064141,16.6230435,16.3064141,26695795,139425665.82,0.5294,1.9417,1,0
2024-09-30,sh.600998,17.12965054,18.30117932,17.12965054,18.17452756,16.6230435,96421444,544428030.75,1.9122,9.3333,1,0
2024-10-08,sh.600998,19.9476522,19.97931514,18.3645052,18.93443812,18.17452756,115355216,702108636.05,2.2877,4.1812,1,0
2024-10-09,sh.600998,18.5228199,18.55448284,17.03466172,17.06632466,18.93443812,71065834,392809461.45,1.4093,-9.8662,1,0
2024-10-10,sh.600998,17.06632466,17.63625758,16.7813582,17.31962818,17.06632466,49953098,272974431.99,0.9906,1.4842,1,0
2024-10-11,sh.600998,17.28796524,17.44627994,16.9396729,17.0979876,17.31962818,32141283,173689941.0,0.6374,-1.2797,1,0
2024-10-14,sh.600998,17.0979876,17.85789816,16.9396729,17.69958346,17.0979876,40658910,223888417.23,0.8063,3.5185,1,0
2024-10-15,sh.600998,17.54126876,17.60459464,17.03466172,17.12965054,17.69958346,35323600,193567621.3,0.7005,-3.22,1,0
2024-10-16,sh.600998,17.00299878,17.19297642,16.7813582,17.00299878,17.12965054,23511529,126234835.75,0.4663,-0.7394,1,0
2024-10-17,sh.600998,17.00299878,17.12965054,16.4647288,16.49639174,17.00299878,24509353,129561971.49,0.4861,-2.9795,1,0
2024-10-18,sh.600998,16.3064141,17.00299878,16.24308822,16.65470644,16.49639174,54225674,283860036.61,1.0754,0.9597,1,0
2024-10-21,sh.600998,16.6230435,16.65470644,16.27475116,16.36973998,16.65470644,35240793,182875110.73,0.6989,-1.711,1,0
2024-10-22,sh.600998,16.33807704,16.52805468,16.24308822,16.49639174,16.36973998,33425244,173191667.2,0.6629,0.7737,1,0
2024-10-23,sh.600998,16.43306586,16.68636938,16.24308822,16.52805468,16.49639174,41768521,217385637.68,0.8283,0.1919,1,0
2024-10-24,sh.600998,16.4647288,16.74969526,16.17976234,16.24308822,16.52805468,32685455,169197637.9,0.6482,-1.7241,1,0
2024-10-25,sh.600998,16.24308822,16.40140292,16.11643646,16.40140292,16.24308822,31607994,162554693.35,0.6268,0.9747,1,0
2024-10-28,sh.600998,16.36973998,16.74969526,16.27475116,16.6230435,16.40140292,36351867,190152593.75,0.7209,1.3514,1,0
2024-10-29,sh.600998,16.90800996,16.97133584,16.1480994,16.24308822,16.6230435,43390767,225275933.2,0.8605,-2.2857,1,0
2024-10-30,sh.600998,16.24308822,16.43306586,16.08477352,16.27475116,16.24308822,25879585,132874807.0,0.5132,0.1949,1,0
2024-10-31,sh.600998,16.17976234,16.40140292,16.11643646,16.36973998,16.27475116,25281436,130043037.54,0.5014,0.5837,1,0
2024-11-01,sh.600998,16.36973998,16.7813582,16.21142528,16.59138056,16.36973998,47219482,246391396.02,0.9364,1.354,1,0
2024-11-04,sh.600998,16.59138056,17.00299878,16.3064141,16.7813582,16.59138056,47714462,250887821.09,0.9463,1.145,1,0
2024-11-05,sh.600998,16.7813582,16.97133584,16.52805468,16.90800996,16.7813582,48260710,256014474.2,0.9571,0.7547,1,0
2024-11-06,sh.600998,16.87634702,16.90800996,16.52805468,16.71803232,16.90800996,44426297,234353520.43,0.881,-1.1236,1,0
2024-11-07,sh.600998,16.6230435,17.44627994,16.49639174,17.414617,16.71803232,66054626,357168444.45,1.31,4.1667,1,0
2024-11-08,sh.600998,17.63625758,17.92122404,17.19297642,17.54126876,17.414617,64408630,355605430.39,1.2773,0.7273,1,0
2024-11-11,sh.600998,17.5729317,17.92122404,17.31962818,17.69958346,17.54126876,49777806,276570701.19,0.9872,0.9025,1,0
2024-11-12,sh.600998,17.7312464,18.997764,17.7312464,18.42783108,17.69958346,113049246,662271709.05,2.2419,4.1145,1,0
2024-11-13,sh.600998,18.0478758,18.30117932,17.60459464,17.8895611,18.42783108,56515689,319669294.85,1.1208,-2.921,1,0
2024-11-14,sh.600998,18.0478758,18.45949402,17.414617,17.50960582,17.8895611,56975927,322965232.89,1.1299,-2.1239,1,0
2024-11-15,sh.600998,17.44627994,17.54126876,17.06632466,17.06632466,17.50960582,37249863,202923783.85,0.7387,-2.5316,1,0
2024-11-18,sh.600998,17.16131348,17.44627994,16.97133584,17.03466172,17.06632466,40373183,219466775.88,0.8007,-0.1855,1,0
2024-11-19,sh.600998,17.0979876,17.19297642,16.6230435,17.00299878,17.03466172,39955377,213079657.87,0.7924,-0.1859,1,0
2024-11-20,sh.600998,17.00299878,17.5729317,16.84468408,17.47794288,17.00299878,41398429,226125081.71,0.821,2.7933,1,0
2024-11-21,sh.600998,17.414617,17.54126876,17.03466172,17.35129112,17.47794288,26765093,145749576.81,0.5308,-0.7246,1,0
2024-11-22,sh.600998,17.22463936,17.414617,16.55971762,16.55971762,17.35129112,39002488,208135335.31,0.7735,-4.562,1,0
2024-11-25,sh.600998,16.55971762,16.71803232,16.36973998,16.49639174,16.55971762,26756026,139821745.6,0.5306,-0.3824,1,0
2024-11-26,sh.600998,16.49639174,16.59138056,16.33807704,16.40140292,16.49639174,17429192,90653255.93,0.3456,-0.5758,1,0
2024-11-27,sh.600998,16.40140292,16.87634702,16.24308822,16.87634702,16.40140292,36889375,193339675.35,0.7316,2.8958,1,0
2024-11-28,sh.600998,16.84468408,16.87634702,16.52805468,16.71803232,16.87634702,22838417,120422762.84,0.4529,-0.9381,1,0
2024-11-29,sh.600998,16.71803232,17.0979876,16.68636938,17.00299878,16.71803232,31198256,166957722.2,0.6187,1.7045,1,0
2024-12-02,sh.600998,17.00299878,17.35129112,17.00299878,17.2563023,17.00299878,30678613,166236998.07,0.6084,1.4898,1,0
2024-12-03,sh.600998,17.28796524,17.28796524,16.9396729,17.16131348,17.2563023,26812065,144573370.93,0.5317,-0.5505,1,0
2024-12-04,sh.600998,17.03466172,17.12965054,16.65470644,16.7813582,17.16131348,29538848,157381279.31,0.5858,-2.214,1,0
2024-12-05,sh.600998,16.74969526,16.81302114,16.6230435,16.74969526,16.7813582,18647722,98520578.82,0.3698,-0.1887,1,0
2024-12-06,sh.600998,16.74969526,17.19297642,16.71803232,17.0979876,16.74969526,28698390,154001984.54,0.5691,2.0794,1,0
2024-12-09,sh.600998,17.414617,17.85789816,16.9396729,17.06632466,17.0979876,43631870,238585405.25,0.8653,-0.1852,1,0
2024-12-10,sh.600998,17.47794288,17.54126876,17.06632466,17.0979876,17.06632466,34600931,188373538.82,0.6862,0.1855,1,0
2024-12-11,sh.600998,17.06632466,17.50960582,17.03466172,17.38295406,17.0979876,28720250,157360292.41,0.5696,1.6667,1,0
2024-12-12,sh.600998,17.38295406,17.66792052,17.19297642,17.60459464,17.38295406,33591308,186124478.07,0.6662,1.275,1,0
2024-12-13,sh.600998,17.60459464,17.63625758,17.28796524,17.31962818,17.60459464,27984164,154001856.86,0.555,-1.6187,1,0
2024-12-16,sh.600998,17.47794288,17.63625758,17.31962818,17.35129112,17.31962818,28841181,159236474.48,0.572,0.1828,1,0
2024-12-17,sh.600998,17.414617,17.47794288,17.06632466,17.22463936,17.35129112,28483913,154930063.54,0.5649,-0.7299,1,0
2024-12-18,sh.600998,17.28796524,17.35129112,17.0979876,17.16131348,17.22463936,19703263,107118645.78,0.3907,-0.3676,1,0
2024-12-19,sh.600998,17.06632466,17.12965054,16.7813582,17.0979876,17.16131348,20660367,110720153.81,0.4097,-0.369,1,0
2024-12-20,sh.600998,17.06632466,17.22463936,16.97133584,17.06632466,17.0979876,22026257,118601885.94,0.4368,-0.1852,1,0
2024-12-23,sh.600998,17.0979876,17.19297642,16.87634702,16.90800996,17.06632466,29759010,160150973.22,0.5902,-0.9276,1,0
2024-12-24,sh.600998,16.90800996,17.0979876,16.81302114,16.90800996,16.90800996,32298845,172934099.13,0.6405,0.0,1,0
2024-12-25,sh.600998,16.9396729,16.97133584,16.40140292,16.52805468,16.90800996,30623651,160448790.19,0.6073,-2.2472,1,0
2024-12-26,sh.600998,16.52805468,16.68636938,16.4647288,16.52805468,16.52805468,22291707,116572436.66,0.4421,0.0,1,0
2024-12-27,sh.600998,16.55971762,16.74969526,16.40140292,16.65470644,16.52805468,20733915,108869471.04,0.4112,0.7663,1,0
2024-12-30,sh.600998,16.68636938,16.71803232,16.52805468,16.55971762,16.65470644,18319394,96012856.06,0.3633,-0.5703,1,0
2024-12-31,sh.600998,16.55971762,16.65470644,16.17976234,16.21142528,16.55971762,23124790,119548220.22,0.4586,-2.1033,1,0
2025-01-02,sh.600998,16.17976234,16.3064141,15.64149236,15.73648118,16.21142528,30213582,152258177.56,0.5992,-2.9297,1,0
2025-01-03,sh.600998,15.83147,15.9897847,15.60982942,15.70481824,15.73648118,24387076,121492897.62,0.4836,-0.2012,1,0
2025-01-06,sh.600998,15.76814412,16.21142528,15.73648118,16.05311058,15.70481824,26073816,131517292.96,0.5171,2.2177,1,0
2025-01-07,sh.600998,15.95812176,15.9897847,15.54650354,15.70481824,16.05311058,25339506,125649633.94,0.5025,-2.1696,1,0
2025-01-08,sh.600998,15.70481824,15.76814412,15.29320002,15.54650354,15.70481824,20794111,101961076.26,0.4124,-1.0081,1,0
2025-01-09,sh.600998,15.5148406,15.54650354,15.29320002,15.29320002,15.54650354,15400822,74835447.16,0.3054,-1.6293,1,0
2025-01-10,sh.600998,15.3565259,15.3565259,15.10322238,15.26153708,15.29320002,17760888,85566160.3,0.3522,-0.207,1,0
2025-01-13,sh.600998,15.16654826,15.29320002,15.00823356,15.22987414,15.26153708,16106736,77201316.64,0.3194,-0.2075,1,0
2025-01-14,sh.600998,15.26153708,15.5148406,15.13488532,15.48317766,15.22987414,27552435,133506544.72,0.5464,1.6632,1,0
2025-01-15,sh.600998,15.41985178,15.48317766,15.26153708,15.41985178,15.48317766,16656576,80975531.51,0.3303,-0.409,1,0
2025-01-16,sh.600998,15.41985178,15.6731553,15.32486296,15.38818884,15.41985178,17393494,85109344.54,0.3449,-0.2053,1,0
2025-01-17,sh.600998,15.3565259,15.70481824,15.22987414,15.57816648,15.38818884,22582676,111089601.49,0.4478,1.2346,1,0
2025-01-20,sh.600998,15.6731553,15.86313294,15.5148406,15.57816648,15.57816648,23166969,114522833.99,0.4594,0.0,1,0
2025-01-21,sh.600998,15.60982942,15.70481824,15.45151472,15.57816648,15.57816648,11273172,55335949.32,0.2236,0.0,1,0
2025-01-22,sh.600998,15.57816648,15.83147,15.3565259,15.73648118,15.57816648,20538471,101106305.78,0.4073,1.0163,1,0
2025-01-23,sh.600998,15.79980706,16.05311058,15.48317766,15.48317766,15.73648118,27211950,134759488.85,0.5397,-1.6097,1,0
2025-01-24,sh.600998,15.48317766,15.83147,15.29320002,15.57816648,15.48317766,23123932,113683172.44,0.4586,0.6135,1,0
2025-01-27,sh.600998,15.57816648,15.89479588,15.57816648,15.79980706,15.57816648,18060595,90048395.93,0.3582,1.4228,1,0
2025-02-05,sh.600998,15.95812176,15.9897847,15.70481824,15.86313294,15.79980706,19810062,98942936.73,0.3929,0.4008,1,0
2025-02-06,sh.600998,15.76814412,15.86313294,15.48317766,15.79980706,15.86313294,23157213,114794685.73,0.4592,-0.3992,1,0
2025-02-07,sh.600998,15.76814412,15.9897847,15.64149236,15.83147,15.79980706,26555153,132885321.03,0.5266,0.2004,1,0
2025-02-10,sh.600998,15.86313294,16.02144764,15.79980706,15.92645882,15.83147,24568756,123474456.14,0.4872,0.6,1,0
2025-02-11,sh.600998,15.92645882,16.02144764,15.79980706,15.9897847,15.92645882,19575304,98393927.05,0.3882,0.3976,1,0
2025-02-12,sh.600998,15.89479588,15.9897847,15.76814412,15.89479588,15.9897847,17190520,86129968.2,0.3409,-0.5941,1,0
2025-02-13,sh.600998,15.89479588,15.9897847,15.79980706,15.89479588,15.89479588,18602026,93471859.66,0.3689,0.0,1,0
2025-02-14,sh.600998,15.86313294,16.24308822,15.83147,16.21142528,15.89479588,27497171,139890088.49,0.5453,1.992,1,0
2025-02-17,sh.600998,16.4647288,16.97133584,16.27475116,16.81302114,16.21142528,58128680,306418543.18,1.1528,3.7109,1,0
2025-02-18,sh.600998,16.9396729,16.97133584,16.02144764,16.11643646,16.81302114,45403159,233938506.58,0.9004,-4.1431,1,0
2025-02-19,sh.600998,16.27475116,16.6230435,16.02144764,16.49639174,16.11643646,37639898,193928854.12,0.7465,2.3576,1,0
2025-02-20,sh.600998,16.4647288,16.87634702,16.43306586,16.6230435,16.49639174,42642248,224928547.59,0.8457,0.7678,1,0
2025-02-21,sh.600998,16.65470644,16.65470644,16.27475116,16.40140292,16.6230435,44704602,231154440.82,0.8866,-1.3333,1,0
2025-02-24,sh.600998,16.40140292,16.4647288,16.17976234,16.21142528,16.40140292,32882101,169255364.19,0.6521,-1.1583,1,0
2025-02-25,sh.600998,16.17976234,16.17976234,15.92645882,15.9897847,16.21142528,26194180,132528986.11,0.5195,-1.3672,1,0
2025-02-26,sh.600998,15.9897847,16.05311058,15.83147,15.95812176,15.9897847,29966288,150471007.96,0.5943,-0.198,1,0
2025-02-27,sh.600998,15.95812176,15.9897847,15.76814412,15.95812176,15.95812176,31280411,156837433.08,0.6203,0.0,1,0
2025-02-28,sh.600998,15.92645882,16.08477352,15.64149236,15.64149236,15.95812176,53545429,266905040.38,1.0619,-1.9841,1,0
2025-03-03,sh.600998,15.70481824,16.11643646,15.64149236,16.02144764,15.64149236,45175030,227474527.31,0.8959,2.4291,1,0
2025-03-04,sh.600998,15.9897847,16.24308822,15.92645882,16.11643646,16.02144764,23654475,120396410.4,0.4691,0.5929,1,0
2025-03-05,sh.600998,16.1480994,16.17976234,15.86313294,15.89479588,16.11643646,20566444,103444186.75,0.4079,-1.3752,1,0
2025-03-06,sh.600998,15.89479588,15.9897847,15.79980706,15.92645882,15.89479588,25247223,126833063.68,0.5007,0.1992,1,0
2025-03-07,sh.600998,15.89479588,15.95812176,15.73648118,15.83147,15.92645882,23631334,118088722.06,0.4686,-0.5964,1,0
2025-03-10,sh.600998,15.89479588,16.1480994,15.79980706,16.02144764,15.83147,28467673,143206375.82,0.5646,1.2,1,0
2025-03-11,sh.600998,15.89479588,16.02144764,15.76814412,15.9897847,16.02144764,18592158,93518532.46,0.3687,-0.1976,1,0
2025-03-12,sh.600998,15.9897847,16.02144764,15.86313294,15.92645882,15.9897847,15059197,75690757.86,0.2986,-0.396,1,0
2025-03-13,sh.600998,15.92645882,16.4647288,15.89479588,16.17976234,15.92645882,53869927,274292221.14,1.0683,1.5905,1,0
2025-03-14,sh.600998,16.02144764,16.24308822,15.86313294,16.24308822,16.17976234,46554558,236120858.64,0.9232,0.3914,1,0
2025-03-17,sh.600998,16.24308822,16.3064141,16.08477352,16.11643646,16.24308822,29799359,152126486.11,0.591,-0.7797,1,0
2025-03-18,sh.600998,16.1480994,16.27475116,16.05311058,16.17976234,16.11643646,21989999,112371944.73,0.4361,0.3929,1,0
2025-03-19,sh.600998,16.17976234,16.49639174,16.11643646,16.3064141,16.17976234,29752970,153383159.29,0.59,0.7828,1,0
2025-03-20,sh.600998,16.24308822,16.36973998,16.11643646,16.17976234,16.3064141,22792706,116805011.85,0.452,-0.7767,1,0
2025-03-21,sh.600998,16.3064141,16.4647288,16.02144764,16.02144764,16.17976234,33994477,174174268.44,0.6742,-0.9785,1,0
2025-03-24,sh.600998,16.02144764,16.11643646,15.76814412,15.89479588,16.02144764,30267203,151951411.59,0.6002,-0.7905,1,0
2025-03-25,sh.600998,15.95812176,16.17976234,15.83147,16.11643646,15.89479588,21719351,110003707.17,0.4307,1.3944,1,0
2025-03-26,sh.600998,16.11643646,16.1480994,15.95812176,16.02144764,16.11643646,20930333,106029183.96,0.4151,-0.5894,1,0
2025-03-27,sh.600998,16.02144764,16.11643646,15.83147,16.05311058,16.02144764,21713864,109610656.73,0.4306,0.1976,1,0
2025-03-28,sh.600998,16.05311058,16.27475116,15.92645882,15.95812176,16.05311058,24040639,121921934.23,0.4768,-0.5917,1,0
2025-03-31,sh.600998,15.89479588,16.21142528,15.60982942,15.95812176,15.95812176,42027867,210491592.06,0.8335,0.0,1,0
2025-04-01,sh.600998,15.83147,16.33807704,15.6731553,16.21142528,15.95812176,55191655,281520273.9,1.0945,1.5873,1,0
2025-04-02,sh.600998,16.11643646,16.27475116,16.05311058,16.11643646,16.21142528,23044422,117560341.17,0.457,-0.5859,1,0
2025-04-03,sh.600998,16.02144764,16.24308822,16.02144764,16.08477352,16.11643646,20587214,104770344.55,0.4083,-0.1965,1,0
2025-04-07,sh.600998,15.45151472,15.6731553,14.46996358,14.50162652,16.08477352,54964964,258472908.4,1.09,-9.8425,1,0
2025-04-08,sh.600998,14.62827828,15.29320002,14.62827828,15.1982112,14.50162652,44164866,210390943.32,0.8759,4.8035,1,0
2025-04-09,sh.600998,15.10322238,15.32486296,14.7232671,15.22987414,15.1982112,30577903,145205632.22,0.6064,0.2083,1,0
2025-04-10,sh.600998,15.38818884,15.48317766,15.22987414,15.32486296,15.22987414,20333695,98663416.82,0.4032,0.6237,1,0
2025-04-11,sh.600998,15.26153708,15.41985178,15.1982112,15.26153708,15.32486296,18219878,88205182.95,0.3613,-0.4132,1,0
2025-04-14,sh.600998,15.3565259,15.38818884,15.13488532,15.22987414,15.26153708,23586949,113609654.87,0.4678,-0.2075,1,0
2025-04-15,sh.600998,15.16654826,15.22987414,15.00823356,15.10322238,15.22987414,19291969,91833764.28,0.3826,-0.8316,1,0
2025-04-16,sh.600998,15.0398965,15.07155944,14.81825592,15.0398965,15.10322238,16898501,79730111.76,0.3351,-0.4193,1,0
2025-04-17,sh.600998,14.97657062,15.1982112,14.94490768,15.13488532,15.0398965,16701362,79763589.68,0.3312,0.6316,1,0
2025-04-18,sh.600998,15.16654826,15.26153708,15.00823356,15.10322238,15.13488532,12240764,58431822.83,0.2428,-0.2092,1,0
2025-04-21,sh.600998,15.13488532,15.13488532,15.00823356,15.07155944,15.10322238,11250553,53564097.43,0.2231,-0.2096,1,0
2025-04-22,sh.600998,15.10322238,15.38818884,15.10322238,15.3565259,15.07155944,26663464,128818140.14,0.5288,1.8908,1,0
2025-04-23,sh.600998,15.38818884,15.54650354,15.16654826,15.48317766,15.3565259,27185093,132086594.16,0.5391,0.8247,1,0
2025-04-24,sh.600998,15.54650354,15.57816648,15.22987414,15.32486296,15.48317766,21360215,103656340.79,0.4236,-1.0225,1,0
2025-04-25,sh.600998,15.3565259,15.73648118,15.3565259,15.64149236,15.32486296,24518599,120498852.87,0.4862,2.0661,1,0
2025-04-28,sh.600998,15.64149236,15.89479588,15.60982942,15.79980706,15.64149236,18633046,92709040.35,0.3695,1.0121,1,0
2025-04-29,sh.600998,16.08477352,16.74969526,15.92645882,16.59138056,15.79980706,85078226,442610169.34,1.6872,5.01,1,0
2025-04-30,sh.600998,16.59138056,17.22463936,16.43306586,17.12965054,16.59138056,81049713,434527043.31,1.6073,3.2443,1,0
2025-05-06,sh.600998,17.19297642,17.2563023,16.52805468,16.65470644,17.12965054,67307299,356079403.41,1.3348,-2.7726,1,0
2025-05-07,sh.600998,16.7813582,16.9396729,16.43306586,16.65470644,16.65470644,44089327,231971978.75,0.8744,0.0,1,0
2025-05-08,sh.600998,16.6230435,16.74969526,16.40140292,16.4647288,16.65470644,29303788,152755761.0,0.5811,-1.1407,1,0
2025-05-09,sh.600998,16.4647288,16.59138056,16.33807704,16.43306586,16.4647288,22830509,118580640.17,0.4528,-0.1923,1,0
2025-05-12,sh.600998,16.4647288,16.6230435,16.36973998,16.52805468,16.43306586,31682767,164804792.75,0.6283,0.578,1,0
2025-05-13,sh.600998,16.6230435,16.68636938,16.49639174,16.59138056,16.52805468,22850684,119837075.01,0.4532,0.3831,1,0
2025-05-14,sh.600998,16.65470644,16.65470644,16.36973998,16.59138056,16.59138056,23636022,123021664.22,0.4687,0.0,1,0
2025-05-15,sh.600998,16.52805468,16.55971762,16.40140292,16.43306586,16.59138056,19513094,101435061.09,0.387,-0.9542,1,0
2025-05-16,sh.600998,16.43306586,16.4647288,16.27475116,16.33807704,16.43306586,17836149,92177958.77,0.3537,-0.578,1,0
2025-05-19,sh.600998,16.36973998,16.49639174,16.3064141,16.36973998,16.33807704,23395614,121173633.15,0.464,0.1938,1,0
2025-05-20,sh.600998,16.43306586,16.74969526,16.40140292,16.71803232,16.36973998,25478136,133811753.02,0.5053,2.1277,1,0
2025-05-21,sh.600998,16.68636938,16.90800996,16.65470644,16.68636938,16.71803232,17098527,90516156.72,0.3391,-0.1894,1,0
2025-05-22,sh.600998,16.65470644,16.68636938,16.27475116,16.36973998,16.68636938,24368200,126338955.93,0.4833,-1.8975,1,0
2025-05-23,sh.600998,16.40140292,16.55971762,16.3064141,16.3064141,16.36973998,20493806,106314341.18,0.4064,-0.3868,1,0
2025-05-26,sh.600998,16.1480994,16.43306586,16.11643646,16.3064141,16.3064141,23344215,120297810.03,0.463,0.0,1,0
2025-05-27,sh.600998,16.3064141,16.65470644,16.24308822,16.59138056,16.3064141,23635608,123316108.04,0.4687,1.7476,1,0
2025-05-28,sh.600998,16.59138056,16.65470644,16.36973998,16.4647288,16.59138056,19895232,103396793.1,0.3946,-0.7634,1,0
2025-05-29,sh.600998,16.43306586,16.6230435,16.33807704,16.4647288,16.4647288,19076495,99302390.03,0.3783,0.0,1,0
2025-05-30,sh.600998,16.4647288,16.65470644,16.3064141,16.4647288,16.4647288,27622782,143913600.36,0.5478,0.0,1,0
2025-06-03,sh.600998,16.43306586,16.9396729,16.40140292,16.81302114,16.4647288,38798039,204983739.44,0.7694,2.1154,1,0
2025-06-04,sh.600998,16.84468408,17.19297642,16.74969526,17.06632466,16.81302114,26857496,144252794.49,0.5326,1.5066,1,0
2025-06-05,sh.600998,17.0979876,17.31962818,16.7813582,16.87634702,17.06632466,23019116,123224000.79,0.4565,-1.1132,1,0
2025-06-06,sh.600998,16.81302114,16.9396729,16.74969526,16.9396729,16.87634702,16508662,87922754.27,0.3274,0.3752,1,0
2025-06-09,sh.600998,16.87634702,17.03466172,16.7813582,16.81302114,16.9396729,21470919,114455204.35,0.4258,-0.7477,1,0
2025-06-10,sh.600998,16.84468408,17.0979876,16.81302114,17.03466172,16.81302114,27905370,149477885.42,0.5534,1.3183,1,0
2025-06-11,sh.600998,17.0979876,17.2563023,16.97133584,17.03466172,17.03466172,21106806,113910492.94,0.4186,0.0,1,0
2025-06-12,sh.600998,17.03466172,17.31962818,16.9396729,17.2563023,17.03466172,28510139,154084572.77,0.5654,1.3011,1,0
2025-06-13,sh.600998,17.19297642,17.38295406,16.97133584,17.22463936,17.2563023,33849487,183456343.1,0.6713,-0.1835,1,0
2025-06-16,sh.600998,17.19297642,17.28796524,16.81302114,16.84468408,17.22463936,29703720,159193067.02,0.5891,-2.2059,1,0
2025-06-17,sh.600998,17.1078804,17.23947948,16.91048178,17.00918109,16.84468224,25178304,130405583.05,0.4993,0.9766,1,0
2025-06-18,sh.600998,16.97628132,17.1078804,16.7788827,16.81178247,17.00918109,18618972,95505719.46,0.3692,-1.1605,1,0
2025-06-19,sh.600998,16.7788827,16.84468224,16.48278477,16.61438385,16.81178247,18190887,91934718.99,0.3608,-1.1742,1,0
2025-06-20,sh.600998,16.54858431,16.61438385,16.41698523,16.54858431,16.61438385,16841318,84433039.81,0.334,-0.396,1,0
2025-06-23,sh.600998,16.48278477,16.68018339,16.35118569,16.58148408,16.54858431,16871231,84781487.6,0.3346,0.1988,1,0
2025-06-24,sh.600998,16.64728362,16.74598293,16.58148408,16.71308316,16.58148408,26462853,134009690.17,0.5248,0.7937,1,0
2025-06-25,sh.600998,16.74598293,16.97628132,16.64728362,16.91048178,16.71308316,22588972,115558893.78,0.448,1.1811,1,0
2025-06-26,sh.600998,16.94338155,16.94338155,16.71308316,16.74598293,16.91048178,19653201,100336724.36,0.3898,-0.9728,1,0
2025-06-27,sh.600998,16.71308316,16.94338155,16.68018339,16.84468224,16.74598293,16335404,83703645.15,0.324,0.5894,1,0
2025-06-30,sh.600998,16.91048178,17.00918109,16.71308316,16.91048178,16.84468224,21100803,108042887.44,0.4185,0.3906,1,0
2025-07-01,sh.600998,16.97628132,16.97628132,16.7788827,16.84468224,16.91048178,22075320,112999389.88,0.4378,-0.3891,1,0
2025-07-02,sh.600998,16.84468224,16.91048178,16.74598293,16.84468224,16.84468224,26401613,134882603.73,0.5236,0.0,1,0
2025-07-03,sh.600998,16.84468224,17.00918109,16.7788827,16.94338155,16.84468224,23447169,120520164.0,0.465,0.5859,1,0
2025-07-04,sh.600998,16.97628132,17.20657971,16.94338155,17.1078804,16.94338155,28665782,148969018.82,0.5685,0.9709,1,0
2025-07-07,sh.600998,17.14078017,17.23947948,17.00918109,17.04208086,17.1078804,18808895,97788353.59,0.373,-0.3846,1,0
2025-07-08,sh.600998,17.07498063,17.30527902,17.04208086,17.27237925,17.04208086,23344892,121968050.83,0.463,1.3514,1,0
2025-07-09,sh.600998,17.27237925,17.37107856,17.20657971,17.30527902,17.27237925,17860323,93754418.09,0.3542,0.1905,1,0
2025-07-10,sh.600998,17.30527902,17.53557741,17.20657971,17.50267764,17.30527902,21622343,114559856.63,0.4288,1.1407,1,0
2025-07-11,sh.600998,17.50267764,17.66717649,17.46977787,17.56847718,17.50267764,23280470,124383855.63,0.4617,0.3759,1,0
2025-07-14,sh.600998,17.56847718,18.35807166,17.50267764,18.0948735,17.56847718,66758176,364506990.61,1.3239,2.9963,1,0
2025-07-15,sh.600998,17.89747488,17.89747488,17.40397833,17.7658758,18.0948735,55220494,297078677.34,1.0951,-1.8182,1,0
2025-07-16,sh.600998,17.79877557,17.96327442,17.53557741,17.70007626,17.7658758,28667977,154033352.75,0.5685,-0.3704,1,0
2025-07-17,sh.600998,17.66717649,17.79877557,17.56847718,17.7658758,17.70007626,22773455,122364093.7,0.4516,0.3717,1,0
2025-07-18,sh.600998,17.73297603,17.7658758,17.4368781,17.60137695,17.7658758,30433621,162212170.87,0.6035,-0.9259,1,0
2025-07-21,sh.600998,17.60137695,17.66717649,17.46977787,17.60137695,17.60137695,24728612,132058332.34,0.4904,0.0,1,0
2025-07-22,sh.600998,17.70007626,17.83167534,17.50267764,17.79877557,17.60137695,31505342,169303339.49,0.6248,1.1215,1,0
2025-07-23,sh.600998,17.73297603,18.0948735,17.66717649,17.79877557,17.79877557,40350066,219432450.37,0.8002,0.0,1,0
2025-07-24,sh.600998,17.83167534,18.02907396,17.66717649,17.96327442,17.79877557,34602809,187654259.22,0.6862,0.9242,1,0
2025-07-25,sh.600998,17.96327442,18.0948735,17.73297603,17.73297603,17.96327442,30068594,163602276.79,0.5963,-1.2821,1,0
2025-07-28,sh.600998,17.83167534,17.89747488,17.63427672,17.66717649,17.73297603,25550652,137810897.23,0.5067,-0.3711,1,0
2025-07-29,sh.600998,17.70007626,17.83167534,17.46977787,17.79877557,17.66717649,25488798,136938706.73,0.5055,0.7449,1,0
2025-07-30,sh.600998,17.86457511,18.19357281,17.79877557,17.96327442,17.79877557,45759817,251094437.95,0.9075,0.9242,1,0
2025-07-31,sh.600998,17.96327442,18.06197373,17.60137695,17.63427672,17.96327442,31268943,168442186.4,0.6201,-1.8315,1,0
2025-08-01,sh.600998,17.66717649,18.12777327,17.60137695,18.02907396,17.63427672,35924543,196249041.57,0.7124,2.2388,1,0
2025-08-04,sh.600998,17.99617419,17.99617419,17.60137695,17.86457511,18.02907396,33746380,182029059.2,0.6692,-0.9124,1,0
2025-08-05,sh.600998,17.89747488,17.89747488,17.73297603,17.79877557,17.86457511,24374077,131825129.13,0.4834,-0.3683,1,0
2025-08-06,sh.600998,17.79877557,17.86457511,17.4368781,17.53557741,17.79877557,35473885,189341576.62,0.7035,-1.4787,1,0
2025-08-07,sh.600998,17.56847718,17.73297603,17.40397833,17.50267764,17.53557741,30868907,164585952.69,0.6122,-0.1876,1,0
2025-08-08,sh.600998,17.60137695,17.70007626,17.50267764,17.60137695,17.50267764,28170674,150819928.74,0.5587,0.5639,1,0
2025-08-11,sh.600998,17.56847718,17.70007626,17.4368781,17.66717649,17.60137695,27670207,147945787.74,0.5487,0.3738,1,0
2025-08-12,sh.600998,17.70007626,17.89747488,17.60137695,17.63427672,17.66717649,26863475,144786194.21,0.5327,-0.1862,1,0
2025-08-13,sh.600998,17.63427672,17.7658758,17.50267764,17.73297603,17.63427672,26952368,144521806.26,0.5345,0.5597,1,0
2025-08-14,sh.600998,17.73297603,17.7658758,17.4368781,17.46977787,17.73297603,31471934,168137579.66,0.6241,-1.4842,1,0
2025-08-15,sh.600998,17.46977787,17.63427672,17.40397833,17.56847718,17.46977787,26610592,141859469.04,0.5277,0.565,1,0
2025-08-18,sh.600998,17.63427672,17.86457511,17.56847718,17.60137695,17.56847718,38785025,208771475.83,0.7692,0.1873,1,0
2025-08-19,sh.600998,17.60137695,17.79877557,17.50267764,17.70007626,17.60137695,36268271,194661114.86,0.7193,0.5607,1,0
2025-08-20,sh.600998,17.66717649,17.7658758,17.53557741,17.7658758,17.70007626,29503544,158222981.1,0.5851,0.3717,1,0
2025-08-21,sh.600998,17.79877557,17.93037465,17.73297603,17.86457511,17.7658758,41947990,227522102.26,0.8319,0.5556,1,0
2025-08-22,sh.600998,17.86457511,17.99617419,17.66717649,17.96327442,17.86457511,36243528,196167403.44,0.7188,0.5525,1,0
2025-08-25,sh.600998,18.02907396,18.12777327,17.7658758,17.89747488,17.96327442,54766510,298909391.99,1.0861,-0.3663,1,0
2025-08-26,sh.600998,17.89747488,17.96327442,17.7658758,17.89747488,17.89747488,58742582,318815716.18,1.165,0.0,1,0
2025-08-27,sh.600998,17.93037465,17.96327442,17.33817879,17.33817879,17.89747488,122010949,650035599.52,2.4197,-3.125,1,0
2025-08-28,sh.600998,17.37107856,17.4368781,16.7788827,17.17367994,17.33817879,95046181,495125437.79,1.8849,-0.9488,1,0
2025-08-29,sh.600998,17.17367994,17.33817879,16.84468224,16.84468224,17.17367994,68126965,353342773.31,1.3511,-1.9157,1,0
2025-09-01,sh.600998,16.91048178,16.94338155,16.68018339,16.87758201,16.84468224,65934572,336536385.1,1.3076,0.1953,1,0
2025-09-02,sh.600998,16.81178247,16.87758201,16.51568454,16.64728362,16.87758201,66609464,337184307.31,1.321,-1.3645,1,0
2025-09-03,sh.600998,16.68018339,16.74598293,16.41698523,16.48278477,16.64728362,43755090,220022992.26,0.8677,-0.9881,1,0
2025-09-04,sh.600998,16.51568454,16.58148408,16.15378707,16.31828592,16.48278477,61829500,307121203.01,1.2262,-0.998,1,0
2025-09-05,sh.600998,16.35118569,16.35118569,16.1208873,16.21958661,16.31828592,85379154,420303368.4,1.6932,-0.6048,1,0
2025-09-08,sh.600998,16.21958661,16.61438385,16.18668684,16.58148408,16.21958661,82685139,414339726.57,1.6398,2.2312,1,0
2025-09-09,sh.600998,16.64728362,16.64728362,16.31828592,16.41698523,16.58148408,43164017,215694153.22,0.856,-0.9921,1,0
2025-09-10,sh.600998,16.41698523,16.449885,16.35118569,16.41698523,16.41698523,30049453,149796963.67,0.5959,0.0,1,0
2025-09-11,sh.600998,16.38408546,16.54858431,16.21958661,16.54858431,16.41698523,50243187,250107701.72,0.9964,0.8016,1,0
2025-09-12,sh.600998,16.54858431,16.61438385,16.38408546,16.48278477,16.54858431,34003585,170317152.15,0.6743,-0.3976,1,0
2025-09-15,sh.600998,16.449885,16.64728362,16.41698523,16.48278477,16.48278477,36087975,180952828.62,0.7157,0.0,1,0
2025-09-16,sh.600998,16.48278477,16.54858431,16.38408546,16.54858431,16.48278477,36542119,182871067.12,0.7247,0.3992,1,0
2025-09-17,sh.600998,16.54858431,16.64728362,16.449885,16.51568454,16.54858431,30183488,151649937.44,0.5986,-0.1988,1,0
2025-09-18,sh.600998,16.51568454,16.74598293,16.449885,16.51568454,16.51568454,55493978,279479876.97,1.1005,0.0,1,0
2025-09-19,sh.600998,16.48278477,16.51568454,16.25248638,16.41698523,16.51568454,48393149,241078731.98,0.9597,-0.5976,1,0
2025-09-22,sh.600998,16.449885,16.48278477,16.18668684,16.31828592,16.41698523,38408085,190219069.26,0.7617,-0.6012,1,0
2025-09-23,sh.600998,16.28538615,16.31828592,15.85768914,16.25248638,16.31828592,45406827,221622680.65,0.9005,-0.4032,1,0
2025-09-24,sh.600998,16.25248638,16.25248638,16.15378707,16.25248638,16.25248638,24996359,123156159.37,0.4957,0.0,1,0
2025-09-25,sh.600998,16.25248638,16.25248638,16.02218799,16.05508776,16.25248638,23894592,117061901.27,0.4739,-1.2146,1,0
2025-09-26,sh.600998,15.98928822,16.05508776,15.85768914,16.02218799,16.05508776,24301823,118006884.72,0.4819,-0.2049,1,0
2025-09-29,sh.600998,16.02218799,16.15378707,15.82478937,16.08798753,16.02218799,30268022,147177398.17,0.6003,0.4107,1,0
2025-09-30,sh.600998,16.08798753,16.1208873,15.95638845,15.95638845,16.08798753,24764652,120578698.94,0.4911,-0.818,1,0
2025-10-09,sh.600998,15.98928822,16.21958661,15.89058891,16.18668684,15.95638845,34288194,167442692.22,0.68,1.4433,1,0
2025-10-10,sh.600998,16.18668684,16.28538615,16.08798753,16.25248638,16.18668684,31379658,154673756.62,0.6223,0.4065,1,0
2025-10-13,sh.600998,15.98928822,16.15378707,15.92348868,16.15378707,16.25248638,31345968,152773873.31,0.6216,-0.6073,1,0
2025-10-14,sh.600998,16.15378707,16.25248638,16.1208873,16.15378707,16.15378707,34998317,172044632.44,0.6941,0.0,1,0
2025-10-15,sh.600998,16.15378707,16.28538615,16.1208873,16.18668684,16.15378707,27331835,134740311.2,0.542,0.2037,1,0
2025-10-16,sh.600998,16.21958661,16.25248638,16.1208873,16.21958661,16.18668684,28387032,139703198.44,0.563,0.2033,1,0
2025-10-17,sh.600998,16.21958661,16.28538615,16.02218799,16.05508776,16.21958661,30875044,151761241.93,0.6123,-1.0142,1,0
2025-10-20,sh.600998,16.08798753,16.18668684,16.02218799,16.15378707,16.05508776,25186299,123137288.57,0.4995,0.6148,1,0
2025-10-21,sh.600998,16.15378707,16.38408546,16.1208873,16.31828592,16.15378707,39081393,193265380.17,0.775,1.0183,1,0
2025-10-22,sh.600998,16.35118569,16.71308316,16.31828592,16.48278477,16.31828592,43061125,216081350.82,0.854,1.0081,1,0
2025-10-23,sh.600998,16.48278477,16.51568454,16.31828592,16.48278477,16.48278477,23188126,115570969.6,0.4599,0.0,1,0
2025-10-24,sh.600998,16.48278477,16.51568454,16.21958661,16.28538615,16.48278477,28069829,139500174.73,0.5567,-1.1976,1,0
2025-10-27,sh.600998,16.31828592,16.38408546,16.28538615,16.31828592,16.28538615,25674047,127484129.76,0.5092,0.202,1,0
2025-10-28,sh.600998,16.48278477,16.81178247,16.48278477,16.61438385,16.31828592,77210492,390937591.55,1.5312,1.8145,1,0
2025-10-29,sh.600998,16.61438385,16.68018339,16.41698523,16.58148408,16.61438385,36882171,185241121.86,0.7314,-0.198,1,0
2025-10-30,sh.600998,16.64728362,16.81178247,16.58148408,16.71308316,16.58148408,51107575,260031327.39,1.0135,0.7937,1,0
2025-10-31,sh.600998,16.71308316,16.81178247,16.64728362,16.7788827,16.71308316,43386102,220798338.78,0.8604,0.3937,1,0
2025-11-03,sh.600998,16.7788827,16.94338155,16.74598293,16.87758201,16.7788827,47856581,245115599.03,0.9491,0.5882,1,0
2025-11-04,sh.600998,16.87758201,16.91048178,16.64728362,16.7788827,16.87758201,38166535,194726802.29,0.7569,-0.5848,1,0
2025-11-05,sh.600998,16.71308316,16.81178247,16.64728362,16.74598293,16.7788827,32603537,165883284.07,0.6466,-0.1961,1,0
2025-11-06,sh.600998,16.7788827,16.87758201,16.68018339,16.74598293,16.74598293,33967558,173125001.46,0.6736,0.0,1,0
2025-11-07,sh.600998,16.71308316,16.91048178,16.71308316,16.84468224,16.74598293,30643565,156936100.47,0.6077,0.5894,1,0
2025-11-10,sh.600998,16.84468224,17.00918109,16.74598293,17.00918109,16.84468224,35627851,183354218.29,0.7066,0.9766,1,0
2025-11-11,sh.600998,17.04208086,17.07498063,16.87758201,17.04208086,17.00918109,35604885,183732508.63,0.7061,0.1934,1,0
2025-11-12,sh.600998,17.04208086,17.23947948,17.00918109,17.17367994,17.04208086,45966835,240071756.97,0.9116,0.7722,1,0
2025-11-13,sh.600998,17.17367994,17.23947948,17.00918109,17.07498063,17.17367994,33510959,174060001.75,0.6646,-0.5747,1,0
2025-11-14,sh.600998,17.07498063,17.33817879,17.04208086,17.14078017,17.07498063,38918709,203730062.34,0.7718,0.3854,1,0
2025-11-17,sh.600998,17.17367994,17.20657971,16.7788827,16.84468224,17.14078017,45579112,234158611.32,0.9039,-1.7274,1,0
2025-11-18,sh.600998,16.7788827,16.87758201,16.54858431,16.61438385,16.84468224,33389841,169108035.76,0.6622,-1.3672,1,0
2025-11-19,sh.600998,16.54858431,16.64728362,16.41698523,16.51568454,16.61438385,28968657,145354433.15,0.5745,-0.5941,1,0
2025-11-20,sh.600998,16.51568454,16.58148408,16.38408546,16.449885,16.51568454,24284953,121523569.64,0.4816,-0.3984,1,0
2025-11-21,sh.600998,16.38408546,16.41698523,15.98928822,16.02218799,16.449885,42215845,207407625.49,0.8372,-2.6,1,0
2025-11-24,sh.600998,16.08798753,16.21958661,16.05508776,16.15378707,16.02218799,23611905,115923747.9,0.4683,0.8214,1,0
2025-11-25,sh.600998,16.21958661,16.25248638,16.08798753,16.15378707,16.15378707,23006123,113180138.17,0.4562,0.0,1,0
2025-11-26,sh.600998,16.15378707,16.41698523,16.1208873,16.25248638,16.15378707,30058516,149127911.76,0.5961,0.611,1,0
2025-11-27,sh.600998,16.28538615,16.31828592,16.15378707,16.18668684,16.25248638,22900337,112863027.72,0.4541,-0.4049,1,0
2025-11-28,sh.600998,16.18668684,16.21958661,16.02218799,16.1208873,16.18668684,34965902,171109460.6,0.6934,-0.4065,1,0
2025-12-01,sh.600998,16.1208873,16.38408546,16.08798753,16.35118569,16.1208873,37304870,184481302.61,0.7398,1.4286,1,0
2025-12-02,sh.600998,16.35118569,16.54858431,16.28538615,16.51568454,16.35118569,28969516,144804466.06,0.5745,1.006,1,0
2025-12-03,sh.600998,16.54858431,16.91048178,16.51568454,16.64728362,16.51568454,46147193,234241275.93,0.9152,0.7968,1,0
2025-12-04,sh.600998,16.58148408,16.74598293,16.48278477,16.71308316,16.64728362,35141655,177828370.44,0.6969,0.3953,1,0
2025-12-05,sh.600998,16.68018339,16.87758201,16.54858431,16.81178247,16.71308316,35895096,182672051.8,0.7119,0.5906,1,0
2025-12-08,sh.600998,16.84468224,17.20657971,16.71308316,16.91048178,16.81178247,52252917,268721778.16,1.0363,0.5871,1,0
2025-12-09,sh.600998,16.91048178,16.91048178,16.61438385,16.71308316,16.91048178,32532425,165220586.96,0.6452,-1.1673,1,0
2025-12-10,sh.600998,16.68018339,17.17367994,16.58148408,17.00918109,16.71308316,44553207,228880406.24,0.8836,1.7717,1,0
2025-12-11,sh.600998,17.04208086,17.1078804,16.84468224,16.91048178,17.00918109,38059625,196565048.04,0.7548,-0.5803,1,0
2025-12-12,sh.600998,16.87758201,16.91048178,16.68018339,16.71308316,16.91048178,43887940,223517296.54,0.8704,-1.1673,1,0
2025-12-15,sh.600998,16.68018339,16.94338155,16.58148408,16.87758201,16.71308316,35616487,182192024.64,0.7063,0.9843,1,0
2025-12-16,sh.600998,16.91048178,16.94338155,16.61438385,16.68018339,16.87758201,31396947,160004035.31,0.6227,-1.1696,1,0
2025-12-17,sh.600998,16.68018339,16.87758201,16.58148408,16.7788827,16.68018339,29956681,152431100.89,0.5941,0.5917,1,0
2025-12-18,sh.600998,16.7788827,17.17367994,16.71308316,17.1078804,16.7788827,50150031,259844394.12,0.9946,1.9608,1,0
2025-12-19,sh.600998,17.1078804,17.1078804,16.84468224,17.04208086,17.1078804,38689578,199986122.4,0.7673,-0.3846,1,0
2025-12-22,sh.600998,17.00918109,17.04208086,16.81178247,16.84468224,17.04208086,30998216,159040621.19,0.6147,-1.1583,1,0
2025-12-23,sh.600998,16.84468224,16.94338155,16.74598293,16.81178247,16.84468224,24433054,125047896.36,0.4845,-0.1953,1,0
2025-12-24,sh.600998,16.7788827,16.91048178,16.64728362,16.84468224,16.81178247,27655411,141075828.27,0.5484,0.1957,1,0
2025-12-25,sh.600998,16.84468224,16.87758201,16.74598293,16.81178247,16.84468224,18407155,94061925.86,0.365,-0.1953,1,0
2025-12-26,sh.600998,16.7788827,16.91048178,16.74598293,16.87758201,16.81178247,22257711,113905730.18,0.4414,0.3914,1,0
2025-12-29,sh.600998,16.87758201,16.87758201,16.64728362,16.68018339,16.87758201,25094761,127497925.6,0.4977,-1.1696,1,0
2025-12-30,sh.600998,16.64728362,16.84468224,16.61438385,16.74598293,16.68018339,23628125,120154582.67,0.4686,0.3945,1,0
2025-12-31,sh.600998,16.74598293,16.94338155,16.71308316,16.84468224,16.74598293,23555212,120727238.08,0.4671,0.5894,1,0
