date,code,open,high,low,close,preclose,volume,amount,turn,pctChg,tradestatus,isST
2021-01-04,sh.601186,9.80321208,9.84062892,9.74085068,9.81568436,9.8531012,50204571,393989594.74,0.4364,-0.3797,1,0
2021-01-05,sh.601186,9.76579524,10.1025468,9.69096156,9.77826752,9.81568436,125288585,990566032.34,1.0892,-0.3812,1,0
2021-01-06,sh.601186,9.80321208,10.289631,9.80321208,10.2272696,9.77826752,153351202,1244535924.02,1.3331,4.5918,1,0
2021-01-07,sh.601186,10.1649082,10.2272696,9.9154626,9.99029628,10.2272696,103383292,831830915.86,0.8987,-2.3171,1,0
2021-01-08,sh.601186,9.977824,10.11501908,9.92793488,10.0401854,9.99029628,62751524,503757002.27,0.5455,0.4994,1,0
2021-01-11,sh.601186,10.02771312,10.1025468,9.81568436,9.81568436,10.0401854,60341711,480954655.98,0.5246,-2.236,1,0
2021-01-12,sh.601186,9.7907398,10.01524084,9.77826752,9.94040716,9.81568436,60585606,480965406.23,0.5267,1.2706,1,0
2021-01-13,sh.601186,9.94040716,10.52660432,9.81568436,10.27715872,9.94040716,184907536,1512310225.19,1.6074,3.3877,1,0
2021-01-14,sh.601186,10.23974188,10.92571728,10.18985276,10.61391028,10.27715872,227539998,1943781230.43,1.9781,3.2767,1,0
2021-01-15,sh.601186,10.4767152,10.5390766,10.21479732,10.25221416,10.61391028,135105031,1116760455.51,1.1745,-3.4078,1,0
2021-01-18,sh.601186,10.20232504,10.31457556,10.13996364,10.23974188,10.25221416,67716750,553927157.28,0.5887,-0.1217,1,0
2021-01-19,sh.601186,10.18985276,10.289631,10.15243592,10.17738048,10.23974188,57529403,470877505.18,0.5001,-0.609,1,0
2021-01-20,sh.601186,10.17738048,10.23974188,10.1025468,10.11501908,10.17738048,51404052,419018458.14,0.4469,-0.6127,1,0
2021-01-21,sh.601186,10.12749136,10.13996364,10.01524084,10.06512996,10.11501908,59257261,478365200.16,0.5151,-0.4932,1,0
2021-01-22,sh.601186,10.0401854,10.05265768,9.8531012,9.86557348,10.06512996,62434726,497030875.8,0.5428,-1.9827,1,0
2021-01-25,sh.601186,9.87804576,9.94040716,9.81568436,9.82815664,9.86557348,43359598,342561458.87,0.3769,-0.3793,1,0
2021-01-26,sh.601186,9.82815664,9.94040716,9.80321208,9.8531012,9.82815664,35058803,277065178.53,0.3048,0.2538,1,0
2021-01-27,sh.601186,9.8531012,9.99029628,9.84062892,9.87804576,9.8531012,36808070,292381748.6,0.32,0.2532,1,0
2021-01-28,sh.601186,9.84062892,9.8531012,9.69096156,9.71590612,9.87804576,55977471,437170177.98,0.4866,-1.6414,1,0
2021-01-29,sh.601186,9.74085068,9.76579524,9.57871104,9.64107244,9.71590612,39852813,309008275.86,0.3464,-0.7702,1,0
2021-02-01,sh.601186,9.62860016,9.67848928,9.50387736,9.57871104,9.64107244,33077790,254445987.65,0.2876,-0.6468,1,0
2021-02-02,sh.601186,9.57871104,9.67848928,9.55376648,9.59118332,9.57871104,33880934,260922010.4,0.2945,0.1302,1,0
2021-02-03,sh.601186,9.59118332,9.59118332,9.37915456,9.37915456,9.59118332,44486187,337069929.75,0.3867,-2.2107,1,0
2021-02-04,sh.601186,9.35421,9.35421,9.07981984,9.12970896,9.37915456,49701790,366080887.78,0.4321,-2.6596,1,0
2021-02-05,sh.601186,9.12970896,9.26690404,9.11723668,9.19207036,9.12970896,31016183,228286207.31,0.2696,0.6831,1,0
2021-02-08,sh.601186,9.17959808,9.31679316,9.15465352,9.24195948,9.19207036,21619046,160354562.3,0.1879,0.5427,1,0
2021-02-09,sh.601186,9.25443176,9.31679316,9.24195948,9.30432088,9.24195948,25994756,193596165.84,0.226,0.6748,1,0
2021-02-10,sh.601186,9.2918486,9.32926544,9.25443176,9.31679316,9.30432088,26754137,199435337.32,0.2326,0.134,1,0
2021-02-18,sh.601186,9.4789328,9.5412942,9.42904368,9.49140508,9.31679316,45589868,346921285.01,0.3963,1.8742,1,0
2021-02-19,sh.601186,9.49140508,9.96535172,9.4789328,9.92793488,9.49140508,91403293,716580283.71,0.7946,4.5992,1,0
2021-02-22,sh.601186,10.00276856,10.1649082,9.92793488,9.94040716,9.92793488,106365452,857451723.95,0.9247,0.1256,1,0
2021-02-23,sh.601186,9.89051804,10.02771312,9.75332296,9.76579524,9.94040716,63792807,504419440.7,0.5546,-1.7566,1,0
2021-02-24,sh.601186,9.80321208,9.86557348,9.64107244,9.76579524,9.76579524,49987966,391297025.17,0.4346,0.0,1,0
2021-02-25,sh.601186,9.86557348,10.12749136,9.80321208,10.02771312,9.76579524,95943098,770149029.8,0.8341,2.682,1,0
2021-02-26,sh.601186,9.89051804,9.92793488,9.75332296,9.76579524,10.02771312,63005316,496220518.48,0.5477,-2.6119,1,0
2021-03-01,sh.601186,9.82815664,9.8531012,9.74085068,9.8531012,9.76579524,38637573,303607165.65,0.3359,0.894,1,0
2021-03-02,sh.601186,9.8531012,9.8531012,9.666017,9.69096156,9.8531012,37676447,294262335.9,0.3275,-1.6456,1,0
2021-03-03,sh.601186,9.70343384,9.80321208,9.67848928,9.7907398,9.69096156,31680813,248074347.29,0.2754,1.0296,1,0
2021-03-04,sh.601186,9.76579524,9.9154626,9.74085068,9.77826752,9.7907398,36498603,286834360.82,0.3173,-0.1274,1,0
2021-03-05,sh.601186,9.7283784,9.90299032,9.70343384,9.84062892,9.77826752,37704062,297161754.9,0.3278,0.6378,1,0
2021-03-08,sh.601186,9.84062892,9.89051804,9.7283784,9.7283784,9.84062892,40933292,322060933.15,0.3558,-1.1407,1,0
2021-03-09,sh.601186,9.76579524,9.87804576,9.56623876,9.76579524,9.7283784,48787952,380982156.05,0.4241,0.3846,1,0
2021-03-10,sh.601186,9.76579524,9.7907398,9.52882192,9.5412942,9.76579524,38956247,301567717.58,0.3387,-2.2989,1,0
2021-03-11,sh.601186,9.5412942,9.666017,9.52882192,9.65354472,9.5412942,35443710,273131222.52,0.3081,1.1765,1,0
2021-03-12,sh.601186,9.74085068,9.90299032,9.61612788,9.82815664,9.65354472,73246659,576195157.88,0.6367,1.8088,1,0
2021-03-15,sh.601186,9.74085068,10.02771312,9.74085068,9.94040716,9.82815664,76745156,610301534.92,0.6672,1.1421,1,0
2021-03-16,sh.601186,9.95287944,10.01524084,9.86557348,9.99029628,9.94040716,52169154,416538215.12,0.4535,0.5019,1,0
2021-03-17,sh.601186,9.99029628,9.99029628,9.82815664,9.86557348,9.99029628,41420148,328232092.49,0.3601,-1.2484,1,0
2021-03-18,sh.601186,9.86557348,9.90299032,9.82815664,9.87804576,9.86557348,26615266,210594112.9,0.2314,0.1264,1,0
2021-03-19,sh.601186,9.81568436,9.86557348,9.69096156,9.70343384,9.87804576,42331433,331551818.4,0.368,-1.7677,1,0
2021-03-22,sh.601186,9.75332296,9.95287944,9.75332296,9.87804576,9.70343384,44298456,349703518.18,0.3851,1.7995,1,0
2021-03-23,sh.601186,9.86557348,9.89051804,9.75332296,9.80321208,9.87804576,30785945,242141984.69,0.2676,-0.7576,1,0
2021-03-24,sh.601186,9.77826752,9.81568436,9.70343384,9.74085068,9.80321208,29718552,232446658.11,0.2583,-0.6361,1,0
2021-03-25,sh.601186,9.74085068,9.77826752,9.666017,9.666017,9.74085068,33360732,259860023.97,0.29,-0.7682,1,0
2021-03-26,sh.601186,9.69096156,9.71590612,9.64107244,9.64107244,9.666017,42431267,328927048.96,0.3689,-0.2581,1,0
2021-03-29,sh.601186,9.666017,9.71590612,9.64107244,9.70343384,9.64107244,30904104,239986011.91,0.2687,0.6468,1,0
2021-03-30,sh.601186,9.71590612,9.7283784,9.62860016,9.7283784,9.70343384,27322145,212105526.05,0.2375,0.2571,1,0
2021-03-31,sh.601186,9.80321208,10.07760224,9.77826752,9.99029628,9.7283784,108682548,867464386.21,0.9448,2.6923,1,0
2021-04-01,sh.601186,10.07760224,10.2272696,10.00276856,10.15243592,9.99029628,116276410,945341656.53,1.0108,1.623,1,0
2021-04-02,sh.601186,10.11501908,10.1649082,10.0401854,10.06512996,10.15243592,67253259,543928389.29,0.5846,-0.86,1,0
2021-04-06,sh.601186,10.0401854,10.09007452,10.00276856,10.06512996,10.06512996,43909650,353825206.25,0.3817,0.0,1,0
2021-04-07,sh.601186,10.06512996,10.1649082,10.02771312,10.15243592,10.06512996,46640434,378193023.43,0.4055,0.8674,1,0
2021-04-08,sh.601186,10.15243592,10.1649082,10.0401854,10.1025468,10.15243592,39775448,322638112.78,0.3458,-0.4914,1,0
2021-04-09,sh.601186,10.1025468,10.1649082,10.05265768,10.06512996,10.1025468,30006101,242574351.1,0.2608,-0.3704,1,0
2021-04-12,sh.601186,10.05265768,10.2272696,10.00276856,10.18985276,10.06512996,58208482,473406815.4,0.506,1.2392,1,0
2021-04-13,sh.601186,10.13996364,10.1649082,9.94040716,9.96535172,10.18985276,57363916,460308064.01,0.4987,-2.2032,1,0
2021-04-14,sh.601186,9.94040716,9.99029628,9.90299032,9.96535172,9.96535172,33362771,266127092.26,0.29,0.0,1,0
2021-04-15,sh.601186,9.977824,9.99029628,9.87804576,9.9154626,9.96535172,25487000,202732123.39,0.2216,-0.5006,1,0
2021-04-16,sh.601186,9.9154626,10.0401854,9.9154626,10.01524084,9.9154626,27589646,221073919.3,0.2398,1.0063,1,0
2021-04-19,sh.601186,10.02771312,10.11501908,9.99029628,10.06512996,10.01524084,34189512,276191665.09,0.2972,0.4981,1,0
2021-04-20,sh.601186,10.0401854,10.07760224,9.95287944,9.96535172,10.06512996,30851620,247501455.03,0.2682,-0.9913,1,0
2021-04-21,sh.601186,9.94040716,9.94040716,9.8531012,9.87804576,9.96535172,29737409,235543919.62,0.2585,-0.8761,1,0
2021-04-22,sh.601186,9.87804576,9.90299032,9.81568436,9.82815664,9.87804576,28233745,223043829.13,0.2454,-0.5051,1,0
2021-04-23,sh.601186,9.8531012,9.86557348,9.75332296,9.77826752,9.82815664,21592256,169670903.99,0.1877,-0.5076,1,0
2021-04-26,sh.601186,9.7907398,9.81568436,9.69096156,9.70343384,9.77826752,31605809,247127542.5,0.2748,-0.7653,1,0
2021-04-27,sh.601186,9.69096156,9.70343384,9.6036556,9.64107244,9.70343384,24186908,186919053.44,0.2103,-0.6427,1,0
2021-04-28,sh.601186,9.62860016,9.70343384,9.6036556,9.62860016,9.64107244,26076866,201395973.8,0.2267,-0.1294,1,0
2021-04-29,sh.601186,9.64107244,9.74085068,9.6036556,9.74085068,9.62860016,26486012,205983715.91,0.2302,1.1658,1,0
2021-04-30,sh.601186,9.7907398,9.81568436,9.57871104,9.62860016,9.74085068,38872908,301294200.2,0.3379,-1.1524,1,0
2021-05-06,sh.601186,9.70343384,9.7283784,9.64107244,9.65354472,9.62860016,29389628,228240118.86,0.2555,0.2591,1,0
2021-05-07,sh.601186,9.666017,9.7907398,9.62860016,9.70343384,9.65354472,36417353,283524336.08,0.3166,0.5168,1,0
2021-05-10,sh.601186,9.70343384,9.7283784,9.61612788,9.666017,9.70343384,34690678,268812696.09,0.3016,-0.3856,1,0
2021-05-11,sh.601186,9.64107244,9.69096156,9.59118332,9.69096156,9.666017,27435828,212014900.95,0.2385,0.2581,1,0
2021-05-12,sh.601186,9.67848928,9.69096156,9.6036556,9.67848928,9.69096156,25817139,199738423.87,0.2244,-0.1287,1,0
2021-05-13,sh.601186,9.62860016,9.7283784,9.61612788,9.65354472,9.67848928,27626192,214042774.89,0.2402,-0.2577,1,0
2021-05-14,sh.601186,9.67848928,9.70343384,9.6036556,9.70343384,9.65354472,41423750,320842579.0,0.3601,0.5168,1,0
2021-05-17,sh.601186,9.69096156,9.74085068,9.65354472,9.69096156,9.70343384,32503796,252862141.93,0.2826,-0.1285,1,0
2021-05-18,sh.601186,9.70343384,9.71590612,9.64107244,9.666017,9.69096156,25162778,194907752.77,0.2187,-0.2574,1,0
2021-05-19,sh.601186,9.67848928,9.70343384,9.6036556,9.6036556,9.666017,33377050,257676875.04,0.2902,-0.6452,1,0
2021-05-20,sh.601186,9.62860016,9.62860016,9.5412942,9.57871104,9.6036556,25947516,199125678.66,0.2256,-0.2597,1,0
2021-05-21,sh.601186,9.59118332,9.6036556,9.55376648,9.56623876,9.57871104,18364159,141007843.94,0.1596,-0.1302,1,0
2021-05-24,sh.601186,9.56623876,9.57871104,9.5412942,9.56623876,9.56623876,19502536,149507435.67,0.1695,0.0,1,0
2021-05-25,sh.601186,9.56623876,9.666017,9.51634964,9.65354472,9.56623876,38136672,293759008.29,0.3315,0.9126,1,0
2021-05-26,sh.601186,9.65354472,9.71590612,9.62860016,9.69096156,9.65354472,40469205,314061932.14,0.3518,0.3876,1,0
2021-05-27,sh.601186,9.69096156,9.69096156,9.61612788,9.65354472,9.69096156,32438170,250829624.25,0.282,-0.3861,1,0
2021-05-28,sh.601186,9.64107244,9.666017,9.59118332,9.61612788,9.65354472,25792001,198973525.55,0.2242,-0.3876,1,0
2021-05-31,sh.601186,9.59118332,9.59118332,9.51634964,9.52882192,9.61612788,37966397,290449997.79,0.33,-0.9079,1,0
2021-06-01,sh.601186,9.5412942,9.55376648,9.50387736,9.5412942,9.52882192,24490221,187092969.72,0.2129,0.1309,1,0
2021-06-02,sh.601186,9.55376648,9.56623876,9.4789328,9.51634964,9.5412942,26364593,201073794.87,0.2292,-0.2614,1,0
2021-06-03,sh.601186,9.51634964,9.55376648,9.49140508,9.51634964,9.51634964,21607961,165043307.53,0.1878,0.0,1,0
2021-06-04,sh.601186,9.50387736,9.55376648,9.49140508,9.51634964,9.51634964,21601262,164869172.32,0.1878,0.0,1,0
2021-06-07,sh.601186,9.51634964,9.52882192,9.4789328,9.49140508,9.51634964,23813698,181369999.75,0.207,-0.2621,1,0
2021-06-08,sh.601186,9.50387736,9.51634964,9.46646052,9.49140508,9.49140508,21711377,165034730.43,0.1887,0.0,1,0
2021-06-09,sh.601186,9.49140508,9.50387736,9.4165714,9.4165714,9.49140508,30888454,234014945.32,0.2685,-0.7884,1,0
2021-06-10,sh.601186,9.4165714,9.4789328,9.40409912,9.40409912,9.4165714,26169362,197956585.84,0.2275,-0.1325,1,0
2021-06-11,sh.601186,9.4165714,9.45398824,9.36668228,9.42904368,9.40409912,40064976,302282318.64,0.3483,0.2653,1,0
2021-06-15,sh.601186,9.40409912,9.4165714,9.19207036,9.2294872,9.42904368,58918900,437969609.58,0.5122,-2.1164,1,0
2021-06-16,sh.601186,9.2294872,9.44151596,9.20454264,9.37915456,9.2294872,45153979,338909991.65,0.3925,1.6216,1,0
2021-06-17,sh.601186,9.35421,9.37915456,9.24195948,9.25443176,9.37915456,26710232,198925208.73,0.2322,-1.3298,1,0
2021-06-18,sh.601186,9.26690404,9.27937632,9.21701492,9.24195948,9.25443176,25103485,186035747.49,0.2182,-0.1348,1,0
2021-06-21,sh.601186,9.24195948,9.27937632,9.20454264,9.25443176,9.24195948,24406171,180760063.79,0.2122,0.135,1,0
2021-06-22,sh.601186,9.25443176,9.44151596,9.20454264,9.37915456,9.25443176,61051478,458604813.05,0.5307,1.3477,1,0
2021-06-23,sh.601186,9.34173772,9.39162684,9.25443176,9.37915456,9.37915456,43420820,324229065.9,0.3775,0.0,1,0
2021-06-24,sh.601186,9.35421,9.42904368,9.34173772,9.37915456,9.37915456,23373725,175897039.34,0.2032,0.0,1,0
2021-06-25,sh.601186,9.37915456,9.4165714,9.34173772,9.39162684,9.37915456,23311301,175462255.53,0.2026,0.133,1,0
2021-06-28,sh.601186,9.40409912,9.4165714,9.2918486,9.31679316,9.39162684,24862126,186168958.56,0.2161,-0.7968,1,0
2021-06-29,sh.601186,9.30432088,9.32926544,9.25443176,9.26690404,9.31679316,22245738,165654850.23,0.1934,-0.5355,1,0
2021-06-30,sh.601186,9.25443176,9.27937632,9.20454264,9.26690404,9.26690404,22070580,163520427.3,0.1919,0.0,1,0
2021-07-01,sh.601186,9.26690404,9.35421,9.21701492,9.26690404,9.26690404,31033831,231317809.41,0.2698,0.0,1,0
2021-07-02,sh.601186,9.27937632,9.31679316,9.1671258,9.17959808,9.26690404,32649982,241282561.19,0.2838,-0.9421,1,0
2021-07-05,sh.601186,9.17959808,9.19207036,9.1047644,9.11723668,9.17959808,29189189,213595638.24,0.2537,-0.6793,1,0
2021-07-06,sh.601186,9.11723668,9.17959808,9.09229212,9.1671258,9.11723668,22248629,163086355.87,0.1934,0.5472,1,0
2021-07-07,sh.601186,9.12970896,9.19207036,9.11723668,9.17959808,9.1671258,20115894,147503971.04,0.1749,0.1361,1,0
2021-07-08,sh.601186,9.17959808,9.17959808,9.09229212,9.09229212,9.17959808,25540413,186768729.77,0.222,-0.9511,1,0
2021-07-09,sh.601186,9.09229212,9.14218124,9.07981984,9.12970896,9.09229212,16231518,118624376.4,0.1411,0.4115,1,0
2021-07-12,sh.601186,9.15465352,9.19207036,9.11723668,9.12970896,9.12970896,23788288,174621252.67,0.2068,0.0,1,0
2021-07-13,sh.601186,9.14218124,9.25443176,9.1047644,9.17959808,9.12970896,40146167,296131145.35,0.349,0.5464,1,0
2021-07-14,sh.601186,9.19207036,9.19207036,9.09229212,9.09229212,9.17959808,29302735,214129951.53,0.2547,-0.9511,1,0
2021-07-15,sh.601186,9.09229212,9.12970896,9.02993072,9.11723668,9.09229212,26055643,189606558.5,0.2265,0.2743,1,0
2021-07-16,sh.601186,9.09229212,9.14218124,9.06734756,9.09229212,9.11723668,21359408,155726092.21,0.1857,-0.2736,1,0
2021-07-19,sh.601186,9.07981984,9.09229212,9.00498616,9.01745844,9.09229212,22571008,163379056.84,0.1962,-0.823,1,0
2021-07-20,sh.601186,9.00498616,9.1671258,8.94262476,9.09229212,9.01745844,42506272,308452951.42,0.3695,0.8299,1,0
2021-07-21,sh.601186,9.06734756,9.09229212,9.00498616,9.02993072,9.09229212,24483108,177443249.71,0.2128,-0.6859,1,0
2021-07-22,sh.601186,9.02993072,9.15465352,8.99251388,9.09229212,9.02993072,29781914,217495140.5,0.2589,0.6906,1,0
2021-07-23,sh.601186,9.09229212,9.31679316,9.07981984,9.2294872,9.09229212,62518353,463478897.9,0.5435,1.5089,1,0
2021-07-26,sh.601186,9.25443176,9.27937632,9.1047644,9.17959808,9.2294872,46391169,340867898.74,0.4033,-0.5405,1,0
2021-07-27,sh.601186,9.17959808,9.20454264,8.99251388,9.06734756,9.17959808,37440839,272898460.86,0.3255,-1.2228,1,0
2021-07-28,sh.601186,9.00498616,9.15465352,8.94262476,9.07981984,9.06734756,37327899,270052037.55,0.3245,0.1376,1,0
2021-07-29,sh.601186,9.09229212,9.12970896,9.00498616,9.05487528,9.07981984,27003396,195582283.77,0.2347,-0.2747,1,0
2021-07-30,sh.601186,9.02993072,9.2918486,8.96756932,9.1671258,9.05487528,57639267,424897013.13,0.5011,1.2397,1,0
2021-08-02,sh.601186,9.14218124,9.39162684,9.07981984,9.32926544,9.1671258,80411085,597455229.19,0.699,1.7687,1,0
2021-08-03,sh.601186,9.31679316,9.56623876,9.27937632,9.50387736,9.32926544,101216529,768718704.56,0.8799,1.8717,1,0
2021-08-04,sh.601186,9.52960086,9.52960086,9.29811258,9.40099626,9.50387994,60995653,445418588.45,0.5302,-1.0825,1,0
2021-08-05,sh.601186,9.37527534,9.4524381,9.31097304,9.40099626,9.40099626,42846744,312312386.57,0.3725,0.0,1,0
2021-08-06,sh.601186,9.3881358,9.41385672,9.3238335,9.36241488,9.40099626,28327257,206180352.64,0.2463,-0.4104,1,0
2021-08-09,sh.601186,9.34955442,9.52960086,9.33669396,9.43957764,9.36241488,48783333,358733216.14,0.4241,0.8242,1,0
2021-08-10,sh.601186,9.42671718,9.4524381,9.34955442,9.41385672,9.43957764,37772851,275570184.93,0.3284,-0.2725,1,0
2021-08-11,sh.601186,9.40099626,9.54246132,9.37527534,9.40099626,9.41385672,47618983,349898052.73,0.414,-0.1366,1,0
2021-08-12,sh.601186,9.40099626,9.40099626,9.3238335,9.33669396,9.40099626,34373217,249856215.54,0.2988,-0.684,1,0
2021-08-13,sh.601186,9.33669396,9.34955442,9.2595312,9.27239166,9.33669396,30242895,218562651.32,0.2629,-0.6887,1,0
2021-08-16,sh.601186,9.2595312,9.34955442,9.2595312,9.3238335,9.27239166,28186301,204264200.25,0.245,0.5548,1,0
2021-08-17,sh.601186,9.3238335,9.47815902,9.29811258,9.31097304,9.3238335,55361519,404338544.57,0.4813,-0.1379,1,0
2021-08-18,sh.601186,9.28525212,9.49101948,9.2595312,9.47815902,9.31097304,68812677,503603806.8,0.5982,1.7956,1,0
2021-08-19,sh.601186,9.4524381,9.46529856,9.33669396,9.37527534,9.47815902,45927800,335865332.27,0.3993,-1.0855,1,0
2021-08-20,sh.601186,9.36241488,9.37527534,9.28525212,9.3238335,9.37527534,32483683,235364062.15,0.2824,-0.5487,1,0
2021-08-23,sh.601186,9.31097304,9.36241488,9.31097304,9.33669396,9.3238335,23978649,174147944.15,0.2085,0.1379,1,0
2021-08-24,sh.601186,9.3238335,9.36241488,9.31097304,9.33669396,9.33669396,28023957,203446829.55,0.2436,0.0,1,0
2021-08-25,sh.601186,9.34955442,9.55532178,9.29811258,9.49101948,9.33669396,72156594,530545506.01,0.6273,1.6529,1,0
2021-08-26,sh.601186,9.4524381,9.60676362,9.43957764,9.52960086,9.49101948,83733067,621004563.18,0.7279,0.4065,1,0
2021-08-27,sh.601186,9.52960086,9.67106592,9.47815902,9.61962408,9.52960086,74032040,551387896.79,0.6436,0.9447,1,0
2021-08-30,sh.601186,9.61962408,9.645345,9.49101948,9.5167404,9.61962408,62754857,465498966.56,0.5455,-1.0695,1,0
2021-08-31,sh.601186,9.56818224,9.81253098,9.54246132,9.81253098,9.5167404,139404530,1051703530.24,1.2119,3.1081,1,0
2021-09-01,sh.601186,9.87683328,10.76420502,9.87683328,10.63560042,9.81253098,351797136,2864118564.14,3.0582,8.3879,1,0
2021-09-02,sh.601186,10.6741818,11.24004204,10.50699582,11.13715836,10.63560042,318696336,2692386726.26,2.7705,4.7158,1,0
2021-09-03,sh.601186,11.15001882,11.22718158,10.75134456,10.77706548,11.13715836,230856069,1965145615.11,2.0069,-3.2333,1,0
2021-09-06,sh.601186,10.87994916,11.67729768,10.78992594,11.20146066,10.77706548,297288848,2596978946.65,2.5844,3.9379,1,0
2021-09-07,sh.601186,11.1886002,11.47153032,11.02141422,11.3815071,11.20146066,201689660,1775123888.8,1.7533,1.6073,1,0
2021-09-08,sh.601186,11.35578618,11.48439078,11.21432112,11.3815071,11.3815071,173182355,1531433048.06,1.5055,0.0,1,0
2021-09-09,sh.601186,11.3815071,11.93450688,11.3172048,11.78018136,11.3815071,247139869,2252423162.28,2.1484,3.5028,1,0
2021-09-10,sh.601186,11.90878596,12.24315792,11.574414,11.69015814,11.78018136,267330484,2479625468.72,2.324,-0.7642,1,0
2021-09-13,sh.601186,11.52297216,11.88306504,11.5101117,11.66443722,11.69015814,156805715,1427851244.76,1.3631,-0.22,1,0
2021-09-14,sh.601186,11.67729768,11.75446044,11.03427468,11.15001882,11.66443722,224447165,1965324975.52,1.9512,-4.4101,1,0
2021-09-15,sh.601186,11.04713514,11.22718158,10.931391,11.0599956,11.15001882,116642052,1003147294.03,1.014,-0.8074,1,0
2021-09-16,sh.601186,11.04713514,11.1886002,10.94425146,10.98283284,11.0599956,97614465,838563834.5,0.8486,-0.6977,1,0
2021-09-17,sh.601186,10.95711192,11.0599956,10.62273996,10.8027864,10.98283284,129410508,1089514500.04,1.125,-1.6393,1,0
2021-09-22,sh.601186,10.63560042,11.24004204,10.62273996,11.13715836,10.8027864,124251132,1060486367.04,1.0801,3.0952,1,0
2021-09-23,sh.601186,11.20146066,11.3172048,10.98283284,11.13715836,11.13715836,104418444,904756504.33,0.9077,0.0,1,0
2021-09-24,sh.601186,11.13715836,11.20146066,10.77706548,10.8027864,11.13715836,86372330,735668539.69,0.7509,-3.0023,1,0
2021-09-27,sh.601186,10.78992594,10.91853054,10.288368,10.31408892,10.8027864,117943435,962224734.58,1.0253,-4.5238,1,0
2021-09-28,sh.601186,10.31408892,10.50699582,10.31408892,10.42983306,10.31408892,51943212,421240792.07,0.4516,1.1222,1,0
2021-09-29,sh.601186,10.36553076,10.46841444,10.04401926,10.13404248,10.42983306,98296822,782311400.37,0.8545,-2.836,1,0
2021-09-30,sh.601186,10.1597634,10.24978662,10.06974018,10.1597634,10.13404248,57451629,453928827.96,0.4994,0.2538,1,0
2021-10-08,sh.601186,10.44269352,10.46841444,10.24978662,10.37839122,10.1597634,58545461,470784994.78,0.5089,2.1519,1,0
2021-10-11,sh.601186,10.37839122,10.37839122,10.18548432,10.24978662,10.37839122,54182405,431856218.27,0.471,-1.2392,1,0
2021-10-12,sh.601186,10.19834478,10.19834478,9.88969374,9.9668565,10.24978662,67810488,528016393.91,0.5895,-2.7604,1,0
2021-10-13,sh.601186,9.9668565,10.05687972,9.8382519,10.0311588,9.9668565,48206849,372739024.05,0.4191,0.6452,1,0
2021-10-14,sh.601186,10.01829834,10.04401926,9.91541466,9.95399604,10.0311588,37661941,292162670.05,0.3274,-0.7692,1,0
2021-10-15,sh.601186,9.95399604,9.9668565,9.79967052,9.81253098,9.95399604,50793578,389446905.92,0.4416,-1.4212,1,0
2021-10-18,sh.601186,9.81253098,9.9668565,9.81253098,9.91541466,9.81253098,39108814,301517409.8,0.34,1.0485,1,0
2021-10-19,sh.601186,9.87683328,10.00543788,9.85111236,9.94113558,9.91541466,40573105,313334681.7,0.3527,0.2594,1,0
2021-10-20,sh.601186,9.94113558,9.95399604,9.85111236,9.87683328,9.94113558,33527981,257798468.18,0.2915,-0.6468,1,0
2021-10-21,sh.601186,9.86397282,9.95399604,9.81253098,9.82539144,9.87683328,43000296,330242902.75,0.3738,-0.5208,1,0
2021-10-22,sh.601186,9.81253098,9.9025542,9.7096473,9.73536822,9.82539144,51766803,394625641.89,0.45,-0.9162,1,0
2021-10-25,sh.601186,9.67106592,9.86397282,9.645345,9.81253098,9.73536822,44609067,339329811.06,0.3878,0.7926,1,0
2021-10-26,sh.601186,9.78681006,9.97971696,9.76108914,9.7739496,9.81253098,48198657,369439562.84,0.419,-0.3932,1,0
2021-10-27,sh.601186,9.74822868,9.79967052,9.56818224,9.5810427,9.7739496,46277637,346804085.01,0.4023,-1.9737,1,0
2021-10-28,sh.601186,9.5810427,9.61962408,9.4524381,9.49101948,9.5810427,36841690,272547523.52,0.3203,-0.9396,1,0
2021-10-29,sh.601186,9.49101948,9.5810427,9.43957764,9.56818224,9.49101948,31908773,236308714.02,0.2774,0.813,1,0
2021-11-01,sh.601186,9.5167404,9.645345,9.50387994,9.60676362,9.56818224,49776624,371308882.51,0.4327,0.4032,1,0
2021-11-02,sh.601186,9.60676362,9.61962408,9.28525212,9.34955442,9.60676362,77575734,568117376.36,0.6744,-2.6774,1,0
2021-11-03,sh.601186,9.3238335,9.3881358,9.28525212,9.33669396,9.34955442,37079852,268939591.0,0.3223,-0.1376,1,0
2021-11-04,sh.601186,9.34955442,9.36241488,9.29811258,9.33669396,9.33669396,31258390,226791173.75,0.2717,0.0,1,0
2021-11-05,sh.601186,9.3238335,9.33669396,9.27239166,9.27239166,9.33669396,31370772,226657083.05,0.2727,-0.6887,1,0
2021-11-08,sh.601186,9.3238335,9.33669396,9.27239166,9.28525212,9.27239166,27072812,195849238.07,0.2353,0.1387,1,0
2021-11-09,sh.601186,9.29811258,9.31097304,9.24667074,9.28525212,9.28525212,28199147,203439646.4,0.2451,0.0,1,0
2021-11-10,sh.601186,9.28525212,9.36241488,9.1952289,9.36241488,9.28525212,43864863,315773867.92,0.3813,0.831,1,0
2021-11-11,sh.601186,9.31097304,9.56818224,9.29811258,9.5167404,9.36241488,63036995,464303265.57,0.548,1.6484,1,0
2021-11-12,sh.601186,9.49101948,9.49101948,9.40099626,9.43957764,9.5167404,26500469,194581752.14,0.2304,-0.8108,1,0
2021-11-15,sh.601186,9.42671718,9.50387994,9.40099626,9.47815902,9.43957764,20805781,152860099.22,0.1809,0.4087,1,0
2021-11-16,sh.601186,9.49101948,9.55532178,9.40099626,9.41385672,9.47815902,28390207,209011614.49,0.2468,-0.6784,1,0
2021-11-17,sh.601186,9.43957764,9.47815902,9.41385672,9.43957764,9.41385672,15453630,113471587.22,0.1343,0.2732,1,0
2021-11-18,sh.601186,9.43957764,9.4524381,9.36241488,9.37527534,9.43957764,28582680,208772133.22,0.2485,-0.6812,1,0
2021-11-19,sh.601186,9.36241488,9.4524381,9.29811258,9.43957764,9.37527534,35849038,260802796.76,0.3116,0.6859,1,0
2021-11-22,sh.601186,9.42671718,9.43957764,9.34955442,9.37527534,9.43957764,31820982,232036134.83,0.2766,-0.6812,1,0
2021-11-23,sh.601186,9.34955442,9.54246132,9.3238335,9.52960086,9.37527534,58676549,432200339.13,0.5101,1.6461,1,0
2021-11-24,sh.601186,9.50387994,9.54246132,9.46529856,9.50387994,9.52960086,31986852,236219719.86,0.2781,-0.2699,1,0
2021-11-25,sh.601186,9.50387994,9.54246132,9.46529856,9.5167404,9.50387994,25775296,190444454.05,0.2241,0.1353,1,0
2021-11-26,sh.601186,9.49101948,9.52960086,9.43957764,9.47815902,9.5167404,30694476,226271408.42,0.2668,-0.4054,1,0
2021-11-29,sh.601186,9.36241488,9.43957764,9.3238335,9.3881358,9.47815902,25202140,183909478.02,0.2191,-0.9498,1,0
2021-11-30,sh.601186,9.4524381,9.50387994,9.36241488,9.3881358,9.3881358,23665970,173489663.12,0.2057,0.0,1,0
2021-12-01,sh.601186,9.36241488,9.46529856,9.36241488,9.4524381,9.3881358,22318936,163665177.1,0.194,0.6849,1,0
2021-12-02,sh.601186,9.4524381,9.9668565,9.43957764,9.94113558,9.4524381,139983742,1062161301.05,1.2169,5.1701,1,0
2021-12-03,sh.601186,9.87683328,10.06974018,9.76108914,9.9668565,9.94113558,90305174,698327063.71,0.785,0.2587,1,0
2021-12-06,sh.601186,9.99257742,10.1597634,9.82539144,9.85111236,9.9668565,75711928,587207733.85,0.6582,-1.1613,1,0
2021-12-07,sh.601186,9.94113558,10.1597634,9.87683328,10.10832156,9.85111236,98257204,768768585.52,0.8542,2.611,1,0
2021-12-08,sh.601186,10.05687972,10.12118202,9.94113558,9.99257742,10.10832156,63837850,496552873.36,0.555,-1.145,1,0
2021-12-09,sh.601186,9.99257742,10.0311588,9.88969374,9.97971696,9.99257742,54270263,420720137.89,0.4718,-0.1287,1,0
2021-12-10,sh.601186,9.94113558,10.06974018,9.8382519,9.8382519,9.97971696,55549809,428846571.48,0.4829,-1.4175,1,0
2021-12-13,sh.601186,9.9668565,10.2240657,9.85111236,9.88969374,9.8382519,92339991,718456179.37,0.8027,0.5229,1,0
2021-12-14,sh.601186,9.87683328,9.87683328,9.67106592,9.7096473,9.88969374,56394848,426947297.2,0.4903,-1.8205,1,0
2021-12-15,sh.601186,9.69678684,9.86397282,9.68392638,9.74822868,9.7096473,44707936,339908174.32,0.3887,0.3974,1,0
2021-12-16,sh.601186,9.74822868,10.01829834,9.74822868,9.94113558,9.74822868,58625361,451914216.92,0.5096,1.9789,1,0
2021-12-17,sh.601186,9.95399604,10.1597634,9.92827512,10.00543788,9.94113558,69954612,546746857.63,0.6081,0.6468,1,0
2021-12-20,sh.601186,10.01829834,10.23692616,9.9668565,10.19834478,10.00543788,95787079,754041032.84,0.8327,1.928,1,0
2021-12-21,sh.601186,10.10832156,10.3526703,10.0954611,10.27550754,10.19834478,83081823,661997650.92,0.7222,0.7566,1,0
2021-12-22,sh.601186,10.32694938,10.3526703,10.10832156,10.19834478,10.27550754,62326115,493116999.62,0.5418,-0.7509,1,0
2021-12-23,sh.601186,10.13404248,10.18548432,10.05687972,10.08260064,10.19834478,47261733,370953212.16,0.4109,-1.1349,1,0
2021-12-24,sh.601186,10.13404248,10.14690294,10.04401926,10.05687972,10.08260064,41742674,327772690.97,0.3629,-0.2551,1,0
2021-12-27,sh.601186,10.05687972,10.18548432,10.04401926,10.08260064,10.05687972,46769850,367763109.5,0.4066,0.2558,1,0
2021-12-28,sh.601186,10.08260064,10.12118202,9.9025542,9.9668565,10.08260064,54921111,425973759.36,0.4774,-1.148,1,0
2021-12-29,sh.601186,9.94113558,10.05687972,9.92827512,9.9668565,9.9668565,31053301,241089009.74,0.27,0.0,1,0
2021-12-30,sh.601186,9.94113558,9.99257742,9.9025542,9.92827512,9.9668565,41924866,323874205.42,0.3645,-0.3871,1,0
2021-12-31,sh.601186,9.92827512,10.0954611,9.9025542,10.0311588,9.92827512,42256815,329596284.37,0.3673,1.0363,1,0
2022-01-04,sh.601186,10.06974018,10.08260064,9.97971696,10.05687972,10.0311588,43005085,335360706.24,0.3739,0.2564,1,0
2022-01-05,sh.601186,10.05687972,10.12118202,9.94113558,10.05687972,10.05687972,60763167,473812435.13,0.5282,0.0,1,0
2022-01-06,sh.601186,10.0311588,10.6098795,10.01829834,10.49413536,10.05687972,165059073,1334533857.03,1.4349,4.3478,1,0
2022-01-07,sh.601186,10.45555398,10.82850732,10.42983306,10.71276318,10.49413536,139967099,1167377708.07,1.2168,2.0833,1,0
2022-01-10,sh.601186,10.7384841,10.91853054,10.6098795,10.82850732,10.71276318,113567945,950937211.7,0.9873,1.0804,1,0
2022-01-11,sh.601186,10.82850732,10.87994916,10.64846088,10.68704226,10.82850732,64472602,538807217.26,0.5605,-1.3064,1,0
2022-01-12,sh.601186,10.71276318,10.71276318,10.4169726,10.46841444,10.68704226,80566975,657543906.9,0.7004,-2.0457,1,0
2022-01-13,sh.601186,10.46841444,10.62273996,10.39125168,10.40411214,10.46841444,66021849,539175971.52,0.5739,-0.6143,1,0
2022-01-14,sh.601186,10.37839122,10.40411214,10.17262386,10.18548432,10.40411214,70379553,561889976.53,0.6118,-2.1014,1,0
2022-01-17,sh.601186,10.17262386,10.26264708,10.0954611,10.19834478,10.18548432,42121358,333131668.34,0.3662,0.1263,1,0
2022-01-18,sh.601186,10.19834478,10.85422824,10.1597634,10.7384841,10.19834478,138874439,1141554489.24,1.2073,5.2963,1,0
2022-01-19,sh.601186,10.64846088,10.89280962,10.63560042,10.77706548,10.7384841,121223921,1015904263.26,1.0538,0.3593,1,0
2022-01-20,sh.601186,10.81564686,11.0599956,10.64846088,10.89280962,10.77706548,139970699,1184031855.39,1.2168,1.074,1,0
2022-01-21,sh.601186,10.81564686,10.8670887,10.57129812,10.58415858,10.89280962,74453078,617834112.97,0.6472,-2.8335,1,0
2022-01-24,sh.601186,10.59701904,11.02141422,10.50699582,10.8027864,10.58415858,105460023,884911068.48,0.9168,2.0656,1,0
2022-01-25,sh.601186,10.68704226,10.90567008,10.50699582,10.51985628,10.8027864,75622756,629316074.15,0.6574,-2.619,1,0
2022-01-26,sh.601186,10.5455772,10.76420502,10.50699582,10.7384841,10.51985628,70294765,582056831.4,0.6111,2.0782,1,0
2022-01-27,sh.601186,10.69990272,10.90567008,10.62273996,10.68704226,10.7384841,78456103,655716401.37,0.682,-0.479,1,0
2022-01-28,sh.601186,10.69990272,10.75134456,10.3526703,10.36553076,10.68704226,74079434,603691101.4,0.644,-3.0084,1,0
2022-02-07,sh.601186,10.5455772,11.29148388,10.53271674,11.2529025,10.36553076,175839237,1501113393.74,1.5286,8.5608,1,0
2022-02-08,sh.601186,11.2529025,11.27862342,10.9956933,11.26576296,11.2529025,125783209,1090071887.3,1.0935,0.1143,1,0
2022-02-09,sh.601186,11.1886002,11.22718158,11.0599956,11.07285606,11.26576296,81839286,707931571.28,0.7114,-1.7123,1,0
2022-02-10,sh.601186,11.03427468,11.35578618,11.00855376,11.20146066,11.07285606,92711579,807241790.97,0.806,1.1614,1,0
2022-02-11,sh.601186,11.1242979,11.42008848,11.00855376,11.04713514,11.20146066,109001206,951384696.4,0.9476,-1.3777,1,0
2022-02-14,sh.601186,10.96997238,11.11143744,10.81564686,10.89280962,11.04713514,73399250,625535114.02,0.6381,-1.397,1,0
2022-02-15,sh.601186,10.89280962,11.00855376,10.75134456,10.89280962,10.89280962,70918294,599234949.62,0.6165,0.0,1,0
2022-02-16,sh.601186,10.94425146,11.2529025,10.931391,11.03427468,10.89280962,103352504,891496826.43,0.8985,1.2987,1,0
2022-02-17,sh.601186,11.04713514,11.08571652,10.8670887,10.91853054,11.03427468,69794135,594137144.88,0.6067,-1.049,1,0
2022-02-18,sh.601186,10.82850732,11.1242979,10.81564686,11.1242979,10.91853054,89107707,763670637.19,0.7746,1.8846,1,0
2022-02-21,sh.601186,11.07285606,11.08571652,10.82850732,10.98283284,11.1242979,102968979,873229765.9,0.8951,-1.2717,1,0
2022-02-22,sh.601186,10.8670887,10.91853054,10.68704226,10.78992594,10.98283284,80212305,673831411.47,0.6973,-1.7564,1,0
2022-02-23,sh.601186,10.81564686,10.82850732,10.55843766,10.69990272,10.78992594,90803896,752304370.38,0.7894,-0.8343,1,0
2022-02-24,sh.601186,10.63560042,10.6741818,10.288368,10.36553076,10.69990272,95308900,774986964.05,0.8285,-3.125,1,0
2022-02-25,sh.601186,10.4169726,10.50699582,10.10832156,10.26264708,10.36553076,105446973,843305483.6,0.9167,-0.9926,1,0
2022-02-28,sh.601186,10.2240657,10.27550754,10.0954611,10.26264708,10.26264708,42501345,336813376.0,0.3695,0.0,1,0
2022-03-01,sh.601186,10.27550754,10.4169726,10.26264708,10.39125168,10.26264708,55596225,447328304.0,0.4833,1.2531,1,0
2022-03-02,sh.601186,10.288368,10.46841444,10.27550754,10.37839122,10.39125168,48417407,391678672.0,0.4209,-0.1238,1,0
2022-03-03,sh.601186,10.4169726,10.58415858,10.37839122,10.53271674,10.37839122,67705605,554293328.0,0.5886,1.487,1,0
2022-03-04,sh.601186,10.4812749,10.49413536,10.32694938,10.39125168,10.53271674,45716775,369209696.0,0.3974,-1.3431,1,0
2022-03-07,sh.601186,10.30122846,10.64846088,10.288368,10.40411214,10.39125168,104435932,851526592.0,0.9079,0.1238,1,0
2022-03-08,sh.601186,10.4169726,10.49413536,10.17262386,10.18548432,10.40411214,73684601,592454528.0,0.6406,-2.1014,1,0
2022-03-09,sh.601186,10.17262386,10.30122846,9.7096473,10.0954611,10.18548432,70355340,551286416.0,0.6116,-0.8838,1,0
2022-03-10,sh.601186,10.2240657,10.288368,10.00543788,10.04401926,10.0954611,59137284,465879360.0,0.5141,-0.5096,1,0
2022-03-11,sh.601186,9.91541466,10.01829834,9.72250776,9.97971696,10.04401926,55742636,426499600.0,0.4846,-0.6402,1,0
2022-03-14,sh.601186,9.87683328,10.06974018,9.73536822,9.74822868,9.97971696,48627597,374383360.0,0.4227,-2.3196,1,0
2022-03-15,sh.601186,9.69678684,9.69678684,9.27239166,9.27239166,9.74822868,75208026,554627104.0,0.6538,-4.8813,1,0
2022-03-16,sh.601186,9.37527534,9.54246132,9.1952289,9.4524381,9.27239166,73093352,531847808.0,0.6354,1.9417,1,0
2022-03-17,sh.601186,9.5810427,9.61962408,9.43957764,9.49101948,9.4524381,58964474,436063216.0,0.5126,0.4082,1,0
2022-03-18,sh.601186,9.46529856,9.72250776,9.3881358,9.69678684,9.49101948,61661002,461066285.68,0.536,2.168,1,0
2022-03-21,sh.601186,9.7096473,9.72250776,9.52960086,9.59390316,9.69678684,45127224,336934792.23,0.3923,-1.061,1,0
2022-03-22,sh.601186,9.63248454,9.76108914,9.60676362,9.74822868,9.59390316,49334628,371878407.54,0.4289,1.6086,1,0
2022-03-23,sh.601186,9.72250776,9.8382519,9.60676362,9.72250776,9.74822868,45267451,341450772.46,0.3935,-0.2639,1,0
2022-03-24,sh.601186,9.65820546,9.73536822,9.61962408,9.645345,9.72250776,32787304,246790664.73,0.285,-0.7937,1,0
2022-03-25,sh.601186,9.63248454,9.68392638,9.52960086,9.55532178,9.645345,38945131,290764286.29,0.3386,-0.9333,1,0
2022-03-28,sh.601186,9.49101948,9.78681006,9.4524381,9.74822868,9.55532178,50948747,382322423.31,0.4429,2.0188,1,0
2022-03-29,sh.601186,9.73536822,9.76108914,9.645345,9.69678684,9.74822868,28534089,215022378.47,0.2481,-0.5277,1,0
2022-03-30,sh.601186,9.72250776,9.9025542,9.7096473,9.88969374,9.69678684,54950231,419718632.07,0.4777,1.9894,1,0
2022-03-31,sh.601186,9.8382519,9.97971696,9.81253098,9.85111236,9.88969374,50629320,389804108.28,0.4401,-0.3901,1,0
2022-04-01,sh.601186,9.8382519,9.9668565,9.78681006,9.92827512,9.85111236,53816300,413888734.34,0.4678,0.7833,1,0
2022-04-06,sh.601186,9.92827512,10.57129812,9.9025542,10.51985628,9.92827512,154877658,1241124887.2,1.3464,5.9585,1,0
2022-04-07,sh.601186,10.44269352,10.66132134,10.4169726,10.4169726,10.51985628,116422560,951897267.32,1.0121,-0.978,1,0
2022-04-08,sh.601186,10.64846088,10.89280962,10.62273996,10.87994916,10.4169726,181938119,1524263086.86,1.5816,4.4444,1,0
2022-04-11,sh.601186,10.931391,11.04713514,10.78992594,10.89280962,10.87994916,145948030,1237918277.97,1.2688,0.1182,1,0
2022-04-12,sh.601186,10.8027864,11.00855376,10.58415858,10.84136778,10.89280962,122440278,1026213390.6,1.0644,-0.4723,1,0
2022-04-13,sh.601186,10.7384841,10.87994916,10.59701904,10.62273996,10.84136778,84459807,702240580.76,0.7342,-2.0166,1,0
2022-04-14,sh.601186,10.6741818,10.7384841,10.50699582,10.64846088,10.62273996,82587419,681643988.65,0.7179,0.2421,1,0
2022-04-15,sh.601186,10.59701904,10.8670887,10.5455772,10.57129812,10.64846088,86152301,716929848.77,0.7489,-0.7246,1,0
2022-04-18,sh.601186,10.53271674,10.55843766,10.26264708,10.288368,10.57129812,84250465,679911588.86,0.7324,-2.6764,1,0
2022-04-19,sh.601186,10.30122846,10.46841444,10.26264708,10.42983306,10.288368,55198917,444821705.58,0.4799,1.375,1,0
2022-04-20,sh.601186,10.39125168,10.39125168,10.04401926,10.05687972,10.42983306,76880496,608432068.5,0.6683,-3.5758,1,0
2022-04-21,sh.601186,10.04401926,10.08260064,9.79967052,9.81253098,10.05687972,53559920,414313819.9,0.4656,-2.4297,1,0
2022-04-22,sh.601186,9.76108914,10.06974018,9.73536822,9.99257742,9.81253098,56562747,438235073.87,0.4917,1.8349,1,0
2022-04-25,sh.601186,9.9025542,10.33980984,9.68392638,9.68392638,9.99257742,86909047,679066315.7,0.7555,-3.0888,1,0
2022-04-26,sh.601186,9.79967052,10.23692616,9.72250776,9.92827512,9.68392638,100381968,780161377.07,0.8726,2.5232,1,0
2022-04-27,sh.601186,10.23692616,10.44269352,10.04401926,10.30122846,9.92827512,168942755,1350689820.83,1.4687,3.7565,1,0
2022-04-28,sh.601186,10.18548432,10.71276318,10.12118202,10.68704226,10.30122846,144280552,1179149100.11,1.2543,3.7453,1,0
2022-04-29,sh.601186,10.6741818,10.87994916,10.53271674,10.82850732,10.68704226,136459950,1137118231.82,1.1863,1.3237,1,0
2022-05-05,sh.601186,10.91853054,11.03427468,10.84136778,10.87994916,10.82850732,130313175,1109013687.41,1.1328,0.4751,1,0
2022-05-06,sh.601186,10.58415858,10.78992594,10.46841444,10.58415858,10.87994916,98446011,814236910.34,0.8558,-2.7187,1,0
2022-05-09,sh.601186,10.58415858,10.90567008,10.57129812,10.77706548,10.58415858,61658453,516529686.36,0.536,1.8226,1,0
2022-05-10,sh.601186,10.59701904,11.0599956,10.58415858,11.00855376,10.77706548,110024316,932863937.04,0.9565,2.148,1,0
2022-05-11,sh.601186,10.98283284,11.07285606,10.76420502,10.8027864,11.00855376,100417175,849233817.26,0.8729,-1.8692,1,0
2022-05-12,sh.601186,10.76420502,10.90567008,10.6098795,10.7384841,10.8027864,54387805,454187395.9,0.4728,-0.5952,1,0
2022-05-13,sh.601186,10.7384841,10.91853054,10.6741818,10.76420502,10.7384841,46858070,393162713.91,0.4073,0.2395,1,0
2022-05-16,sh.601186,10.77706548,10.84136778,10.58415858,10.66132134,10.76420502,46454417,384952572.58,0.4038,-0.9558,1,0
2022-05-17,sh.601186,10.66132134,10.69990272,10.4812749,10.59701904,10.66132134,39014811,320980417.64,0.3392,-0.6031,1,0
2022-05-18,sh.601186,10.57129812,10.62273996,10.37839122,10.39125168,10.59701904,55516603,452087264.46,0.4826,-1.9417,1,0
2022-05-19,sh.601186,10.30122846,10.76420502,10.26264708,10.7384841,10.39125168,70756477,580561561.4,0.6151,3.3416,1,0
2022-05-20,sh.601186,10.75134456,10.8027864,10.6741818,10.76420502,10.7384841,65542872,547282253.93,0.5698,0.2395,1,0
2022-05-23,sh.601186,10.75134456,10.75134456,10.4812749,10.53271674,10.76420502,60408388,496364718.92,0.5251,-2.1505,1,0
2022-05-24,sh.601186,10.51985628,10.5455772,10.2240657,10.24978662,10.53271674,63118086,508832783.04,0.5487,-2.6862,1,0
2022-05-25,sh.601186,10.2240657,10.3526703,10.19834478,10.33980984,10.24978662,51706458,413962113.83,0.4495,0.8783,1,0
2022-05-26,sh.601186,10.40411214,10.5455772,10.39125168,10.42983306,10.33980984,61988712,504164965.0,0.5389,0.8706,1,0
2022-05-27,sh.601186,10.4812749,10.50699582,10.36553076,10.4812749,10.42983306,54338318,440963334.3,0.4724,0.4932,1,0
2022-05-30,sh.601186,10.4812749,10.51985628,10.288368,10.32694938,10.4812749,54067173,435926312.74,0.47,-1.4724,1,0
2022-05-31,sh.601186,10.30122846,10.32694938,10.12118202,10.21120524,10.32694938,81053713,641852697.94,0.7046,-1.1208,1,0
2022-06-01,sh.601186,10.18548432,10.24978662,10.0954611,10.14690294,10.21120524,51930421,410168941.02,0.4514,-0.6297,1,0
2022-06-02,sh.601186,10.18548432,10.21120524,10.0954611,10.13404248,10.14690294,42314966,333690386.92,0.3679,-0.1267,1,0
2022-06-06,sh.601186,10.13404248,10.13404248,9.9668565,10.05687972,10.13404248,74081808,577505639.46,0.644,-0.7614,1,0
2022-06-07,sh.601186,10.0311588,10.13404248,10.00543788,10.10832156,10.05687972,50869573,398944449.25,0.4422,0.5115,1,0
2022-06-08,sh.601186,10.14690294,10.17262386,9.92827512,10.01829834,10.10832156,64348267,501985064.63,0.5594,-0.8906,1,0
2022-06-09,sh.601186,9.97971696,10.17262386,9.97971696,10.0954611,10.01829834,76134322,597638762.47,0.6619,0.7702,1,0
2022-06-10,sh.601186,10.0311588,10.12118202,10.00543788,10.12118202,10.0954611,57541782,450231111.65,0.5002,0.2548,1,0
2022-06-13,sh.601186,10.08260064,10.08260064,9.91541466,9.97971696,10.12118202,60771486,471775077.52,0.5283,-1.3977,1,0
2022-06-14,sh.601186,9.91541466,10.04401926,9.87683328,10.0311588,9.97971696,46540980,360685666.94,0.4046,0.5155,1,0
2022-06-15,sh.601186,10.0311588,10.39125168,9.99257742,10.27550754,10.0311588,122570380,977659699.31,1.0655,2.4359,1,0
2022-06-16,sh.601186,10.27550754,10.32694938,10.10832156,10.12118202,10.27550754,70508498,557788590.85,0.6129,-1.5019,1,0
2022-06-17,sh.601186,10.08260064,10.1597634,10.00543788,10.1597634,10.12118202,48654228,381452562.26,0.423,0.3812,1,0
2022-06-20,sh.601186,10.1597634,10.21120524,10.05687972,10.14690294,10.1597634,46604393,367710611.71,0.4051,-0.1266,1,0
2022-06-21,sh.601186,10.14690294,10.23692616,10.08260064,10.14690294,10.14690294,39325530,310845068.43,0.3419,0.0,1,0
2022-06-22,sh.601186,10.1597634,10.17262386,10.00543788,10.01829834,10.14690294,36001958,281630674.68,0.313,-1.2674,1,0
2022-06-23,sh.601186,10.00543788,10.06974018,9.9668565,10.05687972,10.01829834,33655493,262320788.0,0.2926,0.3851,1,0
2022-06-24,sh.601186,10.04401926,10.06974018,9.9668565,9.99257742,10.05687972,55346070,430192287.72,0.4811,-0.6394,1,0
2022-06-27,sh.601186,9.99257742,10.08260064,9.9668565,10.00543788,9.99257742,38185808,297574701.25,0.332,0.1287,1,0
2022-06-28,sh.601186,10.01829834,10.06974018,9.9668565,10.06974018,10.00543788,43581977,339164367.23,0.3789,0.6427,1,0
2022-06-29,sh.601186,10.08260064,10.23692616,10.06974018,10.14690294,10.06974018,78855021,622819836.58,0.6855,0.7663,1,0
2022-06-30,sh.601186,10.1597634,10.19834478,10.08260064,10.1597634,10.14690294,53679825,422882869.89,0.4666,0.1267,1,0
2022-07-01,sh.601186,10.18548432,10.31408892,10.17262386,10.21120524,10.1597634,68157663,542564324.43,0.5925,0.5063,1,0
2022-07-04,sh.601186,10.17262386,10.26264708,10.13404248,10.2240657,10.21120524,50026500,397667912.9,0.4349,0.1259,1,0
2022-07-05,sh.601186,10.2240657,10.32694938,10.1597634,10.27550754,10.2240657,55121252,438935717.8,0.4792,0.5031,1,0
2022-07-06,sh.601186,10.24978662,10.288368,10.06974018,10.0954611,10.27550754,44298008,349078674.32,0.3851,-1.7522,1,0
2022-07-07,sh.601186,10.10832156,10.12118202,10.0311588,10.04401926,10.0954611,32757841,256570422.73,0.2848,-0.5096,1,0
2022-07-08,sh.601186,10.05687972,10.17262386,10.04401926,10.13404248,10.04401926,43464469,342187756.8,0.3778,0.8963,1,0
2022-07-11,sh.601186,10.10832156,10.30122846,10.05687972,10.24978662,10.13404248,67391767,535319752.88,0.5859,1.1421,1,0
2022-07-12,sh.601186,10.23692616,10.53271674,10.2240657,10.4169726,10.24978662,83368346,676771823.04,0.7247,1.6311,1,0
2022-07-13,sh.601186,10.4812749,10.55843766,10.33980984,10.45555398,10.4169726,67756612,550734899.35,0.589,0.3704,1,0
2022-07-14,sh.601186,10.46841444,10.46841444,10.19834478,10.21120524,10.45555398,61486982,491001444.9,0.5345,-2.337,1,0
2022-07-15,sh.601186,10.21120524,10.23692616,9.91541466,9.91541466,10.21120524,61754940,484101786.84,0.5368,-2.8967,1,0
2022-07-18,sh.601186,9.91541466,10.06974018,9.9025542,10.00543788,9.91541466,36588852,284767938.65,0.3181,0.9079,1,0
2022-07-19,sh.601186,10.01829834,10.05687972,9.95399604,10.0311588,10.00543788,35838338,278683231.7,0.3115,0.2571,1,0
2022-07-20,sh.601186,10.05687972,10.08260064,9.99257742,10.00543788,10.0311588,27295762,212552120.36,0.2373,-0.2564,1,0
2022-07-21,sh.601186,9.99257742,10.00543788,9.87683328,9.9025542,10.00543788,47459988,366727634.96,0.4126,-1.0283,1,0
2022-07-22,sh.601186,9.94113558,9.9668565,9.9025542,9.94113558,9.9025542,27053500,208888094.0,0.2352,0.3896,1,0
2022-07-25,sh.601186,9.95399604,9.99257742,9.91541466,9.92827512,9.94113558,23522542,181941384.24,0.2045,-0.1294,1,0
2022-07-26,sh.601186,9.968145,10.0345993,9.94156328,10.00801758,9.92827242,30123093,226604822.22,0.2619,0.8032,1,0
2022-07-27,sh.601186,10.02130844,10.04789016,9.99472672,10.0345993,10.00801758,21126856,159258219.33,0.1837,0.2656,1,0
2022-07-28,sh.601186,10.04789016,10.06118102,9.9016907,9.92827242,10.0345993,42990832,323012351.29,0.3737,-1.0596,1,0
2022-07-29,sh.601186,9.94156328,9.968145,9.75549124,9.78207296,9.92827242,47874700,354214090.4,0.4162,-1.4726,1,0
2022-08-01,sh.601186,9.75549124,9.78207296,9.68903694,9.7687821,9.78207296,27528812,201710773.42,0.2393,-0.1359,1,0
2022-08-02,sh.601186,9.71561866,9.71561866,9.42321974,9.54283748,9.7687821,57390455,411136291.98,0.4989,-2.3129,1,0
2022-08-03,sh.601186,9.52954662,9.60929178,9.47638318,9.47638318,9.54283748,30392442,218071822.12,0.2642,-0.6964,1,0
2022-08-04,sh.601186,9.51625576,9.55612834,9.47638318,9.54283748,9.47638318,19190718,137394606.0,0.1668,0.7013,1,0
2022-08-05,sh.601186,9.52954662,9.64916436,9.5029649,9.64916436,9.54283748,22373208,161128999.0,0.1945,1.1142,1,0
2022-08-08,sh.601186,9.60929178,9.68903694,9.60929178,9.6358735,9.64916436,19610896,142142947.0,0.1705,-0.1377,1,0
2022-08-09,sh.601186,9.62258264,9.6358735,9.58271006,9.59600092,9.6358735,18276430,132083909.0,0.1589,-0.4138,1,0
2022-08-10,sh.601186,9.58271006,9.60929178,9.47638318,9.52954662,9.59600092,21604970,154946544.0,0.1878,-0.6925,1,0
2022-08-11,sh.601186,9.55612834,9.67574608,9.55612834,9.66245522,9.52954662,22082042,160133480.0,0.192,1.3947,1,0
2022-08-12,sh.601186,9.67574608,9.72890952,9.64916436,9.71561866,9.66245522,22116650,161434088.0,0.1923,0.5502,1,0
2022-08-15,sh.601186,9.7023278,9.75549124,9.64916436,9.71561866,9.71561866,24202114,176652870.15,0.2104,0.0,1,0
2022-08-16,sh.601186,9.7023278,9.78207296,9.64916436,9.67574608,9.71561866,20661404,150884590.0,0.1796,-0.4104,1,0
2022-08-17,sh.601186,9.7023278,9.75549124,9.64916436,9.75549124,9.67574608,18808216,137371329.84,0.1635,0.8242,1,0
2022-08-18,sh.601186,9.71561866,9.72890952,9.60929178,9.60929178,9.75549124,22956734,166571392.68,0.1996,-1.4986,1,0
2022-08-19,sh.601186,9.60929178,9.71561866,9.59600092,9.66245522,9.60929178,20773279,151152282.1,0.1806,0.5533,1,0
2022-08-22,sh.601186,9.66245522,9.75549124,9.60929178,9.75549124,9.66245522,22923280,167631535.14,0.1993,0.9629,1,0
2022-08-23,sh.601186,9.72890952,9.72890952,9.64916436,9.7023278,9.75549124,18380326,134010833.96,0.1598,-0.545,1,0
2022-08-24,sh.601186,9.68903694,9.75549124,9.60929178,9.60929178,9.7023278,23867666,173808553.8,0.2075,-0.9589,1,0
2022-08-25,sh.601186,9.64916436,9.72890952,9.60929178,9.71561866,9.60929178,23663243,172301428.25,0.2057,1.1065,1,0
2022-08-26,sh.601186,9.71561866,9.72890952,9.66245522,9.68903694,9.71561866,18067323,131813503.2,0.1571,-0.2736,1,0
2022-08-29,sh.601186,9.6358735,9.72890952,9.60929178,9.71561866,9.68903694,20624333,150003363.02,0.1793,0.2743,1,0
2022-08-30,sh.601186,9.7023278,9.80865468,9.68903694,9.79536382,9.71561866,27201066,199739696.23,0.2365,0.8208,1,0
2022-08-31,sh.601186,9.82194554,9.92827242,9.79536382,9.87510898,9.79536382,47331897,351045502.43,0.4115,0.8141,1,0
2022-09-01,sh.601186,9.9016907,10.0345993,9.88839984,9.95485414,9.87510898,57236603,430305546.84,0.4976,0.8075,1,0
2022-09-02,sh.601186,9.968145,9.99472672,9.84852726,9.92827242,9.95485414,35693211,265575520.46,0.3103,-0.267,1,0
2022-09-05,sh.601186,9.94156328,10.00801758,9.87510898,9.98143586,9.92827242,28548808,213696240.5,0.2482,0.5355,1,0
2022-09-06,sh.601186,10.00801758,10.0345993,9.95485414,10.00801758,9.98143586,31140498,234322931.04,0.2707,0.2663,1,0
2022-09-07,sh.601186,10.00801758,10.07447188,9.92827242,9.99472672,10.00801758,32276702,243115236.52,0.2806,-0.1328,1,0
2022-09-08,sh.601186,10.0345993,10.07447188,9.94156328,10.02130844,9.99472672,26119257,196548864.66,0.2271,0.266,1,0
2022-09-09,sh.601186,10.02130844,10.1010536,9.99472672,10.07447188,10.02130844,38542848,292099981.29,0.3351,0.5305,1,0
2022-09-13,sh.601186,10.11434446,10.19408962,10.0345993,10.04789016,10.07447188,34239160,260339354.23,0.2976,-0.2639,1,0
2022-09-14,sh.601186,9.968145,10.0345993,9.88839984,9.94156328,10.04789016,26776159,200500740.73,0.2328,-1.0582,1,0
2022-09-15,sh.601186,9.968145,10.06118102,9.88839984,9.99472672,9.94156328,33639506,252718110.8,0.2924,0.5348,1,0
2022-09-16,sh.601186,9.98143586,9.99472672,9.59600092,9.62258264,9.99472672,57136770,418644815.12,0.4967,-3.7234,1,0
2022-09-19,sh.601186,9.6358735,9.71561866,9.52954662,9.60929178,9.62258264,30241412,218836377.96,0.2629,-0.1381,1,0
2022-09-20,sh.601186,9.6358735,9.67574608,9.54283748,9.5694192,9.60929178,28036900,202352704.57,0.2437,-0.4149,1,0
2022-09-21,sh.601186,9.55612834,9.66245522,9.46309232,9.62258264,9.5694192,23354816,168345736.48,0.203,0.5556,1,0
2022-09-22,sh.601186,9.58271006,9.60929178,9.51625576,9.54283748,9.62258264,20157663,144823537.21,0.1752,-0.8287,1,0
2022-09-23,sh.601186,9.54283748,9.66245522,9.51625576,9.58271006,9.54283748,24929119,179932467.47,0.2167,0.4178,1,0
2022-09-26,sh.601186,9.54283748,9.5694192,9.303602,9.34347458,9.58271006,36469701,259386092.77,0.317,-2.4965,1,0
2022-09-27,sh.601186,9.35676544,9.4365106,9.303602,9.40992888,9.34347458,18066713,127338499.75,0.1571,0.7112,1,0
2022-09-28,sh.601186,9.3700563,9.42321974,9.31689286,9.33018372,9.40992888,18883303,132933390.18,0.1642,-0.8475,1,0
2022-09-29,sh.601186,9.38334716,9.42321974,9.1706934,9.21056598,9.33018372,28649805,200015040.61,0.2491,-1.2821,1,0
2022-09-30,sh.601186,9.19727512,9.31689286,9.18398426,9.26372942,9.21056598,22601202,157374895.04,0.1965,0.5772,1,0
2022-10-10,sh.601186,9.29031114,9.39663802,9.26372942,9.31689286,9.26372942,28433372,199778037.87,0.2472,0.5739,1,0
2022-10-11,sh.601186,9.29031114,9.33018372,9.21056598,9.26372942,9.31689286,19633842,136795613.81,0.1707,-0.5706,1,0
2022-10-12,sh.601186,9.27702028,9.39663802,9.21056598,9.38334716,9.26372942,19605540,137295793.51,0.1704,1.2912,1,0
2022-10-13,sh.601186,9.33018372,9.35676544,9.25043856,9.303602,9.38334716,24629409,172224786.9,0.2141,-0.8499,1,0
2022-10-14,sh.601186,9.35676544,9.44980146,9.33018372,9.42321974,9.303602,28594041,202340387.89,0.2486,1.2857,1,0
2022-10-17,sh.601186,9.3700563,9.46309232,9.34347458,9.42321974,9.42321974,25558991,180819825.11,0.2222,0.0,1,0
2022-10-18,sh.601186,9.46309232,9.47638318,9.38334716,9.39663802,9.42321974,17664602,125116065.29,0.1536,-0.2821,1,0
2022-10-19,sh.601186,9.39663802,9.42321974,9.33018372,9.34347458,9.39663802,16731974,118101377.95,0.1455,-0.5658,1,0
2022-10-20,sh.601186,9.31689286,9.3700563,9.27702028,9.33018372,9.34347458,20623462,144626880.62,0.1793,-0.1422,1,0
2022-10-21,sh.601186,9.4365106,9.9016907,9.42321974,9.62258264,9.33018372,98572081,722683685.19,0.8569,3.1339,1,0
2022-10-24,sh.601186,9.60929178,9.7023278,9.33018372,9.33018372,9.62258264,54725472,391391553.44,0.4757,-3.0387,1,0
2022-10-25,sh.601186,9.3700563,9.48967404,9.33018372,9.42321974,9.33018372,28877566,204283055.81,0.251,0.9972,1,0
2022-10-26,sh.601186,9.42321974,9.5029649,9.38334716,9.40992888,9.42321974,33555001,238153526.79,0.2917,-0.141,1,0
2022-10-27,sh.601186,9.4365106,9.51625576,9.40992888,9.5029649,9.40992888,31923812,227520781.24,0.2775,0.9887,1,0
2022-10-28,sh.601186,9.46309232,9.55612834,9.35676544,9.3700563,9.5029649,32393903,230189399.76,0.2816,-1.3986,1,0
2022-10-31,sh.601186,9.303602,9.303602,9.07765738,9.13082082,9.3700563,55221455,381096129.07,0.4801,-2.5532,1,0
2022-11-01,sh.601186,9.13082082,9.33018372,9.13082082,9.33018372,9.13082082,32364159,225274646.06,0.2813,2.1834,1,0
2022-11-02,sh.601186,9.31689286,9.38334716,9.27702028,9.34347458,9.33018372,24313662,170677106.01,0.2114,0.1425,1,0
2022-11-03,sh.601186,9.303602,9.33018372,9.25043856,9.27702028,9.34347458,22704064,158475214.95,0.1974,-0.7112,1,0
2022-11-04,sh.601186,9.25043856,9.42321974,9.25043856,9.39663802,9.27702028,35313742,248624359.12,0.307,1.2894,1,0
2022-11-07,sh.601186,9.3700563,9.46309232,9.3700563,9.42321974,9.39663802,31305972,221894278.79,0.2721,0.2829,1,0
2022-11-08,sh.601186,9.42321974,9.46309232,9.38334716,9.4365106,9.42321974,23813909,168924339.0,0.207,0.141,1,0
2022-11-09,sh.601186,9.44980146,9.54283748,9.40992888,9.40992888,9.4365106,24858581,176964803.95,0.2161,-0.2817,1,0
2022-11-10,sh.601186,9.3700563,9.42321974,9.29031114,9.39663802,9.40992888,22249765,156858960.72,0.1934,-0.1412,1,0
2022-11-11,sh.601186,9.52954662,9.6358735,9.44980146,9.54283748,9.39663802,52421450,375886799.66,0.4557,1.5559,1,0
2022-11-14,sh.601186,9.6358735,9.7687821,9.5694192,9.58271006,9.54283748,47710568,346266629.23,0.4148,0.4178,1,0
2022-11-15,sh.601186,9.5694192,9.62258264,9.51625576,9.59600092,9.58271006,41754653,300733678.44,0.363,0.1387,1,0
2022-11-16,sh.601186,9.59600092,9.62258264,9.51625576,9.52954662,9.59600092,28292800,203662065.0,0.246,-0.6925,1,0
2022-11-17,sh.601186,9.54283748,9.54283748,9.46309232,9.51625576,9.52954662,22840105,163224533.19,0.1986,-0.1395,1,0
2022-11-18,sh.601186,9.52954662,9.54283748,9.4365106,9.46309232,9.51625576,31367155,223557059.59,0.2727,-0.5587,1,0
2022-11-21,sh.601186,9.46309232,9.46309232,9.38334716,9.42321974,9.46309232,21471222,152069073.56,0.1867,-0.4213,1,0
2022-11-22,sh.601186,9.42321974,10.3668708,9.40992888,9.98143586,9.42321974,232533125,1767138083.9,2.0215,5.9238,1,0
2022-11-23,sh.601186,9.99472672,10.79217832,9.84852726,10.53965198,9.98143586,315142512,2475506763.3,2.7396,5.5925,1,0
2022-11-24,sh.601186,10.3668708,10.38016166,10.12763532,10.19408962,10.53965198,130105479,1001684189.54,1.131,-3.2787,1,0
2022-11-25,sh.601186,10.1675079,10.5662337,10.14092618,10.4333251,10.19408962,130109609,1020784417.63,1.1311,2.3468,1,0
2022-11-28,sh.601186,10.2339622,10.5662337,10.18079876,10.3004165,10.4333251,99091299,771122985.75,0.8614,-1.2739,1,0
2022-11-29,sh.601186,10.47319768,11.05799552,10.39345252,10.8320509,10.3004165,230808282,1863291580.06,2.0065,5.1613,1,0
2022-11-30,sh.601186,10.73901488,10.87192348,10.67256058,10.77888746,10.8320509,87406638,708407540.93,0.7598,-0.4908,1,0
2022-12-01,sh.601186,10.80546918,10.8320509,10.47319768,10.52636112,10.77888746,114178379,912509730.86,0.9926,-2.3428,1,0
2022-12-02,sh.601186,10.47319768,10.55294284,10.34028908,10.51307026,10.52636112,74404074,585167624.12,0.6468,-0.1263,1,0
2022-12-05,sh.601186,10.77888746,11.5630482,10.7655966,11.5630482,10.51307026,285137011,2423968149.63,2.4788,9.9874,1,0
2022-12-06,sh.601186,11.68266594,12.06810088,11.50988476,11.57633906,11.5630482,382289243,3383216186.33,3.3233,0.1149,1,0
2022-12-07,sh.601186,11.5630482,11.90861056,11.35039444,11.66937508,11.57633906,238944152,2083367216.54,2.0772,0.8037,1,0
2022-12-08,sh.601186,11.6295025,11.85544712,11.45672132,11.77570196,11.66937508,183774397,1612922843.61,1.5976,0.9112,1,0
2022-12-09,sh.601186,11.80228368,11.84215626,11.33710358,11.65608422,11.77570196,173367634,1505773626.06,1.5071,-1.0158,1,0
2022-12-12,sh.601186,11.45672132,11.60292078,11.20419498,11.24406756,11.65608422,143511264,1228477624.05,1.2476,-3.5348,1,0
2022-12-13,sh.601186,11.17761326,11.33710358,11.05799552,11.24406756,11.24406756,110176361,929177242.89,0.9578,0.0,1,0
2022-12-14,sh.601186,11.17761326,11.25735842,10.97825036,11.0978681,11.24406756,84081766,701854034.43,0.7309,-1.3002,1,0
2022-12-15,sh.601186,11.11115896,11.17761326,10.9649595,11.08457724,11.0978681,58908755,490860251.83,0.5121,-0.1198,1,0
2022-12-16,sh.601186,11.01812294,11.297231,11.00483208,11.15103154,11.08457724,82854921,695496707.54,0.7203,0.5995,1,0
2022-12-19,sh.601186,11.04470466,11.12444982,10.51307026,10.5662337,11.15103154,145621313,1177000447.83,1.2659,-5.2443,1,0
2022-12-20,sh.601186,10.53965198,10.68585144,10.52636112,10.55294284,10.5662337,66768311,532396188.85,0.5804,-0.1258,1,0
2022-12-21,sh.601186,10.59281542,10.59281542,10.44661596,10.4997794,10.55294284,42025852,332234707.16,0.3653,-0.5038,1,0
2022-12-22,sh.601186,10.5662337,10.6991423,10.32699822,10.39345252,10.4997794,72149334,570207080.5,0.6272,-1.0127,1,0
2022-12-23,sh.601186,10.32699822,10.44661596,10.28712564,10.3668708,10.39345252,37507760,292152351.15,0.3261,-0.2558,1,0
2022-12-26,sh.601186,10.38016166,10.40674338,10.1675079,10.35357994,10.3668708,58131408,450075901.95,0.5053,-0.1282,1,0
2022-12-27,sh.601186,10.38016166,10.48648854,10.32699822,10.39345252,10.35357994,64555325,504685641.33,0.5612,0.3851,1,0
2022-12-28,sh.601186,10.34028908,10.38016166,10.22067134,10.3004165,10.39345252,44697064,346443707.1,0.3886,-0.8951,1,0
2022-12-29,sh.601186,10.26054392,10.27383478,10.11434446,10.15421704,10.3004165,44824558,343140717.83,0.3897,-1.4194,1,0
2022-12-30,sh.601186,10.18079876,10.31370736,10.15421704,10.27383478,10.15421704,43531376,335217796.32,0.3784,1.178,1,0
2023-01-03,sh.601186,10.24725306,10.55294284,10.18079876,10.48648854,10.27383478,79739271,624988888.66,0.6932,2.0699,1,0
2023-01-04,sh.601186,10.45990682,10.59281542,10.40674338,10.53965198,10.48648854,62025053,490671707.59,0.5392,0.507,1,0
2023-01-05,sh.601186,10.52636112,10.65926972,10.47319768,10.51307026,10.53965198,60883800,482577617.09,0.5293,-0.2522,1,0
2023-01-06,sh.601186,10.4997794,10.53965198,10.35357994,10.39345252,10.51307026,57971334,454830329.48,0.504,-1.1378,1,0
2023-01-09,sh.601186,10.40674338,10.44661596,10.31370736,10.34028908,10.39345252,48727855,380038704.18,0.4236,-0.5115,1,0
2023-01-10,sh.601186,10.3668708,10.38016166,10.20738048,10.27383478,10.34028908,43395476,335567713.46,0.3772,-0.6427,1,0
2023-01-11,sh.601186,10.28712564,10.34028908,10.22067134,10.2339622,10.27383478,40575156,313785353.05,0.3527,-0.3881,1,0
2023-01-12,sh.601186,10.22067134,10.26054392,10.06118102,10.11434446,10.2339622,62980517,480140097.4,0.5475,-1.1688,1,0
2023-01-13,sh.601186,10.1010536,10.22067134,10.06118102,10.22067134,10.11434446,43049381,328542346.83,0.3742,1.0512,1,0
2023-01-16,sh.601186,10.20738048,10.45990682,10.12763532,10.32699822,10.22067134,85227834,661829465.35,0.7409,1.0403,1,0
2023-01-17,sh.601186,10.31370736,10.32699822,10.22067134,10.27383478,10.32699822,34900479,269565682.37,0.3034,-0.5148,1,0
2023-01-18,sh.601186,10.27383478,10.34028908,10.26054392,10.27383478,10.27383478,30654041,237422531.86,0.2665,0.0,1,0
2023-01-19,sh.601186,10.24725306,10.35357994,10.1675079,10.35357994,10.27383478,44022668,339440178.61,0.3827,0.7762,1,0
2023-01-20,sh.601186,10.3668708,10.67256058,10.34028908,10.632688,10.35357994,95266882,755525230.46,0.8282,2.6958,1,0
2023-01-30,sh.601186,10.73901488,10.73901488,10.48648854,10.4997794,10.632688,83079890,661145573.2,0.7222,-1.25,1,0
2023-01-31,sh.601186,10.4997794,10.55294284,10.44661596,10.51307026,10.4997794,42537490,335973593.85,0.3698,0.1266,1,0
2023-02-01,sh.601186,10.53965198,10.68585144,10.40674338,10.65926972,10.51307026,98415739,781012791.38,0.8555,1.3906,1,0
2023-02-02,sh.601186,10.61939714,10.67256058,10.53965198,10.60610628,10.65926972,70534110,562292105.25,0.6132,-0.4988,1,0
2023-02-03,sh.601186,10.57952456,10.59281542,10.39345252,10.44661596,10.60610628,66898735,526365895.28,0.5816,-1.5038,1,0
2023-02-06,sh.601186,10.38016166,10.57952456,10.34028908,10.48648854,10.44661596,58225994,459205813.59,0.5062,0.3817,1,0
2023-02-07,sh.601186,10.45990682,10.6991423,10.44661596,10.68585144,10.48648854,86420369,688987024.79,0.7513,1.9011,1,0
2023-02-08,sh.601186,10.65926972,10.68585144,10.45990682,10.47319768,10.68585144,69614842,552719583.61,0.6052,-1.99,1,0
2023-02-09,sh.601186,10.44661596,10.55294284,10.4333251,10.52636112,10.47319768,44634601,352809907.89,0.388,0.5076,1,0
2023-02-10,sh.601186,10.51307026,10.67256058,10.48648854,10.60610628,10.52636112,59619950,474783926.78,0.5183,0.7576,1,0
2023-02-13,sh.601186,10.59281542,10.7655966,10.51307026,10.71243316,10.60610628,85675610,686967612.35,0.7448,1.0025,1,0
2023-02-14,sh.601186,10.6991423,10.71243316,10.59281542,10.65926972,10.71243316,46957275,376237118.82,0.4082,-0.4963,1,0
2023-02-15,sh.601186,10.64597886,10.65926972,10.53965198,10.5662337,10.65926972,44144700,351275828.0,0.3838,-0.8728,1,0
2023-02-16,sh.601186,10.57952456,10.8320509,10.4997794,10.5662337,10.5662337,119132685,957719811.68,1.0356,0.0,1,0
2023-02-17,sh.601186,10.55294284,10.59281542,10.39345252,10.40674338,10.5662337,70595020,557741749.9,0.6137,-1.5094,1,0
2023-02-20,sh.601186,10.44661596,10.8320509,10.40674338,10.80546918,10.40674338,133535709,1076676524.86,1.1609,3.8314,1,0
2023-02-21,sh.601186,10.84534176,10.95166864,10.72572402,10.85863262,10.80546918,84435333,688554819.81,0.734,0.492,1,0
2023-02-22,sh.601186,10.80546918,10.9649595,10.77888746,10.87192348,10.85863262,66725010,546480989.79,0.5801,0.1224,1,0
2023-02-23,sh.601186,10.87192348,10.88521434,10.75230574,10.79217832,10.87192348,51282901,416970936.7,0.4458,-0.7335,1,0
2023-02-24,sh.601186,10.77888746,10.79217832,10.64597886,10.72572402,10.79217832,45017627,362749147.92,0.3913,-0.6158,1,0
2023-02-27,sh.601186,10.6991423,10.79217832,10.64597886,10.65926972,10.72572402,38497489,309969902.55,0.3347,-0.6196,1,0
2023-02-28,sh.601186,10.67256058,10.77888746,10.57952456,10.77888746,10.65926972,51519335,414091625.62,0.4479,1.1222,1,0
2023-03-01,sh.601186,10.75230574,11.04470466,10.75230574,11.01812294,10.77888746,115900902,956179876.91,1.0075,2.2195,1,0
2023-03-02,sh.601186,10.99154122,11.58962992,10.97825036,11.40355788,11.01812294,218440374,1866712871.58,1.8989,3.4982,1,0
2023-03-03,sh.601186,11.47001218,11.90861056,11.32381272,11.80228368,11.40355788,223729759,1970604425.15,1.9449,3.4965,1,0
2023-03-06,sh.601186,11.8953197,11.92190142,11.53646648,11.61621164,11.80228368,163990676,1445640242.26,1.4256,-1.5766,1,0
2023-03-07,sh.601186,11.61621164,12.04151916,11.60292078,11.64279336,11.61621164,235882761,2098445258.5,2.0506,0.2288,1,0
2023-03-08,sh.601186,11.52317562,11.6959568,11.4301396,11.66937508,11.64279336,101006937,879237981.73,0.8781,0.2283,1,0
2023-03-09,sh.601186,11.64279336,11.64279336,11.40355788,11.54975734,11.66937508,90023698,779110423.57,0.7826,-1.0251,1,0
2023-03-10,sh.601186,11.40355788,11.52317562,11.24406756,11.27064928,11.54975734,100249824,856688610.83,0.8715,-2.4166,1,0
2023-03-13,sh.601186,11.45672132,11.88202884,11.45672132,11.86873798,11.27064928,170213449,1499321920.97,1.4797,5.3066,1,0
2023-03-14,sh.601186,11.78899282,12.17442776,11.73582938,11.85544712,11.86873798,185853219,1670197372.2,1.6157,-0.112,1,0
2023-03-15,sh.601186,11.85544712,12.74593474,11.61621164,12.63960786,11.85544712,320568478,2972232885.09,2.7868,6.6143,1,0
2023-03-16,sh.601186,12.50669926,12.98517022,12.46682668,12.81238904,12.63960786,284769389,2731318400.22,2.4756,1.367,1,0
2023-03-17,sh.601186,12.81238904,13.47693204,12.6927713,13.05162452,12.81238904,282216628,2779744610.77,2.4534,1.8672,1,0
2023-03-20,sh.601186,13.25098742,13.80920354,12.85226162,12.90542506,13.05162452,325342963,3253869510.95,2.8283,-1.1202,1,0
2023-03-21,sh.601186,12.8921342,13.0914971,12.48011754,12.6927713,12.90542506,188560394,1806571645.24,1.6392,-1.6478,1,0
2023-03-22,sh.601186,12.67948044,12.94529764,12.40037238,12.626317,12.6927713,163696456,1559234136.36,1.423,-0.5236,1,0
2023-03-23,sh.601186,12.58644442,13.0914971,12.50669926,13.03833366,12.626317,215994469,2091795692.13,1.8777,3.2632,1,0
2023-03-24,sh.601186,12.9585885,13.0250428,12.50669926,12.59973528,13.03833366,183558816,1757955029.7,1.5957,-3.3639,1,0
2023-03-27,sh.601186,12.53328098,12.58644442,12.0946826,12.2275912,12.59973528,161560372,1492461764.25,1.4045,-2.9536,1,0
2023-03-28,sh.601186,12.34720894,12.44024496,12.20100948,12.25417292,12.2275912,97563687,904601371.23,0.8481,0.2174,1,0
2023-03-29,sh.601186,12.14784604,12.20100948,11.74912024,11.84215626,12.25417292,143313086,1281072601.67,1.2458,-3.3623,1,0
2023-03-30,sh.601186,11.85544712,12.0282283,11.64279336,11.98835572,11.84215626,106384603,949920918.82,0.9248,1.2346,1,0
2023-03-31,sh.601186,12.05481002,12.12126432,11.8288654,11.97506486,11.98835572,84079143,758086605.05,0.7309,-0.1109,1,0
2023-04-03,sh.601186,11.97506486,12.34720894,11.961774,12.21430034,11.97506486,112753238,1033903409.71,0.9802,1.9978,1,0
2023-04-04,sh.601186,12.2275912,13.43705946,12.20100948,13.41047774,12.21430034,342194912,3358597908.84,2.9748,9.7933,1,0
2023-04-06,sh.601186,13.39718688,13.74274924,13.13136968,13.34402344,13.41047774,238547676,2402747684.46,2.0737,-0.4955,1,0
2023-04-07,sh.601186,13.29086,13.39718688,12.90542506,13.0250428,13.34402344,110983829,1092179254.02,0.9648,-2.3904,1,0
2023-04-10,sh.601186,13.03833366,13.63642236,12.99846108,13.31744172,13.0250428,156396145,1572565166.77,1.3596,2.2449,1,0
2023-04-11,sh.601186,13.29086,13.3573143,13.03833366,13.23769656,13.31744172,94927130,939589720.01,0.8252,-0.5988,1,0
2023-04-12,sh.601186,13.27756914,13.54338634,12.99846108,13.39718688,13.23769656,120754756,1213828524.5,1.0497,1.2048,1,0
2023-04-13,sh.601186,13.26427828,13.64971322,13.21111484,13.4237686,13.39718688,120486236,1215991399.55,1.0474,0.1984,1,0
2023-04-14,sh.601186,13.41047774,13.87565784,13.2244057,13.80920354,13.4237686,202937304,2089701302.73,1.7642,2.8713,1,0
2023-04-17,sh.601186,13.71616752,14.56678256,13.6231315,14.24780192,13.80920354,261019588,2767567402.61,2.2691,3.1761,1,0
2023-04-18,sh.601186,14.2212202,14.73956374,14.0883116,14.64652772,14.24780192,206870412,2253782144.29,1.7984,2.7985,1,0
2023-04-19,sh.601186,14.5534917,14.9522175,14.30096536,14.34083794,14.64652772,164520536,1812529755.36,1.4302,-2.0871,1,0
2023-04-20,sh.601186,14.2876745,15.39081588,14.2212202,15.29777986,14.34083794,224215577,2494937422.99,1.9492,6.6728,1,0
2023-04-21,sh.601186,15.16487126,15.65663308,14.9522175,15.13828954,15.29777986,213258701,2461619428.66,1.8539,-1.0426,1,0
2023-04-24,sh.601186,15.09841696,15.78954168,15.00538094,15.33765244,15.13828954,203878438,2368528364.48,1.7724,1.3169,1,0
2023-04-25,sh.601186,15.3509433,15.6167605,14.83259976,15.12499868,15.33765244,166908152,1908279162.71,1.451,-1.3865,1,0
2023-04-26,sh.601186,15.09841696,15.12499868,14.38071052,14.619946,15.12499868,211736661,2331864569.03,1.8407,-3.3392,1,0
2023-04-27,sh.601186,14.4870374,15.3509433,14.4205831,14.84589062,14.619946,188589624,2125717251.11,1.6394,1.5455,1,0
2023-04-28,sh.601186,14.97879922,15.93574114,14.5534917,15.8161234,14.84589062,208313920,2405698590.85,1.8109,6.5354,1,0
2023-05-04,sh.601186,15.5503062,16.65344758,15.31107072,16.46737554,15.8161234,248938821,3010262357.53,2.1641,4.1176,1,0
2023-05-05,sh.601186,16.4142121,17.278118,16.1483949,16.32117608,16.46737554,213333604,2665653716.35,1.8546,-0.8878,1,0
2023-05-08,sh.601186,16.33446694,17.38444488,16.1483949,16.65344758,16.32117608,248373460,3134458730.0,2.1592,2.0358,1,0
2023-05-09,sh.601186,16.69332016,17.25153628,15.76295996,15.90915942,16.65344758,238486682,2963898499.98,2.0732,-4.4693,1,0
2023-05-10,sh.601186,15.949032,16.04206802,15.11170782,15.47056104,15.90915942,222399904,2586674838.22,1.9334,-2.7569,1,0
2023-05-11,sh.601186,15.4173976,15.72308738,15.2180347,15.63005136,15.47056104,131102480,1532135005.3,1.1397,1.0309,1,0
2023-05-12,sh.601186,15.47056104,15.65663308,14.54020084,14.60665514,15.63005136,246871805,2764743177.72,2.1461,-6.5476,1,0
2023-05-15,sh.601186,14.71298202,14.72627288,14.04843902,14.619946,14.60665514,189249305,2049846774.44,1.6452,0.091,1,0
2023-05-16,sh.601186,14.56678256,14.65981858,14.0218573,14.0883116,14.619946,149453293,1607024916.42,1.2992,-3.6364,1,0
2023-05-17,sh.601186,14.00856644,14.20792934,13.7560401,14.06172988,14.0883116,117630672,1235718804.38,1.0226,-0.1887,1,0
2023-05-18,sh.601186,14.07502074,14.69969116,13.955403,14.3541288,14.06172988,174264257,1875144563.56,1.5149,2.0794,1,0
2023-05-19,sh.601186,14.23451106,14.23451106,13.72945838,13.98198472,14.3541288,146610762,1536237766.97,1.2745,-2.5926,1,0
2023-05-22,sh.601186,13.80920354,13.99527558,13.64971322,13.7560401,13.98198472,114786490,1189966336.99,0.9979,-1.616,1,0
2023-05-23,sh.601186,13.76933096,14.0218573,13.5566772,13.59654978,13.7560401,111090107,1149656598.37,0.9657,-1.1594,1,0
2023-05-24,sh.601186,13.41047774,13.5566772,12.99846108,13.05162452,13.59654978,189071914,1873606873.06,1.6436,-4.0078,1,0
2023-05-25,sh.601186,12.97187936,13.10478796,12.86555248,13.0914971,13.05162452,123105355,1202448640.06,1.0702,0.3055,1,0
2023-05-26,sh.601186,13.05162452,13.10478796,12.8256799,12.9585885,13.0914971,98362915,959158215.19,0.8551,-1.0152,1,0
2023-05-29,sh.601186,13.0250428,13.4237686,12.99846108,13.33073258,12.9585885,151948148,1514425458.07,1.3209,2.8718,1,0
2023-05-30,sh.601186,13.19782398,14.12818418,13.19782398,13.90223956,13.33073258,206330236,2145435928.13,1.7937,4.2871,1,0
2023-05-31,sh.601186,13.76933096,14.07502074,13.71616752,13.80920354,13.90223956,111456057,1162771555.33,0.9689,-0.6692,1,0
2023-06-01,sh.601186,13.7560401,14.20792934,13.6895858,13.955403,13.80920354,111613007,1172967899.97,0.9703,1.0587,1,0
2023-06-02,sh.601186,14.03514816,14.06172988,13.51680462,13.56996806,13.955403,119289104,1226672339.78,1.037,-2.7619,1,0
2023-06-05,sh.601186,13.58325892,13.70287666,13.26427828,13.37060516,13.56996806,99618343,1011377527.46,0.866,-1.4691,1,0
2023-06-06,sh.601186,13.37060516,13.86236698,13.31744172,13.4902229,13.37060516,100763792,1033136208.61,0.876,0.8946,1,0
2023-06-07,sh.601186,13.4237686,13.60984064,13.23769656,13.34402344,13.4902229,72228451,725848098.49,0.6279,-1.0837,1,0
2023-06-08,sh.601186,13.29086,13.99527558,13.26427828,13.92882128,13.34402344,134855998,1391955409.34,1.1723,4.3825,1,0
2023-06-09,sh.601186,13.92882128,14.26109278,13.83578526,13.955403,13.92882128,106334857,1119276178.84,0.9244,0.1908,1,0
2023-06-12,sh.601186,13.84907612,13.87565784,13.50351376,13.71616752,13.955403,87889084,906209574.3,0.764,-1.7143,1,0
2023-06-13,sh.601186,13.66300408,13.78262182,13.30415086,13.46364118,13.71616752,98649082,996830667.94,0.8576,-1.8411,1,0
2023-06-14,sh.601186,13.4237686,13.58325892,13.23769656,13.25098742,13.46364118,97822952,981939896.55,0.8504,-1.5795,1,0
2023-06-15,sh.601186,13.23769656,13.39718688,13.11807882,13.3573143,13.25098742,82188074,820218286.69,0.7145,0.8024,1,0
2023-06-16,sh.601186,13.4902229,13.99527558,13.4902229,13.84907612,13.3573143,157536450,1634243190.59,1.3695,3.6816,1,0
2023-06-19,sh.601186,13.8224944,13.84907612,13.31744172,13.37060516,13.84907612,113631239,1149688526.2,0.9878,-3.4549,1,0
2023-06-20,sh.601186,13.34402344,13.37060516,12.9585885,12.97187936,13.37060516,122741591,1213431440.14,1.067,-2.9821,1,0
2023-06-21,sh.601186,12.90542506,13.18453312,12.7592256,13.01175194,12.97187936,94460057,924091641.23,0.8212,0.3074,1,0
2023-06-26,sh.601186,12.81238904,12.8256799,12.38708152,12.4269541,13.01175194,105404287,994727954.54,0.9163,-4.4944,1,0
2023-06-27,sh.601186,12.48011754,13.11807882,12.41366324,13.05162452,12.4269541,115027275,1110887760.12,1.0,5.0267,1,0
2023-06-28,sh.601186,13.01175194,13.05162452,12.81238904,12.93200678,13.05162452,62197903,603973751.84,0.5407,-0.9165,1,0
2023-06-29,sh.601186,12.83897076,13.05162452,12.81238904,12.9585885,12.93200678,52201581,508680497.9,0.4538,0.2055,1,0
2023-06-30,sh.601186,12.97187936,13.19782398,12.90542506,13.0914971,12.9585885,60909462,600215741.25,0.5295,1.0256,1,0
2023-07-03,sh.601186,13.11807882,13.67629494,13.0914971,13.58325892,13.0914971,126645382,1286483927.96,1.101,3.7563,1,0
2023-07-04,sh.601186,13.53009548,13.74274924,13.45035032,13.5566772,13.58325892,72561011,741355252.5,0.6308,-0.1957,1,0
2023-07-05,sh.601186,13.54338634,13.8224944,13.4902229,13.56996806,13.5566772,83392900,858653964.07,0.725,0.098,1,0
2023-07-06,sh.601186,13.59654978,13.63642236,13.41047774,13.50351376,13.56996806,53188022,540784645.4,0.4624,-0.4897,1,0
2023-07-07,sh.601186,13.45035032,13.74274924,13.39718688,13.63642236,13.50351376,57450557,587482763.27,0.4994,0.9843,1,0
2023-07-10,sh.601186,13.6895858,13.80920354,13.59654978,13.76933096,13.63642236,53257607,550111616.02,0.463,0.9747,1,0
2023-07-11,sh.601186,13.7560401,13.80920354,13.60984064,13.72945838,13.76933096,47483408,490098861.84,0.4128,-0.2896,1,0
2023-07-12,sh.601186,13.66300408,13.78262182,13.25098742,13.27756914,13.72945838,77369892,783883147.05,0.6726,-3.2914,1,0
2023-07-13,sh.601186,13.3573143,13.6231315,13.3573143,13.59654978,13.27756914,65942213,671309752.43,0.5732,2.4024,1,0
2023-07-14,sh.601186,13.58325892,13.70287666,13.45035032,13.64971322,13.59654978,50577719,516782914.7,0.4397,0.391,1,0
2023-07-17,sh.601186,13.5566772,13.66300408,13.41047774,13.66300408,13.64971322,40628456,413464619.09,0.3532,0.0974,1,0
2023-07-18,sh.601186,13.66300408,13.7560401,13.53009548,13.58325892,13.66300408,39547482,405630463.43,0.3438,-0.5837,1,0
2023-07-19,sh.601186,13.50351376,13.6231315,13.45035032,13.59654978,13.58325892,35169071,357960025.77,0.3057,0.0978,1,0
2023-07-20,sh.601186,13.60984064,13.67629494,13.3573143,13.37060516,13.59654978,46552911,473584225.33,0.4047,-1.6618,1,0
2023-07-21,sh.601186,13.30415086,13.37060516,13.05162452,13.21111484,13.37060516,75399845,748222222.34,0.6555,-1.1928,1,0
2023-07-24,sh.601186,13.2244057,13.4902229,13.14466054,13.34402344,13.21111484,52375333,526106694.25,0.4553,1.006,1,0
2023-07-25,sh.601186,13.59654978,13.76933096,13.53009548,13.7560401,13.34402344,92956795,957264876.17,0.8081,3.0876,1,0
2023-07-26,sh.601186,13.72945838,13.80920354,13.50351376,13.54338634,13.7560401,58382026,597922950.59,0.5075,-1.5459,1,0
2023-07-27,sh.601186,13.51680462,13.58325892,13.31744172,13.3573143,13.54338634,64398570,652072531.63,0.5598,-1.3739,1,0
2023-07-28,sh.601186,13.30415086,13.7560401,13.18453312,13.74274924,13.3573143,99110474,1008023219.41,0.8616,2.8856,1,0
2023-07-31,sh.601186,13.7560401,14.60665514,13.7560401,14.2876745,13.74274924,143109093,1536491647.72,1.2441,3.9652,1,0
2023-08-01,sh.601186,14.27438364,14.59336428,14.18134762,14.32754708,14.2876745,107623339,1165505612.91,0.9356,0.2791,1,0
2023-08-02,sh.601186,14.39578095,14.54587914,14.25932805,14.31390921,14.3275545,70200906,739104327.61,0.6103,-0.0952,1,0
2023-08-03,sh.601186,14.31390921,14.53223385,14.02735812,14.42307153,14.31390921,80657962,842157054.87,0.7012,0.7626,1,0
2023-08-04,sh.601186,14.49129798,14.69597733,14.35484508,14.38213566,14.42307153,75891177,805226617.55,0.6597,-0.2838,1,0
2023-08-07,sh.601186,14.34119979,14.34119979,14.06829399,14.15016573,14.38213566,52023943,540087660.09,0.4523,-1.6129,1,0
2023-08-08,sh.601186,14.13652044,14.30026392,14.06829399,14.13652044,14.15016573,41950512,435829159.38,0.3647,-0.0964,1,0
2023-08-09,sh.601186,14.0546487,14.47765269,14.0546487,14.24568276,14.13652044,59553070,623904231.31,0.5177,0.7722,1,0
2023-08-10,sh.601186,14.21839218,14.34119979,14.08193928,14.1911016,14.24568276,48602073,504571073.61,0.4225,-0.3831,1,0
2023-08-11,sh.601186,14.17745631,14.34119979,13.76809761,13.76809761,14.1911016,67200779,690129326.23,0.5842,-2.9808,1,0
2023-08-14,sh.601186,13.57706355,14.17745631,13.5088371,14.02735812,13.76809761,73708888,750289505.69,0.6408,1.8831,1,0
2023-08-15,sh.601186,13.95913167,14.08193928,13.7817429,13.94548638,14.02735812,45580186,465401144.42,0.3962,-0.5837,1,0
2023-08-16,sh.601186,13.93184109,13.95913167,13.75445232,13.80903348,13.94548638,33483344,339703801.6,0.2911,-0.9785,1,0
2023-08-17,sh.601186,13.72716174,14.00006754,13.67258058,13.98642225,13.80903348,41923086,425790723.64,0.3644,1.2846,1,0
2023-08-18,sh.601186,13.95913167,14.1911016,13.64529,13.65893529,13.98642225,69117585,703946295.97,0.6009,-2.3415,1,0
2023-08-21,sh.601186,13.63164471,13.95913167,13.59070884,13.63164471,13.65893529,48408652,488178800.52,0.4208,-0.1998,1,0
2023-08-22,sh.601186,13.63164471,14.02735812,13.60435413,13.98642225,13.63164471,70390165,713358260.7,0.6119,2.6026,1,0
2023-08-23,sh.601186,13.93184109,13.95913167,13.5088371,13.52248239,13.98642225,62303200,625478022.72,0.5416,-3.3171,1,0
2023-08-24,sh.601186,13.56341826,13.68622587,12.17159868,12.18524397,13.52248239,248230766,2282813947.22,2.1579,-9.889,1,0
2023-08-25,sh.601186,12.02150049,12.22617984,11.93962875,12.06243636,12.18524397,93234502,823234944.14,0.8105,-1.0078,1,0
2023-08-28,sh.601186,12.8265726,12.8265726,12.0078552,12.07608165,12.06243636,123330563,1115664135.01,1.0721,0.1131,1,0
2023-08-29,sh.601186,12.02150049,12.34898745,12.02150049,12.23982513,12.07608165,81372420,725775533.07,0.7074,1.3559,1,0
2023-08-30,sh.601186,12.26711571,12.280761,11.91233817,11.95327404,12.23982513,78423651,692721407.05,0.6818,-2.3411,1,0
2023-08-31,sh.601186,12.0078552,12.21253455,11.91233817,12.0078552,11.95327404,66537703,586934526.79,0.5784,0.4566,1,0
2023-09-01,sh.601186,12.07608165,12.32169687,12.07608165,12.17159868,12.0078552,86554301,773454679.82,0.7524,1.3636,1,0
2023-09-04,sh.601186,12.21253455,12.44450448,12.18524397,12.38992332,12.17159868,69349383,628182222.07,0.6029,1.7937,1,0
2023-09-05,sh.601186,12.33534216,12.37627803,12.15795339,12.21253455,12.38992332,52859861,472731293.01,0.4595,-1.4317,1,0
2023-09-06,sh.601186,12.17159868,12.18524397,12.04879107,12.15795339,12.21253455,36015702,320054106.72,0.3131,-0.4469,1,0
2023-09-07,sh.601186,12.1443081,12.25347042,12.04879107,12.06243636,12.15795339,39720517,353527078.51,0.3453,-0.7856,1,0
2023-09-08,sh.601186,12.03514578,12.08972694,11.93962875,12.02150049,12.06243636,37158132,326906541.9,0.323,-0.3394,1,0
2023-09-11,sh.601186,11.99420991,12.15795339,11.98056462,12.11701752,12.02150049,41771493,369703548.51,0.3631,0.7946,1,0
2023-09-12,sh.601186,12.11701752,12.280761,12.06243636,12.13066281,12.11701752,47128853,420372511.02,0.4097,0.1126,1,0
2023-09-13,sh.601186,12.13066281,12.21253455,12.0078552,12.03514578,12.13066281,44843201,397126797.81,0.3898,-0.7874,1,0
2023-09-14,sh.601186,12.03514578,12.11701752,12.0078552,12.06243636,12.03514578,45114965,398412409.12,0.3922,0.2268,1,0
2023-09-15,sh.601186,12.08972694,12.1443081,11.80317585,11.8714023,12.06243636,73427692,643303400.36,0.6383,-1.5837,1,0
2023-09-18,sh.601186,11.77588527,11.88504759,11.74859469,11.84411172,11.8714023,35932048,311497336.22,0.3124,-0.2299,1,0
2023-09-19,sh.601186,11.85775701,11.93962875,11.81682114,11.8714023,11.84411172,33822363,294281683.11,0.294,0.2304,1,0
2023-09-20,sh.601186,11.8714023,11.89869288,11.81682114,11.84411172,11.8714023,22078604,191831803.52,0.1919,-0.2299,1,0
2023-09-21,sh.601186,11.83046643,11.88504759,11.70765882,11.70765882,11.84411172,35839242,309278933.88,0.3116,-1.1521,1,0
2023-09-22,sh.601186,11.68036824,12.03514578,11.68036824,12.03514578,11.70765882,54186228,472588018.71,0.4711,2.7972,1,0
2023-09-25,sh.601186,12.0078552,12.02150049,11.76223998,11.78953056,12.03514578,42414280,368439335.52,0.3687,-2.0408,1,0
2023-09-26,sh.601186,11.80317585,11.83046643,11.68036824,11.68036824,11.78953056,38094260,328065213.79,0.3312,-0.9259,1,0
2023-09-27,sh.601186,11.72130411,11.96691933,11.72130411,11.8714023,11.68036824,52052478,452780211.48,0.4525,1.6355,1,0
2023-09-28,sh.601186,11.88504759,11.92598346,11.80317585,11.91233817,11.8714023,34874392,303414743.26,0.3032,0.3448,1,0
2023-10-09,sh.601186,11.8714023,11.89869288,11.66672295,11.81682114,11.91233817,50165251,433705113.11,0.4361,-0.8018,1,0
2023-10-10,sh.601186,11.85775701,11.91233817,10.916232,11.01174903,11.81682114,168274914,1369979458.56,1.4628,-6.8129,1,0
2023-10-11,sh.601186,11.03903961,11.25736425,11.03903961,11.16184722,11.01174903,71087772,581781329.32,0.618,1.3631,1,0
2023-10-12,sh.601186,11.21642838,11.50297947,11.21642838,11.36652657,11.16184722,61507276,513830710.08,0.5347,1.8337,1,0
2023-10-13,sh.601186,11.28465483,11.29830012,11.13455664,11.16184722,11.36652657,41852791,343251564.99,0.3638,-1.8007,1,0
2023-10-16,sh.601186,11.16184722,11.20278309,11.07997548,11.12091135,11.16184722,30050497,245167426.41,0.2612,-0.3667,1,0
2023-10-17,sh.601186,11.25736425,11.38017186,11.14820193,11.23007367,11.12091135,53437054,440238437.85,0.4645,0.9816,1,0
2023-10-18,sh.601186,11.21642838,11.21642838,11.07997548,11.12091135,11.23007367,37310473,304249771.48,0.3243,-0.9721,1,0
2023-10-19,sh.601186,11.09362077,11.09362077,10.87529613,10.90258671,11.12091135,55203685,443082560.58,0.4799,-1.9632,1,0
2023-10-20,sh.601186,10.84800555,10.97081316,10.7797791,10.82071497,10.90258671,43275185,344891159.97,0.3762,-0.7509,1,0
2023-10-23,sh.601186,10.7797791,10.84800555,10.53416388,10.6433262,10.82071497,47776346,374267150.05,0.4153,-1.6393,1,0
2023-10-24,sh.601186,10.69790736,10.75248852,10.57509975,10.73884323,10.6433262,41839652,327920645.64,0.3637,0.8974,1,0
2023-10-25,sh.601186,10.98445845,11.06633019,10.90258671,10.90258671,10.73884323,61269054,493245672.45,0.5326,1.5248,1,0
2023-10-26,sh.601186,10.80706968,10.916232,10.76613381,10.916232,10.90258671,39616614,314724291.72,0.3444,0.1252,1,0
2023-10-27,sh.601186,10.86165084,11.03903961,10.84800555,11.01174903,10.916232,40423548,325339321.53,0.3514,0.875,1,0
2023-10-30,sh.601186,10.916232,11.02539432,10.82071497,10.88894142,11.01174903,51985051,415203041.47,0.4519,-1.1152,1,0
2023-10-31,sh.601186,10.916232,10.95716787,10.82071497,10.94352258,10.88894142,44571326,355714748.63,0.3875,0.5013,1,0
2023-11-01,sh.601186,10.92987729,10.97081316,10.79342439,10.84800555,10.94352258,37100581,294990761.13,0.3225,-0.8728,1,0
2023-11-02,sh.601186,10.82071497,10.95716787,10.7797791,10.7797791,10.84800555,33866581,269663269.59,0.2944,-0.6289,1,0
2023-11-03,sh.601186,10.7797791,10.82071497,10.73884323,10.76613381,10.7797791,42345580,334133544.39,0.3681,-0.1266,1,0
2023-11-06,sh.601186,10.80706968,10.95716787,10.73884323,10.95716787,10.76613381,68021602,540975127.96,0.5913,1.7744,1,0
2023-11-07,sh.601186,10.92987729,10.94352258,10.7797791,10.82071497,10.95716787,56506598,448431658.28,0.4912,-1.2453,1,0
2023-11-08,sh.601186,10.79342439,10.82071497,10.72519794,10.80706968,10.82071497,45556525,359656630.25,0.396,-0.1261,1,0
2023-11-09,sh.601186,10.79342439,10.97081316,10.75248852,10.84800555,10.80706968,49678694,395743134.46,0.4319,0.3788,1,0
2023-11-10,sh.601186,10.82071497,10.82071497,10.61603562,10.68426207,10.84800555,56002300,438426742.0,0.4868,-1.5094,1,0
2023-11-13,sh.601186,10.71155265,10.82071497,10.65697149,10.82071497,10.68426207,44960787,353956306.7,0.3909,1.2771,1,0
2023-11-14,sh.601186,10.82071497,10.92987729,10.79342439,10.86165084,10.82071497,37482722,298222810.33,0.3258,0.3783,1,0
2023-11-15,sh.601186,10.97081316,10.97081316,10.86165084,10.88894142,10.86165084,38546582,308040946.36,0.3351,0.2513,1,0
2023-11-16,sh.601186,10.88894142,10.88894142,10.76613381,10.79342439,10.88894142,31183790,246963672.0,0.2711,-0.8772,1,0
2023-11-17,sh.601186,10.76613381,10.7797791,10.68426207,10.73884323,10.79342439,32193422,252986959.75,0.2799,-0.5057,1,0
2023-11-20,sh.601186,10.73884323,10.7797791,10.65697149,10.73884323,10.73884323,32899254,258213178.8,0.286,0.0,1,0
2023-11-21,sh.601186,10.73884323,10.87529613,10.73884323,10.75248852,10.73884323,55893937,442753172.95,0.4859,0.1271,1,0
2023-11-22,sh.601186,10.72519794,10.75248852,10.6433262,10.6433262,10.75248852,38648332,303005107.15,0.336,-1.0152,1,0
2023-11-23,sh.601186,10.6433262,10.68426207,10.54780917,10.67061678,10.6433262,39347098,306139215.74,0.3421,0.2564,1,0
2023-11-24,sh.601186,10.65697149,10.71155265,10.57509975,10.60239033,10.67061678,34282309,267149279.04,0.298,-0.6394,1,0
2023-11-27,sh.601186,10.57509975,10.58874504,10.31583924,10.43864685,10.60239033,65849982,501296815.64,0.5724,-1.5444,1,0
2023-11-28,sh.601186,10.42500156,10.46593743,10.3704204,10.42500156,10.43864685,28912246,220783795.62,0.2513,-0.1307,1,0
2023-11-29,sh.601186,10.42500156,10.43864685,10.20667692,10.2339675,10.42500156,51880201,390731573.39,0.451,-1.8325,1,0
2023-11-30,sh.601186,10.2339675,10.41135627,10.22032221,10.35677511,10.2339675,44272638,335519414.86,0.3849,1.2,1,0
2023-12-01,sh.601186,10.3704204,10.60239033,10.31583924,10.58874504,10.35677511,63863259,491938924.26,0.5552,2.2398,1,0
2023-12-04,sh.601186,10.61603562,10.62968091,10.53416388,10.54780917,10.58874504,38123800,295676629.25,0.3314,-0.3866,1,0
2023-12-05,sh.601186,10.53416388,10.54780917,10.35677511,10.35677511,10.54780917,31969570,244924759.6,0.2779,-1.8111,1,0
2023-12-06,sh.601186,10.31583924,10.41135627,10.24761279,10.35677511,10.35677511,33636780,254767119.85,0.2924,0.0,1,0
2023-12-07,sh.601186,10.32948453,10.45229214,10.32948453,10.38406569,10.35677511,32735641,249521612.11,0.2846,0.2635,1,0
2023-12-08,sh.601186,10.3704204,10.45229214,10.30219395,10.31583924,10.38406569,35861804,272895660.1,0.3118,-0.657,1,0
2023-12-11,sh.601186,10.27490337,10.34312982,10.05657873,10.31583924,10.31583924,54674452,408451953.26,0.4753,0.0,1,0
2023-12-12,sh.601186,10.27490337,10.42500156,10.2339675,10.42500156,10.31583924,43081305,326406125.37,0.3745,1.0582,1,0
2023-12-13,sh.601186,10.39771098,10.43864685,10.26125808,10.27490337,10.42500156,31247245,236658665.6,0.2716,-1.4398,1,0
2023-12-14,sh.601186,10.31583924,10.3704204,10.26125808,10.27490337,10.27490337,20771850,156981941.5,0.1806,0.0,1,0
2023-12-15,sh.601186,10.30219395,10.3704204,10.24761279,10.26125808,10.27490337,26261177,198325364.61,0.2283,-0.1328,1,0
2023-12-18,sh.601186,10.2339675,10.31583924,10.12480518,10.15209576,10.26125808,27982040,209552007.76,0.2433,-1.0638,1,0
2023-12-19,sh.601186,10.12480518,10.17938634,10.00199757,10.08386931,10.15209576,30390843,224949692.8,0.2642,-0.672,1,0
2023-12-20,sh.601186,10.0975146,10.17938634,10.02928815,10.05657873,10.08386931,24359786,180433045.1,0.2118,-0.2706,1,0
2023-12-21,sh.601186,10.00199757,10.15209576,9.98835228,10.13845047,10.05657873,29294869,216601306.41,0.2547,0.8141,1,0
2023-12-22,sh.601186,10.12480518,10.28854866,10.07022402,10.20667692,10.13845047,37127943,277159912.19,0.3228,0.6729,1,0
2023-12-25,sh.601186,10.19303163,10.20667692,10.0975146,10.16574105,10.20667692,27893151,207396931.91,0.2425,-0.4011,1,0
2023-12-26,sh.601186,10.17938634,10.20667692,10.12480518,10.15209576,10.16574105,21400860,159301710.62,0.186,-0.1342,1,0
2023-12-27,sh.601186,10.16574105,10.30219395,10.12480518,10.26125808,10.15209576,25354481,189771711.2,0.2204,1.0753,1,0
2023-12-28,sh.601186,10.2339675,10.43864685,10.22032221,10.41135627,10.26125808,55780948,424551545.99,0.4849,1.4628,1,0
2023-12-29,sh.601186,10.39771098,10.43864685,10.32948453,10.38406569,10.41135627,40872846,310744066.95,0.3553,-0.2621,1,0
2024-01-02,sh.601186,10.38406569,10.39771098,10.31583924,10.34312982,10.38406569,37466256,284363976.29,0.3257,-0.3942,1,0
2024-01-03,sh.601186,10.32948453,10.42500156,10.31583924,10.41135627,10.34312982,34811622,264711030.33,0.3026,0.6596,1,0
2024-01-04,sh.601186,10.41135627,10.43864685,10.27490337,10.35677511,10.41135627,36254245,274643864.2,0.3152,-0.5242,1,0
2024-01-05,sh.601186,10.35677511,10.58874504,10.24761279,10.43864685,10.35677511,70295519,539245236.5,0.6111,0.7905,1,0
2024-01-08,sh.601186,10.41135627,10.43864685,10.17938634,10.20667692,10.43864685,50489223,379576736.14,0.4389,-2.2222,1,0
2024-01-09,sh.601186,10.17938634,10.30219395,10.13845047,10.24761279,10.20667692,35295000,264378330.0,0.3068,0.4011,1,0
2024-01-10,sh.601186,10.22032221,10.30219395,10.17938634,10.20667692,10.24761279,25642234,192424228.41,0.2229,-0.3995,1,0
2024-01-11,sh.601186,10.20667692,10.22032221,10.02928815,10.19303163,10.20667692,41767558,309961765.44,0.3631,-0.1337,1,0
2024-01-12,sh.601186,10.13845047,10.31583924,10.13845047,10.2339675,10.19303163,36849674,277085573.61,0.3203,0.4016,1,0
2024-01-15,sh.601186,10.19303163,10.30219395,10.15209576,10.26125808,10.2339675,24696014,185356520.86,0.2147,0.2667,1,0
2024-01-16,sh.601186,10.2339675,10.31583924,10.19303163,10.30219395,10.26125808,29984107,225479255.37,0.2607,0.3989,1,0
2024-01-17,sh.601186,10.30219395,10.32948453,10.16574105,10.16574105,10.30219395,34378264,258685627.8,0.2989,-1.3245,1,0
2024-01-18,sh.601186,10.11115989,10.12480518,9.75638235,10.08386931,10.16574105,80301653,584547343.75,0.6981,-0.8054,1,0
2024-01-19,sh.601186,10.00199757,10.13845047,9.97470699,10.07022402,10.08386931,34623229,255380179.29,0.301,-0.1353,1,0
2024-01-22,sh.601186,10.07022402,10.11115989,9.8246088,9.89283525,10.07022402,50890393,373337842.79,0.4424,-1.7615,1,0
2024-01-23,sh.601186,9.86554467,9.92012583,9.75638235,9.87918996,9.89283525,43891042,316910566.41,0.3816,-0.1379,1,0
2024-01-24,sh.601186,9.92012583,10.61603562,9.89283525,10.61603562,9.87918996,139061782,1050470506.24,1.2089,7.4586,1,0
2024-01-25,sh.601186,10.76613381,11.5984965,10.67061678,11.51662476,10.61603562,289328575,2372550512.24,2.5152,8.4833,1,0
2024-01-26,sh.601186,11.4620436,11.72130411,11.24371896,11.54391534,11.51662476,222546955,1870024883.03,1.9346,0.237,1,0
2024-01-29,sh.601186,11.50297947,12.67647441,11.39381715,11.81682114,11.54391534,337277406,2968869129.6,2.932,2.3641,1,0
2024-01-30,sh.601186,11.7349494,12.32169687,11.66672295,12.02150049,11.81682114,240855498,2122784907.6,2.0938,1.7321,1,0
2024-01-31,sh.601186,11.84411172,12.10337223,11.61214179,11.7349494,12.02150049,176056586,1527876204.46,1.5305,-2.3837,1,0
2024-02-01,sh.601186,11.4620436,11.58485121,11.1891378,11.27100954,11.7349494,207760920,1728053240.91,1.8061,-3.9535,1,0
2024-02-02,sh.601186,11.1891378,11.69401353,11.02539432,11.28465483,11.27100954,191110385,1591985064.64,1.6614,0.1211,1,0
2024-02-05,sh.601186,11.17549251,11.43475302,10.7797791,10.916232,11.28465483,152636953,1239677833.27,1.3269,-3.2648,1,0
2024-02-06,sh.601186,10.86165084,11.43475302,10.69790736,11.31194541,10.916232,153855760,1252410100.37,1.3375,3.625,1,0
2024-02-07,sh.601186,11.23007367,11.62578708,11.10726606,11.44839831,11.31194541,150674800,1255011906.69,1.3098,1.2063,1,0
2024-02-08,sh.601186,11.47568889,11.5984965,11.27100954,11.43475302,11.44839831,125365287,1046484366.52,1.0898,-0.1192,1,0
2024-02-19,sh.601186,11.42110773,11.61214179,11.27100954,11.61214179,11.43475302,157052530,1315505281.93,1.3653,1.5513,1,0
2024-02-20,sh.601186,11.53027005,11.5984965,11.4620436,11.55756063,11.61214179,98629132,833004700.33,0.8574,-0.47,1,0
2024-02-21,sh.601186,11.54391534,12.21253455,11.47568889,11.91233817,11.55756063,173686727,1516127120.36,1.5099,3.0697,1,0
2024-02-22,sh.601186,11.78953056,11.96691933,11.76223998,11.95327404,11.91233817,101386657,881367403.14,0.8814,0.3436,1,0
2024-02-23,sh.601186,11.91233817,11.99420991,11.78953056,11.93962875,11.95327404,103556701,902400648.92,0.9002,-0.1142,1,0
2024-02-26,sh.601186,11.89869288,11.89869288,11.54391534,11.57120592,11.93962875,125588475,1075274941.54,1.0918,-3.0857,1,0
2024-02-27,sh.601186,11.54391534,11.65307766,11.48933418,11.63943237,11.57120592,85393944,724550715.5,0.7423,0.5896,1,0
2024-02-28,sh.601186,11.5984965,12.04879107,11.58485121,11.77588527,11.63943237,170278916,1477585635.21,1.4803,1.1723,1,0
2024-02-29,sh.601186,11.7349494,11.84411172,11.61214179,11.84411172,11.77588527,100251827,861509168.82,0.8715,0.5794,1,0
2024-03-01,sh.601186,11.80317585,11.8714023,11.63943237,11.72130411,11.84411172,93234904,802157156.93,0.8105,-1.0369,1,0
2024-03-04,sh.601186,11.66672295,11.69401353,11.44839831,11.48933418,11.72130411,110993397,937317146.72,0.9649,-1.979,1,0
2024-03-05,sh.601186,11.47568889,11.68036824,11.42110773,11.63943237,11.48933418,87283313,741519047.57,0.7588,1.3064,1,0
2024-03-06,sh.601186,11.63943237,11.65307766,11.47568889,11.48933418,11.63943237,62972717,532051276.63,0.5474,-1.2896,1,0
2024-03-07,sh.601186,11.48933418,11.66672295,11.44839831,11.44839831,11.48933418,75291822,637708512.24,0.6545,-0.3563,1,0
2024-03-08,sh.601186,11.43475302,11.5984965,11.40746244,11.55756063,11.44839831,53032607,446691732.06,0.461,0.9535,1,0
2024-03-11,sh.601186,11.5984965,11.70765882,11.54391534,11.63943237,11.55756063,61781291,525609127.44,0.5371,0.7084,1,0
2024-03-12,sh.601186,11.62578708,11.63943237,11.43475302,11.4620436,11.63943237,88344829,744262440.76,0.768,-1.524,1,0
2024-03-13,sh.601186,11.44839831,11.47568889,11.17549251,11.23007367,11.4620436,86937312,718396622.71,0.7558,-2.0238,1,0
2024-03-14,sh.601186,11.21642838,11.57120592,11.20278309,11.39381715,11.23007367,94786993,794883977.88,0.824,1.4581,1,0
2024-03-15,sh.601186,11.33923599,11.35288128,11.17549251,11.33923599,11.39381715,63840602,527307603.53,0.555,-0.479,1,0
2024-03-18,sh.601186,11.33923599,11.74859469,11.3255907,11.61214179,11.33923599,103851884,882566322.91,0.9028,2.4067,1,0
2024-03-19,sh.601186,11.58485121,11.70765882,11.4620436,11.47568889,11.61214179,64903196,550033446.04,0.5642,-1.1751,1,0
2024-03-20,sh.601186,11.47568889,11.61214179,11.4620436,11.57120592,11.47568889,49990498,423173268.95,0.4346,0.8323,1,0
2024-03-21,sh.601186,11.57120592,11.62578708,11.51662476,11.61214179,11.57120592,51489191,437233083.68,0.4476,0.3538,1,0
2024-03-22,sh.601186,11.58485121,11.62578708,11.40746244,11.53027005,11.61214179,60148628,507413341.4,0.5229,-0.7051,1,0
2024-03-25,sh.601186,11.50297947,11.74859469,11.4620436,11.55756063,11.53027005,68568231,584025092.36,0.5961,0.2367,1,0
2024-03-26,sh.601186,11.50297947,11.74859469,11.48933418,11.7349494,11.55756063,70619444,602112252.94,0.6139,1.5348,1,0
2024-03-27,sh.601186,11.70765882,11.84411172,11.62578708,11.63943237,11.7349494,78725894,677027636.35,0.6844,-0.814,1,0
2024-03-28,sh.601186,11.57120592,11.69401353,11.54391534,11.5984965,11.63943237,74937529,637786400.69,0.6514,-0.3517,1,0
2024-03-29,sh.601186,11.55756063,11.72130411,11.51662476,11.69401353,11.5984965,109842400,936215327.32,0.9549,0.8235,1,0
2024-04-01,sh.601186,11.74859469,11.88504759,11.72130411,11.8714023,11.69401353,109697680,949383443.44,0.9536,1.5169,1,0
2024-04-02,sh.601186,11.8714023,11.91233817,11.7349494,11.76223998,11.8714023,66997263,579636696.72,0.5824,-0.9195,1,0
2024-04-03,sh.601186,11.7349494,11.78953056,11.61214179,11.72130411,11.76223998,55699191,477826181.45,0.4842,-0.348,1,0
2024-04-08,sh.601186,11.65307766,11.74859469,11.57120592,11.62578708,11.72130411,61065620,522033885.85,0.5309,-0.8149,1,0
2024-04-09,sh.601186,11.62578708,11.66672295,11.36652657,11.40746244,11.62578708,84624421,711157912.85,0.7357,-1.8779,1,0
2024-04-10,sh.601186,11.35288128,11.53027005,11.23007367,11.27100954,11.40746244,55924274,465462497.23,0.4862,-1.1962,1,0
2024-04-11,sh.601186,11.23007367,11.42110773,11.16184722,11.28465483,11.27100954,56416413,467385874.57,0.4904,0.1211,1,0
2024-04-12,sh.601186,11.25736425,11.3255907,11.07997548,11.07997548,11.28465483,53032745,434485681.21,0.461,-1.8138,1,0
2024-04-15,sh.601186,11.12091135,11.96691933,11.06633019,11.88504759,11.07997548,213043614,1819224728.53,1.852,7.266,1,0
2024-04-16,sh.601186,11.85775701,12.11701752,11.68036824,11.77588527,11.88504759,181499557,1584099360.54,1.5778,-0.9185,1,0
2024-04-17,sh.601186,11.72130411,11.96691933,11.51662476,11.96691933,11.77588527,141327003,1218046114.76,1.2286,1.6222,1,0
2024-04-18,sh.601186,11.88504759,12.10337223,11.85775701,11.8714023,11.96691933,104032654,911546334.38,0.9044,-0.7982,1,0
2024-04-19,sh.601186,11.80317585,12.03514578,11.80317585,11.89869288,11.8714023,97450984,851720148.26,0.8472,0.2299,1,0
2024-04-22,sh.601186,11.91233817,11.98056462,11.7349494,11.83046643,11.89869288,84415013,733426389.27,0.7338,-0.5734,1,0
2024-04-23,sh.601186,11.83046643,11.83046643,11.55756063,11.61214179,11.83046643,75103720,642764442.4,0.6529,-1.8454,1,0
2024-04-24,sh.601186,11.61214179,11.7349494,11.57120592,11.7349494,11.61214179,48229070,412450688.6,0.4193,1.0576,1,0
2024-04-25,sh.601186,11.69401353,11.74859469,11.62578708,11.68036824,11.7349494,40981210,351130744.5,0.3563,-0.4651,1,0
2024-04-26,sh.601186,11.66672295,11.77588527,11.61214179,11.77588527,11.68036824,75715176,649611717.02,0.6582,0.8178,1,0
2024-04-29,sh.601186,11.76223998,11.77588527,11.5984965,11.74859469,11.77588527,83236894,714653601.65,0.7236,-0.2317,1,0
2024-04-30,sh.601186,11.74859469,11.85775701,11.53027005,11.57120592,11.74859469,107447109,918997876.25,0.9341,-1.5099,1,0
2024-05-06,sh.601186,11.66672295,11.88504759,11.65307766,11.81682114,11.57120592,112328360,973320916.23,0.9765,2.1226,1,0
2024-05-07,sh.601186,11.78953056,11.85775701,11.7349494,11.80317585,11.81682114,65189634,563590696.26,0.5667,-0.1155,1,0
2024-05-08,sh.601186,11.77588527,11.83046643,11.68036824,11.69401353,11.80317585,57703815,496403923.81,0.5016,-0.9249,1,0
2024-05-09,sh.601186,11.69401353,11.83046643,11.69401353,11.81682114,11.69401353,59137901,510668795.65,0.5141,1.0502,1,0
2024-05-10,sh.601186,11.83046643,11.96691933,11.78953056,11.93962875,11.81682114,92251181,803541918.38,0.802,1.0393,1,0
2024-05-13,sh.601186,11.84411172,12.19888926,11.83046643,12.11701752,11.93962875,111894454,987982990.31,0.9727,1.4857,1,0
2024-05-14,sh.601186,12.10337223,12.11701752,11.95327404,12.03514578,12.11701752,73277599,646239952.21,0.637,-0.6757,1,0
2024-05-15,sh.601186,12.02150049,12.07608165,11.85775701,11.8714023,12.03514578,72645106,635315697.14,0.6315,-1.3605,1,0
2024-05-16,sh.601186,11.88504759,12.13066281,11.88504759,12.10337223,11.8714023,96025222,847068836.12,0.8348,1.954,1,0
2024-05-17,sh.601186,12.11701752,12.280761,11.98056462,12.280761,12.10337223,94984904,843749957.46,0.8257,1.4656,1,0
2024-05-20,sh.601186,12.30805158,12.32169687,12.10337223,12.17159868,12.280761,87230102,777855960.77,0.7583,-0.8889,1,0
2024-05-21,sh.601186,12.11701752,12.21253455,12.04879107,12.11701752,12.17159868,58751441,522227177.08,0.5107,-0.4484,1,0
2024-05-22,sh.601186,12.08972694,12.33534216,12.08972694,12.29440629,12.11701752,90848252,815182431.64,0.7898,1.464,1,0
2024-05-23,sh.601186,12.23982513,12.25347042,11.96691933,12.04879107,12.29440629,91217913,808037287.63,0.793,-1.9978,1,0
2024-05-24,sh.601186,12.03514578,12.10337223,11.96691933,11.98056462,12.04879107,60413689,532482467.77,0.5252,-0.5663,1,0
2024-05-27,sh.601186,11.99420991,12.07608165,11.98056462,12.06243636,11.98056462,47745094,420594658.2,0.4151,0.6834,1,0
2024-05-28,sh.601186,12.02150049,12.06243636,11.88504759,11.89869288,12.06243636,49613847,434681813.84,0.4313,-1.3575,1,0
2024-05-29,sh.601186,11.89869288,11.96691933,11.78953056,11.83046643,11.89869288,43642693,379944864.31,0.3794,-0.5734,1,0
2024-05-30,sh.601186,11.81682114,11.88504759,11.72130411,11.78953056,11.83046643,36681390,317085539.93,0.3189,-0.346,1,0
2024-05-31,sh.601186,11.80317585,11.84411172,11.74859469,11.77588527,11.78953056,28120801,243112281.71,0.2445,-0.1157,1,0
2024-06-03,sh.601186,11.77588527,11.84411172,11.66672295,11.83046643,11.77588527,44862702,386971874.21,0.39,0.4635,1,0
2024-06-04,sh.601186,11.81682114,11.96691933,11.81682114,11.92598346,11.83046643,50841072,443448885.7,0.442,0.8074,1,0
2024-06-05,sh.601186,11.91233817,11.92598346,11.76223998,11.76223998,11.92598346,40772871,353864036.28,0.3544,-1.373,1,0
2024-06-06,sh.601186,11.78953056,11.8714023,11.74859469,11.80317585,11.76223998,44826562,387895352.34,0.3897,0.348,1,0
2024-06-07,sh.601186,11.81682114,11.89869288,11.7349494,11.84411172,11.80317585,42380864,367490399.18,0.3684,0.3468,1,0
2024-06-11,sh.601186,11.8714023,11.88504759,11.51662476,11.5984965,11.84411172,67327866,575048992.42,0.5853,-2.0737,1,0
2024-06-12,sh.601186,11.54391534,11.5984965,11.42110773,11.57120592,11.5984965,52719110,444383240.0,0.4583,-0.2353,1,0
2024-06-13,sh.601186,11.55756063,11.57120592,11.42110773,11.44839831,11.57120592,41426408,348925310.12,0.3601,-1.0613,1,0
2024-06-14,sh.601186,11.42110773,11.53027005,11.40746244,11.48933418,11.44839831,33381490,280704672.8,0.2902,0.3576,1,0
2024-06-17,sh.601186,11.43475302,11.53027005,11.39381715,11.47568889,11.48933418,36163378,303808053.55,0.3144,-0.1188,1,0
2024-06-18,sh.601186,11.50297947,11.76223998,11.47568889,11.72130411,11.47568889,63630043,542669869.53,0.5531,2.1403,1,0
2024-06-19,sh.601186,11.70765882,11.85775701,11.68036824,11.77588527,11.72130411,48914001,423004149.65,0.4252,0.4657,1,0
2024-06-20,sh.601186,11.76223998,11.80317585,11.5984965,11.61214179,11.77588527,33453700,286103476.0,0.2908,-1.3905,1,0
2024-06-21,sh.601186,11.5984965,11.69401353,11.57120592,11.69401353,11.61214179,29563720,252309755.05,0.257,0.7051,1,0
2024-06-24,sh.601186,11.61214179,11.66672295,11.44839831,11.50297947,11.69401353,46636800,393673806.0,0.4054,-1.6336,1,0
2024-06-25,sh.601186,11.47568889,11.68036824,11.47568889,11.54391534,11.50297947,41114813,348935539.74,0.3574,0.3559,1,0
2024-06-26,sh.601186,11.53027005,11.5984965,11.4620436,11.55756063,11.54391534,36724563,310158448.71,0.3193,0.1182,1,0
2024-06-27,sh.601186,11.55756063,11.63943237,11.50297947,11.54391534,11.55756063,34913602,296096081.65,0.3035,-0.1181,1,0
2024-06-28,sh.601186,11.55756063,11.78953056,11.53027005,11.69401353,11.54391534,47130700,403326357.1,0.4097,1.3002,1,0
2024-07-01,sh.601186,11.68036824,11.84411172,11.68036824,11.83046643,11.69401353,52305597,452037010.7,0.4547,1.1669,1,0
2024-07-02,sh.601186,11.81682114,11.8714023,11.7349494,11.80317585,11.83046643,42446582,367444677.74,0.369,-0.2307,1,0
2024-07-03,sh.601186,11.81682114,11.92598346,11.77588527,11.80317585,11.80317585,36559800,317283798.0,0.3178,0.0,1,0
2024-07-04,sh.601186,11.81682114,11.8714023,11.66672295,11.69401353,11.80317585,33530600,289393137.93,0.2915,-0.9249,1,0
2024-07-05,sh.601186,11.68036824,11.69401353,11.50297947,11.55756063,11.69401353,40757624,345498219.28,0.3543,-1.1669,1,0
2024-07-08,sh.601186,11.53027005,11.58485121,11.1891378,11.23007367,11.55756063,64425166,535148389.87,0.5601,-2.8335,1,0
2024-07-09,sh.601186,11.1891378,11.29830012,11.06633019,11.28465483,11.23007367,59577070,488635546.12,0.5179,0.486,1,0
2024-07-10,sh.601186,11.24371896,11.27100954,11.16184722,11.16184722,11.28465483,31588400,259523431.0,0.2746,-1.0883,1,0
2024-07-11,sh.601186,11.27100954,11.35288128,11.20278309,11.3255907,11.16184722,44389876,367238298.18,0.3859,1.467,1,0
2024-07-12,sh.601186,11.29830012,11.42110773,11.29830012,11.33923599,11.3255907,33680257,280445805.48,0.2928,0.1205,1,0
2024-07-15,sh.601186,11.31194541,11.38017186,11.27100954,11.35288128,11.33923599,23698948,196984479.92,0.206,0.1203,1,0
2024-07-16,sh.601186,11.35288128,11.4620436,11.31194541,11.44839831,11.35288128,30049623,251412577.05,0.2612,0.8413,1,0
2024-07-17,sh.601186,11.4620436,11.54391534,11.43475302,11.53027005,11.44839831,32844430,277035801.23,0.2855,0.7151,1,0
2024-07-18,sh.601186,11.51662476,11.55756063,11.40746244,11.54391534,11.53027005,30066330,253311402.0,0.2614,0.1183,1,0
2024-07-19,sh.601186,11.51662476,11.65307766,11.48933418,11.63943237,11.54391534,32631744,276821394.3,0.2837,0.8274,1,0
2024-07-22,sh.601186,11.62578708,11.69401353,11.4620436,11.61214179,11.63943237,42635905,361999901.26,0.3706,-0.2345,1,0
2024-07-23,sh.601186,11.62636752,11.65482864,11.5267536,11.5267536,11.61213696,47662537,388428940.78,0.4143,-0.7353,1,0
2024-07-24,sh.601186,11.51252304,11.8113648,11.48406192,11.69752032,11.5267536,48208740,395152491.33,0.4191,1.4815,1,0
2024-07-25,sh.601186,11.68328976,11.8825176,11.62636752,11.64059808,11.69752032,45633511,376291609.21,0.3967,-0.4866,1,0
2024-07-26,sh.601186,11.64059808,11.75444256,11.5979064,11.69752032,11.64059808,27530259,225638809.53,0.2393,0.489,1,0
2024-07-29,sh.601186,11.6690592,11.8825176,11.64059808,11.85405648,11.69752032,37630454,311942811.45,0.3271,1.3382,1,0
2024-07-30,sh.601186,11.78290368,11.8113648,11.740212,11.78290368,11.85405648,34083817,281957317.62,0.2963,-0.6002,1,0
2024-07-31,sh.601186,11.79713424,11.89674816,11.78290368,11.8825176,11.78290368,46545180,387679345.99,0.4046,0.8454,1,0
2024-08-01,sh.601186,11.8825176,12.08174544,11.85405648,11.98213152,11.8825176,56236132,474134911.61,0.4889,0.8383,1,0
2024-08-02,sh.601186,11.91097872,11.98213152,11.85405648,11.86828704,11.98213152,36839703,308328451.17,0.3203,-0.9501,1,0
2024-08-05,sh.601186,11.83982592,11.96790096,11.69752032,11.69752032,11.86828704,43533700,361645655.82,0.3784,-1.4388,1,0
2024-08-06,sh.601186,11.75444256,11.8113648,11.5979064,11.72598144,11.69752032,42079800,345457875.0,0.3658,0.2433,1,0
2024-08-07,sh.601186,11.72598144,11.79713424,11.6690592,11.6690592,11.72598144,23889870,197060826.2,0.2077,-0.4854,1,0
2024-08-08,sh.601186,11.65482864,11.72598144,11.62636752,11.65482864,11.6690592,22850099,187425776.97,0.1986,-0.122,1,0
2024-08-09,sh.601186,11.71175088,11.83982592,11.68328976,11.75444256,11.65482864,32622951,269743870.26,0.2836,0.8547,1,0
2024-08-12,sh.601186,11.76867312,11.76867312,11.61213696,11.62636752,11.75444256,27731099,227717389.75,0.2411,-1.0896,1,0
2024-08-13,sh.601186,11.61213696,11.69752032,11.5979064,11.68328976,11.62636752,24984650,204762393.0,0.2172,0.4896,1,0
2024-08-14,sh.601186,11.71175088,11.79713424,11.6690592,11.740212,11.68328976,30763973,254228114.09,0.2674,0.4872,1,0
2024-08-15,sh.601186,11.740212,11.8825176,11.69752032,11.85405648,11.740212,31251950,259538579.05,0.2717,0.9697,1,0
2024-08-16,sh.601186,11.85405648,11.8825176,11.78290368,11.85405648,11.85405648,25010326,208125768.32,0.2174,0.0,1,0
2024-08-19,sh.601186,11.8113648,11.9536704,11.8113648,11.92520928,11.85405648,30057056,251823539.41,0.2613,0.6002,1,0
2024-08-20,sh.601186,11.92520928,11.9536704,11.76867312,11.82559536,11.92520928,28683723,238757322.27,0.2494,-0.8353,1,0
2024-08-21,sh.601186,11.82559536,11.82559536,11.68328976,11.740212,11.82559536,21903800,180723233.68,0.1904,-0.722,1,0
2024-08-22,sh.601186,11.75444256,11.83982592,11.72598144,11.79713424,11.740212,23733968,196613999.07,0.2063,0.4848,1,0
2024-08-23,sh.601186,11.78290368,11.82559536,11.69752032,11.76867312,11.79713424,23219595,192008469.62,0.2019,-0.2413,1,0
2024-08-26,sh.601186,11.76867312,11.82559536,11.72598144,11.8113648,11.76867312,22436507,185599304.82,0.195,0.3628,1,0
2024-08-27,sh.601186,11.79713424,11.8113648,11.49829248,11.54098416,11.8113648,44436378,362328790.22,0.3863,-2.2892,1,0
2024-08-28,sh.601186,11.5267536,11.56944528,11.29906464,11.34175632,11.54098416,37667408,302371920.62,0.3275,-1.7263,1,0
2024-08-29,sh.601186,11.32752576,11.35598688,11.05714512,11.08560624,11.34175632,54761900,429797642.0,0.4761,-2.2585,1,0
2024-08-30,sh.601186,11.08560624,11.27060352,10.98599232,11.18522016,11.08560624,43746700,342917265.0,0.3803,0.8986,1,0
2024-09-02,sh.601186,11.00022288,11.01445344,10.43100048,10.48792272,11.18522016,113591612,845479161.6,0.9875,-6.2341,1,0
2024-09-03,sh.601186,10.44523104,10.5306144,10.26023376,10.35984768,10.48792272,70705553,515348381.75,0.6147,-1.2212,1,0
2024-09-04,sh.601186,10.30292544,10.34561712,10.06100592,10.08946704,10.35984768,66931990,478817656.24,0.5819,-2.6099,1,0
2024-09-05,sh.601186,10.11792816,10.18908096,10.04677536,10.1748504,10.08946704,45672603,324583971.94,0.397,0.8463,1,0
2024-09-06,sh.601186,10.16061984,10.2460032,10.1036976,10.1036976,10.1748504,36118545,258228752.33,0.314,-0.6993,1,0
2024-09-09,sh.601186,10.07523648,10.07523648,9.76216416,9.86177808,10.1036976,73372529,509521415.36,0.6378,-2.3944,1,0
2024-09-10,sh.601186,9.86177808,9.91870032,9.73370304,9.90446976,9.86177808,37395024,258258554.28,0.3251,0.4329,1,0
2024-09-11,sh.601186,9.84754752,9.86177808,9.76216416,9.8190864,9.90446976,26646438,183419378.58,0.2316,-0.8621,1,0
2024-09-12,sh.601186,9.8190864,9.87600864,9.77639472,9.77639472,9.8190864,22539543,155635000.41,0.1959,-0.4348,1,0
2024-09-13,sh.601186,9.79062528,9.8190864,9.71947248,9.71947248,9.77639472,26371093,180928102.19,0.2292,-0.5822,1,0
2024-09-18,sh.601186,9.70524192,9.7479336,9.56293632,9.71947248,9.71947248,35541642,240770115.85,0.309,0.0,1,0
2024-09-19,sh.601186,9.76216416,9.90446976,9.6767808,9.8902392,9.71947248,42771237,295379319.77,0.3718,1.757,1,0
2024-09-20,sh.601186,9.87600864,9.91870032,9.76216416,9.90446976,9.8902392,33183080,229669509.24,0.2885,0.1439,1,0
2024-09-23,sh.601186,9.8902392,10.01831424,9.84754752,9.93293088,9.90446976,28445100,198622600.0,0.2473,0.2874,1,0
2024-09-24,sh.601186,9.98985312,10.33138656,9.97562256,10.33138656,9.93293088,66870042,478047125.21,0.5813,4.0115,1,0
2024-09-25,sh.601186,10.63022832,11.22791184,10.63022832,10.94330064,10.33138656,149757617,1151972772.0,1.3019,5.9229,1,0
2024-09-26,sh.601186,10.84368672,11.4556008,10.80099504,11.4556008,10.94330064,129940118,1022393480.4,1.1296,4.6814,1,0
2024-09-27,sh.601186,11.65482864,11.76867312,11.41290912,11.6690592,11.4556008,95539442,777873056.07,0.8305,1.8634,1,0
2024-09-30,sh.601186,12.1671288,12.7363512,11.82559536,12.67942896,11.6690592,229750934,1992889335.53,1.9973,8.6585,1,0
2024-10-08,sh.601186,13.9459488,13.9459488,12.89288736,13.53326256,12.67942896,279157249,2667694626.04,2.4268,6.734,1,0
2024-10-09,sh.601186,13.3055736,13.3055736,12.39481776,12.39481776,13.53326256,185045706,1665400752.98,1.6086,-8.4122,1,0
2024-10-10,sh.601186,12.43750944,13.63287648,12.43750944,13.63287648,12.39481776,286334135,2684457440.63,2.4892,9.9885,1,0
2024-10-11,sh.601186,13.61864592,14.0171016,13.20595968,13.27711248,13.63287648,343231263,3285449364.6,2.9838,-2.6096,1,0
2024-10-14,sh.601186,13.33403472,14.35863504,13.33403472,13.67556816,13.27711248,251924202,2438454724.03,2.19,3.0011,1,0
2024-10-15,sh.601186,13.39095696,13.90325712,13.12057632,13.13480688,13.67556816,170768051,1619245592.87,1.4845,-3.9542,1,0
2024-10-16,sh.601186,12.96404016,13.40518752,12.89288736,13.2344208,13.13480688,105703747,982357083.76,0.9189,0.7584,1,0
2024-10-17,sh.601186,13.2344208,13.31980416,12.7363512,12.79327344,13.2344208,126767333,1157902768.46,1.102,-3.3333,1,0
2024-10-18,sh.601186,12.7363512,13.29134304,12.46597056,13.10634576,12.79327344,130179649,1174963572.48,1.1317,2.4472,1,0
2024-10-21,sh.601186,13.17749856,13.57595424,12.99250128,13.49057088,13.10634576,131274456,1229355856.75,1.1412,2.9316,1,0
2024-10-22,sh.601186,13.39095696,13.46210976,13.26288192,13.36249584,13.49057088,67765725,635105102.18,0.5891,-0.9494,1,0
2024-10-23,sh.601186,13.33403472,13.84633488,13.31980416,13.64710704,13.36249584,131032423,1258032872.73,1.1391,2.1299,1,0
2024-10-24,sh.601186,13.519032,13.57595424,13.26288192,13.33403472,13.64710704,68837830,646179491.87,0.5984,-2.2941,1,0
2024-10-25,sh.601186,13.29134304,13.3767264,13.22019024,13.33403472,13.33403472,56378079,527418288.92,0.4901,0.0,1,0
2024-10-28,sh.601186,13.2344208,13.27711248,12.83596512,13.14903744,13.33403472,86962710,798823965.27,0.756,-1.3874,1,0
2024-10-29,sh.601186,13.0921152,13.20595968,12.90711792,12.92134848,13.14903744,73243130,670190958.01,0.6367,-1.7316,1,0
2024-10-30,sh.601186,12.90711792,13.00673184,12.75058176,12.76481232,12.92134848,52778741,477031913.77,0.4588,-1.2115,1,0
2024-10-31,sh.601186,12.62250672,12.86442624,12.60827616,12.70789008,12.76481232,72570085,648959901.1,0.6309,-0.4459,1,0
2024-11-01,sh.601186,12.70789008,13.5901848,12.6651984,13.10634576,12.70789008,169165136,1570062765.72,1.4706,3.1355,1,0
2024-11-04,sh.601186,13.0209624,13.163268,12.89288736,13.14903744,13.10634576,71459828,653985494.15,0.6212,0.3257,1,0
2024-11-05,sh.601186,13.13480688,13.39095696,13.07788464,13.39095696,13.14903744,101215357,942896770.83,0.8799,1.8398,1,0
2024-11-06,sh.601186,13.39095696,13.63287648,13.27711248,13.53326256,13.39095696,119928343,1134660321.9,1.0426,1.0627,1,0
2024-11-07,sh.601186,13.519032,14.07402384,13.40518752,14.07402384,13.53326256,158974306,1545427462.33,1.382,3.9958,1,0
2024-11-08,sh.601186,14.14517664,14.20209888,13.7324904,13.78941264,14.07402384,122462272,1196483742.74,1.0646,-2.0222,1,0
2024-11-11,sh.601186,13.67556816,13.874796,13.41941808,13.67556816,13.78941264,84684917,808073366.77,0.7362,-0.8256,1,0
2024-11-12,sh.601186,13.5901848,13.88902656,13.519032,13.56172368,13.67556816,83223644,801562012.69,0.7235,-0.8325,1,0
2024-11-13,sh.601186,13.46210976,13.93171824,13.4478792,13.64710704,13.56172368,71943031,692419948.19,0.6254,0.6296,1,0
2024-11-14,sh.601186,13.64710704,13.7324904,13.3767264,13.39095696,13.64710704,56243071,535829975.06,0.4889,-1.877,1,0
2024-11-15,sh.601186,13.3767264,13.5901848,13.33403472,13.33403472,13.39095696,63267545,598544942.27,0.55,-0.4251,1,0
2024-11-18,sh.601186,14.03133216,14.67170736,13.81787376,14.60055456,13.33403472,451587024,4597009311.3,3.9257,9.4984,1,0
2024-11-19,sh.601186,14.14517664,14.17363776,13.49057088,13.71825984,14.60055456,346083955,3361450788.52,3.0086,-6.0429,1,0
2024-11-20,sh.601186,13.5901848,13.84633488,13.57595424,13.7324904,13.71825984,132384050,1274660232.02,1.1508,0.1037,1,0
2024-11-21,sh.601186,13.6613376,13.86056544,13.53326256,13.60441536,13.7324904,103678929,995418261.11,0.9013,-0.9326,1,0
2024-11-22,sh.601186,13.61864592,13.67556816,13.06365408,13.07788464,13.60441536,133501805,1258081735.01,1.1606,-3.8703,1,0
2024-11-25,sh.601186,13.04942352,13.24865136,12.90711792,13.03519296,13.07788464,82559319,758856846.16,0.7177,-0.3264,1,0
2024-11-26,sh.601186,13.03519296,13.13480688,12.9498096,12.99250128,13.03519296,42432205,388269805.6,0.3689,-0.3275,1,0
2024-11-27,sh.601186,12.97827072,13.0921152,12.8786568,13.0921152,12.99250128,54244983,494615846.53,0.4716,0.7667,1,0
2024-11-28,sh.601186,13.06365408,13.2344208,13.03519296,13.10634576,13.0921152,57875584,533587897.96,0.5031,0.1087,1,0
2024-11-29,sh.601186,13.07788464,13.26288192,13.07788464,13.163268,13.10634576,57096041,528091410.5,0.4963,0.4343,1,0
2024-12-02,sh.601186,13.163268,13.49057088,13.0921152,13.40518752,13.163268,92974663,868899097.33,0.8082,1.8378,1,0
2024-12-03,sh.601186,13.33403472,13.71825984,13.33403472,13.68979872,13.40518752,102374653,976452829.74,0.89,2.1231,1,0
2024-12-04,sh.601186,13.61864592,13.67556816,13.4478792,13.49057088,13.68979872,63986283,609388517.45,0.5562,-1.4553,1,0
2024-12-05,sh.601186,13.4478792,13.71825984,13.43364864,13.519032,13.49057088,52971738,504801990.14,0.4605,0.211,1,0
2024-12-06,sh.601186,13.519032,13.64710704,13.49057088,13.60441536,13.519032,65997853,630023725.68,0.5737,0.6316,1,0
2024-12-09,sh.601186,13.54749312,13.56172368,13.29134304,13.39095696,13.60441536,74861011,706923343.4,0.6508,-1.569,1,0
2024-12-10,sh.601186,13.77518208,13.77518208,13.3767264,13.39095696,13.39095696,91187164,868610283.55,0.7927,0.0,1,0
2024-12-11,sh.601186,13.36249584,13.46210976,13.31980416,13.3767264,13.39095696,53787793,505708165.1,0.4676,-0.1063,1,0
2024-12-12,sh.601186,13.39095696,13.40518752,13.24865136,13.39095696,13.3767264,57573705,539108809.73,0.5005,0.1064,1,0
2024-12-13,sh.601186,13.31980416,13.33403472,13.04942352,13.04942352,13.39095696,67005094,619728037.11,0.5825,-2.5505,1,0
2024-12-16,sh.601186,13.04942352,13.13480688,12.9498096,13.10634576,13.04942352,49061185,449551353.24,0.4265,0.4362,1,0
2024-12-17,sh.601186,13.12057632,13.163268,12.99250128,13.03519296,13.10634576,38788945,356419678.04,0.3372,-0.5429,1,0
2024-12-18,sh.601186,13.39095696,13.61864592,13.2344208,13.27711248,13.03519296,114603006,1080962314.56,0.9963,1.8559,1,0
2024-12-19,sh.601186,13.13480688,13.29134304,13.10634576,13.24865136,13.27711248,58163082,539262547.16,0.5056,-0.2144,1,0
2024-12-20,sh.601186,13.24865136,13.29134304,13.13480688,13.14903744,13.24865136,46486907,430640551.26,0.4041,-0.7519,1,0
2024-12-23,sh.601186,13.14903744,13.40518752,13.12057632,13.26288192,13.14903744,79699745,745806444.63,0.6928,0.8658,1,0
2024-12-24,sh.601186,13.3055736,13.3767264,13.24865136,13.36249584,13.26288192,47005700,440277691.0,0.4086,0.7511,1,0
2024-12-25,sh.601186,13.40518752,13.56172368,13.33403472,13.4478792,13.36249584,73950470,699929152.51,0.6429,0.639,1,0
2024-12-26,sh.601186,13.40518752,13.40518752,13.19172912,13.2344208,13.4478792,57231198,533182469.59,0.4975,-1.5873,1,0
2024-12-27,sh.601186,13.20595968,13.29134304,13.163268,13.26288192,13.2344208,42334888,393499966.39,0.368,0.2151,1,0
2024-12-30,sh.601186,13.24865136,13.33403472,13.20595968,13.3055736,13.26288192,42067389,392298776.46,0.3657,0.3219,1,0
2024-12-31,sh.601186,13.3055736,13.33403472,13.04942352,13.04942352,13.3055736,59256487,548295488.49,0.5151,-1.9251,1,0
2025-01-02,sh.601186,13.04942352,13.06365408,12.43750944,12.50866224,13.04942352,91540837,818768109.92,0.7958,-4.1439,1,0
2025-01-03,sh.601186,12.45174,12.63673728,12.3094344,12.35212608,12.50866224,53265595,466581798.22,0.463,-1.2514,1,0
2025-01-06,sh.601186,12.36635664,12.3805872,12.11020656,12.32366496,12.35212608,49422900,424864371.0,0.4296,-0.2304,1,0
2025-01-07,sh.601186,12.33789552,12.36635664,12.19558992,12.35212608,12.32366496,34450291,297408771.12,0.2995,0.2309,1,0
2025-01-08,sh.601186,12.36635664,12.36635664,11.9536704,12.19558992,12.35212608,56111497,478854074.29,0.4878,-1.2673,1,0
2025-01-09,sh.601186,12.15289824,12.18135936,12.0248232,12.06751488,12.19558992,32166514,273546241.2,0.2796,-1.0502,1,0
2025-01-10,sh.601186,12.06751488,12.11020656,11.91097872,11.91097872,12.06751488,28114391,236822138.4,0.2444,-1.2972,1,0
2025-01-13,sh.601186,11.83982592,11.99636208,11.75444256,11.91097872,11.91097872,29134600,243501502.0,0.2533,0.0,1,0
2025-01-14,sh.601186,11.92520928,12.18135936,11.92520928,12.15289824,11.91097872,36788614,312034793.02,0.3198,2.0311,1,0
2025-01-15,sh.601186,12.19558992,12.19558992,12.0248232,12.06751488,12.15289824,31602677,268745495.26,0.2747,-0.7026,1,0
2025-01-16,sh.601186,12.12443712,12.20982048,12.03905376,12.12443712,12.06751488,32921716,280819172.41,0.2862,0.4717,1,0
2025-01-17,sh.601186,12.06751488,12.1671288,11.9536704,12.12443712,12.12443712,26476400,225099363.0,0.2302,0.0,1,0
2025-01-20,sh.601186,12.20982048,12.22405104,12.11020656,12.12443712,12.12443712,32701168,279544742.66,0.2843,0.0,1,0
2025-01-21,sh.601186,12.15289824,12.18135936,12.0248232,12.03905376,12.12443712,30266939,256974289.35,0.2631,-0.7042,1,0
2025-01-22,sh.601186,12.05328432,12.05328432,11.79713424,11.86828704,12.03905376,30459705,254487897.75,0.2648,-1.4184,1,0
2025-01-23,sh.601186,11.96790096,12.1671288,11.96790096,12.05328432,11.86828704,38286473,325034317.62,0.3328,1.5588,1,0
2025-01-24,sh.601186,12.0248232,12.11020656,11.98213152,12.095976,12.05328432,27473404,232776245.24,0.2388,0.3542,1,0
2025-01-27,sh.601186,12.12443712,12.28097328,12.11020656,12.15289824,12.095976,33386364,286155197.38,0.2902,0.4706,1,0
2025-02-05,sh.601186,12.15289824,12.19558992,11.93943984,11.98213152,12.15289824,33965433,286575048.53,0.2953,-1.4052,1,0
2025-02-06,sh.601186,11.98213152,12.03905376,11.86828704,12.0248232,11.98213152,37568700,315604426.0,0.3266,0.3563,1,0
2025-02-07,sh.601186,12.0248232,12.2382816,11.96790096,12.1671288,12.0248232,60911741,518026154.22,0.5295,1.1834,1,0
2025-02-10,sh.601186,12.13866768,12.28097328,12.13866768,12.19558992,12.1671288,46913979,402401371.45,0.4078,0.2339,1,0
2025-02-11,sh.601186,12.19558992,12.20982048,12.03905376,12.11020656,12.19558992,35052882,298141435.81,0.3047,-0.7001,1,0
2025-02-12,sh.601186,12.095976,12.12443712,12.01059264,12.12443712,12.11020656,37278306,316200642.16,0.3241,0.1175,1,0
2025-02-13,sh.601186,12.11020656,12.22405104,12.095976,12.13866768,12.12443712,56980902,487269710.09,0.4953,0.1174,1,0
2025-02-14,sh.601186,12.11020656,12.15289824,11.99636208,12.11020656,12.13866768,40867119,346470344.97,0.3553,-0.2345,1,0
2025-02-17,sh.601186,12.11020656,12.13866768,11.99636208,12.095976,12.11020656,52280594,442690131.43,0.4545,-0.1175,1,0
2025-02-18,sh.601186,12.095976,12.12443712,11.93943984,11.9536704,12.095976,46115184,390218500.88,0.4009,-1.1765,1,0
2025-02-19,sh.601186,11.93943984,12.03905376,11.91097872,11.98213152,11.9536704,37581500,316660014.99,0.3267,0.2381,1,0
2025-02-20,sh.601186,11.96790096,11.98213152,11.76867312,11.78290368,11.98213152,69750410,579834594.9,0.6064,-1.6627,1,0
2025-02-21,sh.601186,11.78290368,11.8113648,11.61213696,11.740212,11.78290368,59481325,489465474.23,0.5171,-0.3623,1,0
2025-02-24,sh.601186,11.71175088,12.20982048,11.6690592,12.11020656,11.740212,103176924,871362448.18,0.8969,3.1515,1,0
2025-02-25,sh.601186,12.11020656,12.11020656,11.91097872,11.93943984,12.11020656,47956714,405023467.3,0.4169,-1.4101,1,0
2025-02-26,sh.601186,11.89674816,12.12443712,11.89674816,12.05328432,11.93943984,42042519,355726617.52,0.3655,0.9535,1,0
2025-02-27,sh.601186,12.06751488,12.095976,11.92520928,12.0248232,12.05328432,42057692,354301984.58,0.3656,-0.2361,1,0
2025-02-28,sh.601186,11.98213152,12.15289824,11.9536704,11.96790096,12.0248232,60476778,512388351.47,0.5257,-0.4734,1,0
2025-03-03,sh.601186,11.96790096,12.05328432,11.89674816,11.92520928,11.96790096,44311048,372896619.79,0.3852,-0.3567,1,0
2025-03-04,sh.601186,11.91097872,11.92520928,11.83982592,11.8825176,11.92520928,29328806,244695410.02,0.255,-0.358,1,0
2025-03-05,sh.601186,11.86828704,11.92520928,11.79713424,11.86828704,11.8825176,34893912,290736111.7,0.3033,-0.1198,1,0
2025-03-06,sh.601186,11.8825176,11.9536704,11.8113648,11.92520928,11.86828704,38481180,321387643.55,0.3345,0.4796,1,0
2025-03-07,sh.601186,11.8825176,11.89674816,11.78290368,11.79713424,11.92520928,35781610,297665576.8,0.3111,-1.074,1,0
2025-03-10,sh.601186,11.79713424,11.8113648,11.6690592,11.68328976,11.79713424,38217077,314527682.16,0.3322,-0.965,1,0
2025-03-11,sh.601186,11.62636752,11.68328976,11.5979064,11.6690592,11.68328976,33043547,269993788.6,0.2873,-0.1218,1,0
2025-03-12,sh.601186,11.68328976,11.8113648,11.64059808,11.72598144,11.6690592,34410431,283627064.37,0.2991,0.4878,1,0
2025-03-13,sh.601186,11.71175088,11.78290368,11.6690592,11.71175088,11.72598144,30525899,251613509.07,0.2654,-0.1214,1,0
2025-03-14,sh.601186,11.69752032,11.91097872,11.68328976,11.89674816,11.71175088,59565276,495301381.0,0.5178,1.5796,1,0
2025-03-17,sh.601186,11.91097872,11.99636208,11.91097872,11.93943984,11.89674816,39825005,334507016.91,0.3462,0.3589,1,0
2025-03-18,sh.601186,11.9536704,11.98213152,11.86828704,11.8825176,11.93943984,29109180,243521878.8,0.2531,-0.4768,1,0
2025-03-19,sh.601186,11.86828704,11.89674816,11.75444256,11.78290368,11.8825176,36644400,304140993.95,0.3186,-0.8383,1,0
2025-03-20,sh.601186,11.78290368,11.8825176,11.76867312,11.83982592,11.78290368,31490676,262008946.68,0.2738,0.4831,1,0
2025-03-21,sh.601186,11.82559536,11.96790096,11.75444256,11.75444256,11.83982592,49139701,409638383.27,0.4272,-0.7212,1,0
2025-03-24,sh.601186,11.78290368,11.82559536,11.65482864,11.71175088,11.75444256,34184210,281539188.0,0.2972,-0.3632,1,0
2025-03-25,sh.601186,11.72598144,11.79713424,11.68328976,11.78290368,11.71175088,29336655,242584883.85,0.255,0.6075,1,0
2025-03-26,sh.601186,11.78290368,11.8113648,11.72598144,11.76867312,11.78290368,27158781,224746484.88,0.2361,-0.1208,1,0
2025-03-27,sh.601186,11.75444256,11.76867312,11.68328976,11.69752032,11.76867312,30727501,253160949.24,0.2671,-0.6046,1,0
2025-03-28,sh.601186,11.68328976,11.71175088,11.58367584,11.64059808,11.69752032,35294070,288514037.0,0.3068,-0.4866,1,0
2025-03-31,sh.601186,11.61213696,11.64059808,11.27060352,11.27060352,11.64059808,63953584,513882648.99,0.556,-3.1785,1,0
2025-04-01,sh.601186,11.32752576,11.46983136,11.3132952,11.44137024,11.27060352,39666048,317786372.78,0.3448,1.5152,1,0
2025-04-02,sh.601186,11.4556008,11.49829248,11.41290912,11.4556008,11.44137024,21457511,172752706.33,0.1865,0.1244,1,0
2025-04-03,sh.601186,11.39867856,11.5979064,11.35598688,11.5267536,11.4556008,30240903,244861595.82,0.2629,0.6211,1,0
2025-04-07,sh.601186,11.1709896,11.21368128,10.37407824,10.8152256,11.5267536,98078522,744976590.19,0.8526,-6.1728,1,0
2025-04-08,sh.601186,10.80099504,11.4556008,10.80099504,11.44137024,10.8152256,104774022,827408695.33,0.9108,5.7895,1,0
2025-04-09,sh.601186,11.42713968,11.56944528,11.19945072,11.46983136,11.44137024,71101713,568131781.12,0.6181,0.2488,1,0
2025-04-10,sh.601186,11.54098416,11.54098416,11.35598688,11.49829248,11.46983136,56395101,454389261.05,0.4903,0.2481,1,0
2025-04-11,sh.601186,11.48406192,11.5267536,11.32752576,11.384448,11.49829248,41089959,328794416.11,0.3572,-0.9901,1,0
2025-04-14,sh.601186,11.39867856,11.41290912,11.34175632,11.35598688,11.384448,29898702,238830582.94,0.2599,-0.25,1,0
2025-04-15,sh.601186,11.37021744,11.37021744,11.21368128,11.29906464,11.35598688,28490991,225580381.9,0.2477,-0.5013,1,0
2025-04-16,sh.601186,11.28483408,11.46983136,11.21368128,11.46983136,11.29906464,46117479,367675042.47,0.4009,1.5113,1,0
2025-04-17,sh.601186,11.41290912,11.49829248,11.384448,11.46983136,11.46983136,25622100,206023478.0,0.2227,0.0,1,0
2025-04-18,sh.601186,11.42713968,11.51252304,11.39867856,11.48406192,11.46983136,19445500,156553316.0,0.169,0.1241,1,0
2025-04-21,sh.601186,11.48406192,11.49829248,11.384448,11.41290912,11.48406192,24084080,193393484.8,0.2094,-0.6196,1,0
2025-04-22,sh.601186,11.384448,11.5267536,11.384448,11.51252304,11.41290912,29133472,234813997.19,0.2533,0.8728,1,0
2025-04-23,sh.601186,11.5267536,11.54098416,11.44137024,11.4556008,11.51252304,23424601,189075239.1,0.2036,-0.4944,1,0
2025-04-24,sh.601186,11.4556008,11.49829248,11.42713968,11.4556008,11.4556008,17117589,137971964.23,0.1488,0.0,1,0
2025-04-25,sh.601186,11.46983136,11.48406192,11.384448,11.42713968,11.4556008,28105255,225787196.6,0.2443,-0.2484,1,0
2025-04-28,sh.601186,11.39867856,11.39867856,11.27060352,11.29906464,11.42713968,26949800,214294203.0,0.2343,-1.1208,1,0
2025-04-29,sh.601186,11.28483408,11.32752576,11.27060352,11.27060352,11.29906464,19106201,151544688.92,0.1661,-0.2519,1,0
2025-04-30,sh.601186,11.27060352,11.28483408,11.0998368,11.11406736,11.27060352,45688088,358401715.6,0.3972,-1.3889,1,0
2025-05-06,sh.601186,11.14252848,11.19945072,11.0998368,11.18522016,11.11406736,37102859,290911930.54,0.3225,0.6402,1,0
2025-05-07,sh.601186,11.3132952,11.35598688,11.18522016,11.28483408,11.18522016,42834264,338472676.78,0.3724,0.8906,1,0
2025-05-08,sh.601186,11.2421424,11.3132952,11.18522016,11.25637296,11.28483408,26020303,205848504.7,0.2262,-0.2522,1,0
2025-05-09,sh.601186,11.25637296,11.27060352,11.1709896,11.1709896,11.25637296,26610120,209598257.64,0.2313,-0.7585,1,0
2025-05-12,sh.601186,11.19945072,11.28483408,11.1709896,11.28483408,11.1709896,29825116,235392415.05,0.2593,1.0191,1,0
2025-05-13,sh.601186,11.32752576,11.48406192,11.3132952,11.44137024,11.28483408,56826438,455889141.95,0.494,1.3871,1,0
2025-05-14,sh.601186,11.41290912,11.55521472,11.34175632,11.54098416,11.44137024,47376384,381568626.37,0.4119,0.8706,1,0
2025-05-15,sh.601186,11.54098416,11.58367584,11.44137024,11.48406192,11.54098416,35570732,287859009.37,0.3092,-0.4932,1,0
2025-05-16,sh.601186,11.46983136,11.49829248,11.32752576,11.384448,11.48406192,36105563,288703885.68,0.3139,-0.8674,1,0
2025-05-19,sh.601186,11.37021744,11.37021744,11.3132952,11.35598688,11.384448,20351766,162270547.64,0.1769,-0.25,1,0
2025-05-20,sh.601186,11.37021744,11.39867856,11.32752576,11.37021744,11.35598688,23889511,190846590.74,0.2077,0.1253,1,0
2025-05-21,sh.601186,11.384448,11.41290912,11.35598688,11.37021744,11.37021744,17420967,139407365.11,0.1514,0.0,1,0
2025-05-22,sh.601186,11.35598688,11.37021744,11.28483408,11.3132952,11.37021744,21082855,167654618.7,0.1833,-0.5006,1,0
2025-05-23,sh.601186,11.29906464,11.34175632,11.1709896,11.1709896,11.3132952,28428900,224920906.0,0.2471,-1.2579,1,0
2025-05-26,sh.601186,11.1709896,11.19945072,11.11406736,11.14252848,11.1709896,25630896,200806600.52,0.2228,-0.2548,1,0
2025-05-27,sh.601186,11.15675904,11.18522016,11.12829792,11.14252848,11.14252848,18420295,144379585.9,0.1601,0.0,1,0
2025-05-28,sh.601186,11.15675904,11.18522016,11.12829792,11.15675904,11.14252848,18351127,143813246.81,0.1595,0.1277,1,0
2025-05-29,sh.601186,11.1709896,11.22791184,11.12829792,11.19945072,11.15675904,19316452,152055030.13,0.1679,0.3827,1,0
2025-05-30,sh.601186,11.18522016,11.29906464,11.1709896,11.25637296,11.19945072,25335257,200045897.12,0.2202,0.5083,1,0
2025-06-03,sh.601186,11.22791184,11.29906464,11.18522016,11.29906464,11.25637296,21768250,172117684.6,0.1892,0.3793,1,0
2025-06-04,sh.601186,11.29906464,11.34175632,11.28483408,11.34175632,11.29906464,19823710,157727050.6,0.1723,0.3778,1,0
2025-06-05,sh.601186,11.34175632,11.384448,11.28483408,11.32752576,11.34175632,23507577,187156066.69,0.2044,-0.1255,1,0
2025-06-06,sh.601186,11.32752576,11.42713968,11.3132952,11.35598688,11.32752576,27634723,220633965.84,0.2402,0.2513,1,0
2025-06-09,sh.601186,11.35598688,11.39867856,11.32752576,11.35598688,11.35598688,23580147,188216122.02,0.205,0.0,1,0
2025-06-10,sh.601186,11.37021744,11.39867856,11.28483408,11.29906464,11.35598688,29513970,235155479.7,0.2566,-0.5013,1,0
2025-06-11,sh.601186,11.3132952,11.44137024,11.29906464,11.41290912,11.29906464,29227946,233912031.41,0.2541,1.0076,1,0
2025-06-12,sh.601186,11.384448,11.42713968,11.3132952,11.35598688,11.41290912,19549279,156116300.42,0.1699,-0.4988,1,0
2025-06-13,sh.601186,11.34175632,11.37021744,11.25637296,11.28483408,11.35598688,30849939,245055992.86,0.2682,-0.6266,1,0
2025-06-16,sh.601186,11.28483408,11.29906464,11.19945072,11.21368128,11.28483408,33684371,265891479.47,0.2928,-0.6305,1,0
2025-06-17,sh.601186,11.21368128,11.29906464,11.19945072,11.28483408,11.21368128,21878905,173024471.03,0.1902,0.6345,1,0
2025-06-18,sh.601186,11.27060352,11.28483408,11.19945072,11.2421424,11.28483408,16374484,129339090.6,0.1423,-0.3783,1,0
2025-06-19,sh.601186,11.22791184,11.2421424,11.07137568,11.07137568,11.2421424,32810604,256614683.2,0.2852,-1.519,1,0
2025-06-20,sh.601186,11.07137568,11.1709896,11.05714512,11.12829792,11.07137568,17739889,138665359.98,0.1542,0.5141,1,0
2025-06-23,sh.601186,11.0998368,11.18522016,11.04291456,11.14252848,11.12829792,24638828,192277527.24,0.2142,0.1279,1,0
2025-06-24,sh.601186,11.15675904,11.384448,11.14252848,11.37021744,11.14252848,48258226,383303422.66,0.4195,2.0434,1,0
2025-06-25,sh.601186,11.37021744,11.44137024,11.3132952,11.42713968,11.37021744,37669030,301222562.9,0.3275,0.5006,1,0
2025-06-26,sh.601186,11.41290912,11.46983136,11.384448,11.42713968,11.42713968,33612869,269952524.32,0.2922,0.0,1,0
2025-06-27,sh.601186,11.44137024,11.5267536,11.384448,11.39867856,11.42713968,37275937,300290608.02,0.324,-0.2491,1,0
2025-06-30,sh.601186,11.39867856,11.42713968,11.35598688,11.39867856,11.39867856,25337976,202855393.01,0.2203,0.0,1,0
2025-07-01,sh.601186,11.41290912,11.42713968,11.34175632,11.35598688,11.39867856,22436200,179131274.0,0.195,-0.3745,1,0
2025-07-02,sh.601186,11.35598688,11.5267536,11.34175632,11.51252304,11.35598688,43553170,350982786.66,0.3786,1.3784,1,0
2025-07-03,sh.601186,11.49829248,11.55521472,11.46983136,11.49829248,11.51252304,25353970,205112881.6,0.2204,-0.1236,1,0
2025-07-04,sh.601186,11.51252304,11.58367584,11.49829248,11.55521472,11.49829248,30768987,249660520.16,0.2675,0.495,1,0
2025-07-07,sh.601186,11.55521472,11.58367584,11.49829248,11.56944528,11.55521472,22571646,183305723.65,0.1962,0.1232,1,0
2025-07-08,sh.601186,11.56944528,11.64059808,11.51252304,11.62636752,11.56944528,35198434,286719123.33,0.306,0.492,1,0
2025-07-09,sh.601186,11.62636752,11.86828704,11.5979064,11.69752032,11.62636752,60856673,502232841.44,0.529,0.612,1,0
2025-07-10,sh.601186,11.69752032,11.86828704,11.68328976,11.78290368,11.69752032,49445155,409410981.93,0.4298,0.7299,1,0
2025-07-11,sh.601186,11.82559536,11.98213152,11.78290368,11.78290368,11.78290368,74878851,624703963.05,0.6509,0.0,1,0
2025-07-14,sh.601186,11.79713424,11.99636208,11.79713424,11.86828704,11.78290368,54180902,453195869.74,0.471,0.7246,1,0
2025-07-15,sh.601186,11.8825176,11.91097872,11.75444256,11.8113648,11.86828704,38211350,317417853.0,0.3322,-0.4796,1,0
2025-07-16,sh.601186,11.82559536,11.85405648,11.64059808,11.740212,11.8113648,48177865,397076249.81,0.4188,-0.6024,1,0
2025-07-17,sh.601186,11.740212,11.78290368,11.69752032,11.76867312,11.740212,30208394,249229553.56,0.2626,0.2424,1,0
2025-07-18,sh.601186,11.78290368,11.85405648,11.76867312,11.85405648,11.76867312,34315670,284937878.27,0.2983,0.7255,1,0
2025-07-21,sh.601186,12.1671288,12.33789552,12.03905376,12.32366496,11.85405648,192743477,1655826872.4,1.6756,3.9616,1,0
2025-07-22,sh.601186,12.50056304,12.98702363,12.17625598,12.98702363,12.32366828,292397833,2509232837.26,2.5419,5.3828,1,0
2025-07-23,sh.601186,13.16391839,13.16391839,12.41211566,12.42685689,12.98702363,228809340,1974829173.53,1.9891,-4.3133,1,0
2025-07-24,sh.601186,12.42685689,12.54478673,12.27944459,12.47108058,12.42685689,134206204,1133421357.31,1.1667,0.3559,1,0
2025-07-25,sh.601186,12.42685689,12.44159812,12.14677352,12.17625598,12.47108058,123018496,1022190430.76,1.0694,-2.3641,1,0
2025-07-28,sh.601186,12.17625598,12.19099721,12.10254983,12.11729106,12.17625598,54345492,447317473.99,0.4724,-0.4843,1,0
2025-07-29,sh.601186,12.10254983,12.13203229,11.99936122,12.05832614,12.11729106,63131021,516127783.83,0.5488,-0.4866,1,0
2025-07-30,sh.601186,12.04358491,12.14677352,12.01410245,12.05832614,12.05832614,54565032,447660514.51,0.4743,0.0,1,0
2025-07-31,sh.601186,12.02884368,12.05832614,11.85194892,11.88143138,12.05832614,65780619,532543524.29,0.5718,-1.467,1,0
2025-08-01,sh.601186,11.86669015,11.91091384,11.85194892,11.88143138,11.88143138,27931130,225096635.72,0.2428,0.0,1,0
2025-08-04,sh.601186,11.86669015,11.92565507,11.85194892,11.91091384,11.88143138,26302508,212030422.81,0.2287,0.2481,1,0
2025-08-05,sh.601186,11.92565507,11.96987876,11.89617261,11.96987876,11.91091384,27878626,225780182.04,0.2424,0.495,1,0
2025-08-06,sh.601186,11.96987876,11.96987876,11.89617261,11.9403963,11.96987876,28446687,230176469.93,0.2473,-0.2463,1,0
2025-08-07,sh.601186,11.96987876,12.01410245,11.92565507,11.9403963,11.9403963,29846342,242125786.95,0.2595,0.0,1,0
2025-08-08,sh.601186,11.9403963,12.10254983,11.89617261,12.10254983,11.9403963,59848304,488367989.09,0.5203,1.358,1,0
2025-08-11,sh.601186,12.29418582,12.33840951,12.11729106,12.13203229,12.10254983,75790002,626962502.93,0.6589,0.2436,1,0
2025-08-12,sh.601186,12.13203229,12.17625598,12.04358491,12.0878086,12.13203229,50359849,413212145.17,0.4378,-0.3645,1,0
2025-08-13,sh.601186,12.0878086,12.13203229,12.02884368,12.04358491,12.0878086,54001528,441948025.99,0.4694,-0.3659,1,0
2025-08-14,sh.601186,12.04358491,12.10254983,11.91091384,11.92565507,12.04358491,57156535,465753829.69,0.4969,-0.9792,1,0
2025-08-15,sh.601186,11.89617261,11.96987876,11.89617261,11.92565507,11.92565507,52989110,428899400.9,0.4606,0.0,1,0
2025-08-18,sh.601186,11.9403963,12.02884368,11.92565507,11.95513753,11.92565507,66086159,536988175.46,0.5745,0.2472,1,0
2025-08-19,sh.601186,11.96987876,11.99936122,11.89617261,11.92565507,11.95513753,61931562,501445551.47,0.5384,-0.2466,1,0
2025-08-20,sh.601186,11.89617261,11.95513753,11.85194892,11.95513753,11.92565507,48760038,393384779.54,0.4239,0.2472,1,0
2025-08-21,sh.601186,11.98461999,12.11729106,11.96987876,12.05832614,11.95513753,87529933,716392570.47,0.7609,0.8631,1,0
2025-08-22,sh.601186,12.04358491,12.13203229,11.96987876,12.13203229,12.05832614,69549676,568259457.55,0.6046,0.6112,1,0
2025-08-25,sh.601186,12.13203229,12.27944459,12.11729106,12.26470336,12.13203229,96452937,798592006.33,0.8385,1.0936,1,0
2025-08-26,sh.601186,12.2352209,12.2352209,12.16151475,12.17625598,12.26470336,52947345,438103838.88,0.4603,-0.7212,1,0
2025-08-27,sh.601186,12.19099721,12.20573844,11.95513753,11.95513753,12.17625598,77111875,631750026.85,0.6703,-1.816,1,0
2025-08-28,sh.601186,11.9403963,12.01410245,11.83720769,11.98461999,11.95513753,61279281,495881688.12,0.5327,0.2466,1,0
2025-08-29,sh.601186,12.01410245,12.17625598,11.96987876,11.98461999,11.98461999,62686415,513211094.3,0.5449,0.0,1,0
2025-09-01,sh.601186,11.96987876,11.99936122,11.89617261,11.92565507,11.98461999,49948547,404145987.45,0.4342,-0.492,1,0
2025-09-02,sh.601186,11.89617261,11.9403963,11.83720769,11.89617261,11.92565507,54700852,441124574.98,0.4755,-0.2472,1,0
2025-09-03,sh.601186,11.89617261,11.92565507,11.71927785,11.77824277,11.89617261,49329829,395578653.87,0.4288,-0.9913,1,0
2025-09-04,sh.601186,11.77824277,11.77824277,11.63083047,11.70453662,11.77824277,48653541,386280491.29,0.423,-0.6258,1,0
2025-09-05,sh.601186,11.70453662,11.77824277,11.6455717,11.74876031,11.70453662,37233678,295757880.79,0.3237,0.3778,1,0
2025-09-08,sh.601186,11.73401908,11.85194892,11.70453662,11.83720769,11.74876031,39197815,313639051.64,0.3408,0.7528,1,0
2025-09-09,sh.601186,11.83720769,11.85194892,11.73401908,11.792984,11.83720769,28938296,231598138.18,0.2516,-0.3736,1,0
2025-09-10,sh.601186,11.792984,11.80772523,11.70453662,11.74876031,11.792984,23495994,187206138.08,0.2043,-0.375,1,0
2025-09-11,sh.601186,11.71927785,11.82246646,11.70453662,11.82246646,11.74876031,39362891,314110672.86,0.3422,0.6274,1,0
2025-09-12,sh.601186,11.80772523,11.89617261,11.792984,11.82246646,11.82246646,50546174,406417261.93,0.4394,0.0,1,0
2025-09-15,sh.601186,11.82246646,11.86669015,11.76350154,11.82246646,11.82246646,32979867,263973862.03,0.2867,0.0,1,0
2025-09-16,sh.601186,11.82246646,11.83720769,11.74876031,11.82246646,11.82246646,28579100,228637497.0,0.2484,0.0,1,0
2025-09-17,sh.601186,11.80772523,11.89617261,11.74876031,11.88143138,11.82246646,43050955,345861084.67,0.3743,0.4988,1,0
2025-09-18,sh.601186,11.85194892,11.86669015,11.63083047,11.67505416,11.88143138,54365889,433268552.5,0.4726,-1.737,1,0
2025-09-19,sh.601186,11.67505416,11.71927785,11.6455717,11.68979539,11.67505416,30995072,245462708.52,0.2694,0.1263,1,0
2025-09-22,sh.601186,11.67505416,11.68979539,11.55712432,11.60134801,11.68979539,38756823,304876797.66,0.3369,-0.7566,1,0
2025-09-23,sh.601186,11.58660678,11.70453662,11.46867694,11.67505416,11.60134801,46069790,362731022.91,0.4005,0.6353,1,0
2025-09-24,sh.601186,11.61608924,11.66031293,11.54238309,11.60134801,11.67505416,44357574,348673020.9,0.3856,-0.6313,1,0
2025-09-25,sh.601186,11.58660678,11.60134801,11.46867694,11.46867694,11.60134801,47293501,369372029.05,0.4111,-1.1436,1,0
2025-09-26,sh.601186,11.46867694,11.55712432,11.42445325,11.4981594,11.46867694,36741258,286640399.41,0.3194,0.2571,1,0
2025-09-29,sh.601186,11.4981594,11.55712432,11.38022956,11.52764186,11.4981594,37777136,293655441.37,0.3284,0.2564,1,0
2025-09-30,sh.601186,11.54238309,11.61608924,11.48341817,11.57186555,11.52764186,34623839,271586963.1,0.301,0.3836,1,0
2025-10-09,sh.601186,11.57186555,11.86669015,11.55712432,11.86669015,11.57186555,79924287,638488744.41,0.6948,2.5478,1,0
2025-10-10,sh.601186,11.80772523,12.11729106,11.76350154,11.99936122,11.86669015,107128688,872056462.63,0.9313,1.118,1,0
2025-10-13,sh.601186,11.82246646,11.91091384,11.74876031,11.91091384,11.99936122,67733068,543388851.38,0.5888,-0.7371,1,0
2025-10-14,sh.601186,11.91091384,11.98461999,11.88143138,11.91091384,11.91091384,54477904,441068872.1,0.4736,0.0,1,0
2025-10-15,sh.601186,11.9403963,11.98461999,11.80772523,11.89617261,11.91091384,49019226,395301924.82,0.4261,-0.1238,1,0
2025-10-16,sh.601186,11.88143138,11.88143138,11.80772523,11.85194892,11.89617261,38212535,307144130.4,0.3322,-0.3717,1,0
2025-10-17,sh.601186,11.85194892,11.91091384,11.76350154,11.77824277,11.85194892,44253195,355069066.24,0.3847,-0.6219,1,0
2025-10-20,sh.601186,11.792984,11.82246646,11.70453662,11.73401908,11.77824277,35662800,284075409.0,0.31,-0.3755,1,0
2025-10-21,sh.601186,11.73401908,11.91091384,11.73401908,11.89617261,11.73401908,52825180,425419118.74,0.4592,1.3819,1,0
2025-10-22,sh.601186,11.92565507,11.96987876,11.86669015,11.89617261,11.89617261,41120300,332596399.0,0.3575,0.0,1,0
2025-10-23,sh.601186,11.86669015,11.92565507,11.792984,11.92565507,11.89617261,37640166,302858482.65,0.3272,0.2478,1,0
2025-10-24,sh.601186,11.92565507,11.95513753,11.86669015,11.92565507,11.92565507,41611858,336192174.62,0.3617,0.0,1,0
2025-10-27,sh.601186,11.92565507,12.04358491,11.83720769,12.02884368,11.92565507,66473255,540200800.0,0.5779,0.8653,1,0
2025-10-28,sh.601186,12.01410245,12.01410245,11.82246646,11.83720769,12.02884368,54223143,437273193.35,0.4714,-1.5931,1,0
2025-10-29,sh.601186,11.80772523,11.89617261,11.77824277,11.88143138,11.83720769,45323702,363677248.08,0.394,0.3736,1,0
2025-10-30,sh.601186,11.88143138,11.98461999,11.85194892,11.86669015,11.88143138,47216142,381732393.36,0.4105,-0.1241,1,0
2025-10-31,sh.601186,11.88143138,11.88143138,11.70453662,11.71927785,11.86669015,67518505,538336454.75,0.587,-1.2422,1,0
2025-11-03,sh.601186,11.73401908,11.792984,11.70453662,11.77824277,11.71927785,30757542,245408169.46,0.2674,0.5031,1,0
2025-11-04,sh.601186,11.76350154,11.792984,11.70453662,11.74876031,11.77824277,36675879,292593019.05,0.3188,-0.2503,1,0
2025-11-05,sh.601186,11.71927785,11.76350154,11.66031293,11.73401908,11.74876031,32891300,261169218.0,0.2859,-0.1255,1,0
2025-11-06,sh.601186,11.73401908,11.89617261,11.70453662,11.80772523,11.73401908,47321300,379437693.0,0.4114,0.6281,1,0
2025-11-07,sh.601186,11.792984,11.85194892,11.77824277,11.82246646,11.80772523,29375455,235419498.54,0.2554,0.1248,1,0
2025-11-10,sh.601186,11.80772523,11.88143138,11.77824277,11.88143138,11.82246646,32254555,259092885.72,0.2804,0.4988,1,0
2025-11-11,sh.601186,11.88143138,11.89617261,11.80772523,11.86669015,11.88143138,30072926,241846323.29,0.2614,-0.1241,1,0
2025-11-12,sh.601186,11.86669015,11.89617261,11.80772523,11.83720769,11.86669015,34160496,274457478.87,0.297,-0.2484,1,0
2025-11-13,sh.601186,11.82246646,11.85194892,11.77824277,11.83720769,11.83720769,35062209,280831731.18,0.3048,0.0,1,0
2025-11-14,sh.601186,11.792984,11.83720769,11.73401908,11.74876031,11.83720769,37764020,302045126.2,0.3283,-0.7472,1,0
2025-11-17,sh.601186,11.71927785,11.73401908,11.63083047,11.66031293,11.74876031,44433000,351648476.5,0.3863,-0.7528,1,0
2025-11-18,sh.601186,11.6455717,11.66031293,11.54238309,11.58660678,11.66031293,32950318,259269510.33,0.2864,-0.6321,1,0
2025-11-19,sh.601186,11.58660678,11.61608924,11.54238309,11.55712432,11.58660678,26095012,204911823.08,0.2268,-0.2545,1,0
2025-11-20,sh.601186,11.58660678,11.63083047,11.54238309,11.55712432,11.55712432,37588704,295567693.36,0.3268,0.0,1,0
2025-11-21,sh.601186,11.4981594,11.51290063,11.30652341,11.3507471,11.55712432,62250613,481727176.45,0.5412,-1.7857,1,0
2025-11-24,sh.601186,11.32126464,11.45393571,11.32126464,11.39497079,11.3507471,34298100,265149644.38,0.2982,0.3896,1,0
2025-11-25,sh.601186,11.39497079,11.45393571,11.38022956,11.42445325,11.39497079,17655731,136917371.25,0.1535,0.2587,1,0
2025-11-26,sh.601186,11.43919448,11.4981594,11.40971202,11.40971202,11.42445325,17214200,133735961.0,0.1496,-0.129,1,0
2025-11-27,sh.601186,11.39497079,11.43919448,11.36548833,11.39497079,11.40971202,16272009,125952123.66,0.1415,-0.1292,1,0
2025-11-28,sh.601186,11.39497079,11.40971202,11.33600587,11.39497079,11.39497079,18609078,143636947.02,0.1618,0.0,1,0
2025-12-01,sh.601186,11.39497079,11.46867694,11.36548833,11.45393571,11.39497079,27684201,214580470.74,0.2407,0.5175,1,0
2025-12-02,sh.601186,11.43919448,11.48341817,11.40971202,11.48341817,11.45393571,20752935,161340639.74,0.1804,0.2574,1,0
2025-12-03,sh.601186,11.48341817,11.48341817,11.42445325,11.45393571,11.48341817,23949300,186173204.0,0.2082,-0.2567,1,0
2025-12-04,sh.601186,11.45393571,11.4981594,11.43919448,11.48341817,11.45393571,18854900,146728017.0,0.1639,0.2574,1,0
2025-12-05,sh.601186,11.45393571,11.52764186,11.42445325,11.4981594,11.48341817,24562733,191240449.41,0.2135,0.1284,1,0
2025-12-08,sh.601186,11.51290063,11.52764186,11.43919448,11.43919448,11.4981594,22401355,174352009.18,0.1947,-0.5128,1,0
2025-12-09,sh.601186,11.43919448,11.45393571,11.32126464,11.32126464,11.43919448,33100190,254735583.14,0.2877,-1.0309,1,0
2025-12-10,sh.601186,11.30652341,11.46867694,11.29178218,11.45393571,11.32126464,30660980,236692422.49,0.2665,1.1719,1,0
2025-12-11,sh.601186,11.45393571,11.51290063,11.42445325,11.46867694,11.45393571,31443552,244783683.23,0.2733,0.1287,1,0
2025-12-12,sh.601186,11.45393571,11.54238309,11.42445325,11.51290063,11.46867694,45708943,356419164.1,0.3974,0.3856,1,0
2025-12-15,sh.601186,11.4981594,11.54238309,11.46867694,11.46867694,11.51290063,25455652,198684404.12,0.2213,-0.3841,1,0
2025-12-16,sh.601186,11.46867694,11.48341817,11.38022956,11.39497079,11.46867694,22216760,172052891.03,0.1931,-0.6427,1,0
2025-12-17,sh.601186,11.39497079,11.48341817,11.33600587,11.43919448,11.39497079,21694595,167757107.63,0.1886,0.3881,1,0
2025-12-18,sh.601186,11.42445325,11.48341817,11.40971202,11.46867694,11.43919448,17362200,134926409.0,0.1509,0.2577,1,0
2025-12-19,sh.601186,11.46867694,11.51290063,11.43919448,11.4981594,11.46867694,19438926,151443767.82,0.169,0.2571,1,0
2025-12-22,sh.601186,11.51290063,11.51290063,11.45393571,11.46867694,11.4981594,21676100,168899761.0,0.1884,-0.2564,1,0
2025-12-23,sh.601186,11.46867694,11.52764186,11.45393571,11.48341817,11.46867694,19642200,153178589.0,0.1708,0.1285,1,0
2025-12-24,sh.601186,11.4981594,11.54238309,11.46867694,11.52764186,11.48341817,22278866,174039908.25,0.1937,0.3851,1,0
2025-12-25,sh.601186,11.52764186,11.54238309,11.46867694,11.51290063,11.52764186,23234228,181312771.59,0.202,-0.1279,1,0
2025-12-26,sh.601186,11.4981594,11.52764186,11.45393571,11.51290063,11.51290063,22274588,173688919.93,0.1936,0.0,1,0
2025-12-29,sh.601186,11.51290063,11.55712432,11.43919448,11.45393571,11.51290063,34463031,268648710.87,0.2996,-0.5122,1,0
2025-12-30,sh.601186,11.42445325,11.43919448,11.33600587,11.3507471,11.45393571,36639117,282355494.63,0.3185,-0.9009,1,0
2025-12-31,sh.601186,11.33600587,11.38022956,11.30652341,11.30652341,11.3507471,27692600,212886954.0,0.2407,-0.3896,1,0
