date,code,open,high,low,close,preclose,volume,amount,turn,pctChg,tradestatus,isST
2021-01-04,sh.600089,335.71684776,357.90221768,334.411826,349.0933208,331.1492716,218382140,2302755927.13,5.8795,5.4187,1,0
2021-01-05,sh.600089,343.87323376,347.13578816,337.02186952,341.91570112,349.0933208,170232305,1785870246.11,4.5831,-2.0561,1,0
2021-01-06,sh.600089,341.26319024,341.58944568,325.60292912,335.39059232,341.91570112,144937834,1479952193.31,3.9021,-1.9084,1,0
2021-01-07,sh.600089,338.00063584,351.37710888,333.75931512,344.1994892,335.39059232,180561232,1892645848.82,4.8612,2.6265,1,0
2021-01-08,sh.600089,347.4620436,349.0933208,327.8867172,334.411826,344.1994892,140653047,1441379594.26,3.7868,-2.8436,1,0
2021-01-11,sh.600089,331.1492716,331.1492716,319.7303312,319.7303312,334.411826,131808970,1311624199.86,3.5487,-4.3902,1,0
2021-01-12,sh.600089,318.75156488,334.411826,318.75156488,332.12803792,319.7303312,120583691,1217780627.07,3.2465,3.8776,1,0
2021-01-13,sh.600089,331.47552704,350.39834256,329.84424984,348.76706536,332.12803792,201155792,2102028420.59,5.4157,5.0098,1,0
2021-01-14,sh.600089,362.46979384,365.07983736,341.26319024,355.6184296,348.76706536,219345397,2372994961.72,5.9054,1.9645,1,0
2021-01-15,sh.600089,345.8307664,350.724598,331.47552704,341.26319024,355.6184296,139175243,1450915256.51,3.747,-4.0367,1,0
2021-01-18,sh.600089,342.89446744,374.54124512,336.0431032,368.01613632,341.26319024,237254152,2590150973.72,6.3876,7.8394,1,0
2021-01-19,sh.600089,364.42732648,367.36362544,353.66089696,354.63966328,368.01613632,151032784,1667189912.5,4.0662,-3.6348,1,0
2021-01-20,sh.600089,354.96591872,362.46979384,349.0933208,358.880984,354.63966328,112093149,1226217572.37,3.0179,1.196,1,0
2021-01-21,sh.600089,363.44856016,394.7690824,355.6184296,387.26520728,358.880984,324238976,3803295261.08,8.7294,7.9091,1,0
2021-01-22,sh.600089,396.4003596,426.08960464,394.44282696,422.82705024,387.26520728,464042304,5939464749.29,12.4934,9.1828,1,0
2021-01-25,sh.600089,416.62819688,456.10510512,407.8193,424.132072,422.82705024,387548656,5101016331.41,10.4339,0.3086,1,0
2021-01-26,sh.600089,424.45832744,447.94871912,419.2382404,435.22475696,424.132072,284545584,3793862001.92,7.6608,2.6154,1,0
2021-01-27,sh.600089,438.8135668,469.15532272,415.64943056,461.97770304,435.22475696,326252672,4366029048.55,8.7837,6.1469,1,0
2021-01-28,sh.600089,442.0761212,456.10510512,422.17453936,429.0259036,461.97770304,286430208,3845424075.09,7.7115,-7.1328,1,0
2021-01-29,sh.600089,436.20352328,436.20352328,398.35789224,415.975686,429.0259036,224000127,2842143901.37,6.0307,-3.0418,1,0
2021-02-01,sh.600089,408.47181088,422.82705024,397.70538136,420.21700672,415.975686,176794864,2229737032.53,4.7598,1.0196,1,0
2021-02-02,sh.600089,425.43709376,430.6571808,406.51427824,415.32317512,420.21700672,167120560,2146891939.55,4.4994,-1.1646,1,0
2021-02-03,sh.600089,426.74211552,452.84255072,421.19577304,434.24599064,415.32317512,248030792,3319622865.12,6.6777,4.5562,1,0
2021-02-04,sh.600089,423.47956112,452.84255072,417.93321864,435.5510124,434.24599064,214029371,2874457279.24,5.7623,0.3005,1,0
2021-02-05,sh.600089,444.35990928,451.8637844,402.27295752,404.5567456,435.5510124,234680960,3071590157.83,6.3183,-7.1161,1,0
2021-02-08,sh.600089,398.0316368,415.975686,376.8250332,415.975686,404.5567456,199456880,2412825514.24,5.37,2.8226,1,0
2021-02-09,sh.600089,427.72088184,456.757616,420.8695176,456.43136056,415.975686,252359340,3402668415.95,6.7942,9.7255,1,0
2021-02-10,sh.600089,453.16880616,466.21902376,447.62246368,454.47382792,456.43136056,218391465,3068096725.4,5.8797,-0.4289,1,0
2021-02-18,sh.600089,456.757616,465.24025744,435.87726784,439.79233312,454.47382792,206271301,2831418241.28,5.5534,-3.2304,1,0
2021-02-19,sh.600089,432.61471344,432.94096888,416.62819688,432.61471344,439.79233312,165438898,2156864969.67,4.4541,-1.632,1,0
2021-02-22,sh.600089,437.1822896,476.00668696,433.9197352,452.51629528,432.61471344,264863348,3706113039.59,7.1309,4.6003,1,0
2021-02-23,sh.600089,443.7073984,450.2325072,428.37339272,431.63594712,452.51629528,183600117,2450469724.16,4.943,-4.6143,1,0
2021-02-24,sh.600089,430.6571808,433.59347976,392.15903888,403.25172384,431.63594712,226714292,2837728804.29,6.1038,-6.576,1,0
2021-02-25,sh.600089,407.8193,411.0818544,396.4003596,397.37912592,403.25172384,114027853,1409621748.37,3.07,-1.4563,1,0
2021-02-26,sh.600089,381.7188648,402.9254684,376.17252232,395.74784872,397.37912592,116748088,1398170056.77,3.1432,-0.4105,1,0
2021-03-01,sh.600089,403.25172384,411.0818544,397.37912592,406.1880228,395.74784872,101366242,1257986346.19,2.7291,2.6381,1,0
2021-03-02,sh.600089,417.6069632,424.78458288,408.14555544,408.14555544,406.1880228,156731334,2004999657.98,4.2197,0.4819,1,0
2021-03-03,sh.600089,406.51427824,415.64943056,396.72661504,409.77683264,408.14555544,107874786,1346058031.92,2.9043,0.3997,1,0
2021-03-04,sh.600089,394.7690824,396.4003596,368.6686472,373.5624788,409.77683264,200980765,2339127725.96,5.411,-8.8376,1,0
2021-03-05,sh.600089,362.79604928,386.28644096,359.53349488,378.4563104,373.5624788,107033124,1230271259.94,2.8816,1.31,1,0
2021-03-08,sh.600089,378.13005496,381.06635392,357.2497068,357.2497068,378.4563104,130938269,1470187272.84,3.5252,-5.6034,1,0
2021-03-09,sh.600089,356.92345136,362.79604928,342.89446744,352.68213064,357.2497068,94586572,1026829914.62,2.5465,-1.2785,1,0
2021-03-10,sh.600089,363.44856016,364.42732648,349.0933208,351.05085344,352.68213064,65708265,715584775.79,1.7691,-0.4625,1,0
2021-03-11,sh.600089,350.07208712,361.16477208,347.4620436,359.53349488,351.05085344,78807116,861206549.25,2.1217,2.4164,1,0
2021-03-12,sh.600089,374.86750056,380.41384304,367.36362544,373.23622336,359.53349488,127675491,1462567364.54,3.4374,3.8113,1,0
2021-03-15,sh.600089,365.4060928,371.9312016,360.83851664,366.05860368,373.23622336,72823074,816087795.17,1.9606,-1.9231,1,0
2021-03-16,sh.600089,368.01613632,383.350142,367.03737,378.78256584,366.05860368,102508958,1183595913.58,2.7598,3.4759,1,0
2021-03-17,sh.600089,375.84626688,375.84626688,366.38485912,371.9312016,378.78256584,63086133,717201979.52,1.6985,-1.8088,1,0
2021-03-18,sh.600089,373.5624788,378.13005496,368.34239176,374.86750056,371.9312016,64363401,736433544.18,1.7328,0.7895,1,0
2021-03-19,sh.600089,366.38485912,372.58371248,360.83851664,363.7748156,374.86750056,69479555,779782947.53,1.8706,-2.9591,1,0
2021-03-22,sh.600089,363.7748156,383.67639744,363.12230472,383.350142,363.7748156,110845193,1282768434.62,2.9843,5.3812,1,0
2021-03-23,sh.600089,384.9814192,385.96018552,365.07983736,369.64741352,383.350142,90493021,1029920851.76,2.4363,-3.5745,1,0
2021-03-24,sh.600089,364.75358192,369.64741352,361.81728296,366.38485912,369.64741352,48733828,545499088.87,1.3121,-0.8826,1,0
2021-03-25,sh.600089,364.75358192,366.38485912,353.33464152,361.49102752,366.38485912,55796348,617448264.93,1.5022,-1.3357,1,0
2021-03-26,sh.600089,364.10107104,376.49877776,363.7748156,373.5624788,361.49102752,78998370,900591355.6,2.1269,3.3394,1,0
2021-03-29,sh.600089,373.5624788,373.5624788,360.83851664,361.81728296,373.5624788,85961912,960301821.03,2.3143,-3.1441,1,0
2021-03-30,sh.600089,358.22847312,378.78256584,355.94468504,373.23622336,361.81728296,112624349,1276956216.4,3.0322,3.156,1,0
2021-03-31,sh.600089,368.6686472,368.6686472,360.83851664,365.07983736,373.23622336,63403442,707203259.23,1.707,-2.1853,1,0
2021-04-01,sh.600089,369.64741352,375.193756,366.05860368,368.34239176,365.07983736,69820985,793081143.67,1.8798,0.8937,1,0
2021-04-02,sh.600089,366.71111456,366.71111456,360.83851664,361.81728296,368.34239176,66450997,738335971.23,1.7891,-1.7715,1,0
2021-04-06,sh.600089,363.12230472,371.27869072,361.49102752,365.73234824,361.81728296,54753450,614703832.87,1.4741,1.0821,1,0
2021-04-07,sh.600089,364.10107104,376.8250332,360.83851664,374.21498968,365.73234824,89615961,1015266447.14,2.4127,2.3194,1,0
2021-04-08,sh.600089,370.2999244,370.95243528,364.42732648,368.6686472,374.21498968,61602930,693062505.42,1.6585,-1.4821,1,0
2021-04-09,sh.600089,365.73234824,368.6686472,361.81728296,363.7748156,368.6686472,44309401,494587587.62,1.1929,-1.3274,1,0
2021-04-12,sh.600089,363.12230472,363.12230472,353.66089696,357.2497068,363.7748156,50519320,554364088.44,1.3601,-1.7937,1,0
2021-04-13,sh.600089,353.00838608,355.94468504,349.41957624,350.39834256,357.2497068,37057801,399846720.45,0.9977,-1.9178,1,0
2021-04-14,sh.600089,349.41957624,362.1435384,349.0933208,358.22847312,350.39834256,43765199,475391646.24,1.1783,2.2346,1,0
2021-04-15,sh.600089,358.55472856,366.05860368,356.92345136,364.42732648,358.22847312,64463772,718830739.45,1.7356,1.7304,1,0
2021-04-16,sh.600089,363.12230472,369.97366896,362.79604928,366.38485912,364.42732648,52528519,590543087.81,1.4142,0.5372,1,0
2021-04-19,sh.600089,368.34239176,381.06635392,367.36362544,379.43507672,366.38485912,94123441,1087867073.64,2.5341,3.5619,1,0
2021-04-20,sh.600089,379.43507672,383.02388656,376.49877776,376.8250332,379.43507672,62786194,730247148.57,1.6904,-0.6879,1,0
2021-04-21,sh.600089,377.47754408,378.78256584,371.9312016,372.90996792,376.8250332,41252156,472644257.08,1.1106,-1.039,1,0
2021-04-22,sh.600089,374.54124512,380.0875876,371.27869072,377.15128864,372.90996792,44987704,517962047.82,1.2112,1.1374,1,0
2021-04-23,sh.600089,382.37137568,393.79031608,379.43507672,384.65516376,377.15128864,105514765,1250401431.57,2.8408,1.9896,1,0
2021-04-26,sh.600089,383.67639744,390.85401712,378.4563104,380.0875876,384.65516376,73362129,865608331.24,1.9751,-1.1874,1,0
2021-04-27,sh.600089,378.13005496,382.69763112,372.58371248,382.37137568,380.0875876,49493510,574430038.54,1.3325,0.6009,1,0
2021-04-28,sh.600089,380.0875876,397.37912592,380.0875876,396.4003596,382.37137568,91385364,1094834009.21,2.4604,3.6689,1,0
2021-04-29,sh.600089,407.8193,419.2382404,404.5567456,417.93321864,396.4003596,146042414,1847767807.68,3.9319,5.4321,1,0
2021-04-30,sh.600089,405.86176736,406.1880228,390.20150624,402.27295752,417.93321864,197583155,2420048456.61,5.3195,-3.7471,1,0
2021-05-06,sh.600089,399.662914,408.79806632,398.0316368,402.27295752,402.27295752,96275473,1189860128.44,2.592,0.0,1,0
2021-05-07,sh.600089,402.59921296,405.53551192,395.74784872,397.05287048,402.27295752,92637760,1137625673.93,2.4941,-1.2976,1,0
2021-05-10,sh.600089,391.506528,412.06062072,388.2439736,411.73436528,397.05287048,105910643,1311322152.48,2.8514,3.6976,1,0
2021-05-11,sh.600089,404.88300104,409.4505772,400.31542488,406.1880228,411.73436528,69929919,868480961.46,1.8827,-1.3471,1,0
2021-05-12,sh.600089,403.25172384,415.32317512,402.27295752,406.84053368,406.1880228,62192497,778549473.88,1.6744,0.1606,1,0
2021-05-13,sh.600089,403.57797928,405.86176736,390.85401712,392.81154976,406.84053368,68065671,827019758.66,1.8325,-3.4483,1,0
2021-05-14,sh.600089,396.4003596,398.0316368,390.20150624,394.44282696,392.81154976,47970319,580145967.81,1.2915,0.4153,1,0
2021-05-17,sh.600089,394.44282696,401.94670208,392.15903888,400.96793576,394.44282696,68336042,835494296.64,1.8398,1.6543,1,0
2021-05-18,sh.600089,399.662914,399.662914,389.8752508,391.83278344,400.96793576,63815257,768140406.83,1.7181,-2.2783,1,0
2021-05-19,sh.600089,390.20150624,390.20150624,384.32890832,386.6126964,391.83278344,50963469,603718824.59,1.3721,-1.3322,1,0
2021-05-20,sh.600089,386.28644096,396.07410416,384.9814192,394.44282696,386.6126964,65638158,787767586.97,1.7672,2.0253,1,0
2021-05-21,sh.600089,397.37912592,403.90423472,389.8752508,390.85401712,394.44282696,63996655,777797277.03,1.723,-0.9098,1,0
2021-05-24,sh.600089,385.63393008,389.8752508,382.04512024,383.350142,390.85401712,53400980,630564017.48,1.4377,-1.9199,1,0
2021-05-25,sh.600089,384.00265288,397.37912592,373.88873424,394.11657152,383.350142,91324930,1085072507.52,2.4587,2.8085,1,0
2021-05-26,sh.600089,392.15903888,396.4003596,385.63393008,386.6126964,394.11657152,64363831,769929598.2,1.7329,-1.904,1,0
2021-05-27,sh.600089,386.28644096,389.22273992,383.350142,387.91771816,386.6126964,57424809,678794012.28,1.546,0.3376,1,0
2021-05-28,sh.600089,388.2439736,393.79031608,381.7188648,383.02388656,387.91771816,67599478,802304273.99,1.82,-1.2616,1,0
2021-05-31,sh.600089,381.7188648,390.52776168,375.193756,389.22273992,383.02388656,78940144,927838193.1,2.1253,1.6184,1,0
2021-06-01,sh.600089,386.93895184,387.26520728,378.4563104,382.37137568,389.22273992,68952345,806345894.02,1.8564,-1.7603,1,0
2021-06-02,sh.600089,384.65516376,389.54899536,379.43507672,380.0875876,382.37137568,55747074,656452605.34,1.5009,-0.5973,1,0
2021-06-03,sh.600089,381.06635392,382.37137568,373.5624788,374.54124512,380.0875876,57115701,660036475.35,1.5377,-1.4592,1,0
2021-06-04,sh.600089,374.54124512,379.76133216,371.27869072,375.84626688,374.54124512,41829310,481916226.35,1.1262,0.3484,1,0
2021-06-07,sh.600089,377.80379952,378.4563104,370.2999244,372.58371248,375.84626688,42680607,488024662.77,1.1491,-0.8681,1,0
2021-06-08,sh.600089,372.90996792,374.54124512,369.64741352,373.23622336,372.58371248,32871609,375076179.63,0.885,0.1751,1,0
2021-06-09,sh.600089,373.23622336,373.5624788,367.03737,369.97366896,373.23622336,32923164,373556414.07,0.8864,-0.8741,1,0
2021-06-10,sh.600089,370.2999244,384.00265288,368.6686472,382.04512024,369.97366896,87937267,1020273254.57,2.3675,3.2628,1,0
2021-06-11,sh.600089,379.43507672,393.79031608,379.10882128,385.30767464,382.04512024,100250515,1192894028.38,2.699,0.854,1,0
2021-06-15,sh.600089,384.9814192,387.91771816,371.60494616,373.23622336,385.30767464,64315872,743628311.61,1.7316,-3.1329,1,0
2021-06-16,sh.600089,369.32115808,370.95243528,361.49102752,362.46979384,373.23622336,56320740,629027878.1,1.5163,-2.8846,1,0
2021-06-17,sh.600089,362.1435384,367.36362544,361.49102752,364.42732648,362.46979384,29950957,334830449.73,0.8064,0.5401,1,0
2021-06-18,sh.600089,366.75491216,370.7449928,362.4323248,364.42736512,364.42736512,42506936,467669723.97,1.1444,0.0,1,0
2021-06-21,sh.600089,364.75987184,366.42240544,358.10973744,360.7697912,364.42736512,64997272,708094751.52,1.7499,-1.0036,1,0
2021-06-22,sh.600089,360.10477776,363.42984496,356.77971056,359.43976432,360.7697912,49572824,537330930.45,1.3346,-0.3687,1,0
2021-06-23,sh.600089,361.10229792,368.08493904,357.77723072,367.75243232,359.43976432,70009495,764569274.46,1.8849,2.3127,1,0
2021-06-24,sh.600089,368.74995248,404.66067824,368.74995248,404.66067824,367.75243232,164866969,1943689381.7,4.4387,10.0362,1,0
2021-06-25,sh.600089,407.65323872,416.63092016,399.67307744,412.64083952,404.66067824,236697508,2917784603.73,6.3726,1.9721,1,0
2021-06-28,sh.600089,414.96838656,425.94110832,405.6581984,414.96838656,412.64083952,179318082,2235247639.22,4.8278,0.5641,1,0
2021-06-29,sh.600089,422.61604112,439.90639056,419.29097392,423.946068,414.96838656,174384843,2249514398.06,4.6949,2.1635,1,0
2021-06-30,sh.600089,418.9584672,430.26369568,414.63587984,427.2711352,423.946068,122381734,1557215247.97,3.2949,0.7843,1,0
2021-07-01,sh.600089,425.6086016,435.25129648,412.64083952,413.9708664,427.2711352,114526028,1460623247.94,3.0834,-3.1128,1,0
2021-07-02,sh.600089,415.30089328,442.56644432,415.30089328,426.93862848,413.9708664,149950062,1940660919.46,4.0371,3.1325,1,0
2021-07-05,sh.600089,427.93614864,436.58132336,416.63092016,422.2835344,426.93862848,96565098,1228824740.26,2.5998,-1.0903,1,0
2021-07-06,sh.600089,424.94358816,433.25625616,409.98078576,419.95598736,422.2835344,117991130,1484797842.21,3.1767,-0.5512,1,0
2021-07-07,sh.600089,414.63587984,431.26121584,406.98822528,427.60364192,419.95598736,126501442,1604201352.59,3.4058,1.8211,1,0
2021-07-08,sh.600089,432.258736,440.90391072,423.946068,428.26865536,427.60364192,132909573,1721106158.23,3.5783,0.1555,1,0
2021-07-09,sh.600089,422.2835344,442.2339376,412.97334624,442.2339376,428.26865536,162660285,2103002889.01,4.3793,3.2609,1,0
2021-07-12,sh.600089,445.5590048,447.55404512,435.25129648,439.57388384,442.2339376,155320963,2055831706.76,4.1817,-0.6015,1,0
2021-07-13,sh.600089,452.2091392,483.46477088,448.21905856,483.46477088,439.57388384,205072792,2929206741.02,5.5212,9.9849,1,0
2021-07-14,sh.600089,498.09506656,503.08266736,469.49948864,471.16202224,483.46477088,307594912,4501007235.55,8.2813,-2.5447,1,0
2021-07-15,sh.600089,473.48956928,501.08762704,469.16698192,493.43997248,471.16202224,235428370,3456429142.33,6.3384,4.7283,1,0
2021-07-16,sh.600089,492.44245232,535.3358192,487.78735824,517.71296304,493.43997248,226918914,3551429598.7,6.1093,4.9191,1,0
2021-07-19,sh.600089,522.0355504,533.34077888,508.07026816,511.39533536,517.71296304,170216796,2654563535.02,4.5827,-1.2203,1,0
2021-07-20,sh.600089,500.75512032,517.0479496,499.09258672,512.0603488,511.39533536,116645556,1788664593.06,3.1404,0.13,1,0
2021-07-21,sh.600089,515.05290928,537.33085952,505.07770768,526.69064448,512.0603488,204001297,3196097998.6,5.4923,2.8571,1,0
2021-07-22,sh.600089,528.02067136,543.98099392,513.7228824,518.7104832,526.69064448,160848253,2538591749.06,4.3305,-1.5152,1,0
2021-07-23,sh.600089,511.72784208,532.010752,505.74272112,515.05290928,518.7104832,141242463,2201037924.9,3.8027,-0.7051,1,0
2021-07-26,sh.600089,508.7352816,523.03307056,495.76751952,502.75016064,515.05290928,152429472,2331398969.89,4.1038,-2.3886,1,0
2021-07-27,sh.600089,506.74024128,529.68320496,475.4846096,480.80471712,502.75016064,199141590,3035093399.02,5.3615,-4.3651,1,0
2021-07-28,sh.600089,472.1595424,492.1099456,457.86175344,484.12978432,480.80471712,143761042,2074459794.46,3.8705,0.6916,1,0
2021-07-29,sh.600089,495.4350128,508.07026816,490.77991872,501.08762704,484.12978432,132545299,1994146720.16,3.5685,3.5027,1,0
2021-07-30,sh.600089,493.7724792,517.0479496,492.44245232,503.08266736,501.08762704,129595092,1968977622.04,3.4891,0.3981,1,0
2021-08-02,sh.600089,503.08266736,514.72040256,492.44245232,507.73776144,503.08266736,162249312,2463342697.75,4.3682,0.9253,1,0
2021-08-03,sh.600089,507.072748,513.7228824,485.4598112,490.77991872,507.73776144,134535081,2016103070.68,3.6221,-3.3399,1,0
2021-08-04,sh.600089,488.45237168,539.99091328,486.12482464,539.99091328,490.77991872,174910912,2777193662.14,4.7091,10.0271,1,0
2021-08-05,sh.600089,556.948756,571.24654496,547.30606112,561.9363568,539.99091328,302889392,5099670544.32,8.1547,4.064,1,0
2021-08-06,sh.600089,567.92147776,570.2490248,552.29366192,557.28126272,561.9363568,144553074,2430958553.37,3.8918,-0.8284,1,0
2021-08-09,sh.600089,556.948756,560.93883664,535.3358192,551.29614176,557.28126272,123696021,2035152007.42,3.3303,-1.074,1,0
2021-08-10,sh.600089,548.30358128,560.2738232,531.34573856,543.6484872,551.29614176,149185714,2449739322.02,4.0165,-1.3872,1,0
2021-08-11,sh.600089,539.99091328,568.25398448,537.33085952,555.2862224,543.6484872,154283946,2575797949.71,4.1538,2.1407,1,0
2021-08-12,sh.600089,545.3110208,553.95619552,536.00083264,549.63360816,555.2862224,125504982,2051681876.86,3.379,-1.018,1,0
2021-08-13,sh.600089,545.3110208,597.84708256,542.31846032,572.24406512,549.63360816,227285182,3928001301.97,6.1192,4.1137,1,0
2021-08-16,sh.600089,572.57657184,579.55921296,542.65096704,543.31598048,572.24406512,177291601,2966495296.88,4.7732,-5.0552,1,0
2021-08-17,sh.600089,540.65592672,553.95619552,519.70800336,527.68816464,543.31598048,147091317,2381672693.0,3.9601,-2.8764,1,0
2021-08-18,sh.600089,531.67824528,538.32837968,518.04546976,528.02067136,527.68816464,104290284,1655393768.67,2.8078,0.063,1,0
2021-08-19,sh.600089,527.35565792,556.28374256,521.03803024,546.9735544,528.02067136,137234378,2232122635.42,3.6947,3.5894,1,0
2021-08-20,sh.600089,539.99091328,555.95123584,529.68320496,550.63112832,546.9735544,109537893,1797261991.27,2.9491,0.6687,1,0
2021-08-23,sh.600089,555.95123584,576.23414576,543.31598048,570.58153152,550.63112832,169557465,2853912537.92,4.565,3.6232,1,0
2021-08-24,sh.600089,570.91403824,588.5368944,565.261424,572.57657184,570.58153152,158147548,2731747381.84,4.2578,0.3497,1,0
2021-08-25,sh.600089,568.25398448,629.76772768,566.9239576,629.76772768,572.57657184,274220960,5007822657.75,7.3828,9.9884,1,0
2021-08-26,sh.600089,631.762768,642.40298304,621.7875664,633.4253016,629.76772768,262920760,5003238917.02,7.0786,0.5808,1,0
2021-08-27,sh.600089,625.44514032,696.93408512,625.44514032,682.30378944,633.4253016,318780016,6387695895.63,8.5825,7.7165,1,0
2021-08-30,sh.600089,698.264112,750.46766704,682.63629616,741.4899856,682.30378944,347782784,7633835713.26,9.3633,8.6745,1,0
2021-08-31,sh.600089,751.4651872,815.63898416,721.87208912,815.63898416,741.4899856,379655856,8869179032.0,10.2214,10.0,1,0
2021-09-01,sh.600089,847.22712256,893.77806336,768.0905232,815.63898416,815.63898416,508763360,12822815317.08,13.6974,0.0,1,0
2021-09-02,sh.600089,822.62162528,897.10313056,822.62162528,897.10313056,815.63898416,234739332,6170126335.41,6.3199,9.9878,1,0
2021-09-03,sh.600089,964.269488,986.87994496,894.77558352,943.32156464,897.10313056,496890544,14223596802.89,13.3777,5.152,1,0
2021-09-06,sh.600089,934.01137648,986.21493152,864.84997872,927.02873536,943.32156464,374138176,10313932286.43,10.0729,-1.7272,1,0
2021-09-07,sh.600089,914.39348,996.19013312,911.0684128,958.61687376,927.02873536,344631888,9957235329.21,9.2785,3.4075,1,0
2021-09-08,sh.600089,958.28436704,977.90226352,904.4182784,920.37860096,958.61687376,303445024,8558623502.3,8.1696,-3.9889,1,0
2021-09-09,sh.600089,930.35380256,939.331484,885.79790208,909.07337248,920.37860096,254023737,6907523137.52,6.8391,-1.2283,1,0
2021-09-10,sh.600089,897.10313056,966.92954176,887.7929424,925.03369504,909.07337248,387817120,10774697576.78,10.4412,1.7557,1,0
2021-09-13,sh.600089,897.768144,900.42819776,833.92685376,874.4926736,925.03369504,410176688,10675580055.31,11.0431,-5.4637,1,0
2021-09-14,sh.600089,857.20232416,882.14032816,834.5918672,859.5298712,874.4926736,257186234,6633440221.82,6.9242,-1.711,1,0
2021-09-15,sh.600089,854.5422704,882.14032816,841.2420016,859.5298712,859.5298712,260101017,6731514237.5,7.0027,0.0,1,0
2021-09-16,sh.600089,859.86237792,861.1924048,807.32631616,811.3163968,859.5298712,270875136,6765419962.35,7.2927,-5.6093,1,0
2021-09-17,sh.600089,808.98884976,831.93181344,785.38087264,813.31143712,811.3163968,199887285,4884054355.59,5.3815,0.2459,1,0
2021-09-22,sh.600089,789.37095328,894.77558352,789.37095328,889.12296928,813.31143712,358999904,9233755966.47,9.6653,9.3213,1,0
2021-09-23,sh.600089,897.768144,955.62431328,875.82270048,877.8177408,889.12296928,368724512,10082869591.97,9.9271,-1.2715,1,0
2021-09-24,sh.600089,864.517472,866.51251232,814.97397072,833.26184032,877.8177408,223566648,5630447852.93,6.0191,-5.0758,1,0
2021-09-27,sh.600089,833.59434704,840.57698816,767.09300304,786.3783928,833.26184032,200042459,4774514333.56,5.3857,-5.6265,1,0
2021-09-28,sh.600089,783.38583232,809.98636992,774.7406576,794.35855408,786.3783928,120216315,2882014541.14,3.2366,1.0148,1,0
2021-09-29,sh.600089,774.7406576,822.62162528,767.42550976,782.72081888,794.35855408,161596127,3877989386.33,4.3506,-1.465,1,0
2021-09-30,sh.600089,782.38831216,816.96901104,770.75057696,806.328796,782.72081888,157591322,3777576147.28,4.2428,3.0161,1,0
2021-10-08,sh.600089,820.95909168,820.95909168,725.86216976,726.5271832,806.328796,233338341,5256385870.78,6.163,-9.8969,1,0
2021-10-11,sh.600089,726.85968992,745.48006624,705.91176656,731.514784,726.5271832,127025243,2793046555.98,3.355,0.6865,1,0
2021-10-12,sh.600089,734.8398512,737.49990496,688.62141712,704.58173968,731.514784,128620810,2739351004.77,3.3972,-3.6818,1,0
2021-10-13,sh.600089,711.5643808,738.82993184,700.25915232,733.50982432,704.58173968,123300715,2681069902.58,3.2567,4.1057,1,0
2021-10-14,sh.600089,728.1897168,750.46766704,706.57678,731.514784,733.50982432,116787173,2568210905.92,3.0846,-0.272,1,0
2021-10-15,sh.600089,737.83241168,775.40567104,728.1897168,763.1029224,731.514784,177620182,4041719937.48,4.6914,4.3182,1,0
2021-10-18,sh.600089,754.7902544,782.38831216,754.7902544,776.73569792,763.1029224,124435682,2892861691.3,3.2866,1.7865,1,0
2021-10-19,sh.600089,768.75553664,786.71089952,760.11036192,767.09300304,776.73569792,109209546,2530230359.06,2.8845,-1.2414,1,0
2021-10-20,sh.600089,751.4651872,833.92685376,744.8150528,814.30895728,767.09300304,194605340,4688945398.13,5.14,6.1552,1,0
2021-10-21,sh.600089,808.98884976,823.28663872,798.34863472,807.65882288,814.30895728,110896492,2694600240.58,2.929,-0.8167,1,0
2021-10-22,sh.600089,817.30151776,834.25936048,798.016128,798.016128,807.65882288,127359203,3118867022.84,3.3639,-1.1939,1,0
2021-10-25,sh.600089,804.6662624,837.25192096,799.01364816,822.28911856,798.016128,146263328,3631897844.82,3.8632,3.0417,1,0
2021-10-26,sh.600089,824.6166656,868.84005936,824.6166656,835.92189408,822.28911856,165481983,4213912249.24,4.3708,1.6579,1,0
2021-10-27,sh.600089,841.2420016,904.4182784,832.59682688,890.45299616,835.92189408,228151240,5989594084.5,6.026,6.5235,1,0
2021-10-28,sh.600089,890.78550288,893.77806336,847.892136,857.8673376,890.45299616,157041320,4090726258.83,4.1478,-3.6594,1,0
2021-10-29,sh.600089,885.46539536,911.0684128,846.56210912,898.10065072,857.8673376,242563034,6448333939.34,6.4067,4.6899,1,0
2021-11-01,sh.600089,886.46291552,902.42323808,836.2544008,845.56458896,898.10065072,226998576,5875065828.69,5.9956,-5.8497,1,0
2021-11-02,sh.600089,839.579468,847.892136,798.016128,801.3411952,845.56458896,195980080,4810015199.02,5.1763,-5.23,1,0
2021-11-03,sh.600089,801.67370192,816.63650432,788.37343312,797.68362128,801.3411952,128118574,3089404606.39,3.3839,-0.4564,1,0
2021-11-04,sh.600089,803.33623552,829.6042664,798.016128,814.30895728,797.68362128,125911733,3085067189.15,3.3256,2.0842,1,0
2021-11-05,sh.600089,834.92437392,839.24696128,785.04836592,785.04836592,814.30895728,132564251,3228032857.14,3.5013,-3.5933,1,0
2021-11-08,sh.600089,768.0905232,813.31143712,767.09300304,794.02604736,785.04836592,97910061,2341679749.96,2.586,1.1436,1,0
2021-11-09,sh.600089,806.99380944,846.2296024,805.99628928,825.94669248,794.02604736,162695889,4053225526.44,4.2972,4.0201,1,0
2021-11-10,sh.600089,814.641464,816.63650432,767.42550976,793.0285272,825.94669248,150095557,3559749420.11,3.9644,-3.9855,1,0
2021-11-11,sh.600089,785.04836592,790.70098016,761.77289552,771.4155904,793.0285272,110026611,2559645805.92,2.9061,-2.7254,1,0
2021-11-12,sh.600089,778.0657248,791.69850032,768.75553664,773.078124,771.4155904,99012239,2324847864.79,2.6151,0.2155,1,0
2021-11-15,sh.600089,768.0905232,770.08556352,730.84977056,738.1649184,773.078124,131172414,2926730026.58,3.4646,-4.5161,1,0
2021-11-16,sh.600089,737.49990496,745.81257296,731.514784,733.84233104,738.1649184,70239174,1556706310.65,1.8552,-0.5856,1,0
2021-11-17,sh.600089,735.17235792,766.4279896,727.19219664,763.76793584,733.84233104,109751451,2475045117.54,2.8988,4.0779,1,0
2021-11-18,sh.600089,755.78777456,783.0533256,746.81009312,769.08804336,763.76793584,101833046,2353514343.72,2.6897,0.6966,1,0
2021-11-19,sh.600089,762.10540224,777.06820464,748.14012,770.08556352,769.08804336,93063226,2131257291.08,2.458,0.1297,1,0
2021-11-22,sh.600089,770.75057696,781.05828528,761.77289552,776.73569792,770.08556352,90846929,2111428516.56,2.3995,0.8636,1,0
2021-11-23,sh.600089,776.4031912,779.39575168,758.44782832,762.10540224,776.73569792,84580331,1951049473.47,2.234,-1.8836,1,0
2021-11-24,sh.600089,759.11284176,763.76793584,733.1773176,749.47014688,762.10540224,106854065,2396623187.94,2.8223,-1.6579,1,0
2021-11-25,sh.600089,749.13764016,784.38335248,743.48502592,771.4155904,749.47014688,136730741,3161754318.86,3.6114,2.9281,1,0
2021-11-26,sh.600089,765.09796272,769.7530568,740.49246544,746.81009312,771.4155904,104585782,2367767085.38,2.7624,-3.1897,1,0
2021-11-29,sh.600089,729.18723696,777.40071136,726.85968992,766.76049632,746.81009312,111580699,2545373161.48,2.9471,2.6714,1,0
2021-11-30,sh.600089,774.07564416,774.7406576,746.14507968,761.10788208,766.76049632,83077902,1891269821.23,2.1943,-0.7372,1,0
2021-12-01,sh.600089,749.13764016,754.7902544,733.50982432,749.13764016,761.10788208,92152028,2055640193.87,2.434,-1.5727,1,0
2021-12-02,sh.600089,742.48750576,746.4775864,735.17235792,739.16243856,749.13764016,55364187,1232831034.34,1.4623,-1.3316,1,0
2021-12-03,sh.600089,733.1773176,738.1649184,709.56934048,735.83737136,739.16243856,115058029,2504163762.03,3.039,-0.4498,1,0
2021-12-06,sh.600089,735.83737136,768.0905232,732.17979744,755.78777456,735.83737136,134536583,3063806141.39,3.5534,2.7113,1,0
2021-12-07,sh.600089,761.10788208,766.76049632,742.82001248,758.78033504,755.78777456,90195959,2043084295.22,2.3823,0.396,1,0
2021-12-08,sh.600089,761.10788208,777.06820464,752.79521408,765.76297616,758.78033504,120874504,2782048537.82,3.1926,0.9202,1,0
2021-12-09,sh.600089,767.09300304,769.08804336,746.14507968,747.47510656,765.76297616,108583131,2451617510.2,2.8679,-2.3882,1,0
2021-12-10,sh.600089,744.8150528,753.1277208,735.50486464,743.1525192,747.47510656,90590062,2021769520.7,2.3927,-0.5783,1,0
2021-12-13,sh.600089,743.81753264,780.72577856,737.49990496,766.4279896,743.1525192,155946897,3582904125.4,4.1189,3.132,1,0
2021-12-14,sh.600089,765.76297616,772.41311056,748.47262672,751.4651872,766.4279896,106159463,2418941622.4,2.8039,-1.9523,1,0
2021-12-15,sh.600089,746.4775864,818.96405136,742.15499904,795.35607424,751.4651872,277045888,6573553208.55,7.3174,5.8407,1,0
2021-12-16,sh.600089,792.69602048,809.6538632,783.38583232,795.68858096,795.35607424,140469648,3360170742.21,3.7101,0.0418,1,0
2021-12-17,sh.600089,793.36103392,819.96157152,778.0657248,781.05828528,795.68858096,177142096,4261351420.5,4.6787,-1.8387,1,0
2021-12-20,sh.600089,774.40815088,784.38335248,734.17483776,734.17483776,781.05828528,168469985,3790951714.75,4.4497,-6.0026,1,0
2021-12-21,sh.600089,731.18227728,740.82497216,714.889448,740.15995872,734.17483776,87144512,1906509269.02,2.3017,0.8152,1,0
2021-12-22,sh.600089,737.16739824,742.82001248,725.52966304,727.85721008,740.15995872,63604182,1397778506.8,1.6799,-1.6622,1,0
2021-12-23,sh.600089,724.53214288,735.17235792,717.54950176,729.18723696,727.85721008,69510380,1520263211.72,1.8359,0.1827,1,0
2021-12-24,sh.600089,723.86712944,727.85721008,700.92416576,701.25667248,729.18723696,95637785,2041032807.67,2.526,-3.8304,1,0
2021-12-27,sh.600089,700.25915232,708.2393136,673.99112144,677.31618864,701.25667248,111885625,2309365235.15,2.9552,-3.4139,1,0
2021-12-28,sh.600089,681.97128272,687.95640368,675.32114832,687.29139024,677.31618864,60747342,1247717423.18,1.6045,1.4728,1,0
2021-12-29,sh.600089,687.62389696,698.264112,680.30874912,688.62141712,687.29139024,53910089,1117290891.31,1.4239,0.1935,1,0
2021-12-30,sh.600089,688.62141712,695.60405824,682.30378944,686.29387008,688.62141712,43597828,903269660.8,1.1515,-0.338,1,0
2021-12-31,sh.600089,688.95392384,709.9018472,688.95392384,703.91672624,686.29387008,75265067,1593228899.08,1.9879,2.5678,1,0
2022-01-04,sh.600089,704.9142464,708.90432704,680.30874912,683.96632304,703.91672624,79491143,1642469446.62,2.0995,-2.8342,1,0
2022-01-05,sh.600089,683.96632304,685.29634992,654.37322496,655.37074512,683.96632304,84219034,1680166750.26,2.223,-4.1808,1,0
2022-01-06,sh.600089,653.3757048,664.34842656,645.0630368,657.03327872,655.37074512,50907071,1003018224.69,1.3437,0.2537,1,0
2022-01-07,sh.600089,654.70573168,664.68093328,650.71565104,654.37322496,657.03327872,41933868,829650608.1,1.1069,-0.4049,1,0
2022-01-10,sh.600089,655.0382384,656.36826528,625.1126336,639.74292928,654.37322496,62104958,1192682390.74,1.6393,-2.2358,1,0
2022-01-11,sh.600089,640.075436,650.0506376,633.4253016,635.75284864,639.74292928,40968903,789735020.33,1.0814,-0.6237,1,0
2022-01-12,sh.600089,650.0506376,668.3385072,650.0506376,666.6759736,635.75284864,86051637,1715076410.69,2.2714,4.864,1,0
2022-01-13,sh.600089,667.00848032,668.3385072,652.04567792,653.3757048,666.6759736,54290398,1073607877.16,1.433,-1.995,1,0
2022-01-14,sh.600089,648.388104,659.36082576,640.075436,649.05311744,653.3757048,36183461,709307095.13,0.9551,-0.6616,1,0
2022-01-17,sh.600089,663.3509064,670.66605424,656.03575856,661.02335936,649.05311744,51754026,1032916302.76,1.3661,1.8443,1,0
2022-01-18,sh.600089,659.36082576,679.9762424,655.0382384,675.32114832,661.02335936,64415345,1302675511.65,1.7003,2.163,1,0
2022-01-19,sh.600089,668.67101392,670.0010408,660.35834592,665.01344,675.32114832,42978980,858901004.35,1.1344,-1.5263,1,0
2022-01-20,sh.600089,664.01591984,667.00848032,646.06055696,649.05311744,665.01344,43769990,861424577.99,1.1553,-2.4,1,0
2022-01-21,sh.600089,648.05559728,658.69581232,643.4005032,645.72805024,649.05311744,30908626,604172394.38,0.8158,-0.5123,1,0
2022-01-24,sh.600089,644.73053008,659.02831904,639.07791584,653.04319808,645.72805024,30288113,592622757.48,0.7995,1.1329,1,0
2022-01-25,sh.600089,648.388104,652.37818464,627.77268736,628.10519408,653.04319808,42223600,809960892.27,1.1145,-3.8187,1,0
2022-01-26,sh.600089,636.7503688,652.71069136,632.42778144,641.7379696,628.10519408,48957926,949118694.66,1.2923,2.1705,1,0
2022-01-27,sh.600089,638.4129024,646.7255704,630.1002344,631.09775456,641.7379696,41381176,791700105.68,1.0923,-1.658,1,0
2022-01-28,sh.600089,632.42778144,637.41538224,596.18454896,620.1250328,631.09775456,62688412,1159025333.67,1.6547,-1.7387,1,0
2022-02-07,sh.600089,630.76524784,653.3757048,630.76524784,649.05311744,620.1250328,56734517,1100630005.37,1.4975,4.6649,1,0
2022-02-08,sh.600089,648.72061072,656.36826528,636.41786208,656.36826528,649.05311744,49046407,952425917.98,1.2946,1.127,1,0
2022-02-09,sh.600089,651.7131712,660.69085264,647.05807712,657.03327872,656.36826528,43811215,862660867.56,1.1564,0.1013,1,0
2022-02-10,sh.600089,656.36826528,656.36826528,643.4005032,650.0506376,657.03327872,39028699,762393065.49,1.0302,-1.0628,1,0
2022-02-11,sh.600089,646.06055696,649.38562416,635.0878352,636.41786208,650.0506376,37967072,733107335.8,1.0022,-2.0972,1,0
2022-02-14,sh.600089,630.43274112,638.74540912,622.12007312,625.77764704,636.41786208,30013870,567451949.03,0.7922,-1.6719,1,0
2022-02-15,sh.600089,627.44018064,639.74292928,624.11511344,634.75532848,625.77764704,33429886,635573611.59,0.8824,1.4346,1,0
2022-02-16,sh.600089,640.74044944,647.39058384,637.08287552,639.07791584,634.75532848,37033748,715554316.88,0.9775,0.681,1,0
2022-02-17,sh.600089,643.73300992,669.33602736,643.73300992,656.700772,639.07791584,70529378,1397580123.62,1.8616,2.7575,1,0
2022-02-18,sh.600089,648.388104,670.99856096,645.39554352,663.3509064,656.700772,61531414,1225315783.24,1.6241,1.0127,1,0
2022-02-21,sh.600089,662.68589296,670.99856096,655.70325184,668.00600048,663.3509064,51435505,1028680987.43,1.3577,0.7018,1,0
2022-02-22,sh.600089,660.0258392,669.66853408,657.03327872,666.34346688,668.00600048,47619759,949171292.92,1.2569,-0.2489,1,0
2022-02-23,sh.600089,665.01344,686.6263768,665.01344,682.63629616,666.34346688,92177565,1877719544.33,2.4331,2.4451,1,0
2022-02-24,sh.600089,676.31866848,691.6139776,651.04815776,664.01591984,682.63629616,107015502,2168131728.81,2.8247,-2.7277,1,0
2022-02-25,sh.600089,671.6635744,681.97128272,666.6759736,668.3385072,664.01591984,62815836,1272245801.96,1.658,0.651,1,0
2022-02-28,sh.600089,668.00600048,673.326108,660.0258392,670.99856096,668.3385072,49181521,986439072.0,1.2982,0.398,1,0
2022-03-01,sh.600089,684.9638432,702.58669936,676.98368192,681.97128272,670.99856096,97079085,2015060640.0,2.5624,1.6353,1,0
2022-03-02,sh.600089,676.6511752,688.2889104,670.66605424,683.96632304,681.97128272,63226349,1290528240.0,1.6689,0.2925,1,0
2022-03-03,sh.600089,693.2765112,696.26907168,677.31618864,679.9762424,683.96632304,53722405,1106210304.0,1.418,-0.5834,1,0
2022-03-04,sh.600089,672.32858784,678.3137088,662.68589296,665.67845344,679.9762424,48751742,981874208.0,1.2868,-2.1027,1,0
2022-03-07,sh.600089,662.02087952,670.0010408,654.37322496,655.70325184,665.67845344,51151040,1016784368.0,1.3501,-1.4985,1,0
2022-03-08,sh.600089,657.36578544,665.67845344,639.07791584,650.0506376,655.70325184,59094077,1164721680.0,1.5598,-0.8621,1,0
2022-03-09,sh.600089,657.03327872,661.02335936,608.4872976,646.06055696,650.0506376,64692815,1242948768.0,1.7076,-0.6138,1,0
2022-03-10,sh.600089,664.34842656,687.62389696,661.35586608,679.9762424,646.06055696,125583384,2557894416.0,3.3148,5.2496,1,0
2022-03-11,sh.600089,677.31618864,704.58173968,672.66109456,704.24923296,679.9762424,141348175,2931315840.0,3.7309,3.5697,1,0
2022-03-14,sh.600089,698.59661872,714.22443456,687.95640368,690.94896416,704.24923296,107244578,2260351072.0,2.8308,-1.8886,1,0
2022-03-15,sh.600089,681.30626928,697.26659184,657.36578544,657.69829216,690.94896416,97980163,1992232864.0,2.5862,-4.8123,1,0
2022-03-16,sh.600089,677.64869536,693.60901792,655.0382384,693.2765112,657.69829216,110957788,2261038080.0,2.9288,5.4095,1,0
2022-03-17,sh.600089,709.9018472,711.5643808,684.9638432,686.6263768,693.2765112,110554160,2308960400.0,2.9181,-0.9592,1,0
2022-03-18,sh.600089,680.30874912,691.6139776,676.6511752,686.95888352,686.6263768,52316248,1077286626.75,1.3809,0.0484,1,0
2022-03-21,sh.600089,682.63629616,696.6015784,678.97872224,683.96632304,686.95888352,55314119,1141915457.18,1.46,-0.4356,1,0
2022-03-22,sh.600089,680.64125584,687.62389696,668.3385072,670.99856096,683.96632304,52591362,1067110492.52,1.3882,-1.896,1,0
2022-03-23,sh.600089,674.9886416,693.2765112,670.99856096,679.31122896,670.99856096,59605141,1225161834.11,1.5733,1.2389,1,0
2022-03-24,sh.600089,671.99608112,672.99360128,660.0258392,664.68093328,679.31122896,52219534,1044762036.65,1.3784,-2.1537,1,0
2022-03-25,sh.600089,664.34842656,668.3385072,643.4005032,643.4005032,664.68093328,56218673,1101705974.05,1.4839,-3.2016,1,0
2022-03-28,sh.600089,644.06551664,673.65861472,643.73300992,665.01344,643.4005032,64948698,1289733217.1,1.7143,3.3592,1,0
2022-03-29,sh.600089,670.0010408,681.30626928,663.68341312,673.99112144,665.01344,54563702,1107021319.66,1.4402,1.35,1,0
2022-03-30,sh.600089,678.3137088,689.61893728,673.326108,684.9638432,673.99112144,63750676,1312710102.93,1.6827,1.628,1,0
2022-03-31,sh.600089,678.64621552,682.96880288,670.66605424,677.64869536,684.9638432,47118617,957574261.74,1.2437,-1.068,1,0
2022-04-01,sh.600089,673.326108,689.61893728,670.33354752,685.96136336,677.64869536,51076261,1051605935.07,1.3482,1.2267,1,0
2022-04-06,sh.600089,678.3137088,681.638776,665.01344,669.00352064,685.96136336,49304525,994621478.8,1.3009,-2.4721,1,0
2022-04-07,sh.600089,665.34594672,676.98368192,664.68093328,666.01096016,669.00352064,38179196,768892997.04,1.0073,-0.4473,1,0
2022-04-08,sh.600089,663.3509064,665.34594672,645.0630368,651.7131712,666.01096016,62437218,1225250985.06,1.6474,-2.1468,1,0
2022-04-11,sh.600089,652.71069136,653.3757048,621.12255296,626.44266048,651.7131712,59859997,1134271053.27,1.5794,-3.8776,1,0
2022-04-12,sh.600089,631.09775456,641.40546288,621.12255296,640.74044944,626.44266048,46503971,884891378.92,1.227,2.2824,1,0
2022-04-13,sh.600089,639.74292928,660.35834592,634.42282176,647.05807712,640.74044944,46494362,905540140.69,1.2267,0.986,1,0
2022-04-14,sh.600089,654.37322496,661.6883728,644.39802336,655.70325184,647.05807712,45063228,886157300.66,1.189,1.3361,1,0
2022-04-15,sh.600089,650.0506376,661.02335936,648.05559728,654.70573168,655.70325184,36375535,717131878.11,0.9597,-0.1521,1,0
2022-04-18,sh.600089,648.388104,659.69333248,638.4129024,657.36578544,654.70573168,31778853,621390738.49,0.8385,0.4063,1,0
2022-04-19,sh.600089,659.36082576,675.32114832,657.69829216,670.0010408,657.36578544,57114687,1150805619.66,1.5069,1.9221,1,0
2022-04-20,sh.600089,672.66109456,675.65365504,655.0382384,655.70325184,670.0010408,46013000,921509496.69,1.214,-2.134,1,0
2022-04-21,sh.600089,654.37322496,664.68093328,629.76772768,633.4253016,655.70325184,54668625,1054390531.16,1.4424,-3.3976,1,0
2022-04-22,sh.600089,631.762768,640.075436,615.137432,631.43026128,633.4253016,44754846,845360067.02,1.1808,-0.315,1,0
2022-04-25,sh.600089,626.7751672,644.39802336,617.79748576,618.12999248,631.43026128,64513750,1226406602.43,1.7022,-2.1064,1,0
2022-04-26,sh.600089,619.79252608,630.1002344,598.84460272,599.84212288,618.12999248,64103779,1187208842.98,1.6913,-2.9586,1,0
2022-04-27,sh.600089,591.8619616,638.08039568,582.88428016,636.08535536,599.84212288,81749705,1500896456.8,2.1569,6.0421,1,0
2022-04-28,sh.600089,627.77268736,641.40546288,622.45257984,627.10767392,636.08535536,51822193,982405699.29,1.3673,-1.4114,1,0
2022-04-29,sh.600089,633.75780832,650.0506376,627.10767392,644.39802336,627.10767392,65623058,1261656968.7,1.7314,2.7572,1,0
2022-05-05,sh.600089,649.05311744,650.71565104,638.4129024,640.74044944,644.39802336,53648864,1040008061.31,1.4155,-0.5676,1,0
2022-05-06,sh.600089,625.1126336,633.4253016,620.1250328,623.4501,640.74044944,35474784,668361298.05,0.936,-2.6985,1,0
2022-05-09,sh.600089,622.45257984,632.42778144,621.12255296,625.77764704,623.4501,23015528,433798297.03,0.6073,0.3733,1,0
2022-05-10,sh.600089,615.137432,636.7503688,611.14735136,630.43274112,625.77764704,40903078,772048928.45,1.0792,0.7439,1,0
2022-05-11,sh.600089,632.09527472,656.36826528,628.4377008,639.41042256,630.43274112,69071309,1335765902.04,1.8224,1.4241,1,0
2022-05-12,sh.600089,635.0878352,647.39058384,629.76772768,636.08535536,639.41042256,44207085,849100694.13,1.1664,-0.52,1,0
2022-05-13,sh.600089,641.40546288,679.64373568,641.07295616,668.00600048,636.08535536,101377382,2034100492.0,2.6748,5.0183,1,0
2022-05-16,sh.600089,674.65613488,677.98120208,662.02087952,666.34346688,668.00600048,51131611,1025559472.65,1.3491,-0.2489,1,0
2022-05-17,sh.600089,665.67845344,688.2889104,664.01591984,687.95640368,666.34346688,92990439,1901741129.8,2.4535,3.2435,1,0
2022-05-18,sh.600089,689.951444,692.27899104,680.30874912,681.638776,687.95640368,60161130,1239696832.13,1.5873,-0.9183,1,0
2022-05-19,sh.600089,669.33602736,726.85968992,666.6759736,714.889448,681.638776,141032383,2985849714.58,3.7211,4.878,1,0
2022-05-20,sh.600089,709.9018472,721.5395824,706.90928672,716.88448832,714.889448,88424180,1897436365.12,2.333,0.2791,1,0
2022-05-23,sh.600089,709.9018472,718.54702192,703.2517128,717.21699504,716.88448832,72933134,1559143246.35,1.9243,0.0464,1,0
2022-05-24,sh.600089,715.88696816,731.514784,695.93656496,696.6015784,717.21699504,105748417,2275328056.84,2.7901,-2.8744,1,0
2022-05-25,sh.600089,698.59661872,720.20955552,697.26659184,718.54702192,696.6015784,90215375,1927253957.83,2.3803,3.1504,1,0
2022-05-26,sh.600089,718.54702192,727.52470336,708.90432704,716.88448832,718.54702192,78622539,1699020816.4,2.0744,-0.2314,1,0
2022-05-27,sh.600089,719.8770488,723.86712944,707.57430016,712.22939424,716.88448832,54416829,1172204728.56,1.4358,-0.6494,1,0
2022-05-30,sh.600089,719.21203536,721.5395824,704.24923296,713.55942112,712.22939424,47740123,1021208258.37,1.2596,0.1867,1,0
2022-05-31,sh.600089,727.85721008,750.13516032,726.85968992,748.14012,713.55942112,147538165,3289688375.76,3.8927,4.8462,1,0
2022-06-01,sh.600089,740.82497216,750.46766704,738.1649184,744.15003936,748.14012,68350604,1527791865.95,1.8034,-0.5333,1,0
2022-06-02,sh.600089,744.8150528,757.78281488,739.49494528,749.47014688,744.15003936,75096459,1694760473.44,1.9814,0.7149,1,0
2022-06-06,sh.600089,755.78777456,781.390792,751.4651872,772.74561728,749.47014688,94749643,2195690161.4,2.4999,3.1056,1,0
2022-06-07,sh.600089,791.3659936,804.00124896,773.41063072,779.7282584,772.74561728,123779325,2928922127.4,3.2658,0.9036,1,0
2022-06-08,sh.600089,784.7158592,799.34615488,775.07316432,795.68858096,779.7282584,110270902,2615179804.14,2.9094,2.0469,1,0
2022-06-09,sh.600089,808.65634304,844.5670688,808.65634304,821.95661184,795.68858096,170049507,4243437680.41,4.4867,3.3013,1,0
2022-06-10,sh.600089,821.95661184,861.1924048,814.641464,847.22712256,821.95661184,181492264,4607993649.68,4.7886,3.0744,1,0
2022-06-13,sh.600089,858.19984432,924.3686816,856.204804,914.39348,847.22712256,235040456,6327165857.26,6.2014,7.9278,1,0
2022-06-14,sh.600089,901.42571792,930.68630928,882.14032816,920.37860096,914.39348,204624430,5567041918.13,5.3989,0.6545,1,0
2022-06-15,sh.600089,919.3810808,956.95434016,901.42571792,901.42571792,920.37860096,182007654,5040701433.39,4.8022,-2.0592,1,0
2022-06-16,sh.600089,908.07585232,919.3810808,884.13536848,889.455476,901.42571792,140773371,3811720929.03,3.7142,-1.3279,1,0
2022-06-17,sh.600089,890.45299616,943.65407136,890.45299616,936.0064168,889.455476,168623866,4695108209.97,4.4483,5.2336,1,0
2022-06-20,sh.600089,944.3190848,953.62927296,873.16264672,885.13288864,936.0064168,214493872,5821038272.55,5.6583,-5.4352,1,0
2022-06-21,sh.600089,877.8177408,890.12048944,855.20728384,874.82518032,885.13288864,117336457,3070646618.47,3.0953,-1.1645,1,0
2022-06-22,sh.600089,887.7929424,890.45299616,859.5298712,866.1800056,874.82518032,95209251,2508066530.99,2.5116,-0.9882,1,0
2022-06-23,sh.600089,880.8034963,883.86420343,846.11548216,878.42294631,866.18011779,97998383,2495150884.36,2.5852,1.4134,1,0
2022-06-24,sh.600089,884.204282,920.93276756,880.12333916,908.34986047,878.42294631,138481759,3661807851.32,3.6531,3.4069,1,0
2022-06-27,sh.600089,909.71017475,911.4105676,872.30153205,893.72648196,908.34986047,129633991,3386705384.42,3.4197,-1.6099,1,0
2022-06-28,sh.600089,893.38640339,930.11488895,884.54436057,921.6129247,893.72648196,138709810,3723904723.88,3.6592,3.1202,1,0
2022-06-29,sh.600089,910.05025332,911.07048903,864.47972494,866.18011779,921.6129247,142883936,3715910724.3,3.7693,-6.0148,1,0
2022-06-30,sh.600089,866.18011779,950.85968172,866.18011779,931.47520323,866.18011779,185415027,4987559993.34,4.8912,7.5383,1,0
2022-07-01,sh.600089,938.6168532,979.4262816,921.95300327,940.99740319,931.47520323,168162762,4695618353.83,4.4361,1.0223,1,0
2022-07-04,sh.600089,952.219996,1008.67303862,927.73433896,995.06989582,940.99740319,218446267,6304212405.24,5.7625,5.7463,1,0
2022-07-05,sh.600089,994.72981725,1048.80230988,986.56793157,1044.72136704,995.06989582,201982221,6085578337.65,5.3282,4.9897,1,0
2022-07-06,sh.600089,1027.0372814,1031.45830281,972.96478877,990.64887441,1044.72136704,161079242,4729208179.26,4.2492,-5.1758,1,0
2022-07-07,sh.600089,985.20761729,996.77028867,963.44258881,989.96871727,990.64887441,100270247,2900460410.71,2.6451,-0.0687,1,0
2022-07-08,sh.600089,1017.17500287,1023.6364957,964.46282452,966.84337451,989.96871727,106836141,3093076657.94,2.8183,-2.336,1,0
2022-07-11,sh.600089,972.6247102,972.6247102,904.94907477,929.09465324,966.84337451,167406537,4571610904.87,4.4161,-3.9043,1,0
2022-07-12,sh.600089,930.45496752,953.58031028,920.59268899,933.51567465,929.09465324,107707611,2971931606.21,2.8413,0.4758,1,0
2022-07-13,sh.600089,946.43866031,956.98109598,920.93276756,930.45496752,933.51567465,111838179,3084911945.12,2.9503,-0.3279,1,0
2022-07-14,sh.600089,924.33355326,967.18345308,919.57245328,947.79897459,930.45496752,112085047,3129386919.21,2.9568,1.864,1,0
2022-07-15,sh.600089,933.51567465,958.34141026,924.33355326,924.33355326,947.79897459,125230491,3451052974.9,3.3035,-2.4758,1,0
2022-07-18,sh.600089,925.69386754,933.51567465,889.30546055,921.6129247,924.33355326,111321622,2980865524.65,2.9366,-0.2943,1,0
2022-07-19,sh.600089,918.212139,929.43473181,905.28915334,910.39033189,921.6129247,77745096,2091497316.5,2.0509,-1.2177,1,0
2022-07-20,sh.600089,918.212139,922.97323898,908.34986047,914.8113533,910.39033189,57113440,1536579596.16,1.5066,0.4856,1,0
2022-07-21,sh.600089,914.47127473,914.47127473,877.74278917,881.48365344,914.8113533,111220037,2910677170.05,2.934,-3.6431,1,0
2022-07-22,sh.600089,881.14357487,897.12726766,879.10310345,887.94514627,881.48365344,61847553,1612885495.0,1.6315,0.733,1,0
2022-07-25,sh.600089,885.90467485,886.92491056,850.87658214,853.25713213,887.94514627,100151627,2538386544.47,2.642,-3.9065,1,0
2022-07-26,sh.600089,860.3987821,877.74278917,856.31783926,864.13964637,853.25713213,73053641,1865318139.61,1.9271,1.2754,1,0
2022-07-27,sh.600089,866.52019636,875.70231775,851.55673928,868.90074635,864.13964637,62109728,1586021157.45,1.6384,0.551,1,0
2022-07-28,sh.600089,875.02216061,879.10310345,846.11548216,847.13571787,868.90074635,96590277,2432348803.26,2.548,-2.5049,1,0
2022-07-29,sh.600089,847.13571787,875.70231775,845.77540359,849.51626786,847.13571787,97021001,2451077465.41,2.5594,0.281,1,0
2022-08-01,sh.600089,842.71469646,844.07501074,813.80801801,839.9940679,849.51626786,103978039,2534783726.52,2.7429,-1.1209,1,0
2022-08-02,sh.600089,827.41116081,828.09131795,798.50448236,803.26558234,839.9940679,95656389,2278920431.46,2.5234,-4.3725,1,0
2022-08-03,sh.600089,813.80801801,825.03061082,786.26165384,788.9822824,803.26558234,75756150,1793708691.33,1.9984,-1.7782,1,0
2022-08-04,sh.600089,802.24534663,823.67029654,801.22511092,815.50841086,788.9822824,93510789,2235493744.0,2.4668,3.3621,1,0
2022-08-05,sh.600089,820.26951084,822.65006083,798.50448236,819.5893537,815.50841086,89059814,2122441529.0,2.3494,0.5004,1,0
2022-08-08,sh.600089,809.72707517,815.84848943,801.90526806,815.16833229,819.5893537,61250065,1460814060.0,1.6158,-0.5394,1,0
2022-08-09,sh.600089,816.188568,841.69446075,810.40723231,832.85241793,815.16833229,120509323,2939285374.0,3.179,2.1694,1,0
2022-08-10,sh.600089,822.9901394,828.09131795,805.9862109,810.74731088,832.85241793,92672809,2214591431.0,2.4447,-2.6541,1,0
2022-08-11,sh.600089,813.46793944,821.28974655,806.32628947,820.26951084,810.74731088,67662089,1621130113.0,1.7849,1.1745,1,0
2022-08-12,sh.600089,817.88896085,827.41116081,812.10762516,812.44770373,820.26951084,60824028,1460818745.0,1.6045,-0.9536,1,0
2022-08-15,sh.600089,814.14809658,844.75516788,810.74731088,841.35438218,812.44770373,128474622,3154270439.31,3.3891,3.558,1,0
2022-08-16,sh.600089,850.196425,875.36223918,838.63375362,870.6011392,841.35438218,181577498,4585567968.61,4.79,3.4762,1,0
2022-08-17,sh.600089,870.6011392,878.08286774,858.01823211,871.96145348,870.6011392,106574704,2722839690.76,2.8114,0.1563,1,0
2022-08-18,sh.600089,872.30153205,892.36616768,867.2003535,878.42294631,871.96145348,110134462,2853279686.3,2.9053,0.741,1,0
2022-08-19,sh.600089,884.204282,906.30938905,859.71862496,882.84396772,878.42294631,150480026,3908875666.51,3.9696,0.5033,1,0
2022-08-22,sh.600089,877.4027106,877.4027106,846.45556073,871.28129634,882.84396772,103867715,2635294775.03,2.74,-1.3097,1,0
2022-08-23,sh.600089,862.77933209,883.86420343,862.43925352,872.30153205,871.28129634,75300990,1934106706.53,1.9864,0.1171,1,0
2022-08-24,sh.600089,869.58090349,880.46341773,853.25713213,858.35831068,872.30153205,79939258,2028176537.63,2.1088,-1.5984,1,0
2022-08-25,sh.600089,866.52019636,874.0019249,839.31391076,868.56066778,858.35831068,84236862,2124432015.97,2.2221,1.1886,1,0
2022-08-26,sh.600089,869.58090349,876.38247489,861.07893924,865.84003922,868.56066778,66427711,1698320776.95,1.7523,-0.3132,1,0
2022-08-29,sh.600089,866.18011779,925.0137104,862.09917495,917.87206043,865.84003922,177143659,4670092647.92,4.673,6.0094,1,0
2022-08-30,sh.600089,914.13119616,914.13119616,884.88443914,891.0058534,917.87206043,107949858,2846149063.07,2.8477,-2.927,1,0
2022-08-31,sh.600089,885.90467485,889.64553912,836.5932822,842.71469646,891.0058534,114049699,2872646577.56,3.0086,-5.4198,1,0
2022-09-01,sh.600089,845.09524645,850.53650357,830.13178937,837.27343934,842.71469646,59463584,1471915821.31,1.5686,-0.6457,1,0
2022-09-02,sh.600089,834.89288935,842.37461789,813.46793944,819.24927513,837.27343934,62152610,1503642406.86,1.6396,-2.1527,1,0
2022-09-05,sh.600089,811.42746802,832.85241793,809.3869966,829.45163223,819.24927513,48636760,1180490426.36,1.283,1.2453,1,0
2022-09-06,sh.600089,830.13178937,869.24082492,828.77147509,867.2003535,829.45163223,94623017,2379249290.42,2.4961,4.551,1,0
2022-09-07,sh.600089,859.03846782,873.32176776,855.29760355,863.7995678,867.2003535,66624946,1696871718.54,1.7575,-0.3922,1,0
2022-09-08,sh.600089,867.2003535,884.88443914,855.97776069,859.37854639,863.7995678,82875022,2125394007.41,2.1862,-0.5118,1,0
2022-09-09,sh.600089,860.3987821,866.86027493,842.71469646,853.25713213,859.37854639,54562916,1369379437.8,1.4394,-0.7123,1,0
2022-09-13,sh.600089,853.25713213,859.71862496,833.1924965,843.73493217,853.25713213,59742968,1483023672.87,1.576,-1.116,1,0
2022-09-14,sh.600089,826.3909251,836.5932822,812.10762516,821.28974655,843.73493217,69183018,1674056898.19,1.825,-2.6602,1,0
2022-09-15,sh.600089,824.01037511,826.05084653,785.5814967,797.14416808,821.28974655,82641314,1949299461.99,2.1801,-2.94,1,0
2022-09-16,sh.600089,786.60173241,795.44377523,766.19701821,767.21725392,797.14416808,65335134,1494733731.2,1.7235,-3.7543,1,0
2022-09-19,sh.600089,767.21725392,778.7799253,758.3752111,770.27796105,767.21725392,39572174,894424675.68,1.0439,0.3989,1,0
2022-09-20,sh.600089,774.01882532,789.66243954,774.01882532,779.46008244,770.27796105,47101178,1081825060.35,1.2425,1.1921,1,0
2022-09-21,sh.600089,770.27796105,780.48031815,765.85693964,775.3791396,779.46008244,33371615,759211447.37,0.8803,-0.5236,1,0
2022-09-22,sh.600089,768.5775682,780.14023958,762.11607537,776.39937531,775.3791396,38488754,875137649.23,1.0153,0.1316,1,0
2022-09-23,sh.600089,772.65851104,780.48031815,752.25379684,759.39544681,776.39937531,44318990,996809412.68,1.1691,-2.1901,1,0
2022-09-26,sh.600089,748.51293257,769.59780391,745.45222544,750.89348256,759.39544681,36359618,811733994.43,0.9592,-1.1196,1,0
2022-09-27,sh.600089,754.9744254,771.29819676,748.85301114,764.49662536,750.89348256,44498365,993149032.21,1.1739,1.8116,1,0
2022-09-28,sh.600089,758.3752111,766.87717535,729.46853265,729.80861122,764.49662536,52702906,1152293345.74,1.3903,-4.5374,1,0
2022-09-29,sh.600089,742.39151831,754.63434683,737.29033976,746.81253972,729.80861122,53435724,1173484564.84,1.4096,2.3299,1,0
2022-09-30,sh.600089,751.5736397,754.63434683,736.95026119,736.95026119,746.81253972,38312701,838415602.51,1.0107,-1.3206,1,0
2022-10-10,sh.600089,745.11214687,749.53316828,720.62648983,726.40782552,736.95026119,43427491,939015001.24,1.1216,-1.4305,1,0
2022-10-11,sh.600089,726.74790409,745.45222544,726.40782552,740.69112546,726.40782552,40413825,875160946.5,1.0438,1.9663,1,0
2022-10-12,sh.600089,736.61018262,760.41568252,723.34711839,760.41568252,740.69112546,52368672,1144064909.0,1.3525,2.663,1,0
2022-10-13,sh.600089,754.29426826,761.09583966,749.53316828,753.95418969,760.41568252,43694299,970360652.25,1.1285,-0.8497,1,0
2022-10-14,sh.600089,762.45615394,791.36283239,754.29426826,777.07953245,753.95418969,81456332,1848589716.27,2.1037,3.0672,1,0
2022-10-17,sh.600089,767.89741106,776.05929674,757.69505396,774.69898246,777.07953245,54094806,1218902134.16,1.3971,-0.3063,1,0
2022-10-18,sh.600089,775.71921817,784.22118242,772.65851104,777.41961102,774.69898246,49638877,1135620008.69,1.282,0.3512,1,0
2022-10-19,sh.600089,776.05929674,780.82039672,755.65458254,755.65458254,777.41961102,51623085,1163516263.64,1.3333,-2.7997,1,0
2022-10-20,sh.600089,747.15261829,752.93395398,730.14868979,738.65065404,755.65458254,49001583,1066599527.22,1.2655,-2.2502,1,0
2022-10-21,sh.600089,741.3712826,751.91371827,734.22963263,738.99073261,738.65065404,35752683,781840249.06,0.9234,0.046,1,0
2022-10-24,sh.600089,741.3712826,746.47246115,720.9665684,727.08798266,738.99073261,39143860,843975030.1,1.011,-1.6107,1,0
2022-10-25,sh.600089,731.50900407,749.19308971,724.02727553,744.7720683,727.08798266,48270141,1047263224.87,1.2461,2.4322,1,0
2022-10-26,sh.600089,745.79230401,757.69505396,737.63041833,747.15261829,744.7720683,47878816,1052713535.48,1.236,0.3196,1,0
2022-10-27,sh.600089,750.89348256,759.05536824,736.61018262,736.95026119,747.15261829,45964811,1010235381.0,1.1865,-1.3655,1,0
2022-10-28,sh.600089,728.44829694,733.54947549,700.5618542,704.98287561,736.95026119,57498947,1203737977.93,1.4843,-4.3378,1,0
2022-10-31,sh.600089,700.5618542,712.46460415,690.3594971,694.10036137,704.98287561,47133070,969543602.81,1.2167,-1.5437,1,0
2022-11-01,sh.600089,692.74004709,715.86538985,692.05988995,714.84515414,694.10036137,55919821,1161323632.58,1.4435,2.9887,1,0
2022-11-02,sh.600089,712.80468272,725.04751124,702.94240419,714.164997,714.84515414,66759186,1401651332.19,1.7233,-0.0951,1,0
2022-11-03,sh.600089,707.3634256,720.9665684,705.66303275,716.88562556,714.164997,41860394,879638924.24,1.0806,0.381,1,0
2022-11-04,sh.600089,717.22570413,750.89348256,714.50507557,749.19308971,716.88562556,84457494,1834377548.25,2.1802,4.5066,1,0
2022-11-07,sh.600089,748.172854,756.67481825,743.07167545,746.81253972,749.19308971,60883621,1340373549.75,1.5717,-0.3177,1,0
2022-11-08,sh.600089,761.7759968,768.5775682,741.71136117,748.172854,746.81253972,75574091,1671571746.95,1.9509,0.1821,1,0
2022-11-09,sh.600089,747.49269686,749.87324685,738.99073261,741.3712826,748.172854,41411393,904335656.52,1.069,-0.9091,1,0
2022-11-10,sh.600089,736.27010405,737.29033976,728.44829694,731.1689255,741.3712826,34524730,743003843.29,0.8912,-1.3761,1,0
2022-11-11,sh.600089,751.5736397,754.29426826,740.69112546,741.3712826,731.1689255,60403846,1324723650.37,1.5593,1.3953,1,0
2022-11-14,sh.600089,744.43198973,750.55340399,730.82884693,732.86931835,741.3712826,47900179,1041904539.21,1.2365,-1.1468,1,0
2022-11-15,sh.600089,732.52923978,752.25379684,731.84908264,752.25379684,732.86931835,61305703,1342616508.24,1.5826,2.645,1,0
2022-11-16,sh.600089,751.5736397,756.33473968,741.3712826,742.39151831,752.25379684,42179536,925564233.2,1.0888,-1.311,1,0
2022-11-17,sh.600089,739.67088975,739.67088975,725.72766838,733.20939692,742.39151831,40445158,868495389.89,1.0441,-1.2368,1,0
2022-11-18,sh.600089,734.22963263,745.45222544,727.42806123,735.93002548,733.20939692,40291073,873225968.72,1.0401,0.3711,1,0
2022-11-21,sh.600089,728.44829694,742.05143974,727.08798266,737.29033976,735.93002548,37009149,800097388.85,0.9554,0.1848,1,0
2022-11-22,sh.600089,733.54947549,740.35104689,724.02727553,726.40782552,737.29033976,45812942,984407622.07,1.1826,-1.476,1,0
2022-11-23,sh.600089,727.42806123,751.5736397,726.74790409,750.55340399,726.40782552,84624603,1849583406.74,2.1845,3.324,1,0
2022-11-24,sh.600089,751.5736397,751.5736397,738.99073261,741.03120403,750.55340399,43943190,960656096.91,1.1344,-1.2687,1,0
2022-11-25,sh.600089,737.9704969,738.99073261,727.7681398,732.52923978,741.03120403,33476341,720386339.3,0.8642,-1.1473,1,0
2022-11-28,sh.600089,720.9665684,724.70743267,703.28248276,724.02727553,732.52923978,43288127,910400688.24,1.1175,-1.1606,1,0
2022-11-29,sh.600089,722.66696125,735.58994691,720.62648983,732.18916121,724.02727553,41207284,883905219.71,1.0637,1.1273,1,0
2022-11-30,sh.600089,733.20939692,744.09191116,723.68719696,731.1689255,732.18916121,54040999,1166505757.31,1.395,-0.1393,1,0
2022-12-01,sh.600089,737.9704969,746.13238258,733.20939692,733.54947549,731.1689255,56198799,1222339819.02,1.4507,0.3256,1,0
2022-12-02,sh.600089,730.48876836,737.63041833,727.08798266,728.10821837,733.54947549,36895865,792641861.0,0.9524,-0.7418,1,0
2022-12-05,sh.600089,729.80861122,733.54947549,720.9665684,729.80861122,728.10821837,45445413,970065600.24,1.1731,0.2335,1,0
2022-12-06,sh.600089,727.08798266,729.46853265,712.12452558,721.30664697,729.80861122,54470657,1152768432.04,1.4061,-1.165,1,0
2022-12-07,sh.600089,717.90586127,725.38758981,714.164997,716.88562556,721.30664697,39902902,843797693.89,1.0301,-0.6129,1,0
2022-12-08,sh.600089,714.84515414,720.62648983,709.40389702,712.12452558,716.88562556,37070460,778557731.12,0.9569,-0.6641,1,0
2022-12-09,sh.600089,713.82491843,717.5657827,709.74397559,716.20546842,712.12452558,30844666,647149969.85,0.7962,0.5731,1,0
2022-12-12,sh.600089,713.82491843,713.82491843,700.5618542,700.5618542,716.20546842,45288220,937300943.87,1.1691,-2.1842,1,0
2022-12-13,sh.600089,702.26224705,702.60232562,689.33926139,690.69957567,700.5618542,39884752,814105411.56,1.0296,-1.4078,1,0
2022-12-14,sh.600089,691.37973281,698.18130421,689.67933996,692.74004709,690.69957567,25168783,513057780.98,0.6497,0.2954,1,0
2022-12-15,sh.600089,694.44043994,703.28248276,688.99918282,703.28248276,692.74004709,28969414,593282584.92,0.7478,1.5218,1,0
2022-12-16,sh.600089,697.1610685,699.88169706,690.3594971,694.44043994,703.28248276,25568491,521571398.37,0.66,-1.2573,1,0
2022-12-19,sh.600089,690.3594971,695.80075422,670.29486147,676.07619716,694.44043994,37403901,750060225.79,0.9656,-2.6445,1,0
2022-12-20,sh.600089,673.69564717,678.79682572,668.59446862,674.71588288,676.07619716,22174884,438477791.59,0.5724,-0.2012,1,0
2022-12-21,sh.600089,675.05596145,676.07619716,659.07226866,661.11274008,674.71588288,27047723,529643694.11,0.6982,-2.0161,1,0
2022-12-22,sh.600089,662.47305436,664.85360435,633.56637591,635.9469259,661.11274008,54755050,1038814061.8,1.4135,-3.8066,1,0
2022-12-23,sh.600089,635.26676876,643.42865444,626.42472594,632.20606163,635.9469259,32942715,614882571.95,0.8504,-0.5882,1,0
2022-12-26,sh.600089,632.20606163,648.18975442,629.1453545,647.50959728,632.20606163,34434962,650362749.69,0.8889,2.4207,1,0
2022-12-27,sh.600089,648.52983299,660.43258294,646.48936157,658.39211152,647.50959728,31397317,604689072.78,0.8105,1.6807,1,0
2022-12-28,sh.600089,650.23022584,659.07226866,650.23022584,654.65124725,658.39211152,24012166,462398406.68,0.6199,-0.5682,1,0
2022-12-29,sh.600089,652.27069726,657.71195438,651.59054012,656.01156153,654.65124725,21149736,407678722.45,0.546,0.2078,1,0
2022-12-30,sh.600089,658.05203295,686.9587114,655.67148296,682.87776856,656.01156153,74703208,1487673916.52,1.9284,4.0954,1,0
2023-01-03,sh.600089,680.49721857,686.61863283,669.27462576,685.93847569,682.87776856,44889841,896706032.74,1.1588,0.4482,1,0
2023-01-04,sh.600089,681.51745428,683.5579257,666.5539972,670.63494004,685.93847569,38553953,764624543.54,0.9923,-2.231,1,0
2023-01-05,sh.600089,672.33533289,679.81706143,669.9547829,676.7563543,670.63494004,30357882,603105116.27,0.7813,0.9128,1,0
2023-01-06,sh.600089,675.73611859,697.84122564,674.37580431,686.61863283,676.7563543,57019009,1157359964.75,1.4675,1.4573,1,0
2023-01-09,sh.600089,689.67933996,691.03965424,681.85753285,686.27855426,686.61863283,33642170,678730917.64,0.8658,-0.0495,1,0
2023-01-10,sh.600089,686.27855426,688.99918282,678.45674715,682.87776856,686.27855426,25701217,516243326.13,0.6615,-0.4955,1,0
2023-01-11,sh.600089,682.53768999,692.05988995,682.19761142,683.89800427,682.87776856,29388621,593467737.97,0.7564,0.1494,1,0
2023-01-12,sh.600089,686.9587114,694.78051851,685.59839712,687.29878997,683.89800427,25406136,515297353.33,0.6539,0.4973,1,0
2023-01-13,sh.600089,688.31902568,691.71981138,679.81706143,684.23808284,687.29878997,26035068,523732757.23,0.6701,-0.4453,1,0
2023-01-16,sh.600089,684.23808284,695.46067565,681.85753285,691.03965424,684.23808284,38600731,783339086.39,0.9935,0.994,1,0
2023-01-17,sh.600089,694.10036137,698.18130421,688.31902568,692.39996852,691.03965424,26822432,546088539.43,0.6903,0.1969,1,0
2023-01-18,sh.600089,693.08012566,697.1610685,690.69957567,693.08012566,692.39996852,22369445,456657264.93,0.5757,0.0982,1,0
2023-01-19,sh.600089,690.69957567,695.12059708,687.29878997,694.78051851,693.08012566,22535230,458639580.96,0.58,0.2453,1,0
2023-01-20,sh.600089,710.42413273,723.68719696,707.3634256,722.32688268,694.78051851,75941070,1603980735.16,1.9545,3.9648,1,0
2023-01-30,sh.600089,731.50900407,735.58994691,721.30664697,722.32688268,722.32688268,64454361,1378040589.2,1.6589,0.0,1,0
2023-01-31,sh.600089,720.9665684,726.06774695,718.58601841,723.68719696,722.32688268,33573735,713983271.85,0.8641,0.1883,1,0
2023-02-01,sh.600089,723.34711839,733.54947549,721.98680411,733.54947549,723.68719696,50400677,1078898791.99,1.2972,1.3628,1,0
2023-02-02,sh.600089,737.29033976,738.99073261,725.38758981,729.46853265,733.54947549,46086448,990490235.52,1.1861,-0.5563,1,0
2023-02-03,sh.600089,728.78837551,728.78837551,711.10428987,717.90586127,729.46853265,44731654,943797378.36,1.1513,-1.5851,1,0
2023-02-06,sh.600089,715.18523271,726.06774695,713.14476129,722.66696125,717.90586127,32269307,685233773.12,0.8305,0.6632,1,0
2023-02-07,sh.600089,722.66696125,724.70743267,718.24593984,721.64672554,722.66696125,23319557,494452812.42,0.6002,-0.1412,1,0
2023-02-08,sh.600089,722.32688268,726.40782552,719.94633269,723.34711839,721.64672554,23510842,499893404.76,0.6051,0.2356,1,0
2023-02-09,sh.600089,720.9665684,727.08798266,719.26617555,725.72766838,723.34711839,29965456,638101262.15,0.7712,0.3291,1,0
2023-02-10,sh.600089,725.38758981,725.38758981,715.52531128,717.22570413,725.72766838,29840285,631813027.77,0.768,-1.1715,1,0
2023-02-13,sh.600089,718.24593984,720.9665684,713.14476129,717.22570413,717.22570413,30124358,635234991.52,0.7753,0.0,1,0
2023-02-14,sh.600089,716.88562556,729.12845408,715.86538985,727.08798266,717.22570413,43282526,922014242.94,1.114,1.3751,1,0
2023-02-15,sh.600089,724.3673541,727.7681398,718.58601841,720.28641126,727.08798266,31014404,659110330.21,0.7982,-0.9355,1,0
2023-02-16,sh.600089,719.60625412,721.98680411,695.46067565,701.58208991,720.28641126,48787445,1019662838.4,1.2556,-2.5968,1,0
2023-02-17,sh.600089,702.60232562,708.04358274,696.48091136,698.18130421,701.58208991,28796510,595065533.75,0.7411,-0.4847,1,0
2023-02-20,sh.600089,697.1610685,712.80468272,692.39996852,712.12452558,698.18130421,33089506,685166192.18,0.8516,1.9971,1,0
2023-02-21,sh.600089,714.164997,746.13238258,714.164997,737.9704969,712.12452558,91469456,1979375773.56,2.3541,3.6294,1,0
2023-02-22,sh.600089,734.5697112,738.31057547,729.12845408,731.1689255,737.9704969,37999749,819110618.02,0.978,-0.9217,1,0
2023-02-23,sh.600089,731.84908264,738.65065404,730.48876836,734.5697112,731.1689255,36163206,780718810.36,0.9307,0.4651,1,0
2023-02-24,sh.600089,738.65065404,740.35104689,722.66696125,728.10821837,734.5697112,30080477,644546269.25,0.7742,-0.8796,1,0
2023-02-27,sh.600089,723.68719696,739.33081118,721.30664697,732.52923978,728.10821837,38696665,834661486.69,0.9959,0.6072,1,0
2023-02-28,sh.600089,732.86931835,735.24986834,723.34711839,733.20939692,732.52923978,30695769,658455537.19,0.79,0.0929,1,0
2023-03-01,sh.600089,733.54947549,736.27010405,730.14868979,734.90978977,733.20939692,31948174,689061301.69,0.8222,0.2319,1,0
2023-03-02,sh.600089,733.88955406,735.24986834,723.68719696,725.04751124,734.90978977,34786064,745002345.59,0.8953,-1.342,1,0
2023-03-03,sh.600089,727.7681398,740.35104689,723.34711839,735.24986834,725.04751124,44141329,952616605.77,1.1361,1.4071,1,0
2023-03-06,sh.600089,736.27010405,752.93395398,729.80861122,751.5736397,735.24986834,83696440,1834929449.4,2.1541,2.2202,1,0
2023-03-07,sh.600089,748.172854,749.53316828,734.90978977,735.24986834,751.5736397,54743128,1195555975.42,1.4089,-2.1719,1,0
2023-03-08,sh.600089,733.20939692,738.99073261,721.30664697,725.72766838,735.24986834,49214465,1053910305.88,1.2666,-1.2951,1,0
2023-03-09,sh.600089,728.78837551,730.82884693,719.26617555,721.98680411,725.72766838,24958378,531263623.75,0.6424,-0.5155,1,0
2023-03-10,sh.600089,717.90586127,718.24593984,702.26224705,703.28248276,721.98680411,46683914,969370203.32,1.2015,-2.5907,1,0
2023-03-13,sh.600089,731.1689255,773.67874675,730.82884693,755.31450397,703.28248276,164095725,3646891797.29,4.2233,7.3985,1,0
2023-03-14,sh.600089,755.99466111,760.07560395,731.50900407,740.69112546,755.31450397,98703179,2162575032.07,2.5403,-1.9361,1,0
2023-03-15,sh.600089,742.73159688,768.91764677,738.31057547,764.49662536,740.69112546,110814508,2468897247.33,2.852,3.214,1,0
2023-03-16,sh.600089,754.9744254,760.41568252,740.01096832,743.75183259,764.49662536,84810019,1869514090.4,2.1828,-2.7135,1,0
2023-03-17,sh.600089,749.53316828,751.23356113,727.42806123,744.09191116,743.75183259,84184398,1830330605.91,2.1666,0.0457,1,0
2023-03-20,sh.600089,742.73159688,747.49269686,731.84908264,737.63041833,744.09191116,53324604,1160561459.77,1.3724,-0.8684,1,0
2023-03-21,sh.600089,741.3712826,744.09191116,733.54947549,743.07167545,737.63041833,37861715,821636107.18,0.9744,0.7377,1,0
2023-03-22,sh.600089,747.15261829,748.51293257,734.90978977,738.99073261,743.07167545,38397945,836125126.23,0.9882,-0.5492,1,0
2023-03-23,sh.600089,734.90978977,735.93002548,726.06774695,730.48876836,738.99073261,48059280,1031002395.14,1.2369,-1.1505,1,0
2023-03-24,sh.600089,730.48876836,736.27010405,724.3673541,730.48876836,730.48876836,34793101,748013711.85,0.8955,0.0,1,0
2023-03-27,sh.600089,730.48876836,738.65065404,721.98680411,735.58994691,730.48876836,47596531,1024126375.68,1.225,0.6983,1,0
2023-03-28,sh.600089,734.5697112,752.25379684,732.86931835,741.71136117,735.58994691,58653067,1282257750.25,1.5096,0.8322,1,0
2023-03-29,sh.600089,744.09191116,746.13238258,735.58994691,738.99073261,741.71136117,35189144,765859184.8,0.9057,-0.3668,1,0
2023-03-30,sh.600089,738.65065404,741.71136117,727.7681398,741.71136117,738.99073261,36580180,790286458.49,0.9415,0.3682,1,0
2023-03-31,sh.600089,742.05143974,747.15261829,736.61018262,738.31057547,741.71136117,39029391,850558125.73,1.0045,-0.4585,1,0
2023-04-03,sh.600089,734.90978977,742.73159688,730.48876836,738.99073261,738.31057547,46265472,1002337326.47,1.1907,0.0921,1,0
2023-04-04,sh.600089,738.65065404,738.65065404,727.08798266,729.80861122,738.99073261,46238127,993779806.74,1.1891,-1.2425,1,0
2023-04-06,sh.600089,727.7681398,733.54947549,722.66696125,732.86931835,729.80861122,36033280,770421180.46,0.9267,0.4194,1,0
2023-04-07,sh.600089,731.1689255,734.5697112,727.08798266,727.42806123,732.86931835,25892887,555938799.67,0.6659,-0.7425,1,0
2023-04-10,sh.600089,733.88955406,745.79230401,733.54947549,742.73159688,727.42806123,61090556,1329334615.34,1.5711,2.1038,1,0
2023-04-11,sh.600089,740.69112546,743.07167545,734.5697112,737.9704969,742.73159688,30838097,668582386.11,0.7931,-0.641,1,0
2023-04-12,sh.600089,736.95026119,739.33081118,730.14868979,731.50900407,737.9704969,31736863,683623742.5,0.8162,-0.8756,1,0
2023-04-13,sh.600089,733.54947549,737.29033976,728.78837551,730.14868979,731.50900407,27583105,593494164.54,0.7094,-0.186,1,0
2023-04-14,sh.600089,731.50900407,737.63041833,728.78837551,735.24986834,730.14868979,31492227,680181653.58,0.8099,0.6986,1,0
2023-04-17,sh.600089,734.5697112,750.21332542,732.86931835,747.83277543,735.24986834,59407041,1300203080.34,1.5278,1.7114,1,0
2023-04-18,sh.600089,751.23356113,769.59780391,748.51293257,768.23748963,747.83277543,96786884,2170867062.51,2.4891,2.7285,1,0
2023-04-19,sh.600089,768.23748963,770.95811819,759.73552538,764.83670393,768.23748963,59539814,1339609974.28,1.5312,-0.4427,1,0
2023-04-20,sh.600089,762.11607537,788.30212526,759.39544681,782.86086814,764.83670393,92101760,2103371529.91,2.3686,2.3566,1,0
2023-04-21,sh.600089,784.56126099,788.9822824,771.63827533,778.09976816,782.86086814,74443862,1707139521.51,1.9145,-0.6082,1,0
2023-04-24,sh.600089,782.180711,785.92157527,762.79623251,770.27796105,778.09976816,62351582,1415165657.92,1.6035,-1.0052,1,0
2023-04-25,sh.600089,754.9744254,763.13631108,731.1689255,740.35104689,770.27796105,99457909,2174147173.75,2.5577,-3.8852,1,0
2023-04-26,sh.600089,742.05143974,783.54102528,739.33081118,773.33866818,740.35104689,103456323,2324136753.77,2.6606,4.4557,1,0
2023-04-27,sh.600089,773.67874675,776.73945388,756.67481825,760.41568252,773.33866818,59753186,1339313806.52,1.5367,-1.6711,1,0
2023-04-28,sh.600089,760.07560395,772.31843247,758.3752111,768.23748963,760.41568252,54166310,1217749625.76,1.393,1.0286,1,0
2023-05-04,sh.600089,761.7759968,788.64220383,760.07560395,778.7799253,768.23748963,68125324,1562427728.22,1.752,1.3723,1,0
2023-05-05,sh.600089,778.09976816,786.26165384,767.55733249,779.80016101,778.7799253,58711050,1342642557.13,1.5099,0.131,1,0
2023-05-08,sh.600089,779.12000387,821.28974655,778.7799253,811.76754659,779.80016101,110402725,2613251363.0,2.8392,4.0994,1,0
2023-05-09,sh.600089,812.10762516,818.90919656,797.82432522,798.50448236,811.76754659,83914438,1989491286.21,2.158,-1.6339,1,0
2023-05-10,sh.600089,797.82432522,831.49210365,796.12393237,809.3869966,798.50448236,103554799,2485469048.11,2.6631,1.3629,1,0
2023-05-11,sh.600089,809.04691803,817.54888228,801.56518949,811.42746802,809.3869966,53945019,1285059743.7,1.3873,0.2521,1,0
2023-05-12,sh.600089,809.04691803,809.3869966,781.50055386,781.84063243,811.42746802,71995841,1678765070.43,1.8515,-3.6463,1,0
2023-05-15,sh.600089,787.28188955,804.28581805,782.52078957,802.5854252,781.84063243,53466951,1251307383.29,1.375,2.6533,1,0
2023-05-16,sh.600089,802.5854252,818.56911799,797.48424665,804.62589662,802.5854252,59886300,1423404532.24,1.5401,0.2542,1,0
2023-05-17,sh.600089,807.68660375,818.22903942,802.92550377,814.82825372,804.62589662,53262212,1270995201.38,1.3697,1.268,1,0
2023-05-18,sh.600089,816.86872514,817.88896085,799.52471807,806.32628947,814.82825372,47159085,1118217963.77,1.2128,-1.0434,1,0
2023-05-19,sh.600089,803.60566091,803.60566091,789.66243954,794.76361809,806.32628947,33863891,792272291.1,0.8709,-1.434,1,0
2023-05-22,sh.600089,792.04298953,802.24534663,789.66243954,796.12393237,794.76361809,32171207,753428245.06,0.8273,0.1712,1,0
2023-05-23,sh.600089,796.12393237,796.12393237,775.3791396,775.3791396,796.12393237,57064758,1309910394.1,1.4675,-2.6057,1,0
2023-05-24,sh.600089,774.01882532,784.22118242,769.25772534,769.93788248,775.3791396,35771185,816995214.94,0.9199,-0.7018,1,0
2023-05-25,sh.600089,768.5775682,779.80016101,767.21725392,774.69898246,769.93788248,34377582,781314937.34,0.8841,0.6184,1,0
2023-05-26,sh.600089,775.03906103,775.3791396,758.71528967,771.29819676,774.69898246,32470860,730628639.53,0.835,-0.439,1,0
2023-05-29,sh.600089,777.07953245,782.86086814,772.65851104,774.35890389,771.29819676,32570743,743676030.01,0.8376,0.3968,1,0
2023-05-30,sh.600089,774.35890389,783.54102528,770.27796105,779.12000387,774.35890389,35500580,811825071.92,0.913,0.6148,1,0
2023-05-31,sh.600089,775.71921817,777.07953245,760.41568252,760.75576109,779.12000387,40429632,911268403.94,1.0397,-2.357,1,0
2023-06-01,sh.600089,760.75576109,768.91764677,757.69505396,761.43591823,760.75576109,30797053,691417660.64,0.792,0.0894,1,0
2023-06-02,sh.600089,762.79623251,772.99858961,762.11607537,772.99858961,761.43591823,29616426,669475808.31,0.7616,1.5185,1,0
2023-06-05,sh.600089,775.03906103,776.73945388,764.83670393,768.5775682,772.99858961,24393003,551371452.87,0.6273,-0.5719,1,0
2023-06-06,sh.600089,763.13631108,764.83670393,742.73159688,743.75183259,768.5775682,49386834,1089003826.53,1.2701,-3.2301,1,0
2023-06-07,sh.600089,742.39151831,747.83277543,732.86931835,747.49269686,743.75183259,34433754,751152712.58,0.8855,0.503,1,0
2023-06-08,sh.600089,745.45222544,751.23356113,744.09191116,748.51293257,747.49269686,30866602,679037555.58,0.7938,0.1365,1,0
2023-06-09,sh.600089,748.51293257,781.84063243,737.9704969,781.84063243,748.51293257,93928885,2086890026.65,2.4156,4.4525,1,0
2023-06-12,sh.600089,765.51686107,784.90133956,761.43591823,774.01882532,781.84063243,59701184,1358516730.77,1.5353,-1.0004,1,0
2023-06-13,sh.600089,774.35890389,775.03906103,764.15654679,769.59780391,774.01882532,27703926,626376500.65,0.7125,-0.5712,1,0
2023-06-14,sh.600089,770.61803962,771.29819676,757.01489682,758.03513253,769.59780391,30591890,687979250.86,0.7867,-1.5024,1,0
2023-06-15,sh.600089,755.99466111,770.27796105,752.59387541,764.49662536,758.03513253,41437184,929991303.42,1.0656,0.8524,1,0
2023-06-16,sh.600089,765.1767825,769.59780391,761.43591823,763.47638965,764.49662536,34457005,774580489.99,0.8861,-0.1335,1,0
2023-06-19,sh.600089,764.83670393,765.1767825,755.31450397,756.33473968,763.47638965,29520949,657933647.62,0.7592,-0.9354,1,0
2023-06-20,sh.600089,758.3752111,767.21725392,755.99466111,761.09583966,756.33473968,30322625,678751827.45,0.7798,0.6295,1,0
2023-06-21,sh.600089,758.71528967,771.29819676,754.63434683,754.9744254,761.09583966,30262506,678376044.61,0.7783,-0.8043,1,0
2023-06-26,sh.600089,746.47246115,748.172854,737.9704969,740.69112546,754.9744254,28985296,632851470.49,0.7454,-1.8919,1,0
2023-06-27,sh.600089,746.13238258,751.91371827,743.07167545,749.53316828,740.69112546,20141319,442736901.98,0.518,1.1938,1,0
2023-06-28,sh.600089,748.172854,759.05536824,741.3712826,757.01489682,749.53316828,27656979,610518966.67,0.7112,0.9982,1,0
2023-06-29,sh.600089,754.63434683,757.69505396,750.89348256,752.25379684,757.01489682,17703077,392179619.48,0.4553,-0.6289,1,0
2023-06-30,sh.600089,751.5736397,760.07560395,750.21332542,758.03513253,752.25379684,20472694,455573541.44,0.5263,0.7685,1,0
2023-07-03,sh.600089,758.3752111,767.89741106,756.67481825,764.83670393,758.03513253,28170121,632394979.47,0.7244,0.8973,1,0
2023-07-04,sh.600089,765.51686107,766.53709678,753.61411112,759.05536824,764.83670393,27130715,606082784.68,0.6974,-0.7559,1,0
2023-07-05,sh.600089,760.75576109,761.43591823,745.79230401,747.15261829,759.05536824,29901936,660277329.82,0.7686,-1.5681,1,0
2023-07-06,sh.600089,745.11214687,748.172854,741.3712826,746.13238258,747.15261829,23511556,514548699.48,0.6044,-0.1365,1,0
2023-07-07,sh.600089,743.07167545,745.45222544,738.65065404,744.43198973,746.13238258,17367815,378727287.99,0.4464,-0.2279,1,0
2023-07-10,sh.600089,744.7720683,762.79623251,744.7720683,757.69505396,744.43198973,38462328,856079265.8,0.9887,1.7816,1,0
2023-07-11,sh.600089,758.03513253,759.05536824,751.5736397,759.05536824,757.69505396,22342101,496678300.66,0.5743,0.1795,1,0
2023-07-12,sh.600089,763.81646822,786.60173241,762.79623251,778.7799253,759.05536824,84530125,1932119258.39,2.1729,2.5986,1,0
2023-07-13,sh.600089,779.12000387,791.36283239,778.09976816,781.16047529,778.7799253,45775353,1052387239.14,1.1767,0.3057,1,0
2023-07-14,sh.600089,780.14023958,781.50055386,772.99858961,778.09976816,781.16047529,34452581,786796970.96,0.8856,-0.3918,1,0
2023-07-17,sh.600089,778.43984673,781.16047529,770.95811819,772.99858961,778.09976816,37174277,846011021.17,0.9556,-0.6556,1,0
2023-07-18,sh.600089,781.83030124,782.29512306,761.37814116,770.67457756,772.99868666,59121179,975491215.23,1.1706,-0.3007,1,0
2023-07-19,sh.600089,766.956003,771.13939938,760.44849752,762.77260662,770.67457756,34053190,559780820.18,0.6743,-1.0253,1,0
2023-07-20,sh.600089,758.58921024,758.58921024,740.46115926,744.64455564,762.77260662,57501181,924655789.22,1.1385,-2.3766,1,0
2023-07-21,sh.600089,745.10937746,748.82795202,736.7425847,744.64455564,744.64455564,29189579,466740857.5,0.578,0.0,1,0
2023-07-24,sh.600089,745.10937746,751.15206112,741.85562472,747.43348656,744.64455564,26073375,419231850.85,0.5163,0.3745,1,0
2023-07-25,sh.600089,752.08170476,757.19474478,748.82795202,754.87063568,747.43348656,33797403,548339121.47,0.6692,0.995,1,0
2023-07-26,sh.600089,754.87063568,759.9836757,753.0113484,753.94099204,754.87063568,31469686,511789541.76,0.6231,-0.1232,1,0
2023-07-27,sh.600089,755.80027932,757.6595666,743.714912,746.0390211,753.94099204,30253898,488954021.09,0.599,-1.0481,1,0
2023-07-28,sh.600089,745.57419928,759.9836757,740.92598108,756.72992296,746.0390211,41626323,674649962.47,0.8242,1.433,1,0
2023-07-31,sh.600089,758.58921024,770.67457756,758.58921024,761.37814116,756.72992296,41891278,688005925.35,0.8295,0.6143,1,0
2023-08-01,sh.600089,761.37814116,766.956003,756.26510114,765.56153754,761.37814116,37858842,620033713.58,0.7496,0.5495,1,0
2023-08-02,sh.600089,771.6042212,773.9283303,761.37814116,763.70225026,765.56153754,33266045,548335167.97,0.6587,-0.2429,1,0
2023-08-03,sh.600089,763.70225026,777.18208304,762.3077848,772.99868666,763.70225026,46816452,776325275.1,0.927,1.2173,1,0
2023-08-04,sh.600089,772.99868666,779.97101396,771.13939938,774.85797394,772.99868666,43136082,719815123.94,0.8541,0.2405,1,0
2023-08-07,sh.600089,774.39315212,774.39315212,762.77260662,766.49118118,774.85797394,32869674,542609731.3,0.6508,-1.0798,1,0
2023-08-08,sh.600089,764.6318939,765.09671572,755.80027932,759.51885388,766.49118118,26925943,440170476.73,0.5331,-0.9096,1,0
2023-08-09,sh.600089,757.6595666,761.84296298,755.3354575,758.58921024,759.51885388,18472777,301431567.31,0.3658,-0.1224,1,0
2023-08-10,sh.600089,759.9836757,770.67457756,759.51885388,766.02635936,758.58921024,23064615,379644859.92,0.4567,0.9804,1,0
2023-08-11,sh.600089,764.6318939,768.35046846,749.29277384,749.29277384,766.02635936,28594134,465018668.8,0.5662,-2.1845,1,0
2023-08-14,sh.600089,743.714912,750.22241748,739.0666938,750.22241748,749.29277384,24483092,392317872.37,0.4848,0.1241,1,0
2023-08-15,sh.600089,749.29277384,751.61688294,731.16472286,739.0666938,750.22241748,36044618,573733049.16,0.7137,-1.487,1,0
2023-08-16,sh.600089,733.48883196,733.95365378,711.64220642,713.03667188,739.0666938,63461938,982075755.19,1.2566,-3.522,1,0
2023-08-17,sh.600089,710.24774096,710.24774096,693.51415544,704.2050573,713.03667188,51281518,772710541.07,1.0154,-1.2386,1,0
2023-08-18,sh.600089,702.81059184,709.78291914,696.30308636,701.41612638,704.2050573,35157494,530299771.31,0.6961,-0.396,1,0
2023-08-21,sh.600089,700.95130456,700.95130456,685.14736268,685.6121845,701.41612638,38700475,576407811.97,0.7663,-2.2531,1,0
2023-08-22,sh.600089,687.00664996,692.11968998,669.3434208,682.82325358,685.6121845,45366251,661941069.3,0.8983,-0.4068,1,0
2023-08-23,sh.600089,678.6398572,686.54182814,672.13235172,676.3157481,682.82325358,30699251,448872240.63,0.6079,-0.953,1,0
2023-08-24,sh.600089,674.92128264,683.2880754,671.6675299,679.10467902,676.3157481,28698570,418860601.64,0.5682,0.4124,1,0
2023-08-25,sh.600089,679.56950084,681.89360994,672.59717354,677.71021356,679.10467902,22500082,327561726.49,0.4455,-0.2053,1,0
2023-08-28,sh.600089,713.5014937,719.07935554,681.89360994,687.9362936,677.71021356,53367809,802474026.39,1.0567,1.5089,1,0
2023-08-29,sh.600089,690.2604027,700.95130456,683.75289722,697.23273,687.9362936,33809953,505963922.75,0.6694,1.3514,1,0
2023-08-30,sh.600089,699.09201728,700.48648274,689.33075906,691.19004634,697.23273,28151002,420266021.17,0.5574,-0.8667,1,0
2023-08-31,sh.600089,692.11968998,694.44379908,681.89360994,683.2880754,691.19004634,24728886,365043673.52,0.4896,-1.1432,1,0
2023-09-01,sh.600089,681.89360994,694.44379908,681.89360994,690.2604027,683.2880754,24492766,363032593.94,0.485,1.0204,1,0
2023-09-04,sh.600089,691.65486816,700.95130456,690.72522452,698.62719546,690.2604027,38173029,572504215.2,0.7558,1.2121,1,0
2023-09-05,sh.600089,696.76790818,699.09201728,690.2604027,695.37344272,698.62719546,28707040,429097232.52,0.5684,-0.4657,1,0
2023-09-06,sh.600089,692.5845118,693.04933362,687.00664996,690.2604027,695.37344272,25904928,384424651.56,0.5129,-0.7353,1,0
2023-09-07,sh.600089,689.79558088,690.2604027,676.3157481,676.78056992,690.2604027,33177422,487024483.68,0.6569,-1.9529,1,0
2023-09-08,sh.600089,673.991639,676.3157481,661.44144986,665.62484624,676.78056992,37256660,533539709.37,0.7377,-1.6484,1,0
2023-09-11,sh.600089,670.73788626,681.89360994,669.80824262,673.991639,665.62484624,36599452,531481788.67,0.7247,1.257,1,0
2023-09-12,sh.600089,673.991639,680.9639663,673.991639,675.38610446,673.991639,24465625,356346711.78,0.4844,0.2069,1,0
2023-09-13,sh.600089,675.85092628,677.71021356,666.08966806,668.41377716,675.38610446,27968205,403488235.74,0.5538,-1.0323,1,0
2023-09-14,sh.600089,667.94895534,675.38610446,666.08966806,673.06199536,668.41377716,22896442,330759559.86,0.4532,0.6954,1,0
2023-09-15,sh.600089,675.85092628,677.71021356,668.87859898,670.27306444,673.06199536,24330894,352348725.39,0.4815,-0.4144,1,0
2023-09-18,sh.600089,670.27306444,676.3157481,665.62484624,675.85092628,670.27306444,21127382,305928405.05,0.4181,0.8322,1,0
2023-09-19,sh.600089,675.38610446,676.3157481,670.73788626,674.92128264,675.85092628,17168125,248665006.91,0.3398,-0.1376,1,0
2023-09-20,sh.600089,676.3157481,677.24539174,670.27306444,670.27306444,674.92128264,19443680,282008615.28,0.3848,-0.6887,1,0
2023-09-21,sh.600089,668.87859898,672.59717354,664.6952026,667.48413352,670.27306444,22410495,321888553.03,0.4435,-0.4161,1,0
2023-09-22,sh.600089,665.16002442,676.78056992,664.23038078,676.3157481,667.48413352,33303344,480798320.18,0.6591,1.3231,1,0
2023-09-25,sh.600089,672.59717354,681.42878812,672.13235172,678.6398572,676.3157481,27176034,396477094.18,0.5379,0.3436,1,0
2023-09-26,sh.600089,678.17503538,682.82325358,673.991639,676.3157481,678.6398572,19722864,287297009.32,0.3903,-0.3425,1,0
2023-09-27,sh.600089,675.85092628,690.2604027,675.85092628,687.47147178,676.3157481,40119277,592083812.02,0.794,1.6495,1,0
2023-09-28,sh.600089,687.9362936,691.19004634,685.6121845,688.86593724,687.47147178,26777304,396546730.95,0.53,0.2028,1,0
2023-10-09,sh.600089,687.9362936,690.72522452,680.49914448,688.86593724,688.86593724,25238027,372687175.16,0.4995,0.0,1,0
2023-10-10,sh.600089,690.2604027,694.9086209,685.6121845,685.6121845,688.86593724,21480785,318486634.81,0.4251,-0.4723,1,0
2023-10-11,sh.600089,686.54182814,692.11968998,678.6398572,680.03432266,685.6121845,26214944,385790841.0,0.5188,-0.8136,1,0
2023-10-12,sh.600089,687.9362936,693.51415544,682.35843176,692.11968998,680.03432266,30084090,446414467.5,0.5954,1.7772,1,0
2023-10-13,sh.600089,688.86593724,688.86593724,683.75289722,685.14736268,692.11968998,18895643,278752932.57,0.374,-1.0074,1,0
2023-10-16,sh.600089,685.6121845,686.07700632,670.27306444,673.991639,685.14736268,26629960,387245906.32,0.527,-1.6282,1,0
2023-10-17,sh.600089,676.3157481,681.42878812,673.06199536,678.17503538,673.991639,17360578,252890678.08,0.3436,0.6207,1,0
2023-10-18,sh.600089,676.3157481,676.78056992,669.3434208,673.991639,678.17503538,20424626,295239011.3,0.4042,-0.6169,1,0
2023-10-19,sh.600089,670.73788626,672.59717354,660.97662804,661.44144986,673.991639,27603283,395066935.21,0.5463,-1.8621,1,0
2023-10-20,sh.600089,660.0469844,666.55448988,655.86358802,660.0469844,661.44144986,22590104,321135524.4,0.4471,-0.2108,1,0
2023-10-23,sh.600089,657.7228753,658.65251894,628.43910064,634.4817843,660.0469844,41996229,579569370.71,0.8312,-3.8732,1,0
2023-10-24,sh.600089,637.73553704,643.31339888,631.22803156,641.4541116,634.4817843,24432057,335355845.78,0.4835,1.0989,1,0
2023-10-25,sh.600089,646.1023298,666.08966806,645.63750798,654.46912256,641.4541116,28465580,401162303.96,0.5634,2.029,1,0
2023-10-26,sh.600089,646.1023298,651.21536982,634.4817843,650.28572618,654.46912256,27755160,384163019.13,0.5493,-0.6392,1,0
2023-10-27,sh.600089,644.70786434,660.97662804,642.84857706,655.86358802,650.28572618,28398353,399267564.64,0.562,0.8578,1,0
2023-10-30,sh.600089,655.3987662,657.7228753,648.4264389,654.46912256,655.86358802,29550774,415245128.27,0.5848,-0.2126,1,0
2023-10-31,sh.600089,654.93394438,657.25805348,645.63750798,650.28572618,654.46912256,25311445,353494597.76,0.5009,-0.6392,1,0
2023-11-01,sh.600089,657.25805348,659.11734076,649.35608254,651.21536982,650.28572618,21142917,296983854.11,0.4184,0.143,1,0
2023-11-02,sh.600089,652.60983528,654.93394438,644.24304252,644.70786434,651.21536982,20286431,283002185.3,0.4015,-0.9993,1,0
2023-11-03,sh.600089,644.24304252,652.14501346,644.24304252,647.96161708,644.70786434,25388402,354141517.38,0.5025,0.5047,1,0
2023-11-06,sh.600089,649.82090436,657.25805348,649.35608254,653.53947892,647.96161708,36225229,509064048.74,0.7169,0.8608,1,0
2023-11-07,sh.600089,652.14501346,654.93394438,645.17268616,653.0746571,653.53947892,29688072,414954197.91,0.5876,-0.0711,1,0
2023-11-08,sh.600089,653.0746571,653.0746571,643.7782207,647.96161708,653.0746571,31392209,437616448.07,0.6213,-0.7829,1,0
2023-11-09,sh.600089,646.1023298,667.0193117,644.24304252,664.6952026,647.96161708,65530986,931057950.66,1.2969,2.5825,1,0
2023-11-10,sh.600089,660.97662804,661.44144986,654.00430074,655.3987662,664.6952026,29336378,414047415.5,0.5806,-1.3986,1,0
2023-11-13,sh.600089,657.25805348,658.65251894,648.4264389,654.00430074,655.3987662,24222322,339604961.38,0.4794,-0.2128,1,0
2023-11-14,sh.600089,656.32840984,658.18769712,650.750548,654.00430074,654.00430074,21409735,301237954.2,0.4237,0.0,1,0
2023-11-15,sh.600089,658.18769712,661.90627168,655.86358802,660.0469844,654.00430074,33895623,480568226.4,0.6708,0.924,1,0
2023-11-16,sh.600089,657.7228753,658.65251894,653.0746571,653.0746571,660.0469844,23861268,336034250.19,0.4722,-1.0563,1,0
2023-11-17,sh.600089,651.68019164,654.93394438,647.49679526,654.93394438,653.0746571,21488149,301015565.14,0.4253,0.2847,1,0
2023-11-20,sh.600089,655.86358802,657.7228753,651.21536982,655.3987662,654.93394438,22611352,318632808.41,0.4475,0.071,1,0
2023-11-21,sh.600089,655.86358802,657.25805348,651.21536982,652.14501346,655.3987662,25145658,354081991.97,0.4977,-0.4965,1,0
2023-11-22,sh.600089,650.750548,652.60983528,645.17268616,645.17268616,652.14501346,24366452,339818328.12,0.4822,-1.0691,1,0
2023-11-23,sh.600089,644.24304252,647.49679526,642.38375524,647.03197344,645.17268616,18330219,254148349.78,0.3628,0.2882,1,0
2023-11-24,sh.600089,646.1023298,646.1023298,638.66518068,639.1300025,647.03197344,21825814,301170075.7,0.432,-1.2213,1,0
2023-11-27,sh.600089,641.4541116,641.91893342,633.08731884,640.98928978,639.1300025,24705292,338603100.91,0.489,0.2909,1,0
2023-11-28,sh.600089,641.91893342,660.0469844,639.59482432,654.46912256,640.98928978,50649081,710635932.04,1.0024,2.103,1,0
2023-11-29,sh.600089,653.0746571,658.65251894,651.68019164,655.3987662,654.46912256,30603697,431448252.99,0.6057,0.142,1,0
2023-11-30,sh.600089,655.3987662,657.25805348,645.17268616,647.49679526,655.3987662,25222463,353034018.75,0.4992,-1.2057,1,0
2023-12-01,sh.600089,647.96161708,651.68019164,643.31339888,650.28572618,647.49679526,19930838,277541342.32,0.3945,0.4307,1,0
2023-12-04,sh.600089,649.82090436,654.93394438,644.70786434,645.17268616,650.28572618,20964561,292490218.2,0.4149,-0.7863,1,0
2023-12-05,sh.600089,644.24304252,646.1023298,630.29838792,630.76320974,645.17268616,29327834,402525459.97,0.5804,-2.2334,1,0
2023-12-06,sh.600089,630.76320974,634.4817843,625.1853479,629.8335661,630.76320974,25528151,345936333.56,0.5052,-0.1474,1,0
2023-12-07,sh.600089,630.29838792,630.29838792,621.46677334,627.04463518,629.8335661,23452357,315363175.9,0.4642,-0.4428,1,0
2023-12-08,sh.600089,628.90392246,636.8058934,625.1853479,626.11499154,627.04463518,24028149,325537423.49,0.4755,-0.1483,1,0
2023-12-11,sh.600089,623.32606062,629.8335661,612.17033694,628.43910064,626.11499154,31182942,415348054.02,0.6172,0.3712,1,0
2023-12-12,sh.600089,626.57981336,629.36874428,623.79088244,627.509457,628.43910064,17612846,237048886.39,0.3486,-0.1479,1,0
2023-12-13,sh.600089,627.509457,627.509457,614.95926786,615.42408968,627.509457,22129056,295284585.65,0.438,-1.9259,1,0
2023-12-14,sh.600089,620.5371297,623.79088244,614.02962422,614.49444604,615.42408968,16382973,217957277.74,0.3242,-0.1511,1,0
2023-12-15,sh.600089,616.81855514,620.07230788,611.2406933,612.63515876,614.49444604,20485901,270946107.73,0.4054,-0.3026,1,0
2023-12-18,sh.600089,611.70551512,612.17033694,595.43675142,597.2960387,612.63515876,30342955,393232295.82,0.6005,-2.5038,1,0
2023-12-19,sh.600089,597.2960387,606.12765328,596.36639506,600.54979144,597.2960387,21691492,280044321.19,0.4293,0.5447,1,0
2023-12-20,sh.600089,600.54979144,604.73318782,596.83121688,597.2960387,600.54979144,15473415,200005410.33,0.3062,-0.5418,1,0
2023-12-21,sh.600089,594.9719296,609.84622784,594.04228596,607.05729692,597.2960387,30628724,397525603.82,0.6062,1.6342,1,0
2023-12-22,sh.600089,606.5924751,621.46677334,603.80354418,619.60748606,607.05729692,33685439,445796341.57,0.6667,2.0674,1,0
2023-12-25,sh.600089,618.2130206,624.72052608,614.49444604,621.00195152,619.60748606,18812031,251116756.91,0.3723,0.2251,1,0
2023-12-26,sh.600089,621.00195152,623.79088244,616.35373332,619.14266424,621.00195152,17879540,238487393.6,0.3539,-0.2994,1,0
2023-12-27,sh.600089,620.5371297,624.25570426,614.95926786,622.8612388,619.14266424,22068376,294596207.8,0.4368,0.6006,1,0
2023-12-28,sh.600089,621.93159516,648.4264389,620.5371297,644.70786434,622.8612388,59867125,822891536.39,1.1849,3.5075,1,0
2023-12-29,sh.600089,642.38375524,645.17268616,636.8058934,641.4541116,644.70786434,39521795,544084773.03,0.7822,-0.5047,1,0
2024-01-02,sh.600089,638.20035886,647.96161708,638.20035886,644.70786434,641.4541116,26800108,371798995.12,0.5304,0.5072,1,0
2024-01-03,sh.600089,645.17268616,654.00430074,643.7782207,652.14501346,644.70786434,36368420,508514597.91,0.7198,1.1536,1,0
2024-01-04,sh.600089,652.14501346,654.00430074,644.70786434,649.82090436,652.14501346,31717517,442318693.04,0.6277,-0.3564,1,0
2024-01-05,sh.600089,649.35608254,654.93394438,644.24304252,647.03197344,649.82090436,31810802,444168196.39,0.6296,-0.4292,1,0
2024-01-08,sh.600089,648.89126072,652.14501346,642.38375524,648.4264389,647.03197344,35052152,489427160.21,0.6937,0.2155,1,0
2024-01-09,sh.600089,647.49679526,658.65251894,643.31339888,655.3987662,648.4264389,37083459,521818987.19,0.7339,1.0753,1,0
2024-01-10,sh.600089,653.0746571,661.44144986,651.21536982,656.32840984,655.3987662,29700146,420549298.52,0.5878,0.1418,1,0
2024-01-11,sh.600089,654.00430074,657.7228753,651.68019164,654.93394438,656.32840984,25327797,356675947.06,0.5013,-0.2125,1,0
2024-01-12,sh.600089,654.93394438,668.41377716,653.53947892,662.83591532,654.93394438,43853538,626407253.54,0.8679,1.2065,1,0
2024-01-15,sh.600089,660.0469844,666.08966806,659.11734076,662.83591532,662.83591532,30965847,441852650.18,0.6129,0.0,1,0
2024-01-16,sh.600089,662.83591532,673.991639,661.44144986,673.991639,662.83591532,56237446,811024383.65,1.113,1.683,1,0
2024-01-17,sh.600089,673.991639,676.3157481,661.44144986,661.44144986,673.991639,36637690,527310915.09,0.7251,-1.8621,1,0
2024-01-18,sh.600089,660.0469844,675.38610446,651.21536982,674.92128264,661.44144986,70920906,1010827991.85,1.4036,2.0379,1,0
2024-01-19,sh.600089,670.27306444,674.92128264,661.44144986,664.6952026,674.92128264,39476841,567335309.85,0.7813,-1.5152,1,0
2024-01-22,sh.600089,662.3710935,665.62484624,645.17268616,652.60983528,664.6952026,49556465,700739503.73,0.9808,-1.8182,1,0
2024-01-23,sh.600089,650.750548,665.16002442,647.03197344,658.65251894,652.60983528,36059382,510495617.82,0.7137,0.9259,1,0
2024-01-24,sh.600089,660.51180622,666.08966806,649.82090436,665.16002442,658.65251894,37224925,528057174.17,0.7367,0.988,1,0
2024-01-25,sh.600089,665.62484624,675.85092628,662.83591532,675.38610446,665.16002442,45129885,652326669.18,0.8932,1.5374,1,0
2024-01-26,sh.600089,675.38610446,683.75289722,671.20270808,676.78056992,675.38610446,39983611,582508203.34,0.7913,0.2065,1,0
2024-01-29,sh.600089,677.71021356,680.9639663,667.48413352,667.94895534,676.78056992,32996598,476818880.5,0.653,-1.3049,1,0
2024-01-30,sh.600089,668.41377716,672.59717354,661.44144986,661.90627168,667.94895534,31561365,453657334.72,0.6246,-0.9047,1,0
2024-01-31,sh.600089,660.0469844,664.23038078,646.1023298,653.0746571,661.90627168,37125264,523239602.78,0.7348,-1.3343,1,0
2024-02-01,sh.600089,651.68019164,660.51180622,649.82090436,650.750548,653.0746571,29561655,416211273.89,0.5851,-0.3559,1,0
2024-02-02,sh.600089,651.21536982,655.3987662,614.95926786,640.05964614,650.750548,47871502,658312108.04,0.9474,-1.6429,1,0
2024-02-05,sh.600089,636.34107158,647.96161708,613.09998058,639.59482432,640.05964614,51674540,704575657.76,1.0227,-0.0726,1,0
2024-02-06,sh.600089,639.1300025,669.80824262,636.8058934,669.80824262,639.59482432,59949018,851324005.19,1.1865,4.7238,1,0
2024-02-07,sh.600089,672.59717354,677.24539174,667.48413352,674.92128264,669.80824262,60280492,873552148.1,1.193,0.7634,1,0
2024-02-08,sh.600089,677.71021356,684.21771904,674.92128264,680.03432266,674.92128264,56846433,830665407.31,1.1251,0.7576,1,0
2024-02-19,sh.600089,682.35843176,692.11968998,676.78056992,690.2604027,680.03432266,56944339,841774880.44,1.127,1.5038,1,0
2024-02-20,sh.600089,687.00664996,693.51415544,684.21771904,689.33075906,690.2604027,33714652,500227754.8,0.6673,-0.1347,1,0
2024-02-21,sh.600089,686.07700632,696.76790818,684.68254086,689.79558088,689.33075906,53179526,790907602.63,1.0525,0.0674,1,0
2024-02-22,sh.600089,690.2604027,695.37344272,685.6121845,692.5845118,689.79558088,35417731,526470728.4,0.701,0.4043,1,0
2024-02-23,sh.600089,695.83826454,713.03667188,695.83826454,700.02166092,692.5845118,53154691,803431632.99,1.052,1.0738,1,0
2024-02-26,sh.600089,700.95130456,700.95130456,685.6121845,687.00664996,700.02166092,51751726,769781690.99,1.0242,-1.8592,1,0
2024-02-27,sh.600089,685.6121845,689.33075906,683.75289722,689.33075906,687.00664996,36321096,536552529.96,0.7188,0.3383,1,0
2024-02-28,sh.600089,691.19004634,700.95130456,682.35843176,682.35843176,689.33075906,49570800,738696120.25,0.9811,-1.0115,1,0
2024-02-29,sh.600089,680.9639663,693.97897726,679.10467902,692.11968998,682.35843176,38294899,567987279.51,0.7579,1.4305,1,0
2024-03-01,sh.600089,692.5845118,700.48648274,691.19004634,698.62719546,692.11968998,39900532,598288717.61,0.7897,0.9402,1,0
2024-03-04,sh.600089,703.74023548,733.95365378,703.27541366,731.62954468,698.62719546,120867942,1879449968.43,2.3921,4.7239,1,0
2024-03-05,sh.600089,735.34811924,737.67222834,719.54417736,723.72757374,731.62954468,83063177,1294172207.55,1.6439,-1.0801,1,0
2024-03-06,sh.600089,720.93864282,779.04137032,718.1497119,761.37814116,723.72757374,170464779,2774461430.24,3.3737,5.2023,1,0
2024-03-07,sh.600089,757.6595666,761.37814116,746.0390211,757.6595666,761.37814116,99161403,1610221213.04,1.9625,-0.4884,1,0
2024-03-08,sh.600089,757.6595666,776.2524394,750.22241748,755.3354575,757.6595666,87150969,1424383853.47,1.7248,-0.3067,1,0
2024-03-11,sh.600089,764.6318939,772.53386484,755.80027932,762.3077848,755.3354575,93015354,1527307869.4,1.8409,0.9231,1,0
2024-03-12,sh.600089,766.02635936,769.74493392,745.57419928,747.89830838,762.3077848,98220490,1594152879.62,1.9439,-1.8902,1,0
2024-03-13,sh.600089,746.96866474,752.08170476,739.53151562,743.25009018,747.89830838,60745632,973296781.4,1.2022,-0.6215,1,0
2024-03-14,sh.600089,739.53151562,748.3631302,727.91097012,735.34811924,743.25009018,57205090,907318627.99,1.1322,-1.0632,1,0
2024-03-15,sh.600089,730.23507922,736.7425847,726.51650466,735.81294106,735.34811924,41624890,655333110.28,0.8238,0.0632,1,0
2024-03-18,sh.600089,736.7425847,745.57419928,736.27776288,742.32044654,735.81294106,53413388,851260172.03,1.0571,0.8844,1,0
2024-03-19,sh.600089,741.3908029,746.0390211,731.16472286,732.0943665,742.32044654,41850046,663771478.24,0.8283,-1.3776,1,0
2024-03-20,sh.600089,732.0943665,736.7425847,726.98132648,732.55918832,732.0943665,31915382,502107765.46,0.6316,0.0635,1,0
2024-03-21,sh.600089,733.95365378,734.4184756,720.00899918,722.7979301,732.55918832,44546095,694641181.0,0.8816,-1.3325,1,0
2024-03-22,sh.600089,720.93864282,727.4461483,712.57185006,724.19239556,722.7979301,43690953,677184259.98,0.8647,0.1929,1,0
2024-03-25,sh.600089,723.26275192,728.37579194,715.8256028,716.29042462,724.19239556,31021105,481608138.05,0.6139,-1.0911,1,0
2024-03-26,sh.600089,714.43113734,718.61453372,706.5291664,714.43113734,716.29042462,29403087,450287384.27,0.5819,-0.2596,1,0
2024-03-27,sh.600089,713.96631552,714.89595916,702.34577002,702.81059184,714.43113734,26964541,410737038.41,0.5337,-1.6265,1,0
2024-03-28,sh.600089,701.41612638,712.10702824,700.95130456,703.27541366,702.81059184,34396752,522126159.43,0.6808,0.0661,1,0
2024-03-29,sh.600089,702.81059184,714.43113734,701.8809482,712.10702824,703.27541366,33280075,508329030.31,0.6587,1.2558,1,0
2024-04-01,sh.600089,715.36078098,725.58686102,713.5014937,723.26275192,712.10702824,40003919,620757928.58,0.7917,1.5666,1,0
2024-04-02,sh.600089,722.7979301,726.51650466,714.89595916,718.1497119,723.26275192,33019651,510064763.05,0.6535,-0.7069,1,0
2024-04-03,sh.600089,713.5014937,724.19239556,713.5014937,722.33310828,718.1497119,35560021,550027073.27,0.7038,0.5825,1,0
2024-04-08,sh.600089,721.86828646,726.05168284,707.92363186,708.38845368,722.33310828,44252658,682581941.53,0.8758,-1.9305,1,0
2024-04-09,sh.600089,685.6121845,685.6121845,655.3987662,674.45646082,708.38845368,95523265,1379753571.42,1.8905,-4.79,1,0
2024-04-10,sh.600089,671.20270808,678.6398572,662.3710935,665.62484624,674.45646082,45782871,659230994.27,0.9061,-1.3094,1,0
2024-04-11,sh.600089,663.76555896,692.5845118,654.93394438,682.35843176,665.62484624,67625243,982642923.92,1.3384,2.514,1,0
2024-04-12,sh.600089,682.35843176,684.21771904,668.87859898,668.87859898,682.35843176,36827479,534701018.42,0.7289,-1.9755,1,0
2024-04-15,sh.600089,669.80824262,685.14736268,668.87859898,678.17503538,668.87859898,46933196,684905178.31,0.9289,1.3899,1,0
2024-04-16,sh.600089,673.52681718,685.14736268,668.87859898,673.991639,678.17503538,48327595,703511405.13,0.9565,-0.6169,1,0
2024-04-17,sh.600089,673.991639,683.75289722,671.6675299,683.2880754,673.991639,38669588,565400261.36,0.7653,1.3793,1,0
2024-04-18,sh.600089,680.9639663,687.9362936,677.24539174,679.56950084,683.2880754,38694097,567876810.48,0.7658,-0.5442,1,0
2024-04-19,sh.600089,675.38610446,676.78056992,656.32840984,664.23038078,679.56950084,56642343,810371525.39,1.121,-2.2572,1,0
2024-04-22,sh.600089,662.3710935,669.3434208,655.3987662,656.32840984,664.23038078,33689917,478212636.11,0.6668,-1.1896,1,0
2024-04-23,sh.600089,655.86358802,658.65251894,634.4817843,637.73553704,656.32840984,53380915,736030674.23,1.0565,-2.8329,1,0
2024-04-24,sh.600089,637.73553704,641.91893342,633.08731884,641.4541116,637.73553704,29901085,410957909.54,0.5918,0.5831,1,0
2024-04-25,sh.600089,637.27071522,637.27071522,627.509457,630.76320974,641.4541116,36585093,497428934.68,0.7241,-1.6667,1,0
2024-04-26,sh.600089,630.76320974,646.56715162,628.43910064,644.24304252,630.76320974,45784080,630249683.18,0.9061,2.1371,1,0
2024-04-29,sh.600089,644.70786434,662.83591532,644.24304252,659.11734076,644.24304252,58766372,828453816.42,1.163,2.3088,1,0
2024-04-30,sh.600089,654.46912256,661.90627168,642.38375524,657.7228753,659.11734076,53428655,751855260.11,1.0574,-0.2116,1,0
2024-05-06,sh.600089,663.30073714,671.20270808,661.44144986,668.41377716,657.7228753,48711410,698365046.93,0.964,1.6254,1,0
2024-05-07,sh.600089,670.27306444,670.73788626,662.3710935,668.41377716,668.41377716,33627345,482097387.42,0.6655,0.0,1,0
2024-05-08,sh.600089,667.48413352,671.6675299,663.30073714,664.6952026,668.41377716,25253846,362707767.58,0.4998,-0.5563,1,0
2024-05-09,sh.600089,664.6952026,675.38610446,664.6952026,670.73788626,664.6952026,37211754,537972105.35,0.7365,0.9091,1,0
2024-05-10,sh.600089,676.3157481,683.2880754,666.55448988,678.6398572,670.73788626,51887670,754819179.95,1.0269,1.1781,1,0
2024-05-13,sh.600089,676.78056992,705.13470094,670.73788626,695.83826454,678.6398572,88268636,1313283535.88,1.7469,2.5342,1,0
2024-05-14,sh.600089,695.83826454,696.76790818,685.6121845,690.2604027,695.83826454,46639208,692867452.57,0.923,-0.8016,1,0
2024-05-15,sh.600089,687.00664996,699.09201728,680.49914448,681.42878812,690.2604027,42313138,626660155.02,0.8374,-1.2795,1,0
2024-05-16,sh.600089,681.42878812,687.00664996,674.45646082,676.3157481,681.42878812,38021539,555432530.17,0.7525,-0.7503,1,0
2024-05-17,sh.600089,675.38610446,679.56950084,667.94895534,679.56950084,676.3157481,34473004,499265714.3,0.6823,0.4811,1,0
2024-05-20,sh.600089,679.56950084,685.14736268,678.6398572,681.42878812,679.56950084,36840803,539472814.38,0.7291,0.2736,1,0
2024-05-21,sh.600089,681.42878812,681.42878812,670.27306444,674.45646082,681.42878812,24692017,358171480.69,0.4887,-1.0232,1,0
2024-05-22,sh.600089,673.991639,701.8809482,672.59717354,694.44379908,674.45646082,77816394,1154612427.57,1.5401,2.9635,1,0
2024-05-23,sh.600089,690.2604027,692.11968998,674.45646082,676.78056992,694.44379908,45413012,665267577.87,0.8988,-2.5435,1,0
2024-05-24,sh.600089,674.45646082,693.51415544,674.45646082,681.42878812,676.78056992,48625685,718395024.62,0.9624,0.6868,1,0
2024-05-27,sh.600089,684.68254086,697.69755182,678.6398572,693.04933362,681.42878812,54451974,809175307.68,1.0777,1.7053,1,0
2024-05-28,sh.600089,692.5845118,700.95130456,687.47147178,692.11968998,693.04933362,54256140,809872846.62,1.0738,-0.1341,1,0
2024-05-29,sh.600089,693.04933362,710.24774096,692.5845118,702.81059184,692.11968998,79082615,1196470794.61,1.5651,1.5447,1,0
2024-05-30,sh.600089,709.31809732,718.1497119,698.62719546,701.8809482,702.81059184,62504656,951072717.02,1.237,-0.1323,1,0
2024-05-31,sh.600089,700.02166092,706.5291664,691.65486816,693.51415544,701.8809482,41297345,619635240.04,0.8173,-1.1921,1,0
2024-06-03,sh.600089,690.2604027,691.19004634,676.78056992,683.75289722,693.51415544,39016926,573627419.73,0.7722,-1.4075,1,0
2024-06-04,sh.600089,682.82325358,700.48648274,677.71021356,699.09201728,683.75289722,42961710,638785774.07,0.8503,2.2434,1,0
2024-06-05,sh.600089,696.76790818,697.23273,681.42878812,681.89360994,699.09201728,35037943,519426031.44,0.6934,-2.4601,1,0
2024-06-06,sh.600089,682.35843176,690.2604027,673.06199536,678.17503538,681.89360994,40480972,593420368.74,0.8012,-0.5453,1,0
2024-06-07,sh.600089,680.49914448,681.42878812,658.65251894,668.87859898,678.17503538,48642330,699398444.29,0.9627,-1.3708,1,0
2024-06-11,sh.600089,664.23038078,667.94895534,660.0469844,664.23038078,668.87859898,26851041,383117324.47,0.5314,-0.6949,1,0
2024-06-12,sh.600089,664.23038078,668.41377716,659.58216258,667.0193117,664.23038078,24453835,349531336.12,0.484,0.4199,1,0
2024-06-13,sh.600089,665.16002442,671.20270808,660.51180622,661.90627168,667.0193117,23404931,335182654.1,0.4632,-0.7666,1,0
2024-06-14,sh.600089,660.97662804,671.6675299,655.86358802,667.48413352,661.90627168,33745214,484652766.02,0.6679,0.8427,1,0
2024-06-17,sh.600089,666.55448988,686.07700632,663.30073714,674.92128264,667.48413352,41199949,600329436.78,0.8154,1.1142,1,0
2024-06-18,sh.600089,673.991639,680.03432266,669.3434208,678.6398572,674.92128264,23730895,345139796.18,0.4697,0.551,1,0
2024-06-19,sh.600089,674.92128264,678.17503538,663.76555896,664.6952026,678.6398572,33600642,482841691.71,0.665,-2.0548,1,0
2024-06-20,sh.600089,664.23038078,664.6952026,654.46912256,654.93394438,664.6952026,26334093,372698196.43,0.5212,-1.4685,1,0
2024-06-21,sh.600089,654.46912256,657.7228753,649.35608254,652.14501346,654.93394438,23350375,327790396.68,0.4621,-0.4258,1,0
2024-06-24,sh.600089,650.750548,656.32840984,644.70786434,644.70786434,652.14501346,25621243,357252043.44,0.5071,-1.1404,1,0
2024-06-25,sh.600089,645.17268616,648.4264389,633.08731884,638.20035886,644.70786434,26051725,358390291.98,0.5156,-1.0094,1,0
2024-06-26,sh.600089,637.73553704,644.24304252,631.22803156,641.91893342,638.20035886,24801935,340604993.99,0.4909,0.5827,1,0
2024-06-27,sh.600089,642.38375524,643.31339888,628.43910064,629.8335661,641.91893342,27652534,376276849.16,0.5473,-1.8827,1,0
2024-06-28,sh.600089,632.62249702,652.60983528,630.76320974,644.70786434,629.8335661,37270114,515738553.07,0.7376,2.3616,1,0
2024-07-01,sh.600089,650.28572618,651.68019164,640.98928978,648.89126072,644.70786434,22854086,317660330.5,0.4523,0.6489,1,0
2024-07-02,sh.600089,647.03197344,647.49679526,639.1300025,640.52446796,648.89126072,23508746,324895616.92,0.4653,-1.2894,1,0
2024-07-03,sh.600089,641.91893342,642.38375524,631.22803156,637.27071522,640.52446796,19659122,268992224.46,0.3891,-0.508,1,0
2024-07-04,sh.600089,640.10068603,642.93090277,634.91195534,636.7987665,637.27046929,19962635,269908437.93,0.3951,-0.074,1,0
2024-07-05,sh.600089,634.91195534,637.27046929,623.11938559,633.02514418,636.7987665,27903435,371714140.02,0.5522,-0.5926,1,0
2024-07-08,sh.600089,628.77981907,629.25152186,615.10043816,619.81746606,633.02514418,23695261,312290537.56,0.469,-2.0864,1,0
2024-07-09,sh.600089,620.76087164,634.44025255,614.15703258,629.72322465,619.81746606,32301520,427391878.41,0.6393,1.5982,1,0
2024-07-10,sh.600089,622.6476828,622.6476828,606.13808515,608.02489631,629.72322465,51906704,672611003.61,1.0273,-3.4457,1,0
2024-07-11,sh.600089,613.68532979,626.89300791,613.213627,624.53449396,608.02489631,38883882,512175409.67,0.7696,2.7153,1,0
2024-07-12,sh.600089,622.6476828,627.3647107,617.45895211,618.40235769,624.53449396,24348752,320584600.84,0.4819,-0.9819,1,0
2024-07-15,sh.600089,618.40235769,618.40235769,610.38341026,610.85511305,618.40235769,24396393,316638128.04,0.4828,-1.2204,1,0
2024-07-16,sh.600089,611.79851863,616.04384374,609.91170747,614.62873537,610.85511305,20774661,270213730.21,0.4112,0.6178,1,0
2024-07-17,sh.600089,615.57214095,619.34576327,611.32681584,618.87406048,614.62873537,24838110,324174933.81,0.4916,0.6907,1,0
2024-07-18,sh.600089,618.87406048,642.93090277,610.85511305,638.21387487,618.87406048,57785765,771586228.84,1.1436,3.125,1,0
2024-07-19,sh.600089,633.49684697,640.57238882,632.55344139,639.62898324,638.21387487,34811357,469798260.04,0.689,0.2217,1,0
2024-07-22,sh.600089,637.27046929,647.64793067,636.32706371,642.45919998,639.62898324,28899418,393386810.32,0.5719,0.4425,1,0
2024-07-23,sh.600089,637.27046929,640.10068603,624.06279117,625.00619675,642.45919998,22686864,304228394.25,0.449,-2.7166,1,0
2024-07-24,sh.600089,624.06279117,627.83641349,614.15703258,616.04384374,625.00619675,22902139,300980231.23,0.4533,-1.434,1,0
2024-07-25,sh.600089,617.9306549,626.89300791,616.04384374,626.42130512,616.04384374,24599960,325046746.67,0.4869,1.6845,1,0
2024-07-26,sh.600089,624.53449396,634.91195534,623.59108838,633.49684697,626.42130512,20462800,274123130.53,0.405,1.1295,1,0
2024-07-29,sh.600089,635.85536092,638.68557766,623.59108838,624.06279117,633.49684697,20898505,278915096.93,0.4136,-1.4892,1,0
2024-07-30,sh.600089,622.17598001,625.94960233,618.40235769,624.06279117,624.06279117,20160239,265872333.82,0.399,0.0,1,0
2024-07-31,sh.600089,624.53449396,640.57238882,621.23257443,638.68557766,624.06279117,28419859,382597104.15,0.5625,2.3432,1,0
2024-08-01,sh.600089,636.7987665,644.81771393,634.91195534,635.85536092,638.68557766,20351499,275909884.22,0.4028,-0.4431,1,0
2024-08-02,sh.600089,634.91195534,639.15728045,628.77981907,630.66663023,635.85536092,22079631,296310253.59,0.437,-0.816,1,0
2024-08-05,sh.600089,628.77981907,637.74217208,622.17598001,622.17598001,630.66663023,27220574,362851202.14,0.5387,-1.3463,1,0
2024-08-06,sh.600089,626.42130512,635.38365813,624.06279117,630.19492744,622.17598001,21914965,292654054.09,0.4337,1.2889,1,0
2024-08-07,sh.600089,630.19492744,640.10068603,630.19492744,635.85536092,630.19492744,24842010,334876730.4,0.4916,0.8982,1,0
2024-08-08,sh.600089,635.85536092,638.68557766,630.19492744,632.0817386,635.85536092,15983990,214365940.87,0.3163,-0.5935,1,0
2024-08-09,sh.600089,633.49684697,636.7987665,627.3647107,627.3647107,632.0817386,13525763,180838079.65,0.2677,-0.7463,1,0
2024-08-12,sh.600089,631.13833302,633.49684697,625.94960233,628.77981907,627.3647107,12690932,169160284.61,0.2512,0.2256,1,0
2024-08-13,sh.600089,626.89300791,629.25152186,618.40235769,623.59108838,628.77981907,18981497,250974243.25,0.3757,-0.8252,1,0
2024-08-14,sh.600089,623.59108838,627.83641349,612.74192421,612.74192421,623.59108838,21743744,284314135.57,0.4303,-1.7398,1,0
2024-08-15,sh.600089,614.15703258,623.59108838,608.96830189,619.34576327,612.74192421,20779578,272014942.54,0.4112,1.0778,1,0
2024-08-16,sh.600089,620.28916885,621.23257443,616.04384374,617.9306549,619.34576327,14678309,192077887.21,0.2905,-0.2285,1,0
2024-08-19,sh.600089,616.98724932,623.59108838,615.10043816,616.04384374,617.9306549,16213627,212679723.88,0.3209,-0.3053,1,0
2024-08-20,sh.600089,616.04384374,616.98724932,603.7795712,608.4965991,616.04384374,22504866,290009687.27,0.4454,-1.2251,1,0
2024-08-21,sh.600089,607.08149073,608.02489631,600.47765167,600.94935446,608.4965991,17592618,225305682.5,0.3482,-1.2403,1,0
2024-08-22,sh.600089,601.89276004,605.19467957,587.74167634,589.15678471,600.94935446,29061610,364351563.54,0.5752,-1.9623,1,0
2024-08-23,sh.600089,589.6284875,591.51529866,584.43975681,586.79827076,589.15678471,16201559,201828971.69,0.3206,-0.4003,1,0
2024-08-26,sh.600089,589.6284875,595.76062377,587.26997355,593.40210982,586.79827076,17629555,221265035.82,0.3489,1.1254,1,0
2024-08-27,sh.600089,591.98700145,591.98700145,568.87356474,574.53399822,593.40210982,29479191,360564225.34,0.5834,-3.1797,1,0
2024-08-28,sh.600089,572.17548427,582.55294565,571.70378148,580.66613449,574.53399822,18957099,232507446.09,0.3752,1.0673,1,0
2024-08-29,sh.600089,579.72272891,592.93040703,576.89251217,583.49635123,580.66613449,17863140,221769173.88,0.3535,0.4874,1,0
2024-08-30,sh.600089,583.02464844,601.89276004,579.72272891,595.28892098,583.49635123,27859449,351076215.09,0.5514,2.021,1,0
2024-09-02,sh.600089,595.28892098,601.89276004,580.1944317,580.66613449,595.28892098,22590320,281944082.84,0.4471,-2.4564,1,0
2024-09-03,sh.600089,579.25102612,589.15678471,578.77932333,588.21337913,580.66613449,17906040,222068019.0,0.3544,1.2998,1,0
2024-09-04,sh.600089,585.38316239,593.87381261,583.96805402,585.38316239,588.21337913,16717050,208619825.88,0.3308,-0.4812,1,0
2024-09-05,sh.600089,585.38316239,588.68508192,583.02464844,586.32656797,585.38316239,13889029,172652996.67,0.2749,0.1612,1,0
2024-09-06,sh.600089,587.74167634,589.6284875,580.66613449,581.60954007,586.32656797,11455914,141864407.0,0.2267,-0.8045,1,0
2024-09-09,sh.600089,581.60954007,583.96805402,566.98675358,570.28867311,581.60954007,20844105,253171584.82,0.4125,-1.9465,1,0
2024-09-10,sh.600089,570.28867311,572.64718706,552.83566988,560.85461731,570.28867311,25824141,307196312.94,0.5111,-1.6543,1,0
2024-09-11,sh.600089,560.85461731,566.98675358,558.02440057,562.26972568,560.85461731,16893811,201459858.35,0.3343,0.2523,1,0
2024-09-12,sh.600089,562.26972568,573.59059264,560.85461731,564.62823963,562.26972568,13991541,168703001.73,0.2769,0.4195,1,0
2024-09-13,sh.600089,565.09994242,567.93015916,556.6092922,557.08099499,564.62823963,14326743,170419761.84,0.2835,-1.3367,1,0
2024-09-18,sh.600089,556.6092922,561.79802289,552.83566988,559.91121173,557.08099499,13208325,156120683.3,0.2614,0.508,1,0
2024-09-19,sh.600089,559.91121173,569.81697032,553.77907546,565.57164521,559.91121173,20056010,239239596.24,0.3969,1.011,1,0
2024-09-20,sh.600089,565.57164521,570.7603759,557.55269778,567.93015916,565.57164521,21273447,254243812.14,0.421,0.417,1,0
2024-09-23,sh.600089,566.043348,570.28867311,563.21313126,564.15653684,567.93015916,16003739,192066140.39,0.3167,-0.6645,1,0
2024-09-24,sh.600089,566.51505079,587.26997355,564.15653684,586.32656797,564.15653684,40830462,499863400.4,0.8081,3.9298,1,0
2024-09-25,sh.600089,593.40210982,614.15703258,591.98700145,600.00594888,586.32656797,51305099,657863645.46,1.0154,2.3331,1,0
2024-09-26,sh.600089,600.47765167,617.9306549,598.11913772,617.9306549,600.00594888,45840217,591696023.33,0.9072,2.9874,1,0
2024-09-27,sh.600089,624.53449396,649.53474183,624.06279117,645.76111951,617.9306549,49991085,675813172.23,0.9894,4.5038,1,0
2024-09-30,sh.600089,663.68582553,699.06353478,657.55368926,690.57288456,645.76111951,158493420,2284123092.36,3.1367,6.9394,1,0
2024-10-08,sh.600089,758.49808632,759.4414919,678.78031481,706.61077942,690.57288456,216172027,3282290472.54,4.2783,2.3224,1,0
2024-10-09,sh.600089,688.6860734,689.62947898,641.98749719,641.98749719,706.61077942,123965143,1747225819.94,2.4534,-9.1455,1,0
2024-10-10,sh.600089,641.98749719,666.51604227,641.98749719,655.6668781,641.98749719,66931812,929379132.16,1.3246,2.1308,1,0
2024-10-11,sh.600089,664.15752832,664.15752832,631.61003581,638.21387487,655.6668781,49185826,673579972.86,0.9734,-2.6619,1,0
2024-10-14,sh.600089,634.44025255,645.76111951,633.02514418,639.15728045,638.21387487,50395641,682612434.49,0.9974,0.1478,1,0
2024-10-15,sh.600089,635.85536092,637.74217208,618.87406048,618.87406048,639.15728045,59414655,789284198.39,1.1759,-3.1734,1,0
2024-10-16,sh.600089,613.68532979,619.34576327,608.96830189,609.44000468,618.87406048,47800804,621095113.15,0.946,-1.5244,1,0
2024-10-17,sh.600089,612.27022142,615.57214095,594.3455154,595.76062377,609.44000468,58684610,752399085.05,1.1614,-2.2446,1,0
2024-10-18,sh.600089,596.23232656,623.11938559,593.40210982,613.68532979,595.76062377,69058954,889473843.87,1.3667,3.0087,1,0
2024-10-21,sh.600089,616.04384374,630.19492744,611.79851863,621.70427722,613.68532979,73258862,963243906.1,1.4499,1.3067,1,0
2024-10-22,sh.600089,621.70427722,628.77981907,616.04384374,626.42130512,621.70427722,64017161,844379895.59,1.267,0.7587,1,0
2024-10-23,sh.600089,626.42130512,681.13882876,625.47789954,663.68582553,626.42130512,157985276,2197615573.62,3.1267,5.9488,1,0
2024-10-24,sh.600089,658.49709484,658.49709484,642.45919998,646.2328223,663.68582553,66370793,912769840.79,1.3135,-2.6297,1,0
2024-10-25,sh.600089,644.34601114,689.62947898,644.34601114,685.85585666,646.2328223,172511837,2477402137.57,3.4142,6.1314,1,0
2024-10-28,sh.600089,677.36520644,677.36520644,661.32731158,673.11988133,685.85585666,115200092,1630287339.6,2.2799,-1.8569,1,0
2024-10-29,sh.600089,686.79926224,714.15802406,679.72372039,680.19542318,673.11988133,186236382,2759207378.71,3.6858,1.0512,1,0
2024-10-30,sh.600089,661.79901437,681.61053155,661.79901437,666.98774506,680.19542318,89833964,1275706505.48,1.7779,-1.9417,1,0
2024-10-31,sh.600089,679.2520176,683.02563992,660.383906,666.04433948,666.98774506,100950001,1434710217.38,1.9979,-0.1414,1,0
2024-11-01,sh.600089,660.85560879,667.45944785,653.30836415,661.32731158,666.04433948,64736094,907120792.6,1.2812,-0.7082,1,0
2024-11-04,sh.600089,664.62923111,666.98774506,660.383906,664.62923111,661.32731158,52153687,733068639.49,1.0322,0.4993,1,0
2024-11-05,sh.600089,663.21412274,672.64817854,658.96879763,670.76136738,664.62923111,80873396,1143514073.13,1.6006,0.9226,1,0
2024-11-06,sh.600089,673.11988133,678.78031481,665.57263669,668.87455622,670.76136738,74849388,1065584008.46,1.4813,-0.2813,1,0
2024-11-07,sh.600089,662.74241995,677.36520644,658.02539205,677.36520644,668.87455622,79511408,1128055715.88,1.5736,1.2694,1,0
2024-11-08,sh.600089,680.19542318,697.17672362,668.40285343,681.61053155,677.36520644,112102330,1618774270.08,2.2186,0.6267,1,0
2024-11-11,sh.600089,679.72372039,686.32755945,673.11988133,685.85585666,681.61053155,73496073,1060183322.24,1.4546,0.6228,1,0
2024-11-12,sh.600089,687.27096503,699.06353478,679.72372039,683.9690455,685.85585666,91875788,1346270393.56,1.8183,-0.2751,1,0
2024-11-13,sh.600089,679.72372039,688.21437061,672.64817854,679.72372039,683.9690455,54895007,790176627.11,1.0864,-0.6207,1,0
2024-11-14,sh.600089,682.08223434,696.23331804,672.64817854,674.5349897,679.72372039,80877460,1178405588.87,1.6006,-0.7634,1,0
2024-11-15,sh.600089,668.87455622,676.42180086,656.61028368,657.08198647,674.5349897,56421517,797135417.09,1.1166,-2.5874,1,0
2024-11-18,sh.600089,656.13858089,668.87455622,648.59133625,652.83666136,657.08198647,50982487,712555996.55,1.009,-0.6461,1,0
2024-11-19,sh.600089,652.36495857,661.79901437,644.81771393,656.61028368,652.83666136,36015639,498891920.35,0.7128,0.578,1,0
2024-11-20,sh.600089,653.30836415,659.91220321,651.89325578,656.61028368,656.61028368,35326068,491042611.04,0.6991,0.0,1,0
2024-11-21,sh.600089,660.383906,666.51604227,654.25176973,658.96879763,656.61028368,35377724,495394914.31,0.7002,0.3592,1,0
2024-11-22,sh.600089,656.61028368,658.96879763,638.21387487,638.21387487,658.96879763,41690330,572096591.77,0.8251,-3.1496,1,0
2024-11-25,sh.600089,638.21387487,642.93090277,628.30811628,633.02514418,638.21387487,29985106,404202705.4,0.5934,-0.813,1,0
2024-11-26,sh.600089,635.85536092,652.83666136,633.49684697,638.21387487,633.02514418,34593277,471255393.93,0.6846,0.8197,1,0
2024-11-27,sh.600089,634.44025255,641.98749719,629.25152186,641.5157944,638.21387487,26982344,363587859.65,0.534,0.5174,1,0
2024-11-28,sh.600089,641.98749719,641.98749719,633.49684697,636.32706371,641.5157944,24934868,336665660.0,0.4935,-0.8088,1,0
2024-11-29,sh.600089,636.32706371,645.28941672,633.49684697,641.5157944,636.32706371,33876145,459882381.32,0.6704,0.8154,1,0
2024-12-02,sh.600089,631.61003581,631.61003581,618.40235769,629.25152186,641.5157944,87318105,1156044165.4,1.7281,-1.9118,1,0
2024-12-03,sh.600089,628.77981907,628.77981907,620.28916885,623.59108838,629.25152186,58238634,769132018.46,1.1526,-0.8996,1,0
2024-12-04,sh.600089,624.06279117,625.47789954,615.10043816,616.51554653,623.59108838,52358358,687297765.31,1.0362,-1.1346,1,0
2024-12-05,sh.600089,616.51554653,616.51554653,606.60978794,610.38341026,616.51554653,51307507,663409301.33,1.0154,-0.9946,1,0
2024-12-06,sh.600089,610.38341026,617.45895211,607.08149073,616.51554653,610.38341026,47883623,622778485.19,0.9477,1.0046,1,0
2024-12-09,sh.600089,615.10043816,618.87406048,608.96830189,609.91170747,616.51554653,47136052,612955369.54,0.9329,-1.0712,1,0
2024-12-10,sh.600089,622.17598001,625.00619675,613.68532979,616.98724932,609.91170747,80269439,1052820821.2,1.5886,1.1601,1,0
2024-12-11,sh.600089,614.15703258,616.98724932,613.213627,615.57214095,616.98724932,50645639,660067225.88,1.0023,-0.2294,1,0
2024-12-12,sh.600089,615.57214095,615.57214095,607.55319352,614.62873537,615.57214095,65171385,844670065.12,1.2898,-0.1533,1,0
2024-12-13,sh.600089,611.79851863,611.79851863,601.42105725,604.72297678,614.62873537,105745635,1358177172.0,2.0928,-1.6117,1,0
2024-12-16,sh.600089,604.72297678,608.02489631,591.04359587,593.87381261,604.72297678,76652782,969805642.97,1.517,-1.7941,1,0
2024-12-17,sh.600089,593.87381261,604.25127399,592.93040703,597.64743493,593.87381261,56587631,718532589.34,1.1199,0.6354,1,0
2024-12-18,sh.600089,598.59084051,601.89276004,596.23232656,597.17573214,597.64743493,32098561,407107937.78,0.6353,-0.0789,1,0
2024-12-19,sh.600089,593.40210982,599.53424609,588.68508192,598.59084051,597.17573214,34483898,434030351.25,0.6825,0.237,1,0
2024-12-20,sh.600089,598.11913772,600.47765167,593.40210982,594.81721819,598.59084051,32798325,413911161.23,0.6491,-0.6304,1,0
2024-12-23,sh.600089,594.81721819,603.30786841,589.6284875,590.10019029,594.81721819,49283029,623051911.36,0.9754,-0.793,1,0
2024-12-24,sh.600089,589.6284875,595.76062377,589.15678471,595.28892098,590.10019029,38015667,477855966.48,0.7524,0.8793,1,0
2024-12-25,sh.600089,599.0625433,601.42105725,593.40210982,599.0625433,595.28892098,35913283,454938128.96,0.7108,0.6339,1,0
2024-12-26,sh.600089,600.00594888,605.66638236,595.76062377,605.66638236,599.0625433,45604091,582156384.46,0.9026,1.1024,1,0
2024-12-27,sh.600089,605.19467957,605.66638236,600.47765167,603.7795712,605.66638236,40232672,514657983.15,0.7962,-0.3115,1,0
2024-12-30,sh.600089,604.25127399,616.98724932,602.83616562,612.74192421,603.7795712,69013107,895026099.06,1.3658,1.4844,1,0
2024-12-31,sh.600089,611.79851863,612.74192421,600.00594888,600.94935446,612.74192421,48662167,625787481.16,0.9631,-1.9246,1,0
2025-01-02,sh.600089,600.00594888,604.72297678,580.66613449,583.02464844,600.94935446,54026646,676134964.56,1.0692,-2.9827,1,0
2025-01-03,sh.600089,583.49635123,589.6284875,574.53399822,576.89251217,583.02464844,34632705,427601503.35,0.6854,-1.0518,1,0
2025-01-06,sh.600089,575.00570101,582.08124286,574.06229543,577.36421496,576.89251217,27980008,342130627.63,0.5538,0.0818,1,0
2025-01-07,sh.600089,577.36421496,579.25102612,572.17548427,578.30762054,577.36421496,23091595,282115577.57,0.457,0.1634,1,0
2025-01-08,sh.600089,579.25102612,579.72272891,565.09994242,572.64718706,578.30762054,32148784,389360195.41,0.6363,-0.9788,1,0
2025-01-09,sh.600089,570.7603759,574.06229543,568.40186195,570.28867311,572.64718706,21172994,256134546.75,0.419,-0.4119,1,0
2025-01-10,sh.600089,570.7603759,572.64718706,564.62823963,564.62823963,570.28867311,23534953,282918091.57,0.4658,-0.9926,1,0
2025-01-13,sh.600089,560.38291452,566.043348,558.02440057,563.68483405,564.62823963,18994489,226609467.93,0.3759,-0.1671,1,0
2025-01-14,sh.600089,564.15653684,582.08124286,562.74142847,579.72272891,563.68483405,38167978,464823121.37,0.7554,2.8452,1,0
2025-01-15,sh.600089,580.1944317,583.96805402,574.53399822,579.25102612,579.72272891,26694329,327389883.3,0.5283,-0.0814,1,0
2025-01-16,sh.600089,579.25102612,585.85486518,576.89251217,579.72272891,579.25102612,25830428,318223120.71,0.5112,0.0814,1,0
2025-01-17,sh.600089,576.89251217,581.13783728,576.42080938,577.83591775,579.72272891,18881472,231551466.25,0.3737,-0.3255,1,0
2025-01-20,sh.600089,570.7603759,577.83591775,566.98675358,570.28867311,577.83591775,37755516,457429357.34,0.7472,-1.3061,1,0
2025-01-21,sh.600089,570.7603759,572.64718706,564.62823963,565.09994242,570.28867311,27786723,333734594.44,0.5499,-0.9098,1,0
2025-01-22,sh.600089,564.15653684,566.98675358,561.3263201,562.74142847,565.09994242,23662333,282273338.14,0.4683,-0.4174,1,0
2025-01-23,sh.600089,566.51505079,572.17548427,562.74142847,562.74142847,562.74142847,30646463,368412873.97,0.6065,0.0,1,0
2025-01-24,sh.600089,562.74142847,568.40186195,561.79802289,567.93015916,562.74142847,28124151,337723531.45,0.5566,0.922,1,0
2025-01-27,sh.600089,568.40186195,572.64718706,563.68483405,564.15653684,567.93015916,27470774,330681830.33,0.5437,-0.6645,1,0
2025-02-05,sh.600089,565.09994242,566.043348,558.02440057,565.57164521,564.15653684,24618761,294051335.9,0.4872,0.2508,1,0
2025-02-06,sh.600089,564.15653684,568.87356474,562.26972568,568.40186195,565.57164521,32522978,390203100.3,0.6437,0.5004,1,0
2025-02-07,sh.600089,568.40186195,591.04359587,567.45845637,585.38316239,568.40186195,81832426,1007762427.16,1.6195,2.9876,1,0
2025-02-10,sh.600089,584.9114596,584.9114596,575.4774038,582.08124286,585.38316239,43207757,531891998.99,0.8551,-0.5641,1,0
2025-02-11,sh.600089,581.13783728,583.02464844,574.53399822,575.94910659,582.08124286,36279726,443675539.0,0.718,-1.0535,1,0
2025-02-12,sh.600089,575.00570101,579.25102612,574.53399822,579.25102612,575.94910659,30406510,372037116.81,0.6018,0.5733,1,0
2025-02-13,sh.600089,581.13783728,582.08124286,574.53399822,575.00570101,579.25102612,32434408,397169127.03,0.6419,-0.7329,1,0
2025-02-14,sh.600089,576.42080938,579.25102612,574.53399822,577.83591775,575.00570101,29669148,362793417.0,0.5872,0.4922,1,0
2025-02-17,sh.600089,577.36421496,584.9114596,573.59059264,583.49635123,577.83591775,50576043,621155593.09,1.001,0.9796,1,0
2025-02-18,sh.600089,584.43975681,591.98700145,579.72272891,581.60954007,583.49635123,72784877,906550390.59,1.4405,-0.3234,1,0
2025-02-19,sh.600089,578.77932333,583.02464844,575.94910659,581.13783728,581.60954007,41676286,511789791.46,0.8248,-0.0811,1,0
2025-02-20,sh.600089,581.60954007,582.08124286,573.59059264,575.4774038,581.13783728,38328141,467710499.5,0.7586,-0.974,1,0
2025-02-21,sh.600089,575.00570101,577.36421496,573.59059264,575.94910659,575.4774038,46836166,571207867.39,0.9269,0.082,1,0
2025-02-24,sh.600089,574.06229543,576.42080938,569.81697032,571.23207869,575.94910659,42420623,515076349.98,0.8395,-0.819,1,0
2025-02-25,sh.600089,568.87356474,570.28867311,566.043348,566.51505079,571.23207869,36724441,441997610.58,0.7268,-0.8258,1,0
2025-02-26,sh.600089,566.51505079,580.1944317,566.51505079,579.72272891,566.51505079,62617215,763431644.92,1.2393,2.3314,1,0
2025-02-27,sh.600089,579.72272891,581.60954007,571.23207869,574.53399822,579.72272891,38068416,463585484.92,0.7534,-0.895,1,0
2025-02-28,sh.600089,575.00570101,579.72272891,569.34526753,569.34526753,574.53399822,43956156,535927079.83,0.8699,-0.9031,1,0
2025-03-03,sh.600089,569.34526753,577.83591775,569.34526753,573.11888985,569.34526753,36050960,439288076.78,0.7135,0.6628,1,0
2025-03-04,sh.600089,572.64718706,572.64718706,568.87356474,570.7603759,573.11888985,25751459,311358914.11,0.5096,-0.4115,1,0
2025-03-05,sh.600089,570.7603759,575.00570101,566.51505079,574.06229543,570.7603759,37735795,455825278.22,0.7468,0.5785,1,0
2025-03-06,sh.600089,574.53399822,589.15678471,573.11888985,582.55294565,574.06229543,74771391,921827422.21,1.4798,1.479,1,0
2025-03-07,sh.600089,579.25102612,582.08124286,575.94910659,576.89251217,582.55294565,32843191,402638307.16,0.65,-0.9717,1,0
2025-03-10,sh.600089,576.89251217,580.1944317,572.64718706,575.94910659,576.89251217,29595689,360975827.37,0.5857,-0.1635,1,0
2025-03-11,sh.600089,572.64718706,578.30762054,570.7603759,578.30762054,575.94910659,28106422,342507194.07,0.5563,0.4095,1,0
2025-03-12,sh.600089,580.1944317,586.32656797,575.4774038,583.96805402,578.30762054,58640944,724307418.65,1.1606,0.9788,1,0
2025-03-13,sh.600089,583.02464844,603.7795712,581.60954007,594.3455154,583.96805402,116037763,1461312361.84,2.2965,1.7771,1,0
2025-03-14,sh.600089,591.51529866,598.59084051,591.51529866,595.28892098,594.3455154,65293507,822948652.38,1.2922,0.1587,1,0
2025-03-17,sh.600089,594.81721819,600.47765167,591.98700145,595.76062377,595.28892098,50349866,635698220.28,0.9965,0.0792,1,0
2025-03-18,sh.600089,597.17573214,606.60978794,592.93040703,602.83616562,595.76062377,71784395,912215964.01,1.4207,1.1876,1,0
2025-03-19,sh.600089,602.83616562,605.19467957,597.17573214,602.83616562,602.83616562,50157350,639655383.17,0.9927,0.0,1,0
2025-03-20,sh.600089,603.7795712,604.72297678,592.45870424,593.40210982,602.83616562,49015471,620198023.77,0.9701,-1.5649,1,0
2025-03-21,sh.600089,591.98700145,600.00594888,588.21337913,589.15678471,593.40210982,45008451,566830555.82,0.8908,-0.7154,1,0
2025-03-24,sh.600089,589.15678471,594.81721819,583.96805402,589.6284875,589.15678471,36124182,451126284.32,0.7149,0.0801,1,0
2025-03-25,sh.600089,590.10019029,597.17573214,588.21337913,591.51529866,589.6284875,40552970,510239935.56,0.8026,0.32,1,0
2025-03-26,sh.600089,591.98700145,596.70402935,588.68508192,595.76062377,591.51529866,39874129,501688409.42,0.7892,0.7177,1,0
2025-03-27,sh.600089,594.3455154,594.3455154,584.9114596,587.26997355,595.76062377,35509098,442489693.84,0.7028,-1.4252,1,0
2025-03-28,sh.600089,586.79827076,588.68508192,578.77932333,579.25102612,587.26997355,38059637,469975008.88,0.7532,-1.3655,1,0
2025-03-31,sh.600089,579.25102612,580.66613449,564.15653684,566.98675358,579.25102612,58369277,705119164.81,1.1552,-2.1173,1,0
2025-04-01,sh.600089,569.81697032,573.11888985,566.98675358,567.45845637,566.98675358,43431705,523328891.36,0.8596,0.0832,1,0
2025-04-02,sh.600089,567.45845637,573.11888985,563.21313126,568.87356474,567.45845637,26841723,323713073.12,0.5312,0.2494,1,0
2025-04-03,sh.600089,565.09994242,569.81697032,564.15653684,568.87356474,568.87356474,25528150,307266566.75,0.5052,0.0,1,0
2025-04-07,sh.600089,537.7411806,549.53375035,511.79752715,525.00520527,568.87356474,98909276,1105150697.26,1.9575,-7.7114,1,0
2025-04-08,sh.600089,524.53350248,544.81672245,524.06179969,544.81672245,525.00520527,61344497,690371910.02,1.2141,3.7736,1,0
2025-04-09,sh.600089,538.21288339,549.06204756,529.72223317,549.06204756,544.81672245,51162218,583569095.07,1.0126,0.7792,1,0
2025-04-10,sh.600089,563.21313126,563.68483405,543.40161408,551.42056151,549.06204756,53661281,626948141.37,1.062,0.4296,1,0
2025-04-11,sh.600089,550.47715593,550.47715593,542.92991129,545.28842524,551.42056151,34504692,399158379.49,0.6829,-1.1121,1,0
2025-04-14,sh.600089,547.64693919,548.11864198,541.51480292,542.92991129,545.28842524,33911199,391579366.71,0.6711,-0.4325,1,0
2025-04-15,sh.600089,543.40161408,543.40161408,536.79777502,540.09969455,542.92991129,22619790,258426614.1,0.4477,-0.5213,1,0
2025-04-16,sh.600089,539.15628897,553.30737267,534.91096386,553.30737267,540.09969455,35831043,411436056.72,0.7091,2.4454,1,0
2025-04-17,sh.600089,550.94885872,550.94885872,545.28842524,550.47715593,553.30737267,29099683,338146751.2,0.5759,-0.5115,1,0
2025-04-18,sh.600089,548.11864198,548.59034477,542.4582085,546.23183082,550.47715593,16588609,191858946.52,0.3283,-0.7712,1,0
2025-04-21,sh.600089,546.23183082,547.1752364,542.4582085,546.23183082,546.23183082,14158731,163856713.85,0.2802,0.0,1,0
2025-04-22,sh.600089,548.59034477,554.25077825,546.70353361,551.42056151,546.23183082,30561669,357216482.62,0.6048,0.9499,1,0
2025-04-23,sh.600089,551.42056151,553.30737267,546.70353361,547.64693919,551.42056151,24381542,283484509.26,0.4825,-0.6843,1,0
2025-04-24,sh.600089,548.11864198,550.00545314,544.81672245,545.76012803,547.64693919,17174670,199043490.39,0.3399,-0.3445,1,0
2025-04-25,sh.600089,546.23183082,547.1752364,544.34501966,546.23183082,545.76012803,15494048,179258131.91,0.3066,0.0864,1,0
2025-04-28,sh.600089,546.23183082,548.59034477,544.34501966,544.34501966,546.23183082,18262985,211401143.8,0.3614,-0.3454,1,0
2025-04-29,sh.600089,544.81672245,545.28842524,542.4582085,542.92991129,544.34501966,13883523,159876219.32,0.2748,-0.26,1,0
2025-04-30,sh.600089,543.40161408,545.76012803,542.92991129,543.87331687,542.92991129,12638375,145871324.77,0.2501,0.1738,1,0
2025-05-06,sh.600089,545.28842524,550.94885872,545.28842524,550.00545314,543.87331687,29171943,339465095.16,0.5773,1.1275,1,0
2025-05-07,sh.600089,555.19418383,555.66588662,549.06204756,551.8922643,550.00545314,32081533,374629750.89,0.6349,0.3431,1,0
2025-05-08,sh.600089,551.42056151,554.72248104,549.53375035,552.36396709,551.8922643,21784124,255310588.74,0.4311,0.0855,1,0
2025-05-09,sh.600089,554.25077825,554.25077825,547.64693919,548.11864198,552.36396709,17317774,201661651.31,0.3427,-0.7686,1,0
2025-05-12,sh.600089,549.53375035,554.72248104,549.53375035,553.77907546,548.11864198,25148752,294126681.23,0.4977,1.0327,1,0
2025-05-13,sh.600089,557.55269778,570.7603759,555.19418383,564.15653684,553.77907546,70537440,845754882.26,1.396,1.8739,1,0
2025-05-14,sh.600089,561.3263201,566.043348,558.49610336,565.09994242,564.15653684,31530454,375710496.63,0.624,0.1672,1,0
2025-05-15,sh.600089,563.68483405,564.15653684,558.96780615,559.91121173,565.09994242,22034958,261990763.28,0.4361,-0.9182,1,0
2025-05-16,sh.600089,559.91121173,562.74142847,558.02440057,561.79802289,559.91121173,18529655,220080687.39,0.3667,0.337,1,0
2025-05-19,sh.600089,558.96780615,566.51505079,557.55269778,562.74142847,561.79802289,20376041,242964450.33,0.4033,0.1679,1,0
2025-05-20,sh.600089,563.21313126,564.15653684,560.38291452,561.3263201,562.74142847,15799580,188025667.38,0.3127,-0.2515,1,0
2025-05-21,sh.600089,560.85461731,564.62823963,560.85461731,561.3263201,561.3263201,18379960,219243028.4,0.3638,0.0,1,0
2025-05-22,sh.600089,560.85461731,561.3263201,557.08099499,558.02440057,561.3263201,14283085,169261919.82,0.2827,-0.5882,1,0
2025-05-23,sh.600089,558.49610336,560.38291452,552.36396709,552.36396709,558.02440057,17362741,204881549.22,0.3436,-1.0144,1,0
2025-05-26,sh.600089,553.30737267,555.66588662,549.53375035,551.8922643,552.36396709,15566202,182062806.65,0.3081,-0.0854,1,0
2025-05-27,sh.600089,551.8922643,551.8922643,546.23183082,550.00545314,551.8922643,15019979,174749570.28,0.2973,-0.3419,1,0
2025-05-28,sh.600089,549.53375035,550.94885872,546.70353361,547.64693919,550.00545314,14247830,165778019.86,0.282,-0.4288,1,0
2025-05-29,sh.600089,547.64693919,552.83566988,547.1752364,551.42056151,547.64693919,16089151,187809311.61,0.3184,0.6891,1,0
2025-05-30,sh.600089,550.94885872,551.42056151,547.1752364,547.64693919,551.42056151,15461636,179777653.38,0.306,-0.6843,1,0
2025-06-03,sh.600089,546.23183082,551.42056151,542.92991129,550.94885872,547.64693919,22030288,255295802.44,0.436,0.6029,1,0
2025-06-04,sh.600089,550.94885872,553.30737267,550.47715593,551.8922643,550.94885872,15083558,176520649.91,0.2985,0.1712,1,0
2025-06-05,sh.600089,554.25077825,557.55269778,550.94885872,552.36396709,551.8922643,19012775,222964196.33,0.3763,0.0855,1,0
2025-06-06,sh.600089,554.25077825,554.25077825,550.00545314,551.8922643,552.36396709,15471856,181107915.66,0.3062,-0.0854,1,0
2025-06-09,sh.600089,551.8922643,553.30737267,551.42056151,552.36396709,551.8922643,18901542,221256477.74,0.3741,0.0855,1,0
2025-06-10,sh.600089,553.30737267,554.25077825,545.76012803,548.11864198,552.36396709,23551756,274919921.35,0.4661,-0.7686,1,0
2025-06-11,sh.600089,549.06204756,552.83566988,547.64693919,551.42056151,548.11864198,18159633,212360293.05,0.3594,0.6024,1,0
2025-06-12,sh.600089,550.94885872,552.83566988,548.59034477,552.36396709,551.42056151,16244933,189674479.44,0.3215,0.1711,1,0
2025-06-13,sh.600089,550.94885872,554.25077825,548.11864198,549.06204756,552.36396709,21644857,252451472.73,0.4284,-0.5978,1,0
2025-06-16,sh.600089,548.59034477,550.47715593,547.64693919,549.53375035,549.06204756,15436853,179634812.16,0.3055,0.0859,1,0
2025-06-17,sh.600089,550.47715593,552.36396709,548.11864198,551.8922643,549.53375035,17621033,205722389.0,0.3487,0.4292,1,0
2025-06-18,sh.600089,552.36396709,553.30737267,549.53375035,550.47715593,551.8922643,13957060,163096999.75,0.2762,-0.2564,1,0
2025-06-19,sh.600089,550.94885872,550.94885872,542.4582085,542.92991129,550.47715593,24652404,285030486.79,0.4879,-1.371,1,0
2025-06-20,sh.600089,542.92991129,546.23183082,540.09969455,540.57139734,542.92991129,18050871,207663717.41,0.3572,-0.4344,1,0
2025-06-23,sh.600089,539.15628897,545.28842524,538.21288339,543.40161408,540.57139734,15425282,177362818.61,0.3053,0.5236,1,0
2025-06-24,sh.600089,543.87331687,551.42056151,543.40161408,550.47715593,543.40161408,23502366,273486459.04,0.4651,1.3021,1,0
2025-06-25,sh.600089,551.8922643,554.72248104,549.53375035,554.72248104,550.47715593,26851119,314640443.61,0.5314,0.7712,1,0
2025-06-26,sh.600089,554.72248104,555.66588662,550.94885872,552.83566988,554.72248104,19750701,231670912.59,0.3909,-0.3401,1,0
2025-06-27,sh.600089,553.30737267,563.21313126,552.36396709,560.38291452,552.83566988,45461029,538752156.52,0.8997,1.3652,1,0
2025-06-30,sh.600089,561.79802289,563.68483405,558.96780615,562.74142847,560.38291452,29976474,357041577.68,0.5933,0.4209,1,0
2025-07-01,sh.600089,561.79802289,563.68483405,560.38291452,562.26972568,562.74142847,23061838,274951813.99,0.4564,-0.0838,1,0
2025-07-02,sh.600089,563.21313126,581.60954007,562.74142847,579.72272891,562.26972568,94891546,1154973086.21,1.878,3.104,1,0
2025-07-03,sh.600089,576.42080938,579.25102612,571.23207869,572.17548427,579.72272891,51140403,622666636.26,1.0121,-1.3019,1,0
2025-07-04,sh.600089,575.4774038,577.36421496,572.17548427,574.06229543,572.17548427,33050109,402948064.87,0.6541,0.3298,1,0
2025-07-07,sh.600089,577.83591775,584.9114596,576.42080938,577.36421496,574.06229543,41028424,504342916.29,0.812,0.5752,1,0
2025-07-08,sh.600089,578.30762054,598.11913772,577.36421496,594.3455154,577.36421496,97113903,1213947841.45,1.922,2.9412,1,0
2025-07-09,sh.600089,591.98700145,595.28892098,586.79827076,587.74167634,594.3455154,50953420,638031096.05,1.0084,-1.1111,1,0
2025-07-10,sh.600089,590.14856148,593.51808834,586.29767364,587.2603956,587.74175658,56600320,692965424.77,1.1202,-0.0819,1,0
2025-07-11,sh.600089,589.6672005,592.55536638,587.2603956,587.2603956,587.2603956,44846377,549762927.99,0.8876,0.0,1,0
2025-07-14,sh.600089,591.59264442,599.2944201,589.6672005,590.62992246,587.2603956,45022932,555572676.11,0.8911,0.5738,1,0
2025-07-15,sh.600089,592.55536638,594.96217128,585.33495168,586.29767364,590.62992246,38718164,474013613.31,0.7663,-0.7335,1,0
2025-07-16,sh.600089,589.18583952,590.62992246,582.4467858,584.8535907,586.29767364,32646498,397043043.44,0.6461,-0.2463,1,0
2025-07-17,sh.600089,586.29767364,592.0740054,585.81631266,590.14856148,584.8535907,33724738,412526695.27,0.6674,0.9053,1,0
2025-07-18,sh.600089,594.4808103,602.66394696,590.62992246,592.0740054,590.14856148,35789249,441493676.28,0.7083,0.3263,1,0
2025-07-21,sh.600089,626.25063498,634.43377164,613.7352495,632.02696674,592.0740054,230478308,2988836419.83,4.5614,6.748,1,0
2025-07-22,sh.600089,638.28465948,695.08525512,622.88110812,695.08525512,632.02696674,363731705,5005193496.61,7.1986,9.9772,1,0
2025-07-23,sh.600089,722.04147,747.07224096,681.60714768,685.9393965,695.08525512,454412613,6715942465.23,8.9933,-1.3158,1,0
2025-07-24,sh.600089,674.38673298,699.89886492,667.64767926,692.67845022,685.9393965,249149619,3552201962.33,4.9309,0.9825,1,0
2025-07-25,sh.600089,686.90211846,703.74975276,671.97992808,675.34945494,692.67845022,172935926,2451532431.21,3.4226,-2.5017,1,0
2025-07-28,sh.600089,668.12904024,674.86809396,662.35270848,666.20359632,675.34945494,119327738,1654656693.85,2.3616,-1.3542,1,0
2025-07-29,sh.600089,666.20359632,675.83081592,654.6509328,674.86809396,666.20359632,127659173,1766880259.04,2.5265,1.3006,1,0
2025-07-30,sh.600089,674.86809396,678.23762082,663.79679142,666.20359632,674.86809396,90084179,1256922089.76,1.7829,-1.2839,1,0
2025-07-31,sh.600089,663.31543044,663.79679142,646.46779614,650.31868398,666.20359632,97059297,1319057789.21,1.9209,-2.3844,1,0
2025-08-01,sh.600089,647.91187908,654.16957182,644.54235222,645.0237132,650.31868398,52668964,709595982.21,1.0424,-0.8142,1,0
2025-08-04,sh.600089,638.76602046,642.6169083,636.84057654,641.65418634,645.0237132,53319720,708402912.31,1.0553,-0.5224,1,0
2025-08-05,sh.600089,642.13554732,645.98643516,639.72874242,642.6169083,641.65418634,50103516,668833852.8,0.9916,0.15,1,0
2025-08-06,sh.600089,643.09826928,646.46779614,643.09826928,645.0237132,642.6169083,49597656,664095985.5,0.9816,0.3745,1,0
2025-08-07,sh.600089,645.0237132,647.91187908,636.35921556,645.98643516,645.0237132,69506102,927712641.01,1.3756,0.1493,1,0
2025-08-08,sh.600089,645.0237132,654.16957182,641.17282536,652.72548888,645.98643516,78911665,1064729880.79,1.5617,1.0432,1,0
2025-08-11,sh.600089,665.24087436,673.905372,655.13229378,668.61040122,652.72548888,142763566,1978130191.52,2.8254,2.4336,1,0
2025-08-12,sh.600089,669.0917622,669.0917622,656.57637672,657.53909868,668.61040122,87244299,1196099153.19,1.7267,-1.6559,1,0
2025-08-13,sh.600089,657.53909868,660.42726456,654.6509328,656.09501574,657.53909868,66514549,907483524.49,1.3164,-0.2196,1,0
2025-08-14,sh.600089,655.61365476,655.61365476,639.24738144,643.09826928,656.09501574,81495708,1096185783.14,1.6129,-1.9809,1,0
2025-08-15,sh.600089,642.13554732,654.6509328,640.2101034,650.80004496,643.09826928,64816423,875514728.3,1.2828,1.1976,1,0
2025-08-18,sh.600089,654.16957182,660.42726456,652.2441279,654.6509328,650.80004496,82566985,1126732626.5,1.6341,0.5917,1,0
2025-08-19,sh.600089,660.42726456,672.46128906,645.0237132,645.0237132,654.6509328,130513106,1781510810.69,2.583,-1.4706,1,0
2025-08-20,sh.600089,643.57963026,650.31868398,640.69146438,648.39324006,645.0237132,75684661,1014497062.87,1.4979,0.5224,1,0
2025-08-21,sh.600089,665.72223534,691.23436728,665.24087436,684.49531356,648.39324006,266564154,3784982900.48,5.2756,5.5679,1,0
2025-08-22,sh.600089,677.75625984,686.90211846,675.34945494,684.49531356,684.49531356,129254829,1827367540.53,2.5581,0.0,1,0
2025-08-25,sh.600089,687.86484042,697.01069904,682.56986964,694.60389414,684.49531356,157063340,2246841243.4,3.1084,1.4768,1,0
2025-08-26,sh.600089,693.64117218,705.67519668,688.3462014,699.89886492,694.60389414,134714267,1952421642.3,2.6661,0.7623,1,0
2025-08-27,sh.600089,701.82430884,701.82430884,678.23762082,678.23762082,699.89886492,142334140,2042898435.26,2.8169,-3.0949,1,0
2025-08-28,sh.600089,678.23762082,686.42075748,669.57312318,684.01395258,678.23762082,106154471,1500377591.79,2.1009,0.8517,1,0
2025-08-29,sh.600089,683.05123062,688.3462014,679.20034278,681.60714768,684.01395258,74679622,1060349757.8,1.478,-0.3519,1,0
2025-09-01,sh.600089,699.41750394,712.89561138,698.93614296,708.56336256,681.60714768,173903401,2549866339.06,3.4417,3.9548,1,0
2025-09-02,sh.600089,709.04472354,719.15330412,686.42075748,690.27164532,708.56336256,129273064,1878568629.9,2.5584,-2.5815,1,0
2025-09-03,sh.600089,690.27164532,697.973421,679.20034278,694.60389414,690.27164532,91303672,1303870626.28,1.807,0.6276,1,0
2025-09-04,sh.600089,693.1598112,705.67519668,674.38673298,682.08850866,694.60389414,127916704,1833299874.58,2.5316,-1.8018,1,0
2025-09-05,sh.600089,680.64442572,726.37371882,680.16306474,725.41099686,682.08850866,265265039,3926936651.42,5.2499,6.3514,1,0
2025-09-08,sh.600089,739.85182626,739.85182626,719.6346651,726.37371882,725.41099686,168195088,2545650905.19,3.3288,0.1327,1,0
2025-09-09,sh.600089,722.52283098,727.81780176,707.6006406,710.0074455,726.37371882,103293629,1533495819.33,2.0443,-2.2531,1,0
2025-09-10,sh.600089,710.48880648,711.93288942,693.1598112,698.45478198,710.0074455,95568066,1389242632.98,1.8914,-1.6271,1,0
2025-09-11,sh.600089,696.52933806,721.56010902,695.5666161,717.2278602,698.45478198,116365616,1723004334.35,2.303,2.6878,1,0
2025-09-12,sh.600089,717.2278602,719.6346651,708.56336256,713.85833334,717.2278602,96323123,1427650514.52,1.9063,-0.4698,1,0
2025-09-15,sh.600089,713.85833334,725.41099686,710.97016746,715.30241628,713.85833334,119325858,1781326989.59,2.3616,0.2023,1,0
2025-09-16,sh.600089,720.59738706,722.04147,696.04797708,706.63791864,715.30241628,101563245,1487930866.53,2.01,-1.2113,1,0
2025-09-17,sh.600089,708.08200158,777.3979827,705.67519668,777.3979827,706.63791864,367689686,5770705360.27,7.277,10.0136,1,0
2025-09-18,sh.600089,772.10301192,779.8047876,750.44176782,759.10626546,777.3979827,328063852,5216738009.13,6.4927,-2.3529,1,0
2025-09-19,sh.600089,759.10626546,800.02194876,756.69946056,788.46928524,759.10626546,299245781,4831734538.71,5.9224,3.8681,1,0
2025-09-22,sh.600089,788.46928524,790.87609014,767.7707631,774.9911778,788.46928524,173034478,2788155446.6,3.4245,-1.7094,1,0
2025-09-23,sh.600089,780.28614858,802.91011464,768.25212408,785.58111936,774.9911778,229145886,3738115351.2,4.535,1.3665,1,0
2025-09-24,sh.600089,779.8047876,782.2115925,761.99443134,779.8047876,785.58111936,180139097,2883768711.64,3.5651,-0.7353,1,0
2025-09-25,sh.600089,781.73023152,792.32017308,773.54709486,780.76750956,779.8047876,145465454,2363049608.73,2.8789,0.1235,1,0
2025-09-26,sh.600089,782.2115925,803.8728366,774.9911778,779.32342662,780.76750956,162839707,2666098385.13,3.2228,-0.185,1,0
2025-09-29,sh.600089,787.98792426,825.5340807,779.8047876,815.9068611,779.32342662,241624093,4045666895.79,4.782,4.6943,1,0
2025-09-30,sh.600089,816.86958306,872.22609576,807.72372444,856.8225444,815.9068611,273327987,4824834818.43,5.4094,5.0147,1,0
2025-10-09,sh.600089,899.66367162,942.50479884,890.517813,942.50479884,856.8225444,229714494,4450049900.25,4.5463,10.0,1,0
2025-10-10,sh.600089,955.98290628,981.49503822,932.87757924,944.91160374,942.50479884,434626661,8650927613.83,8.6017,0.2554,1,0
2025-10-13,sh.600089,909.29089122,961.75923804,897.25686672,948.76249158,944.91160374,327200016,6329505927.65,6.4756,0.4075,1,0
2025-10-14,sh.600089,972.83054058,1010.37669702,943.4675208,966.57284784,948.76249158,360865339,7310286521.16,7.1419,1.8772,1,0
2025-10-15,sh.600089,957.9083502,972.3491796,909.29089122,956.46426726,966.57284784,309760604,6009494974.46,6.1305,-1.0458,1,0
2025-10-16,sh.600089,955.5015453,986.790009,947.31840864,966.09148686,956.46426726,292716756,5865916059.59,5.7932,1.0065,1,0
2025-10-17,sh.600089,977.1627894,981.9763992,908.32816926,909.29089122,966.09148686,275552828,5332485182.77,5.4535,-5.8794,1,0
2025-10-20,sh.600089,923.73172062,974.7559845,916.51130592,927.58260846,909.29089122,243529858,4762141762.89,4.8197,2.0116,1,0
2025-10-21,sh.600089,929.50805238,980.53231626,924.2130816,956.46426726,927.58260846,302555633,6037575011.11,5.9879,3.1136,1,0
2025-10-22,sh.600089,942.02343786,942.02343786,910.25361318,914.10450102,956.46426726,232282912,4432171803.36,4.5971,-4.4288,1,0
2025-10-23,sh.600089,900.1450326,909.7722522,880.8905934,905.92136436,914.10450102,156381833,2908944655.18,3.095,-0.8952,1,0
2025-10-24,sh.600089,914.585862,920.36219376,902.5518375,914.585862,905.92136436,134575717,2546176372.62,2.6634,0.9564,1,0
2025-10-27,sh.600089,916.9926669,957.9083502,914.585862,938.653911,914.585862,204927705,3988988511.86,4.0557,2.6316,1,0
2025-10-28,sh.600089,937.69118904,941.54207688,920.36219376,923.73172062,938.653911,134340146,2587701564.74,2.6587,-1.5897,1,0
2025-10-29,sh.600089,920.36219376,1016.15302878,919.88083278,1006.0444482,923.73172062,446187081,9146816842.09,8.8305,8.9109,1,0
2025-10-30,sh.600089,994.97314566,1024.81752642,994.97314566,998.8240335,1006.0444482,284676226,5949985764.46,5.634,-0.7177,1,0
2025-10-31,sh.600089,967.5355698,987.75273096,941.54207688,942.50479884,998.8240335,335721619,6691952589.19,6.6443,-5.6386,1,0
2025-11-03,sh.600089,946.35568668,1036.85155092,944.91160374,1036.85155092,942.50479884,416423295,8661769919.04,8.2414,10.0102,1,0
2025-11-04,sh.600089,1068.6213756,1091.72670264,1043.59060464,1055.14326816,1036.85155092,488997925,10830248468.45,9.6778,1.7642,1,0
2025-11-05,sh.600089,1030.59385818,1160.56132278,1030.59385818,1160.56132278,1055.14326816,447739686,10249509438.55,8.8612,9.9909,1,0
2025-11-06,sh.600089,1236.13499664,1276.56931896,1196.66339628,1224.58233312,1160.56132278,839951742,21487579431.31,16.6235,5.5164,1,0
2025-11-07,sh.600089,1227.470499,1287.15926052,1204.36517196,1275.606597,1224.58233312,706454370,18239444221.55,13.9815,4.1667,1,0
2025-11-10,sh.600089,1288.60334346,1321.3358901,1227.95185998,1268.3861823,1275.606597,610586042,16135643819.58,12.0841,-0.566,1,0
2025-11-11,sh.600089,1268.3861823,1284.27109464,1210.14150372,1216.39919646,1268.3861823,486300091,12526995094.35,9.6244,-4.0987,1,0
2025-11-12,sh.600089,1208.69742078,1224.58233312,1150.93410318,1175.00215218,1216.39919646,423368273,10376589014.5,8.3789,-3.4032,1,0
2025-11-13,sh.600089,1174.5207912,1226.50777704,1161.52404474,1200.51428412,1175.00215218,386530873,9631561186.73,7.6498,2.1712,1,0
2025-11-14,sh.600089,1168.26309846,1178.37167904,1138.90007868,1138.90007868,1200.51428412,356669900,8548123979.19,7.0589,-5.1323,1,0
2025-11-17,sh.600089,1133.6051079,1149.49002024,1107.61161498,1116.7574736,1138.90007868,255609796,5964307395.53,5.0588,-1.9442,1,0
2025-11-18,sh.600089,1111.9438638,1128.31013712,1092.20806362,1097.02167342,1116.7574736,198558870,4557565540.26,3.9297,-1.7672,1,0
2025-11-19,sh.600089,1098.46575636,1125.42197124,1085.4690099,1108.57433694,1097.02167342,247219124,5676728301.93,4.8927,1.0531,1,0
2025-11-20,sh.600089,1120.60836144,1150.93410318,1103.27936616,1117.23883458,1108.57433694,293579517,6868318594.64,5.8102,0.7816,1,0
2025-11-21,sh.600089,1078.2485952,1090.2826197,1030.59385818,1031.07521916,1117.23883458,320499456,7024304507.43,6.343,-7.7122,1,0
2025-11-24,sh.600089,1042.62788268,1051.7737413,1024.33616544,1035.88882896,1031.07521916,184963078,3991122858.66,3.6606,0.4669,1,0
2025-11-25,sh.600089,1045.99740954,1081.13676108,1037.81427288,1062.36368286,1035.88882896,224035677,4949889417.82,4.4339,2.5558,1,0
2025-11-26,sh.600089,1063.8077658,1071.99090246,1041.18379974,1053.21782424,1062.36368286,172703263,3787084552.38,3.418,-0.8609,1,0
2025-11-27,sh.600089,1052.73646326,1078.2485952,1027.22433132,1029.14977524,1053.21782424,203780320,4460844013.5,4.033,-2.2852,1,0
2025-11-28,sh.600089,1025.2988874,1052.73646326,1020.4852776,1049.3669364,1029.14977524,159014034,3432622957.68,3.1471,1.9645,1,0
2025-12-01,sh.600089,1053.21782424,1092.6894246,1052.73646326,1070.06545854,1049.3669364,195693599,4357703496.6,3.873,1.9725,1,0
2025-12-02,sh.600089,1063.8077658,1064.28912678,1040.22107778,1047.44149248,1070.06545854,114027426,2484335112.19,2.2567,-2.1143,1,0
2025-12-03,sh.600089,1046.9601315,1061.4009609,1030.59385818,1035.88882896,1047.44149248,113025582,2451381374.12,2.2369,-1.1029,1,0
2025-12-04,sh.600089,1031.55658014,1039.7397168,1021.92936054,1034.926107,1035.88882896,91707184,1963501249.81,1.815,-0.0929,1,0
2025-12-05,sh.600089,1031.55658014,1063.8077658,1027.7056923,1058.51279502,1034.926107,153931814,3365627792.28,3.0465,2.2791,1,0
2025-12-08,sh.600089,1059.95687796,1076.80451226,1053.21782424,1066.69593168,1058.51279502,154222231,3408771201.65,3.0522,0.7731,1,0
2025-12-09,sh.600089,1058.994156,1097.02167342,1045.03468758,1078.2485952,1066.69593168,199806014,4457130743.99,3.9544,1.083,1,0
2025-12-10,sh.600089,1080.6554001,1083.062205,1037.81427288,1058.03143404,1078.2485952,153976914,3363877260.42,3.0474,-1.875,1,0
2025-12-11,sh.600089,1058.994156,1114.83202968,1058.994156,1075.36042932,1058.03143404,284968165,6454123907.03,5.6398,1.6379,1,0
2025-12-12,sh.600089,1076.32315128,1160.56132278,1075.8417903,1146.12049338,1075.36042932,408270646,9538012447.92,8.0801,6.5801,1,0
2025-12-15,sh.600089,1150.4527422,1169.22582042,1112.42522478,1120.12700046,1146.12049338,301475195,7137185326.52,5.9665,-2.268,1,0
2025-12-16,sh.600089,1106.64889302,1107.130254,1054.1805462,1059.95687796,1120.12700046,232157627,5171407252.58,4.5946,-5.3717,1,0
2025-12-17,sh.600089,1048.40421444,1080.6554001,1039.7397168,1071.99090246,1059.95687796,161674886,3553475523.32,3.1997,1.1353,1,0
2025-12-18,sh.600089,1056.10599012,1059.95687796,1040.70243876,1040.70243876,1071.99090246,125282635,2730797619.31,2.4795,-2.9187,1,0
2025-12-19,sh.600089,1049.3669364,1062.84504384,1044.5533266,1053.21782424,1040.70243876,92148905,2018712789.18,1.8237,1.2026,1,0
2025-12-22,sh.600089,1058.03143404,1087.8758148,1055.14326816,1081.13676108,1053.21782424,152608461,3408134056.4,3.0203,2.6508,1,0
2025-12-23,sh.600089,1081.61812206,1107.130254,1066.2145707,1106.64889302,1081.13676108,183907372,4160226671.81,3.6397,2.3598,1,0
2025-12-24,sh.600089,1104.7234491,1126.3846932,1083.062205,1112.90658576,1106.64889302,180522198,4152804244.85,3.5727,0.5655,1,0
2025-12-25,sh.600089,1111.46250282,1131.198303,1101.35392224,1113.38794674,1112.90658576,142889530,3314802758.64,2.8279,0.0433,1,0
2025-12-26,sh.600089,1107.61161498,1145.15777142,1106.64889302,1129.27285908,1113.38794674,204451692,4790561522.49,4.0463,1.4267,1,0
2025-12-29,sh.600089,1121.5710834,1122.05244438,1090.2826197,1093.17078558,1129.27285908,171726544,3926056071.24,3.3986,-3.1969,1,0
2025-12-30,sh.600089,1083.062205,1096.54031244,1078.2485952,1087.8758148,1093.17078558,110948062,2504621289.14,2.1958,-0.4844,1,0
2025-12-31,sh.600089,1086.91309284,1090.2826197,1067.65865364,1069.58409756,1087.8758148,123990620,2770222002.49,2.4539,-1.6814,1,0
