date,code,open,high,low,close,preclose,volume,amount,turn,pctChg,tradestatus,isST
2021-01-04,sh.600637,35.7243009,36.16337052,35.60455464,36.00370884,35.68438548,8738779,78756987.92,0.2559,0.8949,1,0
2021-01-05,sh.600637,36.08353968,36.08353968,35.68438548,35.96379342,36.00370884,7672179,68945475.94,0.2247,-0.1109,1,0
2021-01-06,sh.600637,36.08353968,36.08353968,35.60455464,35.68438548,35.96379342,7087367,63551915.06,0.2076,-0.7769,1,0
2021-01-07,sh.600637,35.88396258,35.923878,34.9259925,35.24531586,35.68438548,11870690,104928979.53,0.3477,-1.2304,1,0
2021-01-08,sh.600637,35.1255696,36.5226093,34.76633082,36.3230322,35.24531586,17746674,160434186.31,0.5197,3.0578,1,0
2021-01-11,sh.600637,36.20328594,36.68227098,35.7243009,35.88396258,36.3230322,12336512,111586188.36,0.3613,-1.2088,1,0
2021-01-12,sh.600637,35.76421632,36.16337052,35.60455464,36.04362426,35.88396258,8381307,75305183.48,0.2455,0.4449,1,0
2021-01-13,sh.600637,35.923878,36.16337052,35.36506212,36.1234551,36.04362426,11817389,105915007.89,0.3461,0.2215,1,0
2021-01-14,sh.600637,35.96379342,37.04150976,35.80413174,36.7221864,36.1234551,17955018,164205945.45,0.5258,1.6575,1,0
2021-01-15,sh.600637,36.44277846,36.84193266,36.24320136,36.44277846,36.7221864,9629241,88015831.8,0.282,-0.7609,1,0
2021-01-18,sh.600637,36.40286304,36.76210182,36.16337052,36.24320136,36.44277846,8527710,77899667.53,0.2497,-0.5476,1,0
2021-01-19,sh.600637,36.28311678,36.56252472,35.96379342,36.40286304,36.24320136,7250895,65921405.87,0.2124,0.4405,1,0
2021-01-20,sh.600637,36.28311678,36.44277846,35.88396258,36.16337052,36.40286304,8784966,79440390.26,0.2573,-0.6579,1,0
2021-01-21,sh.600637,36.1234551,36.40286304,35.923878,36.20328594,36.16337052,8867874,80380734.27,0.2597,0.1104,1,0
2021-01-22,sh.600637,36.16337052,36.16337052,35.36506212,35.5247238,36.20328594,11025368,98454984.54,0.3229,-1.8743,1,0
2021-01-25,sh.600637,35.36506212,35.64447006,34.96590792,35.1255696,35.5247238,9489474,83660045.87,0.2779,-1.1236,1,0
2021-01-26,sh.600637,35.16548502,35.28523128,34.96590792,35.04573876,35.1255696,5781090,50807746.95,0.1693,-0.2273,1,0
2021-01-27,sh.600637,35.04573876,35.7243009,35.00582334,35.3251467,35.04573876,7485008,66420634.17,0.2192,0.7973,1,0
2021-01-28,sh.600637,35.16548502,36.04362426,35.1255696,35.64447006,35.3251467,12243594,109569958.58,0.3586,0.904,1,0
2021-01-29,sh.600637,35.3251467,35.76421632,34.76633082,34.80624624,35.64447006,11589059,102141523.98,0.3394,-2.3516,1,0
2021-02-01,sh.600637,34.80624624,35.08565418,34.36717662,34.5268383,34.80624624,8720089,75695117.1,0.2554,-0.8028,1,0
2021-02-02,sh.600637,34.56675372,34.80624624,34.24743036,34.56675372,34.5268383,6391594,55316135.41,0.1872,0.1156,1,0
2021-02-03,sh.600637,34.44700746,34.56675372,34.00793784,34.04785326,34.56675372,8306688,71110381.82,0.2433,-1.5012,1,0
2021-02-04,sh.600637,34.00793784,34.00793784,32.81047524,33.20962944,34.04785326,13404354,111634635.19,0.3926,-2.4619,1,0
2021-02-05,sh.600637,33.28946028,33.48903738,33.01005234,33.04996776,33.20962944,5658812,47050188.63,0.1657,-0.4808,1,0
2021-02-08,sh.600637,33.04996776,33.60878364,32.81047524,33.20962944,33.04996776,6056293,50458929.91,0.1774,0.4831,1,0
2021-02-09,sh.600637,33.36929112,33.60878364,33.04996776,33.5289528,33.20962944,6356964,53155987.15,0.1862,0.9615,1,0
2021-02-10,sh.600637,33.56886822,33.7285299,33.3293757,33.64869906,33.5289528,6212380,52197775.37,0.1819,0.3571,1,0
2021-02-18,sh.600637,34.04785326,34.48692288,34.00793784,34.24743036,33.64869906,8841796,75908879.16,0.2589,1.7794,1,0
2021-02-19,sh.600637,34.28734578,35.28523128,34.00793784,35.20540044,34.24743036,11641012,101515271.94,0.3409,2.7972,1,0
2021-02-22,sh.600637,35.24531586,35.84404716,35.1255696,35.1255696,35.20540044,15211000,135234965.76,0.4455,-0.2268,1,0
2021-02-23,sh.600637,35.1255696,35.44489296,34.80624624,34.84616166,35.1255696,7918535,69353425.17,0.2319,-0.7955,1,0
2021-02-24,sh.600637,34.9259925,35.40497754,34.7264154,34.84616166,34.84616166,10348574,91052060.82,0.3031,0.0,1,0
2021-02-25,sh.600637,35.04573876,35.28523128,34.64658456,34.76633082,34.84616166,11118766,97117685.94,0.3256,-0.2291,1,0
2021-02-26,sh.600637,34.56675372,34.84616166,34.28734578,34.44700746,34.76633082,10335126,89457230.92,0.3027,-0.9185,1,0
2021-03-01,sh.600637,35.923878,36.7221864,35.76421632,36.1234551,34.44700746,30474857,277074669.16,0.8925,4.8667,1,0
2021-03-02,sh.600637,36.04362426,36.3230322,35.80413174,35.96379342,36.1234551,13818828,124697741.26,0.4047,-0.442,1,0
2021-03-03,sh.600637,35.96379342,36.76210182,35.923878,36.64235556,35.96379342,17251545,157781250.58,0.5052,1.8868,1,0
2021-03-04,sh.600637,36.3230322,36.80201724,36.28311678,36.56252472,36.64235556,12087737,110773970.6,0.354,-0.2179,1,0
2021-03-05,sh.600637,36.48269388,36.96167892,36.44277846,36.64235556,36.56252472,11837834,108891275.47,0.3467,0.2183,1,0
2021-03-08,sh.600637,36.96167892,37.64024106,36.88184808,36.88184808,36.64235556,14231343,132668051.51,0.4168,0.6536,1,0
2021-03-09,sh.600637,36.9217635,37.24108686,36.16337052,36.5226093,36.88184808,14674479,135000078.42,0.4298,-0.974,1,0
2021-03-10,sh.600637,36.5226093,36.9217635,36.08353968,36.1234551,36.5226093,10666560,97317520.86,0.3124,-1.0929,1,0
2021-03-11,sh.600637,36.16337052,37.3209177,35.96379342,36.9217635,36.1234551,17025351,155929280.77,0.4986,2.2099,1,0
2021-03-12,sh.600637,37.1213406,37.5204948,36.76210182,37.36083312,36.9217635,16256174,151732573.15,0.4761,1.1892,1,0
2021-03-15,sh.600637,37.56041022,37.99947984,37.20117144,37.83981816,37.36083312,18477296,174767692.3,0.5411,1.2821,1,0
2021-03-16,sh.600637,38.07931068,38.3188032,37.75998732,38.23897236,37.83981816,12837919,122497215.28,0.376,1.0549,1,0
2021-03-17,sh.600637,38.19905694,38.47846488,38.03939526,38.19905694,38.23897236,11495730,110194377.61,0.3367,-0.1044,1,0
2021-03-18,sh.600637,38.39863404,38.47846488,38.03939526,38.27888778,38.19905694,12026558,115185531.22,0.3522,0.209,1,0
2021-03-19,sh.600637,38.1192261,38.39863404,37.64024106,37.919649,38.27888778,14133378,134479567.2,0.4139,-0.9385,1,0
2021-03-22,sh.600637,37.87973358,38.83770366,37.79990274,38.63812656,37.919649,13797347,132942599.01,0.4041,1.8947,1,0
2021-03-23,sh.600637,38.7179574,38.79778824,38.23897236,38.59821114,38.63812656,10879028,104921360.72,0.3186,-0.1033,1,0
2021-03-24,sh.600637,38.39863404,39.03728076,38.39863404,38.63812656,38.59821114,10942548,106311048.07,0.3205,0.1034,1,0
2021-03-25,sh.600637,38.67804198,38.83770366,38.35871862,38.43854946,38.63812656,8218613,79484630.67,0.2407,-0.5165,1,0
2021-03-26,sh.600637,38.47846488,38.63812656,38.07931068,38.3188032,38.43854946,9604849,92197438.52,0.2813,-0.3115,1,0
2021-03-29,sh.600637,38.3188032,38.43854946,37.87973358,38.15914152,38.3188032,9524837,90857403.57,0.279,-0.4167,1,0
2021-03-30,sh.600637,37.95956442,38.03939526,37.75998732,37.95956442,38.15914152,7511649,71290983.55,0.22,-0.523,1,0
2021-03-31,sh.600637,37.95956442,38.43854946,37.7200719,38.35871862,37.95956442,8380855,80012628.87,0.2454,1.0515,1,0
2021-04-01,sh.600637,38.35871862,38.5183803,37.7200719,38.3188032,38.35871862,13356616,127356025.46,0.3912,-0.1041,1,0
2021-04-02,sh.600637,38.35871862,38.55829572,38.1192261,38.23897236,38.3188032,9443389,90771817.31,0.2766,-0.2083,1,0
2021-04-06,sh.600637,38.27888778,38.35871862,37.83981816,37.83981816,38.23897236,8259363,78689791.45,0.2419,-1.0438,1,0
2021-04-07,sh.600637,37.83981816,37.87973358,37.48057938,37.60032564,37.83981816,9360292,88204426.78,0.2741,-0.6329,1,0
2021-04-08,sh.600637,37.48057938,37.5204948,37.20117144,37.3209177,37.60032564,8144092,76179328.62,0.2385,-0.7431,1,0
2021-04-09,sh.600637,37.24108686,37.64024106,37.16125602,37.48057938,37.3209177,6089801,57017374.51,0.1784,0.4278,1,0
2021-04-12,sh.600637,37.40074854,37.68015648,37.28100228,37.40074854,37.48057938,6233826,58504004.39,0.1826,-0.213,1,0
2021-04-13,sh.600637,37.3209177,37.5204948,36.84193266,37.04150976,37.40074854,7420756,69167009.01,0.2173,-0.9605,1,0
2021-04-14,sh.600637,36.9217635,37.5204948,36.9217635,37.44066396,37.04150976,5544948,51808681.51,0.1624,1.0776,1,0
2021-04-15,sh.600637,37.44066396,37.5204948,36.9217635,37.08142518,37.44066396,4646361,43307669.87,0.1361,-0.9595,1,0
2021-04-16,sh.600637,37.1213406,37.83981816,37.08142518,37.75998732,37.08142518,8432657,79453980.7,0.247,1.8299,1,0
2021-04-19,sh.600637,37.83981816,38.1192261,37.7200719,37.87973358,37.75998732,7033748,66861971.14,0.206,0.3171,1,0
2021-04-20,sh.600637,38.07931068,38.27888778,37.64024106,37.68015648,37.87973358,8641281,82200341.06,0.2531,-0.5269,1,0
2021-04-21,sh.600637,37.60032564,37.68015648,37.1213406,37.16125602,37.68015648,5542570,51853866.38,0.1623,-1.3771,1,0
2021-04-22,sh.600637,37.16125602,37.3209177,36.84193266,36.9217635,37.16125602,5374580,49879451.15,0.1574,-0.6445,1,0
2021-04-23,sh.600637,36.88184808,36.96167892,36.16337052,36.24320136,36.9217635,9189802,84015940.59,0.2691,-1.8378,1,0
2021-04-26,sh.600637,36.20328594,36.48269388,36.04362426,36.04362426,36.24320136,5664813,51453320.03,0.1659,-0.5507,1,0
2021-04-27,sh.600637,36.00370884,36.1234551,35.64447006,35.64447006,36.04362426,5813301,52160938.6,0.1703,-1.1074,1,0
2021-04-28,sh.600637,35.60455464,35.88396258,35.48480838,35.7243009,35.64447006,6115669,54736390.23,0.1791,0.224,1,0
2021-04-29,sh.600637,35.7243009,36.24320136,35.7243009,36.08353968,35.7243009,5837750,52727724.15,0.171,1.0056,1,0
2021-04-30,sh.600637,35.80413174,35.96379342,35.00582334,35.1255696,36.08353968,12229898,108283344.97,0.3582,-2.6549,1,0
2021-05-06,sh.600637,35.20540044,35.96379342,35.20540044,35.36506212,35.1255696,7351500,65540249.0,0.2153,0.6818,1,0
2021-05-07,sh.600637,35.48480838,35.60455464,35.16548502,35.40497754,35.36506212,7922948,70227059.68,0.232,0.1129,1,0
2021-05-10,sh.600637,35.48480838,35.60455464,34.88607708,35.56463922,35.40497754,10833905,95583618.22,0.3173,0.451,1,0
2021-05-11,sh.600637,35.36506212,35.84404716,35.36506212,35.60455464,35.56463922,5643856,50414293.27,0.1653,0.1122,1,0
2021-05-12,sh.600637,35.60455464,35.96379342,35.5247238,35.923878,35.60455464,6226218,55788034.83,0.1823,0.8969,1,0
2021-05-13,sh.600637,35.64447006,35.96379342,35.5247238,35.60455464,35.923878,5047949,45120363.35,0.1478,-0.8889,1,0
2021-05-14,sh.600637,35.56463922,36.04362426,35.5247238,36.00370884,35.60455464,6946993,62467709.16,0.2035,1.1211,1,0
2021-05-17,sh.600637,36.00370884,36.20328594,35.80413174,35.923878,36.00370884,6989577,63023649.51,0.2047,-0.2217,1,0
2021-05-18,sh.600637,35.84404716,36.40286304,35.84404716,36.1234551,35.923878,7942357,71944604.54,0.2326,0.5556,1,0
2021-05-19,sh.600637,36.1234551,36.60244014,35.76421632,36.36294762,36.1234551,11310171,102569582.34,0.3312,0.663,1,0
2021-05-20,sh.600637,36.16337052,36.28311678,35.68438548,35.7243009,36.36294762,8810596,79214491.33,0.258,-1.7563,1,0
2021-05-21,sh.600637,35.68438548,36.04362426,35.3251467,35.3251467,35.7243009,7513262,67045327.29,0.22,-1.1173,1,0
2021-05-24,sh.600637,35.40497754,35.64447006,35.28523128,35.40497754,35.3251467,5296956,46974270.27,0.1551,0.226,1,0
2021-05-25,sh.600637,35.48480838,35.84404716,35.28523128,35.76421632,35.40497754,7473563,66661036.58,0.2189,1.0147,1,0
2021-05-26,sh.600637,35.76421632,36.00370884,35.68438548,35.80413174,35.76421632,6719295,60260055.63,0.1968,0.1116,1,0
2021-05-27,sh.600637,35.76421632,36.3230322,35.7243009,36.28311678,35.80413174,11031195,99880135.36,0.3231,1.3378,1,0
2021-05-28,sh.600637,36.20328594,36.28311678,35.80413174,35.84404716,36.28311678,8040376,72423269.84,0.2355,-1.2101,1,0
2021-05-31,sh.600637,35.80413174,36.00370884,35.56463922,35.64447006,35.84404716,5801826,51896607.88,0.1699,-0.5568,1,0
2021-06-01,sh.600637,35.64447006,35.84404716,35.44489296,35.5247238,35.64447006,6960466,62061842.55,0.2039,-0.3359,1,0
2021-06-02,sh.600637,35.48480838,35.64447006,34.9259925,35.00582334,35.5247238,13360748,117713025.2,0.3913,-1.4607,1,0
2021-06-03,sh.600637,35.00582334,36.60244014,34.96590792,35.80413174,35.00582334,26709278,240569315.01,0.7822,2.2805,1,0
2021-06-04,sh.600637,35.7243009,36.04362426,35.1255696,35.20540044,35.80413174,15688580,139617838.22,0.4595,-1.6722,1,0
2021-06-07,sh.600637,35.24531586,35.56463922,35.1255696,35.16548502,35.20540044,8698983,76767455.91,0.2548,-0.1134,1,0
2021-06-08,sh.600637,35.44489296,36.04362426,35.1255696,35.923878,35.16548502,20657677,185037263.6,0.605,2.1566,1,0
2021-06-09,sh.600637,35.96379342,36.00370884,35.48480838,35.64447006,35.923878,16446163,147095238.82,0.4817,-0.7778,1,0
2021-06-10,sh.600637,35.5247238,35.923878,35.44489296,35.48480838,35.64447006,18991185,169601986.17,0.5562,-0.4479,1,0
2021-06-11,sh.600637,35.60455464,35.7243009,33.5289528,33.5289528,35.48480838,61184061,528295301.62,1.7919,-5.5118,1,0
2021-06-15,sh.600637,33.80836074,33.96802242,33.3293757,33.44912196,33.5289528,18220609,153315389.04,0.5336,-0.2381,1,0
2021-06-16,sh.600637,33.44912196,33.76844532,33.24954486,33.44912196,33.44912196,11481079,96285178.48,0.3362,0.0,1,0
2021-06-17,sh.600637,33.40920654,33.68861448,33.36929112,33.5289528,33.44912196,7300976,61277439.65,0.2138,0.2387,1,0
2021-06-18,sh.600637,33.5289528,33.64869906,33.44912196,33.44912196,33.5289528,8234573,69218508.28,0.2412,-0.2381,1,0
2021-06-21,sh.600637,33.44912196,33.48903738,33.28946028,33.36929112,33.44912196,5791464,48441513.77,0.1696,-0.2387,1,0
2021-06-22,sh.600637,33.5289528,33.88819158,33.44912196,33.76844532,33.36929112,7881911,66552681.69,0.2308,1.1962,1,0
2021-06-23,sh.600637,33.7285299,33.84827616,33.60878364,33.80836074,33.76844532,6866078,58003402.02,0.2011,0.1182,1,0
2021-06-24,sh.600637,33.84827616,34.00793784,33.7285299,33.928107,33.80836074,6925642,58723307.57,0.2028,0.3542,1,0
2021-06-25,sh.600637,33.84827616,34.08776868,33.64869906,34.00793784,33.928107,8958573,76091483.13,0.2624,0.2353,1,0
2021-06-28,sh.600637,34.25526594,34.25526594,33.84304854,33.96671376,34.0079355,7990730,66039760.11,0.234,-0.1212,1,0
2021-06-29,sh.600637,33.92549202,34.0079355,33.76060506,33.8018268,33.96671376,5096189,41844010.43,0.1493,-0.4854,1,0
2021-06-30,sh.600637,33.8018268,33.96671376,33.55449636,33.76060506,33.8018268,6171386,50542940.54,0.1807,-0.122,1,0
2021-07-01,sh.600637,33.84304854,34.17282246,33.67816158,33.92549202,33.76060506,7881853,64871989.8,0.2308,0.4884,1,0
2021-07-02,sh.600637,33.92549202,33.96671376,33.67816158,33.8018268,33.92549202,5120987,41981318.12,0.15,-0.3645,1,0
2021-07-05,sh.600637,33.84304854,34.0079355,33.67816158,33.8018268,33.8018268,5523907,45292769.4,0.1618,0.0,1,0
2021-07-06,sh.600637,33.96671376,34.04915724,33.5957181,33.96671376,33.8018268,7323311,60134830.29,0.2145,0.4878,1,0
2021-07-07,sh.600637,33.84304854,34.17282246,33.76060506,34.04915724,33.96671376,6479576,53399874.03,0.1898,0.2427,1,0
2021-07-08,sh.600637,34.09037898,34.13160072,33.5957181,33.63693984,34.04915724,8217614,67299824.02,0.2407,-1.2107,1,0
2021-07-09,sh.600637,33.55449636,33.88427028,33.51327462,33.71938332,33.63693984,4814567,39365607.78,0.141,0.2451,1,0
2021-07-12,sh.600637,33.88427028,34.0079355,33.63693984,33.71938332,33.71938332,6619811,54219207.67,0.1939,0.0,1,0
2021-07-13,sh.600637,33.67816158,33.96671376,33.51327462,33.88427028,33.71938332,12723370,104111675.69,0.3726,0.489,1,0
2021-07-14,sh.600637,33.84304854,33.92549202,33.51327462,33.51327462,33.88427028,7915100,64580969.8,0.2318,-1.0949,1,0
2021-07-15,sh.600637,33.51327462,33.5957181,33.1835007,33.34838766,33.51327462,8467677,68429107.6,0.248,-0.492,1,0
2021-07-16,sh.600637,33.55449636,33.8018268,33.3896094,33.5957181,33.34838766,9331350,76048170.41,0.2733,0.7417,1,0
2021-07-19,sh.600637,33.47205288,33.51327462,33.01861374,33.1835007,33.5957181,9618416,77318879.81,0.2817,-1.227,1,0
2021-07-20,sh.600637,33.14227896,33.22472244,32.93617026,33.10105722,33.1835007,6644905,53261999.7,0.1946,-0.2484,1,0
2021-07-21,sh.600637,33.10105722,33.22472244,32.93617026,33.01861374,33.10105722,7085400,56822732.59,0.2075,-0.2491,1,0
2021-07-22,sh.600637,33.01861374,33.1835007,32.89494852,33.10105722,33.01861374,7911726,63385536.76,0.2317,0.2497,1,0
2021-07-23,sh.600637,33.10105722,33.10105722,32.89494852,33.01861374,33.10105722,8525248,68252248.34,0.2497,-0.2491,1,0
2021-07-26,sh.600637,33.01861374,33.30716592,32.1529572,32.31784416,33.01861374,11659495,92313563.07,0.3415,-2.1223,1,0
2021-07-27,sh.600637,32.31784416,32.5651746,32.1529572,32.40028764,32.31784416,9433485,73991696.62,0.2763,0.2551,1,0
2021-07-28,sh.600637,32.31784416,33.14227896,32.27662242,32.60639634,32.40028764,12257469,97548131.55,0.359,0.6361,1,0
2021-07-29,sh.600637,32.81250504,32.85372678,31.98807024,32.07051372,32.60639634,9704936,76083224.62,0.2842,-1.6435,1,0
2021-07-30,sh.600637,32.07051372,32.27662242,31.57585284,32.23540068,32.07051372,8958512,69377327.84,0.2624,0.5141,1,0
2021-08-02,sh.600637,32.02929198,32.3590659,31.78196154,32.23540068,32.23540068,8636030,67262287.46,0.2529,0.0,1,0
2021-08-03,sh.600637,32.11173546,32.40028764,32.02929198,32.31784416,32.23540068,8793750,68729595.16,0.2575,0.2558,1,0
2021-08-04,sh.600637,32.3590659,32.44150938,32.07051372,32.1529572,32.31784416,7209550,56270703.2,0.2111,-0.5102,1,0
2021-08-05,sh.600637,32.1529572,32.23540068,31.65829632,31.7407398,32.1529572,9175834,71043551.78,0.2687,-1.2821,1,0
2021-08-06,sh.600637,31.7407398,31.82318328,31.24607892,31.49340936,31.7407398,9678121,73825396.02,0.2834,-0.7792,1,0
2021-08-09,sh.600637,31.49340936,31.69951806,31.36974414,31.61707458,31.49340936,7090809,54322754.43,0.2077,0.3927,1,0
2021-08-10,sh.600637,31.61707458,31.78196154,31.45218762,31.69951806,31.61707458,7253714,55606306.77,0.2124,0.2608,1,0
2021-08-11,sh.600637,31.86440502,32.11173546,31.78196154,32.02929198,31.69951806,11292528,87642819.31,0.3307,1.0403,1,0
2021-08-12,sh.600637,32.11173546,32.11173546,31.82318328,31.86440502,32.02929198,6588559,51010034.69,0.193,-0.5148,1,0
2021-08-13,sh.600637,31.82318328,31.86440502,31.65829632,31.78196154,31.86440502,5991747,46124068.81,0.1755,-0.2587,1,0
2021-08-16,sh.600637,31.98807024,32.23540068,31.69951806,32.1529572,31.78196154,8482020,65939130.86,0.2484,1.1673,1,0
2021-08-17,sh.600637,32.07051372,32.23540068,31.7407398,31.78196154,32.1529572,6393057,49596853.51,0.1872,-1.1538,1,0
2021-08-18,sh.600637,31.82318328,31.98807024,31.7407398,31.9468485,31.78196154,4782047,36976299.05,0.1401,0.5188,1,0
2021-08-19,sh.600637,31.86440502,32.19417894,31.86440502,31.98807024,31.9468485,5416622,42040561.0,0.1586,0.129,1,0
2021-08-20,sh.600637,31.90562676,31.98807024,31.57585284,31.7407398,31.98807024,6874297,52869157.72,0.2013,-0.7732,1,0
2021-08-23,sh.600637,31.7407398,31.86440502,31.57585284,31.78196154,31.7407398,5296304,40850580.95,0.1551,0.1299,1,0
2021-08-24,sh.600637,31.78196154,31.90562676,31.61707458,31.86440502,31.78196154,6517732,50279320.12,0.1909,0.2594,1,0
2021-08-25,sh.600637,31.78196154,32.23540068,31.7407398,32.19417894,31.86440502,8571294,66592832.49,0.251,1.0349,1,0
2021-08-26,sh.600637,32.27662242,32.93617026,31.98807024,32.64761808,32.19417894,16293536,128583551.35,0.4772,1.4085,1,0
2021-08-27,sh.600637,32.68883982,32.73006156,32.23540068,32.48273112,32.64761808,7341555,57873417.61,0.215,-0.5051,1,0
2021-08-30,sh.600637,32.5651746,32.81250504,32.27662242,32.31784416,32.48273112,7718922,60828508.99,0.2261,-0.5076,1,0
2021-08-31,sh.600637,32.1529572,32.81250504,32.11173546,32.5651746,32.31784416,9838384,77400872.38,0.2881,0.7653,1,0
2021-09-01,sh.600637,32.7712833,33.22472244,32.64761808,32.977392,32.5651746,12274873,98317871.12,0.3595,1.2658,1,0
2021-09-02,sh.600637,32.93617026,33.05983548,32.73006156,32.89494852,32.977392,9743099,77664023.0,0.2853,-0.25,1,0
2021-09-03,sh.600637,33.30716592,33.30716592,32.81250504,32.93617026,32.89494852,11588104,92758728.94,0.3394,0.1253,1,0
2021-09-06,sh.600637,32.93617026,33.14227896,32.85372678,33.01861374,32.93617026,9154218,73309757.67,0.2681,0.2503,1,0
2021-09-07,sh.600637,33.01861374,33.22472244,32.89494852,33.1835007,33.01861374,12448891,99822017.95,0.3646,0.4994,1,0
2021-09-08,sh.600637,33.1835007,34.04915724,33.14227896,34.04915724,33.1835007,23238422,190116281.62,0.6806,2.6087,1,0
2021-09-09,sh.600637,34.09037898,34.74992682,33.5957181,34.4201529,34.04915724,27306042,227054326.59,0.7997,1.0896,1,0
2021-09-10,sh.600637,34.4201529,34.6262616,34.13160072,34.2140442,34.4201529,14044419,117028273.4,0.4113,-0.5988,1,0
2021-09-13,sh.600637,34.13160072,34.46137464,34.04915724,34.33770942,34.2140442,9888245,82169062.54,0.2896,0.3614,1,0
2021-09-14,sh.600637,34.37893116,34.50259638,33.63693984,33.63693984,34.33770942,11368194,93806399.32,0.3329,-2.0408,1,0
2021-09-15,sh.600637,33.63693984,33.88427028,33.5957181,33.63693984,33.63693984,6742319,55137297.93,0.1975,0.0,1,0
2021-09-16,sh.600637,33.71938332,34.13160072,33.01861374,33.01861374,33.63693984,15412486,125528053.95,0.4514,-1.8382,1,0
2021-09-17,sh.600637,33.22472244,33.26594418,32.64761808,32.977392,33.01861374,12962020,103290905.75,0.3796,-0.1248,1,0
2021-09-22,sh.600637,32.68883982,33.22472244,32.60639634,33.05983548,32.977392,11517388,91857170.4,0.3373,0.25,1,0
2021-09-23,sh.600637,33.10105722,33.51327462,33.10105722,33.51327462,33.05983548,11180687,90584463.5,0.3274,1.3716,1,0
2021-09-24,sh.600637,33.55449636,33.63693984,33.10105722,33.26594418,33.51327462,9418161,76165439.23,0.2758,-0.738,1,0
2021-09-27,sh.600637,33.22472244,33.26594418,32.44150938,32.60639634,33.26594418,12223440,97230102.14,0.358,-1.9827,1,0
2021-09-28,sh.600637,32.64761808,32.7712833,32.40028764,32.5651746,32.60639634,6046730,47714334.24,0.1771,-0.1264,1,0
2021-09-29,sh.600637,32.40028764,32.5651746,32.11173546,32.40028764,32.5651746,9556668,74814045.91,0.2799,-0.5063,1,0
2021-09-30,sh.600637,32.3590659,32.60639634,32.23540068,32.3590659,32.40028764,6771971,53164705.26,0.1983,-0.1272,1,0
2021-10-08,sh.600637,32.5651746,32.68883982,32.52395286,32.64761808,32.3590659,7686518,60796989.73,0.2251,0.8917,1,0
2021-10-11,sh.600637,32.85372678,33.1835007,32.85372678,33.01861374,32.64761808,9193349,73616491.64,0.2692,1.1364,1,0
2021-10-12,sh.600637,33.05983548,33.05983548,32.73006156,32.89494852,33.01861374,6442159,51328117.24,0.1887,-0.3745,1,0
2021-10-13,sh.600637,32.93617026,33.14227896,32.81250504,32.977392,32.89494852,5203372,41628486.38,0.1524,0.2506,1,0
2021-10-14,sh.600637,32.977392,33.1835007,32.85372678,32.93617026,32.977392,5505689,44072699.28,0.1612,-0.125,1,0
2021-10-15,sh.600637,33.01861374,33.14227896,32.64761808,32.93617026,32.93617026,5934853,47276835.4,0.1738,0.0,1,0
2021-10-18,sh.600637,32.89494852,33.10105722,32.52395286,32.64761808,32.93617026,7800612,61863692.55,0.2285,-0.8761,1,0
2021-10-19,sh.600637,32.60639634,32.68883982,32.44150938,32.48273112,32.64761808,5547016,43775880.96,0.1625,-0.5051,1,0
2021-10-20,sh.600637,32.64761808,32.64761808,32.31784416,32.31784416,32.48273112,5231666,41147191.74,0.1532,-0.5076,1,0
2021-10-21,sh.600637,32.40028764,32.52395286,32.02929198,32.11173546,32.31784416,8340213,65141921.66,0.2443,-0.6378,1,0
2021-10-22,sh.600637,32.1529572,32.23540068,31.86440502,31.9468485,32.11173546,5448186,42295467.2,0.1596,-0.5135,1,0
2021-10-25,sh.600637,31.90562676,31.98807024,31.61707458,31.7407398,31.9468485,6918524,53304142.69,0.2026,-0.6452,1,0
2021-10-26,sh.600637,31.78196154,31.9468485,31.61707458,31.7407398,31.7407398,5966965,45964441.69,0.1748,0.0,1,0
2021-10-27,sh.600637,31.69951806,31.78196154,31.36974414,31.5346311,31.7407398,6707066,51292736.65,0.1964,-0.6494,1,0
2021-10-28,sh.600637,31.57585284,31.86440502,31.3285224,31.78196154,31.5346311,7168409,54889062.93,0.2099,0.7843,1,0
2021-10-29,sh.600637,31.69951806,32.07051372,31.65829632,31.86440502,31.78196154,8285539,64096677.31,0.2427,0.2594,1,0
2021-11-01,sh.600637,31.65829632,31.82318328,31.45218762,31.65829632,31.86440502,6815780,52308292.71,0.1996,-0.6468,1,0
2021-11-02,sh.600637,31.5346311,31.7407398,30.87508326,31.03997022,31.65829632,12883299,97831091.19,0.3773,-1.9531,1,0
2021-11-03,sh.600637,31.03997022,31.24607892,30.99874848,31.08119196,31.03997022,5287348,39885670.45,0.1548,0.1328,1,0
2021-11-04,sh.600637,31.20485718,31.24607892,30.87508326,31.08119196,31.08119196,7383081,55515912.89,0.2162,0.0,1,0
2021-11-05,sh.600637,31.03997022,31.65829632,30.99874848,31.57585284,31.08119196,12733986,97034854.47,0.3729,1.5915,1,0
2021-11-08,sh.600637,32.02929198,32.1529572,31.41096588,31.49340936,31.57585284,9491835,72927267.05,0.278,-0.2611,1,0
2021-11-09,sh.600637,31.41096588,31.69951806,31.1224137,31.16363544,31.49340936,10250412,77835505.59,0.3002,-1.0471,1,0
2021-11-10,sh.600637,31.20485718,31.49340936,31.03997022,31.3285224,31.16363544,7615296,57686188.19,0.223,0.5291,1,0
2021-11-11,sh.600637,31.28730066,32.23540068,31.16363544,31.98807024,31.3285224,24144993,186854922.96,0.7071,2.1053,1,0
2021-11-12,sh.600637,31.78196154,31.90562676,31.36974414,31.49340936,31.98807024,17048370,130692823.09,0.4993,-1.5464,1,0
2021-11-15,sh.600637,31.5346311,32.31784416,31.49340936,32.23540068,31.49340936,20205397,156708410.82,0.5918,2.356,1,0
2021-11-16,sh.600637,32.11173546,32.85372678,32.02929198,32.40028764,32.23540068,25037137,197546440.93,0.7333,0.5115,1,0
2021-11-17,sh.600637,32.40028764,32.48273112,32.11173546,32.27662242,32.40028764,12437076,97448451.27,0.3642,-0.3817,1,0
2021-11-18,sh.600637,32.31784416,32.3590659,31.82318328,31.86440502,32.27662242,11393725,88338123.37,0.3337,-1.2771,1,0
2021-11-19,sh.600637,31.90562676,32.11173546,31.65829632,32.07051372,31.86440502,9566287,74076249.27,0.2802,0.6468,1,0
2021-11-22,sh.600637,32.07051372,32.07051372,31.61707458,31.61707458,32.07051372,13364070,102897614.62,0.3914,-1.4139,1,0
2021-11-23,sh.600637,31.57585284,31.7407398,31.49340936,31.65829632,31.61707458,9565157,73326202.24,0.2801,0.1304,1,0
2021-11-24,sh.600637,31.7407398,33.47205288,31.61707458,32.3590659,31.65829632,27314508,215387358.84,0.8,2.2135,1,0
2021-11-25,sh.600637,32.07051372,32.7712833,31.98807024,32.60639634,32.3590659,20121219,158499217.17,0.5893,0.7643,1,0
2021-11-26,sh.600637,32.60639634,32.64761808,32.23540068,32.48273112,32.60639634,10159706,80048280.03,0.2975,-0.3793,1,0
2021-11-29,sh.600637,32.1529572,32.40028764,31.86440502,31.9468485,32.48273112,12549592,97769901.18,0.3675,-1.6497,1,0
2021-11-30,sh.600637,32.02929198,32.40028764,32.02929198,32.3590659,31.9468485,10675237,83492232.06,0.3126,1.2903,1,0
2021-12-01,sh.600637,32.3590659,32.68883982,32.1529572,32.68883982,32.3590659,11720796,92354182.91,0.3433,1.0191,1,0
2021-12-02,sh.600637,32.60639634,32.7712833,32.40028764,32.48273112,32.68883982,8978814,70919535.37,0.263,-0.6305,1,0
2021-12-03,sh.600637,32.3590659,32.64761808,32.3590659,32.44150938,32.48273112,10267604,80889149.24,0.3007,-0.1269,1,0
2021-12-06,sh.600637,32.52395286,32.52395286,32.02929198,32.02929198,32.44150938,11008901,86103196.4,0.3224,-1.2706,1,0
2021-12-07,sh.600637,32.11173546,32.27662242,31.9468485,32.07051372,32.02929198,7768603,60428304.9,0.2275,0.1287,1,0
2021-12-08,sh.600637,32.19417894,32.27662242,32.02929198,32.23540068,32.07051372,6888298,53706354.06,0.2017,0.5141,1,0
2021-12-09,sh.600637,32.23540068,32.48273112,32.07051372,32.3590659,32.23540068,11148057,87472379.05,0.3265,0.3836,1,0
2021-12-10,sh.600637,32.3590659,32.73006156,32.19417894,32.68883982,32.3590659,15973331,126144887.85,0.4678,1.0191,1,0
2021-12-13,sh.600637,32.68883982,33.1835007,32.5651746,32.93617026,32.68883982,19897912,158957334.55,0.5827,0.7566,1,0
2021-12-14,sh.600637,32.93617026,33.76060506,32.93617026,33.55449636,32.93617026,28269602,229243632.41,0.8279,1.8773,1,0
2021-12-15,sh.600637,33.5957181,33.5957181,33.26594418,33.43083114,33.55449636,17033864,138108635.55,0.4989,-0.3686,1,0
2021-12-16,sh.600637,33.47205288,33.92549202,33.26594418,33.84304854,33.43083114,19217459,156793931.92,0.5628,1.233,1,0
2021-12-17,sh.600637,34.95603552,35.32703118,33.96671376,34.04915724,33.84304854,46642962,391401213.91,1.366,0.609,1,0
2021-12-20,sh.600637,34.04915724,34.33770942,33.47205288,33.51327462,34.04915724,23599404,193248978.48,0.6912,-1.5738,1,0
2021-12-21,sh.600637,33.51327462,34.13160072,33.47205288,33.92549202,33.51327462,16480938,135683508.04,0.4827,1.23,1,0
2021-12-22,sh.600637,34.46137464,34.91481378,34.2140442,34.6262616,33.92549202,34505633,290142334.1,1.0106,2.0656,1,0
2021-12-23,sh.600637,34.6262616,34.70870508,34.04915724,34.04915724,34.6262616,16936655,140917744.29,0.496,-1.6667,1,0
2021-12-24,sh.600637,34.2140442,34.4201529,33.63693984,34.17282246,34.04915724,14073027,116296716.71,0.4122,0.3632,1,0
2021-12-27,sh.600637,34.17282246,35.94535728,33.71938332,35.53313988,34.17282246,53877760,458500575.37,1.5779,3.9807,1,0
2021-12-28,sh.600637,35.4506964,35.4506964,34.6262616,34.8323703,35.53313988,20035968,169755120.27,0.5868,-1.9722,1,0
2021-12-29,sh.600637,34.70870508,34.8323703,34.4201529,34.4201529,34.8323703,13441366,112637678.15,0.3937,-1.1834,1,0
2021-12-30,sh.600637,34.54381812,35.8629138,34.4201529,35.73924858,34.4201529,40990903,352030649.45,1.2005,3.8323,1,0
2021-12-31,sh.600637,35.6568051,39.32553996,35.32703118,38.9545443,35.73924858,128689630,1186426969.93,3.7689,8.9965,1,0
2022-01-04,sh.600637,38.7484356,41.59273566,37.7178921,40.89196608,38.9545443,128500676,1245808509.49,3.7634,4.9735,1,0
2022-01-05,sh.600637,40.47974868,41.4278487,39.73775736,40.35608346,40.89196608,58696806,575979052.5,1.719,-1.3105,1,0
2022-01-06,sh.600637,40.31486172,41.38662696,39.61409214,40.23241824,40.35608346,52204011,512498636.77,1.5289,-0.3064,1,0
2022-01-07,sh.600637,40.47974868,42.78816612,40.1911965,40.52097042,40.23241824,88094375,886019370.35,2.58,0.7172,1,0
2022-01-10,sh.600637,40.43852694,41.96373132,39.94386606,41.05685304,40.52097042,61816168,616024095.0,1.8104,1.3225,1,0
2022-01-11,sh.600637,40.89196608,41.22174,38.87210082,39.24309648,41.05685304,62545756,605367011.65,1.8318,-4.4177,1,0
2022-01-12,sh.600637,38.99576604,39.65531388,38.58354864,38.91332256,39.24309648,41598537,394252200.47,1.2183,-0.8403,1,0
2022-01-13,sh.600637,39.160653,39.7789791,38.62477038,39.11943126,38.91332256,29933936,284617936.31,0.8767,0.5297,1,0
2022-01-14,sh.600637,38.78965734,39.20187474,38.04766602,38.17133124,39.11943126,34164509,319902370.81,1.0006,-2.4236,1,0
2022-01-17,sh.600637,38.21255298,39.69653562,38.08888776,39.40798344,38.17133124,40489715,383518516.8,1.1858,3.2397,1,0
2022-01-18,sh.600637,39.73775736,43.36527048,39.73775736,41.4278487,39.40798344,142922737,1468683591.14,4.1858,5.1255,1,0
2022-01-19,sh.600637,41.4278487,42.0461748,39.49042692,39.90264432,41.4278487,91568378,901094071.44,2.6818,-3.6816,1,0
2022-01-20,sh.600637,39.90264432,40.72707912,38.7484356,38.9545443,39.90264432,62398783,602022705.82,1.8275,-2.376,1,0
2022-01-21,sh.600637,38.66599212,39.49042692,37.7178921,37.84155732,38.9545443,45280996,421697803.24,1.3261,-2.8571,1,0
2022-01-24,sh.600637,37.67667036,38.1301095,36.81101382,37.26445296,37.84155732,35765342,323381327.81,1.0475,-1.5251,1,0
2022-01-25,sh.600637,37.099566,37.47056166,34.87359204,34.95603552,37.26445296,42772327,372740510.89,1.2527,-6.1947,1,0
2022-01-26,sh.600637,35.038479,35.32703118,34.37893116,34.91481378,34.95603552,27976171,237174313.97,0.8193,-0.1179,1,0
2022-01-27,sh.600637,34.8323703,34.99725726,34.04915724,34.04915724,34.91481378,20559034,171812794.16,0.6021,-2.4793,1,0
2022-01-28,sh.600637,34.29648768,34.79114856,34.25526594,34.37893116,34.04915724,19529690,163487757.01,0.572,0.9685,1,0
2022-02-07,sh.600637,34.79114856,34.95603552,34.13160072,34.46137464,34.37893116,27027993,225499741.88,0.7916,0.2398,1,0
2022-02-08,sh.600637,34.4201529,35.038479,34.04915724,34.87359204,34.46137464,25869785,217768132.74,0.7576,1.1962,1,0
2022-02-09,sh.600637,34.87359204,37.01712252,34.70870508,36.81101382,34.87359204,47446953,415041292.96,1.3896,5.5556,1,0
2022-02-10,sh.600637,36.44001816,36.8934573,36.11024424,36.56368338,36.81101382,24248621,214611392.04,0.7102,-0.6719,1,0
2022-02-11,sh.600637,36.31635294,36.56368338,35.2445877,35.32703118,36.56368338,27883365,242160788.91,0.8166,-3.3822,1,0
2022-02-14,sh.600637,35.2445877,36.31635294,35.16214422,35.6568051,35.32703118,24900809,215785079.73,0.7293,0.9335,1,0
2022-02-15,sh.600637,35.53313988,36.02780076,35.2445877,35.4506964,35.6568051,18110395,156393916.62,0.5304,-0.578,1,0
2022-02-16,sh.600637,35.6568051,35.94535728,35.49191814,35.73924858,35.4506964,14575578,126282715.36,0.4269,0.814,1,0
2022-02-17,sh.600637,35.6568051,35.6568051,34.6262616,34.74992682,35.73924858,23862028,202462929.75,0.6988,-2.7682,1,0
2022-02-18,sh.600637,34.6262616,35.2445877,34.58503986,35.038479,34.74992682,21173502,179754201.92,0.6201,0.8304,1,0
2022-02-21,sh.600637,34.99725726,36.2751312,34.91481378,35.61558336,35.038479,25259427,218758799.41,0.7398,1.6471,1,0
2022-02-22,sh.600637,35.2445877,35.28580944,34.17282246,34.2140442,35.61558336,37454649,313823674.0,1.0969,-3.9352,1,0
2022-02-23,sh.600637,34.4201529,36.44001816,34.4201529,35.61558336,34.2140442,47426160,410785947.14,1.389,4.0964,1,0
2022-02-24,sh.600637,35.40947466,35.4506964,33.88427028,34.29648768,35.61558336,46043548,386047969.78,1.3485,-3.7037,1,0
2022-02-25,sh.600637,34.6262616,34.87359204,34.25526594,34.33770942,34.29648768,19318711,161903926.02,0.5658,0.1202,1,0
2022-02-28,sh.600637,34.46137464,34.46137464,33.5957181,34.04915724,34.33770942,15633984,128588602.0,0.4579,-0.8403,1,0
2022-03-01,sh.600637,34.13160072,34.8323703,34.0079355,34.74992682,34.04915724,24101452,202126081.0,0.7059,2.0581,1,0
2022-03-02,sh.600637,34.4201529,35.20336596,34.33770942,35.12092248,34.74992682,17733638,150458417.0,0.5194,1.0676,1,0
2022-03-03,sh.600637,35.16214422,35.2445877,34.74992682,34.99725726,35.12092248,11401709,96877266.0,0.3339,-0.3521,1,0
2022-03-04,sh.600637,34.95603552,34.95603552,34.13160072,34.50259638,34.99725726,20102089,167786435.0,0.5887,-1.4134,1,0
2022-03-07,sh.600637,34.29648768,34.54381812,33.96671376,34.13160072,34.50259638,17441721,144835963.0,0.5108,-1.0753,1,0
2022-03-08,sh.600637,34.13160072,34.2140442,32.7712833,32.85372678,34.13160072,26331495,213366255.0,0.7712,-3.744,1,0
2022-03-09,sh.600637,32.93617026,33.22472244,31.20485718,32.19417894,32.85372678,29439782,230247342.0,0.8622,-2.0075,1,0
2022-03-10,sh.600637,32.5651746,33.01861374,32.19417894,32.23540068,32.19417894,18754816,148335147.0,0.5493,0.128,1,0
2022-03-11,sh.600637,31.9468485,32.73006156,31.45218762,32.64761808,32.23540068,19722777,153048490.0,0.5776,1.2788,1,0
2022-03-14,sh.600637,32.48273112,32.81250504,32.07051372,32.11173546,32.64761808,11550159,90814770.0,0.3383,-1.6414,1,0
2022-03-15,sh.600637,31.98807024,32.11173546,30.33920064,30.5040876,32.11173546,27234347,206816076.0,0.7976,-5.0064,1,0
2022-03-16,sh.600637,30.75141804,31.61707458,30.00942672,31.41096588,30.5040876,20315061,152178116.0,0.595,2.973,1,0
2022-03-17,sh.600637,31.69951806,32.23540068,31.61707458,31.78196154,31.41096588,19258907,148799768.0,0.564,1.1811,1,0
2022-03-18,sh.600637,31.82318328,32.48273112,31.69951806,32.44150938,31.78196154,17371849,135787624.08,0.5088,2.0752,1,0
2022-03-21,sh.600637,32.31784416,32.52395286,31.61707458,31.90562676,32.44150938,17167927,133305774.22,0.5028,-1.6518,1,0
2022-03-22,sh.600637,31.69951806,32.44150938,31.57585284,32.23540068,31.90562676,15280802,118661592.41,0.4475,1.0336,1,0
2022-03-23,sh.600637,32.27662242,32.44150938,31.90562676,31.98807024,32.23540068,13534623,105533015.24,0.3964,-0.7673,1,0
2022-03-24,sh.600637,31.82318328,31.98807024,31.5346311,31.57585284,31.98807024,11311122,86906250.4,0.3313,-1.2887,1,0
2022-03-25,sh.600637,31.57585284,32.19417894,31.49340936,31.65829632,31.57585284,12237861,94482569.05,0.3584,0.2611,1,0
2022-03-28,sh.600637,31.5346311,32.27662242,31.41096588,31.90562676,31.65829632,14959620,115856165.59,0.4381,0.7813,1,0
2022-03-29,sh.600637,31.98807024,32.07051372,31.45218762,31.5346311,31.90562676,15234310,116980677.64,0.4462,-1.1628,1,0
2022-03-30,sh.600637,31.65829632,32.07051372,31.49340936,31.98807024,31.5346311,16168991,124693759.52,0.4735,1.4379,1,0
2022-03-31,sh.600637,31.82318328,32.31784416,31.82318328,32.07051372,31.98807024,12574822,97863073.49,0.3683,0.2577,1,0
2022-04-01,sh.600637,31.9468485,32.73006156,31.5346311,32.52395286,32.07051372,21334579,167255934.29,0.6248,1.4139,1,0
2022-04-06,sh.600637,32.3590659,33.14227896,32.31784416,32.977392,32.52395286,19713331,157083323.29,0.5773,1.3942,1,0
2022-04-07,sh.600637,32.977392,33.10105722,32.11173546,32.1529572,32.977392,20655836,162936401.59,0.6049,-2.5,1,0
2022-04-08,sh.600637,32.27662242,32.3590659,31.49340936,31.90562676,32.1529572,19623365,151482291.9,0.5747,-0.7692,1,0
2022-04-11,sh.600637,31.82318328,31.98807024,31.1224137,31.24607892,31.90562676,18423973,141001676.15,0.5396,-2.0672,1,0
2022-04-12,sh.600637,31.41096588,32.07051372,31.24607892,32.02929198,31.24607892,19319230,148330994.26,0.5658,2.5066,1,0
2022-04-13,sh.600637,31.9468485,31.98807024,31.49340936,31.5346311,32.02929198,13769540,105979388.28,0.4033,-1.5444,1,0
2022-04-14,sh.600637,31.65829632,32.60639634,31.57585284,32.07051372,31.5346311,20950914,163613522.64,0.6136,1.6993,1,0
2022-04-15,sh.600637,31.86440502,31.86440502,31.24607892,31.3285224,32.07051372,19387223,147692449.25,0.5678,-2.3136,1,0
2022-04-18,sh.600637,31.16363544,31.20485718,30.5040876,31.08119196,31.3285224,15717326,117486831.67,0.4603,-0.7895,1,0
2022-04-19,sh.600637,31.1224137,31.41096588,30.95752674,31.3285224,31.08119196,9896582,74856277.61,0.2898,0.7958,1,0
2022-04-20,sh.600637,31.41096588,31.86440502,30.87508326,30.95752674,31.3285224,14124513,107788352.4,0.4137,-1.1842,1,0
2022-04-21,sh.600637,30.916305,31.5346311,30.5040876,30.58653108,30.95752674,21354273,160782906.94,0.6254,-1.1984,1,0
2022-04-22,sh.600637,30.54530934,30.58653108,29.92698324,30.21553542,30.58653108,17797189,130453249.28,0.5212,-1.2129,1,0
2022-04-25,sh.600637,29.8857615,29.8857615,28.36055712,28.4430006,30.21553542,22148713,156649285.89,0.6487,-5.8663,1,0
2022-04-26,sh.600637,28.40177886,28.60788756,27.45367884,27.49490058,28.4430006,17060655,116180929.21,0.4997,-3.3333,1,0
2022-04-27,sh.600637,27.2063484,27.98956146,26.71168752,27.86589624,27.49490058,15936277,105506355.44,0.4667,1.3493,1,0
2022-04-28,sh.600637,27.70100928,27.90711798,27.04146144,27.45367884,27.86589624,9863342,65811327.79,0.2889,-1.4793,1,0
2022-04-29,sh.600637,27.6185658,28.855218,27.6185658,28.77277452,27.45367884,17088854,117409842.42,0.5005,4.8048,1,0
2022-05-05,sh.600637,28.855218,28.89643974,28.4430006,28.73155278,28.77277452,13011536,90596465.98,0.3811,-0.1433,1,0
2022-05-06,sh.600637,28.36055712,28.4430006,28.07200494,28.07200494,28.73155278,12853509,87986061.03,0.3764,-2.2956,1,0
2022-05-09,sh.600637,28.07200494,28.855218,28.0307832,28.60788756,28.07200494,13155165,90811234.71,0.3853,1.909,1,0
2022-05-10,sh.600637,28.27811364,28.77277452,28.07200494,28.69033104,28.60788756,10342368,71296050.48,0.3029,0.2882,1,0
2022-05-11,sh.600637,28.69033104,29.72087454,28.69033104,29.34987888,28.69033104,23060139,163246840.65,0.6754,2.2989,1,0
2022-05-12,sh.600637,29.14377018,29.30865714,28.77277452,29.02010496,29.34987888,12290932,86619367.69,0.36,-1.1236,1,0
2022-05-13,sh.600637,29.02010496,29.63843106,28.93766148,29.43232236,29.02010496,12946540,92211320.11,0.3792,1.4205,1,0
2022-05-16,sh.600637,29.59720932,29.6796528,29.30865714,29.4735441,29.43232236,9404597,67213694.69,0.2754,0.1401,1,0
2022-05-17,sh.600637,29.39110062,29.51476584,28.97888322,29.14377018,29.4735441,7657515,54202815.85,0.2243,-1.1189,1,0
2022-05-18,sh.600637,29.2674354,29.39110062,29.02010496,29.10254844,29.14377018,7670634,54406572.92,0.2246,-0.1414,1,0
2022-05-19,sh.600637,28.73155278,29.10254844,28.60788756,29.0613267,29.10254844,9678434,67681573.78,0.2835,-0.1416,1,0
2022-05-20,sh.600637,29.14377018,29.39110062,29.0613267,29.34987888,29.0613267,8690210,61706078.32,0.2545,0.9929,1,0
2022-05-23,sh.600637,29.72087454,29.96820498,29.2674354,29.43232236,29.34987888,15958730,114510898.9,0.4674,0.2809,1,0
2022-05-24,sh.600637,29.43232236,29.4735441,27.98956146,28.11322668,29.43232236,23784979,165485973.81,0.6966,-4.4818,1,0
2022-05-25,sh.600637,27.98956146,29.59720932,27.98956146,29.55598758,28.11322668,25548427,179850193.5,0.7482,5.132,1,0
2022-05-26,sh.600637,29.55598758,29.72087454,29.30865714,29.6796528,29.55598758,14660026,105049748.9,0.4293,0.4184,1,0
2022-05-27,sh.600637,29.6796528,29.92698324,29.2674354,29.59720932,29.6796528,15624753,111974427.53,0.4576,-0.2778,1,0
2022-05-30,sh.600637,29.63843106,29.96820498,29.51476584,29.80331802,29.59720932,14006006,101138669.07,0.4102,0.6964,1,0
2022-05-31,sh.600637,29.72087454,30.54530934,29.63843106,30.42164412,29.80331802,20434076,149945253.53,0.5984,2.0747,1,0
2022-06-01,sh.600637,30.42164412,30.83386152,30.21553542,30.54530934,30.42164412,17351568,128618575.33,0.5082,0.4065,1,0
2022-06-02,sh.600637,30.46286586,30.54530934,30.0918702,30.42164412,30.54530934,11067493,81459781.25,0.3241,-0.4049,1,0
2022-06-06,sh.600637,30.25675716,30.5040876,30.05064846,30.42164412,30.42164412,14797058,108734142.14,0.4334,0.0,1,0
2022-06-07,sh.600637,30.42164412,30.54530934,29.8857615,30.00942672,30.42164412,12200895,89350963.64,0.3573,-1.355,1,0
2022-06-08,sh.600637,30.0918702,30.21553542,29.43232236,29.80331802,30.00942672,13797085,99675682.31,0.4041,-0.6868,1,0
2022-06-09,sh.600637,29.80331802,29.80331802,29.30865714,29.4735441,29.80331802,8776841,62937341.39,0.257,-1.1065,1,0
2022-06-10,sh.600637,29.39110062,29.92698324,29.34987888,29.76209628,29.4735441,11940160,85896882.72,0.3497,0.979,1,0
2022-06-13,sh.600637,29.55598758,29.6796528,29.2674354,29.43232236,29.76209628,11248164,80477530.18,0.3294,-1.108,1,0
2022-06-14,sh.600637,29.18499192,29.55598758,28.40177886,29.51476584,29.43232236,16517395,116158522.13,0.4837,0.2801,1,0
2022-06-15,sh.600637,29.51476584,30.33920064,29.43232236,29.80331802,29.51476584,23447210,170449319.98,0.6867,0.9777,1,0
2022-06-16,sh.600637,29.84453976,30.79263978,29.80331802,30.58653108,29.80331802,25302278,186772482.62,0.741,2.6279,1,0
2022-06-17,sh.600637,30.2979789,30.5040876,29.63843106,30.00942672,30.58653108,19022495,138615545.11,0.5571,-1.8868,1,0
2022-06-20,sh.600637,29.96820498,30.21553542,29.76209628,29.80331802,30.00942672,12342620,89535948.61,0.3615,-0.6868,1,0
2022-06-21,sh.600637,29.8857615,30.17431368,29.72087454,30.13309194,29.80331802,14202810,103398081.02,0.416,1.1065,1,0
2022-06-22,sh.600637,30.0918702,30.2979789,29.30865714,29.30865714,30.13309194,17197749,124032630.87,0.5037,-2.736,1,0
2022-06-23,sh.600637,29.39110062,29.59720932,29.14377018,29.34987888,29.30865714,22218961,158197970.32,0.6507,0.1406,1,0
2022-06-24,sh.600637,29.39110062,29.80331802,29.2674354,29.39110062,29.34987888,27103653,193926982.97,0.7938,0.1404,1,0
2022-06-27,sh.600637,29.4735441,30.0918702,29.18499192,29.22621366,29.39110062,43640072,312753159.56,1.2781,-0.561,1,0
2022-06-28,sh.600637,29.34987888,29.55598758,29.02010496,29.51476584,29.22621366,19877166,141544448.56,0.5821,0.9873,1,0
2022-06-29,sh.600637,29.4735441,29.80331802,29.43232236,29.4735441,29.51476584,26421641,189720843.51,0.7738,-0.1397,1,0
2022-06-30,sh.600637,29.6796528,30.38042238,29.43232236,29.4735441,29.4735441,70413274,507933750.5,2.0622,0.0,1,0
2022-07-01,sh.600637,29.51476584,29.59720932,28.93766148,28.97888322,29.4735441,32833599,232290043.91,0.9616,-1.6783,1,0
2022-07-04,sh.600637,28.97888322,29.0613267,28.69033104,29.02010496,28.97888322,15249190,106843924.3,0.4466,0.1422,1,0
2022-07-05,sh.600637,29.0613267,29.10254844,28.60788756,28.81399626,29.02010496,16722104,116912274.95,0.4897,-0.7102,1,0
2022-07-06,sh.600637,28.77277452,28.81399626,28.11322668,28.27811364,28.81399626,20037125,137914718.8,0.5868,-1.8598,1,0
2022-07-07,sh.600637,28.36055712,28.4430006,28.19567016,28.2368919,28.27811364,10387693,71357084.9,0.3042,-0.1458,1,0
2022-07-08,sh.600637,28.31933538,28.56666582,28.31933538,28.36055712,28.2368919,8295351,57190573.48,0.2429,0.438,1,0
2022-07-11,sh.600637,28.36055712,28.40177886,28.11322668,28.19567016,28.36055712,8836178,60464859.09,0.2588,-0.5814,1,0
2022-07-12,sh.600637,28.19567016,28.31933538,27.98956146,27.98956146,28.19567016,11548124,78742433.86,0.3382,-0.731,1,0
2022-07-13,sh.600637,28.0307832,28.2368919,27.98956146,28.07200494,27.98956146,10376410,70773438.97,0.3039,0.2946,1,0
2022-07-14,sh.600637,27.94833972,28.0307832,27.8246745,27.86589624,28.07200494,11416669,77392344.85,0.3344,-0.7342,1,0
2022-07-15,sh.600637,27.90711798,27.94833972,27.4124571,27.4124571,27.86589624,15065668,100880987.36,0.4412,-1.6272,1,0
2022-07-18,sh.600637,27.4124571,27.98956146,27.4124571,27.98956146,27.4124571,11509680,77630839.97,0.3371,2.1053,1,0
2022-07-19,sh.600637,27.98956146,28.31933538,27.90711798,28.2368919,27.98956146,9865744,67395113.32,0.2889,0.8837,1,0
2022-07-20,sh.600637,28.36055712,28.77277452,28.19567016,28.40177886,28.2368919,13991353,96795693.22,0.4098,0.5839,1,0
2022-07-21,sh.600637,28.52544408,28.81399626,28.40177886,28.6491093,28.40177886,17992282,124971872.08,0.5269,0.8708,1,0
2022-07-22,sh.600637,28.60788756,28.73155278,28.19567016,28.36055712,28.6491093,9620602,66396120.77,0.2818,-1.0072,1,0
2022-07-25,sh.600637,28.52544408,28.60788756,28.07200494,28.2368919,28.36055712,6881334,47228228.06,0.2015,-0.436,1,0
2022-07-26,sh.600637,28.19567016,28.48422234,28.19567016,28.48422234,28.2368919,6021196,41441509.46,0.1763,0.8759,1,0
2022-07-27,sh.600637,28.4430006,28.52544408,28.31933538,28.40177886,28.48422234,6508151,44867688.33,0.1906,-0.2894,1,0
2022-07-28,sh.600637,28.48422234,28.60788756,28.4430006,28.52544408,28.40177886,7588147,52525655.81,0.2222,0.4354,1,0
2022-07-29,sh.600637,28.48422234,28.52544408,28.2368919,28.31933538,28.52544408,7372630,50724961.77,0.2159,-0.7225,1,0
2022-08-01,sh.600637,28.27811364,28.27811364,27.94833972,28.11322668,28.31933538,7409146,50448739.0,0.217,-0.7278,1,0
2022-08-02,sh.600637,28.07200494,28.07200494,27.04146144,27.49490058,28.11322668,22370637,148786474.89,0.6552,-2.1994,1,0
2022-08-03,sh.600637,27.45367884,27.86589624,27.33001362,27.37123536,27.49490058,9533075,63857137.74,0.2792,-0.4498,1,0
2022-08-04,sh.600637,27.53612232,27.6185658,27.28879188,27.6185658,27.37123536,8901876,59335359.0,0.2607,0.9036,1,0
2022-08-05,sh.600637,27.70100928,27.98956146,27.57734406,27.94833972,27.6185658,12734787,85785263.0,0.373,1.194,1,0
2022-08-08,sh.600637,27.9483414,28.2917926,27.90541,28.1629984,27.9483414,9793002,64084216.0,0.2868,0.768,1,0
2022-08-09,sh.600637,28.1629984,28.2488612,27.9912728,28.2059298,28.1629984,6288303,41195263.0,0.1842,0.1524,1,0
2022-08-10,sh.600637,28.120067,28.2059298,27.90541,27.9912728,28.2059298,7201221,46992953.0,0.2109,-0.761,1,0
2022-08-11,sh.600637,28.0342042,28.549381,27.9912728,28.549381,27.9912728,12107534,80043703.0,0.3546,1.9939,1,0
2022-08-12,sh.600637,28.5923124,28.8069694,28.4205868,28.764038,28.549381,8950561,59799657.0,0.2621,0.7519,1,0
2022-08-15,sh.600637,28.6781752,28.7211066,28.4205868,28.5923124,28.764038,8310664,55295389.35,0.2434,-0.597,1,0
2022-08-16,sh.600637,28.5923124,28.6352438,28.4205868,28.549381,28.5923124,5829712,38734409.62,0.1707,-0.1502,1,0
2022-08-17,sh.600637,28.549381,28.764038,28.4635182,28.7211066,28.549381,6386831,42593439.93,0.1871,0.6015,1,0
2022-08-18,sh.600637,28.7211066,28.7211066,28.334724,28.4635182,28.7211066,6748492,44730954.62,0.1976,-0.8969,1,0
2022-08-19,sh.600637,28.4205868,28.7211066,28.334724,28.4205868,28.4635182,10241267,68039922.74,0.2999,-0.1508,1,0
2022-08-22,sh.600637,28.3776554,28.5923124,28.2059298,28.5923124,28.4205868,9852454,65342430.47,0.2885,0.6042,1,0
2022-08-23,sh.600637,28.549381,28.6781752,28.4635182,28.5923124,28.5923124,7966595,52988895.79,0.2333,0.0,1,0
2022-08-24,sh.600637,28.5923124,28.6781752,28.120067,28.2059298,28.5923124,9808736,64850820.87,0.2873,-1.3514,1,0
2022-08-25,sh.600637,28.2488612,28.4205868,28.120067,28.4205868,28.2059298,7453455,49086091.76,0.2183,0.761,1,0
2022-08-26,sh.600637,28.3776554,28.6781752,28.2059298,28.2917926,28.4205868,12070471,79972699.29,0.3535,-0.4532,1,0
2022-08-29,sh.600637,28.120067,28.5064496,27.9912728,28.4205868,28.2917926,9773015,64265936.45,0.2862,0.4552,1,0
2022-08-30,sh.600637,28.334724,28.978695,28.2917926,28.8069694,28.4205868,17353777,116346447.89,0.5082,1.3595,1,0
2022-08-31,sh.600637,28.764038,29.1074892,28.5923124,28.764038,28.8069694,17846999,119835345.49,0.5227,-0.149,1,0
2022-09-01,sh.600637,28.7211066,28.8499008,28.4635182,28.4635182,28.764038,11741955,78325451.71,0.3439,-1.0448,1,0
2022-09-02,sh.600637,28.5923124,29.0216264,28.549381,28.9357636,28.4635182,14055535,94508816.11,0.4116,1.6591,1,0
2022-09-05,sh.600637,29.0645578,29.0645578,28.6781752,28.9357636,28.9357636,10908401,73280533.87,0.3195,0.0,1,0
2022-09-06,sh.600637,28.8928322,29.0216264,28.8499008,28.978695,28.9357636,7834554,52793768.98,0.2294,0.1484,1,0
2022-09-07,sh.600637,29.0216264,29.0216264,28.5923124,28.764038,28.978695,8628060,57765024.82,0.2527,-0.7407,1,0
2022-09-08,sh.600637,28.8069694,28.8499008,28.6352438,28.6781752,28.764038,6075571,40640107.08,0.1779,-0.2985,1,0
2022-09-09,sh.600637,28.764038,28.8069694,28.549381,28.6781752,28.6781752,14542337,97129584.23,0.4259,0.0,1,0
2022-09-13,sh.600637,28.7211066,28.8069694,28.4635182,28.5064496,28.6781752,9219916,61513003.51,0.27,-0.5988,1,0
2022-09-14,sh.600637,28.334724,28.334724,28.0342042,28.1629984,28.5064496,12910335,84706077.04,0.3781,-1.2048,1,0
2022-09-15,sh.600637,28.2059298,28.4205868,27.90541,28.0342042,28.1629984,11985287,78617770.88,0.351,-0.4573,1,0
2022-09-16,sh.600637,28.0771356,28.1629984,27.3902332,27.3902332,28.0342042,12358464,79947588.38,0.3619,-2.2971,1,0
2022-09-19,sh.600637,27.3902332,27.3902332,26.832125,27.046782,27.3902332,12621736,79442308.06,0.3697,-1.2539,1,0
2022-09-20,sh.600637,27.0038506,27.3473018,27.0038506,27.0897134,27.046782,6500973,41049352.14,0.1904,0.1587,1,0
2022-09-21,sh.600637,27.0038506,27.5190274,26.5745366,27.4331646,27.0897134,10981227,69135399.71,0.3216,1.2678,1,0
2022-09-22,sh.600637,27.3043704,27.4331646,27.0897134,27.1755762,27.4331646,5830587,37005622.4,0.1708,-0.939,1,0
2022-09-23,sh.600637,27.1326448,27.2185076,26.7462622,26.8750564,27.1755762,7484348,47059470.8,0.2192,-1.1058,1,0
2022-09-26,sh.600637,26.7033308,26.7891936,26.188154,26.2740168,26.8750564,10709718,66201990.01,0.3137,-2.2364,1,0
2022-09-27,sh.600637,26.2740168,26.7891936,26.2740168,26.7462622,26.2740168,8804206,54431741.63,0.2578,1.7974,1,0
2022-09-28,sh.600637,26.6603994,26.7462622,26.3598796,26.4886738,26.7462622,5785730,35775855.61,0.1694,-0.9631,1,0
2022-09-29,sh.600637,26.617468,26.7462622,26.1022912,26.188154,26.4886738,8771790,53900342.34,0.2569,-1.1345,1,0
2022-09-30,sh.600637,26.2740168,26.5316052,26.1452226,26.2740168,26.188154,7122327,43733236.75,0.2086,0.3279,1,0
2022-10-10,sh.600637,26.3169482,26.5316052,26.1022912,26.1452226,26.2740168,6237671,38252104.4,0.1827,-0.4902,1,0
2022-10-11,sh.600637,26.188154,26.402811,26.0164284,26.2310854,26.1452226,6529200,39865348.1,0.1912,0.3284,1,0
2022-10-12,sh.600637,26.188154,26.7033308,26.0164284,26.6603994,26.2310854,8854515,54307270.94,0.2593,1.6367,1,0
2022-10-13,sh.600637,26.5745366,26.9609192,26.4886738,26.832125,26.6603994,8333390,51923558.77,0.2441,0.6441,1,0
2022-10-14,sh.600637,26.9179878,27.1755762,26.8750564,27.046782,26.832125,6747127,42570699.75,0.1976,0.8,1,0
2022-10-17,sh.600637,26.9609192,27.3043704,26.9179878,27.1755762,27.046782,6497101,41119711.51,0.1903,0.4762,1,0
2022-10-18,sh.600637,27.261439,27.3902332,27.046782,27.1326448,27.1755762,7200801,45567283.53,0.2109,-0.158,1,0
2022-10-19,sh.600637,27.046782,27.1326448,26.7891936,26.7891936,27.1326448,4757948,29854121.88,0.1393,-1.2658,1,0
2022-10-20,sh.600637,26.7033308,27.0038506,26.617468,26.7891936,26.7891936,8005993,49984366.58,0.2345,0.0,1,0
2022-10-21,sh.600637,26.7891936,26.8750564,26.617468,26.6603994,26.7891936,5913985,36832357.12,0.1732,-0.4808,1,0
2022-10-24,sh.600637,26.7033308,26.9179878,25.9305656,26.1022912,26.6603994,10469456,64253532.08,0.3066,-2.0934,1,0
2022-10-25,sh.600637,25.973497,26.3169482,25.5871144,25.75884,26.1022912,13878028,83600618.67,0.4064,-1.3158,1,0
2022-10-26,sh.600637,25.8017714,26.3169482,25.75884,26.0164284,25.75884,10802972,65544725.04,0.3164,1.0,1,0
2022-10-27,sh.600637,26.1022912,26.4457424,26.0593598,26.3169482,26.0164284,9537332,58378205.53,0.2793,1.1551,1,0
2022-10-28,sh.600637,26.3169482,26.3598796,25.5871144,25.6729772,26.3169482,9303875,56228208.12,0.2725,-2.447,1,0
2022-10-31,sh.600637,25.5871144,26.0164284,25.4583202,25.8876342,25.6729772,9381732,56386966.91,0.2748,0.8361,1,0
2022-11-01,sh.600637,26.0164284,26.402811,25.9305656,26.402811,25.8876342,12478330,76259747.32,0.3655,1.99,1,0
2022-11-02,sh.600637,26.402811,26.7462622,26.3598796,26.6603994,26.402811,11499872,71301682.33,0.3368,0.9756,1,0
2022-11-03,sh.600637,26.5745366,26.7033308,26.4457424,26.5745366,26.6603994,7501408,46380690.46,0.2197,-0.3221,1,0
2022-11-04,sh.600637,26.5745366,27.0038506,26.5745366,27.0038506,26.5745366,11123382,69574185.6,0.3258,1.6155,1,0
2022-11-07,sh.600637,26.8750564,27.261439,26.832125,27.2185076,27.0038506,11222270,70889245.87,0.3287,0.7949,1,0
2022-11-08,sh.600637,27.1755762,27.3473018,27.046782,27.261439,27.2185076,8360969,52971717.12,0.2449,0.1577,1,0
2022-11-09,sh.600637,27.2185076,27.3043704,27.046782,27.1326448,27.261439,7435273,47038101.66,0.2178,-0.4724,1,0
2022-11-10,sh.600637,27.0038506,27.4331646,26.9179878,27.3473018,27.1326448,10646104,67622423.27,0.3118,0.7911,1,0
2022-11-11,sh.600637,27.6478216,27.8195472,27.3902332,27.3902332,27.3473018,13720970,88288272.45,0.4018,0.157,1,0
2022-11-14,sh.600637,27.3902332,27.7766158,27.3902332,27.6048902,27.3902332,9279784,59603482.59,0.2718,0.7837,1,0
2022-11-15,sh.600637,27.6048902,27.8195472,27.476096,27.7766158,27.6048902,11663482,75344038.1,0.3416,0.6221,1,0
2022-11-16,sh.600637,27.7336844,28.0771356,27.690753,27.9483414,27.7766158,13154180,85588068.25,0.3852,0.6182,1,0
2022-11-17,sh.600637,28.0771356,28.2488612,27.7766158,28.2488612,27.9483414,12656030,82615367.54,0.3707,1.0753,1,0
2022-11-18,sh.600637,28.2488612,28.549381,28.0771356,28.0771356,28.2488612,16578227,109273928.64,0.4855,-0.6079,1,0
2022-11-21,sh.600637,28.6352438,28.764038,28.0342042,28.2059298,28.0771356,28887182,190729911.19,0.846,0.4587,1,0
2022-11-22,sh.600637,28.2059298,28.334724,27.8624786,28.120067,28.2059298,18984330,124266905.48,0.556,-0.3044,1,0
2022-11-23,sh.600637,28.0342042,28.2059298,27.9483414,28.120067,28.120067,8978210,58732499.06,0.2629,0.0,1,0
2022-11-24,sh.600637,28.0771356,28.2059298,27.7336844,27.7766158,28.120067,9367352,60950462.5,0.2743,-1.2214,1,0
2022-11-25,sh.600637,27.7766158,28.2059298,27.690753,28.120067,27.7766158,9245943,60352873.7,0.2708,1.2365,1,0
2022-11-28,sh.600637,27.90541,28.2488612,27.4331646,28.2488612,28.120067,10856604,70680234.09,0.318,0.458,1,0
2022-11-29,sh.600637,28.1629984,28.8069694,28.1629984,28.7211066,28.2488612,19838358,132191111.7,0.581,1.6717,1,0
2022-11-30,sh.600637,28.6781752,28.8928322,28.6352438,28.7211066,28.7211066,11531086,77185978.6,0.3377,0.0,1,0
2022-12-01,sh.600637,28.978695,29.1504206,28.6352438,28.6781752,28.7211066,14325705,96540842.99,0.4196,-0.1495,1,0
2022-12-02,sh.600637,28.6352438,28.8928322,28.5923124,28.6352438,28.6781752,8665073,57988003.65,0.2538,-0.1497,1,0
2022-12-05,sh.600637,28.6781752,29.3221462,28.6781752,29.1504206,28.6352438,22637333,153221616.26,0.663,1.7991,1,0
2022-12-06,sh.600637,29.1074892,29.408009,28.7211066,28.8499008,29.1504206,16923889,114692815.64,0.4956,-1.0309,1,0
2022-12-07,sh.600637,28.8499008,29.1074892,28.5923124,28.764038,28.8499008,17683411,118754101.66,0.5179,-0.2976,1,0
2022-12-08,sh.600637,28.764038,28.978695,28.4635182,28.8499008,28.764038,13121544,87812447.07,0.3843,0.2985,1,0
2022-12-09,sh.600637,28.8499008,28.8928322,28.4635182,28.5923124,28.8499008,14235865,95018995.57,0.4169,-0.8929,1,0
2022-12-12,sh.600637,28.5923124,28.8499008,28.2917926,28.2917926,28.5923124,13145446,87281245.49,0.385,-1.0511,1,0
2022-12-13,sh.600637,28.4205868,28.8499008,28.334724,28.764038,28.2917926,14117687,94368875.93,0.4135,1.6692,1,0
2022-12-14,sh.600637,28.6781752,28.8928322,28.5923124,28.8499008,28.764038,11436670,76565983.69,0.3349,0.2985,1,0
2022-12-15,sh.600637,28.8499008,28.978695,28.6781752,28.764038,28.8499008,11002674,73833896.68,0.3222,-0.2976,1,0
2022-12-16,sh.600637,28.6781752,28.7211066,28.4635182,28.6352438,28.764038,10040594,66872230.02,0.2941,-0.4478,1,0
2022-12-19,sh.600637,28.6352438,28.6781752,27.9483414,28.120067,28.6352438,11710613,77129463.1,0.343,-1.7991,1,0
2022-12-20,sh.600637,28.120067,28.2488612,27.6478216,27.6478216,28.120067,10464138,68019501.58,0.3065,-1.6794,1,0
2022-12-21,sh.600637,27.6478216,28.8069694,27.6478216,28.120067,27.6478216,17791219,117259883.36,0.521,1.7081,1,0
2022-12-22,sh.600637,28.120067,28.5064496,27.90541,28.120067,28.120067,10790207,71083647.99,0.316,0.0,1,0
2022-12-23,sh.600637,27.9912728,28.8069694,27.9912728,28.5923124,28.120067,11579184,76974263.46,0.3391,1.6794,1,0
2022-12-26,sh.600637,28.5923124,28.8928322,28.2488612,28.3776554,28.5923124,12480534,82954573.73,0.3655,-0.7508,1,0
2022-12-27,sh.600637,28.4205868,28.549381,28.2059298,28.334724,28.3776554,8642163,57056907.81,0.2531,-0.1513,1,0
2022-12-28,sh.600637,28.3776554,28.549381,28.1629984,28.3776554,28.334724,6497098,42917737.93,0.1903,0.1515,1,0
2022-12-29,sh.600637,28.2917926,28.549381,27.8624786,27.9483414,28.3776554,11398309,74638529.49,0.3338,-1.5129,1,0
2022-12-30,sh.600637,27.9912728,28.6352438,27.9483414,28.549381,27.9483414,12946057,85388495.88,0.3791,2.1505,1,0
2023-01-03,sh.600637,28.549381,29.3221462,28.4635182,29.1504206,28.549381,24608886,166105330.79,0.7207,2.1053,1,0
2023-01-04,sh.600637,29.1074892,29.2362834,28.9357636,29.1074892,29.1504206,12679773,85886372.34,0.3714,-0.1473,1,0
2023-01-05,sh.600637,29.1074892,29.3221462,28.8928322,29.0216264,29.1074892,12426716,84076657.83,0.3639,-0.295,1,0
2023-01-06,sh.600637,28.978695,29.0216264,28.549381,28.6352438,29.0216264,16171597,108277492.04,0.4736,-1.3314,1,0
2023-01-09,sh.600637,28.6352438,28.8499008,28.4635182,28.4635182,28.6352438,11144932,74272984.27,0.3264,-0.5997,1,0
2023-01-10,sh.600637,28.4635182,28.8928322,28.2917926,28.7211066,28.4635182,13818962,92210296.68,0.4047,0.905,1,0
2023-01-11,sh.600637,28.7211066,28.764038,28.2059298,28.334724,28.7211066,12031821,79730318.58,0.3524,-1.3453,1,0
2023-01-12,sh.600637,28.2917926,28.3776554,27.9483414,28.1629984,28.334724,9597537,62957357.91,0.2811,-0.6061,1,0
2023-01-13,sh.600637,28.1629984,28.8069694,28.120067,28.764038,28.1629984,18193625,121140878.84,0.5328,2.1341,1,0
2023-01-16,sh.600637,28.764038,28.8499008,28.5923124,28.764038,28.764038,17370673,116352382.86,0.5087,0.0,1,0
2023-01-17,sh.600637,28.764038,28.8069694,28.3776554,28.5064496,28.764038,11151174,74080198.97,0.3266,-0.8955,1,0
2023-01-18,sh.600637,28.4635182,28.8069694,28.4635182,28.5923124,28.5064496,9860636,65900153.12,0.2888,0.3012,1,0
2023-01-19,sh.600637,28.5064496,28.8928322,28.334724,28.8499008,28.5923124,10565517,70594401.86,0.3094,0.9009,1,0
2023-01-20,sh.600637,28.9357636,29.0216264,28.764038,28.9357636,28.8499008,12186077,81951737.45,0.3569,0.2976,1,0
2023-01-30,sh.600637,29.0216264,29.1074892,28.8069694,28.8499008,28.9357636,23845819,160799950.03,0.6984,-0.2967,1,0
2023-01-31,sh.600637,28.8069694,28.8928322,28.5923124,28.7211066,28.8499008,12965988,86759732.61,0.3797,-0.4464,1,0
2023-02-01,sh.600637,28.764038,29.0216264,28.6781752,28.978695,28.7211066,18812785,126518723.85,0.551,0.8969,1,0
2023-02-02,sh.600637,29.0645578,29.1074892,28.8499008,28.8928322,28.978695,18410997,124196193.23,0.5392,-0.2963,1,0
2023-02-03,sh.600637,28.8928322,29.0645578,28.764038,29.0216264,28.8928322,15281343,102960507.7,0.4475,0.4458,1,0
2023-02-06,sh.600637,29.0216264,29.7085288,28.8499008,29.4938718,29.0216264,28630817,196139401.43,0.8385,1.6272,1,0
2023-02-07,sh.600637,29.4938718,29.7085288,29.2792148,29.622666,29.4938718,20945439,143925496.25,0.6134,0.4367,1,0
2023-02-08,sh.600637,30.3095684,32.0268244,30.266637,30.7818138,29.622666,87180850,631559038.34,2.5533,3.913,1,0
2023-02-09,sh.600637,30.8247452,31.2111278,30.3954312,31.0823336,30.7818138,43883599,314689337.46,1.2852,0.9763,1,0
2023-02-10,sh.600637,31.0394022,31.2540592,30.8247452,31.0394022,31.0823336,25847548,186919624.82,0.757,-0.1381,1,0
2023-02-13,sh.600637,31.125265,31.2111278,30.7818138,30.8676766,31.0394022,21629501,155796282.0,0.6335,-0.5533,1,0
2023-02-14,sh.600637,31.0394022,31.0823336,30.6530196,30.6530196,30.8676766,16431188,117939390.64,0.4812,-0.6954,1,0
2023-02-15,sh.600637,30.6530196,30.910608,30.5671568,30.8247452,30.6530196,16073942,115191666.68,0.4708,0.5602,1,0
2023-02-16,sh.600637,30.8676766,31.4687162,30.2237056,30.481294,30.8247452,34808900,251530831.42,1.0194,-1.1142,1,0
2023-02-17,sh.600637,30.5671568,30.8247452,30.1378428,30.1807742,30.481294,17654965,125186407.56,0.5171,-0.9859,1,0
2023-02-20,sh.600637,30.2237056,30.8676766,30.2237056,30.7818138,30.1807742,16963631,120945975.28,0.4968,1.9915,1,0
2023-02-21,sh.600637,30.7818138,31.1681964,30.5671568,31.125265,30.7818138,18855857,135818073.29,0.5522,1.1158,1,0
2023-02-22,sh.600637,30.910608,30.9964708,30.695951,30.7388824,31.125265,11113004,79850850.23,0.3255,-1.2414,1,0
2023-02-23,sh.600637,30.7388824,30.8676766,30.5242254,30.7388824,30.7388824,11791481,84362757.83,0.3453,0.0,1,0
2023-02-24,sh.600637,30.8247452,30.910608,30.3954312,30.7818138,30.7388824,11241249,80272073.72,0.3292,0.1397,1,0
2023-02-27,sh.600637,30.6530196,30.8247452,30.3954312,30.3954312,30.7818138,9568560,68201873.89,0.2802,-1.2552,1,0
2023-02-28,sh.600637,30.5671568,30.9535394,30.5242254,30.9535394,30.3954312,13236476,94953461.38,0.3877,1.8362,1,0
2023-03-01,sh.600637,30.910608,31.554579,30.8247452,30.9535394,30.9535394,45280623,327641518.72,1.3261,0.0,1,0
2023-03-02,sh.600637,30.9535394,31.339922,30.9535394,31.339922,30.9535394,21046310,152906633.81,0.6164,1.2483,1,0
2023-03-03,sh.600637,31.339922,31.3828534,31.0823336,31.339922,31.339922,15132063,110041475.5,0.4432,0.0,1,0
2023-03-06,sh.600637,31.339922,31.8550988,31.2540592,31.554579,31.339922,24851292,182865137.36,0.7278,0.6849,1,0
2023-03-07,sh.600637,31.554579,31.5975104,30.5671568,30.6100882,31.554579,24834168,179993809.72,0.7273,-2.9932,1,0
2023-03-08,sh.600637,30.6100882,31.339922,30.6100882,31.339922,30.6100882,26273602,190440716.25,0.7695,2.3843,1,0
2023-03-09,sh.600637,31.3828534,31.4257848,30.9535394,31.2111278,31.339922,16022638,116431735.25,0.4693,-0.411,1,0
2023-03-10,sh.600637,30.9535394,31.1681964,30.6100882,30.6100882,31.2111278,16921465,121618468.46,0.4956,-1.9257,1,0
2023-03-13,sh.600637,30.6100882,31.2111278,30.1807742,31.1681964,30.6100882,21103462,150774376.76,0.6181,1.8233,1,0
2023-03-14,sh.600637,31.2969906,31.554579,30.8247452,31.2969906,31.1681964,24531501,178678973.74,0.7185,0.4132,1,0
2023-03-15,sh.600637,31.4257848,31.4687162,31.0394022,31.2111278,31.2969906,14254552,103682427.12,0.4175,-0.2743,1,0
2023-03-16,sh.600637,30.9964708,31.2969906,30.8247452,31.0394022,31.2111278,13675320,98975796.46,0.4005,-0.5502,1,0
2023-03-17,sh.600637,31.2111278,32.3702756,31.125265,32.2844128,31.0394022,46573146,346360227.94,1.364,4.0111,1,0
2023-03-20,sh.600637,33.057178,34.774434,32.842521,34.1733944,32.2844128,96163419,762567597.42,2.8163,5.8511,1,0
2023-03-21,sh.600637,34.0875316,34.6027084,33.4006292,34.3021886,34.1733944,64223994,508908357.98,1.8809,0.3769,1,0
2023-03-22,sh.600637,34.34512,37.0068668,33.6582176,36.277033,34.3021886,114315095,942311736.91,3.3479,5.7572,1,0
2023-03-23,sh.600637,35.203748,35.5471992,34.4739142,34.7315026,36.277033,102336547,831119874.22,2.9971,-4.2604,1,0
2023-03-24,sh.600637,34.6885712,36.6634156,34.4309828,35.7189248,34.7315026,96817887,804349982.56,2.8355,2.843,1,0
2023-03-27,sh.600637,35.2896108,36.062376,34.6456398,34.9461596,35.7189248,61666325,505074106.58,1.806,-2.1635,1,0
2023-03-28,sh.600637,34.774434,35.5042678,34.6885712,34.774434,34.9461596,40771943,332945500.43,1.1941,-0.4914,1,0
2023-03-29,sh.600637,34.774434,35.418405,34.4309828,35.0749538,34.774434,53678698,437302428.17,1.5721,0.8642,1,0
2023-03-30,sh.600637,34.9032282,35.0320224,33.271835,33.5723548,35.0749538,73932050,584708866.21,2.1652,-4.284,1,0
2023-03-31,sh.600637,33.5723548,35.4613364,33.486492,34.9461596,33.5723548,55838664,448462524.5,1.6353,4.0921,1,0
2023-04-03,sh.600637,34.8602968,35.6759934,34.7315026,35.5471992,34.9461596,53874086,444303707.2,1.5778,1.7199,1,0
2023-04-04,sh.600637,35.5471992,35.8906504,34.774434,35.0320224,35.5471992,46037642,378329526.83,1.3483,-1.4493,1,0
2023-04-06,sh.600637,35.0320224,35.0749538,34.130463,34.2163258,35.0320224,44795173,359868532.18,1.3119,-2.3284,1,0
2023-04-07,sh.600637,34.2592572,35.1608166,33.915806,34.774434,34.2163258,33952894,273402411.57,0.9944,1.6311,1,0
2023-04-10,sh.600637,34.9032282,35.2896108,34.4309828,34.4739142,34.774434,30872649,250634426.53,0.9042,-0.8642,1,0
2023-04-11,sh.600637,34.5168456,36.1482388,34.2163258,35.8047876,34.4739142,58290490,482146702.17,1.7071,3.8605,1,0
2023-04-12,sh.600637,36.062376,37.564975,35.8906504,37.350318,35.8047876,72945353,629592750.78,2.1363,4.3165,1,0
2023-04-13,sh.600637,37.2644552,37.8654948,36.5775528,36.6634156,37.350318,54455828,469861402.39,1.5948,-1.8391,1,0
2023-04-14,sh.600637,36.706347,37.0497982,35.7618562,36.1482388,36.6634156,40289284,340112693.47,1.1799,-1.4052,1,0
2023-04-17,sh.600637,36.1911702,36.2341016,35.0320224,35.3325422,36.1482388,38779844,319402579.87,1.1357,-2.2565,1,0
2023-04-18,sh.600637,35.3325422,35.3754736,34.5168456,34.774434,35.3325422,34657768,280899160.93,1.015,-1.5796,1,0
2023-04-19,sh.600637,34.774434,35.7189248,34.7315026,35.0749538,34.774434,33420156,275311092.1,0.9788,0.8642,1,0
2023-04-20,sh.600637,34.989091,36.2341016,34.9032282,36.1482388,35.0749538,35654785,297682445.62,1.0442,3.06,1,0
2023-04-21,sh.600637,36.062376,36.1482388,34.4739142,34.4739142,36.1482388,42309658,345392306.64,1.2391,-4.6318,1,0
2023-04-24,sh.600637,34.4739142,35.7618562,34.3880514,35.1608166,34.4739142,39127161,320583712.82,1.1459,1.9925,1,0
2023-04-25,sh.600637,35.1608166,35.633062,34.5168456,35.1608166,35.1608166,46289240,377821015.65,1.3557,0.0,1,0
2023-04-26,sh.600637,34.8602968,35.847719,33.915806,34.6456398,35.1608166,52599583,425431818.71,1.5405,-1.4652,1,0
2023-04-27,sh.600637,34.559777,35.2896108,33.9587374,34.2163258,34.6456398,41873089,337660276.9,1.2263,-1.2392,1,0
2023-04-28,sh.600637,34.2163258,36.4487586,34.1733944,35.3325422,34.2163258,104043485,863805140.54,3.0471,3.2622,1,0
2023-05-04,sh.600637,35.9765132,38.63826,35.9335818,37.5220436,35.3325422,118587325,1030550984.29,3.4731,6.1968,1,0
2023-05-05,sh.600637,37.6079064,38.2948088,36.8351412,37.994289,37.5220436,85862280,756317243.81,2.5146,1.2586,1,0
2023-05-08,sh.600637,38.3806716,39.282231,37.8225634,38.0801518,37.994289,103414311,925778276.0,3.0287,0.226,1,0
2023-05-09,sh.600637,38.1660146,39.067574,37.6937692,37.8225634,38.0801518,68696387,615080329.46,2.0119,-0.6764,1,0
2023-05-10,sh.600637,37.9084262,38.7241228,37.2644552,37.8654948,37.8225634,60148143,532022591.87,1.7616,0.1135,1,0
2023-05-11,sh.600637,38.1230832,39.3251624,37.8225634,38.8099856,37.8654948,67049991,604554837.65,1.9637,2.4943,1,0
2023-05-12,sh.600637,38.423603,38.4665344,37.0927296,37.135661,38.8099856,55529436,487602918.28,1.6263,-4.3142,1,0
2023-05-15,sh.600637,37.2644552,37.5220436,35.5471992,36.4487586,37.135661,52641861,445344667.42,1.5417,-1.8497,1,0
2023-05-16,sh.600637,36.5346214,36.8351412,35.5471992,35.633062,36.4487586,37045922,312665412.56,1.085,-2.2379,1,0
2023-05-17,sh.600637,35.4613364,36.1053074,35.2466794,35.5471992,35.633062,27468350,227718852.05,0.8045,-0.241,1,0
2023-05-18,sh.600637,35.5471992,35.8906504,35.2466794,35.5471992,35.5471992,25033636,207440688.18,0.7332,0.0,1,0
2023-05-19,sh.600637,35.4613364,35.5901306,34.559777,34.8173654,35.5471992,28994581,236205128.93,0.8492,-2.0531,1,0
2023-05-22,sh.600637,34.8173654,34.989091,34.4309828,34.8173654,34.8173654,21358052,172562174.0,0.6255,0.0,1,0
2023-05-23,sh.600637,34.8173654,34.8602968,33.8728746,33.915806,34.8173654,27398472,218642290.26,0.8024,-2.5894,1,0
2023-05-24,sh.600637,33.7440804,33.915806,33.3147664,33.4006292,33.915806,22644433,177138823.23,0.6632,-1.519,1,0
2023-05-25,sh.600637,33.1859722,33.6152862,32.7995896,33.5294234,33.4006292,23560451,182323989.68,0.69,0.3856,1,0
2023-05-26,sh.600637,33.3147664,33.6582176,33.1001094,33.271835,33.5294234,18646656,144818376.57,0.5461,-0.7682,1,0
2023-05-29,sh.600637,33.3576978,33.8299432,33.3147664,33.5294234,33.271835,22526430,176180693.12,0.6597,0.7742,1,0
2023-05-30,sh.600637,33.3576978,34.130463,32.9283838,34.130463,33.5294234,23947699,187537218.54,0.7014,1.7926,1,0
2023-05-31,sh.600637,34.0875316,36.4058272,34.0875316,35.8047876,34.130463,58573340,485337127.29,1.7154,4.9057,1,0
2023-06-01,sh.600637,35.6759934,37.4361808,35.5471992,36.8351412,35.8047876,54717145,468385445.48,1.6025,2.8777,1,0
2023-06-02,sh.600637,36.8351412,37.2644552,36.49169,36.706347,36.8351412,32426980,278333838.54,0.9497,-0.3497,1,0
2023-06-05,sh.600637,36.7492784,37.0068668,36.1053074,36.6634156,36.706347,31803535,271030452.62,0.9314,-0.117,1,0
2023-06-06,sh.600637,36.8351412,37.779632,36.0194446,36.1482388,36.6634156,54018484,464656200.83,1.582,-1.4052,1,0
2023-06-07,sh.600637,36.277033,36.921004,35.847719,36.7492784,36.1482388,38997198,332067682.56,1.1421,1.6627,1,0
2023-06-08,sh.600637,36.7492784,36.7492784,35.3754736,35.7189248,36.7492784,53156976,442924365.73,1.5568,-2.8037,1,0
2023-06-09,sh.600637,35.847719,37.1785924,35.6759934,36.706347,35.7189248,56191969,476763597.93,1.6457,2.7644,1,0
2023-06-12,sh.600637,36.6634156,37.2215238,36.1053074,36.1482388,36.706347,37418822,317166547.61,1.0959,-1.5205,1,0
2023-06-13,sh.600637,36.0194446,37.0497982,35.847719,36.8351412,36.1482388,40764015,348153425.38,1.1939,1.9002,1,0
2023-06-14,sh.600637,36.7922098,37.6508378,36.4487586,36.6634156,36.8351412,35948491,309533284.56,1.0528,-0.4662,1,0
2023-06-15,sh.600637,36.6634156,37.0497982,36.1482388,36.277033,36.6634156,26531517,225173806.87,0.777,-1.0539,1,0
2023-06-16,sh.600637,36.1053074,36.4058272,35.5471992,35.9335818,36.277033,40457323,339323561.27,1.1849,-0.9467,1,0
2023-06-19,sh.600637,35.9335818,36.2341016,35.7189248,35.8047876,35.9335818,23375124,195417911.61,0.6846,-0.3584,1,0
2023-06-20,sh.600637,35.8047876,35.9765132,35.2466794,35.2466794,35.8047876,27711383,229102319.43,0.8116,-1.5588,1,0
2023-06-21,sh.600637,35.2466794,35.2466794,34.34512,34.34512,35.2466794,36950201,298431339.46,1.0822,-2.5579,1,0
2023-06-26,sh.600637,34.2592572,34.5168456,32.9283838,33.057178,34.34512,35105373,274474836.33,1.0281,-3.75,1,0
2023-06-27,sh.600637,33.1430408,34.1733944,32.842521,33.8728746,33.057178,37188711,291469941.58,1.0891,2.4675,1,0
2023-06-28,sh.600637,33.7870118,34.0446002,32.9713152,33.6152862,33.8728746,28656084,222631439.73,0.8392,-0.7605,1,0
2023-06-29,sh.600637,33.4435606,33.7870118,33.2289036,33.6582176,33.6152862,23345590,182243105.69,0.6837,0.1277,1,0
2023-06-30,sh.600637,33.5723548,33.7870118,33.3147664,33.5723548,33.6582176,20579192,160833703.52,0.6027,-0.2551,1,0
2023-07-03,sh.600637,33.5723548,33.6582176,33.1430408,33.4435606,33.5723548,21041723,163762378.06,0.6162,-0.3836,1,0
2023-07-04,sh.600637,33.4435606,33.701149,33.1430408,33.5294234,33.4435606,26275933,204423977.82,0.7695,0.2567,1,0
2023-07-05,sh.600637,33.4006292,33.6152862,33.271835,33.4435606,33.5294234,17130653,133419816.61,0.5017,-0.2561,1,0
2023-07-06,sh.600637,33.3147664,33.5723548,32.7995896,32.842521,33.4435606,31199300,240589911.35,0.9137,-1.7972,1,0
2023-07-07,sh.600637,32.7566582,33.3576978,32.413207,33.0142466,32.842521,22859952,174857576.95,0.6695,0.5229,1,0
2023-07-10,sh.600637,33.0142466,33.8728746,32.9283838,33.8299432,33.0142466,29073114,226812561.44,0.8515,2.4707,1,0
2023-07-11,sh.600637,33.7870118,33.915806,33.2289036,33.6582176,33.8299432,16042879,125637744.51,0.4698,-0.5076,1,0
2023-07-12,sh.600637,33.8299432,33.8728746,33.1859722,33.2289036,33.6582176,14679583,114508606.52,0.4299,-1.2755,1,0
2023-07-13,sh.600637,33.4006292,34.0875316,33.3147664,34.0016688,33.2289036,23195646,182259507.58,0.6793,2.3256,1,0
2023-07-14,sh.600637,34.0016688,34.3880514,33.8728746,34.130463,34.0016688,16995469,135201869.84,0.4977,0.3788,1,0
2023-07-17,sh.600637,34.4309828,34.989091,34.3021886,34.7315026,34.130463,22586293,182381348.71,0.6615,1.761,1,0
2023-07-18,sh.600637,34.8602968,34.9032282,34.34512,34.3880514,34.7315026,15774060,127053897.54,0.462,-0.9889,1,0
2023-07-19,sh.600637,34.34512,34.6885712,34.2592572,34.5168456,34.3880514,11067302,88839810.11,0.3241,0.3745,1,0
2023-07-20,sh.600637,34.4739142,34.6885712,33.701149,34.0875316,34.5168456,22278303,177452069.75,0.6525,-1.2438,1,0
2023-07-21,sh.600637,34.0446002,34.4739142,33.701149,34.3021886,34.0875316,20968704,166811028.33,0.6141,0.6297,1,0
2023-07-24,sh.600637,34.1733944,34.6456398,34.0446002,34.34512,34.3021886,14722786,117838609.61,0.4312,0.1252,1,0
2023-07-25,sh.600637,34.6027084,34.989091,34.4309828,34.6885712,34.34512,23816940,192736069.88,0.6975,1.0,1,0
2023-07-26,sh.600637,34.774434,34.774434,34.0875316,34.2163258,34.6885712,19761280,157734744.63,0.5787,-1.3614,1,0
2023-07-27,sh.600637,34.130463,34.4309828,33.9587374,34.130463,34.2163258,13954107,111305392.98,0.4087,-0.2509,1,0
2023-07-28,sh.600637,34.0446002,34.559777,33.915806,34.4309828,34.130463,19552181,155967436.1,0.5726,0.8805,1,0
2023-07-31,sh.600637,34.60553668,34.99828552,34.56189792,34.95464676,34.43098164,20804999,166152479.57,0.6093,1.5209,1,0
2023-08-01,sh.600637,34.99828552,35.21647932,34.78009172,35.08556304,34.95464676,14989735,120347916.76,0.439,0.3745,1,0
2023-08-02,sh.600637,35.08556304,35.1292018,34.73645296,34.86736924,35.08556304,11224913,89742466.67,0.3287,-0.6219,1,0
2023-08-03,sh.600637,34.78009172,34.911008,34.60553668,34.86736924,34.86736924,10563328,84230522.52,0.3094,0.0,1,0
2023-08-04,sh.600637,35.04192428,35.65286692,34.99828552,35.47831188,34.86736924,23746822,192700169.04,0.6955,1.7522,1,0
2023-08-07,sh.600637,35.69650568,35.74014444,35.43467312,35.60922816,35.47831188,18412094,150285790.47,0.5392,0.369,1,0
2023-08-08,sh.600637,35.5655894,36.001977,35.52195064,35.74014444,35.60922816,18269617,149825265.13,0.5351,0.3676,1,0
2023-08-09,sh.600637,35.65286692,35.87106072,35.17284056,35.26011808,35.74014444,17759372,144463366.23,0.5201,-1.3431,1,0
2023-08-10,sh.600637,35.21647932,35.43467312,34.99828552,35.08556304,35.26011808,10050792,81028445.3,0.2944,-0.495,1,0
2023-08-11,sh.600637,35.26011808,35.60922816,34.56189792,34.60553668,35.08556304,14736322,118060474.16,0.4316,-1.3682,1,0
2023-08-14,sh.600637,34.51825916,34.99828552,34.21278784,34.911008,34.60553668,15598549,123477398.29,0.4568,0.8827,1,0
2023-08-15,sh.600637,35.1292018,35.17284056,34.51825916,34.82373048,34.911008,12549593,100081670.05,0.3675,-0.25,1,0
2023-08-16,sh.600637,34.64917544,34.78009172,33.77640024,33.95095528,34.82373048,21185665,165329660.49,0.6205,-2.5063,1,0
2023-08-17,sh.600637,33.86367776,34.2564266,33.68912272,34.21278784,33.95095528,10351714,80774432.5,0.3032,0.7712,1,0
2023-08-18,sh.600637,34.16914908,34.38734288,33.68912272,33.68912272,34.21278784,12805032,99725763.61,0.375,-1.5306,1,0
2023-08-21,sh.600637,33.68912272,34.12551032,33.55820644,33.55820644,33.68912272,10830903,83955307.87,0.3172,-0.3886,1,0
2023-08-22,sh.600637,33.77640024,34.16914908,33.55820644,34.08187156,33.55820644,10801939,83850432.6,0.3164,1.5605,1,0
2023-08-23,sh.600637,34.08187156,34.34370412,33.90731652,33.90731652,34.08187156,12055780,94283532.89,0.3531,-0.5122,1,0
2023-08-24,sh.600637,33.99459404,34.6928142,33.95095528,34.38734288,33.90731652,17701822,139676082.96,0.5184,1.4157,1,0
2023-08-25,sh.600637,34.30006536,34.51825916,33.51456768,33.73276148,34.38734288,17359463,135199734.9,0.5084,-1.9036,1,0
2023-08-28,sh.600637,35.04192428,35.5655894,34.56189792,34.6928142,33.73276148,36566954,293162698.78,1.0709,2.8461,1,0
2023-08-29,sh.600637,34.64917544,35.17284056,34.60553668,35.08556304,34.6928142,20748463,166521963.07,0.6077,1.1321,1,0
2023-08-30,sh.600637,35.21647932,35.52195064,35.04192428,35.26011808,35.08556304,24153226,195104524.99,0.7074,0.4975,1,0
2023-08-31,sh.600637,35.26011808,35.30375684,34.6928142,34.78009172,35.26011808,40291297,321866392.66,1.18,-1.3614,1,0
2023-09-01,sh.600637,34.60553668,34.78009172,33.99459404,34.0382328,34.78009172,24300228,190540141.38,0.7117,-2.133,1,0
2023-09-04,sh.600637,34.12551032,34.34370412,33.95095528,34.21278784,34.0382328,15544982,121651723.66,0.4553,0.5128,1,0
2023-09-05,sh.600637,34.12551032,34.16914908,33.6018452,33.68912272,34.21278784,18897232,146385402.54,0.5534,-1.5306,1,0
2023-09-06,sh.600637,33.6018452,33.68912272,32.42359868,32.68543124,33.68912272,38873451,291932623.17,1.1385,-2.9793,1,0
2023-09-07,sh.600637,32.55451496,33.1654576,32.24904364,32.2926824,32.68543124,20983148,156562463.0,0.6145,-1.2016,1,0
2023-09-08,sh.600637,32.11812736,32.2926824,31.76901728,31.81265604,32.2926824,18446705,135150662.62,0.5402,-1.4865,1,0
2023-09-11,sh.600637,32.03084984,32.59815372,31.94357232,32.33632116,31.81265604,18138936,134168037.2,0.5312,1.6461,1,0
2023-09-12,sh.600637,32.37995992,32.46723744,32.16176612,32.2926824,32.33632116,9378229,69422578.99,0.2747,-0.135,1,0
2023-09-13,sh.600637,32.2926824,32.33632116,31.8562948,32.03084984,32.2926824,13124824,96428568.14,0.3844,-0.8108,1,0
2023-09-14,sh.600637,32.03084984,32.20540488,31.8562948,32.11812736,32.03084984,9617343,70665854.45,0.2817,0.2725,1,0
2023-09-15,sh.600637,32.16176612,32.5108762,31.98721108,32.5108762,32.11812736,13757776,101808498.84,0.4029,1.2228,1,0
2023-09-18,sh.600637,32.42359868,32.59815372,31.55082348,32.0744886,32.5108762,23525461,172110746.35,0.689,-1.3423,1,0
2023-09-19,sh.600637,31.94357232,32.24904364,31.76901728,31.94357232,32.0744886,15337137,112290671.62,0.4492,-0.4082,1,0
2023-09-20,sh.600637,31.89993356,32.16176612,31.8562948,31.94357232,31.94357232,12802324,93921785.83,0.3749,0.0,1,0
2023-09-21,sh.600637,31.98721108,32.03084984,31.59446224,31.59446224,31.94357232,12670190,92172242.42,0.3711,-1.0929,1,0
2023-09-22,sh.600637,31.55082348,32.42359868,31.50718472,32.37995992,31.59446224,15079046,110939642.66,0.4416,2.4862,1,0
2023-09-25,sh.600637,32.42359868,32.64179248,32.24904364,32.37995992,32.37995992,14635447,108674641.62,0.4286,0.0,1,0
2023-09-26,sh.600637,32.37995992,32.59815372,32.24904364,32.37995992,32.37995992,10081227,74958575.39,0.2952,0.0,1,0
2023-09-27,sh.600637,32.33632116,32.59815372,32.2926824,32.55451496,32.37995992,11342185,84539876.54,0.3322,0.5391,1,0
2023-09-28,sh.600637,32.55451496,32.68543124,32.42359868,32.42359868,32.55451496,11236585,83776230.05,0.3291,-0.4021,1,0
2023-10-09,sh.600637,32.5108762,32.5108762,31.94357232,32.03084984,32.42359868,13227583,97413013.04,0.3874,-1.2113,1,0
2023-10-10,sh.600637,32.2926824,32.33632116,31.94357232,32.0744886,32.03084984,8610393,63337250.03,0.2522,0.1362,1,0
2023-10-11,sh.600637,32.11812736,32.59815372,31.89993356,32.20540488,32.0744886,14728064,109005489.44,0.4313,0.4082,1,0
2023-10-12,sh.600637,32.33632116,32.55451496,32.20540488,32.24904364,32.20540488,12005132,88911143.43,0.3516,0.1355,1,0
2023-10-13,sh.600637,32.20540488,32.33632116,31.8562948,31.89993356,32.24904364,10950902,80453898.64,0.3207,-1.0825,1,0
2023-10-16,sh.600637,31.98721108,32.03084984,31.55082348,31.72537852,31.89993356,12248936,88935485.85,0.3587,-0.5472,1,0
2023-10-17,sh.600637,31.72537852,31.8562948,31.59446224,31.638101,31.72537852,7682341,55808286.0,0.225,-0.2751,1,0
2023-10-18,sh.600637,31.76901728,31.76901728,31.07079712,31.15807464,31.638101,9609293,68773190.39,0.2814,-1.5172,1,0
2023-10-19,sh.600637,31.11443588,31.37626844,31.07079712,31.07079712,31.15807464,9557807,68332437.76,0.2799,-0.2801,1,0
2023-10-20,sh.600637,31.02715836,31.2017134,30.7653258,30.85260332,31.07079712,11522541,81684825.02,0.3375,-0.7022,1,0
2023-10-23,sh.600637,30.7653258,31.15807464,29.93618936,29.97982812,30.85260332,14802710,102855011.0,0.4335,-2.8289,1,0
2023-10-24,sh.600637,30.1107444,30.9835196,30.06710564,30.89624208,29.97982812,16762159,117935857.11,0.4909,3.0568,1,0
2023-10-25,sh.600637,31.11443588,31.28899092,30.89624208,30.89624208,30.89624208,11852755,84376334.63,0.3471,0.0,1,0
2023-10-26,sh.600637,30.85260332,31.37626844,30.72168704,31.15807464,30.89624208,10311393,73622243.4,0.302,0.8475,1,0
2023-10-27,sh.600637,31.15807464,31.638101,31.15807464,31.55082348,31.15807464,10049612,72422317.89,0.2943,1.2605,1,0
2023-10-30,sh.600637,31.46354596,32.03084984,31.46354596,31.89993356,31.55082348,12654574,92126910.21,0.3706,1.1065,1,0
2023-10-31,sh.600637,32.2926824,32.42359868,31.94357232,32.20540488,31.89993356,18987776,140059154.91,0.5561,0.9576,1,0
2023-11-01,sh.600637,32.03084984,32.72907,32.03084984,32.5108762,32.20540488,19388716,144400571.5,0.5678,0.9485,1,0
2023-11-02,sh.600637,32.42359868,32.99090256,32.33632116,32.77270876,32.5108762,21158276,159101373.73,0.6197,0.8054,1,0
2023-11-03,sh.600637,32.72907,33.03454132,32.46723744,32.77270876,32.77270876,15457693,116095687.66,0.4527,0.0,1,0
2023-11-06,sh.600637,32.9472638,33.3836514,32.90362504,33.29637388,32.77270876,18610345,141775437.22,0.545,1.5979,1,0
2023-11-07,sh.600637,33.51456768,33.6018452,33.20909636,33.42729016,33.29637388,16456382,126169010.35,0.482,0.3932,1,0
2023-11-08,sh.600637,33.34001264,34.30006536,33.25273512,34.0382328,33.42729016,36783202,286063384.26,1.0773,1.8277,1,0
2023-11-09,sh.600637,33.95095528,34.08187156,33.51456768,33.6018452,34.0382328,20714605,160128906.08,0.6067,-1.2821,1,0
2023-11-10,sh.600637,33.6018452,33.64548396,33.03454132,33.20909636,33.6018452,17091843,130160067.32,0.5006,-1.1688,1,0
2023-11-13,sh.600637,34.08187156,34.34370412,33.55820644,33.90731652,33.20909636,19821551,153651032.65,0.5805,2.1025,1,0
2023-11-14,sh.600637,33.68912272,33.86367776,33.47092892,33.6018452,33.90731652,15472086,119313057.72,0.4531,-0.9009,1,0
2023-11-15,sh.600637,33.86367776,33.90731652,33.51456768,33.55820644,33.6018452,13765399,106152410.9,0.4031,-0.1299,1,0
2023-11-16,sh.600637,33.51456768,33.95095528,33.34001264,33.77640024,33.55820644,14363228,111154295.22,0.4207,0.6502,1,0
2023-11-17,sh.600637,33.90731652,34.2564266,33.73276148,34.0382328,33.77640024,17835417,139138256.95,0.5223,0.7752,1,0
2023-11-20,sh.600637,34.21278784,35.08556304,34.08187156,34.60553668,34.0382328,27366213,217285883.9,0.8015,1.6667,1,0
2023-11-21,sh.600637,34.60553668,35.21647932,34.38734288,34.82373048,34.60553668,27891149,222624910.91,0.8168,0.6305,1,0
2023-11-22,sh.600637,34.78009172,35.43467312,34.64917544,35.04192428,34.82373048,38207661,308088096.21,1.119,0.6266,1,0
2023-11-23,sh.600637,34.911008,35.17284056,34.4746204,35.04192428,35.04192428,24926471,199384734.91,0.73,0.0,1,0
2023-11-24,sh.600637,35.08556304,35.52195064,34.86736924,35.1292018,35.04192428,23567042,190152305.59,0.6902,0.2491,1,0
2023-11-27,sh.600637,35.17284056,35.26011808,34.60553668,34.86736924,35.1292018,18383080,146721225.72,0.5384,-0.7453,1,0
2023-11-28,sh.600637,35.04192428,35.08556304,34.51825916,34.99828552,34.86736924,15435818,123495493.61,0.4521,0.3755,1,0
2023-11-29,sh.600637,35.1292018,35.30375684,34.86736924,34.95464676,34.99828552,16211328,130195184.0,0.4748,-0.1247,1,0
2023-11-30,sh.600637,34.99828552,35.30375684,34.86736924,35.21647932,34.95464676,18174834,146191688.5,0.5323,0.7491,1,0
2023-12-01,sh.600637,35.17284056,35.95833824,35.08556304,35.95833824,35.21647932,31183780,255083168.01,0.9133,2.1066,1,0
2023-12-04,sh.600637,36.17653204,36.78747468,36.13289328,36.48200336,35.95833824,29166868,244077336.19,0.8542,1.4563,1,0
2023-12-05,sh.600637,36.39472584,36.74383592,35.87106072,35.95833824,36.48200336,29496995,245234051.58,0.8639,-1.4354,1,0
2023-12-06,sh.600637,35.7837832,36.48200336,35.26011808,36.26380956,35.95833824,24455267,201285785.7,0.7162,0.8495,1,0
2023-12-07,sh.600637,36.26380956,36.74383592,36.08925452,36.61291964,36.26380956,25676285,214405896.62,0.752,0.9627,1,0
2023-12-08,sh.600637,36.56928088,36.70019716,36.08925452,36.2201708,36.61291964,23902820,199509112.34,0.7,-1.0727,1,0
2023-12-11,sh.600637,36.04561576,36.8747522,35.95833824,36.78747468,36.2201708,25476112,213108539.83,0.7461,1.5663,1,0
2023-12-12,sh.600637,36.83111344,37.092946,36.6565584,36.91839096,36.78747468,20730543,175202980.56,0.6071,0.3559,1,0
2023-12-13,sh.600637,36.96202972,37.26750104,36.6565584,36.74383592,36.91839096,19733990,167227119.35,0.5779,-0.4728,1,0
2023-12-14,sh.600637,36.8747522,37.44205608,36.78747468,36.96202972,36.74383592,20868080,177805305.09,0.6112,0.5938,1,0
2023-12-15,sh.600637,36.91839096,37.26750104,36.56928088,36.91839096,36.96202972,22577553,191105743.24,0.6612,-0.1181,1,0
2023-12-18,sh.600637,36.91839096,37.04930724,36.30744832,36.39472584,36.91839096,23050928,193440834.64,0.6751,-1.4184,1,0
2023-12-19,sh.600637,36.4383646,36.6565584,36.2201708,36.61291964,36.39472584,21190891,176981704.11,0.6206,0.5995,1,0
2023-12-20,sh.600637,36.48200336,36.61291964,35.5655894,35.69650568,36.61291964,26678235,219697947.53,0.7813,-2.503,1,0
2023-12-21,sh.600637,35.60922816,35.95833824,35.21647932,35.65286692,35.69650568,23364675,190380022.09,0.6843,-0.1222,1,0
2023-12-22,sh.600637,35.7837832,35.87106072,33.6018452,33.820039,35.65286692,44414809,349572408.88,1.3008,-5.1408,1,0
2023-12-25,sh.600637,33.90731652,34.51825916,33.55820644,33.86367776,33.820039,22555219,175149783.45,0.6606,0.129,1,0
2023-12-26,sh.600637,34.21278784,34.2564266,32.9472638,33.12181884,33.86367776,18412232,140887520.58,0.5392,-2.1907,1,0
2023-12-27,sh.600637,33.29637388,33.64548396,32.85998628,32.9472638,33.12181884,14836706,112453436.54,0.4345,-0.527,1,0
2023-12-28,sh.600637,33.03454132,33.20909636,32.59815372,32.99090256,32.9472638,22097051,167064495.19,0.6472,0.1325,1,0
2023-12-29,sh.600637,32.81634752,33.34001264,32.72907,32.81634752,32.99090256,25452828,192589847.8,0.7454,-0.5291,1,0
2024-01-02,sh.600637,32.85998628,33.20909636,32.81634752,32.81634752,32.81634752,23671880,179180612.86,0.6933,0.0,1,0
2024-01-03,sh.600637,32.81634752,33.42729016,32.68543124,33.34001264,32.81634752,26024090,198052084.7,0.7622,1.5957,1,0
2024-01-04,sh.600637,33.29637388,33.3836514,32.85998628,33.03454132,33.34001264,17951297,135998867.04,0.5257,-0.9162,1,0
2024-01-05,sh.600637,33.07818008,33.20909636,32.37995992,32.55451496,33.03454132,17553727,132072148.71,0.5141,-1.4531,1,0
2024-01-08,sh.600637,32.59815372,32.59815372,32.11812736,32.16176612,32.55451496,14772745,109633214.5,0.4326,-1.2064,1,0
2024-01-09,sh.600637,32.33632116,32.59815372,32.20540488,32.42359868,32.16176612,15200418,112950994.93,0.4452,0.8141,1,0
2024-01-10,sh.600637,32.2926824,32.46723744,31.638101,31.638101,32.42359868,14759578,107714077.53,0.4323,-2.4226,1,0
2024-01-11,sh.600637,31.89993356,32.5108762,31.72537852,32.33632116,31.638101,15923277,117508570.78,0.4663,2.2069,1,0
2024-01-12,sh.600637,32.11812736,32.33632116,31.76901728,31.81265604,32.33632116,13689716,100548680.9,0.4009,-1.6194,1,0
2024-01-15,sh.600637,31.68173976,32.20540488,31.68173976,31.8562948,31.81265604,12223063,89467209.32,0.358,0.1372,1,0
2024-01-16,sh.600637,31.72537852,31.89993356,31.28899092,31.638101,31.8562948,14808881,106922747.74,0.4337,-0.6849,1,0
2024-01-17,sh.600637,31.638101,31.8562948,31.28899092,31.28899092,31.638101,14919807,108193263.08,0.437,-1.1034,1,0
2024-01-18,sh.600637,31.2017134,31.4199072,30.15438316,30.89624208,31.28899092,27187208,191033177.77,0.7962,-1.2552,1,0
2024-01-19,sh.600637,30.9835196,31.59446224,30.80896456,31.28899092,30.89624208,20139944,144566708.86,0.5898,1.2712,1,0
2024-01-22,sh.600637,31.02715836,31.2017134,28.84522036,28.97613664,31.28899092,37633701,258293842.7,1.1022,-7.3919,1,0
2024-01-23,sh.600637,29.10705292,29.6743568,28.84522036,29.54344052,28.97613664,26267231,176355047.97,0.7693,1.9578,1,0
2024-01-24,sh.600637,29.6743568,30.7653258,29.54344052,30.67804828,29.54344052,31721341,219106366.1,0.929,3.8405,1,0
2024-01-25,sh.600637,30.85260332,32.37995992,30.7653258,32.33632116,30.67804828,32999260,239989669.53,0.9664,5.4054,1,0
2024-01-26,sh.600637,32.33632116,33.03454132,32.11812736,32.64179248,32.33632116,31260585,233770081.99,0.9155,0.9447,1,0
2024-01-29,sh.600637,32.72907,32.9472638,31.89993356,32.03084984,32.64179248,26896064,198672608.42,0.7877,-1.8717,1,0
2024-01-30,sh.600637,31.46354596,31.46354596,30.41621572,30.45985448,32.03084984,36017791,255319756.94,1.0548,-4.9046,1,0
2024-01-31,sh.600637,30.547132,31.11443588,29.80527308,29.80527308,30.45985448,32581206,226553038.58,0.9542,-2.149,1,0
2024-02-01,sh.600637,29.6743568,30.37257696,29.0197754,29.6743568,29.80527308,32490470,220999975.8,0.9515,-0.4392,1,0
2024-02-02,sh.600637,29.6743568,30.547132,28.49611028,29.36888548,29.6743568,34399752,233643651.44,1.0075,-1.0294,1,0
2024-02-05,sh.600637,29.0197754,29.0197754,26.44508856,27.274225,29.36888548,49438932,311501427.41,1.4479,-7.1322,1,0
2024-02-06,sh.600637,27.0560312,29.49980176,26.4014498,29.456163,27.274225,43770526,281320277.52,1.2819,8.0,1,0
2024-02-07,sh.600637,29.2379692,31.07079712,28.88885912,30.9835196,29.456163,56223921,389032978.41,1.6466,5.1852,1,0
2024-02-08,sh.600637,30.89624208,32.46723744,30.89624208,31.07079712,30.9835196,57260108,414941076.26,1.677,0.2817,1,0
2024-02-19,sh.600637,31.59446224,31.59446224,30.547132,30.89624208,31.07079712,42050022,297585361.7,1.2315,-0.5618,1,0
2024-02-20,sh.600637,30.7653258,31.07079712,30.45985448,30.93988084,30.89624208,33353820,235402282.73,0.9768,0.1412,1,0
2024-02-21,sh.600637,30.89624208,31.76901728,30.63440952,30.9835196,30.93988084,37105238,265482699.58,1.1037,0.141,1,0
2024-02-22,sh.600637,30.93988084,31.46354596,30.89624208,31.2017134,30.9835196,24879988,177739896.42,0.7401,0.7042,1,0
2024-02-23,sh.600637,31.28899092,31.638101,30.93988084,31.638101,31.2017134,32912634,236197405.21,0.979,1.3986,1,0
2024-02-26,sh.600637,31.68173976,31.8562948,31.2017134,31.46354596,31.638101,29647873,214173054.02,0.8819,-0.5517,1,0
2024-02-27,sh.600637,31.37626844,32.24904364,31.2017134,32.24904364,31.46354596,28463197,207526494.57,0.8466,2.4965,1,0
2024-02-28,sh.600637,32.20540488,32.9472638,31.28899092,31.33262968,32.24904364,36570629,269701942.27,1.0878,-2.8417,1,0
2024-02-29,sh.600637,31.28899092,32.33632116,31.28899092,32.2926824,31.33262968,29250507,214072036.86,0.8701,3.0641,1,0
2024-03-01,sh.600637,32.20540488,32.5108762,31.81265604,32.24904364,32.2926824,24616901,181118951.23,0.7322,-0.1351,1,0
2024-03-04,sh.600637,32.20540488,32.37995992,31.72537852,32.20540488,32.24904364,24609513,180760363.92,0.732,-0.1353,1,0
2024-03-05,sh.600637,31.98721108,33.07818008,31.81265604,32.46723744,32.20540488,35599407,265092383.56,1.0589,0.813,1,0
2024-03-06,sh.600637,32.16176612,32.42359868,31.638101,31.89993356,32.46723744,27909237,204653529.28,0.8302,-1.7473,1,0
2024-03-07,sh.600637,31.89993356,32.11812736,31.24535216,31.24535216,31.89993356,23248455,168492637.51,0.6915,-2.052,1,0
2024-03-08,sh.600637,31.28899092,31.638101,31.02715836,31.46354596,31.24535216,19383326,139278045.76,0.5766,0.6983,1,0
2024-03-11,sh.600637,31.46354596,31.68173976,31.28899092,31.68173976,31.46354596,17540776,126570522.23,0.5218,0.6935,1,0
2024-03-12,sh.600637,31.68173976,32.03084984,31.46354596,31.89993356,31.68173976,21825086,158857999.32,0.6492,0.6887,1,0
2024-03-13,sh.600637,31.8562948,32.46723744,31.638101,32.11812736,31.89993356,26759437,196914059.11,0.796,0.684,1,0
2024-03-14,sh.600637,31.98721108,32.0744886,31.46354596,31.68173976,32.11812736,19672849,143391980.62,0.5852,-1.3587,1,0
2024-03-15,sh.600637,31.68173976,32.16176612,31.55082348,32.03084984,31.68173976,23943419,174851088.21,0.7122,1.1019,1,0
2024-03-18,sh.600637,32.0744886,32.55451496,31.98721108,32.5108762,32.03084984,25331405,187356825.83,0.7535,1.4986,1,0
2024-03-19,sh.600637,32.64179248,32.9472638,32.0744886,32.0744886,32.5108762,28179685,209669838.51,0.8382,-1.3423,1,0
2024-03-20,sh.600637,32.11812736,32.9472638,32.03084984,32.85998628,32.0744886,29207014,218120944.05,0.8688,2.449,1,0
2024-03-21,sh.600637,32.99090256,33.73276148,32.9472638,33.1654576,32.85998628,40904729,312785141.1,1.2167,0.9296,1,0
2024-03-22,sh.600637,33.1654576,33.77640024,32.46723744,33.55820644,33.1654576,44665839,339905847.85,1.3286,1.1842,1,0
2024-03-25,sh.600637,34.30006536,34.73645296,32.42359868,32.5108762,33.55820644,51880691,397474571.19,1.5432,-3.1209,1,0
2024-03-26,sh.600637,32.42359868,32.77270876,31.46354596,31.638101,32.5108762,35329230,258965350.5,1.0509,-2.6846,1,0
2024-03-27,sh.600637,31.76901728,31.98721108,30.80896456,30.85260332,31.638101,30510894,218696297.18,0.9075,-2.4828,1,0
2024-03-28,sh.600637,30.7653258,31.8562948,30.7653258,31.638101,30.85260332,28818669,207472615.72,0.8572,2.546,1,0
2024-03-29,sh.600637,31.50718472,31.638101,31.11443588,31.4199072,31.638101,18736159,134345537.53,0.5573,-0.6897,1,0
2024-04-01,sh.600637,31.638101,32.64179248,31.59446224,32.64179248,31.4199072,27907440,206534486.85,0.8301,3.8889,1,0
2024-04-02,sh.600637,32.64179248,32.68543124,32.0744886,32.2926824,32.64179248,20447169,151294795.29,0.6082,-1.0695,1,0
2024-04-03,sh.600637,32.33632116,32.46723744,31.68173976,31.89993356,32.2926824,19546358,142932606.31,0.5814,-1.2162,1,0
2024-04-08,sh.600637,31.8562948,32.0744886,31.24535216,31.24535216,31.89993356,19678598,142014712.04,0.5853,-2.052,1,0
2024-04-09,sh.600637,31.28899092,31.46354596,31.02715836,31.11443588,31.24535216,16859259,120401918.89,0.5015,-0.419,1,0
2024-04-10,sh.600637,31.11443588,31.11443588,30.1107444,30.3289382,31.11443588,24445091,171111442.97,0.7271,-2.5245,1,0
2024-04-11,sh.600637,30.24166068,31.50718472,30.19802192,31.15807464,30.3289382,27101310,192993907.96,0.8061,2.7338,1,0
2024-04-12,sh.600637,31.11443588,31.28899092,30.50349324,30.50349324,31.15807464,18149406,127884859.81,0.5399,-2.1008,1,0
2024-04-15,sh.600637,30.63440952,31.07079712,29.97982812,30.72168704,30.50349324,21990264,154396829.44,0.6541,0.7153,1,0
2024-04-16,sh.600637,30.547132,31.07079712,29.93618936,30.06710564,30.72168704,26393813,183765006.83,0.7851,-2.1307,1,0
2024-04-17,sh.600637,30.24166068,31.07079712,30.24166068,30.89624208,30.06710564,23820642,167656470.07,0.7085,2.7576,1,0
2024-04-18,sh.600637,30.89624208,31.2017134,30.59077076,30.85260332,30.89624208,18344941,129866858.77,0.5457,-0.1412,1,0
2024-04-19,sh.600637,30.7653258,31.02715836,30.67804828,30.80896456,30.85260332,18176971,128572241.67,0.5407,-0.1414,1,0
2024-04-22,sh.600637,30.67804828,30.72168704,29.76163432,29.8925506,30.80896456,32327522,222718430.12,0.9616,-2.9745,1,0
2024-04-23,sh.600637,29.84891184,30.37257696,29.84891184,29.8925506,29.8925506,19291976,133016797.39,0.5738,0.0,1,0
2024-04-24,sh.600637,30.02346688,30.24166068,29.49980176,30.19802192,29.8925506,15599011,106974915.81,0.464,1.0219,1,0
2024-04-25,sh.600637,29.97982812,30.19802192,29.80527308,29.97982812,30.19802192,15389255,105729453.78,0.4578,-0.7225,1,0
2024-04-26,sh.600637,29.8925506,30.85260332,29.8925506,30.80896456,29.97982812,26011583,181720864.81,0.7737,2.7656,1,0
2024-04-29,sh.600637,30.93988084,31.72537852,30.89624208,31.68173976,30.80896456,30733545,221663493.77,0.9142,2.8329,1,0
2024-04-30,sh.600637,31.33262968,31.33262968,29.8925506,30.1107444,31.68173976,58599672,405763411.24,1.7431,-4.9587,1,0
2024-05-06,sh.600637,30.3289382,30.7653258,30.28529944,30.37257696,30.1107444,41176725,287694961.04,1.2248,0.8696,1,0
2024-05-07,sh.600637,30.41621572,30.63440952,30.1107444,30.24166068,30.37257696,22989809,159598434.71,0.6838,-0.431,1,0
2024-05-08,sh.600637,30.1107444,30.19802192,29.58707928,29.63071804,30.24166068,25733884,175436498.36,0.7655,-2.0202,1,0
2024-05-09,sh.600637,29.63071804,29.97982812,29.58707928,29.84891184,29.63071804,18770027,128148660.83,0.5583,0.7364,1,0
2024-05-10,sh.600637,29.80527308,30.15438316,29.49980176,29.54344052,29.84891184,22512293,153113049.21,0.6696,-1.0234,1,0
2024-05-13,sh.600637,29.49980176,29.49980176,29.06341416,29.28160796,29.54344052,23780112,159190344.86,0.7073,-0.8863,1,0
2024-05-14,sh.600637,29.28160796,29.58707928,29.19433044,29.32524672,29.28160796,17243290,116066808.62,0.5129,0.149,1,0
2024-05-15,sh.600637,29.32524672,29.36888548,29.06341416,29.15069168,29.32524672,14971617,100144739.51,0.4453,-0.5952,1,0
2024-05-16,sh.600637,29.19433044,29.71799556,29.15069168,29.32524672,29.15069168,23963619,161869644.21,0.7128,0.5988,1,0
2024-05-17,sh.600637,29.41252424,29.54344052,29.15069168,29.54344052,29.32524672,19884147,133484459.17,0.5915,0.744,1,0
2024-05-20,sh.600637,29.54344052,29.71799556,29.41252424,29.54344052,29.54344052,19819613,134301045.57,0.5895,0.0,1,0
2024-05-21,sh.600637,29.58707928,29.76163432,29.28160796,29.36888548,29.54344052,17194892,116207102.52,0.5115,-0.5908,1,0
2024-05-22,sh.600637,29.36888548,29.41252424,29.15069168,29.2379692,29.36888548,15845902,106123311.49,0.4713,-0.4458,1,0
2024-05-23,sh.600637,29.19433044,29.2379692,28.49611028,28.53974904,29.2379692,27958626,184000840.34,0.8316,-2.3881,1,0
2024-05-24,sh.600637,28.365194,28.8015816,28.365194,28.49611028,28.53974904,14542081,95300050.03,0.4326,-0.1529,1,0
2024-05-27,sh.600637,28.62702656,28.67066532,28.23427772,28.53974904,28.49611028,12705035,82720136.58,0.3779,0.1531,1,0
2024-05-28,sh.600637,28.45247152,28.53974904,28.1470002,28.1470002,28.53974904,14510439,94077818.06,0.4316,-1.3761,1,0
2024-05-29,sh.600637,28.10336144,28.365194,28.01608392,28.1470002,28.1470002,11208861,72431550.15,0.3334,0.0,1,0
2024-05-30,sh.600637,28.1470002,28.53974904,28.01608392,28.40883276,28.1470002,14830429,96497794.89,0.4411,0.9302,1,0
2024-05-31,sh.600637,28.45247152,28.75794284,28.45247152,28.53974904,28.40883276,16040033,105199051.88,0.4771,0.4608,1,0
2024-06-03,sh.600637,28.62702656,28.62702656,28.05972268,28.27791648,28.53974904,16637493,107990923.74,0.4949,-0.9174,1,0
2024-06-04,sh.600637,28.19063896,28.45247152,28.05972268,28.40883276,28.27791648,11880695,77021935.01,0.3534,0.463,1,0
2024-06-05,sh.600637,28.45247152,28.45247152,27.88516764,27.9288064,28.40883276,13306600,85815357.67,0.3958,-1.6897,1,0
2024-06-06,sh.600637,28.05972268,28.10336144,27.40514128,27.4924188,27.9288064,21696220,137356510.44,0.6454,-1.5625,1,0
2024-06-07,sh.600637,27.7106126,28.365194,27.66697384,28.32155524,27.4924188,20354710,130890644.04,0.6055,3.0159,1,0
2024-06-11,sh.600637,28.1470002,28.19063896,27.57969632,27.62333508,28.32155524,19750662,125638668.35,0.5875,-2.4653,1,0
2024-06-12,sh.600637,27.7106126,28.01608392,27.57969632,27.75425136,27.62333508,14224923,90653544.76,0.4231,0.4739,1,0
2024-06-13,sh.600637,27.79789012,27.97244516,27.4924188,27.53605756,27.75425136,13639687,86354628.5,0.4057,-0.7862,1,0
2024-06-14,sh.600637,27.53605756,27.7106126,27.14330872,27.57969632,27.53605756,20034395,126006003.74,0.5959,0.1585,1,0
2024-06-17,sh.600637,27.4924188,27.84152888,27.40514128,27.57969632,27.57969632,13478265,85333219.62,0.4009,0.0,1,0
2024-06-18,sh.600637,27.4924188,27.88516764,27.44878004,27.7106126,27.57969632,11885789,75392698.32,0.3535,0.4747,1,0
2024-06-19,sh.600637,27.75425136,27.79789012,27.14330872,27.23058624,27.7106126,16843897,105487253.68,0.501,-1.7323,1,0
2024-06-20,sh.600637,27.23058624,27.23058624,26.6196436,26.66328236,27.23058624,16785308,103184544.14,0.4993,-2.0833,1,0
2024-06-21,sh.600637,26.6196436,27.01239244,26.57600484,26.8378374,26.66328236,11214499,68945636.02,0.3336,0.6547,1,0
2024-06-24,sh.600637,26.70692112,26.70692112,26.09597848,26.22689476,26.8378374,17717489,106832691.68,0.527,-2.2764,1,0
2024-06-25,sh.600637,26.22689476,26.35781104,25.87778468,26.00870096,26.22689476,12701559,76026248.11,0.3778,-0.8319,1,0
2024-06-26,sh.600637,26.00870096,27.01239244,25.87778468,26.6196436,26.00870096,18541457,112101854.76,0.5515,2.349,1,0
2024-06-27,sh.600637,26.57600484,26.79419864,26.4014498,26.44508856,26.6196436,13544641,82439966.16,0.4029,-0.6557,1,0
2024-06-28,sh.600637,26.44508856,26.92511492,26.44508856,26.53236608,26.44508856,15333850,93596710.25,0.4561,0.33,1,0
2024-07-01,sh.600637,26.53236608,26.66328236,26.27053352,26.57600484,26.53236608,11391792,69193448.23,0.3388,0.1645,1,0
2024-07-02,sh.600637,26.6196436,26.8378374,26.44508856,26.70692112,26.57600484,10753550,65759985.24,0.3199,0.4926,1,0
2024-07-03,sh.600637,26.66328236,26.88147616,26.53236608,26.6196436,26.70692112,9099671,55751683.72,0.2707,-0.3268,1,0
2024-07-04,sh.600637,26.70692112,26.75055988,26.05233972,26.13961724,26.6196436,12502747,75347085.46,0.3719,-1.8033,1,0
2024-07-05,sh.600637,26.183256,26.6196436,26.09597848,26.53236608,26.13961724,12222802,74013884.43,0.3636,1.5025,1,0
2024-07-08,sh.600637,26.4014498,26.53236608,25.7468684,25.79050716,26.53236608,13503602,80545941.4,0.4017,-2.7961,1,0
2024-07-09,sh.600637,25.79050716,26.22689476,25.48503584,26.09597848,25.79050716,16579901,98325233.34,0.4932,1.1844,1,0
2024-07-10,sh.600637,26.09597848,26.31417228,25.79050716,25.79050716,26.09597848,12519741,74659817.14,0.3724,-1.1706,1,0
2024-07-11,sh.600637,26.09597848,26.48872732,25.9650622,26.44508856,25.79050716,16059217,96809029.71,0.4777,2.5381,1,0
2024-07-12,sh.600637,26.44508856,26.48872732,26.13961724,26.22689476,26.44508856,11793492,70997977.29,0.3508,-0.8251,1,0
2024-07-15,sh.600637,26.22689476,26.35781104,25.92142344,26.09597848,26.22689476,10533084,63093181.86,0.3133,-0.4992,1,0
2024-07-16,sh.600637,26.27595288,26.41093209,26.0959806,26.23095981,26.0959806,10621209,61873895.48,0.3159,0.5172,1,0
2024-07-17,sh.600637,26.36593902,27.49076577,26.32094595,26.63589744,26.23095981,23791625,141774051.92,0.7077,1.5437,1,0
2024-07-18,sh.600637,26.5459113,26.77087665,26.0959806,26.72588358,26.63589744,16348290,96032591.87,0.4863,0.3378,1,0
2024-07-19,sh.600637,26.63589744,27.04083507,26.5459113,26.995842,26.72588358,15766825,94176420.54,0.469,1.0101,1,0
2024-07-22,sh.600637,27.08582814,27.08582814,26.50091823,26.72588358,26.995842,14987959,88801506.99,0.4458,-1.0,1,0
2024-07-23,sh.600637,26.63589744,26.81586972,26.36593902,26.36593902,26.72588358,11486530,67977741.43,0.3417,-1.3468,1,0
2024-07-24,sh.600637,26.32094595,26.45592516,26.14097367,26.18596674,26.36593902,9702249,56638327.96,0.2886,-0.6826,1,0
2024-07-25,sh.600637,26.18596674,26.77087665,26.00599446,26.59090437,26.18596674,13774470,81080459.41,0.4097,1.5464,1,0
2024-07-26,sh.600637,26.5459113,27.17581428,26.50091823,27.13082121,26.59090437,15168684,90700773.68,0.4512,2.0305,1,0
2024-07-29,sh.600637,27.13082121,27.67073805,26.95084893,27.58075191,27.13082121,19779540,120598553.81,0.5883,1.6584,1,0
2024-07-30,sh.600637,27.49076577,28.16566182,27.4457727,28.12066875,27.58075191,21975167,136369079.31,0.6537,1.9576,1,0
2024-07-31,sh.600637,28.03068261,28.66058559,27.94069647,28.57059945,28.12066875,24299840,153862671.67,0.7228,1.6,1,0
2024-08-01,sh.600637,28.61559252,28.75057173,28.3456341,28.39062717,28.57059945,16336074,103407657.3,0.4859,-0.6299,1,0
2024-08-02,sh.600637,28.3456341,28.66058559,28.21065489,28.30064103,28.39062717,15572073,98459576.36,0.4632,-0.317,1,0
2024-08-05,sh.600637,28.30064103,28.84055787,28.12066875,28.30064103,28.30064103,22895405,145214262.56,0.681,0.0,1,0
2024-08-06,sh.600637,28.57059945,28.70557866,28.25564796,28.57059945,28.30064103,15929834,100731445.04,0.4738,0.9539,1,0
2024-08-07,sh.600637,28.66058559,28.66058559,28.30064103,28.3456341,28.57059945,10821869,68472248.71,0.3219,-0.7874,1,0
2024-08-08,sh.600637,28.30064103,28.75057173,28.25564796,28.52560638,28.3456341,15763948,99976898.93,0.4689,0.6349,1,0
2024-08-09,sh.600637,28.66058559,28.75057173,28.25564796,28.30064103,28.52560638,11228700,71071220.4,0.334,-0.7886,1,0
2024-08-12,sh.600637,28.25564796,28.43562024,28.03068261,28.30064103,28.30064103,9651716,60626467.2,0.2871,0.0,1,0
2024-08-13,sh.600637,28.30064103,28.39062717,27.85071033,28.16566182,28.30064103,11004481,68778329.52,0.3273,-0.4769,1,0
2024-08-14,sh.600637,28.25564796,28.43562024,28.07567568,28.16566182,28.16566182,13464005,84624577.64,0.4005,0.0,1,0
2024-08-15,sh.600637,28.07567568,28.66058559,27.98568954,28.3456341,28.16566182,14192390,89468470.72,0.4222,0.639,1,0
2024-08-16,sh.600637,28.43562024,28.48061331,28.07567568,28.12066875,28.3456341,9790716,61365990.7,0.2912,-0.7937,1,0
2024-08-19,sh.600637,28.12066875,28.39062717,28.03068261,28.21065489,28.12066875,9049945,56780051.89,0.2692,0.32,1,0
2024-08-20,sh.600637,28.25564796,28.39062717,27.67073805,27.8957034,28.21065489,13783254,85630884.76,0.41,-1.1164,1,0
2024-08-21,sh.600637,28.07567568,28.52560638,27.71573112,27.76072419,27.8957034,16612287,103540717.09,0.4941,-0.4839,1,0
2024-08-22,sh.600637,27.80571726,27.85071033,27.08582814,27.13082121,27.76072419,14330336,87236214.11,0.4263,-2.269,1,0
2024-08-23,sh.600637,27.13082121,27.4457727,26.995842,27.35578656,27.13082121,10729603,64975316.53,0.3192,0.8292,1,0
2024-08-26,sh.600637,27.53575884,27.58075191,27.04083507,27.31079349,27.35578656,9875657,60008066.35,0.2938,-0.1645,1,0
2024-08-27,sh.600637,27.26580042,27.31079349,26.81586972,26.95084893,27.31079349,9705358,58182187.34,0.2887,-1.318,1,0
2024-08-28,sh.600637,27.17581428,27.8957034,26.86086279,27.62574498,26.95084893,19526201,119245546.13,0.5808,2.5042,1,0
2024-08-29,sh.600637,27.71573112,27.8957034,27.40077963,27.67073805,27.62574498,13974978,85862845.96,0.4157,0.1629,1,0
2024-08-30,sh.600637,27.62574498,28.61559252,27.58075191,28.21065489,27.67073805,41610663,261601158.17,1.2377,1.9512,1,0
2024-09-02,sh.600637,28.43562024,28.43562024,27.62574498,27.62574498,28.21065489,17463462,108556729.64,0.5195,-2.0734,1,0
2024-09-03,sh.600637,27.76072419,28.03068261,27.62574498,27.8957034,27.62574498,10717550,66349215.54,0.3188,0.9772,1,0
2024-09-04,sh.600637,27.76072419,27.98568954,27.58075191,27.67073805,27.8957034,10683327,65912091.79,0.3178,-0.8065,1,0
2024-09-05,sh.600637,27.80571726,28.16566182,27.67073805,28.07567568,27.67073805,11019279,68561290.67,0.3278,1.4634,1,0
2024-09-06,sh.600637,28.16566182,28.3456341,27.8957034,27.98568954,28.07567568,9953263,62165580.88,0.2961,-0.3205,1,0
2024-09-09,sh.600637,27.98568954,28.39062717,27.85071033,28.07567568,27.98568954,13650962,85343325.1,0.406,0.3215,1,0
2024-09-10,sh.600637,28.16566182,28.25564796,27.4457727,28.21065489,28.07567568,13750699,85041245.81,0.409,0.4808,1,0
2024-09-11,sh.600637,28.07567568,28.12066875,27.49076577,27.67073805,28.21065489,9665979,59617398.08,0.2875,-1.9139,1,0
2024-09-12,sh.600637,27.58075191,28.12066875,27.58075191,27.85071033,27.67073805,11046781,68506606.75,0.3286,0.6504,1,0
2024-09-13,sh.600637,28.03068261,28.07567568,27.76072419,27.80571726,27.85071033,9307147,57768531.69,0.2768,-0.1616,1,0
2024-09-18,sh.600637,28.3456341,28.61559252,27.49076577,27.80571726,27.80571726,19393697,120676919.95,0.5769,0.0,1,0
2024-09-19,sh.600637,27.80571726,28.3456341,27.4457727,28.12066875,27.80571726,17884602,111144370.55,0.532,1.1327,1,0
2024-09-20,sh.600637,28.16566182,28.39062717,27.94069647,28.25564796,28.12066875,13012253,81461616.45,0.3871,0.48,1,0
2024-09-23,sh.600637,28.3456341,28.48061331,28.12066875,28.43562024,28.25564796,10637679,67083926.03,0.3164,0.6369,1,0
2024-09-24,sh.600637,28.57059945,29.15550936,28.52560638,29.15550936,28.43562024,24725823,158654283.8,0.7355,2.5316,1,0
2024-09-25,sh.600637,29.51545392,30.28033611,29.38047471,29.6954262,29.15550936,39440034,262259703.7,1.1731,1.8519,1,0
2024-09-26,sh.600637,29.83040541,30.41531532,29.74041927,30.41531532,29.6954262,31555532,211116687.99,0.9386,2.4242,1,0
2024-09-27,sh.600637,30.64028067,31.31517672,30.55029453,31.09021137,30.41531532,32313228,222189471.31,0.9612,2.2189,1,0
2024-09-30,sh.600637,32.35001733,34.01476092,32.35001733,33.78979557,31.09021137,76021575,561640217.36,2.2613,8.6831,1,0
2024-10-08,sh.600637,37.16427582,37.16427582,34.01476092,35.0945946,33.78979557,103792023,818953575.78,3.0873,3.8615,1,0
2024-10-09,sh.600637,34.59967083,34.59967083,32.57498268,32.57498268,35.0945946,70853565,526138349.32,2.1075,-7.1795,1,0
2024-10-10,sh.600637,33.06990645,33.56483022,31.99007277,32.66496882,32.57498268,41022968,298992712.19,1.2202,0.2762,1,0
2024-10-11,sh.600637,32.75495496,33.02491338,31.85509356,32.21503812,32.66496882,34311061,247852208.61,1.0206,-1.3774,1,0
2024-10-14,sh.600637,32.26003119,32.66496882,31.58513514,32.26003119,32.21503812,33078927,235882863.96,0.9839,0.1397,1,0
2024-10-15,sh.600637,32.17004505,32.48499654,31.72011435,31.72011435,32.26003119,28646062,204222369.77,0.8521,-1.6736,1,0
2024-10-16,sh.600637,31.58513514,32.3950104,31.45015593,31.90008663,31.72011435,25875171,183757468.13,0.7697,0.5674,1,0
2024-10-17,sh.600637,31.9450797,32.26003119,31.58513514,31.58513514,31.90008663,22296254,158130219.14,0.6632,-0.9873,1,0
2024-10-18,sh.600637,31.63012821,32.61997575,31.31517672,32.12505198,31.58513514,38196713,271966719.44,1.1362,1.7094,1,0
2024-10-21,sh.600637,32.21503812,32.66496882,32.08005891,32.17004505,32.12505198,36253833,260717887.41,1.0784,0.1401,1,0
2024-10-22,sh.600637,32.17004505,33.2948718,32.17004505,32.57498268,32.17004505,38929955,282894568.52,1.158,1.2587,1,0
2024-10-23,sh.600637,32.44000347,33.15989259,32.30502426,32.8449411,32.57498268,33200529,241771871.63,0.9876,0.8287,1,0
2024-10-24,sh.600637,32.75495496,32.79994803,32.3950104,32.70996189,32.8449411,19524155,141353850.55,0.5807,-0.411,1,0
2024-10-25,sh.600637,32.70996189,33.60982329,32.61997575,33.51983715,32.70996189,40120877,295969812.14,1.1934,2.4759,1,0
2024-10-28,sh.600637,33.60982329,34.6446639,33.51983715,34.32971241,33.51983715,44682163,339749246.57,1.3291,2.4161,1,0
2024-10-29,sh.600637,34.91462232,35.00460846,33.69980943,33.78979557,34.32971241,38535035,292268309.72,1.1462,-1.5727,1,0
2024-10-30,sh.600637,33.65481636,34.23972627,33.51983715,34.14974013,33.78979557,29470007,222072327.94,0.8766,1.0652,1,0
2024-10-31,sh.600637,34.1947332,36.48937977,34.01476092,35.58951837,34.14974013,72759278,571290883.68,2.1642,4.2161,1,0
2024-11-01,sh.600637,35.63451144,35.81448372,34.37470548,35.04960153,35.58951837,43204479,335597117.7,1.2851,-1.5171,1,0
2024-11-04,sh.600637,34.95961539,36.26441442,34.95961539,35.76949065,35.04960153,51370177,407071758.77,1.528,2.0539,1,0
2024-11-05,sh.600637,35.85947679,37.07428968,35.58951837,36.8943174,35.76949065,68322728,554340376.85,2.0323,3.1447,1,0
2024-11-06,sh.600637,37.25426196,40.58374914,37.20926889,40.58374914,36.8943174,188805041,1683244394.35,5.616,10.0,1,0
2024-11-07,sh.600637,40.13381844,40.13381844,38.37908871,39.05398476,40.58374914,174377204,1510885731.71,5.1869,-3.7694,1,0
2024-11-08,sh.600637,39.18896397,41.30363826,38.87401248,39.50391546,39.05398476,130974731,1167164716.1,3.8959,1.1521,1,0
2024-11-11,sh.600637,39.5939016,40.58374914,39.41392932,39.95384616,39.50391546,102551116,911357020.24,3.0504,1.139,1,0
2024-11-12,sh.600637,40.26879765,40.26879765,38.15412336,38.42408178,39.95384616,87461874,758053099.43,2.6016,-3.8288,1,0
2024-11-13,sh.600637,38.37908871,39.90885309,38.2441095,39.1439709,38.42408178,72770667,633756139.25,2.1646,1.8735,1,0
2024-11-14,sh.600637,38.91900555,39.18896397,37.83917187,38.01914415,39.1439709,49991571,428141750.39,1.487,-2.8736,1,0
2024-11-15,sh.600637,37.7941788,38.42408178,37.47922731,37.61420652,38.01914415,43755392,369867234.29,1.3015,-1.0651,1,0
2024-11-18,sh.600637,38.01914415,38.46907485,37.11928275,37.43423424,37.61420652,51964513,435808282.81,1.5457,-0.4785,1,0
2024-11-19,sh.600637,37.3442481,37.47922731,36.26441442,37.16427582,37.43423424,44911469,367936404.21,1.3359,-0.7212,1,0
2024-11-20,sh.600637,37.20926889,38.46907485,36.93931047,38.06413722,37.16427582,52626450,441689837.1,1.5654,2.4213,1,0
2024-11-21,sh.600637,38.10913029,38.64904713,37.38924117,37.74918573,38.06413722,38500049,323884624.28,1.1452,-0.8274,1,0
2024-11-22,sh.600637,37.56921345,38.28910257,36.57936591,36.62435898,37.74918573,46249495,386376889.99,1.3757,-2.9797,1,0
2024-11-25,sh.600637,36.66935205,37.11928275,35.85947679,36.84932433,36.62435898,38567449,312191643.51,1.1472,0.6143,1,0
2024-11-26,sh.600637,36.80433126,37.20926889,36.39939363,36.48937977,36.84932433,27404424,223839543.06,0.8151,-0.9768,1,0
2024-11-27,sh.600637,36.39939363,38.01914415,35.90446986,37.92915801,36.48937977,55431984,455618802.17,1.6488,3.9457,1,0
2024-11-28,sh.600637,38.6940402,39.09897783,37.52422038,37.56921345,37.92915801,64630671,549448280.92,1.9224,-0.949,1,0
2024-11-29,sh.600637,37.3442481,37.7941788,36.66935205,37.3442481,37.56921345,50232175,416433310.87,1.4942,-0.5988,1,0
2024-12-02,sh.600637,37.20926889,38.10913029,37.16427582,37.83917187,37.3442481,38633527,324274394.68,1.1492,1.3253,1,0
2024-12-03,sh.600637,37.7941788,37.88416494,37.16427582,37.61420652,37.83917187,38770958,322677637.11,1.1532,-0.5945,1,0
2024-12-04,sh.600637,37.47922731,37.56921345,36.57936591,36.75933819,37.61420652,31862103,261584217.12,0.9477,-2.2727,1,0
2024-12-05,sh.600637,36.71434512,37.3442481,36.66935205,37.20926889,36.75933819,26403287,217905465.49,0.7854,1.224,1,0
2024-12-06,sh.600637,37.3442481,38.2441095,37.11928275,38.01914415,37.20926889,48071850,404210675.52,1.4299,2.1765,1,0
2024-12-09,sh.600637,38.01914415,38.46907485,37.29925503,37.61420652,38.01914415,34814643,292578422.8,1.0356,-1.0651,1,0
2024-12-10,sh.600637,38.37908871,38.51406792,37.47922731,37.56921345,37.61420652,38483894,325185946.01,1.1447,-0.1196,1,0
2024-12-11,sh.600637,37.7941788,38.87401248,37.7941788,38.46907485,37.56921345,61339965,523944850.95,1.8246,2.3952,1,0
2024-12-12,sh.600637,38.46907485,38.51406792,37.74918573,38.19911643,38.46907485,37981634,321426513.97,1.1298,-0.7018,1,0
2024-12-13,sh.600637,38.15412336,38.96399862,38.01914415,38.46907485,38.19911643,60195262,514929876.71,1.7905,0.7067,1,0
2024-12-16,sh.600637,38.6940402,38.82901941,37.88416494,38.2441095,38.46907485,44186300,375918813.51,1.3143,-0.5848,1,0
2024-12-17,sh.600637,38.10913029,38.10913029,36.84932433,37.02929661,38.2441095,39190219,324166206.42,1.1657,-3.1765,1,0
2024-12-18,sh.600637,37.20926889,37.61420652,36.93931047,37.11928275,37.02929661,24540028,203334706.84,0.7299,0.243,1,0
2024-12-19,sh.600637,37.02929661,37.38924117,36.35440056,37.25426196,37.11928275,26604147,218111727.6,0.7913,0.3636,1,0
2024-12-20,sh.600637,37.20926889,37.43423424,36.93931047,37.02929661,37.25426196,23414905,193154332.38,0.6965,-0.6039,1,0
2024-12-23,sh.600637,36.93931047,37.11928275,35.85947679,35.90446986,37.02929661,32633099,263325160.36,0.9707,-3.0377,1,0
2024-12-24,sh.600637,36.08444214,36.21942135,35.72449758,36.03944907,35.90446986,21950219,175350578.86,0.6529,0.3759,1,0
2024-12-25,sh.600637,35.94946293,36.21942135,35.22957381,36.08444214,36.03944907,31524379,249741024.67,0.9377,0.1248,1,0
2024-12-26,sh.600637,36.08444214,36.39939363,35.45453916,35.5445253,36.08444214,24310113,193805949.34,0.7231,-1.4963,1,0
2024-12-27,sh.600637,35.45453916,36.26441442,35.22957381,35.85947679,35.5445253,25076600,200468544.3,0.7459,0.8861,1,0
2024-12-30,sh.600637,35.72449758,36.08444214,35.31955995,35.90446986,35.85947679,17071441,135924756.34,0.5078,0.1255,1,0
2024-12-31,sh.600637,35.90446986,36.21942135,34.86962925,34.91462232,35.90446986,26058305,205013539.17,0.7751,-2.7569,1,0
2025-01-02,sh.600637,34.91462232,35.22957381,33.60982329,33.87978171,34.91462232,33238522,254522577.92,0.9887,-2.9639,1,0
2025-01-03,sh.600637,34.01476092,34.14974013,32.8449411,33.02491338,33.87978171,32939995,243963451.97,0.9798,-2.5232,1,0
2025-01-06,sh.600637,32.97992031,33.24987873,32.48499654,32.8449411,33.02491338,21107944,153741998.37,0.6279,-0.545,1,0
2025-01-07,sh.600637,32.8449411,33.02491338,32.48499654,32.97992031,32.8449411,19513653,142101316.04,0.5804,0.411,1,0
2025-01-08,sh.600637,32.8449411,33.24987873,32.12505198,32.61997575,32.97992031,22469404,162901700.4,0.6684,-1.0914,1,0
2025-01-09,sh.600637,32.48499654,33.11489952,32.3950104,32.57498268,32.61997575,19878386,144854394.82,0.5913,-0.1379,1,0
2025-01-10,sh.600637,32.52998961,32.75495496,31.99007277,32.03506584,32.57498268,14334851,103168533.02,0.4264,-1.6575,1,0
2025-01-13,sh.600637,31.81010049,32.12505198,31.58513514,31.85509356,32.03506584,16999470,120213771.22,0.5057,-0.5618,1,0
2025-01-14,sh.600637,31.99007277,32.93492724,31.85509356,32.79994803,31.85509356,22739625,164290215.12,0.6764,2.9661,1,0
2025-01-15,sh.600637,32.8449411,33.06990645,32.61997575,32.88993417,32.79994803,18605901,135774750.31,0.5534,0.2743,1,0
2025-01-16,sh.600637,32.79994803,33.7448025,32.79994803,32.93492724,32.88993417,19435423,143506965.54,0.5781,0.1368,1,0
2025-01-17,sh.600637,32.75495496,33.11489952,32.48499654,32.88993417,32.93492724,14353251,104764573.05,0.4269,-0.1366,1,0
2025-01-20,sh.600637,33.15989259,33.47484408,32.88993417,33.02491338,32.88993417,15622098,115087565.13,0.4647,0.4104,1,0
2025-01-21,sh.600637,33.06990645,33.24987873,32.70996189,33.02491338,33.02491338,12256086,89648093.17,0.3646,0.0,1,0
2025-01-22,sh.600637,32.88993417,32.93492724,32.48499654,32.75495496,33.02491338,12825178,93168783.63,0.3815,-0.8174,1,0
2025-01-23,sh.600637,33.11489952,33.51983715,32.97992031,33.11489952,32.75495496,21850817,161328953.83,0.65,1.0989,1,0
2025-01-24,sh.600637,33.06990645,33.7448025,33.02491338,33.51983715,33.11489952,20024092,148750249.84,0.5956,1.2228,1,0
2025-01-27,sh.600637,33.60982329,33.96976785,33.38485794,33.42985101,33.51983715,18850745,141136505.74,0.5607,-0.2685,1,0
2025-02-05,sh.600637,33.51983715,33.83478864,33.42985101,33.69980943,33.42985101,18525471,138534214.83,0.551,0.8075,1,0
2025-02-06,sh.600637,33.7448025,37.07428968,33.7448025,35.63451144,33.69980943,100042908,797997495.63,2.9758,5.741,1,0
2025-02-07,sh.600637,35.18458074,35.81448372,35.0945946,35.58951837,35.63451144,47729293,376690559.46,1.4197,-0.1263,1,0
2025-02-10,sh.600637,35.90446986,37.43423424,35.90446986,37.3442481,35.58951837,68882189,563342643.77,2.0489,4.9305,1,0
2025-02-11,sh.600637,37.11928275,37.25426196,36.12943521,36.75933819,37.3442481,53535217,434666465.76,1.5924,-1.5663,1,0
2025-02-12,sh.600637,36.48937977,37.16427582,36.4443867,36.71434512,36.75933819,37428188,306488654.93,1.1133,-0.1224,1,0
2025-02-13,sh.600637,36.84932433,37.16427582,36.39939363,36.80433126,36.71434512,35233801,288389879.63,1.048,0.2451,1,0
2025-02-14,sh.600637,36.84932433,36.98430354,36.26441442,36.8943174,36.80433126,31135998,253762029.2,0.9261,0.2445,1,0
2025-02-17,sh.600637,36.93931047,37.29925503,36.4443867,36.66935205,36.8943174,35587508,291262275.32,1.0586,-0.6098,1,0
2025-02-18,sh.600637,36.75933819,36.75933819,35.36455302,35.45453916,36.66935205,40426131,323134169.87,1.2025,-3.3129,1,0
2025-02-19,sh.600637,35.45453916,35.81448372,35.40954609,35.76949065,35.45453916,22213703,176058581.45,0.6607,0.8883,1,0
2025-02-20,sh.600637,35.63451144,35.81448372,35.36455302,35.36455302,35.76949065,20466160,161561399.58,0.6088,-1.1321,1,0
2025-02-21,sh.600637,35.5445253,36.35440056,35.22957381,36.21942135,35.36455302,30077695,239979795.11,0.8947,2.4173,1,0
2025-02-24,sh.600637,38.55906099,39.32394318,37.25426196,37.29925503,36.21942135,117134734,990085508.46,3.4842,2.9814,1,0
2025-02-25,sh.600637,36.8943174,37.25426196,36.21942135,36.30940749,37.29925503,58008111,471359992.37,1.7255,-2.6538,1,0
2025-02-26,sh.600637,36.26441442,36.66935205,36.17442828,36.30940749,36.30940749,43121525,348469650.58,1.2827,0.0,1,0
2025-02-27,sh.600637,36.39939363,36.53437284,35.63451144,35.994456,36.30940749,36758041,294649453.45,1.0934,-0.8674,1,0
2025-02-28,sh.600637,35.67950451,35.90446986,34.59967083,34.68965697,35.994456,36868173,288400701.44,1.0966,-3.625,1,0
2025-03-03,sh.600637,34.77964311,34.91462232,34.32971241,34.50968469,34.68965697,23610823,181978279.11,0.7023,-0.5188,1,0
2025-03-04,sh.600637,34.41969855,34.82463618,34.32971241,34.82463618,34.50968469,14737699,113579547.67,0.4384,0.9126,1,0
2025-03-05,sh.600637,34.68965697,35.27456688,34.37470548,35.13958767,34.82463618,24394826,188815868.59,0.7256,0.9044,1,0
2025-03-06,sh.600637,35.22957381,37.70419266,35.22957381,36.75933819,35.13958767,84030870,683370081.86,2.4995,4.6095,1,0
2025-03-07,sh.600637,38.19911643,38.6940402,36.48937977,36.62435898,36.75933819,124774964,1046587934.84,3.7114,-0.3672,1,0
2025-03-10,sh.600637,36.35440056,36.66935205,35.40954609,35.63451144,36.62435898,62531402,498482560.76,1.86,-2.7027,1,0
2025-03-11,sh.600637,35.18458074,35.94946293,35.13958767,35.81448372,35.63451144,34455971,272870747.9,1.0249,0.5051,1,0
2025-03-12,sh.600637,36.30940749,38.42408178,36.30940749,37.56921345,35.81448372,98372944,819899045.14,2.9261,4.8995,1,0
2025-03-13,sh.600637,37.16427582,37.29925503,36.08444214,36.4443867,37.56921345,55221102,448985362.37,1.6426,-2.994,1,0
2025-03-14,sh.600637,36.4443867,36.8943174,35.94946293,36.57936591,36.4443867,49908178,404811083.33,1.4845,0.3704,1,0
2025-03-17,sh.600637,36.57936591,36.71434512,36.26441442,36.39939363,36.57936591,31149007,252012089.41,0.9265,-0.492,1,0
2025-03-18,sh.600637,36.4443867,36.71434512,36.17442828,36.39939363,36.39939363,27496541,222451026.4,0.8179,0.0,1,0
2025-03-19,sh.600637,36.26441442,36.35440056,35.85947679,35.994456,36.39939363,24664573,197404027.86,0.7336,-1.1125,1,0
2025-03-20,sh.600637,35.94946293,36.03944907,35.5445253,35.58951837,35.994456,23197221,184330014.49,0.69,-1.125,1,0
2025-03-21,sh.600637,35.49953223,35.72449758,35.0945946,35.18458074,35.58951837,28339832,222880912.06,0.843,-1.1378,1,0
2025-03-24,sh.600637,35.31955995,35.58951837,34.86962925,35.36455302,35.18458074,31537162,246911975.44,0.9381,0.5115,1,0
2025-03-25,sh.600637,35.45453916,35.58951837,35.00460846,35.45453916,35.36455302,19021007,149106749.05,0.5658,0.2545,1,0
2025-03-26,sh.600637,35.36455302,35.63451144,35.36455302,35.40954609,35.45453916,14720989,116033051.85,0.4379,-0.1269,1,0
2025-03-27,sh.600637,35.31955995,35.49953223,34.95961539,35.31955995,35.40954609,13885438,108876271.02,0.413,-0.2541,1,0
2025-03-28,sh.600637,35.27456688,35.5445253,35.00460846,35.36455302,35.31955995,16622624,130483955.37,0.4944,0.1274,1,0
2025-03-31,sh.600637,35.13958767,35.27456688,34.32971241,34.68965697,35.36455302,25672450,197910133.03,0.7636,-1.9084,1,0
2025-04-01,sh.600637,34.6446639,34.86962925,34.50968469,34.6446639,34.68965697,16219287,125056563.94,0.4824,-0.1297,1,0
2025-04-02,sh.600637,34.59967083,34.95961539,34.55467776,34.86962925,34.6446639,11740661,90936933.19,0.3492,0.6494,1,0
2025-04-03,sh.600637,34.6446639,35.18458074,34.50968469,35.00460846,34.86962925,15865589,123311717.17,0.4719,0.3871,1,0
2025-04-07,sh.600637,33.7448025,33.78979557,31.495149,31.495149,35.00460846,48767403,350453796.12,1.4506,-10.0257,1,0
2025-04-08,sh.600637,31.58513514,32.30502426,31.54014207,32.08005891,31.495149,30331727,215107499.73,0.9022,1.8571,1,0
2025-04-09,sh.600637,31.54014207,33.02491338,31.31517672,32.61997575,32.08005891,36491364,260931461.5,1.0854,1.683,1,0
2025-04-10,sh.600637,32.8449411,33.33986487,32.66496882,33.02491338,32.61997575,24318867,178708492.78,0.7234,1.2414,1,0
2025-04-11,sh.600637,32.93492724,33.42985101,32.79994803,33.06990645,33.02491338,17962598,132275324.71,0.5343,0.1362,1,0
2025-04-14,sh.600637,33.38485794,33.47484408,33.11489952,33.33986487,33.06990645,15987879,118371120.22,0.4756,0.8163,1,0
2025-04-15,sh.600637,33.33986487,33.56483022,33.11489952,33.15989259,33.33986487,13468424,99524534.7,0.4006,-0.5398,1,0
2025-04-16,sh.600637,33.06990645,33.38485794,32.75495496,33.15989259,33.15989259,13347476,98035195.85,0.397,0.0,1,0
2025-04-17,sh.600637,33.02491338,33.38485794,32.88993417,33.15989259,33.15989259,13040024,96286325.16,0.3879,0.0,1,0
2025-04-18,sh.600637,33.15989259,33.42985101,32.97992031,33.33986487,33.15989259,10324352,76154380.4,0.3071,0.5427,1,0
2025-04-21,sh.600637,33.20488566,33.38485794,32.97992031,33.33986487,33.33986487,16148999,119190890.09,0.4804,0.0,1,0
2025-04-22,sh.600637,33.33986487,33.56483022,33.24987873,33.47484408,33.33986487,16840752,124998385.37,0.5009,0.4049,1,0
2025-04-23,sh.600637,33.56483022,33.83478864,33.24987873,33.2948718,33.47484408,14108390,104944455.05,0.4197,-0.5376,1,0
2025-04-24,sh.600637,33.24987873,33.33986487,32.8449411,33.02491338,33.2948718,15136720,111278829.86,0.4502,-0.8108,1,0
2025-04-25,sh.600637,33.11489952,33.33986487,33.02491338,33.06990645,33.02491338,12171556,89706940.08,0.362,0.1362,1,0
2025-04-28,sh.600637,33.15989259,33.20488566,32.61997575,32.93492724,33.06990645,12391428,90523422.44,0.3686,-0.4082,1,0
2025-04-29,sh.600637,32.79994803,33.24987873,32.66496882,33.15989259,32.93492724,11736076,86369924.09,0.3491,0.6831,1,0
2025-04-30,sh.600637,33.20488566,33.42985101,33.06990645,33.11489952,33.15989259,14142994,104418607.19,0.4207,-0.1357,1,0
2025-05-06,sh.600637,33.2948718,33.60982329,33.15989259,33.56483022,33.11489952,19466965,144690072.17,0.579,1.3587,1,0
2025-05-07,sh.600637,33.7448025,33.87978171,33.33986487,33.42985101,33.56483022,17073118,127219455.49,0.5078,-0.4021,1,0
2025-05-08,sh.600637,33.47484408,33.60982329,33.38485794,33.51983715,33.42985101,13978411,104104342.92,0.4158,0.2692,1,0
2025-05-09,sh.600637,33.56483022,33.56483022,33.11489952,33.11489952,33.51983715,14526759,107300042.19,0.4321,-1.2081,1,0
2025-05-12,sh.600637,33.33986487,33.38485794,33.11489952,33.33986487,33.11489952,11566843,85602509.5,0.3441,0.6793,1,0
2025-05-13,sh.600637,33.38485794,33.65481636,33.15989259,33.20488566,33.33986487,17189041,127437796.91,0.5113,-0.4049,1,0
2025-05-14,sh.600637,33.20488566,33.56483022,32.97992031,33.33986487,33.20488566,18458313,136312708.91,0.549,0.4065,1,0
2025-05-15,sh.600637,33.33986487,33.33986487,32.97992031,33.02491338,33.33986487,15216509,112079709.01,0.4526,-0.9447,1,0
2025-05-16,sh.600637,32.97992031,33.11489952,32.8449411,32.97992031,33.02491338,11166956,81826097.24,0.3322,-0.1362,1,0
2025-05-19,sh.600637,32.97992031,33.42985101,32.93492724,33.33986487,32.97992031,16699799,123303542.95,0.4967,1.0914,1,0
2025-05-20,sh.600637,33.33986487,33.56483022,33.15989259,33.47484408,33.33986487,14372915,106736660.48,0.4275,0.4049,1,0
2025-05-21,sh.600637,33.47484408,33.47484408,33.24987873,33.33986487,33.47484408,10661762,78981593.03,0.3171,-0.4032,1,0
2025-05-22,sh.600637,33.2948718,33.38485794,33.02491338,33.11489952,33.33986487,12337633,91044315.42,0.367,-0.6748,1,0
2025-05-23,sh.600637,33.15989259,33.24987873,32.61997575,32.61997575,33.11489952,15965909,116922555.28,0.4749,-1.4946,1,0
2025-05-26,sh.600637,32.61997575,32.97992031,32.61997575,32.93492724,32.61997575,12220146,89030763.99,0.3635,0.9655,1,0
2025-05-27,sh.600637,32.88993417,32.93492724,32.66496882,32.8449411,32.93492724,7865631,57337302.51,0.234,-0.2732,1,0
2025-05-28,sh.600637,32.88993417,32.93492724,32.70996189,32.79994803,32.8449411,7498530,54678624.83,0.223,-0.137,1,0
2025-05-29,sh.600637,32.75495496,33.20488566,32.70996189,33.15989259,32.79994803,12482404,91693101.72,0.3713,1.0974,1,0
2025-05-30,sh.600637,33.15989259,33.20488566,32.88993417,32.93492724,33.15989259,14777553,108419532.34,0.4396,-0.6784,1,0
2025-06-03,sh.600637,32.8449411,33.7448025,32.75495496,33.33986487,32.93492724,21716911,161344695.44,0.646,1.2295,1,0
2025-06-04,sh.600637,33.33986487,33.47484408,33.20488566,33.33986487,33.33986487,14109490,104510189.89,0.4197,0.0,1,0
2025-06-05,sh.600637,33.2948718,33.87978171,33.2948718,33.87978171,33.33986487,27767828,207654783.18,0.826,1.6194,1,0
2025-06-06,sh.600637,33.7448025,33.83478864,33.42985101,33.51983715,33.87978171,15225463,113609580.45,0.4529,-1.0624,1,0
2025-06-09,sh.600637,33.60982329,33.69980943,33.47484408,33.51983715,33.51983715,14071734,105040409.95,0.4186,0.0,1,0
2025-06-10,sh.600637,33.51983715,33.60982329,33.11489952,33.38485794,33.51983715,18183425,134771434.42,0.5409,-0.4027,1,0
2025-06-11,sh.600637,33.38485794,33.87978171,33.2948718,33.78979557,33.38485794,23587579,176699931.6,0.7016,1.2129,1,0
2025-06-12,sh.600637,33.83478864,34.14974013,33.69980943,34.05975399,33.78979557,23001810,173710563.9,0.6842,0.7989,1,0
2025-06-13,sh.600637,33.96976785,34.05975399,33.33986487,33.38485794,34.05975399,18813475,140280124.41,0.5596,-1.9815,1,0
2025-06-16,sh.600637,33.33986487,33.69980943,33.33986487,33.56483022,33.38485794,13869939,103246352.46,0.4126,0.5391,1,0
2025-06-17,sh.600637,33.51983715,33.69980943,33.33986487,33.60982329,33.56483022,13071158,97346641.44,0.3888,0.134,1,0
2025-06-18,sh.600637,33.51983715,33.51983715,33.11489952,33.15989259,33.60982329,12815674,94750046.82,0.3812,-1.3387,1,0
2025-06-19,sh.600637,33.15989259,33.24987873,32.8449411,32.88993417,33.15989259,14136704,103724682.34,0.4205,-0.8141,1,0
2025-06-20,sh.600637,32.97992031,33.11489952,32.66496882,32.66496882,32.88993417,13100286,95480730.24,0.3897,-0.684,1,0
2025-06-23,sh.600637,32.57498268,32.8449411,32.48499654,32.66496882,32.66496882,11750785,85272479.06,0.3495,0.0,1,0
2025-06-24,sh.600637,32.75495496,33.20488566,32.75495496,33.06990645,32.66496882,18191041,133663805.44,0.5411,1.2397,1,0
2025-06-25,sh.600637,33.20488566,33.51983715,33.06990645,33.51983715,33.06990645,22364505,165363541.81,0.6652,1.3605,1,0
2025-06-26,sh.600637,33.51983715,33.69980943,33.33986487,33.56483022,33.51983715,18719624,139581734.78,0.5568,0.1342,1,0
2025-06-27,sh.600637,33.56483022,33.78979557,33.51983715,33.60982329,33.56483022,16309761,121994952.22,0.4851,0.134,1,0
2025-06-30,sh.600637,33.56483022,33.7448025,33.38485794,33.60982329,33.60982329,18401246,137315265.94,0.5473,0.0,1,0
2025-07-01,sh.600637,33.69980943,33.78979557,33.42985101,33.51983715,33.60982329,13433995,100174328.7,0.3996,-0.2677,1,0
2025-07-02,sh.600637,33.51983715,33.60982329,33.38485794,33.51983715,33.51983715,12722390,94690831.07,0.3784,0.0,1,0
2025-07-03,sh.600637,33.51983715,33.7448025,33.42985101,33.51983715,33.51983715,11912008,88741893.11,0.3543,0.0,1,0
2025-07-04,sh.600637,33.51983715,33.65481636,33.42985101,33.47484408,33.51983715,16493518,122933811.49,0.4906,-0.1342,1,0
2025-07-07,sh.600637,33.42985101,33.7448025,33.38485794,33.69980943,33.47484408,15037367,112329795.25,0.4473,0.672,1,0
2025-07-08,sh.600637,33.69980943,33.92477478,33.65481636,33.87978171,33.69980943,16953104,127457326.65,0.5043,0.534,1,0
2025-07-09,sh.600637,33.87978171,34.10474706,33.7448025,33.96976785,33.87978171,26037066,196583416.21,0.7745,0.2656,1,0
2025-07-10,sh.600637,33.87978171,34.14974013,33.87978171,34.10474706,33.96976785,17898112,135265004.93,0.5324,0.3974,1,0
2025-07-11,sh.600637,34.14974013,34.55467776,34.05975399,34.50968469,34.10474706,35796726,273308896.57,1.0648,1.1873,1,0
2025-07-14,sh.600637,34.46469162,34.55467776,33.87978171,34.01476092,34.50968469,33114435,250672990.59,0.985,-1.4342,1,0
2025-07-15,sh.600637,33.96976785,34.01476092,33.56483022,33.69980943,34.01476092,22959025,172223222.41,0.6829,-0.9259,1,0
2025-07-16,sh.600637,33.88421295,35.0367372,33.69980907,34.1147178,33.69980907,37985989,282207289.62,1.1299,1.2312,1,0
2025-07-17,sh.600637,34.71403041,35.68215078,34.39132362,34.99063623,34.1147178,62973652,478697095.31,1.8732,2.5676,1,0
2025-07-18,sh.600637,34.94453526,35.17504011,34.76013138,35.12893914,34.99063623,31236928,236965398.34,0.9291,0.3953,1,0
2025-07-21,sh.600637,34.94453526,35.54384787,34.89843429,35.31334302,35.12893914,37671213,288050027.85,1.1205,0.5249,1,0
2025-07-22,sh.600637,35.31334302,36.74247309,35.26724205,36.32756436,35.31334302,91206783,716241040.72,2.713,2.8721,1,0
2025-07-23,sh.600637,36.14316048,36.37366533,35.82045369,35.86655466,36.32756436,48068558,375943252.17,1.4298,-1.269,1,0
2025-07-24,sh.600637,35.9587566,36.28146339,35.86655466,36.05095854,35.86655466,35895580,280727829.52,1.0677,0.5141,1,0
2025-07-25,sh.600637,36.18926145,36.78857406,35.91265563,36.51196824,36.05095854,43065444,339490137.74,1.281,1.2788,1,0
2025-07-28,sh.600637,36.55806921,37.01907891,36.28146339,36.37366533,36.51196824,48101793,381451119.63,1.4308,-0.3788,1,0
2025-07-29,sh.600637,36.28146339,36.32756436,35.72825175,36.28146339,36.37366533,39789183,311102608.69,1.1835,-0.2535,1,0
2025-07-30,sh.600637,36.28146339,36.55806921,35.91265563,36.18926145,36.28146339,31717120,249476922.44,0.9434,-0.2541,1,0
2025-07-31,sh.600637,36.05095854,36.18926145,35.35944399,35.4977469,36.18926145,32557827,252001739.35,0.9684,-1.9108,1,0
2025-08-01,sh.600637,35.45164593,35.82045369,35.35944399,35.77435272,35.4977469,22623188,174454648.79,0.6729,0.7792,1,0
2025-08-04,sh.600637,35.4977469,35.68215078,35.35944399,35.63604981,35.77435272,21539140,165860327.33,0.6407,-0.3866,1,0
2025-08-05,sh.600637,35.72825175,36.55806921,35.4977469,35.86655466,35.63604981,41142631,321275216.52,1.2238,0.6468,1,0
2025-08-06,sh.600637,35.86655466,35.86655466,35.45164593,35.82045369,35.86655466,26578176,205581606.9,0.7906,-0.1285,1,0
2025-08-07,sh.600637,35.72825175,36.37366533,35.68215078,36.32756436,35.82045369,36535167,285703290.84,1.0867,1.4157,1,0
2025-08-08,sh.600637,36.32756436,36.69637212,35.9587566,36.23536242,36.32756436,37341839,293731505.59,1.1107,-0.2538,1,0
2025-08-11,sh.600637,36.4197663,36.69637212,36.23536242,36.37366533,36.23536242,28302457,223877206.53,0.8419,0.3817,1,0
2025-08-12,sh.600637,36.32756436,36.46586727,36.18926145,36.23536242,36.37366533,20643305,162438340.68,0.614,-0.3802,1,0
2025-08-13,sh.600637,36.32756436,36.60417018,36.14316048,36.28146339,36.23536242,31668166,249681137.3,0.942,0.1272,1,0
2025-08-14,sh.600637,36.32756436,36.83467503,35.91265563,36.00485757,36.28146339,41135457,324847132.8,1.2236,-0.7624,1,0
2025-08-15,sh.600637,35.9587566,37.24958376,35.91265563,36.880776,36.00485757,54557503,434139101.8,1.6228,2.4328,1,0
2025-08-18,sh.600637,36.880776,37.61839152,36.78857406,37.20348279,36.880776,62980361,509408327.6,1.8734,0.875,1,0
2025-08-19,sh.600637,37.3417857,37.52618958,37.11128085,37.38788667,37.20348279,41289116,334192178.51,1.2281,0.4957,1,0
2025-08-20,sh.600637,37.29568473,37.57229055,36.97297794,37.52618958,37.38788667,41818223,338372662.34,1.2439,0.3699,1,0
2025-08-21,sh.600637,37.61839152,40.15394487,37.57229055,39.27802644,37.52618958,115617661,989885964.23,3.4391,4.6683,1,0
2025-08-22,sh.600637,40.98376233,43.19660889,40.43055069,43.19660889,39.27802644,114413361,1063290019.2,3.4032,9.9765,1,0
2025-08-25,sh.600637,44.2569312,44.7179409,41.30646912,41.53697397,43.19660889,251625947,2328645323.8,7.4846,-3.842,1,0
2025-08-26,sh.600637,41.35257009,43.42711374,41.35257009,42.18238755,41.53697397,164258347,1508180575.91,4.8859,1.5538,1,0
2025-08-27,sh.600637,41.90578173,42.32069046,40.47665166,40.47665166,42.18238755,111486660,1002296565.39,3.3162,-4.0437,1,0
2025-08-28,sh.600637,41.26036815,42.32069046,40.93766136,42.09018561,40.47665166,123743735,1119106319.15,3.6808,3.9863,1,0
2025-08-29,sh.600637,42.13628658,42.13628658,40.75325748,40.84545942,42.09018561,82999333,743650042.32,2.4688,-2.9573,1,0
2025-09-01,sh.600637,41.21426718,41.90578173,40.84545942,41.72137785,40.84545942,64307610,579322746.92,1.9128,2.1445,1,0
2025-09-02,sh.600637,41.53697397,41.81357979,40.47665166,40.70715651,41.72137785,65875929,583811011.27,1.9595,-2.4309,1,0
2025-09-03,sh.600637,40.93766136,41.0298633,39.1858245,39.41632935,40.70715651,57191256,495189554.04,1.7012,-3.171,1,0
2025-09-04,sh.600637,39.46243032,39.60073323,38.03330025,38.58651189,39.41632935,51720120,436409176.6,1.5384,-2.1053,1,0
2025-09-05,sh.600637,38.58651189,38.7248148,37.98719928,38.67871383,38.58651189,45349181,377080702.08,1.3489,0.2389,1,0
2025-09-08,sh.600637,38.63261286,39.73903614,38.44820898,39.69293517,38.67871383,44159435,375095051.01,1.3135,2.6222,1,0
2025-09-09,sh.600637,42.4128924,42.68949822,39.83123808,40.70715651,39.69293517,180940213,1610103330.6,5.3821,2.5552,1,0
2025-09-10,sh.600637,39.78513711,40.43055069,39.09362256,39.32412741,40.70715651,98253029,842458232.64,2.9225,-3.3975,1,0
2025-09-11,sh.600637,39.1858245,40.29224778,38.35600704,40.06174293,39.32412741,83785842,717480883.59,2.4922,1.8757,1,0
2025-09-12,sh.600637,40.01564196,40.84545942,39.96954099,40.20004584,40.06174293,63160030,552764512.13,1.8787,0.3452,1,0
2025-09-15,sh.600637,40.20004584,40.43055069,39.37022838,40.15394487,40.20004584,46301889,400502755.96,1.3773,-0.1147,1,0
2025-09-16,sh.600637,39.92344002,40.24614681,39.55463226,39.78513711,40.15394487,40630709,351126991.25,1.2086,-0.9185,1,0
2025-09-17,sh.600637,39.78513711,39.78513711,39.27802644,39.46243032,39.78513711,32684785,279798264.34,0.9722,-0.8111,1,0
2025-09-18,sh.600637,39.46243032,40.75325748,38.90921868,39.37022838,39.46243032,66690897,575543043.99,1.9837,-0.2336,1,0
2025-09-19,sh.600637,39.09362256,39.60073323,38.7248148,39.32412741,39.37022838,41322548,351264934.6,1.2291,-0.1171,1,0
2025-09-22,sh.600637,39.13972353,40.33834875,38.49430995,39.46243032,39.32412741,55546413,471915836.09,1.6522,0.3517,1,0
2025-09-23,sh.600637,40.1116416,41.78102784,38.4886272,41.13182208,39.46243584,98014821,846534515.58,2.9155,4.2303,1,0
2025-09-24,sh.600637,40.94633472,45.25891584,40.57536,45.25891584,41.13182208,165909569,1575258850.39,4.935,10.0338,1,0
2025-09-25,sh.600637,46.65007104,47.9948544,44.2851072,45.76900608,45.25891584,321577704,3187178093.66,9.5654,1.127,1,0
2025-09-26,sh.600637,45.4444032,47.48476416,45.16617216,45.4444032,45.76900608,168891975,1676127747.69,5.0237,-0.7092,1,0
2025-09-29,sh.600637,45.81537792,48.690432,45.72263424,47.0674176,45.4444032,167373793,1705537699.92,4.9785,3.5714,1,0
2025-09-30,sh.600637,47.02104576,47.9948544,46.37184,47.80936704,47.0674176,138373314,1413071734.02,4.1159,1.5764,1,0
2025-10-09,sh.600637,48.2267136,48.41220096,46.6036992,46.74281472,47.80936704,140775757,1430389802.64,4.1874,-2.2308,1,0
2025-10-10,sh.600637,46.78918656,47.11378944,45.6762624,45.95449344,46.74281472,113377797,1127739114.71,3.3724,-1.6865,1,0
2025-10-13,sh.600637,44.19236352,45.35165952,44.053248,44.47059456,45.95449344,85425891,821516715.57,2.541,-3.2291,1,0
2025-10-14,sh.600637,44.42422272,44.79519744,42.75483648,42.94032384,44.47059456,83722215,789562170.12,2.4903,-3.4411,1,0
2025-10-15,sh.600637,42.98669568,43.54315776,42.75483648,43.21855488,42.94032384,50884959,473357884.93,1.5136,0.6479,1,0
2025-10-16,sh.600637,43.40404224,43.40404224,42.47660544,42.6620928,43.21855488,48420326,446893095.76,1.4403,-1.2876,1,0
2025-10-17,sh.600637,42.56934912,42.80120832,41.2709376,41.31730944,42.6620928,54378149,491729215.37,1.6175,-3.1522,1,0
2025-10-20,sh.600637,41.734656,42.47660544,41.45642496,41.9665152,41.31730944,48491983,440451824.27,1.4424,1.5713,1,0
2025-10-21,sh.600637,42.01288704,42.38386176,41.82739968,42.1983744,41.9665152,33248614,302564469.87,0.989,0.5525,1,0
2025-10-22,sh.600637,42.24474624,43.1258112,42.05925888,42.38386176,42.1983744,58346193,535454214.22,1.7355,0.4396,1,0
2025-10-23,sh.600637,42.1983744,42.24474624,41.54916864,41.9665152,42.38386176,42438692,382870415.45,1.2623,-0.9847,1,0
2025-10-24,sh.600637,42.15200256,42.47660544,41.87377152,42.33748992,41.9665152,40161286,365388634.67,1.1946,0.884,1,0
2025-10-27,sh.600637,42.56934912,43.07943936,42.38386176,42.47660544,42.33748992,43081548,396431094.36,1.2815,0.3286,1,0
2025-10-28,sh.600637,42.47660544,42.70846464,41.9665152,42.05925888,42.47660544,37182691,339443269.78,1.106,-0.9825,1,0
2025-10-29,sh.600637,42.15200256,42.24474624,41.734656,42.15200256,42.05925888,35175372,318650342.2,1.0463,0.2205,1,0
2025-10-30,sh.600637,42.24474624,43.45041408,41.54916864,42.56934912,42.15200256,73440218,671348247.95,2.1845,0.9901,1,0
2025-10-31,sh.600637,42.29111808,46.78918656,42.15200256,44.9806848,42.56934912,161115852,1547367925.96,4.7924,5.6645,1,0
2025-11-03,sh.600637,46.37184,49.47875328,45.76900608,49.47875328,44.9806848,200966840,2110036955.56,5.9778,10.0,1,0
2025-11-04,sh.600637,50.35981824,50.35981824,48.27308544,48.87591936,49.47875328,283642753,3012726274.96,8.437,-1.2184,1,0
2025-11-05,sh.600637,47.7629952,49.75698432,47.2992768,49.1541504,48.87591936,174112409,1831142346.2,5.179,0.5693,1,0
2025-11-06,sh.600637,48.31945728,48.96866304,47.16016128,47.25290496,49.1541504,151998324,1560927829.61,4.5212,-3.8679,1,0
2025-11-07,sh.600637,47.25290496,47.39202048,46.1399808,46.46458368,47.25290496,89040592,894901171.45,2.6485,-1.6683,1,0
2025-11-10,sh.600637,46.6036992,46.92830208,46.04723712,46.09360896,46.46458368,68025709,679527063.97,2.0234,-0.7984,1,0
2025-11-11,sh.600637,46.37184,47.25290496,45.95449344,46.6036992,46.09360896,91433317,921364045.22,2.7197,1.1066,1,0
2025-11-12,sh.600637,46.41821184,46.6036992,45.212544,45.9081216,46.6036992,75192918,742269037.77,2.2366,-1.4925,1,0
2025-11-13,sh.600637,45.76900608,46.23272448,45.6762624,46.00086528,45.9081216,47038441,466357052.63,1.3992,0.202,1,0
2025-11-14,sh.600637,45.72263424,48.04122624,45.53714688,47.16016128,46.00086528,123352997,1253699373.78,3.6691,2.5202,1,0
2025-11-17,sh.600637,46.88193024,47.34564864,46.46458368,46.78918656,47.16016128,64961123,655526771.95,1.9323,-0.7866,1,0
2025-11-18,sh.600637,46.55732736,48.2267136,46.32546816,46.92830208,46.78918656,92931891,947093583.61,2.7643,0.2973,1,0
2025-11-19,sh.600637,46.46458368,46.8355584,45.212544,45.53714688,46.92830208,79194074,783823090.44,2.3556,-2.9644,1,0
2025-11-20,sh.600637,45.72263424,45.76900608,44.42422272,44.5169664,45.53714688,61669281,596458212.13,1.8344,-2.2403,1,0
2025-11-21,sh.600637,44.00687616,45.02705664,42.6620928,42.84758016,44.5169664,72224773,679445142.96,2.1483,-3.75,1,0
2025-11-24,sh.600637,43.21855488,44.47059456,42.80120832,44.053248,42.84758016,65139616,612287779.58,1.9376,2.8139,1,0
2025-11-25,sh.600637,43.96050432,46.18635264,43.72864512,45.39803136,44.053248,90616923,884267138.39,2.6954,3.0526,1,0
2025-11-26,sh.600637,45.35165952,46.09360896,45.02705664,45.16617216,45.39803136,65138410,638864475.52,1.9375,-0.5107,1,0
2025-11-27,sh.600637,45.07342848,45.39803136,44.33147904,44.33147904,45.16617216,48729658,471798447.12,1.4495,-1.848,1,0
2025-11-28,sh.600637,44.2851072,45.11980032,44.00687616,45.07342848,44.33147904,38547226,370884651.0,1.1466,1.6736,1,0
2025-12-01,sh.600637,47.0674176,48.59768832,46.65007104,46.69644288,45.07342848,126524529,1290808082.74,3.7635,3.6008,1,0
2025-12-02,sh.600637,47.16016128,47.2992768,45.58351872,45.62989056,46.69644288,57023904,565484110.31,1.6962,-2.284,1,0
2025-12-03,sh.600637,45.58351872,46.09360896,44.93431296,44.9806848,45.62989056,43714154,427005940.05,1.3003,-1.4228,1,0
2025-12-04,sh.600637,45.16617216,46.78918656,45.07342848,45.81537792,44.9806848,78664656,778324204.2,2.3399,1.8557,1,0
2025-12-05,sh.600637,45.76900608,46.8355584,45.35165952,46.69644288,45.81537792,79044474,790547662.86,2.3512,1.9231,1,0
2025-12-08,sh.600637,46.88193024,48.41220096,46.88193024,47.25290496,46.69644288,112414860,1154670113.27,3.3438,1.1917,1,0
2025-12-09,sh.600637,46.74281472,47.25290496,46.23272448,46.27909632,47.25290496,61488562,617744828.08,1.829,-2.0608,1,0
2025-12-10,sh.600637,45.95449344,47.0674176,45.53714688,46.09360896,46.27909632,63186220,629209877.79,1.8795,-0.4008,1,0
2025-12-11,sh.600637,46.1399808,46.18635264,44.5169664,44.60971008,46.09360896,65300413,634789458.51,1.9424,-3.2193,1,0
2025-12-12,sh.600637,44.56333824,45.86174976,44.47059456,45.25891584,44.60971008,46969154,457558106.29,1.3971,1.4553,1,0
2025-12-15,sh.600637,45.07342848,45.07342848,43.77501696,43.86776064,45.25891584,50912564,484832966.99,1.5144,-3.0738,1,0
2025-12-16,sh.600637,43.8213888,43.8213888,42.05925888,42.10563072,43.86776064,54711954,502163861.92,1.6274,-4.0169,1,0
2025-12-17,sh.600637,42.05925888,42.56934912,41.734656,42.47660544,42.10563072,37065736,336887535.72,1.1025,0.8811,1,0
2025-12-18,sh.600637,42.15200256,43.68227328,42.10563072,42.893952,42.47660544,40628390,376249777.26,1.2085,0.9825,1,0
2025-12-19,sh.600637,42.893952,43.68227328,42.6620928,43.49678592,42.893952,36438127,340315323.06,1.0839,1.4054,1,0
2025-12-22,sh.600637,43.49678592,43.68227328,43.26492672,43.3576704,43.49678592,30512060,286235119.56,0.9076,-0.3198,1,0
2025-12-23,sh.600637,43.17218304,43.3576704,42.52297728,42.6620928,43.3576704,30984052,286308048.79,0.9216,-1.6043,1,0
2025-12-24,sh.600637,42.4302336,43.91413248,42.4302336,43.72864512,42.6620928,44747616,418052603.88,1.331,2.5,1,0
2025-12-25,sh.600637,43.49678592,44.053248,43.3576704,43.86776064,43.72864512,35166180,330779009.06,1.046,0.3181,1,0
2025-12-26,sh.600637,43.91413248,44.88794112,43.5895296,43.72864512,43.86776064,50355351,478998169.7,1.4978,-0.3171,1,0
2025-12-29,sh.600637,43.8213888,47.0674176,43.8213888,46.27909632,43.72864512,118804521,1165834123.71,3.5339,5.8324,1,0
2025-12-30,sh.600637,45.9081216,45.9081216,44.84156928,44.84156928,46.27909632,68249182,666801333.54,2.0301,-3.1062,1,0
2025-12-31,sh.600637,44.7488256,46.27909632,44.60971008,45.6762624,44.84156928,68410757,669825533.24,2.0349,1.8614,1,0
