date,code,open,high,low,close,preclose,volume,amount,turn,pctChg,tradestatus,isST
2021-01-04,sh.601615,19.39890604,20.49237256,19.236911,20.24938,19.21666162,52846724,1046206990.73,5.3753,5.3741,1,0
2021-01-05,sh.601615,20.19875655,20.23925531,19.47990356,19.98613806,20.24938,45793772,899959407.12,4.6579,-1.3,1,0
2021-01-06,sh.601615,19.92538992,20.02663682,18.8319234,19.63177391,19.98613806,45083737,862953412.44,4.5857,-1.773,1,0
2021-01-07,sh.601615,19.63177391,20.37087628,19.20653693,19.77351957,19.63177391,70633014,1375710265.9,7.1844,0.722,1,0
2021-01-08,sh.601615,20.0468862,20.22913062,18.27506545,18.57880615,19.77351957,73889537,1381417523.16,7.5157,-6.042,1,0
2021-01-11,sh.601615,18.88254685,18.88254685,17.7182075,18.19406793,18.57880615,50774055,909931882.74,5.1645,-2.0708,1,0
2021-01-12,sh.601615,18.224442,18.98379375,18.224442,18.80154933,18.19406793,38220056,705641724.26,3.8876,3.3389,1,0
2021-01-13,sh.601615,18.9331703,19.66214798,18.78129995,19.24703569,18.80154933,44713416,851519257.09,4.548,2.3694,1,0
2021-01-14,sh.601615,19.32803321,19.59127515,18.4269358,18.45730987,19.24703569,34693477,643650216.08,3.5288,-4.1031,1,0
2021-01-15,sh.601615,18.48768394,19.08504065,18.224442,19.05466658,18.45730987,29581025,545396196.9,3.0088,3.2364,1,0
2021-01-18,sh.601615,18.74080119,20.71511574,18.63955429,20.41137504,19.05466658,62700576,1237197917.34,6.3776,7.1201,1,0
2021-01-19,sh.601615,20.32025283,20.5531207,19.28753445,19.49002825,20.41137504,60358404,1178001967.4,6.1394,-4.5139,1,0
2021-01-20,sh.601615,19.29765914,20.24938,19.07491596,19.87476647,19.49002825,47815599,936544353.88,4.8636,1.974,1,0
2021-01-21,sh.601615,19.87476647,21.85920571,19.8443924,21.85920571,19.87476647,57963689,1212446977.1,5.8958,9.9847,1,0
2021-01-22,sh.601615,22.45656242,23.0842932,21.9705773,22.66918091,21.85920571,84264840,1876123970.44,8.571,3.7054,1,0
2021-01-25,sh.601615,23.50953018,24.46125104,22.7805525,23.17541541,22.66918091,94120521,2197673893.97,9.5735,2.2331,1,0
2021-01-26,sh.601615,23.34753514,24.06638813,22.76030312,23.35765983,23.17541541,67899029,1575004668.66,6.9064,0.7864,1,0
2021-01-27,sh.601615,23.4892808,24.43087697,22.99317099,23.97526592,23.35765983,65777236,1539919842.85,6.6905,2.6441,1,0
2021-01-28,sh.601615,22.66918091,22.8817994,21.57571439,21.57571439,23.97526592,82329090,1797099167.42,8.3741,-10.0084,1,0
2021-01-29,sh.601615,21.5655897,21.7680835,19.75327019,20.4518738,21.57571439,72232250,1477496583.22,7.3471,-5.2088,1,0
2021-02-01,sh.601615,20.50249725,21.40359466,20.41137504,20.7556145,20.4518738,57272617,1179725263.7,5.8255,1.4851,1,0
2021-02-02,sh.601615,21.27197369,21.68708598,20.76573919,21.64658722,20.7556145,45764187,964841165.15,4.6549,4.2927,1,0
2021-02-03,sh.601615,21.77820819,22.15282172,21.19097617,21.19097617,21.64658722,42199124,900816171.59,4.2923,-2.1048,1,0
2021-02-04,sh.601615,21.32259714,21.81870695,20.78598857,21.38334528,21.19097617,39153164,826057370.35,3.9825,0.9078,1,0
2021-02-05,sh.601615,21.53521563,21.61621315,19.75327019,19.77351957,21.38334528,58318043,1177595149.6,5.9318,-7.5284,1,0
2021-02-08,sh.601615,19.98613806,20.84673671,19.85451709,20.5531207,19.77351957,34104896,687260950.14,3.469,3.9427,1,0
2021-02-09,sh.601615,20.6543676,21.65671191,20.62399353,21.41371935,20.5531207,39577933,835121951.48,4.0257,4.1872,1,0
2021-02-10,sh.601615,21.41371935,21.74783412,20.81636264,21.4643428,21.41371935,39098866,825010290.61,3.9769,0.2364,1,0
2021-02-18,sh.601615,22.29456738,22.84130064,21.87945509,22.28444269,21.4643428,55069084,1213527328.37,5.6014,3.8208,1,0
2021-02-19,sh.601615,22.16294641,23.53990425,21.94020323,23.52977956,22.28444269,52898510,1189882811.06,5.2742,5.5884,1,0
2021-02-22,sh.601615,23.84364495,24.16763503,22.61855746,22.93242285,23.52977956,52106297,1198091997.88,5.1946,-2.5387,1,0
2021-02-23,sh.601615,23.20578948,23.65127584,22.12244765,23.35765983,22.93242285,42195045,955666723.11,4.2066,1.8543,1,0
2021-02-24,sh.601615,23.00329568,23.13491665,21.94020323,22.38568959,23.35765983,36571746,811532889.08,3.6459,-4.1612,1,0
2021-02-25,sh.601615,22.4768118,22.4768118,21.261849,21.27197369,22.38568959,31635180,674996311.99,3.1538,-4.9751,1,0
2021-02-26,sh.601615,20.56324539,21.21122555,20.40125035,20.76573919,21.27197369,24206199,498476589.06,2.4132,-2.3798,1,0
2021-03-01,sh.601615,20.26962938,21.07960458,20.20888124,20.96823299,20.76573919,29136845,595290574.26,2.8959,0.9751,1,0
2021-03-02,sh.601615,21.29222307,21.6668366,20.82648733,21.57571439,20.96823299,32004832,673598978.58,3.1809,2.8972,1,0
2021-03-03,sh.601615,21.261849,21.41371935,20.83661202,21.38334528,21.57571439,20816088,435946007.7,2.0689,-0.8916,1,0
2021-03-04,sh.601615,21.19097617,21.4643428,20.39112566,20.6543676,21.38334528,26404101,539993507.14,2.6243,-3.4091,1,0
2021-03-05,sh.601615,20.03676151,20.05701089,18.85217278,19.30778383,20.6543676,38826413,747605948.49,3.8589,-6.5196,1,0
2021-03-08,sh.601615,19.34828259,19.39890604,17.43471618,17.48533963,19.30778383,56028804,1018409562.59,5.5687,-9.4389,1,0
2021-03-09,sh.601615,17.49546432,17.62708529,16.31087559,16.88798292,17.48533963,37798578,638101661.01,3.6739,-3.4163,1,0
2021-03-10,sh.601615,17.28284583,17.5157137,17.07022734,17.23222238,16.88798292,26239225,448674293.14,2.5504,2.0384,1,0
2021-03-11,sh.601615,17.46509025,17.95107537,17.4144668,17.93082599,17.23222238,24788900,434230651.99,2.4094,4.0541,1,0
2021-03-12,sh.601615,18.20419262,18.5281827,17.82957909,18.41681111,17.93082599,26189763,470343907.89,2.5456,2.7103,1,0
2021-03-15,sh.601615,18.07257165,18.1231951,17.46509025,17.9207013,18.41681111,21702637,381984268.37,2.1094,-2.6938,1,0
2021-03-16,sh.601615,17.83970378,18.18394324,17.39421742,17.53596308,17.9207013,19438159,340042360.24,1.8893,-2.1469,1,0
2021-03-17,sh.601615,17.53596308,17.89032723,17.19172362,17.80932971,17.53596308,17747196,309836946.38,1.725,1.5589,1,0
2021-03-18,sh.601615,18.0219482,18.47755925,17.65745936,18.47755925,17.80932971,26176715,466942161.39,2.5443,3.7521,1,0
2021-03-19,sh.601615,18.08269634,19.18628755,18.0219482,18.72055181,18.47755925,35114296,650032807.34,3.413,1.3151,1,0
2021-03-22,sh.601615,19.0344172,19.4394048,18.90279623,19.1356641,18.72055181,25610114,484914515.86,2.419,2.2174,1,0
2021-03-23,sh.601615,19.27740976,19.36853197,18.86229747,19.16603817,19.1356641,20130449,380087720.91,1.9014,0.1587,1,0
2021-03-24,sh.601615,19.00404313,19.236911,18.31556421,18.44718518,19.16603817,21241560,390831448.17,2.0064,-3.7507,1,0
2021-03-25,sh.601615,18.224442,18.5281827,17.8194544,18.224442,18.44718518,13841295,249161118.4,1.3074,-1.2075,1,0
2021-03-26,sh.601615,18.51805801,19.8443924,18.43706049,19.21666162,18.224442,39340290,749755421.49,3.7159,5.4444,1,0
2021-03-29,sh.601615,19.12553941,19.4394048,18.69017774,18.78129995,19.21666162,25902188,485401129.79,2.4466,-2.2655,1,0
2021-03-30,sh.601615,18.0219482,18.24469138,17.34359397,18.00169882,18.78129995,40000409,704578257.44,3.7783,-4.1509,1,0
2021-03-31,sh.601615,18.10294572,18.17381855,17.39421742,17.66758405,18.00169882,19368636,338275935.0,1.8295,-1.856,1,0
2021-04-01,sh.601615,17.72833219,17.83970378,17.45496556,17.62708529,17.66758405,14278299,248320226.95,1.3487,-0.2292,1,0
2021-04-02,sh.601615,17.60683591,17.60683591,16.95885575,17.22209769,17.62708529,24590599,419749282.08,2.3227,-2.2975,1,0
2021-04-06,sh.601615,17.43471618,17.89032723,17.40434211,17.77895564,17.22209769,19913055,348537482.65,1.8809,3.2334,1,0
2021-04-07,sh.601615,17.90045192,18.00169882,17.47521494,17.58658653,17.77895564,18434520,321516493.75,1.7413,-1.082,1,0
2021-04-08,sh.601615,17.77895564,17.94095068,17.32334459,17.4144668,17.58658653,20273926,351064096.25,1.915,-0.9787,1,0
2021-04-09,sh.601615,17.4144668,17.42459149,16.79686071,17.1107261,17.4144668,24392293,411919926.71,2.304,-1.7442,1,0
2021-04-12,sh.601615,17.10060141,17.211973,16.84748416,16.99935451,17.1107261,16710606,280638464.38,1.5784,-0.6509,1,0
2021-04-13,sh.601615,16.94873106,17.06010265,16.65511505,16.72598788,16.99935451,13275451,220306132.91,1.2539,-1.6081,1,0
2021-04-14,sh.601615,16.7057385,17.26259645,16.66523974,17.09047672,16.72598788,14825602,249553816.46,1.4004,2.1792,1,0
2021-04-15,sh.601615,16.82723478,16.84748416,16.44249656,16.65511505,17.09047672,19574321,320769533.84,1.8489,-2.5474,1,0
2021-04-16,sh.601615,16.63486567,17.02972858,16.6044916,16.98922982,16.65511505,14800725,245909648.87,1.398,2.0061,1,0
2021-04-19,sh.601615,17.02972858,17.44484087,16.94873106,17.34359397,16.98922982,17536352,299503192.99,1.6564,2.0858,1,0
2021-04-20,sh.601615,17.30309521,17.56633715,17.16134955,17.18159893,17.34359397,16215633,277754904.32,1.5317,-0.934,1,0
2021-04-21,sh.601615,17.16134955,17.23222238,16.77661133,16.92848168,17.18159893,15056216,252170428.37,1.4222,-1.4732,1,0
2021-04-22,sh.601615,16.9082323,17.07022734,16.76648664,16.87785823,16.92848168,11948109,199750101.7,1.1286,-0.299,1,0
2021-04-23,sh.601615,16.88798292,17.17147424,16.73611257,17.07022734,16.87785823,15740451,263887386.83,1.4868,1.1398,1,0
2021-04-26,sh.601615,17.08035203,17.36384335,16.75636195,16.79686071,17.07022734,18603471,313829490.21,1.7572,-1.6014,1,0
2021-04-27,sh.601615,16.8069854,17.0094792,16.47287063,16.93860637,16.79686071,16423057,271881150.48,1.5513,0.8439,1,0
2021-04-28,sh.601615,17.12085079,18.1231951,17.06010265,17.95107537,16.93860637,37766099,659873005.39,3.5672,5.9773,1,0
2021-04-29,sh.601615,18.09282103,18.17381855,17.65745936,17.8194544,17.95107537,17323835,304595063.96,1.6363,-0.7332,1,0
2021-04-30,sh.601615,17.3132199,18.10294572,17.1107261,17.96120006,17.8194544,24161174,426286331.88,2.2822,0.7955,1,0
2021-05-06,sh.601615,18.01182351,18.46743456,16.9082323,17.1107261,17.96120006,30724116,529403557.2,2.9021,-4.7351,1,0
2021-05-07,sh.601615,17.12085079,17.4144668,16.71586319,17.33346928,17.1107261,21748058,365800547.33,2.0542,1.3018,1,0
2021-05-10,sh.601615,17.0094792,17.15122486,15.82489047,15.88563861,17.33346928,34694900,556617064.88,3.2771,-8.3528,1,0
2021-05-11,sh.601615,15.68314481,15.84513985,15.11616217,15.77426702,15.88563861,20834710,319005370.73,1.968,-0.7011,1,0
2021-05-12,sh.601615,15.52114977,15.67302012,15.36927942,15.51102508,15.77426702,14760445,225588032.77,1.3942,-1.6688,1,0
2021-05-13,sh.601615,15.52114977,15.97676082,15.46040163,15.50090039,15.51102508,17319574,268645298.17,1.6359,-0.0653,1,0
2021-05-14,sh.601615,15.56164853,15.71351888,15.23765845,15.58189791,15.50090039,19099652,291615293.49,1.8041,0.5225,1,0
2021-05-17,sh.601615,15.7945164,17.1107261,15.75401764,16.93860637,15.58189791,44775183,735266962.97,4.2293,8.707,1,0
2021-05-18,sh.601615,15.91601268,16.38174842,15.30853128,15.58189791,16.93860637,79860196,1240714485.35,5.423,-8.0096,1,0
2021-05-19,sh.601615,15.40977818,15.67302012,15.20728438,15.52114977,15.58189791,24312267,371247828.77,1.651,-0.3899,1,0
2021-05-20,sh.601615,15.6932695,15.97676082,15.53127446,15.62239667,15.52114977,32243350,499057595.02,2.1895,0.6523,1,0
2021-05-21,sh.601615,15.91601268,15.98688551,15.30853128,15.43002756,15.62239667,33022221,506821920.76,2.2424,-1.2314,1,0
2021-05-24,sh.601615,15.44015225,15.48065101,14.9845412,15.14653624,15.43002756,28160394,420932988.37,1.9123,-1.8373,1,0
2021-05-25,sh.601615,15.12628686,15.43002756,14.82254616,15.2882819,15.14653624,34024826,508894935.84,2.3105,0.9358,1,0
2021-05-26,sh.601615,15.14653624,15.31865597,14.92379306,15.06553872,15.2882819,26671603,398508786.93,1.8112,-1.457,1,0
2021-05-27,sh.601615,15.04528934,15.5920226,15.02503996,15.5920226,15.06553872,40351570,615572001.69,2.7401,3.4946,1,0
2021-05-28,sh.601615,15.63252136,15.63252136,15.30853128,15.3895288,15.5920226,26021830,396347302.37,1.7671,-1.2987,1,0
2021-05-31,sh.601615,15.5920226,15.94638675,15.40977818,15.87551392,15.3895288,36101156,559945092.75,2.4515,3.1579,1,0
2021-06-01,sh.601615,15.72364357,15.84513985,15.45027694,15.67302012,15.87551392,25323129,390376555.83,1.7196,-1.2755,1,0
2021-06-02,sh.601615,15.75459675,15.7647939,15.0713877,15.16316205,15.67301955,32687833,492621110.65,2.2197,-3.2531,1,0
2021-06-03,sh.601615,15.16316205,15.38749935,14.89803615,15.12237345,15.16316205,22183067,328932283.58,1.5064,-0.269,1,0
2021-06-04,sh.601615,15.04079625,15.2345421,14.93882475,15.0509934,15.12237345,15996554,236414315.71,1.0863,-0.472,1,0
2021-06-07,sh.601615,15.14276775,15.16316205,14.32699575,14.51054445,15.0509934,36892910,530391867.78,2.5053,-3.5908,1,0
2021-06-08,sh.601615,14.53093875,14.69409315,14.22502425,14.34739005,14.51054445,27731236,391767461.71,1.8831,-1.1244,1,0
2021-06-09,sh.601615,14.3575872,14.9694162,14.34739005,14.7450789,14.34739005,28742554,414839862.42,1.9518,2.7719,1,0
2021-06-10,sh.601615,14.85724755,15.77499105,14.77567035,15.53025945,14.7450789,55333071,838723862.73,3.7575,5.325,1,0
2021-06-11,sh.601615,15.7240053,15.73420245,15.3976965,15.5200623,15.53025945,28219427,431057796.1,1.9163,-0.0657,1,0
2021-06-15,sh.601615,15.8667654,16.2542571,15.55065375,15.61183665,15.5200623,32150964,499538117.7,2.1833,0.5913,1,0
2021-06-16,sh.601615,15.48947085,16.0503141,15.42828795,15.6628224,15.61183665,30672127,474437223.6,2.0828,0.3266,1,0
2021-06-17,sh.601615,15.6628224,16.0299198,15.6016395,15.93814545,15.6628224,24386990,379981863.92,1.656,1.7578,1,0
2021-06-18,sh.601615,15.9891312,15.9891312,15.6016395,15.9483426,15.93814545,23791475,368702652.61,1.6156,0.064,1,0
2021-06-21,sh.601615,15.91775115,16.2950457,15.81577965,16.16248275,15.9483426,31068680,491141709.19,2.1098,1.3427,1,0
2021-06-22,sh.601615,16.24405995,16.2542571,15.67301955,15.73420245,16.16248275,25022680,388032247.63,1.6992,-2.6498,1,0
2021-06-23,sh.601615,15.7443996,16.10129985,15.65262525,16.0095255,15.73420245,23638872,367816616.88,1.6052,1.7498,1,0
2021-06-24,sh.601615,16.26445425,17.08022625,16.08090555,16.77431175,16.0095255,57983135,949994469.62,3.9374,4.7771,1,0
2021-06-25,sh.601615,16.75391745,17.12101485,16.519383,16.6417488,16.77431175,41677675,686477002.27,2.8302,-0.7903,1,0
2021-06-28,sh.601615,16.723326,17.26377495,16.6825374,16.8864804,16.6417488,33103723,549904372.97,2.248,1.4706,1,0
2021-06-29,sh.601615,17.0292405,17.12101485,16.519383,16.73352315,16.8864804,27864053,458533784.73,1.8922,-0.9058,1,0
2021-06-30,sh.601615,16.85588895,16.85588895,16.3766229,16.50918585,16.73352315,22204640,359456701.19,1.5078,-1.3406,1,0
2021-07-01,sh.601615,16.4378058,16.69273455,15.8055825,15.85656825,16.50918585,27682620,439625897.83,1.8798,-3.9531,1,0
2021-07-02,sh.601615,15.83617395,16.20327135,15.703611,16.0095255,15.85656825,23738817,372493234.74,1.612,0.9646,1,0
2021-07-05,sh.601615,16.1726799,16.7029317,16.14208845,16.4378058,16.0095255,22540593,362546322.24,1.5307,2.6752,1,0
2021-07-06,sh.601615,16.42760865,16.48879155,15.9891312,16.42760865,16.4378058,20246062,321713407.56,1.3748,-0.062,1,0
2021-07-07,sh.601615,16.26445425,17.0700291,16.0707084,16.9068747,16.42760865,37302141,613322558.93,2.5331,2.9174,1,0
2021-07-08,sh.601615,17.0292405,17.48811225,16.927269,17.131212,16.9068747,41981588,709855419.15,2.8508,1.3269,1,0
2021-07-09,sh.601615,17.0292405,17.26377495,16.8252975,17.1720006,17.131212,28762718,479970180.46,1.9455,0.2381,1,0
2021-07-12,sh.601615,17.83481535,18.1917156,17.4371265,17.8654068,17.1720006,63604675,1113528486.46,4.3022,4.038,1,0
2021-07-13,sh.601615,17.8858011,19.01768475,17.71244955,18.99729045,17.8654068,68778766,1249861587.09,4.6522,6.3356,1,0
2021-07-14,sh.601615,18.9463047,19.3949793,18.56901015,18.5996016,18.99729045,69192853,1290680820.44,4.6802,-2.0934,1,0
2021-07-15,sh.601615,18.38546145,18.9870933,18.26309565,18.762756,18.5996016,39978010,731713971.62,2.7041,0.8772,1,0
2021-07-16,sh.601615,18.6607845,18.8443332,18.1713213,18.1917156,18.762756,42826830,774350318.9,2.8968,-3.0435,1,0
2021-07-19,sh.601615,18.35487,18.762756,17.99796975,18.30388425,18.1917156,36153334,652321299.64,2.4454,0.6166,1,0
2021-07-20,sh.601615,18.16112415,18.58940445,17.9877726,18.4568415,18.30388425,25465925,458736651.45,1.7225,0.8357,1,0
2021-07-21,sh.601615,18.558813,18.95650185,18.4364472,18.6403902,18.4568415,52916571,968241022.31,3.5793,0.9945,1,0
2021-07-22,sh.601615,18.6403902,19.1094591,18.52822155,18.97689615,18.6403902,54440289,1007580439.69,3.6823,1.8053,1,0
2021-07-23,sh.601615,18.966699,19.73148525,18.8239389,19.578528,18.97689615,62721208,1196863078.33,4.2425,3.1703,1,0
2021-07-26,sh.601615,19.7416824,20.26173705,18.42625005,18.9463047,19.578528,61958105,1172641495.54,4.1908,-3.2292,1,0
2021-07-27,sh.601615,19.2930078,20.8429746,19.2930078,19.6601052,18.9463047,107550469,2143142623.82,7.2747,3.7675,1,0
2021-07-28,sh.601615,19.6804995,20.34331425,18.36506715,19.50714795,19.6601052,84398098,1620178269.71,5.7087,-0.778,1,0
2021-07-29,sh.601615,19.85385105,21.414015,19.83345675,21.26105775,19.50714795,94766822,1936845027.84,6.41,8.9911,1,0
2021-07-30,sh.601615,20.91435465,22.5764901,20.85317175,21.9850554,21.26105775,93612870,2014116607.37,6.332,3.4053,1,0
2021-08-02,sh.601615,22.38274425,22.6988559,21.3120435,21.91367535,21.9850554,80857883,1736911222.25,5.4692,-0.3247,1,0
2021-08-03,sh.601615,21.9238725,22.26037845,20.3943,20.64922875,21.91367535,86974808,1789068100.92,5.883,-5.7701,1,0
2021-08-04,sh.601615,20.44528575,21.3120435,20.4146943,21.3120435,20.64922875,61943783,1272873573.65,4.1899,3.2099,1,0
2021-08-05,sh.601615,21.36302925,21.617958,20.60844015,20.9653404,21.3120435,55590999,1144469026.63,3.7602,-1.6268,1,0
2021-08-06,sh.601615,20.64922875,20.9041575,20.20055415,20.66962305,20.9653404,54141304,1088321316.27,3.6621,-1.4105,1,0
2021-08-09,sh.601615,20.9041575,20.9041575,19.58872515,19.9048368,20.66962305,69996665,1370843746.73,4.7346,-3.7,1,0
2021-08-10,sh.601615,19.9456254,20.802186,19.8640482,20.3127228,19.9048368,53873816,1076151056.6,3.644,2.0492,1,0
2021-08-11,sh.601615,20.5574544,20.9449461,20.09858265,20.7817917,20.3127228,47338366,956159893.21,3.202,2.3092,1,0
2021-08-12,sh.601615,20.9857347,21.36302925,20.30252565,20.5166658,20.7817917,42912922,871202464.13,2.9026,-1.2758,1,0
2021-08-13,sh.601615,20.30252565,20.85317175,20.11897695,20.4146943,20.5166658,40436843,809847692.19,2.7351,-0.497,1,0
2021-08-16,sh.601615,20.36370855,20.4146943,19.5377394,19.73148525,20.4146943,45214225,877371360.1,3.0583,-3.3467,1,0
2021-08-17,sh.601615,18.36506715,18.8035446,17.8450125,18.3344757,19.73148525,89340696,1603602623.69,6.043,-7.0801,1,0
2021-08-18,sh.601615,18.12033555,18.558813,17.946984,18.3140814,18.3344757,42167147,755808832.86,2.8522,-0.1112,1,0
2021-08-19,sh.601615,18.3344757,18.8647275,18.2121099,18.81374175,18.3140814,31964951,582748897.49,2.1621,2.7283,1,0
2021-08-20,sh.601615,19.2726135,19.52754225,18.87492465,19.48675365,18.81374175,52964056,1000956020.3,3.5825,3.5772,1,0
2021-08-23,sh.601615,19.73148525,21.4344093,19.7008938,21.4344093,19.48675365,91225554,1895936184.03,6.1705,9.9948,1,0
2021-08-24,sh.601615,21.6383523,22.89260175,21.4344093,21.97485825,21.4344093,130334682,2836745335.64,8.8158,2.5214,1,0
2021-08-25,sh.601615,22.87220745,22.9435875,21.9238725,22.48471575,21.97485825,74626751,1635080529.13,5.0477,2.3202,1,0
2021-08-26,sh.601615,22.54589865,22.79063025,22.0462383,22.23998415,22.48471575,57802687,1268963985.45,3.9098,-1.0884,1,0
2021-08-27,sh.601615,22.05643545,22.60708155,21.85249245,22.229787,22.23998415,45264041,989074780.81,3.0617,-0.0459,1,0
2021-08-30,sh.601615,22.6988559,22.841616,22.1278155,22.5968844,22.229787,67350984,1489152347.41,4.5556,1.6514,1,0
2021-08-31,sh.601615,22.44392715,23.3514735,22.43373,22.9231932,22.5968844,59901597,1340098201.42,4.0517,1.444,1,0
2021-09-01,sh.601615,22.48471575,22.637673,20.9857347,21.40381785,22.9231932,68788735,1463363093.99,4.6529,-6.6281,1,0
2021-09-02,sh.601615,21.32224065,23.54521935,21.22026915,23.54521935,21.40381785,71765634,1616266944.06,4.8542,10.0048,1,0
2021-09-03,sh.601615,24.93203175,25.900761,23.9633025,24.62611725,23.54521935,192109123,4759109432.37,12.9942,4.5907,1,0
2021-09-06,sh.601615,25.492875,25.492875,23.03536185,23.58600795,24.62611725,113684466,2667481536.44,7.6896,-4.2236,1,0
2021-09-07,sh.601615,23.62679655,24.25901985,23.42285355,23.64719085,23.58600795,79807005,1860910440.43,5.3981,0.2594,1,0
2021-09-08,sh.601615,24.11625975,24.56493435,23.2291077,23.42285355,23.64719085,87047474,2026475976.68,5.8879,-0.9487,1,0
2021-09-09,sh.601615,22.7804331,23.249502,22.3317585,22.5357015,23.42285355,68260561,1517115135.57,4.6171,-3.7875,1,0
2021-09-10,sh.601615,22.36234995,22.85181315,22.1686041,22.64787015,22.5357015,56765572,1254940575.83,3.8396,0.4977,1,0
2021-09-13,sh.601615,22.91299605,23.30048775,22.68865875,22.9639818,22.64787015,64583312,1456370354.45,4.3684,1.3958,1,0
2021-09-14,sh.601615,23.0047704,23.66758515,22.34195565,22.7396445,22.9639818,62672704,1417356341.88,4.2392,-0.9769,1,0
2021-09-15,sh.601615,22.43373,25.01360895,22.4133357,25.01360895,22.7396445,131458457,3129885175.24,8.8918,10.0,1,0
2021-09-16,sh.601615,24.66690585,26.1862812,24.4935543,25.1257776,25.01360895,125220093,3121885006.26,8.4699,0.4484,1,0
2021-09-17,sh.601615,24.9218346,27.60368505,24.9218346,26.97146175,25.1257776,110476835,2904424337.73,7.4726,7.3458,1,0
2021-09-22,sh.601615,27.328362,29.0414832,26.4921957,28.64379435,26.97146175,103703255,2844635974.08,7.0145,6.2004,1,0
2021-09-23,sh.601615,28.348077,28.4092599,26.4921957,26.52278715,28.64379435,101121915,2704800326.03,6.8399,-7.4048,1,0
2021-09-24,sh.601615,26.2066755,27.1448133,25.696818,26.3494356,26.52278715,71837769,1871242104.33,4.8591,-0.6536,1,0
2021-09-27,sh.601615,26.97146175,27.27737625,24.95242605,26.0639154,26.3494356,78044676,1997079540.99,5.2789,-1.0836,1,0
2021-09-28,sh.601615,25.93135245,27.6138822,25.900761,26.51259,26.0639154,63350671,1663547743.98,4.285,1.7214,1,0
2021-09-29,sh.601615,25.7987895,26.7777159,24.91163745,25.1257776,26.51259,60071260,1507769780.56,4.0632,-5.2308,1,0
2021-09-30,sh.601615,25.492875,25.5744522,24.269217,25.44188925,25.1257776,64024402,1573337211.62,4.3306,1.2581,1,0
2021-10-08,sh.601615,25.99253535,26.51259,23.7389652,24.3915828,25.44188925,66334492,1598700778.56,4.4869,-4.1283,1,0
2021-10-11,sh.601615,25.288932,25.7172123,24.32020275,25.44188925,24.3915828,90574800,2229471870.0,6.1265,4.306,1,0
2021-10-12,sh.601615,24.97282035,26.82870165,23.9225139,25.2685377,25.44188925,88092211,2178048885.39,5.9585,-0.6814,1,0
2021-10-13,sh.601615,24.89124315,26.25766125,24.1672455,25.91095815,25.2685377,65029819,1613138220.23,4.3986,2.5424,1,0
2021-10-14,sh.601615,25.492875,28.50103425,25.3909035,28.50103425,25.91095815,83129841,2245567739.96,5.6229,9.9961,1,0
2021-10-15,sh.601615,28.4500485,28.50103425,27.23658765,27.8994024,28.50103425,88666228,2424374382.59,5.9974,-2.1109,1,0
2021-10-18,sh.601615,28.4908371,29.3066091,27.9605853,28.76616015,27.8994024,96142854,2695867211.88,6.5031,3.1067,1,0
2021-10-19,sh.601615,28.348077,29.50035495,28.0013739,28.88852595,28.76616015,79050318,2231588017.11,5.347,0.4254,1,0
2021-10-20,sh.601615,28.7763573,30.0611982,28.55202,29.3473977,28.88852595,81857940,2362349336.49,5.5369,1.5884,1,0
2021-10-21,sh.601615,29.3270034,29.3270034,28.0421625,28.2257112,29.3473977,71397829,1985754537.68,4.8293,-3.8221,1,0
2021-10-22,sh.601615,28.1237397,28.5928086,27.54250215,27.70565655,28.2257112,50384410,1381960261.66,3.408,-1.8425,1,0
2021-10-25,sh.601615,28.23590835,29.4493692,27.7974309,29.35759485,27.70565655,76989922,2174019345.67,5.2076,5.9625,1,0
2021-10-26,sh.601615,29.571735,29.86745235,28.4500485,28.7151744,29.35759485,67721622,1932140868.69,4.5807,-2.1883,1,0
2021-10-27,sh.601615,28.90892025,31.00953315,28.56221715,30.6322386,28.7151744,115437877,3417195134.4,7.8082,6.6761,1,0
2021-10-28,sh.601615,30.11218395,32.27397975,30.07139535,31.3052505,30.6322386,107443515,3314868547.03,7.2675,2.1971,1,0
2021-10-29,sh.601615,31.611165,31.9578681,29.4493692,31.60096785,31.3052505,106050728,3211370251.81,7.1733,0.9446,1,0
2021-11-01,sh.601615,30.795393,31.7947137,30.1631697,30.5302671,31.60096785,99880213,3038879059.61,6.7559,-3.3882,1,0
2021-11-02,sh.601615,30.17336685,33.446652,29.6737065,32.5289085,30.5302671,114337865,3580130522.46,7.7338,6.5464,1,0
2021-11-03,sh.601615,32.6512743,33.8137494,31.00953315,32.07003675,32.5289085,104685499,3328727620.24,7.0809,-1.4107,1,0
2021-11-04,sh.601615,32.64107715,35.282139,32.64107715,35.282139,32.07003675,63053873,2140596628.21,4.265,10.0159,1,0
2021-11-05,sh.601615,36.505797,36.74033145,34.70090145,34.70090145,35.282139,141374011,4968712281.9,9.5625,-1.6474,1,0
2021-11-08,sh.601615,34.10946675,35.5676592,33.84434085,34.72129575,34.70090145,85720411,2913064950.24,5.7981,0.0588,1,0
2021-11-09,sh.601615,35.486082,36.097911,33.23251185,33.9565095,34.72129575,96023333,3234656739.01,6.495,-2.2026,1,0
2021-11-10,sh.601615,33.854538,33.854538,31.7947137,32.78383725,33.9565095,90434226,2899830934.75,6.117,-3.4535,1,0
2021-11-11,sh.601615,32.3453598,33.17132895,31.6723479,32.0802339,32.78383725,76038738,2407784655.87,5.1432,-2.1462,1,0
2021-11-12,sh.601615,32.0802339,33.82394655,31.7335308,33.650595,32.0802339,87231753,2821534521.2,5.9003,4.8951,1,0
2021-11-15,sh.601615,33.1407375,33.25290615,31.00953315,31.5499821,33.650595,87171253,2722684734.19,5.8963,-6.2424,1,0
2021-11-16,sh.601615,31.29505335,32.3453598,30.70361865,31.53978495,31.5499821,73351108,2283652680.55,4.9615,-0.0323,1,0
2021-11-17,sh.601615,31.53978495,34.1604525,31.53978495,33.45684915,31.53978495,93982601,3047554553.19,6.357,6.0782,1,0
2021-11-18,sh.601615,33.4670463,35.08839315,33.0795546,33.68118645,33.45684915,94308412,3156088305.08,6.379,0.6705,1,0
2021-11-19,sh.601615,33.59960925,34.90484445,33.17132895,34.3440012,33.68118645,65744930,2193127961.07,4.447,1.9679,1,0
2021-11-22,sh.601615,34.1604525,35.02721025,33.45684915,34.2420297,34.3440012,69607538,2322070196.79,4.7082,-0.2969,1,0
2021-11-23,sh.601615,33.96670665,33.9972981,32.13121965,32.426937,34.2420297,85165848,2743730431.61,5.7606,-5.3008,1,0
2021-11-24,sh.601615,32.13121965,32.82462585,31.3052505,31.9170795,32.426937,71569295,2237487920.74,4.8409,-1.5723,1,0
2021-11-25,sh.601615,31.7743194,32.07003675,30.8973645,31.33584195,31.9170795,49903810,1540793720.07,3.3755,-1.8211,1,0
2021-11-26,sh.601615,31.0401246,32.6104857,30.90756165,32.0394453,31.33584195,67332864,2094760206.89,4.5544,2.2454,1,0
2021-11-29,sh.601615,31.2848562,32.27397975,30.999336,31.6723479,32.0394453,43879620,1364650455.13,2.968,-1.1458,1,0
2021-11-30,sh.601615,32.09043105,32.6104857,31.0809132,32.49831705,31.6723479,59859776,1878241384.28,4.0489,2.6079,1,0
2021-12-01,sh.601615,32.09043105,32.2637826,30.2039583,30.7546044,32.49831705,76042334,2311694825.14,5.1435,-5.3655,1,0
2021-12-02,sh.601615,30.3059298,30.6934215,29.86745235,30.03060675,30.7546044,52324886,1551742833.61,3.5392,-2.3541,1,0
2021-12-03,sh.601615,30.05100105,30.54046425,29.33720055,30.3467184,30.03060675,54131274,1598332083.48,3.6614,1.0526,1,0
2021-12-06,sh.601615,30.72401295,31.25426475,29.88784665,29.8980438,30.3467184,49833856,1494327865.89,3.3708,-1.4785,1,0
2021-12-07,sh.601615,28.8579345,29.0618775,27.56289645,28.4908371,29.8980438,104531031,2899342834.07,7.0705,-4.7067,1,0
2021-12-08,sh.601615,29.0618775,29.54114355,28.6335972,28.84773735,28.4908371,55600202,1580041207.74,3.7608,1.2527,1,0
2021-12-09,sh.601615,28.8783288,29.15365185,28.55202,28.755963,28.84773735,37742235,1064942679.04,2.5529,-0.3181,1,0
2021-12-10,sh.601615,28.55202,29.0822718,28.4500485,28.66418865,28.755963,45392459,1281552883.77,3.0703,-0.3191,1,0
2021-12-13,sh.601615,28.58261145,29.4493692,28.3276827,28.90892025,28.66418865,60194239,1700132399.15,4.0715,0.8538,1,0
2021-12-14,sh.601615,28.90892025,29.6737065,28.70497725,28.755963,28.90892025,53012691,1512731638.13,3.5858,-0.5291,1,0
2021-12-15,sh.601615,28.25630265,29.1842433,28.144134,28.5724143,28.755963,46945592,1316170503.96,3.1754,-0.6383,1,0
2021-12-16,sh.601615,28.5316257,29.11286325,28.4296542,28.9191174,28.5724143,36591847,1034439027.37,2.4751,1.2134,1,0
2021-12-17,sh.601615,28.9191174,28.959906,27.66486795,27.72605085,28.9191174,56196844,1554194755.6,3.8011,-4.1255,1,0
2021-12-20,sh.601615,27.3895449,27.78723375,26.29844985,26.4514071,27.72605085,75698136,1992100626.57,5.1202,-4.5973,1,0
2021-12-21,sh.601615,26.52278715,27.0224475,26.35963275,26.716533,26.4514071,43194178,1129762091.33,2.9216,1.0023,1,0
2021-12-22,sh.601615,26.7573216,26.93067315,26.58397005,26.76751875,26.716533,32568470,855312398.85,2.2029,0.1908,1,0
2021-12-23,sh.601615,26.78791305,27.48131925,26.6757444,27.15501045,26.76751875,47009872,1250366259.57,3.1797,1.4476,1,0
2021-12-24,sh.601615,27.0224475,27.11422185,25.7987895,26.05371825,27.15501045,46261519,1194249183.98,3.1291,-4.0556,1,0
2021-12-27,sh.601615,25.91095815,26.6349558,25.7376066,25.82938095,26.05371825,30939726,793648771.49,2.0928,-0.8611,1,0
2021-12-28,sh.601615,26.3494356,26.7573216,25.8599724,26.5941672,25.82938095,42353526,1092733383.37,2.8648,2.9609,1,0
2021-12-29,sh.601615,26.80830735,27.3079677,25.95174675,26.03332395,26.5941672,53543669,1389238099.39,3.6217,-2.1089,1,0
2021-12-30,sh.601615,26.03332395,26.54318145,25.6764237,25.76819805,26.03332395,47487921,1210086444.58,3.2121,-1.0184,1,0
2021-12-31,sh.601615,26.0843097,26.86949025,26.05371825,26.6145615,25.76819805,66256423,1724254941.16,4.4816,3.2845,1,0
2022-01-04,sh.601615,26.6757444,26.7369273,25.084989,25.8803667,26.6145615,72275671,1820654379.73,4.8887,-2.7586,1,0
2022-01-05,sh.601615,25.80898665,26.03332395,24.677103,24.7178916,25.8803667,49535463,1218287937.11,3.3506,-4.4917,1,0
2022-01-06,sh.601615,24.48335715,24.87084885,24.3100056,24.52414575,24.7178916,44094261,1063616074.0,2.9825,-0.7838,1,0
2022-01-07,sh.601615,24.52414575,24.6974973,23.6777823,23.85113385,24.52414575,49217979,1160201130.74,3.3291,-2.7443,1,0
2022-01-10,sh.601615,23.6777823,23.9429082,23.3922621,23.68797945,23.85113385,32533090,755412464.32,2.2005,-0.6841,1,0
2022-01-11,sh.601615,23.8817253,24.11625975,22.8008274,22.85181315,23.68797945,47737487,1087166898.82,3.229,-3.5299,1,0
2022-01-12,sh.601615,23.23930485,23.89192245,23.05575615,23.81034525,22.85181315,46127070,1061524077.02,3.12,4.1946,1,0
2022-01-13,sh.601615,23.70837375,23.97349965,23.30048775,23.48403645,23.81034525,29089008,672444307.4,1.9676,-1.3704,1,0
2022-01-14,sh.601615,23.36167065,24.1060626,23.1679248,23.83073955,23.48403645,35927775,836010171.18,2.4301,1.4763,1,0
2022-01-17,sh.601615,23.4330507,23.6369937,22.89260175,23.25969915,23.83073955,44271779,1006917104.28,2.9945,-2.3962,1,0
2022-01-18,sh.601615,23.2698963,23.8409367,22.9639818,23.60640225,23.25969915,39561328,914853300.47,2.6759,1.4906,1,0
2022-01-19,sh.601615,23.46364215,23.657388,22.8212217,23.01496755,23.60640225,34485293,783935677.01,2.3326,-2.5054,1,0
2022-01-20,sh.601615,23.045559,23.8409367,22.95378465,23.249502,23.01496755,45490515,1043387461.84,3.077,1.0191,1,0
2022-01-21,sh.601615,23.3310792,24.5751315,22.841616,23.70837375,23.249502,83137323,1946708887.23,5.6234,1.9737,1,0
2022-01-24,sh.601615,23.46364215,24.5343429,23.3718678,24.32020275,23.70837375,65625383,1556500356.72,3.3943,2.5806,1,0
2022-01-25,sh.601615,24.5751315,25.54386075,24.0856683,24.8402574,24.32020275,88538517,2160727127.07,4.5794,2.1384,1,0
2022-01-26,sh.601615,25.27873485,26.2882527,25.0442004,25.78859235,24.8402574,97376730,2452151970.84,5.0366,3.8177,1,0
2022-01-27,sh.601615,25.82938095,25.82938095,24.68730015,24.9422289,25.78859235,63979056,1582650661.08,3.3092,-3.2819,1,0
2022-01-28,sh.601615,25.2685377,26.35963275,24.4935543,26.0639154,24.9422289,99357159,2504463192.15,5.139,4.4971,1,0
2022-02-07,sh.601615,26.6961387,26.8185045,25.62543795,26.0639154,26.0639154,66664346,1701827798.81,3.448,0.0,1,0
2022-02-08,sh.601615,25.8803667,26.3902242,24.7178916,25.95174675,26.0639154,71596970,1790003566.19,3.7032,-0.4304,1,0
2022-02-09,sh.601615,25.492875,25.76819805,25.23794625,25.64583225,25.95174675,48328658,1210462528.02,2.4997,-1.1788,1,0
2022-02-10,sh.601615,25.5948465,26.2066755,25.44188925,25.7783952,25.64583225,56414779,1431310073.49,2.9179,0.5169,1,0
2022-02-11,sh.601615,25.21755195,25.36031205,24.269217,24.29980845,25.7783952,66699436,1622346637.04,3.4499,-5.7358,1,0
2022-02-14,sh.601615,23.81034525,24.8198631,23.5554165,24.47316,24.29980845,44488642,1059101410.74,2.3011,0.7134,1,0
2022-02-15,sh.601615,24.7586802,25.84977525,24.3303999,25.8191838,24.47316,64806187,1610751806.69,3.3519,5.5,1,0
2022-02-16,sh.601615,25.8191838,25.9823382,25.3501149,25.5132693,25.8191838,44244674,1111265080.15,2.2884,-1.1848,1,0
2022-02-17,sh.601615,25.42149495,26.15568975,25.33991775,25.9823382,25.5132693,53771037,1366695859.87,2.7812,1.8385,1,0
2022-02-18,sh.601615,25.54386075,25.9211553,25.3705092,25.54386075,25.9823382,37549636,941484708.37,1.9422,-1.6876,1,0
2022-02-21,sh.601615,25.4112978,25.4316921,25.0034118,25.07479185,25.54386075,35561337,876254660.7,1.8393,-1.8363,1,0
2022-02-22,sh.601615,24.74848305,24.99321465,24.1876398,24.6159201,25.07479185,42878792,1032300277.64,2.2178,-1.83,1,0
2022-02-23,sh.601615,24.74848305,25.72740945,24.6974973,25.70701515,24.6159201,53156635,1328999129.85,2.7494,4.4325,1,0
2022-02-24,sh.601615,25.5948465,26.01292965,24.6363144,25.03400325,25.70701515,58886772,1466131004.25,3.0458,-2.618,1,0
2022-02-25,sh.601615,25.17676335,26.2066755,25.1665662,25.78859235,25.03400325,59998063,1520009495.37,3.1032,3.0143,1,0
2022-02-28,sh.601615,26.104704,26.2474641,25.5132693,26.2066755,25.78859235,64202108,1636430720.0,3.3207,1.6212,1,0
2022-03-01,sh.601615,26.5329843,27.15501045,26.2882527,26.920476,26.2066755,83859707,2198883104.0,4.3374,2.7237,1,0
2022-03-02,sh.601615,27.532305,27.7158537,26.62475865,27.19579905,26.920476,90792493,2426322272.0,4.696,1.0227,1,0
2022-03-03,sh.601615,27.532305,27.6954594,26.95106745,26.95106745,27.19579905,63778669,1711129584.0,3.2988,-0.8999,1,0
2022-03-04,sh.601615,26.66554725,28.31748555,26.51259,28.05235965,26.95106745,76873281,2100943472.0,3.9761,4.0863,1,0
2022-03-07,sh.601615,27.736248,28.68458295,27.3487563,28.2257112,28.05235965,87297425,2407212400.0,4.5152,0.618,1,0
2022-03-08,sh.601615,27.90959955,28.19511975,26.91027885,27.1652076,28.2257112,72080936,1940204128.0,3.7282,-3.7572,1,0
2022-03-09,sh.601615,27.48131925,28.144134,26.11490115,28.0421625,27.1652076,79113563,2119045936.0,4.0919,3.2282,1,0
2022-03-10,sh.601615,28.6743858,28.7967516,27.7158537,27.78723375,28.0421625,77425368,2141629552.0,4.0046,-0.9091,1,0
2022-03-11,sh.601615,27.0224475,27.736248,26.3290413,27.19579905,27.78723375,72182253,1910136480.0,3.7334,-2.1284,1,0
2022-03-14,sh.601615,26.8592931,27.4303335,26.27805555,26.29844985,27.19579905,40629586,1068595888.0,2.1015,-3.2996,1,0
2022-03-15,sh.601615,25.93135245,26.40042135,24.8402574,24.91163745,26.29844985,63280216,1578648544.0,3.273,-5.2734,1,0
2022-03-16,sh.601615,25.4316921,26.0435211,24.3711885,26.0027325,24.91163745,64349497,1598765968.0,3.3283,4.3799,1,0
2022-03-17,sh.601615,26.3902242,26.60436435,25.87016955,25.95174675,26.0027325,48571527,1246427456.0,2.5122,-0.1961,1,0
2022-03-18,sh.601615,25.74780375,25.9211553,25.1053833,25.8803667,25.95174675,38796777,969104580.66,2.0067,-0.275,1,0
2022-03-21,sh.601615,25.696818,26.0027325,24.9218346,25.17676335,25.8803667,47767540,1188085751.2,2.4707,-2.7187,1,0
2022-03-22,sh.601615,25.19715765,25.288932,24.11625975,24.36099135,25.17676335,51481159,1242311694.96,2.6627,-3.2402,1,0
2022-03-23,sh.601615,24.677103,25.74780375,24.52414575,25.3501149,24.36099135,64058995,1587407861.18,3.3133,4.0603,1,0
2022-03-24,sh.601615,25.07479185,25.084989,24.32020275,24.60572295,25.3501149,41201831,993906956.26,2.1311,-2.9364,1,0
2022-03-25,sh.601615,24.44256855,24.677103,23.453445,23.48403645,24.60572295,56125027,1312641686.57,2.9029,-4.5586,1,0
2022-03-28,sh.601615,22.841616,23.249502,22.5560958,22.7600388,23.48403645,43067430,964138453.67,2.2276,-3.0829,1,0
2022-03-29,sh.601615,22.66826445,23.09654475,21.9646611,22.17880125,22.7600388,47308282,1038382389.47,2.4469,-2.5538,1,0
2022-03-30,sh.601615,22.58668725,23.19851625,22.4745186,23.15772765,22.17880125,43671414,978841908.25,2.2588,4.4138,1,0
2022-03-31,sh.601615,23.21891055,23.21891055,22.5153072,22.60708155,23.15772765,30213204,672379795.26,1.5627,-2.3778,1,0
2022-04-01,sh.601615,22.38274425,23.045559,22.229787,22.74984165,22.60708155,24602974,549263595.63,1.2725,0.6315,1,0
2022-04-06,sh.601615,22.74984165,22.74984165,21.75052095,22.0870269,22.74984165,38220200,825728698.31,1.9768,-2.9135,1,0
2022-04-07,sh.601615,21.9850554,22.28077275,21.6587466,21.83209815,22.0870269,27816993,598168652.33,1.4388,-1.1542,1,0
2022-04-08,sh.601615,23.249502,24.01428825,22.9639818,23.9429082,21.83209815,97906671,2278054757.18,5.064,9.6684,1,0
2022-04-11,sh.601615,23.657388,24.6567087,23.0659533,24.34059705,23.9429082,82719174,1945108563.59,4.2784,1.661,1,0
2022-04-12,sh.601615,23.9225139,24.78927165,23.861331,24.269217,24.34059705,49347654,1171525715.1,2.5524,-0.2933,1,0
2022-04-13,sh.601615,24.0040911,24.95242605,23.7185709,24.269217,24.269217,48077046,1154531682.16,2.4867,0.0,1,0
2022-04-14,sh.601615,24.47316,24.6567087,23.56561365,23.8817253,24.269217,40060196,939854160.66,2.072,-1.5966,1,0
2022-04-15,sh.601615,23.36167065,23.70837375,22.7396445,23.0659533,23.8817253,41669711,945642401.95,2.1553,-3.4159,1,0
2022-04-18,sh.601615,22.74984165,23.58600795,22.34195565,23.48403645,23.0659533,36684509,829187779.31,1.8974,1.8126,1,0
2022-04-19,sh.601615,23.40245925,24.3507942,23.1067419,23.2902906,23.48403645,34610536,804064226.02,1.7901,-0.825,1,0
2022-04-20,sh.601615,23.23930485,23.5146279,22.3521528,22.43373,23.2902906,30464661,679826613.95,1.5757,-3.6778,1,0
2022-04-21,sh.601615,22.17880125,22.6580673,21.7199295,21.85249245,22.43373,35650273,773607970.58,1.8439,-2.5909,1,0
2022-04-22,sh.601615,21.73012665,22.3317585,21.4955922,22.3317585,21.85249245,32164124,691127195.88,1.6636,2.1932,1,0
2022-04-25,sh.601615,21.73012665,22.025844,20.7410031,21.006129,22.3317585,43317713,906726126.11,2.2405,-5.9361,1,0
2022-04-26,sh.601615,20.91435465,21.42421215,20.190357,20.4350886,21.006129,34347380,702455423.81,1.7765,-2.7184,1,0
2022-04-27,sh.601615,19.782471,21.6791409,19.5377394,21.58736655,20.4350886,41003454,836901986.85,2.1208,5.6387,1,0
2022-04-28,sh.601615,21.4751979,21.83209815,21.01632615,21.66894375,21.58736655,37009797,778230023.31,1.9142,0.3779,1,0
2022-04-29,sh.601615,22.17880125,22.79063025,21.2916492,22.6580673,21.66894375,51713120,1122380324.37,2.6747,4.5647,1,0
2022-05-05,sh.601615,22.70905305,23.5554165,22.4133357,23.09654475,22.6580673,42164687,955733676.77,2.1809,1.9352,1,0
2022-05-06,sh.601615,22.43373,22.87220745,22.3113642,22.48471575,23.09654475,28457347,631888361.58,1.4719,-2.649,1,0
2022-05-09,sh.601615,22.2501813,23.11693905,22.17880125,22.43373,22.48471575,37575444,834995451.38,1.9435,-0.2268,1,0
2022-05-10,sh.601615,22.1482098,23.85113385,22.07682975,23.48403645,22.43373,62317139,1423716990.03,3.2232,4.6818,1,0
2022-05-11,sh.601615,23.48403645,24.0448797,23.2087134,23.44324785,23.48403645,57660003,1340522528.52,2.9823,-0.1737,1,0
2022-05-12,sh.601615,23.25969915,23.9021196,23.15772765,23.64719085,23.44324785,32264836,747163967.12,1.6688,0.8699,1,0
2022-05-13,sh.601615,23.8205424,23.9225139,23.453445,23.66758515,23.64719085,25870645,600780263.37,1.3381,0.0862,1,0
2022-05-16,sh.601615,23.95310535,24.0244854,23.1679248,23.21891055,23.66758515,27981490,645233340.48,1.4473,-1.8957,1,0
2022-05-17,sh.601615,23.23930485,23.657388,23.1475305,23.64719085,23.21891055,30398157,699670529.09,1.5723,1.8445,1,0
2022-05-18,sh.601615,23.74916235,23.85113385,23.48403645,23.5350222,23.64719085,23913642,554142068.79,1.2369,-0.4743,1,0
2022-05-19,sh.601615,23.21891055,25.696818,23.15772765,25.2277491,23.5350222,82300847,1991533027.1,4.2568,7.1924,1,0
2022-05-20,sh.601615,25.3297206,26.17608405,24.9014403,25.95174675,25.2277491,68857189,1722842777.09,3.5615,2.8698,1,0
2022-05-23,sh.601615,25.7987895,26.0639154,25.36031205,25.93135245,25.95174675,42079085,1061176750.56,2.1764,-0.0786,1,0
2022-05-24,sh.601615,25.9415496,26.52278715,25.07479185,25.19715765,25.93135245,62653784,1589199265.43,3.2406,-2.8313,1,0
2022-05-25,sh.601615,25.21755195,25.54386075,24.89124315,25.48267785,25.19715765,37171146,920183188.64,1.9226,1.1331,1,0
2022-05-26,sh.601615,25.56425505,26.2066755,25.288932,25.7580009,25.48267785,44886838,1136386034.25,2.3217,1.0804,1,0
2022-05-27,sh.601615,25.64583225,26.0027325,25.27873485,25.3705092,25.7580009,32552950,817811441.05,1.6837,-1.5044,1,0
2022-05-30,sh.601615,25.38070635,25.58464935,25.1869605,25.46228355,25.3705092,23277836,579126302.73,1.204,0.3617,1,0
2022-05-31,sh.601615,26.09450685,26.2270698,25.5336636,25.95174675,25.46228355,46345535,1176245884.19,2.3971,1.9223,1,0
2022-06-01,sh.601615,25.80898665,25.84977525,25.3501149,25.6152408,25.95174675,32430538,813551294.54,1.6774,-1.2967,1,0
2022-06-02,sh.601615,25.6356351,26.716533,25.5132693,26.6553501,25.6152408,59787679,1548767514.4,3.0924,4.0605,1,0
2022-06-06,sh.601615,26.6553501,27.5119107,26.4310128,27.35895345,26.6553501,60831788,1613612081.85,3.1464,2.6396,1,0
2022-06-07,sh.601615,27.2263905,27.7158537,26.8185045,26.95106745,27.35895345,45126820,1204749099.82,2.3341,-1.4909,1,0
2022-06-08,sh.601615,26.86949025,27.1856019,26.23726695,26.84909595,26.95106745,39870645,1044839756.44,2.0622,-0.3784,1,0
2022-06-09,sh.601615,26.8185045,27.31816485,26.2882527,26.4106185,26.84909595,29670822,776331585.23,1.5346,-1.6331,1,0
2022-06-10,sh.601615,26.33863011,26.88370914,26.11237089,26.80143306,26.41062168,32708784,847306976.34,1.6918,1.4798,1,0
2022-06-13,sh.601615,26.52375129,28.2824025,26.2255005,28.08699681,26.80143306,65233604,1755867749.47,3.374,4.7966,1,0
2022-06-14,sh.601615,27.65504739,27.92244465,26.70887247,27.85045308,28.08699681,49850507,1326099316.28,2.5784,-0.8422,1,0
2022-06-15,sh.601615,27.768177,27.8710221,26.98655424,26.99683875,27.85045308,46111969,1226638085.38,2.385,-3.065,1,0
2022-06-16,sh.601615,26.89399365,27.70646994,26.80143306,27.07911483,26.99683875,38592676,1019279032.14,1.9961,0.3048,1,0
2022-06-17,sh.601615,27.0482613,28.96118016,27.0482613,28.88918859,27.07911483,89599133,2482480480.51,4.6343,6.6844,1,0
2022-06-20,sh.601615,29.6193888,31.6762908,29.6193888,31.27519491,28.88918859,118536493,3566834333.02,6.131,8.2592,1,0
2022-06-21,sh.601615,31.42946256,31.7791359,30.78153843,31.2649104,31.27519491,61222025,1854208791.48,3.1665,-0.0329,1,0
2022-06-22,sh.601615,31.11064275,31.97454159,30.96665961,31.24434138,31.2649104,56336801,1724582261.43,2.9139,-0.0658,1,0
2022-06-23,sh.601615,31.41917805,31.70714433,30.70954686,31.55287668,31.24434138,51025903,1552863104.43,2.6392,0.9875,1,0
2022-06-24,sh.601615,31.6762908,32.79730239,31.41917805,32.1905163,31.55287668,68215660,2132738167.16,3.5283,2.0209,1,0
2022-06-27,sh.601615,32.37563748,32.65331925,31.881981,32.43734454,32.1905163,55172777,1731981739.5,2.8537,0.7668,1,0
2022-06-28,sh.601615,32.47848258,33.38351946,32.0876712,33.2189673,32.43734454,47274300,1506497874.7,2.4451,2.4096,1,0
2022-06-29,sh.601615,33.13669122,34.0417281,31.881981,32.03624865,33.2189673,63591813,2016342575.44,3.2891,-3.5604,1,0
2022-06-30,sh.601615,31.94368806,35.24501577,31.94368806,34.7616438,32.03624865,96905997,3250722687.12,5.0122,8.5072,1,0
2022-07-01,sh.601615,34.41197046,35.32729185,34.0417281,34.36054791,34.7616438,53602060,1807506714.56,2.7724,-1.1538,1,0
2022-07-04,sh.601615,34.22684928,34.8644889,33.77433084,34.4531085,34.36054791,48595487,1624381628.61,2.5135,0.2694,1,0
2022-07-05,sh.601615,34.44282399,34.91591145,33.89774496,34.91591145,34.4531085,42986086,1438854507.59,2.2233,1.3433,1,0
2022-07-06,sh.601615,35.01875655,36.49972599,34.62794517,35.1730242,34.91591145,65101084,2255836504.95,3.3672,0.7364,1,0
2022-07-07,sh.601615,34.36054791,35.94436245,33.19839828,35.33757636,35.1730242,86632601,2923332743.12,4.4677,0.4678,1,0
2022-07-08,sh.601615,34.7616438,35.0701791,32.18023179,32.67388827,35.33757636,120108090,3867792978.03,6.1941,-7.5378,1,0
2022-07-11,sh.601615,32.3962065,33.2189673,31.86141198,32.67388827,32.67388827,68507410,2170294382.57,3.533,0.0,1,0
2022-07-12,sh.601615,32.910432,34.22684928,32.64303474,32.74587984,32.67388827,62815965,2034052196.24,3.2395,0.2203,1,0
2022-07-13,sh.601615,32.74587984,35.08046361,32.74587984,34.4531085,32.74587984,82133452,2736549861.23,4.2357,5.2136,1,0
2022-07-14,sh.601615,34.46339301,35.66668068,34.11371967,34.967334,34.4531085,56238090,1912432185.75,2.9003,1.4925,1,0
2022-07-15,sh.601615,34.95704949,37.00366698,34.72050576,35.8929399,34.967334,73993705,2601505579.23,3.8159,2.6471,1,0
2022-07-18,sh.601615,36.3043203,36.73626972,35.03932557,36.24261324,35.8929399,86713253,3028380135.57,4.4719,0.9742,1,0
2022-07-19,sh.601615,35.8929399,35.93407794,33.85660692,34.11371967,36.24261324,76523900,2571376674.02,3.9464,-5.874,1,0
2022-07-20,sh.601615,34.4531085,35.75924127,33.8360379,35.18330871,34.11371967,67977024,2311050960.29,3.5057,3.1354,1,0
2022-07-21,sh.601615,35.08046361,35.43013695,32.82815592,32.94128553,35.18330871,75025900,2449870015.84,3.8692,-6.3724,1,0
2022-07-22,sh.601615,33.1161222,33.33209691,30.92552157,31.83055845,32.94128553,91606953,2857653394.02,4.7243,-3.3718,1,0
2022-07-25,sh.601615,32.14937826,32.14937826,30.4421496,30.5449947,31.83055845,55476092,1665271565.39,2.6474,-4.0388,1,0
2022-07-26,sh.601615,30.53471019,31.23405687,30.19532136,30.84324549,30.5449947,43072280,1288903018.91,2.0555,0.9764,1,0
2022-07-27,sh.601615,30.84324549,31.01808216,30.18503685,30.91523706,30.84324549,51296592,1529227451.68,2.4342,0.2334,1,0
2022-07-28,sh.601615,31.5734457,31.66600629,30.08219175,30.12332979,30.91523706,63212320,1884869506.76,2.9996,-2.5615,1,0
2022-07-29,sh.601615,30.02048469,31.881981,29.96906214,30.7506849,30.12332979,70647875,2143424208.54,3.3524,2.0826,1,0
2022-08-01,sh.601615,30.28788195,31.12092726,29.80450998,30.94609059,30.7506849,40046096,1192500068.73,1.9003,0.6355,1,0
2022-08-02,sh.601615,30.37015803,30.78153843,29.59881978,30.28788195,30.94609059,50744351,1494245488.26,2.4079,-2.127,1,0
2022-08-03,sh.601615,30.59641725,30.90495255,29.70166488,29.75308743,30.28788195,50271500,1483203746.14,2.3855,-1.7657,1,0
2022-08-04,sh.601615,29.7222339,30.21589038,28.5909378,29.2080084,29.75308743,54629323,1549788597.0,2.5923,-1.832,1,0
2022-08-05,sh.601615,29.19772389,29.57825076,28.57036878,29.49597468,29.2080084,41576211,1177674453.0,1.9729,0.9859,1,0
2022-08-08,sh.601615,29.3108535,30.3393045,28.8994731,29.78394096,29.49597468,37684926,1089895028.0,1.7882,0.9763,1,0
2022-08-09,sh.601615,29.6193888,31.1620653,29.49597468,30.53471019,29.78394096,54655877,1626732817.0,2.5936,2.5207,1,0
2022-08-10,sh.601615,30.4421496,30.83296098,29.6193888,29.87650155,30.53471019,39884615,1164927794.0,1.8926,-2.1556,1,0
2022-08-11,sh.601615,30.08219175,30.28788195,29.3108535,30.1336143,29.87650155,34694897,1007746419.0,1.6464,0.8606,1,0
2022-08-12,sh.601615,30.0307692,30.21589038,29.4136986,29.47540566,30.1336143,31340199,903492075.0,1.4872,-2.1843,1,0
2022-08-15,sh.601615,29.3108535,30.46271862,29.2080084,30.1336143,29.47540566,39700639,1158492997.64,1.8839,2.2331,1,0
2022-08-16,sh.601615,30.66840882,32.24193885,30.66840882,31.28547942,30.1336143,84590328,2582725575.45,4.014,3.8225,1,0
2022-08-17,sh.601615,31.28547942,32.1905163,31.12092726,31.74828237,31.28547942,59362824,1826601527.53,2.8169,1.4793,1,0
2022-08-18,sh.601615,31.75856688,31.9848261,31.22377236,31.49116962,31.74828237,37907736,1164222196.48,1.7988,-0.8098,1,0
2022-08-19,sh.601615,31.45003158,31.54259217,30.51414117,30.67869333,31.49116962,43350157,1301388096.71,2.0571,-2.58,1,0
2022-08-22,sh.601615,30.4421496,31.02836667,29.6193888,30.3393045,30.67869333,40997923,1196082378.97,1.9455,-1.1063,1,0
2022-08-23,sh.601615,30.1336143,30.62727078,29.95877763,30.1336143,30.3393045,34512545,1015686151.32,1.6377,-0.678,1,0
2022-08-24,sh.601615,30.12332979,30.21589038,28.5909378,28.5909378,30.1336143,44055929,1253144420.13,2.0906,-5.1195,1,0
2022-08-25,sh.601615,28.64236035,28.99203369,27.62419386,28.33382505,28.5909378,41808644,1145307978.86,1.9839,-0.8993,1,0
2022-08-26,sh.601615,28.5909378,29.13601683,28.29268701,28.39553211,28.33382505,31877354,890209701.87,1.5127,0.2178,1,0
2022-08-29,sh.601615,27.8710221,28.95089565,27.77846151,28.5909378,28.39553211,28081296,779652469.59,1.3325,0.6882,1,0
2022-08-30,sh.601615,28.65264486,29.46512115,28.15898838,28.50866172,28.5909378,32314458,901581840.58,1.5334,-0.2878,1,0
2022-08-31,sh.601615,28.63207584,29.21829291,27.23338248,27.59334033,28.50866172,43073537,1163253831.01,2.0439,-3.2107,1,0
2022-09-01,sh.601615,27.6653319,28.93032663,27.57277131,28.29268701,27.59334033,46123858,1271755168.62,2.1887,2.5345,1,0
2022-09-02,sh.601615,28.14870387,28.32354054,27.28480503,27.48021072,28.29268701,33573928,902504510.44,1.5932,-2.8717,1,0
2022-09-05,sh.601615,27.72703896,28.36467858,27.46992621,27.70646994,27.48021072,38774833,1050449996.11,1.84,0.8234,1,0
2022-09-06,sh.601615,27.81959955,28.2824025,25.9169652,28.21041093,27.70646994,69061939,1827601479.64,3.2772,1.8189,1,0
2022-09-07,sh.601615,27.768177,29.2080084,27.71675445,28.86861957,28.21041093,54755729,1529605022.29,2.5983,2.3332,1,0
2022-09-08,sh.601615,28.86861957,29.19772389,28.44695466,28.46752368,28.86861957,27644993,772528112.72,1.3118,-1.3894,1,0
2022-09-09,sh.601615,28.50866172,28.77605898,28.02528975,28.5909378,28.46752368,23938490,660439929.77,1.1359,0.4335,1,0
2022-09-13,sh.601615,28.54979976,28.70406741,27.58305582,28.12813485,28.5909378,26401391,719703781.0,1.2528,-1.6187,1,0
2022-09-14,sh.601615,27.52134876,28.01500524,27.16139091,27.42878817,28.12813485,25665643,686700105.26,1.2179,-2.4863,1,0
2022-09-15,sh.601615,27.69618543,27.74760798,25.74212853,25.98895677,27.42878817,43937842,1127400282.7,2.085,-5.2493,1,0
2022-09-16,sh.601615,25.89639618,26.19464697,25.24847205,25.35131715,25.98895677,27621887,688867779.08,1.3107,-2.4535,1,0
2022-09-19,sh.601615,25.28961009,25.59814539,24.71367753,25.08391989,25.35131715,33606414,819307647.75,1.5947,-1.0548,1,0
2022-09-20,sh.601615,25.32046362,26.25635403,25.32046362,26.07123285,25.08391989,32282982,812712387.22,1.5319,3.936,1,0
2022-09-21,sh.601615,25.96838775,26.20493148,25.57757637,25.73184402,26.07123285,20829396,522138399.34,0.9884,-1.3018,1,0
2022-09-22,sh.601615,25.45416225,26.13293991,25.1970495,25.38217068,25.73184402,32080759,796331481.08,1.5223,-1.3589,1,0
2022-09-23,sh.601615,25.38217068,25.64956794,24.59026341,24.90908322,25.38217068,29160929,708026034.51,1.3838,-1.8639,1,0
2022-09-26,sh.601615,24.5799789,25.52615382,24.56969439,25.02221283,24.90908322,25850762,632996575.29,1.2267,0.4542,1,0
2022-09-27,sh.601615,25.27932558,26.51346678,25.27932558,26.03009481,25.02221283,41634957,1054278810.98,1.9757,4.0279,1,0
2022-09-28,sh.601615,27.01740777,27.20252895,25.32046362,25.52615382,26.03009481,57801554,1475045223.73,2.7428,-1.936,1,0
2022-09-29,sh.601615,25.96838775,26.08151736,25.00164381,25.85525814,25.52615382,33042604,825362279.78,1.568,1.2893,1,0
2022-09-30,sh.601615,25.67013696,25.87582716,24.75481557,24.81652263,25.85525814,28315367,693489893.36,1.3436,-4.0175,1,0
2022-10-10,sh.601615,24.9913593,25.4027397,24.15831399,24.39485772,24.81652263,29202539,698973912.49,1.3857,-1.6991,1,0
2022-10-11,sh.601615,24.54912537,25.32046362,24.3742887,25.0942044,24.39485772,31955453,775193000.21,1.5164,2.8668,1,0
2022-10-12,sh.601615,25.17648048,27.28480503,24.90908322,27.21281346,25.0942044,60798445,1547163829.76,2.885,8.4426,1,0
2022-10-13,sh.601615,26.9454162,27.70646994,26.77057953,27.23338248,27.21281346,46543128,1240821227.26,2.2086,0.0756,1,0
2022-10-14,sh.601615,27.6653319,28.46752368,27.0482613,28.01500524,27.23338248,51161512,1383974011.08,2.4277,2.8701,1,0
2022-10-17,sh.601615,27.77846151,28.67321388,27.57277131,28.42638564,28.01500524,41967459,1149460368.0,1.9915,1.4684,1,0
2022-10-18,sh.601615,28.5909378,29.67081135,28.45723917,29.15658585,28.42638564,48436976,1371160745.28,2.2985,2.5687,1,0
2022-10-19,sh.601615,29.0023182,29.3108535,28.47780819,28.5909378,29.15658585,28961627,812856809.32,1.3743,-1.94,1,0
2022-10-20,sh.601615,28.42638564,28.68349839,27.77846151,28.10756583,28.5909378,28817763,789227508.57,1.3675,-1.6906,1,0
2022-10-21,sh.601615,28.3852476,29.78394096,28.3852476,29.43426762,28.10756583,53144019,1517400576.82,2.5218,4.7201,1,0
2022-10-24,sh.601615,29.6193888,29.81479449,28.6937829,29.07430977,29.43426762,42235381,1202665157.84,2.0042,-1.2229,1,0
2022-10-25,sh.601615,28.78634349,29.59881978,28.56008427,29.17715487,29.07430977,30085831,850972267.75,1.4276,0.3537,1,0
2022-10-26,sh.601615,29.40341409,29.58853527,28.3852476,28.6937829,29.17715487,46306861,1301602464.62,2.1974,-1.6567,1,0
2022-10-27,sh.601615,28.39553211,28.67321388,27.2539515,27.30537405,28.6937829,53772940,1451060728.53,2.5517,-4.8387,1,0
2022-10-28,sh.601615,27.16139091,28.10756583,26.75001051,27.0482613,27.30537405,41626625,1108685926.65,1.9753,-0.9416,1,0
2022-10-31,sh.601615,26.49289776,26.91456267,25.49530029,25.6084299,27.0482613,51772393,1314003389.3,2.4567,-5.3232,1,0
2022-11-01,sh.601615,25.73184402,26.25635403,25.08391989,26.24606952,25.6084299,48693734,1220636108.1,2.3106,2.49,1,0
2022-11-02,sh.601615,25.9169652,26.11237089,25.43359323,26.03009481,26.24606952,56867148,1426623641.02,2.6985,-0.8229,1,0
2022-11-03,sh.601615,25.711275,26.4311907,25.27932558,25.4027397,26.03009481,55012413,1381135103.56,2.6105,-2.4101,1,0
2022-11-04,sh.601615,24.9913593,27.05854581,24.9913593,27.0482613,25.4027397,71902724,1840871263.84,3.412,6.4777,1,0
2022-11-07,sh.601615,26.79114855,26.99683875,25.6084299,25.99924128,27.0482613,75280501,1911493269.7,3.5723,-3.8783,1,0
2022-11-08,sh.601615,26.05066383,26.70887247,25.711275,26.27692305,25.99924128,47821329,1219533359.23,2.2692,1.068,1,0
2022-11-09,sh.601615,26.17407795,26.17407795,25.54672284,25.58786088,26.27692305,37976208,949559439.47,1.8021,-2.6223,1,0
2022-11-10,sh.601615,25.31017911,25.8141201,25.24847205,25.79355108,25.58786088,28580415,709504649.0,1.3562,0.8039,1,0
2022-11-11,sh.601615,27.768177,28.2824025,27.08939934,27.14082189,25.79355108,106848236,2860099596.73,5.0702,5.2233,1,0
2022-11-14,sh.601615,27.0482613,27.1511064,26.24606952,26.41062168,27.14082189,76279546,1978070090.62,3.6197,-2.6904,1,0
2022-11-15,sh.601615,26.41062168,27.14082189,26.13293991,26.96598522,26.41062168,48343895,1254521668.2,2.294,2.1028,1,0
2022-11-16,sh.601615,26.92484718,27.36708111,26.58545835,26.65744992,26.96598522,64368553,1686935484.96,3.0545,-1.1442,1,0
2022-11-17,sh.601615,26.45175972,26.80143306,26.25635403,26.78086404,26.65744992,37830955,977843583.95,1.7952,0.463,1,0
2022-11-18,sh.601615,26.79114855,27.9738672,26.37976815,27.59334033,26.78086404,68188253,1814003632.64,3.2357,3.0338,1,0
2022-11-21,sh.601615,27.40821915,28.64236035,27.3567966,28.27211799,27.59334033,60537544,1651111062.21,2.8727,2.4599,1,0
2022-11-22,sh.601615,28.0767123,28.2824025,27.50077974,27.72703896,28.27211799,38024355,1029994145.45,1.8044,-1.928,1,0
2022-11-23,sh.601615,27.86073759,28.65264486,27.72703896,28.39553211,27.72703896,48300816,1327059070.79,2.2902,2.411,1,0
2022-11-24,sh.601615,28.29268701,28.74520545,27.85045308,27.9738672,28.39553211,35001553,960071863.97,1.6596,-1.485,1,0
2022-11-25,sh.601615,27.768177,27.768177,26.79114855,27.16139091,27.9738672,28903682,766257100.59,1.3705,-2.9044,1,0
2022-11-28,sh.601615,26.37976815,27.73732347,26.2255005,27.68590092,27.16139091,36516750,969729841.72,1.7315,1.9311,1,0
2022-11-29,sh.601615,27.60362484,27.768177,27.26423601,27.51106425,27.68590092,28344266,758058251.21,1.344,-0.6315,1,0
2022-11-30,sh.601615,27.51106425,27.61390935,27.10996836,27.53163327,27.51106425,25297537,673218168.18,1.1995,0.0748,1,0
2022-12-01,sh.601615,27.6653319,28.56008427,27.6653319,28.20012642,27.53163327,39724842,1089805530.06,1.8836,2.4281,1,0
2022-12-02,sh.601615,27.75789249,28.09728132,27.27452052,27.31565856,28.20012642,40628119,1090027489.46,1.9264,-3.1364,1,0
2022-12-05,sh.601615,27.54191778,27.55220229,26.8425711,27.09968385,27.31565856,30727518,809325407.56,1.457,-0.7907,1,0
2022-12-06,sh.601615,27.10996836,27.74760798,26.96598522,27.29508954,27.09968385,26484329,702916878.38,1.2558,0.7211,1,0
2022-12-07,sh.601615,27.3567966,27.5624868,26.64716541,26.739726,27.29508954,26136364,687425626.68,1.2393,-2.0347,1,0
2022-12-08,sh.601615,26.59574286,27.30537405,26.30777658,26.83228659,26.739726,26602708,696097688.19,1.2614,0.3462,1,0
2022-12-09,sh.601615,26.96598522,27.4596417,26.62659639,26.64716541,26.83228659,53143143,1397386391.95,2.5198,-0.6899,1,0
2022-12-12,sh.601615,26.42090619,26.68830345,26.05066383,26.1226554,26.64716541,31370745,799925537.54,1.4875,-1.9684,1,0
2022-12-13,sh.601615,26.13293991,26.26663854,25.53643833,25.61871441,26.1226554,23064478,579134258.9,1.0936,-1.9291,1,0
2022-12-14,sh.601615,25.5055848,25.79355108,25.26904107,25.39245519,25.61871441,22106919,547933901.81,1.0482,-0.8832,1,0
2022-12-15,sh.601615,25.2998946,25.59814539,25.01192832,25.58786088,25.39245519,25436516,626042467.62,1.2061,0.7695,1,0
2022-12-16,sh.601615,25.43359323,25.43359323,24.79595361,25.28961009,25.58786088,23464239,572092335.79,1.1126,-1.1656,1,0
2022-12-19,sh.601615,25.15591146,25.52615382,24.98107479,25.43359323,25.28961009,22804478,560040657.02,1.0813,0.5693,1,0
2022-12-20,sh.601615,25.36160166,25.83468912,25.01192832,25.78326657,25.43359323,32337365,805946541.54,1.5333,1.3748,1,0
2022-12-21,sh.601615,25.711275,25.80383559,25.1970495,25.34103264,25.78326657,22689055,560646877.88,1.0758,-1.7152,1,0
2022-12-22,sh.601615,25.55700735,25.58786088,24.34343517,25.04278185,25.34103264,29352175,715186352.64,1.3918,-1.1769,1,0
2022-12-23,sh.601615,24.7856691,25.01192832,24.5799789,24.7856691,25.04278185,12559556,302901866.12,0.5955,-1.0267,1,0
2022-12-26,sh.601615,24.84737616,26.2255005,24.84737616,26.13293991,24.7856691,34615848,868321459.14,1.6413,5.4357,1,0
2022-12-27,sh.601615,26.13293991,26.30777658,25.99924128,26.24606952,26.13293991,19546081,497821848.2,0.9268,0.4329,1,0
2022-12-28,sh.601615,25.97867226,26.76029502,25.92724971,26.39005266,26.24606952,27993576,719577307.78,1.3273,0.5486,1,0
2022-12-29,sh.601615,26.31806109,26.72944149,26.10208638,26.39005266,26.39005266,19987357,511861027.98,0.9477,0.0,1,0
2022-12-30,sh.601615,26.44147521,26.80143306,25.87582716,25.97867226,26.39005266,22853100,583969968.91,1.0836,-1.5588,1,0
2023-01-03,sh.601615,26.08151736,27.5624868,25.63928343,27.3567966,25.97867226,46960710,1224560589.11,2.2267,5.3048,1,0
2023-01-04,sh.601615,27.38765013,27.53163327,26.90427816,27.02769228,27.3567966,22743195,600629707.55,1.0784,-1.203,1,0
2023-01-05,sh.601615,27.0482613,27.4596417,27.00712326,27.23338248,27.02769228,22790176,603664591.06,1.0806,0.761,1,0
2023-01-06,sh.601615,27.22309797,27.74760798,27.19224444,27.4596417,27.23338248,27916128,747092726.16,1.3237,0.8308,1,0
2023-01-09,sh.601615,27.9738672,28.00472073,27.16139091,27.34651209,27.4596417,25165986,673597660.45,1.1933,-0.412,1,0
2023-01-10,sh.601615,27.2539515,27.61390935,27.12025287,27.19224444,27.34651209,19885733,527134002.88,0.9429,-0.5641,1,0
2023-01-11,sh.601615,27.54191778,27.64476288,27.1511064,27.26423601,27.19224444,21227999,565353987.51,1.0065,0.2648,1,0
2023-01-12,sh.601615,27.1511064,27.5624868,26.9454162,27.28480503,27.26423601,21275414,564225022.6,1.0088,0.0754,1,0
2023-01-13,sh.601615,27.32594307,27.43907268,26.72944149,26.90427816,27.28480503,25918444,679933006.09,1.2289,-1.3946,1,0
2023-01-16,sh.601615,26.92484718,27.29508954,26.76029502,26.99683875,26.90427816,24672505,648604034.37,1.1699,0.344,1,0
2023-01-17,sh.601615,27.21281346,27.51106425,26.87342463,27.03797679,26.99683875,20998218,554356896.53,0.9956,0.1524,1,0
2023-01-18,sh.601615,27.14082189,27.5624868,26.90427816,27.3567966,27.03797679,18857208,500818748.11,0.8941,1.1792,1,0
2023-01-19,sh.601615,27.3567966,27.62419386,27.0482613,27.58305582,27.3567966,19364904,514304031.5,0.9182,0.8271,1,0
2023-01-20,sh.601615,27.60362484,28.21041093,27.60362484,28.0767123,27.58305582,25150056,685814425.25,1.1925,1.7897,1,0
2023-01-30,sh.601615,28.796628,28.90975761,28.35439407,28.50866172,28.0767123,38078218,1060064947.5,1.8055,1.5385,1,0
2023-01-31,sh.601615,28.53951525,28.85833506,28.32354054,28.63207584,28.50866172,22329419,620983495.6,1.0588,0.4329,1,0
2023-02-01,sh.601615,28.62179133,28.85833506,28.1795574,28.62179133,28.63207584,27539115,762951065.29,1.3058,-0.0359,1,0
2023-02-02,sh.601615,28.71435192,28.74520545,28.20012642,28.33382505,28.62179133,20501192,566185329.67,0.9721,-1.0061,1,0
2023-02-03,sh.601615,28.26183348,28.37496309,27.52134876,27.96358269,28.33382505,25376387,685891521.27,1.2032,-1.3067,1,0
2023-02-06,sh.601615,27.81959955,27.85045308,27.3567966,27.51106425,27.96358269,15345679,411293327.24,0.7276,-1.6182,1,0
2023-02-07,sh.601615,27.46992621,27.75789249,27.29508954,27.75789249,27.51106425,17370129,465205173.34,0.8236,0.8972,1,0
2023-02-08,sh.601615,27.73732347,27.80931504,27.31565856,27.3567966,27.75789249,13286659,355502710.03,0.63,-1.445,1,0
2023-02-09,sh.601615,27.33622758,28.12813485,27.20252895,27.94301367,27.3567966,24052638,651035789.9,1.1405,2.1429,1,0
2023-02-10,sh.601615,27.79903053,28.32354054,27.73732347,28.23097995,27.94301367,29875591,816873335.22,1.4166,1.0305,1,0
2023-02-13,sh.601615,28.33382505,28.33382505,27.85045308,27.94301367,28.23097995,21424419,583028285.18,1.0159,-1.02,1,0
2023-02-14,sh.601615,27.98415171,28.11785034,27.48021072,27.78874602,27.94301367,21324926,573215118.13,1.0111,-0.5521,1,0
2023-02-15,sh.601615,27.8710221,27.94301367,27.3567966,27.3567966,27.78874602,20208678,539970540.56,0.9582,-1.5544,1,0
2023-02-16,sh.601615,27.41850366,27.44935719,26.27692305,26.5340358,27.3567966,32751334,855477136.51,1.5529,-3.0075,1,0
2023-02-17,sh.601615,26.55460482,26.64716541,25.96838775,26.05066383,26.5340358,22425368,572693510.76,1.0633,-1.8217,1,0
2023-02-20,sh.601615,26.08151736,26.46204423,25.80383559,26.44147521,26.05066383,20690768,527054466.0,0.9811,1.5002,1,0
2023-02-21,sh.601615,26.51346678,26.79114855,26.25635403,26.6368809,26.44147521,20965859,540712359.09,0.9941,0.739,1,0
2023-02-22,sh.601615,26.4311907,26.85285561,26.37976815,26.46204423,26.6368809,18410880,476218022.89,0.873,-0.6564,1,0
2023-02-23,sh.601615,26.58545835,26.71915698,26.41062168,26.56488933,26.46204423,13800962,356308972.64,0.6544,0.3887,1,0
2023-02-24,sh.601615,26.52375129,26.64716541,26.1226554,26.30777658,26.56488933,12624199,323303356.02,0.5986,-0.9679,1,0
2023-02-27,sh.601615,26.13293991,26.6368809,26.06094834,26.2255005,26.30777658,16778236,429189455.7,0.7956,-0.3127,1,0
2023-02-28,sh.601615,26.27692305,26.37976815,25.65985245,26.11237089,26.2255005,21625187,546115815.44,1.0254,-0.4314,1,0
2023-03-01,sh.601615,26.0198103,26.15350893,25.72155951,26.13293991,26.11237089,22815422,575907020.2,1.0818,0.0788,1,0
2023-03-02,sh.601615,26.13293991,26.30777658,25.62899892,25.72155951,26.13293991,23945840,601919276.01,1.1354,-1.5742,1,0
2023-03-03,sh.601615,25.84497363,26.08151736,25.711275,25.94781873,25.72155951,14908040,375680812.72,0.7069,0.8796,1,0
2023-03-06,sh.601615,26.0198103,26.07123285,25.18676499,25.68042147,25.94781873,33760076,840345287.3,1.6008,-1.0305,1,0
2023-03-07,sh.601615,25.65985245,25.77298206,25.33074813,25.36160166,25.68042147,16398767,407036064.4,0.7776,-1.2415,1,0
2023-03-08,sh.601615,25.2998946,25.57757637,25.00164381,25.27932558,25.36160166,20229730,496402224.61,0.9592,-0.3244,1,0
2023-03-09,sh.601615,25.2998946,25.42330872,25.05306636,25.12505793,25.27932558,12728543,311980963.32,0.6035,-0.6103,1,0
2023-03-10,sh.601615,24.89879871,24.95022126,24.55940988,24.62111694,25.12505793,25054782,601170910.62,1.188,-2.0057,1,0
2023-03-13,sh.601615,24.61083243,24.86794518,24.2714436,24.46684929,24.62111694,25369664,603399326.52,1.2029,-0.6266,1,0
2023-03-14,sh.601615,24.53884086,24.53884086,23.1401475,23.64408849,24.46684929,45656276,1050363921.07,2.1648,-3.3628,1,0
2023-03-15,sh.601615,23.7572181,24.25087458,23.654373,23.80864065,23.64408849,24346786,566348823.61,1.1544,0.696,1,0
2023-03-16,sh.601615,23.61323496,23.61323496,22.88303475,23.01673338,23.80864065,24857700,561969638.59,1.1787,-3.3261,1,0
2023-03-17,sh.601615,23.2429926,23.32526868,22.70819808,22.71848259,23.01673338,27068257,603007224.96,1.2835,-1.2958,1,0
2023-03-20,sh.601615,22.625922,23.07844044,22.29681768,22.88303475,22.71848259,26087612,576687344.39,1.237,0.7243,1,0
2023-03-21,sh.601615,22.85218122,23.06815593,22.7287671,23.05787142,22.88303475,22647367,504777973.21,1.0738,0.764,1,0
2023-03-22,sh.601615,23.08872495,23.26356162,22.7287671,22.81104318,23.05787142,26319812,588122327.52,1.248,-1.0705,1,0
2023-03-23,sh.601615,22.78018965,22.87275024,22.30710219,22.66706004,22.81104318,41001788,898995853.65,1.9441,-0.6312,1,0
2023-03-24,sh.601615,22.66706004,23.20185456,22.43051631,23.17100103,22.66706004,38729755,866706159.04,1.8364,2.2232,1,0
2023-03-27,sh.601615,23.2429926,23.654373,22.90360377,23.53095888,23.17100103,46226228,1051297801.61,2.1919,1.5535,1,0
2023-03-28,sh.601615,23.59266594,23.59266594,22.7287671,22.9344573,23.53095888,29466727,662985019.48,1.3972,-2.535,1,0
2023-03-29,sh.601615,23.0373024,23.25327711,22.8316122,22.9344573,22.9344573,20351780,455010229.77,0.965,0.0,1,0
2023-03-30,sh.601615,22.9344573,23.42811378,22.85218122,23.42811378,22.9344573,22734319,512561248.68,1.078,2.1525,1,0
2023-03-31,sh.601615,23.3458377,23.42811378,23.05787142,23.15043201,23.42811378,25783879,581893608.81,1.2226,-1.1853,1,0
2023-04-03,sh.601615,23.1401475,23.3458377,22.86246573,23.11957848,23.15043201,28517049,639839914.03,1.3522,-0.1333,1,0
2023-04-04,sh.601615,23.11957848,23.16071652,22.48193886,22.71848259,23.11957848,35146538,776648480.95,1.6665,-1.7349,1,0
2023-04-06,sh.601615,22.625922,22.85218122,22.38937827,22.78018965,22.71848259,20746179,455740878.71,0.9837,0.2716,1,0
2023-04-07,sh.601615,22.74933612,23.11957848,22.66706004,22.95502632,22.78018965,20785989,464693486.03,0.9856,0.7675,1,0
2023-04-10,sh.601615,22.97559534,23.12986299,22.8316122,23.06815593,22.95502632,19141383,428276322.71,0.9076,0.4928,1,0
2023-04-11,sh.601615,23.19157005,23.19157005,22.64649102,22.80075867,23.06815593,21002954,466215790.18,0.9959,-1.1592,1,0
2023-04-12,sh.601615,22.80075867,22.98587985,22.49222337,22.51279239,22.80075867,22714144,499243614.76,1.077,-1.263,1,0
2023-04-13,sh.601615,22.67734455,22.92417279,22.12198101,22.44080082,22.51279239,34790352,762273946.02,1.6496,-0.3198,1,0
2023-04-14,sh.601615,22.5230769,22.75962063,22.3173867,22.63620651,22.44080082,21985572,483073983.9,1.0425,0.8708,1,0
2023-04-17,sh.601615,22.71848259,23.41782927,22.66706004,23.06815593,22.63620651,37699230,846401372.14,1.7875,1.9082,1,0
2023-04-18,sh.601615,23.00644887,23.31498417,22.96531083,23.16071652,23.06815593,25299927,569399417.76,1.1996,0.4012,1,0
2023-04-19,sh.601615,23.07844044,23.1401475,22.63620651,22.69791357,23.16071652,24990584,553221092.05,1.185,-1.9982,1,0
2023-04-20,sh.601615,22.53336141,22.68762906,22.18368807,22.30710219,22.69791357,26714479,580004455.56,1.2667,-1.7218,1,0
2023-04-21,sh.601615,22.3173867,22.50250788,21.597471,21.597471,22.30710219,34419519,731980921.57,1.632,-3.1812,1,0
2023-04-24,sh.601615,21.3917808,21.56661747,21.16552158,21.19637511,21.597471,25113371,520175914.51,1.1908,-1.8571,1,0
2023-04-25,sh.601615,21.31978923,21.76202316,20.42503686,20.75414118,21.19637511,27760120,564727599.49,1.3163,-2.0864,1,0
2023-04-26,sh.601615,20.75414118,21.97799787,20.64101157,21.7003161,20.75414118,34533164,721970347.16,1.6374,4.559,1,0
2023-04-27,sh.601615,21.75173865,21.98828238,21.22722864,21.84429924,21.7003161,21711261,456277107.16,1.0295,0.6635,1,0
2023-04-28,sh.601615,21.85458375,21.88543728,21.20665962,21.24779766,21.84429924,30100892,626871436.43,1.4273,-2.7307,1,0
2023-05-04,sh.601615,19.11890409,19.25260272,19.11890409,19.11890409,21.24779766,29650400,551314295.92,1.4059,-10.0194,1,0
2023-05-05,sh.601615,18.7178082,18.90292938,18.01846152,18.31671231,19.11890409,76241420,1363925656.53,3.6151,-4.1958,1,0
2023-05-08,sh.601615,18.44012643,18.90292938,18.23443623,18.69723918,18.31671231,38598034,697646110.0,1.8302,2.0775,1,0
2023-05-09,sh.601615,18.66638565,18.85150683,18.27557427,18.3064278,18.69723918,30120208,541140375.04,1.4282,-2.0902,1,0
2023-05-10,sh.601615,18.29614329,18.94406742,18.16244466,18.76923075,18.3064278,31018819,563493769.44,1.4708,2.5281,1,0
2023-05-11,sh.601615,18.76923075,19.35544782,18.67667016,19.14975762,18.76923075,25774719,479451887.33,1.2221,2.0274,1,0
2023-05-12,sh.601615,19.1291886,19.28345625,18.90292938,18.9234984,19.14975762,15161025,281245922.48,0.7189,-1.1815,1,0
2023-05-15,sh.601615,18.91321389,19.61256057,18.90292938,19.47886194,18.9234984,29108342,549471634.78,1.3802,2.9348,1,0
2023-05-16,sh.601615,19.47886194,19.82853528,19.37601684,19.51999998,19.47886194,22045961,419888549.73,1.0453,0.2112,1,0
2023-05-17,sh.601615,19.540569,19.66398312,19.19089566,19.38630135,19.51999998,17827239,335839979.74,0.8453,-0.6849,1,0
2023-05-18,sh.601615,19.49943096,19.53028449,19.24231821,19.38630135,19.38630135,12726819,239607096.67,0.6035,0.0,1,0
2023-05-19,sh.601615,19.38630135,19.48914645,19.14975762,19.28345625,19.38630135,12930229,242723449.04,0.6131,-0.5305,1,0
2023-05-22,sh.601615,19.29374076,19.6434141,19.27317174,19.41715488,19.28345625,11603403,219528530.61,0.5502,0.6933,1,0
2023-05-23,sh.601615,19.45829292,19.46857743,19.24231821,19.29374076,19.41715488,10470356,197070933.1,0.4965,-0.6356,1,0
2023-05-24,sh.601615,19.19089566,19.40687037,19.07776605,19.13947311,19.29374076,11219330,209826727.26,0.532,-0.7996,1,0
2023-05-25,sh.601615,18.96463644,19.42743939,18.96463644,19.24231821,19.13947311,12848227,240771970.57,0.6092,0.5373,1,0
2023-05-26,sh.601615,19.31430978,19.38630135,18.77951526,18.98520546,19.24231821,10646120,196195467.14,0.5048,-1.3362,1,0
2023-05-29,sh.601615,18.98520546,19.10861958,18.38870388,18.52240251,18.98520546,19343180,349021459.14,0.9172,-2.4377,1,0
2023-05-30,sh.601615,18.52240251,18.6149631,17.9978925,18.31671231,18.52240251,21148671,374331524.95,1.0028,-1.1105,1,0
2023-05-31,sh.601615,18.25500525,18.35785035,18.06988407,18.06988407,18.31671231,14680469,259326313.07,0.6961,-1.3476,1,0
2023-06-01,sh.601615,18.08016858,18.49154898,18.08016858,18.25500525,18.06988407,13645001,242961362.98,0.647,1.0245,1,0
2023-06-02,sh.601615,18.28585878,18.64581663,18.16244466,18.58410957,18.25500525,17212269,309710036.09,0.8161,1.8028,1,0
2023-06-05,sh.601615,18.6149631,18.6149631,18.14187564,18.34756584,18.58410957,15875099,282691803.86,0.7527,-1.2728,1,0
2023-06-06,sh.601615,18.32699682,18.35785035,17.76134877,17.82305583,18.34756584,21292360,372506983.23,1.0096,-2.8587,1,0
2023-06-07,sh.601615,17.81277132,17.86419387,17.11342464,17.16484719,17.82305583,28055066,473778938.8,1.3303,-3.693,1,0
2023-06-08,sh.601615,17.12370915,17.52480504,17.12370915,17.24712327,17.16484719,14671668,247246537.75,0.6957,0.4793,1,0
2023-06-09,sh.601615,17.24712327,17.77163328,17.11342464,17.60708112,17.24712327,19975907,338174939.1,0.9472,2.0871,1,0
2023-06-12,sh.601615,17.42195994,17.83334034,17.22655425,17.65850367,17.60708112,18957225,324053073.57,0.8989,0.2921,1,0
2023-06-13,sh.601615,17.65850367,17.75106426,17.32939935,17.40139092,17.65850367,14780092,250594633.05,0.7008,-1.456,1,0
2023-06-14,sh.601615,17.4851505,17.5270311,17.1501057,17.171046,17.4013893,12757223,210356928.82,0.6049,-1.3237,1,0
2023-06-15,sh.601615,17.171046,18.0924192,17.13963555,18.0924192,17.171046,28754737,487531079.21,1.3634,5.3659,1,0
2023-06-16,sh.601615,18.1133595,18.24947145,17.7783147,18.08194905,18.0924192,20217947,347720082.91,0.9587,-0.0579,1,0
2023-06-19,sh.601615,18.008658,18.27041175,17.9248968,18.16571025,18.08194905,14768071,255255158.65,0.7002,0.4632,1,0
2023-06-20,sh.601615,18.2390013,18.33323265,17.9248968,17.95630725,18.16571025,14761430,253981622.45,0.6999,-1.1527,1,0
2023-06-21,sh.601615,18.008658,18.2599416,17.66314305,17.66314305,17.95630725,13900522,237788700.13,0.6591,-1.6327,1,0
2023-06-26,sh.601615,16.80459075,17.45374005,16.61612805,17.1501057,17.66314305,23969454,392101806.07,1.1365,-2.9046,1,0
2023-06-27,sh.601615,17.26527735,17.74690425,17.07681465,17.32809825,17.1501057,18009243,298436233.8,0.8539,1.0379,1,0
2023-06-28,sh.601615,17.34903855,17.43279975,17.13963555,17.3595087,17.32809825,14670727,242452655.0,0.6956,0.1813,1,0
2023-06-29,sh.601615,17.3176281,17.7783147,17.2548072,17.3595087,17.3595087,15752774,262751901.72,0.7469,0.0,1,0
2023-06-30,sh.601615,17.30715795,17.7783147,17.171046,17.6736132,17.3595087,19704982,330255662.99,0.9343,1.8094,1,0
2023-07-03,sh.601615,17.76784455,18.20759085,17.7154938,18.04006845,17.6736132,21967986,377773883.06,1.0416,2.0735,1,0
2023-07-04,sh.601615,18.06100875,18.5740461,17.8830162,17.9877177,18.04006845,23768936,412585285.49,1.127,-0.2902,1,0
2023-07-05,sh.601615,18.0924192,18.0924192,17.589852,17.68408335,17.9877177,19738898,334413118.09,0.9359,-1.688,1,0
2023-07-06,sh.601615,17.70502365,17.7783147,17.34903855,17.53750125,17.68408335,18474715,309419638.99,0.876,-0.8289,1,0
2023-07-07,sh.601615,17.53750125,17.57938185,17.24433705,17.2757475,17.53750125,13283879,220694572.31,0.6299,-1.4925,1,0
2023-07-10,sh.601615,17.3176281,18.06100875,17.3176281,17.78878485,17.2757475,22833521,388301571.13,1.0827,2.9697,1,0
2023-07-11,sh.601615,17.74690425,17.91442665,17.51656095,17.62126245,17.78878485,13984834,235494927.61,0.6631,-0.9417,1,0
2023-07-12,sh.601615,17.589852,17.89348635,17.28621765,17.57938185,17.62126245,18600282,312696925.31,0.8819,-0.2377,1,0
2023-07-13,sh.601615,17.53750125,18.4693446,17.5060908,18.39605355,17.57938185,43253699,750071332.75,2.0509,4.6456,1,0
2023-07-14,sh.601615,18.3437028,18.5949864,18.14476995,18.1971207,18.39605355,25395253,443360520.95,1.2041,-1.0814,1,0
2023-07-17,sh.601615,18.20759085,18.3227625,18.008658,18.0714789,18.1971207,16969838,293711797.52,0.8046,-0.6904,1,0
2023-07-18,sh.601615,18.0714789,18.1342998,17.7783147,17.95630725,18.0714789,18767939,320913251.83,0.8899,-0.6373,1,0
2023-07-19,sh.601615,17.9248968,17.99818785,17.72596395,17.799255,17.95630725,13094692,222966437.68,0.6209,-0.8746,1,0
2023-07-20,sh.601615,17.8201953,18.1133595,17.7154938,17.7154938,17.799255,15485224,264048160.83,0.7342,-0.4706,1,0
2023-07-21,sh.601615,17.6736132,17.7573744,17.4851505,17.51656095,17.7154938,13091987,219947303.7,0.6208,-1.1229,1,0
2023-07-24,sh.601615,17.51656095,17.57938185,17.28621765,17.34903855,17.51656095,10869723,180737415.99,0.5154,-0.9564,1,0
2023-07-25,sh.601615,17.5479714,18.008658,17.4642102,17.9248968,17.34903855,23379926,398515564.49,1.1086,3.3193,1,0
2023-07-26,sh.601615,17.9458371,18.18665055,17.9039565,18.0924192,17.9248968,19156996,330456081.67,0.9083,0.9346,1,0
2023-07-27,sh.601615,18.0924192,18.9928521,18.0714789,18.5531058,18.0924192,39788543,709293240.55,1.8866,2.5463,1,0
2023-07-28,sh.601615,18.60545655,18.87768045,18.12382965,18.7206282,18.5531058,25726600,455307806.13,1.2199,0.9029,1,0
2023-07-31,sh.601615,18.6787476,19.00332225,18.62639685,18.87768045,18.7206282,20739400,373982267.25,0.9834,0.8389,1,0
2023-08-01,sh.601615,18.84627,18.96144165,18.64733715,18.75203865,18.87768045,15111847,270574274.67,0.7165,-0.6656,1,0
2023-08-02,sh.601615,18.6996879,18.83579985,18.5321655,18.7625088,18.75203865,15026169,268154532.07,0.7125,0.0558,1,0
2023-08-03,sh.601615,18.68921775,19.10802375,18.5949864,18.89862075,18.7625088,22230017,400677129.48,1.0541,0.7254,1,0
2023-08-04,sh.601615,18.9300312,19.04520285,18.75203865,18.79391925,18.89862075,14592549,262880466.09,0.6919,-0.554,1,0
2023-08-07,sh.601615,18.8253297,18.91956105,18.50075505,18.6578073,18.79391925,14861802,264577349.8,0.7047,-0.7242,1,0
2023-08-08,sh.601615,18.636867,18.636867,18.218061,18.3855834,18.6578073,12247558,214824387.89,0.5807,-1.459,1,0
2023-08-09,sh.601615,18.3855834,18.4902849,18.22853115,18.4484043,18.3855834,10019014,176083672.6,0.4751,0.3417,1,0
2023-08-10,sh.601615,18.45887445,18.7625088,18.4065237,18.62639685,18.4484043,9433488,167912542.18,0.4473,0.9648,1,0
2023-08-11,sh.601615,18.62639685,18.7834491,18.1133595,18.1133595,18.62639685,13062902,230080118.69,0.6194,-2.7544,1,0
2023-08-14,sh.601615,18.04006845,18.22853115,17.76784455,18.18665055,18.1133595,12014250,206526627.5,0.5697,0.4046,1,0
2023-08-15,sh.601615,18.1552401,18.2390013,18.008658,18.12382965,18.18665055,10273750,177768692.0,0.4871,-0.3454,1,0
2023-08-16,sh.601615,18.04006845,18.1761804,17.7154938,17.72596395,18.12382965,8835890,150933987.84,0.419,-2.1953,1,0
2023-08-17,sh.601615,17.70502365,17.74690425,17.49562065,17.57938185,17.72596395,10246506,172280116.53,0.4858,-0.8269,1,0
2023-08-18,sh.601615,17.62126245,17.72596395,17.2966878,17.2966878,17.57938185,9805785,163596391.37,0.465,-1.6081,1,0
2023-08-21,sh.601615,17.3176281,17.4223296,16.99305345,16.99305345,17.2966878,10125141,166018155.62,0.4801,-1.7554,1,0
2023-08-22,sh.601615,17.1082251,17.26527735,16.3753146,16.57424745,16.99305345,24472170,389668604.97,1.1604,-2.4646,1,0
2023-08-23,sh.601615,16.542837,16.6475385,15.90415785,15.914628,16.57424745,18508399,285229802.32,0.8776,-3.9798,1,0
2023-08-24,sh.601615,15.90415785,16.124031,15.6214638,15.705225,15.914628,18128394,273447987.3,0.8596,-1.3158,1,0
2023-08-25,sh.601615,15.6005235,15.67381455,15.1817175,15.25500855,15.705225,19126317,280750790.46,0.9069,-2.8667,1,0
2023-08-28,sh.601615,16.2287325,16.2287325,15.5377026,15.61099365,15.25500855,20430052,308888964.83,0.9687,2.3336,1,0
2023-08-29,sh.601615,15.50629215,16.0821504,15.50629215,15.73663545,15.61099365,19343380,292403408.16,0.9172,0.8048,1,0
2023-08-30,sh.601615,15.69475485,15.79945635,15.50629215,15.6214638,15.73663545,13823182,206607258.91,0.6554,-0.7319,1,0
2023-08-31,sh.601615,15.90415785,15.9565086,15.61099365,15.63193395,15.6214638,16028312,240589714.76,0.76,0.067,1,0
2023-09-01,sh.601615,15.6005235,16.1449713,15.6005235,16.09262055,15.63193395,19940265,303096233.01,0.9455,2.9471,1,0
2023-09-04,sh.601615,16.17638175,16.9825833,16.02979965,16.8569415,16.09262055,28103698,446352929.37,1.3326,4.7495,1,0
2023-09-05,sh.601615,16.75224,16.9825833,16.6894191,16.84647135,16.8569415,13842394,222348487.14,0.6563,-0.0621,1,0
2023-09-06,sh.601615,16.82553105,16.961643,16.6475385,16.72082955,16.84647135,10418778,166931936.3,0.494,-0.7458,1,0
2023-09-07,sh.601615,16.69988925,16.75224,16.333434,16.3543743,16.72082955,12810147,201716850.52,0.6074,-2.1916,1,0
2023-09-08,sh.601615,16.26014295,16.3962549,16.0402698,16.26014295,16.3543743,8769205,135772556.17,0.3885,-0.5762,1,0
2023-09-11,sh.601615,16.333434,16.6894191,16.28108325,16.6265982,16.26014295,15253198,240611649.38,0.6758,2.2537,1,0
2023-09-12,sh.601615,16.5847176,16.6475385,16.40672505,16.4800161,16.6265982,8948873,140894606.45,0.3965,-0.8816,1,0
2023-09-13,sh.601615,16.4800161,16.542837,16.09262055,16.1868519,16.4800161,10399299,161169470.56,0.4608,-1.7789,1,0
2023-09-14,sh.601615,16.23920265,16.30202355,15.914628,16.00885935,16.1868519,9252931,141666441.48,0.41,-1.0996,1,0
2023-09-15,sh.601615,16.0821504,16.1030907,15.82039665,15.9355683,16.00885935,9424858,143627938.25,0.4176,-0.4578,1,0
2023-09-18,sh.601615,15.92509815,16.3124937,15.8308668,16.0193295,15.9355683,10024293,154022132.16,0.4442,0.5256,1,0
2023-09-19,sh.601615,16.00885935,16.1030907,15.8308668,15.90415785,16.0193295,7831200,119118472.01,0.347,-0.719,1,0
2023-09-20,sh.601615,15.86227725,15.914628,15.73663545,15.7680459,15.90415785,10566473,159439046.04,0.4682,-0.8558,1,0
2023-09-21,sh.601615,15.71569515,15.8518071,15.54817275,15.54817275,15.7680459,9619907,143793283.29,0.4252,-1.3944,1,0
2023-09-22,sh.601615,15.5167623,15.94603845,15.5167623,15.92509815,15.54817275,11878725,179165787.11,0.525,2.4242,1,0
2023-09-25,sh.601615,15.9355683,15.9774489,15.6842847,15.84133695,15.92509815,9467797,142776646.43,0.4185,-0.526,1,0
2023-09-26,sh.601615,15.86227725,16.1030907,15.65287425,15.6842847,15.84133695,8844693,133743736.12,0.3909,-0.9914,1,0
2023-09-27,sh.601615,15.6424041,16.6265982,15.6424041,16.32296385,15.6842847,23848976,370714348.25,1.0541,4.0721,1,0
2023-09-28,sh.601615,16.36484445,16.63706835,16.26014295,16.5218967,16.32296385,13742912,216528653.3,0.6074,1.2187,1,0
2023-10-09,sh.601615,16.49048625,16.7312997,16.3753146,16.5637773,16.5218967,16582403,262067046.84,0.7329,0.2535,1,0
2023-10-10,sh.601615,16.542837,16.6475385,16.2706131,16.2706131,16.5637773,10959200,171855138.0,0.4844,-1.7699,1,0
2023-10-11,sh.601615,16.3753146,16.46954595,16.07168025,16.1030907,16.2706131,14420586,223786569.48,0.6374,-1.0296,1,0
2023-10-12,sh.601615,16.1449713,16.93023255,16.13450115,16.76271015,16.1030907,25446780,403381409.81,1.1247,4.0962,1,0
2023-10-13,sh.601615,16.6265982,16.67894895,16.23920265,16.36484445,16.76271015,12741074,199570932.61,0.5631,-2.3735,1,0
2023-10-16,sh.601615,16.3543743,16.55330715,16.0612101,16.124031,16.36484445,12127672,187360689.32,0.536,-1.4715,1,0
2023-10-17,sh.601615,16.2077922,16.5847176,16.11356085,16.1659116,16.124031,12306114,191233418.26,0.5439,0.2597,1,0
2023-10-18,sh.601615,16.124031,16.2287325,15.86227725,15.86227725,16.1659116,8966904,136575985.6,0.3963,-1.8782,1,0
2023-10-19,sh.601615,15.82039665,15.9774489,15.6005235,15.61099365,15.86227725,9773305,146996774.22,0.432,-1.5842,1,0
2023-10-20,sh.601615,15.5167623,16.15544145,15.5167623,15.90415785,15.61099365,21540863,327723900.33,0.9521,1.8779,1,0
2023-10-23,sh.601615,15.9565086,15.96697875,15.0979563,15.2445384,15.90415785,15741778,231459287.33,0.6958,-4.1475,1,0
2023-10-24,sh.601615,15.3073593,15.3911205,14.81526225,15.0351354,15.2445384,24399339,349656253.73,1.0784,-1.3736,1,0
2023-10-25,sh.601615,15.1817175,15.4330011,15.04560555,15.0979563,15.0351354,16162339,234628955.34,0.7144,0.4178,1,0
2023-10-26,sh.601615,14.91996375,14.91996375,14.1975234,14.41739655,15.0979563,33620125,463259734.31,1.486,-4.5076,1,0
2023-10-27,sh.601615,14.1975234,14.98278465,13.820598,14.9304339,14.41739655,27226695,377135112.19,1.2034,3.5585,1,0
2023-10-30,sh.601615,14.65821,14.9932548,14.2812846,14.867613,14.9304339,31209292,436989657.34,1.3794,-0.4208,1,0
2023-10-31,sh.601615,14.9094936,15.02466525,14.4278667,14.62679955,14.867613,25228425,351740267.8,1.1151,-1.6197,1,0
2023-11-01,sh.601615,14.6163294,14.8466727,14.50115775,14.7000906,14.62679955,17909769,250820660.62,0.7916,0.5011,1,0
2023-11-02,sh.601615,14.7000906,14.7210309,14.3441055,14.3650458,14.7000906,15009995,207477788.17,0.6634,-2.2792,1,0
2023-11-03,sh.601615,14.37551595,14.8047921,14.37551595,14.7000906,14.3650458,18718353,262022603.7,0.8273,2.3324,1,0
2023-11-06,sh.601615,14.8466727,15.25500855,14.7838518,15.15030705,14.7000906,21171742,305303073.55,0.9358,3.0627,1,0
2023-11-07,sh.601615,15.15030705,15.17124735,14.89902345,15.08748615,15.15030705,12377242,177836390.45,0.5471,-0.4147,1,0
2023-11-08,sh.601615,15.077016,15.27594885,15.00372495,15.17124735,15.08748615,16683891,241283825.4,0.7374,0.5552,1,0
2023-11-09,sh.601615,15.077016,15.48535185,15.0560757,15.38065035,15.17124735,20807707,305095747.46,0.9197,1.3803,1,0
2023-11-10,sh.601615,15.29688915,15.3073593,15.00372495,15.21312795,15.38065035,14309846,207022568.54,0.6325,-1.0892,1,0
2023-11-13,sh.601615,15.1398369,15.3701802,15.12936675,15.2445384,15.21312795,11544043,167887839.5,0.5102,0.2065,1,0
2023-11-14,sh.601615,15.2445384,15.33876975,15.0979563,15.1817175,15.2445384,10787000,156517356.0,0.4768,-0.4121,1,0
2023-11-15,sh.601615,15.3701802,15.5377026,15.2654787,15.4539414,15.1817175,15951056,234955244.33,0.705,1.7931,1,0
2023-11-16,sh.601615,15.3911205,15.4748817,15.0560757,15.06654585,15.4539414,15348107,222689660.96,0.6784,-2.5068,1,0
2023-11-17,sh.601615,15.06654585,15.2026578,14.89902345,15.1188966,15.06654585,10810340,155225009.39,0.4778,0.3475,1,0
2023-11-20,sh.601615,15.10842645,15.3073593,14.9723145,15.2654787,15.1188966,12828936,186054245.33,0.567,0.9695,1,0
2023-11-21,sh.601615,15.21312795,15.35971005,15.15030705,15.1817175,15.2654787,18288514,266810401.25,0.8083,-0.5487,1,0
2023-11-22,sh.601615,15.12936675,15.15030705,14.56397865,14.56397865,15.1817175,21235555,299527795.65,0.9386,-4.069,1,0
2023-11-23,sh.601615,14.6163294,14.79432195,14.5744488,14.7210309,14.56397865,11037035,154738594.59,0.4878,1.0784,1,0
2023-11-24,sh.601615,14.65821,14.7419712,14.50115775,14.58491895,14.7210309,11453243,159948128.52,0.5062,-0.9246,1,0
2023-11-27,sh.601615,14.54303835,14.68962045,14.3650458,14.48021745,14.58491895,14709647,203334601.74,0.6501,-0.7179,1,0
2023-11-28,sh.601615,14.4697473,14.6791503,14.31269505,14.60585925,14.48021745,18963402,263661334.08,0.8382,0.8677,1,0
2023-11-29,sh.601615,14.6791503,14.71056075,14.31269505,14.33363535,14.60585925,14795863,203838345.34,0.654,-1.8638,1,0
2023-11-30,sh.601615,14.3231652,14.3859861,14.06141145,14.10329205,14.33363535,19267495,260375590.53,0.8516,-1.607,1,0
2023-12-01,sh.601615,14.10329205,14.1137622,13.6321353,13.76824725,14.10329205,22930023,301671532.7,1.0135,-2.3756,1,0
2023-12-04,sh.601615,13.72636665,13.76824725,13.34944125,13.4436726,13.76824725,28562541,369560734.87,1.2624,-2.3574,1,0
2023-12-05,sh.601615,13.49602335,13.7158965,13.34944125,13.34944125,13.4436726,29208225,377153018.32,1.291,-0.7009,1,0
2023-12-06,sh.601615,13.32850095,13.5902547,13.2761502,13.5064935,13.34944125,19698365,253792390.63,0.8706,1.1765,1,0
2023-12-07,sh.601615,13.4436726,13.4646129,13.192389,13.401792,13.5064935,20347039,259239832.17,0.8993,-0.7752,1,0
2023-12-08,sh.601615,13.5064935,13.5274338,13.3599114,13.39132185,13.401792,22659689,290587822.67,1.0015,-0.0781,1,0
2023-12-11,sh.601615,13.30756065,13.55884425,13.0667472,13.5064935,13.39132185,24592718,311360329.26,1.087,0.86,1,0
2023-12-12,sh.601615,13.4227323,13.47508305,13.3180308,13.3389711,13.5064935,16286100,208199601.0,0.7198,-1.2403,1,0
2023-12-13,sh.601615,13.34944125,13.34944125,12.86781435,12.88875465,13.3389711,21528155,267912200.5,0.9515,-3.3752,1,0
2023-12-14,sh.601615,12.95157555,13.0876875,12.65841135,12.67935165,12.88875465,20357436,249305049.6,0.8998,-1.6247,1,0
2023-12-15,sh.601615,12.72123225,12.8782845,12.5222994,12.55370985,12.67935165,24323020,294411302.53,1.075,-0.9909,1,0
2023-12-18,sh.601615,12.57465015,12.6060606,12.28148595,12.3338367,12.55370985,21728950,256933178.62,0.9604,-1.7515,1,0
2023-12-19,sh.601615,12.3338367,12.5432397,12.19772475,12.4385382,12.3338367,19241455,227910219.69,0.8504,0.8489,1,0
2023-12-20,sh.601615,12.4385382,12.51182925,12.2081949,12.2500755,12.4385382,14324108,168754898.4,0.6331,-1.5152,1,0
2023-12-21,sh.601615,12.145374,12.5222994,12.1034934,12.4175979,12.2500755,25658846,301813707.1,1.1341,1.3675,1,0
2023-12-22,sh.601615,12.4175979,12.72123225,12.28148595,12.5222994,12.4175979,30318543,362213514.34,1.34,0.8432,1,0
2023-12-25,sh.601615,12.5222994,12.6479412,12.3966576,12.4594785,12.5222994,15236199,182030294.0,0.6734,-0.5017,1,0
2023-12-26,sh.601615,12.46994865,12.5432397,12.34430685,12.4594785,12.4594785,17914499,213072492.08,0.7918,0.0,1,0
2023-12-27,sh.601615,12.51182925,12.5851203,12.3128964,12.3757173,12.4594785,21153853,250503212.4,0.935,-0.6723,1,0
2023-12-28,sh.601615,12.5013591,13.05627705,12.34430685,12.97251585,12.3757173,51811667,634150563.68,2.29,4.8223,1,0
2023-12-29,sh.601615,12.8992248,13.14003825,12.8782845,13.1295681,12.97251585,37633093,468721350.44,1.6633,1.2107,1,0
2024-01-02,sh.601615,13.1505084,13.18191885,12.8992248,12.9411054,13.1295681,20396975,253026973.48,0.9015,-1.4354,1,0
2024-01-03,sh.601615,12.8573442,13.03533675,12.8154636,12.90969495,12.9411054,18821792,232076507.42,0.8319,-0.2427,1,0
2024-01-04,sh.601615,12.90969495,12.90969495,12.56418,12.6898218,12.90969495,18568016,225137894.67,0.8207,-1.7032,1,0
2024-01-05,sh.601615,12.70029195,12.88875465,12.30242625,12.38618745,12.6898218,21000932,252287644.32,0.9282,-2.3927,1,0
2024-01-08,sh.601615,12.354777,12.55370985,12.1663143,12.1872546,12.38618745,19311636,226930842.04,0.8535,-1.6061,1,0
2024-01-09,sh.601615,12.17678445,12.56418,11.935971,12.2710158,12.1872546,25083408,293285706.97,1.1087,0.6873,1,0
2024-01-10,sh.601615,12.1663143,12.4594785,12.0197322,12.21866505,12.2710158,22572738,264079407.07,0.9977,-0.4266,1,0
2024-01-11,sh.601615,12.2291352,12.4594785,12.05114265,12.4175979,12.21866505,29091260,340183078.98,1.2858,1.6281,1,0
2024-01-12,sh.601615,12.3757173,12.44900835,12.03020235,12.145374,12.4175979,42612576,497239271.13,1.8834,-2.1922,1,0
2024-01-15,sh.601615,12.05114265,12.19772475,11.8522098,11.8731501,12.145374,30575309,349614242.47,1.3514,-2.2414,1,0
2024-01-16,sh.601615,11.84173965,11.9778516,11.61139635,11.8103292,11.8731501,45265735,507696115.36,2.0007,-0.5291,1,0
2024-01-17,sh.601615,11.7684486,11.77891875,11.4334038,11.44387395,11.8103292,31609173,349832313.66,1.3971,-3.1028,1,0
2024-01-18,sh.601615,11.3915232,11.67421725,11.2240008,11.6428068,11.44387395,37914263,414452196.88,1.6758,1.7383,1,0
2024-01-19,sh.601615,11.61139635,11.9778516,11.42293365,11.42293365,11.6428068,33582100,373328768.01,1.4843,-1.8885,1,0
2024-01-22,sh.601615,11.40199335,11.4124635,10.7633142,10.9098963,11.42293365,35987918,382771282.12,1.5906,-4.4913,1,0
2024-01-23,sh.601615,10.8470754,11.06694855,10.679553,10.94130675,10.9098963,39839028,415700551.15,1.7608,0.2879,1,0
2024-01-24,sh.601615,11.02506795,11.17165005,10.5748515,11.00412765,10.94130675,33067507,342794121.22,1.4615,0.5742,1,0
2024-01-25,sh.601615,11.0145978,11.33917245,10.85754555,11.307762,11.00412765,34967683,372228635.04,1.5455,2.7593,1,0
2024-01-26,sh.601615,11.2449411,11.3705829,11.15070975,11.17165005,11.307762,23928292,256719270.25,1.0576,-1.2037,1,0
2024-01-29,sh.601615,11.21353065,11.2449411,10.83660525,10.85754555,11.17165005,22360657,234192142.08,0.9883,-2.8116,1,0
2024-01-30,sh.601615,10.81566495,10.9308366,10.45967985,10.47015,10.85754555,23742800,242087710.0,1.0494,-3.568,1,0
2024-01-31,sh.601615,9.423135,9.5278365,9.423135,9.423135,10.47015,49592838,446595036.85,2.1919,-10.0,1,0
2024-02-01,sh.601615,9.004329,9.9257022,8.794926,9.49642605,9.423135,138263420,1244556654.47,6.1111,0.7778,1,0
2024-02-02,sh.601615,9.47548575,9.89429175,8.82633645,9.1299708,9.49642605,82326471,739022687.1,3.6387,-3.8589,1,0
2024-02-05,sh.601615,9.11950065,9.11950065,8.21906775,8.5645827,9.1299708,67726671,557011990.87,2.9934,-6.1927,1,0
2024-02-06,sh.601615,8.5017618,8.9205678,8.24000805,8.84727675,8.5645827,66781740,550532362.32,2.9517,3.3007,1,0
2024-02-07,sh.601615,8.84727675,9.3603141,8.84727675,9.1718514,8.84727675,70416852,615299281.51,3.1123,3.6686,1,0
2024-02-08,sh.601615,9.3184335,9.55924695,9.004329,9.49642605,9.1718514,63924018,570285813.6,2.8254,3.5388,1,0
2024-02-19,sh.601615,9.60112755,9.6953589,9.3812544,9.6115977,9.49642605,47963486,436543746.14,2.1199,1.2128,1,0
2024-02-20,sh.601615,9.58018725,9.68488875,9.37078425,9.64300815,9.6115977,32515994,296886364.82,1.4372,0.3268,1,0
2024-02-21,sh.601615,9.85241115,10.20839625,9.6534783,9.9885231,9.64300815,53984545,512435539.78,2.386,3.5831,1,0
2024-02-22,sh.601615,9.87335145,10.1141649,9.841941,10.08275445,9.9885231,34963881,334214132.68,1.5454,0.9434,1,0
2024-02-23,sh.601615,10.08275445,10.43873955,10.06181415,10.4282694,10.08275445,41837179,412070689.48,1.8492,3.4268,1,0
2024-02-26,sh.601615,10.4492097,10.8051948,10.3235679,10.5957918,10.4282694,42883411,431853405.03,1.8954,1.6064,1,0
2024-02-27,sh.601615,10.5329709,10.64814255,10.4073291,10.6376724,10.5957918,37299382,375234651.19,1.6486,0.3953,1,0
2024-02-28,sh.601615,10.679553,11.0145978,10.3026276,10.3026276,10.6376724,52960811,541325024.5,2.3408,-3.1496,1,0
2024-02-29,sh.601615,10.1560455,10.679553,10.1141649,10.679553,10.3026276,40317249,405405146.19,1.782,3.6585,1,0
2024-03-01,sh.601615,10.7423739,10.77378435,10.5748515,10.66908285,10.679553,28189332,286684193.23,1.2459,-0.098,1,0
2024-03-04,sh.601615,10.679553,10.8051948,10.5539112,10.62720225,10.66908285,25503676,259456879.28,1.1272,-0.3925,1,0
2024-03-05,sh.601615,10.62720225,10.62720225,10.3654485,10.43873955,10.62720225,30477964,304641210.02,1.3471,-1.7734,1,0
2024-03-06,sh.601615,10.39685895,10.98318735,10.35497835,10.81566495,10.43873955,49370955,505677085.28,2.1821,3.6108,1,0
2024-03-07,sh.601615,10.7633142,10.8261351,10.3654485,10.37591865,10.81566495,47300501,475717728.88,2.0906,-4.0658,1,0
2024-03-08,sh.601615,10.47015,10.73190375,10.3445082,10.60626195,10.37591865,35734460,360067299.56,1.5794,2.22,1,0
2024-03-11,sh.601615,10.69002315,10.9517769,10.6376724,10.9308366,10.60626195,46807217,483285469.1,2.0688,3.0602,1,0
2024-03-12,sh.601615,10.9517769,11.04600825,10.8470754,10.94130675,10.9308366,36366552,379554929.72,1.6062,0.0958,1,0
2024-03-13,sh.601615,10.92036645,11.0564784,10.7633142,10.888956,10.94130675,33067036,344061226.24,1.4605,-0.4785,1,0
2024-03-14,sh.601615,10.888956,10.98318735,10.6376724,10.7842545,10.888956,28441582,293908477.69,1.2562,-0.9615,1,0
2024-03-15,sh.601615,10.75284405,10.888956,10.5539112,10.7004933,10.7842545,30025543,305807915.07,1.3262,-0.7767,1,0
2024-03-18,sh.601615,10.7633142,10.9098963,10.66908285,10.9098963,10.7004933,40380254,416194634.91,1.7835,1.9569,1,0
2024-03-19,sh.601615,10.9308366,10.9517769,10.77378435,10.77378435,10.9098963,23438951,242590372.1,1.0352,-1.2476,1,0
2024-03-20,sh.601615,10.7842545,10.98318735,10.7633142,10.85754555,10.77378435,24413090,252790684.33,1.0783,0.7775,1,0
2024-03-21,sh.601615,10.89942615,10.89942615,10.679553,10.8051948,10.85754555,25989034,267823453.04,1.1479,-0.4822,1,0
2024-03-22,sh.601615,10.75284405,10.7842545,10.4073291,10.4073291,10.8051948,36819225,369621227.96,1.6262,-3.6822,1,0
2024-03-25,sh.601615,10.3654485,10.5120306,10.1769858,10.1769858,10.4073291,28793608,283360296.64,1.2717,-2.2133,1,0
2024-03-26,sh.601615,10.1769858,10.2816873,9.97805295,10.22933655,10.1769858,30331865,293864051.3,1.3397,0.5144,1,0
2024-03-27,sh.601615,10.22933655,10.260747,9.7791201,9.78959025,10.22933655,24532902,234151886.7,1.0836,-4.2989,1,0
2024-03-28,sh.601615,9.7372395,9.99899325,9.7372395,9.841941,9.78959025,22815068,215362835.3,1.0077,0.5348,1,0
2024-03-29,sh.601615,9.78959025,9.9047619,9.70582905,9.85241115,9.841941,17716961,165988885.53,0.7825,0.1064,1,0
2024-04-01,sh.601615,9.8628813,10.14557535,9.8628813,10.14557535,9.85241115,22222983,213788644.93,0.9815,2.9756,1,0
2024-04-02,sh.601615,10.5748515,10.6586127,10.25027685,10.3026276,10.14557535,51039560,507194977.65,2.2543,1.548,1,0
2024-04-03,sh.601615,10.20839625,10.29215745,9.99899325,10.0304037,10.3026276,36624025,352612687.5,1.6176,-2.6423,1,0
2024-04-08,sh.601615,9.93617235,9.9885231,9.6115977,9.6115977,10.0304037,30793474,287226946.36,1.3601,-4.1754,1,0
2024-04-09,sh.601615,9.64300815,9.9885231,9.632538,9.9885231,9.6115977,36480265,345074758.5,1.6112,3.9216,1,0
2024-04-10,sh.601615,9.9466425,9.9675828,9.5697171,9.632538,9.9885231,24469583,227305588.02,1.0808,-3.5639,1,0
2024-04-11,sh.601615,9.53830665,9.74770965,9.4440753,9.632538,9.632538,20993661,192860761.98,0.9272,0.0,1,0
2024-04-12,sh.601615,9.99899325,10.37591865,9.841941,9.85241115,9.632538,61110527,586580845.87,2.6991,2.2826,1,0
2024-04-15,sh.601615,9.85241115,10.06181415,9.5068962,9.70582905,9.85241115,44690596,414477647.11,1.9739,-1.4878,1,0
2024-04-16,sh.601615,9.5906574,9.70582905,9.2556126,9.28702305,9.70582905,38401715,345150751.9,1.6961,-4.315,1,0
2024-04-17,sh.601615,9.4021947,9.6115977,9.3812544,9.60112755,9.28702305,33563234,305062185.36,1.4824,3.3822,1,0
2024-04-18,sh.601615,9.5906574,9.6534783,9.43360515,9.5068962,9.60112755,22832510,208599003.91,1.0085,-0.9815,1,0
2024-04-19,sh.601615,9.4650156,9.49642605,9.22420215,9.2556126,9.5068962,29736743,264508373.15,1.3134,-2.6432,1,0
2024-04-22,sh.601615,9.2346723,9.39172455,9.11950065,9.22420215,9.2556126,26778117,235969397.35,1.1827,-0.3394,1,0
2024-04-23,sh.601615,9.1299708,9.2765529,9.0671499,9.09856035,9.22420215,23771834,207518214.7,1.0499,-1.3621,1,0
2024-04-24,sh.601615,9.1090305,9.18232155,9.004329,9.16138125,9.09856035,22147762,192879068.21,0.9782,0.6904,1,0
2024-04-25,sh.601615,9.16138125,9.34984395,9.05667975,9.2974932,9.16138125,23494433,207581969.74,1.0377,1.4857,1,0
2024-04-26,sh.601615,9.26608275,9.7162992,9.1509111,9.6744186,9.2974932,43239889,391331744.43,1.9098,4.0541,1,0
2024-04-29,sh.601615,9.7581798,10.6376724,9.7581798,10.58532165,9.6744186,106448668,1062092332.3,4.7016,9.4156,1,0
2024-04-30,sh.601615,10.52250075,10.5748515,10.27121715,10.27121715,10.58532165,67369780,668453055.24,2.9756,-2.9674,1,0
2024-05-06,sh.601615,10.52250075,10.60626195,10.4492097,10.56438135,10.27121715,49967135,503554253.28,2.2069,2.8542,1,0
2024-05-07,sh.601615,10.5748515,10.8261351,10.52250075,10.6376724,10.56438135,47963800,488146775.24,2.1185,0.6938,1,0
2024-05-08,sh.601615,10.6167321,10.92036645,10.5748515,10.7004933,10.6376724,56327674,579572628.14,2.4879,0.5906,1,0
2024-05-09,sh.601615,10.7004933,11.0355381,10.679553,10.9936575,10.7004933,56270841,585320597.04,2.4854,2.7397,1,0
2024-05-10,sh.601615,11.0145978,11.27635155,10.8470754,11.15070975,10.9936575,58572585,620140577.29,2.587,1.4286,1,0
2024-05-13,sh.601615,11.17165005,11.517165,11.15070975,11.48575455,11.15070975,73532257,797941674.75,3.2478,3.0047,1,0
2024-05-14,sh.601615,11.517165,11.59045605,11.1192993,11.1402396,11.48575455,64434920,690340011.3,2.8459,-3.0082,1,0
2024-05-15,sh.601615,11.15070975,11.25541125,10.9517769,10.96224705,11.1402396,45652753,480829497.35,2.0164,-1.5977,1,0
2024-05-16,sh.601615,10.94130675,11.1611799,10.888956,11.0145978,10.96224705,30808000,324960027.0,1.3607,0.4776,1,0
2024-05-17,sh.601615,10.96224705,11.04600825,10.71096345,11.02506795,11.0145978,41040631,425206725.57,1.8127,0.0951,1,0
2024-05-20,sh.601615,10.9936575,11.1821202,10.89942615,11.0355381,11.02506795,33519511,352773799.29,1.4805,0.095,1,0
2024-05-21,sh.601615,11.00412765,11.02506795,10.7633142,10.8051948,11.0355381,21694801,225259472.2,0.9582,-2.0873,1,0
2024-05-22,sh.601615,10.8680157,11.2030605,10.8261351,11.12976945,10.8051948,40934750,430962866.0,1.808,3.0039,1,0
2024-05-23,sh.601615,11.0145978,11.0355381,10.87848585,10.9098963,11.12976945,27934274,292032218.4,1.2338,-1.9755,1,0
2024-05-24,sh.601615,10.9098963,11.0774187,10.8470754,10.87848585,10.9098963,23409954,244709702.18,1.034,-0.2879,1,0
2024-05-27,sh.601615,10.9098963,10.9727172,10.69002315,10.9098963,10.87848585,30550800,315545144.6,1.3494,0.2887,1,0
2024-05-28,sh.601615,10.8680157,11.1192993,10.83660525,10.83660525,10.9098963,31065200,325921471.5,1.3721,-0.6718,1,0
2024-05-29,sh.601615,10.77378435,11.27635155,10.7423739,10.9727172,10.83660525,51816820,547017994.2,2.2886,1.256,1,0
2024-05-30,sh.601615,11.08788885,11.17165005,10.81566495,10.89942615,10.9727172,33230690,347827530.0,1.4677,-0.6679,1,0
2024-05-31,sh.601615,10.81566495,10.9098963,10.64814255,10.64814255,10.89942615,45947323,472751924.59,2.0294,-2.3055,1,0
2024-06-03,sh.601615,10.47015,10.77378435,10.47015,10.71096345,10.64814255,37262028,378758483.29,1.6458,0.59,1,0
2024-06-04,sh.601615,10.66908285,10.9098963,10.54344105,10.89942615,10.71096345,26009242,266583631.76,1.1488,1.7595,1,0
2024-06-05,sh.601615,10.85754555,10.98318735,10.7633142,10.85754555,10.89942615,26112678,271515013.68,1.1533,-0.3842,1,0
2024-06-06,sh.601615,10.81566495,10.9727172,10.679553,10.75284405,10.85754555,27633728,284516070.28,1.2205,-0.9643,1,0
2024-06-07,sh.601615,10.7633142,10.8470754,10.5120306,10.71096345,10.75284405,33147850,337588166.0,1.4641,-0.3895,1,0
2024-06-11,sh.601615,10.66908285,10.73190375,10.45967985,10.69002315,10.71096345,30151676,304945499.89,1.3317,-0.1955,1,0
2024-06-12,sh.601615,10.6586127,10.75284405,10.4910903,10.7214336,10.69002315,31818571,322697380.84,1.4054,0.2938,1,0
2024-06-13,sh.601615,10.69002315,10.98318735,10.6586127,10.81566495,10.7214336,42431209,439354677.47,1.8741,0.8789,1,0
2024-06-14,sh.601615,10.77378435,11.48575455,10.66908285,11.48575455,10.81566495,102694536,1099961278.69,4.5358,6.1955,1,0
2024-06-17,sh.601615,11.3496426,11.3496426,10.79472465,11.04600825,11.48575455,87221912,918800137.57,3.8524,-3.8286,1,0
2024-06-18,sh.601615,10.9727172,11.1192993,10.8261351,11.0564784,11.04600825,37265764,390890963.7,1.6459,0.0948,1,0
2024-06-19,sh.601615,10.9936575,11.0145978,10.66908285,10.679553,11.0564784,46201389,474321124.19,2.0406,-3.4091,1,0
2024-06-20,sh.601615,10.62720225,10.71096345,10.4073291,10.4073291,10.679553,33792000,338774902.0,1.4925,-2.549,1,0
2024-06-21,sh.601615,10.3863888,10.45967985,10.260747,10.3235679,10.4073291,23837482,235304604.83,1.0528,-0.8048,1,0
2024-06-24,sh.601615,10.33403805,10.3445082,10.0722843,10.14557535,10.3235679,28089600,273319721.22,1.2407,-1.7241,1,0
2024-06-25,sh.601615,10.16651565,10.3863888,10.04087385,10.12463505,10.14557535,23429036,228736208.5,1.0348,-0.2064,1,0
2024-06-26,sh.601615,10.12463505,10.3026276,9.93617235,10.27121715,10.12463505,20385044,197355077.08,0.9004,1.4478,1,0
2024-06-27,sh.601615,10.2398067,10.35497835,9.97805295,9.99899325,10.27121715,19860821,192122158.41,0.8772,-2.6504,1,0
2024-06-28,sh.601615,9.99899325,10.1141649,9.8628813,9.8838216,9.99899325,23047999,220137678.43,1.018,-1.1518,1,0
2024-07-01,sh.601615,9.8838216,10.3654485,9.8838216,10.260747,9.8838216,31790974,308398363.08,1.4041,3.8136,1,0
2024-07-02,sh.601615,10.1351052,10.29215745,9.9257022,9.95711265,10.260747,23643606,227021939.1,1.0443,-2.9592,1,0
2024-07-03,sh.601615,9.97805295,10.0094634,9.81053055,9.8628813,9.95711265,16169044,152462650.92,0.7141,-0.9464,1,0
2024-07-04,sh.601615,9.841941,9.91523205,9.66394845,9.70582905,9.8628813,15730295,147015874.66,0.6948,-1.5924,1,0
2024-07-05,sh.601615,9.74905954,9.77067608,9.58693549,9.727443,9.70582646,16899989,151440433.73,0.7464,0.2227,1,0
2024-07-08,sh.601615,9.73825127,9.79229262,9.5112776,9.53289414,9.727443,16695985,148352559.67,0.7374,-2.0,1,0
2024-07-09,sh.601615,9.53289414,9.69501819,9.34915355,9.65178511,9.53289414,18524807,163279276.08,0.8182,1.2472,1,0
2024-07-10,sh.601615,9.60855203,9.90037532,9.57612722,9.69501819,9.65178511,17664220,159607071.6,0.7802,0.4479,1,0
2024-07-11,sh.601615,9.82471743,9.9436084,9.727443,9.88956705,9.69501819,28119845,256172415.3,1.242,2.0067,1,0
2024-07-12,sh.601615,9.8355257,10.08411591,9.81390916,10.03007456,9.88956705,28082144,259371811.36,1.2403,1.4208,1,0
2024-07-15,sh.601615,9.9436084,9.99764975,9.78148435,9.86795051,10.03007456,18701000,170668623.0,0.826,-1.6164,1,0
2024-07-16,sh.601615,9.86795051,9.88956705,9.55451068,9.82471743,9.86795051,20583977,185613551.25,0.9091,-0.4381,1,0
2024-07-17,sh.601615,9.85714224,9.87875878,9.69501819,9.78148435,9.82471743,14153321,128163301.12,0.6251,-0.44,1,0
2024-07-18,sh.601615,9.73825127,9.96522494,9.59774376,9.91118359,9.78148435,16108941,146029336.58,0.7115,1.326,1,0
2024-07-19,sh.601615,9.88956705,10.10573245,9.87875878,10.04088283,9.91118359,16893814,156544621.74,0.7462,1.3086,1,0
2024-07-22,sh.601615,10.04088283,10.34351439,10.03007456,10.27866477,10.04088283,25294094,238968554.01,1.1172,2.3681,1,0
2024-07-23,sh.601615,10.2678565,10.52725498,10.20300688,10.21381515,10.27866477,30715716,294478122.28,1.3566,-0.6309,1,0
2024-07-24,sh.601615,10.18139034,10.49483017,10.14896553,10.31108958,10.21381515,27836476,266428811.44,1.2295,0.9524,1,0
2024-07-25,sh.601615,10.24623996,10.63533768,10.22462342,10.57048806,10.31108958,39207394,380095397.56,1.7317,2.5157,1,0
2024-07-26,sh.601615,10.5921046,11.05686021,10.42998055,10.86231135,10.57048806,61592449,616772545.47,2.7204,2.7607,1,0
2024-07-29,sh.601615,10.86231135,10.9163527,10.51644671,10.55967979,10.86231135,42103390,416223667.6,1.8596,-2.7861,1,0
2024-07-30,sh.601615,10.4840219,10.66776249,10.40836401,10.52725498,10.55967979,20949928,204219030.65,0.9253,-0.3071,1,0
2024-07-31,sh.601615,10.51644671,10.77584519,10.28947304,10.74342038,10.52725498,35182691,344641856.17,1.5539,2.0534,1,0
2024-08-01,sh.601615,10.71099557,10.81907827,10.55967979,10.64614595,10.74342038,22658216,223764536.6,1.0008,-0.9054,1,0
2024-08-02,sh.601615,10.5921046,10.81907827,10.51644671,10.53806325,10.64614595,26245400,258744057.84,1.1592,-1.0152,1,0
2024-08-05,sh.601615,10.39755574,10.63533768,10.31108958,10.33270612,10.53806325,24099371,233563718.99,1.0644,-1.9487,1,0
2024-08-06,sh.601615,10.42998055,10.74342038,10.42998055,10.66776249,10.33270612,28432192,279250174.52,1.2558,3.2427,1,0
2024-08-07,sh.601615,10.66776249,10.7001873,10.52725498,10.54887152,10.66776249,14270934,140108631.2,0.6303,-1.1145,1,0
2024-08-08,sh.601615,10.53806325,10.58129633,10.36513093,10.46240536,10.54887152,14792500,143108974.03,0.6534,-0.8197,1,0
2024-08-09,sh.601615,10.50563844,10.58129633,10.25704823,10.25704823,10.46240536,15455000,148550101.0,0.6826,-1.9628,1,0
2024-08-12,sh.601615,10.4840219,10.55967979,10.24623996,10.28947304,10.25704823,17380000,166437520.0,0.7676,0.3161,1,0
2024-08-13,sh.601615,10.22462342,10.40836401,10.14896553,10.34351439,10.28947304,12097108,115104189.0,0.5343,0.5252,1,0
2024-08-14,sh.601615,10.35432266,10.38674747,10.07330764,10.07330764,10.34351439,13979300,131630923.0,0.6174,-2.6123,1,0
2024-08-15,sh.601615,10.10573245,10.24623996,9.96522494,10.10573245,10.07330764,14127964,132099123.6,0.624,0.3219,1,0
2024-08-16,sh.601615,10.08411591,10.12734899,9.95441667,9.99764975,10.10573245,13240700,123107989.0,0.5848,-1.0695,1,0
2024-08-19,sh.601615,9.95441667,10.06249937,9.91118359,9.95441667,9.99764975,12641800,116360427.0,0.5584,-0.4324,1,0
2024-08-20,sh.601615,9.93280013,9.97603321,9.727443,9.73825127,9.95441667,13991153,126967008.49,0.618,-2.1716,1,0
2024-08-21,sh.601615,9.70582646,9.727443,9.56531895,9.57612722,9.73825127,13036430,116214970.0,0.5758,-1.6648,1,0
2024-08-22,sh.601615,9.65178511,9.75986781,9.27349566,9.27349566,9.57612722,25307132,220081719.49,1.1178,-3.1603,1,0
2024-08-23,sh.601615,9.25187912,9.37077009,9.13298815,9.15460469,9.27349566,15121795,129116516.63,0.6679,-1.2821,1,0
2024-08-26,sh.601615,9.28430393,9.54370241,9.21945431,9.37077009,9.15460469,22210950,193694033.0,0.981,2.3613,1,0
2024-08-27,sh.601615,9.35996182,9.42481144,9.16541296,9.32753701,9.37077009,15707741,135120771.76,0.6938,-0.4614,1,0
2024-08-28,sh.601615,9.2951122,9.81390916,9.27349566,9.727443,9.32753701,26965844,239398542.35,1.191,4.2874,1,0
2024-08-29,sh.601615,9.78148435,9.9436084,9.59774376,9.75986781,9.727443,26995755,243871570.15,1.1923,0.3333,1,0
2024-08-30,sh.601615,9.727443,9.99764975,9.6193603,9.86795051,9.75986781,24877728,226185806.6,1.0988,1.1074,1,0
2024-09-02,sh.601615,9.79229262,9.86795051,9.32753701,9.33834528,9.86795051,35940436,316296764.68,1.5874,-5.3669,1,0
2024-09-03,sh.601615,9.34915355,9.42481144,9.25187912,9.38157836,9.33834528,21881634,189324890.04,0.9665,0.463,1,0
2024-09-04,sh.601615,9.2951122,9.60855203,9.27349566,9.47885279,9.38157836,21954638,192311696.21,0.9697,1.0369,1,0
2024-09-05,sh.601615,9.48966106,9.65178511,9.38157836,9.44642798,9.47885279,18304136,161263625.76,0.8085,-0.3421,1,0
2024-09-06,sh.601615,9.43561971,9.45723625,9.14379642,9.1870295,9.44642798,22664300,193707204.0,1.001,-2.746,1,0
2024-09-09,sh.601615,9.1870295,9.1870295,9.01409718,9.05733026,9.1870295,18023843,151362197.06,0.7961,-1.4118,1,0
2024-09-10,sh.601615,9.06813853,9.16541296,8.94924756,9.11137161,9.05733026,15112133,126458045.74,0.6675,0.5967,1,0
2024-09-11,sh.601615,9.10056334,9.1870295,9.02490545,9.10056334,9.11137161,13626200,114723865.0,0.6018,-0.1186,1,0
2024-09-12,sh.601615,9.10056334,9.34915355,9.06813853,9.14379642,9.10056334,16667545,142138690.32,0.7362,0.4751,1,0
2024-09-13,sh.601615,9.15460469,9.21945431,9.01409718,9.02490545,9.14379642,13221347,111366476.37,0.584,-1.3002,1,0
2024-09-18,sh.601615,9.02490545,9.06813853,8.85197313,9.01409718,9.02490545,12707534,105237245.6,0.5613,-0.1198,1,0
2024-09-19,sh.601615,9.06813853,9.26268739,8.98167237,9.12217988,9.01409718,14641320,123577992.06,0.6467,1.199,1,0
2024-09-20,sh.601615,9.13298815,9.13298815,8.92763102,9.03571372,9.12217988,15795655,131745064.42,0.6977,-0.9479,1,0
2024-09-23,sh.601615,9.02490545,9.06813853,8.7546987,8.76550697,9.03571372,22730410,186543397.61,1.0039,-2.9904,1,0
2024-09-24,sh.601615,8.80874005,9.20864604,8.66823254,9.19783777,8.76550697,41732313,345319513.43,1.8432,4.9322,1,0
2024-09-25,sh.601615,9.31672874,9.8355257,9.2951122,9.45723625,9.19783777,53247738,472425438.89,2.3518,2.8202,1,0
2024-09-26,sh.601615,9.44642798,9.81390916,9.41400317,9.81390916,9.45723625,33069864,294728571.68,1.4606,3.7714,1,0
2024-09-27,sh.601615,9.98684148,10.67857076,9.98684148,10.61372114,9.81390916,41009231,393441906.3,1.8113,8.1498,1,0
2024-09-30,sh.601615,11.15413464,11.6729316,10.9163527,11.6729316,10.61372114,86003190,907654022.55,3.7986,9.9796,1,0
2024-10-08,sh.601615,12.84022476,12.84022476,11.889097,12.58082628,11.6729316,110467296,1280117256.85,4.8791,7.7778,1,0
2024-10-09,sh.601615,12.4295105,12.4295105,11.39191658,11.55404063,12.58082628,76972280,846890249.99,3.3997,-8.1615,1,0
2024-10-10,sh.601615,11.65131506,12.24576991,11.65131506,11.85667219,11.55404063,60029984,663163523.58,2.6514,2.6193,1,0
2024-10-11,sh.601615,11.889097,11.94313835,11.16494291,11.27302561,11.85667219,38445460,406628896.14,1.698,-4.9225,1,0
2024-10-14,sh.601615,11.3486835,11.48919101,11.1325181,11.40272485,11.27302561,32454155,339797050.26,1.4334,1.1505,1,0
2024-10-15,sh.601615,11.38110831,11.40272485,11.03524367,11.04605194,11.40272485,28294706,293866135.98,1.2497,-3.128,1,0
2024-10-16,sh.601615,10.88392789,11.08928502,10.81907827,11.00281886,11.04605194,28889646,292867122.75,1.276,-0.3914,1,0
2024-10-17,sh.601615,11.00281886,11.18655945,10.79746173,10.80827,11.00281886,25311514,256844412.82,1.118,-1.7682,1,0
2024-10-18,sh.601615,10.80827,11.44595793,10.73261211,11.17575118,10.80827,45420563,466141725.0,2.0061,3.4,1,0
2024-10-21,sh.601615,11.22979253,11.69454814,11.22979253,11.46757447,11.17575118,44641053,471777508.97,1.9717,2.6112,1,0
2024-10-22,sh.601615,11.46757447,12.47274358,11.37030004,12.31061953,11.46757447,85065715,948422345.8,3.7572,7.3516,1,0
2024-10-23,sh.601615,12.29981126,13.35902172,12.23496164,13.04558189,12.31061953,123537421,1484473891.58,5.4564,5.9701,1,0
2024-10-24,sh.601615,12.969924,12.969924,12.5375932,12.58082628,13.04558189,57489212,673911062.23,2.5392,-3.5626,1,0
2024-10-25,sh.601615,12.52678493,13.38063826,12.46193531,13.24013075,12.58082628,70438888,854355645.97,3.1111,5.2405,1,0
2024-10-28,sh.601615,13.44548788,13.48872096,12.91588265,13.01315708,13.24013075,58208666,707331437.62,2.5709,-1.7143,1,0
2024-10-29,sh.601615,13.02396535,13.22932248,12.59163455,12.6456759,13.01315708,53765083,635726706.21,2.3747,-2.8239,1,0
2024-10-30,sh.601615,12.55920974,13.13204805,12.5375932,12.87264957,12.6456759,50294679,599452302.22,2.2214,1.7949,1,0
2024-10-31,sh.601615,12.87264957,13.21851421,12.5375932,13.01315708,12.87264957,64955781,775555492.87,2.8689,1.0915,1,0
2024-11-01,sh.601615,12.93749919,13.20770594,12.47274358,12.90507438,13.01315708,55685135,660817216.79,2.4595,-0.8306,1,0
2024-11-04,sh.601615,12.91588265,13.28336383,12.85103303,13.15366459,12.90507438,49459561,599904467.22,2.1774,1.9263,1,0
2024-11-05,sh.601615,13.15366459,13.46710442,13.11043151,13.4022548,13.15366459,52127930,642709973.54,2.2949,1.8899,1,0
2024-11-06,sh.601615,13.4022548,14.66682239,13.38063826,14.23449159,13.4022548,97714942,1292668598.2,4.3018,6.2097,1,0
2024-11-07,sh.601615,14.050751,14.64520585,13.89943522,14.39661564,14.23449159,68550257,910019525.66,3.0178,1.139,1,0
2024-11-08,sh.601615,14.43984872,14.89379606,14.43984872,14.4830818,14.39661564,52320295,707925177.4,2.3033,0.6006,1,0
2024-11-11,sh.601615,14.34257429,14.62358931,14.27772467,14.46146526,14.4830818,39934605,534096228.03,1.7581,-0.1493,1,0
2024-11-12,sh.601615,14.46146526,14.74248028,14.21287505,14.33176602,14.46146526,40488591,543673458.32,1.7825,-0.8969,1,0
2024-11-13,sh.601615,14.22368332,14.38580737,13.89943522,14.18045024,14.33176602,33568456,438635405.18,1.4778,-1.0558,1,0
2024-11-14,sh.601615,14.18045024,14.32095775,13.97509311,14.07236754,14.18045024,32394331,423988579.81,1.4261,-0.7622,1,0
2024-11-15,sh.601615,14.06155927,14.13721716,13.42387134,13.48872096,14.07236754,53828302,678976618.96,2.3697,-4.1475,1,0
2024-11-18,sh.601615,13.45629615,13.91024349,13.35902172,13.54276231,13.48872096,38226369,483003714.47,1.6829,0.4006,1,0
2024-11-19,sh.601615,13.56437885,13.79135252,13.36982999,13.7265029,13.54276231,24225900,305123541.9,1.0665,1.3567,1,0
2024-11-20,sh.601615,13.66165328,13.85620214,13.4022548,13.65084501,13.7265029,27666681,349006945.77,1.218,-0.5512,1,0
2024-11-21,sh.601615,13.67246155,13.89943522,13.48872096,13.59680366,13.65084501,21504400,272766117.26,0.9467,-0.3959,1,0
2024-11-22,sh.601615,13.56437885,13.58599539,13.09962324,13.13204805,13.59680366,22494722,278087859.18,0.9903,-3.4181,1,0
2024-11-25,sh.601615,13.59680366,14.35338256,13.56437885,13.78054425,13.13204805,53394754,686792640.59,2.3506,4.9383,1,0
2024-11-26,sh.601615,13.78054425,13.8345856,13.38063826,13.53195404,13.78054425,21749126,273769623.22,0.9575,-1.8039,1,0
2024-11-27,sh.601615,13.56437885,14.88298779,13.48872096,14.88298779,13.53195404,76426323,1012854914.82,3.3646,9.984,1,0
2024-11-28,sh.601615,14.89379606,15.3477434,14.89379606,14.93702914,14.88298779,70148747,983313274.09,3.0882,0.3631,1,0
2024-11-29,sh.601615,14.98026222,15.61795015,14.94783741,15.3477434,14.93702914,55794559,793763662.03,2.4563,2.7496,1,0
2024-12-02,sh.601615,15.3477434,15.96381479,15.26127724,15.87734863,15.3477434,66631922,968963477.62,2.9334,3.4507,1,0
2024-12-03,sh.601615,15.96381479,16.35291251,15.81249901,15.86654036,15.87734863,45237125,671370376.14,1.9915,-0.0681,1,0
2024-12-04,sh.601615,15.70441631,15.85573209,15.28289378,15.3477434,15.86654036,46040357,658859564.01,2.0269,-3.2698,1,0
2024-12-05,sh.601615,15.36935994,15.40178475,14.98026222,15.09915319,15.3477434,29911767,418181516.65,1.3168,-1.6197,1,0
2024-12-06,sh.601615,15.09915319,15.38016821,14.82894644,15.21804416,15.09915319,28429653,398752561.72,1.2516,0.7874,1,0
2024-12-09,sh.601615,15.16400281,15.60714188,15.16400281,15.52067572,15.21804416,28825463,411244006.51,1.269,1.9886,1,0
2024-12-10,sh.601615,15.96381479,15.9962396,15.17481108,15.19642762,15.52067572,44396503,633964953.36,1.9545,-2.0891,1,0
2024-12-11,sh.601615,15.22885243,15.50986745,15.131578,15.36935994,15.19642762,18819649,267367774.31,0.8285,1.138,1,0
2024-12-12,sh.601615,15.38016821,15.85573209,15.32612686,15.66118323,15.36935994,28471127,412928974.08,1.2534,1.8987,1,0
2024-12-13,sh.601615,15.61795015,15.96381479,15.54229226,15.58552534,15.66118323,23953993,348558531.52,1.0545,-0.4831,1,0
2024-12-16,sh.601615,15.60714188,15.87734863,14.90460433,14.99107049,15.58552534,32644724,459536492.34,1.4371,-3.8141,1,0
2024-12-17,sh.601615,14.99107049,15.10996146,14.29934121,14.41823218,14.99107049,37294102,504695851.03,1.6418,-3.8212,1,0
2024-12-18,sh.601615,14.42904045,14.55873969,14.13721716,14.21287505,14.41823218,30184356,398740846.42,1.3288,-1.4243,1,0
2024-12-19,sh.601615,14.08317581,14.22368332,13.96428484,14.10479235,14.21287505,27602728,359702810.3,1.2152,-0.7605,1,0
2024-12-20,sh.601615,14.24529986,14.49389007,13.86701041,13.9426683,14.10479235,30785013,399375805.43,1.3553,-1.1494,1,0
2024-12-23,sh.601615,13.88862695,13.99670965,13.62922847,13.73731117,13.9426683,32125091,409613344.55,1.4143,-1.4729,1,0
2024-12-24,sh.601615,13.71569463,14.35338256,13.71569463,14.11560062,13.73731117,27536621,359370499.97,1.2123,2.7537,1,0
2024-12-25,sh.601615,14.21287505,14.24529986,13.69407809,13.85620214,14.11560062,20716846,265485392.15,0.912,-1.8377,1,0
2024-12-26,sh.601615,13.84539387,13.95347657,13.6184202,13.91024349,13.85620214,19889224,254390803.53,0.8756,0.39,1,0
2024-12-27,sh.601615,13.91024349,14.09398408,13.82377733,13.88862695,13.91024349,14086358,181830569.0,0.6201,-0.1554,1,0
2024-12-30,sh.601615,13.84539387,14.01832619,13.68326982,13.92105176,13.88862695,16334636,209987803.0,0.7191,0.2335,1,0
2024-12-31,sh.601615,13.88862695,14.03994273,13.6184202,13.62922847,13.92105176,19395412,247288012.01,0.8539,-2.0963,1,0
2025-01-02,sh.601615,13.65084501,13.71569463,12.7537586,12.88345784,13.62922847,36332223,441286779.45,1.5995,-5.4718,1,0
2025-01-03,sh.601615,12.99154054,13.05639016,11.98637143,12.11607067,12.88345784,52901836,604954275.56,2.3289,-5.9564,1,0
2025-01-06,sh.601615,12.05122105,12.25657818,11.61889025,11.75939776,12.11607067,57696352,633557473.52,2.54,-2.9438,1,0
2025-01-07,sh.601615,11.65131506,11.69454814,11.41353312,11.66212333,11.75939776,54224538,579340628.16,2.3872,-0.8272,1,0
2025-01-08,sh.601615,11.58646544,11.60808198,10.93796924,11.18655945,11.66212333,67377880,698227308.74,2.9662,-4.0778,1,0
2025-01-09,sh.601615,11.18655945,11.60808198,11.07847675,11.48919101,11.18655945,44716946,473541713.58,1.9686,2.7053,1,0
2025-01-10,sh.601615,11.48919101,11.60808198,11.29464215,11.42434139,11.48919101,30152688,320285546.68,1.3274,-0.5644,1,0
2025-01-13,sh.601615,11.32706696,11.87828873,11.25140907,11.60808198,11.42434139,34585323,372239992.71,1.5226,1.6083,1,0
2025-01-14,sh.601615,11.59727371,12.04041278,11.49999928,12.01879624,11.60808198,29530090,324609238.2,1.3,3.5382,1,0
2025-01-15,sh.601615,11.97556316,12.09445413,11.75939776,11.92152181,12.01879624,22756922,251073328.54,1.0018,-0.8094,1,0
2025-01-16,sh.601615,11.94313835,12.2133451,11.72697295,11.87828873,11.92152181,26672886,294541451.63,1.1742,-0.3626,1,0
2025-01-17,sh.601615,11.889097,12.38627742,11.7810143,11.83505565,11.87828873,37997990,423404019.2,1.6728,-0.364,1,0
2025-01-20,sh.601615,11.97556316,12.1052624,11.85667219,11.94313835,11.83505565,23943874,265237611.18,1.0541,0.9132,1,0
2025-01-21,sh.601615,11.9971797,12.05122105,11.57565717,11.60808198,11.94313835,29884813,324690926.09,1.3156,-2.8054,1,0
2025-01-22,sh.601615,11.5648489,11.94313835,11.52161582,11.6729316,11.60808198,30915953,335708271.33,1.361,0.5587,1,0
2025-01-23,sh.601615,11.7810143,11.96475489,11.42434139,11.4567662,11.6729316,30476063,328796091.8,1.3417,-1.8519,1,0
2025-01-24,sh.601615,11.4567662,11.58646544,11.32706696,11.47838274,11.4567662,22610878,240088471.55,0.9954,0.1887,1,0
2025-01-27,sh.601615,11.21898426,11.49999928,11.14332637,11.21898426,11.47838274,25271456,263289183.83,1.1125,-2.2599,1,0
2025-02-05,sh.601615,11.25140907,11.40272485,11.10009329,11.32706696,11.21898426,30186798,314376545.63,1.3289,0.9634,1,0
2025-02-06,sh.601615,11.38110831,11.64050679,11.21898426,11.54323236,11.32706696,30523220,324090199.92,1.3437,1.9084,1,0
2025-02-07,sh.601615,11.51080755,12.17011202,11.51080755,12.05122105,11.54323236,46059426,508311211.68,2.0277,4.4007,1,0
2025-02-10,sh.601615,12.1052624,12.1052624,11.75939776,11.83505565,12.05122105,34951623,383719484.38,1.5387,-1.7937,1,0
2025-02-11,sh.601615,11.84586392,11.889097,11.43514966,11.55404063,11.83505565,37576486,402094114.55,1.6543,-2.3744,1,0
2025-02-12,sh.601615,11.52161582,11.68373987,11.46757447,11.6729316,11.55404063,23599836,252773169.68,1.039,1.029,1,0
2025-02-13,sh.601615,11.61889025,11.72697295,11.53242409,11.54323236,11.6729316,22992335,247122306.6,1.0122,-1.1111,1,0
2025-02-14,sh.601615,11.54323236,11.83505565,11.51080755,11.74858949,11.54323236,31264200,339412396.44,1.3764,1.779,1,0
2025-02-17,sh.601615,11.73778122,11.97556316,11.59727371,11.85667219,11.74858949,35815159,390884679.88,1.5767,0.92,1,0
2025-02-18,sh.601615,12.00798797,12.06202932,11.38110831,11.44595793,11.85667219,39663977,427455565.62,1.7462,-3.464,1,0
2025-02-19,sh.601615,11.44595793,11.889097,11.39191658,11.72697295,11.44595793,38536826,416823371.65,1.6965,2.4551,1,0
2025-02-20,sh.601615,11.73778122,11.77020603,11.46757447,11.58646544,11.72697295,26667407,285398286.52,1.174,-1.1982,1,0
2025-02-21,sh.601615,11.5648489,11.66212333,11.46757447,11.62969852,11.58646544,35640475,380952939.33,1.569,0.3731,1,0
2025-02-24,sh.601615,11.5648489,11.889097,11.52161582,11.72697295,11.62969852,46900959,508935611.69,2.0648,0.8364,1,0
2025-02-25,sh.601615,11.61889025,12.05122105,11.46757447,11.83505565,11.72697295,49948769,545977806.89,2.1989,0.9217,1,0
2025-02-26,sh.601615,11.84586392,12.20253683,11.83505565,12.09445413,11.83505565,45589358,509695698.96,2.007,2.1918,1,0
2025-02-27,sh.601615,12.1052624,12.15930375,11.6729316,11.85667219,12.09445413,39570500,434957578.05,1.742,-1.966,1,0
2025-02-28,sh.601615,11.81343911,11.92152181,11.61889025,11.64050679,11.85667219,33151067,360453233.17,1.4594,-1.8232,1,0
2025-03-03,sh.601615,11.61889025,12.02960451,11.59727371,11.75939776,11.64050679,43345656,474388634.52,1.9082,1.0214,1,0
2025-03-04,sh.601615,11.70535641,11.70535641,11.49999928,11.64050679,11.75939776,29789306,319011017.33,1.3114,-1.011,1,0
2025-03-05,sh.601615,11.61889025,11.71616468,11.41353312,11.66212333,11.64050679,29994884,320859548.08,1.3205,0.1857,1,0
2025-03-06,sh.601615,11.66212333,11.86748046,11.57565717,11.82424738,11.66212333,38871679,423151403.24,1.7113,1.3902,1,0
2025-03-07,sh.601615,11.74858949,11.83505565,11.52161582,11.69454814,11.82424738,37302910,402240300.81,1.6422,-1.0969,1,0
2025-03-10,sh.601615,11.6729316,11.81343911,11.53242409,11.70535641,11.69454814,24522624,264265284.76,1.0796,0.0924,1,0
2025-03-11,sh.601615,11.59727371,11.85667219,11.46757447,11.84586392,11.70535641,35721320,387406387.8,1.5726,1.2004,1,0
2025-03-12,sh.601615,11.80263084,11.96475489,11.72697295,11.79182257,11.84586392,32232120,352781004.45,1.419,-0.4562,1,0
2025-03-13,sh.601615,11.79182257,12.01879624,11.70535641,11.82424738,11.79182257,45256264,495729854.08,1.9924,0.275,1,0
2025-03-14,sh.601615,11.82424738,12.18092029,11.82424738,12.08364586,11.82424738,50549702,562980031.08,2.2254,2.1938,1,0
2025-03-17,sh.601615,12.18092029,12.71052552,12.18092029,12.35385261,12.08364586,63229281,728594935.77,2.7836,2.2361,1,0
2025-03-18,sh.601615,12.37546915,12.54840147,12.31061953,12.48355185,12.35385261,40002631,459439150.35,1.7611,1.0499,1,0
2025-03-19,sh.601615,12.4295105,12.45112704,12.23496164,12.29981126,12.48355185,34799596,396443136.2,1.532,-1.4719,1,0
2025-03-20,sh.601615,12.28900299,12.7537586,12.15930375,12.61325109,12.29981126,58807787,681072447.19,2.5889,2.5483,1,0
2025-03-21,sh.601615,12.58082628,13.22932248,12.51597666,13.02396535,12.61325109,90021675,1081583347.76,3.9631,3.2562,1,0
2025-03-24,sh.601615,13.19689767,13.24013075,12.28900299,12.60244282,13.02396535,74545624,873250457.17,3.2818,-3.2365,1,0
2025-03-25,sh.601615,12.47274358,12.68890898,12.24576991,12.39708569,12.60244282,39786903,457111870.29,1.7516,-1.6295,1,0
2025-03-26,sh.601615,12.39708569,12.68890898,12.29981126,12.50516839,12.39708569,34555913,400662950.52,1.5213,0.8718,1,0
2025-03-27,sh.601615,12.49436012,12.49436012,12.1052624,12.23496164,12.50516839,28951000,328338410.63,1.2745,-2.1608,1,0
2025-03-28,sh.601615,12.22415337,12.31061953,11.91071354,11.91071354,12.23496164,29541272,330454918.58,1.3005,-2.6502,1,0
2025-03-31,sh.601615,11.85667219,11.98637143,11.69454814,11.75939776,11.91071354,27265469,297660053.13,1.2003,-1.2704,1,0
2025-04-01,sh.601615,11.81343911,11.97556316,11.7810143,11.80263084,11.75939776,19059465,209041384.48,0.8391,0.3676,1,0
2025-04-02,sh.601615,11.77020603,11.87828873,11.69454814,11.82424738,11.80263084,15230560,166099672.27,0.6705,0.1832,1,0
2025-04-03,sh.601615,11.70535641,12.05122105,11.68373987,11.73778122,11.82424738,19281334,210729139.47,0.8488,-0.7313,1,0
2025-04-07,sh.601615,11.03524367,11.15413464,10.55967979,10.55967979,11.73778122,37590273,371900119.53,1.6549,-10.0368,1,0
2025-04-08,sh.601615,10.41917228,10.66776249,10.11654072,10.42998055,10.55967979,37874348,363269869.68,1.6674,-1.2282,1,0
2025-04-09,sh.601615,10.2678565,10.54887152,9.78148435,10.47321363,10.42998055,35950787,339299321.32,1.5827,0.4145,1,0
2025-04-10,sh.601615,10.65695422,10.78665346,10.5921046,10.60291287,10.47321363,29887926,295765453.36,1.3158,1.2384,1,0
2025-04-11,sh.601615,10.55967979,10.66776249,10.47321363,10.51644671,10.60291287,21429074,209527455.65,0.9434,-0.8155,1,0
2025-04-14,sh.601615,10.60291287,10.80827,10.60291287,10.7001873,10.51644671,22656338,224896787.98,0.9974,1.7472,1,0
2025-04-15,sh.601615,10.7001873,10.73261211,10.46240536,10.60291287,10.7001873,20876583,203895986.24,0.9191,-0.9091,1,0
2025-04-16,sh.601615,10.52725498,10.57048806,10.33270612,10.44078882,10.60291287,18945034,183106631.93,0.834,-1.5291,1,0
2025-04-17,sh.601615,10.3759392,10.67857076,10.35432266,10.5921046,10.44078882,23061470,225856581.98,1.0153,1.4493,1,0
2025-04-18,sh.601615,10.57048806,10.89473616,10.53806325,10.86231135,10.5921046,26501600,264577501.7,1.1667,2.551,1,0
2025-04-21,sh.601615,10.80827,11.21898426,10.80827,10.93796924,10.86231135,24313419,247306563.88,1.0704,0.6965,1,0
2025-04-22,sh.601615,10.89473616,11.01362713,10.86231135,10.90554443,10.93796924,12821070,129867293.3,0.5644,-0.2964,1,0
2025-04-23,sh.601615,10.94877751,11.08928502,10.92716097,11.01362713,10.90554443,12841300,130836330.39,0.5653,0.9911,1,0
2025-04-24,sh.601615,11.0244354,11.33787523,10.98120232,11.03524367,11.01362713,19838571,204698948.71,0.8734,0.1963,1,0
2025-04-25,sh.601615,11.00281886,11.26221734,10.98120232,11.22979253,11.03524367,16355320,168593971.6,0.72,1.763,1,0
2025-04-28,sh.601615,11.21898426,11.75939776,11.21898426,11.40272485,11.22979253,41015072,437133031.47,1.8056,1.5399,1,0
2025-04-29,sh.601615,11.40272485,11.40272485,11.07847675,11.10009329,11.40272485,22868001,237372842.15,1.0067,-2.654,1,0
2025-04-30,sh.601615,11.07847675,11.15413464,11.0244354,11.03524367,11.10009329,18540283,190044352.95,0.8162,-0.5842,1,0
2025-05-06,sh.601615,11.14332637,11.25140907,11.08928502,11.2406008,11.03524367,19730845,204433937.1,0.8686,1.8609,1,0
2025-05-07,sh.601615,11.37030004,11.43514966,11.26221734,11.43514966,11.2406008,24313400,255288565.0,1.0704,1.7308,1,0
2025-05-08,sh.601615,11.40272485,11.46757447,11.32706696,11.35949177,11.43514966,17440044,184044809.1,0.7678,-0.6616,1,0
2025-05-09,sh.601615,11.39191658,11.42434139,11.15413464,11.31625869,11.35949177,18855657,196586025.43,0.8301,-0.3806,1,0
2025-05-12,sh.601615,11.39191658,11.59727371,11.33787523,11.53242409,11.31625869,21259822,224796787.86,0.9359,1.9102,1,0
2025-05-13,sh.601615,11.62969852,11.6729316,11.4567662,11.51080755,11.53242409,20491250,218780810.5,0.9021,-0.1874,1,0
2025-05-14,sh.601615,11.48919101,11.59727371,11.35949177,11.54323236,11.51080755,19852651,210746175.6,0.874,0.2817,1,0
2025-05-15,sh.601615,11.52161582,11.52161582,11.26221734,11.30545042,11.54323236,17641716,185672288.13,0.7767,-2.0599,1,0
2025-05-16,sh.601615,11.26221734,11.53242409,11.2406008,11.40272485,11.30545042,14784286,156509136.5,0.6509,0.8604,1,0
2025-05-19,sh.601615,11.40272485,11.40272485,11.25140907,11.29464215,11.40272485,12211842,127791493.08,0.5376,-0.9479,1,0
2025-05-20,sh.601615,11.29464215,11.31625869,11.16494291,11.25140907,11.29464215,12582400,130669202.0,0.5539,-0.3828,1,0
2025-05-21,sh.601615,11.25140907,11.38110831,11.17575118,11.29464215,11.25140907,15175102,158150700.88,0.6681,0.3842,1,0
2025-05-22,sh.601615,11.25140907,11.37030004,11.1325181,11.14332637,11.29464215,12685500,131830566.27,0.5585,-1.3397,1,0
2025-05-23,sh.601615,11.15413464,11.22979253,10.89473616,10.89473616,11.14332637,18166256,185777839.36,0.7997,-2.2308,1,0
2025-05-26,sh.601615,10.92716097,11.03524367,10.79746173,10.84069481,10.89473616,22940885,230989599.17,1.0099,-0.496,1,0
2025-05-27,sh.601615,10.80827,10.85150308,10.65695422,10.73261211,10.84069481,21685907,215035272.55,0.9547,-0.997,1,0
2025-05-28,sh.601615,10.72180384,10.76503692,10.62452941,10.72180384,10.73261211,14528800,143620809.0,0.6396,-0.1007,1,0
2025-05-29,sh.601615,10.72180384,10.95958578,10.7001873,10.88392789,10.72180384,24116045,242650945.98,1.0617,1.5121,1,0
2025-05-30,sh.601615,10.84069481,11.01362713,10.75422865,10.86231135,10.88392789,19424889,195899308.45,0.8552,-0.1986,1,0
2025-06-03,sh.601615,10.82988654,11.14332637,10.78665346,11.06766848,10.86231135,24452236,248533530.04,1.0765,1.8905,1,0
2025-06-04,sh.601615,11.05686021,11.16494291,10.99201059,11.10009329,11.06766848,16562269,169808970.15,0.7291,0.293,1,0
2025-06-05,sh.601615,11.11090156,11.1325181,10.97039405,11.00281886,11.10009329,16723146,170684735.82,0.7362,-0.8763,1,0
2025-06-06,sh.601615,10.99201059,11.07847675,10.93796924,11.04605194,11.00281886,14145158,144057096.86,0.6227,0.3929,1,0
2025-06-09,sh.601615,11.04605194,11.29464215,11.04605194,11.16494291,11.04605194,18803264,194999952.88,0.8278,1.0763,1,0
2025-06-10,sh.601615,11.1325181,11.18655945,10.86231135,10.95958578,11.16494291,17887000,182092593.0,0.7875,-1.8393,1,0
2025-06-11,sh.601615,10.94877751,11.12170983,10.93796924,11.03524367,10.95958578,12560311,128440585.31,0.553,0.6903,1,0
2025-06-12,sh.601615,11.03524367,11.03524367,10.9163527,10.93796924,11.03524367,12408284,125742638.76,0.5463,-0.8815,1,0
2025-06-13,sh.601615,10.9163527,10.98120232,10.84069481,10.85150308,10.93796924,14910954,150327735.4,0.6564,-0.7905,1,0
2025-06-16,sh.601615,10.85150308,11.75939776,10.85150308,11.55404063,10.85150308,74465486,791405705.84,3.2783,6.4741,1,0
2025-06-17,sh.601615,11.44595793,11.77020603,11.42434139,11.52161582,11.55404063,33925909,363150428.08,1.4935,-0.2806,1,0
2025-06-18,sh.601615,11.48919101,11.86748046,11.44595793,11.83505565,11.52161582,40904117,443192860.11,1.8008,2.7205,1,0
2025-06-19,sh.601615,11.80263084,12.00798797,11.53242409,11.59727371,11.83505565,35695042,387538538.06,1.5714,-2.0091,1,0
2025-06-20,sh.601615,11.59727371,11.66212333,11.48919101,11.53242409,11.59727371,19545883,208875296.67,0.8605,-0.5592,1,0
2025-06-23,sh.601615,11.53242409,12.07283759,11.41353312,11.79182257,11.53242409,48920720,535044286.39,2.1537,2.2493,1,0
2025-06-24,sh.601615,11.83505565,12.20253683,11.72697295,12.01879624,11.79182257,43332338,480024485.93,1.9077,1.9248,1,0
2025-06-25,sh.601615,12.01879624,12.19172856,11.91071354,12.18092029,12.01879624,38557882,429828394.99,1.6975,1.3489,1,0
2025-06-26,sh.601615,12.13768721,12.40789396,12.07283759,12.09445413,12.18092029,37180698,421286131.5,1.6368,-0.7098,1,0
2025-06-27,sh.601615,12.09445413,12.37546915,12.09445413,12.24576991,12.09445413,26695893,302011234.95,1.1753,1.2511,1,0
2025-06-30,sh.601615,12.33223607,12.54840147,12.26738645,12.41870223,12.24576991,30133500,345786238.4,1.3266,1.4122,1,0
2025-07-01,sh.601615,12.38627742,12.61325109,12.28900299,12.5375932,12.41870223,28534939,329573332.87,1.2562,0.9574,1,0
2025-07-02,sh.601615,12.95911573,12.95911573,12.2133451,12.24576991,12.5375932,52793634,605212073.1,2.3242,-2.3276,1,0
2025-07-03,sh.601615,12.19172856,12.29981126,12.15930375,12.28900299,12.24576991,27496527,311071215.27,1.2105,0.353,1,0
2025-07-04,sh.601615,12.35555224,12.3666434,12.11154672,12.17809368,12.28900528,27102900,298529538.62,1.1932,-0.9025,1,0
2025-07-07,sh.601615,12.11154672,12.32227876,12.11154672,12.2557318,12.17809368,17942200,197576222.0,0.7899,0.6375,1,0
2025-07-08,sh.601615,12.2557318,12.85465444,12.21136716,12.78810748,12.2557318,45241368,517715955.79,1.9917,4.3439,1,0
2025-07-09,sh.601615,12.8102898,13.0875688,12.57737544,12.62174008,12.78810748,32508300,374159742.0,1.4311,-1.301,1,0
2025-07-10,sh.601615,12.56628428,12.8102898,12.54410196,12.74374284,12.62174008,26282536,300675552.07,1.1571,0.9666,1,0
2025-07-11,sh.601615,12.74374284,12.77701632,12.56628428,12.61064892,12.74374284,25210685,287262830.4,1.1099,-1.0444,1,0
2025-07-14,sh.601615,12.61064892,12.63283124,12.477555,12.51082848,12.61064892,14826034,167486451.3,0.6527,-0.7916,1,0
2025-07-15,sh.601615,12.51082848,12.55519312,12.2557318,12.33336992,12.51082848,19738888,219800457.96,0.869,-1.4184,1,0
2025-07-16,sh.601615,12.34446108,12.3666434,12.17809368,12.22245832,12.33336992,20406081,225019771.62,0.8984,-0.8993,1,0
2025-07-17,sh.601615,12.2557318,12.41100804,12.200276,12.39991688,12.22245832,19019552,210941559.84,0.8373,1.4519,1,0
2025-07-18,sh.601615,12.4220992,12.5330108,12.24464064,12.45537268,12.39991688,19630185,219158565.93,0.8642,0.4472,1,0
2025-07-21,sh.601615,12.45537268,12.82138096,12.43319036,12.74374284,12.45537268,25650405,292849158.15,1.1292,2.3152,1,0
2025-07-22,sh.601615,12.72156052,12.88792792,12.6439224,12.8657456,12.74374284,23995325,276933374.05,1.0564,0.9574,1,0
2025-07-23,sh.601615,12.85465444,12.89901908,12.5330108,12.61064892,12.8657456,28315682,325223806.75,1.2466,-1.9828,1,0
2025-07-24,sh.601615,12.63283124,12.79919864,12.52191964,12.78810748,12.61064892,25801366,295767982.87,1.1359,1.4072,1,0
2025-07-25,sh.601615,12.85465444,13.2539362,12.72156052,12.8657456,12.78810748,33656369,395408374.39,1.4817,0.6071,1,0
2025-07-28,sh.601615,12.87683676,12.98774836,12.65501356,12.93229256,12.8657456,20806000,241452117.0,0.916,0.5172,1,0
2025-07-29,sh.601615,12.93229256,12.93229256,12.6993782,12.84356328,12.93229256,17473935,201516028.16,0.7693,-0.6861,1,0
2025-07-30,sh.601615,12.83247212,12.95447488,12.65501356,12.73265168,12.84356328,16730200,193068771.0,0.7365,-0.8636,1,0
2025-07-31,sh.601615,12.67719588,12.77701632,12.23354948,12.3111876,12.73265168,28046687,314267128.73,1.2347,-3.3101,1,0
2025-08-01,sh.601615,12.39991688,12.66610472,12.33336992,12.48864616,12.3111876,20942126,236111113.5,0.922,1.4414,1,0
2025-08-04,sh.601615,12.39991688,12.44428152,12.2557318,12.28900528,12.48864616,29173956,323534086.28,1.2843,-1.5986,1,0
2025-08-05,sh.601615,12.32227876,12.3666434,12.26682296,12.3111876,12.28900528,23934811,265471444.99,1.0537,0.1805,1,0
2025-08-06,sh.601615,12.32227876,12.34446108,12.17809368,12.21136716,12.3111876,26786177,295317529.86,1.1792,-0.8108,1,0
2025-08-07,sh.601615,12.21136716,12.24464064,12.00063512,12.11154672,12.21136716,31519189,343975828.68,1.3876,-0.8174,1,0
2025-08-08,sh.601615,12.06718208,12.63283124,12.06718208,12.44428152,12.11154672,46032907,514938368.81,2.0265,2.7473,1,0
2025-08-11,sh.601615,12.37773456,12.72156052,12.37773456,12.66610472,12.44428152,30753636,349262352.74,1.3539,1.7825,1,0
2025-08-12,sh.601615,12.6439224,12.65501356,12.39991688,12.52191964,12.66610472,22846506,257388532.68,1.0058,-1.1384,1,0
2025-08-13,sh.601615,12.5330108,12.66610472,12.48864616,12.55519312,12.52191964,24813586,281108508.39,1.0924,0.2657,1,0
2025-08-14,sh.601615,12.59955776,12.91011024,12.51082848,12.87683676,12.55519312,58638126,673763221.93,2.5815,2.5618,1,0
2025-08-15,sh.601615,12.78810748,14.06359088,12.77701632,13.8084942,12.87683676,103925511,1275123709.33,4.5752,7.2351,1,0
2025-08-18,sh.601615,13.8084942,14.0857732,13.65321796,13.87504116,13.8084942,65255373,818702361.03,2.8728,0.4819,1,0
2025-08-19,sh.601615,13.8084942,13.89722348,13.57557984,13.7530384,13.87504116,36433820,450393739.14,1.604,-0.8793,1,0
2025-08-20,sh.601615,13.7530384,13.93049696,13.586671,13.90831464,13.7530384,29435100,364680751.0,1.2958,1.129,1,0
2025-08-21,sh.601615,13.89722348,13.90831464,13.6421268,13.70867376,13.90831464,27779301,344166386.3,1.223,-1.4354,1,0
2025-08-22,sh.601615,13.71976492,13.8084942,13.50903288,13.71976492,13.70867376,31496233,387795474.87,1.3866,0.0809,1,0
2025-08-25,sh.601615,13.99704392,14.695787,13.99704392,14.45178148,13.71976492,62431418,812171237.85,2.7485,5.3355,1,0
2025-08-26,sh.601615,14.3075964,14.83997208,14.26323176,14.6403312,14.45178148,54442424,716326718.23,2.3968,1.3047,1,0
2025-08-27,sh.601615,14.418508,14.66251352,14.06359088,14.09686436,14.6403312,50924300,661233098.04,2.2419,-3.7121,1,0
2025-08-28,sh.601615,13.8084942,14.01922624,13.06538648,13.50903288,14.09686436,94476895,1147684588.26,4.1592,-4.1699,1,0
2025-08-29,sh.601615,13.5312152,13.68649144,13.34266548,13.46466824,13.50903288,38324484,466816525.67,1.6872,-0.3284,1,0
2025-09-01,sh.601615,13.46466824,13.50903288,13.1430246,13.27611852,13.46466824,38374816,458756925.81,1.6894,-1.4003,1,0
2025-09-02,sh.601615,13.29830084,13.38703012,12.91011024,13.032113,13.27611852,39258142,463309297.92,1.7283,-1.8379,1,0
2025-09-03,sh.601615,13.02102184,13.28720968,12.91011024,13.13193344,13.032113,34980023,412298551.96,1.54,0.766,1,0
2025-09-04,sh.601615,13.12084228,13.63103564,12.99883952,13.23175388,13.13193344,50748519,611372458.56,2.2341,0.7601,1,0
2025-09-05,sh.601615,13.24284504,14.55160192,13.24284504,14.55160192,13.23175388,115255027,1460893849.21,5.074,9.9749,1,0
2025-09-08,sh.601615,14.66251352,14.72906048,14.10795552,14.39632568,14.55160192,84631559,1095266544.49,3.7258,-1.0671,1,0
2025-09-09,sh.601615,14.37414336,14.5848754,14.05249972,14.21886712,14.39632568,43062879,554215462.59,1.8958,-1.2327,1,0
2025-09-10,sh.601615,14.17450248,14.24104944,13.78631188,14.00813508,14.21886712,38640670,486367656.24,1.7011,-1.4821,1,0
2025-09-11,sh.601615,14.01922624,14.26323176,13.85285884,14.26323176,14.00813508,51894475,661237244.9,2.2846,1.8211,1,0
2025-09-12,sh.601615,14.34086988,14.38523452,14.141229,14.22995828,14.26323176,46450601,597011252.95,2.0449,-0.2333,1,0
2025-09-15,sh.601615,14.22995828,14.61814888,14.20777596,14.37414336,14.22995828,41373646,536520895.14,1.8214,1.0133,1,0
2025-09-16,sh.601615,14.38523452,14.4739638,13.94158812,14.18559364,14.37414336,30795288,393232116.54,1.3557,-1.3117,1,0
2025-09-17,sh.601615,14.18559364,14.8621544,14.0303174,14.79560744,14.18559364,73790385,971762867.27,3.2485,4.3002,1,0
2025-09-18,sh.601615,14.8066986,15.42780356,14.5848754,14.92870136,14.79560744,86394197,1173919230.87,3.8034,0.8996,1,0
2025-09-19,sh.601615,15.0839776,15.60526212,14.9176102,15.27252732,14.92870136,70157236,969360248.31,3.0886,2.3031,1,0
2025-09-22,sh.601615,15.26143616,15.26143616,14.76233396,15.00633948,15.27252732,48546960,653057324.07,2.1372,-1.7429,1,0
2025-09-23,sh.601615,14.95088368,15.00633948,14.42959916,14.85106324,15.00633948,51226660,679587972.36,2.2552,-1.0347,1,0
2025-09-24,sh.601615,14.695787,15.59417096,14.695787,15.4721682,14.85106324,61000456,843400246.98,2.6855,4.1822,1,0
2025-09-25,sh.601615,15.4721682,15.9158146,15.3058008,15.66071792,15.4721682,59984513,841322233.74,2.6407,1.2186,1,0
2025-09-26,sh.601615,16.1376378,17.22457148,16.1376378,17.22457148,15.66071792,103944066,1602069170.63,4.576,9.9858,1,0
2025-09-29,sh.601615,17.25784496,18.43350792,16.81419856,17.95658804,17.22457148,171449460,2734765311.95,7.5479,4.2498,1,0
2025-09-30,sh.601615,17.468577,18.66642228,17.468577,17.92331456,17.95658804,112458853,1836494079.72,4.9509,-0.1853,1,0
2025-10-09,sh.601615,17.98986152,19.1877068,17.4131212,19.16552448,17.92331456,128987229,2156067403.49,5.6785,6.9307,1,0
2025-10-10,sh.601615,18.82169852,19.91972336,18.4113256,18.65533112,19.16552448,103376862,1780985746.34,4.551,-2.662,1,0
2025-10-13,sh.601615,18.65533112,20.39664324,18.6331488,20.00845264,18.65533112,114864758,2030584039.57,5.0568,7.2533,1,0
2025-10-14,sh.601615,19.7422648,20.72937804,18.2449582,19.0767952,20.00845264,138431257,2424186666.06,6.0943,-4.6563,1,0
2025-10-15,sh.601615,18.34477864,18.72187808,17.8567676,18.40023444,19.0767952,90620837,1490189629.57,3.9895,-3.5465,1,0
2025-10-16,sh.601615,18.4113256,18.4113256,17.79022064,17.93440572,18.40023444,60030675,975584318.01,2.6428,-2.5316,1,0
2025-10-17,sh.601615,17.745856,18.06749964,16.92511016,16.9694748,17.93440572,90415631,1404676358.47,3.9804,-5.3803,1,0
2025-10-20,sh.601615,17.1358422,17.3022096,16.45928144,16.55910188,16.9694748,87143670,1318168130.84,3.8364,-2.4183,1,0
2025-10-21,sh.601615,16.70328696,17.06929524,16.70328696,16.89183668,16.55910188,53251731,811183031.12,2.3443,2.0094,1,0
2025-10-22,sh.601615,16.89183668,17.39093888,16.8585632,17.04711292,16.89183668,74037723,1145385011.42,3.2594,0.9192,1,0
2025-10-23,sh.601615,16.83638088,17.14693336,16.55910188,17.06929524,17.04711292,48669174,738584695.14,2.1426,0.1301,1,0
2025-10-24,sh.601615,17.10256872,17.51294164,17.06929524,17.33548308,17.06929524,55665414,868346486.61,2.4506,1.5595,1,0
2025-10-27,sh.601615,17.5240328,17.59057976,16.86965436,17.01383944,17.33548308,56606238,871919744.74,2.492,-1.8554,1,0
2025-10-28,sh.601615,17.01383944,17.01383944,16.43709912,16.63674,17.01383944,61301736,920315649.2,2.6987,-2.2164,1,0
2025-10-29,sh.601615,16.5258284,17.28002728,16.51473724,17.23566264,16.63674,57011751,871620571.97,2.5099,3.6,1,0
2025-10-30,sh.601615,17.191298,17.67930904,17.05820408,17.20238916,17.23566264,70122739,1099594800.97,3.0871,-0.1931,1,0
2025-10-31,sh.601615,16.70328696,17.29111844,16.6921958,16.79201624,17.20238916,55778204,854688989.5,2.4556,-2.3856,1,0
2025-11-03,sh.601615,16.79201624,17.16911568,16.25964056,17.03602176,16.79201624,63429362,955349986.47,2.7924,1.4531,1,0
2025-11-04,sh.601615,17.04711292,17.21348032,16.09327316,16.29291404,17.03602176,55444200,826512971.95,2.4409,-4.362,1,0
2025-11-05,sh.601615,15.9712704,16.68110464,15.94908808,16.50364608,16.29291404,43665803,643086783.04,1.9223,1.2934,1,0
2025-11-06,sh.601615,16.57019304,16.914019,16.39273448,16.61455768,16.50364608,47514527,714528942.52,2.0918,0.672,1,0
2025-11-07,sh.601615,16.4149168,17.12475104,16.4149168,16.90292784,16.61455768,51207572,779657180.97,2.2544,1.7356,1,0
2025-11-10,sh.601615,17.0249306,17.44639468,16.70328696,16.89183668,16.90292784,54698223,841542299.17,2.408,-0.0656,1,0
2025-11-11,sh.601615,17.09147756,17.5240328,16.93620132,17.04711292,16.89183668,78472463,1217417212.02,3.4547,0.9192,1,0
2025-11-12,sh.601615,16.89183668,16.914019,16.00454388,16.33727868,17.04711292,64766336,953234702.16,2.8513,-4.164,1,0
2025-11-13,sh.601615,16.42600796,16.70328696,16.3040052,16.37055216,16.33727868,45391720,676225068.92,1.9983,0.2037,1,0
2025-11-14,sh.601615,16.25964056,16.51473724,16.0267262,16.03781736,16.37055216,38283533,559840968.21,1.6854,-2.0325,1,0
2025-11-17,sh.601615,15.92690576,15.99345272,15.64962676,15.804903,16.03781736,35245072,501489777.66,1.5516,-1.4523,1,0
2025-11-18,sh.601615,15.7494472,15.8603588,15.22816268,15.31689196,15.804903,45840741,637667323.18,2.0181,-3.0877,1,0
2025-11-19,sh.601615,15.32798312,15.48325936,15.11725108,15.33907428,15.31689196,28698697,395347178.44,1.2634,0.1448,1,0
2025-11-20,sh.601615,15.33907428,15.59417096,14.95088368,14.99524832,15.33907428,24777150,339939183.48,1.0908,-2.2415,1,0
2025-11-21,sh.601615,14.85106324,14.9176102,14.40741684,14.48505496,14.99524832,35249001,463597733.04,1.5518,-3.4024,1,0
2025-11-24,sh.601615,14.4739638,14.76233396,14.45178148,14.5848754,14.48505496,33240263,437811346.7,1.4634,0.6891,1,0
2025-11-25,sh.601615,14.65142236,14.8621544,14.5848754,14.67360468,14.5848754,25031075,332354106.32,1.102,0.6084,1,0
2025-11-26,sh.601615,14.68469584,14.95088368,14.54051076,14.82888092,14.67360468,25250995,337517953.48,1.1116,1.0582,1,0
2025-11-27,sh.601615,14.82888092,14.973066,14.68469584,14.68469584,14.82888092,19987936,267233767.33,0.8799,-0.9723,1,0
2025-11-28,sh.601615,14.71796932,15.15052456,14.60705772,15.05070412,14.68469584,31949924,431822676.51,1.4066,2.4924,1,0
2025-12-01,sh.601615,15.03961296,15.05070412,14.65142236,14.79560744,15.05070412,33338811,444435505.9,1.4677,-1.6949,1,0
2025-12-02,sh.601615,14.74015164,14.8066986,14.48505496,14.71796932,14.79560744,19916341,263193380.2,0.8768,-0.5247,1,0
2025-12-03,sh.601615,14.71796932,15.00633948,14.60705772,14.74015164,14.71796932,41265848,551079258.08,1.8167,0.1507,1,0
2025-12-04,sh.601615,14.7512428,14.81778976,14.5294196,14.62924004,14.74015164,25451471,335575263.23,1.1205,-0.7524,1,0
2025-12-05,sh.601615,14.65142236,15.3612566,14.56269308,15.1948892,14.62924004,53442388,727267345.57,2.3527,3.8666,1,0
2025-12-08,sh.601615,15.22816268,15.3612566,15.05070412,15.18379804,15.1948892,36591238,502230464.24,1.6109,-0.073,1,0
2025-12-09,sh.601615,15.250345,15.26143616,14.85106324,14.90651904,15.18379804,22533374,304732102.41,0.9964,-1.8262,1,0
2025-12-10,sh.601615,14.96197484,14.96197484,14.50723728,14.8621544,14.90651904,24104929,318798979.38,1.0659,-0.2976,1,0
2025-12-11,sh.601615,14.8621544,15.5830798,14.8621544,15.09506876,14.8621544,52904008,729330272.77,2.3393,1.5672,1,0
2025-12-12,sh.601615,15.10615992,15.21707152,14.83997208,15.0839776,15.09506876,29273924,396365661.42,1.2944,-0.0735,1,0
2025-12-15,sh.601615,15.11725108,15.43889472,15.01743064,15.1394334,15.0839776,31370454,430726212.04,1.3872,0.3676,1,0
2025-12-16,sh.601615,15.39453008,16.17091128,15.20598036,15.56089748,15.1394334,73618796,1042562334.0,3.2553,2.7839,1,0
2025-12-17,sh.601615,15.53871516,15.72726488,14.65142236,15.46107704,15.56089748,78535404,1069318233.4,3.4727,-0.6415,1,0
2025-12-18,sh.601615,15.29470964,15.4721682,15.10615992,15.27252732,15.46107704,32614714,449653498.89,1.4422,-1.2195,1,0
2025-12-19,sh.601615,15.28361848,15.527624,15.15052456,15.3612566,15.27252732,31423799,434389484.2,1.3895,0.581,1,0
2025-12-22,sh.601615,15.38343892,15.7494472,15.29470964,15.49435052,15.3612566,32595835,457428538.74,1.4413,0.8664,1,0
2025-12-23,sh.601615,15.6385356,16.15982012,15.6385356,15.8603588,15.49435052,56802568,817652620.74,2.5117,2.3622,1,0
2025-12-24,sh.601615,15.72726488,16.1376378,15.43889472,16.09327316,15.8603588,35372497,508145799.67,1.5641,1.4685,1,0
2025-12-25,sh.601615,16.05999968,16.38164332,15.9158146,16.32618752,16.09327316,34802400,507925288.25,1.5389,1.4473,1,0
2025-12-26,sh.601615,16.31509636,16.57019304,16.1930936,16.33727868,16.32618752,49613496,733016845.04,2.1938,0.0679,1,0
2025-12-29,sh.601615,16.6921958,17.04711292,16.3040052,16.38164332,16.33727868,63613816,954744978.74,2.8129,0.2716,1,0
2025-12-30,sh.601615,16.20418476,16.27073172,15.89363228,15.9158146,16.38164332,40524713,584966271.69,1.7919,-2.8436,1,0
2025-12-31,sh.601615,16.00454388,16.09327316,15.73835604,16.05999968,15.9158146,36059202,517060585.99,1.5945,0.9059,1,0
