date,code,open,high,low,close,preclose,volume,amount,turn,pctChg,tradestatus,isST
2021-01-04,sh.603993,21.33128856,23.06360658,20.92368432,22.18046406,21.2293875,765332016,4912775936.75,4.3323,4.48,1,0
2021-01-05,sh.603993,21.5690577,22.01062896,20.78781624,21.63699174,22.18046406,644761904,4056856033.84,3.6498,-2.4502,1,0
2021-01-06,sh.603993,22.04459598,23.0975736,21.46715664,22.9277385,21.63699174,671083280,4406709479.76,3.7988,5.9655,1,0
2021-01-07,sh.603993,22.96170552,25.23749586,22.72393638,24.99972672,22.9277385,998586992,7286581582.19,5.6527,9.037,1,0
2021-01-08,sh.603993,24.99972672,25.16956182,23.0975736,25.1355948,24.99972672,870495680,6177183130.73,4.9276,0.5435,1,0
2021-01-11,sh.603993,24.4562544,24.82989162,22.62203532,22.96170552,25.1355948,756501104,5267513112.63,4.2823,-8.6486,1,0
2021-01-12,sh.603993,22.28236512,23.98071612,21.87476088,23.36930976,22.96170552,607832288,4091712345.92,3.4407,1.7751,1,0
2021-01-13,sh.603993,23.33534274,23.91278208,21.3992226,21.87476088,23.36930976,683705344,4567590321.14,3.8702,-6.3953,1,0
2021-01-14,sh.603993,21.3992226,21.97666194,20.92368432,21.29732154,21.87476088,493799424,3111977640.91,2.7952,-2.6398,1,0
2021-01-15,sh.603993,21.3992226,21.97666194,20.7198822,21.60302472,21.29732154,444421664,2800458605.75,2.5157,1.4354,1,0
2021-01-18,sh.603993,21.0595524,21.50112366,20.61798114,21.19542048,21.60302472,416716736,2585222754.44,2.3589,-1.8868,1,0
2021-01-19,sh.603993,21.26335452,21.70492578,19.76880564,20.00657478,21.19542048,559869184,3414990873.4,3.1692,-5.609,1,0
2021-01-20,sh.603993,20.0405418,21.29732154,20.0405418,21.0595524,20.00657478,484385312,2963676497.76,2.7419,5.2632,1,0
2021-01-21,sh.603993,20.92368432,21.97666194,20.5500471,21.43318962,21.0595524,514155184,3238503394.38,2.9105,1.7742,1,0
2021-01-22,sh.603993,21.2293875,22.48616724,20.92368432,22.11253002,21.43318962,551942016,3542169577.5,3.1244,3.1696,1,0
2021-01-25,sh.603993,22.28236512,23.64104592,21.77285982,22.7579034,22.11253002,597989264,4003936796.45,3.385,2.9186,1,0
2021-01-26,sh.603993,22.38426618,22.65600234,21.09351942,21.33128856,22.7579034,408575824,2616752936.15,2.3128,-6.2687,1,0
2021-01-27,sh.603993,21.3992226,21.97666194,20.380212,21.63699174,21.33128856,397186272,2473011554.2,2.2483,1.4331,1,0
2021-01-28,sh.603993,20.7198822,21.02558538,19.93864074,20.14244286,21.63699174,396809168,2391803789.99,2.2462,-6.9074,1,0
2021-01-29,sh.603993,20.51608008,20.95765134,19.46310246,20.58401412,20.14244286,343091536,2058130327.76,1.9421,2.1922,1,0
2021-02-01,sh.603993,20.41417902,20.7198822,19.8707067,20.24434392,20.58401412,276791680,1648376638.22,1.5668,-1.6502,1,0
2021-02-02,sh.603993,20.44814604,21.02558538,20.24434392,20.95765134,20.24434392,365381328,2226389589.57,2.0683,3.5235,1,0
2021-02-03,sh.603993,20.85575028,23.06360658,20.65194816,22.55410128,20.95765134,727471472,4736306909.7,4.118,7.6175,1,0
2021-02-04,sh.603993,22.078563,22.18046406,20.48211306,20.92368432,22.55410128,510518832,3216951621.75,2.8899,-7.2289,1,0
2021-02-05,sh.603993,20.85575028,21.16145346,19.49706948,19.49706948,20.92368432,389437888,2312944058.33,2.2045,-6.8182,1,0
2021-02-08,sh.603993,19.5310365,20.8897173,19.08946524,20.65194816,19.49706948,342811856,2035580332.6,1.9405,5.9233,1,0
2021-02-09,sh.603993,20.68591518,22.11253002,20.58401412,21.70492578,20.65194816,395136256,2503196729.41,2.2367,5.0987,1,0
2021-02-10,sh.603993,22.01062896,22.79187042,21.33128856,22.35029916,21.70492578,380048768,2476501753.74,2.1513,2.9734,1,0
2021-02-18,sh.603993,24.59212248,24.59212248,24.08261718,24.59212248,22.35029916,790324880,5710415015.27,4.4738,10.0304,1,0
2021-02-19,sh.603993,24.2864193,24.72799056,23.19947466,24.21848526,24.59212248,741440896,5248876007.94,4.197,-1.5193,1,0
2021-02-22,sh.603993,25.61113308,26.63014368,25.3054299,25.8149352,24.21848526,964983936,7449215061.51,5.4624,6.5919,1,0
2021-02-23,sh.603993,24.9657597,26.63014368,24.72799056,25.37336394,25.8149352,659087760,4973669629.83,3.7309,-1.7105,1,0
2021-02-24,sh.603993,25.33939692,27.3434511,24.72799056,24.86385864,25.37336394,725839312,5528716972.79,4.1087,-2.008,1,0
2021-02-25,sh.603993,26.3244405,26.39237454,24.4562544,24.7959246,24.86385864,608474784,4579284296.49,3.4444,-0.2732,1,0
2021-02-26,sh.603993,23.0975736,23.67501294,22.48616724,22.7579034,24.7959246,576876736,3904244842.42,3.2655,-8.2192,1,0
2021-03-01,sh.603993,22.82583744,24.01468314,22.18046406,23.98071612,22.7579034,514103104,3490014191.19,2.9102,5.3731,1,0
2021-03-02,sh.603993,23.4372438,23.64104592,22.04459598,22.7579034,23.98071612,507053328,3400836998.7,2.8703,-5.0992,1,0
2021-03-03,sh.603993,22.72393638,23.6070789,22.52013426,23.16550764,22.7579034,350177328,2379707780.46,1.9822,1.791,1,0
2021-03-04,sh.603993,22.4182332,22.45220022,21.3992226,21.63699174,23.16550764,411972800,2645799153.98,2.332,-6.5982,1,0
2021-03-05,sh.603993,20.61798114,20.85575028,20.00657478,20.65194816,21.63699174,352778608,2120711545.83,1.997,-4.5526,1,0
2021-03-08,sh.603993,20.82178326,21.16145346,20.00657478,20.07450882,20.65194816,287023056,1739677040.65,1.6247,-2.7961,1,0
2021-03-09,sh.603993,20.0405418,20.82178326,19.0215312,20.24434392,20.07450882,338398704,2008472533.05,1.9156,0.846,1,0
2021-03-10,sh.603993,20.48211306,20.65194816,19.5310365,19.76880564,20.24434392,289927424,1703900847.96,1.6412,-2.349,1,0
2021-03-11,sh.603993,19.76880564,20.8897173,19.56500352,20.8897173,19.76880564,436722624,2614324748.5,2.4721,5.6701,1,0
2021-03-12,sh.603993,20.68591518,20.7198822,19.90467372,20.31227796,20.8897173,330947968,1973922303.34,1.8734,-2.7642,1,0
2021-03-15,sh.603993,20.07450882,20.7198822,19.93864074,20.24434392,20.31227796,238671040,1428214961.22,1.351,-0.3344,1,0
2021-03-16,sh.603993,20.17640988,20.24434392,19.1913663,19.42913544,20.24434392,318057216,1829292333.59,1.8004,-4.0268,1,0
2021-03-17,sh.603993,19.12343226,19.59897054,18.681861,19.5310365,19.42913544,256021075,1450356161.75,1.4492,0.5245,1,0
2021-03-18,sh.603993,19.7008716,19.93864074,19.39516842,19.42913544,19.5310365,195895252,1131191538.05,1.1089,-0.5217,1,0
2021-03-19,sh.603993,18.95359716,19.22533332,18.681861,18.88566312,19.42913544,219843483,1223576189.37,1.2445,-2.7972,1,0
2021-03-22,sh.603993,18.88566312,19.12343226,18.44409186,19.0215312,18.88566312,202882356,1126621694.97,1.1484,0.7194,1,0
2021-03-23,sh.603993,18.91963014,18.98756418,18.03648762,18.24028974,19.0215312,259144006,1403781440.23,1.4669,-4.1071,1,0
2021-03-24,sh.603993,17.96855358,18.37615782,17.52698232,17.62888338,18.24028974,248342897,1301886516.39,1.4058,-3.352,1,0
2021-03-25,sh.603993,17.62888338,18.03648762,17.59491636,17.76475146,17.62888338,167491628,879987246.72,0.9481,0.7707,1,0
2021-03-26,sh.603993,17.8326855,18.44409186,17.6628504,18.37615782,17.76475146,232358128,1245328242.68,1.3153,3.4417,1,0
2021-03-29,sh.603993,18.44409186,18.47805888,18.07045464,18.24028974,18.37615782,164057069,881591291.19,0.9287,-0.7394,1,0
2021-03-30,sh.603993,18.10442166,18.54599292,17.86665252,18.3421908,18.24028974,189043429,1017872670.69,1.0701,0.5587,1,0
2021-03-31,sh.603993,18.27425676,18.37615782,17.79871848,17.93458656,18.3421908,160368218,849344280.63,0.9078,-2.2222,1,0
2021-04-01,sh.603993,17.93458656,18.20632272,17.93458656,18.03648762,17.93458656,119539134,634641077.31,0.6767,0.5682,1,0
2021-04-02,sh.603993,18.07045464,18.20632272,17.69681742,18.1723557,18.03648762,169144271,896157589.58,0.9575,0.7533,1,0
2021-04-06,sh.603993,18.37615782,18.98756418,18.30822378,18.57995994,18.1723557,253017466,1387099360.23,1.4322,2.243,1,0
2021-04-07,sh.603993,18.5120259,19.0215312,18.24028974,19.0215312,18.57995994,255449491,1408899306.34,1.446,2.3766,1,0
2021-04-08,sh.603993,18.91963014,19.76880564,18.74979504,19.42913544,19.0215312,355815600,2027435149.72,2.0142,2.1429,1,0
2021-04-09,sh.603993,19.46310246,19.56500352,18.81772908,18.95359716,19.42913544,220167811,1236868853.1,1.2463,-2.4476,1,0
2021-04-12,sh.603993,19.3612014,19.8707067,18.98756418,19.1913663,18.95359716,426486832,2436907872.63,2.4142,1.2545,1,0
2021-04-13,sh.603993,19.1913663,19.5310365,18.74979504,18.8516961,19.1913663,241156486,1357393082.07,1.3651,-1.7699,1,0
2021-04-14,sh.603993,18.81772908,19.25930034,18.71582802,19.1913663,18.8516961,226407538,1267248432.97,1.2816,1.8018,1,0
2021-04-15,sh.603993,19.15739928,19.32723438,18.71582802,19.25930034,19.1913663,226015371,1265411891.75,1.2794,0.354,1,0
2021-04-16,sh.603993,19.49706948,19.5310365,18.88566312,18.98756418,19.25930034,195918260,1102670983.77,1.109,-1.4109,1,0
2021-04-19,sh.603993,18.8516961,19.73483862,18.61392696,19.59897054,18.98756418,389710576,2225066429.39,2.206,3.22,1,0
2021-04-20,sh.603993,19.39516842,19.5310365,19.1913663,19.32723438,19.59897054,228674602,1303111301.98,1.2945,-1.3865,1,0
2021-04-21,sh.603993,19.12343226,19.1913663,18.8516961,19.0215312,19.32723438,150861461,843011787.33,0.854,-1.5817,1,0
2021-04-22,sh.603993,19.15739928,19.49706948,19.12343226,19.22533332,19.0215312,205950606,1171344123.77,1.1658,1.0714,1,0
2021-04-23,sh.603993,19.05549822,19.66690458,18.95359716,19.59897054,19.22533332,292832560,1680083249.01,1.6576,1.9435,1,0
2021-04-26,sh.603993,19.7008716,20.14244286,19.56500352,19.66690458,19.59897054,327537936,1914571558.87,1.8541,0.3466,1,0
2021-04-27,sh.603993,19.8707067,19.97260776,19.29326736,19.56500352,19.66690458,250523636,1450835841.85,1.4181,-0.5181,1,0
2021-04-28,sh.603993,19.49706948,19.63293756,18.95359716,19.25930034,19.56500352,215316341,1219878782.83,1.2188,-1.5625,1,0
2021-04-29,sh.603993,19.39516842,19.76880564,19.0215312,19.63293756,19.25930034,261007787,1492226420.21,1.4775,1.94,1,0
2021-04-30,sh.603993,19.5310365,20.00657478,19.3612014,19.73483862,19.63293756,263472756,1525736216.12,1.4914,0.519,1,0
2021-05-06,sh.603993,20.380212,20.61798114,19.76880564,20.31227796,19.73483862,411607904,2452602839.93,2.33,2.926,1,0
2021-05-07,sh.603993,20.41417902,21.7388928,20.41417902,21.12748644,20.31227796,555410096,3445472305.95,3.144,4.0134,1,0
2021-05-10,sh.603993,21.63699174,22.21443108,21.16145346,22.18046406,21.12748644,499527184,3199427468.02,2.8277,4.9839,1,0
2021-05-11,sh.603993,21.46715664,21.5690577,20.44814604,20.99161836,22.18046406,415694112,2572508528.24,2.3531,-5.3599,1,0
2021-05-12,sh.603993,20.75384922,21.26335452,20.58401412,20.99161836,20.99161836,200181016,1234333916.73,1.1332,0.0,1,0
2021-05-13,sh.603993,20.44814604,20.48211306,19.63293756,19.7008716,20.99161836,325916624,1920181491.51,1.8449,-6.1489,1,0
2021-05-14,sh.603993,19.7008716,19.90467372,19.25930034,19.56500352,19.7008716,259056565,1492009092.71,1.4664,-0.6897,1,0
2021-05-17,sh.603993,19.49706948,20.24434392,19.3612014,20.14244286,19.56500352,276024512,1612725695.99,1.5625,2.9514,1,0
2021-05-18,sh.603993,20.24434392,20.68591518,19.97260776,20.380212,20.14244286,249339530,1495447713.31,1.4114,1.1804,1,0
2021-05-19,sh.603993,20.07450882,20.7198822,19.80277266,20.48211306,20.380212,274677712,1650542699.25,1.5549,0.5,1,0
2021-05-20,sh.603993,19.56500352,19.63293756,19.25930034,19.42913544,20.48211306,299453232,1715083293.29,1.6951,-5.141,1,0
2021-05-21,sh.603993,19.49706948,20.2103769,19.42913544,19.76880564,19.42913544,223603700,1300576225.64,1.2657,1.7483,1,0
2021-05-24,sh.603993,19.63293756,19.7008716,19.05549822,19.12343226,19.76880564,252945419,1435131865.74,1.4318,-3.2646,1,0
2021-05-25,sh.603993,19.12343226,19.32723438,18.64789398,19.29326736,19.12343226,221483854,1244423478.08,1.2537,0.8881,1,0
2021-05-26,sh.603993,19.1913663,19.29326736,18.95359716,19.1913663,19.29326736,209733611,1180103447.43,1.1872,-0.5282,1,0
2021-05-27,sh.603993,19.12343226,19.1913663,19.0215312,19.05549822,19.1913663,182596325,1026142134.47,1.0336,-0.708,1,0
2021-05-28,sh.603993,19.29326736,19.83673968,19.29326736,19.49706948,19.05549822,344269584,1983357770.69,1.9488,2.3173,1,0
2021-05-31,sh.603993,19.5310365,19.93864074,19.39516842,19.73483862,19.49706948,250275388,1452412914.27,1.4167,1.2195,1,0
2021-06-01,sh.603993,19.56500352,19.59897054,19.08946524,19.5310365,19.73483862,219998180,1253155239.95,1.2453,-1.0327,1,0
2021-06-02,sh.603993,19.46310246,19.76880564,19.29326736,19.32723438,19.5310365,192642220,1106793465.44,1.0905,-1.0435,1,0
2021-06-03,sh.603993,19.29326736,19.73483862,19.22533332,19.39516842,19.32723438,201179419,1156484460.02,1.1388,0.3515,1,0
2021-06-04,sh.603993,19.05549822,19.5310365,18.681861,19.25930034,19.39516842,260999401,1463589057.62,1.4774,-0.7005,1,0
2021-06-07,sh.603993,19.25930034,19.42913544,18.91963014,18.98756418,19.25930034,177120574,996863251.8,1.0026,-1.4109,1,0
2021-06-08,sh.603993,18.98756418,19.12343226,18.3421908,18.44409186,18.98756418,243840800,1338125391.96,1.3803,-2.8623,1,0
2021-06-09,sh.603993,18.47805888,18.71582802,18.41012484,18.54599292,18.44409186,112672755,615491647.11,0.6378,0.5525,1,0
2021-06-10,sh.603993,18.5120259,18.64789398,18.37615782,18.5120259,18.54599292,124308722,678064079.56,0.7037,-0.1832,1,0
2021-06-11,sh.603993,18.54599292,18.64789398,18.07045464,18.5120259,18.5120259,190510805,1029548116.19,1.0784,0.0,1,0
2021-06-15,sh.603993,18.3421908,18.47805888,17.52698232,17.56094934,18.5120259,247921086,1301137336.11,1.4034,-5.1376,1,0
2021-06-16,sh.603993,17.4930153,17.69681742,17.11937808,17.1533451,17.56094934,169452120,866213119.04,0.9592,-2.3211,1,0
2021-06-17,sh.603993,17.1533451,17.3231802,17.11937808,17.1533451,17.1533451,107516698,544437049.67,0.6086,0.0,1,0
2021-06-18,sh.603993,16.91557596,17.62888338,16.57590576,17.62888338,17.1533451,241936420,1223178619.46,1.3695,2.7723,1,0
2021-06-21,sh.603993,17.42508126,17.45904828,17.18731212,17.3231802,17.62888338,158610302,807284890.81,0.8978,-1.7341,1,0
2021-06-22,sh.603993,17.3231802,17.52698232,17.25524616,17.39111424,17.3231802,124660342,638335765.7,0.7057,0.3922,1,0
2021-06-23,sh.603993,17.42508126,17.6628504,17.18731212,17.62888338,17.39111424,186656281,961328538.16,1.0566,1.3672,1,0
2021-06-24,sh.603993,17.6628504,17.8326855,17.45904828,17.52698232,17.62888338,121321770,628504508.84,0.6868,-0.578,1,0
2021-06-25,sh.603993,17.56094934,18.47805888,17.56094934,18.20632272,17.52698232,331084880,1763711862.97,1.8742,3.876,1,0
2021-06-28,sh.603993,18.1723557,18.30822378,17.76475146,17.90061954,18.20632272,154272566,816979202.28,0.8733,-1.6791,1,0
2021-06-29,sh.603993,17.93458656,18.0025206,17.39111424,17.45904828,17.90061954,120557913,624966002.96,0.6824,-2.4668,1,0
2021-06-30,sh.603993,17.4930153,17.76475146,17.42508126,17.52698232,17.45904828,101720411,526933406.91,0.5758,0.3891,1,0
2021-07-01,sh.603993,17.52698232,17.56094934,17.11937808,17.18731212,17.52698232,102173398,520618041.66,0.5784,-1.938,1,0
2021-07-02,sh.603993,17.25524616,17.56094934,17.11937808,17.35714722,17.18731212,107846114,550941516.74,0.6105,0.9881,1,0
2021-07-05,sh.603993,17.45904828,19.08946524,17.45904828,18.98756418,17.35714722,614264640,3363908862.98,3.4771,9.3933,1,0
2021-07-06,sh.603993,18.9875668,19.8754746,18.8168153,19.4998213,18.9875668,598497712,3409471533.03,3.3879,2.6978,1,0
2021-07-07,sh.603993,19.0217171,21.4463884,18.8168153,21.173186,19.4998213,799802224,4802394980.72,4.5274,8.5814,1,0
2021-07-08,sh.603993,20.831683,22.0269435,20.6950818,21.4805387,21.173186,673683184,4239545257.47,3.8135,1.4516,1,0
2021-07-09,sh.603993,21.0707351,23.5295567,21.0024345,22.7099495,21.4805387,671204816,4396496214.14,3.7995,5.7234,1,0
2021-07-12,sh.603993,22.8465507,24.246713,22.5733483,23.563707,22.7099495,614711232,4222012950.65,3.4797,3.7594,1,0
2021-07-13,sh.603993,23.2905046,23.2905046,21.856192,22.3684465,23.563707,515613312,3366076061.87,2.9187,-5.0725,1,0
2021-07-14,sh.603993,22.7440998,23.7686088,21.7878914,22.6074986,22.3684465,521886448,3455019013.58,2.9542,1.0687,1,0
2021-07-15,sh.603993,22.2318453,23.0856028,21.514689,22.9490016,22.6074986,419504416,2746342235.85,2.3747,1.5106,1,0
2021-07-16,sh.603993,22.6416489,24.1784124,22.3684465,22.9831519,22.9490016,546858064,3740924321.65,3.0956,0.1488,1,0
2021-07-19,sh.603993,22.7440998,24.0076609,22.5733483,23.2563543,22.9831519,405522336,2776551341.63,2.2955,1.1887,1,0
2021-07-20,sh.603993,22.7099495,22.9490016,21.9586429,22.880701,23.2563543,368186592,2420075966.43,2.0842,-1.6153,1,0
2021-07-21,sh.603993,22.8124004,24.4174645,22.7099495,24.0418112,22.880701,530565456,3703341715.82,3.0034,5.0746,1,0
2021-07-22,sh.603993,24.0076609,24.2125627,23.3246549,23.5978573,24.0418112,353613088,2449089344.15,2.0017,-1.8466,1,0
2021-07-23,sh.603993,23.9393603,25.1004705,23.7003082,24.1101118,23.5978573,463526400,3319507085.92,2.6239,2.1708,1,0
2021-07-26,sh.603993,24.6906669,25.271222,23.6661579,24.8955687,24.1101118,548234544,3956028109.66,3.1034,3.2578,1,0
2021-07-27,sh.603993,25.612725,26.8079855,23.3588052,23.6320076,24.8955687,785278320,5863340849.38,4.4452,-5.0754,1,0
2021-07-28,sh.603993,22.7782501,23.7003082,21.8220417,22.1293944,23.6320076,512493984,3387457576.48,2.9011,-6.3584,1,0
2021-07-29,sh.603993,22.880701,24.0418112,22.4367471,23.7344585,22.1293944,418177200,2851569346.18,2.3672,7.2531,1,0
2021-07-30,sh.603993,23.7344585,24.1442621,22.7782501,23.5978573,23.7344585,314796560,2154069595.77,1.782,-0.5755,1,0
2021-08-02,sh.603993,23.2563543,24.0076609,22.5050477,23.3929555,23.5978573,395546288,2677407126.47,2.2391,-0.8683,1,0
2021-08-03,sh.603993,23.0173022,23.0173022,21.0707351,21.173186,23.3929555,555504640,3522646689.41,3.1445,-9.4891,1,0
2021-08-04,sh.603993,21.3097872,22.3684465,21.0707351,22.2318453,21.173186,370761648,2374252259.54,2.0988,5.0,1,0
2021-08-05,sh.603993,21.9586429,22.0952441,21.3097872,21.5488393,22.2318453,306477520,1936541924.75,1.7349,-3.0722,1,0
2021-08-06,sh.603993,21.7878914,23.7003082,21.5488393,23.7003082,21.5488393,708973376,4792444321.82,4.0133,9.9842,1,0
2021-08-09,sh.603993,23.9393603,24.8955687,23.3246549,24.588216,23.7003082,746267488,5272132430.93,4.2244,3.7464,1,0
2021-08-10,sh.603993,24.246713,24.246713,23.1880537,23.6661579,24.588216,529400240,3653925811.59,2.9968,-3.75,1,0
2021-08-11,sh.603993,23.563707,23.6661579,22.7440998,23.222204,23.6661579,370048496,2513369665.68,2.0947,-1.8759,1,0
2021-08-12,sh.603993,23.222204,24.246713,22.8124004,23.8369094,23.222204,472866976,3288548654.42,2.6767,2.6471,1,0
2021-08-13,sh.603993,23.563707,25.1004705,23.2563543,24.7931178,23.8369094,616615952,4420573035.33,3.4905,4.0115,1,0
2021-08-16,sh.603993,24.7248172,25.1004705,23.6320076,23.6661579,24.7931178,492239216,3496685599.95,2.7864,-4.5455,1,0
2021-08-17,sh.603993,23.4271058,24.929719,23.3246549,24.1101118,23.6661579,560328144,3985823835.1,3.1718,1.8759,1,0
2021-08-18,sh.603993,23.7686088,24.7589675,22.880701,23.9735106,24.1101118,470646272,3288936021.6,2.6642,-0.5666,1,0
2021-08-19,sh.603993,23.563707,23.563707,22.1635447,23.0173022,23.9735106,519574800,3484116722.61,2.9411,-3.9886,1,0
2021-08-20,sh.603993,22.7099495,23.1197531,22.1635447,22.6757992,23.0173022,355575696,2351328101.7,2.0128,-1.4837,1,0
2021-08-23,sh.603993,22.7782501,23.2905046,22.4367471,23.0173022,22.6757992,323653776,2176211951.38,1.8321,1.506,1,0
2021-08-24,sh.603993,23.222204,24.7248172,22.9148513,24.246713,23.0173022,655387888,4641779118.82,3.7099,5.3412,1,0
2021-08-25,sh.603993,24.7248172,25.2370717,23.7686088,24.9980196,24.246713,589462928,4252755315.48,3.3368,3.0986,1,0
2021-08-26,sh.603993,24.9638693,25.5785747,24.4174645,25.1346208,24.9980196,540900320,3977598716.07,3.0619,0.5464,1,0
2021-08-27,sh.603993,24.8272681,26.5006328,24.5199154,26.5006328,25.1346208,626320432,4701433217.41,3.5454,5.4348,1,0
2021-08-30,sh.603993,26.637234,27.5592921,25.7493262,26.1932801,26.5006328,695585728,5431553151.86,3.9375,-1.1598,1,0
2021-08-31,sh.603993,25.8517771,26.7396849,25.3053723,26.7055346,26.1932801,414900560,3168021391.77,2.3486,1.9557,1,0
2021-09-01,sh.603993,26.4664825,26.7396849,24.0418112,24.8614184,26.7055346,641758064,4725043561.63,3.6328,-6.9054,1,0
2021-09-02,sh.603993,24.4516148,25.4761238,24.3150136,25.1687711,24.8614184,320888144,2359431311.07,1.8164,1.2363,1,0
2021-09-03,sh.603993,24.6906669,25.6468753,24.0759615,24.2808633,25.1687711,402796208,2913545710.99,2.2801,-3.5278,1,0
2021-09-06,sh.603993,24.2808633,24.6223663,23.0514525,24.3150136,24.2808633,329949472,2315400929.21,1.8677,0.1406,1,0
2021-09-07,sh.603993,24.2125627,24.6906669,24.0076609,24.5540657,24.3150136,332651632,2377964446.25,1.883,0.9831,1,0
2021-09-08,sh.603993,24.4516148,24.6223663,23.8710597,24.0759615,24.5540657,387376048,2741363641.18,2.1928,-1.9471,1,0
2021-09-09,sh.603993,24.0759615,25.1346208,23.9393603,24.9980196,24.0759615,441737280,3186359102.4,2.5005,3.8298,1,0
2021-09-10,sh.603993,24.929719,27.4909915,24.7589675,27.1153382,24.9980196,1310302256,10383520390.54,7.4172,8.4699,1,0
2021-09-13,sh.603993,27.32024,29.2326568,27.1153382,28.9253041,27.1153382,1098520416,9088567839.27,6.2184,6.6751,1,0
2021-09-14,sh.603993,28.003246,28.2081478,26.8079855,26.9445867,28.9253041,660913792,5308188646.22,3.7412,-6.8477,1,0
2021-09-15,sh.603993,26.9104364,27.1836388,25.954228,26.9104364,26.9445867,391858896,3063743930.44,2.2182,-0.1267,1,0
2021-09-16,sh.603993,26.9445867,27.5592921,25.7493262,25.9200777,26.9104364,492167904,3837320801.88,2.786,-3.6802,1,0
2021-09-17,sh.603993,25.612725,26.2615807,23.8369094,24.8614184,25.9200777,545603584,3954870622.11,3.0885,-4.0843,1,0
2021-09-22,sh.603993,23.9735106,24.7248172,23.6661579,24.4857651,24.8614184,280231680,1990390390.47,1.5863,-1.511,1,0
2021-09-23,sh.603993,24.7931178,24.8955687,24.0418112,24.3491639,24.4857651,239001592,1709656036.25,1.3529,-0.5579,1,0
2021-09-24,sh.603993,24.3491639,24.5199154,23.1539034,23.2905046,24.3491639,313259968,2176836534.29,1.7733,-4.3478,1,0
2021-09-27,sh.603993,23.1197531,23.222204,20.9682842,21.3439375,23.2905046,457764784,2904024296.02,2.5913,-8.3578,1,0
2021-09-28,sh.603993,21.4805387,21.5829896,21.0024345,21.3097872,21.3439375,210890833,1313704673.87,1.1938,-0.16,1,0
2021-09-29,sh.603993,21.1390357,21.1390357,19.6705728,20.148677,21.3097872,331244592,1968334655.29,1.8751,-5.4487,1,0
2021-09-30,sh.603993,20.3535788,20.7975327,20.0462261,20.6267812,20.148677,207671149,1244790703.98,1.1756,2.3729,1,0
2021-10-08,sh.603993,20.9682842,21.0024345,20.3194285,20.5243303,20.6267812,182974861,1102671784.05,1.0358,-0.4967,1,0
2021-10-11,sh.603993,20.9341339,21.8903423,20.7292321,21.6854405,20.5243303,320552960,2013089691.61,1.8145,5.6572,1,0
2021-10-12,sh.603993,21.6854405,21.8220417,21.0707351,21.6171399,21.6854405,209078417,1308474118.95,1.1835,-0.315,1,0
2021-10-13,sh.603993,21.3439375,21.5488393,21.173186,21.3780878,21.6171399,136510078,853812106.03,0.7727,-1.1058,1,0
2021-10-14,sh.603993,21.514689,22.1293944,21.4805387,22.0269435,21.3780878,224756088,1444290277.98,1.2723,3.0351,1,0
2021-10-15,sh.603993,22.1635447,22.9148513,21.7195908,21.856192,22.0269435,252702492,1648628796.95,1.4305,-0.7752,1,0
2021-10-18,sh.603993,22.197695,22.8124004,22.0269435,22.6757992,21.856192,249427038,1640309898.46,1.4119,3.75,1,0
2021-10-19,sh.603993,22.5050477,22.8124004,22.1635447,22.7099495,22.6757992,174901568,1152403518.35,0.9901,0.1506,1,0
2021-10-20,sh.603993,22.197695,22.9148513,21.856192,22.4025968,22.7099495,213377506,1401894978.72,1.2079,-1.3534,1,0
2021-10-21,sh.603993,22.7099495,22.9831519,22.2659956,22.3001459,22.4025968,210437717,1391112510.22,1.1912,-0.4573,1,0
2021-10-22,sh.603993,21.8903423,22.197695,21.2414866,21.514689,22.3001459,227239808,1442447831.03,1.2863,-3.5222,1,0
2021-10-25,sh.603993,21.4122381,21.9586429,21.1048854,21.9586429,21.514689,152816202,967865130.01,0.865,2.0635,1,0
2021-10-26,sh.603993,21.856192,22.2659956,21.6854405,21.8220417,21.9586429,142385495,913510341.39,0.806,-0.6221,1,0
2021-10-27,sh.603993,21.7878914,21.9927932,21.2073363,21.3439375,21.8220417,136847028,860437231.89,0.7746,-2.1909,1,0
2021-10-28,sh.603993,21.0707351,21.173186,20.0462261,20.3194285,21.3439375,258270919,1544036651.27,1.462,-4.8,1,0
2021-10-29,sh.603993,20.2511279,20.7292321,20.0462261,20.4560297,20.3194285,163267075,975799540.25,0.9242,0.6723,1,0
2021-11-01,sh.603993,20.4560297,20.7975327,20.3194285,20.49018,20.4560297,131714884,790952827.87,0.7456,0.1669,1,0
2021-11-02,sh.603993,20.5243303,20.5584806,19.5681219,19.9437752,20.49018,175290291,1029042656.72,0.9923,-2.6667,1,0
2021-11-03,sh.603993,19.9437752,20.2169776,19.4998213,20.148677,19.9437752,124580980,724714635.36,0.7052,1.0274,1,0
2021-11-04,sh.603993,20.148677,20.1828273,19.1924686,19.3632201,20.148677,271077488,1551734047.3,1.5345,-3.8983,1,0
2021-11-05,sh.603993,19.124168,19.6022722,18.7485147,18.7485147,19.3632201,240896477,1346368993.82,1.3636,-3.1746,1,0
2021-11-08,sh.603993,18.7485147,19.5339716,18.7143644,19.2949195,18.7485147,229929576,1293869045.95,1.3016,2.9144,1,0
2021-11-09,sh.603993,19.4315207,19.4315207,19.0900177,19.2607692,19.2949195,113460963,639385302.92,0.6423,-0.177,1,0
2021-11-10,sh.603993,19.1924686,19.1924686,18.6460638,18.9875668,19.2607692,147870827,815249662.07,0.837,-1.4184,1,0
2021-11-11,sh.603993,18.9192662,19.1924686,18.8509656,19.124168,18.9875668,118520295,660272332.7,0.6709,0.7194,1,0
2021-11-12,sh.603993,19.2266189,19.3973704,18.8851159,18.9534165,19.124168,136205670,760400455.36,0.771,-0.8929,1,0
2021-11-15,sh.603993,19.0217171,19.124168,18.6460638,19.0217171,18.9534165,127334001,703997056.43,0.7208,0.3604,1,0
2021-11-16,sh.603993,18.9875668,18.9875668,18.3728614,18.4753123,19.0217171,180890781,989181140.99,1.024,-2.8725,1,0
2021-11-17,sh.603993,18.4753123,18.7485147,18.4070117,18.6802141,18.4753123,160249585,873190707.85,0.9071,1.1091,1,0
2021-11-18,sh.603993,18.5777632,19.0558674,18.4753123,18.8851159,18.6802141,182082994,1003640177.52,1.0307,1.0969,1,0
2021-11-19,sh.603993,18.9534165,19.4315207,18.8509656,19.4315207,18.8851159,246459241,1390567767.24,1.3951,2.8933,1,0
2021-11-22,sh.603993,19.465671,20.5584806,19.465671,20.0803764,19.4315207,329467520,1940223001.53,1.865,3.3392,1,0
2021-11-23,sh.603993,20.2852782,20.4560297,19.8413243,19.9437752,20.0803764,201852480,1182746735.96,1.1426,-0.6803,1,0
2021-11-24,sh.603993,19.9437752,20.3877291,19.7047231,20.2852782,19.9437752,211938600,1248946142.6,1.1997,1.7123,1,0
2021-11-25,sh.603993,20.2852782,20.7292321,20.0120758,20.0803764,20.2852782,203013532,1209458708.59,1.1492,-1.0101,1,0
2021-11-26,sh.603993,19.9779255,20.49018,19.8413243,20.1145267,20.0803764,239205865,1415083100.32,1.3541,0.1701,1,0
2021-11-29,sh.603993,19.4998213,20.0803764,19.3632201,19.7388734,20.1145267,265335916,1529798733.35,1.502,-1.8676,1,0
2021-11-30,sh.603993,20.0462261,20.6267812,19.8413243,20.1145267,19.7388734,288488800,1709850608.55,1.633,1.9031,1,0
2021-12-01,sh.603993,20.1145267,21.0365848,20.0120758,20.831683,20.1145267,362451504,2195806997.91,2.0517,3.5654,1,0
2021-12-02,sh.603993,20.8999836,21.1048854,20.3877291,20.5584806,20.831683,218940119,1322714830.19,1.2393,-1.3115,1,0
2021-12-03,sh.603993,20.5926309,20.8999836,20.2169776,20.7975327,20.5584806,230565970,1392561173.35,1.3052,1.1628,1,0
2021-12-06,sh.603993,20.7975327,20.9682842,20.2852782,20.3877291,20.7975327,262765879,1589591892.81,1.4874,-1.9704,1,0
2021-12-07,sh.603993,20.5243303,20.6609315,19.8754746,20.1145267,20.3877291,219560505,1296966599.1,1.2429,-1.34,1,0
2021-12-08,sh.603993,20.2852782,20.5243303,20.1145267,20.4218794,20.1145267,177879737,1060257346.63,1.0069,1.528,1,0
2021-12-09,sh.603993,20.49018,20.5926309,20.3194285,20.3877291,20.4218794,175556389,1049158773.01,0.9938,-0.1672,1,0
2021-12-10,sh.603993,20.2511279,20.3535788,19.9437752,20.1828273,20.3877291,159641944,941372532.69,0.9037,-1.005,1,0
2021-12-13,sh.603993,20.1145267,20.2852782,19.9779255,20.1828273,20.1828273,165039066,973130260.9,0.9342,0.0,1,0
2021-12-14,sh.603993,20.0803764,20.1145267,19.3290698,19.3973704,20.1828273,292238336,1678183806.98,1.6543,-3.8917,1,0
2021-12-15,sh.603993,19.2949195,19.465671,19.0900177,19.1583183,19.3973704,164495483,928643857.94,0.9312,-1.2324,1,0
2021-12-16,sh.603993,19.1583183,19.5681219,19.124168,19.5339716,19.1583183,125666357,714024961.81,0.7114,1.9608,1,0
2021-12-17,sh.603993,19.6705728,20.148677,19.6022722,19.7047231,19.5339716,192208409,1118985107.45,1.088,0.8741,1,0
2021-12-20,sh.603993,19.6022722,19.6705728,19.1924686,19.2266189,19.7047231,125892917,712876403.01,0.7126,-2.4263,1,0
2021-12-21,sh.603993,19.124168,19.4315207,19.0900177,19.3973704,19.2266189,92219468,519784844.62,0.522,0.8881,1,0
2021-12-22,sh.603993,19.3973704,19.3973704,19.1583183,19.1924686,19.3973704,94732646,533690419.04,0.5362,-1.0563,1,0
2021-12-23,sh.603993,19.2949195,19.4315207,19.2266189,19.3290698,19.1924686,97795836,553552976.33,0.5536,0.7117,1,0
2021-12-24,sh.603993,19.3290698,19.3973704,18.8851159,18.9192662,19.3290698,117793080,655567834.11,0.6668,-2.1201,1,0
2021-12-27,sh.603993,18.9192662,19.0217171,18.8168153,18.8509656,18.9192662,76357267,422781670.23,0.4322,-0.361,1,0
2021-12-28,sh.603993,18.9534165,19.1583183,18.8509656,19.0217171,18.8509656,97069211,539453122.41,0.5495,0.9058,1,0
2021-12-29,sh.603993,18.9534165,19.0900177,18.8509656,18.8851159,19.0217171,87720804,486746355.77,0.4966,-0.7181,1,0
2021-12-30,sh.603993,18.9192662,18.9875668,18.8509656,18.8851159,18.8851159,73716536,408493643.21,0.4173,0.0,1,0
2021-12-31,sh.603993,18.9534165,19.124168,18.8851159,19.0558674,18.8851159,86256377,480126738.58,0.4883,0.9042,1,0
2022-01-04,sh.603993,19.1924686,19.2607692,18.9534165,19.2607692,19.0558674,112652322,630502935.0,0.6377,1.0753,1,0
2022-01-05,sh.603993,19.2266189,19.2266189,18.782665,18.9534165,19.2607692,104094774,578365705.21,0.5892,-1.5957,1,0
2022-01-06,sh.603993,18.8168153,19.0217171,18.8168153,18.9534165,18.9534165,87428165,484334854.43,0.4949,0.0,1,0
2022-01-07,sh.603993,19.0217171,19.0900177,18.8509656,18.9534165,18.9534165,92927348,516083058.73,0.526,0.0,1,0
2022-01-10,sh.603993,18.9192662,19.0900177,18.8509656,19.0558674,18.9534165,87147373,484768583.68,0.4933,0.5405,1,0
2022-01-11,sh.603993,19.0217171,19.124168,18.8509656,18.9534165,19.0558674,101779417,565388826.3,0.5761,-0.5376,1,0
2022-01-12,sh.603993,19.0900177,19.6705728,19.0558674,19.6705728,18.9534165,263603757,1503103822.5,1.4922,3.7838,1,0
2022-01-13,sh.603993,19.7730237,20.0803764,19.4998213,19.5339716,19.6705728,219429860,1271784813.58,1.2421,-0.6944,1,0
2022-01-14,sh.603993,19.465671,19.465671,19.0558674,19.1924686,19.5339716,147457218,827576335.98,0.8347,-1.7483,1,0
2022-01-17,sh.603993,19.0558674,19.1583183,18.8509656,19.0217171,19.1924686,99193962,550729232.72,0.5615,-0.8897,1,0
2022-01-18,sh.603993,18.9875668,19.2266189,18.8509656,19.0558674,19.0217171,87916866,490020729.72,0.4977,0.1795,1,0
2022-01-19,sh.603993,19.0217171,19.1924686,18.9534165,19.0217171,19.0558674,85006922,473852113.72,0.4812,-0.1792,1,0
2022-01-20,sh.603993,19.1924686,19.3632201,19.0217171,19.2949195,19.0217171,115233379,648030378.95,0.6523,1.4363,1,0
2022-01-21,sh.603993,19.1924686,19.465671,19.0900177,19.4315207,19.2949195,118961325,674036724.01,0.6734,0.708,1,0
2022-01-24,sh.603993,19.4315207,19.4998213,19.124168,19.3290698,19.4315207,88959255,503210500.01,0.5036,-0.5272,1,0
2022-01-25,sh.603993,19.1583183,19.3290698,18.6460638,18.6460638,19.3290698,130951349,729121566.7,0.7413,-3.5336,1,0
2022-01-26,sh.603993,18.6802141,18.8509656,18.6460638,18.782665,18.6460638,59252110,325437340.0,0.3354,0.7326,1,0
2022-01-27,sh.603993,18.782665,18.782665,17.5191039,17.6557051,18.782665,158240904,835471163.04,0.8957,-6.0,1,0
2022-01-28,sh.603993,17.8606069,17.9630578,17.1434506,17.6557051,17.6557051,103908171,535562446.27,0.5882,0.0,1,0
2022-02-07,sh.603993,17.9630578,18.441162,17.9289075,18.4070117,17.6557051,122897596,655981773.27,0.6957,4.2553,1,0
2022-02-08,sh.603993,18.4070117,18.5777632,18.1679596,18.5436129,18.4070117,99264854,535384784.7,0.5619,0.7421,1,0
2022-02-09,sh.603993,18.6119135,19.2266189,18.5436129,19.1583183,18.5436129,163937003,911666903.3,0.928,3.3149,1,0
2022-02-10,sh.603993,19.2949195,20.0462261,19.2949195,19.7730237,19.1583183,271993008,1576894210.66,1.5397,3.2086,1,0
2022-02-11,sh.603993,19.7730237,20.0462261,19.6022722,19.7730237,19.7730237,189995005,1103655941.12,1.0755,0.0,1,0
2022-02-14,sh.603993,19.6364225,19.807174,19.2266189,19.4315207,19.7730237,126572797,724586470.0,0.7165,-1.7271,1,0
2022-02-15,sh.603993,19.465671,19.4998213,19.124168,19.3973704,19.4315207,92718757,523687150.27,0.5248,-0.1757,1,0
2022-02-16,sh.603993,19.3973704,19.7047231,19.3632201,19.4315207,19.3973704,78938024,450639117.55,0.4468,0.1761,1,0
2022-02-17,sh.603993,19.465671,19.8754746,19.3632201,19.7730237,19.4315207,139332837,804149305.68,0.7887,1.7575,1,0
2022-02-18,sh.603993,19.6022722,19.8413243,19.4998213,19.807174,19.7730237,100171381,578580575.48,0.567,0.1727,1,0
2022-02-21,sh.603993,19.7388734,19.8413243,19.4998213,19.5681219,19.807174,85484270,490236966.38,0.4839,-1.2069,1,0
2022-02-22,sh.603993,19.465671,19.7047231,19.3290698,19.6705728,19.5681219,89787628,512858146.74,0.5083,0.5236,1,0
2022-02-23,sh.603993,19.7730237,19.8413243,19.5339716,19.807174,19.6705728,118571716,685169824.72,0.6712,0.6944,1,0
2022-02-24,sh.603993,19.6705728,20.1145267,19.1924686,19.5339716,19.807174,172718753,996628278.14,0.9777,-1.3793,1,0
2022-02-25,sh.603993,19.4998213,19.9779255,19.4315207,19.6022722,19.5339716,148512503,859014268.17,0.8407,0.3497,1,0
2022-02-28,sh.603993,19.7047231,20.6609315,19.7047231,20.5243303,19.6022722,392956384,2345048048.0,2.2244,4.7038,1,0
2022-03-01,sh.603993,20.49018,20.5243303,19.9437752,20.2169776,20.5243303,217034017,1279899088.0,1.2286,-1.4975,1,0
2022-03-02,sh.603993,20.0803764,20.5243303,20.0120758,20.2511279,20.2169776,197990168,1177380576.0,1.1208,0.1689,1,0
2022-03-03,sh.603993,20.4218794,20.9341339,20.4218794,20.5584806,20.2511279,312767296,1899290944.0,1.7705,1.5177,1,0
2022-03-04,sh.603993,20.4560297,20.49018,19.6705728,19.7388734,20.5584806,245042073,1440170352.0,1.3871,-3.9867,1,0
2022-03-07,sh.603993,20.0120758,20.3194285,19.3973704,19.5681219,19.7388734,218742049,1271000192.0,1.2382,-0.8651,1,0
2022-03-08,sh.603993,19.7047231,20.0462261,18.2362602,18.6460638,19.5681219,270203392,1501676240.0,1.5295,-4.712,1,0
2022-03-09,sh.603993,18.441162,18.441162,17.1093003,17.9289075,18.6460638,240811368,1254786688.0,1.3632,-3.8462,1,0
2022-03-10,sh.603993,18.2704105,18.4070117,17.758156,18.0313584,17.9289075,175981935,927869888.0,0.9962,0.5714,1,0
2022-03-11,sh.603993,17.6898554,17.8264566,17.2800518,17.7923063,18.0313584,161419073,827120640.0,0.9137,-1.3258,1,0
2022-03-14,sh.603993,17.4849536,17.6557051,17.2117512,17.2459015,17.7923063,116704249,594876960.0,0.6606,-3.071,1,0
2022-03-15,sh.603993,17.07515,17.1093003,15.709138,15.7774386,17.2459015,252532115,1205347040.0,1.4295,-8.5149,1,0
2022-03-16,sh.603993,16.392144,16.9385488,15.8798895,16.8360979,15.7774386,217488896,1044511376.0,1.2311,6.71,1,0
2022-03-17,sh.603993,17.1093003,17.5874045,16.9726991,17.3825027,16.8360979,186846375,945826688.0,1.0577,3.2454,1,0
2022-03-18,sh.603993,17.416653,17.758156,17.2800518,17.6557051,17.3825027,154564676,793683606.89,0.8749,1.5717,1,0
2022-03-21,sh.603993,17.8264566,18.1338093,17.6215548,17.8264566,17.6557051,147700580,774206158.69,0.8361,0.9671,1,0
2022-03-22,sh.603993,17.9289075,18.0655087,17.6215548,17.8947572,17.8264566,120383998,632113865.88,0.6815,0.3831,1,0
2022-03-23,sh.603993,18.0313584,18.2021099,17.9289075,18.1338093,17.8947572,135312311,716765550.14,0.766,1.3359,1,0
2022-03-24,sh.603993,18.1338093,18.782665,18.0655087,18.5777632,18.1338093,180457209,980238379.04,1.0215,2.4482,1,0
2022-03-25,sh.603993,18.5436129,19.124168,18.441162,18.6802141,18.5777632,178547383,986894698.7,1.0107,0.5515,1,0
2022-03-28,sh.603993,18.3728614,18.4753123,17.8947572,18.2021099,18.6802141,108516121,577115739.18,0.6143,-2.5594,1,0
2022-03-29,sh.603993,18.099659,18.4070117,17.9972081,18.2021099,18.2021099,75738612,403348778.74,0.4287,0.0,1,0
2022-03-30,sh.603993,18.3045608,18.3045608,17.8606069,18.099659,18.2021099,88057909,465798480.28,0.4985,-0.5629,1,0
2022-03-31,sh.603993,18.1338093,18.1679596,17.6898554,17.7923063,18.099659,98485315,514555822.43,0.5575,-1.6981,1,0
2022-04-01,sh.603993,17.758156,18.1338093,17.5191039,18.0313584,17.7923063,79618789,417952055.82,0.4507,1.3436,1,0
2022-04-06,sh.603993,17.9972081,18.2704105,17.758156,18.2362602,18.0313584,88890074,469085706.42,0.5032,1.1364,1,0
2022-04-07,sh.603993,18.1679596,18.2021099,17.9289075,17.9630578,18.2362602,63757642,336868539.92,0.3609,-1.4981,1,0
2022-04-08,sh.603993,17.9289075,18.7485147,17.8606069,18.4753123,17.9630578,157696837,845538330.3,0.8927,2.8517,1,0
2022-04-11,sh.603993,18.4753123,18.5777632,17.4508033,17.5191039,18.4753123,140887529,736160269.68,0.7975,-5.1756,1,0
2022-04-12,sh.603993,17.5191039,17.7923063,17.1093003,17.7923063,17.5191039,94199415,482198167.33,0.5332,1.5595,1,0
2022-04-13,sh.603993,17.6898554,19.0558674,17.6557051,18.6119135,17.7923063,243618982,1319651374.89,1.379,4.6065,1,0
2022-04-14,sh.603993,18.6460638,18.9875668,18.441162,18.782665,18.6119135,127809478,700771130.0,0.7235,0.9174,1,0
2022-04-15,sh.603993,18.7143644,19.2607692,18.5777632,18.8509656,18.782665,178745541,992369404.92,1.0118,0.3636,1,0
2022-04-18,sh.603993,18.7485147,18.7485147,18.1679596,18.3045608,18.8509656,91359561,490423626.53,0.5172,-2.8986,1,0
2022-04-19,sh.603993,18.441162,18.5777632,18.2704105,18.3728614,18.3045608,87770379,472440129.48,0.4968,0.3731,1,0
2022-04-20,sh.603993,18.3045608,18.3387111,17.6215548,17.6898554,18.3728614,111387007,582449584.52,0.6305,-3.7175,1,0
2022-04-21,sh.603993,17.6557051,17.6898554,16.6653464,16.8019476,17.6898554,157542936,787953369.17,0.8918,-5.0193,1,0
2022-04-22,sh.603993,16.6311961,17.0068494,16.3238434,16.9043985,16.8019476,91426259,446889182.42,0.5175,0.6098,1,0
2022-04-25,sh.603993,16.4945949,16.4945949,15.709138,15.7432883,16.9043985,134173192,629919164.74,0.7595,-6.8687,1,0
2022-04-26,sh.603993,15.7432883,15.8457392,14.4455769,14.5821781,15.7432883,196281850,863083918.77,1.1111,-7.3753,1,0
2022-04-27,sh.603993,14.3089757,15.5383865,14.2748254,15.4359356,14.5821781,153034172,669493579.84,0.8663,5.8548,1,0
2022-04-28,sh.603993,15.4359356,15.5042362,15.0602823,15.2310338,15.4359356,120074949,537415545.35,0.6797,-1.3274,1,0
2022-04-29,sh.603993,15.4359356,16.1189416,15.3334847,15.9823404,15.2310338,137131984,632591917.28,0.7763,4.9327,1,0
2022-05-05,sh.603993,16.0847913,16.3579937,15.8798895,16.1872422,15.9823404,106092127,503007159.89,0.6006,1.2821,1,0
2022-05-06,sh.603993,15.709138,15.7774386,15.4017853,15.5383865,16.1872422,104241826,475703872.71,0.5901,-4.0084,1,0
2022-05-09,sh.603993,15.367635,15.6066871,15.1968835,15.367635,15.5383865,85467646,384811767.76,0.4838,-1.0989,1,0
2022-05-10,sh.603993,15.0944326,15.3334847,14.7529296,15.1627332,15.367635,169645448,749269794.56,0.9603,-1.3333,1,0
2022-05-11,sh.603993,15.1627332,15.8798895,15.0944326,15.4700859,15.1627332,162139044,734837100.87,0.9178,2.027,1,0
2022-05-12,sh.603993,15.2310338,15.4359356,14.9919817,15.1968835,15.4700859,111979228,498724364.33,0.6339,-1.766,1,0
2022-05-13,sh.603993,15.2310338,15.4017853,15.026132,15.1627332,15.1968835,99046167,439622565.89,0.5607,-0.2247,1,0
2022-05-16,sh.603993,15.2993344,15.4017853,15.1627332,15.2310338,15.1627332,86912444,388740836.8,0.492,0.4505,1,0
2022-05-17,sh.603993,15.2310338,15.6408374,15.1968835,15.6066871,15.2310338,136490531,617920710.73,0.7726,2.4664,1,0
2022-05-18,sh.603993,15.6408374,15.6408374,15.3334847,15.4359356,15.6066871,87892595,397433293.32,0.4975,-1.0941,1,0
2022-05-19,sh.603993,15.1627332,15.2993344,14.9919817,15.2651841,15.4359356,123801360,548126709.49,0.7008,-1.1062,1,0
2022-05-20,sh.603993,15.367635,16.050641,15.367635,16.0164907,15.2651841,222262342,1023764728.42,1.2582,4.9217,1,0
2022-05-23,sh.603993,15.9481901,16.392144,15.8798895,16.2213925,16.0164907,141751137,669437969.85,0.8024,1.2793,1,0
2022-05-24,sh.603993,16.1530919,16.1872422,15.5042362,15.5042362,16.2213925,130623466,606455861.02,0.7394,-4.4211,1,0
2022-05-25,sh.603993,15.7432883,16.2213925,15.6749877,16.0847913,15.5042362,164945018,772053411.74,0.939,3.7445,1,0
2022-05-26,sh.603993,16.1189416,16.3238434,15.7774386,16.2555428,16.0847913,124137916,585198730.22,0.7067,1.0616,1,0
2022-05-27,sh.603993,16.2896931,16.4945949,16.1189416,16.2213925,16.2555428,124044626,592163156.93,0.7062,-0.2101,1,0
2022-05-30,sh.603993,16.2213925,16.3579937,16.1189416,16.1872422,16.2213925,83728900,397518298.82,0.4767,-0.2105,1,0
2022-05-31,sh.603993,16.1872422,16.2896931,16.050641,16.2896931,16.1872422,98659840,468008313.14,0.5617,0.6329,1,0
2022-06-01,sh.603993,16.1872422,16.392144,16.1189416,16.3238434,16.2896931,89521659,425897068.47,0.5096,0.2096,1,0
2022-06-02,sh.603993,16.2555428,16.5628955,16.1872422,16.5287452,16.3238434,100847308,486570912.04,0.5741,1.2552,1,0
2022-06-06,sh.603993,16.733647,17.2800518,16.5970458,17.2117512,16.5287452,186794359,930837574.04,1.0634,4.1322,1,0
2022-06-07,sh.603993,17.1434506,17.3142021,17.0068494,17.2117512,17.2117512,109180224,547664357.14,0.6216,0.0,1,0
2022-06-08,sh.603993,17.2459015,17.6898554,16.9385488,17.6557051,17.2117512,195870259,996809498.46,1.1151,2.5794,1,0
2022-06-09,sh.603993,17.7240057,18.9192662,17.7240057,18.4070117,17.6557051,379213552,2046419064.35,2.1588,4.2553,1,0
2022-06-10,sh.603993,18.1679596,19.6705728,18.1679596,19.3973704,18.4070117,363165440,2013155714.43,2.0675,5.3803,1,0
2022-06-13,sh.603993,19.3632201,19.9779255,19.2266189,19.5339716,19.3973704,378640528,2173291603.07,2.1556,0.7042,1,0
2022-06-14,sh.603993,19.3290698,19.807174,19.0900177,19.7730237,19.5339716,282956896,1610139235.52,1.6108,1.2238,1,0
2022-06-15,sh.603993,19.7730237,20.2169776,19.1924686,19.8754746,19.7730237,356196208,2059078722.28,2.0278,0.5181,1,0
2022-06-16,sh.603993,19.8754746,20.4218794,19.5339716,19.8754746,19.8754746,261006871,1521075162.82,1.4859,0.0,1,0
2022-06-17,sh.603993,19.8754746,20.9341339,19.5681219,20.8658333,19.8754746,506565424,3017692477.87,2.8838,4.9828,1,0
2022-06-20,sh.603993,20.8999836,20.8999836,18.8168153,19.6705728,20.8658333,742212288,4274968022.34,4.2253,-5.7283,1,0
2022-06-21,sh.603993,19.3290698,19.5681219,18.6802141,19.465671,19.6705728,368405856,2068231284.27,2.0973,-1.0417,1,0
2022-06-22,sh.603993,19.6364225,21.4122381,19.5339716,20.8999836,19.465671,1159755376,7084461116.11,6.6024,7.3684,1,0
2022-06-23,sh.603993,20.3194285,21.0365848,19.0900177,20.4218794,20.8999836,1018143792,5942356992.68,5.7962,-2.2876,1,0
2022-06-24,sh.603993,20.0462261,20.7975327,19.5681219,19.6364225,20.4218794,477982752,2786883867.41,2.7211,-3.8462,1,0
2022-06-27,sh.603993,19.3290698,20.6950818,19.124168,20.4218794,19.6364225,588688656,3494227205.42,3.3513,4.0,1,0
2022-06-28,sh.603993,20.5584806,20.6609315,19.9096249,20.148677,20.4218794,381802688,2247703131.12,2.1736,-1.3378,1,0
2022-06-29,sh.603993,20.0120758,20.2511279,19.4998213,19.5339716,20.148677,339644064,1971483697.78,1.9336,-3.0508,1,0
2022-06-30,sh.603993,19.465671,19.8413243,19.1924686,19.5681219,19.5339716,271837808,1558226234.41,1.5475,0.1748,1,0
2022-07-01,sh.603993,19.807174,19.807174,19.3290698,19.4998213,19.5681219,209051129,1195287209.73,1.1901,-0.349,1,0
2022-07-04,sh.603993,19.2266189,19.5339716,19.0558674,19.2266189,19.4998213,241418810,1360391911.87,1.3744,-1.4011,1,0
2022-07-05,sh.603993,19.2607692,19.5681219,18.8168153,19.1924686,19.2266189,244473065,1372594141.29,1.3918,-0.1776,1,0
2022-07-06,sh.603993,18.8851159,19.0558674,17.6215548,17.9972081,19.1924686,473866688,2528207812.42,2.6977,-6.2278,1,0
2022-07-07,sh.603993,18.13564524,18.79323543,18.06642522,18.58557537,17.9972052,230740834,1230087988.16,1.3136,3.2692,1,0
2022-07-08,sh.603993,18.75862542,19.48543563,18.72401541,19.07011551,18.58557537,317966644,1762376060.12,1.8101,2.6071,1,0
2022-07-11,sh.603993,18.93167547,19.00089549,18.23947527,18.37791531,19.07011551,220224770,1178664374.64,1.2537,-3.6298,1,0
2022-07-12,sh.603993,18.37791531,18.48174534,18.06642522,18.10103523,18.37791531,136722830,720557266.16,0.7783,-1.5066,1,0
2022-07-13,sh.603993,18.06642522,18.20486526,17.72032512,18.10103523,18.10103523,121022304,627778729.94,0.689,0.0,1,0
2022-07-14,sh.603993,17.9972052,18.06642522,17.72032512,17.78954514,18.10103523,167711839,866170421.38,0.9548,-1.7208,1,0
2022-07-15,sh.603993,17.82415515,18.20486526,17.75493513,17.82415515,17.78954514,164652258,855076444.95,0.9373,0.1946,1,0
2022-07-18,sh.603993,17.92798518,18.44713533,17.89337517,18.37791531,17.82415515,154955128,817581617.63,0.8821,3.1068,1,0
2022-07-19,sh.603993,18.30869529,18.37791531,17.9972052,18.13564524,18.37791531,118096421,620284341.24,0.6723,-1.3183,1,0
2022-07-20,sh.603993,18.20486526,18.82784544,18.17025525,18.82784544,18.13564524,197754515,1062082810.05,1.1258,3.8168,1,0
2022-07-21,sh.603993,18.79323543,20.69678598,18.62018538,20.69678598,18.82784544,642966451,3754984620.0,3.6603,9.9265,1,0
2022-07-22,sh.603993,19.7277057,20.00458578,19.07011551,19.24316556,20.69678598,650521826,3655372510.19,3.7033,-7.0234,1,0
2022-07-25,sh.603993,19.10472552,19.17394554,18.55096536,18.62018538,19.24316556,228091077,1238180463.43,1.2985,-3.2374,1,0
2022-07-26,sh.603993,18.65479539,19.10472552,18.48174534,18.93167547,18.62018538,159407909,870521134.42,0.9075,1.6729,1,0
2022-07-27,sh.603993,18.86245545,19.20855555,18.72401541,19.10472552,18.93167547,132425595,726536130.22,0.7539,0.9141,1,0
2022-07-28,sh.603993,19.24316556,19.24316556,18.89706546,18.96628548,19.10472552,140725876,772849549.61,0.8011,-0.7246,1,0
2022-07-29,sh.603993,18.89706546,18.96628548,18.62018538,18.65479539,18.96628548,145637793,788375116.96,0.8291,-1.6423,1,0
2022-08-01,sh.603993,18.48174534,18.86245545,17.92798518,18.82784544,18.65479539,154192170,823692955.57,0.8778,0.9276,1,0
2022-08-02,sh.603993,18.55096536,18.55096536,17.82415515,18.06642522,18.82784544,186259526,974504826.0,1.0604,-4.0441,1,0
2022-08-03,sh.603993,18.03181521,18.3433053,17.82415515,17.89337517,18.06642522,116850971,610783175.5,0.6652,-0.9579,1,0
2022-08-04,sh.603993,18.03181521,18.17025525,17.75493513,17.9972052,17.89337517,86663902,449272399.0,0.4934,0.5803,1,0
2022-08-05,sh.603993,18.03181521,18.27408528,17.92798518,18.23947527,17.9972052,93708387,490976620.0,0.5335,1.3462,1,0
2022-08-08,sh.603993,18.30869529,18.82784544,18.20486526,18.51635535,18.23947527,144101321,772385466.0,0.8204,1.518,1,0
2022-08-09,sh.603993,18.48174534,18.62018538,18.3433053,18.55096536,18.51635535,92152890,491889416.0,0.5246,0.1869,1,0
2022-08-10,sh.603993,18.6894054,19.0355055,18.44713533,18.58557537,18.55096536,146345180,791769149.0,0.8331,0.1866,1,0
2022-08-11,sh.603993,18.65479539,18.75862542,18.3433053,18.72401541,18.58557537,145104900,778758346.0,0.8261,0.7449,1,0
2022-08-12,sh.603993,18.6894054,19.0355055,18.58557537,18.89706546,18.72401541,143504640,781911628.0,0.817,0.9242,1,0
2022-08-15,sh.603993,18.82784544,19.27777557,18.6894054,19.13933553,18.89706546,229685187,1264613832.02,1.3076,1.2821,1,0
2022-08-16,sh.603993,19.07011551,19.10472552,18.62018538,18.72401541,19.13933553,173492799,940559387.14,0.9877,-2.17,1,0
2022-08-17,sh.603993,18.62018538,18.75862542,18.23947527,18.41252532,18.72401541,160470462,852865058.65,0.9135,-1.6636,1,0
2022-08-18,sh.603993,18.20486526,18.37791531,18.03181521,18.20486526,18.41252532,118081899,620173792.41,0.6722,-1.1278,1,0
2022-08-19,sh.603993,18.10103523,18.27408528,18.10103523,18.13564524,18.20486526,98872588,519165514.54,0.5629,-0.3802,1,0
2022-08-22,sh.603993,18.23947527,18.55096536,18.17025525,18.55096536,18.13564524,137579397,731116108.86,0.7832,2.2901,1,0
2022-08-23,sh.603993,18.51635535,18.72401541,18.3433053,18.44713533,18.55096536,103082475,550008223.76,0.5868,-0.5597,1,0
2022-08-24,sh.603993,18.44713533,18.6894054,17.75493513,17.82415515,18.44713533,205248819,1073036606.53,1.1685,-3.3771,1,0
2022-08-25,sh.603993,17.82415515,18.10103523,17.68571511,18.06642522,17.82415515,112990880,583802830.48,0.6432,1.3592,1,0
2022-08-26,sh.603993,18.06642522,18.23947527,17.92798518,17.96259519,18.06642522,94170972,491890383.89,0.5361,-0.5747,1,0
2022-08-29,sh.603993,17.68571511,17.82415515,17.47805505,17.78954514,17.96259519,86276081,441159685.26,0.4912,-0.9634,1,0
2022-08-30,sh.603993,17.82415515,17.82415515,17.51266506,17.61649509,17.78954514,90295828,459910268.61,0.514,-0.9728,1,0
2022-08-31,sh.603993,17.51266506,17.54727507,16.9589049,17.02812492,17.61649509,163390370,812104485.9,0.9302,-3.3399,1,0
2022-09-01,sh.603993,17.02812492,17.23578498,16.88968488,17.06273493,17.02812492,70017255,346040424.99,0.3986,0.2033,1,0
2022-09-02,sh.603993,17.09734494,17.16656496,16.88968488,16.9589049,17.06273493,74681094,365836198.97,0.4252,-0.6085,1,0
2022-09-05,sh.603993,16.9589049,17.13195495,16.82046486,17.13195495,16.9589049,72065089,353386943.65,0.4103,1.0204,1,0
2022-09-06,sh.603993,17.16656496,17.51266506,17.13195495,17.47805505,17.13195495,92374079,463775967.84,0.5259,2.0202,1,0
2022-09-07,sh.603993,17.40883503,17.75493513,17.37422502,17.72032512,17.47805505,89645954,457164969.91,0.5103,1.3861,1,0
2022-09-08,sh.603993,17.68571511,17.82415515,17.58188508,17.68571511,17.72032512,75675653,387301643.11,0.4308,-0.1953,1,0
2022-09-09,sh.603993,17.78954514,18.13564524,17.68571511,17.92798518,17.68571511,96696018,501350872.33,0.5505,1.3699,1,0
2022-09-13,sh.603993,18.10103523,18.27408528,17.9972052,18.06642522,17.92798518,121839958,638319905.61,0.6936,0.7722,1,0
2022-09-14,sh.603993,17.78954514,17.96259519,17.61649509,17.72032512,18.06642522,90493082,464196085.32,0.5152,-1.9157,1,0
2022-09-15,sh.603993,17.75493513,17.92798518,17.13195495,17.33961501,17.72032512,114221559,576726063.33,0.6503,-2.1484,1,0
2022-09-16,sh.603993,17.37422502,17.40883503,16.78585485,16.78585485,17.33961501,114679173,562934147.52,0.6529,-3.1936,1,0
2022-09-19,sh.603993,16.82046486,16.88968488,16.40514474,16.54358478,16.78585485,69658724,335064350.52,0.3966,-1.4433,1,0
2022-09-20,sh.603993,16.57819479,17.20117497,16.54358478,16.9589049,16.54358478,76615891,374400490.54,0.4362,2.5105,1,0
2022-09-21,sh.603993,16.92429489,17.02812492,16.71663483,16.9589049,16.9589049,55485137,270601882.64,0.3159,0.0,1,0
2022-09-22,sh.603993,16.78585485,17.09734494,16.78585485,16.92429489,16.9589049,59464685,291099895.64,0.3385,-0.2041,1,0
2022-09-23,sh.603993,16.9589049,16.99351491,16.64741481,16.75124484,16.92429489,67433493,327493407.32,0.3839,-1.0225,1,0
2022-09-26,sh.603993,16.6128048,16.71663483,16.19748468,16.23209469,16.75124484,88896016,422476013.44,0.5061,-3.0992,1,0
2022-09-27,sh.603993,16.30131471,16.43975475,16.02443463,16.43975475,16.23209469,71862079,336798736.53,0.4091,1.2793,1,0
2022-09-28,sh.603993,16.37053473,16.37053473,15.74755455,15.74755455,16.43975475,79163589,366258037.67,0.4507,-4.2105,1,0
2022-09-29,sh.603993,16.09365465,16.57819479,16.02443463,16.33592472,15.74755455,127258327,601473423.15,0.7245,3.7363,1,0
2022-09-30,sh.603993,16.33592472,16.78585485,16.23209469,16.33592472,16.33592472,110033197,525815867.84,0.6264,0.0,1,0
2022-10-10,sh.603993,16.33592472,16.43975475,15.40145445,15.60911451,16.33592472,138128730,634815435.83,0.7864,-4.4492,1,0
2022-10-11,sh.603993,15.71294454,16.05904464,15.5745045,15.78216456,15.60911451,81783145,372591172.61,0.4656,1.1086,1,0
2022-10-12,sh.603993,15.5745045,15.64372452,14.46698418,15.29762442,15.78216456,365006166,1579907266.2,2.0779,-3.0702,1,0
2022-10-13,sh.603993,15.05535435,15.2284044,14.8823043,14.95152432,15.29762442,189508531,822333520.6,1.0789,-2.2624,1,0
2022-10-14,sh.603993,15.12457437,15.50528448,15.02074434,15.43606446,14.95152432,254058906,1120821023.34,1.4463,3.2407,1,0
2022-10-17,sh.603993,15.19379439,15.29762442,14.98613433,15.26301441,15.43606446,182923582,799854696.63,1.0414,-1.1211,1,0
2022-10-18,sh.603993,15.29762442,15.36684444,15.08996436,15.15918438,15.26301441,122621473,538462793.1,0.6981,-0.6803,1,0
2022-10-19,sh.603993,15.12457437,15.19379439,14.84769429,14.8823043,15.15918438,144447139,625435704.05,0.8223,-1.8265,1,0
2022-10-20,sh.603993,14.74386426,14.98613433,14.57081421,14.77847427,14.8823043,106344904,452616161.82,0.6054,-0.6977,1,0
2022-10-21,sh.603993,14.84769429,14.91691431,14.70925425,14.74386426,14.77847427,79247958,339174274.66,0.4511,-0.2342,1,0
2022-10-24,sh.603993,14.84769429,14.98613433,14.32854414,14.36315415,14.74386426,162092044,685540802.51,0.9228,-2.5822,1,0
2022-10-25,sh.603993,14.36315415,14.74386426,14.01705405,14.60542422,14.36315415,134328921,560857528.23,0.7647,1.6867,1,0
2022-10-26,sh.603993,14.5362042,14.74386426,14.46698418,14.64003423,14.60542422,94583527,399923070.72,0.5385,0.237,1,0
2022-10-27,sh.603993,14.74386426,15.05535435,14.70925425,14.84769429,14.64003423,136793315,589861848.67,0.7787,1.4184,1,0
2022-10-28,sh.603993,14.84769429,14.84769429,14.36315415,14.43237417,14.84769429,104022227,437345318.46,0.5922,-2.7972,1,0
2022-10-31,sh.603993,14.25932412,14.5362042,14.12088408,14.36315415,14.43237417,79782495,330161033.16,0.4542,-0.4796,1,0
2022-11-01,sh.603993,14.67464424,14.91691431,14.57081421,14.91691431,14.36315415,137188017,584453093.84,0.781,3.8554,1,0
2022-11-02,sh.603993,14.91691431,15.29762442,14.81308428,15.15918438,14.91691431,173465758,757677204.3,0.9875,1.6241,1,0
2022-11-03,sh.603993,15.05535435,15.08996436,14.84769429,14.98613433,15.15918438,113552511,491739120.63,0.6464,-1.1416,1,0
2022-11-04,sh.603993,15.05535435,15.5745045,14.98613433,15.50528448,14.98613433,204794950,908942031.85,1.1659,3.4642,1,0
2022-11-07,sh.603993,15.9206046,16.30131471,15.85138458,16.16287467,15.50528448,303295377,1409520972.19,1.7266,4.2411,1,0
2022-11-08,sh.603993,16.05904464,16.33592472,15.95521461,16.16287467,16.16287467,149283067,695791212.4,0.8499,0.0,1,0
2022-11-09,sh.603993,16.40514474,16.54358478,15.95521461,15.98982462,16.16287467,121866061,568429107.46,0.6938,-1.0707,1,0
2022-11-10,sh.603993,15.88599459,15.9206046,15.60911451,15.78216456,15.98982462,103855913,473486529.74,0.5912,-1.2987,1,0
2022-11-11,sh.603993,16.2667047,16.43975475,16.09365465,16.19748468,15.78216456,177004983,830939988.1,1.0077,2.6316,1,0
2022-11-14,sh.603993,16.37053473,16.64741481,16.12826466,16.2667047,16.19748468,197729520,936615337.29,1.1257,0.4274,1,0
2022-11-15,sh.603993,16.2667047,16.40514474,16.02443463,16.40514474,16.2667047,118801401,557095680.55,0.6763,0.8511,1,0
2022-11-16,sh.603993,16.40514474,16.9589049,16.2667047,16.68202482,16.40514474,178884646,860657664.53,1.0184,1.6878,1,0
2022-11-17,sh.603993,16.54358478,16.6128048,16.2667047,16.43975475,16.68202482,113811093,539388701.05,0.6479,-1.4523,1,0
2022-11-18,sh.603993,16.37053473,16.50897477,16.23209469,16.23209469,16.43975475,80550199,380418740.4,0.4586,-1.2632,1,0
2022-11-21,sh.603993,16.16287467,16.16287467,15.81677457,16.12826466,16.23209469,68776906,318504730.84,0.3915,-0.6397,1,0
2022-11-22,sh.603993,15.98982462,16.30131471,15.95521461,16.05904464,16.12826466,62991287,293121103.33,0.3586,-0.4292,1,0
2022-11-23,sh.603993,16.12826466,16.23209469,15.95521461,16.02443463,16.05904464,52488721,243772736.65,0.2988,-0.2155,1,0
2022-11-24,sh.603993,16.16287467,16.19748468,16.02443463,16.05904464,16.02443463,50658561,235596732.43,0.2884,0.216,1,0
2022-11-25,sh.603993,16.02443463,16.16287467,15.95521461,16.09365465,16.05904464,49057573,227691525.69,0.2793,0.2155,1,0
2022-11-28,sh.603993,15.95521461,15.95521461,15.50528448,15.78216456,16.09365465,85769160,389227501.78,0.4883,-1.9355,1,0
2022-11-29,sh.603993,15.71294454,16.33592472,15.71294454,16.30131471,15.78216456,118690002,552671263.37,0.6757,3.2895,1,0
2022-11-30,sh.603993,16.30131471,16.43975475,16.12826466,16.12826466,16.30131471,78479167,367854722.03,0.4468,-1.0616,1,0
2022-12-01,sh.603993,16.37053473,16.64741481,16.37053473,16.40514474,16.12826466,130101996,620487542.63,0.7407,1.7167,1,0
2022-12-02,sh.603993,16.37053473,16.43975475,16.12826466,16.12826466,16.40514474,83911697,393861623.94,0.4777,-1.6878,1,0
2022-12-05,sh.603993,16.2667047,16.78585485,16.2667047,16.68202482,16.12826466,156176046,747854196.33,0.8891,3.4335,1,0
2022-12-06,sh.603993,16.6128048,16.75124484,16.47436476,16.71663483,16.68202482,87087192,418491259.21,0.4958,0.2075,1,0
2022-12-07,sh.603993,16.57819479,16.75124484,16.50897477,16.54358478,16.71663483,82604805,396097147.14,0.4703,-1.0352,1,0
2022-12-08,sh.603993,16.54358478,16.68202482,16.47436476,16.57819479,16.54358478,57850673,277091828.57,0.3293,0.2092,1,0
2022-12-09,sh.603993,16.54358478,17.40883503,16.47436476,17.33961501,16.57819479,240132891,1184607992.04,1.367,4.5929,1,0
2022-12-12,sh.603993,17.23578498,17.23578498,16.88968488,16.9589049,17.33961501,123329540,608018623.73,0.7021,-2.1956,1,0
2022-12-13,sh.603993,16.92429489,17.40883503,16.92429489,17.13195495,16.9589049,104493800,519486906.62,0.5949,1.0204,1,0
2022-12-14,sh.603993,17.13195495,17.33961501,16.88968488,16.92429489,17.13195495,81159290,399687659.1,0.462,-1.2121,1,0
2022-12-15,sh.603993,16.85507487,16.9589049,16.54358478,16.71663483,16.92429489,84417384,406716229.36,0.4806,-1.227,1,0
2022-12-16,sh.603993,16.50897477,16.68202482,16.43975475,16.57819479,16.71663483,53063122,253717102.01,0.3021,-0.8282,1,0
2022-12-19,sh.603993,16.64741481,16.75124484,16.02443463,16.16287467,16.57819479,90722770,427608085.2,0.5165,-2.5052,1,0
2022-12-20,sh.603993,16.05904464,16.12826466,15.85138458,15.98982462,16.16287467,52366726,242160944.6,0.2981,-1.0707,1,0
2022-12-21,sh.603993,16.09365465,16.12826466,15.85138458,15.9206046,15.98982462,43124834,198934960.64,0.2455,-0.4329,1,0
2022-12-22,sh.603993,16.05904464,16.09365465,15.60911451,15.67833453,15.9206046,50279800,230342723.0,0.2862,-1.5217,1,0
2022-12-23,sh.603993,15.5745045,15.78216456,15.50528448,15.71294454,15.67833453,36589745,165945206.3,0.2083,0.2208,1,0
2022-12-26,sh.603993,15.74755455,15.78216456,15.5745045,15.67833453,15.71294454,49072221,222140899.13,0.2794,-0.2203,1,0
2022-12-27,sh.603993,15.78216456,16.02443463,15.74755455,15.98982462,15.67833453,48942649,225028849.33,0.2786,1.9868,1,0
2022-12-28,sh.603993,15.88599459,16.2667047,15.78216456,16.09365465,15.98982462,64500058,299488589.76,0.3672,0.6494,1,0
2022-12-29,sh.603993,15.95521461,16.09365465,15.78216456,15.81677457,16.09365465,63129986,290036791.81,0.3594,-1.7204,1,0
2022-12-30,sh.603993,15.88599459,15.98982462,15.74755455,15.74755455,15.81677457,43416750,198767597.25,0.2472,-0.4376,1,0
2023-01-03,sh.603993,15.67833453,16.09365465,15.2284044,16.02443463,15.74755455,85900685,391788468.82,0.489,1.7582,1,0
2023-01-04,sh.603993,15.95521461,16.02443463,15.67833453,15.81677457,16.02443463,62433271,285857901.24,0.3554,-1.2959,1,0
2023-01-05,sh.603993,15.88599459,16.05904464,15.74755455,15.9206046,15.81677457,86127778,396167636.66,0.4903,0.6565,1,0
2023-01-06,sh.603993,15.9206046,16.09365465,15.85138458,15.98982462,15.9206046,86318282,398272117.84,0.4914,0.4348,1,0
2023-01-09,sh.603993,16.12826466,16.88968488,16.12826466,16.75124484,15.98982462,194703625,933340344.4,1.1084,4.7619,1,0
2023-01-10,sh.603993,16.78585485,16.92429489,16.57819479,16.71663483,16.75124484,101041824,487411633.41,0.5752,-0.2066,1,0
2023-01-11,sh.603993,16.85507487,17.06273493,16.78585485,16.85507487,16.71663483,89552624,438039127.09,0.5098,0.8282,1,0
2023-01-12,sh.603993,17.16656496,17.51266506,16.9589049,17.02812492,16.85507487,157401353,782776513.41,0.8961,1.0267,1,0
2023-01-13,sh.603993,17.23578498,17.305005,16.78585485,16.88968488,17.02812492,103548496,507058685.4,0.5895,-0.813,1,0
2023-01-16,sh.603993,16.92429489,17.13195495,16.85507487,16.88968488,16.88968488,114331306,561018259.76,0.6509,0.0,1,0
2023-01-17,sh.603993,16.82046486,16.88968488,16.68202482,16.78585485,16.88968488,66518342,322297685.89,0.3787,-0.6148,1,0
2023-01-18,sh.603993,16.85507487,17.33961501,16.85507487,17.27039499,16.78585485,140504500,698029026.44,0.7999,2.8866,1,0
2023-01-19,sh.603993,17.16656496,17.44344504,17.13195495,17.44344504,17.27039499,81713135,409158263.28,0.4652,1.002,1,0
2023-01-20,sh.603993,17.47805505,17.89337517,17.44344504,17.75493513,17.44344504,118447674,605747955.65,0.6743,1.7857,1,0
2023-01-30,sh.603993,18.37791531,19.48543563,18.30869529,19.0355055,17.75493513,460985197,2516341772.21,2.6243,7.2125,1,0
2023-01-31,sh.603993,19.10472552,19.86614574,19.00089549,19.62387567,19.0355055,381058634,2159730919.34,2.1693,3.0909,1,0
2023-02-01,sh.603993,19.65848568,21.1121061,19.65848568,20.80061601,19.62387567,473375191,2819949204.02,2.6949,5.9965,1,0
2023-02-02,sh.603993,20.62756596,20.69678598,20.03919579,20.48912592,20.80061601,289691100,1705045051.12,1.6492,-1.4975,1,0
2023-02-03,sh.603993,20.24685585,20.48912592,19.90075575,20.38529589,20.48912592,217296270,1264892689.95,1.237,-0.5068,1,0
2023-02-06,sh.603993,20.0738058,20.0738058,19.3816056,19.76231571,20.38529589,202855353,1155044351.96,1.1548,-3.056,1,0
2023-02-07,sh.603993,19.86614574,20.66217597,19.58926566,20.38529589,19.76231571,205012233,1196266935.78,1.1671,3.1524,1,0
2023-02-08,sh.603993,20.31607587,20.766006,20.0738058,20.17763583,20.38529589,168991921,993847016.28,0.9621,-1.0187,1,0
2023-02-09,sh.603993,20.0738058,20.35068588,19.90075575,20.21224584,20.17763583,112410906,654726980.21,0.6399,0.1715,1,0
2023-02-10,sh.603993,20.21224584,20.31607587,19.83153573,19.93536576,20.21224584,116460104,673645078.5,0.663,-1.3699,1,0
2023-02-13,sh.603993,19.83153573,20.17763583,19.76231571,19.86614574,19.93536576,131204666,756343125.66,0.7469,-0.3472,1,0
2023-02-14,sh.603993,20.0738058,20.93905605,20.03919579,20.52373593,19.86614574,321395127,1912343884.47,1.8297,3.3101,1,0
2023-02-15,sh.603993,20.45451591,21.04288608,20.4199059,20.45451591,20.52373593,168729321,1007450112.1,0.9606,-0.3373,1,0
2023-02-16,sh.603993,20.21224584,20.52373593,19.7277057,19.96997577,20.45451591,150743683,878095343.19,0.8582,-2.3689,1,0
2023-02-17,sh.603993,20.17763583,20.66217597,20.17763583,20.17763583,19.96997577,150741215,888297535.17,0.8582,1.0399,1,0
2023-02-20,sh.603993,20.10841581,20.86983603,20.00458578,20.69678598,20.17763583,216026218,1280106084.14,1.2298,2.5729,1,0
2023-02-21,sh.603993,20.69678598,21.76969629,20.59295595,21.38898618,20.69678598,389307713,2396644699.61,2.2163,3.3445,1,0
2023-02-22,sh.603993,21.21593613,21.49281621,21.00827607,21.25054614,21.38898618,141071950,867941017.7,0.8031,-0.6472,1,0
2023-02-23,sh.603993,21.35437617,21.56203623,21.00827607,21.35437617,21.25054614,147268694,904600802.03,0.8384,0.4886,1,0
2023-02-24,sh.603993,21.14671611,21.21593613,20.59295595,20.73139599,21.35437617,166313269,1000424506.11,0.9468,-2.9173,1,0
2023-02-27,sh.603993,20.45451591,20.73139599,20.10841581,20.31607587,20.73139599,143274370,844312992.02,0.8156,-2.0033,1,0
2023-02-28,sh.603993,20.45451591,20.59295595,20.17763583,20.4199059,20.31607587,92351782,543744343.87,0.5257,0.5111,1,0
2023-03-01,sh.603993,20.48912592,21.00827607,20.38529589,20.97366606,20.4199059,140681325,845529948.84,0.8009,2.7119,1,0
2023-03-02,sh.603993,21.04288608,21.35437617,20.86983603,21.07749609,20.97366606,134566356,823058182.21,0.7661,0.495,1,0
2023-03-03,sh.603993,21.14671611,21.14671611,20.4199059,20.69678598,21.07749609,129284650,770661427.24,0.736,-1.8062,1,0
2023-03-06,sh.603993,20.59295595,20.97366606,20.28146586,20.90444604,20.69678598,126567338,754926063.36,0.7205,1.0033,1,0
2023-03-07,sh.603993,20.86983603,21.31976616,20.62756596,20.66217597,20.90444604,107971562,653429137.8,0.6147,-1.1589,1,0
2023-03-08,sh.603993,20.24685585,20.766006,20.17763583,20.66217597,20.66217597,93666852,554027550.49,0.5332,0.0,1,0
2023-03-09,sh.603993,21.1121061,21.18132612,20.52373593,20.73139599,20.66217597,106636272,641790173.71,0.6071,0.335,1,0
2023-03-10,sh.603993,20.4199059,20.59295595,20.31607587,20.31607587,20.73139599,66975915,395503719.25,0.3813,-2.0033,1,0
2023-03-13,sh.603993,20.31607587,20.69678598,20.17763583,20.48912592,20.31607587,100799850,595554294.05,0.5738,0.8518,1,0
2023-03-14,sh.603993,20.59295595,20.73139599,19.96997577,20.17763583,20.48912592,98411489,575712987.66,0.5602,-1.5203,1,0
2023-03-15,sh.603993,20.24685585,20.45451591,20.17763583,20.21224584,20.17763583,50893445,298205370.44,0.2897,0.1715,1,0
2023-03-16,sh.603993,19.96997577,19.96997577,18.48174534,18.62018538,20.21224584,316160247,1739060736.1,1.7999,-7.8767,1,0
2023-03-17,sh.603993,18.75862542,19.0355055,18.44713533,18.58557537,18.62018538,224037196,1214321733.71,1.2754,-0.1859,1,0
2023-03-20,sh.603993,18.58557537,19.10472552,18.37791531,18.51635535,18.58557537,197837992,1068633513.5,1.1263,-0.3724,1,0
2023-03-21,sh.603993,18.6894054,19.96997577,18.62018538,19.7277057,18.51635535,256461755,1436019313.3,1.46,6.5421,1,0
2023-03-22,sh.603993,19.7277057,20.21224584,19.65848568,20.14302582,19.7277057,159908755,923271192.45,0.9103,2.1053,1,0
2023-03-23,sh.603993,20.14302582,20.31607587,19.96997577,20.21224584,20.14302582,81800909,476782670.58,0.4657,0.3436,1,0
2023-03-24,sh.603993,20.17763583,20.48912592,20.0738058,20.38529589,20.21224584,108976506,640792075.25,0.6204,0.8562,1,0
2023-03-27,sh.603993,20.45451591,20.59295595,20.17763583,20.48912592,20.38529589,94352810,556540888.0,0.5371,0.5093,1,0
2023-03-28,sh.603993,20.45451591,20.766006,20.28146586,20.38529589,20.48912592,85314188,505078154.83,0.4857,-0.5068,1,0
2023-03-29,sh.603993,20.38529589,20.66217597,20.38529589,20.52373593,20.38529589,74231566,440328672.22,0.4226,0.6791,1,0
2023-03-30,sh.603993,20.55834594,20.59295595,20.14302582,20.52373593,20.52373593,79507101,467302721.0,0.4526,0.0,1,0
2023-03-31,sh.603993,20.52373593,20.97366606,20.45451591,20.73139599,20.52373593,120373801,722668435.55,0.6853,1.0118,1,0
2023-04-03,sh.603993,20.73139599,20.766006,20.21224584,20.45451591,20.73139599,143878399,849731321.6,0.8191,-1.3356,1,0
2023-04-04,sh.603993,20.38529589,20.59295595,20.24685585,20.55834594,20.45451591,95067459,561713760.24,0.5412,0.5076,1,0
2023-04-06,sh.603993,20.55834594,20.69678598,20.31607587,20.66217597,20.55834594,91654776,543163011.95,0.5218,0.5051,1,0
2023-04-07,sh.603993,20.66217597,21.07749609,20.28146586,20.38529589,20.66217597,121177645,724766072.26,0.6899,-1.34,1,0
2023-04-10,sh.603993,20.45451591,20.86983603,20.38529589,20.59295595,20.38529589,110168553,656994742.09,0.6272,1.0187,1,0
2023-04-11,sh.603993,20.66217597,21.28515615,20.48912592,21.18132612,20.59295595,202471670,1227536769.35,1.1526,2.8571,1,0
2023-04-12,sh.603993,21.28515615,21.59664624,21.14671611,21.35437617,21.18132612,137231971,847600216.98,0.7812,0.817,1,0
2023-04-13,sh.603993,21.35437617,21.59664624,21.1121061,21.28515615,21.35437617,107268534,661835503.79,0.6107,-0.3241,1,0
2023-04-14,sh.603993,21.52742622,22.21962642,21.49281621,22.18501641,21.28515615,236915899,1499521634.97,1.3487,4.2276,1,0
2023-04-17,sh.603993,22.01196636,22.18501641,21.42359619,21.97735635,22.18501641,219562274,1387405217.76,1.2499,-0.936,1,0
2023-04-18,sh.603993,21.83891631,22.11579639,21.56203623,21.90813633,21.97735635,110708512,699544574.42,0.6303,-0.315,1,0
2023-04-19,sh.603993,23.5348068,24.08856696,23.36175675,23.95012692,21.90813633,512130665,3544655324.66,2.9155,9.3207,1,0
2023-04-20,sh.603993,23.91551691,24.01934694,22.91182662,23.22331671,23.95012692,287381246,1933725292.56,1.636,-3.0347,1,0
2023-04-21,sh.603993,23.46558678,23.60402682,22.77338658,22.80799659,23.22331671,143645777,959305939.56,0.8178,-1.7884,1,0
2023-04-24,sh.603993,22.73877657,22.77338658,21.4582062,21.66586626,22.80799659,234596619,1486502365.95,1.3355,-5.0076,1,0
2023-04-25,sh.603993,21.83891631,22.04657637,21.04288608,21.38898618,21.66586626,147623697,913628201.27,0.8404,-1.278,1,0
2023-04-26,sh.603993,21.14671611,21.35437617,20.766006,21.00827607,21.38898618,151302639,918507617.19,0.8613,-1.7799,1,0
2023-04-27,sh.603993,20.83522602,20.86983603,20.14302582,20.38529589,21.00827607,175998704,1037982741.75,1.0019,-2.9654,1,0
2023-04-28,sh.603993,20.48912592,20.93905605,20.45451591,20.62756596,20.38529589,170164300,1017351700.0,0.9687,1.1885,1,0
2023-05-04,sh.603993,20.35068588,20.35068588,19.58926566,19.7277057,20.62756596,280601112,1615064786.4,1.5974,-4.3624,1,0
2023-05-05,sh.603993,19.76231571,20.0738058,19.34699559,19.45082562,19.7277057,164903822,932505899.17,0.9388,-1.4035,1,0
2023-05-08,sh.603993,19.7277057,20.83522602,19.65848568,20.24685585,19.45082562,215692247,1269828548.0,1.2279,4.0925,1,0
2023-05-09,sh.603993,20.28146586,20.90444604,20.21224584,20.28146586,20.24685585,167395708,994217888.97,0.953,0.1709,1,0
2023-05-10,sh.603993,20.24685585,20.48912592,20.00458578,20.10841581,20.28146586,106391329,619646901.53,0.6057,-0.8532,1,0
2023-05-11,sh.603993,20.03919579,20.10841581,19.48543563,19.58926566,20.10841581,143391045,815941929.54,0.8163,-2.5818,1,0
2023-05-12,sh.603993,19.27777557,19.31238558,18.20486526,18.3433053,19.58926566,285850413,1533634780.52,1.6273,-6.3604,1,0
2023-05-15,sh.603993,18.30869529,19.00089549,18.30869529,18.89706546,18.3433053,115223010,620676868.65,0.656,3.0189,1,0
2023-05-16,sh.603993,18.89706546,19.00089549,18.6894054,18.75862542,18.89706546,69270071,377034070.76,0.3943,-0.7326,1,0
2023-05-17,sh.603993,18.51635535,18.72401541,18.37791531,18.51635535,18.75862542,84996568,454786852.89,0.4839,-1.2915,1,0
2023-05-18,sh.603993,18.82784544,19.00089549,18.58557537,18.6894054,18.51635535,74783152,406429341.32,0.4257,0.9346,1,0
2023-05-19,sh.603993,18.51635535,18.58557537,18.30869529,18.48174534,18.6894054,70738398,376595437.36,0.4027,-1.1111,1,0
2023-05-22,sh.603993,18.48174534,18.62018538,18.3433053,18.51635535,18.48174534,59397402,317008687.68,0.3381,0.1873,1,0
2023-05-23,sh.603993,18.44713533,18.51635535,18.13564524,18.13564524,18.51635535,78371807,413507833.44,0.4462,-2.0561,1,0
2023-05-24,sh.603993,18.03181521,18.37791531,17.85876516,18.17025525,18.13564524,70000581,366765522.39,0.3985,0.1908,1,0
2023-05-25,sh.603993,17.9972052,18.06642522,17.6511051,17.85876516,18.17025525,81432801,419496650.15,0.4636,-1.7143,1,0
2023-05-26,sh.603993,17.89337517,18.17025525,17.75493513,18.17025525,17.85876516,49755097,258575516.41,0.2833,1.7442,1,0
2023-05-29,sh.603993,18.27408528,18.3433053,18.06642522,18.17025525,18.17025525,49279453,258718343.37,0.2805,0.0,1,0
2023-05-30,sh.603993,18.23947527,18.27408528,17.89337517,18.17025525,18.17025525,49353800,257974329.0,0.281,0.0,1,0
2023-05-31,sh.603993,18.10103523,18.17025525,17.89337517,18.13564524,18.17025525,60922146,317467175.44,0.3468,-0.1905,1,0
2023-06-01,sh.603993,18.13564524,18.51635535,17.89337517,18.30869529,18.13564524,96922325,513102829.62,0.5518,0.9542,1,0
2023-06-02,sh.603993,18.44713533,19.00089549,18.44713533,18.93167547,18.30869529,153850761,837772623.49,0.8759,3.4026,1,0
2023-06-05,sh.603993,18.93167547,18.96628548,18.65479539,18.82784544,18.93167547,68290060,371111167.96,0.3888,-0.5484,1,0
2023-06-06,sh.603993,18.89706546,19.13933553,18.58557537,18.62018538,18.82784544,90122989,491924375.39,0.5131,-1.1029,1,0
2023-06-07,sh.603993,18.6894054,19.00089549,18.48174534,18.65479539,18.62018538,62668942,338668323.85,0.3568,0.1859,1,0
2023-06-08,sh.603993,18.58557537,18.93167547,18.55096536,18.72401541,18.65479539,51736993,279731504.15,0.2945,0.3711,1,0
2023-06-09,sh.603993,18.86245545,18.89706546,18.65479539,18.6894054,18.72401541,67805147,367313309.83,0.386,-0.1848,1,0
2023-06-12,sh.603993,18.6894054,18.72401541,18.3433053,18.65479539,18.6894054,92156517,493991637.75,0.5246,-0.1852,1,0
2023-06-13,sh.603993,18.58557537,18.62018538,18.44713533,18.58557537,18.65479539,51938528,278132483.42,0.2957,-0.3711,1,0
2023-06-14,sh.603993,18.82784544,19.48543563,18.79323543,19.07011551,18.58557537,227843795,1260222047.44,1.2971,2.6071,1,0
2023-06-15,sh.603993,19.00089549,19.3816056,18.62018538,19.31238558,19.07011551,163493342,898807900.99,0.9307,1.2704,1,0
2023-06-16,sh.603993,19.31238558,19.62387567,19.17394554,19.58926566,19.31238558,144411193,814065008.78,0.8221,1.4337,1,0
2023-06-19,sh.603993,19.55465565,19.62387567,18.86245545,19.00089549,19.58926566,138185557,760978120.49,0.7867,-3.0035,1,0
2023-06-20,sh.603993,19.00089549,19.27777557,18.82784544,19.10472552,19.00089549,81937501,451448666.86,0.4665,0.5464,1,0
2023-06-21,sh.603993,19.0355055,19.13933553,18.44713533,18.48174534,19.10472552,105839591,572180685.01,0.6025,-3.2609,1,0
2023-06-26,sh.603993,18.41252532,18.58557537,18.06642522,18.20486526,18.48174534,61122306,323362329.12,0.348,-1.4981,1,0
2023-06-27,sh.603993,18.17025525,18.75862542,17.92798518,18.62018538,18.20486526,109352162,579253224.85,0.6225,2.2814,1,0
2023-06-28,sh.603993,18.55096536,18.75862542,18.37791531,18.58557537,18.62018538,69543429,373006074.25,0.3959,-0.1859,1,0
2023-06-29,sh.603993,18.55096536,18.65479539,18.3433053,18.37791531,18.58557537,77866876,415151858.06,0.4433,-1.1173,1,0
2023-06-30,sh.603993,18.30869529,18.62018538,18.27408528,18.44713533,18.37791531,56449978,301145789.67,0.3195,0.3766,1,0
2023-07-03,sh.603993,18.58557537,19.27777557,18.51635535,19.24316556,18.44713533,153349673,847248720.89,0.873,4.3152,1,0
2023-07-04,sh.603993,19.34699559,19.62387567,18.96628548,19.13933553,19.24316556,79645997,440269733.99,0.4534,-0.5396,1,0
2023-07-05,sh.603993,19.0355055,19.58926566,19.00089549,19.3816056,19.13933553,126017714,705888545.15,0.7174,1.2658,1,0
2023-07-06,sh.603993,19.3816056,19.41621561,18.96628548,19.07011551,19.3816056,84257615,464774465.2,0.4797,-1.6071,1,0
2023-07-07,sh.603993,19.03499664,19.10523648,18.71891736,18.9647568,19.07011656,70718937,380424727.43,0.4026,-0.5525,1,0
2023-07-10,sh.603993,19.07011656,19.35107592,19.03499664,19.21059624,18.9647568,68901285,376326724.87,0.3922,1.2963,1,0
2023-07-11,sh.603993,19.21059624,19.45643568,18.99987672,19.42131576,19.21059624,75914485,416765832.55,0.4322,1.0969,1,0
2023-07-12,sh.603993,19.42131576,19.59691536,19.315956,19.38619584,19.42131576,87511855,484808373.45,0.4982,-0.1808,1,0
2023-07-13,sh.603993,19.77251496,20.5451532,19.70227512,20.3695536,19.38619584,232719092,1341426182.31,1.3248,5.0725,1,0
2023-07-14,sh.603993,20.65051296,20.96659224,20.40467352,20.51003328,20.3695536,138070994,809653568.09,0.786,0.6897,1,0
2023-07-17,sh.603993,19.98323448,20.65051296,19.77251496,20.22907392,20.51003328,116316786,669224766.49,0.6622,-1.3699,1,0
2023-07-18,sh.603993,20.15883408,20.40467352,20.05347432,20.193954,20.22907392,70198497,403950431.7,0.3996,-0.1736,1,0
2023-07-19,sh.603993,20.58027312,20.75587272,20.33443368,20.5451532,20.193954,133444098,779651411.58,0.7597,1.7391,1,0
2023-07-20,sh.603993,20.5451532,20.86123248,20.40467352,20.5451532,20.5451532,120384139,709824791.64,0.6853,0.0,1,0
2023-07-21,sh.603993,20.5451532,20.68563288,20.193954,20.40467352,20.5451532,74056385,430893998.42,0.4216,-0.6838,1,0
2023-07-24,sh.603993,20.47491336,20.51003328,20.12371416,20.193954,20.40467352,57231416,330204294.84,0.3258,-1.0327,1,0
2023-07-25,sh.603993,20.65051296,21.5987508,20.65051296,21.00171216,20.193954,147093905,878770342.72,0.8374,4.0,1,0
2023-07-26,sh.603993,21.10707192,21.35291136,20.8963524,21.17731176,21.00171216,85982783,517926814.52,0.4895,0.8361,1,0
2023-07-27,sh.603993,21.17731176,21.21243168,20.75587272,20.79099264,21.17731176,76854829,458047160.12,0.4375,-1.8242,1,0
2023-07-28,sh.603993,20.61539304,21.21243168,20.51003328,21.17731176,20.79099264,100883637,603075442.52,0.5743,1.8581,1,0
2023-07-31,sh.603993,21.49339104,22.05530976,21.35291136,21.66899064,21.17731176,157418281,975153032.63,0.8962,2.3217,1,0
2023-08-01,sh.603993,22.09042968,22.75770816,21.80947032,21.94995,21.66899064,174587104,1107459439.2,0.9939,1.2966,1,0
2023-08-02,sh.603993,21.80947032,21.87971016,21.52851096,21.63387072,21.94995,79832416,492903439.61,0.4545,-1.44,1,0
2023-08-03,sh.603993,21.4231512,21.56363088,21.17731176,21.4231512,21.63387072,107166151,651916227.17,0.6101,-0.974,1,0
2023-08-04,sh.603993,21.73923048,22.16066952,21.31779144,21.4231512,21.4231512,128975374,796167818.84,0.7342,0.0,1,0
2023-08-07,sh.603993,21.38803128,21.52851096,21.17731176,21.45827112,21.4231512,50832633,309465875.66,0.2894,0.1639,1,0
2023-08-08,sh.603993,21.45827112,21.73923048,21.14219184,21.56363088,21.45827112,81744656,500365830.02,0.4654,0.491,1,0
2023-08-09,sh.603993,21.38803128,21.5987508,21.35291136,21.52851096,21.56363088,43658383,267076715.96,0.2485,-0.1629,1,0
2023-08-10,sh.603993,21.49339104,21.63387072,21.2475516,21.38803128,21.52851096,52436217,319389300.21,0.2985,-0.6525,1,0
2023-08-11,sh.603993,21.38803128,21.52851096,20.79099264,20.8963524,21.38803128,91154932,546369372.41,0.5189,-2.2989,1,0
2023-08-14,sh.603993,20.65051296,20.75587272,20.26419384,20.61539304,20.8963524,82969812,485118057.96,0.4723,-1.3445,1,0
2023-08-15,sh.603993,20.65051296,20.79099264,20.15883408,20.51003328,20.61539304,62176455,361964933.88,0.354,-0.5111,1,0
2023-08-16,sh.603993,20.22907392,20.58027312,20.22907392,20.33443368,20.51003328,41325250,240366599.09,0.2353,-0.8562,1,0
2023-08-17,sh.603993,20.12371416,20.3695536,19.91299464,20.3695536,20.33443368,64707258,371023837.4,0.3684,0.1727,1,0
2023-08-18,sh.603993,20.51003328,20.51003328,19.91299464,19.91299464,20.3695536,53426459,306819978.9,0.3042,-2.2414,1,0
2023-08-21,sh.603993,19.87787472,20.15883408,19.77251496,19.80763488,19.91299464,54594627,310328039.83,0.3108,-0.5291,1,0
2023-08-22,sh.603993,19.98323448,20.65051296,19.94811456,20.43979344,19.80763488,113643123,656414829.46,0.647,3.1915,1,0
2023-08-23,sh.603993,20.47491336,20.47491336,19.98323448,19.98323448,20.43979344,86142882,494249352.92,0.4904,-2.2337,1,0
2023-08-24,sh.603993,20.29931376,20.8963524,20.26419384,20.5451532,19.98323448,110831201,649421604.96,0.6309,2.812,1,0
2023-08-25,sh.603993,20.3695536,20.61539304,20.193954,20.3695536,20.5451532,86689695,502732688.45,0.4935,-0.8547,1,0
2023-08-28,sh.603993,21.2475516,21.38803128,20.0183544,20.12371416,20.3695536,142741803,832624885.44,0.8126,-1.2069,1,0
2023-08-29,sh.603993,20.22907392,20.51003328,19.77251496,20.26419384,20.12371416,112462975,646053697.24,0.6402,0.6981,1,0
2023-08-30,sh.603993,20.33443368,20.58027312,20.22907392,20.29931376,20.26419384,81948436,475622725.5,0.4665,0.1733,1,0
2023-08-31,sh.603993,20.33443368,20.58027312,20.08859424,20.12371416,20.29931376,59730053,344339398.03,0.34,-0.8651,1,0
2023-09-01,sh.603993,20.15883408,21.21243168,20.15883408,20.86123248,20.12371416,132265513,783392504.61,0.753,3.6649,1,0
2023-09-04,sh.603993,21.4231512,21.87971016,21.28267152,21.66899064,20.86123248,189321542,1163665678.19,1.0778,3.8721,1,0
2023-09-05,sh.603993,21.5987508,21.7743504,21.38803128,21.70411056,21.66899064,77982802,479943324.36,0.4439,0.1621,1,0
2023-09-06,sh.603993,22.1255496,22.3011492,21.52851096,21.94995,21.70411056,127751696,798252428.79,0.7273,1.1327,1,0
2023-09-07,sh.603993,21.98506992,22.05530976,21.56363088,21.63387072,21.94995,76994695,476410346.72,0.4383,-1.44,1,0
2023-09-08,sh.603993,21.56363088,21.5987508,21.31779144,21.35291136,21.63387072,38085829,232098119.57,0.2168,-1.2987,1,0
2023-09-11,sh.603993,21.4231512,21.94995,21.38803128,21.73923048,21.35291136,90831844,563051253.15,0.5171,1.8092,1,0
2023-09-12,sh.603993,21.84459024,22.09042968,21.63387072,21.66899064,21.73923048,69256748,431937214.48,0.3943,-0.3231,1,0
2023-09-13,sh.603993,21.66899064,21.7743504,21.38803128,21.5987508,21.66899064,58885203,361657872.33,0.3352,-0.3241,1,0
2023-09-14,sh.603993,21.70411056,22.05530976,21.5987508,21.98506992,21.5987508,107123390,666662973.72,0.6098,1.7886,1,0
2023-09-15,sh.603993,22.40650896,22.61722848,22.09042968,22.3011492,21.98506992,153355937,978557974.7,0.873,1.4377,1,0
2023-09-18,sh.603993,22.3011492,22.40650896,21.73923048,21.94995,22.3011492,86258060,539179005.77,0.4911,-1.5748,1,0
2023-09-19,sh.603993,21.87971016,22.16066952,21.73923048,22.1255496,21.94995,71675879,449766503.86,0.408,0.8,1,0
2023-09-20,sh.603993,22.02018984,22.1255496,21.80947032,21.87971016,22.1255496,45180508,282058326.56,0.2572,-1.1111,1,0
2023-09-21,sh.603993,21.73923048,21.87971016,21.45827112,21.56363088,21.87971016,71167572,437775784.09,0.4051,-1.4446,1,0
2023-09-22,sh.603993,21.35291136,21.5987508,21.21243168,21.38803128,21.56363088,96707918,587816895.47,0.5505,-0.8143,1,0
2023-09-25,sh.603993,21.4231512,21.52851096,21.28267152,21.35291136,21.38803128,50229807,305920404.8,0.286,-0.1642,1,0
2023-09-26,sh.603993,21.38803128,21.63387072,21.2475516,21.35291136,21.35291136,44899104,273600321.42,0.2556,0.0,1,0
2023-09-27,sh.603993,21.31779144,21.38803128,20.96659224,21.10707192,21.35291136,84681995,509452380.17,0.4821,-1.1513,1,0
2023-09-28,sh.603993,21.10707192,21.2475516,20.5451532,20.75587272,21.10707192,98714031,584343888.38,0.562,-1.6639,1,0
2023-10-09,sh.603993,20.65051296,21.03683208,20.29931376,21.00171216,20.75587272,78141057,461332347.34,0.4448,1.1844,1,0
2023-10-10,sh.603993,21.00171216,21.071952,20.61539304,20.68563288,21.00171216,58019500,343760137.0,0.3303,-1.505,1,0
2023-10-11,sh.603993,20.79099264,20.82611256,20.40467352,20.51003328,20.68563288,76237662,446244098.62,0.434,-0.8489,1,0
2023-10-12,sh.603993,20.61539304,20.96659224,20.61539304,20.75587272,20.51003328,74411233,440439532.91,0.4236,1.1986,1,0
2023-10-13,sh.603993,20.61539304,20.61539304,20.26419384,20.29931376,20.75587272,57296189,332256936.42,0.3262,-2.1997,1,0
2023-10-16,sh.603993,20.33443368,20.47491336,20.22907392,20.29931376,20.29931376,55092828,318788188.31,0.3136,0.0,1,0
2023-10-17,sh.603993,20.29931376,20.40467352,20.12371416,20.15883408,20.29931376,56937242,328094515.11,0.3241,-0.692,1,0
2023-10-18,sh.603993,20.193954,20.193954,19.70227512,19.73739504,20.15883408,74862754,424057316.85,0.4262,-2.0906,1,0
2023-10-19,sh.603993,19.59691536,19.6671552,19.35107592,19.38619584,19.73739504,65744367,364839330.24,0.3743,-1.7794,1,0
2023-10-20,sh.603993,19.315956,19.4915556,18.7891572,18.89451696,19.38619584,111611115,604355925.04,0.6354,-2.5362,1,0
2023-10-23,sh.603993,18.82427712,18.82427712,17.94627912,18.0867588,18.89451696,107268826,558826259.92,0.6107,-4.2751,1,0
2023-10-24,sh.603993,18.2623584,18.71891736,18.2623584,18.64867752,18.0867588,107384991,565404394.33,0.6113,3.1068,1,0
2023-10-25,sh.603993,19.21059624,19.315956,18.75403728,18.75403728,18.64867752,100426245,543442661.74,0.5717,0.565,1,0
2023-10-26,sh.603993,18.6135576,18.85939704,18.40283808,18.7891572,18.75403728,81040774,430085750.52,0.4614,0.1873,1,0
2023-10-27,sh.603993,18.75403728,19.17547632,18.47307792,19.07011656,18.7891572,94630249,511906632.06,0.5387,1.4953,1,0
2023-10-30,sh.603993,19.21059624,19.87787472,19.10523648,19.73739504,19.07011656,155464018,869679041.62,0.885,3.4991,1,0
2023-10-31,sh.603993,19.6671552,19.6671552,19.21059624,19.45643568,19.73739504,83881755,463325620.82,0.4775,-1.4235,1,0
2023-11-01,sh.603993,19.42131576,19.45643568,19.07011656,19.07011656,19.45643568,78744625,429806416.03,0.4483,-1.9856,1,0
2023-11-02,sh.603993,19.17547632,19.42131576,18.85939704,18.85939704,19.07011656,69415552,376097052.57,0.3952,-1.105,1,0
2023-11-03,sh.603993,18.9647568,19.21059624,18.92963688,18.99987672,18.85939704,69350737,375831459.87,0.3948,0.7449,1,0
2023-11-06,sh.603993,19.07011656,19.24571616,18.50819784,18.64867752,18.99987672,179804289,957429148.36,1.0236,-1.8484,1,0
2023-11-07,sh.603993,18.64867752,18.64867752,18.36771816,18.50819784,18.64867752,95329732,501328895.22,0.5427,-0.7533,1,0
2023-11-08,sh.603993,18.437958,18.47307792,18.0867588,18.19211856,18.50819784,118961905,617804033.99,0.6772,-1.7078,1,0
2023-11-09,sh.603993,18.05163888,18.33259824,17.98139904,18.2623584,18.19211856,103142624,534655363.99,0.5872,0.3861,1,0
2023-11-10,sh.603993,18.19211856,18.19211856,17.98139904,18.0867588,18.2623584,68403388,351634968.06,0.3894,-0.9615,1,0
2023-11-13,sh.603993,18.15699864,18.40283808,18.0867588,18.36771816,18.0867588,81269718,422161229.6,0.4627,1.5534,1,0
2023-11-14,sh.603993,18.36771816,18.437958,18.15699864,18.33259824,18.36771816,69463628,361868980.25,0.3954,-0.1912,1,0
2023-11-15,sh.603993,18.50819784,18.89451696,18.47307792,18.85939704,18.33259824,159687254,851130998.5,0.9091,2.8736,1,0
2023-11-16,sh.603993,18.82427712,18.82427712,18.40283808,18.47307792,18.85939704,78478807,413988289.45,0.4468,-2.0484,1,0
2023-11-17,sh.603993,18.47307792,18.47307792,18.2623584,18.437958,18.47307792,49686496,259554873.2,0.2829,-0.1901,1,0
2023-11-20,sh.603993,18.40283808,18.6135576,18.22723848,18.6135576,18.437958,71981027,378457569.57,0.4098,0.9524,1,0
2023-11-21,sh.603993,18.75403728,19.24571616,18.71891736,18.82427712,18.6135576,141509760,764366967.01,0.8056,1.1321,1,0
2023-11-22,sh.603993,18.82427712,18.9647568,18.6135576,18.6135576,18.82427712,67089300,358160697.0,0.3819,-1.1194,1,0
2023-11-23,sh.603993,18.57843768,18.71891736,18.437958,18.68379744,18.6135576,49929607,263774030.49,0.2842,0.3774,1,0
2023-11-24,sh.603993,18.64867752,18.71891736,18.437958,18.54331776,18.68379744,46957479,248013020.91,0.2673,-0.7519,1,0
2023-11-27,sh.603993,18.47307792,18.54331776,18.2623584,18.437958,18.54331776,58393876,305900736.5,0.3324,-0.5682,1,0
2023-11-28,sh.603993,18.47307792,18.47307792,18.22723848,18.437958,18.437958,58444624,304702471.08,0.3327,0.0,1,0
2023-11-29,sh.603993,18.50819784,18.64867752,18.36771816,18.437958,18.437958,59282608,312323112.03,0.3375,0.0,1,0
2023-11-30,sh.603993,18.40283808,18.40283808,18.19211856,18.29747832,18.437958,51613723,268837502.97,0.2938,-0.7619,1,0
2023-12-01,sh.603993,18.29747832,18.57843768,18.2623584,18.54331776,18.29747832,79015644,414707217.78,0.4498,1.3436,1,0
2023-12-04,sh.603993,18.75403728,19.1403564,18.12187872,18.15699864,18.54331776,248721430,1322849550.86,1.4159,-2.0833,1,0
2023-12-05,sh.603993,17.66531976,17.98139904,17.2087608,17.34924048,18.15699864,200452925,1000325690.89,1.1412,-4.4487,1,0
2023-12-06,sh.603993,17.27900064,17.80579944,17.24388072,17.63019984,17.34924048,107714253,540222422.29,0.6132,1.6194,1,0
2023-12-07,sh.603993,17.63019984,17.66531976,17.27900064,17.3843604,17.63019984,85553533,424003909.43,0.487,-1.3944,1,0
2023-12-08,sh.603993,17.45460024,17.52484008,17.17364088,17.2087608,17.3843604,80208860,395401884.98,0.4566,-1.0101,1,0
2023-12-11,sh.603993,17.13852096,17.2087608,16.78732176,17.06828112,17.2087608,144481491,698836909.19,0.8225,-0.8163,1,0
2023-12-12,sh.603993,16.99804128,17.06828112,16.71708192,16.99804128,17.06828112,118973896,572101269.84,0.6773,-0.4115,1,0
2023-12-13,sh.603993,16.89268152,16.96292136,16.54148232,16.57660224,16.99804128,109200713,520277732.24,0.6217,-2.4793,1,0
2023-12-14,sh.603993,16.75220184,16.8575616,16.54148232,16.54148232,16.57660224,89086328,422930073.88,0.5072,-0.2119,1,0
2023-12-15,sh.603993,16.71708192,17.0331612,16.681962,16.75220184,16.54148232,129866965,624427811.33,0.7393,1.2739,1,0
2023-12-18,sh.603993,16.64684208,16.71708192,16.29564288,16.36588272,16.75220184,85424644,400502139.63,0.4863,-2.3061,1,0
2023-12-19,sh.603993,16.36588272,16.5063624,16.19028312,16.43612256,16.36588272,65434927,305265147.9,0.3725,0.4292,1,0
2023-12-20,sh.603993,16.5063624,16.78732176,16.47124248,16.54148232,16.43612256,113137997,536218018.39,0.6441,0.641,1,0
2023-12-21,sh.603993,16.43612256,17.0331612,16.3307628,16.99804128,16.54148232,119971819,573067316.17,0.683,2.7601,1,0
2023-12-22,sh.603993,16.99804128,17.45460024,16.8575616,17.2087608,16.99804128,121004616,592589939.69,0.6889,1.2397,1,0
2023-12-25,sh.603993,17.2087608,17.3843604,17.10340104,17.31412056,17.2087608,76115676,373549543.97,0.4333,0.6122,1,0
2023-12-26,sh.603993,17.31412056,17.34924048,17.17364088,17.27900064,17.31412056,56692336,278576405.28,0.3227,-0.2028,1,0
2023-12-27,sh.603993,17.24388072,17.98139904,17.24388072,17.84091936,17.27900064,151966596,765831346.53,0.8651,3.252,1,0
2023-12-28,sh.603993,17.94627912,18.437958,17.9111592,18.12187872,17.84091936,163415379,846612481.85,0.9303,1.5748,1,0
2023-12-29,sh.603993,18.01651896,18.33259824,18.01651896,18.2623584,18.12187872,98730274,511751072.73,0.5621,0.7752,1,0
2024-01-02,sh.603993,18.29747832,18.7891572,18.2623584,18.57843768,18.2623584,129976159,687708427.3,0.7399,1.7308,1,0
2024-01-03,sh.603993,18.54331776,18.54331776,18.29747832,18.437958,18.57843768,96315778,505480222.57,0.5483,-0.7561,1,0
2024-01-04,sh.603993,18.36771816,18.54331776,18.12187872,18.2623584,18.437958,97638556,508672640.47,0.5558,-0.9524,1,0
2024-01-05,sh.603993,18.6135576,19.10523648,18.36771816,18.50819784,18.2623584,190577616,1014811282.46,1.0849,1.3462,1,0
2024-01-08,sh.603993,18.68379744,19.03499664,18.437958,18.68379744,18.50819784,172496680,921390894.58,0.982,0.9488,1,0
2024-01-09,sh.603993,18.6135576,18.89451696,18.36771816,18.7891572,18.68379744,140940259,748384275.35,0.8024,0.5639,1,0
2024-01-10,sh.603993,18.68379744,18.9647568,18.54331776,18.57843768,18.7891572,99681334,530871654.69,0.5675,-1.1215,1,0
2024-01-11,sh.603993,18.6135576,18.68379744,18.47307792,18.57843768,18.57843768,90585419,479061556.66,0.5157,0.0,1,0
2024-01-12,sh.603993,18.50819784,18.7891572,18.40283808,18.68379744,18.57843768,88511963,470364492.63,0.5039,0.5671,1,0
2024-01-15,sh.603993,18.6135576,18.82427712,18.40283808,18.75403728,18.68379744,94055364,499543883.83,0.5354,0.3759,1,0
2024-01-16,sh.603993,18.71891736,19.10523648,18.68379744,18.7891572,18.75403728,113060535,606260309.94,0.6436,0.1873,1,0
2024-01-17,sh.603993,18.85939704,18.92963688,18.36771816,18.36771816,18.7891572,83154914,440819390.0,0.4734,-2.243,1,0
2024-01-18,sh.603993,18.22723848,18.57843768,17.77067952,18.40283808,18.36771816,145749076,751879480.96,0.8297,0.1912,1,0
2024-01-19,sh.603993,18.29747832,18.33259824,18.01651896,18.22723848,18.40283808,91823363,475279173.81,0.5227,-0.9542,1,0
2024-01-22,sh.603993,18.19211856,18.22723848,17.45460024,17.63019984,18.22723848,112419417,573231367.79,0.64,-3.2755,1,0
2024-01-23,sh.603993,17.55996,18.01651896,17.2087608,17.87603928,17.63019984,89433637,449449323.51,0.5091,1.3944,1,0
2024-01-24,sh.603993,17.94627912,18.437958,17.80579944,18.33259824,17.87603928,106844905,551046891.25,0.6083,2.554,1,0
2024-01-25,sh.603993,18.437958,19.07011656,18.2623584,19.03499664,18.33259824,129202914,693110355.25,0.7355,3.8314,1,0
2024-01-26,sh.603993,19.03499664,19.59691536,18.89451696,19.315956,19.03499664,171605324,945329598.56,0.9769,1.476,1,0
2024-01-29,sh.603993,19.28083608,19.45643568,19.10523648,19.24571616,19.315956,91574800,502721097.9,0.5213,-0.3636,1,0
2024-01-30,sh.603993,19.10523648,19.42131576,18.99987672,19.07011656,19.24571616,86226011,471949628.99,0.4909,-0.9124,1,0
2024-01-31,sh.603993,18.9647568,19.24571616,18.75403728,18.85939704,19.07011656,93179095,503883143.89,0.5305,-1.105,1,0
2024-02-01,sh.603993,18.75403728,19.38619584,18.68379744,19.21059624,18.85939704,105424023,574263357.39,0.6002,1.8622,1,0
2024-02-02,sh.603993,19.21059624,19.56179544,18.40283808,19.07011656,19.21059624,127690419,695999897.86,0.7269,-0.7313,1,0
2024-02-05,sh.603993,18.89451696,19.42131576,18.64867752,19.21059624,19.07011656,149376030,811775256.23,0.8456,0.7366,1,0
2024-02-06,sh.603993,19.07011656,19.73739504,19.07011656,19.63203528,19.21059624,114029664,634321590.9,0.6455,2.1938,1,0
2024-02-07,sh.603993,19.6671552,19.8427548,19.35107592,19.56179544,19.63203528,143694068,797866961.33,0.8134,-0.3578,1,0
2024-02-08,sh.603993,19.63203528,19.94811456,19.45643568,19.94811456,19.56179544,142160659,797652303.15,0.8047,1.9749,1,0
2024-02-19,sh.603993,19.98323448,21.03683208,19.8427548,20.96659224,19.94811456,177275440,1039255412.6,1.0035,5.1056,1,0
2024-02-20,sh.603993,20.86123248,21.45827112,20.58027312,21.17731176,20.96659224,127024403,765857429.63,0.719,1.005,1,0
2024-02-21,sh.603993,21.03683208,21.49339104,21.00171216,21.071952,21.17731176,97717222,592314308.4,0.5531,-0.4975,1,0
2024-02-22,sh.603993,21.00171216,21.5987508,20.8963524,21.56363088,21.071952,109253640,662074366.5,0.6184,2.3333,1,0
2024-02-23,sh.603993,21.56363088,22.40650896,21.38803128,22.3011492,21.56363088,150005205,943851152.02,0.8491,3.4202,1,0
2024-02-26,sh.603993,22.19578944,22.51186872,21.49339104,21.52851096,22.3011492,119735121,746064843.14,0.6778,-3.4646,1,0
2024-02-27,sh.603993,21.4231512,21.73923048,21.2475516,21.49339104,21.52851096,128353371,785097108.64,0.7266,-0.1631,1,0
2024-02-28,sh.603993,21.49339104,21.52851096,21.10707192,21.10707192,21.49339104,127251864,770630814.5,0.7203,-1.7974,1,0
2024-02-29,sh.603993,21.00171216,21.63387072,20.96659224,21.5987508,21.10707192,106471283,648854776.06,0.6027,2.3295,1,0
2024-03-01,sh.603993,21.56363088,22.02018984,21.45827112,21.87971016,21.5987508,96091355,595302525.85,0.5439,1.3008,1,0
2024-03-04,sh.603993,22.09042968,22.33626912,21.91483008,22.05530976,21.87971016,107240355,674439313.37,0.6071,0.8026,1,0
2024-03-05,sh.603993,22.05530976,22.37138904,21.98506992,22.26602928,22.05530976,108749025,688445621.66,0.6156,0.9554,1,0
2024-03-06,sh.603993,22.23090936,22.6523484,22.05530976,22.33626912,22.26602928,97088848,619945529.52,0.5496,0.3155,1,0
2024-03-07,sh.603993,22.37138904,23.98690536,22.37138904,23.24938704,22.33626912,199225955,1331063207.52,1.1278,4.0881,1,0
2024-03-08,sh.603993,23.705946,23.91666552,23.14402728,23.705946,23.24938704,132833560,890236440.38,0.7519,1.9637,1,0
2024-03-11,sh.603993,23.60058624,24.02202528,23.3547468,23.77618584,23.705946,128603695,866795977.36,0.728,0.2963,1,0
2024-03-12,sh.603993,23.705946,23.705946,22.3011492,22.4767488,23.77618584,188338251,1225177106.69,1.0661,-5.4653,1,0
2024-03-13,sh.603993,23.1791472,24.4083444,23.03866752,23.8815456,22.4767488,336433284,2272599092.64,1.9044,6.25,1,0
2024-03-14,sh.603993,25.07562288,25.8131412,24.82978344,25.25122248,23.8815456,298252886,2150560054.74,1.6883,5.7353,1,0
2024-03-15,sh.603993,25.25122248,27.217938,24.97026312,27.18281808,25.25122248,298426516,2227686621.63,1.6893,7.6495,1,0
2024-03-18,sh.603993,27.28817784,27.99057624,26.5155396,27.46377744,27.18281808,313895296,2442766718.57,1.7769,1.0336,1,0
2024-03-19,sh.603993,27.217938,27.77985672,26.8667388,27.00721848,27.46377744,214742376,1669882017.57,1.2156,-1.6624,1,0
2024-03-20,sh.603993,26.65601928,27.25305792,26.1643404,26.65601928,27.00721848,218261408,1654482429.3,1.2355,-1.3004,1,0
2024-03-21,sh.603993,27.25305792,27.49889736,26.83161888,27.18281808,26.65601928,187498143,1452016403.35,1.0614,1.9763,1,0
2024-03-22,sh.603993,26.76137904,26.8667388,25.9887408,26.26970016,27.18281808,182397003,1367331076.97,1.0325,-3.3592,1,0
2024-03-25,sh.603993,26.72625912,28.02569616,26.62089936,27.46377744,26.26970016,256779434,2002809910.23,1.4535,4.5455,1,0
2024-03-26,sh.603993,27.53401728,28.02569616,26.93697864,27.32329776,27.46377744,181115823,1410152036.0,1.0252,-0.5115,1,0
2024-03-27,sh.603993,27.18281808,28.2715356,27.00721848,27.70961688,27.32329776,218095682,1725960171.75,1.2346,1.4139,1,0
2024-03-28,sh.603993,27.5691372,29.07929376,27.42865752,28.69297464,27.70961688,205676591,1668726333.39,1.1643,3.5488,1,0
2024-03-29,sh.603993,28.90369416,29.6763324,28.51737504,29.21977344,28.69297464,232538163,1923835697.0,1.3163,1.836,1,0
2024-04-01,sh.603993,29.851932,30.23825112,28.51737504,28.973934,29.21977344,250429585,2086664022.73,1.4176,-0.8413,1,0
2024-04-02,sh.603993,28.86857424,29.6763324,28.7983344,29.29001328,28.973934,175102517,1458568221.6,0.9912,1.0909,1,0
2024-04-03,sh.603993,29.53585272,30.9055296,29.53585272,30.69481008,29.29001328,300723882,2595618329.27,1.7023,4.7962,1,0
2024-04-08,sh.603993,30.72993,32.1347268,29.71145232,30.34361088,30.69481008,400144740,3539439670.42,2.2651,-1.1442,1,0
2024-04-09,sh.603993,30.41385072,30.76504992,29.5007328,29.78169216,30.34361088,243920176,2081803122.61,1.3808,-1.8519,1,0
2024-04-10,sh.603993,29.99241168,31.0811292,29.78169216,30.69481008,29.78169216,241845979,2094938860.34,1.369,3.066,1,0
2024-04-11,sh.603993,29.851932,31.85376744,29.6763324,30.5543304,30.69481008,260258868,2268028726.33,1.4732,-0.4577,1,0
2024-04-12,sh.603993,30.5543304,31.88888736,30.34361088,31.46744832,30.5543304,241040953,2137318785.24,1.3645,2.9885,1,0
2024-04-15,sh.603993,30.87040968,32.20496664,30.34361088,32.16984672,31.46744832,224342390,1994182567.66,1.2699,2.2321,1,0
2024-04-16,sh.603993,31.88888736,32.87224512,30.80016984,31.0811292,32.16984672,241153756,2191450916.16,1.3651,-3.3843,1,0
2024-04-17,sh.603993,30.9055296,31.7835276,30.27337104,31.74840768,31.0811292,219150448,1938100485.61,1.2405,2.1469,1,0
2024-04-18,sh.603993,31.50256824,33.25856424,31.22160888,33.25856424,31.74840768,253814377,2330649155.08,1.4368,4.7566,1,0
2024-04-19,sh.603993,33.25856424,34.48776144,32.6615256,33.29368416,33.25856424,226958643,2158917584.26,1.2847,0.1056,1,0
2024-04-22,sh.603993,33.82048296,34.66336104,32.1347268,32.27520648,33.29368416,236543347,2242142937.29,1.339,-3.0591,1,0
2024-04-23,sh.603993,31.607928,31.81864752,30.06265152,30.2031312,32.27520648,373832547,3265572685.25,2.1161,-6.42,1,0
2024-04-24,sh.603993,30.06265152,31.18648896,30.06265152,31.0811292,30.2031312,211443228,1851119449.31,1.1969,2.907,1,0
2024-04-25,sh.603993,30.80016984,31.18648896,30.41385072,31.15136904,31.0811292,152207825,1337951288.35,0.8616,0.226,1,0
2024-04-26,sh.603993,31.50256824,32.90736504,31.15136904,32.59128576,31.15136904,287525937,2615651536.4,1.6276,4.6223,1,0
2024-04-29,sh.603993,32.09960688,32.38056624,30.97576944,31.64304792,32.59128576,271958703,2445479677.48,1.5395,-2.9095,1,0
2024-04-30,sh.603993,31.9591272,32.41568616,30.94064952,31.53768816,31.64304792,276173717,2494883468.98,1.5633,-0.333,1,0
2024-05-06,sh.603993,30.83528976,31.0811292,29.851932,31.01088936,31.53768816,313827520,2720565831.75,1.7765,-1.6704,1,0
2024-05-07,sh.603993,31.15136904,32.1347268,30.87040968,31.01088936,31.01088936,239033159,2143518956.87,1.3531,0.0,1,0
2024-05-08,sh.603993,30.76504992,31.57280808,30.2031312,31.01088936,31.01088936,190674443,1674154344.43,1.0793,0.0,1,0
2024-05-09,sh.603993,30.87040968,32.06448696,30.72993,31.74840768,31.01088936,194546618,1749647543.08,1.1013,2.3783,1,0
2024-05-10,sh.603993,32.20496664,32.485926,31.2567288,32.3103264,31.74840768,203676324,1855317593.7,1.1529,1.7699,1,0
2024-05-13,sh.603993,31.81864752,32.80200528,31.53768816,32.52104592,32.3103264,172833865,1585093839.4,0.9784,0.6522,1,0
2024-05-14,sh.603993,32.8371252,33.64488336,32.76688536,33.22344432,32.52104592,233204800,2206574833.55,1.3201,2.1598,1,0
2024-05-15,sh.603993,32.97760488,33.1883244,31.88888736,32.06448696,33.22344432,215375300,1993419608.0,1.2192,-3.4884,1,0
2024-05-16,sh.603993,32.45080608,32.76688536,30.09777144,30.44897064,32.06448696,488232121,4338131692.79,2.7637,-5.0383,1,0
2024-05-17,sh.603993,30.9055296,30.94064952,29.46561288,30.51921048,30.44897064,372773037,3196111071.04,2.1101,0.2307,1,0
2024-05-20,sh.603993,31.4323284,32.1347268,30.13289136,31.39720848,30.51921048,458580359,4076065001.85,2.5959,2.8769,1,0
2024-05-21,sh.603993,31.32696864,31.53768816,29.3251332,29.57097264,31.39720848,375591139,3215226640.91,2.1261,-5.8166,1,0
2024-05-22,sh.603993,29.53585272,29.851932,28.6227348,28.83345432,29.57097264,283605929,2352497120.93,1.6054,-2.4941,1,0
2024-05-23,sh.603993,28.095936,29.11441368,27.67449696,28.69297464,28.83345432,264844164,2143019087.33,1.4992,-0.4872,1,0
2024-05-24,sh.603993,28.6227348,29.11441368,28.48225512,28.72809456,28.69297464,153473322,1260631718.45,0.8688,0.1224,1,0
2024-05-27,sh.603993,28.6227348,30.13289136,28.6227348,29.99241168,28.72809456,233939360,1965531603.79,1.3243,4.401,1,0
2024-05-28,sh.603993,30.0275316,30.72993,29.92217184,29.99241168,29.99241168,182115049,1569950531.52,1.0309,0.0,1,0
2024-05-29,sh.603993,29.851932,31.18648896,29.78169216,30.76504992,29.99241168,175097938,1531433114.4,0.9912,2.5761,1,0
2024-05-30,sh.603993,30.5543304,30.69481008,29.11441368,29.29001328,30.76504992,188322296,1595499284.46,1.066,-4.7945,1,0
2024-05-31,sh.603993,29.21977344,29.6763324,28.83345432,29.29001328,29.29001328,147544165,1228223134.3,0.8352,0.0,1,0
2024-06-03,sh.603993,29.25489336,29.60609256,28.37689536,28.69297464,29.29001328,175293292,1442935373.24,0.9923,-2.0384,1,0
2024-06-04,sh.603993,28.973934,30.09777144,28.6227348,29.5007328,28.69297464,179985821,1507401627.05,1.0188,2.8152,1,0
2024-06-05,sh.603993,28.7983344,28.90369416,28.13105592,28.20129576,29.5007328,221866498,1792598566.46,1.2559,-4.4048,1,0
2024-06-06,sh.603993,28.6227348,29.57097264,28.51737504,29.04417384,28.20129576,207279577,1714676551.69,1.1733,2.9888,1,0
2024-06-07,sh.603993,29.36025312,29.78169216,28.93881408,29.53585272,29.04417384,174403333,1461914836.83,0.9872,1.6929,1,0
2024-06-11,sh.603993,28.76321448,29.04417384,28.30665552,28.55249496,29.53585272,169286239,1378280816.03,0.9583,-3.3294,1,0
2024-06-12,sh.603993,28.55249496,29.25489336,28.4471352,28.973934,28.55249496,111603800,916623489.52,0.6318,1.476,1,0
2024-06-13,sh.603993,28.7983344,29.18465352,28.13105592,28.4471352,28.973934,135102947,1097382772.94,0.7648,-1.8182,1,0
2024-06-14,sh.603993,28.20129576,29.18465352,27.95545632,29.07929376,28.4471352,136116373,1115013024.42,0.7705,2.2222,1,0
2024-06-17,sh.603993,28.7983344,29.39537304,28.30665552,28.76321448,29.07929376,118526793,974178279.6,0.6709,-1.087,1,0
2024-06-18,sh.603993,28.90369416,29.04417384,28.2715356,28.58761488,28.76321448,108964606,887363555.0,0.6168,-0.6105,1,0
2024-06-19,sh.603993,28.76321448,29.95729176,28.69297464,29.5007328,28.58761488,175024590,1468299292.08,0.9908,3.1941,1,0
2024-06-20,sh.603993,29.851932,30.30849096,29.43049296,29.6763324,29.5007328,151781445,1289968752.55,0.8592,0.5952,1,0
2024-06-21,sh.603993,30.0275316,30.2031312,29.1495336,29.25489336,29.6763324,118205623,994416383.52,0.6691,-1.4201,1,0
2024-06-24,sh.603993,28.65785472,29.3251332,28.4471352,28.973934,29.25489336,98791922,813988315.21,0.5592,-0.9604,1,0
2024-06-25,sh.603993,29.11441368,29.6763324,28.86857424,29.25489336,28.973934,106708249,890664403.87,0.604,0.9697,1,0
2024-06-26,sh.603993,29.00905392,29.29001328,28.41201528,29.1495336,29.25489336,120544980,992146159.25,0.6824,-0.3601,1,0
2024-06-27,sh.603993,29.00905392,29.1495336,28.16617584,28.76321448,29.1495336,118937114,971411049.62,0.6733,-1.3253,1,0
2024-06-28,sh.603993,28.65785472,30.09777144,28.6227348,29.851932,28.76321448,167482479,1412459258.97,0.9481,3.7851,1,0
2024-07-01,sh.603993,29.78169216,30.48409056,29.57097264,30.41385072,29.851932,126167622,1081982712.54,0.7142,1.8824,1,0
2024-07-02,sh.603993,30.41385072,30.65969016,29.60609256,29.99241168,30.41385072,108995200,932664753.0,0.617,-1.3857,1,0
2024-07-03,sh.603993,30.06265152,30.30849096,29.74657224,30.30849096,29.99241168,89587122,766182054.99,0.5071,1.0539,1,0
2024-07-04,sh.603993,31.0811292,31.46744832,30.80016984,30.97576944,30.30849096,186143250,1650543923.95,1.0537,2.2016,1,0
2024-07-05,sh.603993,31.11624912,32.06448696,30.9055296,31.92400728,30.97576944,172436029,1548269267.27,0.9761,3.0612,1,0
2024-07-08,sh.603993,32.06684364,32.3168079,31.67404266,31.85258856,31.92400692,138453282,1239771609.11,0.7837,-0.2237,1,0
2024-07-09,sh.603993,31.85258856,32.53106298,31.53120594,32.45964462,31.85258856,132743707,1193707020.23,0.7514,1.9058,1,0
2024-07-10,sh.603993,32.28109872,32.45964462,31.20982332,31.35266004,32.45964462,144345009,1285310171.52,0.8171,-3.4103,1,0
2024-07-11,sh.603993,31.49549676,32.4953538,31.20982332,32.3168079,31.35266004,132168960,1186601875.51,0.7482,3.0752,1,0
2024-07-12,sh.603993,32.138262,32.38822626,30.81702234,31.28124168,32.3168079,200344876,1760512773.32,1.1341,-3.2044,1,0
2024-07-15,sh.603993,31.74546102,33.0309915,31.45978758,32.60248134,31.28124168,214839718,1959089558.66,1.2161,4.2237,1,0
2024-07-16,sh.603993,32.3168079,32.88815478,32.10255282,32.74531806,32.60248134,120144239,1096387058.47,0.6801,0.4381,1,0
2024-07-17,sh.603993,32.42393544,32.70960888,30.20996628,30.56705808,32.74531806,243452577,2123014724.0,1.3781,-6.6521,1,0
2024-07-18,sh.603993,30.24567546,30.95985906,29.96000202,30.78131316,30.56705808,136136898,1159407353.98,0.7706,0.7009,1,0
2024-07-19,sh.603993,29.56720104,30.24567546,28.60305318,30.03142038,30.78131316,194462095,1620164737.41,1.1008,-2.4362,1,0
2024-07-22,sh.603993,29.6386194,29.8171653,28.7458899,29.03156334,30.03142038,167048903,1361829941.18,0.9456,-3.3294,1,0
2024-07-23,sh.603993,29.1029817,29.31723678,26.9604309,26.99614008,29.03156334,275322841,2137352096.09,1.5585,-7.0111,1,0
2024-07-24,sh.603993,26.9604309,27.03184926,26.21053812,26.53192074,26.99614008,185215722,1379359633.44,1.0484,-1.7196,1,0
2024-07-25,sh.603993,25.85344632,26.13911976,24.96071682,25.06784436,26.53192074,247974439,1761151587.62,1.4037,-5.5182,1,0
2024-07-26,sh.603993,25.28209944,26.38908402,25.28209944,25.96057386,25.06784436,188923105,1372367363.72,1.0694,3.5613,1,0
2024-07-29,sh.603993,26.21053812,26.63904828,25.8891555,26.28195648,25.96057386,123424977,907453296.74,0.6987,1.238,1,0
2024-07-30,sh.603993,26.10341058,26.10341058,25.24639026,25.56777288,26.28195648,127468128,909593811.69,0.7216,-2.7174,1,0
2024-07-31,sh.603993,25.85344632,26.81759418,25.56777288,26.67475746,25.56777288,175730264,1296194873.68,0.9947,4.3296,1,0
2024-08-01,sh.603993,27.28181352,27.4960686,26.74617582,26.85330336,26.67475746,125994398,953711632.41,0.7132,0.6693,1,0
2024-08-02,sh.603993,26.03199222,26.13911976,25.49635452,25.78202796,26.85330336,166783477,1204302783.07,0.9441,-3.9894,1,0
2024-08-05,sh.603993,25.38922698,25.85344632,25.03213518,25.10355354,25.78202796,156512081,1112002643.13,0.886,-2.6316,1,0
2024-08-06,sh.603993,25.10355354,25.42493616,24.6393342,24.92500764,25.10355354,132024404,921057193.63,0.7473,-0.7112,1,0
2024-08-07,sh.603993,24.92500764,25.60348206,24.6393342,25.31780862,24.92500764,102401685,725595240.79,0.5797,1.5759,1,0
2024-08-08,sh.603993,25.06784436,25.10355354,24.4607883,24.8178801,25.31780862,113566856,785359909.43,0.6429,-1.9746,1,0
2024-08-09,sh.603993,25.06784436,25.56777288,25.06784436,25.21068108,24.8178801,119481786,848091515.41,0.6763,1.5827,1,0
2024-08-12,sh.603993,25.21068108,25.63919124,25.1749719,25.42493616,25.21068108,78326795,556498043.4,0.4434,0.8499,1,0
2024-08-13,sh.603993,25.63919124,25.78202796,25.24639026,25.63919124,25.42493616,85546330,610570305.93,0.4842,0.8427,1,0
2024-08-14,sh.603993,25.60348206,25.81773714,25.21068108,25.3535178,25.63919124,82310815,586907986.45,0.4659,-1.1142,1,0
2024-08-15,sh.603993,25.28209944,25.96057386,25.06784436,25.81773714,25.3535178,113364910,814366707.47,0.6417,1.831,1,0
2024-08-16,sh.603993,26.0677014,26.85330336,26.0677014,26.53192074,25.81773714,173024370,1286655638.35,0.9794,2.7663,1,0
2024-08-19,sh.603993,26.71046664,27.21039516,26.56762992,26.81759418,26.53192074,115633710,872195473.1,0.6546,1.0767,1,0
2024-08-20,sh.603993,26.99614008,27.03184926,26.28195648,26.46050238,26.81759418,77398500,575338172.63,0.4381,-1.3316,1,0
2024-08-21,sh.603993,26.4247932,26.6033391,26.17482894,26.53192074,26.46050238,50283767,372628913.57,0.2846,0.2699,1,0
2024-08-22,sh.603993,26.71046664,26.74617582,26.0677014,26.56762992,26.53192074,78752757,582637998.23,0.4458,0.1346,1,0
2024-08-23,sh.603993,26.35337484,26.71046664,26.28195648,26.49621156,26.56762992,56958526,422038791.38,0.3224,-0.2688,1,0
2024-08-26,sh.603993,26.85330336,27.3175227,26.49621156,27.28181352,26.49621156,155839053,1178610045.15,0.8822,2.965,1,0
2024-08-27,sh.603993,27.24610434,27.42465024,26.53192074,26.92472172,27.28181352,97853659,738557405.35,0.5539,-1.3089,1,0
2024-08-28,sh.603993,26.92472172,27.35323188,26.28195648,26.53192074,26.92472172,97487609,728791017.86,0.5518,-1.4589,1,0
2024-08-29,sh.603993,26.03199222,26.781885,25.8891555,26.49621156,26.53192074,77284236,572883038.71,0.4375,-0.1346,1,0
2024-08-30,sh.603993,26.49621156,27.03184926,26.0677014,26.74617582,26.49621156,132767964,988257935.25,0.7516,0.9434,1,0
2024-09-02,sh.603993,26.4247932,26.56762992,25.67490042,26.0677014,26.74617582,107539615,784999519.75,0.6087,-2.5367,1,0
2024-09-03,sh.603993,26.03199222,26.49621156,25.8891555,26.0677014,26.0677014,71698925,526966532.35,0.4059,0.0,1,0
2024-09-04,sh.603993,25.31780862,25.31780862,24.49649748,24.78217092,26.0677014,176641056,1228768541.61,0.9999,-4.9315,1,0
2024-09-05,sh.603993,24.92500764,25.06784436,24.4607883,24.71075256,24.78217092,80686520,559726680.03,0.4567,-0.2882,1,0
2024-09-06,sh.603993,24.88929846,25.06784436,24.67504338,24.67504338,24.71075256,57347200,399046751.15,0.3246,-0.1445,1,0
2024-09-09,sh.603993,24.42507912,24.42507912,23.53234962,23.96085978,24.67504338,145140397,970190521.72,0.8216,-2.8944,1,0
2024-09-10,sh.603993,24.13940568,24.24653322,23.67518634,23.99656896,23.96085978,69202728,462778073.98,0.3917,0.149,1,0
2024-09-11,sh.603993,23.85373224,23.9251506,23.13954864,23.42522208,23.99656896,137082788,899808445.0,0.776,-2.381,1,0
2024-09-12,sh.603993,23.5680588,23.67518634,23.31809454,23.46093126,23.42522208,108688458,715532509.12,0.6152,0.1524,1,0
2024-09-13,sh.603993,23.78231388,24.03227814,23.28238536,23.31809454,23.46093126,154815698,1026803718.57,0.8764,-0.6088,1,0
2024-09-18,sh.603993,23.63947716,24.24653322,23.49664044,24.06798732,23.31809454,162277363,1089425645.01,0.9186,3.2159,1,0
2024-09-19,sh.603993,24.17511486,25.7106096,23.9251506,25.56777288,24.06798732,234868647,1643085121.93,1.3295,6.2315,1,0
2024-09-20,sh.603993,25.7106096,26.71046664,25.5320637,26.56762992,25.56777288,208721474,1533169650.93,1.1815,3.9106,1,0
2024-09-23,sh.603993,26.38908402,26.9604309,26.2462473,26.38908402,26.56762992,121124070,898437536.24,0.6856,-0.672,1,0
2024-09-24,sh.603993,26.71046664,27.71032368,26.56762992,27.42465024,26.38908402,188664491,1435481952.06,1.068,3.9242,1,0
2024-09-25,sh.603993,28.13883384,29.35294596,27.71032368,27.78174204,27.42465024,230391360,1836434637.29,1.3042,1.3021,1,0
2024-09-26,sh.603993,27.81745122,28.99585416,27.46035942,28.99585416,27.78174204,175216420,1390082607.28,0.9918,4.3702,1,0
2024-09-27,sh.603993,29.85287448,30.28138464,29.38865514,29.88858366,28.99585416,131133055,1094485689.47,0.7423,3.0788,1,0
2024-09-30,sh.603993,30.8884407,31.74546102,29.35294596,31.0669866,29.88858366,499140949,4286941749.96,2.8255,3.9427,1,0
2024-10-08,sh.603993,33.85230264,34.1022669,29.4600735,30.81702234,31.0669866,618523536,5433014864.01,3.5013,-0.8046,1,0
2024-10-09,sh.603993,29.92429284,29.92429284,28.0317063,28.31737974,30.81702234,335596413,2712182958.79,1.8997,-8.1112,1,0
2024-10-10,sh.603993,28.60305318,29.96000202,28.3887981,29.2815276,28.31737974,265719616,2169026873.35,1.5041,3.4048,1,0
2024-10-11,sh.603993,29.4600735,29.4600735,28.49592564,28.7458899,29.2815276,143021609,1154059067.64,0.8096,-1.8293,1,0
2024-10-14,sh.603993,28.88872662,30.10283874,28.7458899,29.9957112,28.7458899,212338944,1762716655.92,1.202,4.3478,1,0
2024-10-15,sh.603993,29.6386194,29.6386194,28.567344,28.60305318,29.9957112,215078687,1746029248.75,1.2175,-4.6429,1,0
2024-10-16,sh.603993,28.24596138,28.78159908,27.88886958,28.63876236,28.60305318,136259518,1084562319.31,0.7713,0.1248,1,0
2024-10-17,sh.603993,28.85301744,28.96014498,28.06741548,28.13883384,28.63876236,120758195,963629676.54,0.6836,-1.7456,1,0
2024-10-18,sh.603993,28.24596138,28.88872662,27.96028794,28.567344,28.13883384,198828698,1579619888.75,1.1255,1.5228,1,0
2024-10-21,sh.603993,28.96014498,30.13854792,28.7458899,29.71003776,28.567344,319543555,2649023368.7,1.8088,4.0,1,0
2024-10-22,sh.603993,29.35294596,29.8171653,28.81730826,29.74574694,29.71003776,173591287,1428160272.31,0.9826,0.1202,1,0
2024-10-23,sh.603993,29.49578268,29.6386194,28.78159908,29.2815276,29.74574694,225517659,1843832528.58,1.2766,-1.5606,1,0
2024-10-24,sh.603993,28.9244358,28.96014498,28.31737974,28.63876236,29.2815276,170160081,1362666586.81,0.9632,-2.1951,1,0
2024-10-25,sh.603993,28.60305318,28.63876236,28.13883384,28.28167056,28.63876236,167114715,1324731123.36,0.946,-1.2469,1,0
2024-10-28,sh.603993,28.17454302,28.28167056,27.71032368,28.28167056,28.28167056,166683996,1308056844.64,0.9435,0.0,1,0
2024-10-29,sh.603993,28.28167056,28.42450728,27.24610434,27.35323188,28.28167056,306016324,2382930464.1,1.7323,-3.2828,1,0
2024-10-30,sh.603993,27.42465024,28.06741548,27.35323188,27.63890532,27.35323188,170933534,1323331327.96,0.9676,1.0444,1,0
2024-10-31,sh.603993,27.6746145,27.6746145,27.06755844,27.1389768,27.63890532,187129506,1431171485.6,1.0593,-1.8088,1,0
2024-11-01,sh.603993,27.1389768,29.06727252,26.81759418,28.31737974,27.1389768,464577502,3691860673.49,2.6298,4.3421,1,0
2024-11-04,sh.603993,28.67447154,28.9244358,28.0317063,28.567344,28.31737974,249825630,1983600929.47,1.4142,0.8827,1,0
2024-11-05,sh.603993,28.49592564,29.42436432,28.31737974,29.21010924,28.567344,291754473,2361159126.87,1.6515,2.25,1,0
2024-11-06,sh.603993,29.31723678,29.92429284,28.99585416,29.2815276,29.21010924,292064446,2413358404.28,1.6533,0.2445,1,0
2024-11-07,sh.603993,28.3887981,29.17440006,27.8531604,29.03156334,29.2815276,288931709,2315996343.24,1.6355,-0.8537,1,0
2024-11-08,sh.603993,29.56720104,30.03142038,28.88872662,28.9244358,29.03156334,264970084,2180011255.02,1.4999,-0.369,1,0
2024-11-11,sh.603993,28.60305318,28.71018072,27.8531604,28.28167056,28.9244358,281082994,2218430554.4,1.5911,-2.2222,1,0
2024-11-12,sh.603993,27.96028794,28.49592564,27.17468598,27.42465024,28.28167056,313169657,2437559894.26,1.7727,-3.0303,1,0
2024-11-13,sh.603993,27.1389768,27.63890532,27.06755844,27.38894106,27.42465024,176939647,1354863159.0,1.0016,-0.1302,1,0
2024-11-14,sh.603993,27.17468598,27.24610434,26.53192074,26.56762992,27.38894106,201144855,1512244016.42,1.1386,-2.9987,1,0
2024-11-15,sh.603993,26.56762992,27.24610434,26.46050238,26.63904828,26.56762992,146202325,1101095614.49,0.8276,0.2688,1,0
2024-11-18,sh.603993,26.49621156,27.06755844,26.17482894,26.4247932,26.63904828,171623609,1279332082.19,0.9715,-0.8043,1,0
2024-11-19,sh.603993,26.92472172,27.3175227,26.56762992,27.28181352,26.4247932,184565672,1394765031.9,1.0448,3.2432,1,0
2024-11-20,sh.603993,27.3175227,27.35323188,26.99614008,27.17468598,27.28181352,100900379,767226199.74,0.5712,-0.3927,1,0
2024-11-21,sh.603993,27.1389768,27.28181352,26.99614008,27.17468598,27.17468598,88198066,670389150.22,0.4993,0.0,1,0
2024-11-22,sh.603993,27.06755844,27.17468598,26.13911976,26.13911976,27.17468598,132481960,985948839.75,0.7499,-3.8108,1,0
2024-11-25,sh.603993,26.2462473,26.56762992,25.78202796,25.96057386,26.13911976,105626880,773826638.6,0.5979,-0.6831,1,0
2024-11-26,sh.603993,25.8891555,26.38908402,25.85344632,26.03199222,25.96057386,68724478,501919640.84,0.389,0.2751,1,0
2024-11-27,sh.603993,25.8891555,26.0677014,25.49635452,26.0677014,26.03199222,121926065,880041697.46,0.6902,0.1372,1,0
2024-11-28,sh.603993,25.8891555,26.03199222,25.46064534,25.5320637,26.0677014,114098300,820486454.0,0.6459,-2.0548,1,0
2024-11-29,sh.603993,25.5320637,26.2462473,25.24639026,25.99628304,25.5320637,160655933,1162695771.66,0.9094,1.8182,1,0
2024-12-02,sh.603993,26.4247932,26.99614008,26.35337484,26.71046664,25.99628304,177359536,1326914402.88,1.004,2.7473,1,0
2024-12-03,sh.603993,26.781885,26.85330336,26.46050238,26.63904828,26.71046664,100202295,747614854.18,0.5672,-0.2674,1,0
2024-12-04,sh.603993,26.85330336,27.1389768,26.6033391,26.85330336,26.63904828,130746299,984684652.33,0.7401,0.8043,1,0
2024-12-05,sh.603993,26.71046664,26.74617582,26.2462473,26.31766566,26.85330336,126828170,938541372.35,0.7179,-1.9947,1,0
2024-12-06,sh.603993,26.28195648,26.49621156,26.17482894,26.49621156,26.31766566,130936742,967444956.4,0.7412,0.6784,1,0
2024-12-09,sh.603993,26.49621156,26.67475746,26.17482894,26.38908402,26.49621156,126760227,937411652.83,0.7175,-0.4043,1,0
2024-12-10,sh.603993,27.06755844,27.42465024,26.35337484,26.4247932,26.38908402,200059103,1498911687.38,1.1325,0.1353,1,0
2024-12-11,sh.603993,26.46050238,27.03184926,26.21053812,26.781885,26.4247932,177829306,1330400913.5,1.0066,1.3514,1,0
2024-12-12,sh.603993,26.71046664,26.85330336,26.53192074,26.781885,26.781885,139072170,1039949933.2,0.7872,0.0,1,0
2024-12-13,sh.603993,26.53192074,26.56762992,25.60348206,25.78202796,26.781885,330893017,2395510179.09,1.8731,-3.7333,1,0
2024-12-16,sh.603993,25.63919124,25.78202796,25.3535178,25.46064534,25.78202796,140905802,1007260314.9,0.7976,-1.2465,1,0
2024-12-17,sh.603993,25.3535178,25.74631878,25.21068108,25.24639026,25.46064534,132301050,942706679.0,0.7489,-0.8415,1,0
2024-12-18,sh.603993,25.3535178,25.46064534,24.92500764,24.96071682,25.24639026,154700775,1089240023.58,0.8757,-1.1315,1,0
2024-12-19,sh.603993,24.60362502,25.10355354,24.2822424,25.03213518,24.96071682,126085518,877702471.84,0.7137,0.2861,1,0
2024-12-20,sh.603993,24.96071682,25.06784436,24.35366076,24.4607883,25.03213518,177910312,1221890472.58,1.0071,-2.2825,1,0
2024-12-23,sh.603993,24.49649748,24.78217092,24.42507912,24.67504338,24.4607883,158374730,1093328852.39,0.8965,0.8759,1,0
2024-12-24,sh.603993,24.67504338,24.96071682,24.53220666,24.96071682,24.67504338,126061367,874441893.28,0.7136,1.1577,1,0
2024-12-25,sh.603993,24.92500764,24.96071682,24.4607883,24.60362502,24.96071682,89460147,616825553.91,0.5064,-1.4306,1,0
2024-12-26,sh.603993,24.56791584,24.996426,24.49649748,24.8178801,24.60362502,93620836,650081878.85,0.53,0.8708,1,0
2024-12-27,sh.603993,24.85358928,25.06784436,24.35366076,24.35366076,24.8178801,187709171,1291587479.73,1.0626,-1.8705,1,0
2024-12-30,sh.603993,24.38936994,24.53220666,24.17511486,24.31795158,24.35366076,136304110,928804211.98,0.7716,-0.1466,1,0
2024-12-31,sh.603993,24.24653322,24.2822424,23.7466047,23.7466047,24.31795158,172000920,1154594228.48,0.9736,-2.3495,1,0
2025-01-02,sh.603993,23.78231388,24.1036965,23.3895129,23.49664044,23.7466047,184609145,1230142673.73,1.045,-1.0526,1,0
2025-01-03,sh.603993,23.60376798,24.88929846,23.60376798,24.17511486,23.49664044,328432488,2243092889.14,1.8591,2.8875,1,0
2025-01-06,sh.603993,24.2822424,24.71075256,23.63947716,24.31795158,24.17511486,204092387,1390315520.72,1.1553,0.5908,1,0
2025-01-07,sh.603993,24.4607883,25.49635452,24.35366076,25.13926272,24.31795158,236199927,1657579239.91,1.337,3.3774,1,0
2025-01-08,sh.603993,25.13926272,25.13926272,24.49649748,24.8178801,25.13926272,162436659,1128947307.28,0.9195,-1.2784,1,0
2025-01-09,sh.603993,24.996426,24.996426,24.56791584,24.78217092,24.8178801,108483300,753512287.12,0.6141,-0.1439,1,0
2025-01-10,sh.603993,24.88929846,25.28209944,24.60362502,24.85358928,24.78217092,170133191,1191487955.76,0.9631,0.2882,1,0
2025-01-13,sh.603993,24.60362502,25.21068108,24.49649748,24.78217092,24.85358928,175740897,1225475987.31,0.9948,-0.2874,1,0
2025-01-14,sh.603993,24.6393342,25.1749719,24.4607883,25.1749719,24.78217092,201217136,1402615599.22,1.139,1.585,1,0
2025-01-15,sh.603993,25.03213518,25.1749719,24.31795158,24.6393342,25.1749719,198950742,1374568794.78,1.1262,-2.1277,1,0
2025-01-16,sh.603993,24.88929846,25.74631878,24.88929846,25.3535178,24.6393342,305579956,2174512882.12,1.7298,2.8986,1,0
2025-01-17,sh.603993,25.31780862,25.7106096,25.1749719,25.56777288,25.3535178,159925691,1139715118.95,0.9053,0.8451,1,0
2025-01-20,sh.603993,25.56777288,25.67490042,25.13926272,25.1749719,25.56777288,159137210,1127104085.5,0.9008,-1.5363,1,0
2025-01-21,sh.603993,25.31780862,25.3535178,24.92500764,25.24639026,25.1749719,107121950,755638898.34,0.6064,0.2837,1,0
2025-01-22,sh.603993,25.24639026,25.46064534,24.96071682,25.38922698,25.24639026,153527572,1085246997.72,0.8691,0.5658,1,0
2025-01-23,sh.603993,25.78202796,26.4247932,25.42493616,25.49635452,25.38922698,286761900,2084155928.5,1.6233,0.4219,1,0
2025-01-24,sh.603993,25.60348206,26.17482894,25.60348206,26.03199222,25.49635452,157742828,1144443341.91,0.8929,2.1008,1,0
2025-01-27,sh.603993,26.03199222,26.21053812,25.85344632,25.85344632,26.03199222,100347411,730257305.57,0.568,-0.6859,1,0
2025-02-05,sh.603993,26.10341058,26.2462473,25.67490042,25.78202796,25.85344632,186431546,1353063044.7,1.0553,-0.2762,1,0
2025-02-06,sh.603993,25.99628304,26.0677014,25.67490042,25.81773714,25.78202796,157277909,1136500853.23,0.8954,0.1385,1,0
2025-02-07,sh.603993,25.74631878,26.28195648,25.49635452,26.03199222,25.81773714,259496209,1881059512.89,1.4773,0.8299,1,0
2025-02-10,sh.603993,26.17482894,27.1389768,26.10341058,26.74617582,26.03199222,354101239,2646429048.75,2.0159,2.7435,1,0
2025-02-11,sh.603993,26.67475746,27.03184926,26.4247932,26.53192074,26.74617582,189787466,1418431627.09,1.0804,-0.8011,1,0
2025-02-12,sh.603993,26.38908402,26.4247932,25.74631878,26.03199222,26.53192074,197525570,1439428474.64,1.1245,-1.8843,1,0
2025-02-13,sh.603993,26.03199222,26.21053812,25.78202796,25.78202796,26.03199222,142195768,1034798933.77,0.8095,-0.9602,1,0
2025-02-14,sh.603993,25.92486468,26.21053812,25.78202796,26.13911976,25.78202796,166885726,1214849208.79,0.9501,1.385,1,0
2025-02-17,sh.603993,25.85344632,25.8891555,25.13926272,25.28209944,26.13911976,257534986,1824036318.47,1.4661,-3.2787,1,0
2025-02-18,sh.603993,25.13926272,25.21068108,24.71075256,24.78217092,25.28209944,148351087,1038634739.99,0.8445,-1.9774,1,0
2025-02-19,sh.603993,24.78217092,24.92500764,24.67504338,24.85358928,24.78217092,113626106,788228781.72,0.6469,0.2882,1,0
2025-02-20,sh.603993,24.78217092,24.85358928,24.56791584,24.74646174,24.85358928,126877431,878872985.73,0.7223,-0.431,1,0
2025-02-21,sh.603993,24.78217092,24.92500764,24.56791584,24.67504338,24.74646174,151554422,1047967603.17,0.8628,-0.2886,1,0
2025-02-24,sh.603993,24.6393342,24.78217092,24.35366076,24.71075256,24.67504338,144732773,997088422.18,0.8239,0.1447,1,0
2025-02-25,sh.603993,24.60362502,24.6393342,24.1036965,24.17511486,24.71075256,179981975,1225641926.74,1.0246,-2.1676,1,0
2025-02-26,sh.603993,24.24653322,24.71075256,24.21082404,24.4607883,24.17511486,150065293,1027733567.36,0.8543,1.1817,1,0
2025-02-27,sh.603993,24.38936994,24.42507912,23.9251506,24.13940568,24.4607883,162942737,1099503921.12,0.9276,-1.3139,1,0
2025-02-28,sh.603993,23.96085978,23.99656896,23.63947716,23.71089552,24.13940568,156648435,1045122221.05,0.8918,-1.7751,1,0
2025-03-03,sh.603993,23.71089552,24.2822424,23.71089552,24.06798732,23.71089552,146751091,989752504.03,0.8354,1.506,1,0
2025-03-04,sh.603993,23.9251506,24.2822424,23.85373224,24.24653322,24.06798732,108426426,732066908.82,0.6173,0.7418,1,0
2025-03-05,sh.603993,24.2822424,24.56791584,24.03227814,24.42507912,24.24653322,132434475,902857450.44,0.7539,0.7364,1,0
2025-03-06,sh.603993,24.74646174,25.49635452,24.74646174,25.31780862,24.42507912,326771765,2308742965.48,1.8603,3.655,1,0
2025-03-07,sh.603993,25.31780862,26.0677014,25.28209944,25.67490042,25.31780862,303825153,2197574070.74,1.7296,1.4104,1,0
2025-03-10,sh.603993,26.0677014,28.0317063,26.0677014,27.88886958,25.67490042,747275182,5657677117.4,4.2542,8.6231,1,0
2025-03-11,sh.603993,27.3175227,27.60319614,26.71046664,27.4960686,27.88886958,495890784,3774394672.58,2.8231,-1.4085,1,0
2025-03-12,sh.603993,27.92457876,28.35308892,27.53177778,27.8531604,27.4960686,413668247,3240910974.52,2.355,1.2987,1,0
2025-03-13,sh.603993,28.2102522,28.49592564,27.78174204,28.24596138,27.8531604,328851813,2591599216.49,1.8721,1.4103,1,0
2025-03-14,sh.603993,28.88872662,29.31723678,27.99599712,28.28167056,28.24596138,398984949,3176874906.57,2.2714,0.1264,1,0
2025-03-17,sh.603993,28.0317063,28.24596138,27.53177778,27.60319614,28.28167056,251414971,1952349102.81,1.4313,-2.399,1,0
2025-03-18,sh.603993,27.71032368,28.31737974,27.4960686,28.06741548,27.60319614,259782100,2034353373.6,1.4789,1.6818,1,0
2025-03-19,sh.603993,27.99599712,28.24596138,27.63890532,28.10312466,28.06741548,158865084,1244675022.36,0.9044,0.1272,1,0
2025-03-20,sh.603993,28.49592564,28.85301744,28.10312466,28.24596138,28.10312466,233414215,1858385477.39,1.3288,0.5083,1,0
2025-03-21,sh.603993,28.10312466,28.31737974,27.06755844,27.28181352,28.24596138,213049190,1645574656.43,1.2129,-3.4134,1,0
2025-03-24,sh.603993,27.60319614,28.9244358,27.46035942,28.60305318,27.28181352,432651586,3441489102.89,2.463,4.8429,1,0
2025-03-25,sh.603993,28.67447154,29.24581842,28.46021646,28.85301744,28.60305318,307438820,2485190424.42,1.7502,0.8739,1,0
2025-03-26,sh.603993,29.35294596,29.96000202,28.31737974,28.49592564,28.85301744,423444392,3455881966.2,2.4106,-1.2376,1,0
2025-03-27,sh.603993,27.88886958,28.28167056,27.60319614,27.81745122,28.49592564,266736737,2080958601.2,1.5185,-2.381,1,0
2025-03-28,sh.603993,27.63890532,27.81745122,27.3175227,27.53177778,27.81745122,168211531,1298458791.01,0.9576,-1.027,1,0
2025-03-31,sh.603993,27.3175227,27.53177778,26.85330336,27.1389768,27.53177778,176074406,1339022974.99,1.0024,-1.4267,1,0
2025-04-01,sh.603993,27.17468598,27.46035942,26.99614008,27.10326762,27.1389768,131471452,1000296244.64,0.7485,-0.1316,1,0
2025-04-02,sh.603993,26.99614008,27.17468598,26.781885,26.88901254,27.10326762,121464532,917211788.3,0.6915,-0.7905,1,0
2025-04-03,sh.603993,26.21053812,26.35337484,25.7106096,25.81773714,26.88901254,260176749,1892012883.66,1.4812,-3.9841,1,0
2025-04-07,sh.603993,23.24667618,23.49664044,23.24667618,23.24667618,25.81773714,251079218,1635430500.18,1.4294,-9.9585,1,0
2025-04-08,sh.603993,23.24667618,23.24667618,21.71118144,22.17540078,23.24667618,542242540,3366228666.76,3.0869,-4.6083,1,0
2025-04-09,sh.603993,21.67547226,22.10398242,21.10412538,21.9611457,22.17540078,392787279,2380662124.24,2.2361,-0.9662,1,0
2025-04-10,sh.603993,23.06813028,23.85373224,22.74674766,23.49664044,21.9611457,421705398,2753404048.06,2.4007,6.9919,1,0
2025-04-11,sh.603993,23.42522208,23.78231388,23.13954864,23.53234962,23.49664044,216336816,1418147310.32,1.2316,0.152,1,0
2025-04-14,sh.603993,23.9251506,25.10355354,23.9251506,24.56791584,23.53234962,304253263,2097084615.4,1.7321,4.4006,1,0
2025-04-15,sh.603993,24.6393342,24.78217092,24.13940568,24.2822424,24.56791584,173952722,1184334439.82,0.9903,-1.1628,1,0
2025-04-16,sh.603993,24.2822424,24.2822424,23.42522208,23.7466047,24.2822424,191901100,1271982445.0,1.0925,-2.2059,1,0
2025-04-17,sh.603993,23.9251506,23.96085978,23.63947716,23.78231388,23.7466047,128582527,856382924.91,0.732,0.1504,1,0
2025-04-18,sh.603993,23.78231388,24.03227814,23.63947716,23.99656896,23.78231388,104547005,699318069.46,0.5952,0.9009,1,0
2025-04-21,sh.603993,23.96085978,24.74646174,23.88944142,24.71075256,23.99656896,154389362,1054749448.76,0.8789,2.9762,1,0
2025-04-22,sh.603993,24.92500764,26.2462473,24.78217092,25.7106096,24.71075256,438371301,3151055170.5,2.4956,4.0462,1,0
2025-04-23,sh.603993,25.7106096,25.99628304,25.38922698,25.49635452,25.7106096,227867339,1633654984.72,1.2972,-0.8333,1,0
2025-04-24,sh.603993,25.28209944,25.7106096,25.13926272,25.21068108,25.49635452,133969309,951896128.86,0.7627,-1.1204,1,0
2025-04-25,sh.603993,25.5320637,25.7106096,25.28209944,25.46064534,25.21068108,145925303,1043543678.3,0.8307,0.9915,1,0
2025-04-28,sh.603993,25.7106096,25.81773714,25.3535178,25.56777288,25.46064534,151004071,1082488189.22,0.8596,0.4208,1,0
2025-04-29,sh.603993,25.56777288,25.7106096,25.3535178,25.46064534,25.56777288,85102478,609253760.89,0.4845,-0.419,1,0
2025-04-30,sh.603993,25.3535178,25.5320637,25.10355354,25.21068108,25.46064534,116022169,820987509.85,0.6605,-0.9818,1,0
2025-05-06,sh.603993,25.3535178,25.42493616,25.03213518,25.3535178,25.21068108,144422698,1022104522.48,0.8222,0.5666,1,0
2025-05-07,sh.603993,25.67490042,26.31766566,25.63919124,26.03199222,25.3535178,277357103,2015350051.47,1.579,2.6761,1,0
2025-05-08,sh.603993,25.67490042,25.7106096,25.49635452,25.60348206,26.03199222,160130838,1147065797.39,0.9116,-1.6461,1,0
2025-05-09,sh.603993,25.5320637,25.56777288,25.28209944,25.31780862,25.60348206,115227583,819342633.47,0.656,-1.1158,1,0
2025-05-12,sh.603993,25.56777288,25.99628304,25.3535178,25.99628304,25.31780862,192935476,1393787115.73,1.0984,2.6798,1,0
2025-05-13,sh.603993,26.13911976,26.53192074,26.03199222,26.21053812,25.99628304,163486675,1204055028.36,0.9307,0.8242,1,0
2025-05-14,sh.603993,26.38908402,26.56762992,26.17482894,26.56762992,26.21053812,131024232,968313203.53,0.7459,1.3624,1,0
2025-05-15,sh.603993,26.46050238,26.49621156,25.92486468,26.10341058,26.56762992,114903916,841255037.8,0.6541,-1.7473,1,0
2025-05-16,sh.603993,26.0677014,26.31766566,25.8891555,26.13911976,26.10341058,73834865,539489399.88,0.4203,0.1368,1,0
2025-05-19,sh.603993,26.03199222,26.0677014,25.56777288,25.67490042,26.13911976,87506463,629470188.97,0.4982,-1.776,1,0
2025-05-20,sh.603993,25.7106096,25.99628304,25.67490042,25.92486468,25.67490042,89346268,646722823.64,0.5086,0.9736,1,0
2025-05-21,sh.603993,26.0677014,26.74617582,25.99628304,26.71046664,25.92486468,180778291,1339882803.63,1.0292,3.0303,1,0
2025-05-22,sh.603993,26.4247932,26.4247932,26.17482894,26.2462473,26.71046664,81693394,601557922.02,0.4651,-1.738,1,0
2025-05-23,sh.603993,26.17482894,26.28195648,25.81773714,25.81773714,26.2462473,133622862,971913677.63,0.7607,-1.6327,1,0
2025-05-26,sh.603993,26.10341058,26.781885,26.10341058,26.46050238,25.81773714,182620041,1352945095.41,1.0396,2.4896,1,0
2025-05-27,sh.603993,26.35337484,26.49621156,25.5320637,25.63919124,26.46050238,186374860,1351003509.98,1.061,-3.1039,1,0
2025-05-28,sh.603993,25.63919124,25.99628304,25.63919124,25.78202796,25.63919124,80690768,582504932.47,0.4594,0.5571,1,0
2025-05-29,sh.603993,25.63919124,26.13911976,25.60348206,25.92486468,25.78202796,92464213,671118800.25,0.5264,0.554,1,0
2025-05-30,sh.603993,25.81773714,25.8891555,25.42493616,25.7106096,25.92486468,100004015,718802825.0,0.5693,-0.8264,1,0
2025-06-03,sh.603993,25.8891555,26.13911976,25.7106096,25.81773714,25.7106096,123244978,894996434.2,0.7016,0.4167,1,0
2025-06-04,sh.603993,25.99628304,26.85330336,25.96057386,26.35337484,25.81773714,240916837,1787483311.84,1.3715,2.0747,1,0
2025-06-05,sh.603993,26.31766566,26.6033391,25.96057386,26.0677014,26.35337484,139632603,1022148309.2,0.7949,-1.084,1,0
2025-06-06,sh.603993,26.35337484,27.1389768,26.31766566,27.10326762,26.0677014,301645528,2273218976.72,1.7172,3.9726,1,0
2025-06-09,sh.603993,26.92472172,27.03184926,26.49621156,26.781885,27.10326762,197717716,1479556713.74,1.1256,-1.1858,1,0
2025-06-10,sh.603993,27.03184926,27.10326762,26.6033391,26.781885,26.781885,142911316,1072703235.36,0.8136,0.0,1,0
2025-06-11,sh.603993,26.74617582,27.71032368,26.67475746,27.60319614,26.781885,254428478,1947337718.25,1.4484,3.0667,1,0
2025-06-12,sh.603993,27.38894106,28.10312466,27.28181352,27.99599712,27.60319614,199498850,1551507645.99,1.1357,1.423,1,0
2025-06-13,sh.603993,28.0317063,28.31737974,27.74603286,28.24596138,27.99599712,203682510,1600596579.82,1.1595,0.8929,1,0
2025-06-16,sh.603993,28.17454302,28.49592564,27.8531604,28.0317063,28.24596138,131848126,1037973575.91,0.7506,-0.7585,1,0
2025-06-17,sh.603993,28.0317063,28.17454302,27.88886958,27.92457876,28.0317063,84677066,663646234.05,0.4821,-0.3822,1,0
2025-06-18,sh.603993,27.96028794,28.06741548,27.60319614,27.92457876,27.92457876,105904777,826340239.89,0.6029,0.0,1,0
2025-06-19,sh.603993,27.88886958,28.06741548,27.53177778,27.6746145,27.92457876,105741203,822507337.46,0.602,-0.8951,1,0
2025-06-20,sh.603993,27.74603286,28.2102522,27.60319614,27.78174204,27.6746145,125298578,978469762.19,0.7133,0.3871,1,0
2025-06-23,sh.603993,27.88886958,28.3887981,27.81745122,28.0317063,27.78174204,122330913,960902459.88,0.6964,0.8997,1,0
2025-06-24,sh.603993,28.13883384,28.67447154,28.13883384,28.17454302,28.0317063,182034720,1446937624.06,1.0363,0.5096,1,0
2025-06-25,sh.603993,28.2102522,28.35308892,28.10312466,28.31737974,28.17454302,110833677,876134780.2,0.631,0.507,1,0
2025-06-26,sh.603993,28.567344,29.38865514,28.3887981,29.1029817,28.31737974,214137812,1738683675.54,1.2191,2.7743,1,0
2025-06-27,sh.603993,29.80292898,31.01862324,29.54505444,30.5765526,29.1029838,402167801,3332383707.09,2.2895,5.0633,1,0
2025-06-30,sh.603993,30.5765526,31.09230168,30.35551728,31.01862324,30.5765526,200819231,1679313998.13,1.1432,1.4458,1,0
2025-07-01,sh.603993,31.38701544,31.42385466,30.5765526,31.38701544,31.01862324,157248360,1322958163.04,0.8952,1.1876,1,0
2025-07-02,sh.603993,31.313337,32.12379984,31.1291409,31.82908608,31.38701544,218977845,1890164563.5,1.2466,1.4085,1,0
2025-07-03,sh.603993,32.08696062,32.12379984,31.46069388,31.90276452,31.82908608,143580823,1236281216.28,0.8174,0.2315,1,0
2025-07-04,sh.603993,31.4975331,31.97644296,30.98178402,31.46069388,31.90276452,194120668,1658139744.25,1.1051,-1.3857,1,0
2025-07-07,sh.603993,31.05546246,31.42385466,30.90810558,31.01862324,31.46069388,115751364,978715024.25,0.659,-1.4052,1,0
2025-07-08,sh.603993,31.27649778,31.60805076,31.01862324,31.46069388,31.01862324,115787227,985253948.87,0.6592,1.4252,1,0
2025-07-09,sh.603993,31.90276452,31.90276452,29.58189366,29.69241132,31.46069388,438653358,3583485584.07,2.4972,-5.6206,1,0
2025-07-10,sh.603993,29.54505444,29.91344664,29.54505444,29.72925054,29.69241132,184057531,1487217563.2,1.0478,0.1241,1,0
2025-07-11,sh.603993,29.87660742,30.5765526,29.76608976,29.91344664,29.72925054,221188752,1810432916.96,1.2592,0.6196,1,0
2025-07-14,sh.603993,29.95028586,30.17132118,29.8397682,29.8397682,29.91344664,157467491,1279583894.49,0.8964,-0.2463,1,0
2025-07-15,sh.603993,30.09764274,30.31867806,29.54505444,29.8397682,29.8397682,165297751,1342222778.7,0.941,0.0,1,0
2025-07-16,sh.603993,29.98712508,30.2081604,29.80292898,29.87660742,29.8397682,101148304,822712978.44,0.5793,0.1235,1,0
2025-07-17,sh.603993,29.87660742,29.95028586,29.6555721,29.80292898,29.87660742,103875560,838512615.6,0.5949,-0.2466,1,0
2025-07-18,sh.603993,29.91344664,30.5765526,29.76608976,30.24499962,29.80292898,217265416,1781749252.31,1.2443,1.4833,1,0
2025-07-21,sh.603993,30.42919572,32.08696062,30.42919572,31.79224686,30.24499962,326808628,2782663638.23,1.8717,5.1157,1,0
2025-07-22,sh.603993,31.79224686,33.41317254,31.64488998,33.37633332,31.79224686,359138296,3183170422.05,2.0568,4.9826,1,0
2025-07-23,sh.603993,33.5236902,33.56052942,32.7869058,33.155298,33.37633332,228621569,2060980723.5,1.3093,-0.6623,1,0
2025-07-24,sh.603993,33.155298,34.6288668,33.08161956,34.29731382,33.155298,318152582,2927467515.34,1.8221,3.4444,1,0
2025-07-25,sh.603993,34.03943928,34.33415304,33.63420786,33.92892162,34.29731382,181886113,1680083428.21,1.0417,-1.0741,1,0
2025-07-28,sh.603993,33.56052942,33.8920824,32.82374502,33.74472552,33.92892162,188126237,1711349556.16,1.0774,-0.5429,1,0
2025-07-29,sh.603993,33.59736864,34.0762785,33.45001176,34.0762785,33.74472552,145316887,1333788754.15,0.8322,0.9825,1,0
2025-07-30,sh.603993,34.4446707,35.03409822,34.14995694,34.40783148,34.0762785,213798909,2006313932.19,1.2244,0.973,1,0
2025-07-31,sh.603993,33.37633332,33.92892162,32.67638814,32.93426268,34.40783148,246755596,2225430611.46,1.4132,-4.2827,1,0
2025-08-01,sh.603993,32.75006658,33.3394941,32.6027097,33.08161956,32.93426268,140853390,1265099254.1,0.8067,0.4474,1,0
2025-08-04,sh.603993,33.04478034,34.18679616,33.00794112,34.11311772,33.08161956,188127632,1715374431.89,1.0774,3.118,1,0
2025-08-05,sh.603993,34.14995694,34.6288668,33.74472552,34.55518836,34.11311772,171291420,1593060560.64,0.981,1.2959,1,0
2025-08-06,sh.603993,34.33415304,35.1814551,34.33415304,35.03409822,34.55518836,153228078,1448624314.39,0.8776,1.3859,1,0
2025-08-07,sh.603993,35.1814551,35.29197276,34.2604746,34.92358056,35.03409822,127538179,1201465901.56,0.7304,-0.3155,1,0
2025-08-08,sh.603993,34.997259,36.39714936,34.96041978,35.95507872,34.92358056,193593700,1879009982.34,1.1087,2.9536,1,0
2025-08-11,sh.603993,36.39714936,36.43398858,35.77088262,36.17611404,35.95507872,162415841,1591529165.33,0.9302,0.6148,1,0
2025-08-12,sh.603993,36.06559638,36.83922,35.7340434,36.2866317,36.17611404,117878385,1162754767.84,0.6751,0.3055,1,0
2025-08-13,sh.603993,36.69186312,39.19693008,36.61818468,39.01273398,36.2866317,290351266,3004092260.41,1.6629,7.5127,1,0
2025-08-14,sh.603993,39.0495732,40.1547498,38.97589476,39.30744774,39.01273398,270536927,2903816125.65,1.5494,0.7554,1,0
2025-08-15,sh.603993,38.82853788,41.6283186,38.75485944,40.92837342,39.30744774,298272829,3300276002.34,1.7082,4.1237,1,0
2025-08-18,sh.603993,41.6283186,41.84935392,39.6021615,39.67583994,40.92837342,365585661,3995498091.3,2.0937,-3.0603,1,0
2025-08-19,sh.603993,39.67583994,40.7073381,39.67583994,39.9705537,39.67583994,243029686,2645447371.26,1.3919,0.7428,1,0
2025-08-20,sh.603993,39.34428696,40.63365966,39.30744774,40.3389459,39.9705537,178316729,1941743601.19,1.0212,0.9217,1,0
2025-08-21,sh.603993,40.59682044,41.4441225,40.41262434,40.74417732,40.3389459,180332465,2002063869.02,1.0328,1.0046,1,0
2025-08-22,sh.603993,40.85469498,41.4441225,40.41262434,40.92837342,40.74417732,182615155,2023827963.27,1.0459,0.4521,1,0
2025-08-25,sh.603993,41.84935392,44.50177776,41.6283186,44.50177776,40.92837342,402373687,4748637686.06,2.3044,8.7309,1,0
2025-08-26,sh.603993,44.24390322,44.98068762,43.39660116,44.3912601,44.50177776,238854758,2872407545.1,1.3679,-0.2483,1,0
2025-08-27,sh.603993,44.61229542,44.79649152,43.13872662,43.13872662,44.3912601,239615239,2859804206.65,1.3723,-2.8216,1,0
2025-08-28,sh.603993,42.95453052,43.72815414,42.25458534,43.69131492,43.13872662,230368765,2690163227.19,1.3193,1.281,1,0
2025-08-29,sh.603993,44.05970712,46.2332211,43.69131492,45.53327592,43.69131492,255283523,3117970309.59,1.462,4.2159,1,0
2025-09-01,sh.603993,46.4174172,49.99082154,45.05436606,49.84346466,45.53327592,369215674,4792833885.31,2.1145,9.466,1,0
2025-09-02,sh.603993,50.1013392,51.9433002,49.1803587,50.91180204,49.84346466,434837559,5949051734.48,2.4904,2.1434,1,0
2025-09-03,sh.603993,51.46439034,51.9433002,48.6277704,50.2855353,50.91180204,342130192,4653620376.81,1.9594,-1.2301,1,0
2025-09-04,sh.603993,50.1013392,50.72760594,45.27540138,45.82798968,50.2855353,528559944,6747305882.5,3.0271,-8.8645,1,0
2025-09-05,sh.603993,45.3122406,47.78046834,45.27540138,47.5225938,45.82798968,326934398,4159621429.23,1.8724,3.6977,1,0
2025-09-08,sh.603993,47.890986,48.2593782,45.79115046,46.2332211,47.5225938,289812382,3679728183.12,1.6598,-2.7132,1,0
2025-09-09,sh.603993,46.01218578,47.55943302,45.71747202,46.34373876,46.2332211,265453176,3355146803.75,1.5203,0.239,1,0
2025-09-10,sh.603993,45.4964367,46.45425642,45.09120528,46.08586422,46.34373876,183056921,2277684943.19,1.0484,-0.5564,1,0
2025-09-11,sh.603993,46.27006032,47.890986,46.049025,47.890986,46.08586422,246496935,3155704095.53,1.4117,3.9169,1,0
2025-09-12,sh.603993,48.2593782,50.58024906,47.92782522,49.43823324,47.890986,329016664,4412592114.49,1.8843,3.2308,1,0
2025-09-15,sh.603993,49.47507246,49.9171431,48.88564494,49.1803587,49.43823324,182197983,2444292748.92,1.0435,-0.5216,1,0
2025-09-16,sh.603993,49.99082154,50.21185686,46.74897018,47.85414678,49.1803587,308080552,3988701012.95,1.7644,-2.6966,1,0
2025-09-17,sh.603993,47.3383977,47.59627224,46.6016133,47.1542016,47.85414678,235302841,2997447388.33,1.3476,-1.4627,1,0
2025-09-18,sh.603993,46.4174172,47.00684472,45.20172294,45.60695436,47.1542016,266421267,3324410624.27,1.5258,-3.2813,1,0
2025-09-19,sh.603993,45.60695436,46.71213096,45.60695436,46.08586422,45.60695436,168589427,2112604858.94,0.9655,1.0501,1,0
2025-09-22,sh.603993,47.81730756,47.96466444,46.19638188,46.82264862,46.08586422,194829634,2480991967.58,1.1158,1.5987,1,0
2025-09-23,sh.603993,46.9700055,47.96466444,45.20172294,46.12270344,46.82264862,198204552,2493001286.44,1.1351,-1.4949,1,0
2025-09-24,sh.603993,45.90166812,46.7858094,45.45959748,46.49109564,46.12270344,148634776,1863107563.09,0.8512,0.7987,1,0
2025-09-25,sh.603993,50.4697314,51.13283736,49.65926856,51.09599814,46.49109564,647552586,8927625186.71,3.7086,9.9049,1,0
2025-09-26,sh.603993,50.32237452,52.53272772,50.21185686,50.8381236,51.09599814,394469872,5503625152.55,2.2592,-0.5047,1,0
2025-09-29,sh.603993,51.2065158,54.77992014,50.54340984,54.30101028,50.8381236,389771929,5570229022.44,2.2323,6.8116,1,0
2025-09-30,sh.603993,55.29566922,58.3901637,54.30101028,57.8375754,54.30101028,369887970,5700787500.73,2.1184,6.5129,1,0
2025-10-09,sh.603993,60.30580314,63.62133294,58.942752,63.62133294,57.8375754,394493174,6621689414.22,2.2593,10.0,1,0
2025-10-10,sh.603993,62.95822698,66.310596,60.4163208,61.59517584,63.62133294,452534720,7723915350.87,2.5917,-3.1847,1,0
2025-10-13,sh.603993,57.13763022,63.7318506,57.13763022,63.51081528,61.59517584,414280809,6811229443.86,2.3726,3.11,1,0
2025-10-14,sh.603993,65.5738116,65.61065082,57.8375754,58.97959122,63.51081528,439358265,7335796049.5,2.5162,-7.1346,1,0
2025-10-15,sh.603993,59.8637325,60.15844626,57.02711256,60.08476782,58.97959122,305389344,4857728171.36,1.749,1.8738,1,0
2025-10-16,sh.603993,59.3111442,59.56901874,57.32182632,57.8375754,60.08476782,243426365,3854945657.48,1.3941,-3.74,1,0
2025-10-17,sh.603993,57.94809306,58.3901637,55.25883,55.40618688,57.8375754,293969379,4488875182.8,1.6836,-4.2038,1,0
2025-10-20,sh.603993,55.40618688,56.5482027,54.92727702,55.66406142,55.40618688,208901413,3155084646.79,1.1964,0.4654,1,0
2025-10-21,sh.603993,56.1798105,58.35332448,55.70090064,56.9165949,55.66406142,215725595,3350499493.36,1.2355,2.2502,1,0
2025-10-22,sh.603993,54.7062417,57.57970086,54.26417106,57.24814788,56.9165949,200825632,3079018026.01,1.1501,0.5825,1,0
2025-10-23,sh.603993,57.13763022,58.86907356,56.1798105,58.5743598,57.24814788,221668015,3471769604.1,1.2695,2.3166,1,0
2025-10-24,sh.603993,59.82689328,62.0740857,59.60585796,61.81621116,58.5743598,329217666,5450374243.38,1.8855,5.5346,1,0
2025-10-27,sh.603993,64.43179578,65.64749004,62.626674,63.69501138,61.81621116,398640937,6923570719.68,2.2831,3.0393,1,0
2025-10-28,sh.603993,63.62133294,63.9160467,61.37414052,61.7056935,63.69501138,280920443,4759873153.65,1.6089,-3.1232,1,0
2025-10-29,sh.603993,62.55299556,64.68967032,62.36879946,64.6528311,61.7056935,283842730,4910869408.47,1.6256,4.7761,1,0
2025-10-30,sh.603993,64.06340358,66.90002352,63.51081528,64.8370272,64.6528311,308434278,5466747987.42,1.7664,0.2849,1,0
2025-10-31,sh.603993,64.80018798,64.98438408,62.40563868,62.77403088,64.8370272,202917345,3495596152.38,1.1621,-3.1818,1,0
2025-11-03,sh.603993,62.0740857,62.626674,58.5743598,60.30580314,62.77403088,273989067,4463301022.52,1.5692,-3.9319,1,0
2025-11-04,sh.603993,59.4953403,60.0479286,57.32182632,57.94809306,60.30580314,206562804,3278521497.79,1.183,-3.9096,1,0
2025-11-05,sh.603993,56.3640066,58.90591278,55.6272222,58.35332448,57.94809306,214436222,3349000257.58,1.2281,0.6993,1,0
2025-11-06,sh.603993,58.5743598,61.1531052,58.5743598,61.04258754,58.35332448,215998906,3533713533.0,1.237,4.6086,1,0
2025-11-07,sh.603993,60.784713,61.81621116,59.6795364,60.93206988,61.04258754,162270549,2686240749.1,0.9293,-0.1811,1,0
2025-11-10,sh.603993,61.81621116,62.47931712,59.6795364,60.26896392,60.93206988,171632625,2835751508.07,0.983,-1.0883,1,0
2025-11-11,sh.603993,60.85839144,61.26362286,58.942752,59.34798342,60.26896392,135417611,2190245417.79,0.7756,-1.5281,1,0
2025-11-12,sh.603993,58.90591278,60.48999924,58.24280682,59.23746576,59.34798342,166453381,2680835429.28,0.9533,-0.1862,1,0
2025-11-13,sh.603993,59.79005406,63.06874464,59.64269718,62.03724648,59.23746576,305150663,5123312826.77,1.7476,4.7264,1,0
2025-11-14,sh.603993,61.18994442,62.88454854,59.6795364,61.81621116,62.03724648,198514319,3322199923.58,1.1369,-0.3563,1,0
2025-11-17,sh.603993,60.784713,61.3373013,58.72171668,59.1269481,61.81621116,229867039,3732508300.49,1.3165,-4.3504,1,0
2025-11-18,sh.603993,58.5743598,58.83223434,56.47452426,57.32182632,59.1269481,195440526,3052045696.41,1.1193,-3.053,1,0
2025-11-19,sh.603993,57.2849871,59.1269481,57.100791,58.50068136,57.32182632,166588500,2629983592.73,0.9541,2.0566,1,0
2025-11-20,sh.603993,58.79539512,59.38482264,58.0217715,58.16912838,58.50068136,111353776,1772966633.19,0.6377,-0.5668,1,0
2025-11-21,sh.603993,56.7323988,57.39550476,55.59038298,55.92193596,58.16912838,162184916,2482279200.73,0.9288,-3.8632,1,0
2025-11-24,sh.603993,56.40084582,57.24814788,55.51670454,56.5482027,55.92193596,162737110,2496056425.11,0.932,1.1199,1,0
2025-11-25,sh.603993,57.8375754,59.42166186,57.6533793,58.83223434,56.5482027,195534922,3122972270.6,1.1198,4.0391,1,0
2025-11-26,sh.603993,59.23746576,59.79005406,58.42700292,58.86907356,58.83223434,153223276,2460971923.02,0.8775,0.0626,1,0
2025-11-27,sh.603993,59.27430498,60.9689091,58.64803824,58.7585559,58.86907356,165428240,2685802353.54,0.9474,-0.1877,1,0
2025-11-28,sh.603993,58.7585559,60.15844626,58.16912838,59.79005406,58.7585559,148067541,2391416348.52,0.848,1.7555,1,0
2025-12-01,sh.603993,62.47931712,65.09490174,62.2582818,63.69501138,59.79005406,377375309,6511515767.91,2.1613,6.5311,1,0
2025-12-02,sh.603993,63.32661918,63.95288592,62.55299556,63.32661918,63.69501138,169316473,2904714635.73,0.9697,-0.5784,1,0
2025-12-03,sh.603993,63.1792623,65.53697238,62.8108701,64.91070564,63.32661918,249157768,4359239161.88,1.427,2.5015,1,0
2025-12-04,sh.603993,67.7841648,68.74198452,65.53697238,65.9422038,64.91070564,290205313,5285675041.93,1.662,1.5891,1,0
2025-12-05,sh.603993,65.86852536,68.3367531,65.83168614,67.85784324,65.9422038,242491180,4437320652.39,1.3888,2.905,1,0
2025-12-08,sh.603993,67.89468246,69.18405516,66.1263999,68.85250218,67.85784324,251207113,4618292293.26,1.4387,1.4658,1,0
2025-12-09,sh.603993,67.74732558,67.74732558,64.13708202,64.6528311,68.85250218,269305897,4781296677.21,1.5423,-6.0995,1,0
2025-12-10,sh.603993,64.6528311,65.53697238,64.06340358,64.94754486,64.6528311,157598078,2775300929.37,0.9026,0.4558,1,0
2025-12-11,sh.603993,65.68432926,66.8631843,64.02656436,64.32127812,64.94754486,207752455,3683758392.63,1.1898,-0.9643,1,0
2025-12-12,sh.603993,65.7580077,66.05272146,64.06340358,64.76334876,64.32127812,260422918,4585710566.54,1.4915,0.6873,1,0
2025-12-15,sh.603993,62.9950662,67.48945104,62.9950662,66.05272146,64.76334876,254516617,4580819758.59,1.4576,1.9909,1,0
2025-12-16,sh.603993,66.310596,67.5999687,64.21076046,64.468635,66.05272146,212917978,3793769754.31,1.2194,-2.3982,1,0
2025-12-17,sh.603993,64.87386642,67.15789806,64.72650954,66.310596,64.468635,190692537,3419904180.38,1.0921,2.8571,1,0
2025-12-18,sh.603993,65.9422038,67.5999687,65.5738116,65.90536458,66.310596,141940484,2556296479.63,0.8129,-0.6111,1,0
2025-12-19,sh.603993,66.1263999,67.63680792,64.68967032,67.63680792,65.90536458,212376436,3841957935.77,1.2163,2.6272,1,0
2025-12-22,sh.603993,68.152557,69.51560814,67.67364714,68.59462764,67.63680792,203565376,3797410242.14,1.1658,1.4161,1,0
2025-12-23,sh.603993,68.96301984,70.39974942,67.48945104,68.3367531,68.59462764,212167806,3964914799.67,1.2151,-0.3759,1,0
2025-12-24,sh.603993,69.0735375,69.40509048,67.5999687,68.81566296,68.3367531,162996180,3025114725.84,0.9335,0.7008,1,0
2025-12-25,sh.603993,67.9683609,69.0735375,67.08421962,68.8893414,68.81566296,138439146,2561003434.68,0.7929,0.1071,1,0
2025-12-26,sh.603993,70.14187488,73.64160078,69.92083956,72.7574595,68.8893414,258406453,5061761232.97,1.4799,5.615,1,0
2025-12-29,sh.603993,73.89947532,74.26786752,69.18405516,69.55244736,72.7574595,339263345,6567976932.48,1.943,-4.4051,1,0
2025-12-30,sh.603993,67.30525494,72.0206751,67.08421962,71.91015744,69.55244736,232214523,4449207630.35,1.3299,3.3898,1,0
2025-12-31,sh.603993,71.87331822,75.40988334,71.39440836,73.67844,71.91015744,250381667,5017376582.08,1.434,2.459,1,0
