date,code,open,high,low,close,preclose,volume,amount,turn,pctChg,tradestatus,isST
2021-01-04,sz.002414,229.17181595,241.67209682,227.277834,238.100588,225.92498975,27321713,1187374131.81,2.19,5.3892,1,0
2021-01-05,sz.002414,241.13095912,254.8758567,240.8062765,251.46668919,238.100588,30229058,1394744559.44,2.423,5.6136,1,0
2021-01-06,sz.002414,248.923342,257.09452127,247.57049775,252.11605443,251.46668919,16887274,786819869.97,1.3536,0.2582,1,0
2021-01-07,sz.002414,252.1701682,269.75714345,252.1701682,267.26791003,252.11605443,20943070,1014657051.52,1.6787,6.0099,1,0
2021-01-08,sz.002414,268.4042992,274.24858636,259.746096,270.83941885,267.26791003,21743291,1074248711.58,1.7428,1.3363,1,0
2021-01-11,sz.002414,270.51473623,275.92611323,251.79137181,252.33250951,270.83941885,27336785,1327648490.6,2.1912,-6.8332,1,0
2021-01-12,sz.002414,254.22649146,268.9454369,253.7935813,265.21158677,252.33250951,23379502,1139100170.12,1.874,5.104,1,0
2021-01-13,sz.002414,265.21158677,273.8156762,261.96476057,269.32423329,265.21158677,23722377,1174621417.65,1.9015,1.5507,1,0
2021-01-14,sz.002414,270.56885,271.54289786,252.60307836,254.06415015,269.32423329,23693326,1141218758.62,1.8991,-5.6661,1,0
2021-01-15,sz.002414,252.22428197,255.03819801,239.1828634,247.40815644,254.06415015,20923207,953888621.26,1.6771,-2.6198,1,0
2021-01-18,sz.002414,250.33030002,262.01887434,247.8410666,258.77204814,247.40815644,13686014,650300951.31,1.097,4.5932,1,0
2021-01-19,sz.002414,258.77204814,261.69419172,249.19391085,250.81732395,258.77204814,10685752,501766606.67,0.8565,-3.074,1,0
2021-01-20,sz.002414,255.30876686,260.8283714,252.87364721,255.74167702,250.81732395,12236794,580867518.24,0.9808,1.9633,1,0
2021-01-21,sz.002414,257.5815452,264.50810776,255.30876686,257.74388651,255.74167702,12747403,610158013.48,1.0218,0.7829,1,0
2021-01-22,sz.002414,254.92997047,262.4517845,253.2524436,260.88248517,257.74388651,15195022,724239725.34,1.218,1.2177,1,0
2021-01-25,sz.002414,262.34355696,267.05145495,255.9581321,257.36509012,260.88248517,17131899,826956076.73,1.3732,-1.3483,1,0
2021-01-26,sz.002414,255.63344948,255.63344948,240.8062765,246.81290497,257.36509012,21582964,984129417.88,1.73,-4.1001,1,0
2021-01-27,sz.002414,245.08126433,249.62682101,242.37557583,244.64835417,246.81290497,11374759,517295092.44,0.9117,-0.877,1,0
2021-01-28,sz.002414,241.78032436,248.59865938,231.66104937,233.66325886,244.64835417,14709335,648036432.34,1.179,-4.4902,1,0
2021-01-29,sz.002414,237.61356407,239.88634241,225.6544209,230.68700151,233.66325886,13059313,563217350.78,1.0468,-1.2737,1,0
2021-02-01,sz.002414,231.55282183,235.3948995,227.277834,229.33415726,230.68700151,9339253,397618232.39,0.7486,-0.5864,1,0
2021-02-02,sz.002414,230.90345659,236.26071982,226.7366963,232.58098346,229.33415726,10656269,455324601.9,0.8542,1.4158,1,0
2021-02-03,sz.002414,232.58098346,238.6417257,223.4898701,224.0310078,232.58098346,12928679,550836173.29,1.0363,-3.6761,1,0
2021-02-04,sz.002414,221.97468454,225.1132832,213.58705019,219.48545112,224.0310078,14437940,583289340.41,1.1573,-2.029,1,0
2021-02-05,sz.002414,224.68037304,226.68258253,214.72343936,214.93989444,219.48545112,9129110,370333262.93,0.7317,-2.071,1,0
2021-02-08,sz.002414,217.64558294,222.9487324,215.42691837,221.3253193,214.93989444,9906685,402181597.05,0.7941,2.9708,1,0
2021-02-09,sz.002414,220.7841816,231.87750445,219.1607685,227.76485793,221.3253193,13682856,573322667.0,1.0967,2.9095,1,0
2021-02-10,sz.002414,227.277834,229.4423848,222.4075947,227.87308547,227.76485793,11054877,462717659.77,0.8861,0.0475,1,0
2021-02-18,sz.002414,229.9835225,234.47496541,219.81013374,226.03321729,227.87308547,14631489,609646586.05,1.1728,-0.8074,1,0
2021-02-19,sz.002414,223.86866649,225.38385205,216.67153508,221.92057077,226.03321729,9749675,397890989.6,0.7815,-1.8195,1,0
2021-02-22,sz.002414,221.97468454,222.29936716,216.50919377,216.77976262,221.92057077,12024712,486946380.84,0.9638,-2.3165,1,0
2021-02-23,sz.002414,216.40096623,220.67595406,212.50477479,218.89019965,216.77976262,14685024,586853651.06,1.1771,0.9735,1,0
2021-02-24,sz.002414,218.89019965,219.1607685,209.4202899,212.50477479,218.89019965,13806908,543287861.54,1.1067,-2.9172,1,0
2021-02-25,sz.002414,213.7493915,224.24746288,212.88357118,218.45728949,212.50477479,16038241,651016147.46,1.2855,2.8011,1,0
2021-02-26,sz.002414,216.34685246,218.13260687,211.63895447,212.55888856,218.45728949,11595681,458832974.65,0.9295,-2.7,1,0
2021-03-01,sz.002414,215.85982853,219.97247505,209.85320006,213.26236757,212.55888856,13734394,543672215.25,1.1009,0.331,1,0
2021-03-02,sz.002414,213.31648134,214.34464297,207.36396664,210.34022399,213.26236757,11364599,441234352.14,0.9109,-1.3702,1,0
2021-03-03,sz.002414,208.39212827,209.69085875,204.65827814,207.68864926,210.34022399,11176492,426265353.64,0.8959,-1.2606,1,0
2021-03-04,sz.002414,208.22978696,211.20604431,202.65606865,202.98075127,207.68864926,12446244,474570452.01,0.9976,-2.2668,1,0
2021-03-05,sz.002414,200.70797293,206.7146014,199.51746999,204.92884699,202.98075127,9362917,351722814.97,0.7505,0.9597,1,0
2021-03-08,sz.002414,204.87473322,211.20604431,192.32033858,192.6450212,204.92884699,20548460,765887577.25,1.6471,-5.9942,1,0
2021-03-09,sz.002414,192.6450212,192.6450212,181.01056065,182.14694982,192.6450212,18252636,631091434.43,1.463,-5.4494,1,0
2021-03-10,sz.002414,182.3634049,184.96086586,178.73778231,181.65992589,182.14694982,12000093,403246101.55,0.9619,-0.2674,1,0
2021-03-11,sz.002414,183.49979407,188.3159196,181.87638097,187.88300944,181.65992589,10878050,373538922.3,0.8719,3.4257,1,0
2021-03-12,sz.002414,194.809572,196.9741228,188.8570573,193.07793136,187.88300944,16201394,577089375.12,1.2986,2.765,1,0
2021-03-15,sz.002414,188.64060222,191.29217695,184.74441078,187.7747819,193.07793136,10058409,348364646.5,0.8062,-2.7466,1,0
2021-03-16,sz.002414,186.6925065,190.37224286,182.79631506,186.20548257,187.7747819,10716975,367901944.91,0.859,-0.8357,1,0
2021-03-17,sz.002414,185.01497963,190.58869794,183.55390784,188.74882976,186.20548257,7012603,243382184.58,0.5621,1.3659,1,0
2021-03-18,sz.002414,187.12541666,196.27064379,187.12541666,195.29659593,188.74882976,12066683,430384802.81,0.9672,3.469,1,0
2021-03-19,sz.002414,192.59090743,200.54563162,191.0216081,196.4329851,195.29659593,14003035,510243782.1,1.1224,0.5819,1,0
2021-03-22,sz.002414,196.59532641,199.57158376,192.48267989,194.2684343,196.4329851,9056777,326319574.23,0.7259,-1.1019,1,0
2021-03-23,sz.002414,194.2684343,195.83773363,192.21211104,192.91559005,194.2684343,5035548,179793951.94,0.4036,-0.6964,1,0
2021-03-24,sz.002414,191.67097334,195.72950609,188.04535075,188.74882976,192.91559005,6545934,230760974.81,0.5247,-2.1599,1,0
2021-03-25,sz.002414,188.74882976,189.72287762,185.77257241,187.72066813,188.74882976,6950911,241443315.25,0.5571,-0.5447,1,0
2021-03-26,sz.002414,188.37003337,190.15578778,183.4456803,189.34408123,187.72066813,11149189,386373732.02,0.8937,0.8648,1,0
2021-03-29,sz.002414,189.07351238,197.73171558,188.74882976,195.67539232,189.34408123,13098288,469727104.63,1.0499,3.3438,1,0
2021-03-30,sz.002414,195.56716478,197.19057788,192.69913497,194.48488938,195.67539232,10453023,376026875.84,0.8379,-0.6084,1,0
2021-03-31,sz.002414,196.4329851,197.29880542,192.26622481,193.78141037,194.48488938,6995101,250986959.71,0.5607,-0.3617,1,0
2021-04-01,sz.002414,193.1861589,194.70134446,191.0216081,194.2684343,193.78141037,5259993,187770426.45,0.4216,0.2513,1,0
2021-04-02,sz.002414,193.61906906,196.9741228,192.96970382,194.43077561,194.2684343,7203117,259242026.78,0.5774,0.0836,1,0
2021-04-06,sz.002414,195.40482347,197.13646411,194.05197922,196.10830248,194.43077561,5783601,208961534.05,0.4636,0.8628,1,0
2021-04-07,sz.002414,197.5152605,197.94817066,193.7272966,195.24248216,196.10830248,6081453,219189809.8,0.4875,-0.4415,1,0
2021-04-08,sz.002414,194.809572,199.40924245,193.24027267,198.00228443,195.24248216,8160325,298012565.58,0.6541,1.4135,1,0
2021-04-09,sz.002414,199.1386736,199.1386736,188.74882976,190.69692548,198.00228443,12032223,427523008.08,0.9644,-3.6895,1,0
2021-04-12,sz.002414,189.18173992,190.96749433,173.21817777,175.27450103,190.69692548,18594054,619249554.88,1.4904,-8.0874,1,0
2021-04-13,sz.002414,175.27450103,179.54948886,173.21817777,177.70962068,175.27450103,9233875,301386504.67,0.7401,1.3893,1,0
2021-04-14,sz.002414,177.38493806,183.55390784,177.38493806,183.28333899,177.70962068,6996289,235089387.7,0.5608,3.1364,1,0
2021-04-15,sz.002414,182.57985998,182.95865637,179.6577164,181.87638097,183.28333899,4694031,157301818.92,0.3762,-0.7676,1,0
2021-04-16,sz.002414,181.8222672,182.74220129,180.1988541,181.01056065,181.87638097,4295836,144073676.1,0.3443,-0.476,1,0
2021-04-19,sz.002414,182.09283605,191.94154219,181.98460851,189.18173992,181.01056065,11641153,404835841.47,0.9331,4.5142,1,0
2021-04-20,sz.002414,188.8570573,192.48267989,187.12541666,187.55832682,189.18173992,9852023,346065368.96,0.7897,-0.8581,1,0
2021-04-21,sz.002414,186.36782388,188.47826091,184.09504554,184.74441078,187.55832682,6421592,220408450.63,0.5147,-1.5003,1,0
2021-04-22,sz.002414,185.33966225,186.36782388,182.09283605,182.9045426,184.74441078,7256906,246543481.94,0.5817,-0.9959,1,0
2021-04-23,sz.002414,182.95865637,189.398195,182.68808752,186.47605142,182.9045426,8055515,278107342.27,0.6457,1.9527,1,0
2021-04-26,sz.002414,188.26180583,190.75103925,184.96086586,185.0690934,186.47605142,7859576,273375772.81,0.4937,-0.7545,1,0
2021-04-27,sz.002414,185.93491372,185.93491372,182.09283605,183.17511145,185.0690934,4834266,163969943.17,0.3037,-1.0234,1,0
2021-04-28,sz.002414,183.55390784,185.0690934,181.98460851,185.0690934,183.17511145,5511737,187132466.35,0.3462,1.034,1,0
2021-04-29,sz.002414,185.66434487,186.25959634,177.43905183,179.92828525,185.0690934,12483056,418511818.44,0.7842,-2.7778,1,0
2021-04-30,sz.002414,181.44347081,191.45451826,181.06467442,188.69471599,179.92828525,15976100,554329684.21,1.0036,4.8722,1,0
2021-05-06,sz.002414,188.3159196,188.42414714,182.63397375,183.17511145,188.69471599,12600390,430169583.8,0.7916,-2.9252,1,0
2021-05-07,sz.002414,183.39156653,184.41972816,176.46500397,177.22259675,183.17511145,10553159,349334149.59,0.6629,-3.2496,1,0
2021-05-10,sz.002414,176.30266266,176.62734528,168.23971093,169.26787256,177.22259675,13025678,413115431.38,0.8183,-4.4885,1,0
2021-05-11,sz.002414,168.78084863,173.7052017,167.64445946,172.35235745,169.26787256,7973047,251403149.35,0.5009,1.8223,1,0
2021-05-12,sz.002414,171.97356106,172.73115384,169.10553125,172.35235745,172.35235745,5113812,161899293.08,0.3212,0.0,1,0
2021-05-13,sz.002414,171.21596828,172.24412991,169.10553125,170.07957911,172.35235745,5684521,178967006.53,0.3571,-1.3187,1,0
2021-05-14,sz.002414,169.86312403,175.8697525,169.26787256,175.00393218,170.07957911,8866353,284482034.47,0.557,2.8953,1,0
2021-05-17,sz.002414,175.22038726,183.82447669,175.05804595,182.57985998,175.00393218,11973300,401669394.21,0.7522,4.329,1,0
2021-05-18,sz.002414,181.8222672,186.36782388,180.46942295,185.71845864,182.57985998,8309715,283214079.38,0.522,1.719,1,0
2021-05-19,sz.002414,184.63618324,201.57379325,184.5279557,198.43519459,185.71845864,21622188,781453995.27,1.3583,6.8473,1,0
2021-05-20,sz.002414,198.54342213,201.35733817,196.48709887,199.46335622,198.43519459,11694296,429690080.2,0.7346,0.5181,1,0
2021-05-21,sz.002414,200.05860769,201.19499686,193.45672775,194.16020676,199.46335622,10410021,375297500.9,0.654,-2.6587,1,0
2021-05-24,sz.002414,193.99786545,194.53900315,189.99344647,193.56495529,194.16020676,8621770,306177690.47,0.5416,-0.3066,1,0
2021-05-25,sz.002414,194.32254807,199.40924245,194.16020676,195.8918474,193.56495529,12181208,440924367.52,0.7652,1.2021,1,0
2021-05-26,sz.002414,197.83994312,197.83994312,191.23806318,193.1861589,195.8918474,8897929,318684702.83,0.559,-1.3812,1,0
2021-05-27,sz.002414,192.26622481,201.24911063,191.61685957,201.24911063,193.1861589,18550370,679164465.11,1.1653,4.1737,1,0
2021-05-28,sz.002414,201.24911063,204.0089129,199.40924245,201.41145194,201.24911063,13503893,502748277.65,0.8483,0.0807,1,0
2021-05-31,sz.002414,200.92442801,207.68864926,200.92442801,206.44403255,201.41145194,15102492,570367344.52,0.9487,2.4987,1,0
2021-06-01,sz.002414,206.52031232,209.57083392,202.4783712,207.96931008,206.44404928,18571774,503265751.75,1.0618,0.7388,1,0
2021-06-02,sz.002414,207.20667968,207.96931008,199.65663872,199.65663872,207.96931008,18949467,501775973.88,1.0834,-3.9971,1,0
2021-06-03,sz.002414,199.88542784,201.7157408,195.15711936,195.84348672,199.65663872,12630544,328360280.07,0.7221,-1.9099,1,0
2021-06-04,sz.002414,195.69096064,201.10563648,193.55559552,198.51269312,195.84348672,10121451,264355841.08,0.5787,1.3629,1,0
2021-06-07,sz.002414,200.64805824,206.21526016,200.34300608,204.7662624,198.51269312,13669280,365391557.98,0.7815,3.1502,1,0
2021-06-08,sz.002414,203.46979072,205.68141888,200.80058432,202.40210816,204.7662624,10000920,265652148.9,0.5718,-1.1546,1,0
2021-06-09,sz.002414,202.8596864,209.64709696,202.63089728,204.30868416,202.40210816,12483285,335850675.25,0.7137,0.942,1,0
2021-06-10,sz.002414,204.23242112,204.23242112,198.283904,199.8091648,204.30868416,14794312,388669707.69,0.8458,-2.2023,1,0
2021-06-11,sz.002414,200.26674304,200.5717952,191.8015456,192.9454912,199.8091648,18723130,477501981.55,1.0705,-3.4351,1,0
2021-06-15,sz.002414,191.72528256,198.97027136,191.26770432,198.05511488,192.9454912,17072445,435954250.61,0.9761,2.6482,1,0
2021-06-16,sz.002414,197.67379968,198.97027136,189.5136544,191.49649344,198.05511488,13227709,336539341.45,0.7563,-3.3115,1,0
2021-06-17,sz.002414,192.79296512,204.003632,191.8015456,200.41926912,191.49649344,21675946,568671710.06,1.2393,4.6595,1,0
2021-06-18,sz.002414,201.25816256,220.47644864,200.49553216,215.0617728,200.41926912,42358580,1186197168.22,2.4218,7.3059,1,0
2021-06-21,sz.002414,215.29056192,223.4507072,213.07893376,220.7815008,215.0617728,29781378,857571862.79,1.7027,2.6596,1,0
2021-06-22,sz.002414,221.23907904,224.13707456,217.19713792,218.8749248,220.7815008,18314702,526535540.1,1.0471,-0.8636,1,0
2021-06-23,sz.002414,218.8749248,220.09513344,215.0617728,219.56129216,218.8749248,16363237,468462973.63,0.9355,0.3136,1,0
2021-06-24,sz.002414,219.56129216,220.09513344,211.32488384,217.42592704,219.56129216,19724785,556296880.04,1.1277,-0.9726,1,0
2021-06-25,sz.002414,213.99409024,221.46786816,212.7738816,214.07035328,217.42592704,20761383,588807409.38,1.187,-1.5433,1,0
2021-06-28,sz.002414,214.07035328,217.42592704,208.1980992,216.73955968,214.07035328,19628559,548660369.28,1.1222,1.2469,1,0
2021-06-29,sz.002414,216.43450752,216.43450752,207.96931008,209.57083392,216.73955968,15604552,432367387.07,0.8922,-3.3075,1,0
2021-06-30,sz.002414,209.11325568,214.14661632,208.5794144,210.33346432,209.57083392,11231964,310536626.14,0.6422,0.3639,1,0
2021-07-01,sz.002414,211.40114688,212.3925664,198.58895616,199.19906048,210.33346432,25178298,671772938.08,1.4395,-5.2937,1,0
2021-07-02,sz.002414,199.19906048,199.73290176,190.73386304,191.72528256,199.19906048,18303931,465362083.1,1.0465,-3.7519,1,0
2021-07-05,sz.002414,191.95407168,195.08085632,187.2257632,190.81012608,191.72528256,16183972,404633280.53,0.9253,-0.4773,1,0
2021-07-06,sz.002414,189.74244352,195.9960128,187.07323712,193.93691072,190.81012608,15048042,378705461.99,0.8603,1.6387,1,0
2021-07-07,sz.002414,193.25054336,195.53843456,192.10659776,194.470752,193.93691072,12432107,316370548.92,0.7108,0.2753,1,0
2021-07-08,sz.002414,195.15711936,213.38398592,195.00459328,211.70619904,194.470752,40734977,1103782036.06,2.3289,8.8627,1,0
2021-07-09,sz.002414,208.1980992,208.1980992,200.03795392,203.08847552,211.70619904,29880386,793758989.83,1.7083,-4.0706,1,0
2021-07-12,sz.002414,203.08847552,211.629936,201.3344256,208.42688832,203.08847552,24430002,667020080.16,1.3967,2.6286,1,0
2021-07-13,sz.002414,209.3420448,210.33346432,203.85110592,206.59657536,208.42688832,15671419,423096961.65,0.896,-0.8782,1,0
2021-07-14,sz.002414,205.1475776,207.4354688,200.64805824,203.39352768,206.59657536,12601285,336900433.27,0.7204,-1.5504,1,0
2021-07-15,sz.002414,202.4783712,205.60515584,197.75006272,201.3344256,203.39352768,12727882,335309101.94,0.7277,-1.0124,1,0
2021-07-16,sz.002414,201.3344256,208.04557312,198.89400832,203.6223168,201.3344256,19902402,533321345.96,1.1379,1.1364,1,0
2021-07-19,sz.002414,204.23242112,208.27436224,196.98743232,198.283904,203.6223168,22681769,596739491.93,1.2968,-2.6217,1,0
2021-07-20,sz.002414,196.60611712,200.9531104,191.19144128,197.21622144,198.283904,20802157,531385928.74,1.1893,-0.5385,1,0
2021-07-21,sz.002414,197.5212736,199.4278496,196.52985408,198.20764096,197.21622144,16021909,416187299.67,0.916,0.5027,1,0
2021-07-22,sz.002414,199.8091648,200.03795392,193.55559552,195.15711936,198.20764096,18787584,481571032.93,1.0741,-1.5391,1,0
2021-07-23,sz.002414,194.39448896,208.5794144,191.26770432,205.1475776,195.15711936,38241082,1003159653.26,2.1863,5.1192,1,0
2021-07-26,sz.002414,209.57083392,216.66329664,207.13041664,213.68903808,205.1475776,53190491,1480891441.86,3.041,4.1636,1,0
2021-07-27,sz.002414,215.0617728,216.43450752,204.3849472,204.7662624,213.68903808,38444607,1060661642.44,2.198,-4.1756,1,0
2021-07-28,sz.002414,202.55463424,204.3849472,190.88638912,197.67379968,204.7662624,23775245,612722772.5,1.3593,-3.4637,1,0
2021-07-29,sz.002414,200.26674304,205.07131456,196.14853888,204.84252544,197.67379968,28548781,749393822.1,1.6322,3.6265,1,0
2021-07-30,sz.002414,202.097056,210.1046752,198.43643008,209.11325568,204.84252544,25317787,683278709.47,1.4475,2.0849,1,0
2021-08-02,sz.002414,210.1046752,219.40876608,209.87588608,215.36682496,209.11325568,35647246,1007096428.84,2.038,2.9905,1,0
2021-08-03,sz.002414,215.443088,217.349664,208.27436224,210.02841216,215.36682496,27757893,776296842.86,1.587,-2.4788,1,0
2021-08-04,sz.002414,210.18093824,221.162816,210.18093824,220.0188704,210.02841216,35817470,1020069754.39,2.0478,4.7567,1,0
2021-08-05,sz.002414,220.24765952,232.602272,220.09513344,230.46690688,220.0188704,46919320,1408813313.66,2.6825,4.7487,1,0
2021-08-06,sz.002414,229.47548736,234.66137408,225.96738752,230.46690688,230.46690688,28856977,870342647.76,1.6498,0.0,1,0
2021-08-09,sz.002414,228.78912,228.94164608,222.91686592,225.20475712,230.46690688,25829401,763701654.43,1.4767,-2.2833,1,0
2021-08-10,sz.002414,225.20475712,243.43162368,224.13707456,239.31341952,225.20475712,40415743,1252309584.61,2.3107,6.2648,1,0
2021-08-11,sz.002414,240.228576,241.7538368,234.8901632,237.78815872,239.31341952,20146274,625229463.84,1.1518,-0.6373,1,0
2021-08-12,sz.002414,237.78815872,238.62705216,226.04365056,227.79770048,237.78815872,30571902,921633516.0,1.7479,-4.2014,1,0
2021-08-13,sz.002414,227.2638592,232.602272,221.162816,222.45928768,227.79770048,25677475,758466484.7,1.468,-2.3435,1,0
2021-08-16,sz.002414,223.4507072,227.11133312,220.0188704,220.7815008,222.45928768,15887470,464617709.7,0.9083,-0.7542,1,0
2021-08-17,sz.002414,220.7815008,225.89112448,218.8749248,220.4001856,220.7815008,19790294,576387231.22,1.1315,-0.1727,1,0
2021-08-18,sz.002414,220.24765952,222.23049856,210.40972736,210.94356864,220.4001856,33777224,953067376.09,1.9311,-4.2907,1,0
2021-08-19,sz.002414,211.2486208,223.4507072,211.2486208,221.69665728,210.94356864,27903429,798935499.99,1.5953,5.0976,1,0
2021-08-20,sz.002414,223.22191808,223.8320224,216.35824448,219.40876608,221.69665728,20945780,603812127.67,1.1975,-1.032,1,0
2021-08-23,sz.002414,218.34108352,230.23811776,217.349664,227.6451744,219.40876608,25990321,773868795.43,1.4859,3.7539,1,0
2021-08-24,sz.002414,224.06081152,224.06081152,215.8244032,221.31534208,227.6451744,33394466,957710926.35,1.9093,-2.7806,1,0
2021-08-25,sz.002414,220.93402688,220.93402688,212.08751424,215.51935104,221.31534208,29586285,833368330.1,1.6915,-2.6189,1,0
2021-08-26,sz.002414,213.61277504,217.95976832,211.629936,211.78246208,215.51935104,18033971,505745625.98,1.0311,-1.7339,1,0
2021-08-27,sz.002414,211.01983168,211.01983168,205.22384064,207.51173184,211.78246208,22300895,604689974.36,1.275,-2.0166,1,0
2021-08-30,sz.002414,207.35920576,213.536512,206.97789056,208.9607296,207.51173184,20044182,553857368.09,1.146,0.6983,1,0
2021-08-31,sz.002414,208.9607296,211.01983168,206.06273408,208.9607296,208.9607296,11890201,324279606.05,0.6798,0.0,1,0
2021-09-01,sz.002414,208.1980992,208.65567744,199.96169088,203.92736896,208.9607296,21332313,570109660.31,1.2196,-2.4088,1,0
2021-09-02,sz.002414,203.92736896,206.2915232,202.17331904,202.93594944,203.92736896,11926453,318691982.96,0.6819,-0.4862,1,0
2021-09-03,sz.002414,202.78342336,207.0541536,200.80058432,205.83394496,202.93594944,14060284,376019496.32,0.8039,1.428,1,0
2021-09-06,sz.002414,205.75768192,207.89304704,203.46979072,206.74910144,205.83394496,11730919,317721735.51,0.6707,0.4446,1,0
2021-09-07,sz.002414,206.82536448,211.01983168,205.910208,210.33346432,206.74910144,14847058,407662671.74,0.8488,1.7337,1,0
2021-09-08,sz.002414,210.4859904,213.38398592,207.4354688,208.12183616,210.33346432,13980708,383359523.52,0.7993,-1.0515,1,0
2021-09-09,sz.002414,207.20667968,208.5794144,201.79200384,203.6223168,208.12183616,17630713,471424877.96,1.008,-2.162,1,0
2021-09-10,sz.002414,203.01221248,205.60515584,201.94452992,203.16473856,203.6223168,10723600,286540299.77,0.6131,-0.2247,1,0
2021-09-13,sz.002414,203.16473856,204.23242112,193.7081216,195.30964544,203.16473856,24527346,632722284.5,1.4023,-3.8664,1,0
2021-09-14,sz.002414,194.01317376,199.4278496,192.79296512,195.00459328,195.30964544,18472810,475675994.96,1.0561,-0.1562,1,0
2021-09-15,sz.002414,194.01317376,197.75006272,190.6576,196.07227584,195.00459328,12593856,320454291.6,0.72,0.5475,1,0
2021-09-16,sz.002414,196.7586432,198.89400832,190.6576,190.6576,196.07227584,17282993,438603303.89,0.9881,-2.7616,1,0
2021-09-17,sz.002414,192.1828608,193.3268064,188.3697088,191.4202304,190.6576,9373973,234436514.22,0.5359,0.4,1,0
2021-09-22,sz.002414,189.1323392,192.33538688,188.44597184,191.11517824,191.4202304,6596144,164753903.89,0.3771,-0.1594,1,0
2021-09-23,sz.002414,191.11517824,194.470752,190.73386304,192.71670208,191.11517824,10728444,271177814.51,0.6134,0.838,1,0
2021-09-24,sz.002414,193.7081216,193.78438464,190.73386304,190.88638912,192.71670208,8175028,205810101.54,0.4674,-0.9497,1,0
2021-09-27,sz.002414,191.8015456,193.7081216,186.844448,186.844448,190.88638912,11972949,297561396.39,0.6845,-2.1175,1,0
2021-09-28,sz.002414,186.92071104,188.06465664,181.58229824,181.96361344,186.844448,12241463,294377032.72,0.6999,-2.6122,1,0
2021-09-29,sz.002414,181.8873504,182.6499808,175.404992,176.01509632,181.96361344,15662911,365908815.45,0.8955,-3.2691,1,0
2021-09-30,sz.002414,175.0236768,179.5994592,174.6423616,178.30298752,176.01509632,11202940,260814926.67,0.6405,1.2998,1,0
2021-10-08,sz.002414,180.13330048,181.35350912,178.15046144,180.28582656,178.30298752,8410239,198279705.92,0.4808,1.1121,1,0
2021-10-11,sz.002414,180.66714176,183.64140032,180.66714176,181.8873504,180.28582656,8998044,215264681.88,0.5144,0.8883,1,0
2021-10-12,sz.002414,182.11613952,182.42119168,175.32872896,176.24388544,181.8873504,9328602,217057641.1,0.5333,-3.1027,1,0
2021-10-13,sz.002414,176.5489376,178.68430272,174.94741376,178.30298752,176.24388544,6464652,149800855.11,0.3696,1.1683,1,0
2021-10-14,sz.002414,178.37925056,179.44693312,177.76914624,178.60803968,178.30298752,6187007,145001064.14,0.3537,0.1711,1,0
2021-10-15,sz.002414,178.60803968,186.844448,178.22672448,183.4126112,178.60803968,14665915,353225887.16,0.8385,2.69,1,0
2021-10-18,sz.002414,184.40403072,184.86160896,180.13330048,182.95503296,183.4126112,7316463,174573327.68,0.4183,-0.2495,1,0
2021-10-19,sz.002414,182.80250688,182.87876992,179.75198528,181.12472,182.95503296,8453014,200342632.75,0.4833,-1.0004,1,0
2021-10-20,sz.002414,180.20956352,181.65856128,175.0236768,176.77772672,181.12472,15049157,350341260.53,0.8604,-2.4,1,0
2021-10-21,sz.002414,176.77772672,178.0741984,174.87115072,177.00651584,176.77772672,11640728,268668734.72,0.6655,0.1294,1,0
2021-10-22,sz.002414,175.93883328,177.61662016,175.71004416,175.86257024,177.00651584,6275503,145213054.79,0.3588,-0.6463,1,0
2021-10-25,sz.002414,176.01509632,176.39641152,172.20194432,173.26962688,175.86257024,11326056,257227997.49,0.6475,-1.4744,1,0
2021-10-26,sz.002414,173.26962688,180.66714176,172.50699648,177.311568,173.26962688,15384785,359102020.09,0.8796,2.3327,1,0
2021-10-27,sz.002414,178.15046144,180.7434048,175.17620288,175.404992,177.311568,9909508,230538614.67,0.5666,-1.0753,1,0
2021-10-28,sz.002414,167.778688,168.00747712,157.8644928,158.01701888,175.404992,43563963,912136870.89,2.3333,-9.913,1,0
2021-10-29,sz.002414,158.09328192,167.70242496,155.5766016,165.4907968,158.01701888,32486505,695262526.25,1.74,4.7297,1,0
2021-11-01,sz.002414,165.4907968,171.59184,163.12664256,169.99031616,165.4907968,20742212,455910260.67,1.111,2.7189,1,0
2021-11-02,sz.002414,170.4478944,181.04845696,170.37163136,172.50699648,169.99031616,31424641,721969361.09,1.6831,1.4805,1,0
2021-11-03,sz.002414,173.04083776,174.33730944,168.31252928,173.8797312,172.50699648,15710551,352987259.6,0.8415,0.7958,1,0
2021-11-04,sz.002414,175.404992,175.404992,171.59184,172.58325952,173.8797312,12279967,278539877.62,0.6577,-0.7456,1,0
2021-11-05,sz.002414,172.58325952,179.9807744,171.28678784,177.46409408,172.58325952,21493803,497285620.39,1.1512,2.8281,1,0
2021-11-08,sz.002414,176.9302528,177.54035712,167.93121408,171.74436608,177.46409408,19396999,435876868.49,1.0389,-3.223,1,0
2021-11-09,sz.002414,171.2105248,179.9807744,170.0665792,177.92167232,171.74436608,27479512,633641957.46,1.4718,3.5968,1,0
2021-11-10,sz.002414,177.6928832,180.97219392,176.1676224,180.13330048,177.92167232,20915866,491352946.47,1.1203,1.243,1,0
2021-11-11,sz.002414,179.52319616,181.5060352,177.84540928,180.20956352,180.13330048,14927769,351995422.37,0.7995,0.0423,1,0
2021-11-12,sz.002414,180.13330048,185.7005024,179.5994592,184.937872,180.20956352,23947958,576192315.53,1.2827,2.6238,1,0
2021-11-15,sz.002414,185.77676544,188.52223488,181.96361344,185.77676544,184.937872,22418023,544893970.04,1.2007,0.4536,1,0
2021-11-16,sz.002414,184.32776768,184.937872,177.76914624,178.30298752,185.77676544,22902639,543277191.94,1.2267,-4.023,1,0
2021-11-17,sz.002414,178.30298752,181.8873504,175.17620288,181.65856128,178.30298752,15318504,358845949.47,0.8205,1.882,1,0
2021-11-18,sz.002414,181.73482432,191.57275648,180.51461568,190.58133696,181.65856128,40411767,1002680435.53,2.1645,4.9118,1,0
2021-11-19,sz.002414,189.20860224,192.9454912,188.44597184,190.04749568,190.58133696,24526500,612427398.56,1.3136,-0.2801,1,0
2021-11-22,sz.002414,191.49649344,191.8015456,186.61565888,190.50507392,190.04749568,19843511,494600889.7,1.0628,0.2408,1,0
2021-11-23,sz.002414,189.8949696,192.33538688,188.59849792,190.20002176,190.50507392,13592546,339534378.32,0.728,-0.1601,1,0
2021-11-24,sz.002414,191.0389152,194.470752,189.74244352,190.20002176,190.20002176,14602166,365928909.43,0.7821,0.0,1,0
2021-11-25,sz.002414,190.20002176,191.34396736,185.01413504,185.7005024,190.20002176,16025486,394696045.7,0.8583,-2.3657,1,0
2021-11-26,sz.002414,185.3191872,188.3697088,182.2686656,183.71766336,185.7005024,15618542,378728615.45,0.8365,-1.0678,1,0
2021-11-29,sz.002414,182.42119168,186.76818496,179.29440704,184.70908288,183.71766336,14058880,339707831.86,0.753,0.5396,1,0
2021-11-30,sz.002414,185.01413504,187.75960448,183.18382208,185.54797632,184.70908288,18021018,438890470.17,0.9652,0.4542,1,0
2021-12-01,sz.002414,185.16666112,186.38686976,182.6499808,184.48029376,185.54797632,14751268,356034598.09,0.7901,-0.5754,1,0
2021-12-02,sz.002414,184.25150464,185.16666112,176.1676224,176.1676224,184.48029376,24837780,582853479.08,1.3303,-4.506,1,0
2021-12-03,sz.002414,178.91309184,191.34396736,178.91309184,190.20002176,176.1676224,43095632,1058913700.93,2.3082,7.9654,1,0
2021-12-06,sz.002414,191.8015456,199.65663872,188.44597184,196.7586432,190.20002176,43791404,1120169279.56,2.3455,3.4483,1,0
2021-12-07,sz.002414,197.5212736,198.20764096,188.97981312,193.7081216,196.7586432,28207502,712247931.1,1.5108,-1.5504,1,0
2021-12-08,sz.002414,193.3268064,197.82632576,192.1828608,193.93691072,193.7081216,19911188,508213226.4,1.0665,0.1181,1,0
2021-12-09,sz.002414,193.3268064,200.5717952,191.4202304,200.5717952,193.93691072,38082504,984368171.05,2.0397,3.4212,1,0
2021-12-10,sz.002414,197.67379968,199.0465344,193.3268064,195.6146976,200.5717952,30158369,771843907.97,1.6153,-2.4715,1,0
2021-12-13,sz.002414,194.8520672,196.68238016,192.03033472,192.64043904,195.6146976,19903289,504798928.15,1.066,-1.5205,1,0
2021-12-14,sz.002414,191.4202304,194.54701504,190.50507392,194.31822592,192.64043904,16231054,411292325.0,0.8693,0.8709,1,0
2021-12-15,sz.002414,199.58037568,201.94452992,194.0894368,194.470752,194.31822592,38815399,1006700525.14,2.079,0.0785,1,0
2021-12-16,sz.002414,194.470752,195.15711936,188.44597184,190.2762848,194.470752,24706574,618365241.0,1.3233,-2.1569,1,0
2021-12-17,sz.002414,188.97981312,189.97123264,186.0818176,186.23434368,190.2762848,16887032,414835367.06,0.9045,-2.1242,1,0
2021-12-20,sz.002414,185.16666112,187.68334144,179.9807744,181.58229824,186.23434368,18173646,436712342.23,0.9734,-2.498,1,0
2021-12-21,sz.002414,181.5060352,184.25150464,180.7434048,183.64140032,181.58229824,9761986,234266573.24,0.5229,1.134,1,0
2021-12-22,sz.002414,183.64140032,183.87018944,181.04845696,181.65856128,183.64140032,9914534,236820570.59,0.531,-1.0797,1,0
2021-12-23,sz.002414,182.2686656,182.34492864,178.15046144,178.91309184,181.65856128,14423263,339305736.05,0.7725,-1.5113,1,0
2021-12-24,sz.002414,178.8368288,179.218144,175.48125504,176.09135936,178.91309184,14649045,339405393.57,0.7846,-1.5772,1,0
2021-12-27,sz.002414,176.09135936,177.61662016,174.18478336,176.5489376,176.09135936,10581853,244345165.5,0.5668,0.2599,1,0
2021-12-28,sz.002414,176.70146368,181.81108736,176.70146368,181.27724608,176.5489376,15335857,362456294.55,0.8214,2.6782,1,0
2021-12-29,sz.002414,181.12472,185.01413504,180.3620896,183.71766336,181.27724608,16379378,393423850.14,0.8773,1.3462,1,0
2021-12-30,sz.002414,184.32776768,186.4631328,182.2686656,184.78534592,183.71766336,15243895,369662512.12,0.8165,0.5812,1,0
2021-12-31,sz.002414,184.78534592,185.3191872,183.10755904,184.63281984,184.78534592,8851611,213519831.54,0.4741,-0.0825,1,0
2022-01-04,sz.002414,184.70908288,185.62423936,182.6499808,183.031296,184.63281984,9800703,235883491.23,0.5249,-0.8674,1,0
2022-01-05,sz.002414,182.19240256,183.4126112,177.311568,178.22672448,183.031296,12144112,285476561.3,0.6504,-2.625,1,0
2022-01-06,sz.002414,177.99793536,179.29440704,171.43931392,174.71862464,178.22672448,18688282,427162757.02,1.001,-1.9683,1,0
2022-01-07,sz.002414,174.79488768,177.15904192,172.43073344,172.7357856,174.71862464,11972779,273026356.35,0.6413,-1.1349,1,0
2022-01-10,sz.002414,174.10852032,187.30202624,173.57467904,184.5565568,172.7357856,39919071,956925718.05,2.1381,6.8433,1,0
2022-01-11,sz.002414,184.48029376,186.0818176,181.5060352,181.58229824,184.5565568,14328009,344590919.28,0.7674,-1.6116,1,0
2022-01-12,sz.002414,181.5060352,182.80250688,176.5489376,178.4555136,181.58229824,17445921,409512843.4,0.9344,-1.722,1,0
2022-01-13,sz.002414,178.60803968,179.5994592,175.0236768,176.09135936,178.4555136,14479365,335173867.58,0.7755,-1.3248,1,0
2022-01-14,sz.002414,175.7863072,177.84540928,174.2610464,176.62520064,176.09135936,7814972,180687957.21,0.4186,0.3032,1,0
2022-01-17,sz.002414,176.77772672,178.68430272,176.24388544,177.23530496,176.62520064,7420923,172660500.8,0.3975,0.3454,1,0
2022-01-18,sz.002414,177.23530496,191.4202304,176.39641152,187.53081536,177.23530496,44133033,1082915647.8,2.3638,5.809,1,0
2022-01-19,sz.002414,186.53939584,187.83586752,181.5060352,181.96361344,187.53081536,20200843,486713708.47,1.082,-2.9687,1,0
2022-01-20,sz.002414,182.95503296,183.10755904,179.67572224,181.65856128,181.96361344,11664030,277086978.02,0.6247,-0.1676,1,0
2022-01-21,sz.002414,181.04845696,181.04845696,173.498416,175.63378112,181.65856128,19053871,440327666.06,1.0205,-3.3165,1,0
2022-01-24,sz.002414,174.6423616,176.85398976,173.95599424,175.7863072,175.63378112,8025466,184788215.56,0.4298,0.0868,1,0
2022-01-25,sz.002414,175.48125504,180.20956352,169.83779008,169.99031616,175.7863072,15545224,356013135.6,0.8326,-3.2972,1,0
2022-01-26,sz.002414,169.91405312,173.34588992,167.778688,171.89689216,169.99031616,7818511,174606545.96,0.4188,1.1216,1,0
2022-01-27,sz.002414,171.9731552,173.04083776,161.22006656,161.60138176,171.89689216,19027955,411398976.44,1.0191,-5.9894,1,0
2022-01-28,sz.002414,162.4402752,164.11806208,157.94075584,160.22864704,161.60138176,10152155,214526762.8,0.5438,-0.8495,1,0
2022-02-07,sz.002414,163.12664256,164.7281664,162.13522304,162.97411648,160.22864704,7534433,161311415.29,0.4035,1.7135,1,0
2022-02-08,sz.002414,163.12664256,163.66048384,159.99985792,163.2029056,162.97411648,8765817,185799448.85,0.4695,0.1404,1,0
2022-02-09,sz.002414,163.05037952,166.78726848,162.4402752,165.94837504,163.2029056,7348155,159213269.23,0.3936,1.6822,1,0
2022-02-10,sz.002414,165.4907968,166.78726848,164.27058816,166.02463808,165.94837504,5481147,118898383.2,0.2936,0.046,1,0
2022-02-11,sz.002414,165.33827072,167.54989888,162.74532736,162.8215904,166.02463808,8778929,189508050.58,0.4702,-1.9293,1,0
2022-02-14,sz.002414,162.8215904,166.71100544,161.37259264,164.49937728,162.8215904,5839575,125685808.14,0.3128,1.0304,1,0
2022-02-15,sz.002414,164.49937728,165.872112,162.4402752,165.18574464,164.49937728,5736280,123795168.82,0.3072,0.4172,1,0
2022-02-16,sz.002414,165.33827072,165.33827072,162.97411648,163.88927296,165.18574464,6945117,148960411.68,0.372,-0.7849,1,0
2022-02-17,sz.002414,163.88927296,164.57564032,160.83875136,161.52511872,163.88927296,12017570,255454321.68,0.6437,-1.4425,1,0
2022-02-18,sz.002414,160.152384,163.35543168,159.7710688,162.66906432,161.52511872,6699499,142354479.43,0.3588,0.7082,1,0
2022-02-21,sz.002414,162.28774912,165.33827072,162.13522304,165.1094816,162.66906432,8189819,176515521.09,0.4386,1.5002,1,0
2022-02-22,sz.002414,166.10090112,166.48221632,162.51653824,163.81300992,165.1094816,8620313,185903216.19,0.4617,-0.7852,1,0
2022-02-23,sz.002414,163.965536,167.62616192,163.05037952,167.09232064,163.81300992,12064029,262553331.42,0.6462,2.0019,1,0
2022-02-24,sz.002414,166.2534272,172.65952256,164.80442944,167.3973728,167.09232064,23786919,524919566.37,1.274,0.1826,1,0
2022-02-25,sz.002414,167.778688,169.685264,165.33827072,167.778688,167.3973728,11964377,262592845.31,0.6408,0.2278,1,0
2022-02-28,sz.002414,167.778688,173.498416,167.778688,170.67668352,167.778688,13333884,298785808.0,0.7142,1.7273,1,0
2022-03-01,sz.002414,170.0665792,172.58325952,169.38021184,171.89689216,170.67668352,11318080,254636034.0,0.6062,0.7149,1,0
2022-03-02,sz.002414,170.90547264,171.51557696,168.1600032,169.38021184,171.89689216,9175762,203552249.0,0.4915,-1.4641,1,0
2022-03-03,sz.002414,169.45647488,170.0665792,166.6347424,166.78726848,169.38021184,7658547,168214424.0,0.4102,-1.5308,1,0
2022-03-04,sz.002414,165.56705984,168.69384448,165.56705984,167.54989888,166.78726848,6525298,143005145.0,0.3495,0.4572,1,0
2022-03-07,sz.002414,167.778688,168.69384448,157.33065152,157.78822976,167.54989888,14107587,298569024.0,0.7556,-5.8261,1,0
2022-03-08,sz.002414,158.01701888,159.54227968,142.00178048,143.06946304,157.78822976,36459653,700251168.0,1.9528,-9.3282,1,0
2022-03-09,sz.002414,144.36593472,145.05230208,132.3163744,139.180048,143.06946304,24142373,438746944.0,1.2931,-2.7186,1,0
2022-03-10,sz.002414,143.98461952,145.05230208,139.180048,139.71388928,139.180048,15471076,287830816.0,0.8286,0.3836,1,0
2022-03-11,sz.002414,138.72246976,141.4679392,134.52800256,141.16288704,139.71388928,11538586,207933038.0,0.618,1.0371,1,0
2022-03-14,sz.002414,140.3239936,144.67098688,137.6547872,137.6547872,141.16288704,12002935,220990381.0,0.6429,-2.4851,1,0
2022-03-15,sz.002414,137.42599808,138.0361024,128.8845376,129.49464192,137.6547872,16845955,294767280.0,0.9023,-5.928,1,0
2022-03-16,sz.002414,131.78253312,134.37547648,124.91885952,134.07042432,129.49464192,19390759,330455392.0,1.0386,3.5336,1,0
2022-03-17,sz.002414,137.273472,140.47651968,136.35831552,138.26489152,134.07042432,15977954,290085824.0,0.8558,3.1286,1,0
2022-03-18,sz.002414,138.18862848,138.18862848,135.366896,136.96841984,138.26489152,9148910,164079074.26,0.49,-0.9377,1,0
2022-03-21,sz.002414,136.96841984,140.09520448,135.7482112,138.49368064,136.96841984,9888721,179680515.49,0.5296,1.1136,1,0
2022-03-22,sz.002414,138.56994368,139.40883712,136.58710464,136.81589376,138.49368064,8537816,153984655.62,0.4573,-1.2115,1,0
2022-03-23,sz.002414,137.12094592,140.24773056,136.1295264,138.64620672,136.81589376,10831159,196653532.69,0.5801,1.3378,1,0
2022-03-24,sz.002414,137.80731328,138.95125888,136.5108416,136.8921568,138.64620672,8042769,144940864.86,0.4308,-1.2651,1,0
2022-03-25,sz.002414,137.04468288,138.49368064,133.46032,133.61284608,136.8921568,9793920,173997598.76,0.5246,-2.3955,1,0
2022-03-28,sz.002414,133.0790048,133.46032,130.4097984,132.08758528,133.61284608,10576897,182958258.77,0.5665,-1.1416,1,0
2022-03-29,sz.002414,133.0790048,134.45173952,128.73201152,129.647168,132.08758528,11569314,198460703.65,0.6197,-1.8476,1,0
2022-03-30,sz.002414,131.78253312,132.3163744,128.73201152,131.78253312,129.647168,12256366,209690114.83,0.6565,1.6471,1,0
2022-03-31,sz.002414,131.9350592,134.45173952,129.79969408,130.0284832,131.78253312,12185889,210395272.24,0.6527,-1.331,1,0
2022-04-01,sz.002414,129.647168,130.94363968,127.96938112,130.18100928,130.0284832,9937075,169244746.05,0.5322,0.1173,1,0
2022-04-06,sz.002414,129.79969408,130.10474624,126.44412032,129.2658528,130.18100928,14430114,242500690.81,0.7729,-0.703,1,0
2022-04-07,sz.002414,128.80827456,130.4097984,124.99512256,125.0713856,129.2658528,11894721,198375263.96,0.6371,-3.2448,1,0
2022-04-08,sz.002414,129.03706368,134.75679168,127.740592,132.54516352,125.0713856,27215106,468990964.58,1.4577,5.9756,1,0
2022-04-11,sz.002414,132.77395264,133.91789824,128.65574848,129.11332672,132.54516352,19993663,343237045.9,1.0709,-2.5892,1,0
2022-04-12,sz.002414,128.19817024,135.366896,126.44412032,134.75679168,129.11332672,17422307,299356988.47,0.9331,4.3709,1,0
2022-04-13,sz.002414,133.61284608,134.6042656,131.70627008,132.77395264,134.75679168,9796697,171228450.7,0.5247,-1.4714,1,0
2022-04-14,sz.002414,133.46032,134.2229504,131.09616576,131.78253312,132.77395264,11492144,199223958.34,0.6155,-0.7467,1,0
2022-04-15,sz.002414,131.01990272,131.01990272,127.3592768,129.11332672,131.78253312,9601281,162435433.56,0.5142,-2.0255,1,0
2022-04-18,sz.002414,128.1219072,133.8416352,127.20675072,132.39263744,129.11332672,11306998,195285996.75,0.6056,2.5399,1,0
2022-04-19,sz.002414,131.63000704,133.15526784,128.73201152,129.41837888,132.39263744,11100477,189854675.07,0.5945,-2.2465,1,0
2022-04-20,sz.002414,128.80827456,131.63000704,127.20675072,128.57948544,129.41837888,10104209,170607731.97,0.5412,-0.6482,1,0
2022-04-21,sz.002414,128.04564416,129.34211584,122.70723136,123.08854656,128.57948544,15005199,246818864.21,0.8037,-4.2705,1,0
2022-04-22,sz.002414,123.1648096,123.85117696,117.52134464,119.42792064,123.08854656,13000556,205167275.35,0.6963,-2.974,1,0
2022-04-25,sz.002414,118.74155328,118.74155328,108.2935168,108.44604288,119.42792064,17193724,255369698.01,0.9209,-9.1954,1,0
2022-04-26,sz.002414,109.74251456,110.27635584,104.4803648,105.01420608,108.44604288,16644702,234211778.94,0.8915,-3.1646,1,0
2022-04-27,sz.002414,102.955104,112.18293184,101.4298432,111.26777536,105.01420608,16972446,238457949.54,0.9091,5.955,1,0
2022-04-28,sz.002414,109.8187776,114.7758752,108.97988416,112.33545792,111.26777536,15035133,220330715.69,0.8053,0.9596,1,0
2022-04-29,sz.002414,112.8692992,120.114288,112.41172096,117.67387072,112.33545792,17090940,261476423.75,0.9154,4.7522,1,0
2022-05-05,sz.002414,117.97892288,126.36785728,116.75871424,122.63096832,117.67387072,19057631,306568543.91,1.0207,4.2126,1,0
2022-05-06,sz.002414,120.34307712,123.1648096,118.66529024,121.56328576,122.63096832,10929289,173366110.69,0.5854,-0.8706,1,0
2022-05-09,sz.002414,121.94460096,124.07996608,120.57186624,121.48702272,121.56328576,8805232,141317753.79,0.4716,-0.0627,1,0
2022-05-10,sz.002414,120.41934016,124.61380736,119.42792064,123.46986176,121.48702272,10909901,176000920.7,0.5843,1.6321,1,0
2022-05-11,sz.002414,124.15622912,126.44412032,122.020864,122.47844224,123.46986176,15858500,259074014.92,0.8494,-0.803,1,0
2022-05-12,sz.002414,121.86833792,124.23249216,121.2582336,123.24107264,122.47844224,9959688,160613140.03,0.5334,0.6227,1,0
2022-05-13,sz.002414,123.39359872,124.6900704,120.57186624,122.7834944,123.24107264,11547526,185002645.57,0.6185,-0.3713,1,0
2022-05-16,sz.002414,124.23249216,127.05422464,122.24965312,122.47844224,122.7834944,12407832,201842353.12,0.6646,-0.2484,1,0
2022-05-17,sz.002414,122.47844224,123.92744,121.2582336,123.77491392,122.47844224,8979961,144619485.34,0.481,1.0585,1,0
2022-05-18,sz.002414,124.07996608,125.0713856,122.93602048,124.46128128,123.77491392,9516383,154864550.46,0.5097,0.5545,1,0
2022-05-19,sz.002414,123.62238784,127.05422464,123.08854656,126.74917248,124.46128128,18472489,303636052.48,0.9894,1.8382,1,0
2022-05-20,sz.002414,127.89311808,129.18958976,126.29159424,128.19817024,126.74917248,13321908,223080989.5,0.7136,1.1432,1,0
2022-05-23,sz.002414,128.35069632,131.553744,127.740592,131.01990272,128.19817024,16425080,278910181.22,0.8798,2.2011,1,0
2022-05-24,sz.002414,131.32495488,133.38405696,124.61380736,125.60522688,131.01990272,20559179,348196295.59,1.1012,-4.1327,1,0
2022-05-25,sz.002414,125.30017472,126.74917248,124.53754432,126.5966464,125.60522688,11607538,191305914.26,0.6217,0.7893,1,0
2022-05-26,sz.002414,127.46897576,129.7588376,124.63390872,128.23226304,126.59664744,21715665,253813738.87,0.8308,1.292,1,0
2022-05-27,sz.002414,129.32267344,129.97691968,125.17911392,126.37856536,128.23226304,21192612,248318104.68,0.8108,-1.4456,1,0
2022-05-30,sz.002414,126.4876064,127.0328116,123.87062144,126.26952432,126.37856536,18949473,218225931.48,0.725,-0.0863,1,0
2022-05-31,sz.002414,125.83336016,127.79609888,124.19774456,126.81472952,126.26952432,18402547,212766934.74,0.7041,0.4318,1,0
2022-06-01,sz.002414,126.16048328,129.64979656,125.72431912,127.79609888,126.81472952,20999019,246866125.85,0.8034,0.7739,1,0
2022-06-02,sz.002414,127.90513992,131.3944532,127.14185264,131.3944532,127.79609888,22293534,265268200.91,0.8529,2.8157,1,0
2022-06-06,sz.002414,131.50349424,135.7560948,131.50349424,134.55664336,131.3944532,29480724,362284319.48,1.1279,2.4066,1,0
2022-06-07,sz.002414,134.55664336,134.55664336,131.50349424,132.4848636,134.55664336,25609041,310896502.98,0.9798,-1.5397,1,0
2022-06-08,sz.002414,131.72157632,133.35719192,129.43171448,131.9396584,132.4848636,20367983,245311119.25,0.7793,-0.4115,1,0
2022-06-09,sz.002414,131.9396584,131.9396584,127.46897576,128.6684272,131.9396584,16949668,200944553.73,0.6485,-2.4793,1,0
2022-06-10,sz.002414,127.79609888,130.849248,126.92377056,130.63116592,128.6684272,18184695,216524931.34,0.6957,1.5254,1,0
2022-06-13,sz.002414,130.3040428,131.61253528,129.10459136,131.06733008,130.63116592,17756099,212543706.1,0.6793,0.3339,1,0
2022-06-14,sz.002414,129.97691968,129.97691968,125.50623704,129.54075552,131.06733008,22089757,258582996.26,0.8451,-1.1647,1,0
2022-06-15,sz.002414,130.63116592,134.44760232,129.54075552,132.04869944,129.54075552,33698289,409965659.04,1.2893,1.936,1,0
2022-06-16,sz.002414,132.26678152,133.79335608,130.95828904,131.61253528,132.04869944,18564524,225355606.82,0.7103,-0.3303,1,0
2022-06-17,sz.002414,129.86787864,132.4848636,128.88650928,132.4848636,131.61253528,20608883,247983049.64,0.7885,0.6628,1,0
2022-06-20,sz.002414,133.575274,135.42897168,132.59390464,134.55664336,132.4848636,23067652,284127144.22,0.8826,1.5638,1,0
2022-06-21,sz.002414,134.6656844,134.99280752,131.50349424,133.0300688,134.55664336,19846882,242137968.2,0.7593,-1.1345,1,0
2022-06-22,sz.002414,133.575274,134.01143816,129.7588376,130.3040428,133.0300688,22227536,268827090.13,0.8504,-2.0492,1,0
2022-06-23,sz.002414,131.28541216,136.8465052,130.3040428,136.51938208,130.3040428,36932099,455291577.46,1.413,4.7699,1,0
2022-06-24,sz.002414,137.50075144,143.3889676,136.3013,141.31718784,136.51938208,49393045,638653118.46,1.8898,3.5144,1,0
2022-06-27,sz.002414,142.8437624,143.9341728,139.027326,141.31718784,141.31718784,30786952,398088163.83,1.1779,0.0,1,0
2022-06-28,sz.002414,140.77198264,142.62568032,139.89965432,142.62568032,141.31718784,25317802,329290000.23,0.9686,0.9259,1,0
2022-06-29,sz.002414,143.71609072,145.13362424,140.6629416,141.2081468,142.62568032,37627674,492194121.63,1.4396,-0.9939,1,0
2022-06-30,sz.002414,141.42622888,142.2985572,140.1177364,140.33581848,141.2081468,24093456,311658406.05,0.9218,-0.6178,1,0
2022-07-01,sz.002414,140.33581848,141.42622888,138.59116184,139.027326,140.33581848,17891021,229421882.09,0.6845,-0.9324,1,0
2022-07-04,sz.002414,138.80924392,140.44485952,135.64705376,140.33581848,139.027326,23989813,305703524.77,0.9178,0.9412,1,0
2022-07-05,sz.002414,140.33581848,140.99006472,135.7560948,137.60979248,140.33581848,23884122,301997457.64,0.9138,-1.9425,1,0
2022-07-06,sz.002414,137.50075144,139.13636704,135.64705376,136.62842312,137.60979248,17212122,216484379.0,0.6585,-0.7132,1,0
2022-07-07,sz.002414,136.62842312,139.13636704,135.64705376,138.04595664,136.62842312,19466070,246136971.29,0.7448,1.0375,1,0
2022-07-08,sz.002414,138.04595664,139.35444912,136.51938208,138.59116184,138.04595664,16614708,210531393.1,0.6357,0.3949,1,0
2022-07-11,sz.002414,138.4821208,138.4821208,132.4848636,133.90239712,138.59116184,24156661,296907789.11,0.9242,-3.3832,1,0
2022-07-12,sz.002414,133.90239712,134.44760232,131.61253528,131.83061736,133.90239712,14168441,172208191.14,0.5421,-1.5472,1,0
2022-07-13,sz.002414,131.9396584,132.37582256,127.79609888,128.55938616,131.83061736,29116513,344429952.11,1.114,-2.4814,1,0
2022-07-14,sz.002414,128.6684272,133.24815088,128.23226304,131.28541216,128.55938616,24723158,297752435.07,0.9459,2.1204,1,0
2022-07-15,sz.002414,130.849248,134.01143816,130.19500176,130.3040428,131.28541216,18958705,229807000.03,0.7254,-0.7475,1,0
2022-07-18,sz.002414,130.41308384,131.28541216,128.123222,130.41308384,130.3040428,20951048,248675808.3,0.8016,0.0837,1,0
2022-07-19,sz.002414,130.19500176,132.81198672,129.86787864,131.83061736,130.41308384,20084660,241689502.59,0.7684,1.087,1,0
2022-07-20,sz.002414,132.4848636,136.62842312,132.26678152,136.19225896,131.83061736,28891630,357578584.15,1.1054,3.3085,1,0
2022-07-21,sz.002414,136.08321792,138.15499768,134.1204792,135.86513584,136.19225896,26541341,331654445.69,1.0155,-0.2402,1,0
2022-07-22,sz.002414,136.3013,137.06458728,132.4848636,134.22952024,135.86513584,18835809,232266785.99,0.7207,-1.2039,1,0
2022-07-25,sz.002414,134.55664336,135.42897168,130.08596072,130.849248,134.22952024,17637545,213287312.62,0.6748,-2.5183,1,0
2022-07-26,sz.002414,131.50349424,131.50349424,129.7588376,130.95828904,130.849248,14150271,169426133.64,0.5414,0.0833,1,0
2022-07-27,sz.002414,130.95828904,134.33856128,130.19500176,132.4848636,130.95828904,22232855,270081566.92,0.8506,1.1657,1,0
2022-07-28,sz.002414,132.81198672,139.027326,132.59390464,138.26403872,132.4848636,43464994,545846832.07,1.663,4.3621,1,0
2022-07-29,sz.002414,139.24540808,139.5725312,134.77472544,135.53801272,138.26403872,26051101,325210674.44,0.9967,-1.9716,1,0
2022-08-01,sz.002414,135.86513584,136.62842312,132.92102776,135.2108896,135.53801272,19513556,241676029.4,0.7466,-0.2414,1,0
2022-08-02,sz.002414,135.31993064,138.15499768,129.10459136,130.95828904,135.2108896,38483139,467537793.9,1.4723,-3.1452,1,0
2022-08-03,sz.002414,130.19500176,142.62568032,129.7588376,140.22677744,130.95828904,83140875,1059237797.13,3.1809,7.0774,1,0
2022-08-04,sz.002414,141.753352,141.753352,136.95554624,139.13636704,140.22677744,46082826,585473700.11,1.7631,-0.7776,1,0
2022-08-05,sz.002414,138.4821208,141.2081468,136.51938208,140.99006472,139.13636704,46719885,595187213.05,1.7875,1.3323,1,0
2022-08-08,sz.002414,140.99006472,147.205404,138.91828496,147.205404,140.99006472,67242516,886768905.52,2.5727,4.4084,1,0
2022-08-09,sz.002414,147.53252712,150.14951208,143.49800864,148.95006064,147.205404,56415280,756354748.31,2.1584,1.1852,1,0
2022-08-10,sz.002414,147.42348608,150.36759416,145.67882944,145.89691152,148.95006064,42590861,577509964.44,1.6295,-2.0498,1,0
2022-08-11,sz.002414,145.89691152,146.87828088,144.69746008,145.78787048,145.89691152,34347266,458833858.82,1.3141,-0.0747,1,0
2022-08-12,sz.002414,145.78787048,145.78787048,142.51663928,142.62568032,145.78787048,32542488,428355675.91,1.2451,-2.169,1,0
2022-08-15,sz.002414,142.8437624,144.15225488,141.53526992,143.49800864,142.62568032,22481173,295084789.98,0.8601,0.6116,1,0
2022-08-16,sz.002414,142.8437624,143.9341728,140.55390056,141.09910576,143.49800864,27782547,361450413.68,1.0629,-1.6717,1,0
2022-08-17,sz.002414,141.2081468,142.62568032,140.1177364,141.97143408,141.09910576,22314107,289402025.43,0.8537,0.6182,1,0
2022-08-18,sz.002414,141.09910576,145.46074736,140.77198264,145.0245832,141.97143408,30721512,404640063.88,1.1754,2.1505,1,0
2022-08-19,sz.002414,149.05910168,159.52704152,149.05910168,159.52704152,145.0245832,92722002,1349400381.69,3.5475,10.0,1,0
2022-08-22,sz.002414,156.36485136,168.68648888,154.72923576,163.45251896,159.52704152,149955587,2243730575.6,5.7372,2.4607,1,0
2022-08-23,sz.002414,166.287586,170.6492276,159.1999184,164.76101144,163.45251896,116644096,1764441591.71,4.4628,0.8005,1,0
2022-08-24,sz.002414,164.54292936,167.48703744,157.45526176,157.78238488,164.76101144,65271552,966383643.79,2.4973,-4.2356,1,0
2022-08-25,sz.002414,159.09087736,161.81690336,150.69471728,159.85416464,157.78238488,71922850,1034223316.7,2.7517,1.3131,1,0
2022-08-26,sz.002414,153.96594848,154.8382768,145.78787048,148.95006064,159.85416464,77476422,1062918354.37,2.9642,-6.8213,1,0
2022-08-29,sz.002414,147.53252712,163.88868312,145.24266528,163.88868312,148.95006064,77351720,1109756401.15,2.9594,10.0293,1,0
2022-08-30,sz.002414,168.90457096,172.50292528,163.0163548,164.54292936,163.88868312,82758161,1265421697.44,3.1663,0.3992,1,0
2022-08-31,sz.002414,164.1067652,165.52429872,153.31170224,155.9286872,164.54292936,63280616,914355652.07,2.4211,-5.2353,1,0
2022-09-01,sz.002414,155.49252304,161.3807392,153.52978432,154.62019472,155.9286872,41414974,595761386.67,1.5845,-0.8392,1,0
2022-09-02,sz.002414,154.72923576,170.1040224,154.72923576,166.50566808,154.62019472,117026686,1768997494.17,4.4774,7.6869,1,0
2022-09-05,sz.002414,164.97909352,164.97909352,159.41800048,162.36210856,166.50566808,62077608,923431338.54,2.3751,-2.4885,1,0
2022-09-06,sz.002414,165.7423808,167.70511952,160.61745192,163.45251896,162.36210856,60812560,910714683.65,2.3267,0.6716,1,0
2022-09-07,sz.002414,161.9259444,166.06950392,157.89142592,158.54567216,163.45251896,62424892,925079848.71,2.3884,-3.002,1,0
2022-09-08,sz.002414,157.5643028,162.36210856,156.80101552,161.27169816,158.54567216,49486817,726391021.73,1.8933,1.7194,1,0
2022-09-09,sz.002414,159.85416464,160.94457504,155.9286872,159.09087736,161.27169816,35689687,517195503.06,1.3655,-1.3523,1,0
2022-09-13,sz.002414,158.6547132,163.34347792,156.58293344,160.18128776,159.09087736,33670531,493281597.68,1.2882,0.6854,1,0
2022-09-14,sz.002414,157.12813864,158.32759008,149.82238896,150.4766352,160.18128776,51417055,722783318.22,1.9672,-6.0585,1,0
2022-09-15,sz.002414,151.5670456,152.00320976,137.60979248,141.2081468,150.4766352,72546488,952272630.59,2.7756,-6.1594,1,0
2022-09-16,sz.002414,140.33581848,143.06184448,136.8465052,136.8465052,141.2081468,39314188,504511931.68,1.5041,-3.0888,1,0
2022-09-19,sz.002414,136.95554624,137.71883352,130.849248,132.4848636,136.8465052,35305396,432687728.14,1.3508,-3.1873,1,0
2022-09-20,sz.002414,133.13910984,134.55664336,130.849248,133.35719192,132.4848636,28007315,341309344.83,1.0715,0.6584,1,0
2022-09-21,sz.002414,132.26678152,133.68431504,129.2136324,133.68431504,133.35719192,23527123,284870059.7,0.9001,0.2453,1,0
2022-09-22,sz.002414,132.92102776,135.31993064,132.26678152,133.68431504,133.68431504,27824490,342845617.97,1.0646,0.0,1,0
2022-09-23,sz.002414,133.13910984,135.31993064,129.2136324,130.08596072,133.68431504,27485675,332041703.56,1.0516,-2.6917,1,0
2022-09-26,sz.002414,127.68705784,129.43171448,125.83336016,126.59664744,130.08596072,29418963,344581164.26,1.1256,-2.6823,1,0
2022-09-27,sz.002414,126.92377056,129.54075552,126.92377056,129.32267344,126.59664744,21502714,253559194.76,0.8227,2.1533,1,0
2022-09-28,sz.002414,128.77746824,130.19500176,125.397196,125.397196,129.32267344,20786312,243348157.51,0.7953,-3.0354,1,0
2022-09-29,sz.002414,126.59664744,128.45034512,124.63390872,125.61527808,125.397196,16463223,191246808.55,0.6299,0.1739,1,0
2022-09-30,sz.002414,125.9424012,128.123222,124.8519908,126.70568848,125.61527808,17223602,200298599.29,0.659,0.8681,1,0
2022-10-10,sz.002414,126.81472952,128.01418096,119.83610296,120.81747232,126.70568848,24279887,274083009.92,0.9289,-4.6472,1,0
2022-10-11,sz.002414,122.01692376,123.65253936,120.38130816,122.99829312,120.81747232,13388856,150090390.03,0.5122,1.8051,1,0
2022-10-12,sz.002414,123.7615804,127.46897576,121.68980064,127.46897576,122.99829312,17215730,196652256.31,0.6586,3.6348,1,0
2022-10-13,sz.002414,127.0328116,131.17637112,126.4876064,128.23226304,127.46897576,23726594,281004731.96,0.9077,0.5988,1,0
2022-10-14,sz.002414,129.2136324,130.849248,128.45034512,129.97691968,128.23226304,19145981,228196817.74,0.7325,1.3605,1,0
2022-10-17,sz.002414,130.08596072,133.24815088,129.32267344,131.83061736,129.97691968,20810147,251596172.17,0.7961,1.4262,1,0
2022-10-18,sz.002414,132.15774048,132.59390464,129.64979656,129.97691968,131.83061736,21465201,256946169.93,0.8212,-1.4061,1,0
2022-10-19,sz.002414,130.08596072,130.52212488,127.46897576,127.79609888,129.97691968,16685745,196830786.27,0.6384,-1.6779,1,0
2022-10-20,sz.002414,127.46897576,132.92102776,125.50623704,129.97691968,127.79609888,25776834,305473536.6,0.9862,1.7065,1,0
2022-10-21,sz.002414,130.41308384,130.52212488,128.45034512,129.54075552,129.97691968,11781193,139913982.0,0.4507,-0.3356,1,0
2022-10-24,sz.002414,130.3040428,132.70294568,128.77746824,129.7588376,129.54075552,25796364,310017178.18,0.9869,0.1684,1,0
2022-10-25,sz.002414,128.34130408,130.52212488,127.14185264,129.54075552,129.7588376,17224860,203687002.76,0.659,-0.1681,1,0
2022-10-26,sz.002414,129.2136324,132.70294568,127.14185264,131.3944532,129.54075552,24676915,295716302.29,0.9441,1.431,1,0
2022-10-27,sz.002414,130.849248,132.4848636,130.849248,131.9396584,131.3944532,17387753,210228772.3,0.6652,0.4149,1,0
2022-10-28,sz.002414,129.2136324,130.74020696,121.5807596,122.1259648,131.9396584,43277479,494760375.22,1.6557,-7.438,1,0
2022-10-31,sz.002414,121.47171856,129.64979656,120.05418504,126.59664744,122.1259648,28974941,334549221.66,1.1085,3.6607,1,0
2022-11-01,sz.002414,127.5780168,131.3944532,126.16048328,130.849248,126.59664744,26927042,319502092.26,1.0302,3.3592,1,0
2022-11-02,sz.002414,130.95828904,133.575274,129.86787864,132.37582256,130.849248,21082747,256299808.29,0.8066,1.1667,1,0
2022-11-03,sz.002414,131.06733008,133.575274,130.63116592,132.70294568,132.37582256,15114855,183116089.3,0.5783,0.2471,1,0
2022-11-04,sz.002414,132.70294568,134.6656844,132.15774048,133.68431504,132.70294568,22987508,281211521.25,0.8794,0.7395,1,0
2022-11-07,sz.002414,133.35719192,135.31993064,132.26678152,132.81198672,133.68431504,19891807,242772027.96,0.761,-0.6525,1,0
2022-11-08,sz.002414,133.0300688,133.13910984,130.849248,131.61253528,132.81198672,15576831,187699438.74,0.5959,-0.9031,1,0
2022-11-09,sz.002414,131.72157632,132.70294568,130.08596072,130.3040428,131.61253528,14680438,176228780.12,0.5616,-0.9942,1,0
2022-11-10,sz.002414,129.86787864,130.41308384,128.123222,128.45034512,130.3040428,14911784,176695502.87,0.5705,-1.4226,1,0
2022-11-11,sz.002414,130.74020696,132.4848636,129.2136324,130.52212488,128.45034512,18364676,220352907.19,0.7026,1.6129,1,0
2022-11-14,sz.002414,129.64979656,131.9396584,128.6684272,129.7588376,130.52212488,14963958,178970633.99,0.5725,-0.5848,1,0
2022-11-15,sz.002414,129.97691968,132.59390464,128.77746824,132.37582256,129.7588376,18592550,224410907.18,0.7113,2.0168,1,0
2022-11-16,sz.002414,132.37582256,137.71883352,131.9396584,134.88376648,132.37582256,41517603,515816406.53,1.5884,1.8946,1,0
2022-11-17,sz.002414,134.55664336,134.99280752,132.15774048,134.6656844,134.88376648,20065236,244926522.19,0.7676,-0.1617,1,0
2022-11-18,sz.002414,133.90239712,136.3013,133.575274,134.01143816,134.6656844,18165365,224549022.76,0.695,-0.4858,1,0
2022-11-21,sz.002414,133.90239712,134.77472544,132.15774048,133.575274,134.01143816,16650855,203464656.94,0.637,-0.3255,1,0
2022-11-22,sz.002414,133.13910984,134.99280752,131.9396584,132.4848636,133.575274,17600139,215157819.63,0.6733,-0.8163,1,0
2022-11-23,sz.002414,132.4848636,132.92102776,126.37856536,129.7588376,132.4848636,28322364,334865581.34,1.0835,-2.0576,1,0
2022-11-24,sz.002414,130.52212488,130.63116592,128.45034512,128.6684272,129.7588376,12514404,148216437.52,0.4788,-0.8403,1,0
2022-11-25,sz.002414,128.6684272,128.77746824,126.4876064,127.0328116,128.6684272,13471438,157430024.22,0.5154,-1.2712,1,0
2022-11-28,sz.002414,126.26952432,126.26952432,122.34404688,124.63390872,127.0328116,15931765,181268151.19,0.6095,-1.8884,1,0
2022-11-29,sz.002414,124.74294976,127.5780168,124.3067856,127.25089368,124.63390872,17063401,197519862.09,0.6528,2.0997,1,0
2022-11-30,sz.002414,127.14185264,128.77746824,126.26952432,127.90513992,127.25089368,16918624,197504528.21,0.6473,0.5141,1,0
2022-12-01,sz.002414,128.6684272,129.43171448,127.79609888,128.6684272,127.90513992,16805348,198403218.82,0.6429,0.5968,1,0
2022-12-02,sz.002414,128.6684272,130.52212488,128.01418096,128.99555032,128.6684272,13425772,159176211.5,0.5136,0.2542,1,0
2022-12-05,sz.002414,129.2136324,129.97691968,128.6684272,129.2136324,128.99555032,14116398,167113222.2,0.5401,0.1691,1,0
2022-12-06,sz.002414,129.32267344,129.97691968,128.88650928,129.32267344,129.2136324,13100035,155425198.65,0.5012,0.0844,1,0
2022-12-07,sz.002414,129.32267344,129.43171448,126.4876064,126.92377056,129.32267344,17511003,204786379.11,0.6699,-1.855,1,0
2022-12-08,sz.002414,126.37856536,126.81472952,124.41582664,124.96103184,126.92377056,16632971,191116554.05,0.6363,-1.5464,1,0
2022-12-09,sz.002414,125.397196,126.4876064,124.63390872,126.4876064,124.96103184,13533185,155814086.3,0.5177,1.2216,1,0
2022-12-12,sz.002414,126.26952432,127.68705784,124.52486768,126.05144224,126.4876064,14449786,166997264.18,0.5528,-0.3448,1,0
2022-12-13,sz.002414,125.72431912,125.72431912,123.87062144,123.97966248,126.05144224,13090320,149420958.14,0.5008,-1.6436,1,0
2022-12-14,sz.002414,124.3067856,125.50623704,123.65253936,123.87062144,123.97966248,10019725,114406148.52,0.3833,-0.088,1,0
2022-12-15,sz.002414,123.7615804,125.07007288,123.2163752,124.8519908,123.87062144,8302850,94871661.46,0.3176,0.7923,1,0
2022-12-16,sz.002414,124.74294976,124.74294976,122.01692376,123.32541624,124.8519908,12962505,146075159.18,0.4959,-1.2227,1,0
2022-12-19,sz.002414,123.65253936,123.7615804,121.14459544,121.68980064,123.32541624,9933335,111362449.62,0.38,-1.3263,1,0
2022-12-20,sz.002414,121.14459544,122.56212896,120.92651336,121.5807596,121.68980064,7207486,80298713.65,0.2757,-0.0896,1,0
2022-12-21,sz.002414,121.25363648,121.5807596,117.11007696,118.3095284,121.5807596,15423529,168663005.64,0.5901,-2.6906,1,0
2022-12-22,sz.002414,118.8547336,118.96377464,116.1287076,116.45583072,118.3095284,10585810,114046948.56,0.405,-1.5668,1,0
2022-12-23,sz.002414,115.80158448,117.219118,115.5835024,115.91062552,116.45583072,7176260,76570798.88,0.2745,-0.4682,1,0
2022-12-26,sz.002414,116.45583072,119.61802088,116.01966656,119.3999388,115.91062552,9161666,99036747.05,0.3505,3.0103,1,0
2022-12-27,sz.002414,119.3999388,120.16322608,118.41856944,120.05418504,119.3999388,8295747,90785975.91,0.3174,0.5479,1,0
2022-12-28,sz.002414,119.83610296,119.83610296,118.20048736,118.20048736,120.05418504,6982716,76035705.56,0.2671,-1.5441,1,0
2022-12-29,sz.002414,118.20048736,119.61802088,117.87336424,119.18185672,118.20048736,6862838,74831953.11,0.2626,0.8303,1,0
2022-12-30,sz.002414,119.50897984,121.25363648,119.18185672,119.945144,119.18185672,8229636,90845755.06,0.3148,0.6404,1,0
2023-01-03,sz.002414,119.61802088,122.88925208,119.18185672,122.34404688,119.945144,12092590,134757208.92,0.4626,2.0,1,0
2023-01-04,sz.002414,122.45308792,122.67117,120.27226712,121.14459544,122.34404688,10316635,114607276.23,0.3947,-0.9804,1,0
2023-01-05,sz.002414,121.0355544,122.1259648,120.4903492,121.79884168,121.14459544,8211579,91456867.85,0.3142,0.5401,1,0
2023-01-06,sz.002414,121.79884168,123.32541624,121.14459544,121.90788272,121.79884168,10879565,122045491.32,0.4162,0.0895,1,0
2023-01-09,sz.002414,122.01692376,122.56212896,120.4903492,121.0355544,121.90788272,13114987,146004257.73,0.5017,-0.7156,1,0
2023-01-10,sz.002414,122.23500584,122.23500584,120.81747232,121.5807596,121.0355544,9966602,110973933.74,0.3813,0.4505,1,0
2023-01-11,sz.002414,121.25363648,122.45308792,119.945144,120.27226712,121.5807596,9900305,109963190.35,0.3788,-1.0762,1,0
2023-01-12,sz.002414,120.81747232,121.90788272,120.16322608,120.4903492,120.27226712,6827936,75614145.77,0.2612,0.1813,1,0
2023-01-13,sz.002414,120.27226712,120.92651336,120.05418504,120.92651336,120.4903492,5808786,64197678.08,0.2222,0.362,1,0
2023-01-16,sz.002414,120.92651336,123.97966248,120.4903492,123.32541624,120.92651336,17474442,197090909.15,0.6685,1.9838,1,0
2023-01-17,sz.002414,123.43445728,125.397196,122.88925208,123.65253936,123.32541624,10792111,122799738.32,0.4129,0.2653,1,0
2023-01-18,sz.002414,123.65253936,124.3067856,123.32541624,124.19774456,123.65253936,7717545,87685178.7,0.2953,0.4409,1,0
2023-01-19,sz.002414,123.7615804,125.61527808,123.54349832,125.28815496,124.19774456,11792029,134944874.31,0.4511,0.878,1,0
2023-01-20,sz.002414,125.83336016,126.05144224,124.74294976,125.50623704,125.28815496,10536536,121213575.72,0.4031,0.1741,1,0
2023-01-30,sz.002414,126.92377056,130.3040428,126.4876064,127.5780168,125.50623704,24584761,288695451.91,0.9405,1.6507,1,0
2023-01-31,sz.002414,126.4876064,128.77746824,125.50623704,128.45034512,127.5780168,19871945,232176436.81,0.7602,0.6838,1,0
2023-02-01,sz.002414,128.01418096,130.52212488,128.01418096,130.3040428,128.45034512,19980702,237210164.73,0.7644,1.4431,1,0
2023-02-02,sz.002414,131.3944532,131.72157632,129.32267344,129.64979656,130.3040428,18334059,219293137.11,0.7014,-0.5021,1,0
2023-02-03,sz.002414,129.7588376,131.50349424,128.77746824,131.28541216,129.64979656,19783411,236102072.9,0.7569,1.2616,1,0
2023-02-06,sz.002414,131.17637112,131.83061736,128.88650928,129.64979656,131.28541216,16363942,195336890.66,0.626,-1.2458,1,0
2023-02-07,sz.002414,130.3040428,130.849248,129.32267344,129.7588376,129.64979656,10477900,124885293.46,0.4009,0.0841,1,0
2023-02-08,sz.002414,129.64979656,130.19500176,128.01418096,128.23226304,129.7588376,11439277,135219781.31,0.4376,-1.1765,1,0
2023-02-09,sz.002414,128.23226304,132.15774048,127.90513992,131.9396584,128.23226304,25120018,301637933.4,0.961,2.8912,1,0
2023-02-10,sz.002414,131.9396584,133.90239712,130.849248,131.3944532,131.9396584,15642661,189625083.59,0.5984,-0.4132,1,0
2023-02-13,sz.002414,131.3944532,133.0300688,131.17637112,131.83061736,131.3944532,12291726,148699922.34,0.4702,0.332,1,0
2023-02-14,sz.002414,131.83061736,132.81198672,130.849248,131.3944532,131.83061736,9972094,120407115.48,0.3815,-0.3309,1,0
2023-02-15,sz.002414,131.50349424,132.92102776,130.41308384,132.81198672,131.3944532,15668068,189808901.18,0.5994,1.0788,1,0
2023-02-16,sz.002414,133.90239712,134.01143816,127.79609888,128.6684272,132.81198672,22515342,269821718.68,0.8614,-3.1199,1,0
2023-02-17,sz.002414,128.99555032,129.54075552,127.14185264,127.90513992,128.6684272,14027499,165215683.56,0.5367,-0.5932,1,0
2023-02-20,sz.002414,127.68705784,128.55938616,126.4876064,128.34130408,127.90513992,14372900,167957278.56,0.5499,0.341,1,0
2023-02-21,sz.002414,128.123222,133.0300688,128.01418096,130.849248,128.34130408,22726376,272880310.5,0.8695,1.9541,1,0
2023-02-22,sz.002414,130.19500176,132.15774048,129.7588376,131.3944532,130.849248,11343534,136430492.52,0.434,0.4167,1,0
2023-02-23,sz.002414,131.06733008,131.50349424,129.54075552,130.19500176,131.3944532,9847371,117923413.17,0.3767,-0.9129,1,0
2023-02-24,sz.002414,130.849248,132.4848636,130.52212488,130.95828904,130.19500176,15257913,183788646.3,0.5837,0.5863,1,0
2023-02-27,sz.002414,130.63116592,131.50349424,129.10459136,129.32267344,130.95828904,13858933,165355632.16,0.5302,-1.249,1,0
2023-02-28,sz.002414,129.43171448,131.61253528,128.88650928,130.08596072,129.32267344,12269251,146514692.72,0.4694,0.5902,1,0
2023-03-01,sz.002414,130.3040428,131.83061736,129.7588376,131.83061736,130.08596072,18061863,217517817.31,0.691,1.3412,1,0
2023-03-02,sz.002414,131.72157632,134.1204792,131.61253528,132.4848636,131.83061736,20924408,254998561.94,0.8005,0.4963,1,0
2023-03-03,sz.002414,132.26678152,133.0300688,131.28541216,132.70294568,132.4848636,13938005,169124345.98,0.5332,0.1646,1,0
2023-03-06,sz.002414,134.1204792,134.6656844,132.70294568,132.92102776,132.70294568,24216628,296813351.14,0.9265,0.1643,1,0
2023-03-07,sz.002414,133.0300688,133.35719192,129.10459136,129.2136324,132.92102776,20264693,243573486.78,0.7753,-2.7892,1,0
2023-03-08,sz.002414,129.2136324,132.4848636,128.99555032,131.61253528,129.2136324,14582533,175168560.99,0.5579,1.8565,1,0
2023-03-09,sz.002414,131.83061736,132.15774048,130.41308384,131.28541216,131.61253528,10476947,126130521.25,0.4008,-0.2486,1,0
2023-03-10,sz.002414,129.97691968,131.28541216,128.99555032,128.99555032,131.28541216,13327131,158776111.39,0.5099,-1.7442,1,0
2023-03-13,sz.002414,128.77746824,129.7588376,127.0328116,129.43171448,128.99555032,17057875,200856957.05,0.6526,0.3381,1,0
2023-03-14,sz.002414,129.2136324,129.32267344,125.50623704,128.55938616,129.43171448,14992966,175804693.89,0.5736,-0.674,1,0
2023-03-15,sz.002414,128.99555032,136.19225896,128.99555032,132.70294568,128.55938616,42140018,515845398.27,1.6122,3.2231,1,0
2023-03-16,sz.002414,131.72157632,132.81198672,128.23226304,128.88650928,132.70294568,22214940,265282320.36,0.8499,-2.8759,1,0
2023-03-17,sz.002414,129.64979656,132.26678152,128.99555032,130.63116592,128.88650928,19902377,238979376.94,0.7614,1.3536,1,0
2023-03-20,sz.002414,130.849248,131.3944532,128.55938616,129.10459136,130.63116592,16217721,193098345.34,0.6204,-1.1686,1,0
2023-03-21,sz.002414,129.54075552,133.35719192,129.54075552,133.13910984,129.10459136,29492002,356828275.94,1.1283,3.125,1,0
2023-03-22,sz.002414,132.81198672,134.6656844,132.04869944,134.33856128,133.13910984,25452799,311451228.37,0.9738,0.9009,1,0
2023-03-23,sz.002414,133.90239712,139.027326,133.0300688,138.80924392,134.33856128,47010700,589417240.69,1.7985,3.3279,1,0
2023-03-24,sz.002414,138.37307976,140.1177364,135.42897168,137.3917104,138.80924392,32238056,405383465.54,1.2333,-1.0212,1,0
2023-03-27,sz.002414,137.3917104,137.3917104,133.90239712,135.2108896,137.3917104,26651181,330747121.45,1.0196,-1.5873,1,0
2023-03-28,sz.002414,135.31993064,135.64705376,132.26678152,132.59390464,135.2108896,20359864,248589822.11,0.7789,-1.9355,1,0
2023-03-29,sz.002414,132.4848636,133.575274,131.17637112,132.15774048,132.59390464,20258110,246001689.42,0.775,-0.3289,1,0
2023-03-30,sz.002414,132.15774048,132.37582256,129.7588376,130.74020696,132.15774048,20920513,250902036.34,0.8004,-1.0726,1,0
2023-03-31,sz.002414,130.95828904,131.9396584,130.3040428,131.83061736,130.74020696,12318516,148199689.27,0.4713,0.834,1,0
2023-04-03,sz.002414,131.61253528,134.44760232,131.3944532,134.22952024,131.83061736,20237465,247494533.39,0.7742,1.8197,1,0
2023-04-04,sz.002414,134.33856128,134.88376648,132.4848636,133.79335608,134.22952024,18149696,222059764.55,0.6944,-0.3249,1,0
2023-04-06,sz.002414,133.46623296,137.60979248,132.59390464,136.8465052,133.79335608,28116050,350626623.76,1.0756,2.282,1,0
2023-04-07,sz.002414,136.95554624,136.95554624,134.77472544,135.7560948,136.8465052,17192798,213432905.46,0.6578,-0.7968,1,0
2023-04-10,sz.002414,135.42897168,135.7560948,132.70294568,133.13910984,135.7560948,17540705,215189784.48,0.6711,-1.9277,1,0
2023-04-11,sz.002414,133.35719192,134.33856128,132.26678152,133.0300688,133.13910984,13069729,159647318.05,0.5,-0.0819,1,0
2023-04-12,sz.002414,133.13910984,135.42897168,132.59390464,134.99280752,133.0300688,17984828,221116046.32,0.6881,1.4754,1,0
2023-04-13,sz.002414,134.33856128,134.6656844,130.63116592,130.63116592,134.99280752,26742022,323187533.97,1.0231,-3.231,1,0
2023-04-14,sz.002414,130.849248,132.15774048,129.86787864,131.83061736,130.63116592,13692360,164705437.44,0.5238,0.9182,1,0
2023-04-17,sz.002414,131.83061736,132.04869944,130.849248,131.61253528,131.83061736,11161231,134428160.22,0.427,-0.1654,1,0
2023-04-18,sz.002414,131.17637112,131.61253528,129.43171448,130.08596072,131.61253528,13912816,166209058.95,0.5323,-1.1599,1,0
2023-04-19,sz.002414,130.63116592,130.849248,128.34130408,128.88650928,130.08596072,14762300,174905906.2,0.5648,-0.922,1,0
2023-04-20,sz.002414,129.2136324,130.19500176,127.5780168,128.123222,128.88650928,12823545,151080615.48,0.4906,-0.5922,1,0
2023-04-21,sz.002414,127.79609888,128.77746824,124.08870352,124.3067856,128.123222,19444028,225065870.36,0.7439,-2.9787,1,0
2023-04-24,sz.002414,124.3067856,124.41582664,121.47171856,122.45308792,124.3067856,13607570,153003410.68,0.5206,-1.4912,1,0
2023-04-25,sz.002414,122.1259648,122.34404688,116.45583072,119.07281568,122.45308792,18712183,204247793.44,0.7159,-2.7605,1,0
2023-04-26,sz.002414,118.63665152,120.70843128,118.09144632,120.27226712,119.07281568,8689585,95653890.2,0.3324,1.0073,1,0
2023-04-27,sz.002414,120.05418504,120.81747232,119.50897984,119.72706192,120.27226712,8649940,95275437.55,0.3309,-0.4533,1,0
2023-04-28,sz.002414,117.7643232,120.59939024,117.219118,120.38130816,119.72706192,11262925,123199512.14,0.4309,0.5464,1,0
2023-05-04,sz.002414,120.05418504,121.5807596,119.18185672,120.81747232,120.38130816,10030014,111059054.48,0.3837,0.3623,1,0
2023-05-05,sz.002414,121.14459544,121.14459544,118.8547336,119.72706192,120.81747232,7183427,78833214.2,0.2748,-0.9025,1,0
2023-05-08,sz.002414,120.05418504,121.25363648,119.50897984,120.16322608,119.72706192,9750997,107424017.81,0.373,0.3643,1,0
2023-05-09,sz.002414,120.16322608,120.4903492,117.32815904,117.7643232,120.16322608,14081348,152960072.97,0.5387,-1.9964,1,0
2023-05-10,sz.002414,117.219118,118.52761048,116.89199488,117.98240528,117.7643232,7635238,82434045.6,0.2921,0.1852,1,0
2023-05-11,sz.002414,118.63665152,118.74569256,117.43720008,117.98240528,117.98240528,5402659,58416613.65,0.2067,0.0,1,0
2023-05-12,sz.002414,117.7643232,118.3095284,115.5835024,115.91062552,117.98240528,10162408,108677993.24,0.3888,-1.756,1,0
2023-05-15,sz.002414,116.1287076,118.52761048,115.80158448,118.3095284,115.91062552,9347029,100582864.45,0.3576,2.0696,1,0
2023-05-16,sz.002414,118.41856944,118.41856944,117.32815904,117.54624112,118.3095284,6746977,72863598.96,0.2581,-0.6452,1,0
2023-05-17,sz.002414,117.43720008,119.83610296,117.32815904,119.50897984,117.54624112,10798902,117807521.4,0.4131,1.6698,1,0
2023-05-18,sz.002414,119.50897984,119.945144,118.96377464,119.72706192,119.50897984,8347436,91418433.3,0.3194,0.1825,1,0
2023-05-19,sz.002414,119.72706192,119.72706192,117.7643232,118.09144632,119.72706192,10414584,113032322.44,0.3984,-1.3661,1,0
2023-05-22,sz.002414,118.20048736,119.07281568,116.89199488,118.8547336,118.09144632,8618358,93341707.97,0.3297,0.6464,1,0
2023-05-23,sz.002414,119.07281568,119.07281568,117.54624112,117.65528216,118.8547336,6577398,71199636.94,0.2516,-1.0092,1,0
2023-05-24,sz.002414,117.7643232,117.98240528,115.80158448,115.80158448,117.65528216,11033862,117951977.18,0.4221,-1.5755,1,0
2023-05-25,sz.002414,115.80158448,116.45583072,112.8574764,113.72980472,115.80158448,12489560,131119721.71,0.4778,-1.7891,1,0
2023-05-26,sz.002414,114.05692784,114.82021512,111.87610704,114.60213304,113.72980472,8833602,91981707.88,0.338,0.767,1,0
2023-05-29,sz.002414,115.36542032,115.47446136,113.29364056,113.83884576,114.60213304,7107947,74443354.29,0.2719,-0.666,1,0
2023-05-30,sz.002414,113.9478868,114.16596888,110.45857352,111.43994288,113.83884576,18773897,192324721.59,0.7182,-2.1073,1,0
2023-05-31,sz.002414,111.54898392,112.09418912,110.6766556,111.98514808,111.43994288,9532457,97504080.7,0.3647,0.4892,1,0
2023-06-01,sz.002414,112.09418912,116.45583072,110.89473768,114.38405096,111.98514808,14487740,151402878.52,0.5543,2.1422,1,0
2023-06-02,sz.002414,114.27500992,114.92925616,113.18459952,114.493092,114.38405096,9557219,99890792.85,0.3656,0.0953,1,0
2023-06-05,sz.002414,114.493092,115.25637928,114.16596888,114.71117408,114.493092,6652269,69955677.9,0.2545,0.1905,1,0
2023-06-06,sz.002414,114.16596888,114.27500992,111.54898392,111.65802496,114.71117408,8959257,92680248.59,0.3428,-2.6616,1,0
2023-06-07,sz.002414,111.767066,112.20323016,110.45857352,110.78569664,111.65802496,8954656,91269257.69,0.3426,-0.7813,1,0
2023-06-08,sz.002414,110.6766556,110.89473768,107.84158856,107.9506296,110.78569664,18755935,186890335.46,0.7176,-2.5591,1,0
2023-06-09,sz.002414,107.9506296,108.27775272,102.17145448,104.6793984,107.9506296,35029681,334530568.15,1.3401,-3.0303,1,0
2023-06-12,sz.002414,104.57035736,105.7698088,103.91611112,105.55172672,104.6793984,14636058,140982418.83,0.5599,0.8333,1,0
2023-06-13,sz.002414,106.53309608,108.4958348,106.315014,108.05967064,105.55172672,15932027,157075679.44,0.6095,2.376,1,0
2023-06-14,sz.002414,108.38679376,110.02240936,107.07830128,109.04104,108.05967064,14531105,144717503.21,0.5559,0.9082,1,0
2023-06-15,sz.002414,109.5862452,109.5862452,108.27775272,108.93199896,109.04104,8731497,87179950.4,0.334,-0.1,1,0
2023-06-16,sz.002414,108.93199896,111.00377872,108.71391688,110.6766556,108.93199896,10668820,107551895.61,0.4082,1.6016,1,0
2023-06-19,sz.002414,110.89473768,111.54898392,110.34953248,110.6766556,110.6766556,11200394,113993924.63,0.4285,0.0,1,0
2023-06-20,sz.002414,111.10729752,112.25569336,110.82019856,111.82504492,110.67664908,18506067,144121366.74,0.5446,1.0376,1,0
2023-06-21,sz.002414,111.68149544,112.11214388,109.38470376,109.95890168,111.82504492,16873925,129930410.18,0.4966,-1.6688,1,0
2023-06-26,sz.002414,110.10245116,110.5330996,107.66211,107.94920896,109.95890168,15584066,118091869.36,0.4586,-1.8277,1,0
2023-06-27,sz.002414,107.94920896,109.52825324,107.37501104,108.66695636,107.94920896,8374096,63427495.9,0.2464,0.6649,1,0
2023-06-28,sz.002414,108.3798574,108.66695636,105.93951624,108.23630792,108.66695636,13953444,104320886.51,0.4106,-0.3963,1,0
2023-06-29,sz.002414,107.94920896,110.24600064,107.66211,109.67180272,108.23630792,12629170,96298684.16,0.3717,1.3263,1,0
2023-06-30,sz.002414,109.24115428,111.82504492,109.0976048,111.53794596,109.67180272,15440198,119440034.61,0.4544,1.7016,1,0
2023-07-03,sz.002414,111.53794596,113.69118816,111.53794596,112.11214388,111.53794596,16342541,128072915.8,0.4809,0.5148,1,0
2023-07-04,sz.002414,112.6863418,115.41378192,111.53794596,114.55248504,112.11214388,24318452,193387806.17,0.7157,2.1767,1,0
2023-07-05,sz.002414,114.1218366,115.12668296,113.11699024,113.83473764,114.55248504,14955553,118896055.41,0.4401,-0.6266,1,0
2023-07-06,sz.002414,113.69118816,114.40893556,112.6863418,112.97344076,113.83473764,11309660,89361035.96,0.3328,-0.7566,1,0
2023-07-07,sz.002414,112.54279232,113.26053972,111.39439648,111.68149544,112.97344076,10447951,81552212.01,0.3075,-1.1436,1,0
2023-07-10,sz.002414,112.6863418,113.11699024,111.53794596,111.9685944,111.68149544,8608790,67362010.19,0.2533,0.2571,1,0
2023-07-11,sz.002414,111.9685944,114.40893556,111.68149544,114.1218366,111.9685944,14504180,114913125.46,0.4268,1.9231,1,0
2023-07-12,sz.002414,114.1218366,120.29446424,113.26053972,115.84443036,114.1218366,45833616,372737811.61,1.3488,1.5094,1,0
2023-07-13,sz.002414,116.2750788,121.2993106,115.84443036,120.15091476,115.84443036,49481568,413499260.59,1.4562,3.7175,1,0
2023-07-14,sz.002414,119.72026632,122.16060748,119.00251892,119.28961788,120.15091476,31610328,264506390.63,0.9302,-0.7168,1,0
2023-07-17,sz.002414,119.00251892,119.00251892,115.98797984,116.84927672,119.28961788,22256052,181453998.08,0.655,-2.0457,1,0
2023-07-18,sz.002414,118.85896944,119.00251892,116.84927672,117.13637568,116.84927672,12348934,101095423.0,0.3634,0.2457,1,0
2023-07-19,sz.002414,116.9928262,116.9928262,115.70088088,116.41862828,117.13637568,12263799,99395392.26,0.3609,-0.6127,1,0
2023-07-20,sz.002414,116.13152932,116.70572724,113.4040892,113.69118816,116.41862828,19646604,157078205.07,0.5782,-2.3428,1,0
2023-07-21,sz.002414,113.97828712,115.27023244,112.97344076,114.98313348,113.69118816,11460262,91403813.7,0.3373,1.1364,1,0
2023-07-24,sz.002414,114.839584,121.2993106,114.40893556,119.00251892,114.98313348,35203576,291863300.3,1.036,3.4956,1,0
2023-07-25,sz.002414,118.71541996,119.28961788,117.56702412,118.57187048,119.00251892,21337677,175690351.03,0.6279,-0.3619,1,0
2023-07-26,sz.002414,118.71541996,121.01221164,117.42347464,119.00251892,118.57187048,29550604,245701628.54,0.8696,0.3632,1,0
2023-07-27,sz.002414,118.71541996,119.28961788,116.56217776,116.70572724,119.00251892,18408855,151041054.3,0.5417,-1.93,1,0
2023-07-28,sz.002414,116.41862828,117.99767256,115.27023244,117.56702412,116.70572724,18931316,154172866.38,0.5571,0.738,1,0
2023-07-31,sz.002414,117.42347464,117.99767256,116.70572724,117.99767256,117.56702412,17100147,139805360.2,0.5032,0.3663,1,0
2023-08-01,sz.002414,117.99767256,119.00251892,116.2750788,117.27992516,117.99767256,14664820,119693003.06,0.4316,-0.6083,1,0
2023-08-02,sz.002414,117.85412308,119.72026632,116.13152932,116.56217776,117.27992516,17923451,146710163.78,0.5275,-0.612,1,0
2023-08-03,sz.002414,116.13152932,116.13152932,114.98313348,115.84443036,116.56217776,11816630,95159307.51,0.3477,-0.6158,1,0
2023-08-04,sz.002414,115.98797984,117.56702412,115.5573314,116.41862828,115.84443036,12677285,102689725.61,0.3731,0.4957,1,0
2023-08-07,sz.002414,116.9928262,117.13637568,115.12668296,115.84443036,116.41862828,11430934,92444288.77,0.3364,-0.4932,1,0
2023-08-08,sz.002414,115.70088088,115.84443036,112.6863418,113.4040892,115.84443036,22031607,174447090.14,0.6484,-2.1066,1,0
2023-08-09,sz.002414,113.54763868,114.26538608,112.97344076,113.69118816,113.4040892,8400819,66582443.76,0.2472,0.2532,1,0
2023-08-10,sz.002414,113.69118816,114.40893556,113.26053972,113.97828712,113.69118816,6740526,53469969.83,0.1984,0.2525,1,0
2023-08-11,sz.002414,113.69118816,114.55248504,111.250847,111.39439648,113.97828712,12599017,98963930.16,0.3708,-2.267,1,0
2023-08-14,sz.002414,110.5330996,112.6863418,109.95890168,112.54279232,111.39439648,10175731,78866829.95,0.2995,1.0309,1,0
2023-08-15,sz.002414,111.9685944,112.39924284,109.38470376,110.38955012,112.54279232,10841387,83589998.52,0.319,-1.9133,1,0
2023-08-16,sz.002414,110.5330996,110.96374804,109.0976048,109.38470376,110.38955012,9166446,70204179.37,0.2698,-0.9103,1,0
2023-08-17,sz.002414,108.81050584,111.68149544,108.52340688,111.53794596,109.38470376,12994493,99983718.4,0.3824,1.9685,1,0
2023-08-18,sz.002414,111.68149544,112.11214388,109.0976048,109.24115428,111.53794596,10938970,84237820.81,0.3219,-2.0592,1,0
2023-08-21,sz.002414,109.24115428,110.10245116,107.23146156,107.23146156,109.24115428,10735184,81267079.92,0.3159,-1.8397,1,0
2023-08-22,sz.002414,107.23146156,108.66695636,105.79596676,108.66695636,107.23146156,12433312,93029289.33,0.3659,1.3387,1,0
2023-08-23,sz.002414,108.52340688,108.52340688,105.79596676,105.93951624,108.66695636,12223562,90811560.92,0.3597,-2.5099,1,0
2023-08-24,sz.002414,106.2266152,106.80081312,104.7911204,105.65241728,105.93951624,9587789,70728344.03,0.2822,-0.271,1,0
2023-08-25,sz.002414,105.22176884,105.79596676,103.3556256,103.78627404,105.65241728,11158643,81261238.35,0.3284,-1.7663,1,0
2023-08-28,sz.002414,108.3798574,109.67180272,103.49917508,103.78627404,103.78627404,17737618,131264540.5,0.522,0.0,1,0
2023-08-29,sz.002414,103.49917508,108.23630792,103.49917508,107.94920896,103.78627404,20179889,150225002.5,0.5939,4.0111,1,0
2023-08-30,sz.002414,108.3798574,110.67664908,107.94920896,110.24600064,107.94920896,19508604,149422152.97,0.5741,2.1277,1,0
2023-08-31,sz.002414,110.67664908,112.6863418,109.8153522,110.67664908,110.24600064,23251516,180048236.25,0.6843,0.3906,1,0
2023-09-01,sz.002414,110.67664908,111.10729752,109.0976048,109.67180272,110.67664908,11850608,90881582.64,0.3487,-0.9079,1,0
2023-09-04,sz.002414,110.10245116,110.96374804,109.52825324,110.82019856,109.67180272,11025711,84806674.42,0.3245,1.0471,1,0
2023-09-05,sz.002414,110.82019856,111.82504492,110.10245116,110.96374804,110.82019856,15655973,121006045.33,0.4607,0.1295,1,0
2023-09-06,sz.002414,110.96374804,112.39924284,109.67180272,112.25569336,110.96374804,16216410,126094645.75,0.4772,1.1643,1,0
2023-09-07,sz.002414,112.11214388,112.54279232,110.5330996,110.67664908,112.25569336,13227569,102776068.9,0.3893,-1.4066,1,0
2023-09-08,sz.002414,110.82019856,112.39924284,110.5330996,112.11214388,110.67664908,12546335,97774180.05,0.3692,1.297,1,0
2023-09-11,sz.002414,112.11214388,112.82989128,111.250847,112.25569336,112.11214388,13506959,105404395.39,0.3975,0.128,1,0
2023-09-12,sz.002414,112.39924284,112.97344076,111.39439648,112.25569336,112.25569336,10919922,85456657.78,0.3214,0.0,1,0
2023-09-13,sz.002414,112.25569336,112.39924284,110.24600064,111.10729752,112.25569336,10888166,84282464.87,0.3204,-1.023,1,0
2023-09-14,sz.002414,110.96374804,111.68149544,110.38955012,111.10729752,111.10729752,10392468,80420517.0,0.3058,0.0,1,0
2023-09-15,sz.002414,110.96374804,111.39439648,109.24115428,109.95890168,111.10729752,10433582,80150080.5,0.307,-1.0336,1,0
2023-09-18,sz.002414,109.8153522,110.67664908,108.81050584,110.24600064,109.95890168,9077863,69569015.74,0.2671,0.2611,1,0
2023-09-19,sz.002414,110.38955012,110.5330996,108.09275844,108.81050584,110.24600064,9936366,75390534.1,0.2924,-1.3021,1,0
2023-09-20,sz.002414,108.23630792,109.0976048,108.09275844,108.23630792,108.81050584,7278141,55030573.8,0.2142,-0.5277,1,0
2023-09-21,sz.002414,108.09275844,109.0976048,107.51856052,107.94920896,108.23630792,8437376,63641978.14,0.2483,-0.2653,1,0
2023-09-22,sz.002414,107.66211,110.10245116,107.66211,109.95890168,107.94920896,8791741,66843544.45,0.2587,1.8617,1,0
2023-09-25,sz.002414,109.52825324,110.38955012,109.24115428,109.67180272,109.95890168,9597600,73399046.36,0.2824,-0.2611,1,0
2023-09-26,sz.002414,109.52825324,109.95890168,108.52340688,108.52340688,109.67180272,6906254,52479881.66,0.2032,-1.0471,1,0
2023-09-27,sz.002414,108.52340688,109.52825324,108.09275844,108.23630792,108.52340688,7750072,58652085.78,0.2281,-0.2646,1,0
2023-09-28,sz.002414,108.81050584,109.8153522,108.52340688,109.38470376,108.23630792,9883108,75182037.15,0.2908,1.061,1,0
2023-10-09,sz.002414,109.24115428,110.82019856,108.66695636,110.38955012,109.38470376,13016900,99804247.42,0.3831,0.9186,1,0
2023-10-10,sz.002414,110.38955012,111.53794596,110.38955012,111.10729752,110.38955012,10403894,80500657.37,0.3062,0.6502,1,0
2023-10-11,sz.002414,111.39439648,113.26053972,110.82019856,112.54279232,111.10729752,15406987,120507789.55,0.4534,1.292,1,0
2023-10-12,sz.002414,112.54279232,112.82989128,111.68149544,112.54279232,112.54279232,10481148,81962634.12,0.3084,0.0,1,0
2023-10-13,sz.002414,112.25569336,113.26053972,111.250847,112.97344076,112.54279232,11513402,90295586.02,0.3388,0.3827,1,0
2023-10-16,sz.002414,112.97344076,112.97344076,110.96374804,111.39439648,112.97344076,10527834,81975550.25,0.3098,-1.3977,1,0
2023-10-17,sz.002414,111.53794596,111.82504492,110.24600064,111.10729752,111.39439648,9762230,75454292.64,0.2873,-0.2577,1,0
2023-10-18,sz.002414,110.67664908,110.82019856,109.0976048,109.24115428,111.10729752,10790550,82464787.37,0.3176,-1.6796,1,0
2023-10-19,sz.002414,108.95405532,110.24600064,108.09275844,108.09275844,109.24115428,8609221,65507473.66,0.2534,-1.0512,1,0
2023-10-20,sz.002414,107.80565948,108.81050584,105.79596676,105.93951624,108.09275844,11715891,87448413.73,0.3448,-1.992,1,0
2023-10-23,sz.002414,105.93951624,107.66211,104.21692248,105.93951624,105.93951624,14254590,105192835.23,0.4195,0.0,1,0
2023-10-24,sz.002414,106.37016468,106.9443626,103.92982352,105.5088678,105.93951624,14810108,108633393.73,0.4358,-0.4065,1,0
2023-10-25,sz.002414,106.2266152,106.80081312,105.5088678,106.65726364,105.5088678,11721585,86781915.47,0.345,1.0884,1,0
2023-10-26,sz.002414,106.08306572,108.52340688,104.93466988,108.3798574,106.65726364,14402172,107181973.48,0.4238,1.6151,1,0
2023-10-27,sz.002414,108.3798574,109.38470376,106.9443626,108.95405532,108.3798574,10407862,78537877.9,0.3063,0.5298,1,0
2023-10-30,sz.002414,110.5330996,113.83473764,110.5330996,113.69118816,108.95405532,31841817,249927463.45,0.9371,4.3478,1,0
2023-10-31,sz.002414,112.6863418,114.1218366,112.25569336,113.69118816,113.69118816,18841759,149013790.02,0.5545,0.0,1,0
2023-11-01,sz.002414,113.69118816,114.40893556,112.25569336,112.97344076,113.69118816,15923968,125765406.06,0.4686,-0.6313,1,0
2023-11-02,sz.002414,113.4040892,113.54763868,110.67664908,110.67664908,112.97344076,14624364,113949306.98,0.4304,-2.033,1,0
2023-11-03,sz.002414,111.250847,113.83473764,110.82019856,112.97344076,110.67664908,15454672,121279377.45,0.4548,2.0752,1,0
2023-11-06,sz.002414,113.4040892,113.97828712,112.54279232,113.26053972,112.97344076,17156178,135382500.88,0.5049,0.2541,1,0
2023-11-07,sz.002414,112.82989128,113.83473764,112.11214388,113.4040892,113.26053972,13626240,107436832.27,0.401,0.1267,1,0
2023-11-08,sz.002414,113.4040892,115.27023244,112.97344076,113.83473764,113.4040892,21057380,167120631.07,0.6197,0.3797,1,0
2023-11-09,sz.002414,113.54763868,114.69603452,112.6863418,112.97344076,113.83473764,16745085,132323374.11,0.4928,-0.7566,1,0
2023-11-10,sz.002414,112.6863418,114.1218366,112.25569336,113.4040892,112.97344076,13798994,109158370.97,0.4061,0.3812,1,0
2023-11-13,sz.002414,113.69118816,115.70088088,113.54763868,115.41378192,113.4040892,21226245,170072223.84,0.6247,1.7722,1,0
2023-11-14,sz.002414,115.84443036,117.27992516,115.41378192,115.98797984,115.41378192,20352970,164866588.35,0.599,0.4975,1,0
2023-11-15,sz.002414,116.56217776,116.70572724,115.27023244,115.98797984,115.98797984,12794079,103290221.65,0.3765,0.0,1,0
2023-11-16,sz.002414,115.5573314,116.56217776,114.98313348,114.98313348,115.98797984,11411209,92081873.63,0.3358,-0.8663,1,0
2023-11-17,sz.002414,114.69603452,115.70088088,114.55248504,115.12668296,114.98313348,10636208,85282816.23,0.313,0.1248,1,0
2023-11-20,sz.002414,114.98313348,115.98797984,114.55248504,115.41378192,115.12668296,12554559,100788146.55,0.3695,0.2494,1,0
2023-11-21,sz.002414,115.41378192,115.98797984,113.83473764,113.97828712,115.41378192,15760214,125968118.65,0.4638,-1.2438,1,0
2023-11-22,sz.002414,114.26538608,114.40893556,112.25569336,112.25569336,113.97828712,12944135,101989063.09,0.3809,-1.5113,1,0
2023-11-23,sz.002414,112.25569336,113.83473764,111.9685944,113.4040892,112.25569336,8838455,69597502.16,0.2601,1.023,1,0
2023-11-24,sz.002414,113.54763868,113.83473764,111.250847,111.82504492,113.4040892,10155245,79394502.85,0.2989,-1.3924,1,0
2023-11-27,sz.002414,111.250847,112.25569336,110.38955012,111.68149544,111.82504492,14295806,110877065.74,0.4207,-0.1284,1,0
2023-11-28,sz.002414,111.39439648,112.6863418,111.250847,112.54279232,111.68149544,10721966,83741588.74,0.3155,0.7712,1,0
2023-11-29,sz.002414,112.54279232,113.4040892,112.11214388,112.6863418,112.54279232,11130605,87501681.64,0.3276,0.1276,1,0
2023-11-30,sz.002414,112.39924284,113.69118816,110.38955012,111.39439648,112.6863418,18742747,145800282.09,0.5516,-1.1465,1,0
2023-12-01,sz.002414,110.82019856,111.39439648,109.24115428,110.10245116,111.39439648,16027347,122823126.74,0.4717,-1.1598,1,0
2023-12-04,sz.002414,110.10245116,110.5330996,109.0976048,109.8153522,110.10245116,18195016,139084403.0,0.5355,-0.2608,1,0
2023-12-05,sz.002414,109.52825324,109.8153522,106.9443626,106.9443626,109.8153522,16385286,123359127.44,0.4822,-2.6144,1,0
2023-12-06,sz.002414,106.80081312,107.66211,105.65241728,105.79596676,106.9443626,20181523,149590348.37,0.5939,-1.0738,1,0
2023-12-07,sz.002414,105.79596676,106.37016468,104.7911204,105.36531832,105.79596676,19575378,143863111.38,0.5761,-0.4071,1,0
2023-12-08,sz.002414,105.36531832,108.66695636,105.07821936,107.66211,105.36531832,40332974,301265048.61,1.1869,2.1798,1,0
2023-12-11,sz.002414,107.51856052,107.51856052,103.06852664,106.65726364,107.66211,35619873,260775110.61,1.0482,-0.9333,1,0
2023-12-12,sz.002414,106.65726364,107.51856052,105.79596676,106.9443626,106.65726364,16803695,124822683.97,0.4945,0.2692,1,0
2023-12-13,sz.002414,106.80081312,108.09275844,106.2266152,106.37016468,106.9443626,12173205,90795006.01,0.3582,-0.5369,1,0
2023-12-14,sz.002414,106.2266152,107.51856052,105.5088678,105.65241728,106.37016468,9156933,67804220.34,0.2695,-0.6748,1,0
2023-12-15,sz.002414,105.93951624,106.2266152,104.21692248,104.50402144,105.65241728,12003568,87931049.5,0.3532,-1.087,1,0
2023-12-18,sz.002414,104.073373,104.36047196,101.05883392,101.34593288,104.50402144,21449396,152798017.59,0.6312,-3.022,1,0
2023-12-19,sz.002414,101.63303184,101.9201308,100.77173496,101.34593288,101.34593288,11729500,82713874.38,0.3452,0.0,1,0
2023-12-20,sz.002414,101.48948236,101.9201308,100.34108652,100.484636,101.34593288,10939774,77009650.87,0.3219,-0.8499,1,0
2023-12-21,sz.002414,100.19753704,100.91528444,98.47494328,100.34108652,100.484636,13812870,96009946.33,0.4065,-0.1429,1,0
2023-12-22,sz.002414,100.62818548,102.6378782,99.91043808,101.77658132,100.34108652,21099832,149151437.4,0.6209,1.4306,1,0
2023-12-25,sz.002414,101.9201308,104.50402144,101.9201308,102.78142768,101.77658132,21981708,158005241.22,0.6469,0.9873,1,0
2023-12-26,sz.002414,102.6378782,102.92497716,99.91043808,100.484636,102.78142768,13415288,94262176.45,0.3948,-2.2346,1,0
2023-12-27,sz.002414,100.484636,103.49917508,99.62333912,102.35077924,100.484636,17157194,121326614.07,0.5049,1.8571,1,0
2023-12-28,sz.002414,104.073373,104.21692248,101.77658132,103.49917508,102.35077924,18837078,135456886.12,0.5544,1.122,1,0
2023-12-29,sz.002414,103.3556256,105.07821936,102.78142768,104.7911204,103.49917508,17197288,125077756.61,0.5061,1.2483,1,0
2024-01-02,sz.002414,105.36531832,106.2266152,104.21692248,104.21692248,104.7911204,16629785,121741650.66,0.4894,-0.5479,1,0
2024-01-03,sz.002414,103.78627404,104.7911204,103.21207612,104.36047196,104.21692248,18042413,130643139.15,0.531,0.1377,1,0
2024-01-04,sz.002414,104.073373,104.073373,102.06368028,102.78142768,104.36047196,15956728,114358280.43,0.4696,-1.5131,1,0
2024-01-05,sz.002414,102.6378782,102.92497716,100.34108652,100.77173496,102.78142768,14669753,103705951.77,0.4317,-1.9553,1,0
2024-01-08,sz.002414,100.19753704,100.34108652,96.46525056,96.60880004,100.77173496,24000483,163413114.17,0.7063,-4.1311,1,0
2024-01-09,sz.002414,96.75234952,98.90559172,96.60880004,97.18299796,96.60880004,14748013,100154134.28,0.434,0.5944,1,0
2024-01-10,sz.002414,96.75234952,98.04429484,95.17330524,96.46525056,97.18299796,12092928,81438185.1,0.3559,-0.7386,1,0
2024-01-11,sz.002414,96.75234952,98.61849276,96.1781516,98.47494328,96.46525056,14060580,95805115.8,0.4138,2.0833,1,0
2024-01-12,sz.002414,98.47494328,98.61849276,97.32654744,97.6136464,98.47494328,11644438,79490056.76,0.3427,-0.8746,1,0
2024-01-15,sz.002414,97.6136464,98.90559172,96.75234952,96.895899,97.6136464,11736516,79736722.24,0.3454,-0.7353,1,0
2024-01-16,sz.002414,96.895899,96.895899,93.59426096,95.4604042,96.895899,19266631,127728587.37,0.567,-1.4815,1,0
2024-01-17,sz.002414,95.02975576,95.31685472,92.5894146,92.5894146,95.4604042,12967304,84698623.13,0.3816,-3.0075,1,0
2024-01-18,sz.002414,92.01521668,92.5894146,89.0006776,91.72811772,92.5894146,21417974,135161319.49,0.6303,-0.9302,1,0
2024-01-19,sz.002414,91.8716672,92.44586512,90.86682084,91.29746928,91.72811772,11259073,71914591.48,0.3313,-0.4695,1,0
2024-01-22,sz.002414,91.29746928,91.29746928,84.6941932,85.4119406,91.29746928,24543470,150180966.29,0.7223,-6.4465,1,0
2024-01-23,sz.002414,85.4119406,87.27808384,83.9764458,86.70388592,85.4119406,18138630,108598125.88,0.5338,1.5126,1,0
2024-01-24,sz.002414,87.42163332,87.99583124,84.55064372,87.5651828,86.70388592,15057111,90698673.62,0.4431,0.9934,1,0
2024-01-25,sz.002414,87.85228176,90.72327136,87.13453436,90.57972188,87.5651828,17117373,106572735.84,0.5037,3.4426,1,0
2024-01-26,sz.002414,90.4361724,90.72327136,88.85712812,89.28777656,90.57972188,12340626,77227767.56,0.3632,-1.4263,1,0
2024-01-29,sz.002414,89.14422708,90.29262292,86.8474354,86.99098488,89.28777656,14624549,89731161.33,0.4304,-2.5723,1,0
2024-01-30,sz.002414,86.56033644,87.5651828,84.55064372,84.55064372,86.99098488,12175203,73057686.42,0.3583,-2.8053,1,0
2024-01-31,sz.002414,82.11030256,82.11030256,77.22962024,77.37316972,84.55064372,34371116,189000171.5,1.0115,-8.489,1,0
2024-02-01,sz.002414,77.37316972,79.38286244,76.0812244,78.09091712,77.37316972,24105914,131029571.65,0.7094,0.9276,1,0
2024-02-02,sz.002414,77.94736764,79.09576348,71.48764104,73.9279822,78.09091712,26692771,139931879.74,0.7855,-5.3309,1,0
2024-02-05,sz.002414,73.2102348,74.21508116,66.7505082,69.90859676,73.9279822,44080137,215888979.94,1.2972,-5.4369,1,0
2024-02-06,sz.002414,69.76504728,76.94252128,69.04729988,76.51187284,69.90859676,41664101,214751484.46,1.2261,9.4456,1,0
2024-02-07,sz.002414,77.66026868,84.11999528,77.37316972,84.11999528,76.51187284,58233860,334668298.87,1.7137,9.9437,1,0
2024-02-08,sz.002414,84.11999528,91.1539198,83.9764458,88.2829302,84.11999528,54218125,333774582.14,1.5956,4.9488,1,0
2024-02-19,sz.002414,90.4361724,90.4361724,84.6941932,85.98613852,88.2829302,41589244,248790494.48,1.2239,-2.6016,1,0
2024-02-20,sz.002414,85.26839112,85.98613852,84.11999528,85.55549008,85.98613852,21295859,125874642.5,0.6267,-0.5008,1,0
2024-02-21,sz.002414,84.83774268,88.2829302,83.83289632,86.129688,85.55549008,26448868,159573375.46,0.7784,0.6711,1,0
2024-02-22,sz.002414,85.98613852,87.42163332,85.55549008,86.8474354,86.129688,18069848,109020352.54,0.5318,0.8333,1,0
2024-02-23,sz.002414,87.27808384,87.42163332,84.98129216,87.13453436,86.8474354,28425842,170804874.96,0.8365,0.3306,1,0
2024-02-26,sz.002414,87.5651828,90.4361724,86.8474354,89.28777656,87.13453436,30961112,191392913.46,0.9111,2.4712,1,0
2024-02-27,sz.002414,89.0006776,91.72811772,88.13938072,91.72811772,89.28777656,24197586,151943189.33,0.7121,2.7331,1,0
2024-02-28,sz.002414,91.72811772,93.45071148,87.42163332,87.5651828,91.72811772,35566184,224879642.63,1.0467,-4.5383,1,0
2024-02-29,sz.002414,87.27808384,91.01037032,86.70388592,90.57972188,87.5651828,26302665,164753716.63,0.7741,3.4426,1,0
2024-03-01,sz.002414,91.01037032,93.02006304,90.4361724,92.30231564,90.57972188,26359860,168670256.45,0.7757,1.9017,1,0
2024-03-04,sz.002414,92.5894146,93.307162,90.72327136,91.72811772,92.30231564,21805657,139713614.51,0.6417,-0.6221,1,0
2024-03-05,sz.002414,91.72811772,93.307162,90.72327136,91.8716672,91.72811772,23211025,149197168.23,0.6831,0.1565,1,0
2024-03-06,sz.002414,91.58456824,92.15876616,89.14422708,90.86682084,91.8716672,22459590,141962464.21,0.661,-1.0938,1,0
2024-03-07,sz.002414,91.1539198,92.15876616,89.0006776,89.0006776,90.86682084,23101301,145984221.12,0.6798,-2.0537,1,0
2024-03-08,sz.002414,92.44586512,97.90074536,90.86682084,97.90074536,89.0006776,65449861,427942789.26,1.9261,10.0,1,0
2024-03-11,sz.002414,107.66211,107.66211,107.66211,107.66211,97.90074536,19053446,142900845.0,0.5607,9.9707,1,0
2024-03-12,sz.002414,118.428321,118.428321,113.83473764,118.428321,107.66211,211045712,1732451919.88,6.2108,10.0,1,0
2024-03-13,sz.002414,118.14122204,120.86866216,112.6863418,114.98313348,118.428321,231362743,1868402912.86,6.8087,-2.9091,1,0
2024-03-14,sz.002414,111.9685944,112.97344076,104.93466988,106.80081312,114.98313348,165297304,1247125535.21,4.8645,-7.1161,1,0
2024-03-15,sz.002414,106.08306572,108.81050584,105.22176884,107.66211,106.80081312,99898943,746408651.52,2.9399,0.8065,1,0
2024-03-18,sz.002414,108.95405532,111.53794596,107.94920896,110.38955012,107.66211,104323962,797093283.11,3.0701,2.5333,1,0
2024-03-19,sz.002414,111.39439648,121.15576112,109.67180272,115.84443036,110.38955012,193763013,1540604179.38,5.7022,4.9415,1,0
2024-03-20,sz.002414,114.1218366,115.84443036,111.68149544,113.54763868,115.84443036,107471956,848143808.35,3.1628,-1.9827,1,0
2024-03-21,sz.002414,114.1218366,115.27023244,112.11214388,112.6863418,113.54763868,76596077,604777430.84,2.2541,-0.7585,1,0
2024-03-22,sz.002414,112.11214388,112.97344076,108.52340688,109.0976048,112.6863418,77380488,592871462.89,2.2772,-3.1847,1,0
2024-03-25,sz.002414,109.0976048,110.24600064,105.36531832,105.5088678,109.0976048,50414708,378267534.39,1.4836,-3.2895,1,0
2024-03-26,sz.002414,105.07821936,106.2266152,102.6378782,103.78627404,105.5088678,47568162,345861773.93,1.3999,-1.6327,1,0
2024-03-27,sz.002414,103.78627404,103.78627404,99.0491412,99.33624016,103.78627404,47670916,335894892.99,1.4029,-4.2877,1,0
2024-03-28,sz.002414,99.33624016,105.79596676,99.33624016,104.073373,99.33624016,65192104,468037232.84,1.9185,4.7688,1,0
2024-03-29,sz.002414,104.21692248,104.93466988,102.49432872,103.78627404,104.073373,32645887,235380781.25,0.9607,-0.2759,1,0
2024-04-01,sz.002414,104.073373,106.9443626,103.78627404,106.37016468,103.78627404,47832814,351446847.1,1.4077,2.4896,1,0
2024-04-02,sz.002414,105.93951624,106.2266152,103.78627404,104.36047196,106.37016468,33462910,244084620.68,0.9848,-1.8893,1,0
2024-04-03,sz.002414,104.36047196,104.64757092,101.9201308,103.3556256,104.36047196,30087046,216637214.64,0.8854,-0.9629,1,0
2024-04-08,sz.002414,102.6378782,103.3556256,100.62818548,100.62818548,103.3556256,26809171,190387333.5,0.789,-2.6389,1,0
2024-04-09,sz.002414,100.91528444,102.92497716,100.62818548,101.77658132,100.62818548,21735255,153627867.99,0.6396,1.1412,1,0
2024-04-10,sz.002414,101.05883392,101.34593288,98.04429484,99.19269068,101.77658132,29045966,201128917.86,0.8548,-2.5388,1,0
2024-04-11,sz.002414,98.61849276,100.484636,98.3313938,98.76204224,99.19269068,22322154,154725365.09,0.6569,-0.4342,1,0
2024-04-12,sz.002414,98.47494328,100.05398756,98.18784432,98.47494328,98.76204224,20563188,141869710.79,0.6051,-0.2907,1,0
2024-04-15,sz.002414,98.47494328,100.484636,97.03944848,98.76204224,98.47494328,32636945,225196205.21,0.9605,0.2915,1,0
2024-04-16,sz.002414,96.1781516,96.1781516,89.57487552,89.86197448,98.76204224,55269194,356336437.14,1.6262,-9.0116,1,0
2024-04-17,sz.002414,90.72327136,95.31685472,90.72327136,95.02975576,89.86197448,42293211,277052689.83,1.2444,5.7508,1,0
2024-04-18,sz.002414,95.31685472,97.32654744,93.45071148,95.4604042,95.02975576,29789390,198653185.14,0.8765,0.4532,1,0
2024-04-19,sz.002414,94.88620628,96.1781516,94.0249094,95.02975576,95.4604042,26026746,172288211.29,0.7658,-0.4511,1,0
2024-04-22,sz.002414,96.895899,98.18784432,93.59426096,95.17330524,95.02975576,38919969,259462221.6,1.1452,0.1511,1,0
2024-04-23,sz.002414,94.16845888,96.1781516,94.0249094,94.7426568,95.17330524,25669443,169984113.2,0.7553,-0.4525,1,0
2024-04-24,sz.002414,94.7426568,98.04429484,94.7426568,97.6136464,94.7426568,36651927,247751729.87,1.0784,3.0303,1,0
2024-04-25,sz.002414,97.03944848,99.19269068,96.32170108,98.18784432,97.6136464,30009017,205085547.94,0.883,0.5882,1,0
2024-04-26,sz.002414,97.6136464,101.2023834,97.32654744,100.62818548,98.18784432,34720508,242102969.0,1.0216,2.4854,1,0
2024-04-29,sz.002414,99.62333912,102.20722976,98.47494328,101.9201308,100.62818548,45722995,321379442.52,1.3453,1.2839,1,0
2024-04-30,sz.002414,101.77658132,102.6378782,99.7668886,100.62818548,101.9201308,28445894,199739447.97,0.837,-1.2676,1,0
2024-05-06,sz.002414,101.05883392,102.35077924,100.484636,100.77173496,100.62818548,27620385,195052057.1,0.8127,0.1427,1,0
2024-05-07,sz.002414,100.77173496,102.20722976,99.7668886,101.2023834,100.77173496,25635430,180948034.61,0.7543,0.4274,1,0
2024-05-08,sz.002414,100.91528444,101.2023834,99.0491412,99.19269068,101.2023834,21033891,146529561.28,0.6189,-1.9858,1,0
2024-05-09,sz.002414,99.33624016,102.06368028,99.0491412,101.48948236,99.19269068,26366846,185527776.74,0.7758,2.3155,1,0
2024-05-10,sz.002414,101.9201308,102.06368028,99.7668886,100.19753704,101.48948236,21204688,148342649.38,0.6239,-1.273,1,0
2024-05-13,sz.002414,99.62333912,100.484636,97.6136464,99.0491412,100.19753704,20651858,142564873.48,0.6077,-1.1461,1,0
2024-05-14,sz.002414,99.0491412,100.05398756,97.90074536,97.90074536,99.0491412,19749489,135403092.95,0.5811,-1.1594,1,0
2024-05-15,sz.002414,98.04429484,98.76204224,96.32170108,96.46525056,97.90074536,18045444,122208202.26,0.531,-1.4663,1,0
2024-05-16,sz.002414,96.895899,97.90074536,95.89105264,96.1781516,96.46525056,16060166,108303609.32,0.4726,-0.2976,1,0
2024-05-17,sz.002414,96.1781516,98.3313938,95.89105264,98.18784432,96.1781516,21110727,143202887.11,0.6212,2.0896,1,0
2024-05-20,sz.002414,98.3313938,101.34593288,98.04429484,99.47978964,98.18784432,28432679,197665716.68,0.8366,1.3158,1,0
2024-05-21,sz.002414,99.62333912,100.19753704,97.75719588,98.47494328,99.47978964,14674853,100653439.23,0.4318,-1.0101,1,0
2024-05-22,sz.002414,98.47494328,98.61849276,97.18299796,98.04429484,98.47494328,13786942,93825944.04,0.4057,-0.4373,1,0
2024-05-23,sz.002414,98.04429484,98.18784432,95.89105264,96.03460212,98.04429484,18241272,123056412.53,0.5367,-2.0498,1,0
2024-05-24,sz.002414,95.74707708,96.46589898,92.87178948,93.15931824,96.03460584,22869383,150082873.53,0.6729,-2.994,1,0
2024-05-27,sz.002414,93.01555386,93.87814014,90.85908816,93.30308262,93.15931824,20560986,131484238.55,0.605,0.1543,1,0
2024-05-28,sz.002414,93.30308262,94.59696204,92.0092032,92.7280251,93.30308262,15586414,101236458.05,0.4586,-0.6163,1,0
2024-05-29,sz.002414,92.87178948,94.30943328,92.0092032,92.87178948,92.7280251,15706590,101835882.5,0.4621,0.155,1,0
2024-05-30,sz.002414,92.29673196,94.02190452,91.00285254,93.446847,92.87178948,16261475,105392804.35,0.4785,0.6192,1,0
2024-05-31,sz.002414,93.73437576,95.17201956,93.73437576,94.1656689,93.446847,19466292,127977391.74,0.5728,0.7692,1,0
2024-06-03,sz.002414,94.8844908,95.17201956,92.15296758,92.87178948,94.1656689,19901387,128993018.47,0.5856,-1.374,1,0
2024-06-04,sz.002414,92.58426072,92.87178948,91.00285254,92.58426072,92.87178948,19367625,123521771.73,0.5699,-0.3096,1,0
2024-06-05,sz.002414,92.58426072,98.04730716,92.0092032,94.59696204,92.58426072,42280511,279960128.65,1.2441,2.1739,1,0
2024-06-06,sz.002414,94.59696204,95.31578394,90.85908816,91.00285254,94.59696204,29987343,192695960.02,0.8823,-3.7994,1,0
2024-06-07,sz.002414,91.57791006,92.7280251,90.14026626,91.2903813,91.00285254,16817522,106898076.38,0.4948,0.316,1,0
2024-06-11,sz.002414,90.28403064,93.15931824,89.99650188,92.87178948,91.2903813,20291606,129652254.44,0.5971,1.7323,1,0
2024-06-12,sz.002414,92.87178948,94.45319766,92.7280251,92.87178948,92.87178948,14206117,92366293.12,0.418,0.0,1,0
2024-06-13,sz.002414,92.87178948,93.73437576,92.0092032,92.7280251,92.87178948,14951001,96465192.12,0.4399,-0.1548,1,0
2024-06-14,sz.002414,92.29673196,92.58426072,90.28403064,92.0092032,92.7280251,21480189,136678168.59,0.632,-0.7752,1,0
2024-06-17,sz.002414,92.0092032,92.87178948,91.2903813,92.44049634,92.0092032,19623999,126045127.42,0.5774,0.4688,1,0
2024-06-18,sz.002414,92.7280251,94.45319766,92.29673196,94.1656689,92.44049634,20573405,134216826.72,0.6053,1.8663,1,0
2024-06-19,sz.002414,94.30943328,94.59696204,92.29673196,92.44049634,94.1656689,13614226,88220847.82,0.4006,-1.8321,1,0
2024-06-20,sz.002414,92.15296758,92.29673196,89.8527375,89.8527375,92.44049634,18411746,116506826.14,0.5417,-2.7994,1,0
2024-06-21,sz.002414,89.8527375,90.42779502,88.4150937,89.27767998,89.8527375,14494247,90369306.41,0.4265,-0.64,1,0
2024-06-24,sz.002414,88.70262246,89.42144436,85.10851296,85.39604172,89.27767998,26090220,157260972.96,0.7677,-4.3478,1,0
2024-06-25,sz.002414,85.25227734,86.54615676,82.6645185,83.81463354,85.39604172,22941053,134535212.33,0.675,-1.8519,1,0
2024-06-26,sz.002414,83.81463354,86.54615676,82.80828288,86.258628,83.81463354,19441252,114498499.8,0.572,2.916,1,0
2024-06-27,sz.002414,86.40239238,86.40239238,83.95839792,84.1021623,86.258628,15720142,92929499.5,0.4625,-2.5,1,0
2024-06-28,sz.002414,84.24592668,86.54615676,84.1021623,84.67721982,84.1021623,18110955,107872578.43,0.5329,0.6838,1,0
2024-07-01,sz.002414,85.25227734,86.258628,83.67086916,85.10851296,84.67721982,17395597,102685319.97,0.5118,0.5093,1,0
2024-07-02,sz.002414,86.54615676,87.12121428,84.96474858,85.25227734,85.10851296,17119008,102305389.0,0.5037,0.1689,1,0
2024-07-03,sz.002414,84.8209842,85.25227734,83.81463354,84.1021623,85.25227734,14203613,83406794.98,0.4179,-1.3491,1,0
2024-07-04,sz.002414,84.1021623,84.67721982,82.08946098,82.08946098,84.1021623,15518139,89575170.49,0.4566,-2.3932,1,0
2024-07-05,sz.002414,81.9456966,82.37698974,80.36428842,82.08946098,82.08946098,17180514,97075054.58,0.5055,0.0,1,0
2024-07-08,sz.002414,83.52710478,84.8209842,80.22052404,80.36428842,82.08946098,16840769,95337286.11,0.4955,-2.1016,1,0
2024-07-09,sz.002414,80.36428842,83.09581164,79.64546652,82.52075412,80.36428842,20721129,117512912.38,0.6097,2.6834,1,0
2024-07-10,sz.002414,81.51440346,82.23322536,79.93299528,81.37063908,82.52075412,19632649,111108478.58,0.5777,-1.3937,1,0
2024-07-11,sz.002414,82.6645185,86.258628,82.23322536,85.82733486,81.37063908,36254484,212670196.79,1.0667,5.477,1,0
2024-07-12,sz.002414,86.40239238,89.56520874,85.5398061,88.99015122,85.82733486,47085140,287923569.46,1.3854,3.6851,1,0
2024-07-15,sz.002414,88.4150937,89.1339156,85.39604172,85.97109924,88.99015122,32267087,194417425.53,0.9494,-3.3926,1,0
2024-07-16,sz.002414,85.82733486,88.55885808,84.96474858,88.12756494,85.97109924,26489003,161042069.38,0.7794,2.5084,1,0
2024-07-17,sz.002414,88.12756494,88.4150937,85.82733486,85.97109924,88.12756494,28730440,173406489.25,0.8454,-2.447,1,0
2024-07-18,sz.002414,85.68357048,85.82733486,83.09581164,84.96474858,85.97109924,22807482,133809542.35,0.6711,-1.1706,1,0
2024-07-19,sz.002414,85.39604172,88.12756494,84.53345544,87.12121428,84.96474858,22298709,134179497.12,0.6561,2.5381,1,0
2024-07-22,sz.002414,87.40874304,88.4150937,85.82733486,87.6962718,87.12121428,21224841,128987219.71,0.6245,0.6601,1,0
2024-07-23,sz.002414,87.12121428,87.40874304,83.95839792,84.24592668,87.6962718,20595143,122625381.48,0.606,-3.9344,1,0
2024-07-24,sz.002414,84.1021623,85.68357048,83.52710478,83.67086916,84.24592668,20671503,121342315.16,0.6082,-0.6826,1,0
2024-07-25,sz.002414,83.81463354,84.24592668,82.23322536,82.80828288,83.67086916,16891474,97629172.32,0.497,-1.0309,1,0
2024-07-26,sz.002414,82.80828288,87.6962718,82.80828288,87.12121428,82.80828288,33718782,201633725.73,0.9921,5.2083,1,0
2024-07-29,sz.002414,87.55250742,91.86543882,86.258628,90.42779502,87.12121428,52003215,322647864.65,1.5301,3.7954,1,0
2024-07-30,sz.002414,91.14661692,92.0092032,88.84638684,89.8527375,90.42779502,36145106,226654396.84,1.0635,-0.6359,1,0
2024-07-31,sz.002414,89.8527375,91.2903813,89.56520874,91.00285254,89.8527375,35710383,225034541.81,1.0507,1.28,1,0
2024-08-01,sz.002414,91.14661692,92.58426072,90.5715594,90.71532378,91.00285254,31408396,199902037.8,0.9242,-0.316,1,0
2024-08-02,sz.002414,89.8527375,92.15296758,89.1339156,89.42144436,90.71532378,29998210,188978509.9,0.8827,-1.4263,1,0
2024-08-05,sz.002414,98.33483592,98.33483592,98.33483592,98.33483592,89.42144436,22839826,156224409.84,0.672,9.9678,1,0
2024-08-06,sz.002414,104.80423302,106.67316996,100.06000848,104.9479974,98.33483592,248317482,1786984131.5,7.3064,6.7251,1,0
2024-08-07,sz.002414,101.78518104,102.0727098,94.45319766,94.59696204,104.9479974,183282330,1235060589.93,5.3929,-9.863,1,0
2024-08-08,sz.002414,93.73437576,95.89084146,90.28403064,90.71532378,94.59696204,96990722,622750075.69,2.8538,-4.1033,1,0
2024-08-09,sz.002414,90.5715594,92.29673196,89.42144436,91.2903813,90.71532378,57403088,363024588.61,1.689,0.6339,1,0
2024-08-12,sz.002414,90.14026626,90.85908816,87.6962718,88.27132932,91.2903813,55519651,344130278.79,1.6336,-3.3071,1,0
2024-08-13,sz.002414,88.70262246,89.42144436,87.84003618,89.27767998,88.27132932,33099353,203653883.02,0.9739,1.1401,1,0
2024-08-14,sz.002414,88.99015122,89.8527375,88.27132932,88.84638684,89.27767998,29233186,180860621.49,0.8602,-0.4831,1,0
2024-08-15,sz.002414,88.55885808,89.8527375,88.12756494,88.99015122,88.84638684,33502841,207394873.74,0.9858,0.1618,1,0
2024-08-16,sz.002414,88.84638684,88.99015122,86.40239238,87.12121428,88.99015122,41308461,251318217.63,1.2155,-2.1002,1,0
2024-08-19,sz.002414,87.26497866,88.4150937,86.9774499,87.6962718,87.12121428,23499170,143489021.65,0.6914,0.6601,1,0
2024-08-20,sz.002414,87.55250742,87.6962718,85.25227734,85.97109924,87.6962718,27944993,167675374.8,0.8222,-1.9672,1,0
2024-08-21,sz.002414,85.5398061,86.258628,84.67721982,84.8209842,85.97109924,18867149,112102901.07,0.5551,-1.3378,1,0
2024-08-22,sz.002414,84.38969106,85.10851296,83.09581164,83.52710478,84.8209842,21513933,125573135.5,0.633,-1.5254,1,0
2024-08-23,sz.002414,83.09581164,83.95839792,82.6645185,83.52710478,83.52710478,17697135,102547839.55,0.5207,0.0,1,0
2024-08-26,sz.002414,83.3833404,84.53345544,83.23957602,84.24592668,83.52710478,16458220,96237563.2,0.4843,0.8606,1,0
2024-08-27,sz.002414,83.52710478,84.53345544,81.9456966,81.9456966,84.24592668,22671284,130604719.69,0.6671,-2.7304,1,0
2024-08-28,sz.002414,81.9456966,83.52710478,81.65816784,82.95204726,81.9456966,17080030,98407553.3,0.5026,1.2281,1,0
2024-08-29,sz.002414,82.52075412,86.258628,82.52075412,85.25227734,82.95204726,24801492,146333447.83,0.7298,2.773,1,0
2024-08-30,sz.002414,85.10851296,87.12121428,84.8209842,86.258628,85.25227734,28623209,172065850.39,0.8422,1.1804,1,0
2024-09-02,sz.002414,86.9774499,89.42144436,86.11486362,86.258628,86.258628,34009138,206894516.41,1.0007,0.0,1,0
2024-09-03,sz.002414,84.96474858,87.12121428,84.96474858,86.68992114,86.258628,22557785,135501369.6,0.6637,0.5,1,0
2024-09-04,sz.002414,86.83368552,87.6962718,86.258628,86.68992114,86.68992114,20003900,120791762.74,0.5886,0.0,1,0
2024-09-05,sz.002414,86.68992114,88.27132932,86.258628,87.40874304,86.68992114,21652406,131540072.36,0.6371,0.8292,1,0
2024-09-06,sz.002414,87.6962718,87.6962718,85.5398061,85.5398061,87.40874304,17002745,102020596.43,0.5003,-2.1382,1,0
2024-09-09,sz.002414,85.25227734,85.97109924,84.38969106,84.96474858,85.5398061,15205516,89913157.19,0.4474,-0.6723,1,0
2024-09-10,sz.002414,84.8209842,85.82733486,83.67086916,85.68357048,84.96474858,14016782,82553242.76,0.4124,0.846,1,0
2024-09-11,sz.002414,85.25227734,85.5398061,84.67721982,85.10851296,85.68357048,9091048,53799459.87,0.2675,-0.6711,1,0
2024-09-12,sz.002414,86.258628,87.26497866,85.68357048,85.82733486,85.10851296,17987301,108231746.91,0.5293,0.8446,1,0
2024-09-13,sz.002414,85.68357048,86.11486362,84.38969106,84.38969106,85.82733486,11921385,70614719.11,0.3508,-1.675,1,0
2024-09-18,sz.002414,84.38969106,84.8209842,82.23322536,83.67086916,84.38969106,13510882,78407554.26,0.3975,-0.8518,1,0
2024-09-19,sz.002414,84.67721982,85.97109924,83.3833404,85.39604172,83.67086916,15408576,91030071.91,0.4534,2.0619,1,0
2024-09-20,sz.002414,85.5398061,86.11486362,84.38969106,84.8209842,85.39604172,12407196,73335782.62,0.3651,-0.6734,1,0
2024-09-23,sz.002414,84.67721982,85.68357048,84.38969106,85.10851296,84.8209842,15382900,91083941.12,0.4526,0.339,1,0
2024-09-24,sz.002414,85.10851296,87.6962718,84.96474858,87.6962718,85.10851296,32308414,194469575.88,0.9506,3.0405,1,0
2024-09-25,sz.002414,88.55885808,89.8527375,87.6962718,88.12756494,87.6962718,36485599,225468010.34,1.0735,0.4918,1,0
2024-09-26,sz.002414,87.6962718,91.43414568,87.55250742,91.2903813,88.12756494,45129734,281849330.3,1.3279,3.5889,1,0
2024-09-27,sz.002414,92.7280251,98.4786003,91.57791006,97.61601402,91.2903813,80681493,535842373.43,2.374,6.9291,1,0
2024-09-30,sz.002414,100.635066,106.67316996,99.48495096,105.52305492,97.61601402,118821496,854445217.37,3.4962,8.1001,1,0
2024-10-08,sz.002414,116.01785466,116.01785466,108.25457814,116.01785466,105.52305492,150007881,1191499061.65,4.4138,9.9455,1,0
2024-10-09,sz.002414,115.7303259,115.7303259,107.823285,108.68587128,116.01785466,107381247,837688290.79,3.1596,-6.3197,1,0
2024-10-10,sz.002414,110.12351508,112.8550383,106.3856412,107.823285,108.68587128,72483360,551216427.14,2.1327,-0.7937,1,0
2024-10-11,sz.002414,107.1044631,107.24822748,99.48495096,100.77883038,107.823285,61636895,440162167.53,1.8136,-6.5333,1,0
2024-10-14,sz.002414,101.06635914,106.24187682,100.49130162,105.23552616,100.77883038,65580070,472542783.72,1.9296,4.4223,1,0
2024-10-15,sz.002414,105.6668193,108.68587128,103.65411798,105.6668193,105.23552616,62628218,464621847.09,1.8428,0.4098,1,0
2024-10-16,sz.002414,104.80423302,105.23552616,102.36023856,103.22282484,105.6668193,42256204,304833053.45,1.2433,-2.3129,1,0
2024-10-17,sz.002414,103.65411798,104.9479974,102.7915317,102.7915317,103.22282484,37291823,269712424.75,1.0973,-0.4178,1,0
2024-10-18,sz.002414,102.7915317,108.5421069,102.36023856,106.52940558,102.7915317,72706690,536279520.15,2.1393,3.6364,1,0
2024-10-21,sz.002414,107.96704938,114.72397524,107.96704938,112.99880268,106.52940558,100638697,785504938.81,2.9612,6.0729,1,0
2024-10-22,sz.002414,113.71762458,113.71762458,108.97340004,111.99245202,112.99880268,70759271,547074024.32,2.082,-0.8906,1,0
2024-10-23,sz.002414,110.6985726,117.8867916,110.55480822,115.011504,111.99245202,96739781,773900169.6,2.8464,2.6958,1,0
2024-10-24,sz.002414,114.14891772,114.86773962,111.4173945,113.71762458,115.011504,46026333,362700352.39,1.3543,-1.125,1,0
2024-10-25,sz.002414,113.86138896,116.88044094,112.99880268,116.30538342,113.71762458,57414315,461268450.56,1.6893,2.2756,1,0
2024-10-28,sz.002414,116.30538342,119.03690664,114.72397524,116.4491478,116.30538342,66263718,538187745.3,1.9497,0.1236,1,0
2024-10-29,sz.002414,115.7303259,121.4809011,115.011504,117.74302722,116.4491478,88561443,728900604.65,2.6058,1.1111,1,0
2024-10-30,sz.002414,118.17432036,122.48725176,116.88044094,119.75572854,117.74302722,81346186,679878116.23,2.3935,1.7094,1,0
2024-10-31,sz.002414,119.61196416,129.81923514,117.45549846,127.37524068,119.75572854,139073800,1201872812.13,4.0921,6.3625,1,0
2024-11-01,sz.002414,127.9502982,128.23782696,116.4491478,116.59291218,127.37524068,126737025,1060686624.92,3.7291,-8.465,1,0
2024-11-04,sz.002414,115.29903276,121.04960796,115.29903276,118.74937788,116.59291218,73067249,604079566.65,2.1499,1.8496,1,0
2024-11-05,sz.002414,118.31808474,122.9185449,118.31808474,122.77478052,118.74937788,81036641,684538378.62,2.3844,3.3898,1,0
2024-11-06,sz.002414,123.34983804,124.93124622,120.0432573,122.05595862,122.77478052,79079873,674001675.14,2.3268,-0.5855,1,0
2024-11-07,sz.002414,119.03690664,121.19337234,117.59926284,120.90584358,122.05595862,67799639,564022728.3,1.9949,-0.9423,1,0
2024-11-08,sz.002414,122.34348738,126.5126544,122.34348738,123.6373668,120.90584358,85027308,738534777.39,2.5018,2.2592,1,0
2024-11-11,sz.002414,125.50630374,131.11311456,124.49995308,130.39429266,123.6373668,122045759,1093977455.54,3.591,5.4651,1,0
2024-11-12,sz.002414,131.5444077,133.41334464,127.2314763,128.95664886,130.39429266,108343846,979961959.58,3.1879,-1.1025,1,0
2024-11-13,sz.002414,127.9502982,129.10041324,123.78113118,126.36889002,128.95664886,73481609,642655736.73,2.1621,-2.0067,1,0
2024-11-14,sz.002414,126.36889002,128.52535572,122.199723,122.48725176,126.36889002,60181116,522144229.43,1.7708,-3.0717,1,0
2024-11-15,sz.002414,121.4809011,122.9185449,117.59926284,117.74302722,122.48725176,52407147,437511170.79,1.542,-3.8732,1,0
2024-11-18,sz.002414,118.17432036,119.3244354,113.5738602,114.86773962,117.74302722,56241636,452719965.73,1.6548,-2.442,1,0
2024-11-19,sz.002414,115.29903276,119.61196416,115.29903276,119.61196416,114.86773962,49326770,404652561.8,1.4514,4.1302,1,0
2024-11-20,sz.002414,118.89314226,120.33078606,117.74302722,119.61196416,119.61196416,35784394,296969504.79,1.0529,0.0,1,0
2024-11-21,sz.002414,119.46819978,120.18702168,117.02420532,118.17432036,119.61196416,35051361,288545758.72,1.0313,-1.2019,1,0
2024-11-22,sz.002414,118.03055598,120.0432573,113.5738602,113.86138896,118.17432036,45069692,366093220.44,1.3261,-3.6496,1,0
2024-11-25,sz.002414,113.5738602,115.29903276,111.56115888,113.28633144,113.86138896,43619047,343833361.5,1.2834,-0.5051,1,0
2024-11-26,sz.002414,113.28633144,114.00515334,110.41104384,110.84233698,113.28633144,29455807,229332298.93,0.8667,-2.1574,1,0
2024-11-27,sz.002414,110.6985726,113.5738602,108.11081376,113.43009582,110.84233698,34443912,265759312.81,1.0135,2.3346,1,0
2024-11-28,sz.002414,112.8550383,114.58021086,111.56115888,111.84868764,113.43009582,25217795,198057209.97,0.742,-1.3942,1,0
2024-11-29,sz.002414,111.12986574,115.58656152,110.6985726,114.14891772,111.84868764,36177391,285706811.03,1.0645,2.0566,1,0
2024-12-02,sz.002414,114.2926821,117.1679697,114.00515334,116.4491478,114.14891772,31551066,254525803.73,0.9284,2.0151,1,0
2024-12-03,sz.002414,116.59291218,116.88044094,113.86138896,115.7303259,116.4491478,28596762,229136166.74,0.8414,-0.6173,1,0
2024-12-04,sz.002414,115.29903276,116.4491478,112.99880268,113.86138896,115.7303259,27108373,215847200.86,0.7976,-1.6149,1,0
2024-12-05,sz.002414,112.8550383,116.30538342,112.71127392,115.7303259,113.86138896,24670872,197738281.97,0.7259,1.6414,1,0
2024-12-06,sz.002414,115.87409028,116.4491478,113.86138896,115.011504,115.7303259,30745844,246421631.44,0.9047,-0.6211,1,0
2024-12-09,sz.002414,115.15526838,115.29903276,112.42374516,113.71762458,115.011504,27415367,216653914.53,0.8067,-1.125,1,0
2024-12-10,sz.002414,115.87409028,117.1679697,115.011504,115.44279714,113.71762458,37349160,301068566.91,1.099,1.5171,1,0
2024-12-11,sz.002414,114.86773962,116.88044094,114.58021086,116.30538342,115.44279714,25130389,202521598.92,0.7394,0.7472,1,0
2024-12-12,sz.002414,116.30538342,117.45549846,115.15526838,117.02420532,116.30538342,29068421,235438173.21,0.8553,0.618,1,0
2024-12-13,sz.002414,116.30538342,116.4491478,114.2926821,114.58021086,117.02420532,28459090,228001727.36,0.8374,-2.0885,1,0
2024-12-16,sz.002414,114.43644648,115.15526838,112.1362164,112.8550383,114.58021086,27444342,216890719.19,0.8075,-1.5056,1,0
2024-12-17,sz.002414,112.42374516,113.43009582,110.55480822,110.84233698,112.8550383,25419189,197567520.94,0.7479,-1.7834,1,0
2024-12-18,sz.002414,111.12986574,116.01785466,110.6985726,115.15526838,110.84233698,37770894,300209637.42,1.1114,3.8911,1,0
2024-12-19,sz.002414,113.28633144,115.15526838,112.1362164,114.43644648,115.15526838,24688059,195424307.52,0.7264,-0.6242,1,0
2024-12-20,sz.002414,114.14891772,116.73667656,113.43009582,116.59291218,114.43644648,34146931,275287684.72,1.0047,1.8844,1,0
2024-12-23,sz.002414,116.88044094,117.02420532,111.56115888,111.84868764,116.59291218,39404751,310662561.2,1.1594,-4.0691,1,0
2024-12-24,sz.002414,112.1362164,113.43009582,110.55480822,111.84868764,111.84868764,22747904,176706325.92,0.6693,0.0,1,0
2024-12-25,sz.002414,111.70492326,111.99245202,109.2609288,110.12351508,111.84868764,19325055,148254889.84,0.5686,-1.5424,1,0
2024-12-26,sz.002414,109.83598632,111.99245202,109.69222194,110.84233698,110.12351508,16144465,124903869.59,0.475,0.6527,1,0
2024-12-27,sz.002414,111.70492326,114.58021086,110.98610136,111.99245202,110.84233698,28767043,226105483.25,0.8464,1.0376,1,0
2024-12-30,sz.002414,111.84868764,112.8550383,109.40469318,109.69222194,111.99245202,31139647,240263215.29,0.9162,-2.0539,1,0
2024-12-31,sz.002414,109.9797507,110.41104384,106.67316996,106.81693434,109.69222194,30063852,225642651.29,0.8846,-2.6212,1,0
2025-01-02,sz.002414,106.81693434,107.1044631,100.77883038,101.92894542,106.81693434,31560828,227724736.89,0.9286,-4.576,1,0
2025-01-03,sz.002414,102.21647418,102.93529608,98.76612906,99.1974222,101.92894542,23792346,166757391.51,0.7001,-2.6798,1,0
2025-01-06,sz.002414,98.90989344,99.9162441,97.47224964,98.4786003,99.1974222,21769800,149247130.63,0.6405,-0.7246,1,0
2025-01-07,sz.002414,98.76612906,100.06000848,98.33483592,99.77247972,98.4786003,17898399,123467628.38,0.5266,1.3139,1,0
2025-01-08,sz.002414,99.62871534,99.77247972,95.74707708,98.19107154,99.77247972,26352565,179445078.16,0.7754,-1.585,1,0
2025-01-09,sz.002414,97.7597784,100.34753724,97.47224964,99.77247972,98.19107154,22766066,157540503.68,0.6699,1.6105,1,0
2025-01-10,sz.002414,99.9162441,101.92894542,98.04730716,98.04730716,99.77247972,19384638,134862601.76,0.5704,-1.7291,1,0
2025-01-13,sz.002414,99.1974222,101.21012352,98.04730716,98.90989344,98.04730716,29260027,202763459.32,0.8609,0.8798,1,0
2025-01-14,sz.002414,98.90989344,102.64776732,97.7597784,102.36023856,98.90989344,31328678,219621100.94,0.9218,3.4884,1,0
2025-01-15,sz.002414,102.50400294,102.50400294,100.20377286,100.635066,102.36023856,21490755,150850797.12,0.6323,-1.6854,1,0
2025-01-16,sz.002414,101.49765228,102.93529608,99.9162441,100.49130162,100.635066,21305524,149865996.18,0.6269,-0.1429,1,0
2025-01-17,sz.002414,99.77247972,103.07906046,99.77247972,102.21647418,100.49130162,21894426,154699799.72,0.6442,1.7167,1,0
2025-01-20,sz.002414,102.64776732,103.65411798,101.21012352,101.3538879,102.21647418,16389470,116305694.56,0.4822,-0.8439,1,0
2025-01-21,sz.002414,101.78518104,102.21647418,100.34753724,101.3538879,101.3538879,13030102,91634713.99,0.3834,0.0,1,0
2025-01-22,sz.002414,100.92259476,101.92894542,99.9162441,101.49765228,101.3538879,14245741,100081740.62,0.4192,0.1418,1,0
2025-01-23,sz.002414,97.61601402,97.7597784,93.15931824,94.45319766,101.49765228,77954481,518824473.1,2.2937,-6.9405,1,0
2025-01-24,sz.002414,94.59696204,97.0409565,94.1656689,95.31578394,94.45319766,38027443,252835801.7,1.1189,0.9132,1,0
2025-01-27,sz.002414,96.17837022,96.60966336,93.73437576,93.73437576,95.31578394,21364516,140817071.8,0.6286,-1.6591,1,0
2025-02-05,sz.002414,95.17201956,96.75342774,94.02190452,95.6033127,93.73437576,32160514,213713302.34,0.9463,1.9939,1,0
2025-02-06,sz.002414,95.6033127,101.64141666,94.59696204,100.92259476,95.6033127,41307361,284389854.63,1.2154,5.5639,1,0
2025-02-07,sz.002414,101.3538879,103.36658922,100.49130162,101.92894542,100.92259476,39891960,283574298.97,1.1738,0.9972,1,0
2025-02-10,sz.002414,102.0727098,104.80423302,101.3538879,104.51670426,101.92894542,37799491,272263827.94,1.1122,2.5388,1,0
2025-02-11,sz.002414,104.9479974,106.3856412,103.07906046,104.2291755,104.51670426,54788739,399166238.46,1.6121,-0.2751,1,0
2025-02-12,sz.002414,104.2291755,104.66046864,102.7915317,104.2291755,104.2291755,35551379,256038648.38,1.0461,0.0,1,0
2025-02-13,sz.002414,104.2291755,104.51670426,102.0727098,102.0727098,104.2291755,26527228,189604076.42,0.7805,-2.069,1,0
2025-02-14,sz.002414,102.50400294,103.36658922,101.49765228,103.07906046,102.0727098,24127724,172308886.46,0.7099,0.9859,1,0
2025-02-17,sz.002414,103.22282484,104.9479974,102.0727098,104.51670426,103.07906046,46394615,334757348.19,1.3651,1.3947,1,0
2025-02-18,sz.002414,104.66046864,105.23552616,101.21012352,101.49765228,104.51670426,37396781,268451736.91,1.1004,-2.8886,1,0
2025-02-19,sz.002414,101.49765228,109.11716442,101.21012352,107.67952062,101.49765228,75918743,561579530.28,2.2338,6.0907,1,0
2025-02-20,sz.002414,108.97340004,118.46184912,108.82963566,118.46184912,107.67952062,92245156,750147450.23,2.7142,10.0134,1,0
2025-02-21,sz.002414,116.16161904,119.3244354,114.58021086,117.31173408,118.46184912,155881958,1273240974.07,4.5866,-0.9709,1,0
2025-02-24,sz.002414,125.65006812,129.10041324,120.18702168,129.10041324,117.31173408,174397018,1513778145.47,5.1314,10.049,1,0
2025-02-25,sz.002414,122.199723,125.0750106,119.46819978,121.04960796,129.10041324,195112511,1656717183.41,5.7409,-6.2361,1,0
2025-02-26,sz.002414,122.05595862,123.34983804,118.46184912,120.18702168,121.04960796,123969768,1035846750.76,3.6477,-0.7126,1,0
2025-02-27,sz.002414,120.61831482,121.04960796,115.011504,117.1679697,120.18702168,97523974,794341978.27,2.8695,-2.512,1,0
2025-02-28,sz.002414,117.1679697,117.45549846,113.71762458,114.72397524,117.1679697,72633256,583385483.88,2.1371,-2.0859,1,0
2025-03-03,sz.002414,114.2926821,116.88044094,112.99880268,114.00515334,114.72397524,56573431,451891322.15,1.6646,-0.6266,1,0
2025-03-04,sz.002414,113.28633144,116.4491478,112.1362164,116.16161904,114.00515334,64664830,519069364.73,1.9027,1.8916,1,0
2025-03-05,sz.002414,116.16161904,121.04960796,115.7303259,118.6056135,116.16161904,84873737,700301501.29,2.4973,2.104,1,0
2025-03-06,sz.002414,118.46184912,121.62466548,117.45549846,121.33713672,118.6056135,78834280,656903809.26,2.3196,2.303,1,0
2025-03-07,sz.002414,121.19337234,125.0750106,119.61196416,120.90584358,121.33713672,86292932,732841046.22,2.5391,-0.3555,1,0
2025-03-10,sz.002414,122.199723,123.49360242,120.18702168,121.76842986,120.90584358,59246697,501498956.97,1.7433,0.7134,1,0
2025-03-11,sz.002414,120.33078606,125.36253936,119.46819978,125.21877498,121.76842986,90514478,777629938.53,2.6633,2.8335,1,0
2025-03-12,sz.002414,125.21877498,127.9502982,123.6373668,125.0750106,125.21877498,76399942,666046883.21,2.248,-0.1148,1,0
2025-03-13,sz.002414,124.06865994,125.7938325,120.90584358,124.78748184,125.0750106,61316675,525286779.92,1.8042,-0.2299,1,0
2025-03-14,sz.002414,124.3561887,125.36253936,121.76842986,123.6373668,124.78748184,45954088,394027533.82,1.3521,-0.9217,1,0
2025-03-17,sz.002414,123.78113118,124.78748184,122.199723,122.63101614,123.6373668,43093704,368979905.73,1.268,-0.814,1,0
2025-03-18,sz.002414,123.06230928,124.49995308,120.7620792,121.4809011,122.63101614,37751942,320600675.9,1.1108,-0.9379,1,0
2025-03-19,sz.002414,120.90584358,122.63101614,120.47455044,121.04960796,121.4809011,31638106,266996543.05,0.9309,-0.355,1,0
2025-03-20,sz.002414,120.7620792,123.92489556,119.61196416,120.7620792,121.04960796,38058350,321920935.28,1.1198,-0.2375,1,0
2025-03-21,sz.002414,120.18702168,121.33713672,117.59926284,118.46184912,120.7620792,34395562,284802174.87,1.012,-1.9048,1,0
2025-03-24,sz.002414,118.46184912,118.89314226,113.5738602,115.87409028,118.46184912,31951172,257361552.35,0.9401,-2.1845,1,0
2025-03-25,sz.002414,115.87409028,117.31173408,114.14891772,114.2926821,115.87409028,30769162,247291857.07,0.9053,-1.3648,1,0
2025-03-26,sz.002414,114.00515334,115.15526838,113.14256706,113.71762458,114.2926821,24951378,197870105.06,0.7342,-0.5031,1,0
2025-03-27,sz.002414,113.43009582,115.44279714,111.4173945,114.86773962,113.71762458,28343421,224519795.87,0.834,1.0114,1,0
2025-03-28,sz.002414,114.72397524,117.02420532,114.43644648,115.15526838,114.86773962,24562657,197331621.38,0.7227,0.2503,1,0
2025-03-31,sz.002414,114.58021086,114.72397524,111.27363012,114.2926821,115.15526838,26617751,209277351.86,0.7832,-0.7491,1,0
2025-04-01,sz.002414,115.011504,117.8867916,113.86138896,115.7303259,114.2926821,37046543,299418686.53,1.09,1.2579,1,0
2025-04-02,sz.002414,116.16161904,117.31173408,114.86773962,115.7303259,115.7303259,22591573,181746070.69,0.6647,0.0,1,0
2025-04-03,sz.002414,114.72397524,115.7303259,112.8550383,113.43009582,115.7303259,22838882,180993121.43,0.672,-1.9876,1,0
2025-04-07,sz.002414,107.1044631,108.97340004,102.0727098,102.0727098,113.43009582,48746991,354711626.42,1.4343,-10.0127,1,0
2025-04-08,sz.002414,100.635066,103.65411798,98.62236468,100.635066,102.0727098,47058523,328593845.28,1.3846,-1.4085,1,0
2025-04-09,sz.002414,99.62871534,107.823285,97.0409565,106.96069872,100.635066,59855104,433077030.17,1.7612,6.2857,1,0
2025-04-10,sz.002414,108.68587128,110.41104384,107.1044631,108.11081376,106.96069872,39890154,302455625.77,1.1737,1.0753,1,0
2025-04-11,sz.002414,107.53575624,111.84868764,107.24822748,110.6985726,108.11081376,30718374,235312674.99,0.9039,2.3936,1,0
2025-04-14,sz.002414,111.56115888,113.71762458,111.12986574,111.99245202,110.6985726,27729366,216896928.26,0.8159,1.1688,1,0
2025-04-15,sz.002414,112.71127392,112.8550383,107.823285,108.5421069,111.99245202,28532048,216802502.0,0.8395,-3.0809,1,0
2025-04-16,sz.002414,108.5421069,109.11716442,105.09176178,107.1044631,108.5421069,20270743,150706151.0,0.5964,-1.3245,1,0
2025-04-17,sz.002414,106.24187682,108.25457814,105.95434806,106.09811244,107.1044631,18420225,137237196.68,0.542,-0.9396,1,0
2025-04-18,sz.002414,105.95434806,106.81693434,105.09176178,106.24187682,106.09811244,14605055,107506844.53,0.4297,0.1355,1,0
2025-04-21,sz.002414,106.81693434,109.9797507,106.24187682,109.40469318,106.24187682,20081929,151894115.58,0.5909,2.977,1,0
2025-04-22,sz.002414,109.40469318,110.41104384,107.96704938,108.97340004,109.40469318,18282330,138585016.54,0.5379,-0.3942,1,0
2025-04-23,sz.002414,109.2609288,109.9797507,107.39199186,108.5421069,108.97340004,18516448,139889214.71,0.5448,-0.3958,1,0
2025-04-24,sz.002414,108.39834252,108.68587128,106.52940558,107.39199186,108.5421069,19122381,143107028.01,0.5627,-1.0596,1,0
2025-04-25,sz.002414,107.67952062,109.54845756,105.52305492,107.24822748,107.39199186,32129271,239674340.96,0.9454,-0.1339,1,0
2025-04-28,sz.002414,107.24822748,111.4173945,106.96069872,108.5421069,107.24822748,30076285,228719140.63,0.885,1.2064,1,0
2025-04-29,sz.002414,111.99245202,115.011504,110.12351508,113.71762458,108.5421069,60422663,476526588.55,1.7779,4.7682,1,0
2025-04-30,sz.002414,114.00515334,119.75572854,113.28633144,118.6056135,113.71762458,53900746,441689810.1,1.586,4.2984,1,0
2025-05-06,sz.002414,119.18067102,121.62466548,117.8867916,121.4809011,118.6056135,54963984,457766364.88,1.6172,2.4242,1,0
2025-05-07,sz.002414,122.63101614,123.6373668,119.75572854,122.63101614,121.4809011,62058861,525432884.47,1.826,0.9467,1,0
2025-05-08,sz.002414,122.199723,124.78748184,121.19337234,123.92489556,122.63101614,48547877,417327918.45,1.4285,1.0551,1,0
2025-05-09,sz.002414,124.78748184,125.0750106,122.05595862,123.06230928,123.92489556,43027779,368527564.89,1.266,-0.6961,1,0
2025-05-12,sz.002414,123.06230928,127.66276944,121.91219424,126.08136126,123.06230928,69887015,612640692.56,2.0563,2.4533,1,0
2025-05-13,sz.002414,126.36889002,126.80018316,123.49360242,124.21242432,126.08136126,47540915,412772723.2,1.3988,-1.4823,1,0
2025-05-14,sz.002414,124.21242432,124.64371746,122.199723,122.77478052,124.21242432,37687213,322510356.32,1.1089,-1.1574,1,0
2025-05-15,sz.002414,122.9185449,123.92489556,122.05595862,122.48725176,122.77478052,30400054,260141747.98,0.8945,-0.2342,1,0
2025-05-16,sz.002414,122.05595862,124.06865994,122.05595862,122.34348738,122.48725176,22610973,193112960.92,0.6653,-0.1174,1,0
2025-05-19,sz.002414,122.9185449,123.6373668,121.4809011,123.6373668,122.34348738,25353551,216724077.16,0.746,1.0576,1,0
2025-05-20,sz.002414,123.49360242,124.06865994,122.48725176,123.78113118,123.6373668,20816703,178677034.71,0.6125,0.1163,1,0
2025-05-21,sz.002414,123.6373668,125.0750106,123.06230928,124.06865994,123.78113118,27501474,237144865.88,0.8092,0.2323,1,0
2025-05-22,sz.002414,124.06865994,127.2314763,123.49360242,125.50630374,124.06865994,42795429,374660045.52,1.2592,1.1587,1,0
2025-05-23,sz.002414,125.50630374,126.94394754,124.06865994,124.93124622,125.50630374,33438184,292081448.88,0.9839,-0.4582,1,0
2025-05-26,sz.002414,125.0750106,127.08771192,124.3561887,125.7938325,124.93124622,27279701,239083961.35,0.8027,0.6904,1,0
2025-05-27,sz.002414,126.08136126,126.80018316,124.93124622,126.22512564,125.7938325,25790735,226207637.14,0.7589,0.3429,1,0
2025-05-28,sz.002414,125.93759688,127.9502982,125.50630374,126.08136126,126.22512564,27643789,244119453.69,0.8134,-0.1139,1,0
2025-05-29,sz.002414,126.36889002,127.9502982,126.36889002,127.80653382,126.08136126,34695282,307587589.13,1.0209,1.3683,1,0
2025-05-30,sz.002414,127.37524068,127.51900506,126.08136126,127.08771192,127.80653382,30600079,270035366.91,0.9004,-0.5624,1,0
2025-06-03,sz.002414,126.08136126,128.52535572,125.50630374,127.08771192,127.08771192,35989762,318582580.65,1.059,0.0,1,0
2025-06-04,sz.002414,126.80018316,127.80653382,122.48725176,122.9185449,127.08771192,55323430,477986371.47,1.6278,-3.2805,1,0
2025-06-05,sz.002414,122.77478052,123.92489556,122.34348738,123.49360242,122.9185449,30357259,259893615.47,0.8932,0.4678,1,0
2025-06-06,sz.002414,123.78113118,124.49995308,122.34348738,122.48725176,123.49360242,20494661,175726836.97,0.603,-0.8149,1,0
2025-06-09,sz.002414,122.77478052,123.92489556,121.91219424,122.34348738,122.48725176,28972354,247280014.08,0.8525,-0.1174,1,0
2025-06-10,sz.002414,122.48725176,122.48725176,119.46819978,121.33713672,122.34348738,28409003,239007210.27,0.8359,-0.8226,1,0
2025-06-11,sz.002414,120.90584358,122.05595862,120.33078606,121.19337234,121.33713672,22910168,193299054.62,0.6741,-0.1185,1,0
2025-06-12,sz.002414,121.19337234,131.11311456,121.04960796,126.65641878,121.19337234,87863469,777224491.1,2.5853,4.5077,1,0
2025-06-13,sz.002414,128.6691201,129.10041324,125.93759688,127.66276944,126.65641878,70524576,624197884.29,2.0751,0.7946,1,0
2025-06-16,sz.002414,128.6691201,129.24417762,125.36253936,127.08771192,127.66276944,51021183,449594994.96,1.5012,-0.4505,1,0
2025-06-17,sz.002414,128.23782696,129.53170638,126.22512564,127.51900506,127.08771192,44777425,397803098.83,1.3175,0.3394,1,0
2025-06-18,sz.002414,127.80653382,133.98840216,127.37524068,130.8255858,127.51900506,110723452,1008138384.36,3.2579,2.593,1,0
2025-06-19,sz.002414,130.1067639,130.1067639,125.21877498,126.5126544,130.8255858,70866889,625931369.35,2.0852,-3.2967,1,0
2025-06-20,sz.002414,125.65006812,125.93759688,123.49360242,124.93124622,126.5126544,43497224,377380390.28,1.2799,-1.25,1,0
2025-06-23,sz.002414,124.3561887,127.2314763,124.21242432,126.65641878,124.93124622,37885743,332627346.7,1.1147,1.3809,1,0
2025-06-24,sz.002414,125.0750106,128.6691201,124.49995308,127.37524068,126.65641878,44989106,397610699.05,1.3237,0.5675,1,0
2025-06-25,sz.002414,127.37524068,136.43239662,127.08771192,135.71357472,127.37524068,117645477,1086094476.86,3.4616,6.5463,1,0
2025-06-26,sz.002414,136.28863224,140.60156364,134.56345968,135.1385172,135.71357472,125282922,1196958874.7,3.6863,-0.4237,1,0
2025-06-27,sz.002414,134.99475282,142.90179372,134.85098844,139.4514486,135.1385172,116435099,1130498740.8,3.426,3.1915,1,0
2025-06-30,sz.002414,141.46414992,148.36484016,139.59521298,147.3584895,139.4514486,151103676,1527118412.81,4.446,5.6701,1,0
2025-07-01,sz.002414,146.6396676,148.36484016,142.47050058,146.6396676,147.3584895,116413538,1172445892.83,3.4253,-0.4878,1,0
2025-07-02,sz.002414,145.05825942,148.50860454,143.33308686,145.34578818,146.6396676,82890548,840580186.59,2.439,-0.8824,1,0
2025-07-03,sz.002414,145.77708132,149.22742644,145.2020238,146.49590322,145.34578818,64197690,654240767.65,1.8889,0.7913,1,0
2025-07-04,sz.002414,146.20837446,147.64601826,144.05190876,145.34578818,146.49590322,72192264,730062556.72,2.1242,-0.7851,1,0
2025-07-07,sz.002414,145.34578818,145.48955256,142.90179372,143.18932248,145.34578818,53985453,539708117.9,1.5885,-1.4837,1,0
2025-07-08,sz.002414,143.18932248,144.91449504,143.0455581,144.4832019,143.18932248,46488336,465778461.6,1.3679,0.9036,1,0
2025-07-09,sz.002414,144.4832019,146.49590322,144.05190876,145.05825942,144.4832019,46270772,468042091.01,1.3615,0.398,1,0
2025-07-10,sz.002414,144.91449504,151.52765652,144.77073066,149.22742644,145.05825942,90469078,932926225.8,2.6619,2.8741,1,0
2025-07-11,sz.002414,149.5149552,154.25917974,148.65236892,152.24647842,149.22742644,86696532,914179370.32,2.5509,2.0231,1,0
2025-07-14,sz.002414,155.2655304,155.84058792,149.5149552,151.38389214,152.24647842,90848414,959171850.78,2.6731,-0.5666,1,0
2025-07-15,sz.002414,153.8278866,153.8278866,144.33943752,145.63331694,151.38389214,110406855,1126065843.98,3.2486,-3.7987,1,0
2025-07-16,sz.002414,145.77708132,146.35213884,143.90814438,144.33943752,145.63331694,54755379,551889083.96,1.6111,-0.8885,1,0
2025-07-17,sz.002414,144.4832019,145.77708132,144.05190876,145.63331694,144.33943752,55522381,559870586.63,1.6337,0.8964,1,0
2025-07-18,sz.002414,145.9208457,153.54035784,145.9208457,150.952599,145.63331694,118065320,1237105249.34,3.4739,3.6525,1,0
2025-07-21,sz.002414,151.95894966,154.25917974,149.22742644,154.25917974,150.952599,85208587,901195420.7,2.5072,2.1905,1,0
2025-07-22,sz.002414,155.84058792,158.8596399,152.96530032,154.25917974,154.25917974,121587463,1316589501.83,3.5776,0.0,1,0
2025-07-23,sz.002414,154.11541536,154.40294412,151.09636338,152.10271404,154.25917974,69002182,731936886.91,2.0303,-1.3979,1,0
2025-07-24,sz.002414,151.6714209,153.68412222,150.37754148,153.39659346,152.10271404,63648827,673957397.57,1.8728,0.8507,1,0
2025-07-25,sz.002414,153.8278866,153.8278866,151.81518528,152.67777156,153.39659346,44470294,472132262.0,1.3085,-0.4686,1,0
2025-07-28,sz.002414,153.39659346,163.31633568,152.82153594,161.30363436,152.67777156,136184695,1513470164.61,4.0071,5.6497,1,0
2025-07-29,sz.002414,161.0161056,165.18527262,159.72222618,164.6102151,161.30363436,97482105,1102824401.95,2.8683,2.0499,1,0
2025-07-30,sz.002414,165.47280138,169.06691088,162.88504254,164.89774386,164.6102151,99506726,1143279334.76,2.9279,0.1747,1,0
2025-07-31,sz.002414,164.32268634,174.24242856,163.46010006,168.77938212,164.89774386,126594990,1491182197.43,3.7249,2.354,1,0
2025-08-01,sz.002414,169.21067526,169.78573278,162.59751378,163.46010006,168.77938212,88516939,1012433967.28,2.6045,-3.1516,1,0
2025-08-04,sz.002414,162.4537494,166.62291642,160.72857684,166.33538766,163.46010006,79680993,916446184.93,2.3445,1.759,1,0
2025-08-05,sz.002414,167.91679584,173.52360666,167.91679584,169.78573278,166.33538766,101694781,1204970204.46,2.9922,2.0743,1,0
2025-08-06,sz.002414,170.07326154,186.74992962,169.06691088,182.14946946,169.78573278,239679541,3046718209.24,7.0523,7.282,1,0
2025-08-07,sz.002414,182.43699822,193.21932672,177.83653806,191.78168292,182.14946946,226271188,2901560924.38,6.6578,5.2881,1,0
2025-08-08,sz.002414,192.6442692,196.66967184,187.18122276,189.62521722,191.78168292,177329372,2358308288.53,5.2177,-1.1244,1,0
2025-08-11,sz.002414,189.48145284,193.3630911,187.90004466,189.62521722,189.62521722,129585822,1710554792.81,3.8129,0.0,1,0
2025-08-12,sz.002414,189.62521722,189.62521722,181.1431188,182.43699822,189.62521722,140072827,1788423010.19,4.1215,-3.7908,1,0
2025-08-13,sz.002414,182.14946946,186.46240086,181.28688318,185.4560502,182.43699822,118657883,1524235762.14,3.4914,1.6548,1,0
2025-08-14,sz.002414,185.16852144,185.59981458,179.56171062,180.99935442,185.4560502,106489474,1350631013.19,3.1333,-2.4031,1,0
2025-08-15,sz.002414,180.13676814,182.86829136,179.84923938,181.43064756,180.99935442,84341811,1063056779.15,2.4817,0.2383,1,0
2025-08-18,sz.002414,181.71817632,184.88099268,179.99300376,183.44334888,181.43064756,124424531,1577284826.81,3.661,1.1094,1,0
2025-08-19,sz.002414,184.88099268,185.16852144,176.97395178,178.9866531,183.44334888,102501087,1283854413.64,3.016,-2.4295,1,0
2025-08-20,sz.002414,178.55535996,181.71817632,176.8301874,180.85559004,178.9866531,70801714,885650810.22,2.0833,1.0442,1,0
2025-08-21,sz.002414,180.85559004,183.15582012,176.97395178,178.2678312,180.85559004,66303526,828448603.42,1.9509,-1.4308,1,0
2025-08-22,sz.002414,178.12406682,184.7372283,176.97395178,184.7372283,178.2678312,111350758,1408492041.0,3.2764,3.629,1,0
2025-08-25,sz.002414,186.893694,188.04380904,182.43699822,185.74357896,184.7372283,118147930,1519507479.12,3.4764,0.5447,1,0
2025-08-26,sz.002414,187.90004466,188.18757342,182.43699822,183.44334888,185.74357896,106095492,1359604182.45,3.1217,-1.2384,1,0
2025-08-27,sz.002414,184.16217078,189.0501597,178.2678312,178.41159558,183.44334888,139887727,1800839794.55,4.116,-2.7429,1,0
2025-08-28,sz.002414,177.83653806,179.705475,171.22337658,179.705475,178.41159558,133488850,1630278354.77,3.9277,0.7252,1,0
2025-08-29,sz.002414,179.56171062,180.85559004,177.5490093,180.56806128,179.705475,83618088,1043396926.37,2.4604,0.48,1,0
2025-09-01,sz.002414,181.1431188,181.1431188,175.3925436,178.9866531,180.56806128,80903662,1000316425.92,2.3805,-0.8758,1,0
2025-09-02,sz.002414,178.55535996,178.69912434,168.34808898,171.22337658,178.9866531,95727816,1142748733.46,2.8167,-4.3373,1,0
2025-09-03,sz.002414,171.22337658,171.94219848,161.87869188,162.4537494,171.22337658,94208943,1086002868.51,2.772,-5.1217,1,0
2025-09-04,sz.002414,162.4537494,163.46010006,152.10271404,154.69047288,162.4537494,95673258,1049603290.72,2.8151,-4.7788,1,0
2025-09-05,sz.002414,155.12176602,158.71587552,153.54035784,158.28458238,154.69047288,67703331,738054075.68,1.9921,2.3234,1,0
2025-09-08,sz.002414,158.42834676,159.86599056,155.69682354,157.99705362,158.28458238,58417895,640559613.69,1.7189,-0.1817,1,0
2025-09-09,sz.002414,157.70952486,157.70952486,154.40294412,155.12176602,157.99705362,40976532,444380342.52,1.2057,-1.8198,1,0
2025-09-10,sz.002414,156.41564544,159.00340428,155.9843523,158.42834676,155.12176602,53675798,589655965.0,1.5793,2.1316,1,0
2025-09-11,sz.002414,157.56576048,164.17892196,156.55940982,163.8913932,158.42834676,63656646,713036944.02,1.873,3.4483,1,0
2025-09-12,sz.002414,164.6102151,167.34173832,163.8913932,164.46645072,163.8913932,55651318,639838218.62,1.6375,0.3509,1,0
2025-09-15,sz.002414,164.6102151,165.76033014,161.7349275,163.02880692,164.46645072,38173813,433620368.13,1.1232,-0.8741,1,0
2025-09-16,sz.002414,162.4537494,163.46010006,160.44104808,162.4537494,163.02880692,35204188,396617622.67,1.0358,-0.3527,1,0
2025-09-17,sz.002414,162.4537494,163.74762882,161.0161056,163.60386444,162.4537494,36435424,412447617.97,1.0721,0.708,1,0
2025-09-18,sz.002414,163.60386444,166.7666808,160.15351932,162.30998502,163.60386444,59075646,674797283.09,1.7382,-0.7909,1,0
2025-09-19,sz.002414,162.16622064,172.22972724,161.7349275,170.21702592,162.30998502,107844931,1257383382.43,3.1732,4.8716,1,0
2025-09-22,sz.002414,172.517256,178.84288872,170.93584782,176.39889426,170.21702592,104934129,1284438197.17,3.0876,3.6318,1,0
2025-09-23,sz.002414,177.40524492,177.83653806,167.05420956,172.22972724,176.39889426,79688283,950327541.55,2.3447,-2.3635,1,0
2025-09-24,sz.002414,171.0796122,173.9548998,168.77938212,173.52360666,172.22972724,51352121,613988700.92,1.511,0.7513,1,0
2025-09-25,sz.002414,172.94854914,177.5490093,171.94219848,175.53630798,173.52360666,54646575,668177649.82,1.6079,1.1599,1,0
2025-09-26,sz.002414,174.52995732,175.3925436,171.22337658,171.51090534,175.53630798,39562826,476303972.08,1.1641,-2.2932,1,0
2025-09-29,sz.002414,171.51090534,173.09231352,167.34173832,172.22972724,171.51090534,40419741,478533350.23,1.1893,0.4191,1,0
2025-09-30,sz.002414,172.517256,178.12406682,171.7984341,177.5490093,172.22972724,62466925,765301788.2,1.838,3.0885,1,0
2025-10-09,sz.002414,178.12406682,186.60616524,177.83653806,184.59346392,177.5490093,90223852,1148913518.32,2.6547,3.9676,1,0
2025-10-10,sz.002414,185.4560502,186.1748721,180.99935442,181.57441194,184.59346392,66626219,851576722.79,1.9604,-1.6355,1,0
2025-10-13,sz.002414,173.66737104,183.15582012,173.66737104,181.57441194,181.57441194,56603212,709999558.85,1.6655,0.0,1,0
2025-10-14,sz.002414,186.31863648,191.06286102,179.41794624,180.13676814,181.57441194,75510065,968745290.49,2.2218,-0.7918,1,0
2025-10-15,sz.002414,180.99935442,182.14946946,176.25512988,181.43064756,180.13676814,50711360,633860529.83,1.4921,0.7183,1,0
2025-10-16,sz.002414,181.57441194,184.59346392,178.84288872,179.705475,181.43064756,46783276,589010705.7,1.3765,-0.9509,1,0
2025-10-17,sz.002414,178.9866531,181.57441194,174.6737217,177.11771616,179.705475,44025406,543916415.01,1.2954,-1.44,1,0
2025-10-20,sz.002414,177.83653806,181.43064756,175.24877922,176.8301874,177.11771616,37964160,470204046.01,1.117,-0.1623,1,0
2025-10-21,sz.002414,176.54265864,181.71817632,176.25512988,180.28053252,176.8301874,44257746,554847447.98,1.3022,1.9512,1,0
2025-10-22,sz.002414,179.705475,179.705475,173.2360779,174.24242856,180.28053252,48877500,595955812.53,1.4382,-3.3493,1,0
2025-10-23,sz.002414,173.9548998,173.9548998,168.9231465,173.2360779,174.24242856,34767736,413843066.14,1.023,-0.5776,1,0
2025-10-24,sz.002414,174.24242856,178.55535996,174.09866418,178.55535996,173.2360779,43638958,536965197.63,1.284,3.0705,1,0
2025-10-27,sz.002414,181.28688318,194.081913,179.84923938,192.6442692,178.55535996,137048288,1806256414.85,4.0325,7.8905,1,0
2025-10-28,sz.002414,196.9572006,200.26378134,190.20027474,194.8007349,192.6442692,171946912,2348033571.59,5.0593,1.1194,1,0
2025-10-29,sz.002414,194.8007349,203.13906894,194.22567738,201.41389638,194.8007349,122355364,1704778639.8,3.6002,3.3948,1,0
2025-10-30,sz.002414,202.42024704,214.06516182,200.98260324,205.5830634,201.41389638,148576087,2148524263.66,4.3717,2.07,1,0
2025-10-31,sz.002414,203.4265977,206.15812092,199.25743068,199.54495944,205.5830634,86318139,1210124334.4,2.5398,-2.9371,1,0
2025-11-03,sz.002414,199.97625258,201.70142514,195.08826366,199.25743068,199.54495944,71754937,987688568.48,2.1113,-0.1441,1,0
2025-11-04,sz.002414,198.3948444,198.3948444,190.20027474,191.78168292,199.25743068,66843305,897015793.0,1.9668,-3.7518,1,0
2025-11-05,sz.002414,188.90639532,190.34403912,184.88099268,189.0501597,191.78168292,59635868,778703498.96,1.7547,-1.4243,1,0
2025-11-06,sz.002414,189.7689816,191.63791854,188.18757342,189.0501597,189.0501597,46505525,613485120.77,1.3684,0.0,1,0
2025-11-07,sz.002414,187.6125159,187.75628028,185.16852144,186.1748721,189.0501597,45222884,586959644.1,1.3306,-1.5209,1,0
2025-11-10,sz.002414,186.893694,191.2066254,184.59346392,187.75628028,186.1748721,53435167,695664180.7,1.5723,0.8494,1,0
2025-11-11,sz.002414,189.0501597,189.62521722,182.00570508,182.5807626,187.75628028,54860840,705509637.2,1.6142,-2.7565,1,0
2025-11-12,sz.002414,182.43699822,184.59346392,180.13676814,183.73087764,182.5807626,36378587,463565012.6,1.0704,0.6299,1,0
2025-11-13,sz.002414,184.30593516,193.79438424,183.58711326,191.78168292,183.73087764,78908716,1048609643.91,2.3218,4.3818,1,0
2025-11-14,sz.002414,191.49415416,191.63791854,186.1748721,186.1748721,191.78168292,52540690,687532828.57,1.5459,-2.9235,1,0
2025-11-17,sz.002414,189.7689816,192.35674044,185.16852144,185.88734334,186.1748721,53722772,700794171.16,1.5807,-0.1544,1,0
2025-11-18,sz.002414,184.0184064,184.7372283,180.28053252,180.85559004,185.88734334,44977499,569770538.27,1.3234,-2.7069,1,0
2025-11-19,sz.002414,172.66102038,177.40524492,169.6419684,176.1113655,180.85559004,73347400,892949418.44,2.1582,-2.6232,1,0
2025-11-20,sz.002414,176.1113655,179.56171062,173.9548998,178.69912434,176.1113655,37689979,466009392.13,1.109,1.4694,1,0
2025-11-21,sz.002414,177.11771616,183.87464202,176.39889426,179.27418186,178.69912434,75189096,944687020.81,2.2123,0.3218,1,0
2025-11-24,sz.002414,179.41794624,182.00570508,178.2678312,179.84923938,179.27418186,51097959,641252184.27,1.5035,0.3208,1,0
2025-11-25,sz.002414,179.99300376,180.4242969,173.9548998,175.82383674,179.84923938,67945941,836881553.79,1.9992,-2.2382,1,0
2025-11-26,sz.002414,175.82383674,178.84288872,174.81748608,174.81748608,175.82383674,37249341,456805840.27,1.096,-0.5724,1,0
2025-11-27,sz.002414,173.9548998,176.54265864,172.517256,172.94854914,174.81748608,30527909,371002493.94,0.8982,-1.0691,1,0
2025-11-28,sz.002414,173.66737104,176.54265864,172.517256,176.39889426,172.94854914,30496284,371515063.15,0.8973,1.995,1,0
2025-12-01,sz.002414,179.705475,180.28053252,176.68642302,177.11771616,176.39889426,34934524,432390614.62,1.0279,0.4075,1,0
2025-12-02,sz.002414,176.97395178,176.97395178,173.9548998,174.52995732,177.11771616,23301820,283971657.95,0.6856,-1.461,1,0
2025-12-03,sz.002414,174.52995732,176.1113655,172.08596286,173.37984228,174.52995732,29077935,351325601.2,0.8556,-0.659,1,0
2025-12-04,sz.002414,172.80478476,176.54265864,172.80478476,175.3925436,173.37984228,25107234,305225821.15,0.7387,1.1609,1,0
2025-12-05,sz.002414,174.6737217,179.41794624,174.24242856,179.27418186,175.3925436,36649512,451828819.69,1.0784,2.2131,1,0
2025-12-08,sz.002414,180.56806128,185.02475706,180.56806128,180.99935442,179.27418186,45637796,579553587.58,1.3428,0.9623,1,0
2025-12-09,sz.002414,180.56806128,183.87464202,179.84923938,180.99935442,180.99935442,28747885,363861395.58,0.8459,0.0,1,0
2025-12-10,sz.002414,181.28688318,183.01205574,178.41159558,180.85559004,180.99935442,28750830,359967750.94,0.846,-0.0794,1,0
2025-12-11,sz.002414,181.71817632,183.15582012,179.705475,179.705475,180.85559004,28971160,366075278.72,0.8524,-0.6359,1,0
2025-12-12,sz.002414,179.705475,181.1431188,177.69277368,180.13676814,179.705475,34683837,433999744.24,1.0205,0.24,1,0
2025-12-15,sz.002414,180.99935442,186.1748721,179.41794624,182.5807626,180.13676814,51909266,662304346.3,1.5274,1.3567,1,0
2025-12-16,sz.002414,182.43699822,187.6125159,178.41159558,186.31863648,182.5807626,69532528,888503227.39,2.0459,2.0472,1,0
2025-12-17,sz.002414,184.7372283,186.74992962,179.99300376,184.88099268,186.31863648,55593634,709189066.5,1.6358,-0.7716,1,0
2025-12-18,sz.002414,184.44969954,190.05651036,183.2995845,185.88734334,184.88099268,57811956,754693635.91,1.701,0.5443,1,0
2025-12-19,sz.002414,186.46240086,190.91909664,186.46240086,189.0501597,185.88734334,59213629,778104330.95,1.7423,1.7015,1,0
2025-12-22,sz.002414,194.081913,208.02705786,194.081913,208.02705786,189.0501597,118041857,1691609318.14,3.4732,10.038,1,0
2025-12-23,sz.002414,212.48375364,226.86019164,209.46470166,218.37809322,208.02705786,256463518,3885204516.42,7.5461,4.9758,1,0
2025-12-24,sz.002414,217.0842138,226.57266288,214.64021934,222.97855338,218.37809322,152806818,2354987438.91,4.4962,2.1066,1,0
2025-12-25,sz.002414,221.54090958,222.25973148,214.35269058,218.37809322,222.97855338,108554755,1643686273.58,3.1941,-2.0632,1,0
2025-12-26,sz.002414,218.80938636,220.53455892,215.21527686,217.65927132,218.37809322,91711963,1386816390.24,2.6985,-0.3292,1,0
2025-12-29,sz.002414,217.0842138,218.5218576,211.62116736,212.91504678,217.65927132,81432234,1212028473.82,2.396,-2.1797,1,0
2025-12-30,sz.002414,212.7712824,216.22162752,209.75223042,212.33998926,212.91504678,73967734,1096833616.16,2.1764,-0.2701,1,0
2025-12-31,sz.002414,212.19622488,214.78398372,209.60846604,210.90234546,212.33998926,57072659,838409100.4,1.6793,-0.677,1,0
