date,code,open,high,low,close,preclose,volume,amount,turn,pctChg,tradestatus,isST
2021-01-04,sz.000069,233.99926425,234.3311781,228.02481495,228.68864265,235.32691965,53350376,369731238.02,0.756,-2.8209,1,0
2021-01-05,sz.000069,228.02481495,230.3482119,221.0546241,229.35247035,228.68864265,58476006,395894639.79,0.8287,0.2903,1,0
2021-01-06,sz.000069,227.36098725,230.01629805,225.36950415,226.03333185,229.35247035,29631052,202884239.2,0.4199,-1.4472,1,0
2021-01-07,sz.000069,225.36950415,227.6929011,221.38653795,222.71419335,226.03333185,32510998,219087542.98,0.4607,-1.4684,1,0
2021-01-08,sz.000069,222.71419335,225.36950415,221.38653795,223.7099349,222.71419335,37276663,251047672.1,0.5282,0.4471,1,0
2021-01-11,sz.000069,223.37802105,225.701418,219.7269687,220.05888255,223.7099349,44304384,296643469.36,0.6278,-1.632,1,0
2021-01-12,sz.000069,220.05888255,223.0461072,218.73122715,222.05036565,220.05888255,32461414,215288780.71,0.46,0.905,1,0
2021-01-13,sz.000069,221.0546241,227.6929011,220.3907964,224.04184875,222.05036565,39157712,263956446.58,0.5549,0.8969,1,0
2021-01-14,sz.000069,224.04184875,229.35247035,223.0461072,227.36098725,224.04184875,43466118,297428365.92,0.616,1.4815,1,0
2021-01-15,sz.000069,229.0205565,230.68012575,223.7099349,225.36950415,227.36098725,46326017,317663063.2,0.6565,-0.8759,1,0
2021-01-18,sz.000069,225.36950415,233.33543655,223.7099349,232.339695,225.36950415,63297908,435764831.79,0.897,3.0928,1,0
2021-01-19,sz.000069,231.34395345,243.6247659,229.6843842,238.977972,232.339695,97452899,698276962.19,1.381,2.8571,1,0
2021-01-20,sz.000069,238.3141443,239.30988585,234.9950058,237.31840275,238.977972,48274466,344420007.05,0.6841,-0.6944,1,0
2021-01-21,sz.000069,237.31840275,237.31840275,232.00778115,233.0035227,237.31840275,50145873,354778672.06,0.7106,-1.8182,1,0
2021-01-22,sz.000069,232.339695,232.67160885,227.0290734,228.02481495,233.0035227,37057934,256232601.85,0.5251,-2.1368,1,0
2021-01-25,sz.000069,227.36098725,228.02481495,224.04184875,226.3652457,228.02481495,35755262,243182456.57,0.5067,-0.7278,1,0
2021-01-26,sz.000069,226.3652457,229.35247035,224.04184875,224.3737626,226.3652457,35183110,239854657.02,0.4986,-0.8798,1,0
2021-01-27,sz.000069,223.7099349,231.6758673,223.7099349,229.0205565,224.3737626,37736601,260240471.06,0.5348,2.071,1,0
2021-01-28,sz.000069,227.36098725,228.02481495,221.0546241,222.05036565,229.0205565,42643556,287416608.18,0.6043,-3.0435,1,0
2021-01-29,sz.000069,222.3822795,223.7099349,217.40357175,218.3993133,222.05036565,41381267,275147657.55,0.5864,-1.6442,1,0
2021-02-01,sz.000069,218.3993133,222.3822795,217.40357175,221.38653795,218.3993133,28970998,192104218.83,0.4105,1.3678,1,0
2021-02-02,sz.000069,221.7184518,224.70567645,220.3907964,222.3822795,221.38653795,30994146,207623431.78,0.4392,0.4498,1,0
2021-02-03,sz.000069,222.05036565,233.99926425,218.06739945,231.0120396,222.3822795,83497250,573480662.59,1.1832,3.8806,1,0
2021-02-04,sz.000069,230.01629805,231.0120396,225.0375903,228.68864265,231.0120396,49481202,339687268.73,0.7012,-1.0057,1,0
2021-02-05,sz.000069,228.3567288,244.62050745,227.6929011,237.98223045,228.68864265,119125406,852535094.13,1.6881,4.0639,1,0
2021-02-08,sz.000069,238.3141443,242.62902435,234.9950058,236.3226612,237.98223045,64876314,464793089.83,0.9194,-0.6974,1,0
2021-02-09,sz.000069,235.32691965,237.31840275,233.33543655,236.9864889,236.3226612,34823246,246840198.46,0.4935,0.2809,1,0
2021-02-10,sz.000069,237.98223045,241.30136895,235.32691965,237.31840275,236.9864889,35783719,256373294.84,0.5071,0.1401,1,0
2021-02-18,sz.000069,242.2971105,261.21619995,241.96519665,261.21619995,237.31840275,188782671,1460166217.38,2.6752,10.0699,1,0
2021-02-19,sz.000069,262.2119415,269.84596005,259.88854455,268.8502185,261.21619995,176957127,1414294020.65,2.5076,2.9225,1,0
2021-02-22,sz.000069,268.51830465,279.4714617,266.1949077,271.17361545,268.8502185,142240476,1173504420.43,2.0157,0.8642,1,0
2021-02-23,sz.000069,270.50978775,277.4799786,266.1949077,266.8587354,271.17361545,102590227,837831582.66,1.4538,-1.5912,1,0
2021-02-24,sz.000069,269.84596005,274.49275395,265.19916615,269.84596005,266.8587354,111023986,905767407.43,1.5733,1.1194,1,0
2021-02-25,sz.000069,272.50127085,287.4373941,272.169357,274.49275395,269.84596005,190563846,1606557158.59,2.7004,1.722,1,0
2021-02-26,sz.000069,263.87151075,274.49275395,262.54385535,268.1863908,274.49275395,105879824,856899115.88,1.5004,-2.2975,1,0
2021-03-01,sz.000069,270.50978775,274.1608401,267.19064925,268.51830465,268.1863908,66314157,539469085.8,0.9397,0.1238,1,0
2021-03-02,sz.000069,270.50978775,280.7991171,267.19064925,268.1863908,268.51830465,78768184,646295334.41,1.1162,-0.1236,1,0
2021-03-03,sz.000069,267.19064925,278.47572015,265.53108,272.8331847,268.1863908,83919042,688246779.61,1.1892,1.7327,1,0
2021-03-04,sz.000069,271.5055293,285.11399715,271.17361545,278.1438063,272.8331847,122136674,1029229336.31,1.7308,1.9465,1,0
2021-03-05,sz.000069,274.8246678,278.47572015,259.5566307,267.85447695,278.1438063,127612585,1025204789.54,1.8084,-3.6993,1,0
2021-03-08,sz.000069,268.8502185,285.445911,268.8502185,271.83744315,267.85447695,119219718,996477531.85,1.6894,1.487,1,0
2021-03-09,sz.000069,274.49275395,285.77782485,268.1863908,275.4884955,271.83744315,147152898,1233844508.69,2.0853,1.3431,1,0
2021-03-10,sz.000069,276.1523232,278.47572015,268.8502185,271.5055293,275.4884955,76814685,631939552.03,1.0885,-1.4458,1,0
2021-03-11,sz.000069,271.83744315,282.7906002,271.5055293,278.807634,271.5055293,80422272,673645622.18,1.1397,2.6895,1,0
2021-03-12,sz.000069,280.46720325,305.360742,278.807634,299.05437885,278.807634,165440425,1473704597.99,2.3444,7.2619,1,0
2021-03-15,sz.000069,303.03734505,311.3351913,300.7139481,304.0330866,299.05437885,137322469,1264587998.1,1.946,1.6648,1,0
2021-03-16,sz.000069,302.37351735,312.99476055,299.3862927,310.0075359,304.0330866,113514695,1049007022.95,1.6086,1.9651,1,0
2021-03-17,sz.000069,307.68413895,310.6713636,302.7054312,305.69265585,310.0075359,83436872,769629563.97,1.1824,-1.3919,1,0
2021-03-18,sz.000069,304.6969143,319.9649514,304.6969143,315.9819852,305.69265585,101757712,962551014.83,1.442,3.3659,1,0
2021-03-19,sz.000069,313.65858825,330.91810845,312.33093285,321.9564345,315.9819852,121093612,1176436347.61,1.716,1.8908,1,0
2021-03-22,sz.000069,310.6713636,318.30538215,303.70117275,306.6883974,321.9564345,172842641,1614958372.21,2.4493,-4.7423,1,0
2021-03-23,sz.000069,305.69265585,317.64155445,305.02882815,313.65858825,306.6883974,107690158,1013622276.37,1.5261,2.2727,1,0
2021-03-24,sz.000069,309.67562205,309.67562205,289.09696335,295.4033265,313.65858825,182259928,1631622493.67,2.5828,-5.8201,1,0
2021-03-25,sz.000069,296.7309819,305.360742,292.084188,299.3862927,295.4033265,91086241,823156108.2,1.2908,1.3483,1,0
2021-03-26,sz.000069,305.360742,309.01179435,298.722465,304.0330866,299.3862927,69156350,632660874.23,0.98,1.5521,1,0
2021-03-29,sz.000069,302.0416035,329.9223669,302.0416035,325.60748685,304.0330866,134003962,1289315885.5,1.8989,7.0961,1,0
2021-03-30,sz.000069,331.91385,337.55638545,321.62452065,331.58193615,325.60748685,115612035,1150157109.5,1.6384,1.8349,1,0
2021-03-31,sz.000069,332.24576385,353.1563364,330.25428075,338.22021315,331.58193615,135509994,1395796831.75,1.9204,2.002,1,0
2021-04-01,sz.000069,338.88404085,344.85849015,328.26279765,337.2244716,338.22021315,90407145,912965668.9,1.2812,-0.2944,1,0
2021-04-02,sz.000069,340.5436101,346.18614555,336.22873005,341.8712655,337.2244716,60983295,626093466.19,0.8642,1.378,1,0
2021-04-06,sz.000069,349.50528405,357.1393026,343.1989209,343.8627486,341.8712655,82023975,862947585.04,1.1624,0.5825,1,0
2021-04-07,sz.000069,348.17762865,351.828681,341.2074378,348.17762865,343.8627486,72964918,759744050.44,1.034,1.2548,1,0
2021-04-08,sz.000069,347.8457148,348.5095425,332.5776777,334.23724695,348.17762865,104990968,1068623806.86,1.4879,-4.0038,1,0
2021-04-09,sz.000069,336.89255775,350.5010256,334.90107465,348.17762865,334.23724695,89321563,924917394.39,1.2658,4.1708,1,0
2021-04-12,sz.000069,350.16911175,355.1478195,345.190404,346.84997325,348.17762865,76506633,806130747.33,1.0842,-0.3813,1,0
2021-04-13,sz.000069,347.8457148,350.5010256,330.91810845,335.2329885,346.84997325,123350860,1256832283.66,1.7481,-3.3493,1,0
2021-04-14,sz.000069,337.55638545,352.82442255,337.55638545,352.82442255,335.2329885,105827424,1107439764.27,1.4998,5.2475,1,0
2021-04-15,sz.000069,350.5010256,353.1563364,334.90107465,339.54786855,352.82442255,99289655,1018491542.44,1.4071,-3.7629,1,0
2021-04-16,sz.000069,340.5436101,340.5436101,332.90959155,337.55638545,339.54786855,66345171,672767997.52,0.9402,-0.5865,1,0
2021-04-19,sz.000069,337.8882993,337.8882993,317.9734683,321.2926068,337.55638545,197032536,1931218204.21,2.7923,-4.8181,1,0
2021-04-20,sz.000069,321.9564345,327.9308838,315.65007135,320.6287791,321.2926068,98258321,950246945.87,1.3925,-0.2066,1,0
2021-04-21,sz.000069,319.9649514,323.9479176,312.99476055,320.96069295,320.6287791,83763283,806158898.7,1.1871,0.1035,1,0
2021-04-22,sz.000069,321.62452065,322.95217605,314.32241595,315.65007135,320.96069295,64633414,617275343.63,0.916,-1.6546,1,0
2021-04-23,sz.000069,316.6458129,316.97772675,308.6798805,310.6713636,315.65007135,72107721,676706286.87,1.0219,-1.5773,1,0
2021-04-26,sz.000069,310.0075359,325.275573,307.02031125,314.98624365,310.6713636,94460826,902789987.3,1.3387,1.3889,1,0
2021-04-27,sz.000069,313.9905021,320.6287791,311.999019,316.31389905,314.98624365,60848725,580674368.32,0.8623,0.4215,1,0
2021-04-28,sz.000069,315.65007135,318.637296,308.6798805,314.98624365,316.31389905,67273075,634356133.13,0.9534,-0.4197,1,0
2021-04-29,sz.000069,310.6713636,317.64155445,303.3692589,313.9905021,314.98624365,93643150,875474999.33,1.3271,-0.3161,1,0
2021-04-30,sz.000069,315.3181575,322.6202622,305.02882815,309.01179435,313.9905021,84082008,786567671.79,1.1916,-1.5856,1,0
2021-05-06,sz.000069,309.01179435,313.65858825,302.0416035,304.6969143,309.01179435,54208378,499286900.21,0.7682,-1.3963,1,0
2021-05-07,sz.000069,304.0330866,308.6798805,300.0501204,300.38203425,304.6969143,51711122,472721805.91,0.7328,-1.4161,1,0
2021-05-10,sz.000069,300.0501204,302.37351735,289.76079105,292.7480157,300.38203425,79407175,700594870.41,1.1253,-2.5414,1,0
2021-05-11,sz.000069,293.74375725,295.73524035,288.7650495,292.084188,292.7480157,40816839,359097025.92,0.5784,-0.2268,1,0
2021-05-12,sz.000069,290.42461875,294.0756711,281.13103095,286.1097387,292.084188,79236383,684018976.43,1.1229,-2.0455,1,0
2021-05-13,sz.000069,281.79485865,288.43313565,281.13103095,283.12251405,286.1097387,44094501,377821276.73,0.6249,-1.0441,1,0
2021-05-14,sz.000069,284.45016945,289.09696335,282.7906002,287.10548025,283.12251405,49824794,430061665.73,0.7061,1.4068,1,0
2021-05-17,sz.000069,287.10548025,290.0927049,282.7906002,283.4544279,287.10548025,48606442,418614419.23,0.6888,-1.2717,1,0
2021-05-18,sz.000069,282.7906002,287.76930795,282.45868635,287.4373941,283.4544279,26648946,229465440.11,0.3777,1.4052,1,0
2021-05-19,sz.000069,286.1097387,286.44165255,271.83744315,277.81189245,287.4373941,95469780,795248179.05,1.353,-3.3487,1,0
2021-05-20,sz.000069,278.47572015,282.1267725,276.8161509,278.47572015,277.81189245,51391892,432898909.38,0.7283,0.2389,1,0
2021-05-21,sz.000069,279.4714617,285.77782485,279.13954785,284.1182556,278.47572015,49326184,420903383.29,0.699,2.0262,1,0
2021-05-24,sz.000069,282.45868635,286.1097387,278.807634,282.1267725,284.1182556,39580781,336130193.74,0.5609,-0.7009,1,0
2021-05-25,sz.000069,282.1267725,288.7650495,280.7991171,287.4373941,282.1267725,55190502,475100747.27,0.7821,1.8824,1,0
2021-05-26,sz.000069,287.76930795,290.7565326,285.445911,287.76930795,287.4373941,45647974,396001598.37,0.6469,0.1155,1,0
2021-05-27,sz.000069,286.7735664,287.4373941,280.46720325,282.7906002,287.76930795,55702167,476517968.43,0.7894,-1.7301,1,0
2021-05-28,sz.000069,281.79485865,282.1267725,273.4970124,276.48423705,282.7906002,78549295,655252905.41,1.1132,-2.23,1,0
2021-05-31,sz.000069,273.82892625,278.1438063,271.5055293,276.8161509,276.48423705,40919970,338730296.62,0.5799,0.12,1,0
2021-06-01,sz.000069,276.48423705,278.1438063,273.82892625,274.8246678,276.8161509,37475265,310602302.37,0.5311,-0.7194,1,0
2021-06-02,sz.000069,278.47572015,294.7394988,277.4799786,287.76930795,274.8246678,120379289,1040005445.6,1.706,4.7101,1,0
2021-06-03,sz.000069,288.7650495,291.4203603,283.78634175,284.1182556,287.76930795,61946755,536369651.37,0.8779,-1.2687,1,0
2021-06-04,sz.000069,282.7906002,291.75227415,282.45868635,289.09696335,284.1182556,61134515,529624361.16,0.8664,1.7523,1,0
2021-06-07,sz.000069,289.4288772,293.4118434,279.4714617,292.084188,289.09696335,85217771,739850033.43,1.2077,1.0333,1,0
2021-06-08,sz.000069,289.76079105,294.40758495,289.4288772,292.084188,292.084188,56433342,497036266.35,0.7998,0.0,1,0
2021-06-09,sz.000069,296.25183887,297.29375624,285.48535938,286.17997096,292.08416939,67223725,563644963.32,0.9527,-2.0214,1,0
2021-06-10,sz.000069,286.17997096,287.91649991,278.19193779,279.92846674,286.17997096,70553584,573128287.74,0.9999,-2.1845,1,0
2021-06-11,sz.000069,279.23385516,283.40152464,276.45540884,277.49732621,279.92846674,48226522,387297086.22,0.6835,-0.8685,1,0
2021-06-15,sz.000069,276.10810305,277.15002042,266.38354093,267.4254583,277.49732621,64384727,500611628.98,0.9124,-3.6295,1,0
2021-06-16,sz.000069,269.50929304,275.76079726,264.64701198,272.98235094,267.4254583,65816982,515041855.02,0.9327,2.0779,1,0
2021-06-17,sz.000069,274.02426831,276.45540884,269.16198725,270.20390462,272.98235094,41325800,322813421.14,0.5857,-1.0178,1,0
2021-06-18,sz.000069,270.20390462,271.59312778,262.91048303,265.68892935,270.20390462,37701751,288750803.18,0.5343,-1.671,1,0
2021-06-21,sz.000069,265.68892935,266.03623514,260.4793425,262.21587145,265.68892935,45814466,346154935.35,0.6493,-1.3072,1,0
2021-06-22,sz.000069,264.29970619,266.03623514,261.86856566,262.56317724,262.21587145,35425660,268562980.88,0.502,0.1325,1,0
2021-06-23,sz.000069,262.56317724,266.03623514,259.78473092,265.34162356,262.56317724,29533304,224545377.07,0.4185,1.0582,1,0
2021-06-24,sz.000069,265.34162356,267.4254583,262.21587145,262.56317724,265.34162356,31843808,242214245.2,0.4513,-1.0471,1,0
2021-06-25,sz.000069,266.03623514,268.12006988,264.64701198,267.4254583,262.56317724,39615456,303901389.1,0.5614,1.8519,1,0
2021-06-28,sz.000069,268.46737567,270.20390462,265.68892935,267.77276409,267.4254583,36869583,283948932.96,0.5225,0.1299,1,0
2021-06-29,sz.000069,267.07815251,267.07815251,262.91048303,264.29970619,267.77276409,34949814,266338515.51,0.4953,-1.297,1,0
2021-06-30,sz.000069,265.68892935,265.68892935,258.39550776,258.39550776,264.29970619,43883040,330121989.1,0.6219,-2.2339,1,0
2021-07-01,sz.000069,259.78473092,276.80271463,256.65897881,271.59312778,258.39550776,87140483,674264040.52,1.2349,5.1075,1,0
2021-07-02,sz.000069,269.16198725,269.85659883,264.29970619,266.38354093,271.59312778,43644411,335258848.54,0.6185,-1.9182,1,0
2021-07-05,sz.000069,266.73084672,267.07815251,259.78473092,261.52125987,266.38354093,33787989,254873392.61,0.4788,-1.8253,1,0
2021-07-06,sz.000069,261.86856566,272.63504515,259.78473092,269.16198725,261.52125987,51011029,392121488.55,0.7229,2.9216,1,0
2021-07-07,sz.000069,270.55121041,271.94043357,262.56317724,264.64701198,269.16198725,40317017,307936037.67,0.5714,-1.6774,1,0
2021-07-08,sz.000069,264.99431777,266.03623514,259.43742513,260.82664829,264.64701198,35977925,271161233.93,0.5099,-1.4436,1,0
2021-07-09,sz.000069,261.52125987,268.46737567,260.82664829,262.56317724,260.82664829,35902550,273737738.3,0.5088,0.6658,1,0
2021-07-12,sz.000069,264.29970619,265.68892935,260.4793425,261.86856566,262.56317724,43874780,331251999.36,0.6218,-0.2646,1,0
2021-07-13,sz.000069,262.56317724,264.99431777,258.04820197,264.29970619,261.86856566,35429355,267559428.26,0.5021,0.9284,1,0
2021-07-14,sz.000069,266.03623514,266.03623514,258.74281355,259.09011934,264.29970619,36919367,277082476.36,0.5232,-1.9711,1,0
2021-07-15,sz.000069,258.04820197,263.9524004,257.0062846,262.91048303,259.09011934,36712992,276168767.64,0.5203,1.4745,1,0
2021-07-16,sz.000069,261.86856566,267.77276409,261.52125987,261.86856566,262.91048303,32328399,245838678.03,0.4581,-0.3963,1,0
2021-07-19,sz.000069,260.82664829,261.86856566,257.0062846,258.04820197,261.86856566,35614751,264698452.73,0.5047,-1.4589,1,0
2021-07-20,sz.000069,255.26975565,255.26975565,248.67094564,250.75478038,258.04820197,45962684,332476353.65,0.6514,-2.8264,1,0
2021-07-21,sz.000069,250.40747459,252.49130933,248.32363985,249.36555722,250.75478038,30493731,219189226.85,0.4321,-0.554,1,0
2021-07-22,sz.000069,248.67094564,254.22783828,246.93441669,252.83861512,249.36555722,34573562,250334205.37,0.49,1.3928,1,0
2021-07-23,sz.000069,251.79669775,252.14400354,247.28172248,248.32363985,252.83861512,26808139,192234785.74,0.3799,-1.7857,1,0
2021-07-26,sz.000069,246.23980511,247.28172248,235.12601983,236.1679372,248.32363985,65004725,446251104.79,0.9212,-4.8951,1,0
2021-07-27,sz.000069,235.82063141,238.59907773,228.52720982,229.2218214,236.1679372,51410666,343641005.5,0.7286,-2.9412,1,0
2021-07-28,sz.000069,233.73679667,233.73679667,222.97031718,225.7487635,229.2218214,62154895,406429513.19,0.8808,-1.5152,1,0
2021-07-29,sz.000069,229.2218214,230.95835035,222.62301139,225.7487635,225.7487635,42726193,277556760.08,0.6055,0.0,1,0
2021-07-30,sz.000069,223.31762297,227.13798666,219.84456507,224.01223455,225.7487635,32068176,207023329.03,0.4545,-0.7692,1,0
2021-08-02,sz.000069,218.8026477,230.26373877,215.3295898,227.13798666,224.01223455,49943180,321678814.5,0.7078,1.3953,1,0
2021-08-03,sz.000069,225.7487635,229.91643298,225.05415192,225.40145771,227.13798666,24984703,162964025.91,0.3541,-0.7645,1,0
2021-08-04,sz.000069,225.7487635,227.83259824,222.62301139,227.13798666,225.40145771,27117691,175856653.49,0.3843,0.7704,1,0
2021-08-05,sz.000069,226.44337508,239.98830089,226.09606929,230.95835035,227.13798666,68178049,461399661.03,0.9662,1.682,1,0
2021-08-06,sz.000069,228.52720982,230.26373877,224.35954034,227.48529245,230.95835035,27424259,179304271.68,0.3886,-1.5038,1,0
2021-08-09,sz.000069,228.17990403,243.80866458,224.70684613,240.68291247,227.48529245,81289239,557901754.93,1.152,5.8015,1,0
2021-08-10,sz.000069,242.41944142,243.46135879,235.47332562,237.55716036,240.68291247,37154986,254138546.61,0.5266,-1.2987,1,0
2021-08-11,sz.000069,241.37752405,256.65897881,241.37752405,253.5332267,237.55716036,102228019,744478222.43,1.4487,6.7251,1,0
2021-08-12,sz.000069,251.79669775,253.18592091,247.62902827,247.62902827,253.5332267,36544278,262522222.44,0.5179,-2.3288,1,0
2021-08-13,sz.000069,247.62902827,249.01825143,241.03021826,242.76674721,247.62902827,45223539,318182340.55,0.6409,-1.9635,1,0
2021-08-16,sz.000069,243.80866458,254.22783828,242.07213563,249.01825143,242.76674721,46386668,334314853.47,0.6574,2.5751,1,0
2021-08-17,sz.000069,249.36555722,254.57514407,247.28172248,250.0601688,249.01825143,38242788,277311835.47,0.542,0.4184,1,0
2021-08-18,sz.000069,250.0601688,253.18592091,246.5871109,252.49130933,250.0601688,25233841,181767072.19,0.3576,0.9722,1,0
2021-08-19,sz.000069,251.10208617,253.18592091,244.50327616,244.85058195,252.49130933,28071643,200009536.67,0.3978,-3.0261,1,0
2021-08-20,sz.000069,246.23980511,250.0601688,243.46135879,246.93441669,244.85058195,24551929,174402530.99,0.3479,0.8511,1,0
2021-08-23,sz.000069,246.93441669,250.0601688,243.46135879,243.46135879,246.93441669,22299824,157633471.18,0.316,-1.4065,1,0
2021-08-24,sz.000069,243.114053,247.28172248,243.114053,243.80866458,243.46135879,23710540,166916856.84,0.336,0.1427,1,0
2021-08-25,sz.000069,245.89249932,250.40747459,244.15597037,247.28172248,243.80866458,26615221,189590374.2,0.3772,1.4245,1,0
2021-08-26,sz.000069,236.1679372,238.59907773,230.95835035,233.38949088,247.28172248,72208658,488074377.03,1.0234,-5.618,1,0
2021-08-27,sz.000069,232.00026772,237.90446615,230.95835035,233.73679667,233.38949088,36430297,245823138.14,0.5163,0.1488,1,0
2021-08-30,sz.000069,233.38949088,234.43140825,228.17990403,229.91643298,233.73679667,39985662,265518823.16,0.5667,-1.6345,1,0
2021-08-31,sz.000069,229.91643298,235.47332562,227.48529245,234.08410246,229.91643298,45603193,303466746.21,0.6463,1.8127,1,0
2021-09-01,sz.000069,234.43140825,252.14400354,234.43140825,247.97633406,234.08410246,85301987,603250709.88,1.209,5.9347,1,0
2021-09-02,sz.000069,248.32363985,255.61706144,247.97633406,253.18592091,247.97633406,61180856,445755286.97,0.8671,2.1008,1,0
2021-09-03,sz.000069,252.49130933,258.74281355,251.10208617,253.5332267,253.18592091,42327632,310494944.03,0.5999,0.1372,1,0
2021-09-06,sz.000069,254.22783828,255.96436723,249.36555722,252.49130933,253.5332267,40638495,295014262.88,0.576,-0.411,1,0
2021-09-07,sz.000069,253.88053249,255.26975565,250.75478038,254.92244986,252.49130933,32454750,236939774.41,0.46,0.9629,1,0
2021-09-08,sz.000069,254.92244986,256.31167302,250.75478038,252.14400354,254.92244986,39137214,284394628.66,0.5547,-1.0899,1,0
2021-09-09,sz.000069,253.88053249,254.22783828,250.0601688,252.83861512,252.14400354,35024615,254252297.5,0.4964,0.2755,1,0
2021-09-10,sz.000069,252.83861512,260.4793425,250.75478038,251.79669775,252.83861512,53074744,390279209.76,0.7522,-0.4121,1,0
2021-09-13,sz.000069,250.0601688,254.92244986,247.62902827,251.44939196,251.79669775,49948931,362621576.21,0.7079,-0.1379,1,0
2021-09-14,sz.000069,251.44939196,254.57514407,243.114053,243.114053,251.44939196,56695613,405950568.22,0.8035,-3.3149,1,0
2021-09-15,sz.000069,243.114053,244.85058195,236.1679372,237.55716036,243.114053,44037882,303487683.15,0.6241,-2.2857,1,0
2021-09-16,sz.000069,236.86254878,238.94638352,229.91643298,230.95835035,237.55716036,46112835,310938227.95,0.6536,-2.7778,1,0
2021-09-17,sz.000069,231.30565614,238.94638352,228.52720982,235.82063141,230.95835035,44769886,301701921.15,0.6345,2.1053,1,0
2021-09-22,sz.000069,231.65296193,247.62902827,231.30565614,246.5871109,235.82063141,58491496,407398021.93,0.829,4.5655,1,0
2021-09-23,sz.000069,245.54519353,256.65897881,245.19788774,252.49130933,246.5871109,68610540,499814725.58,0.9724,2.3944,1,0
2021-09-24,sz.000069,254.92244986,260.82664829,252.14400354,255.96436723,252.49130933,66879836,495822529.43,0.9479,1.3755,1,0
2021-09-27,sz.000069,255.61706144,257.70089618,244.85058195,245.54519353,255.96436723,56548880,406151931.23,0.8015,-4.0706,1,0
2021-09-28,sz.000069,250.0601688,254.57514407,246.5871109,252.14400354,245.54519353,48093677,348932720.45,0.6816,2.6874,1,0
2021-09-29,sz.000069,250.0601688,255.96436723,248.67094564,250.0601688,252.14400354,53826145,391918147.16,0.7629,-0.8264,1,0
2021-09-30,sz.000069,252.83861512,262.21587145,252.49130933,260.13203671,250.0601688,77142602,576627919.88,1.0933,4.0278,1,0
2021-10-08,sz.000069,261.52125987,263.60509461,249.01825143,250.40747459,260.13203671,75236271,551265160.67,1.0663,-3.7383,1,0
2021-10-11,sz.000069,250.75478038,261.17395408,250.75478038,255.96436723,250.40747459,57382682,423539785.81,0.8133,2.2191,1,0
2021-10-12,sz.000069,254.57514407,272.63504515,253.5332267,267.07815251,255.96436723,111552488,852521404.86,1.581,4.3419,1,0
2021-10-13,sz.000069,263.9524004,268.81468146,259.78473092,262.91048303,267.07815251,53526772,406342662.23,0.7586,-1.5605,1,0
2021-10-14,sz.000069,255.26975565,255.61706144,242.41944142,246.93441669,262.91048303,75739514,541478975.38,1.0735,-6.0766,1,0
2021-10-15,sz.000069,248.32363985,257.0062846,244.85058195,247.28172248,246.93441669,42132653,304061487.45,0.5971,0.1406,1,0
2021-10-18,sz.000069,248.32363985,248.32363985,239.98830089,244.15597037,247.28172248,44959669,314829593.69,0.6372,-1.264,1,0
2021-10-19,sz.000069,244.50327616,247.62902827,242.07213563,244.50327616,244.15597037,26800938,189051009.08,0.3798,0.1422,1,0
2021-10-20,sz.000069,245.54519353,245.54519353,237.20985457,238.59907773,244.50327616,38529538,266327551.07,0.5461,-2.4148,1,0
2021-10-21,sz.000069,239.98830089,247.97633406,238.59907773,245.54519353,238.59907773,40923184,287826888.46,0.58,2.9112,1,0
2021-10-22,sz.000069,247.28172248,255.61706144,243.46135879,245.89249932,245.54519353,70141227,501730421.33,0.9941,0.1414,1,0
2021-10-25,sz.000069,239.6409951,244.15597037,234.77871404,236.86254878,245.89249932,68890728,471512571.38,0.9764,-3.6723,1,0
2021-10-26,sz.000069,234.43140825,238.59907773,229.2218214,230.61104456,236.86254878,59043316,395606288.53,0.8368,-2.6393,1,0
2021-10-27,sz.000069,230.26373877,230.26373877,224.70684613,226.09606929,230.61104456,41642503,272407506.79,0.5902,-1.9578,1,0
2021-10-28,sz.000069,225.7487635,227.83259824,218.8026477,220.53917665,226.09606929,40667946,259543150.28,0.5764,-2.4578,1,0
2021-10-29,sz.000069,220.53917665,222.2757056,215.67689559,217.41342454,220.53917665,42547300,266770891.58,0.603,-1.4173,1,0
2021-11-01,sz.000069,216.71881296,221.23378823,215.67689559,217.41342454,217.41342454,34774552,218317289.17,0.4929,0.0,1,0
2021-11-02,sz.000069,217.41342454,219.14995349,208.383474,211.16192032,217.41342454,49547660,304773220.92,0.7022,-2.8754,1,0
2021-11-03,sz.000069,211.8565319,214.98228401,208.03616821,208.03616821,211.16192032,56717231,343984706.23,0.8039,-1.4803,1,0
2021-11-04,sz.000069,208.73077979,209.77269716,205.95233347,207.68886242,208.03616821,30649104,183554888.28,0.4344,-0.1669,1,0
2021-11-05,sz.000069,207.68886242,210.12000295,205.60502768,205.60502768,207.68886242,29589316,175867490.34,0.4194,-1.0033,1,0
2021-11-08,sz.000069,206.29963926,210.46730874,205.95233347,206.64694505,205.60502768,34340144,205413846.33,0.4867,0.5068,1,0
2021-11-09,sz.000069,206.64694505,208.73077979,205.95233347,208.383474,206.64694505,23670160,141456891.91,0.3355,0.8403,1,0
2021-11-10,sz.000069,208.383474,217.41342454,204.9104161,216.37150717,208.383474,65658980,399344529.16,0.9306,3.8333,1,0
2021-11-11,sz.000069,216.37150717,230.95835035,215.3295898,230.61104456,216.37150717,100874574,654708424.08,1.4297,6.5811,1,0
2021-11-12,sz.000069,226.79068087,227.48529245,220.53917665,222.2757056,230.61104456,56776491,364686412.33,0.8047,-3.6145,1,0
2021-11-15,sz.000069,221.92839981,224.01223455,217.41342454,223.31762297,222.2757056,36888198,234116175.95,0.5228,0.4688,1,0
2021-11-16,sz.000069,222.97031718,227.48529245,221.92839981,222.97031718,223.31762297,28315171,183101692.39,0.4013,-0.1555,1,0
2021-11-17,sz.000069,222.97031718,224.35954034,219.84456507,220.19187086,222.97031718,21510392,137080040.47,0.3049,-1.2461,1,0
2021-11-18,sz.000069,220.19187086,221.58109402,214.63497822,215.3295898,220.19187086,31297702,196122964.42,0.4436,-2.2082,1,0
2021-11-19,sz.000069,218.10803612,221.92839981,215.3295898,220.53917665,215.3295898,31435959,197535193.22,0.4455,2.4194,1,0
2021-11-22,sz.000069,221.58109402,222.2757056,215.67689559,216.02420138,220.53917665,34266576,214062995.58,0.4857,-2.0472,1,0
2021-11-23,sz.000069,216.02420138,218.8026477,215.3295898,216.37150717,216.02420138,25892210,161499573.84,0.367,0.1608,1,0
2021-11-24,sz.000069,215.3295898,218.45534191,215.3295898,216.71881296,216.37150717,21560596,134747365.35,0.3056,0.1605,1,0
2021-11-25,sz.000069,217.06611875,217.76073033,214.98228401,215.3295898,216.71881296,21976717,136669050.01,0.3115,-0.641,1,0
2021-11-26,sz.000069,214.63497822,214.98228401,211.8565319,212.55114348,215.3295898,21476492,131552377.12,0.3044,-1.2903,1,0
2021-11-29,sz.000069,210.12000295,210.81461453,205.95233347,207.34155663,212.55114348,48895134,293216932.41,0.693,-2.451,1,0
2021-11-30,sz.000069,207.34155663,209.77269716,204.9104161,205.95233347,207.34155663,44605108,265570069.13,0.6322,-0.67,1,0
2021-12-01,sz.000069,205.25772189,210.81461453,205.25772189,209.42539137,205.95233347,42142217,253209626.85,0.5973,1.6863,1,0
2021-12-02,sz.000069,208.383474,211.16192032,207.34155663,211.16192032,209.42539137,26943905,162632474.21,0.3819,0.8292,1,0
2021-12-03,sz.000069,210.81461453,212.55114348,207.34155663,212.20383769,211.16192032,35855795,216914085.99,0.5082,0.4934,1,0
2021-12-06,sz.000069,215.3295898,222.62301139,214.28767243,217.76073033,212.20383769,79237867,498836210.97,1.123,2.6187,1,0
2021-12-07,sz.000069,221.58109402,227.48529245,220.19187086,223.31762297,217.76073033,90112182,583485761.21,1.2772,2.5518,1,0
2021-12-08,sz.000069,224.70684613,225.05415192,219.49725928,222.97031718,223.31762297,37728811,240723197.24,0.5347,-0.1555,1,0
2021-12-09,sz.000069,224.01223455,228.52720982,221.58109402,227.83259824,222.97031718,57695224,375642393.72,0.8177,2.1807,1,0
2021-12-10,sz.000069,225.7487635,226.79068087,221.58109402,222.97031718,227.83259824,35645623,229425080.59,0.5052,-2.1341,1,0
2021-12-13,sz.000069,222.2757056,224.70684613,219.84456507,220.53917665,222.97031718,38233978,244375115.23,0.5419,-1.0903,1,0
2021-12-14,sz.000069,220.53917665,220.53917665,216.71881296,218.10803612,220.53917665,29753178,186722463.38,0.4217,-1.1024,1,0
2021-12-15,sz.000069,218.8026477,219.49725928,216.02420138,216.71881296,218.10803612,30060899,188296741.11,0.4261,-0.6369,1,0
2021-12-16,sz.000069,216.71881296,220.88648244,215.3295898,219.84456507,216.71881296,28268223,178028254.24,0.4006,1.4423,1,0
2021-12-17,sz.000069,219.14995349,221.58109402,218.45534191,219.14995349,219.84456507,23562747,149134633.77,0.334,-0.316,1,0
2021-12-20,sz.000069,219.84456507,223.66492876,218.45534191,219.14995349,219.14995349,46524247,296111870.77,0.6594,0.0,1,0
2021-12-21,sz.000069,220.19187086,231.65296193,218.8026477,230.95835035,219.14995349,97587477,641144974.91,1.3831,5.3883,1,0
2021-12-22,sz.000069,237.20985457,241.37752405,234.43140825,237.90446615,230.95835035,118847078,812745458.93,1.6844,3.0075,1,0
2021-12-23,sz.000069,236.1679372,238.94638352,232.34757351,234.08410246,237.90446615,50376107,340457512.12,0.714,-1.6058,1,0
2021-12-24,sz.000069,234.43140825,237.90446615,230.61104456,237.20985457,234.08410246,42189783,284838510.4,0.598,1.3353,1,0
2021-12-27,sz.000069,237.90446615,250.0601688,237.55716036,244.50327616,237.20985457,76970723,541087510.88,1.0909,3.0747,1,0
2021-12-28,sz.000069,242.76674721,244.85058195,238.25177194,244.50327616,244.50327616,49792377,345778234.42,0.7057,0.0,1,0
2021-12-29,sz.000069,243.46135879,247.97633406,240.68291247,245.89249932,244.50327616,40632272,286259022.2,0.5759,0.5682,1,0
2021-12-30,sz.000069,245.54519353,250.0601688,242.07213563,247.97633406,245.89249932,56976402,404581572.43,0.8075,0.8475,1,0
2021-12-31,sz.000069,246.5871109,249.36555722,243.114053,244.50327616,247.97633406,49490034,350558044.8,0.7014,-1.4006,1,0
2022-01-04,sz.000069,242.07213563,255.96436723,239.6409951,252.14400354,244.50327616,73778655,529419680.73,1.0457,3.125,1,0
2022-01-05,sz.000069,258.04820197,274.3715741,255.61706144,270.8985162,252.14400354,170578784,1314536953.06,2.4176,7.438,1,0
2022-01-06,sz.000069,266.73084672,273.67696252,263.9524004,269.16198725,270.8985162,83880605,647911775.84,1.1888,-0.641,1,0
2022-01-07,sz.000069,270.8985162,280.97038411,269.50929304,271.94043357,269.16198725,96665162,766830540.89,1.37,1.0323,1,0
2022-01-10,sz.000069,270.55121041,279.58116095,261.52125987,277.49732621,271.94043357,123250522,963357525.0,1.7468,2.0434,1,0
2022-01-11,sz.000069,276.10810305,288.95841728,272.63504515,280.62307832,277.49732621,107121864,873059894.82,1.5182,1.1264,1,0
2022-01-12,sz.000069,280.27577253,284.44344201,270.8985162,280.62307832,280.62307832,76010156,609012766.35,1.0773,0.0,1,0
2022-01-13,sz.000069,278.88654937,286.52727675,270.20390462,271.24582199,280.62307832,83353696,661517473.5,1.1814,-3.3416,1,0
2022-01-14,sz.000069,272.63504515,272.98235094,258.04820197,262.91048303,271.24582199,97301164,735503210.37,1.3791,-3.073,1,0
2022-01-17,sz.000069,265.34162356,271.24582199,262.21587145,268.46737567,262.91048303,72274461,556776921.23,1.0243,2.1136,1,0
2022-01-18,sz.000069,267.07815251,285.83266517,267.07815251,283.05421885,268.46737567,85503063,688812097.05,1.2118,5.4334,1,0
2022-01-19,sz.000069,282.70691306,293.47339255,279.92846674,283.74883043,283.05421885,64987403,533027734.1,0.9211,0.2454,1,0
2022-01-20,sz.000069,285.13805359,296.94645045,280.62307832,283.40152464,283.74883043,116363538,969246532.3,1.6492,-0.1224,1,0
2022-01-21,sz.000069,285.13805359,288.95841728,276.80271463,283.74883043,283.40152464,60306813,489542634.51,0.8547,0.1225,1,0
2022-01-24,sz.000069,280.97038411,291.7368636,278.19193779,279.92846674,283.74883043,70333672,574247606.13,0.9968,-1.3464,1,0
2022-01-25,sz.000069,279.23385516,284.09613622,272.98235094,274.3715741,279.92846674,63796418,509592196.45,0.9042,-1.9851,1,0
2022-01-26,sz.000069,275.41349147,277.844632,267.07815251,272.28773936,274.3715741,45647294,357296265.32,0.647,-0.7595,1,0
2022-01-27,sz.000069,267.4254583,275.06618568,263.25778882,268.81468146,272.28773936,46333067,359684637.43,0.6567,-1.2755,1,0
2022-01-28,sz.000069,272.63504515,276.10810305,266.03623514,267.77276409,268.81468146,47800651,372243459.62,0.6775,-0.3876,1,0
2022-02-07,sz.000069,250.40747459,268.81468146,247.97633406,263.25778882,267.77276409,122903613,916708545.31,1.7419,-1.6861,1,0
2022-02-08,sz.000069,261.17395408,271.59312778,257.35359039,264.64701198,263.25778882,92828332,703719567.7,1.3157,0.5277,1,0
2022-02-09,sz.000069,265.68892935,271.94043357,254.22783828,258.04820197,264.64701198,92743954,701629591.36,1.3145,-2.4934,1,0
2022-02-10,sz.000069,258.04820197,278.53924358,255.96436723,275.06618568,258.04820197,125267166,981715553.45,1.7754,6.5949,1,0
2022-02-11,sz.000069,277.844632,283.05421885,265.34162356,266.38354093,275.06618568,93170940,732766056.39,1.3205,-3.1566,1,0
2022-02-14,sz.000069,265.34162356,266.38354093,252.14400354,253.88053249,266.38354093,94032229,695576031.27,1.3327,-4.6936,1,0
2022-02-15,sz.000069,252.83861512,259.43742513,248.32363985,250.0601688,253.88053249,69373466,504561695.62,0.9832,-1.5048,1,0
2022-02-16,sz.000069,250.0601688,258.04820197,249.01825143,250.75478038,250.0601688,67637755,491427817.2,0.9586,0.2778,1,0
2022-02-17,sz.000069,251.10208617,251.79669775,245.19788774,245.54519353,250.75478038,55423501,394446405.38,0.7855,-2.0776,1,0
2022-02-18,sz.000069,245.54519353,255.61706144,245.54519353,255.26975565,245.54519353,83440995,606297800.1,1.1826,3.9604,1,0
2022-02-21,sz.000069,255.26975565,256.65897881,249.01825143,255.26975565,255.26975565,48192725,350832883.37,0.683,0.0,1,0
2022-02-22,sz.000069,253.5332267,257.35359039,251.10208617,255.61706144,255.26975565,53738864,393566852.63,0.7616,0.1361,1,0
2022-02-23,sz.000069,254.22783828,255.26975565,244.85058195,246.23980511,255.61706144,66873441,476807087.17,0.9478,-3.6685,1,0
2022-02-24,sz.000069,245.19788774,246.93441669,237.55716036,240.68291247,246.23980511,50776703,353821076.35,0.7197,-2.2567,1,0
2022-02-25,sz.000069,239.6409951,244.15597037,237.20985457,239.6409951,240.68291247,36717686,254201326.97,0.5204,-0.4329,1,0
2022-02-28,sz.000069,239.6409951,240.68291247,234.08410246,239.6409951,239.6409951,42834596,293431936.0,0.6071,0.0,1,0
2022-03-01,sz.000069,238.94638352,241.72482984,236.86254878,241.03021826,239.6409951,29214409,201427084.0,0.4141,0.5797,1,0
2022-03-02,sz.000069,242.76674721,248.32363985,235.82063141,237.20985457,241.03021826,78064715,539000784.0,1.1064,-1.585,1,0
2022-03-03,sz.000069,238.25177194,243.114053,237.90446615,242.07213563,237.20985457,68801326,477774832.0,0.9751,2.0498,1,0
2022-03-04,sz.000069,241.03021826,244.15597037,236.1679372,243.46135879,242.07213563,51379875,356674672.0,0.7282,0.5739,1,0
2022-03-07,sz.000069,242.41944142,249.36555722,238.59907773,239.6409951,243.46135879,59832876,419582064.0,0.848,-1.5692,1,0
2022-03-08,sz.000069,240.33560668,240.68291247,227.83259824,228.87451561,239.6409951,59026329,396944816.0,0.8366,-4.4928,1,0
2022-03-09,sz.000069,229.56912719,230.95835035,213.24575506,221.58109402,228.87451561,61951370,395311232.0,0.878,-3.1866,1,0
2022-03-10,sz.000069,225.05415192,228.87451561,222.62301139,226.44337508,221.58109402,38138705,248581653.0,0.5405,2.1944,1,0
2022-03-11,sz.000069,224.35954034,227.83259824,218.10803612,226.79068087,226.44337508,42342982,271262608.0,0.6001,0.1534,1,0
2022-03-14,sz.000069,221.58109402,233.73679667,220.19187086,220.53917665,226.79068087,51973850,338669200.0,0.7366,-2.7565,1,0
2022-03-15,sz.000069,218.8026477,219.14995349,201.78466399,202.82658136,220.53917665,96519419,581927152.0,1.368,-8.0315,1,0
2022-03-16,sz.000069,205.95233347,213.24575506,197.9643003,210.81461453,202.82658136,80198732,474735520.0,1.1367,3.9384,1,0
2022-03-17,sz.000069,219.84456507,224.01223455,214.63497822,220.53917665,210.81461453,89303281,565413616.0,1.2657,4.6129,1,0
2022-03-18,sz.000069,217.06611875,228.87451561,215.3295898,227.48529245,220.53917665,70639775,454056273.07,1.0012,3.1496,1,0
2022-03-21,sz.000069,224.35954034,224.70684613,217.76073033,218.8026477,227.48529245,73694621,467143414.01,1.0445,-3.8168,1,0
2022-03-22,sz.000069,217.06611875,227.83259824,215.67689559,225.05415192,218.8026477,86633287,556906588.31,1.2279,2.8571,1,0
2022-03-23,sz.000069,225.7487635,236.86254878,221.92839981,230.26373877,225.05415192,100505658,661595920.09,1.4245,2.3148,1,0
2022-03-24,sz.000069,227.48529245,231.65296193,224.70684613,225.40145771,230.26373877,47127744,308759767.93,0.6679,-2.1116,1,0
2022-03-25,sz.000069,225.40145771,230.95835035,221.92839981,224.35954034,225.40145771,47790859,311458276.61,0.6773,-0.4622,1,0
2022-03-28,sz.000069,222.62301139,236.86254878,221.92839981,233.38949088,224.35954034,94967687,633019552.25,1.346,4.0248,1,0
2022-03-29,sz.000069,230.95835035,236.1679372,227.48529245,232.00026772,233.38949088,69952816,467507670.44,0.9914,-0.5952,1,0
2022-03-30,sz.000069,232.34757351,251.44939196,231.65296193,250.75478038,232.00026772,148079325,1041310652.86,2.0987,8.0838,1,0
2022-03-31,sz.000069,249.36555722,265.68892935,249.36555722,255.61706144,250.75478038,209403383,1559476130.39,2.9679,1.9391,1,0
2022-04-01,sz.000069,253.5332267,272.63504515,251.44939196,269.50929304,255.61706144,153415094,1159243538.21,2.1744,5.4348,1,0
2022-04-06,sz.000069,272.98235094,283.05421885,270.20390462,275.06618568,269.50929304,186935805,1495554348.57,2.6495,2.0619,1,0
2022-04-07,sz.000069,271.24582199,274.71887989,261.86856566,263.60509461,275.06618568,104332201,804663976.86,1.4787,-4.1667,1,0
2022-04-08,sz.000069,263.60509461,272.63504515,255.96436723,267.07815251,263.60509461,116912339,888084946.08,1.657,1.3175,1,0
2022-04-11,sz.000069,264.29970619,265.34162356,254.57514407,255.26975565,267.07815251,95104729,709429697.54,1.3479,-4.4213,1,0
2022-04-12,sz.000069,257.0062846,259.78473092,250.75478038,255.61706144,255.26975565,100188866,737319105.97,1.42,0.1361,1,0
2022-04-13,sz.000069,251.79669775,257.35359039,246.23980511,251.10208617,255.61706144,91673343,662655716.08,1.2993,-1.7663,1,0
2022-04-14,sz.000069,251.44939196,269.16198725,251.44939196,262.21587145,251.10208617,116041727,869177800.33,1.6447,4.426,1,0
2022-04-15,sz.000069,258.74281355,276.45540884,258.74281355,265.34162356,262.21587145,107891097,829105237.88,1.5292,1.1921,1,0
2022-04-18,sz.000069,259.43742513,262.91048303,245.54519353,247.62902827,265.34162356,109764268,801755333.2,1.5557,-6.6754,1,0
2022-04-19,sz.000069,245.89249932,253.18592091,240.33560668,251.44939196,247.62902827,77111246,549953573.95,1.0929,1.5428,1,0
2022-04-20,sz.000069,250.75478038,255.26975565,237.90446615,240.33560668,251.44939196,86295581,604027003.37,1.2231,-4.4199,1,0
2022-04-21,sz.000069,238.94638352,244.15597037,235.82063141,236.86254878,240.33560668,59797114,412340176.42,0.8475,-1.4451,1,0
2022-04-22,sz.000069,235.47332562,241.03021826,231.30565614,239.29368931,236.86254878,57514220,391516883.48,0.8152,1.0264,1,0
2022-04-25,sz.000069,235.82063141,246.5871109,227.48529245,227.48529245,239.29368931,78315056,531817524.29,1.11,-4.9347,1,0
2022-04-26,sz.000069,227.48529245,230.95835035,218.8026477,219.49725928,227.48529245,78384264,507840355.76,1.111,-3.5115,1,0
2022-04-27,sz.000069,211.8565319,218.45534191,203.52119294,204.9104161,219.49725928,191914136,1155873426.5,2.72,-6.6456,1,0
2022-04-28,sz.000069,204.56311031,210.46730874,198.31160609,205.95233347,204.9104161,147015034,864076387.63,2.0837,0.5085,1,0
2022-04-29,sz.000069,206.64694505,211.16192032,196.92238293,210.12000295,205.95233347,153557126,905963713.28,2.1764,2.0236,1,0
2022-05-05,sz.000069,209.77269716,211.8565319,202.47927557,208.73077979,210.12000295,119126523,709483615.32,1.6884,-0.6612,1,0
2022-05-06,sz.000069,203.86849873,203.86849873,195.88046556,196.57507714,208.73077979,89398485,513313660.69,1.2671,-5.8236,1,0
2022-05-09,sz.000069,195.18585398,201.78466399,194.4912424,199.35352346,196.57507714,51405617,294855577.38,0.7286,1.4134,1,0
2022-05-10,sz.000069,196.22777135,198.65891188,192.75471345,197.26968872,199.35352346,85090884,479712245.53,1.206,-1.0453,1,0
2022-05-11,sz.000069,197.26968872,201.09005241,195.53315977,196.22777135,197.26968872,81466817,464326334.15,1.1546,-0.5282,1,0
2022-05-12,sz.000069,194.83854819,196.57507714,188.58704397,193.10201924,196.22777135,91435899,506680606.07,1.2959,-1.5929,1,0
2022-05-13,sz.000069,193.10201924,205.60502768,192.75471345,204.56311031,193.10201924,127353231,730724128.91,1.805,5.9353,1,0
2022-05-16,sz.000069,208.73077979,211.50922611,202.47927557,205.60502768,204.56311031,114417231,679570302.52,1.6217,0.5093,1,0
2022-05-17,sz.000069,203.86849873,204.9104161,197.61699451,200.74274662,205.60502768,67721214,390995128.02,0.9598,-2.3649,1,0
2022-05-18,sz.000069,200.74274662,201.09005241,196.92238293,198.31160609,200.74274662,45551037,260432086.27,0.6456,-1.2111,1,0
2022-05-19,sz.000069,195.53315977,203.17388715,194.83854819,201.09005241,198.31160609,77042390,445049432.61,1.0919,1.4011,1,0
2022-05-20,sz.000069,202.47927557,204.21580452,200.04813504,203.17388715,201.09005241,70419297,409519058.79,0.9981,1.0363,1,0
2022-05-23,sz.000069,202.47927557,203.17388715,197.61699451,198.65891188,203.17388715,70760907,407373396.32,1.0029,-2.2222,1,0
2022-05-24,sz.000069,199.00621767,201.4373582,194.83854819,195.18585398,198.65891188,63485158,362632690.82,0.8998,-1.7483,1,0
2022-05-25,sz.000069,195.53315977,196.22777135,193.10201924,195.53315977,195.18585398,58335609,326915454.4,0.8268,0.1779,1,0
2022-05-26,sz.000069,195.53315977,202.13196978,195.18585398,199.70082925,195.53315977,70281662,402346798.22,0.9961,2.1314,1,0
2022-05-27,sz.000069,199.70082925,200.74274662,195.53315977,196.92238293,199.70082925,61322702,348692821.55,0.8691,-1.3913,1,0
2022-05-30,sz.000069,197.26968872,202.82658136,196.22777135,197.9643003,196.92238293,73435733,420525305.76,1.0408,0.5291,1,0
2022-05-31,sz.000069,198.65891188,201.78466399,197.61699451,199.00621767,197.9643003,62352865,358774983.36,0.8837,0.5263,1,0
2022-06-01,sz.000069,199.70082925,204.21580452,197.61699451,201.4373582,199.00621767,91847526,531760040.59,1.3018,1.2216,1,0
2022-06-02,sz.000069,200.74274662,201.78466399,196.92238293,197.9643003,201.4373582,67129386,383762029.71,0.9514,-1.7241,1,0
2022-06-06,sz.000069,197.61699451,197.61699451,191.36549029,193.10201924,197.9643003,117355391,651552012.59,1.6633,-2.4561,1,0
2022-06-07,sz.000069,192.75471345,195.18585398,192.06010187,194.83854819,193.10201924,79443469,443162620.2,1.126,0.8993,1,0
2022-06-08,sz.000069,194.4912424,194.83854819,191.71279608,193.79663082,194.83854819,72732824,404414059.7,1.0309,-0.5348,1,0
2022-06-09,sz.000069,193.79663082,196.22777135,192.40740766,193.10201924,193.79663082,62598592,349821878.41,0.8872,-0.3584,1,0
2022-06-10,sz.000069,192.75471345,193.79663082,191.0181845,193.44932503,193.10201924,61507538,340732356.94,0.8718,0.1799,1,0
2022-06-13,sz.000069,192.06010187,192.75471345,188.23973818,188.93434976,193.44932503,75465551,413277258.62,1.0696,-2.3339,1,0
2022-06-14,sz.000069,187.89243239,192.06010187,187.5451266,191.71279608,188.93434976,65854851,360228314.21,0.9334,1.4706,1,0
2022-06-15,sz.000069,192.06010187,200.74274662,191.36549029,196.57507714,191.71279608,135769648,769925203.28,1.9243,2.5362,1,0
2022-06-16,sz.000069,197.63572452,200.81769504,196.2215154,196.57506768,196.57506768,70970727,396808486.35,1.0059,0.0,1,0
2022-06-17,sz.000069,196.2215154,197.28217224,192.6859926,195.16085856,196.57506768,62162416,342478188.12,0.881,-0.7194,1,0
2022-06-20,sz.000069,195.86796312,203.292561,195.16085856,201.5247996,195.16085856,97232777,549616023.58,1.3781,3.2609,1,0
2022-06-21,sz.000069,201.17124732,206.47453152,199.7570382,201.5247996,201.5247996,83261810,478946555.38,1.1801,0.0,1,0
2022-06-22,sz.000069,201.5247996,203.99966556,197.9892768,199.04993364,201.5247996,59950094,340562937.15,0.8497,-1.2281,1,0
2022-06-23,sz.000069,197.9892768,201.17124732,196.57506768,200.11059048,199.04993364,54645740,308115329.42,0.7745,0.5329,1,0
2022-06-24,sz.000069,199.7570382,204.35321784,197.28217224,202.58545644,200.11059048,94125302,533273228.1,1.3341,1.2367,1,0
2022-06-27,sz.000069,202.58545644,207.53518836,202.23190416,205.76742696,202.58545644,89602157,520877767.49,1.27,1.5707,1,0
2022-06-28,sz.000069,205.76742696,209.65650204,204.35321784,209.65650204,205.76742696,87526713,512598556.5,1.2405,1.89,1,0
2022-06-29,sz.000069,210.71715888,219.2024136,210.71715888,214.60623396,209.65650204,139455230,852697892.41,1.9765,2.3609,1,0
2022-06-30,sz.000069,219.2024136,231.93029568,216.02044308,229.45542972,214.60623396,188291331,1191932576.98,2.6687,6.9193,1,0
2022-07-01,sz.000069,229.808982,229.808982,219.2024136,220.26307044,229.45542972,137179810,864610877.04,1.9443,-4.0062,1,0
2022-07-04,sz.000069,217.4346522,218.49530904,211.42426344,212.48492028,220.26307044,104844792,634360063.81,1.486,-3.5313,1,0
2022-07-05,sz.000069,212.83847256,214.25268168,207.88874064,210.01005432,212.48492028,69397244,413991413.56,0.9836,-1.1647,1,0
2022-07-06,sz.000069,208.24229292,210.3636066,204.35321784,205.76742696,210.01005432,67823525,394843490.01,0.9613,-2.0202,1,0
2022-07-07,sz.000069,206.47453152,208.24229292,204.35321784,207.53518836,205.76742696,53711932,313844777.7,0.7613,0.8591,1,0
2022-07-08,sz.000069,209.30294976,210.71715888,206.47453152,207.53518836,207.53518836,41165277,242491333.33,0.5834,0.0,1,0
2022-07-11,sz.000069,205.76742696,207.18163608,202.23190416,205.0603224,207.53518836,42047687,243077573.88,0.596,-1.1925,1,0
2022-07-12,sz.000069,204.70677012,206.47453152,202.58545644,202.93900872,205.0603224,43340710,250547119.88,0.6143,-1.0345,1,0
2022-07-13,sz.000069,202.93900872,207.18163608,202.23190416,202.93900872,202.93900872,52456809,303144219.23,0.7435,0.0,1,0
2022-07-14,sz.000069,202.23190416,202.58545644,198.69638136,199.04993364,202.93900872,46890605,265102525.59,0.6646,-1.9164,1,0
2022-07-15,sz.000069,197.28217224,197.9892768,193.03954488,194.10020172,199.04993364,63397277,350339948.22,0.8985,-2.4867,1,0
2022-07-18,sz.000069,194.453754,199.04993364,194.10020172,197.28217224,194.10020172,45456525,253131245.87,0.6443,1.6393,1,0
2022-07-19,sz.000069,199.04993364,200.46414276,196.57506768,198.34282908,197.28217224,31224131,175061558.36,0.4425,0.5376,1,0
2022-07-20,sz.000069,197.9892768,200.11059048,196.92861996,197.63572452,198.34282908,35890676,201249786.56,0.5087,-0.3565,1,0
2022-07-21,sz.000069,196.92861996,198.34282908,196.2215154,196.92861996,197.63572452,31755654,177229637.89,0.4501,-0.3578,1,0
2022-07-22,sz.000069,197.63572452,198.69638136,194.453754,196.92861996,196.92861996,32314035,179640688.6,0.458,0.0,1,0
2022-07-25,sz.000069,196.57506768,200.11059048,195.86796312,197.28217224,196.92861996,36488262,204530197.71,0.5172,0.1795,1,0
2022-07-26,sz.000069,198.69638136,205.41387468,198.34282908,205.41387468,197.28217224,77924276,446453455.89,1.1044,4.1219,1,0
2022-07-27,sz.000069,204.70677012,204.70677012,200.81769504,201.5247996,205.41387468,40346107,230341401.62,0.5718,-1.8933,1,0
2022-07-28,sz.000069,201.87835188,205.76742696,200.81769504,202.58545644,201.5247996,41962724,240838926.59,0.5947,0.5263,1,0
2022-07-29,sz.000069,202.58545644,202.93900872,196.92861996,197.63572452,202.58545644,48871765,275228147.4,0.6927,-2.4433,1,0
2022-08-01,sz.000069,196.57506768,199.04993364,195.16085856,196.57506768,197.63572452,29783952,165577794.67,0.4221,-0.5367,1,0
2022-08-02,sz.000069,194.80730628,195.16085856,188.44336524,191.62533576,196.57506768,59984748,324170321.81,0.8502,-2.518,1,0
2022-08-03,sz.000069,191.97888804,193.74664944,188.44336524,189.50402208,191.62533576,44078145,237407001.55,0.6247,-1.107,1,0
2022-08-04,sz.000069,189.50402208,191.97888804,188.79691752,191.97888804,189.50402208,25995686,139943050.35,0.3684,1.306,1,0
2022-08-05,sz.000069,191.97888804,195.16085856,191.62533576,194.80730628,191.97888804,24962369,136669516.71,0.3538,1.4733,1,0
2022-08-08,sz.000069,194.453754,197.9892768,193.03954488,193.74664944,194.80730628,28254604,156011120.58,0.4005,-0.5445,1,0
2022-08-09,sz.000069,193.39309716,194.80730628,192.33244032,193.03954488,193.74664944,17427809,95254284.15,0.247,-0.365,1,0
2022-08-10,sz.000069,193.39309716,193.74664944,188.79691752,189.1504698,193.03954488,31343810,169058762.57,0.4442,-2.0147,1,0
2022-08-11,sz.000069,189.85757436,193.03954488,189.85757436,193.03954488,189.1504698,31288643,169788475.34,0.4435,2.0561,1,0
2022-08-12,sz.000069,192.6859926,194.80730628,190.9182312,193.74664944,193.03954488,29685646,162276698.89,0.4207,0.3663,1,0
2022-08-15,sz.000069,193.03954488,194.453754,189.1504698,190.21112664,193.74664944,53413466,288259265.4,0.757,-1.8248,1,0
2022-08-16,sz.000069,190.21112664,193.03954488,190.21112664,190.9182312,190.21112664,33463269,181011051.27,0.4743,0.3717,1,0
2022-08-17,sz.000069,190.9182312,195.16085856,189.85757436,193.74664944,190.9182312,47328113,258435602.04,0.6708,1.4815,1,0
2022-08-18,sz.000069,193.39309716,193.39309716,190.21112664,190.9182312,193.74664944,35220002,190382219.04,0.4992,-1.4599,1,0
2022-08-19,sz.000069,190.56467892,194.10020172,190.21112664,191.97888804,190.9182312,36629886,199633140.2,0.5192,0.5556,1,0
2022-08-22,sz.000069,191.62533576,194.10020172,190.56467892,193.03954488,191.97888804,37275224,202980990.37,0.5283,0.5525,1,0
2022-08-23,sz.000069,191.97888804,193.03954488,190.21112664,191.62533576,193.03954488,31959658,172960572.63,0.453,-0.7326,1,0
2022-08-24,sz.000069,190.9182312,192.6859926,188.79691752,188.79691752,191.62533576,39408689,212205188.16,0.5585,-1.476,1,0
2022-08-25,sz.000069,188.79691752,191.27178348,188.08981296,190.21112664,188.79691752,32354096,173449556.68,0.4586,0.7491,1,0
2022-08-26,sz.000069,189.85757436,192.6859926,189.50402208,190.21112664,190.21112664,29704039,160320921.79,0.421,0.0,1,0
2022-08-29,sz.000069,188.79691752,189.1504698,185.26139472,188.44336524,190.21112664,46054841,243744789.3,0.6527,-0.9294,1,0
2022-08-30,sz.000069,187.3827084,191.97888804,187.02915612,190.9182312,188.44336524,41732153,224876543.34,0.5914,1.3133,1,0
2022-08-31,sz.000069,189.50402208,191.27178348,188.08981296,189.1504698,190.9182312,38696228,207535054.31,0.5484,-0.9259,1,0
2022-09-01,sz.000069,189.50402208,192.6859926,187.3827084,188.08981296,189.1504698,58037624,312324516.92,0.8225,-0.5607,1,0
2022-09-02,sz.000069,188.44336524,188.44336524,181.37231964,182.43297648,188.08981296,88939123,461476105.35,1.2604,-3.0075,1,0
2022-09-05,sz.000069,181.72587192,183.49363332,178.89745368,181.37231964,182.43297648,47398382,242118923.8,0.6717,-0.5814,1,0
2022-09-06,sz.000069,181.37231964,186.32205156,181.37231964,185.614947,181.37231964,56340269,293914118.96,0.7984,2.3392,1,0
2022-09-07,sz.000069,185.614947,187.3827084,184.20073788,186.67560384,185.614947,35695661,187894600.38,0.5059,0.5714,1,0
2022-09-08,sz.000069,187.02915612,190.21112664,186.32205156,189.1504698,186.67560384,43843147,233873366.16,0.6213,1.3258,1,0
2022-09-09,sz.000069,188.44336524,194.80730628,187.73626068,193.74664944,189.1504698,63649099,347037405.86,0.902,2.4299,1,0
2022-09-13,sz.000069,193.74664944,194.10020172,188.79691752,189.1504698,193.74664944,54680919,294862759.09,0.7749,-2.3723,1,0
2022-09-14,sz.000069,187.02915612,192.6859926,186.67560384,188.08981296,189.1504698,39292668,210603622.01,0.5568,-0.5607,1,0
2022-09-15,sz.000069,188.79691752,192.6859926,187.3827084,190.21112664,188.08981296,65103402,351077208.78,0.9226,1.1278,1,0
2022-09-16,sz.000069,190.21112664,191.27178348,182.0794242,182.0794242,190.21112664,59689786,314051844.0,0.8459,-4.2751,1,0
2022-09-19,sz.000069,181.72587192,183.14008104,178.89745368,182.43297648,182.0794242,36162531,185417704.58,0.5125,0.1942,1,0
2022-09-20,sz.000069,182.43297648,186.67560384,179.60455824,181.01876736,182.43297648,47032298,242506822.5,0.6665,-0.7752,1,0
2022-09-21,sz.000069,180.66521508,184.20073788,177.48324456,182.43297648,181.01876736,63831576,325904953.15,0.9046,0.7813,1,0
2022-09-22,sz.000069,180.66521508,182.0794242,177.83679684,177.83679684,182.43297648,53016509,268183064.26,0.7513,-2.5194,1,0
2022-09-23,sz.000069,177.83679684,180.66521508,175.36193088,175.36193088,177.83679684,57654626,289669732.37,0.8171,-1.3917,1,0
2022-09-26,sz.000069,175.36193088,176.77614,170.76575124,171.11930352,175.36193088,45053654,221449698.65,0.6385,-2.4194,1,0
2022-09-27,sz.000069,170.41219896,176.42258772,168.64443756,175.71548316,171.11930352,53030892,259849772.88,0.7515,2.686,1,0
2022-09-28,sz.000069,174.30127404,177.48324456,172.17996036,173.59416948,175.71548316,36933086,182488417.85,0.5234,-1.2072,1,0
2022-09-29,sz.000069,175.0083786,175.36193088,167.937333,169.35154212,173.59416948,42019271,202976489.13,0.5955,-2.444,1,0
2022-09-30,sz.000069,170.76575124,173.2406172,168.29088528,170.05864668,169.35154212,31639805,152770509.83,0.4484,0.4175,1,0
2022-10-10,sz.000069,171.11930352,172.17996036,167.23022844,167.58378072,170.05864668,30708792,147455001.3,0.4352,-1.4553,1,0
2022-10-11,sz.000069,167.58378072,167.937333,161.92694424,164.4018102,167.58378072,35078680,162797124.81,0.4971,-1.8987,1,0
2022-10-12,sz.000069,164.4018102,166.87667616,161.92694424,166.52312388,164.4018102,27402725,127261330.65,0.3883,1.2903,1,0
2022-10-13,sz.000069,166.1695716,166.1695716,163.69470564,165.10891476,166.52312388,21616355,100787322.3,0.3063,-0.8493,1,0
2022-10-14,sz.000069,165.46246704,168.99798984,165.46246704,167.58378072,165.10891476,29633800,140701505.03,0.42,1.4989,1,0
2022-10-17,sz.000069,167.937333,169.7050944,165.46246704,168.99798984,167.58378072,25963536,123422643.67,0.3679,0.8439,1,0
2022-10-18,sz.000069,169.7050944,171.82640808,168.29088528,168.64443756,168.99798984,26375556,126854987.22,0.3738,-0.2092,1,0
2022-10-19,sz.000069,168.64443756,171.82640808,165.81601932,165.81601932,168.64443756,25143092,119958698.44,0.3563,-1.6771,1,0
2022-10-20,sz.000069,165.46246704,169.35154212,164.04825792,166.52312388,165.81601932,36626322,172685081.86,0.5191,0.4264,1,0
2022-10-21,sz.000069,167.937333,168.99798984,164.4018102,164.75536248,166.52312388,26223610,123447991.32,0.3716,-1.0616,1,0
2022-10-24,sz.000069,164.4018102,164.75536248,157.68431688,158.03786916,164.75536248,42161146,192115698.55,0.5975,-4.0773,1,0
2022-10-25,sz.000069,157.68431688,159.098526,155.20945092,157.68431688,158.03786916,24783582,110261344.85,0.3512,-0.2237,1,0
2022-10-26,sz.000069,157.68431688,159.80563056,157.3307646,158.74497372,157.68431688,20724438,93136768.0,0.2937,0.6726,1,0
2022-10-27,sz.000069,158.39142144,160.51273512,157.68431688,159.098526,158.74497372,25992925,117254990.81,0.3684,0.2227,1,0
2022-10-28,sz.000069,158.74497372,159.45207828,150.96682356,151.32037584,159.098526,45589272,198928542.85,0.6461,-4.8889,1,0
2022-10-31,sz.000069,149.19906216,151.32037584,146.37064392,148.4919576,151.32037584,48620163,204165927.99,0.689,-1.8692,1,0
2022-11-01,sz.000069,148.13840532,154.14879408,146.37064392,153.08813724,148.4919576,45189625,191851998.21,0.6404,3.0952,1,0
2022-11-02,sz.000069,152.0274804,160.15918284,150.96682356,156.27010776,153.08813724,48146038,212113546.77,0.6823,2.0785,1,0
2022-11-03,sz.000069,154.85589864,156.27010776,153.44168952,154.50234636,156.27010776,26712629,116757622.19,0.3786,-1.1312,1,0
2022-11-04,sz.000069,154.14879408,161.57339196,154.14879408,160.15918284,154.50234636,46904208,210860745.47,0.6647,3.6613,1,0
2022-11-07,sz.000069,158.39142144,161.21983968,157.68431688,160.51273512,160.15918284,27784545,125559970.63,0.3937,0.2208,1,0
2022-11-08,sz.000069,161.57339196,161.92694424,158.03786916,159.45207828,160.51273512,24943171,112622358.74,0.3535,-0.6608,1,0
2022-11-09,sz.000069,160.51273512,163.34115336,159.45207828,160.8662874,159.45207828,33095875,151385634.54,0.469,0.8869,1,0
2022-11-10,sz.000069,159.098526,164.75536248,157.68431688,162.6340488,160.8662874,36815909,168710516.59,0.5217,1.0989,1,0
2022-11-11,sz.000069,165.81601932,176.77614,164.04825792,172.53351264,162.6340488,119272446,576885274.86,1.6903,6.087,1,0
2022-11-14,sz.000069,177.12969228,179.25100596,172.17996036,173.2406172,172.53351264,119311760,593707930.4,1.6908,0.4098,1,0
2022-11-15,sz.000069,172.88706492,177.12969228,171.82640808,173.2406172,173.2406172,67077075,329446075.32,0.9506,0.0,1,0
2022-11-16,sz.000069,174.65482632,176.06903544,170.41219896,170.76575124,173.2406172,67126720,327506773.81,0.9513,-1.4286,1,0
2022-11-17,sz.000069,170.41219896,173.2406172,169.35154212,171.11930352,170.76575124,42802534,207202130.52,0.6066,0.207,1,0
2022-11-18,sz.000069,171.11930352,173.2406172,169.35154212,171.4728558,171.11930352,41770105,202497622.15,0.5919,0.2066,1,0
2022-11-21,sz.000069,170.05864668,170.05864668,162.98760108,165.81601932,171.4728558,59343559,276858692.98,0.841,-3.299,1,0
2022-11-22,sz.000069,169.35154212,169.7050944,164.75536248,167.23022844,165.81601932,45759834,216479640.32,0.6485,0.8529,1,0
2022-11-23,sz.000069,166.52312388,167.937333,164.75536248,165.81601932,167.23022844,30643000,143785073.0,0.4343,-0.8457,1,0
2022-11-24,sz.000069,168.99798984,169.7050944,165.10891476,166.1695716,165.81601932,36308409,171792184.88,0.5145,0.2132,1,0
2022-11-25,sz.000069,169.35154212,176.42258772,168.29088528,174.30127404,166.1695716,108396524,528494217.87,1.5361,4.8936,1,0
2022-11-28,sz.000069,171.4728558,179.95811052,169.7050944,178.89745368,174.30127404,129928372,649080605.9,1.8413,2.6369,1,0
2022-11-29,sz.000069,189.1504698,196.92861996,187.02915612,196.92861996,178.89745368,248864213,1353063871.84,3.5268,10.0791,1,0
2022-11-30,sz.000069,199.04993364,216.72754764,197.28217224,206.8280838,196.92861996,428022213,2531971054.62,6.0657,5.0269,1,0
2022-12-01,sz.000069,211.07071116,215.31333852,202.23190416,203.99966556,206.8280838,225423109,1331216665.09,3.1946,-1.3675,1,0
2022-12-02,sz.000069,205.0603224,205.41387468,192.33244032,197.63572452,203.99966556,142812688,795776388.37,2.0239,-3.1196,1,0
2022-12-05,sz.000069,200.46414276,204.35321784,199.40348592,201.87835188,197.63572452,113004410,646223591.2,1.6014,2.1467,1,0
2022-12-06,sz.000069,201.87835188,211.77781572,200.81769504,205.76742696,201.87835188,107110608,626631157.82,1.5179,1.9264,1,0
2022-12-07,sz.000069,205.76742696,210.01005432,200.81769504,205.41387468,205.76742696,88672325,512731683.48,1.2566,-0.1718,1,0
2022-12-08,sz.000069,205.0603224,214.25268168,203.292561,210.3636066,205.41387468,112642440,668184124.33,1.5963,2.4096,1,0
2022-12-09,sz.000069,205.76742696,215.31333852,204.70677012,211.42426344,210.3636066,186047619,1104947931.47,2.6366,0.5042,1,0
2022-12-12,sz.000069,208.5958452,210.71715888,201.87835188,203.64611328,211.42426344,98952717,574819794.08,1.4023,-3.6789,1,0
2022-12-13,sz.000069,201.87835188,205.0603224,201.87835188,202.93900872,203.64611328,65598218,377476923.56,0.9296,-0.3472,1,0
2022-12-14,sz.000069,202.58545644,206.12097924,201.87835188,203.292561,202.93900872,47330676,272487466.29,0.6707,0.1742,1,0
2022-12-15,sz.000069,202.58545644,202.58545644,193.74664944,195.16085856,203.292561,126018322,700423765.86,1.7859,-4.0,1,0
2022-12-16,sz.000069,197.28217224,204.70677012,195.86796312,204.35321784,195.16085856,92673995,528953830.29,1.3133,4.7101,1,0
2022-12-19,sz.000069,202.93900872,206.8280838,195.16085856,196.57506768,204.35321784,68667747,386363167.26,0.9731,-3.8062,1,0
2022-12-20,sz.000069,195.86796312,199.40348592,191.62533576,193.74664944,196.57506768,71911105,396438761.85,1.0191,-1.4388,1,0
2022-12-21,sz.000069,193.74664944,199.7570382,193.39309716,196.2215154,193.74664944,51235858,286027305.74,0.7261,1.2774,1,0
2022-12-22,sz.000069,199.04993364,200.11059048,192.6859926,194.453754,196.2215154,37360940,207334731.69,0.5295,-0.9009,1,0
2022-12-23,sz.000069,193.39309716,195.86796312,191.27178348,192.6859926,194.453754,24401638,133445336.11,0.3458,-0.9091,1,0
2022-12-26,sz.000069,193.03954488,197.63572452,191.27178348,192.33244032,192.6859926,37096657,203480096.75,0.5257,-0.1835,1,0
2022-12-27,sz.000069,193.03954488,196.57506768,190.9182312,192.6859926,192.33244032,44040613,241118028.76,0.6241,0.1838,1,0
2022-12-28,sz.000069,192.6859926,196.2215154,187.3827084,193.74664944,192.6859926,47307515,258433652.7,0.6704,0.5505,1,0
2022-12-29,sz.000069,192.33244032,193.74664944,185.96849928,186.67560384,193.74664944,73921722,393164733.44,1.0476,-3.6496,1,0
2022-12-30,sz.000069,187.02915612,189.85757436,185.614947,188.44336524,186.67560384,49846382,264955370.45,0.7064,0.947,1,0
2023-01-03,sz.000069,188.79691752,191.97888804,186.32205156,187.02915612,188.44336524,50005531,266243941.93,0.7087,-0.7505,1,0
2023-01-04,sz.000069,187.02915612,199.7570382,185.614947,197.63572452,187.02915612,88722678,490333033.79,1.2573,5.6711,1,0
2023-01-05,sz.000069,196.2215154,197.63572452,193.03954488,196.92861996,197.63572452,60080478,332290353.89,0.8514,-0.3578,1,0
2023-01-06,sz.000069,200.46414276,202.23190416,191.62533576,192.33244032,196.92861996,54336056,299036226.03,0.77,-2.3339,1,0
2023-01-09,sz.000069,192.6859926,193.74664944,188.44336524,189.85757436,192.33244032,65859363,354243205.25,0.9333,-1.2868,1,0
2023-01-10,sz.000069,189.85757436,191.97888804,188.44336524,189.85757436,189.85757436,46114007,248447070.58,0.6535,0.0,1,0
2023-01-11,sz.000069,190.21112664,197.28217224,189.85757436,190.9182312,189.85757436,51344557,281134618.01,0.7276,0.5587,1,0
2023-01-12,sz.000069,190.9182312,190.9182312,184.90784244,189.1504698,190.9182312,64497683,342223310.39,0.914,-0.9259,1,0
2023-01-13,sz.000069,188.44336524,193.03954488,187.73626068,192.6859926,189.1504698,44866143,243022157.16,0.6358,1.8692,1,0
2023-01-16,sz.000069,193.03954488,193.03954488,187.73626068,190.9182312,192.6859926,66666335,359510815.53,0.9448,-0.9174,1,0
2023-01-17,sz.000069,190.9182312,191.97888804,185.96849928,190.21112664,190.9182312,38459218,205348274.09,0.545,-0.3704,1,0
2023-01-18,sz.000069,189.50402208,192.33244032,188.44336524,189.1504698,190.21112664,32943333,176625300.89,0.4669,-0.5576,1,0
2023-01-19,sz.000069,187.73626068,192.6859926,186.67560384,192.33244032,189.1504698,39969411,215154031.39,0.5664,1.6822,1,0
2023-01-20,sz.000069,191.97888804,195.16085856,191.27178348,194.80730628,192.33244032,32338242,177474268.59,0.4583,1.2868,1,0
2023-01-30,sz.000069,197.9892768,200.46414276,190.21112664,190.9182312,194.80730628,71162778,388509482.68,1.0085,-1.9964,1,0
2023-01-31,sz.000069,185.96849928,190.56467892,181.37231964,189.85757436,190.9182312,83619253,443867517.72,1.185,-0.5556,1,0
2023-02-01,sz.000069,189.1504698,190.56467892,186.67560384,188.79691752,189.85757436,65013903,345664335.11,0.9213,-0.5587,1,0
2023-02-02,sz.000069,188.79691752,191.27178348,187.3827084,189.50402208,188.79691752,46338892,247814802.5,0.6567,0.3745,1,0
2023-02-03,sz.000069,189.1504698,189.50402208,185.614947,186.67560384,189.50402208,40156520,212151766.31,0.5691,-1.4925,1,0
2023-02-06,sz.000069,185.96849928,187.02915612,183.14008104,183.49363332,186.67560384,33834520,176667416.29,0.4795,-1.7045,1,0
2023-02-07,sz.000069,183.49363332,185.614947,183.49363332,185.614947,183.49363332,26083825,136339044.34,0.3696,1.1561,1,0
2023-02-08,sz.000069,185.26139472,187.02915612,183.8471856,183.8471856,185.614947,23615444,123806084.44,0.3347,-0.9524,1,0
2023-02-09,sz.000069,183.8471856,188.79691752,183.49363332,188.08981296,183.8471856,39435471,208061700.54,0.5589,2.3077,1,0
2023-02-10,sz.000069,187.3827084,190.9182312,186.32205156,187.02915612,188.08981296,40779970,216878853.39,0.5779,-0.5639,1,0
2023-02-13,sz.000069,187.02915612,195.16085856,184.90784244,193.39309716,187.02915612,82001089,443514949.97,1.1621,3.4026,1,0
2023-02-14,sz.000069,195.86796312,198.69638136,193.39309716,194.453754,193.39309716,60557314,335982015.78,0.8582,0.5484,1,0
2023-02-15,sz.000069,194.453754,194.80730628,190.9182312,192.6859926,194.453754,41703174,227380293.82,0.591,-0.9091,1,0
2023-02-16,sz.000069,192.6859926,195.51441084,188.44336524,190.21112664,192.6859926,34588607,188377028.24,0.4902,-1.2844,1,0
2023-02-17,sz.000069,190.21112664,190.9182312,184.20073788,184.55429016,190.21112664,51412436,272461681.31,0.7286,-2.974,1,0
2023-02-20,sz.000069,184.90784244,190.21112664,184.90784244,189.85757436,184.55429016,41817480,222679107.4,0.5926,2.8736,1,0
2023-02-21,sz.000069,191.62533576,192.6859926,189.1504698,191.62533576,189.85757436,35130269,189837157.55,0.4978,0.9311,1,0
2023-02-22,sz.000069,190.56467892,191.27178348,189.1504698,189.85757436,191.62533576,21696743,116615127.91,0.3075,-0.9225,1,0
2023-02-23,sz.000069,189.85757436,193.39309716,187.73626068,188.79691752,189.85757436,32535029,175101645.07,0.4611,-0.5587,1,0
2023-02-24,sz.000069,189.50402208,189.50402208,186.32205156,187.3827084,188.79691752,25703157,136201208.39,0.3643,-0.7491,1,0
2023-02-27,sz.000069,187.3827084,188.08981296,184.55429016,185.614947,187.3827084,28307697,149044582.23,0.4012,-0.9434,1,0
2023-02-28,sz.000069,185.96849928,188.08981296,184.90784244,187.73626068,185.614947,26250367,138596880.86,0.372,1.1429,1,0
2023-03-01,sz.000069,187.73626068,189.85757436,186.32205156,189.85757436,187.73626068,27424705,146356017.68,0.3886,1.1299,1,0
2023-03-02,sz.000069,188.79691752,194.453754,188.44336524,191.97888804,189.85757436,50333712,273650530.29,0.7133,1.1173,1,0
2023-03-03,sz.000069,192.6859926,197.9892768,191.27178348,196.2215154,191.97888804,73208445,405908388.9,1.0375,2.2099,1,0
2023-03-06,sz.000069,196.92861996,197.28217224,190.9182312,191.62533576,196.2215154,54215638,296359461.68,0.7683,-2.3423,1,0
2023-03-07,sz.000069,191.97888804,193.74664944,187.3827084,187.73626068,191.62533576,41226618,221936294.23,0.5842,-2.0295,1,0
2023-03-08,sz.000069,187.02915612,188.44336524,185.96849928,187.3827084,187.73626068,29819975,157988900.96,0.4226,-0.1883,1,0
2023-03-09,sz.000069,188.08981296,188.79691752,184.90784244,185.614947,187.3827084,37518515,197643620.05,0.5317,-0.9434,1,0
2023-03-10,sz.000069,185.26139472,185.26139472,178.89745368,178.89745368,185.614947,71583194,366401956.08,1.0144,-3.619,1,0
2023-03-13,sz.000069,178.89745368,179.60455824,175.0083786,177.12969228,178.89745368,46754942,233396958.68,0.6626,-0.9881,1,0
2023-03-14,sz.000069,176.77614,177.12969228,171.82640808,173.2406172,177.12969228,39587092,194965999.03,0.561,-2.1956,1,0
2023-03-15,sz.000069,174.65482632,175.71548316,173.94772176,173.94772176,173.2406172,28838173,142369085.64,0.4087,0.4082,1,0
2023-03-16,sz.000069,173.59416948,174.30127404,171.82640808,172.17996036,173.94772176,25794001,126135712.47,0.3655,-1.0163,1,0
2023-03-17,sz.000069,173.2406172,175.0083786,170.76575124,172.17996036,172.17996036,45086505,220729312.44,0.6389,0.0,1,0
2023-03-20,sz.000069,172.88706492,175.71548316,170.41219896,170.76575124,172.17996036,47561371,231726897.18,0.674,-0.8214,1,0
2023-03-21,sz.000069,171.11930352,172.53351264,170.05864668,171.4728558,170.76575124,27427116,132866061.48,0.3887,0.4141,1,0
2023-03-22,sz.000069,171.82640808,172.88706492,170.05864668,171.11930352,171.4728558,36193787,175462803.46,0.5129,-0.2062,1,0
2023-03-23,sz.000069,170.76575124,170.76575124,168.64443756,170.05864668,171.11930352,37750362,181151319.61,0.535,-0.6198,1,0
2023-03-24,sz.000069,169.7050944,172.53351264,168.64443756,171.11930352,170.05864668,45785900,220779973.49,0.6489,0.6237,1,0
2023-03-27,sz.000069,171.82640808,171.82640808,167.23022844,167.937333,171.11930352,47336840,225324453.76,0.6708,-1.8595,1,0
2023-03-28,sz.000069,168.64443756,169.35154212,165.10891476,165.81601932,167.937333,36805908,173531197.52,0.5216,-1.2632,1,0
2023-03-29,sz.000069,166.1695716,167.937333,164.75536248,165.46246704,165.81601932,32483619,152639668.58,0.4603,-0.2132,1,0
2023-03-30,sz.000069,166.1695716,168.64443756,164.4018102,168.29088528,165.46246704,39322927,185221531.56,0.5573,1.7094,1,0
2023-03-31,sz.000069,168.29088528,171.11930352,167.23022844,170.76575124,168.29088528,45010534,215624397.61,0.6379,1.4706,1,0
2023-04-03,sz.000069,170.76575124,173.59416948,168.29088528,171.4728558,170.76575124,46289083,224956566.56,0.656,0.4141,1,0
2023-04-04,sz.000069,171.11930352,172.88706492,170.05864668,171.4728558,171.4728558,35722003,173122789.52,0.5062,0.0,1,0
2023-04-06,sz.000069,171.4728558,175.0083786,169.7050944,174.30127404,171.4728558,52346226,256913780.95,0.7418,1.6495,1,0
2023-04-07,sz.000069,174.65482632,182.78652876,173.59416948,181.01876736,174.30127404,92895100,473523929.3,1.3165,3.854,1,0
2023-04-10,sz.000069,180.66521508,180.66521508,177.83679684,179.60455824,181.01876736,38380008,194526364.49,0.5439,-0.7813,1,0
2023-04-11,sz.000069,182.0794242,183.8471856,179.60455824,183.49363332,179.60455824,58671416,302910046.29,0.8315,2.1654,1,0
2023-04-12,sz.000069,183.49363332,183.8471856,178.89745368,181.01876736,183.49363332,48881528,250112592.23,0.6927,-1.3487,1,0
2023-04-13,sz.000069,180.66521508,182.43297648,179.25100596,180.66521508,181.01876736,41879280,213981662.73,0.5935,-0.1953,1,0
2023-04-14,sz.000069,180.66521508,182.43297648,178.89745368,179.25100596,180.66521508,50559414,257572905.78,0.7165,-0.7828,1,0
2023-04-17,sz.000069,178.89745368,181.37231964,177.83679684,179.95811052,179.25100596,35248902,179250327.55,0.4995,0.3945,1,0
2023-04-18,sz.000069,179.95811052,181.72587192,178.19034912,179.25100596,179.95811052,34301104,174398412.43,0.4861,-0.3929,1,0
2023-04-19,sz.000069,179.60455824,179.60455824,176.06903544,177.12969228,179.25100596,44199149,221853281.22,0.6264,-1.1834,1,0
2023-04-20,sz.000069,177.83679684,181.37231964,176.06903544,177.83679684,177.12969228,45126814,227089990.65,0.6395,0.3992,1,0
2023-04-21,sz.000069,178.5439014,182.78652876,175.71548316,176.06903544,177.83679684,61686744,312466142.53,0.8742,-0.994,1,0
2023-04-24,sz.000069,175.71548316,176.06903544,168.99798984,170.05864668,176.06903544,54662378,264601529.68,0.7747,-3.4137,1,0
2023-04-25,sz.000069,171.11930352,172.17996036,167.937333,171.11930352,170.05864668,33071171,159219718.65,0.4687,0.6237,1,0
2023-04-26,sz.000069,169.7050944,173.59416948,167.937333,172.53351264,171.11930352,30845707,149881472.57,0.4371,0.8264,1,0
2023-04-27,sz.000069,172.53351264,173.94772176,171.11930352,172.53351264,172.53351264,27362215,133400363.31,0.3878,0.0,1,0
2023-04-28,sz.000069,172.53351264,179.25100596,172.53351264,177.12969228,172.53351264,43053194,213948143.91,0.6101,2.6639,1,0
2023-05-04,sz.000069,171.4728558,173.2406172,169.7050944,171.82640808,177.12969228,64749795,313227603.87,0.9176,-2.994,1,0
2023-05-05,sz.000069,172.17996036,175.0083786,169.7050944,173.94772176,171.82640808,77018895,376667633.85,1.0915,1.2346,1,0
2023-05-08,sz.000069,172.88706492,175.71548316,168.99798984,175.71548316,173.94772176,71985463,351224295.95,1.0201,1.0163,1,0
2023-05-09,sz.000069,175.36193088,188.08981296,174.65482632,180.3116628,175.71548316,134705275,692162866.73,1.909,2.6157,1,0
2023-05-10,sz.000069,179.95811052,180.66521508,174.30127404,175.71548316,180.3116628,70582980,352741504.63,1.0003,-2.549,1,0
2023-05-11,sz.000069,175.0083786,178.89745368,175.0083786,176.06903544,175.71548316,34071558,170454677.85,0.4828,0.2012,1,0
2023-05-12,sz.000069,175.71548316,178.19034912,173.94772176,175.36193088,176.06903544,31287518,155183621.41,0.4434,-0.4016,1,0
2023-05-15,sz.000069,175.36193088,175.36193088,171.4728558,174.30127404,175.36193088,32071057,156897338.25,0.4545,-0.6048,1,0
2023-05-16,sz.000069,174.30127404,174.65482632,170.76575124,171.82640808,174.30127404,26463421,128782701.64,0.375,-1.4199,1,0
2023-05-17,sz.000069,172.53351264,172.88706492,169.7050944,170.76575124,171.82640808,26652551,128927850.35,0.3777,-0.6173,1,0
2023-05-18,sz.000069,170.41219896,171.11930352,168.99798984,169.7050944,170.76575124,20817273,100112897.68,0.295,-0.6211,1,0
2023-05-19,sz.000069,169.7050944,169.7050944,167.23022844,168.99798984,169.7050944,26046181,124013228.37,0.3691,-0.4167,1,0
2023-05-22,sz.000069,167.58378072,170.05864668,167.58378072,169.35154212,168.99798984,14876712,71017286.03,0.2108,0.2092,1,0
2023-05-23,sz.000069,169.7050944,171.4728558,168.99798984,169.35154212,169.35154212,19714136,94819985.47,0.2794,0.0,1,0
2023-05-24,sz.000069,168.99798984,169.35154212,165.10891476,165.81601932,169.35154212,30290071,142702428.37,0.4293,-2.0877,1,0
2023-05-25,sz.000069,165.46246704,167.23022844,164.4018102,166.52312388,165.81601932,17373139,81381332.46,0.2462,0.4264,1,0
2023-05-26,sz.000069,166.1695716,168.29088528,165.81601932,167.58378072,166.52312388,17133236,81145019.57,0.2428,0.6369,1,0
2023-05-29,sz.000069,167.937333,169.7050944,167.23022844,169.35154212,167.58378072,18993199,90589635.86,0.2692,1.0549,1,0
2023-05-30,sz.000069,168.29088528,168.99798984,166.1695716,168.64443756,169.35154212,17073706,80898561.63,0.242,-0.4175,1,0
2023-05-31,sz.000069,168.29088528,170.41219896,167.58378072,167.937333,168.64443756,18643184,88935762.8,0.2642,-0.4193,1,0
2023-06-01,sz.000069,167.937333,168.99798984,165.46246704,167.937333,167.937333,18686676,88753170.81,0.2648,0.0,1,0
2023-06-02,sz.000069,168.29088528,171.82640808,167.937333,171.11930352,167.937333,36010236,173295886.72,0.5103,1.8947,1,0
2023-06-05,sz.000069,169.7050944,171.4728558,168.64443756,170.76575124,171.11930352,24346579,117189102.61,0.345,-0.2066,1,0
2023-06-06,sz.000069,171.11930352,172.53351264,168.29088528,168.64443756,170.76575124,31537607,151932053.02,0.4469,-1.2422,1,0
2023-06-07,sz.000069,169.35154212,172.17996036,168.99798984,169.7050944,168.64443756,23410124,112747785.26,0.3318,0.6289,1,0
2023-06-08,sz.000069,169.7050944,172.17996036,167.58378072,171.4728558,169.7050944,31613246,152355186.14,0.448,1.0417,1,0
2023-06-09,sz.000069,170.41219896,171.11930352,167.937333,168.29088528,171.4728558,30792539,147218293.73,0.4364,-1.8557,1,0
2023-06-12,sz.000069,167.58378072,168.29088528,165.46246704,166.87667616,168.29088528,24801345,116935761.76,0.3515,-0.8403,1,0
2023-06-13,sz.000069,167.23022844,168.29088528,165.10891476,166.1695716,166.87667616,24270095,114213065.55,0.3439,-0.4237,1,0
2023-06-14,sz.000069,166.52312388,166.87667616,164.4018102,164.75536248,166.1695716,25556332,119616408.4,0.3622,-0.8511,1,0
2023-06-15,sz.000069,164.4018102,165.46246704,163.69470564,165.10891476,164.75536248,22591184,105258118.54,0.3202,0.2146,1,0
2023-06-16,sz.000069,165.81601932,166.52312388,164.75536248,165.46246704,165.10891476,20071026,93971833.85,0.2844,0.2141,1,0
2023-06-19,sz.000069,165.46246704,165.46246704,161.92694424,162.6340488,165.46246704,30985373,142860075.81,0.4391,-1.7094,1,0
2023-06-20,sz.000069,161.92694424,162.28049652,159.098526,159.45207828,162.6340488,30038752,136407730.59,0.4257,-1.9565,1,0
2023-06-21,sz.000069,159.098526,159.80563056,156.27010776,156.27010776,159.45207828,27161733,121287073.86,0.3849,-1.9956,1,0
2023-06-26,sz.000069,155.5630032,156.62366004,152.38103268,152.73458496,156.27010776,30921350,134774040.26,0.4382,-2.2624,1,0
2023-06-27,sz.000069,153.44168952,159.098526,152.38103268,157.3307646,152.73458496,40187579,177565148.59,0.5695,3.0093,1,0
2023-06-28,sz.000069,156.62366004,157.3307646,154.50234636,156.27010776,157.3307646,17602200,77587385.24,0.2495,-0.6742,1,0
2023-06-29,sz.000069,155.91655548,156.27010776,154.50234636,154.85589864,156.27010776,17693394,77625734.24,0.2507,-0.905,1,0
2023-06-30,sz.000069,155.5630032,157.3307646,155.20945092,155.5630032,154.85589864,20286777,89562402.48,0.2875,0.4566,1,0
2023-07-03,sz.000069,155.5630032,159.80563056,155.5630032,158.74497372,155.5630032,25638581,114547179.87,0.3633,2.0455,1,0
2023-07-04,sz.000069,157.68431688,159.098526,156.97721232,159.098526,158.74497372,16904003,75556718.94,0.2396,0.2227,1,0
2023-07-05,sz.000069,158.74497372,159.80563056,158.03786916,158.39142144,159.098526,14728630,66195835.4,0.2087,-0.4444,1,0
2023-07-06,sz.000069,158.03786916,159.098526,156.62366004,158.39142144,158.39142144,15636890,69827289.3,0.2216,0.0,1,0
2023-07-07,sz.000069,158.03786916,159.80563056,157.3307646,158.03786916,158.39142144,14502073,64944475.77,0.2055,-0.2232,1,0
2023-07-10,sz.000069,158.39142144,159.098526,157.3307646,158.74497372,158.03786916,14102674,63128591.7,0.1999,0.4474,1,0
2023-07-11,sz.000069,159.80563056,160.51273512,158.39142144,159.098526,158.74497372,15343560,69032255.23,0.2174,0.2227,1,0
2023-07-12,sz.000069,158.74497372,158.74497372,156.62366004,156.62366004,159.098526,16259785,72433124.28,0.2304,-1.5556,1,0
2023-07-13,sz.000069,156.62366004,158.39142144,155.5630032,156.27010776,156.62366004,27352903,121125433.57,0.3876,-0.2257,1,0
2023-07-14,sz.000069,156.27010776,157.3307646,155.5630032,156.62366004,156.27010776,15334512,67887947.76,0.2173,0.2262,1,0
2023-07-17,sz.000069,153.08813724,155.5630032,152.0274804,155.20945092,156.62366004,24731731,107789882.06,0.3505,-0.9029,1,0
2023-07-18,sz.000069,155.20945092,156.62366004,153.7952418,155.91655548,155.20945092,13685949,60020821.77,0.194,0.4556,1,0
2023-07-19,sz.000069,155.5630032,158.03786916,155.20945092,157.68431688,155.91655548,19135491,85057865.45,0.2712,1.1338,1,0
2023-07-20,sz.000069,158.03786916,160.8662874,157.68431688,159.098526,157.68431688,31132773,140546454.5,0.4412,0.8969,1,0
2023-07-21,sz.000069,159.098526,161.57339196,158.74497372,160.51273512,159.098526,26450854,119910213.57,0.3748,0.8889,1,0
2023-07-24,sz.000069,161.21983968,161.21983968,156.97721232,159.098526,160.51273512,22733582,102101337.33,0.3222,-0.8811,1,0
2023-07-25,sz.000069,160.8662874,166.1695716,160.51273512,164.4018102,159.098526,65940555,305916177.63,0.9345,3.3333,1,0
2023-07-26,sz.000069,164.75536248,166.87667616,163.69470564,166.1695716,164.4018102,54967073,257599231.98,0.779,1.0753,1,0
2023-07-27,sz.000069,164.75536248,168.29088528,162.98760108,165.81601932,166.1695716,49345670,232729507.2,0.6993,-0.2128,1,0
2023-07-28,sz.000069,165.81601932,173.2406172,165.46246704,172.53351264,165.81601932,84460975,405902376.96,1.1969,4.0512,1,0
2023-07-31,sz.000069,173.59416948,176.77614,172.53351264,173.59416948,172.53351264,72711532,358884900.89,1.0304,0.6148,1,0
2023-08-01,sz.000069,173.2406172,175.0083786,170.41219896,171.4728558,173.59416948,65744901,320739461.05,0.9317,-1.222,1,0
2023-08-02,sz.000069,171.11930352,174.30127404,170.76575124,171.4728558,171.4728558,43562209,212283196.49,0.6173,0.0,1,0
2023-08-03,sz.000069,171.82640808,174.65482632,168.29088528,174.65482632,171.4728558,50326670,244799251.91,0.7132,1.8557,1,0
2023-08-04,sz.000069,176.42258772,177.48324456,173.2406172,173.94772176,174.65482632,50609431,250106338.6,0.7172,-0.4049,1,0
2023-08-07,sz.000069,171.82640808,172.17996036,168.64443756,170.05864668,173.94772176,45849895,220458762.46,0.6498,-2.2358,1,0
2023-08-08,sz.000069,169.7050944,170.76575124,167.58378072,168.29088528,170.05864668,28865340,137669752.05,0.4091,-1.0395,1,0
2023-08-09,sz.000069,167.58378072,170.41219896,167.23022844,167.937333,168.29088528,25951277,123706060.78,0.3678,-0.2101,1,0
2023-08-10,sz.000069,167.58378072,170.05864668,167.23022844,168.99798984,167.937333,23492147,112055695.79,0.3329,0.6316,1,0
2023-08-11,sz.000069,170.41219896,171.4728558,166.1695716,166.52312388,168.99798984,28689892,136188964.31,0.4066,-1.4644,1,0
2023-08-14,sz.000069,164.75536248,166.87667616,162.6340488,165.46246704,166.52312388,26821035,124963517.36,0.3801,-0.6369,1,0
2023-08-15,sz.000069,165.81601932,166.1695716,162.98760108,165.10891476,165.46246704,21537462,100329640.97,0.3052,-0.2137,1,0
2023-08-16,sz.000069,164.4018102,169.35154212,162.98760108,166.1695716,165.10891476,30870541,145017573.66,0.4375,0.6424,1,0
2023-08-17,sz.000069,165.10891476,166.52312388,163.34115336,164.04825792,166.1695716,24621388,114417526.84,0.3489,-1.2766,1,0
2023-08-18,sz.000069,164.4018102,165.46246704,160.8662874,161.21983968,164.04825792,29771130,137121294.66,0.4219,-1.7241,1,0
2023-08-21,sz.000069,159.45207828,161.21983968,157.3307646,157.68431688,161.21983968,29306041,131928058.25,0.4153,-2.193,1,0
2023-08-22,sz.000069,158.03786916,159.45207828,156.27010776,157.68431688,157.68431688,24553140,109354904.0,0.348,0.0,1,0
2023-08-23,sz.000069,157.3307646,158.03786916,155.5630032,155.91655548,157.68431688,19311371,85620229.95,0.2737,-1.1211,1,0
2023-08-24,sz.000069,155.91655548,156.62366004,153.08813724,153.44168952,155.91655548,26475152,115594513.8,0.3752,-1.5873,1,0
2023-08-25,sz.000069,153.44168952,156.62366004,152.38103268,154.14879408,153.44168952,34172101,149333036.35,0.4843,0.4608,1,0
2023-08-28,sz.000069,162.98760108,164.75536248,158.74497372,159.80563056,154.14879408,78464067,358776461.0,1.112,3.6697,1,0
2023-08-29,sz.000069,158.39142144,162.28049652,156.62366004,161.92694424,159.80563056,66977937,303759149.57,0.9492,1.3274,1,0
2023-08-30,sz.000069,161.92694424,162.28049652,159.098526,159.80563056,161.92694424,39295333,178048486.69,0.5569,-1.31,1,0
2023-08-31,sz.000069,159.80563056,160.51273512,153.7952418,153.7952418,159.80563056,58187820,256567027.87,0.8246,-3.7611,1,0
2023-09-01,sz.000069,156.27010776,156.62366004,154.50234636,155.5630032,153.7952418,30388252,133872991.66,0.4306,1.1494,1,0
2023-09-04,sz.000069,156.97721232,159.45207828,156.62366004,157.68431688,155.5630032,30683027,137045067.68,0.4348,1.3636,1,0
2023-09-05,sz.000069,157.68431688,157.68431688,154.50234636,154.50234636,157.68431688,29391100,128984458.0,0.4165,-2.0179,1,0
2023-09-06,sz.000069,154.85589864,157.3307646,153.44168952,155.91655548,154.50234636,27831300,122343795.0,0.3944,0.9153,1,0
2023-09-07,sz.000069,155.91655548,158.03786916,155.20945092,155.20945092,155.91655548,31231416,138375851.04,0.4426,-0.4535,1,0
2023-09-08,sz.000069,154.85589864,155.20945092,153.08813724,154.50234636,155.20945092,21593573,94067195.28,0.306,-0.4556,1,0
2023-09-11,sz.000069,155.20945092,155.20945092,153.08813724,154.85589864,154.50234636,27998873,122137868.7,0.3968,0.2288,1,0
2023-09-12,sz.000069,154.14879408,155.5630032,153.7952418,154.50234636,154.85589864,20018446,87508296.08,0.2837,-0.2283,1,0
2023-09-13,sz.000069,154.50234636,156.62366004,153.7952418,154.85589864,154.50234636,27655564,121261534.81,0.3919,0.2288,1,0
2023-09-14,sz.000069,154.50234636,155.20945092,153.08813724,153.7952418,154.85589864,24609882,107162524.7,0.3488,-0.6849,1,0
2023-09-15,sz.000069,154.50234636,155.20945092,153.08813724,153.7952418,153.7952418,22435500,97820037.0,0.3179,0.0,1,0
2023-09-18,sz.000069,153.44168952,153.7952418,150.96682356,152.38103268,153.7952418,36192207,155924747.14,0.5129,-0.9195,1,0
2023-09-19,sz.000069,152.0274804,152.73458496,151.32037584,151.67392812,152.38103268,19586672,84163015.6,0.2776,-0.464,1,0
2023-09-20,sz.000069,151.32037584,153.08813724,150.61327128,152.0274804,151.67392812,16851835,72514784.96,0.2388,0.2331,1,0
2023-09-21,sz.000069,151.67392812,153.44168952,150.96682356,150.96682356,152.0274804,21114584,90823265.58,0.2992,-0.6977,1,0
2023-09-22,sz.000069,150.61327128,153.44168952,150.259719,153.08813724,150.96682356,22145509,95291095.01,0.3138,1.4052,1,0
2023-09-25,sz.000069,152.38103268,152.73458496,150.259719,150.61327128,153.08813724,25631745,109512165.28,0.3632,-1.6166,1,0
2023-09-26,sz.000069,150.259719,151.32037584,149.90616672,150.259719,150.61327128,13779810,58691224.5,0.1953,-0.2347,1,0
2023-09-27,sz.000069,150.259719,151.32037584,149.55261444,150.61327128,150.259719,16587517,70643356.83,0.2351,0.2353,1,0
2023-09-28,sz.000069,150.259719,150.96682356,148.84550988,149.55261444,150.61327128,33139659,140318213.16,0.4696,-0.7042,1,0
2023-10-09,sz.000069,149.19906216,149.19906216,147.07774848,147.78485304,149.55261444,23680754,99033520.14,0.3356,-1.182,1,0
2023-10-10,sz.000069,147.78485304,149.55261444,146.7241962,146.7241962,147.78485304,18821341,78772703.2,0.2667,-0.7177,1,0
2023-10-11,sz.000069,147.07774848,147.43130076,144.9564348,145.30998708,146.7241962,22428857,92685064.11,0.3178,-0.9639,1,0
2023-10-12,sz.000069,146.37064392,147.43130076,145.30998708,147.07774848,145.30998708,19364088,80256485.29,0.2744,1.2165,1,0
2023-10-13,sz.000069,146.37064392,147.43130076,144.9564348,145.30998708,147.07774848,18677655,77076273.74,0.2647,-1.2019,1,0
2023-10-16,sz.000069,145.30998708,146.37064392,140.71380744,142.12801656,145.30998708,33385729,134612775.18,0.4731,-2.1898,1,0
2023-10-17,sz.000069,142.48156884,142.48156884,138.23894148,138.94604604,142.12801656,37439362,147908300.66,0.5306,-2.2388,1,0
2023-10-18,sz.000069,138.23894148,139.29959832,136.47118008,136.47118008,138.94604604,24945007,97217843.24,0.3535,-1.7812,1,0
2023-10-19,sz.000069,136.47118008,136.47118008,131.16789588,131.16789588,136.47118008,58603511,221875498.37,0.8305,-3.886,1,0
2023-10-20,sz.000069,131.16789588,133.28920956,129.40013448,130.46079132,131.16789588,52956410,196864304.42,0.7505,-0.5391,1,0
2023-10-23,sz.000069,130.10723904,130.46079132,125.86461168,126.92526852,130.46079132,49425238,179183778.02,0.7004,-2.71,1,0
2023-10-24,sz.000069,127.63237308,129.0465822,126.21816396,127.63237308,126.92526852,46549329,168059007.48,0.6597,0.5571,1,0
2023-10-25,sz.000069,129.0465822,130.10723904,127.98592536,129.40013448,127.63237308,39039553,142592485.39,0.5532,1.385,1,0
2023-10-26,sz.000069,128.33947764,129.75368676,127.63237308,129.40013448,129.40013448,21387249,77758000.0,0.3031,0.0,1,0
2023-10-27,sz.000069,129.0465822,131.52144816,128.33947764,131.16789588,129.40013448,27315765,100598857.12,0.3871,1.3661,1,0
2023-10-30,sz.000069,127.63237308,130.46079132,127.2788208,128.69302992,131.16789588,36216497,131947675.08,0.5132,-1.8868,1,0
2023-10-31,sz.000069,128.69302992,130.10723904,126.92526852,127.98592536,128.69302992,30537606,110643490.72,0.4328,-0.5495,1,0
2023-11-01,sz.000069,128.33947764,129.0465822,126.92526852,127.63237308,127.98592536,27390605,99048199.37,0.3882,-0.2762,1,0
2023-11-02,sz.000069,127.2788208,128.69302992,126.57171624,126.92526852,127.63237308,22112225,79807162.75,0.3134,-0.554,1,0
2023-11-03,sz.000069,126.92526852,127.98592536,125.86461168,127.2788208,126.92526852,26456447,95145280.88,0.3749,0.2786,1,0
2023-11-06,sz.000069,127.63237308,131.87500044,127.2788208,131.87500044,127.2788208,46627544,171677960.91,0.6608,3.6111,1,0
2023-11-07,sz.000069,131.52144816,133.64276184,130.46079132,132.22855272,131.87500044,32014040,119458619.2,0.4537,0.2681,1,0
2023-11-08,sz.000069,131.87500044,135.05697096,131.52144816,132.93565728,132.22855272,29428751,111159954.6,0.417,0.5348,1,0
2023-11-09,sz.000069,133.28920956,134.70341868,132.582105,132.93565728,132.93565728,23068438,87176815.04,0.3269,0.0,1,0
2023-11-10,sz.000069,132.93565728,132.93565728,130.8143436,131.87500044,132.93565728,18986114,70680373.21,0.2691,-0.7979,1,0
2023-11-13,sz.000069,132.22855272,132.582105,130.46079132,131.52144816,131.87500044,20832593,77275560.03,0.2952,-0.2681,1,0
2023-11-14,sz.000069,131.16789588,133.28920956,130.8143436,132.582105,131.52144816,23361380,87464416.2,0.3311,0.8065,1,0
2023-11-15,sz.000069,134.3498664,134.3498664,131.16789588,132.22855272,132.582105,22290562,83652911.99,0.3159,-0.2667,1,0
2023-11-16,sz.000069,132.22855272,132.22855272,129.40013448,130.10723904,132.22855272,30395746,112060282.52,0.4308,-1.6043,1,0
2023-11-17,sz.000069,129.75368676,130.46079132,128.69302992,129.40013448,130.10723904,22959419,84060750.78,0.3254,-0.5435,1,0
2023-11-20,sz.000069,130.10723904,130.46079132,127.98592536,128.69302992,129.40013448,22271222,81164771.8,0.3156,-0.5464,1,0
2023-11-21,sz.000069,129.40013448,133.64276184,129.40013448,131.52144816,128.69302992,46729345,174264335.13,0.6622,2.1978,1,0
2023-11-22,sz.000069,130.8143436,133.28920956,129.40013448,130.10723904,131.52144816,36686183,136474933.04,0.5199,-1.0753,1,0
2023-11-23,sz.000069,130.10723904,133.28920956,128.69302992,132.582105,130.10723904,39715817,147799388.15,0.5628,1.9022,1,0
2023-11-24,sz.000069,132.93565728,133.99631412,131.16789588,131.52144816,132.582105,31069400,116393551.0,0.4403,-0.8,1,0
2023-11-27,sz.000069,132.22855272,132.22855272,127.98592536,128.33947764,131.52144816,39215390,143103380.3,0.5557,-2.4194,1,0
2023-11-28,sz.000069,128.33947764,128.33947764,126.57171624,127.2788208,128.33947764,26736740,96263604.6,0.3789,-0.8264,1,0
2023-11-29,sz.000069,127.2788208,127.63237308,121.9755366,122.32908888,127.2788208,50864811,178251419.3,0.7208,-3.8889,1,0
2023-11-30,sz.000069,122.32908888,123.743298,121.9755366,121.9755366,122.32908888,32268555,111986201.59,0.4573,-0.289,1,0
2023-12-01,sz.000069,122.32908888,123.38974572,120.56132748,122.32908888,121.9755366,42871664,148026866.9,0.6076,0.2899,1,0
2023-12-04,sz.000069,121.9755366,121.9755366,118.08646152,118.79356608,122.32908888,41410845,139660457.71,0.5869,-2.8902,1,0
2023-12-05,sz.000069,118.4400138,118.79356608,115.96514784,116.31870012,118.79356608,28906768,96250184.44,0.4096,-2.0833,1,0
2023-12-06,sz.000069,116.31870012,118.08646152,115.25804328,117.73290924,116.31870012,36958260,122048535.22,0.5238,1.2158,1,0
2023-12-07,sz.000069,117.73290924,119.14711836,116.31870012,118.4400138,117.73290924,32726490,109058554.12,0.4638,0.6006,1,0
2023-12-08,sz.000069,118.4400138,118.79356608,115.61159556,116.31870012,118.4400138,45152844,149214207.15,0.6399,-1.791,1,0
2023-12-11,sz.000069,115.61159556,115.61159556,112.78317732,114.904491,116.31870012,48327244,156051104.1,0.6849,-1.2158,1,0
2023-12-12,sz.000069,115.25804328,118.4400138,114.904491,117.73290924,114.904491,49676562,163850946.32,0.704,2.4615,1,0
2023-12-13,sz.000069,116.6722524,117.02580468,113.84383416,113.84383416,117.73290924,35227861,114494634.03,0.4992,-3.3033,1,0
2023-12-14,sz.000069,114.19738644,115.61159556,113.84383416,114.19738644,113.84383416,26470112,85868981.84,0.3751,0.3106,1,0
2023-12-15,sz.000069,114.904491,116.6722524,114.55093872,114.55093872,114.19738644,39498959,129014315.32,0.5598,0.3096,1,0
2023-12-18,sz.000069,113.84383416,115.61159556,111.72252048,112.42962504,114.55093872,41931663,134421319.24,0.5942,-1.8519,1,0
2023-12-19,sz.000069,112.07607276,112.42962504,109.6012068,111.01541592,112.42962504,45597153,142870715.63,0.6462,-1.2579,1,0
2023-12-20,sz.000069,110.66186364,111.3689682,107.47989312,107.47989312,111.01541592,50277024,154395088.51,0.7125,-3.1847,1,0
2023-12-21,sz.000069,107.12634084,109.6012068,106.77278856,109.6012068,107.47989312,47142441,144586040.05,0.6681,1.9737,1,0
2023-12-22,sz.000069,109.24765452,109.6012068,106.41923628,107.8334454,109.6012068,48652243,148318212.15,0.6895,-1.6129,1,0
2023-12-25,sz.000069,107.47989312,108.18699768,106.065684,107.8334454,107.8334454,33240619,100828170.95,0.4711,0.0,1,0
2023-12-26,sz.000069,107.8334454,108.89410224,106.065684,106.065684,107.8334454,36827363,111706134.02,0.5219,-1.6393,1,0
2023-12-27,sz.000069,106.41923628,107.47989312,105.35857944,106.77278856,106.065684,38646174,116013483.08,0.5477,0.6667,1,0
2023-12-28,sz.000069,107.12634084,112.07607276,105.71213172,111.72252048,106.77278856,60606831,187341352.99,0.8589,4.6358,1,0
2023-12-29,sz.000069,111.72252048,112.07607276,109.6012068,109.95475908,111.72252048,42390921,132534635.79,0.6007,-1.5823,1,0
2024-01-02,sz.000069,110.30831136,110.30831136,106.77278856,107.12634084,109.95475908,46232223,140873446.46,0.6552,-2.5723,1,0
2024-01-03,sz.000069,106.77278856,108.18699768,106.41923628,107.8334454,107.12634084,31039200,94457320.0,0.4399,0.6601,1,0
2024-01-04,sz.000069,107.8334454,108.18699768,103.94437032,104.2979226,107.8334454,62774264,186948821.32,0.8896,-3.2787,1,0
2024-01-05,sz.000069,104.2979226,105.71213172,103.23726576,104.2979226,104.2979226,47764484,141387727.83,0.6769,0.0,1,0
2024-01-08,sz.000069,104.2979226,105.35857944,101.11595208,101.11595208,104.2979226,50516261,146561718.27,0.7159,-3.0508,1,0
2024-01-09,sz.000069,101.82305664,105.00502716,101.11595208,103.94437032,101.11595208,54306734,158545833.62,0.7696,2.7972,1,0
2024-01-10,sz.000069,103.59081804,105.35857944,102.17660892,104.65147488,103.94437032,35491425,104566331.33,0.503,0.6803,1,0
2024-01-11,sz.000069,104.65147488,106.41923628,103.94437032,105.71213172,104.65147488,30073773,89408362.31,0.4262,1.0135,1,0
2024-01-12,sz.000069,105.35857944,107.47989312,105.00502716,105.71213172,105.71213172,27545966,82804868.34,0.3904,0.0,1,0
2024-01-15,sz.000069,105.71213172,107.12634084,104.2979226,106.065684,105.71213172,24465000,73376352.0,0.3467,0.3344,1,0
2024-01-16,sz.000069,105.71213172,106.77278856,104.2979226,105.71213172,106.065684,28612950,85301495.8,0.4055,-0.3333,1,0
2024-01-17,sz.000069,105.00502716,105.71213172,102.5301612,102.5301612,105.71213172,32755240,96197574.64,0.4642,-3.01,1,0
2024-01-18,sz.000069,102.5301612,103.23726576,98.64108612,102.5301612,102.5301612,51061952,145738715.8,0.7236,0.0,1,0
2024-01-19,sz.000069,102.17660892,103.59081804,101.11595208,102.17660892,102.5301612,33039654,95828982.91,0.4682,-0.3448,1,0
2024-01-22,sz.000069,101.82305664,102.88371348,96.51977244,97.93398156,102.17660892,50160300,142272889.0,0.7108,-4.1522,1,0
2024-01-23,sz.000069,97.93398156,98.9946384,95.4591156,97.58042928,97.93398156,43670498,120488276.22,0.6189,-0.361,1,0
2024-01-24,sz.000069,98.28753384,102.88371348,97.93398156,102.88371348,97.58042928,55300524,156974961.86,0.7837,5.4348,1,0
2024-01-25,sz.000069,102.88371348,109.6012068,102.5301612,108.89410224,102.88371348,80820247,244517502.15,1.1453,5.8419,1,0
2024-01-26,sz.000069,108.89410224,113.1367296,108.18699768,111.3689682,108.89410224,77596748,244039602.62,1.0997,2.2727,1,0
2024-01-29,sz.000069,112.42962504,113.84383416,109.6012068,109.95475908,111.3689682,70521120,222135103.96,0.9994,-1.2698,1,0
2024-01-30,sz.000069,108.89410224,111.3689682,108.18699768,108.18699768,109.95475908,66719953,206911009.58,0.9455,-1.6077,1,0
2024-01-31,sz.000069,108.18699768,109.95475908,104.2979226,104.2979226,108.18699768,58481786,176426979.0,0.8288,-3.5948,1,0
2024-02-01,sz.000069,103.94437032,106.41923628,101.46950436,102.88371348,104.2979226,50399693,147857256.2,0.7142,-1.3559,1,0
2024-02-02,sz.000069,103.23726576,107.47989312,97.58042928,100.40884752,102.88371348,61918609,180089948.96,0.8775,-2.4055,1,0
2024-02-05,sz.000069,100.05529524,100.7623998,94.04490648,95.10556332,100.40884752,66134732,180952158.7,0.9372,-5.2817,1,0
2024-02-06,sz.000069,94.39845876,101.46950436,92.27714508,100.05529524,95.10556332,63377905,173354454.13,0.8982,5.2045,1,0
2024-02-07,sz.000069,100.40884752,104.2979226,99.34819068,103.94437032,100.05529524,70232452,203324187.1,0.9953,3.8869,1,0
2024-02-08,sz.000069,105.00502716,108.18699768,104.2979226,107.47989312,103.94437032,71290317,214868991.25,1.0103,3.4014,1,0
2024-02-19,sz.000069,108.18699768,108.89410224,103.94437032,106.065684,107.47989312,63579458,189919140.52,0.901,-1.3158,1,0
2024-02-20,sz.000069,106.065684,106.77278856,104.2979226,106.065684,106.065684,37625531,112329482.14,0.5332,0.0,1,0
2024-02-21,sz.000069,105.35857944,113.1367296,104.2979226,109.95475908,106.065684,71336338,220447080.78,1.0109,3.6667,1,0
2024-02-22,sz.000069,109.6012068,111.01541592,108.18699768,109.24765452,109.95475908,33654460,103861030.8,0.4769,-0.6431,1,0
2024-02-23,sz.000069,109.24765452,110.30831136,108.18699768,109.6012068,109.24765452,35424975,109416534.6,0.502,0.3236,1,0
2024-02-26,sz.000069,109.24765452,109.95475908,107.12634084,107.47989312,109.6012068,35626519,109021995.1,0.5049,-1.9355,1,0
2024-02-27,sz.000069,107.47989312,109.6012068,107.12634084,109.6012068,107.47989312,39974172,122954808.45,0.5665,1.9737,1,0
2024-02-28,sz.000069,109.6012068,111.72252048,107.12634084,107.12634084,109.6012068,61000872,189358555.67,0.8645,-2.2581,1,0
2024-02-29,sz.000069,106.065684,108.89410224,105.71213172,108.54054996,107.12634084,42433903,129139869.37,0.6013,1.3201,1,0
2024-03-01,sz.000069,108.18699768,108.54054996,106.41923628,107.12634084,108.54054996,41398198,125791115.54,0.5867,-1.3029,1,0
2024-03-04,sz.000069,106.77278856,107.12634084,102.88371348,103.94437032,107.12634084,62201861,184215701.34,0.8815,-2.9703,1,0
2024-03-05,sz.000069,103.59081804,104.65147488,101.82305664,102.88371348,103.94437032,45896221,133771558.69,0.6504,-1.0204,1,0
2024-03-06,sz.000069,102.5301612,104.65147488,101.82305664,102.5301612,102.88371348,33275347,97037988.34,0.4716,-0.3436,1,0
2024-03-07,sz.000069,102.5301612,104.2979226,101.11595208,101.46950436,102.5301612,37989452,110465021.42,0.5384,-1.0345,1,0
2024-03-08,sz.000069,101.82305664,102.17660892,99.70174296,100.7623998,101.46950436,27088407,77080188.0,0.3839,-0.6969,1,0
2024-03-11,sz.000069,100.7623998,102.5301612,100.40884752,102.5301612,100.7623998,36751708,105627086.81,0.5208,1.7544,1,0
2024-03-12,sz.000069,102.88371348,108.54054996,102.17660892,106.77278856,102.5301612,69480853,206787295.34,0.9846,4.1379,1,0
2024-03-13,sz.000069,106.065684,106.77278856,103.59081804,103.94437032,106.77278856,47310857,139736825.77,0.6705,-2.649,1,0
2024-03-14,sz.000069,103.59081804,105.35857944,103.23726576,103.59081804,103.94437032,37905540,111602348.8,0.5372,-0.3401,1,0
2024-03-15,sz.000069,103.23726576,104.2979226,102.17660892,103.59081804,103.59081804,32490486,94616835.27,0.4604,0.0,1,0
2024-03-18,sz.000069,103.59081804,103.59081804,102.5301612,103.23726576,103.59081804,32536939,94746949.9,0.4611,-0.3413,1,0
2024-03-19,sz.000069,102.88371348,103.59081804,101.82305664,102.17660892,103.23726576,28766992,83627888.08,0.4174,-1.0274,1,0
2024-03-20,sz.000069,102.17660892,102.88371348,101.46950436,102.5301612,102.17660892,31833404,92021190.66,0.4619,0.346,1,0
2024-03-21,sz.000069,102.17660892,103.94437032,102.17660892,102.88371348,102.5301612,33949272,99052455.54,0.4926,0.3448,1,0
2024-03-22,sz.000069,102.5301612,102.88371348,98.9946384,99.70174296,102.88371348,44330038,125971776.59,0.6432,-3.0928,1,0
2024-03-25,sz.000069,99.70174296,102.17660892,98.64108612,99.70174296,99.70174296,38567450,109423371.18,0.5596,0.0,1,0
2024-03-26,sz.000069,99.70174296,100.7623998,98.28753384,100.40884752,99.70174296,41621074,117374779.27,0.6039,0.7092,1,0
2024-03-27,sz.000069,100.40884752,100.40884752,96.87332472,97.226877,100.40884752,45317087,125702607.18,0.6575,-3.169,1,0
2024-03-28,sz.000069,96.51977244,98.28753384,96.16622016,96.87332472,97.226877,30009566,82572522.52,0.4354,-0.3636,1,0
2024-03-29,sz.000069,96.51977244,96.51977244,94.39845876,95.10556332,96.87332472,46487302,125384429.38,0.6745,-1.8248,1,0
2024-04-01,sz.000069,95.10556332,97.58042928,94.75201104,96.51977244,95.10556332,42562304,116152191.48,0.6172,1.487,1,0
2024-04-02,sz.000069,96.16622016,96.51977244,94.75201104,95.4591156,96.51977244,39451256,106720717.72,0.5721,-1.0989,1,0
2024-04-03,sz.000069,95.10556332,96.16622016,94.39845876,94.75201104,95.4591156,33316225,89433464.9,0.4832,-0.7407,1,0
2024-04-08,sz.000069,94.75201104,96.87332472,94.39845876,94.39845876,94.75201104,42884507,115654934.42,0.6219,-0.3731,1,0
2024-04-09,sz.000069,94.75201104,95.4591156,94.04490648,94.75201104,94.39845876,29313410,78690297.21,0.4251,0.3745,1,0
2024-04-10,sz.000069,94.75201104,95.10556332,90.86293596,92.27714508,94.75201104,49070903,128727730.24,0.7116,-2.6119,1,0
2024-04-11,sz.000069,91.9235928,92.98424964,91.21648824,91.21648824,92.27714508,35153219,91371048.62,0.5098,-1.1494,1,0
2024-04-12,sz.000069,91.21648824,91.9235928,89.44872684,89.44872684,91.21648824,39205726,100279756.78,0.5686,-1.938,1,0
2024-04-15,sz.000069,89.44872684,90.86293596,86.97386088,88.38807,89.44872684,41220824,103674277.38,0.5978,-1.1858,1,0
2024-04-16,sz.000069,87.68096544,88.38807,84.8525472,85.55965176,88.38807,52509341,128211510.14,0.7615,-3.2,1,0
2024-04-17,sz.000069,85.20609948,88.03451772,85.20609948,86.97386088,85.55965176,52604159,129168328.25,0.7629,1.6529,1,0
2024-04-18,sz.000069,86.97386088,88.03451772,85.55965176,86.6203086,86.97386088,41015662,100751849.3,0.5948,-0.4065,1,0
2024-04-19,sz.000069,86.26675632,86.97386088,84.14544264,84.8525472,86.6203086,40439335,97687032.14,0.5865,-2.0408,1,0
2024-04-22,sz.000069,84.8525472,86.26675632,83.79189036,85.55965176,84.8525472,39592368,95400001.6,0.5742,0.8333,1,0
2024-04-23,sz.000069,85.55965176,86.26675632,84.49899492,84.8525472,85.55965176,28524824,68791522.32,0.4137,-0.8264,1,0
2024-04-24,sz.000069,84.8525472,85.20609948,83.79189036,84.49899492,84.8525472,31636681,75521026.78,0.4588,-0.4167,1,0
2024-04-25,sz.000069,84.14544264,86.26675632,83.43833808,85.55965176,84.49899492,36554272,88053693.16,0.5301,1.2552,1,0
2024-04-26,sz.000069,85.20609948,89.44872684,84.49899492,88.74162228,85.55965176,62627537,154377578.8,0.9082,3.719,1,0
2024-04-29,sz.000069,87.32741316,96.87332472,87.32741316,95.81266788,88.74162228,140936387,372298235.07,2.0439,7.9681,1,0
2024-04-30,sz.000069,95.10556332,95.4591156,91.9235928,93.33780192,95.81266788,73566218,194474911.76,1.0669,-2.583,1,0
2024-05-06,sz.000069,95.81266788,97.58042928,93.33780192,93.33780192,93.33780192,72140127,194546287.56,1.0462,0.0,1,0
2024-05-07,sz.000069,94.04490648,95.81266788,92.27714508,95.10556332,93.33780192,63064888,168246632.44,0.9146,1.8939,1,0
2024-05-08,sz.000069,95.4591156,95.4591156,92.27714508,92.63069736,95.10556332,41134309,108307068.58,0.5965,-2.6022,1,0
2024-05-09,sz.000069,92.63069736,95.4591156,92.63069736,94.75201104,92.63069736,45816962,121878335.64,0.6644,2.2901,1,0
2024-05-10,sz.000069,94.75201104,97.58042928,93.6913542,96.51977244,94.75201104,68666774,186114090.29,0.9958,1.8657,1,0
2024-05-13,sz.000069,96.16622016,96.51977244,94.39845876,95.10556332,96.51977244,47959929,129267951.12,0.6955,-1.4652,1,0
2024-05-14,sz.000069,94.75201104,96.87332472,94.75201104,96.16622016,95.10556332,43713857,118515334.56,0.6339,1.1152,1,0
2024-05-15,sz.000069,95.4591156,98.28753384,95.4591156,96.51977244,96.16622016,60347322,165483054.08,0.8752,0.3676,1,0
2024-05-16,sz.000069,96.51977244,101.11595208,96.16622016,99.70174296,96.51977244,96643400,271573492.0,1.4015,3.2967,1,0
2024-05-17,sz.000069,100.40884752,109.6012068,99.34819068,108.89410224,99.70174296,207680886,607479140.71,3.0118,9.2199,1,0
2024-05-20,sz.000069,108.18699768,108.54054996,105.00502716,105.71213172,108.89410224,175798273,529535617.23,2.5494,-2.9221,1,0
2024-05-21,sz.000069,103.94437032,106.77278856,103.23726576,104.65147488,105.71213172,83555030,248337881.1,1.2117,-1.0033,1,0
2024-05-22,sz.000069,104.2979226,109.24765452,103.94437032,106.065684,104.65147488,145020700,437958788.7,2.1031,1.3514,1,0
2024-05-23,sz.000069,104.2979226,105.35857944,102.17660892,102.88371348,106.065684,88787412,260248511.15,1.2876,-3.0,1,0
2024-05-24,sz.000069,102.5301612,102.88371348,98.9946384,99.70174296,102.88371348,62687800,178464991.93,0.9091,-3.0928,1,0
2024-05-27,sz.000069,99.34819068,100.05529524,95.81266788,97.93398156,99.70174296,74634742,205130753.82,1.0824,-1.773,1,0
2024-05-28,sz.000069,98.64108612,98.9946384,95.10556332,95.81266788,97.93398156,54729878,149487572.66,0.7937,-2.1661,1,0
2024-05-29,sz.000069,95.4591156,98.28753384,95.4591156,96.16622016,95.81266788,43505601,118852805.73,0.6309,0.369,1,0
2024-05-30,sz.000069,95.81266788,96.16622016,93.6913542,94.04490648,96.16622016,43137700,115366159.0,0.6256,-2.2059,1,0
2024-05-31,sz.000069,93.6913542,94.75201104,91.57004052,91.57004052,94.04490648,91529411,240136631.83,1.3274,-2.6316,1,0
2024-06-03,sz.000069,90.1558314,91.21648824,87.32741316,88.38807,91.57004052,87960159,220545303.7,1.2756,-3.4749,1,0
2024-06-04,sz.000069,89.09517456,90.50938368,86.97386088,89.44872684,88.38807,62581190,157327332.8,0.9076,1.2,1,0
2024-06-05,sz.000069,89.09517456,89.09517456,86.26675632,86.6203086,89.44872684,52295066,129348844.7,0.7584,-3.1621,1,0
2024-06-06,sz.000069,86.6203086,87.68096544,83.43833808,83.79189036,86.6203086,68494092,163896096.25,0.9933,-3.2653,1,0
2024-06-07,sz.000069,84.14544264,86.26675632,83.79189036,85.55965176,83.79189036,63227107,152053345.9,0.9169,2.1097,1,0
2024-06-11,sz.000069,84.8525472,85.20609948,82.73123352,83.43833808,85.55965176,69603854,164749803.13,1.0094,-2.4793,1,0
2024-06-12,sz.000069,83.0847858,83.43833808,81.3170244,81.67057668,83.43833808,90930623,210761305.36,1.3187,-2.1186,1,0
2024-06-13,sz.000069,82.02412896,82.37768124,76.72084476,77.42794932,81.67057668,162143829,359817716.65,2.3514,-5.1948,1,0
2024-06-14,sz.000069,77.07439704,77.7815016,74.95308336,77.07439704,77.42794932,208521846,452124996.98,3.024,-0.4566,1,0
2024-06-17,sz.000069,76.0137402,77.7815016,73.89242652,76.0137402,77.07439704,127533536,271838936.25,1.8495,-1.3761,1,0
2024-06-18,sz.000069,75.66018792,76.72084476,74.95308336,76.0137402,76.0137402,81252855,173897876.03,1.1783,0.0,1,0
2024-06-19,sz.000069,75.30663564,76.0137402,74.59953108,74.59953108,76.0137402,60759633,129161679.94,0.8811,-1.8605,1,0
2024-06-20,sz.000069,74.2459788,74.95308336,72.12466512,72.4782174,74.59953108,67931941,140722968.62,0.9851,-2.8436,1,0
2024-06-21,sz.000069,72.12466512,73.89242652,72.12466512,72.83176968,72.4782174,52866143,109287663.58,0.7667,0.4878,1,0
2024-06-24,sz.000069,74.59953108,74.95308336,72.12466512,72.4782174,72.83176968,76912171,159492640.06,1.1154,-0.4854,1,0
2024-06-25,sz.000069,72.4782174,75.30663564,71.77111284,73.53887424,72.4782174,84502332,175914325.45,1.2255,1.4634,1,0
2024-06-26,sz.000069,73.53887424,75.30663564,72.4782174,75.30663564,73.53887424,59662456,124516214.45,0.8652,2.4038,1,0
2024-06-27,sz.000069,74.95308336,76.36729248,73.53887424,73.53887424,75.30663564,54051595,114411503.3,0.7839,-2.3474,1,0
2024-06-28,sz.000069,73.18532196,74.59953108,71.77111284,72.12466512,73.53887424,73900144,153149189.97,1.0717,-1.9231,1,0
2024-07-01,sz.000069,72.12466512,75.30663564,71.77111284,75.30663564,72.12466512,79335143,165583150.9,1.1505,4.4118,1,0
2024-07-02,sz.000069,74.59953108,76.36729248,73.89242652,74.2459788,75.30663564,66844395,142264144.75,0.9694,-1.4085,1,0
2024-07-03,sz.000069,74.59953108,77.07439704,73.89242652,76.0137402,74.2459788,73584598,158024623.9,1.0671,2.381,1,0
2024-07-04,sz.000069,75.66018792,76.0137402,73.18532196,73.53887424,76.0137402,53912800,113009277.0,0.7818,-3.2558,1,0
2024-07-05,sz.000069,73.18532196,74.2459788,72.4782174,73.18532196,73.53887424,37974970,78815368.9,0.5507,-0.4808,1,0
2024-07-08,sz.000069,72.83176968,72.83176968,70.35690372,70.35690372,73.18532196,72713549,146440611.77,1.0545,-3.8647,1,0
2024-07-09,sz.000069,70.00335144,70.710456,67.88203776,69.64979916,70.35690372,66752527,131020311.56,0.968,-1.005,1,0
2024-07-10,sz.000069,69.29624688,70.00335144,67.88203776,68.58914232,69.64979916,40403235,78735202.76,0.5859,-1.5228,1,0
2024-07-11,sz.000069,69.64979916,71.77111284,69.29624688,71.41756056,68.58914232,49052715,97942557.7,0.7114,4.1237,1,0
2024-07-12,sz.000069,71.41756056,74.59953108,71.06400828,72.4782174,71.41756056,69935656,144683552.19,1.0142,1.4851,1,0
2024-07-15,sz.000069,72.4782174,72.4782174,70.35690372,70.710456,72.4782174,38651500,77912324.0,0.5605,-2.439,1,0
2024-07-16,sz.000069,70.710456,72.12466512,70.00335144,71.06400828,70.710456,32190500,64798280.0,0.4668,0.5,1,0
2024-07-17,sz.000069,70.710456,72.83176968,70.710456,71.77111284,71.06400828,42438100,86532051.0,0.6154,0.995,1,0
2024-07-18,sz.000069,71.77111284,72.12466512,70.35690372,72.12466512,71.77111284,34212131,68918440.1,0.4961,0.4926,1,0
2024-07-19,sz.000069,71.41756056,71.77111284,70.00335144,71.41756056,72.12466512,37829800,75899681.0,0.5486,-0.9804,1,0
2024-07-22,sz.000069,71.41756056,71.77111284,70.35690372,70.710456,71.41756056,28091571,56429862.0,0.4074,-0.9901,1,0
2024-07-23,sz.000069,71.06400828,72.12466512,70.00335144,70.00335144,70.710456,33628366,67605504.64,0.4877,-1.0,1,0
2024-07-24,sz.000069,70.00335144,70.35690372,67.88203776,68.23559004,70.00335144,49774500,96818720.0,0.7218,-2.5253,1,0
2024-07-25,sz.000069,67.88203776,69.29624688,67.88203776,68.58914232,68.23559004,37013700,71804739.0,0.5368,0.5181,1,0
2024-07-26,sz.000069,68.58914232,70.35690372,68.58914232,69.29624688,68.58914232,34484933,67636795.35,0.5001,1.0309,1,0
2024-07-29,sz.000069,68.9426946,69.29624688,67.88203776,68.58914232,69.29624688,30518600,59070360.0,0.4426,-1.0204,1,0
2024-07-30,sz.000069,68.23559004,69.64979916,68.23559004,69.64979916,68.58914232,40574168,79344783.24,0.5884,1.5464,1,0
2024-07-31,sz.000069,69.64979916,72.83176968,69.29624688,72.83176968,69.64979916,62159000,125855146.66,0.9014,4.5685,1,0
2024-08-01,sz.000069,72.83176968,73.53887424,71.41756056,71.77111284,72.83176968,36130200,73698749.0,0.524,-1.4563,1,0
2024-08-02,sz.000069,71.41756056,72.83176968,71.06400828,71.41756056,71.77111284,41330233,84163421.88,0.5994,-0.4926,1,0
2024-08-05,sz.000069,71.06400828,73.18532196,70.710456,71.06400828,71.41756056,49407534,100569342.7,0.7165,-0.495,1,0
2024-08-06,sz.000069,71.41756056,72.4782174,71.06400828,72.4782174,71.06400828,45771700,92969872.0,0.6638,1.99,1,0
2024-08-07,sz.000069,72.12466512,72.12466512,70.710456,71.41756056,72.4782174,39588832,79701402.32,0.5741,-1.4634,1,0
2024-08-08,sz.000069,71.41756056,73.89242652,71.06400828,72.4782174,71.41756056,63463051,130052760.68,0.9203,1.4851,1,0
2024-08-09,sz.000069,72.4782174,76.36729248,72.12466512,73.89242652,72.4782174,121325193,256671328.2,1.7595,1.9512,1,0
2024-08-12,sz.000069,73.53887424,73.53887424,70.710456,71.06400828,73.89242652,64641100,131010895.0,0.9374,-3.8278,1,0
2024-08-13,sz.000069,70.710456,71.06400828,69.64979916,71.06400828,71.06400828,41226612,82114474.96,0.5979,0.0,1,0
2024-08-14,sz.000069,70.710456,71.41756056,70.00335144,70.35690372,71.06400828,27655027,55204046.73,0.4011,-0.995,1,0
2024-08-15,sz.000069,70.35690372,71.77111284,69.64979916,71.41756056,70.35690372,42865284,86032624.84,0.6216,1.5075,1,0
2024-08-16,sz.000069,71.41756056,71.77111284,70.00335144,70.00335144,71.41756056,39365900,78673442.0,0.5709,-1.9802,1,0
2024-08-19,sz.000069,70.00335144,70.35690372,69.29624688,70.00335144,70.00335144,31871625,63050958.87,0.4622,0.0,1,0
2024-08-20,sz.000069,70.00335144,70.35690372,68.58914232,68.9426946,70.00335144,31256520,61156053.8,0.4533,-1.5152,1,0
2024-08-21,sz.000069,68.58914232,69.29624688,68.23559004,68.23559004,68.9426946,26012187,50437340.91,0.3772,-1.0256,1,0
2024-08-22,sz.000069,68.58914232,69.29624688,66.82138092,66.82138092,68.23559004,43296787,83321819.65,0.6279,-2.0725,1,0
2024-08-23,sz.000069,66.46782864,66.82138092,65.76072408,66.82138092,66.82138092,32722598,61325195.37,0.4745,0.0,1,0
2024-08-26,sz.000069,66.46782864,67.88203776,66.11427636,67.1749332,66.82138092,29857697,56780641.5,0.433,0.5291,1,0
2024-08-27,sz.000069,67.1749332,67.1749332,63.99296268,64.34651496,67.1749332,55349199,101953057.1,0.8027,-4.2105,1,0
2024-08-28,sz.000069,64.34651496,64.34651496,62.57875356,63.6394104,64.34651496,41341149,74297138.44,0.5995,-1.0989,1,0
2024-08-29,sz.000069,63.6394104,64.70006724,62.93230584,64.34651496,63.6394104,30410400,55014341.0,0.441,1.1111,1,0
2024-08-30,sz.000069,64.34651496,70.35690372,63.99296268,67.88203776,64.34651496,99135383,189994629.74,1.4377,5.4945,1,0
2024-09-02,sz.000069,67.1749332,68.58914232,66.46782864,66.82138092,67.88203776,48839788,93103844.96,0.7084,-1.5625,1,0
2024-09-03,sz.000069,66.82138092,68.9426946,66.82138092,67.88203776,66.82138092,39293627,75430757.57,0.5699,1.5873,1,0
2024-09-04,sz.000069,67.52848548,69.29624688,66.82138092,67.1749332,67.88203776,38812100,74743961.0,0.5629,-1.0417,1,0
2024-09-05,sz.000069,67.88203776,68.9426946,67.52848548,68.23559004,67.1749332,31099894,60129320.64,0.4511,1.5789,1,0
2024-09-06,sz.000069,68.23559004,68.58914232,66.82138092,67.1749332,68.23559004,21503500,41177939.0,0.3119,-1.5544,1,0
2024-09-09,sz.000069,66.82138092,67.88203776,66.11427636,66.82138092,67.1749332,21979641,41612682.77,0.3188,-0.5263,1,0
2024-09-10,sz.000069,66.82138092,67.1749332,65.05361952,66.82138092,66.82138092,39754669,74317717.71,0.5766,0.0,1,0
2024-09-11,sz.000069,66.46782864,68.58914232,66.11427636,67.52848548,66.82138092,39802176,76235642.0,0.5773,1.0582,1,0
2024-09-12,sz.000069,67.52848548,68.58914232,67.1749332,67.52848548,67.52848548,24154186,46296591.66,0.3503,0.0,1,0
2024-09-13,sz.000069,67.52848548,68.58914232,67.1749332,67.52848548,67.52848548,34224671,65758021.08,0.4964,0.0,1,0
2024-09-18,sz.000069,67.52848548,69.29624688,66.11427636,68.23559004,67.52848548,49360164,94388437.64,0.7159,1.0471,1,0
2024-09-19,sz.000069,68.58914232,71.41756056,68.23559004,70.35690372,68.23559004,76062922,150540749.7,1.1032,3.1088,1,0
2024-09-20,sz.000069,70.00335144,71.77111284,69.64979916,71.41756056,70.35690372,59601444,119376965.35,0.8645,1.5075,1,0
2024-09-23,sz.000069,71.06400828,72.12466512,70.35690372,71.41756056,71.41756056,45936402,92839972.04,0.6663,0.0,1,0
2024-09-24,sz.000069,72.83176968,73.89242652,71.41756056,73.89242652,71.41756056,69003585,142114664.39,1.0008,3.4653,1,0
2024-09-25,sz.000069,74.95308336,81.3170244,74.95308336,77.42794932,73.89242652,211947505,475469399.09,3.0741,4.7847,1,0
2024-09-26,sz.000069,77.7815016,85.20609948,77.42794932,85.20609948,77.42794932,268820467,627633735.33,3.899,10.0457,1,0
2024-09-27,sz.000069,93.6913542,93.6913542,93.6913542,93.6913542,85.20609948,53488192,141743708.8,0.7758,9.9585,1,0
2024-09-30,sz.000069,103.23726576,103.23726576,103.23726576,103.23726576,93.6913542,22726310,66360825.2,0.3296,10.1887,1,0
2024-10-08,sz.000069,113.49028188,113.49028188,106.065684,113.49028188,103.23726576,602539256,1907349809.91,8.7393,9.9315,1,0
2024-10-09,sz.000069,106.065684,107.47989312,102.17660892,102.17660892,113.49028188,277671184,814054626.59,4.0274,-9.9688,1,0
2024-10-10,sz.000069,97.226877,100.05529524,91.9235928,96.16622016,102.17660892,291454434,786905823.29,4.2273,-5.8824,1,0
2024-10-11,sz.000069,95.81266788,97.93398156,93.33780192,95.10556332,96.16622016,141906969,384786651.77,2.0582,-1.1029,1,0
2024-10-14,sz.000069,98.64108612,100.05529524,94.39845876,96.87332472,95.10556332,165214137,453555396.02,2.3963,1.8587,1,0
2024-10-15,sz.000069,95.10556332,99.70174296,93.33780192,94.75201104,96.87332472,135657907,372184729.11,1.9676,-2.1898,1,0
2024-10-16,sz.000069,96.87332472,102.5301612,95.81266788,101.82305664,94.75201104,229106587,645854720.7,3.323,7.4627,1,0
2024-10-17,sz.000069,101.82305664,101.82305664,94.75201104,94.75201104,101.82305664,191040199,523339628.14,2.7709,-6.9444,1,0
2024-10-18,sz.000069,92.98424964,96.87332472,90.1558314,95.10556332,94.75201104,156401234,410924115.54,2.2685,0.3731,1,0
2024-10-21,sz.000069,94.75201104,96.16622016,92.63069736,94.39845876,95.10556332,130919363,349519614.06,1.8989,-0.7435,1,0
2024-10-22,sz.000069,94.04490648,96.16622016,93.6913542,95.4591156,94.39845876,74655411,200928959.85,1.0828,1.1236,1,0
2024-10-23,sz.000069,95.10556332,97.226877,94.75201104,96.16622016,95.4591156,105442186,286188201.48,1.5293,0.7407,1,0
2024-10-24,sz.000069,95.4591156,97.226877,94.39845876,95.4591156,96.16622016,86691196,234743703.24,1.2574,-0.7353,1,0
2024-10-25,sz.000069,95.81266788,98.64108612,95.4591156,97.226877,95.4591156,110540915,304976583.91,1.6033,1.8519,1,0
2024-10-28,sz.000069,96.87332472,100.40884752,96.51977244,100.40884752,97.226877,109962429,309435646.77,1.5949,3.2727,1,0
2024-10-29,sz.000069,100.40884752,104.2979226,98.9946384,98.9946384,100.40884752,150789961,434200303.85,2.1871,-1.4085,1,0
2024-10-30,sz.000069,98.28753384,105.00502716,97.93398156,102.17660892,98.9946384,156849061,453549268.05,2.275,3.2143,1,0
2024-10-31,sz.000069,100.7623998,109.24765452,99.70174296,104.65147488,102.17660892,189354189,564119960.31,2.7464,2.4221,1,0
2024-11-01,sz.000069,104.65147488,106.41923628,100.7623998,103.59081804,104.65147488,134568940,394990634.56,1.9518,-1.0135,1,0
2024-11-04,sz.000069,102.5301612,103.59081804,100.40884752,102.17660892,103.59081804,97952364,280659485.4,1.4207,-1.3652,1,0
2024-11-05,sz.000069,101.82305664,107.47989312,101.11595208,106.77278856,102.17660892,142433245,426718676.9,2.0659,4.4983,1,0
2024-11-06,sz.000069,106.77278856,115.25804328,105.00502716,112.42962504,106.77278856,250801794,781249022.6,3.6376,5.298,1,0
2024-11-07,sz.000069,111.72252048,120.91487976,109.95475908,120.2077752,112.42962504,281699739,932529062.31,4.0858,6.9182,1,0
2024-11-08,sz.000069,122.68264116,123.38974572,112.42962504,112.78317732,120.2077752,243651542,794304560.54,3.5339,-6.1765,1,0
2024-11-11,sz.000069,111.3689682,113.49028188,107.47989312,109.95475908,112.78317732,146988482,454863825.01,2.1319,-2.5078,1,0
2024-11-12,sz.000069,109.6012068,111.72252048,107.12634084,108.54054996,109.95475908,109320800,339327112.18,1.5856,-1.2862,1,0
2024-11-13,sz.000069,107.8334454,109.24765452,104.65147488,106.41923628,108.54054996,107513497,323570638.69,1.5594,-1.9544,1,0
2024-11-14,sz.000069,108.54054996,109.24765452,103.23726576,103.59081804,106.41923628,90638168,271194871.63,1.3146,-2.6578,1,0
2024-11-15,sz.000069,103.23726576,103.94437032,100.05529524,100.40884752,103.59081804,77189980,221990162.4,1.1196,-3.0717,1,0
2024-11-18,sz.000069,103.94437032,110.30831136,103.59081804,108.54054996,100.40884752,284102238,877826932.46,4.1206,8.0986,1,0
2024-11-19,sz.000069,105.35857944,105.35857944,99.34819068,102.88371348,108.54054996,216155185,625377368.37,3.1351,-5.2117,1,0
2024-11-20,sz.000069,102.17660892,104.2979226,101.11595208,103.94437032,102.88371348,84405942,245962614.82,1.2242,1.0309,1,0
2024-11-21,sz.000069,103.23726576,103.94437032,101.82305664,102.88371348,103.94437032,62255614,180934815.74,0.903,-1.0204,1,0
2024-11-22,sz.000069,103.94437032,107.47989312,101.82305664,101.82305664,102.88371348,122472938,361834876.44,1.7764,-1.0309,1,0
2024-11-25,sz.000069,101.82305664,106.77278856,100.05529524,104.2979226,101.82305664,112257551,329309352.73,1.6282,2.4306,1,0
2024-11-26,sz.000069,103.59081804,108.54054996,102.88371348,105.71213172,104.2979226,99733046,298514767.28,1.4465,1.3559,1,0
2024-11-27,sz.000069,105.00502716,106.77278856,102.17660892,106.77278856,105.71213172,76997062,227133339.42,1.1168,1.0033,1,0
2024-11-28,sz.000069,106.77278856,110.30831136,106.065684,108.54054996,106.77278856,108742164,333397326.14,1.5772,1.6556,1,0
2024-11-29,sz.000069,107.8334454,109.95475908,106.77278856,107.8334454,108.54054996,93712917,286377490.39,1.3592,-0.6515,1,0
2024-12-02,sz.000069,107.12634084,111.01541592,106.77278856,109.6012068,107.8334454,104958080,324787349.54,1.5223,1.6393,1,0
2024-12-03,sz.000069,109.6012068,110.30831136,107.12634084,109.24765452,109.6012068,81658333,250787163.31,1.1844,-0.3226,1,0
2024-12-04,sz.000069,108.54054996,109.24765452,105.71213172,106.065684,109.24765452,74213722,225220961.96,1.0764,-2.9126,1,0
2024-12-05,sz.000069,106.065684,107.12634084,104.65147488,107.12634084,106.065684,57633910,172682426.1,0.8359,1.0,1,0
2024-12-06,sz.000069,107.47989312,110.66186364,106.77278856,109.6012068,107.12634084,121185227,374060976.25,1.7577,2.3102,1,0
2024-12-09,sz.000069,109.6012068,110.30831136,105.35857944,106.065684,109.6012068,103673522,314556154.6,1.5037,-3.2258,1,0
2024-12-10,sz.000069,112.07607276,113.49028188,107.12634084,107.47989312,106.065684,149527553,467448277.83,2.1688,1.3333,1,0
2024-12-11,sz.000069,107.47989312,112.42962504,106.77278856,110.66186364,107.47989312,155919138,486682349.66,2.2615,2.9605,1,0
2024-12-12,sz.000069,110.66186364,112.42962504,108.89410224,112.07607276,110.66186364,93853440,294479842.78,1.3613,1.278,1,0
2024-12-13,sz.000069,111.3689682,111.3689682,107.12634084,107.47989312,112.07607276,140190147,428679036.47,2.0333,-4.1009,1,0
2024-12-16,sz.000069,108.54054996,108.54054996,105.00502716,105.71213172,107.47989312,92626708,279012268.62,1.3435,-1.6447,1,0
2024-12-17,sz.000069,106.065684,106.065684,102.5301612,102.88371348,105.71213172,91258500,269239278.0,1.3236,-2.6756,1,0
2024-12-18,sz.000069,108.18699768,112.42962504,105.71213172,108.18699768,102.88371348,176443469,538770343.99,2.5591,5.1546,1,0
2024-12-19,sz.000069,105.35857944,106.065684,102.5301612,103.59081804,108.18699768,134308627,394054351.97,1.948,-4.2484,1,0
2024-12-20,sz.000069,103.59081804,103.94437032,102.5301612,103.23726576,103.59081804,53325399,155786478.85,0.7734,-0.3413,1,0
2024-12-23,sz.000069,103.23726576,103.23726576,99.34819068,99.34819068,103.23726576,73665000,209840945.0,1.0684,-3.7671,1,0
2024-12-24,sz.000069,98.9946384,100.7623998,98.64108612,100.05529524,99.34819068,50782244,143354305.09,0.7365,0.7117,1,0
2024-12-25,sz.000069,100.40884752,100.40884752,97.93398156,98.64108612,100.05529524,45870482,127895425.76,0.6653,-1.4134,1,0
2024-12-26,sz.000069,98.64108612,99.34819068,96.51977244,96.87332472,98.64108612,51246702,141147516.48,0.7433,-1.7921,1,0
2024-12-27,sz.000069,97.226877,99.70174296,96.87332472,97.93398156,96.87332472,48764910,135832762.0,0.7073,1.0949,1,0
2024-12-30,sz.000069,97.93398156,97.93398156,95.4591156,96.51977244,97.93398156,50687251,137847773.21,0.7352,-1.444,1,0
2024-12-31,sz.000069,96.16622016,96.87332472,94.04490648,94.39845876,96.51977244,41484618,111932620.64,0.6017,-2.1978,1,0
2025-01-02,sz.000069,94.39845876,96.51977244,91.57004052,92.63069736,94.39845876,50753451,135687207.26,0.7361,-1.8727,1,0
2025-01-03,sz.000069,92.98424964,93.33780192,89.44872684,90.1558314,92.63069736,49325151,127399372.54,0.7154,-2.6718,1,0
2025-01-06,sz.000069,90.1558314,90.50938368,87.68096544,89.80227912,90.1558314,45118584,113632495.06,0.6544,-0.3922,1,0
2025-01-07,sz.000069,89.80227912,90.86293596,88.38807,90.50938368,89.80227912,28882428,73148474.56,0.4189,0.7874,1,0
2025-01-08,sz.000069,90.1558314,90.50938368,87.68096544,89.44872684,90.50938368,37484901,94536424.52,0.5437,-1.1719,1,0
2025-01-09,sz.000069,89.09517456,90.50938368,88.74162228,90.1558314,89.44872684,30577301,77708863.99,0.4435,0.7905,1,0
2025-01-10,sz.000069,90.1558314,91.21648824,85.91320404,86.26675632,90.1558314,46618100,115877666.0,0.6762,-4.3137,1,0
2025-01-13,sz.000069,85.20609948,87.32741316,83.79189036,87.32741316,86.26675632,35845467,87115425.88,0.5199,1.2295,1,0
2025-01-14,sz.000069,87.32741316,89.80227912,86.97386088,89.09517456,87.32741316,39732830,99378993.3,0.5763,2.0243,1,0
2025-01-15,sz.000069,89.09517456,90.86293596,87.68096544,89.44872684,89.09517456,37098125,93660688.49,0.5381,0.3968,1,0
2025-01-16,sz.000069,89.09517456,92.27714508,88.74162228,90.1558314,89.44872684,41496031,106585800.04,0.6019,0.7905,1,0
2025-01-17,sz.000069,89.80227912,90.86293596,88.38807,89.44872684,90.1558314,42139770,106778546.5,0.6112,-0.7843,1,0
2025-01-20,sz.000069,89.80227912,90.86293596,87.68096544,89.80227912,89.44872684,44226031,112319937.5,0.6415,0.3953,1,0
2025-01-21,sz.000069,89.80227912,92.98424964,89.09517456,89.80227912,89.80227912,77019006,197574935.57,1.1171,0.0,1,0
2025-01-22,sz.000069,88.74162228,88.74162228,86.6203086,87.68096544,89.80227912,51623236,127709576.56,0.7487,-2.3622,1,0
2025-01-23,sz.000069,88.74162228,90.86293596,88.03451772,88.38807,87.68096544,54867408,138879569.92,0.7958,0.8065,1,0
2025-01-24,sz.000069,88.38807,88.38807,86.6203086,87.32741316,88.38807,37172610,91959746.7,0.5392,-1.2,1,0
2025-01-27,sz.000069,86.26675632,88.03451772,85.91320404,86.26675632,87.32741316,39933617,97937002.49,0.5792,-1.2146,1,0
2025-02-05,sz.000069,86.6203086,86.97386088,84.49899492,84.8525472,86.26675632,36851326,88873924.77,0.5345,-1.6393,1,0
2025-02-06,sz.000069,85.20609948,85.91320404,83.79189036,85.55965176,84.8525472,40920269,98305994.95,0.5935,0.8333,1,0
2025-02-07,sz.000069,85.55965176,88.74162228,84.8525472,87.68096544,85.55965176,64717568,159960184.21,0.9387,2.4793,1,0
2025-02-10,sz.000069,87.32741316,90.1558314,87.32741316,89.80227912,87.68096544,50963205,128046722.37,0.7392,2.4194,1,0
2025-02-11,sz.000069,90.1558314,90.50938368,86.6203086,87.32741316,89.80227912,43489200,107729850.0,0.6308,-2.7559,1,0
2025-02-12,sz.000069,87.32741316,89.44872684,86.26675632,89.44872684,87.32741316,53643763,133008983.67,0.7781,2.4291,1,0
2025-02-13,sz.000069,89.44872684,93.33780192,89.09517456,91.9235928,89.44872684,96425073,249224427.27,1.3986,2.7668,1,0
2025-02-14,sz.000069,91.9235928,92.27714508,89.09517456,89.80227912,91.9235928,52384066,133633560.54,0.7598,-2.3077,1,0
2025-02-17,sz.000069,89.80227912,91.9235928,88.74162228,90.1558314,89.80227912,64779970,165554920.2,0.9396,0.3937,1,0
2025-02-18,sz.000069,90.50938368,90.50938368,86.97386088,86.97386088,90.1558314,55642716,139499639.83,0.807,-3.5294,1,0
2025-02-19,sz.000069,86.97386088,87.68096544,86.26675632,87.32741316,86.97386088,39131599,96368941.15,0.5676,0.4065,1,0
2025-02-20,sz.000069,87.68096544,88.03451772,86.26675632,86.6203086,87.32741316,45776606,112641680.96,0.6639,-0.8097,1,0
2025-02-21,sz.000069,86.97386088,87.68096544,85.55965176,86.6203086,86.6203086,44241038,108465865.72,0.6417,0.0,1,0
2025-02-24,sz.000069,86.6203086,90.1558314,86.26675632,88.38807,86.6203086,59312737,148204876.13,0.8603,2.0408,1,0
2025-02-25,sz.000069,87.68096544,89.44872684,86.6203086,86.97386088,88.38807,47129375,117386796.52,0.6836,-1.6,1,0
2025-02-26,sz.000069,87.68096544,89.44872684,87.32741316,89.44872684,86.97386088,47689776,119686898.77,0.6917,2.8455,1,0
2025-02-27,sz.000069,89.44872684,90.86293596,88.38807,89.09517456,89.44872684,49895610,126136906.29,0.7237,-0.3953,1,0
2025-02-28,sz.000069,89.09517456,89.80227912,86.97386088,87.32741316,89.09517456,57284064,143151397.7,0.8309,-1.9841,1,0
2025-03-03,sz.000069,87.68096544,89.44872684,86.6203086,87.32741316,87.32741316,49075500,122172679.0,0.7118,0.0,1,0
2025-03-04,sz.000069,86.97386088,87.32741316,85.91320404,86.97386088,87.32741316,34705668,84962770.26,0.5034,-0.4049,1,0
2025-03-05,sz.000069,86.6203086,86.97386088,84.8525472,85.55965176,86.97386088,37908800,91895110.34,0.5498,-1.626,1,0
2025-03-06,sz.000069,86.26675632,88.03451772,85.55965176,88.03451772,85.55965176,53284230,131263564.83,0.7728,2.8926,1,0
2025-03-07,sz.000069,87.32741316,87.68096544,85.91320404,86.26675632,88.03451772,34687185,84627700.55,0.5031,-2.008,1,0
2025-03-10,sz.000069,86.26675632,86.97386088,85.55965176,86.26675632,86.26675632,28256882,68846431.44,0.4098,0.0,1,0
2025-03-11,sz.000069,85.55965176,86.26675632,84.8525472,85.91320404,86.26675632,24503936,59278679.76,0.3554,-0.4098,1,0
2025-03-12,sz.000069,85.91320404,86.26675632,85.20609948,85.55965176,85.91320404,27181619,65872250.16,0.3942,-0.4115,1,0
2025-03-13,sz.000069,85.55965176,85.91320404,84.14544264,84.49899492,85.55965176,32434175,77811414.25,0.4704,-1.2397,1,0
2025-03-14,sz.000069,84.49899492,86.97386088,84.49899492,86.6203086,84.49899492,51084862,124507014.98,0.7409,2.5105,1,0
2025-03-17,sz.000069,86.97386088,89.80227912,86.97386088,88.74162228,86.6203086,68821995,172668536.86,0.9982,2.449,1,0
2025-03-18,sz.000069,89.09517456,89.09517456,86.97386088,87.32741316,88.74162228,49625600,122819478.0,0.7198,-1.5936,1,0
2025-03-19,sz.000069,87.68096544,87.68096544,86.6203086,86.97386088,87.32741316,31928500,78615104.0,0.4631,-0.4049,1,0
2025-03-20,sz.000069,86.97386088,88.03451772,86.26675632,86.97386088,86.97386088,35700000,88142591.0,0.5178,0.0,1,0
2025-03-21,sz.000069,86.6203086,87.68096544,86.26675632,86.6203086,86.97386088,40206179,98782075.62,0.5832,-0.4065,1,0
2025-03-24,sz.000069,86.6203086,86.6203086,84.8525472,85.55965176,86.6203086,42330907,102318429.8,0.614,-1.2245,1,0
2025-03-25,sz.000069,85.55965176,87.32741316,85.20609948,86.97386088,85.55965176,36687448,89510244.4,0.5321,1.6529,1,0
2025-03-26,sz.000069,86.6203086,87.68096544,86.26675632,86.97386088,86.97386088,33523056,82466274.76,0.4862,0.0,1,0
2025-03-27,sz.000069,86.97386088,87.32741316,85.91320404,86.6203086,86.97386088,28157740,68872889.6,0.4084,-0.4065,1,0
2025-03-28,sz.000069,86.6203086,87.68096544,85.20609948,85.55965176,86.6203086,48876270,119283110.4,0.7089,-1.2245,1,0
2025-03-31,sz.000069,85.20609948,87.32741316,84.8525472,85.55965176,85.55965176,54272294,132083193.26,0.7868,0.0,1,0
2025-04-01,sz.000069,85.91320404,89.09517456,85.55965176,88.74162228,85.55965176,80086150,199231725.79,1.161,3.719,1,0
2025-04-02,sz.000069,88.74162228,88.74162228,86.6203086,86.6203086,88.74162228,41673600,102887681.0,0.6041,-2.3904,1,0
2025-04-03,sz.000069,86.26675632,89.09517456,85.91320404,88.74162228,86.6203086,54424673,135627450.97,0.789,2.449,1,0
2025-04-07,sz.000069,85.91320404,85.91320404,79.90281528,79.90281528,88.74162228,83467899,193941656.72,1.21,-9.9602,1,0
2025-04-08,sz.000069,80.25636756,81.67057668,78.48860616,80.96347212,79.90281528,48348884,110051253.68,0.7009,1.3274,1,0
2025-04-09,sz.000069,79.90281528,87.32741316,77.7815016,86.6203086,80.96347212,96431622,227197248.88,1.3979,6.9869,1,0
2025-04-10,sz.000069,85.91320404,90.50938368,84.49899492,88.74162228,86.6203086,119304182,294701178.27,1.7295,2.449,1,0
2025-04-11,sz.000069,87.68096544,88.03451772,85.91320404,85.91320404,88.74162228,80385949,197349388.29,1.1653,-3.1873,1,0
2025-04-14,sz.000069,85.91320404,87.32741316,85.20609948,85.55965176,85.91320404,51420158,125096646.36,0.7454,-0.4115,1,0
2025-04-15,sz.000069,85.55965176,85.91320404,84.14544264,84.49899492,85.55965176,30241030,72414278.7,0.4384,-1.2397,1,0
2025-04-16,sz.000069,84.8525472,86.26675632,84.49899492,85.55965176,84.49899492,48733307,117632365.02,0.7065,1.2552,1,0
2025-04-17,sz.000069,84.8525472,89.80227912,84.49899492,87.68096544,85.55965176,92844050,231170739.58,1.3459,2.4793,1,0
2025-04-18,sz.000069,87.32741316,90.1558314,86.26675632,89.09517456,87.68096544,83055495,206700319.67,1.204,1.6129,1,0
2025-04-21,sz.000069,88.03451772,89.09517456,87.32741316,88.38807,89.09517456,52563235,131227485.79,0.762,-0.7937,1,0
2025-04-22,sz.000069,88.03451772,89.44872684,87.68096544,89.09517456,88.38807,73760196,184829658.4,1.0693,0.8,1,0
2025-04-23,sz.000069,88.74162228,89.09517456,86.26675632,86.6203086,89.09517456,72818870,179943445.3,1.0556,-2.7778,1,0
2025-04-24,sz.000069,86.6203086,88.03451772,85.20609948,86.26675632,86.6203086,58299000,142553323.0,0.8451,-0.4082,1,0
2025-04-25,sz.000069,86.26675632,90.1558314,85.91320404,86.6203086,86.26675632,119369625,297216210.04,1.7304,0.4098,1,0
2025-04-28,sz.000069,86.26675632,86.6203086,82.37768124,82.73123352,86.6203086,90991603,214923723.05,1.3191,-4.4898,1,0
2025-04-29,sz.000069,81.67057668,83.79189036,80.96347212,83.0847858,82.73123352,36602063,85348847.43,0.5306,0.4274,1,0
2025-04-30,sz.000069,83.0847858,84.49899492,83.0847858,83.43833808,83.0847858,32166200,76273290.0,0.4663,0.4255,1,0
2025-05-06,sz.000069,83.79189036,84.14544264,83.43833808,84.14544264,83.43833808,32638390,77340881.4,0.4731,0.8475,1,0
2025-05-07,sz.000069,85.55965176,86.97386088,84.14544264,84.49899492,84.14544264,48944990,118279856.8,0.7095,0.4202,1,0
2025-05-08,sz.000069,84.14544264,85.20609948,83.79189036,84.49899492,84.49899492,35636098,85181657.22,0.5166,0.0,1,0
2025-05-09,sz.000069,84.49899492,84.49899492,83.0847858,83.0847858,84.49899492,30488513,72009135.68,0.442,-1.6736,1,0
2025-05-12,sz.000069,83.43833808,83.79189036,83.0847858,83.43833808,83.0847858,29542686,69688974.96,0.4283,0.4255,1,0
2025-05-13,sz.000069,83.79189036,84.49899492,83.43833808,84.14544264,83.43833808,31515826,74813289.62,0.4569,0.8475,1,0
2025-05-14,sz.000069,83.79189036,85.55965176,83.43833808,84.8525472,84.14544264,39728317,95000074.41,0.5759,0.8403,1,0
2025-05-15,sz.000069,84.8525472,86.26675632,84.8525472,84.8525472,84.8525472,45268395,109331426.0,0.6562,0.0,1,0
2025-05-16,sz.000069,85.20609948,85.55965176,83.79189036,84.14544264,84.8525472,26986226,64468502.62,0.3912,-0.8333,1,0
2025-05-19,sz.000069,84.49899492,86.26675632,84.14544264,85.20609948,84.14544264,33627712,81134036.96,0.4875,1.2605,1,0
2025-05-20,sz.000069,85.55965176,85.55965176,84.14544264,84.8525472,85.20609948,28076488,67337409.88,0.407,-0.4149,1,0
2025-05-21,sz.000069,84.49899492,85.20609948,84.14544264,84.14544264,84.8525472,21195160,50614510.8,0.3073,-0.8333,1,0
2025-05-22,sz.000069,84.14544264,84.49899492,83.0847858,83.43833808,84.14544264,24603823,58269709.3,0.3567,-0.8403,1,0
2025-05-23,sz.000069,83.0847858,83.79189036,82.37768124,82.37768124,83.43833808,28506400,66902009.0,0.4132,-1.2712,1,0
2025-05-26,sz.000069,82.37768124,83.0847858,82.02412896,82.37768124,82.37768124,15371248,35850973.84,0.2228,0.0,1,0
2025-05-27,sz.000069,82.73123352,83.79189036,82.37768124,83.43833808,82.37768124,22121804,51996975.4,0.3207,1.2876,1,0
2025-05-28,sz.000069,83.43833808,83.43833808,82.73123352,83.0847858,83.43833808,12051104,28295975.4,0.1747,-0.4237,1,0
2025-05-29,sz.000069,83.0847858,83.79189036,82.37768124,83.79189036,83.0847858,18827744,44416423.4,0.2729,0.8511,1,0
2025-05-30,sz.000069,83.79189036,84.14544264,83.0847858,83.79189036,83.79189036,21849547,51686176.39,0.3167,0.0,1,0
2025-06-03,sz.000069,83.43833808,83.79189036,82.37768124,82.37768124,83.79189036,31853028,74521753.24,0.4618,-1.6878,1,0
2025-06-04,sz.000069,82.73123352,84.14544264,82.37768124,83.43833808,82.37768124,26915051,63462246.46,0.3902,1.2876,1,0
2025-06-05,sz.000069,83.43833808,84.14544264,82.37768124,83.0847858,83.43833808,31733333,74630430.6,0.46,-0.4237,1,0
2025-06-06,sz.000069,82.73123352,83.43833808,82.37768124,82.73123352,83.0847858,28849149,67440427.17,0.4182,-0.4255,1,0
2025-06-09,sz.000069,82.37768124,82.73123352,82.02412896,82.37768124,82.73123352,35473161,82644000.7,0.5142,-0.4274,1,0
2025-06-10,sz.000069,82.37768124,82.73123352,80.96347212,81.3170244,82.37768124,47978409,111043401.97,0.6955,-1.2876,1,0
2025-06-11,sz.000069,81.67057668,82.37768124,81.3170244,81.67057668,81.3170244,29905301,69184797.31,0.4335,0.4348,1,0
2025-06-12,sz.000069,81.67057668,81.67057668,80.60991984,81.3170244,81.67057668,38495002,88381118.59,0.558,-0.4329,1,0
2025-06-13,sz.000069,81.3170244,81.3170244,79.549263,80.25636756,81.3170244,70830964,160961771.94,1.0268,-1.3043,1,0
2025-06-16,sz.000069,80.25636756,82.37768124,80.25636756,81.67057668,80.25636756,57966645,133525512.19,0.8403,1.7621,1,0
2025-06-17,sz.000069,82.02412896,82.02412896,80.96347212,81.3170244,81.67057668,23725117,54527804.1,0.3439,-0.4329,1,0
2025-06-18,sz.000069,80.96347212,81.3170244,79.90281528,79.90281528,81.3170244,24085401,54667737.26,0.3492,-1.7391,1,0
2025-06-19,sz.000069,80.25636756,80.25636756,78.48860616,78.84215844,79.90281528,28266200,63232221.64,0.4098,-1.3274,1,0
2025-06-20,sz.000069,78.48860616,79.19571072,78.48860616,78.48860616,78.84215844,19072600,42490030.0,0.2765,-0.4484,1,0
2025-06-23,sz.000069,78.13505388,79.19571072,77.07439704,78.84215844,78.48860616,26074753,57825420.86,0.378,0.4505,1,0
2025-06-24,sz.000069,78.84215844,80.25636756,78.84215844,79.549263,78.84215844,70839905,158784174.85,1.0269,0.8969,1,0
2025-06-25,sz.000069,79.549263,80.25636756,78.84215844,79.90281528,79.549263,41677781,93679400.11,0.6042,0.4444,1,0
2025-06-26,sz.000069,79.90281528,80.25636756,79.19571072,79.19571072,79.90281528,33091582,74570720.83,0.4797,-0.885,1,0
2025-06-27,sz.000069,79.19571072,80.60991984,79.19571072,79.19571072,79.19571072,39964222,90234325.14,0.5793,0.0,1,0
2025-06-30,sz.000069,79.549263,79.90281528,79.19571072,79.549263,79.19571072,26349880,59286293.0,0.382,0.4464,1,0
2025-07-01,sz.000069,79.549263,79.90281528,78.48860616,79.19571072,79.549263,27986512,62574858.88,0.4057,-0.4444,1,0
2025-07-02,sz.000069,79.19571072,80.25636756,78.84215844,80.25636756,79.19571072,45556927,102619830.51,0.6604,1.3393,1,0
2025-07-03,sz.000069,80.25636756,80.96347212,79.549263,79.90281528,80.25636756,34391955,78021294.3,0.4986,-0.4405,1,0
2025-07-04,sz.000069,79.90281528,80.25636756,79.19571072,79.19571072,79.90281528,32167299,72542569.74,0.4663,-0.885,1,0
2025-07-07,sz.000069,79.19571072,81.67057668,79.19571072,80.25636756,79.19571072,61677087,140624792.14,0.8941,1.3393,1,0
2025-07-08,sz.000069,80.60991984,81.67057668,79.90281528,81.3170244,80.25636756,54377750,124446635.06,0.7883,1.3216,1,0
2025-07-09,sz.000069,81.3170244,82.02412896,80.96347212,81.3170244,81.3170244,37841522,87125657.1,0.5486,0.0,1,0
2025-07-10,sz.000069,81.3170244,84.8525472,80.96347212,84.49899492,81.3170244,116410329,274171764.65,1.6875,3.913,1,0
2025-07-11,sz.000069,84.8525472,85.55965176,84.14544264,84.49899492,84.49899492,72103229,172494236.44,1.0452,0.0,1,0
2025-07-14,sz.000069,84.14544264,84.8525472,82.73123352,83.43833808,84.49899492,55071700,130092785.0,0.7983,-1.2552,1,0
2025-07-15,sz.000069,83.0847858,83.0847858,80.60991984,82.02412896,83.43833808,66785480,154358331.8,0.9681,-1.6949,1,0
2025-07-16,sz.000069,82.02412896,82.73123352,81.3170244,81.67057668,82.02412896,48579952,112619279.6,0.7042,-0.431,1,0
2025-07-17,sz.000069,82.02412896,82.37768124,80.96347212,81.3170244,81.67057668,40178800,92555786.0,0.5824,-0.4329,1,0
2025-07-18,sz.000069,81.67057668,82.02412896,81.3170244,82.02412896,81.3170244,32775100,75758080.0,0.4751,0.8696,1,0
2025-07-21,sz.000069,82.02412896,83.43833808,81.67057668,82.37768124,82.02412896,56245381,131663723.73,0.8154,0.431,1,0
2025-07-22,sz.000069,83.0847858,84.14544264,81.67057668,84.14544264,82.37768124,82854556,194914658.08,1.2011,2.1459,1,0
2025-07-23,sz.000069,84.49899492,85.91320404,83.0847858,83.43833808,84.14544264,97188008,232443371.88,1.4089,-0.8403,1,0
2025-07-24,sz.000069,83.43833808,85.91320404,83.0847858,84.8525472,83.43833808,104885631,251990220.65,1.5205,1.6949,1,0
2025-07-25,sz.000069,84.8525472,85.20609948,83.79189036,83.79189036,84.8525472,73375326,175021232.24,1.0637,-1.25,1,0
2025-07-28,sz.000069,84.14544264,85.55965176,83.0847858,84.49899492,83.79189036,72802660,173661215.8,1.0554,0.8439,1,0
2025-07-29,sz.000069,84.14544264,84.8525472,83.79189036,84.49899492,84.49899492,63074420,150224285.4,0.9144,0.0,1,0
2025-07-30,sz.000069,84.14544264,85.20609948,83.0847858,83.43833808,84.49899492,77170902,184136305.74,1.1187,-1.2552,1,0
2025-07-31,sz.000069,83.43833808,83.79189036,80.25636756,80.96347212,83.43833808,89606940,206508260.4,1.299,-2.9661,1,0
2025-08-01,sz.000069,80.60991984,80.96347212,79.19571072,79.90281528,80.96347212,66286851,150124262.75,0.9609,-1.31,1,0
2025-08-04,sz.000069,79.90281528,80.25636756,79.19571072,79.90281528,79.90281528,31137013,70146244.24,0.4514,0.0,1,0
2025-08-05,sz.000069,80.25636756,80.96347212,79.90281528,80.25636756,79.90281528,47412768,107710899.95,0.6873,0.4425,1,0
2025-08-06,sz.000069,80.25636756,81.3170244,79.549263,80.60991984,80.25636756,48312309,110088569.01,0.7004,0.4405,1,0
2025-08-07,sz.000069,80.96347212,81.67057668,80.25636756,81.67057668,80.60991984,45225659,103690361.56,0.6556,1.3158,1,0
2025-08-08,sz.000069,81.3170244,81.67057668,80.60991984,80.96347212,81.67057668,31239768,71599725.72,0.4529,-0.8658,1,0
2025-08-11,sz.000069,81.3170244,82.37768124,80.96347212,82.02412896,80.96347212,48202627,111584217.05,0.6988,1.31,1,0
2025-08-12,sz.000069,81.67057668,82.37768124,81.3170244,81.67057668,82.02412896,35570910,82204045.42,0.5156,-0.431,1,0
2025-08-13,sz.000069,82.02412896,82.73123352,80.96347212,81.3170244,81.67057668,66579673,154035825.36,0.9652,-0.4329,1,0
2025-08-14,sz.000069,81.67057668,82.73123352,80.25636756,80.25636756,81.3170244,77983383,179612757.07,1.1305,-1.3043,1,0
2025-08-15,sz.000069,79.90281528,82.37768124,79.90281528,82.02412896,80.25636756,79443381,183669814.19,1.1516,2.2026,1,0
2025-08-18,sz.000069,82.02412896,82.37768124,81.3170244,81.67057668,82.02412896,70199627,162385201.98,1.0176,-0.431,1,0
2025-08-19,sz.000069,82.02412896,82.73123352,81.67057668,82.02412896,81.67057668,67196335,156251240.85,0.9741,0.4329,1,0
2025-08-20,sz.000069,81.67057668,82.37768124,80.96347212,82.02412896,82.02412896,70711351,163187272.82,1.0251,0.0,1,0
2025-08-21,sz.000069,82.02412896,82.73123352,81.67057668,82.02412896,82.02412896,78331734,182150232.22,1.1355,0.0,1,0
2025-08-22,sz.000069,82.02412896,82.37768124,80.96347212,82.37768124,82.02412896,74179793,171056335.2,1.0753,0.431,1,0
2025-08-25,sz.000069,82.37768124,87.68096544,82.02412896,85.55965176,82.37768124,267468941,645488367.0,3.8773,3.8627,1,0
2025-08-26,sz.000069,84.8525472,85.20609948,83.79189036,84.8525472,85.55965176,87901633,210146125.69,1.2743,-0.8264,1,0
2025-08-27,sz.000069,84.49899492,84.8525472,81.3170244,81.67057668,84.8525472,138594759,326133788.48,2.0091,-3.75,1,0
2025-08-28,sz.000069,81.3170244,82.73123352,79.19571072,80.96347212,81.67057668,133575017,305697846.05,1.9364,-0.8658,1,0
2025-08-29,sz.000069,81.3170244,82.37768124,79.549263,79.549263,80.96347212,170788301,389064942.33,2.4758,-1.7467,1,0
2025-09-01,sz.000069,79.549263,80.96347212,78.48860616,80.25636756,79.549263,127601117,288434871.51,1.8497,0.8889,1,0
2025-09-02,sz.000069,80.25636756,80.96347212,78.84215844,79.90281528,80.25636756,105785180,239157846.88,1.5334,-0.4405,1,0
2025-09-03,sz.000069,79.90281528,80.60991984,78.13505388,78.48860616,79.90281528,102284400,228731421.0,1.4827,-1.7699,1,0
2025-09-04,sz.000069,78.48860616,79.19571072,78.13505388,78.48860616,78.48860616,70589236,156944114.42,1.0232,0.0,1,0
2025-09-05,sz.000069,78.48860616,79.549263,78.13505388,79.549263,78.48860616,58850274,131428375.68,0.8531,1.3514,1,0
2025-09-08,sz.000069,80.25636756,83.0847858,80.25636756,81.67057668,79.549263,148850718,344933530.89,2.1577,2.6667,1,0
2025-09-09,sz.000069,81.67057668,83.43833808,80.96347212,82.73123352,81.67057668,124099930,290343066.18,1.7989,1.2987,1,0
2025-09-10,sz.000069,82.73123352,84.14544264,82.73123352,84.14544264,82.73123352,103676035,244749058.2,1.5029,1.7094,1,0
2025-09-11,sz.000069,83.43833808,84.8525472,82.73123352,84.8525472,84.14544264,103657100,246668523.0,1.5026,0.8403,1,0
2025-09-12,sz.000069,84.8525472,88.38807,84.49899492,87.68096544,84.8525472,173331936,426314044.24,2.5126,3.3333,1,0
2025-09-15,sz.000069,87.68096544,88.74162228,85.20609948,87.68096544,87.68096544,123391765,302489877.55,1.7886,0.0,1,0
2025-09-16,sz.000069,87.68096544,95.81266788,87.32741316,92.63069736,87.68096544,277645833,713820402.57,4.0247,5.6452,1,0
2025-09-17,sz.000069,90.1558314,91.57004052,88.03451772,91.21648824,92.63069736,228324886,580159213.64,3.3097,-1.5267,1,0
2025-09-18,sz.000069,90.50938368,91.21648824,86.97386088,88.03451772,91.21648824,155976404,394144890.77,2.261,-3.4884,1,0
2025-09-19,sz.000069,88.03451772,89.09517456,84.49899492,88.38807,88.03451772,155502898,381019714.4,2.2541,0.4016,1,0
2025-09-22,sz.000069,87.68096544,97.226877,85.55965176,95.4591156,88.38807,445357156,1199390707.31,6.4558,8.0,1,0
2025-09-23,sz.000069,93.6913542,94.75201104,86.97386088,90.1558314,95.4591156,324683115,827405410.56,4.7065,-5.5556,1,0
2025-09-24,sz.000069,89.80227912,92.98424964,88.74162228,90.50938368,90.1558314,165137181,424912920.86,2.3938,0.3922,1,0
2025-09-25,sz.000069,90.50938368,90.50938368,87.68096544,89.09517456,90.50938368,115170168,290094425.0,1.6695,-1.5625,1,0
2025-09-26,sz.000069,88.74162228,93.33780192,87.68096544,90.1558314,89.09517456,149206534,383444968.4,2.1629,1.1905,1,0
2025-09-29,sz.000069,89.80227912,93.33780192,87.68096544,91.21648824,90.1558314,121222164,308972433.28,1.7572,1.1765,1,0
2025-09-30,sz.000069,91.9235928,94.75201104,90.50938368,93.6913542,91.21648824,138247767,364183026.08,2.004,2.7132,1,0
2025-10-09,sz.000069,93.6913542,94.04490648,89.09517456,90.86293596,93.6913542,135876346,348203381.2,1.9696,-3.0189,1,0
2025-10-10,sz.000069,90.50938368,93.33780192,90.1558314,92.27714508,90.86293596,127538747,330659858.13,1.8488,1.5564,1,0
2025-10-13,sz.000069,89.80227912,91.57004052,88.74162228,90.50938368,92.27714508,87397492,222103927.68,1.2669,-1.9157,1,0
2025-10-14,sz.000069,90.1558314,92.27714508,89.44872684,89.80227912,90.50938368,99844834,257265171.21,1.4473,-0.7813,1,0
2025-10-15,sz.000069,89.80227912,90.86293596,87.68096544,88.38807,89.80227912,93325115,234424545.1,1.3528,-1.5748,1,0
2025-10-16,sz.000069,88.38807,88.74162228,86.6203086,87.32741316,88.38807,68926016,170550786.07,0.9991,-1.2,1,0
2025-10-17,sz.000069,87.32741316,88.74162228,84.49899492,85.20609948,87.32741316,95410031,233182538.02,1.383,-2.4291,1,0
2025-10-20,sz.000069,85.55965176,86.26675632,84.8525472,85.20609948,85.20609948,59602260,144008716.44,0.864,0.0,1,0
2025-10-21,sz.000069,85.55965176,88.03451772,84.8525472,87.32741316,85.20609948,85290396,209392351.8,1.2363,2.4896,1,0
2025-10-22,sz.000069,86.97386088,89.44872684,86.6203086,88.74162228,87.32741316,104476361,261698286.71,1.5145,1.6194,1,0
2025-10-23,sz.000069,89.09517456,89.80227912,86.26675632,88.03451772,88.74162228,77273015,191081210.75,1.1201,-0.7968,1,0
2025-10-24,sz.000069,87.32741316,88.74162228,85.55965176,85.91320404,88.03451772,83904500,205448704.0,1.2163,-2.4096,1,0
2025-10-27,sz.000069,85.91320404,86.26675632,85.20609948,85.55965176,85.91320404,54417900,131666826.0,0.7888,-0.4115,1,0
2025-10-28,sz.000069,85.91320404,85.91320404,84.8525472,85.20609948,85.55965176,38342381,92471829.4,0.5558,-0.4132,1,0
2025-10-29,sz.000069,84.8525472,85.20609948,83.43833808,84.49899492,85.20609948,58119502,138502943.44,0.8425,-0.8299,1,0
2025-10-30,sz.000069,84.49899492,84.8525472,83.79189036,84.14544264,84.49899492,47912603,114134821.14,0.6945,-0.4184,1,0
2025-10-31,sz.000069,84.49899492,85.55965176,83.79189036,84.14544264,84.14544264,65821300,157881844.0,0.9541,0.0,1,0
2025-11-03,sz.000069,84.8525472,86.26675632,83.79189036,84.8525472,84.14544264,66170513,158835522.79,0.9592,0.8403,1,0
2025-11-04,sz.000069,84.8525472,85.20609948,83.79189036,84.14544264,84.8525472,63103500,150853519.0,0.9147,-0.8333,1,0
2025-11-05,sz.000069,84.14544264,86.26675632,83.79189036,85.55965176,84.14544264,81014342,195645347.03,1.1744,1.6807,1,0
2025-11-06,sz.000069,85.91320404,85.91320404,84.49899492,85.20609948,85.55965176,55294872,132832230.44,0.8015,-0.4132,1,0
2025-11-07,sz.000069,84.8525472,86.97386088,84.49899492,85.55965176,85.20609948,59403484,144214171.03,0.8611,0.4149,1,0
2025-11-10,sz.000069,87.68096544,94.04490648,87.68096544,94.04490648,85.55965176,257838368,675506080.04,3.7375,9.9174,1,0
2025-11-11,sz.000069,95.81266788,103.59081804,95.10556332,103.59081804,94.04490648,337048903,972916235.92,4.8858,10.1504,1,0
2025-11-12,sz.000069,102.88371348,103.23726576,98.64108612,99.34819068,103.59081804,467961928,1324551898.6,6.7834,-4.0956,1,0
2025-11-13,sz.000069,98.28753384,100.40884752,96.87332472,99.70174296,99.34819068,282340625,789446878.97,4.0927,0.3559,1,0
2025-11-14,sz.000069,98.9946384,103.23726576,98.28753384,98.64108612,99.70174296,208694887,592954768.37,3.0252,-1.0638,1,0
2025-11-17,sz.000069,98.28753384,102.5301612,97.93398156,100.40884752,98.64108612,176853988,501391629.49,2.5636,1.7921,1,0
2025-11-18,sz.000069,100.7623998,101.11595208,95.10556332,96.16622016,100.40884752,178523513,488774286.97,2.5878,-4.2254,1,0
2025-11-19,sz.000069,96.16622016,97.226877,91.9235928,92.98424964,96.16622016,137034704,363677918.41,1.9864,-3.3088,1,0
2025-11-20,sz.000069,93.6913542,97.226877,91.21648824,95.81266788,92.98424964,213855032,573395839.19,3.1,3.0418,1,0
2025-11-21,sz.000069,94.04490648,99.70174296,93.33780192,94.75201104,95.81266788,224611963,612185008.41,3.2559,-1.107,1,0
2025-11-24,sz.000069,94.75201104,96.87332472,93.6913542,94.04490648,94.75201104,140868656,379033630.36,2.042,-0.7463,1,0
2025-11-25,sz.000069,94.04490648,97.93398156,92.27714508,95.81266788,94.04490648,136085666,367729547.51,1.9727,1.8797,1,0
2025-11-26,sz.000069,95.4591156,96.87332472,94.04490648,94.75201104,95.81266788,85309550,229669836.01,1.2366,-1.107,1,0
2025-11-27,sz.000069,94.04490648,94.75201104,90.1558314,92.98424964,94.75201104,101236602,266769050.22,1.4675,-1.8657,1,0
2025-11-28,sz.000069,92.98424964,94.04490648,90.86293596,94.04490648,92.98424964,77045226,201997750.65,1.1168,1.1407,1,0
2025-12-01,sz.000069,93.6913542,95.10556332,92.98424964,94.04490648,94.04490648,75825329,201243518.05,1.0991,0.0,1,0
2025-12-02,sz.000069,93.6913542,98.9946384,92.27714508,96.16622016,94.04490648,119496832,322418342.66,1.7322,2.2556,1,0
2025-12-03,sz.000069,96.51977244,96.51977244,92.98424964,93.33780192,96.16622016,83899434,223940777.1,1.2162,-2.9412,1,0
2025-12-04,sz.000069,92.98424964,93.6913542,89.09517456,89.80227912,93.33780192,134849900,345205262.0,1.9547,-3.7879,1,0
2025-12-05,sz.000069,89.44872684,90.86293596,88.38807,90.50938368,89.80227912,61709046,156335379.84,0.8945,0.7874,1,0
2025-12-08,sz.000069,90.50938368,91.21648824,89.44872684,90.1558314,90.50938368,58595968,149420481.08,0.8494,-0.3906,1,0
2025-12-09,sz.000069,89.80227912,90.1558314,87.32741316,87.68096544,90.1558314,69338572,172678340.84,1.0051,-2.7451,1,0
2025-12-10,sz.000069,87.32741316,91.57004052,86.97386088,90.1558314,87.68096544,112718501,285528747.64,1.6339,2.8226,1,0
2025-12-11,sz.000069,89.80227912,89.80227912,86.6203086,86.97386088,90.1558314,86162501,214168338.45,1.249,-3.5294,1,0
2025-12-12,sz.000069,87.68096544,88.38807,86.97386088,86.97386088,86.97386088,48427400,119736197.0,0.702,0.0,1,0
2025-12-15,sz.000069,86.6203086,91.57004052,85.91320404,90.86293596,86.97386088,118033515,298474252.71,1.711,4.4715,1,0
2025-12-16,sz.000069,90.1558314,91.21648824,89.09517456,89.80227912,90.86293596,74904032,190998527.04,1.0858,-1.1673,1,0
2025-12-17,sz.000069,89.80227912,91.57004052,88.03451772,90.50938368,89.80227912,80097298,203930729.91,1.1611,0.7874,1,0
2025-12-18,sz.000069,90.1558314,91.57004052,88.74162228,89.09517456,90.50938368,73581898,187085964.85,1.0666,-1.5625,1,0
2025-12-19,sz.000069,89.44872684,97.58042928,89.09517456,94.39845876,89.09517456,206702535,551505767.94,2.9963,5.9524,1,0
2025-12-22,sz.000069,93.6913542,94.39845876,90.50938368,91.21648824,94.39845876,141137472,367099849.19,2.0459,-3.3708,1,0
2025-12-23,sz.000069,90.86293596,91.21648824,88.74162228,89.09517456,91.21648824,88868874,225162183.22,1.2882,-2.3256,1,0
2025-12-24,sz.000069,89.09517456,90.50938368,88.74162228,89.80227912,89.09517456,60114302,152318818.92,0.8714,0.7937,1,0
2025-12-25,sz.000069,90.1558314,93.33780192,89.80227912,91.57004052,89.80227912,97433724,252445952.4,1.4124,1.9685,1,0
2025-12-26,sz.000069,91.57004052,91.57004052,88.38807,89.44872684,91.57004052,126027138,319924922.76,1.8269,-2.3166,1,0
2025-12-29,sz.000069,89.09517456,89.44872684,88.38807,88.74162228,89.44872684,59112454,148477813.0,0.8569,-0.7905,1,0
2025-12-30,sz.000069,88.38807,88.74162228,87.32741316,87.68096544,88.74162228,66678067,165543980.49,0.9665,-1.1952,1,0
2025-12-31,sz.000069,88.03451772,88.38807,86.97386088,87.68096544,87.68096544,71468803,177055383.23,1.036,0.0,1,0
