date,code,open,high,low,close,preclose,volume,amount,turn,pctChg,tradestatus,isST
2021-01-04,sz.002074,178.0726755,188.4414642,176.31448959,184.42919379,176.35957128,89492325,3622822970.63,7.5931,4.5757,1,0
2021-01-05,sz.002074,182.5808445,191.10128391,179.19971775,187.31442195,184.42919379,77864278,3215103974.47,6.6065,1.5644,1,0
2021-01-06,sz.002074,188.48654589,190.65046701,178.65873747,185.78164449,187.31442195,69256538,2818185815.28,5.8761,-0.8183,1,0
2021-01-07,sz.002074,187.5398304,200.79384726,185.82672618,200.1627036,185.78164449,86578810,3698012121.39,7.3459,7.7408,1,0
2021-01-08,sz.002074,202.867605,203.40858528,184.834929,193.80618531,200.1627036,84899337,3594839674.47,7.2034,-3.1757,1,0
2021-01-11,sz.002074,198.58484445,201.37990923,178.88414592,179.10955437,193.80618531,95259278,3959346417.81,8.0824,-7.5832,1,0
2021-01-12,sz.002074,177.26120508,196.1053515,175.63826424,192.36357123,179.10955437,84962813,3527202689.75,7.2087,7.3999,1,0
2021-01-13,sz.002074,189.83899659,195.78977967,173.1136896,176.40465297,192.36357123,94649609,3848204405.81,8.0306,-8.2962,1,0
2021-01-14,sz.002074,175.818591,179.38004451,165.94570089,168.33503046,176.40465297,69210645,2613261331.4,5.8722,-4.5745,1,0
2021-01-15,sz.002074,168.28994877,175.818591,164.95390371,173.06860791,168.33503046,54077951,2043552750.66,4.5883,2.812,1,0
2021-01-18,sz.002074,168.6055206,174.9169572,165.49488399,170.4087882,173.06860791,45928904,1735031906.11,3.8969,-1.5369,1,0
2021-01-19,sz.002074,170.36370651,171.89648397,165.67521075,166.802253,170.4087882,39538095,1475504846.42,3.3546,-2.1164,1,0
2021-01-20,sz.002074,166.57684455,173.97024171,166.57684455,169.9579713,166.802253,48882656,1853021839.08,4.1475,1.8919,1,0
2021-01-21,sz.002074,171.03993186,176.2694079,165.35963892,174.24073185,169.9579713,56771623,2167800249.73,4.8168,2.5199,1,0
2021-01-22,sz.002074,172.25713749,191.05620222,172.12189242,190.28981349,174.24073185,79455383,3219519634.22,6.7415,9.2109,1,0
2021-01-25,sz.002074,186.99885012,204.85119936,186.50295153,194.57257404,190.28981349,94797756,4132803935.24,8.0432,2.2507,1,0
2021-01-26,sz.002074,193.98651207,196.91682192,187.90048392,193.76110362,194.57257404,57945609,2471972867.01,4.9164,-0.4171,1,0
2021-01-27,sz.002074,193.89634869,196.33075995,179.24479944,188.4414642,193.76110362,65661252,2712964087.66,5.5711,-2.7455,1,0
2021-01-28,sz.002074,180.55216845,182.40051774,172.6628727,175.09728396,188.4414642,58794348,2313893133.02,4.9885,-7.0813,1,0
2021-01-29,sz.002074,175.95383607,178.74890085,162.06867555,164.95390371,175.09728396,60095565,2244997872.47,5.0989,-5.793,1,0
2021-02-01,sz.002074,165.81045582,175.63826424,165.81045582,168.69568398,164.95390371,56931075,2159306472.6,4.8304,2.2684,1,0
2021-02-02,sz.002074,168.83092905,174.73663044,166.30635441,171.03993186,168.69568398,44149883,1675914204.22,3.7459,1.3896,1,0
2021-02-03,sz.002074,172.43746425,179.33496282,170.81452341,170.8596051,171.03993186,45557891,1758984021.52,3.8654,-0.1054,1,0
2021-02-04,sz.002074,172.6628727,174.42105861,160.40065302,166.3514361,170.8596051,53949266,1990337152.3,4.5774,-2.6385,1,0
2021-02-05,sz.002074,166.3514361,181.6792107,166.30635441,169.10141919,166.3514361,76592068,2954323306.42,6.4985,1.6531,1,0
2021-02-08,sz.002074,170.90468679,177.35136846,166.802253,174.73663044,169.10141919,44798090,1716440312.9,3.8009,3.3324,1,0
2021-02-09,sz.002074,174.96203889,182.94149802,172.97844453,181.54396563,174.73663044,54242523,2151166095.36,4.6023,3.8958,1,0
2021-02-10,sz.002074,180.28167831,184.834929,174.06040509,182.35543605,181.54396563,58631556,2327316866.2,4.9746,0.447,1,0
2021-02-18,sz.002074,186.1873797,186.54803322,173.65466988,181.81445577,182.35543605,48793087,1939349426.73,4.1399,-0.2967,1,0
2021-02-19,sz.002074,178.34316564,180.10135155,173.97024171,177.93743043,181.81445577,30956260,1214085181.51,2.6265,-2.1324,1,0
2021-02-22,sz.002074,177.1710417,180.59725014,170.76944172,175.09728396,177.93743043,40089181,1563613962.42,3.4014,-1.5961,1,0
2021-02-23,sz.002074,175.77350931,188.30621913,173.1136896,181.58904732,175.09728396,56070716,2259717235.59,4.7574,3.7075,1,0
2021-02-24,sz.002074,183.25706985,194.3020839,183.25706985,185.01525576,181.58904732,73480506,3079715067.61,6.2345,1.8868,1,0
2021-02-25,sz.002074,188.4414642,189.29801631,172.34730087,174.0153234,185.01525576,56187872,2207030644.68,4.7673,-5.9454,1,0
2021-02-26,sz.002074,167.65880511,170.58911496,164.14243329,166.30635441,174.0153234,30831924,1142927209.45,2.616,-4.4301,1,0
2021-03-01,sz.002074,171.22025862,172.75303608,168.1547037,171.22025862,166.30635441,22965108,868467005.96,1.9485,2.9547,1,0
2021-03-02,sz.002074,173.33909805,173.92516002,166.3514361,167.20798821,171.22025862,26181544,986433450.18,2.2214,-2.3433,1,0
2021-03-03,sz.002074,167.20798821,171.26534031,164.23259667,170.31862482,167.20798821,25393558,947268500.04,2.1545,1.8603,1,0
2021-03-04,sz.002074,167.43339666,167.47847835,155.66707557,156.61379106,170.31862482,42767845,1528733292.66,3.6287,-8.0466,1,0
2021-03-05,sz.002074,153.277746,158.91295725,149.13023052,156.02772909,156.61379106,27673594,947912162.83,2.348,-0.3742,1,0
2021-03-08,sz.002074,158.6875488,158.6875488,146.5154925,147.37204461,156.02772909,30921939,1044271360.74,2.6236,-5.5475,1,0
2021-03-09,sz.002074,147.91302489,153.277746,142.50322209,149.04006714,147.37204461,33605235,1104955025.56,2.8513,1.1318,1,0
2021-03-10,sz.002074,153.277746,155.39658543,149.6712108,152.01545868,149.04006714,20552034,694162153.48,1.7438,1.9964,1,0
2021-03-11,sz.002074,153.7285629,166.802253,153.36790938,165.9006192,152.01545868,48336484,1736847912.64,4.1012,9.134,1,0
2021-03-12,sz.002074,166.802253,175.63826424,164.23259667,173.65466988,165.9006192,45096762,1705337462.3,3.8263,4.6739,1,0
2021-03-15,sz.002074,171.7612389,172.43746425,163.10555442,165.9006192,173.65466988,33077301,1223774637.33,2.8065,-4.4652,1,0
2021-03-16,sz.002074,168.01945863,168.96617412,157.785915,159.76950936,165.9006192,27802855,1000660890.4,2.359,-3.6957,1,0
2021-03-17,sz.002074,161.3924502,171.26534031,160.76130654,169.5071544,159.76950936,34266745,1275272849.25,2.9074,6.0948,1,0
2021-03-18,sz.002074,169.73256285,181.81445577,169.64239947,178.5234924,169.5071544,55499345,2190745255.55,4.7089,5.3191,1,0
2021-03-19,sz.002074,175.27761072,179.8759431,170.58911496,172.43746425,178.5234924,39521209,1527519538.67,3.3532,-3.4091,1,0
2021-03-22,sz.002074,172.43746425,178.79398254,168.83092905,177.30628677,172.43746425,36244100,1407069110.04,3.0752,2.8235,1,0
2021-03-23,sz.002074,180.7775769,181.49888394,170.27354313,173.51942481,177.30628677,32289212,1249831628.99,2.7396,-2.1358,1,0
2021-03-24,sz.002074,169.9579713,171.85140228,162.92522766,165.76537413,173.51942481,32670471,1207037204.3,2.772,-4.4687,1,0
2021-03-25,sz.002074,161.30228682,170.81452341,158.95803894,166.57684455,165.76537413,33924236,1233078659.71,2.8783,0.4895,1,0
2021-03-26,sz.002074,166.30635441,171.03993186,164.32276005,169.10141919,166.57684455,23735066,885131939.58,2.0138,1.5156,1,0
2021-03-29,sz.002074,167.92929525,168.01945863,163.51128963,164.72849526,169.10141919,22268057,815843091.58,1.8894,-2.586,1,0
2021-03-30,sz.002074,163.24079949,168.65060229,161.93343048,165.4498023,164.72849526,21801502,802273234.42,1.8498,0.4379,1,0
2021-03-31,sz.002074,165.4498023,167.38831497,159.54410091,162.42932907,165.4498023,19429360,700569031.83,1.6485,-1.8256,1,0
2021-04-01,sz.002074,164.95390371,176.2694079,163.37604456,176.2694079,162.42932907,43762028,1657232457.37,3.713,8.5207,1,0
2021-04-02,sz.002074,174.06040509,178.16283888,172.2120558,176.63006142,176.2694079,28148381,1096863357.71,2.3883,0.2046,1,0
2021-04-06,sz.002074,177.21612339,181.09314873,174.4661403,177.89234874,176.63006142,25395605,1000252931.15,2.1547,0.7147,1,0
2021-04-07,sz.002074,177.1710417,177.1710417,161.93343048,163.6465347,177.89234874,63164489,2328425668.81,5.3592,-8.0081,1,0
2021-04-08,sz.002074,164.50308681,166.62192624,161.66294034,164.32276005,163.6465347,24021880,877073179.27,2.0382,0.4132,1,0
2021-04-09,sz.002074,164.05226991,164.05226991,155.0810136,156.52362768,164.32276005,37515105,1311478284.15,3.183,-4.7462,1,0
2021-04-12,sz.002074,156.8842812,157.60558824,147.68761644,149.08514883,156.52362768,30911152,1035417716.47,2.6227,-4.7523,1,0
2021-04-13,sz.002074,149.13023052,152.33103051,147.01139109,152.01545868,149.08514883,18393392,612951185.09,1.5606,1.9655,1,0
2021-04-14,sz.002074,151.11382488,158.2367319,151.11382488,157.3350981,152.01545868,21345960,735679724.51,1.8111,3.4994,1,0
2021-04-15,sz.002074,154.1793798,155.44166712,149.44580235,152.46627558,157.3350981,19197373,647250227.57,1.6288,-3.0946,1,0
2021-04-16,sz.002074,153.50315445,157.56050655,150.79825305,155.71215726,152.46627558,19431840,665995029.24,1.6487,2.1289,1,0
2021-04-19,sz.002074,142.0073235,155.89248402,142.0073235,154.26954318,155.71215726,53856636,1794336341.31,4.5695,-0.9265,1,0
2021-04-20,sz.002074,153.41299107,161.75310372,153.05233755,156.4334643,154.26954318,32848202,1150662791.92,2.787,1.4027,1,0
2021-04-21,sz.002074,154.44986994,157.60558824,149.80645587,154.6301967,156.4334643,20805889,708846508.75,1.7653,-1.1527,1,0
2021-04-22,sz.002074,156.02772909,157.47034317,150.5728446,152.01545868,154.6301967,22228952,752439702.5,1.886,-1.691,1,0
2021-04-23,sz.002074,152.73676572,158.91295725,151.83513192,155.30642205,152.01545868,26560933,916094336.6,2.2536,2.1649,1,0
2021-04-26,sz.002074,155.5318305,161.30228682,153.45807276,154.1793798,155.30642205,32013350,1120792441.68,2.7162,-0.7257,1,0
2021-04-27,sz.002074,154.1793798,156.4334643,149.89661925,152.42119389,154.1793798,20105067,679920172.89,1.7058,-1.1404,1,0
2021-04-28,sz.002074,154.08921642,158.14656852,151.9252953,154.90068684,152.42119389,25899614,894577333.56,2.1975,1.6267,1,0
2021-04-29,sz.002074,154.1793798,156.4334643,152.87201079,153.32282769,154.90068684,17456587,597549907.17,1.4811,-1.0186,1,0
2021-04-30,sz.002074,153.45807276,160.89655161,151.0236615,156.61379106,153.32282769,32141960,1112587156.69,2.7271,2.1464,1,0
2021-05-06,sz.002074,157.785915,158.2367319,147.05647278,150.79825305,156.61379106,36143390,1211245138.98,3.0666,-3.7133,1,0
2021-05-07,sz.002074,149.89661925,150.5728446,143.76550941,144.48681645,150.79825305,26242247,855695995.35,2.2265,-4.1854,1,0
2021-05-10,sz.002074,144.44173476,145.83926715,141.42126153,144.7122249,144.48681645,16887050,539181162.83,1.4328,0.156,1,0
2021-05-11,sz.002074,142.23273195,144.93763335,140.69995449,143.49501927,144.7122249,17919813,566808945.22,1.5204,-0.8411,1,0
2021-05-12,sz.002074,143.3597742,145.1630418,141.5565066,143.3597742,143.49501927,13156047,418476875.73,1.1162,-0.0943,1,0
2021-05-13,sz.002074,141.19585308,142.05240519,138.8516052,140.2040559,143.3597742,19584366,609034303.04,1.6617,-2.2013,1,0
2021-05-14,sz.002074,139.52783055,143.58518265,137.99505309,143.44993758,140.2040559,18713378,587403236.67,1.5878,2.3151,1,0
2021-05-17,sz.002074,140.06881083,144.93763335,139.97864745,144.75730659,143.44993758,25731043,817005928.25,2.1832,0.9114,1,0
2021-05-18,sz.002074,143.22452913,143.94583617,140.51962773,142.0073235,144.75730659,18212015,574120904.69,1.5452,-1.8997,1,0
2021-05-19,sz.002074,141.5565066,152.69168403,140.42946435,151.29415164,142.0073235,45520434,1511703851.81,3.8622,6.5397,1,0
2021-05-20,sz.002074,148.769577,154.08921642,148.27367841,151.88021361,151.29415164,26512341,896853097.9,2.2495,0.3874,1,0
2021-05-21,sz.002074,152.78184741,153.99905304,149.94170094,153.277746,151.88021361,20568450,693309730.03,1.7451,0.9202,1,0
2021-05-24,sz.002074,153.59331783,153.95397135,149.40072066,151.60972347,153.277746,20468930,687996568.51,1.7367,-1.0882,1,0
2021-05-25,sz.002074,151.0236615,156.38838261,150.5728446,154.08921642,151.60972347,27520877,942108162.48,2.335,1.6354,1,0
2021-05-26,sz.002074,151.4744784,154.40478825,149.94170094,152.55643896,154.08921642,22321087,753377116.63,1.8939,-0.9947,1,0
2021-05-27,sz.002074,151.9252953,157.06460796,150.84333474,156.83919951,152.55643896,28675921,984114368.61,2.433,2.8073,1,0
2021-05-28,sz.002074,156.20805585,162.56457414,155.71215726,159.49901922,156.83919951,39460384,1404599731.12,3.3481,1.6959,1,0
2021-05-31,sz.002074,160.9416333,164.63833188,159.04820232,161.79818541,159.49901922,44101759,1585635720.32,3.7419,1.4415,1,0
2021-06-01,sz.002074,167.11782483,173.5645065,163.28588118,164.63833188,161.79818541,60339561,2246031750.44,5.1196,1.7554,1,0
2021-06-02,sz.002074,163.91702484,168.6055206,160.0399995,161.3924502,164.63833188,38837910,1414495236.4,3.2952,-1.9715,1,0
2021-06-03,sz.002074,160.9416333,163.33096287,157.42526148,159.90475443,161.3924502,25089451,892457017.72,2.1287,-0.9218,1,0
2021-06-04,sz.002074,159.85967274,170.4087882,158.64246711,170.18337975,159.90475443,59522283,2203772707.0,5.0502,6.428,1,0
2021-06-07,sz.002074,170.67927834,174.10548678,169.73256285,171.22025862,170.18337975,43269177,1648627165.18,3.6712,0.6093,1,0
2021-06-08,sz.002074,170.45386989,175.05220227,163.69161639,165.72029244,171.22025862,45368217,1691256991.34,3.8493,-3.2122,1,0
2021-06-09,sz.002074,165.72029244,166.75717131,162.97030935,164.77357695,165.72029244,21761082,795817824.74,1.8463,-0.5713,1,0
2021-06-10,sz.002074,164.45800512,168.38011215,163.6465347,165.81045582,164.77357695,33513302,1236389281.77,2.8435,0.6293,1,0
2021-06-11,sz.002074,164.9989854,166.57684455,159.90475443,162.294084,165.81045582,33093794,1191460811.79,2.8079,-2.1207,1,0
2021-06-15,sz.002074,164.77357695,165.67521075,158.14656852,159.67934598,162.294084,25340554,902497402.44,2.15,-1.6111,1,0
2021-06-16,sz.002074,159.5891826,159.5891826,149.6712108,150.61792629,159.67934598,32444249,1103102909.98,2.7528,-5.6748,1,0
2021-06-17,sz.002074,150.1220277,153.7285629,149.80645587,151.51956009,150.61792629,19291953,649623902.67,1.6368,0.5986,1,0
2021-06-18,sz.002074,151.0236615,153.90888966,149.31055728,152.96217417,151.51956009,26814069,902098035.73,2.2751,0.9521,1,0
2021-06-21,sz.002074,153.00725586,156.20805585,150.30235446,154.35970656,152.96217417,27573267,939111076.99,2.3395,0.9136,1,0
2021-06-22,sz.002074,154.35970656,163.69161639,152.06054037,162.38424738,154.35970656,43942658,1543353111.77,3.7284,5.1986,1,0
2021-06-23,sz.002074,160.76130654,171.13009524,160.22032626,167.97437694,162.38424738,53397548,1981953694.68,4.5306,3.4425,1,0
2021-06-24,sz.002074,169.0563375,174.0153234,165.35963892,170.00305299,167.97437694,48095258,1818193052.68,4.0807,1.2077,1,0
2021-06-25,sz.002074,170.54403327,173.60958819,168.87601074,171.58091214,170.00305299,38808550,1472659854.78,3.2927,0.9281,1,0
2021-06-28,sz.002074,175.818591,188.75703603,175.818591,188.75703603,171.58091214,102849878,4226160552.6,8.7264,10.0105,1,0
2021-06-29,sz.002074,193.94143038,195.2037177,186.36770646,188.48654589,188.75703603,73849739,3120113692.06,6.2658,-0.1433,1,0
2021-06-30,sz.002074,188.8922811,200.1627036,184.24886703,196.37584164,188.48654589,69889376,2991892395.79,5.9298,4.1856,1,0
2021-07-01,sz.002074,194.79798249,196.78157685,187.9906473,188.17097406,196.37584164,50413151,2145781977.13,4.2773,-4.1781,1,0
2021-07-02,sz.002074,191.91275433,195.78977967,188.48654589,190.78571208,188.17097406,49075365,2089740441.74,4.1638,1.3896,1,0
2021-07-05,sz.002074,192.76930644,199.08074304,188.08081068,193.31028672,190.78571208,52755783,2253061633.0,4.4761,1.3233,1,0
2021-07-06,sz.002074,194.21192052,205.30201626,189.25293462,193.851267,193.31028672,76448674,3332176276.68,6.4864,0.2799,1,0
2021-07-07,sz.002074,196.37584164,213.2363937,194.03159376,213.2363937,193.851267,54507214,2501553837.7,4.6247,10.0,1,0
2021-07-08,sz.002074,220.17897396,221.21585283,210.44132892,212.60525004,213.2363937,88638507,4224997062.75,7.5206,-0.296,1,0
2021-07-09,sz.002074,210.9823092,223.10928381,206.4741402,219.32242185,212.60525004,83718923,4036006238.44,7.1032,3.1595,1,0
2021-07-12,sz.002074,223.37977395,227.97810633,215.9412951,220.08881058,219.32242185,78917145,3878492915.59,6.6958,0.3494,1,0
2021-07-13,sz.002074,224.5068162,242.0886753,223.46993733,238.70754855,220.08881058,110278135,5742033278.91,9.3566,8.4596,1,0
2021-07-14,sz.002074,251.82632034,262.60084425,238.932957,252.9082809,238.70754855,169736656,9594678355.43,14.4015,5.949,1,0
2021-07-15,sz.002074,246.95749782,259.6705344,235.55183025,252.0066471,252.9082809,121328925,6684374681.4,10.2943,-0.3565,1,0
2021-07-16,sz.002074,247.90421331,248.62552035,236.00264715,238.84279362,252.0066471,74481815,4010380887.2,6.3195,-5.2236,1,0
2021-07-19,sz.002074,241.09687812,248.98617387,234.96576828,235.50674856,238.84279362,72368379,3877288815.69,6.1402,-1.3968,1,0
2021-07-20,sz.002074,235.01084997,254.93695695,234.8756049,251.42058513,235.50674856,79799522,4380136628.68,6.7707,6.7573,1,0
2021-07-21,sz.002074,256.0639992,262.51068087,248.4001119,259.76069778,251.42058513,77207069,4382843091.02,6.5507,3.3172,1,0
2021-07-22,sz.002074,259.58037102,261.473802,249.3017457,257.32628652,259.76069778,66397408,3749063162.33,5.6335,-0.9372,1,0
2021-07-23,sz.002074,259.17463581,272.51881605,254.93695695,269.90407803,257.32628652,75661032,4466971921.8,6.4195,4.8879,1,0
2021-07-26,sz.002074,265.30574565,269.1376893,243.441126,253.08860766,269.90407803,82921333,4700802155.15,7.0355,-6.2302,1,0
2021-07-27,sz.002074,253.76483301,257.95743018,231.7198866,232.21578519,253.08860766,87836964,4799964928.24,7.4526,-8.2472,1,0
2021-07-28,sz.002074,227.6625345,236.00264715,218.60111481,226.03959366,232.21578519,81044024,4094983243.25,6.8763,-2.6597,1,0
2021-07-29,sz.002074,235.37150349,245.06406684,232.39611195,242.85506403,226.03959366,61053284,3242611294.37,5.1801,7.4392,1,0
2021-07-30,sz.002074,241.6378584,254.39597667,240.55589784,246.32635416,242.85506403,67070580,3667854555.44,5.6907,1.4294,1,0
2021-08-02,sz.002074,254.98203864,259.26479919,238.84279362,247.58864148,246.32635416,72217716,3993249620.13,6.1274,0.5124,1,0
2021-08-03,sz.002074,246.28127247,246.55176261,231.44939646,233.92888941,247.58864148,65325260,3419300865.68,5.5426,-5.5171,1,0
2021-08-04,sz.002074,234.46986969,257.32628652,232.1707035,257.32628652,233.92888941,86124653,4756866815.91,7.3073,10.0019,1,0
2021-08-05,sz.002074,274.998309,283.06793151,270.76063014,283.06793151,257.32628652,97919735,6101199540.63,8.3081,10.0035,1,0
2021-08-06,sz.002074,293.030985,297.44899062,283.47366672,287.84659065,283.06793151,114036895,7347805843.99,9.6756,1.6882,1,0
2021-08-09,sz.002074,283.5638301,283.60891179,264.53935692,275.67453435,287.84659065,78281763,4741873086.81,6.6419,-4.2287,1,0
2021-08-10,sz.002074,275.4491259,280.4081118,256.965633,262.8262527,275.67453435,84356405,5003695019.19,7.1573,-4.6607,1,0
2021-08-11,sz.002074,263.90821326,271.75242732,260.1213513,267.42458508,262.8262527,67015913,3952278221.53,5.686,1.7496,1,0
2021-08-12,sz.002074,265.62131748,267.10901325,255.11728371,263.18690622,267.42458508,58039770,3365264073.3,4.9244,-1.5846,1,0
2021-08-13,sz.002074,256.0639992,270.0393231,254.75663019,256.33448934,263.18690622,59881380,3459862303.88,5.0807,-2.6036,1,0
2021-08-16,sz.002074,248.8509288,253.26893442,238.0313232,239.20344714,256.33448934,69278647,3730732121.03,5.878,-6.6831,1,0
2021-08-17,sz.002074,241.6378584,244.02718797,230.3674359,233.0723373,239.20344714,51439613,2703149719.22,4.3644,-2.5631,1,0
2021-08-18,sz.002074,235.68707532,240.05999925,228.5641683,231.76496829,233.0723373,43061764,2233378455.91,3.6536,-0.5609,1,0
2021-08-19,sz.002074,232.1707035,244.74849501,229.60104717,239.65426404,231.76496829,52137465,2748758273.99,4.4236,3.404,1,0
2021-08-20,sz.002074,236.45346405,243.39604431,233.20758237,238.88787531,239.65426404,41712142,2196075325.74,3.5391,-0.3198,1,0
2021-08-23,sz.002074,238.4821401,238.79771193,228.1133514,234.33462462,238.88787531,62036919,3227439609.76,5.2636,-1.906,1,0
2021-08-24,sz.002074,235.37150349,247.27306965,229.916619,239.60918235,234.33462462,70268699,3744945532.68,5.962,2.2509,1,0
2021-08-25,sz.002074,239.3837739,241.41244995,232.6215204,237.80591475,239.60918235,36659951,1924944794.5,3.1104,-0.7526,1,0
2021-08-26,sz.002074,237.1296894,241.59277671,225.8592669,227.07647253,237.80591475,52775401,2714615597.92,4.4778,-4.5118,1,0
2021-08-27,sz.002074,225.40845,246.5968443,222.7035486,241.27720488,227.07647253,75931020,3978107858.11,6.4424,6.2537,1,0
2021-08-30,sz.002074,233.0723373,258.58857384,231.99037674,255.1623654,241.27720488,94088414,5173965902.11,7.9837,5.7549,1,0
2021-08-31,sz.002074,252.457464,254.7115485,241.45753164,242.31408375,255.1623654,65212333,3561417136.5,5.5335,-5.0353,1,0
2021-09-01,sz.002074,241.09687812,244.7935767,220.94536269,225.40845,242.31408375,65158664,3337671032.59,5.5289,-6.9767,1,0
2021-09-02,sz.002074,225.36336831,247.63372317,223.42485564,241.45753164,225.40845,68181108,3598128072.44,5.7854,7.12,1,0
2021-09-03,sz.002074,243.441126,247.45339641,229.37563872,234.78544152,241.45753164,49190658,2586509302.83,4.174,-2.7633,1,0
2021-09-06,sz.002074,232.57643871,244.3427598,225.76910352,242.76490065,234.78544152,49236542,2562867855.96,4.1779,3.3986,1,0
2021-09-07,sz.002074,243.93702459,261.83445552,240.15016263,252.95336259,242.76490065,76201376,4272837402.57,6.4659,4.1968,1,0
2021-09-08,sz.002074,254.2607316,258.36316539,247.4984781,251.01484992,252.95336259,49209489,2754336864.97,4.1756,-0.7664,1,0
2021-09-09,sz.002074,252.457464,263.59264143,247.949295,261.0229851,251.01484992,65014559,3719061507.33,5.5167,3.9871,1,0
2021-09-10,sz.002074,260.5721682,264.35903016,252.23205555,263.32215129,261.0229851,55898178,3208886437.33,4.7431,0.8808,1,0
2021-09-13,sz.002074,265.5311541,267.06393156,252.77303583,253.22385273,263.32215129,50541179,2874591013.28,4.2886,-3.835,1,0
2021-09-14,sz.002074,257.77710342,264.94509213,247.949295,256.10908089,253.22385273,58855730,3361744958.8,4.9941,1.1394,1,0
2021-09-15,sz.002074,256.965633,264.44919354,251.78123865,261.33855693,256.10908089,48255905,2782161053.25,4.0947,2.0419,1,0
2021-09-16,sz.002074,261.74429214,261.83445552,238.97803869,241.23212319,261.33855693,62382555,3433138695.92,5.2933,-7.6936,1,0
2021-09-17,sz.002074,240.96163305,244.07226966,226.17483873,234.37970631,241.23212319,46262812,2402182335.42,3.9255,-2.8406,1,0
2021-09-22,sz.002074,229.0149852,235.91248377,228.15843309,230.27727252,234.37970631,25080982,1283188743.84,2.1282,-1.7503,1,0
2021-09-23,sz.002074,230.8182528,236.99444433,230.8182528,232.1707035,230.27727252,23792346,1232429175.85,2.0188,0.8222,1,0
2021-09-24,sz.002074,234.24446124,241.1870415,227.93302464,233.25266406,232.1707035,29875643,1555812703.4,2.535,0.466,1,0
2021-09-27,sz.002074,233.25266406,238.70754855,214.1380275,218.6461965,233.25266406,48405622,2393028513.14,4.1074,-6.2621,1,0
2021-09-28,sz.002074,217.96997115,221.30601621,214.54376271,215.0396613,218.6461965,23181938,1118785392.21,1.9671,-1.6495,1,0
2021-09-29,sz.002074,212.83065849,216.21178524,202.867605,206.0233233,215.0396613,36006206,1667873822.75,3.0552,-4.1929,1,0
2021-09-30,sz.002074,209.6298585,217.51915425,207.46593738,214.09294581,206.0233233,35645048,1689682911.23,3.0246,3.9168,1,0
2021-10-08,sz.002074,218.91668664,219.00685002,206.9249571,208.41265287,214.09294581,25131131,1176385026.38,2.1324,-2.6532,1,0
2021-10-11,sz.002074,208.41265287,214.54376271,204.44546415,208.50281625,208.41265287,19321676,899602980.78,1.6395,0.0433,1,0
2021-10-12,sz.002074,210.5314923,211.65853455,201.42499092,205.61758809,208.50281625,23765714,1089452230.65,2.0166,-1.3838,1,0
2021-10-13,sz.002074,205.66266978,212.92082187,205.66266978,212.92082187,205.61758809,23529924,1101902638.95,1.9966,3.5519,1,0
2021-10-14,sz.002074,210.39624723,220.81011762,209.6298585,217.15850073,212.92082187,24288916,1162521508.27,2.061,1.9903,1,0
2021-10-15,sz.002074,216.34703031,226.17483873,212.74049511,223.6051824,217.15850073,34166814,1679955023.48,2.8992,2.9687,1,0
2021-10-18,sz.002074,222.16256832,233.88380772,221.3510979,229.96170069,223.6051824,35666520,1812691734.97,3.0264,2.8427,1,0
2021-10-19,sz.002074,236.2280556,240.05999925,231.04366125,234.19937955,229.96170069,37650193,1964632498.19,3.1947,1.8428,1,0
2021-10-20,sz.002074,233.0723373,240.10508094,232.30594857,233.74856265,234.19937955,36743751,1932232012.89,3.1178,-0.1925,1,0
2021-10-21,sz.002074,233.88380772,242.31408375,233.56823589,238.0313232,233.74856265,32639516,1723337415.44,2.7696,1.8322,1,0
2021-10-22,sz.002074,238.16656827,241.09687812,234.69527814,237.80591475,238.0313232,24592460,1297177493.19,2.0867,-0.0947,1,0
2021-10-25,sz.002074,240.19524432,261.60904707,238.932957,261.60904707,237.80591475,67677718,3807179915.22,5.7426,10.0095,1,0
2021-10-26,sz.002074,270.49014,274.45732872,257.19104145,258.49841046,261.60904707,82358437,4849533116.04,6.9883,-1.189,1,0
2021-10-27,sz.002074,260.84265834,271.93275408,257.4164499,267.37950339,258.49841046,59957166,3544539764.08,5.0875,3.4356,1,0
2021-10-28,sz.002074,268.2360555,272.51881605,257.73202173,260.07626961,267.37950339,47548657,2792111009.87,4.0346,-2.7314,1,0
2021-10-29,sz.002074,259.89594285,266.70327804,247.00257951,265.5311541,260.07626961,66532987,3816340330.32,5.6455,2.0974,1,0
2021-11-01,sz.002074,266.02705269,271.75242732,259.30988088,265.981971,265.5311541,46363686,2744708629.71,3.9341,0.1698,1,0
2021-11-02,sz.002074,265.44099072,276.3507597,264.31394847,269.36309775,265.981971,53118017,3194644254.62,4.5072,1.2712,1,0
2021-11-03,sz.002074,269.5885062,278.37943575,262.60084425,273.6458583,269.36309775,51903661,3114047003.38,4.4042,1.59,1,0
2021-11-04,sz.002074,274.18683858,276.66633153,267.37950339,270.44505831,273.6458583,37846164,2281068489.56,3.2114,-1.1697,1,0
2021-11-05,sz.002074,269.85899634,273.01471464,258.72381891,264.1787034,270.44505831,46528592,2743365823.83,3.9481,-2.3171,1,0
2021-11-08,sz.002074,260.07626961,273.55569492,258.49841046,271.88767239,264.1787034,41820891,2500973809.48,3.5486,2.9181,1,0
2021-11-09,sz.002074,272.65406112,279.28106955,269.1376893,269.81391465,271.88767239,34739898,2104621314.95,2.9478,-0.7627,1,0
2021-11-10,sz.002074,265.981971,271.3917738,259.26479919,265.44099072,269.81391465,34174966,2000956564.2,2.8998,-1.6207,1,0
2021-11-11,sz.002074,265.0803372,269.09260761,261.9246189,266.56803297,265.44099072,28664119,1687937178.5,2.4322,0.4246,1,0
2021-11-12,sz.002074,269.94915972,292.1293512,269.04752592,288.0719991,266.56803297,63353253,3978766768.12,5.3757,8.067,1,0
2021-11-15,sz.002074,288.16216248,290.7769005,259.26479919,259.26479919,288.0719991,77315052,4573599488.66,6.5604,-10.0,1,0
2021-11-16,sz.002074,256.965633,265.44099072,247.27306965,262.55576256,259.26479919,58996070,3350602848.86,5.006,1.2693,1,0
2021-11-17,sz.002074,260.30167806,266.92868649,256.965633,261.24839355,262.55576256,38078545,2222738773.64,3.2311,-0.4979,1,0
2021-11-18,sz.002074,264.13362171,267.10901325,258.09267525,263.81804988,261.24839355,27160270,1587932023.61,2.3046,0.9836,1,0
2021-11-19,sz.002074,263.7278865,278.6048442,261.51888369,273.1950414,263.81804988,43797706,2646932297.09,3.7164,3.5543,1,0
2021-11-22,sz.002074,273.55569492,285.99824136,270.76063014,283.15809489,273.1950414,51389993,3178675111.73,4.3606,3.6469,1,0
2021-11-23,sz.002074,284.82611742,297.67439907,281.12941884,281.12941884,283.15809489,51716525,3295380913.82,4.3883,-0.7164,1,0
2021-11-24,sz.002074,283.1130132,287.71134558,274.5474921,275.40404421,281.12941884,36287110,2252193432.82,3.0791,-2.0366,1,0
2021-11-25,sz.002074,275.8999428,280.99417377,272.2934076,275.85486111,275.40404421,29977539,1835114718.71,2.5437,0.1637,1,0
2021-11-26,sz.002074,279.0556611,297.539154,277.02698505,288.20724417,275.85486111,56399559,3617847304.24,4.7857,4.4779,1,0
2021-11-29,sz.002074,282.07613433,295.19490612,277.61304702,280.99417377,288.20724417,55791336,3520073981.66,4.7341,-2.5027,1,0
2021-11-30,sz.002074,280.8589287,300.2440554,280.4081118,299.88340188,280.99417377,69841967,4560483073.13,5.9263,6.7223,1,0
2021-12-01,sz.002074,295.2850695,300.01864695,274.5474921,285.18677094,299.88340188,77331314,4883932129.52,6.5618,-4.9008,1,0
2021-12-02,sz.002074,284.14989207,287.84659065,278.24419068,282.6621963,285.18677094,35389947,2226389979.23,3.0029,-0.8852,1,0
2021-12-03,sz.002074,285.77283291,294.8342526,280.99417377,284.014647,282.6621963,36806432,2343737041.82,3.1231,0.4785,1,0
2021-12-06,sz.002074,278.46959913,283.1130132,270.30981324,270.35489493,284.014647,44275005,2713439569.85,3.7569,-4.8095,1,0
2021-12-07,sz.002074,270.71554845,272.69914281,256.37957103,256.965633,270.35489493,52391773,3034807941.61,4.4456,-4.9525,1,0
2021-12-08,sz.002074,260.97790341,266.07213438,260.48200482,261.78937383,256.965633,27250759,1589155602.77,2.3123,1.8772,1,0
2021-12-09,sz.002074,261.83445552,264.1787034,255.92875413,256.74022455,261.78937383,31209839,1794170273.28,2.6482,-1.9287,1,0
2021-12-10,sz.002074,255.79350906,273.10487802,252.50254569,270.98603859,256.74022455,57545440,3380074651.12,4.8829,5.5487,1,0
2021-12-13,sz.002074,270.39997662,280.31794842,263.99837664,273.28520478,270.98603859,40400805,2451831561.87,3.4281,0.8484,1,0
2021-12-14,sz.002074,273.42044985,280.54335687,267.96556536,269.72375127,273.28520478,28866045,1740125198.4,2.4494,-1.3032,1,0
2021-12-15,sz.002074,269.81391465,273.96143013,262.96149777,264.49427523,269.72375127,25574818,1519593751.71,2.1701,-1.9388,1,0
2021-12-16,sz.002074,266.61311466,267.10901325,256.78530624,259.71561609,264.49427523,27291368,1573236582.57,2.3158,-1.8067,1,0
2021-12-17,sz.002074,259.6705344,260.1213513,253.8099147,254.39597667,259.71561609,20441485,1160452203.78,1.7345,-2.0483,1,0
2021-12-20,sz.002074,260.84265834,265.12541889,241.23212319,241.77310347,254.39597667,44291617,2455466390.76,3.7583,-4.9619,1,0
2021-12-21,sz.002074,246.50668092,249.61731753,241.90834854,247.27306965,241.77310347,25614991,1399630505.04,2.1735,2.2748,1,0
2021-12-22,sz.002074,250.92468654,264.40411185,249.57223584,262.33035411,247.27306965,42295350,2415742500.06,3.5889,6.0893,1,0
2021-12-23,sz.002074,265.981971,272.83438788,260.1213513,261.15823017,262.33035411,37756657,2222352253.67,3.2038,-0.4468,1,0
2021-12-24,sz.002074,260.03118792,260.1213513,240.42065277,244.43292318,261.15823017,45009559,2459616879.57,3.8192,-6.4043,1,0
2021-12-27,sz.002074,241.1870415,244.29767811,233.43299082,235.3264218,244.43292318,27825489,1468119922.97,2.3611,-3.7256,1,0
2021-12-28,sz.002074,236.6788725,243.48620769,232.6215204,242.0886753,235.3264218,29006970,1528768759.88,2.4613,2.8736,1,0
2021-12-29,sz.002074,239.60918235,241.05179643,233.5231542,233.5231542,242.0886753,25619532,1340973042.01,2.1739,-3.5382,1,0
2021-12-30,sz.002074,238.932957,238.932957,230.68300773,232.03545843,233.5231542,25304021,1312776058.47,2.1471,-0.6371,1,0
2021-12-31,sz.002074,232.57643871,235.55183025,227.25679929,231.04366125,232.03545843,24990849,1277756453.3,2.1205,-0.4274,1,0
2022-01-04,sz.002074,235.10101335,236.6788725,216.392112,217.87980777,231.04366125,46229660,2273908093.78,3.9227,-5.6976,1,0
2022-01-05,sz.002074,218.6461965,218.6461965,209.08887822,209.44953174,217.87980777,33574447,1576300918.34,2.8489,-3.8692,1,0
2022-01-06,sz.002074,209.49461343,213.32655708,206.60938527,210.66673737,209.44953174,28844578,1342530024.02,2.4475,0.5811,1,0
2022-01-07,sz.002074,209.40445005,211.34296272,203.04793176,203.27334021,210.66673737,28799605,1313961017.06,2.4437,-3.5095,1,0
2022-01-10,sz.002074,203.22825852,205.5725064,197.72829234,201.60531768,203.27334021,22474099,1007659370.95,1.907,-0.8206,1,0
2022-01-11,sz.002074,202.68727824,203.99464725,196.96190361,197.72829234,201.60531768,22205545,986646482.58,1.8842,-1.9231,1,0
2022-01-12,sz.002074,202.867605,204.49054584,198.76517121,204.03972894,197.72829234,29016555,1303113459.84,2.4621,3.192,1,0
2022-01-13,sz.002074,204.2200557,205.1216895,198.13402755,199.35123318,204.03972894,21724311,970164229.09,1.8434,-2.2978,1,0
2022-01-14,sz.002074,197.9086191,208.99871484,197.18731206,205.70775147,199.35123318,40309730,1828565097.9,3.4204,3.1886,1,0
2022-01-17,sz.002074,206.69954865,211.70361624,204.2200557,207.78150921,205.70775147,27821080,1282911966.51,2.3607,1.0081,1,0
2022-01-18,sz.002074,206.74463034,208.50281625,204.31021908,206.24873175,207.78150921,18012107,823031560.45,1.5284,-0.7377,1,0
2022-01-19,sz.002074,206.0233233,206.0233233,196.15043319,197.50288389,206.24873175,26380606,1166403834.05,2.2385,-4.2404,1,0
2022-01-20,sz.002074,196.15043319,199.66680501,192.0479994,194.97830925,197.50288389,21937106,951612108.1,1.8614,-1.2782,1,0
2022-01-21,sz.002074,194.3020839,197.4578022,190.78571208,191.91275433,194.97830925,16953368,728050748.71,1.4385,-1.5723,1,0
2022-01-24,sz.002074,189.88407828,198.49468107,189.47834307,196.37584164,191.91275433,20546447,888536523.53,1.7434,2.3256,1,0
2022-01-25,sz.002074,193.98651207,197.41272051,186.99885012,187.40458533,196.37584164,17645421,749903235.2,1.4973,-4.5684,1,0
2022-01-26,sz.002074,189.16277124,191.01112053,184.20378534,189.97424166,187.40458533,19186388,801513812.77,1.628,1.3712,1,0
2022-01-27,sz.002074,189.7939149,192.0479994,183.9332952,184.20378534,189.97424166,18001141,747794782.47,1.5274,-3.0375,1,0
2022-01-28,sz.002074,184.97017407,187.31442195,177.66694029,180.32676,184.20378534,20272771,819244665.34,1.7202,-2.1047,1,0
2022-02-07,sz.002074,184.60952055,188.53162758,180.32676,182.53576281,180.32676,18872257,770246340.0,1.6014,1.225,1,0
2022-02-08,sz.002074,182.71608957,183.25706985,174.9169572,181.04806704,182.53576281,18502052,732620946.2,1.57,-0.815,1,0
2022-02-09,sz.002074,181.27347549,187.5398304,178.11775719,185.96197125,181.04806704,20571624,838175126.74,1.7456,2.7141,1,0
2022-02-10,sz.002074,185.91688956,186.41278815,176.99071494,179.19971775,185.96197125,22022243,880600957.87,1.8687,-3.6364,1,0
2022-02-11,sz.002074,177.84726705,186.1873797,174.55630368,176.53989804,179.19971775,22951141,917090721.37,1.9475,-1.4843,1,0
2022-02-14,sz.002074,175.818591,182.98657971,173.5645065,177.71202198,176.53989804,18842383,747778800.96,1.5988,0.6639,1,0
2022-02-15,sz.002074,178.56857409,184.69968393,176.58497973,183.0316614,177.71202198,23857468,964691948.92,2.0244,2.9934,1,0
2022-02-16,sz.002074,184.74476562,187.76523885,180.32676,181.94970084,183.0316614,23294615,951711895.65,1.9766,-0.5911,1,0
2022-02-17,sz.002074,181.94970084,188.75703603,180.55216845,186.45786984,181.94970084,29855347,1231839288.83,2.5333,2.4777,1,0
2022-02-18,sz.002074,184.47427548,185.87180787,180.91282197,182.08494591,186.45786984,23052850,933485213.27,1.9561,-2.3453,1,0
2022-02-21,sz.002074,181.85953746,184.15870365,180.86774028,183.70788675,182.08494591,13393264,542276941.33,1.1365,0.8913,1,0
2022-02-22,sz.002074,182.67100788,186.41278815,179.4251262,186.32262477,183.70788675,26313917,1070996797.47,2.2328,1.4233,1,0
2022-02-23,sz.002074,187.13409519,195.87994305,185.7365628,193.53569517,186.32262477,32624238,1390757192.63,2.7683,3.8713,1,0
2022-02-24,sz.002074,191.1463656,197.27747544,186.41278815,190.51522194,193.53569517,36779015,1569161106.73,3.1208,-1.5607,1,0
2022-02-25,sz.002074,194.25700221,196.06026981,192.0479994,193.26520503,190.51522194,23929598,1029517096.93,2.0305,1.4434,1,0
2022-02-28,sz.002074,191.5971825,195.60945291,190.60538532,194.21192052,193.26520503,20670999,884152256.0,1.754,0.4899,1,0
2022-03-01,sz.002074,194.79798249,195.97010643,187.94556561,189.88407828,194.21192052,23287744,987393856.0,1.976,-2.2284,1,0
2022-03-02,sz.002074,188.26113744,189.65866983,185.60131773,185.82672618,189.88407828,19681878,815154080.0,1.6701,-2.1368,1,0
2022-03-03,sz.002074,187.40458533,187.72015716,179.19971775,179.51528958,185.82672618,27420317,1106439792.0,2.3267,-3.3964,1,0
2022-03-04,sz.002074,177.57677691,180.55216845,170.4087882,171.13009524,179.51528958,31485638,1217018432.0,2.6716,-4.671,1,0
2022-03-07,sz.002074,168.56043891,170.09321637,161.66294034,162.78998259,171.13009524,28757032,1051766368.0,2.4401,-4.8736,1,0
2022-03-08,sz.002074,161.48261358,164.45800512,153.277746,155.44166712,162.78998259,33846675,1187491056.0,2.872,-4.514,1,0
2022-03-09,sz.002074,156.8842812,157.42526148,145.65894039,153.23266431,155.44166712,32497138,1097084128.0,2.7575,-1.4211,1,0
2022-03-10,sz.002074,158.73263049,163.01539104,156.79411782,161.93343048,153.23266431,36894280,1310496064.0,3.1306,5.6781,1,0
2022-03-11,sz.002074,158.2367319,162.20392062,155.9826474,160.4908164,161.93343048,27229271,961590592.0,2.3105,-0.8909,1,0
2022-03-14,sz.002074,157.96624176,159.67934598,155.62199388,155.71215726,160.4908164,20292327,707670784.0,1.7219,-2.9775,1,0
2022-03-15,sz.002074,154.54003332,159.04820232,150.1220277,150.1220277,155.71215726,25349335,869296928.0,2.151,-3.59,1,0
2022-03-16,sz.002074,155.57691219,161.3924502,148.22859672,160.71622485,150.1220277,38728496,1340691376.0,3.2862,7.0571,1,0
2022-03-17,sz.002074,165.9006192,167.34323328,160.53589809,161.30228682,160.71622485,42567605,1548973648.0,3.612,0.3647,1,0
2022-03-18,sz.002074,161.3924502,164.41292343,158.01132345,163.10555442,161.30228682,24874223,886715850.13,2.1106,1.1179,1,0
2022-03-21,sz.002074,166.71208962,170.49895158,164.00718822,165.26947554,163.10555442,40819415,1514552873.98,3.4636,1.3267,1,0
2022-03-22,sz.002074,164.14243329,168.28994877,162.83506428,165.58504737,165.26947554,20778437,764491188.71,1.7631,0.1909,1,0
2022-03-23,sz.002074,168.56043891,168.96617412,163.01539104,164.68341357,165.58504737,18679322,685433292.22,1.585,-0.5445,1,0
2022-03-24,sz.002074,162.33916569,166.17110934,161.3924502,163.6465347,164.68341357,19946458,724173778.31,1.6925,-0.6296,1,0
2022-03-25,sz.002074,164.5481685,164.5481685,159.1383657,159.94983612,163.6465347,16769442,600075543.79,1.4229,-2.259,1,0
2022-03-28,sz.002074,159.49901922,159.81459105,154.1793798,155.5318305,159.94983612,19967003,692593251.17,1.6943,-2.7621,1,0
2022-03-29,sz.002074,155.9826474,161.61785865,154.1793798,155.26134036,155.5318305,24431188,853763142.38,2.0731,-0.1739,1,0
2022-03-30,sz.002074,156.4334643,162.20392062,155.5318305,161.57277696,155.26134036,26355664,938318684.48,2.2364,4.065,1,0
2022-03-31,sz.002074,161.61785865,161.61785865,154.85560515,155.12609529,161.57277696,24658365,856839516.65,2.0923,-3.99,1,0
2022-04-01,sz.002074,153.277746,158.95803894,153.277746,156.07281078,155.12609529,15711916,545191139.81,1.3332,0.6103,1,0
2022-04-06,sz.002074,157.15477134,157.24493472,151.79005023,152.91709248,156.07281078,17141049,580984044.34,1.4545,-2.022,1,0
2022-04-07,sz.002074,152.15070375,152.78184741,148.00318827,148.54416855,152.91709248,16008480,532288927.52,1.3584,-2.8597,1,0
2022-04-08,sz.002074,148.36384179,149.58104742,142.59338547,144.62206152,148.54416855,20635825,665401350.87,1.751,-2.6404,1,0
2022-04-11,sz.002074,142.18765026,142.27781364,133.21639395,133.35163902,144.62206152,33590850,1013546555.89,2.8503,-7.793,1,0
2022-04-12,sz.002074,133.4418024,135.65080521,132.67541367,134.70408972,133.35163902,17653021,526092825.08,1.4979,1.0142,1,0
2022-04-13,sz.002074,133.53196578,136.10162211,131.99918832,131.99918832,134.70408972,15080373,447704706.32,1.2796,-2.008,1,0
2022-04-14,sz.002074,133.84753761,134.3434362,129.8352672,131.14263621,131.99918832,16338482,477519852.83,1.3864,-0.6489,1,0
2022-04-15,sz.002074,129.15904185,130.2860841,124.78611792,128.75330664,131.14263621,22146306,625534548.42,1.8792,-1.8219,1,0
2022-04-18,sz.002074,126.63446721,130.2860841,125.68775172,129.97051227,128.75330664,13569440,386140807.51,1.1514,0.9454,1,0
2022-04-19,sz.002074,129.70002213,133.4418024,129.24920523,130.24100241,129.97051227,16291188,472600497.09,1.3824,0.2081,1,0
2022-04-20,sz.002074,129.74510382,130.51149255,126.18365031,126.228732,130.24100241,13021223,369547608.13,1.1049,-3.0807,1,0
2022-04-21,sz.002074,127.53610101,128.79838833,120.8189292,121.31482779,126.228732,19388040,534457568.54,1.6451,-3.8929,1,0
2022-04-22,sz.002074,121.63039962,122.35170666,118.83533484,118.88041653,121.31482779,15579470,415727861.74,1.322,-2.0067,1,0
2022-04-25,sz.002074,117.212394,118.1140278,106.97885037,106.97885037,118.88041653,34196173,842706947.85,2.9016,-10.0114,1,0
2022-04-26,sz.002074,106.75344192,107.47474896,102.20019123,103.46247855,106.97885037,33084086,768498604.1,2.8073,-3.287,1,0
2022-04-27,sz.002074,103.687887,113.83126725,102.24527292,113.83126725,103.46247855,40550224,974186307.31,3.4408,10.0218,1,0
2022-04-28,sz.002074,112.704225,117.43780245,112.2534081,114.0566757,113.83126725,30925933,786446647.61,2.6242,0.198,1,0
2022-04-29,sz.002074,114.32716584,121.76564469,114.0566757,120.8189292,114.0566757,31419932,821711814.35,2.8002,5.9289,1,0
2022-05-05,sz.002074,118.15910949,127.04020242,118.15910949,124.33530102,120.8189292,32779399,900338430.03,2.9214,2.9104,1,0
2022-05-06,sz.002074,121.49515455,123.65907567,119.4664785,121.81072638,124.33530102,24918838,672140997.91,2.0728,-2.0305,1,0
2022-05-09,sz.002074,121.90088976,125.55250665,121.81072638,123.65907567,121.81072638,13600850,373596652.03,1.1313,1.5174,1,0
2022-05-10,sz.002074,123.9746475,130.736901,123.20825877,130.736901,123.65907567,35992904,1020954974.42,2.994,5.7237,1,0
2022-05-11,sz.002074,130.24100241,141.64666998,129.74510382,136.5975207,130.736901,47715241,1445074413.2,3.969,4.4828,1,0
2022-05-12,sz.002074,134.92949817,138.76144182,133.8926193,136.01145873,136.5975207,24958839,754786843.06,2.0761,-0.429,1,0
2022-05-13,sz.002074,137.36390943,137.4991545,134.92949817,137.0483376,136.01145873,16100300,486336286.76,1.3393,0.7623,1,0
2022-05-16,sz.002074,138.4007883,141.64666998,136.5975207,137.45407281,137.0483376,23183714,712630721.31,1.9285,0.2961,1,0
2022-05-17,sz.002074,137.0483376,144.93763335,137.0483376,143.72042772,137.45407281,31366856,987376159.78,2.6092,4.5589,1,0
2022-05-18,sz.002074,144.75730659,147.32696292,142.68354885,144.35157138,143.72042772,23624005,759179523.15,1.9651,0.4391,1,0
2022-05-19,sz.002074,141.5565066,146.60565588,141.19585308,146.42532912,144.35157138,23413655,750671693.54,1.9476,1.4366,1,0
2022-05-20,sz.002074,147.77777982,161.07687837,147.73269813,155.57691219,146.42532912,64088896,2201523492.98,5.331,6.25,1,0
2022-05-23,sz.002074,156.8842812,159.45393753,154.08921642,159.36377415,155.57691219,48476723,1689922542.45,4.0324,2.4341,1,0
2022-05-24,sz.002074,156.8842812,159.85967274,150.5728446,150.5728446,159.36377415,44639149,1538688409.24,3.7132,-5.5163,1,0
2022-05-25,sz.002074,150.61792629,152.8269291,147.77777982,150.03186432,150.5728446,30212189,1003736844.11,2.5131,-0.3593,1,0
2022-05-26,sz.002074,152.24086713,153.54823614,147.19171785,151.88021361,150.03186432,30869163,1033600823.99,2.5678,1.232,1,0
2022-05-27,sz.002074,153.41299107,160.76130654,153.41299107,155.39658543,151.88021361,40032484,1394378986.72,3.33,2.3152,1,0
2022-05-30,sz.002074,159.45393753,160.85146992,157.29001641,158.73263049,155.39658543,30330137,1070465479.21,2.5229,2.1468,1,0
2022-05-31,sz.002074,159.1383657,168.65060229,156.92936289,166.26127272,158.73263049,42127361,1528705501.01,3.5042,4.743,1,0
2022-06-01,sz.002074,164.72849526,182.1300276,164.59325019,180.32676,166.26127272,67485820,2625317382.12,5.6136,8.4599,1,0
2022-06-02,sz.002074,177.44153184,189.343098,176.22432621,182.1300276,180.32676,60954731,2497390725.56,5.0703,1.0,1,0
2022-06-06,sz.002074,182.31035436,197.41272051,182.31035436,194.70781911,182.1300276,55974293,2382426294.67,4.656,6.9059,1,0
2022-06-07,sz.002074,194.7529008,196.33075995,190.65046701,195.47420784,194.70781911,40911703,1754814126.85,3.4031,0.3936,1,0
2022-06-08,sz.002074,195.51928953,198.22419093,187.81032054,193.31028672,195.47420784,49147390,2099487919.76,4.0882,-1.107,1,0
2022-06-09,sz.002074,192.4988163,196.5561684,191.46193743,194.52749235,193.31028672,42026355,1812091358.43,3.4958,0.6297,1,0
2022-06-10,sz.002074,192.9496332,204.2200557,192.4988163,201.01925571,194.52749235,50109244,2230201419.32,4.1682,3.3372,1,0
2022-06-13,sz.002074,198.8102529,207.33069231,197.68321065,203.7692388,201.01925571,38891315,1754268912.11,3.235,1.368,1,0
2022-06-14,sz.002074,201.0643374,203.67907542,196.01518812,202.05613458,203.7692388,36265704,1605134361.48,3.0166,-0.8407,1,0
2022-06-15,sz.002074,203.67907542,208.77330639,198.72008952,201.33482754,202.05613458,32599413,1469695065.46,2.7117,-0.357,1,0
2022-06-16,sz.002074,202.4167881,205.79791485,200.6135205,202.867605,201.33482754,21906738,985016250.81,1.8222,0.7613,1,0
2022-06-17,sz.002074,201.6928944,208.4702094,200.7892524,205.2170982,202.867629,31953266,1449008316.22,2.6579,1.1581,1,0
2022-06-20,sz.002074,206.8888359,211.452228,205.2622803,210.096765,205.2170982,34497658,1595882294.09,2.8696,2.3778,1,0
2022-06-21,sz.002074,209.7353082,209.9612187,202.415808,206.0755581,210.096765,25504016,1159528081.2,2.1215,-1.914,1,0
2022-06-22,sz.002074,204.0423636,210.096765,204.0423636,206.0755581,206.0755581,24243200,1112507680.3,2.0166,0.0,1,0
2022-06-23,sz.002074,206.2562865,215.2023423,204.1327278,214.3438824,206.0755581,37001512,1728821989.0,3.0779,4.0123,1,0
2022-06-24,sz.002074,214.8860676,215.2475244,209.193123,210.0515829,214.3438824,31652940,1478157529.35,2.6329,-2.0025,1,0
2022-06-27,sz.002074,210.1871292,213.6661509,208.741302,212.35587,210.0515829,27527316,1290953370.49,2.2898,1.097,1,0
2022-06-28,sz.002074,211.8588669,214.5697929,209.3738514,212.5817805,212.35587,23003497,1080327117.46,1.9135,0.1064,1,0
2022-06-29,sz.002074,212.807691,213.4854225,202.2802617,202.415808,212.5817805,32828416,1500538009.52,2.7307,-4.7821,1,0
2022-06-30,sz.002074,200.6537061,207.83766,200.608524,206.030376,202.415808,21147263,961855165.81,1.7591,1.7857,1,0
2022-07-01,sz.002074,206.030376,208.2442989,195.5933109,197.2198665,206.030376,42486750,1883232758.61,3.5341,-4.2763,1,0
2022-07-04,sz.002074,195.6836751,210.1871292,195.0059436,210.0064008,197.2198665,40665133,1849175384.51,3.3826,6.4834,1,0
2022-07-05,sz.002074,210.096765,211.904049,204.3134562,208.0635705,210.0064008,25686690,1178584586.45,2.1367,-0.9251,1,0
2022-07-06,sz.002074,207.3406569,209.4190335,200.3374314,204.0875457,208.0635705,24856883,1128345346.18,2.0676,-1.911,1,0
2022-07-07,sz.002074,203.31945,224.5098549,201.7380765,224.5098549,204.0875457,64332508,3114407995.63,5.3513,10.0066,1,0
2022-07-08,sz.002074,226.362321,230.42871,202.0543512,202.0543512,224.5098549,81923818,3865151380.58,6.8146,-10.002,1,0
2022-07-11,sz.002074,202.867629,205.126734,197.6265054,200.3826135,202.0543512,38745281,1722266771.41,3.2229,-0.8274,1,0
2022-07-12,sz.002074,200.156703,206.482197,197.897598,201.1055271,200.3826135,30135900,1347137230.34,2.5068,0.3608,1,0
2022-07-13,sz.002074,200.156703,201.6025302,188.4545391,197.9879622,201.1055271,36031209,1557676059.63,2.9971,-1.5502,1,0
2022-07-14,sz.002074,196.993956,214.2535182,195.638493,210.6389502,197.9879622,41636935,1921317740.58,3.4634,6.3898,1,0
2022-07-15,sz.002074,210.3678576,213.259512,206.934018,207.2954748,210.6389502,25407422,1182273064.99,2.1134,-1.5873,1,0
2022-07-18,sz.002074,207.7924779,209.193123,196.1354961,201.2862555,207.2954748,41571612,1845770886.2,3.458,-2.8989,1,0
2022-07-19,sz.002074,200.6537061,202.6417185,194.5089405,195.2318541,201.2862555,31703651,1387693884.29,2.6372,-3.0079,1,0
2022-07-20,sz.002074,195.4125825,197.445777,189.5840916,191.572104,195.2318541,36169932,1535614529.31,3.0087,-1.8746,1,0
2022-07-21,sz.002074,190.668462,195.638493,188.0930823,190.668462,191.572104,21867746,931405391.61,1.819,-0.4717,1,0
2022-07-22,sz.002074,194.28303,196.3162245,188.9063601,191.4817398,190.668462,23449360,999225764.95,1.9506,0.4265,1,0
2022-07-25,sz.002074,188.861178,193.1082954,188.3189928,189.76482,191.4817398,26386846,1111144678.78,2.1949,-0.8966,1,0
2022-07-26,sz.002074,189.8551842,195.4125825,184.0718754,189.76482,189.76482,32499969,1366803736.67,2.7034,0.0,1,0
2022-07-27,sz.002074,188.9515422,191.2106472,185.3369742,189.76482,189.76482,18163485,759599874.91,1.3798,0.0,1,0
2022-07-28,sz.002074,191.9787429,193.2438417,181.8127704,182.3549556,189.76482,36871808,1503697660.93,2.8011,-3.9048,1,0
2022-07-29,sz.002074,181.1350389,184.2526038,176.3005542,176.5264647,182.3549556,28004978,1109231927.62,2.1275,-3.1962,1,0
2022-08-01,sz.002074,176.5264647,183.891147,173.6348103,182.987505,176.5264647,34541534,1375161441.67,2.624,3.6601,1,0
2022-08-02,sz.002074,179.824758,181.7224062,173.4088998,174.6739986,182.987505,33191550,1298404532.53,2.5215,-4.5432,1,0
2022-08-03,sz.002074,178.469295,181.180221,169.5684213,170.336517,174.6739986,30174501,1166784508.75,2.2923,-2.4832,1,0
2022-08-04,sz.002074,171.8275263,175.6228227,170.4268812,172.6408041,170.336517,20592229,788292405.98,1.5643,1.3528,1,0
2022-08-05,sz.002074,172.9118967,177.9722919,171.8275263,175.3517301,172.6408041,20942237,808954024.85,1.5909,1.5703,1,0
2022-08-08,sz.002074,174.854727,176.7071931,171.2853411,176.6168289,175.3517301,19474206,753972966.8,1.4794,0.7215,1,0
2022-08-09,sz.002074,176.5264647,181.8579525,174.7643628,179.0114802,176.6168289,30904636,1227225696.89,2.3477,1.3558,1,0
2022-08-10,sz.002074,178.469295,181.4513136,173.3637177,173.5896282,179.0114802,25683213,1000902774.82,1.9511,-3.0288,1,0
2022-08-11,sz.002074,174.9902733,179.6892117,171.1497948,178.469295,173.5896282,26579964,1034796689.46,2.0192,2.811,1,0
2022-08-12,sz.002074,176.9331036,178.8307518,173.3637177,174.0414492,178.469295,22195050,860458912.38,1.6861,-2.481,1,0
2022-08-15,sz.002074,174.854727,185.7887952,174.4932702,179.2373907,174.0414492,42270303,1691228396.93,3.2112,2.9855,1,0
2022-08-16,sz.002074,179.372937,182.2645914,177.7011993,179.1922086,179.2373907,28885497,1150137273.28,2.1944,-0.0252,1,0
2022-08-17,sz.002074,180.3669432,187.053894,175.9390974,186.150252,179.1922086,49052041,1983598285.44,3.7264,3.883,1,0
2022-08-18,sz.002074,185.24661,199.704882,184.342968,194.9155794,186.150252,69738115,2989991496.53,5.2978,4.7087,1,0
2022-08-19,sz.002074,194.28303,195.186672,186.150252,187.053894,194.9155794,41983464,1758393225.91,3.1894,-4.0334,1,0
2022-08-22,sz.002074,185.7887952,192.2950176,181.4513136,191.8431966,187.053894,32873057,1373158477.66,2.4973,2.5604,1,0
2022-08-23,sz.002074,191.7076503,199.9759746,190.668462,195.4125825,191.8431966,39483763,1713993829.79,2.9995,1.8606,1,0
2022-08-24,sz.002074,199.2982431,199.704882,179.2373907,180.2313969,195.4125825,52314227,2159596382.01,3.9742,-7.7688,1,0
2022-08-25,sz.002074,179.824758,181.4964957,170.7431559,174.3577239,180.2313969,32560019,1257007771.08,2.4735,-3.259,1,0
2022-08-26,sz.002074,174.3577239,178.0626561,172.143801,172.7311683,174.3577239,20659972,798305130.41,1.5695,-0.9329,1,0
2022-08-29,sz.002074,167.2189521,168.4840509,160.6675476,161.751918,172.7311683,49226712,1785124759.19,3.9752,-6.3563,1,0
2022-08-30,sz.002074,161.6615538,165.4568502,159.944634,162.4296495,161.751918,23878927,860460354.23,1.9283,0.419,1,0
2022-08-31,sz.002074,161.8874643,163.8754767,153.7095042,155.2456956,162.4296495,33169132,1154456542.89,2.6785,-4.4228,1,0
2022-09-01,sz.002074,154.974603,157.685529,152.9865906,152.9865906,155.2456956,18330115,627891605.82,1.4802,-1.4552,1,0
2022-09-02,sz.002074,154.4324178,154.974603,150.7274856,152.263677,152.9865906,20852614,704249107.08,1.6839,-0.4725,1,0
2022-09-05,sz.002074,152.5799517,153.9805968,150.0949362,152.6251338,152.263677,19371900,653224138.42,1.5643,0.2374,1,0
2022-09-06,sz.002074,153.61914,157.0529796,148.3328343,156.6915228,152.6251338,29757724,1011700813.96,2.403,2.6643,1,0
2022-09-07,sz.002074,154.974603,161.751918,154.1161431,158.7698994,156.6915228,23808127,836757582.62,1.9226,1.3264,1,0
2022-09-08,sz.002074,157.9114395,159.1313562,154.2968715,154.9294209,158.7698994,20786644,718240478.47,1.6786,-2.4189,1,0
2022-09-09,sz.002074,155.4716061,156.2848839,152.8058622,155.3360598,154.9294209,13217225,451839934.46,1.0673,0.2625,1,0
2022-09-13,sz.002074,156.5559765,158.589171,154.522782,156.8722512,155.3360598,13803153,478092023.21,1.1146,0.9889,1,0
2022-09-14,sz.002074,153.2125011,155.426424,151.9474023,154.0257789,156.8722512,16218256,551216032.74,1.3097,-1.8145,1,0
2022-09-15,sz.002074,154.2516894,154.974603,144.0857169,144.8989947,154.0257789,28809707,942612457.27,2.3265,-5.9255,1,0
2022-09-16,sz.002074,144.4019916,146.390004,140.4259668,140.7874236,144.8989947,22521687,712340170.72,1.8187,-2.8375,1,0
2022-09-19,sz.002074,140.516331,148.0617417,140.4259668,146.2092756,140.7874236,27750106,892510377.62,2.2409,3.8511,1,0
2022-09-20,sz.002074,149.10093,150.3660288,146.2996398,146.841825,146.2092756,18293029,600741149.21,1.4772,0.4326,1,0
2022-09-21,sz.002074,146.3448219,148.6039269,143.9501706,147.4291923,146.841825,15294520,496596497.35,1.2351,0.4,1,0
2022-09-22,sz.002074,145.486362,148.4231985,144.9441768,145.5315441,147.4291923,14146051,458163475.99,1.1423,-1.2872,1,0
2022-09-23,sz.002074,145.9833651,150.004572,143.4531675,147.4291923,145.5315441,22514275,730040092.43,1.8181,1.3039,1,0
2022-09-26,sz.002074,144.6279021,149.9593899,144.130899,147.3388281,147.4291923,23691633,776957472.6,1.9132,-0.0613,1,0
2022-09-27,sz.002074,148.1521059,149.8238436,144.6279021,149.5075689,147.3388281,19736280,644383157.71,1.5938,1.4719,1,0
2022-09-28,sz.002074,149.552751,150.004572,143.227257,143.3628033,149.5075689,17562290,564638959.51,1.4182,-4.11,1,0
2022-09-29,sz.002074,145.034541,147.5195565,142.4139792,143.1368928,143.3628033,15243016,487432108.34,1.2309,-0.1576,1,0
2022-09-30,sz.002074,142.7302539,144.8086305,137.7150408,137.9409513,143.1368928,16524853,512175327.33,1.3344,-3.6301,1,0
2022-10-10,sz.002074,138.1668618,143.0465286,135.998121,136.7662167,137.9409513,19865814,613509170.42,1.6042,-0.8516,1,0
2022-10-11,sz.002074,138.709047,145.6670904,138.2120439,141.5103372,136.7662167,23377639,737311803.11,1.8878,3.4688,1,0
2022-10-12,sz.002074,142.0977045,153.0769548,140.06451,152.8962264,141.5103372,37506979,1216455391.56,3.0288,8.046,1,0
2022-10-13,sz.002074,152.263677,154.1161431,150.2304825,152.1733128,152.8962264,27958926,943537047.91,2.2578,-0.4728,1,0
2022-10-14,sz.002074,154.522782,155.2005135,151.7666739,154.4775999,152.1733128,26559329,902346477.27,2.1447,1.5143,1,0
2022-10-17,sz.002074,152.263677,153.0769548,146.9773713,149.9593899,154.4775999,28294402,935958172.56,2.2848,-2.9248,1,0
2022-10-18,sz.002074,151.3148529,155.7878808,150.0949362,153.167319,149.9593899,29664707,1004220165.97,2.3955,2.1392,1,0
2022-10-19,sz.002074,153.61914,160.6223655,152.4895875,154.974603,153.167319,40394462,1407703712.79,3.262,1.1799,1,0
2022-10-20,sz.002074,153.61914,154.974603,146.9773713,151.2696708,154.974603,33946727,1131361577.88,2.7413,-2.3907,1,0
2022-10-21,sz.002074,151.2696708,152.3540412,147.745467,148.9202016,151.2696708,18578661,616415040.61,1.5003,-1.5532,1,0
2022-10-24,sz.002074,149.0557479,150.5015751,142.5947076,144.3116274,148.9202016,25644006,831157761.26,2.0708,-3.0947,1,0
2022-10-25,sz.002074,143.8598064,150.004572,140.4711489,149.0105658,144.3116274,23943453,775828374.41,1.9335,3.2561,1,0
2022-10-26,sz.002074,149.1461121,151.360035,147.4291923,148.649109,149.0105658,20133142,664408265.8,1.6258,-0.2426,1,0
2022-10-27,sz.002074,149.4172047,153.0769548,143.1368928,143.3176212,148.649109,30845716,1005540567.43,2.4909,-3.5866,1,0
2022-10-28,sz.002074,141.7814298,141.8266119,132.5642814,133.287195,143.3176212,30586198,925634323.32,2.4699,-6.9987,1,0
2022-10-31,sz.002074,131.0732721,138.4831365,131.0732721,135.7722105,133.287195,21164772,635639279.15,1.7091,1.8644,1,0
2022-11-01,sz.002074,135.6366642,149.3720226,134.642658,149.3720226,135.7722105,48505443,1551048806.56,3.9169,10.0166,1,0
2022-11-02,sz.002074,153.5739579,158.4988068,152.2184949,156.2848839,149.3720226,54011403,1858704269.85,4.3616,4.6279,1,0
2022-11-03,sz.002074,154.974603,158.7247173,154.070961,156.8722512,156.2848839,29595687,1027939501.61,2.3899,0.3758,1,0
2022-11-04,sz.002074,158.13735,165.7279428,156.5559765,162.65556,156.8722512,42775733,1530101519.98,3.4543,3.6866,1,0
2022-11-07,sz.002074,160.6223655,164.4176619,159.6283593,160.1705445,162.65556,30266487,1079301248.73,2.4441,-1.5278,1,0
2022-11-08,sz.002074,162.65556,164.011023,157.0077975,159.2669025,160.1705445,24311212,860322868.68,1.9629,-0.5642,1,0
2022-11-09,sz.002074,159.8090877,160.848276,155.7878808,156.0137913,159.2669025,18655708,650494835.37,1.5063,-2.0426,1,0
2022-11-10,sz.002074,155.2005135,155.2005135,151.0889424,151.9474023,156.0137913,18484515,624208040.6,1.4925,-2.6064,1,0
2022-11-11,sz.002074,156.781887,157.685529,151.811856,153.8902326,151.9474023,24306120,829352085.44,1.9625,1.2786,1,0
2022-11-14,sz.002074,152.7606801,154.974603,148.6039269,149.4623868,153.8902326,21789228,727896735.67,1.7593,-2.8773,1,0
2022-11-15,sz.002074,149.5979331,152.4895875,147.2032818,152.1281307,149.4623868,21867154,726780399.59,1.7656,1.7836,1,0
2022-11-16,sz.002074,151.4503992,152.0829486,147.745467,148.1521059,152.1281307,19532459,645060742.26,1.5771,-2.6136,1,0
2022-11-17,sz.002074,147.6551028,147.9713775,144.0405348,145.3959978,148.1521059,18197353,583929721.07,1.4693,-1.8603,1,0
2022-11-18,sz.002074,145.7574546,147.5647386,143.9953527,146.841825,145.3959978,17367183,560854703.76,1.4022,0.9944,1,0
2022-11-21,sz.002074,144.58272,147.745467,143.8598064,147.1580997,146.841825,17613390,568715430.0,1.4221,0.2154,1,0
2022-11-22,sz.002074,146.390004,146.390004,142.3687971,143.3176212,147.1580997,17055450,542659943.59,1.3771,-2.6098,1,0
2022-11-23,sz.002074,143.679078,145.3056336,140.7874236,144.130899,143.3176212,13627850,432261617.26,1.1003,0.5675,1,0
2022-11-24,sz.002074,144.58272,147.2484639,143.2724391,144.6730842,144.130899,15364676,493308310.19,1.2406,0.3762,1,0
2022-11-25,sz.002074,143.3628033,144.2212632,140.2904205,140.4259668,144.6730842,14083600,439694953.19,1.1371,-2.9357,1,0
2022-11-28,sz.002074,137.9409513,140.9229699,136.7210346,140.6518773,140.4259668,11772217,362064875.61,0.9505,0.1609,1,0
2022-11-29,sz.002074,141.7814298,144.4923558,140.3807847,142.6398897,140.6518773,21146819,666386869.46,1.7074,1.4134,1,0
2022-11-30,sz.002074,143.4983496,145.5767262,141.4651551,144.58272,142.6398897,20269108,646053936.9,1.6365,1.3621,1,0
2022-12-01,sz.002074,147.293646,149.8690257,145.8478188,145.938183,144.58272,25329739,827744930.91,2.0451,0.9375,1,0
2022-12-02,sz.002074,145.938183,147.745467,144.9441768,147.293646,145.938183,22632685,735812327.67,1.8274,0.9288,1,0
2022-12-05,sz.002074,146.7966429,147.2032818,144.8538126,145.8478188,147.293646,16530381,532644214.11,1.3347,-0.9816,1,0
2022-12-06,sz.002074,145.3508157,148.197288,143.0917107,146.2544577,145.8478188,17744624,572598973.64,1.4327,0.2788,1,0
2022-12-07,sz.002074,145.3056336,150.9985782,145.0797231,147.7002849,146.2544577,29117845,959641930.36,2.351,0.9886,1,0
2022-12-08,sz.002074,147.1129176,150.1853004,145.9833651,147.8810133,147.7002849,15110248,495469866.97,1.22,0.1224,1,0
2022-12-09,sz.002074,147.9261954,148.197288,145.5315441,147.8810133,147.8810133,15909135,516704132.89,1.2845,0.0,1,0
2022-12-12,sz.002074,147.1580997,147.293646,143.9953527,145.5767262,147.8810133,14901118,479631478.91,1.2031,-1.5582,1,0
2022-12-13,sz.002074,146.3448219,148.1521059,141.5555193,141.6458835,145.5767262,18002357,575133796.47,1.4535,-2.7002,1,0
2022-12-14,sz.002074,141.419973,143.0917107,138.257226,139.8837816,141.6458835,14730322,457095637.83,1.1893,-1.244,1,0
2022-12-15,sz.002074,139.9741458,147.745467,139.2964143,147.0677355,139.8837816,27097091,864106297.35,2.1878,5.1357,1,0
2022-12-16,sz.002074,145.486362,147.745467,141.6910656,143.1820749,147.0677355,16953803,539869811.48,1.3689,-2.6421,1,0
2022-12-19,sz.002074,142.4591613,147.5647386,138.9349575,139.6578711,143.1820749,18974401,600513474.39,1.532,-2.4613,1,0
2022-12-20,sz.002074,140.0193279,140.5615131,136.7662167,137.6698587,139.6578711,12218060,373043016.17,0.9865,-1.4235,1,0
2022-12-21,sz.002074,137.6698587,138.3475902,134.8685685,135.9077568,137.6698587,15290555,460285197.18,1.2346,-1.2799,1,0
2022-12-22,sz.002074,136.3143957,137.1276735,131.7058215,131.8865499,135.9077568,14557167,430939781.18,1.1754,-2.9588,1,0
2022-12-23,sz.002074,130.9377258,132.9257382,129.672627,130.6666332,131.8865499,10885462,316375420.59,0.8789,-0.925,1,0
2022-12-26,sz.002074,131.3895468,136.3143957,130.576269,136.3143957,130.6666332,15122824,449617505.47,1.221,4.3223,1,0
2022-12-27,sz.002074,136.0884852,138.6186828,135.4559358,137.9861334,136.3143957,14700689,447559971.96,1.1869,1.2264,1,0
2022-12-28,sz.002074,136.6758525,137.1276735,134.1004728,135.6366642,137.9861334,11891389,356512370.82,0.9601,-1.7027,1,0
2022-12-29,sz.002074,135.2300253,136.9469451,133.7841981,133.9649265,135.6366642,9539112,284882030.65,0.7702,-1.2325,1,0
2022-12-30,sz.002074,134.642658,135.9077568,129.8985375,130.2599943,133.9649265,17482649,510713034.53,1.4116,-2.7656,1,0
2023-01-03,sz.002074,130.124448,133.6486518,127.7297967,133.1516487,130.2599943,19002598,549992368.93,1.5343,2.2199,1,0
2023-01-04,sz.002074,132.6094635,133.1968308,128.768985,129.672627,133.1516487,17200317,496002057.73,1.3888,-2.6128,1,0
2023-01-05,sz.002074,130.576269,135.6818463,129.4918986,133.9197444,129.672627,21642737,636479551.89,1.7475,3.2753,1,0
2023-01-06,sz.002074,133.9197444,137.9861334,133.4227413,136.1788494,133.9197444,21499295,648526207.0,1.7359,1.6869,1,0
2023-01-09,sz.002074,137.2632198,139.160868,136.5403062,137.8505871,136.1788494,15768732,481492004.53,1.2732,1.2276,1,0
2023-01-10,sz.002074,137.805405,141.419973,136.9921272,140.2452384,137.8505871,19059475,587959136.59,1.5389,1.7371,1,0
2023-01-11,sz.002074,139.3867785,140.7422415,138.0764976,138.3024081,140.2452384,14274253,439283086.99,1.1525,-1.3853,1,0
2023-01-12,sz.002074,138.4831365,141.419973,138.0764976,138.4831365,138.3024081,19840833,611880546.13,1.602,0.1307,1,0
2023-01-13,sz.002074,138.6638649,141.9621582,136.449942,141.9621582,138.4831365,22109736,679176365.58,1.7852,2.5122,1,0
2023-01-16,sz.002074,139.612689,140.7874236,136.6758525,139.3415964,141.9621582,23389931,720049502.07,1.8885,-1.846,1,0
2023-01-17,sz.002074,140.06451,141.1940625,138.8897754,139.8837816,139.3415964,11940504,369890003.11,0.9641,0.3891,1,0
2023-01-18,sz.002074,141.871794,142.775436,140.516331,140.6970594,139.8837816,12129723,379621222.35,0.9794,0.5814,1,0
2023-01-19,sz.002074,140.6970594,141.871794,139.8837816,141.419973,140.6970594,11302078,352613957.74,0.9125,0.5138,1,0
2023-01-20,sz.002074,141.419973,144.130899,140.9229699,143.6338959,141.419973,16344844,516285784.57,1.3197,1.5655,1,0
2023-01-30,sz.002074,149.10093,150.456393,144.8989947,145.034541,143.6338959,24481096,798646381.92,1.9766,0.9751,1,0
2023-01-31,sz.002074,145.3959978,147.8810133,145.034541,146.6159145,145.034541,17412992,565743656.6,1.4059,1.0903,1,0
2023-02-01,sz.002074,146.841825,152.5799517,146.7966429,150.004572,146.6159145,24794695,824278571.57,2.0019,2.3112,1,0
2023-02-02,sz.002074,150.2304825,151.1793066,148.2876522,148.6942911,150.004572,14207850,469585697.21,1.1472,-0.8735,1,0
2023-02-03,sz.002074,148.2876522,149.10093,144.4019916,146.1640935,148.6942911,14381607,465478035.79,1.1612,-1.7016,1,0
2023-02-06,sz.002074,146.0737293,146.6159145,143.7242601,145.2152694,146.1640935,11800835,378329664.74,0.9528,-0.6491,1,0
2023-02-07,sz.002074,144.7634484,145.8478188,144.2212632,145.3508157,145.2152694,10026968,322055646.64,0.8096,0.0933,1,0
2023-02-08,sz.002074,145.938183,149.7334794,145.5767262,148.2876522,145.3508157,28777173,941543818.12,2.3235,2.0205,1,0
2023-02-09,sz.002074,148.197288,148.4683806,146.2996398,147.7906491,148.2876522,18262465,595739286.27,1.4745,-0.3352,1,0
2023-02-10,sz.002074,147.745467,147.745467,143.9049885,144.8989947,147.7906491,17738923,571215843.26,1.4323,-1.9566,1,0
2023-02-13,sz.002074,144.3568095,146.841825,144.2212632,144.9893589,144.8989947,12560138,403637884.37,1.0141,0.0624,1,0
2023-02-14,sz.002074,144.9893589,145.6219083,142.0977045,143.2724391,144.9893589,14470055,458342447.21,1.1683,-1.1842,1,0
2023-02-15,sz.002074,143.9953527,145.3508157,141.6458835,142.0977045,143.2724391,15183012,480003617.36,1.2259,-0.8199,1,0
2023-02-16,sz.002074,141.5103372,142.5947076,137.0373093,138.3475902,142.0977045,19392401,602609200.01,1.5658,-2.6391,1,0
2023-02-17,sz.002074,138.3475902,138.5735007,135.1396611,135.1396611,138.3475902,16497243,498615439.37,1.332,-2.3187,1,0
2023-02-20,sz.002074,134.2812012,134.7330222,131.2088184,134.6878401,135.1396611,20601221,605912783.42,1.6634,-0.3343,1,0
2023-02-21,sz.002074,134.642658,137.3987661,133.9649265,136.2692136,134.6878401,17137068,515667808.72,1.3837,1.1741,1,0
2023-02-22,sz.002074,135.5011179,135.9077568,134.3263833,135.0041148,136.2692136,12314813,367943050.17,0.9943,-0.9284,1,0
2023-02-23,sz.002074,135.5463,136.3595778,134.190837,135.5463,135.0041148,12462471,372943749.84,1.0062,0.4016,1,0
2023-02-24,sz.002074,136.3595778,136.449942,133.4679234,134.190837,135.5463,12420628,370299658.46,1.0029,-1.0,1,0
2023-02-27,sz.002074,133.5582876,134.5522938,132.2028246,132.7901919,134.190837,10004574,294742064.03,0.8078,-1.0438,1,0
2023-02-28,sz.002074,133.3775592,134.190837,132.2028246,133.6034697,132.7901919,10881055,320574528.93,0.8785,0.6125,1,0
2023-03-01,sz.002074,133.5582876,134.4167475,132.4287351,134.3263833,133.6034697,10728832,317372589.84,0.8663,0.5411,1,0
2023-03-02,sz.002074,134.3715654,134.5522938,132.0220962,132.3383709,134.3263833,12655820,372437210.2,1.0218,-1.48,1,0
2023-03-03,sz.002074,132.7450098,133.287195,131.3443647,132.2931888,132.3383709,8574976,250940284.16,0.6924,-0.0341,1,0
2023-03-06,sz.002074,132.3383709,133.3323771,130.8925437,132.835374,132.2931888,12597955,368546479.07,1.0172,0.4098,1,0
2023-03-07,sz.002074,133.0612845,133.1968308,130.0340838,130.3051764,132.835374,12077174,351218327.9,0.9751,-1.9048,1,0
2023-03-08,sz.002074,130.3503585,131.479911,129.8985375,131.1184542,130.3051764,7182411,207746536.13,0.5799,0.6241,1,0
2023-03-09,sz.002074,131.931732,133.6034697,130.6666332,132.9257382,131.1184542,14382087,422039321.37,1.1612,1.3784,1,0
2023-03-10,sz.002074,131.7510036,132.835374,130.124448,131.479911,132.9257382,11520052,334708663.61,0.9301,-1.0877,1,0
2023-03-13,sz.002074,132.1124604,132.8805561,130.4407227,130.6666332,131.479911,10071160,292600432.88,0.8132,-0.6186,1,0
2023-03-14,sz.002074,130.8021795,130.8021795,126.3743337,128.4978924,130.6666332,16346652,463291959.42,1.3198,-1.6598,1,0
2023-03-15,sz.002074,128.5882566,130.3503585,128.3623461,128.4978924,128.4978924,8714658,249567845.65,0.7036,0.0,1,0
2023-03-16,sz.002074,127.2327936,127.7749788,122.7597657,123.2115867,128.4978924,20860900,576162094.57,1.6843,-4.1139,1,0
2023-03-17,sz.002074,123.7537719,125.3803275,122.895312,123.3019509,123.2115867,16448966,450495358.69,1.3281,0.0733,1,0
2023-03-20,sz.002074,123.3019509,125.8773306,122.1272163,124.0248645,123.3019509,13271230,364543092.84,1.0715,0.5863,1,0
2023-03-21,sz.002074,124.2055929,135.0041148,123.8893182,134.190837,124.0248645,35643767,1031742346.67,2.8779,8.1967,1,0
2023-03-22,sz.002074,133.1968308,137.0373093,132.4287351,134.3715654,134.190837,29117859,866761706.54,2.351,0.1347,1,0
2023-03-23,sz.002074,133.287195,134.642658,131.931732,133.5131055,134.3715654,16539975,487527718.43,1.3355,-0.6389,1,0
2023-03-24,sz.002074,133.5131055,136.6758525,132.7901919,136.0884852,133.5131055,25616271,768005736.85,2.0683,1.9289,1,0
2023-03-27,sz.002074,135.3655716,136.6758525,133.287195,136.3143957,136.0884852,19897960,595787691.67,1.6066,0.166,1,0
2023-03-28,sz.002074,136.1336673,136.2240315,133.1516487,133.8293802,136.3143957,14859445,442367774.85,1.1998,-1.823,1,0
2023-03-29,sz.002074,133.8293802,135.998121,132.835374,133.3775592,133.8293802,11894700,352987266.56,0.9604,-0.3376,1,0
2023-03-30,sz.002074,133.3775592,135.1848432,132.835374,134.1004728,133.3775592,13227638,391749551.58,1.068,0.542,1,0
2023-03-31,sz.002074,134.0552907,135.8173926,133.3775592,134.6878401,134.1004728,14346392,427252211.17,1.1583,0.438,1,0
2023-04-03,sz.002074,134.3715654,135.4559358,132.3383709,134.0552907,134.6878401,14770439,437348328.44,1.1926,-0.4696,1,0
2023-04-04,sz.002074,133.9197444,134.0101086,129.4918986,131.2540005,134.0552907,22610364,654672848.77,1.8256,-2.0897,1,0
2023-04-06,sz.002074,130.4859048,130.4859048,127.413522,128.7238029,131.2540005,16697856,475251463.35,1.3482,-1.9277,1,0
2023-04-07,sz.002074,128.4075282,130.124448,128.317164,128.8141671,128.7238029,10409082,297296862.13,0.8404,0.0702,1,0
2023-04-10,sz.002074,128.9497134,131.3895468,128.8593492,130.2148122,128.8141671,16185370,466363382.05,1.3068,1.0873,1,0
2023-04-11,sz.002074,129.9889017,131.02809,127.5038862,130.576269,130.2148122,13655213,391997226.33,1.1025,0.2776,1,0
2023-04-12,sz.002074,129.5822628,130.124448,126.961701,127.4587041,130.576269,16809850,476964534.44,1.3572,-2.3875,1,0
2023-04-13,sz.002074,126.6454263,129.8533554,126.1032411,128.1816177,127.4587041,11146550,315602282.81,0.9,0.5672,1,0
2023-04-14,sz.002074,128.1816177,132.2931888,127.865343,131.1636363,128.1816177,19543718,566129088.58,1.578,2.3264,1,0
2023-04-17,sz.002074,130.8473616,132.2931888,130.5310869,132.0220962,131.1636363,13214130,385272818.44,1.0669,0.6545,1,0
2023-04-18,sz.002074,132.1576425,133.7841981,130.4859048,131.7058215,132.0220962,12516836,365372321.28,1.0106,-0.2396,1,0
2023-04-19,sz.002074,131.1184542,131.6606394,129.3563523,131.0732721,131.7058215,11851785,341917739.01,0.9569,-0.4803,1,0
2023-04-20,sz.002074,130.8021795,130.8473616,125.5610559,126.2839695,131.0732721,18850683,528979702.33,1.522,-3.6539,1,0
2023-04-21,sz.002074,127.0068831,128.6334387,123.3923151,123.9345003,126.2839695,13936104,387690424.45,1.1252,-1.8605,1,0
2023-04-24,sz.002074,123.8893182,124.4315034,120.1392039,120.9072996,123.9345003,15167714,408669753.38,1.2247,-2.4426,1,0
2023-04-25,sz.002074,122.0368521,123.0308583,116.9312748,118.6481946,120.9072996,15813290,417226537.84,1.2768,-1.8685,1,0
2023-04-26,sz.002074,118.1060094,126.4646979,117.5186421,125.154417,118.6481946,21666696,590080024.17,1.7494,5.4836,1,0
2023-04-27,sz.002074,124.2959571,126.50988,123.347133,126.2839695,125.154417,13830445,383639599.2,1.1167,0.9025,1,0
2023-04-28,sz.002074,124.7477781,126.0128769,122.6242194,124.250775,126.2839695,15546859,426461133.6,1.2553,-1.61,1,0
2023-05-04,sz.002074,124.250775,127.0520652,123.347133,125.5610559,124.250775,12849008,355555140.22,1.0374,1.0545,1,0
2023-05-05,sz.002074,124.702596,125.3803275,122.7145836,123.347133,125.5610559,10912110,298340016.93,0.8811,-1.7632,1,0
2023-05-08,sz.002074,124.4315034,125.5158738,123.2567688,125.0188707,123.347133,10728889,295252174.56,0.8663,1.3553,1,0
2023-05-09,sz.002074,124.702596,124.9285065,122.443491,122.895312,125.0188707,10701411,291442825.48,0.864,-1.6986,1,0
2023-05-10,sz.002074,122.3079447,125.8773306,120.5458428,124.250775,122.895312,16275192,445106438.27,1.3141,1.1029,1,0
2023-05-11,sz.002074,127.1424294,133.1064666,126.1936053,130.124448,124.250775,35632660,1021937785.52,2.877,4.7273,1,0
2023-05-12,sz.002074,129.220806,130.7569974,126.961701,127.0068831,130.124448,16952332,480194720.65,1.3687,-2.3958,1,0
2023-05-15,sz.002074,127.3683399,131.4347289,127.3683399,131.0732721,127.0068831,23381919,675290130.25,1.8879,3.2017,1,0
2023-05-16,sz.002074,132.3383709,132.3383709,129.7178091,130.4859048,131.0732721,12347345,357254516.46,0.9969,-0.4481,1,0
2023-05-17,sz.002074,130.7118153,131.2991826,128.317164,129.9889017,130.4859048,10231863,293180247.54,0.8261,-0.3809,1,0
2023-05-18,sz.002074,130.4859048,130.4859048,127.3683399,128.2267998,129.9889017,10296556,292442392.06,0.8314,-1.3556,1,0
2023-05-19,sz.002074,128.1816177,128.2719819,127.0068831,127.865343,128.2267998,7872072,222468772.67,0.6356,-0.2819,1,0
2023-05-22,sz.002074,128.768985,129.5822628,127.3231578,128.0008893,127.865343,9243788,262500766.62,0.7464,0.106,1,0
2023-05-23,sz.002074,127.6846146,129.0400776,126.6906084,126.9165189,128.0008893,7675136,216959478.6,0.6197,-0.8472,1,0
2023-05-24,sz.002074,126.058059,127.7297967,125.4706917,125.8321485,126.9165189,8601131,240868326.93,0.6945,-0.8544,1,0
2023-05-25,sz.002074,125.154417,127.9557072,124.6122318,126.7357905,125.8321485,9579383,269016383.3,0.7734,0.7181,1,0
2023-05-26,sz.002074,126.7809726,126.7809726,122.6694015,124.1604108,126.7357905,9722178,267270078.98,0.785,-2.0321,1,0
2023-05-29,sz.002074,124.1604108,124.702596,121.1332101,121.4043027,124.1604108,10224111,276410782.75,0.8255,-2.2198,1,0
2023-05-30,sz.002074,120.8621175,122.6694015,120.0036576,121.3591206,121.4043027,9748056,261310300.11,0.7871,-0.0372,1,0
2023-05-31,sz.002074,121.4494848,121.6302132,119.6873829,120.2295681,121.3591206,8467737,225378243.95,0.6837,-0.9308,1,0
2023-06-01,sz.002074,120.5458428,121.9464879,119.0548335,119.5518366,120.2295681,9776496,260762265.35,0.7894,-0.5637,1,0
2023-06-02,sz.002074,119.5518366,123.5730435,119.5518366,122.7597657,119.5518366,13115032,354957369.49,1.0589,2.6833,1,0
2023-06-05,sz.002074,123.2567688,123.5730435,120.8169354,120.9976638,122.7597657,10169367,273207693.72,0.8211,-1.4354,1,0
2023-06-06,sz.002074,120.9976638,121.088028,118.8741051,118.8741051,120.9976638,10275323,272508929.52,0.8296,-1.755,1,0
2023-06-07,sz.002074,119.280744,119.6422008,114.762534,115.4402655,118.8741051,16673931,430443443.77,1.3463,-2.8886,1,0
2023-06-08,sz.002074,115.4402655,117.925281,114.762534,115.8920865,115.4402655,11620054,298638797.49,0.9382,0.3914,1,0
2023-06-09,sz.002074,114.9884445,117.2927316,114.0848025,115.7113581,115.8920865,12325019,315036099.34,0.9951,-0.1559,1,0
2023-06-12,sz.002074,114.8980803,117.6993705,114.7173519,116.9764569,115.7113581,11325531,291849326.45,0.9144,1.0933,1,0
2023-06-13,sz.002074,116.6150001,117.47346,115.8017223,116.3439075,116.9764569,6989046,180149784.44,0.5643,-0.5407,1,0
2023-06-14,sz.002074,116.3439075,116.9764569,115.0336266,115.0336266,116.3439075,9537929,244339784.36,0.7701,-1.1262,1,0
2023-06-15,sz.002074,115.5306297,123.3923151,115.214355,122.7145836,115.0336266,34070987,914646908.33,2.7509,6.6771,1,0
2023-06-16,sz.002074,122.7145836,125.9676948,121.9013058,125.154417,122.7145836,30016425,824714461.68,2.4235,1.9882,1,0
2023-06-19,sz.002074,125.0640528,126.8713368,123.4826793,125.5158738,125.154417,18033072,501923092.35,1.456,0.2888,1,0
2023-06-20,sz.002074,125.8321485,127.5490683,124.9285065,125.5158738,125.5158738,14922682,416095726.49,1.2049,0.0,1,0
2023-06-21,sz.002074,124.9285065,126.7809726,123.1212225,123.4374972,125.5158738,11594759,320129923.65,0.9362,-1.6559,1,0
2023-06-26,sz.002074,122.0368521,124.9285065,121.3139385,122.5338552,123.4374972,13086309,356150715.42,1.0566,-0.7321,1,0
2023-06-27,sz.002074,124.3411392,124.3411392,121.539849,122.5790373,122.5338552,8004638,217144347.61,0.6463,0.0369,1,0
2023-06-28,sz.002074,122.2627626,122.895312,120.7717533,121.6302132,122.5790373,8587033,231491599.61,0.6933,-0.7741,1,0
2023-06-29,sz.002074,121.539849,122.3531268,120.5910249,121.4494848,121.6302132,7845806,210877984.25,0.6335,-0.1486,1,0
2023-06-30,sz.002074,121.4494848,126.0128769,121.0428459,124.7929602,121.4494848,20002520,550502402.54,1.5525,2.753,1,0
2023-07-03,sz.002074,124.8381423,127.2327936,124.8381423,126.4646979,124.7929602,16258834,454334337.35,1.3128,1.3396,1,0
2023-07-04,sz.002074,126.50988,127.1424294,125.606238,126.3743337,126.4646979,10554133,295068840.45,0.8521,-0.0715,1,0
2023-07-05,sz.002074,126.2839695,126.8261547,124.9285065,125.1092349,126.3743337,9924846,275959277.7,0.8013,-1.0011,1,0
2023-07-06,sz.002074,124.702596,125.1092349,122.895312,123.2567688,125.1092349,8260864,226368639.82,0.667,-1.4807,1,0
2023-07-07,sz.002074,123.0308583,123.0308583,120.4554786,120.5910249,123.2567688,9335805,251108182.06,0.7538,-2.1628,1,0
2023-07-10,sz.002074,120.8621175,126.2387874,120.8621175,124.5670497,120.5910249,13689574,376951652.72,1.1053,3.2971,1,0
2023-07-11,sz.002074,124.5218676,125.606238,123.3923151,124.7929602,124.5670497,7312857,201296198.53,0.5904,0.1814,1,0
2023-07-12,sz.002074,124.3863213,125.6514201,123.4374972,123.5730435,124.7929602,9009258,248240688.99,0.7274,-0.9776,1,0
2023-07-13,sz.002074,123.5730435,126.1032411,122.9856762,123.7085898,123.5730435,9245793,253940045.95,0.7465,0.1097,1,0
2023-07-14,sz.002074,123.347133,123.4374972,121.1783922,121.7657595,123.7085898,11832701,319401954.26,0.9554,-1.5705,1,0
2023-07-17,sz.002074,122.443491,123.0760404,121.088028,121.6302132,121.7657595,8091733,218275769.79,0.6533,-0.1113,1,0
2023-07-18,sz.002074,121.5850311,122.8049478,120.3651144,121.539849,121.6302132,7823373,210151998.47,0.6317,-0.0743,1,0
2023-07-19,sz.002074,121.088028,121.5850311,118.8741051,119.6873829,121.539849,9366010,248621835.7,0.7562,-1.5242,1,0
2023-07-20,sz.002074,119.732565,121.8109416,118.4674662,118.6933767,119.6873829,8800333,233774607.67,0.7105,-0.8305,1,0
2023-07-21,sz.002074,118.4222841,119.5066545,117.7445526,118.5126483,118.6933767,6258955,164168410.94,0.5054,-0.1523,1,0
2023-07-24,sz.002074,118.2867378,118.2867378,116.3439075,116.5246359,118.5126483,8344000,216115511.46,0.6737,-1.6775,1,0
2023-07-25,sz.002074,117.5186421,119.1451977,117.2475495,118.4222841,116.5246359,11008278,288325368.57,0.8888,1.6285,1,0
2023-07-26,sz.002074,118.377102,118.6481946,117.1120032,117.4282779,118.4222841,8539799,222434580.29,0.6895,-0.8394,1,0
2023-07-27,sz.002074,121.539849,125.0188707,120.4554786,120.5910249,117.4282779,33593852,910476378.59,2.7124,2.6933,1,0
2023-07-28,sz.002074,120.636207,122.2175805,118.6030125,121.6753953,120.5910249,15500676,413724718.0,1.2515,0.8992,1,0
2023-07-31,sz.002074,121.3139385,125.154417,121.3139385,124.4315034,121.6753953,21344582,586121271.03,1.7234,2.2651,1,0
2023-08-01,sz.002074,123.798954,124.7477781,123.347133,124.0248645,124.4315034,8896461,244134841.62,0.7183,-0.3268,1,0
2023-08-02,sz.002074,124.0248645,124.3863213,123.0760404,123.8893182,124.0248645,6722951,184015087.55,0.5428,-0.1093,1,0
2023-08-03,sz.002074,123.347133,125.0640528,122.895312,125.0188707,123.8893182,9157240,252252065.56,0.7394,0.9117,1,0
2023-08-04,sz.002074,125.6966022,127.0068831,124.4766855,125.9676948,125.0188707,13449002,375134586.24,1.0859,0.7589,1,0
2023-08-07,sz.002074,125.4255096,126.3291516,124.1604108,124.5670497,125.9676948,7385202,203938972.73,0.5963,-1.1119,1,0
2023-08-08,sz.002074,124.250775,124.8381423,123.347133,123.6634077,124.5670497,5261108,144302355.7,0.4248,-0.7254,1,0
2023-08-09,sz.002074,123.347133,124.1604108,122.7145836,123.3923151,123.6634077,5028849,137396465.2,0.406,-0.2192,1,0
2023-08-10,sz.002074,123.3923151,124.702596,122.9856762,123.5278614,123.3923151,4916386,134604659.92,0.397,0.1098,1,0
2023-08-11,sz.002074,123.347133,123.6182256,120.3199323,120.3651144,123.5278614,6581458,177304980.25,0.5314,-2.5604,1,0
2023-08-14,sz.002074,118.8741051,119.3711082,116.6150001,117.47346,120.3651144,11350643,295208219.18,0.9165,-2.4024,1,0
2023-08-15,sz.002074,117.47346,117.925281,114.3558951,114.8528982,117.47346,12544661,320583095.2,1.0129,-2.2308,1,0
2023-08-16,sz.002074,114.8980803,115.8920865,114.0848025,114.1299846,114.8528982,9225413,234390243.52,0.7449,-0.6294,1,0
2023-08-17,sz.002074,114.0396204,115.0788087,112.4130648,114.8528982,114.1299846,8695584,219180607.14,0.7021,0.6334,1,0
2023-08-18,sz.002074,114.8528982,115.8920865,113.0907963,113.0907963,114.8528982,8301618,210147924.25,0.6703,-1.5342,1,0
2023-08-21,sz.002074,112.9100679,112.9100679,109.9280493,110.0635956,113.0907963,11266568,277451523.3,0.9097,-2.6768,1,0
2023-08-22,sz.002074,110.5154166,111.3738765,107.3526696,108.9792252,110.0635956,14972050,360550602.98,1.2089,-0.9852,1,0
2023-08-23,sz.002074,108.5274042,108.9340431,105.9520245,106.4038455,108.9792252,9124236,216724396.42,0.7367,-2.3632,1,0
2023-08-24,sz.002074,106.9008486,108.43704,106.3134813,106.5845739,106.4038455,8610647,204376949.32,0.6952,0.1699,1,0
2023-08-25,sz.002074,105.9068424,107.0363949,104.2351047,104.7772899,106.5845739,8518876,198644628.13,0.6878,-1.6956,1,0
2023-08-28,sz.002074,110.696145,111.3286944,106.3134813,107.081577,104.7772899,22198748,536771039.16,1.7923,2.1992,1,0
2023-08-29,sz.002074,107.0363949,110.244324,106.4038455,110.1087777,107.081577,13960923,337191623.02,1.1272,2.827,1,0
2023-08-30,sz.002074,111.2835123,111.9160617,109.6569567,110.6057808,110.1087777,13152907,322670288.99,1.0208,0.4514,1,0
2023-08-31,sz.002074,109.792503,110.6057808,108.7081326,109.4310462,110.6057808,6815259,164932948.2,0.529,-1.0621,1,0
2023-09-01,sz.002074,109.792503,110.6057808,109.4310462,110.0184135,109.4310462,5724633,139422411.2,0.4443,0.5367,1,0
2023-09-04,sz.002074,111.0124197,111.7805154,109.9280493,111.4642407,110.0184135,8495451,208913763.76,0.6594,1.3142,1,0
2023-09-05,sz.002074,111.5094228,112.0064259,110.6057808,111.2383302,111.4642407,7940643,195698089.47,0.6163,-0.2027,1,0
2023-09-06,sz.002074,110.7413271,111.1027839,110.0635956,110.6509629,111.2383302,6703311,163914830.47,0.5203,-0.528,1,0
2023-09-07,sz.002074,110.244324,110.6509629,107.8044906,107.8044906,110.6509629,7598773,183103695.29,0.5898,-2.5725,1,0
2023-09-08,sz.002074,107.3978517,108.1207653,106.8556665,107.533398,107.8044906,5581117,132783413.6,0.4332,-0.2515,1,0
2023-09-11,sz.002074,109.3858641,110.696145,107.8496727,108.9792252,107.533398,12993086,313472802.38,1.0084,1.3445,1,0
2023-09-12,sz.002074,108.9792252,110.8768734,108.2563116,109.3858641,108.9792252,9683547,234640607.05,0.7516,0.3731,1,0
2023-09-13,sz.002074,109.4310462,110.244324,107.1719412,107.3074875,109.3858641,8256028,198065996.86,0.6408,-1.9,1,0
2023-09-14,sz.002074,106.8556665,107.6689443,105.2291109,106.2231171,107.3074875,8518994,200199136.65,0.6612,-1.0105,1,0
2023-09-15,sz.002074,106.5393918,106.9912128,104.5965615,105.0483825,106.2231171,8654717,201837048.25,0.6717,-1.1059,1,0
2023-09-18,sz.002074,105.5002035,108.7081326,105.3646572,107.1719412,105.0483825,11652227,276781102.98,0.9044,2.0215,1,0
2023-09-19,sz.002074,107.081577,107.8496727,105.7712961,106.3134813,107.1719412,6779302,159767536.58,0.5262,-0.801,1,0
2023-09-20,sz.002074,105.726114,105.9520245,103.467009,103.6477374,106.3134813,10243300,236398664.31,0.795,-2.5074,1,0
2023-09-21,sz.002074,103.6477374,104.4158331,103.1959164,103.7381016,103.6477374,6516924,149749037.58,0.5058,0.0872,1,0
2023-09-22,sz.002074,103.2410985,105.3194751,103.015188,105.274293,103.7381016,8724279,201484901.18,0.6771,1.4808,1,0
2023-09-25,sz.002074,104.5965615,105.726114,102.3826386,104.0543763,105.274293,11746741,269662423.57,0.9117,-1.1588,1,0
2023-09-26,sz.002074,103.91883,103.9640121,102.6537312,102.7892775,104.0543763,6901750,157422219.78,0.5357,-1.2158,1,0
2023-09-27,sz.002074,102.7892775,106.9912128,101.8404534,104.822472,102.7892775,13345926,310004990.32,1.0358,1.978,1,0
2023-09-28,sz.002074,105.0483825,105.6809319,104.2802868,104.822472,104.822472,6912698,160356649.2,0.5365,0.0,1,0
2023-10-09,sz.002074,104.6869257,105.3646572,103.467009,104.0091942,104.822472,7538475,173670868.52,0.5851,-0.7759,1,0
2023-10-10,sz.002074,104.2802868,105.4550214,103.8736479,103.8736479,104.0091942,8536000,197328442.14,0.6625,-0.1303,1,0
2023-10-11,sz.002074,104.3254689,105.5002035,103.91883,104.5061973,103.8736479,8432135,195260468.87,0.6545,0.609,1,0
2023-10-12,sz.002074,105.274293,109.6117746,105.0032004,109.4310462,104.5061973,23248149,555261168.68,1.8044,4.7125,1,0
2023-10-13,sz.002074,108.43704,109.2503178,107.6237622,108.43704,109.4310462,12182808,291859068.78,0.9456,-0.9083,1,0
2023-10-16,sz.002074,108.43704,108.43704,105.274293,105.7712961,108.43704,10606554,249705907.38,0.8232,-2.4583,1,0
2023-10-17,sz.002074,105.726114,107.3074875,105.0032004,105.3646572,105.7712961,9854260,230934194.86,0.7648,-0.3845,1,0
2023-10-18,sz.002074,105.0483825,105.0483825,103.5121911,104.0543763,105.3646572,7454778,172018291.89,0.5786,-1.2436,1,0
2023-10-19,sz.002074,103.0603701,103.6929195,100.8464472,100.9368114,104.0543763,13597732,306843437.21,1.0554,-2.9961,1,0
2023-10-20,sz.002074,100.0331694,103.8284658,99.7620768,102.5181849,100.9368114,12832310,290753756.75,0.996,1.5667,1,0
2023-10-23,sz.002074,102.8796417,102.9700059,98.3162496,99.0391632,102.5181849,10948234,241872699.46,0.8497,-3.3936,1,0
2023-10-24,sz.002074,98.948799,100.0783515,97.7288823,98.5873422,99.0391632,11628909,253865060.59,0.9026,-0.4562,1,0
2023-10-25,sz.002074,98.948799,100.8916293,98.8132527,98.9036169,98.5873422,9345429,206231773.18,0.7253,0.3208,1,0
2023-10-26,sz.002074,98.7228885,99.1295274,96.4637835,99.0391632,98.9036169,13028608,281340461.73,1.0112,0.137,1,0
2023-10-27,sz.002074,98.5421601,106.177935,98.1355212,105.7712961,99.0391632,28112293,645106425.16,2.1819,6.7974,1,0
2023-10-30,sz.002074,103.9640121,104.9580183,103.6025553,104.5965615,105.7712961,13813226,319109529.5,1.0704,-1.1106,1,0
2023-10-31,sz.002074,104.0995584,104.5061973,101.9759997,102.8344596,104.5965615,11395030,259321005.72,0.883,-1.6847,1,0
2023-11-01,sz.002074,103.91883,104.9128362,102.7892775,103.7381016,102.8344596,10708793,246123495.01,0.8299,0.8787,1,0
2023-11-02,sz.002074,103.7832837,104.5061973,102.111546,102.2470923,103.7381016,7151464,163158616.58,0.5542,-1.4373,1,0
2023-11-03,sz.002074,102.2019102,104.1447405,102.111546,103.6929195,102.2470923,8731068,199890118.31,0.6766,1.4141,1,0
2023-11-06,sz.002074,104.2351047,108.888861,103.467009,107.6689443,103.6929195,19538644,464217243.91,1.5141,3.8344,1,0
2023-11-07,sz.002074,107.3074875,107.5785801,106.177935,106.5393918,107.6689443,9903394,233934099.54,0.7674,-1.0491,1,0
2023-11-08,sz.002074,106.629756,106.9912128,105.274293,106.4942097,106.5393918,8573580,201616364.65,0.6644,-0.0424,1,0
2023-11-09,sz.002074,106.0875708,107.2623054,105.726114,106.9008486,106.4942097,10426987,245708523.34,0.808,0.3818,1,0
2023-11-10,sz.002074,106.177935,106.4942097,105.0483825,105.726114,106.9008486,8044290,187860727.26,0.6234,-1.0989,1,0
2023-11-13,sz.002074,105.726114,107.8044906,105.1839288,107.3978517,105.726114,13125043,309207352.23,1.0171,1.5812,1,0
2023-11-14,sz.002074,107.2171233,107.8496727,105.9068424,106.4038455,107.3978517,7610535,179576650.17,0.5898,-0.9255,1,0
2023-11-15,sz.002074,107.9400369,108.3014937,106.9912128,107.533398,106.4038455,11070633,263436651.39,0.8579,1.0616,1,0
2023-11-16,sz.002074,107.533398,107.5785801,105.3646572,105.4550214,107.533398,7434423,174533330.74,0.5761,-1.9328,1,0
2023-11-17,sz.002074,105.274293,106.0875708,104.8676541,105.7712961,105.4550214,7099594,165746269.57,0.5502,0.2999,1,0
2023-11-20,sz.002074,105.9068424,105.9520245,103.015188,105.0483825,105.7712961,10632572,245817969.1,0.824,-0.6835,1,0
2023-11-21,sz.002074,105.5453856,105.8164782,104.2802868,104.4158331,105.0483825,8069096,187658786.56,0.6253,-0.6022,1,0
2023-11-22,sz.002074,103.9640121,104.0543763,101.207904,101.207904,104.4158331,11169675,253004921.62,0.8656,-3.0723,1,0
2023-11-23,sz.002074,101.1175398,102.3826386,101.0271756,102.111546,101.207904,6489762,146253847.69,0.5029,0.8929,1,0
2023-11-24,sz.002074,102.0211818,102.0211818,100.2590799,100.4398083,102.111546,6699181,149288256.54,0.5177,-1.6372,1,0
2023-11-27,sz.002074,100.4849904,100.756083,98.8584348,100.1687157,100.4398083,8305254,183272059.29,0.6419,-0.2699,1,0
2023-11-28,sz.002074,99.9879873,101.2982682,99.1747095,101.0271756,100.1687157,8234376,182368852.47,0.6364,0.857,1,0
2023-11-29,sz.002074,100.756083,101.7049071,99.5361663,101.1175398,101.0271756,9317085,207732824.42,0.7201,0.0894,1,0
2023-11-30,sz.002074,100.8916293,101.7952713,99.7620768,100.0783515,101.1175398,8656245,192975330.7,0.669,-1.0277,1,0
2023-12-01,sz.002074,100.1687157,100.304262,97.2318792,97.9547928,100.0783515,11404382,247750087.08,0.8814,-2.1219,1,0
2023-12-04,sz.002074,99.7620768,101.8856355,98.5421601,98.5873422,97.9547928,14473942,321044082.73,1.1186,0.6458,1,0
2023-12-05,sz.002074,97.593336,100.0783515,96.8252403,97.0059687,98.5873422,13398966,291427317.02,1.0355,-1.604,1,0
2023-12-06,sz.002074,97.0059687,103.7381016,96.7348761,101.5693608,97.0059687,32005765,722697078.97,2.4197,4.7042,1,0
2023-12-07,sz.002074,101.659725,103.5121911,101.2530861,102.8796417,101.5693608,14492477,328145574.9,1.0957,1.29,1,0
2023-12-08,sz.002074,103.467009,104.1447405,101.3886324,101.659725,102.8796417,11263917,254836918.42,0.8516,-1.1858,1,0
2023-12-11,sz.002074,101.1175398,101.3886324,97.8644286,101.0271756,101.659725,12358844,272257001.96,0.9344,-0.6222,1,0
2023-12-12,sz.002074,100.9819935,101.3886324,99.4458021,99.9879873,101.0271756,5818712,129032230.98,0.4399,-1.0286,1,0
2023-12-13,sz.002074,99.852441,100.1235336,97.6837002,97.6837002,99.9879873,8320741,181346763.9,0.6291,-2.3046,1,0
2023-12-14,sz.002074,99.2198916,99.6265305,93.6173112,93.7980396,97.6837002,17811427,378829208.88,1.3466,-3.9778,1,0
2023-12-15,sz.002074,93.978768,95.1083205,92.6684871,92.8492155,93.7980396,13136435,271707412.58,0.9932,-1.0116,1,0
2023-12-18,sz.002074,92.2166661,92.8943976,89.912379,90.1382895,92.8492155,12439823,250394498.04,0.9405,-2.9197,1,0
2023-12-19,sz.002074,90.0931074,91.4485704,89.4153759,90.9063852,90.1382895,8811680,176568015.42,0.6662,0.8521,1,0
2023-12-20,sz.002074,90.816021,91.3582062,89.2346475,89.2346475,90.9063852,6929772,138202950.25,0.5239,-1.839,1,0
2023-12-21,sz.002074,88.8280086,92.0359377,88.556916,91.267842,89.2346475,11097825,222003162.59,0.839,2.2785,1,0
2023-12-22,sz.002074,91.267842,93.8884038,89.7316506,92.171484,91.267842,11575040,235360243.06,0.8751,0.9901,1,0
2023-12-25,sz.002074,92.4877587,93.6624933,92.2166661,92.9395797,92.171484,7031203,144686568.59,0.5316,0.8333,1,0
2023-12-26,sz.002074,93.1203081,93.8432217,91.5389346,91.8100272,92.9395797,5024431,102425946.8,0.3799,-1.2154,1,0
2023-12-27,sz.002074,91.8100272,92.171484,90.3642,90.9515673,91.8100272,8775382,176557576.98,0.6634,-0.935,1,0
2023-12-28,sz.002074,90.5449284,96.9156045,90.4545642,96.5993298,90.9515673,21587835,454210201.8,1.6321,6.2096,1,0
2023-12-29,sz.002074,96.689694,97.8192465,96.237873,97.141515,96.5993298,13867064,298195361.36,1.0484,0.5613,1,0
2024-01-02,sz.002074,97.2318792,97.3222434,94.88241,94.88241,97.141515,10567834,223612192.74,0.799,-2.3256,1,0
2024-01-03,sz.002074,94.7920458,95.5601415,94.1143143,94.88241,94.88241,6398714,134062960.6,0.4838,0.0,1,0
2024-01-04,sz.002074,94.6564995,94.8372279,92.7588513,93.2558544,94.88241,6084825,125856315.1,0.46,-1.7143,1,0
2024-01-05,sz.002074,94.6113174,97.3222434,92.3973945,92.8492155,93.2558544,16795678,353131735.18,1.2698,-0.436,1,0
2024-01-08,sz.002074,92.2166661,95.1083205,91.0871136,91.1774778,92.8492155,11409242,233199326.95,0.8626,-1.8005,1,0
2024-01-09,sz.002074,91.2226599,93.3462186,90.1834716,91.4937525,91.1774778,10255832,207583003.42,0.7754,0.3469,1,0
2024-01-10,sz.002074,90.9063852,93.075126,89.6864685,90.9515673,91.4937525,10688250,216198608.54,0.8081,-0.5926,1,0
2024-01-11,sz.002074,91.0419315,96.1475088,90.0479253,95.0179563,90.9515673,21839101,452168564.75,1.6511,4.4709,1,0
2024-01-12,sz.002074,94.88241,96.1926909,94.3854069,94.7468637,95.0179563,14198682,299158788.39,1.0735,-0.2853,1,0
2024-01-15,sz.002074,94.6564995,95.5601415,92.8492155,94.4757711,94.7468637,10336273,215697618.86,0.7815,-0.2861,1,0
2024-01-16,sz.002074,94.0239501,96.5993298,93.6624933,95.334231,94.4757711,11779775,248044011.14,0.8906,0.9087,1,0
2024-01-17,sz.002074,94.88241,94.88241,92.4877587,92.4877587,95.334231,10068876,208381397.82,0.7612,-2.9858,1,0
2024-01-18,sz.002074,91.0871136,93.4365828,90.3190179,92.9847618,92.4877587,13409509,272626609.22,1.0138,0.5374,1,0
2024-01-19,sz.002074,92.3973945,95.4245952,92.171484,92.7136692,92.9847618,11333449,234528237.38,0.8568,-0.2915,1,0
2024-01-22,sz.002074,91.0419315,92.7136692,88.3310055,89.460558,92.7136692,19546262,390904236.17,1.4778,-3.5088,1,0
2024-01-23,sz.002074,89.5057401,90.2286537,86.5689036,87.0659067,89.460558,17029679,332586291.83,1.2875,-2.6768,1,0
2024-01-24,sz.002074,87.3369993,87.8791845,83.2706103,86.1622647,87.0659067,18684677,352941352.45,1.4126,-1.0379,1,0
2024-01-25,sz.002074,85.6652616,88.0599129,84.2194344,87.653274,86.1622647,14971116,286360179.99,1.1319,1.7305,1,0
2024-01-26,sz.002074,87.201453,87.8340024,85.9815363,86.297811,87.653274,11456872,219816041.23,0.8662,-1.5464,1,0
2024-01-29,sz.002074,86.0267184,86.5237215,83.135064,83.135064,86.297811,10584111,197751146.53,0.8002,-3.6649,1,0
2024-01-30,sz.002074,85.0327122,88.4665518,83.8127955,84.038706,83.135064,22075143,421955583.22,1.6689,1.087,1,0
2024-01-31,sz.002074,84.038706,88.2406413,83.9483418,84.490527,84.038706,21192216,402875863.33,1.6022,0.5376,1,0
2024-02-01,sz.002074,84.038706,84.038706,81.0566874,82.0055115,84.490527,16260376,296886584.11,1.2293,-2.9412,1,0
2024-02-02,sz.002074,81.779601,82.9995177,76.3125669,78.8879466,82.0055115,18848217,332421808.14,1.4243,-3.8017,1,0
2024-02-05,sz.002074,78.2553972,78.8879466,72.743181,75.5896533,78.8879466,21343562,361110878.31,1.6129,-4.181,1,0
2024-02-06,sz.002074,73.8727335,81.8699652,73.3305483,81.32778,75.5896533,20363635,353969978.86,1.5388,7.5912,1,0
2024-02-07,sz.002074,81.3729621,84.4001628,80.5596843,82.2766041,81.32778,18079599,331150346.94,1.3662,1.1667,1,0
2024-02-08,sz.002074,82.7284251,84.490527,81.32778,84.1290702,82.2766041,18708564,345206977.45,1.4138,2.2515,1,0
2024-02-19,sz.002074,84.4453449,85.0778943,82.683243,84.9875301,84.1290702,14644123,272721842.04,1.1066,1.0204,1,0
2024-02-20,sz.002074,84.038706,84.490527,83.3157924,84.3097986,84.9875301,8995036,167103602.45,0.6797,-0.7974,1,0
2024-02-21,sz.002074,83.586885,87.0207246,83.2254282,84.8971659,84.3097986,14705603,277881104.62,1.1113,0.6967,1,0
2024-02-22,sz.002074,84.490527,86.0267184,84.1742523,85.7104437,84.8971659,8657353,163700975.55,0.6542,0.958,1,0
2024-02-23,sz.002074,85.6652616,88.0599129,85.3038048,87.2918172,85.7104437,16034960,307752842.3,1.2117,1.845,1,0
2024-02-26,sz.002074,87.3369993,88.4213697,86.0719005,86.6140857,87.2918172,13015264,250654870.39,0.9835,-0.7764,1,0
2024-02-27,sz.002074,86.1170826,87.8791845,85.9363542,87.7888203,86.6140857,13446173,259301920.61,1.0161,1.3563,1,0
2024-02-28,sz.002074,88.4665518,91.1774778,85.84599,85.8911721,87.7888203,23859376,470185984.48,1.803,-2.1616,1,0
2024-02-29,sz.002074,85.9363542,89.4153759,85.8911721,89.4153759,85.8911721,19580703,380631960.72,1.4797,4.1031,1,0
2024-03-01,sz.002074,89.2798296,90.6352926,88.556916,89.8220148,89.4153759,14771306,292780580.25,1.1162,0.4548,1,0
2024-03-04,sz.002074,89.8220148,91.0871136,88.9635549,89.0991012,89.8220148,11943542,236858016.72,0.9026,-0.8048,1,0
2024-03-05,sz.002074,88.556916,88.7376444,87.2466351,87.7436382,89.0991012,12796368,248784498.84,0.967,-1.5213,1,0
2024-03-06,sz.002074,86.7948141,90.2738358,86.6140857,89.2346475,87.7436382,12614331,247058349.15,0.9532,1.6993,1,0
2024-03-07,sz.002074,88.9635549,89.7316506,87.3369993,87.4273635,89.2346475,9421113,184344619.47,0.7119,-2.0253,1,0
2024-03-08,sz.002074,87.3821814,88.2858234,85.9815363,86.7948141,87.4273635,9790724,188232248.68,0.7399,-0.7235,1,0
2024-03-11,sz.002074,87.9695487,94.3402248,87.8791845,92.9395797,86.7948141,37431258,757635738.69,2.8286,7.0796,1,0
2024-03-12,sz.002074,93.3010365,93.7980396,91.6292988,92.4877587,92.9395797,24602192,503386621.93,1.8592,-0.4861,1,0
2024-03-13,sz.002074,92.9847618,95.0631384,92.171484,93.7528575,92.4877587,26100046,540539100.32,1.9723,1.3679,1,0
2024-03-14,sz.002074,93.2558544,94.7016816,91.1774778,91.9003914,93.7528575,18608313,381637592.06,1.4062,-1.9759,1,0
2024-03-15,sz.002074,91.1774778,91.5841167,89.5057401,90.9967494,91.9003914,18190687,364199014.42,1.3746,-0.9833,1,0
2024-03-18,sz.002074,92.623305,94.2046785,91.6744809,93.7528575,90.9967494,23898021,491545799.01,1.8059,3.0288,1,0
2024-03-19,sz.002074,94.430589,96.237873,93.3010365,93.3914007,93.7528575,24284549,508167712.44,1.8351,-0.3855,1,0
2024-03-20,sz.002074,94.3402248,98.948799,94.1594964,95.7408699,93.3914007,33425141,713215862.36,2.5259,2.5157,1,0
2024-03-21,sz.002074,95.5149594,96.1926909,93.2558544,94.7016816,95.7408699,26579264,556595210.81,2.0086,-1.0854,1,0
2024-03-22,sz.002074,94.430589,94.5209532,91.0871136,91.4937525,94.7016816,19039169,388587990.63,1.4388,-3.3874,1,0
2024-03-25,sz.002074,91.0871136,91.3582062,88.3310055,88.4665518,91.4937525,17595193,349841595.12,1.3296,-3.3086,1,0
2024-03-26,sz.002074,88.4665518,93.075126,88.4665518,92.171484,88.4665518,26219887,527000415.64,1.9814,4.1879,1,0
2024-03-27,sz.002074,92.171484,92.623305,88.4213697,88.4213697,92.171484,17270299,344730755.51,1.3051,-4.0686,1,0
2024-03-28,sz.002074,88.5117339,93.2106723,88.4665518,91.7648451,88.4213697,24208202,489132616.3,1.8294,3.7813,1,0
2024-03-29,sz.002074,92.623305,93.7528575,90.3642,91.4937525,91.7648451,19447071,396412123.64,1.4696,-0.2954,1,0
2024-04-01,sz.002074,92.0811198,93.9335859,92.0811198,93.0299439,91.4937525,22905832,471760924.04,1.731,1.679,1,0
2024-04-02,sz.002074,94.1594964,98.5873422,93.1203081,97.0511508,93.0299439,48838953,1036434040.19,3.6907,4.3225,1,0
2024-04-03,sz.002074,94.7468637,97.0059687,94.2498606,94.3402248,97.0511508,33345421,703487097.02,2.5199,-2.7933,1,0
2024-04-08,sz.002074,94.2046785,96.1475088,90.3642,90.4997463,94.3402248,31105525,640337800.6,2.3506,-4.0709,1,0
2024-04-09,sz.002074,90.6804747,95.9215983,90.6804747,94.9275921,90.4997463,35192331,733426888.43,2.6594,4.8927,1,0
2024-04-10,sz.002074,95.8312341,96.237873,92.9395797,94.0239501,94.9275921,25298602,527276796.23,1.9118,-0.9519,1,0
2024-04-11,sz.002074,93.075126,93.4365828,90.816021,92.2166661,94.0239501,21654939,441702624.68,1.6364,-1.9222,1,0
2024-04-12,sz.002074,91.6744809,91.8100272,87.6984561,88.2406413,92.2166661,28765470,569201456.48,2.1738,-4.3116,1,0
2024-04-15,sz.002074,87.9243666,90.4997463,85.4845332,86.6140857,88.2406413,21894649,423769369.66,1.6545,-1.8433,1,0
2024-04-16,sz.002074,86.3429931,86.3881752,81.9603294,82.0506936,86.6140857,26082446,480980497.43,1.971,-5.2686,1,0
2024-04-17,sz.002074,83.5417029,85.394169,83.1802461,85.2134406,82.0506936,19417724,362574945.45,1.4674,3.8546,1,0
2024-04-18,sz.002074,84.6260733,86.9303604,82.9995177,85.6652616,85.2134406,21426173,404737765.2,1.6191,0.5302,1,0
2024-04-19,sz.002074,85.84599,85.8911721,83.3609745,83.8127955,85.6652616,20096999,374757151.61,1.5187,-2.1624,1,0
2024-04-22,sz.002074,84.038706,84.1742523,80.424138,81.6440547,83.8127955,26442793,480125499.24,1.9977,-2.5876,1,0
2024-04-23,sz.002074,82.231422,82.9543356,79.7915886,80.2434096,81.6440547,21440082,383317218.72,1.6197,-1.7156,1,0
2024-04-24,sz.002074,80.2434096,80.5596843,78.2553972,80.4693201,80.2434096,18710611,329751554.47,1.4135,0.2815,1,0
2024-04-25,sz.002074,80.0626812,82.5025146,79.520496,81.5988726,80.4693201,21916417,394652859.84,1.6557,1.4037,1,0
2024-04-26,sz.002074,81.32778,83.0898819,80.4693201,82.2766041,81.5988726,24360106,442451047.82,1.8403,0.8306,1,0
2024-04-29,sz.002074,82.231422,86.4785394,81.8247831,85.8008079,82.2766041,30225142,568597716.88,2.2834,4.2834,1,0
2024-04-30,sz.002074,86.0719005,86.3881752,84.4001628,84.7616196,85.8008079,15893018,298883815.12,1.2007,-1.2112,1,0
2024-05-06,sz.002074,86.4333573,88.3761876,86.3429931,87.2918172,84.7616196,23315877,450603441.38,1.7614,2.9851,1,0
2024-05-07,sz.002074,88.556916,88.556916,86.749632,87.3369993,87.2918172,14937792,288604807.27,1.1285,0.0518,1,0
2024-05-08,sz.002074,86.9755425,87.5177277,85.6652616,85.8008079,87.3369993,11760616,225054803.84,0.8885,-1.7589,1,0
2024-05-09,sz.002074,88.105095,89.0991012,87.201453,87.9243666,85.8008079,24183606,471754311.24,1.827,2.475,1,0
2024-05-10,sz.002074,87.1110888,87.653274,85.84599,86.8399962,87.9243666,17742521,340125357.97,1.3404,-1.2333,1,0
2024-05-13,sz.002074,87.201453,87.201453,84.7164375,85.6200795,86.8399962,14418236,274085886.26,1.0892,-1.4048,1,0
2024-05-14,sz.002074,85.5297153,86.2074468,85.0327122,85.5297153,85.6200795,12126955,229585615.56,0.9161,-0.1055,1,0
2024-05-15,sz.002074,85.394169,86.5237215,83.9031597,83.9935239,85.5297153,11694800,219333865.0,0.8835,-1.7961,1,0
2024-05-16,sz.002074,84.0838881,84.8068017,83.4965208,83.8579776,83.9935239,9169805,170803849.15,0.6927,-0.1614,1,0
2024-05-17,sz.002074,84.7616196,92.2618482,83.7224313,92.2618482,83.8579776,53509435,1057799834.65,4.0424,10.0216,1,0
2024-05-20,sz.002074,96.7800582,98.2258854,94.6564995,95.2438668,92.2618482,84643156,1800557067.79,6.3944,3.2321,1,0
2024-05-21,sz.002074,94.7016816,101.659725,94.7016816,99.6265305,95.2438668,87259657,1912382961.03,6.5921,4.6015,1,0
2024-05-22,sz.002074,98.496978,100.1687157,97.141515,98.8584348,99.6265305,57507247,1255263251.67,4.3444,-0.771,1,0
2024-05-23,sz.002074,98.948799,99.3102558,94.9727742,95.6053236,98.8584348,42036505,897466206.37,3.1757,-3.2907,1,0
2024-05-24,sz.002074,94.9727742,96.3282372,93.2558544,93.4365828,95.6053236,28349370,592294642.89,2.1417,-2.2684,1,0
2024-05-27,sz.002074,94.4757711,97.7288823,93.4365828,96.4186014,93.4365828,49614704,1055503586.29,3.7482,3.1915,1,0
2024-05-28,sz.002074,94.9727742,95.6053236,92.3070303,92.3973945,96.4186014,36103117,746441202.05,2.7274,-4.1706,1,0
2024-05-29,sz.002074,91.9003914,95.5601415,91.4937525,94.1143143,92.3973945,36118580,748156915.37,2.7286,1.8582,1,0
2024-05-30,sz.002074,94.1594964,95.2438668,92.2618482,92.5781229,94.1143143,29272412,605597296.37,2.2114,-1.6323,1,0
2024-05-31,sz.002074,93.0299439,94.0691322,91.719663,91.719663,92.5781229,23861903,489929333.45,1.8027,-0.9273,1,0
2024-06-03,sz.002074,91.9003914,92.4877587,90.0931074,92.0359377,91.719663,25428251,513504951.83,1.921,0.3448,1,0
2024-06-04,sz.002074,91.4033883,94.1594964,90.4093821,93.4817649,92.0359377,28790084,590957185.05,2.175,1.5709,1,0
2024-06-05,sz.002074,92.8040334,93.8432217,91.2226599,91.3130241,93.4817649,21076348,431093448.85,1.5922,-2.32,1,0
2024-06-06,sz.002074,90.816021,91.9455735,88.6924623,89.008737,91.3130241,27735780,550858184.13,2.0953,-2.5235,1,0
2024-06-07,sz.002074,89.0539191,90.0479253,85.7104437,87.1110888,89.008737,29461926,570366317.9,2.2257,-2.132,1,0
2024-06-11,sz.002074,86.749632,87.8791845,84.8519838,87.8791845,87.1110888,17350220,333421417.38,1.3107,0.8817,1,0
2024-06-12,sz.002074,87.4273635,87.653274,86.3881752,87.3369993,87.8791845,13779427,265803154.68,1.041,-0.617,1,0
2024-06-13,sz.002074,87.1110888,87.5629098,85.9363542,86.0719005,87.3369993,17042251,325837727.99,1.2875,-1.4485,1,0
2024-06-14,sz.002074,86.3881752,86.9303604,84.942348,86.749632,86.0719005,16616771,316067203.33,1.2553,0.7874,1,0
2024-06-17,sz.002074,86.7948141,95.334231,86.5237215,94.1143143,86.749632,54812838,1119526489.2,4.1258,8.4896,1,0
2024-06-18,sz.002074,93.978768,94.430589,92.171484,93.4365828,94.1143143,25393134,523083517.68,1.9114,-0.7201,1,0
2024-06-19,sz.002074,93.3914007,93.3914007,91.267842,91.4937525,93.4365828,16994774,345712193.32,1.2792,-2.0793,1,0
2024-06-20,sz.002074,91.5389346,92.1263019,89.1894654,89.2346475,91.4937525,17994277,359615324.21,1.3545,-2.4691,1,0
2024-06-21,sz.002074,89.68875925,90.77864797,88.23557429,89.41628707,89.23463895,17228188,339503200.16,1.2968,0.2036,1,0
2024-06-24,sz.002074,88.37181038,89.9158194,87.6452179,87.91769008,89.41628707,16053729,313923301.01,1.2084,-1.676,1,0
2024-06-25,sz.002074,88.28098632,89.41628707,85.78332467,86.50991715,87.91769008,17664232,339355099.5,1.3296,-1.6012,1,0
2024-06-26,sz.002074,87.46356978,89.09840286,85.51085249,89.09840286,86.50991715,19651982,380088749.1,1.4792,2.9921,1,0
2024-06-27,sz.002074,88.5534585,88.59887053,86.64615324,87.05486151,89.09840286,13683669,263523231.6,1.03,-2.2936,1,0
2024-06-28,sz.002074,86.46450512,88.19016226,86.32826903,86.96403745,87.05486151,16509464,317516176.66,1.2427,-0.1043,1,0
2024-07-01,sz.002074,85.73791264,86.41909309,82.69530663,84.4663758,86.96403745,21162671,391224824.65,1.5929,-2.8721,1,0
2024-07-02,sz.002074,84.0122555,85.05673219,83.28566302,83.60354723,84.4663758,12987624,239965419.36,0.9776,-1.0215,1,0
2024-07-03,sz.002074,83.78519535,85.69250061,83.1040149,84.73884798,83.60354723,14061690,261308816.28,1.0584,1.358,1,0
2024-07-04,sz.002074,84.69343595,85.10214422,83.01319084,83.14942693,84.73884798,9794010,180568130.38,0.7372,-1.8757,1,0
2024-07-05,sz.002074,82.78613069,83.46731114,81.65082994,83.28566302,83.14942693,11445849,207569433.97,0.8615,0.1638,1,0
2024-07-08,sz.002074,83.05860287,83.05860287,80.74258934,81.15129761,83.28566302,11330820,203305358.64,0.8529,-2.5627,1,0
2024-07-09,sz.002074,81.01506152,82.83154272,80.42470513,82.42283445,81.15129761,11633383,209233922.19,0.8757,1.5669,1,0
2024-07-10,sz.002074,82.05953821,84.37555174,81.83247806,83.19483896,82.42283445,12031983,220747857.49,0.9057,0.9366,1,0
2024-07-11,sz.002074,84.78426001,86.10120888,84.19390362,85.3746164,83.19483896,15855235,297777336.41,1.1934,2.6201,1,0
2024-07-12,sz.002074,85.60167655,86.91862542,85.05673219,85.51085249,85.3746164,10945475,206538967.96,0.8239,0.1596,1,0
2024-07-15,sz.002074,85.3746164,85.78332467,84.28472768,84.73884798,85.51085249,8696400,162361467.88,0.6546,-0.9028,1,0
2024-07-16,sz.002074,84.73884798,87.78145399,84.4663758,87.32733369,84.73884798,20033437,381965849.92,1.5079,3.0547,1,0
2024-07-17,sz.002074,86.82780136,87.14568557,85.96497279,86.69156527,87.32733369,11179203,213140651.05,0.8415,-0.728,1,0
2024-07-18,sz.002074,86.282857,87.50898181,85.19296828,87.00944948,86.69156527,12583011,239409661.85,0.9471,0.3667,1,0
2024-07-19,sz.002074,86.69156527,87.41815775,85.87414873,87.14568557,87.00944948,10642638,203417371.35,0.8011,0.1566,1,0
2024-07-22,sz.002074,87.05486151,87.82686602,86.282857,86.78238933,87.14568557,9818328,187835478.02,0.739,-0.4169,1,0
2024-07-23,sz.002074,86.78238933,86.96403745,84.37555174,84.55719986,86.78238933,12109603,228889088.16,0.9115,-2.5641,1,0
2024-07-24,sz.002074,84.55719986,85.28379234,84.10307956,84.51178783,84.55719986,9552515,178033119.37,0.719,-0.0537,1,0
2024-07-25,sz.002074,83.60354723,86.19203294,83.42189911,85.73791264,84.51178783,9243258,173905231.8,0.6958,1.4508,1,0
2024-07-26,sz.002074,85.51085249,87.82686602,85.51085249,87.28192166,85.73791264,11007944,211168424.86,0.8286,1.8008,1,0
2024-07-29,sz.002074,87.82686602,88.00851414,85.55626452,86.64615324,87.28192166,9323153,177367173.63,0.7018,-0.7284,1,0
2024-07-30,sz.002074,86.19203294,87.00944948,85.8287367,86.91862542,86.64615324,7086668,134985140.62,0.5334,0.3145,1,0
2024-07-31,sz.002074,86.91862542,88.82593068,86.37368106,88.68969459,86.91862542,16148879,312944315.21,1.2155,2.0376,1,0
2024-08-01,sz.002074,88.46263444,89.32546301,88.23557429,88.64428256,88.68969459,12189677,238127583.99,0.9175,-0.0512,1,0
2024-08-02,sz.002074,88.0993382,88.87134271,87.23650963,87.41815775,88.64428256,9990654,193703237.0,0.752,-1.3832,1,0
2024-08-05,sz.002074,87.14568557,88.91675474,86.60074121,86.7369773,87.41815775,12919883,249668996.34,0.9725,-0.7792,1,0
2024-08-06,sz.002074,87.55439384,88.46263444,86.19203294,87.6452179,86.7369773,9862241,189706918.84,0.7423,1.0471,1,0
2024-08-07,sz.002074,87.50898181,88.05392617,87.05486151,87.23650963,87.6452179,6979209,134591152.64,0.5253,-0.4663,1,0
2024-08-08,sz.002074,86.78238933,87.69062993,85.8287367,86.78238933,87.23650963,8020830,153059613.2,0.6037,-0.5206,1,0
2024-08-09,sz.002074,87.05486151,87.78145399,85.51085249,85.51085249,86.78238933,7538353,143470657.95,0.5674,-1.4652,1,0
2024-08-12,sz.002074,86.23744497,86.91862542,83.87601941,84.23931565,85.51085249,8175633,152649851.01,0.6154,-1.487,1,0
2024-08-13,sz.002074,83.96684347,85.73791264,83.5581352,84.96590813,84.23931565,7946885,147923423.69,0.5982,0.8625,1,0
2024-08-14,sz.002074,84.69343595,85.78332467,83.46731114,83.46731114,84.96590813,6652877,122871056.67,0.5008,-1.7638,1,0
2024-08-15,sz.002074,83.1040149,84.19390362,82.46824648,83.78519535,83.46731114,7451496,137046907.08,0.5609,0.3808,1,0
2024-08-16,sz.002074,83.83060738,83.87601941,82.6498946,82.69530663,83.78519535,6614911,121000155.92,0.4979,-1.3008,1,0
2024-08-19,sz.002074,82.51365851,83.28566302,81.96871415,82.28659836,82.69530663,6894851,125208062.3,0.519,-0.4942,1,0
2024-08-20,sz.002074,82.92236678,83.24025099,81.69624197,81.96871415,82.28659836,8202096,148519880.8,0.6174,-0.3863,1,0
2024-08-21,sz.002074,81.46918182,83.78519535,81.19670964,83.1040149,81.96871415,12542263,229001419.51,0.9441,1.385,1,0
2024-08-22,sz.002074,84.14849159,87.1910976,83.19483896,85.01132016,83.1040149,28917530,545887134.09,2.1767,2.2951,1,0
2024-08-23,sz.002074,83.73978332,84.23931565,81.15129761,81.51459385,85.01132016,19016902,343295558.11,1.4314,-4.1132,1,0
2024-08-26,sz.002074,81.65082994,86.282857,81.60541791,84.33013971,81.51459385,19674435,366653724.97,1.4809,3.454,1,0
2024-08-27,sz.002074,84.0122555,84.05766753,81.741654,82.10495024,84.33013971,12827099,232551652.13,0.9655,-2.6387,1,0
2024-08-28,sz.002074,81.51459385,82.28659836,79.9251728,82.1957743,82.10495024,9457104,169138339.44,0.7118,0.1106,1,0
2024-08-29,sz.002074,82.1957743,84.87508407,81.78706603,83.5581352,82.1957743,15109542,278634692.57,1.1367,1.6575,1,0
2024-08-30,sz.002074,83.1040149,85.69250061,83.05860287,84.73884798,83.5581352,17052495,318099475.3,1.2828,1.413,1,0
2024-09-02,sz.002074,84.87508407,86.55532918,83.51272317,83.5581352,84.73884798,13192646,246262793.03,0.9925,-1.3934,1,0
2024-09-03,sz.002074,83.1040149,85.64708858,82.87695475,85.05673219,83.5581352,11470232,213863461.32,0.8629,1.7935,1,0
2024-09-04,sz.002074,84.14849159,87.14568557,84.0122555,86.01038482,85.05673219,17788237,337025856.25,1.3382,1.1212,1,0
2024-09-05,sz.002074,85.73791264,86.7369773,85.05673219,85.60167655,86.01038482,10091300,190229501.0,0.7592,-0.4752,1,0
2024-09-06,sz.002074,85.3746164,85.46544046,83.96684347,84.05766753,85.60167655,7415761,138103071.74,0.5579,-1.8037,1,0
2024-09-09,sz.002074,83.37648708,84.4663758,82.92236678,83.24025099,84.05766753,7144200,131467662.4,0.5374,-0.9724,1,0
2024-09-10,sz.002074,83.28566302,83.73978332,81.42376979,83.05860287,83.24025099,8674830,157360185.7,0.6526,-0.2182,1,0
2024-09-11,sz.002074,83.1040149,86.82780136,82.92236678,86.01038482,83.05860287,19640594,369832848.4,1.4775,3.5539,1,0
2024-09-12,sz.002074,85.42002843,86.69156527,85.19296828,85.73791264,86.01038482,11257505,213245479.98,0.8469,-0.3168,1,0
2024-09-13,sz.002074,85.73791264,85.96497279,82.96777881,83.01319084,85.73791264,11429300,210749498.0,0.8598,-3.178,1,0
2024-09-18,sz.002074,83.01319084,83.24025099,80.96964949,82.15036227,83.01319084,10284684,185056827.92,0.7737,-1.0394,1,0
2024-09-19,sz.002074,82.42283445,83.60354723,81.06047355,82.51365851,82.15036227,9558797,173406366.17,0.718,0.4422,1,0
2024-09-20,sz.002074,82.51365851,82.60448257,81.01506152,82.10495024,82.51365851,10509041,188553122.54,0.7893,-0.4953,1,0
2024-09-23,sz.002074,82.05953821,82.74071866,81.33294573,81.96871415,82.10495024,6791236,122802309.43,0.5101,-0.1659,1,0
2024-09-24,sz.002074,82.28659836,85.73791264,81.92330212,85.69250061,81.96871415,20330467,376397715.96,1.527,4.5429,1,0
2024-09-25,sz.002074,85.8287367,88.50804647,85.8287367,86.23744497,85.69250061,21560683,415187181.09,1.6194,0.6359,1,0
2024-09-26,sz.002074,85.46544046,88.50804647,85.46544046,88.50804647,86.23744497,17038941,326789347.81,1.2798,2.633,1,0
2024-09-27,sz.002074,89.4616991,97.09092014,89.4616991,95.365263,88.50804647,36502076,750178681.28,2.7417,7.7476,1,0
2024-09-30,sz.002074,99.63399382,104.9017893,98.13539683,104.9017893,95.365263,53354585,1200013822.04,4.0075,10.0,1,0
2024-10-08,sz.002074,115.39196823,115.39196823,108.35310358,115.39196823,104.9017893,67292344,1681363740.62,5.0544,10.0,1,0
2024-10-09,sz.002074,114.39290357,114.39290357,104.81096524,104.85637727,115.39196823,54106592,1299218150.66,4.064,-9.1303,1,0
2024-10-10,sz.002074,104.94720133,108.35310358,102.72201186,103.58484043,104.85637727,33006916,765032773.34,2.4792,-1.2126,1,0
2024-10-11,sz.002074,103.58484043,103.58484043,96.81844796,98.18080886,103.58484043,29252012,640100498.17,2.1971,-5.217,1,0
2024-10-14,sz.002074,98.31704495,100.17893818,97.04550811,99.49775773,98.18080886,23758529,516753599.79,1.7845,1.3414,1,0
2024-10-15,sz.002074,99.49775773,100.04270209,96.86385999,97.00009608,99.49775773,20360671,442013632.4,1.5293,-2.5103,1,0
2024-10-16,sz.002074,95.27443894,96.63679984,94.0029021,95.00196676,97.00009608,21613368,452309788.85,1.6234,-2.0599,1,0
2024-10-17,sz.002074,95.365263,96.77303593,93.86666601,93.95749007,95.00196676,16770860,352089153.63,1.2597,-1.0994,1,0
2024-10-18,sz.002074,93.77584195,100.58764645,93.77584195,98.31704495,93.95749007,31837995,680501535.26,2.3914,4.6399,1,0
2024-10-21,sz.002074,102.6311878,103.5394284,99.95187803,100.63305848,98.31704495,39461053,883015605.54,2.9639,2.3557,1,0
2024-10-22,sz.002074,100.67847051,102.85824795,99.95187803,102.22247953,100.63305848,31704837,709513742.41,2.3814,1.5794,1,0
2024-10-23,sz.002074,102.26789156,104.76555321,100.72388254,103.22154419,102.22247953,36616933,828806239.11,2.7503,0.9773,1,0
2024-10-24,sz.002074,102.99448404,102.99448404,100.26976224,100.67847051,103.22154419,18461823,411147505.04,1.3867,-2.4637,1,0
2024-10-25,sz.002074,100.95094269,105.8100299,100.95094269,104.35684494,100.67847051,44462551,1020322619.2,3.3396,3.6536,1,0
2024-10-28,sz.002074,106.58203441,106.76368253,103.44860434,105.17426148,104.35684494,33295184,768351087.47,2.5008,0.7833,1,0
2024-10-29,sz.002074,105.17426148,106.49121035,102.58577577,102.81283592,105.17426148,28599379,654088374.54,2.1481,-2.2453,1,0
2024-10-30,sz.002074,102.22247953,103.90272464,101.54129908,102.85824795,102.81283592,22740195,515043842.35,1.708,0.0442,1,0
2024-10-31,sz.002074,103.76648855,104.447669,101.7229472,103.40319231,102.85824795,29613841,673995535.58,2.2243,0.5298,1,0
2024-11-01,sz.002074,103.35778028,105.58296975,100.54223442,101.58671111,103.40319231,28487129,643588927.49,2.1397,-1.7567,1,0
2024-11-04,sz.002074,102.44953968,110.16958478,102.40412765,106.12791411,101.58671111,47930643,1125600267.4,3.6001,4.4703,1,0
2024-11-05,sz.002074,104.49308103,107.85357125,103.5394284,107.49027501,106.12791411,47055908,1100854504.16,3.5222,1.2837,1,0
2024-11-06,sz.002074,107.6265111,111.84982989,107.30862689,108.26227952,107.49027501,57548932,1388341711.8,4.3076,0.7182,1,0
2024-11-07,sz.002074,108.988872,110.48746899,107.44486298,109.62464042,108.26227952,46804242,1125572873.21,3.5034,1.2584,1,0
2024-11-08,sz.002074,110.39664493,114.84702387,109.30675621,109.4429923,109.62464042,56127569,1381776849.92,4.2012,-0.1657,1,0
2024-11-11,sz.002074,111.2594735,117.02680131,110.03334869,114.80161184,109.4429923,73895585,1868007833.59,5.5312,4.8963,1,0
2024-11-12,sz.002074,114.80161184,118.29833815,112.57642237,113.75713515,114.80161184,63629097,1618537348.65,4.7627,-0.9098,1,0
2024-11-13,sz.002074,112.75807049,115.8006765,110.3512329,113.16677876,113.75713515,42327553,1047946323.28,3.1683,-0.519,1,0
2024-11-14,sz.002074,115.11949605,115.8006765,109.8971126,110.03334869,113.16677876,44199962,1100268315.1,3.3084,-2.7689,1,0
2024-11-15,sz.002074,109.03428403,110.48746899,105.94626599,105.94626599,110.03334869,33739848,804756574.01,2.5255,-3.7144,1,0
2024-11-18,sz.002074,106.76368253,109.80628854,104.67472915,105.40132163,105.94626599,36885921,869636553.9,2.761,-0.5144,1,0
2024-11-19,sz.002074,105.62838178,108.94345997,103.5394284,108.85263591,105.40132163,37738314,884232792.93,2.8248,3.2745,1,0
2024-11-20,sz.002074,108.85263591,110.57829305,107.71733516,109.26134418,108.85263591,37384882,899668160.72,2.7983,0.3755,1,0
2024-11-21,sz.002074,109.67005245,109.80628854,106.40038629,107.85357125,109.26134418,30089786,717432687.19,2.2523,-1.2884,1,0
2024-11-22,sz.002074,107.1723908,107.1723908,102.85824795,103.0853081,107.85357125,32555031,755046593.67,2.4368,-4.4211,1,0
2024-11-25,sz.002074,103.90272464,113.30301485,103.85731261,112.1677141,103.0853081,91779276,2227479545.84,6.8698,8.8106,1,0
2024-11-26,sz.002074,110.48746899,110.48746899,104.67472915,104.99261336,112.1677141,59073394,1387610165.19,4.4217,-6.3968,1,0
2024-11-27,sz.002074,103.0853081,105.58296975,100.40599833,105.44673366,104.99261336,38559552,871870486.52,2.8862,0.4325,1,0
2024-11-28,sz.002074,105.58296975,108.76181185,104.9017893,105.08343742,105.44673366,32381681,758429276.13,2.4175,-0.3445,1,0
2024-11-29,sz.002074,104.49308103,106.49121035,102.81283592,105.40132163,105.08343742,31929985,736263825.71,2.3838,0.3025,1,0
2024-12-02,sz.002074,105.44673366,105.99167802,103.13072013,105.71920584,105.40132163,29461777,681988631.18,2.1995,0.3016,1,0
2024-12-03,sz.002074,105.67379381,105.71920584,103.13072013,103.90272464,105.71920584,26416227,604342708.89,1.9721,-1.7182,1,0
2024-12-04,sz.002074,103.58484043,103.63025246,101.31423893,101.81377126,103.90272464,21702868,488813745.82,1.6203,-2.0105,1,0
2024-12-05,sz.002074,101.31423893,102.35871562,101.08717878,102.22247953,101.81377126,17407636,390303187.71,1.2993,0.4014,1,0
2024-12-06,sz.002074,102.22247953,103.94813667,100.90553066,103.13072013,102.22247953,22051897,497990130.45,1.6459,0.8885,1,0
2024-12-09,sz.002074,103.0853081,103.85731261,101.49588705,102.31330359,103.13072013,17373470,392363929.96,1.2967,-0.7926,1,0
2024-12-10,sz.002074,104.94720133,105.3559096,102.44953968,102.6311878,102.31330359,28023876,639608340.82,2.0916,0.3107,1,0
2024-12-11,sz.002074,102.1770675,102.76742389,101.7229472,102.49495171,102.6311878,18109378,407200413.14,1.3516,-0.1327,1,0
2024-12-12,sz.002074,102.49495171,103.0853081,101.35965096,103.03989607,102.49495171,20874677,470252029.74,1.558,0.5317,1,0
2024-12-13,sz.002074,102.94907201,102.94907201,100.8147066,100.86011863,103.03989607,20621839,460495655.53,1.5391,-2.1155,1,0
2024-12-16,sz.002074,100.3605863,100.72388254,97.68127653,98.22622089,100.86011863,24434293,530728975.44,1.4173,-2.6114,1,0
2024-12-17,sz.002074,98.0899848,100.17893818,97.99916074,98.45328104,98.22622089,17056438,371948772.04,0.9893,0.2312,1,0
2024-12-18,sz.002074,98.86198931,99.08904946,98.22622089,98.63492916,98.45328104,9585581,208089529.64,0.556,0.1845,1,0
2024-12-19,sz.002074,97.6358645,98.77116525,96.77303593,98.68034119,98.63492916,11565000,249789236.0,0.6708,0.046,1,0
2024-12-20,sz.002074,98.63492916,101.49588705,98.13539683,99.08904946,98.68034119,26243561,577870445.87,1.5222,0.4142,1,0
2024-12-23,sz.002074,99.4523457,100.90553066,98.36245698,98.36245698,99.08904946,15920107,349223778.12,0.9234,-0.7333,1,0
2024-12-24,sz.002074,98.90740134,100.3605863,98.68034119,99.99729006,98.36245698,13185102,289432579.54,0.7648,1.662,1,0
2024-12-25,sz.002074,99.99729006,100.45141036,98.0899848,98.5441051,99.99729006,10073489,219143351.22,0.5843,-1.4532,1,0
2024-12-26,sz.002074,98.9982254,99.40693367,98.31704495,98.58951713,98.5441051,9963631,216840905.4,0.5779,0.0461,1,0
2024-12-27,sz.002074,98.63492916,100.13352615,98.04457277,99.08904946,98.58951713,14309374,312701228.75,0.83,0.5067,1,0
2024-12-30,sz.002074,98.68034119,100.04270209,98.40786901,99.63399382,99.08904946,13509500,295595117.31,0.7836,0.55,1,0
2024-12-31,sz.002074,99.40693367,99.906466,96.09185548,96.36432766,99.63399382,16312169,350417938.38,0.9461,-3.2817,1,0
2025-01-02,sz.002074,96.2735036,96.2735036,92.09559684,92.6405412,96.36432766,20118373,416419835.8,1.1669,-3.8643,1,0
2025-01-03,sz.002074,92.6405412,93.50336977,90.14287955,90.50617579,92.6405412,16207732,327145389.1,0.9401,-2.3039,1,0
2025-01-06,sz.002074,91.14194421,92.82218932,90.96029609,91.55065248,90.50617579,13561700,274087324.2,0.7866,1.154,1,0
2025-01-07,sz.002074,92.95842541,93.77584195,92.1864209,93.77584195,91.55065248,12841300,262970486.0,0.7448,2.4306,1,0
2025-01-08,sz.002074,93.5487818,93.73042992,90.73323594,92.82218932,93.77584195,12249570,248958181.26,0.7105,-1.0169,1,0
2025-01-09,sz.002074,92.1864209,93.59419383,91.77771263,92.77677729,92.82218932,9462834,193809619.73,0.5489,-0.0489,1,0
2025-01-10,sz.002074,93.0946615,93.32172165,91.2781803,91.36900436,92.77677729,10436032,211955326.28,0.6053,-1.5174,1,0
2025-01-13,sz.002074,90.96029609,93.32172165,90.32452767,92.45889308,91.36900436,11109775,225728700.8,0.6444,1.1928,1,0
2025-01-14,sz.002074,93.27630962,95.27443894,92.27724496,95.27443894,92.45889308,17316650,358650336.7,1.0044,3.0452,1,0
2025-01-15,sz.002074,95.27443894,95.72855924,94.0029021,94.95655473,95.27443894,12591456,263330102.74,0.7303,-0.3337,1,0
2025-01-16,sz.002074,95.63773518,96.50056375,94.09372616,95.04737879,94.95655473,10940753,229588486.93,0.6346,0.0956,1,0
2025-01-17,sz.002074,94.50243443,95.68314721,94.22996225,95.18361488,95.04737879,9472762,197912154.06,0.5494,0.1433,1,0
2025-01-20,sz.002074,96.09185548,98.27163292,95.95561939,97.09092014,95.18361488,16145199,345289173.41,0.9364,2.0038,1,0
2025-01-21,sz.002074,97.68127653,97.95374871,95.68314721,96.09185548,97.09092014,10145464,215240396.32,0.5884,-1.029,1,0
2025-01-22,sz.002074,95.68314721,96.04644345,94.63867052,95.18361488,96.09185548,9232252,193747963.57,0.5355,-0.9452,1,0
2025-01-23,sz.002074,96.50056375,97.13633217,94.9111427,95.00196676,95.18361488,11024770,232953912.6,0.6394,-0.1908,1,0
2025-01-24,sz.002074,94.68408255,95.59232315,94.32078631,95.00196676,95.00196676,10507238,219870094.7,0.6094,0.0,1,0
2025-01-27,sz.002074,95.09279082,95.95561939,93.95749007,93.95749007,95.00196676,8079789,168517422.15,0.4686,-1.0994,1,0
2025-02-05,sz.002074,94.82031864,95.68314721,94.04831413,94.95655473,93.95749007,11399785,238781940.9,0.6612,1.0633,1,0
2025-02-06,sz.002074,94.86573067,98.49869307,94.50243443,98.45328104,94.95655473,20096651,430847521.33,1.1656,3.6824,1,0
2025-02-07,sz.002074,98.22622089,100.26976224,97.68127653,99.40693367,98.45328104,22068927,482893236.25,1.28,0.9686,1,0
2025-02-10,sz.002074,100.67847051,100.95094269,99.36152164,100.26976224,99.40693367,19843156,437227597.12,1.1509,0.868,1,0
2025-02-11,sz.002074,99.906466,99.95187803,98.68034119,98.90740134,100.26976224,12007760,261877177.81,0.6965,-1.3587,1,0
2025-02-12,sz.002074,98.95281337,100.8147066,98.31704495,100.13352615,98.90740134,17318602,378751576.28,1.0045,1.2397,1,0
2025-02-13,sz.002074,100.17893818,102.13165547,99.99729006,100.26976224,100.13352615,25365201,565585773.13,1.4712,0.1361,1,0
2025-02-14,sz.002074,100.76929457,103.26695622,100.54223442,102.49495171,100.26976224,30133593,679621627.21,1.7478,2.2192,1,0
2025-02-17,sz.002074,103.63025246,103.81190058,101.04176675,101.67753517,102.49495171,25112383,562800903.23,1.4565,-0.7975,1,0
2025-02-18,sz.002074,103.22154419,104.53849306,101.2688269,101.85918329,101.67753517,38058151,865189682.04,2.2074,0.1787,1,0
2025-02-19,sz.002074,100.58764645,102.81283592,100.3605863,102.49495171,101.85918329,26015076,584039256.53,1.5089,0.6242,1,0
2025-02-20,sz.002074,102.54036374,102.76742389,100.95094269,101.63212314,102.49495171,18583035,415939273.26,1.0778,-0.8418,1,0
2025-02-21,sz.002074,101.90459532,104.40225697,101.81377126,104.12978479,101.63212314,35105701,800562622.45,2.0362,2.4576,1,0
2025-02-24,sz.002074,105.12884945,105.94626599,103.58484043,104.53849306,104.12978479,33160032,765978730.68,1.9233,0.3925,1,0
2025-02-25,sz.002074,103.40319231,105.3559096,102.85824795,104.12978479,104.53849306,24474211,562063202.4,1.4195,-0.391,1,0
2025-02-26,sz.002074,104.22060885,106.62744644,104.22060885,105.53755772,104.12978479,26325393,611352290.38,1.5269,1.3519,1,0
2025-02-27,sz.002074,106.2641502,109.26134418,105.8100299,106.99074268,105.53755772,50429623,1192512958.14,2.925,1.3769,1,0
2025-02-28,sz.002074,107.08156674,109.57922839,105.49214569,105.76461787,106.99074268,49505930,1172067677.74,2.8714,-1.146,1,0
2025-03-03,sz.002074,107.98980734,112.53101034,107.12697877,109.8971126,105.76461787,65933388,1599115881.32,3.8242,3.9073,1,0
2025-03-04,sz.002074,108.80722388,108.80722388,105.3559096,107.39945095,109.8971126,41140974,964932540.02,2.3862,-2.2727,1,0
2025-03-05,sz.002074,107.12697877,107.53568704,105.03802539,105.90085396,107.39945095,24911071,580289876.92,1.4449,-1.3953,1,0
2025-03-06,sz.002074,106.49121035,107.30862689,105.71920584,106.53662238,105.90085396,27933088,654606935.84,1.6202,0.6003,1,0
2025-03-07,sz.002074,106.03709005,106.03709005,103.9935487,104.49308103,106.53662238,26651015,616309353.02,1.5458,-1.9182,1,0
2025-03-10,sz.002074,104.85637727,106.17332614,104.17519682,104.94720133,104.49308103,18308540,423286884.42,1.0619,0.4346,1,0
2025-03-11,sz.002074,103.81190058,105.17426148,103.22154419,105.17426148,104.94720133,14348256,329977873.26,0.8322,0.2164,1,0
2025-03-12,sz.002074,105.44673366,105.94626599,104.53849306,105.03802539,105.17426148,18576147,430618524.77,1.0774,-0.1295,1,0
2025-03-13,sz.002074,105.3559096,106.67285847,103.31236825,104.17519682,105.03802539,21144909,488062658.42,1.2264,-0.8214,1,0
2025-03-14,sz.002074,104.26602088,105.58296975,103.5394284,105.44673366,104.17519682,21033468,486217361.58,1.22,1.2206,1,0
2025-03-17,sz.002074,105.76461787,106.44579832,104.99261336,105.94626599,105.44673366,24721898,576197919.49,1.4339,0.4737,1,0
2025-03-18,sz.002074,106.62744644,108.03521937,106.03709005,106.2641502,105.94626599,24875571,585381482.05,1.4428,0.3,1,0
2025-03-19,sz.002074,105.90085396,106.17332614,104.31143291,105.26508554,106.2641502,20317511,469872079.68,1.1784,-0.9402,1,0
2025-03-20,sz.002074,105.71920584,105.76461787,104.03896073,104.12978479,105.26508554,13462144,310200050.46,0.7808,-1.0785,1,0
2025-03-21,sz.002074,103.5394284,104.447669,101.63212314,102.26789156,104.12978479,18871223,426880186.27,1.0946,-1.7881,1,0
2025-03-24,sz.002074,102.1770675,102.40412765,99.81564194,101.31423893,102.26789156,14154344,314681205.28,0.821,-0.9325,1,0
2025-03-25,sz.002074,101.49588705,102.13165547,100.45141036,101.40506299,101.31423893,10732562,239266254.68,0.6225,0.0896,1,0
2025-03-26,sz.002074,101.2688269,101.76835923,100.90553066,100.99635472,101.40506299,10169317,226768101.24,0.5898,-0.403,1,0
2025-03-27,sz.002074,100.72388254,101.54129908,99.58858179,100.8147066,100.99635472,11762944,260592928.18,0.6823,-0.1799,1,0
2025-03-28,sz.002074,100.99635472,101.40506299,100.08811412,100.3605863,100.8147066,8349823,184866827.91,0.4843,-0.4505,1,0
2025-03-31,sz.002074,100.86011863,101.58671111,98.0899848,98.90740134,100.3605863,16576218,363980052.35,0.9614,-1.448,1,0
2025-04-01,sz.002074,98.81657728,99.86105397,98.40786901,99.22528555,98.90740134,10061778,219865724.84,0.5836,0.3214,1,0
2025-04-02,sz.002074,99.22528555,99.95187803,98.77116525,99.13446149,99.22528555,8179107,178992844.64,0.4744,-0.0915,1,0
2025-04-03,sz.002074,97.86292465,99.49775773,97.6358645,98.0899848,99.13446149,8766001,189989774.93,0.5084,-1.0536,1,0
2025-04-07,sz.002074,90.27911564,93.41254571,88.28098632,88.28098632,98.0899848,24547327,484330500.39,1.4238,-10.0,1,0
2025-04-08,sz.002074,87.28192166,89.41628707,85.8287367,87.1910976,88.28098632,25906672,497198207.13,1.5026,-1.2346,1,0
2025-04-09,sz.002074,85.3746164,87.82686602,83.60354723,87.55439384,87.1910976,23803120,452436001.35,1.3806,0.4167,1,0
2025-04-10,sz.002074,89.9158194,90.50617579,88.68969459,89.23463895,87.55439384,19816014,391226551.62,1.1494,1.9191,1,0
2025-04-11,sz.002074,88.28098632,91.55065248,88.05392617,91.18735624,89.23463895,17648461,350509761.55,1.0236,2.1883,1,0
2025-04-14,sz.002074,92.6405412,94.0029021,92.09559684,92.45889308,91.18735624,16225550,332044009.84,0.9411,1.3944,1,0
2025-04-15,sz.002074,92.59512917,93.73042992,91.77771263,92.1864209,92.45889308,12621559,257496966.03,0.7321,-0.2947,1,0
2025-04-16,sz.002074,91.55065248,92.50430511,90.27911564,92.32265699,92.1864209,12296155,247511077.13,0.7132,0.1478,1,0
2025-04-17,sz.002074,91.41441639,92.50430511,91.2781803,91.59606451,92.32265699,9818093,198362809.7,0.5695,-0.787,1,0
2025-04-18,sz.002074,91.59606451,92.05018481,90.77864797,91.82312466,91.59606451,7638106,153890184.97,0.443,0.2479,1,0
2025-04-21,sz.002074,91.86853669,92.45889308,91.23276827,92.1864209,91.82312466,8780670,177822170.08,0.5093,0.3956,1,0
2025-04-22,sz.002074,91.68688857,91.82312466,90.77864797,91.2781803,92.1864209,9339186,187732795.82,0.5417,-0.9852,1,0
2025-04-23,sz.002074,91.7323006,92.14100887,90.77864797,91.55065248,91.2781803,11202977,225487564.45,0.6498,0.2985,1,0
2025-04-24,sz.002074,91.55065248,92.27724496,90.73323594,90.96029609,91.55065248,10057761,202520922.95,0.5834,-0.6448,1,0
2025-04-25,sz.002074,91.7323006,92.27724496,90.96029609,92.05018481,90.96029609,10660994,215498919.65,0.618,1.1982,1,0
2025-04-28,sz.002074,92.59512917,92.86760135,91.2781803,91.32359233,92.05018481,10319361,208760686.65,0.5982,-0.7893,1,0
2025-04-29,sz.002074,91.09653218,92.82218932,91.09653218,92.59512917,91.32359233,11386200,231632388.18,0.66,1.3923,1,0
2025-04-30,sz.002074,92.54971714,94.32078631,92.36806902,93.82125398,92.59512917,12400069,255286637.5,0.7188,1.3242,1,0
2025-05-06,sz.002074,94.4570224,95.45608706,94.41161037,95.45608706,93.82125398,14814765,309368357.33,0.8588,1.7425,1,0
2025-05-07,sz.002074,96.7276239,96.86385999,94.68408255,95.365263,95.45608706,15565692,327057190.58,0.9023,-0.0951,1,0
2025-05-08,sz.002074,95.68314721,97.49962841,95.41067503,96.7276239,95.365263,15551769,330670889.32,0.9015,1.4286,1,0
2025-05-09,sz.002074,96.95468405,106.40038629,95.8193833,105.58296975,96.7276239,57380967,1299979258.55,3.3262,9.1549,1,0
2025-05-12,sz.002074,109.07969606,113.03054267,106.30956223,109.67005245,105.58296975,117275588,2830241117.85,6.7981,3.871,1,0
2025-05-13,sz.002074,108.48933967,109.07969606,106.49121035,108.67098779,109.67005245,69944062,1661323987.36,4.0544,-0.911,1,0
2025-05-14,sz.002074,107.85357125,110.30582087,107.44486298,108.21686749,108.67098779,55111794,1317725700.61,3.1947,-0.4179,1,0
2025-05-15,sz.002074,107.67192313,107.94439531,104.40225697,104.62931712,108.21686749,49966892,1160136989.88,2.8964,-3.3151,1,0
2025-05-16,sz.002074,103.9935487,107.76274719,103.90272464,104.9017893,104.62931712,46894716,1089020765.15,2.7183,0.2604,1,0
2025-05-19,sz.002074,105.3559096,107.71733516,104.9017893,104.99261336,104.9017893,48987595,1141886429.57,2.8397,0.0866,1,0
2025-05-20,sz.002074,106.76368253,114.07501936,106.76368253,110.03334869,104.99261336,103478587,2512458822.3,5.9983,4.801,1,0
2025-05-21,sz.002074,110.12417275,121.02305995,110.12417275,121.02305995,110.03334869,127905049,3329746385.32,7.4103,9.9876,1,0
2025-05-22,sz.002074,122.612481,125.29179077,117.1630374,117.6171577,121.02305995,187820729,5005061440.79,10.8816,-2.8143,1,0
2025-05-23,sz.002074,117.66256973,119.11575469,114.02960733,114.66537575,117.6171577,109323772,2794627683.17,6.3338,-2.5097,1,0
2025-05-26,sz.002074,113.43925094,115.25573214,112.34936222,113.30301485,114.66537575,66101050,1651462301.1,3.8296,-1.1881,1,0
2025-05-27,sz.002074,112.84889455,118.88869454,111.75900583,117.84421785,113.30301485,130417482,3319166485.88,7.5559,4.008,1,0
2025-05-28,sz.002074,115.61902838,115.70985244,113.0759547,113.12136673,117.84421785,73947567,1858069297.18,4.2842,-4.0077,1,0
2025-05-29,sz.002074,111.84982989,113.9841953,111.62276974,112.57642237,113.12136673,54352278,1349740788.77,3.149,-0.4817,1,0
2025-05-30,sz.002074,112.48559831,113.89337124,111.07782538,111.21406147,112.57642237,47833465,1183850113.52,2.7713,-1.2102,1,0
2025-06-03,sz.002074,109.4429923,112.44018628,109.4429923,111.53194568,111.21406147,40270013,986038381.31,2.3331,0.2858,1,0
2025-06-04,sz.002074,111.94065395,115.98232462,111.35029756,114.02960733,111.53194568,64152473,1613211575.98,3.7167,2.2394,1,0
2025-06-05,sz.002074,114.07501936,114.52913966,112.71265846,113.48466297,114.02960733,39254474,979295743.7,2.2743,-0.4779,1,0
2025-06-06,sz.002074,113.66631109,118.02586597,113.30301485,114.71078778,113.48466297,71735792,1829061404.92,4.1561,1.0804,1,0
2025-06-09,sz.002074,115.39196823,118.5253983,114.93784793,117.39009755,114.71078778,62516006,1612507791.2,3.6219,2.3357,1,0
2025-06-10,sz.002074,117.88962988,119.97858326,114.4383156,114.93784793,117.39009755,80892764,2083989973.13,4.6866,-2.089,1,0
2025-06-11,sz.002074,114.4383156,118.29833815,114.16584342,114.39290357,114.93784793,54754374,1396196978.47,3.1723,-0.4741,1,0
2025-06-12,sz.002074,113.93878327,115.25573214,112.66724643,114.39290357,114.39290357,42536097,1066026080.98,2.4644,0.0,1,0
2025-06-13,sz.002074,113.530075,114.21125545,111.84982989,112.21312613,114.39290357,35622742,884649242.22,2.0638,-1.9055,1,0
2025-06-16,sz.002074,111.89524192,113.39383891,111.80441786,113.25760282,112.21312613,24659687,612542880.66,1.4287,0.9308,1,0
2025-06-17,sz.002074,113.30301485,114.98325996,112.75807049,113.9841953,113.25760282,35436645,887925592.16,2.0531,0.6415,1,0
2025-06-18,sz.002074,113.530075,119.79693514,112.30395019,117.98045394,113.9841953,75425955,1930891095.78,4.3699,3.506,1,0
2025-06-19,sz.002074,118.02586597,123.74778175,117.52633364,120.3418795,117.98045394,99134225,2632096702.54,5.7434,2.0015,1,0
2025-06-20,sz.002074,119.4336389,121.7042404,117.02680131,117.43550958,120.3418795,65683802,1725132213.18,3.8055,-2.4151,1,0
2025-06-23,sz.002074,116.2547968,127.153684,116.20938477,126.01838325,117.43550958,112246737,3058274862.13,6.5031,7.3086,1,0
2025-06-24,sz.002074,124.79225844,138.64292759,123.9748419,138.64292759,126.01838325,171152757,4969612079.01,9.9159,10.018,1,0
2025-06-25,sz.002074,141.6855336,152.49359674,141.09517721,149.95052306,138.64292759,272398810,8852103156.5,15.7817,8.1559,1,0
2025-06-26,sz.002074,150.13217118,156.62609147,146.63544487,147.08956517,149.95052306,256080752,8500685051.69,14.8363,-1.9079,1,0
2025-06-27,sz.002074,147.22580126,152.1303005,144.8643757,146.72626893,147.08956517,155534815,5065571577.95,9.0111,-0.247,1,0
2025-06-30,sz.002074,146.86250502,151.13123584,144.54649149,147.40744938,146.72626893,142165388,4611624479.54,8.2365,0.4643,1,0
2025-07-01,sz.002074,145.50014412,147.18038923,140.09611255,144.09237119,147.40744938,131362556,4133441326.5,7.6106,-2.2489,1,0
2025-07-02,sz.002074,144.09237119,144.36484337,140.82270503,141.32223736,144.09237119,61520898,1926502667.46,3.5643,-1.9225,1,0
2025-07-03,sz.002074,142.50295014,142.73001029,139.4149321,141.59470954,141.32223736,81065745,2522006280.1,4.6966,0.1928,1,0
2025-07-04,sz.002074,140.18693661,141.45847345,136.87185842,139.14245992,141.59470954,79976787,2443933197.34,4.6335,-1.7319,1,0
2025-07-07,sz.002074,139.14245992,140.27776067,137.5984509,138.18880729,139.14245992,48207212,1473323245.5,2.7929,-0.6854,1,0
2025-07-08,sz.002074,137.68927496,138.73375165,137.05350654,137.73468699,138.18880729,62112566,1884716315.49,3.5986,-0.3286,1,0
2025-07-09,sz.002074,138.0525712,141.14058924,135.96361782,136.41773812,137.73468699,110371314,3365682295.76,6.3945,-0.9561,1,0
2025-07-10,sz.002074,135.28243737,137.55303887,134.73749301,135.82738173,136.41773812,59112259,1766144535.49,3.4247,-0.4328,1,0
2025-07-11,sz.002074,135.41867346,139.4149321,135.00996519,137.46221481,135.82738173,83309995,2527512238.46,4.8224,1.2036,1,0
2025-07-14,sz.002074,137.50762684,139.09704789,135.7819697,136.55397421,137.46221481,50430293,1518902958.69,2.9192,-0.6607,1,0
2025-07-15,sz.002074,136.05444188,138.23421932,132.6031276,133.5113682,136.55397421,73714180,2186086540.75,4.2669,-2.2281,1,0
2025-07-16,sz.002074,133.46595617,134.69208098,132.64853963,133.60219226,133.5113682,36765770,1081032123.24,2.1282,0.068,1,0
2025-07-17,sz.002074,133.55678023,136.91727045,131.92194715,136.23609,133.60219226,68821284,2052132989.09,3.9837,1.9714,1,0
2025-07-18,sz.002074,137.5984509,144.31943134,136.73562233,141.77635766,136.23609,121120613,3764923841.08,7.0111,4.0667,1,0
2025-07-21,sz.002074,141.6852556,143.46201604,138.86066208,142.09527724,141.77637152,77202609,2389457091.32,4.4689,0.2249,1,0
2025-07-22,sz.002074,140.7740964,143.82647972,139.1795678,140.86521232,142.09527724,78570874,2441396740.51,4.5481,-0.8657,1,0
2025-07-23,sz.002074,139.77182128,139.81737924,136.67388,136.81055388,140.86521232,70316955,2125665308.95,4.0703,-2.8784,1,0
2025-07-24,sz.002074,136.4460902,139.31624168,136.12718448,138.63287228,136.81055388,54362727,1649504938.99,3.1468,1.332,1,0
2025-07-25,sz.002074,138.86066208,142.368625,138.86066208,139.27068372,138.63287228,61931645,1909560841.76,3.5849,0.4601,1,0
2025-07-28,sz.002074,139.1795678,142.86976256,138.0406188,141.95860336,139.27068372,70216914,2177816229.02,4.0645,1.93,1,0
2025-07-29,sz.002074,140.81965436,142.45974092,138.7239882,140.36407476,141.95860336,54208891,1673065962.88,3.1379,-1.1232,1,0
2025-07-30,sz.002074,141.04744416,141.09300212,133.7126126,134.80600364,140.36407476,76165021,2284845786.12,4.4088,-3.9598,1,0
2025-07-31,sz.002074,134.1681922,137.22057552,132.3458738,133.16591708,134.80600364,47028380,1386674340.52,2.7222,-1.2166,1,0
2025-08-01,sz.002074,132.5736636,133.62149668,130.979135,131.11580888,133.16591708,38640775,1119129477.98,2.2367,-1.5395,1,0
2025-08-04,sz.002074,130.02241784,132.75589544,129.3846064,132.52810564,131.11580888,32926624,949714212.19,1.906,1.0771,1,0
2025-08-05,sz.002074,132.93812728,134.21375016,132.20919992,132.8014534,132.52810564,29356681,856482955.59,1.6993,0.2063,1,0
2025-08-06,sz.002074,133.4848228,133.4848228,132.02696808,133.257033,132.8014534,27960363,815937651.1,1.6185,0.3431,1,0
2025-08-07,sz.002074,132.5736636,133.12035912,130.93357704,132.39143176,133.257033,33243784,963527403.64,1.9243,-0.6496,1,0
2025-08-08,sz.002074,132.84701136,134.76044568,132.16364196,132.43698972,132.39143176,31071674,906986191.23,1.7986,0.0344,1,0
2025-08-11,sz.002074,133.57593872,136.17274244,133.0292432,135.9905106,132.43698972,55470376,1645729220.63,3.2109,2.6832,1,0
2025-08-12,sz.002074,136.49164816,136.49164816,132.39143176,133.07480116,135.9905106,44742873,1311968737.6,2.5899,-2.1441,1,0
2025-08-13,sz.002074,133.4848228,138.951778,133.4848228,137.31169144,133.07480116,71253007,2133266284.63,4.1245,3.1838,1,0
2025-08-14,sz.002074,138.45064044,140.50074864,135.12490936,136.17274244,137.31169144,62070471,1879427947.2,3.5929,-0.8295,1,0
2025-08-15,sz.002074,135.3071412,139.36179964,135.17046732,138.76954616,136.17274244,51547256,1562701286.87,2.9838,1.907,1,0
2025-08-18,sz.002074,138.951778,140.95632824,137.63059716,139.6351474,138.76954616,65450597,2002123229.28,3.7886,0.6238,1,0
2025-08-19,sz.002074,139.58958944,152.619166,138.4961984,147.74446428,139.6351474,124648432,3997271851.8,7.2153,5.8075,1,0
2025-08-20,sz.002074,145.83102996,147.24332672,143.507574,146.87886304,147.74446428,71355700,2278738207.29,4.1304,-0.5859,1,0
2025-08-21,sz.002074,146.924421,147.51667448,141.6852556,142.32306704,146.87886304,61086817,1931860705.77,3.536,-3.1017,1,0
2025-08-22,sz.002074,142.368625,145.60324016,142.32306704,144.82875484,142.32306704,56091082,1778196323.19,3.2468,1.7606,1,0
2025-08-25,sz.002074,145.37545036,148.61006552,144.646523,146.42328344,144.82875484,74127602,2381818844.94,4.2909,1.101,1,0
2025-08-26,sz.002074,146.51439936,151.9357966,144.78319688,148.15448592,146.42328344,86022876,2802682381.26,4.9794,1.1823,1,0
2025-08-27,sz.002074,147.28888468,152.8469558,146.60551528,147.47111652,148.15448592,90479564,2975668293.66,5.2374,-0.4613,1,0
2025-08-28,sz.002074,147.42555856,152.34581824,145.64879812,151.0246374,147.47111652,87394626,2868467255.32,5.0588,2.4096,1,0
2025-08-29,sz.002074,151.11575332,166.14988012,150.38682596,166.14988012,151.0246374,86744851,3045143799.02,5.0212,10.0151,1,0
2025-09-01,sz.002074,175.35258804,182.77853552,174.4869868,182.77853552,166.14988012,161297749,6338507772.11,9.3369,10.0082,1,0
2025-09-02,sz.002074,188.1543748,193.48465612,180.31840568,183.1429992,182.77853552,265605881,10867738780.76,15.3748,0.1994,1,0
2025-09-03,sz.002074,183.73525268,196.76482924,181.36623876,191.52566384,183.1429992,236488979,9907979839.64,13.6894,4.5771,1,0
2025-09-04,sz.002074,191.343432,202.732922,180.91065916,184.9653176,191.52566384,252703299,10672197791.82,14.628,-3.4253,1,0
2025-09-05,sz.002074,185.10199148,203.46184936,185.10199148,200.59169788,184.9653176,286119295,12410851256.72,16.5623,8.4483,1,0
2025-09-08,sz.002074,200.455024,210.66000704,191.29787404,203.27961752,200.59169788,287404599,12504217717.38,16.6367,1.34,1,0
2025-09-09,sz.002074,196.03590188,223.234004,194.9880688,216.26363612,203.27961752,281443909,12979988932.53,16.2916,6.3873,1,0
2025-09-10,sz.002074,209.566616,216.8558896,206.05865308,213.02902096,216.26363612,210624857,9763487148.29,12.1922,-1.4957,1,0
2025-09-11,sz.002074,209.83996376,218.2226284,202.77847996,214.122412,213.02902096,192919212,8905105656.69,11.1673,0.5133,1,0
2025-09-12,sz.002074,216.44586796,227.01531468,212.7556732,215.12468712,214.122412,212465622,10251246368.7,12.2988,0.4681,1,0
2025-09-15,sz.002074,215.17024508,222.27728684,207.0609282,209.38438416,215.12468712,206041616,9699762761.54,11.9269,-2.6684,1,0
2025-09-16,sz.002074,207.10648616,212.3000936,205.9219792,211.3889344,209.38438416,148145024,6805672811.5,8.5755,0.9574,1,0
2025-09-17,sz.002074,209.29326824,211.844514,203.1885016,206.01309512,211.3889344,142621823,6492995686.06,8.2558,-2.5431,1,0
2025-09-18,sz.002074,205.6941894,211.43449236,199.9994444,202.732922,206.01309512,163201951,7386127990.35,9.4471,-1.5922,1,0
2025-09-19,sz.002074,202.55069016,206.3775588,199.90832848,199.9994444,202.732922,110719321,4919518359.27,6.4091,-1.3483,1,0
2025-09-22,sz.002074,200.40946604,204.64635632,198.76937948,203.05182772,199.9994444,77246062,3410385656.77,4.4514,1.5262,1,0
2025-09-23,sz.002074,203.4162914,208.01764536,197.58487252,201.68508892,203.05182772,117538102,5228740320.39,6.7732,-0.6731,1,0
2025-09-24,sz.002074,199.90832848,207.19760208,197.2659668,205.2386098,201.68508892,134507903,5999261857.43,7.7511,1.7619,1,0
2025-09-25,sz.002074,203.23405956,211.79895604,202.45957424,210.66000704,205.2386098,149554078,6826628721.39,8.6182,2.6415,1,0
2025-09-26,sz.002074,207.288718,212.57344136,200.455024,200.50058196,210.66000704,103705007,4697049399.66,5.9761,-4.8227,1,0
2025-09-29,sz.002074,202.2773424,211.70784012,202.2773424,208.60989884,200.50058196,112960309,5144091647.13,6.5094,4.0445,1,0
2025-09-30,sz.002074,208.6554568,217.22035328,206.74202248,212.66455728,208.60989884,120255175,5609101472.02,6.9281,1.9437,1,0
2025-10-09,sz.002074,215.89917244,225.9674816,211.98118788,224.6007428,212.66455728,130985495,6331034312.12,7.5463,5.6127,1,0
2025-10-10,sz.002074,223.50735176,223.50735176,202.14066852,202.23178444,224.6007428,144920745,6656013886.39,8.3491,-9.9594,1,0
2025-10-13,sz.002074,187.926585,197.53931456,187.926585,195.4436484,202.23178444,87275112,3711440675.11,5.0281,-3.3566,1,0
2025-10-14,sz.002074,201.593973,202.23178444,185.37533924,186.69652008,195.4436484,84099988,3575182006.42,4.8451,-4.4755,1,0
2025-10-15,sz.002074,186.74207804,191.20675812,183.5985788,190.79673648,186.69652008,60113884,2470424093.45,3.4633,2.1962,1,0
2025-10-16,sz.002074,190.4322728,197.40264068,187.60767928,191.66233772,190.79673648,56026970,2362829086.53,3.2278,0.4537,1,0
2025-10-17,sz.002074,191.5712218,194.25914144,184.0541584,184.60085392,191.66233772,49850227,2049487141.97,2.8719,-3.6843,1,0
2025-10-20,sz.002074,188.01770092,196.8103872,186.69652008,191.48010588,184.60085392,59269241,2496572897.6,3.4146,3.7266,1,0
2025-10-21,sz.002074,193.1657504,193.34798224,189.70334544,192.0268014,191.48010588,43632862,1834591842.91,2.5138,0.2855,1,0
2025-10-22,sz.002074,191.98124344,192.0268014,187.51656336,189.38443972,192.0268014,31781482,1322458669.22,1.831,-1.376,1,0
2025-10-23,sz.002074,188.01770092,190.25004096,183.91748452,189.84001932,189.38443972,39325541,1614262392.02,2.2656,0.2406,1,0
2025-10-24,sz.002074,190.8878524,193.25686632,190.02225116,192.2545912,189.84001932,47004762,1977248162.36,2.708,1.2719,1,0
2025-10-27,sz.002074,200.455024,211.48005032,198.35935784,203.78075508,192.2545912,149486246,6761465395.45,8.6119,5.9953,1,0
2025-10-28,sz.002074,200.455024,203.96298692,195.94478596,200.9106036,203.78075508,88897338,3898040930.84,5.1214,-1.4085,1,0
2025-10-29,sz.002074,199.95388644,210.4777752,199.63498072,209.566616,200.9106036,114593329,5214299716.7,6.6017,4.3084,1,0
2025-10-30,sz.002074,209.93107968,215.58026672,207.83541352,208.70101476,209.566616,131927169,6120154547.54,7.6003,-0.413,1,0
2025-10-31,sz.002074,211.20670256,216.76477368,206.6053486,207.33427596,208.70101476,115443951,5362171725.72,6.6507,-0.6549,1,0
2025-11-03,sz.002074,203.1885016,203.1885016,191.89012752,199.68053868,207.33427596,105057691,4547230048.04,6.0524,-3.6915,1,0
2025-11-04,sz.002074,198.45047376,199.68053868,190.8878524,192.20903324,199.68053868,54847388,2337706412.14,3.1598,-3.7417,1,0
2025-11-05,sz.002074,188.19993276,199.90832848,187.88102704,197.12929292,192.20903324,64033337,2727123329.39,3.689,2.5598,1,0
2025-11-06,sz.002074,197.53931456,203.4162914,196.49148148,199.22495908,197.12929292,55534006,2435635181.29,3.1993,1.0631,1,0
2025-11-07,sz.002074,199.36163296,205.32972572,196.94706108,201.77620484,199.22495908,72689189,3219626954.16,4.1876,1.2806,1,0
2025-11-10,sz.002074,202.91515384,204.69191428,195.26141656,197.12929292,201.77620484,63888333,2801094592.87,3.6806,-2.303,1,0
2025-11-11,sz.002074,197.81266232,202.14066852,194.0769096,194.35025736,197.12929292,53240089,2311983217.85,3.0672,-1.4098,1,0
2025-11-12,sz.002074,192.30014916,193.94023572,186.1042666,188.65551236,194.35025736,55910459,2318756032.46,3.221,-2.9301,1,0
2025-11-13,sz.002074,188.56439644,200.9106036,188.1543748,197.7215464,188.65551236,90247975,3887772258.91,5.1992,4.8056,1,0
2025-11-14,sz.002074,195.899228,200.36390808,193.1657504,195.35253248,197.7215464,55341804,2386647613.14,3.1882,-1.1982,1,0
2025-11-17,sz.002074,193.62133,198.76937948,191.75345364,195.899228,195.35253248,44999830,1929630874.77,2.5924,0.2799,1,0
2025-11-18,sz.002074,195.30697452,198.08601008,189.7489034,191.43454792,195.899228,51496348,2177310215.83,2.9667,-2.2791,1,0
2025-11-19,sz.002074,189.9766932,193.89467776,184.46418004,186.3320564,191.43454792,49320899,2033057891.38,2.8414,-2.6654,1,0
2025-11-20,sz.002074,186.51428824,190.11336708,180.36396364,180.36396364,186.3320564,50568878,2052026364.6,2.9133,-3.2029,1,0
2025-11-21,sz.002074,178.1316236,179.7261522,172.07241492,172.07241492,180.36396364,64075808,2454392780.74,3.6914,-4.5971,1,0
2025-11-24,sz.002074,174.98812436,175.8537256,171.0701398,172.52799452,172.07241492,38375087,1455971705.1,2.2108,0.2648,1,0
2025-11-25,sz.002074,173.25692188,175.71705172,172.25464676,174.259197,172.52799452,38402199,1468941523.22,2.2123,1.0034,1,0
2025-11-26,sz.002074,173.8036174,177.03823256,171.981299,174.66921864,174.259197,38145143,1461310024.48,2.1975,0.2353,1,0
2025-11-27,sz.002074,174.98812436,180.1817318,174.98812436,175.398146,174.66921864,47119795,1833385711.09,2.7146,0.4173,1,0
2025-11-28,sz.002074,174.80589252,179.40724648,174.35031292,178.08606564,175.398146,42087606,1641732855.41,2.4247,1.5325,1,0
2025-12-01,sz.002074,179.17945668,180.1817318,177.26602236,178.95166688,178.08606564,34567597,1354664903.98,1.9914,0.4861,1,0
2025-12-02,sz.002074,177.676044,177.9038338,175.21591416,175.94484152,178.95166688,26256489,1015964785.91,1.5126,-1.6802,1,0
2025-12-03,sz.002074,176.17263132,177.4482542,172.6646684,173.120248,175.94484152,24534277,938949882.02,1.4134,-1.6054,1,0
2025-12-04,sz.002074,172.6646684,174.44142884,170.88790796,173.71250148,173.120248,21156307,803099955.78,1.2188,0.3421,1,0
2025-12-05,sz.002074,174.44142884,175.76260968,172.48243656,175.58037784,173.71250148,24725748,947015922.77,1.4244,1.0753,1,0
2025-12-08,sz.002074,175.67149376,180.27284772,175.67149376,179.08834076,175.58037784,37040545,1450662217.97,2.1339,1.9979,1,0
2025-12-09,sz.002074,177.49381216,179.63503628,176.58265296,178.08606564,179.08834076,26082159,1018331398.26,1.5026,-0.5597,1,0
2025-12-10,sz.002074,178.04050768,178.67831912,174.85145048,177.676044,178.08606564,25575649,992816877.09,1.4734,-0.2302,1,0
2025-12-11,sz.002074,178.31385544,181.3206808,175.35258804,175.398146,177.676044,35618383,1395747576.19,2.052,-1.2821,1,0
2025-12-12,sz.002074,175.67149376,177.40269624,172.6646684,176.3093052,175.398146,34836928,1338166313.15,2.007,0.5195,1,0
2025-12-15,sz.002074,175.99039948,177.08379052,172.57355248,173.25692188,176.3093052,25163019,961547276.5,1.4496,-1.7313,1,0
2025-12-16,sz.002074,172.80134228,173.21136392,167.97219852,169.0200316,173.25692188,29824813,1110953860.94,1.7182,-2.4454,1,0
2025-12-17,sz.002074,169.74895896,174.85145048,169.74895896,174.35031292,169.0200316,31822719,1204476513.47,1.8333,3.1536,1,0
2025-12-18,sz.002074,173.02913208,174.7147766,170.88790796,171.20681368,174.35031292,23684569,896211787.01,1.3645,-1.803,1,0
2025-12-19,sz.002074,171.89018308,174.259197,171.5257194,173.120248,171.20681368,26534186,1007516337.63,1.5286,1.1176,1,0
2025-12-22,sz.002074,173.84917536,176.94711664,173.84917536,175.80816764,173.120248,31334701,1209232200.2,1.8052,1.5526,1,0
2025-12-23,sz.002074,175.89928356,182.14072408,175.8537256,179.13389872,175.80816764,56289706,2216115119.21,3.2428,1.8917,1,0
2025-12-24,sz.002074,178.5872032,180.36396364,177.72160196,179.22501464,179.13389872,34439964,1352634244.47,1.9841,0.0509,1,0
2025-12-25,sz.002074,178.99722484,180.72842732,176.85600072,179.45280444,179.22501464,29796862,1166939000.13,1.7166,0.1271,1,0
2025-12-26,sz.002074,180.59175344,185.60312904,179.2705726,182.59630368,179.45280444,58036342,2327236347.75,3.3435,1.7517,1,0
2025-12-29,sz.002074,183.64413676,183.64413676,178.22273952,179.86282608,182.59630368,39687310,1569196340.55,2.2864,-1.497,1,0
2025-12-30,sz.002074,177.63048604,181.5484706,176.94711664,179.953942,179.86282608,32032950,1261048443.73,1.8454,0.0507,1,0
2025-12-31,sz.002074,180.6373114,181.5484706,177.676044,178.17718156,179.953942,26075402,1025327154.72,1.5022,-0.9873,1,0
