date,code,open,high,low,close,preclose,volume,amount,turn,pctChg,tradestatus,isST
2021-01-04,sz.300223,239.961176,243.5210396,229.2815852,243.5210396,241.25327464,6057334,545059511.18,4.7795,0.94,1,0
2021-01-05,sz.300223,242.04435544,249.00586648,211.03398808,225.8535684,243.5210396,13185413,1150195025.19,10.4039,-7.255,1,0
2021-01-06,sz.300223,221.502624,229.2815852,215.54314864,218.865688,225.8535684,10358845,867754182.85,8.1736,-3.094,1,0
2021-01-07,sz.300223,219.3930752,220.63243512,208.50252952,212.51067224,218.865688,6470098,523083365.03,5.1052,-2.9036,1,0
2021-01-08,sz.300223,212.51067224,215.72773416,209.3727184,214.69932912,212.51067224,4460139,360613033.88,3.5192,1.0299,1,0
2021-01-11,sz.300223,218.206454,219.60403008,210.4274928,213.3281224,214.69932912,5579713,455003621.23,4.4026,-0.6387,1,0
2021-01-12,sz.300223,213.3281224,214.7784372,207.28953896,210.21653792,213.3281224,4801146,381877981.31,3.7883,-1.4586,1,0
2021-01-13,sz.300223,209.3727184,214.88391464,200.407136,214.27741936,210.21653792,7464203,593725709.82,5.8896,1.9318,1,0
2021-01-14,sz.300223,214.19831128,220.65880448,208.7134844,217.6790668,214.27741936,9432681,772324449.39,7.4428,1.5875,1,0
2021-01-15,sz.300223,213.591816,213.591816,200.56535216,205.4173144,217.6790668,8646529,676040864.58,6.8225,-5.6329,1,0
2021-01-18,sz.300223,205.39094504,219.10301224,202.5166848,218.7338412,205.4173144,9085069,735049411.07,7.1685,6.4827,1,0
2021-01-19,sz.300223,218.52288632,219.44581392,210.95488,211.98328504,218.7338412,7294151,595372620.64,5.7554,-3.0862,1,0
2021-01-20,sz.300223,212.51067224,212.51067224,204.12521576,210.40112344,211.98328504,6140250,482171106.62,4.8449,-0.7464,1,0
2021-01-21,sz.300223,210.05832176,213.27538368,206.63030496,211.27131232,210.40112344,4203509,335075584.88,3.3168,0.4136,1,0
2021-01-22,sz.300223,210.6911864,211.90417696,204.59986424,205.70737736,211.27131232,4180321,327439994.25,3.2985,-2.6335,1,0
2021-01-25,sz.300223,201.725604,209.21450224,198.00752424,199.088668,205.70737736,4925302,377965561.66,3.8863,-3.2175,1,0
2021-01-26,sz.300223,199.19414544,203.5714592,191.9689408,195.55517376,199.088668,4847268,361439971.98,3.8247,-1.7748,1,0
2021-01-27,sz.300223,195.58154312,197.3746596,188.77824824,189.859392,195.55517376,4590039,333891687.76,3.6217,-2.9126,1,0
2021-01-28,sz.300223,187.59162704,189.78028392,183.267052,183.37252944,189.859392,4114030,289773435.63,3.2461,-3.4167,1,0
2021-01-29,sz.300223,185.27112336,186.66869944,176.9384056,179.5753416,183.37252944,3706681,254899679.31,2.9247,-2.0708,1,0
2021-02-01,sz.300223,178.2568736,183.0033584,178.09865744,179.8390352,179.5753416,3238938,221568671.6,2.5557,0.1468,1,0
2021-02-02,sz.300223,179.311648,180.2345756,176.1473248,177.65037832,179.8390352,2990811,201868250.05,2.3599,-1.217,1,0
2021-02-03,sz.300223,176.1473248,178.5205672,172.1919208,172.74567736,177.65037832,3502596,231418826.56,2.7637,-2.7609,1,0
2021-02-04,sz.300223,171.6645336,174.59153256,166.68072456,171.98096592,172.74567736,3972107,256798601.51,3.1342,-0.4427,1,0
2021-02-05,sz.300223,171.95459656,174.5651632,167.445436,167.55091344,171.98096592,2901541,187975367.94,2.2894,-2.5759,1,0
2021-02-08,sz.300223,167.78823768,177.38668472,166.94441816,171.69090296,167.55091344,3609733,236012701.55,2.8482,2.4709,1,0
2021-02-09,sz.300223,171.63816424,175.356244,169.26492184,171.40084,171.69090296,3236757,211012205.49,2.5539,-0.1689,1,0
2021-02-10,sz.300223,172.16555144,175.7517844,170.2142188,173.7740824,171.40084,3227301,211714712.43,2.5465,1.3846,1,0
2021-02-18,sz.300223,177.25483792,183.21431328,176.22643288,179.39075608,173.7740824,4821398,329074176.87,3.8043,3.2322,1,0
2021-02-19,sz.300223,181.73762912,182.4759712,176.12095544,182.31775504,179.39075608,3990497,272381873.99,3.1487,1.6316,1,0
2021-02-22,sz.300223,183.10883584,183.267052,174.22236152,174.3014696,182.31775504,5285517,357842909.03,4.1705,-4.3969,1,0
2021-02-23,sz.300223,171.74364168,177.99318,171.47994808,172.5874612,174.3014696,2909229,191159980.19,2.2955,-0.9834,1,0
2021-02-24,sz.300223,172.4556144,180.8938096,172.13918208,174.98707296,172.5874612,5536132,370059238.41,4.3682,1.3904,1,0
2021-02-25,sz.300223,177.62400896,177.62400896,172.719308,173.32580328,174.98707296,2528521,166865074.45,1.9951,-0.9494,1,0
2021-02-26,sz.300223,171.24262384,174.3014696,168.10467,169.10670568,173.32580328,2882575,186733989.31,2.2745,-2.4342,1,0
2021-03-01,sz.300223,171.32173192,182.7396648,170.3460656,181.63215168,169.10670568,6471798,437801450.67,5.1065,7.4068,1,0
2021-03-02,sz.300223,181.948584,189.25289672,181.71125976,185.903988,181.63215168,7565064,532945372.14,5.9692,2.3519,1,0
2021-03-03,sz.300223,185.61392504,185.61392504,179.46986416,182.68692608,185.903988,4042064,278045253.06,3.1894,-1.7305,1,0
2021-03-04,sz.300223,181.948584,185.87761864,179.60171096,182.79240352,182.68692608,3613478,249350791.06,2.8512,0.0577,1,0
2021-03-05,sz.300223,180.41916112,184.08450216,180.12909816,181.71125976,182.79240352,3360442,231936492.56,2.6515,-0.5915,1,0
2021-03-08,sz.300223,180.31368368,180.57737728,173.5103888,174.64427128,181.71125976,3867515,259994265.55,2.9754,-3.8891,1,0
2021-03-09,sz.300223,174.037776,175.32987464,162.9626448,163.490032,174.64427128,3822025,245676624.8,2.9404,-6.3868,1,0
2021-03-10,sz.300223,166.126968,166.86531008,152.942288,153.4696752,163.490032,5622199,337327076.56,4.3253,-6.129,1,0
2021-03-11,sz.300223,152.942288,157.2932324,147.74752408,155.55285464,153.4696752,5889488,341476980.26,4.2347,1.3574,1,0
2021-03-12,sz.300223,156.897692,157.34597112,149.5142712,150.964586,155.55285464,4021109,231696377.83,2.8913,-2.9497,1,0
2021-03-15,sz.300223,147.668416,153.2059816,145.03148,149.9098116,150.964586,3389802,192361118.1,2.4374,-0.6987,1,0
2021-03-16,sz.300223,150.305352,150.305352,146.00714632,147.06192072,149.9098116,2321739,130047696.18,1.6694,-1.8997,1,0
2021-03-17,sz.300223,149.19783888,150.27898264,145.92803824,149.80433416,147.06192072,2683683,151523719.47,1.9297,1.8648,1,0
2021-03-18,sz.300223,150.48993752,150.78000048,146.42905608,148.16943384,149.80433416,2606641,146222617.49,1.8743,-1.0914,1,0
2021-03-19,sz.300223,146.349948,148.69682104,144.18766048,148.4594968,148.16943384,2949271,164076839.2,2.1206,0.1958,1,0
2021-03-22,sz.300223,147.1410288,147.5365692,144.5040928,145.66434464,148.4594968,2537329,140123996.2,1.8244,-1.8828,1,0
2021-03-23,sz.300223,146.2181012,148.986884,143.053778,143.52842648,145.66434464,3517967,194940293.25,2.5295,-1.4663,1,0
2021-03-24,sz.300223,142.394544,143.52842648,138.8346804,139.65213056,143.52842648,2876212,153125428.96,2.0681,-2.7007,1,0
2021-03-25,sz.300223,139.3620676,141.81441808,138.46550936,139.25659016,139.65213056,2130057,113199855.19,1.5316,-0.2832,1,0
2021-03-26,sz.300223,140.8123824,145.53249784,139.12474336,145.50612848,139.25659016,3471958,187690079.17,2.4964,4.4878,1,0
2021-03-29,sz.300223,147.2728756,148.1958032,142.36817464,145.5588672,145.50612848,3496070,191786444.78,2.5138,0.0362,1,0
2021-03-30,sz.300223,145.58523656,149.5142712,143.50205712,148.93414528,145.5588672,4852146,270775851.6,3.4888,2.3188,1,0
2021-03-31,sz.300223,150.1735052,163.01538352,147.2728756,160.80035728,148.93414528,8319469,496549027.03,5.982,7.9674,1,0
2021-04-01,sz.300223,159.7983216,174.35420832,156.3703048,173.2466952,160.80035728,9025483,575219432.23,6.4896,7.7402,1,0
2021-04-02,sz.300223,174.037776,186.8269156,173.2466952,178.86336888,173.2466952,8933775,607749448.24,6.4237,3.242,1,0
2021-04-06,sz.300223,176.674712,177.0702524,171.84911912,174.67064064,178.86336888,4821831,319026214.63,3.467,-2.3441,1,0
2021-04-07,sz.300223,173.98503728,177.70311704,170.92619152,176.674712,174.67064064,4730265,312131040.44,3.4012,1.1473,1,0
2021-04-08,sz.300223,175.6199376,183.74170048,174.5651632,181.6848904,176.674712,5880295,404683968.64,4.2281,2.8358,1,0
2021-04-09,sz.300223,180.52463856,185.244754,179.36438672,182.42323248,181.6848904,4789046,330630361.96,3.4435,0.4064,1,0
2021-04-12,sz.300223,182.44960184,184.48004256,176.674712,179.8390352,182.42323248,3797475,259707432.82,2.7305,-1.4166,1,0
2021-04-13,sz.300223,177.94044128,184.58552,177.94044128,181.89584528,179.8390352,3428688,236117530.46,2.4653,1.1437,1,0
2021-04-14,sz.300223,182.81877288,182.81877288,176.78018944,178.88973824,181.89584528,3390052,229464524.0,2.4376,-1.6527,1,0
2021-04-15,sz.300223,176.25280224,181.948584,168.44747168,181.10476448,178.88973824,4415345,294762584.5,3.1748,1.2382,1,0
2021-04-16,sz.300223,180.02362072,183.0033584,176.9384056,180.73559344,181.10476448,2646448,180593329.29,1.9029,-0.2038,1,0
2021-04-19,sz.300223,181.92221464,191.4415536,176.70108136,189.5956984,180.73559344,7069704,496030415.28,5.0833,4.9022,1,0
2021-04-20,sz.300223,186.2995284,186.9587624,176.9384056,179.25890928,189.5956984,6516951,446666840.92,4.6859,-5.452,1,0
2021-04-21,sz.300223,175.8836312,180.26094496,175.8836312,176.674712,179.25890928,3692854,248630575.18,2.6553,-1.4416,1,0
2021-04-22,sz.300223,174.037776,179.23253992,171.42720936,178.1250268,176.674712,4205829,280446984.37,3.0241,0.8209,1,0
2021-04-23,sz.300223,178.73152208,178.9161076,174.64427128,176.674712,178.1250268,2628590,175717332.58,1.89,-0.8142,1,0
2021-04-26,sz.300223,175.6199376,176.674712,165.5995808,166.5225084,176.674712,6549468,424126210.96,4.7093,-5.7463,1,0
2021-04-27,sz.300223,166.49613904,166.5225084,159.2709344,160.51029432,166.5225084,5119058,314175330.2,3.6808,-3.6105,1,0
2021-04-28,sz.300223,163.2263384,163.2263384,156.21208864,160.77398792,160.51029432,4302207,258452418.84,3.0934,0.1643,1,0
2021-04-29,sz.300223,178.3887204,192.91823776,176.674712,192.91823776,160.77398792,18886427,1367528017.54,13.5799,19.9934,1,0
2021-04-30,sz.300223,191.62613912,194.57950744,184.0581328,185.903988,192.91823776,15738429,1126131415.42,11.3164,-3.6359,1,0
2021-05-06,sz.300223,186.2995284,187.96079808,179.311648,185.40297016,185.903988,8672376,608391574.0,6.2357,-0.2695,1,0
2021-05-07,sz.300223,185.27112336,187.59162704,168.55294912,168.68479592,185.40297016,10296073,689592800.41,7.4032,-9.0172,1,0
2021-05-10,sz.300223,167.8409764,168.71116528,161.45959128,163.06812224,168.68479592,6446341,402203537.3,4.6351,-3.3297,1,0
2021-05-11,sz.300223,162.9626448,166.5225084,161.16952832,165.04582424,163.06812224,5605499,348262382.71,4.0305,1.2128,1,0
2021-05-12,sz.300223,163.2263384,168.763904,160.4575556,165.3358872,165.04582424,6262356,389955579.11,4.5028,0.1757,1,0
2021-05-13,sz.300223,161.80239296,169.8186784,160.853096,165.3358872,165.3358872,6379093,401792790.46,4.5868,0.0,1,0
2021-05-14,sz.300223,164.04378856,166.9180488,161.88150104,166.41703096,165.3358872,5751239,359768304.05,4.1353,0.6539,1,0
2021-05-17,sz.300223,164.09652728,173.5103888,163.99104984,171.18988512,166.41703096,8427051,542182423.7,6.0593,2.868,1,0
2021-05-18,sz.300223,168.5002104,168.5002104,163.490032,164.43932896,171.18988512,5638347,353719410.2,4.0541,-3.9433,1,0
2021-05-19,sz.300223,161.1167896,168.15740872,158.21616,166.2588148,164.43932896,5650386,351747802.78,4.0628,1.1065,1,0
2021-05-20,sz.300223,166.17970672,173.27306456,165.49410336,166.786202,166.2588148,4528115,289083019.51,3.2559,0.3172,1,0
2021-05-21,sz.300223,164.75576128,168.07830064,163.04175288,163.0944916,166.786202,4467281,280022640.94,3.2121,-2.2134,1,0
2021-05-24,sz.300223,160.82672664,189.25289672,160.14112328,183.6625924,163.0944916,15086076,1025587876.14,4.6542,12.6112,1,0
2021-05-25,sz.300223,187.30156408,195.34421888,183.84717792,187.19608664,183.6625924,11011153,783234898.03,3.3971,1.9239,1,0
2021-05-26,sz.300223,186.90602368,187.19608664,178.652414,179.4434948,187.19608664,8518793,586251676.96,2.6281,-4.1414,1,0
2021-05-27,sz.300223,179.311648,215.33219376,179.311648,215.33219376,179.4434948,21334339,1635625729.18,6.5819,20.0,1,0
2021-05-28,sz.300223,214.3828968,237.983474,207.5268632,225.8535684,215.33219376,24114350,2010620304.27,7.4395,4.8861,1,0
2021-05-31,sz.300223,227.22477512,235.05647504,223.13752432,228.3586576,225.8535684,13935338,1204639509.66,4.2992,1.1092,1,0
2021-06-01,sz.300223,224.10685886,247.84855885,221.99413806,233.66692048,228.35870947,17304278,1548692955.32,5.3385,2.3245,1,0
2021-06-02,sz.300223,233.95741959,237.1529098,226.82698689,231.92392582,233.66692048,11271068,984309059.54,3.4772,-0.7459,1,0
2021-06-03,sz.300223,228.4379365,230.89397443,221.25468578,225.87626253,231.92392582,8654329,743240298.2,2.6699,-2.6076,1,0
2021-06-04,sz.300223,228.7020266,241.08785229,221.835684,233.79896553,225.87626253,14216367,1250774224.25,4.3859,3.5075,1,0
2021-06-07,sz.300223,236.04373138,243.83438933,229.01893472,236.22859445,233.79896553,18224905,1633003277.04,5.6226,1.0392,1,0
2021-06-08,sz.300223,231.92392582,234.40637276,227.19671303,230.26015819,236.22859445,11172504,974303498.1,3.4468,-2.5266,1,0
2021-06-09,sz.300223,226.80057788,246.9242435,226.80057788,238.71104139,230.26015819,13712511,1241851174.0,4.2304,3.6701,1,0
2021-06-10,sz.300223,234.7760989,252.81345273,234.43278177,249.38028143,238.71104139,15394360,1421375506.89,4.7493,4.4695,1,0
2021-06-11,sz.300223,246.9242435,252.78704372,239.63535674,244.65306864,249.38028143,12762060,1190614158.06,3.9372,-1.8956,1,0
2021-06-15,sz.300223,245.04920379,263.69396485,239.2656306,259.3364782,244.65306864,14135360,1363359045.15,4.3609,6.0017,1,0
2021-06-16,sz.300223,257.4878475,278.0868753,242.98930101,246.58092637,259.3364782,15385450,1518256483.14,4.7466,-4.9185,1,0
2021-06-17,sz.300223,250.83277698,277.0305149,246.9242435,267.23277219,246.58092637,17823929,1764551886.76,5.4989,8.3753,1,0
2021-06-18,sz.300223,264.0901,269.23985695,252.4701356,263.00733059,267.23277219,13949993,1382436114.85,4.3037,-1.5812,1,0
2021-06-21,sz.300223,257.96320968,271.98639399,257.96320968,262.37351435,263.00733059,10859915,1087180443.63,3.3504,-0.241,1,0
2021-06-22,sz.300223,261.449199,265.91232169,251.59863827,254.53003838,262.37351435,10934755,1057867267.09,3.3735,-2.9894,1,0
2021-06-23,sz.300223,253.57931402,272.5409832,252.9983158,264.01087297,254.53003838,14071056,1411346290.92,4.3411,3.7248,1,0
2021-06-24,sz.300223,261.23792692,268.8437218,249.75000757,254.34517531,264.01087297,9907439,961125654.42,3.0565,-3.6611,1,0
2021-06-25,sz.300223,253.526496,259.25725117,246.07915518,254.8469465,254.34517531,8105762,778009198.27,2.5007,0.1973,1,0
2021-06-28,sz.300223,252.2060455,266.4669109,249.88205262,255.9033069,254.8469465,9389010,920100653.16,2.8966,0.4145,1,0
2021-06-29,sz.300223,256.74839522,257.4878475,237.9451801,246.07915518,255.9033069,12680443,1178421334.26,3.912,-3.839,1,0
2021-06-30,sz.300223,249.38028143,276.79283381,244.49461458,266.51972892,246.07915518,16863762,1673494695.82,5.2026,8.3065,1,0
2021-07-01,sz.300223,269.39831101,269.53035606,253.50008699,253.50008699,266.51972892,9693215,960578690.39,2.9905,-4.8851,1,0
2021-07-02,sz.300223,257.2237574,268.97576685,252.70781669,264.64468921,253.50008699,13047659,1297935397.31,4.0253,4.3963,1,0
2021-07-05,sz.300223,272.14484805,287.3300288,266.731001,282.52358898,264.64468921,15247296,1604785607.39,4.7039,6.7558,1,0
2021-07-06,sz.300223,279.64500689,282.52358898,264.96159733,274.3896139,282.52358898,12760755,1324558090.48,3.9368,-2.879,1,0
2021-07-07,sz.300223,265.12005139,271.90716696,248.244694,269.9000822,274.3896139,12329964,1219669972.81,3.8039,-1.6362,1,0
2021-07-08,sz.300223,266.731001,279.38091679,263.2978297,277.24178698,269.9000822,10958013,1135732088.53,3.3807,2.7202,1,0
2021-07-09,sz.300223,269.21344794,275.94774549,263.00733059,272.012803,277.24178698,8958870,913773113.6,2.7639,-1.8861,1,0
2021-07-12,sz.300223,274.9177941,326.38895459,266.9950911,322.189922,272.012803,19280783,2191824290.04,5.9483,18.4466,1,0
2021-07-13,sz.300223,315.8517596,321.63533279,290.49911,306.0804259,322.189922,14269560,1653772203.33,4.4023,-5.0,1,0
2021-07-14,sz.300223,298.1577229,323.5103725,297.8936328,310.80763869,306.0804259,11281303,1321365547.8,3.4804,1.5444,1,0
2021-07-15,sz.300223,303.67720599,314.21440098,299.4781734,307.77060254,310.80763869,8643189,997772812.89,2.6665,-0.9771,1,0
2021-07-16,sz.300223,311.04531978,323.93291666,304.41665827,308.53646383,307.77060254,10605054,1266883350.83,3.2718,0.2488,1,0
2021-07-19,sz.300223,295.780912,310.5699576,293.43051011,302.88493569,308.53646383,7891301,905978091.34,2.4345,-1.8317,1,0
2021-07-20,sz.300223,298.421813,343.31713,297.57672468,336.31874235,302.88493569,15051863,1879271383.46,4.6437,11.0385,1,0
2021-07-21,sz.300223,339.67268662,396.13515,339.67268662,370.43918327,336.31874235,15695048,2186718441.28,4.8421,10.1453,1,0
2021-07-22,sz.300223,384.03982342,401.39054299,374.98153299,382.45528282,370.43918327,12994334,1904787863.55,4.0089,3.2437,1,0
2021-07-23,sz.300223,388.58217314,401.416952,366.97960296,387.60503977,382.45528282,11547629,1691912347.18,3.5626,1.3465,1,0
2021-07-26,sz.300223,402.65817547,448.63626188,402.65817547,435.748665,387.60503977,15624858,2540153683.79,4.8204,12.4208,1,0
2021-07-27,sz.300223,441.030467,507.052992,433.107764,450.2736205,435.748665,18897291,3321859459.73,5.83,3.3333,1,0
2021-07-28,sz.300223,448.95317,497.44011236,422.8082501,497.33447632,450.2736205,16431649,2911297954.06,5.0693,10.4516,1,0
2021-07-29,sz.300223,508.03012537,528.10097297,461.55026777,506.63044784,497.33447632,17596292,3281030948.94,5.4286,1.8692,1,0
2021-07-30,sz.300223,493.848487,526.3315693,480.643982,501.77119,506.63044784,14552025,2751591261.01,4.4894,-0.9591,1,0
2021-08-02,sz.300223,488.91000213,488.91000213,438.389566,455.84592161,501.77119,18922309,3302608396.49,5.8377,-9.1526,1,0
2021-08-03,sz.300223,451.594071,461.20695064,389.7969876,401.10004388,455.84592161,23635539,3771801226.92,7.2918,-12.0097,1,0
2021-08-04,sz.300223,406.19698281,434.77153163,402.86944755,426.7696016,401.10004388,15275640,2442690539.99,4.7127,6.3998,1,0
2021-08-05,sz.300223,421.69907168,449.63980426,416.17958859,430.41404498,426.7696016,13510988,2219092242.73,4.1683,0.854,1,0
2021-08-06,sz.300223,421.7518897,435.748665,412.2446461,426.45269348,430.41404498,10298572,1645790967.17,3.1772,-0.9204,1,0
2021-08-09,sz.300223,411.21469471,437.25397857,410.21115233,433.6359442,426.45269348,10702863,1721965132.28,3.3019,1.6844,1,0
2021-08-10,sz.300223,435.82789203,435.82789203,401.49617903,417.92258325,433.6359442,11614538,1829258819.45,3.5832,-3.6236,1,0
2021-08-11,sz.300223,411.74287491,428.75027735,406.83079905,419.903259,417.92258325,8120071,1287363844.23,2.5051,0.4739,1,0
2021-08-12,sz.300223,422.54416,451.3299809,418.3187184,426.26783041,419.903259,12334185,2027115202.44,3.8052,1.5157,1,0
2021-08-13,sz.300223,414.621457,427.77314398,404.79730528,406.30261885,426.26783041,9910223,1550991431.56,3.0574,-4.6837,1,0
2021-08-16,sz.300223,404.08426201,438.389566,404.08426201,425.185061,406.30261885,12406954,1997448123.04,3.8277,4.6474,1,0
2021-08-17,sz.300223,431.73449548,433.107764,403.97862597,406.30261885,425.185061,8200211,1280446443.03,2.5298,-4.441,1,0
2021-08-18,sz.300223,406.22339182,412.90487135,382.4024648,389.5328975,406.30261885,11224706,1664940468.83,3.4629,-4.1274,1,0
2021-08-19,sz.300223,390.853348,415.9419075,388.212447,406.27620984,389.5328975,10412364,1596112113.21,3.2123,4.2983,1,0
2021-08-20,sz.300223,411.980556,434.53385054,409.339655,410.10551629,406.27620984,10878094,1729849939.7,3.356,0.9425,1,0
2021-08-23,sz.300223,412.87846234,418.66203553,400.59827269,411.92773798,410.10551629,8232848,1280437008.19,2.5399,0.4443,1,0
2021-08-24,sz.300223,414.0932768,426.92805566,396.9274203,420.56348425,411.92773798,10506554,1645951650.55,3.2414,2.0964,1,0
2021-08-25,sz.300223,423.46847535,435.00921272,403.5296728,409.18120094,420.56348425,7848836,1232278637.84,2.4214,-2.7064,1,0
2021-08-26,sz.300223,409.15479193,420.4314392,393.494249,399.01373209,409.18120094,10226261,1573830699.57,3.1549,-2.4848,1,0
2021-08-27,sz.300223,399.01373209,409.339655,394.2865193,400.49263665,399.01373209,6521827,991894894.05,2.0121,0.3706,1,0
2021-08-30,sz.300223,404.71807825,420.53707524,397.4556005,400.57186368,400.49263665,8274652,1278829136.31,2.5528,0.0198,1,0
2021-08-31,sz.300223,404.057853,408.20406757,363.09747849,376.16993844,400.57186368,15104043,2158948157.59,4.6598,-6.0918,1,0
2021-09-01,sz.300223,377.62243399,379.2333836,358.42308372,377.33193488,376.16993844,8857919,1239065240.11,2.7328,0.3089,1,0
2021-09-02,sz.300223,369.72614,374.71744289,358.84562788,358.84562788,377.33193488,6654263,918641289.22,2.0529,-4.8992,1,0
2021-09-03,sz.300223,363.78411275,376.93579973,357.94772154,368.35287148,358.84562788,9409422,1312220262.42,2.9029,2.6494,1,0
2021-09-06,sz.300223,366.63628583,386.33740729,357.34031431,379.68233677,368.35287148,8452430,1210529643.51,2.6077,3.0757,1,0
2021-09-07,sz.300223,377.648843,381.53096747,369.72614,375.2720321,379.68233677,5886649,834905511.99,1.8161,-1.1616,1,0
2021-09-08,sz.300223,373.37058338,380.289744,365.44788038,370.14868416,375.2720321,6456428,907455718.8,1.9919,-1.3652,1,0
2021-09-09,sz.300223,370.28072921,376.80375468,364.444338,374.77026091,370.14868416,5451620,767372473.09,1.6819,1.2486,1,0
2021-09-10,sz.300223,372.60472209,403.74094488,365.7647885,386.8919965,374.77026091,12281586,1794022454.14,3.789,3.2344,1,0
2021-09-13,sz.300223,386.8919965,387.1560866,338.8275983,340.1480488,386.8919965,15403269,2047839301.4,4.7521,-12.0819,1,0
2021-09-14,sz.300223,340.1480488,368.4056895,339.3557785,360.4829865,340.1480488,12649306,1716257227.43,3.9024,5.9783,1,0
2021-09-15,sz.300223,358.13258461,366.18733266,347.33129952,354.96350341,360.4829865,6668951,900248895.52,2.0574,-1.5311,1,0
2021-09-16,sz.300223,358.23822065,361.40730185,340.22727583,340.64981999,354.96350341,6344924,837093736.49,1.9575,-4.0324,1,0
2021-09-17,sz.300223,343.31713,352.0321033,338.95964335,345.98444001,340.64981999,4505971,587758635.24,1.3901,1.566,1,0
2021-09-22,sz.300223,341.86463445,345.1657607,334.8662468,339.17091543,345.98444001,4599802,591811725.86,1.4191,-1.9693,1,0
2021-09-23,sz.300223,341.65336237,357.60440441,339.06527939,344.66398951,339.17091543,7115562,939608100.51,2.1952,1.6196,1,0
2021-09-24,sz.300223,343.31713,348.28202388,337.08460364,337.95610097,344.66398951,5512189,712059173.44,1.7006,-1.9462,1,0
2021-09-27,sz.300223,336.7148775,350.13065458,327.44531499,334.62856571,337.95610097,6442000,822084219.65,1.9874,-0.9846,1,0
2021-09-28,sz.300223,329.26753668,350.34192666,326.4153636,342.55126871,334.62856571,6327110,823227233.38,1.952,2.3676,1,0
2021-09-29,sz.300223,340.676229,343.26431198,327.81504113,330.13903401,342.55126871,4762007,601142936.15,1.4691,-3.6235,1,0
2021-09-30,sz.300223,330.08621599,340.676229,329.71648985,339.3557785,330.13903401,4290328,548103848.65,1.3236,2.7918,1,0
2021-10-08,sz.300223,345.24498773,349.9193825,332.80634402,339.3557785,339.3557785,4956762,637650946.61,1.5292,0.0,1,0
2021-10-11,sz.300223,342.7889498,347.99152477,329.3203547,330.19185203,339.3557785,6129176,782334486.44,1.8909,-2.7004,1,0
2021-10-12,sz.300223,332.54225392,332.56866293,320.8694715,326.89072578,330.19185203,5131229,635729683.41,1.583,-0.9998,1,0
2021-10-13,sz.300223,324.96286805,330.08621599,321.26560665,328.68653846,326.89072578,4416886,546618217.72,1.3627,0.5494,1,0
2021-10-14,sz.300223,328.68653846,330.9048953,321.08074358,322.90296527,328.68653846,4415763,543423489.69,1.3623,-1.7596,1,0
2021-10-15,sz.300223,322.7181022,343.23790297,317.59475426,331.61793857,322.90296527,9302347,1166420848.29,2.8699,2.6989,1,0
2021-10-18,sz.300223,330.03339797,333.04402511,302.3831645,315.00667128,331.61793857,11466049,1351549656.03,3.5374,-5.0092,1,0
2021-10-19,sz.300223,311.57349998,323.85368963,309.5135972,321.60892378,315.00667128,7268844,877220971.57,2.2425,2.0959,1,0
2021-10-20,sz.300223,323.14064636,326.1512735,316.1158497,320.84306249,321.60892378,4877078,593764543.99,1.5046,-0.2381,1,0
2021-10-21,sz.300223,324.77800498,324.77800498,311.52068196,312.02245315,320.84306249,4687837,560093203.65,1.4462,-2.7492,1,0
2021-10-22,sz.300223,316.90812,364.1802479,316.90812,343.29072099,312.02245315,16296213,2103037177.44,5.0275,10.0212,1,0
2021-10-25,sz.300223,348.62534101,361.803437,335.394427,360.00762432,343.29072099,14691144,1956466640.63,4.5324,4.8696,1,0
2021-10-26,sz.300223,361.82984601,372.367041,345.58830486,360.93193967,360.00762432,14173946,1921668502.86,4.3728,0.2567,1,0
2021-10-27,sz.300223,356.521635,356.521635,340.676229,344.76962555,360.93193967,12347137,1622072069.84,3.8092,-4.4779,1,0
2021-10-28,sz.300223,338.5635082,363.75770374,338.5635082,341.17800019,344.76962555,11835224,1567599163.1,3.6513,-1.0417,1,0
2021-10-29,sz.300223,338.06173701,373.55544645,336.9789676,362.8597974,341.17800019,16907261,2317461747.03,5.2161,6.355,1,0
2021-11-01,sz.300223,361.803437,369.38282287,351.82083122,357.39313233,362.8597974,11645659,1582975365.22,3.5928,-1.5066,1,0
2021-11-02,sz.300223,353.880734,396.34642208,352.19055736,387.81631185,357.39313233,18819293,2713992568.74,5.8059,8.5125,1,0
2021-11-03,sz.300223,387.81631185,398.2478708,384.01341441,392.35866157,387.81631185,12209986,1798176456.64,3.7669,1.1713,1,0
2021-11-04,sz.300223,391.6456183,395.02597158,382.08555668,392.4378886,392.35866157,10467390,1546040586.37,3.2293,0.0202,1,0
2021-11-05,sz.300223,404.057853,416.12677057,389.7969876,390.51003087,392.4378886,11850646,1793088951.24,3.656,-0.4913,1,0
2021-11-08,sz.300223,379.73515479,387.6842668,373.63467348,381.37251341,390.51003087,8036063,1156551309.19,2.4792,-2.3399,1,0
2021-11-09,sz.300223,382.29682876,398.776051,372.8952212,395.42210673,381.37251341,9234197,1349462421.39,2.8488,3.684,1,0
2021-11-10,sz.300223,387.18249561,390.3251678,377.1206628,386.8919965,395.42210673,8786337,1276344144.29,2.7107,-2.1572,1,0
2021-11-11,sz.300223,385.91486313,410.87137758,382.95705401,393.96961118,386.8919965,11506553,1727921357.94,3.5499,1.8294,1,0
2021-11-12,sz.300223,385.571546,385.571546,363.3879776,372.49908605,393.96961118,12433917,1759310117.1,3.836,-5.4498,1,0
2021-11-15,sz.300223,369.72614,379.89360885,367.6134192,373.4234014,372.49908605,6276075,888426701.49,1.9362,0.2481,1,0
2021-11-16,sz.300223,369.72614,378.9692935,368.4056895,369.72614,373.4234014,5379510,760588404.27,1.6596,-0.9901,1,0
2021-11-17,sz.300223,367.19087504,379.89360885,365.5006984,371.44272565,369.72614,5637888,796693283.32,1.7393,0.4643,1,0
2021-11-18,sz.300223,355.96704579,360.45657749,341.9966795,342.23436059,371.44272565,13676593,1804484315.47,4.2194,-7.8635,1,0
2021-11-19,sz.300223,343.29072099,349.47042933,339.3557785,348.3348419,342.23436059,6879802,900512928.65,2.1225,1.7825,1,0
2021-11-22,sz.300223,348.01793378,378.12420518,343.52840208,377.51679795,348.3348419,12078342,1659659673.07,3.7263,8.3776,1,0
2021-11-23,sz.300223,377.3847529,398.5119609,375.56253121,390.82693899,377.51679795,13773488,2029855544.85,4.2493,3.5257,1,0
2021-11-24,sz.300223,390.90616602,421.4877996,390.90616602,399.35704922,390.82693899,16183372,2510041614.43,4.9927,2.1826,1,0
2021-11-25,sz.300223,398.776051,407.2269342,388.42371908,390.35157681,399.35704922,9546620,1429593951.3,2.9452,-2.255,1,0
2021-11-26,sz.300223,391.3815282,392.30584355,363.52002265,364.36511097,390.35157681,11654344,1645524248.78,3.5955,-6.6572,1,0
2021-11-29,sz.300223,361.77702799,364.12742988,351.79442221,360.98475769,364.36511097,9265972,1256257016.45,2.8586,-0.9277,1,0
2021-11-30,sz.300223,367.085239,369.1979598,357.28749629,359.40021709,360.98475769,8907376,1221709431.4,2.748,-0.4389,1,0
2021-12-01,sz.300223,358.39667471,373.05367526,357.60440441,363.70488572,359.40021709,8336694,1149069979.39,2.572,1.1977,1,0
2021-12-02,sz.300223,363.44079562,383.35318916,355.2011845,378.20343221,363.70488572,14642581,2067992104.53,4.5174,3.9863,1,0
2021-12-03,sz.300223,374.18926269,398.776051,372.8952212,390.00825968,378.20343221,14925159,2189142044.11,4.6046,3.1213,1,0
2021-12-06,sz.300223,396.13515,402.7374025,381.16124133,382.6665549,390.00825968,10735775,1590690594.49,3.3121,-1.8824,1,0
2021-12-07,sz.300223,385.571546,393.20374989,374.2156717,378.94288449,382.6665549,8193972,1187605996.82,2.5279,-0.9731,1,0
2021-12-08,sz.300223,383.53805223,411.980556,383.53805223,401.1528619,378.94288449,14676556,2235530119.4,4.5279,5.861,1,0
2021-12-09,sz.300223,401.10004388,401.12645289,371.20504456,373.6874915,401.1528619,15721656,2266713287.3,4.8503,-6.8466,1,0
2021-12-10,sz.300223,368.6697796,376.01148438,364.444338,371.5747707,373.6874915,7725302,1083148098.58,2.3833,-0.5654,1,0
2021-12-13,sz.300223,367.8775093,371.23145357,363.3879776,366.87396692,371.5747707,6927586,962675628.23,2.1372,-1.2651,1,0
2021-12-14,sz.300223,364.444338,368.4056895,362.72775235,365.13097226,366.87396692,5547641,768650100.48,1.7115,-0.4751,1,0
2021-12-15,sz.300223,364.444338,367.8775093,360.7470766,364.31229295,365.13097226,5374773,741201695.65,1.6582,-0.2242,1,0
2021-12-16,sz.300223,365.36865335,372.6311311,357.0498152,358.3702657,364.31229295,7333972,1008769857.9,2.2626,-1.631,1,0
2021-12-17,sz.300223,345.958031,352.48105647,329.5844448,333.14966115,358.3702657,12866902,1639685339.95,3.9696,-7.0376,1,0
2021-12-20,sz.300223,322.16351299,339.3557785,321.02792556,338.08814602,333.14966115,7745218,979987891.04,2.3895,1.4824,1,0
2021-12-21,sz.300223,332.96479808,339.59345959,327.86785915,334.49652066,338.08814602,4181921,527738915.1,1.2902,-1.0623,1,0
2021-12-22,sz.300223,338.24660008,349.94579151,332.753526,341.36286326,334.49652066,6574465,855541301.58,2.0283,2.0527,1,0
2021-12-23,sz.300223,341.2044092,352.71873756,338.85400731,345.958031,341.36286326,5948575,784109150.49,1.8352,1.3461,1,0
2021-12-24,sz.300223,345.958031,357.23467827,345.93162199,349.9193825,345.958031,5990771,799110837.55,1.8482,1.145,1,0
2021-12-27,sz.300223,349.89297349,359.63789818,348.0707518,354.75223133,349.9193825,4383848,589190588.74,1.3525,1.3811,1,0
2021-12-28,sz.300223,353.880734,360.11326036,347.5425716,349.97220052,354.75223133,4465655,596124936.81,1.3777,-1.3474,1,0
2021-12-29,sz.300223,348.598932,353.80150697,344.6375805,347.09361843,349.97220052,4510889,594811509.63,1.3917,-0.8225,1,0
2021-12-30,sz.300223,347.14643645,357.8420855,346.2221211,354.4089142,347.09361843,4139024,553574858.48,1.2769,2.1076,1,0
2021-12-31,sz.300223,353.6166439,359.9548063,346.14289407,353.880734,354.4089142,4240479,567319022.57,1.3082,-0.149,1,0
2022-01-04,sz.300223,353.90714301,356.54804401,334.28524858,336.7148775,353.880734,6482256,833378714.86,1.9998,-4.8507,1,0
2022-01-05,sz.300223,338.08814602,339.85754969,322.189922,324.32905181,336.7148775,5788719,715602855.11,1.7859,-3.6784,1,0
2022-01-06,sz.300223,322.74451121,324.96286805,312.9467685,320.65819942,324.32905181,4341129,524893442.58,1.3393,-1.1318,1,0
2022-01-07,sz.300223,303.73002401,314.267219,286.5377585,290.49911,320.65819942,14824169,1652836956.5,4.5734,-9.4054,1,0
2022-01-10,sz.300223,289.54838564,290.55192802,281.12391145,285.50780711,290.49911,12024370,1298630597.03,3.7096,-1.7182,1,0
2022-01-11,sz.300223,284.92680889,286.37930444,270.6923525,275.47238331,285.50780711,10409528,1090630779.1,3.2114,-3.5149,1,0
2022-01-12,sz.300223,278.03405728,280.7277763,274.653704,278.6150555,275.47238331,6431955,676245757.32,1.9843,1.1408,1,0
2022-01-13,sz.300223,278.3509654,278.58864649,268.5796317,270.1641723,278.6150555,6397653,658520179.68,1.9737,-3.0332,1,0
2022-01-14,sz.300223,268.0514515,282.0482268,266.75741001,278.0868753,270.1641723,7063463,739706626.35,2.1792,2.9326,1,0
2022-01-17,sz.300223,279.6714159,292.40055872,276.7664248,289.04661445,278.0868753,8682395,941798145.17,2.6786,3.9411,1,0
2022-01-18,sz.300223,289.1786595,300.93066895,284.47785572,297.15418052,289.04661445,8761501,979926245.12,2.703,2.8049,1,0
2022-01-19,sz.300223,293.140011,299.16126528,290.81601812,295.99218408,297.15418052,5488297,615388410.01,1.6932,-0.391,1,0
2022-01-20,sz.300223,295.67527596,303.1754348,291.87237852,295.14709576,295.99218408,4995325,560674676.2,1.5411,-0.2855,1,0
2022-01-21,sz.300223,292.55901278,301.93421133,289.33711356,293.140011,295.14709576,4706640,526650269.86,1.452,-0.68,1,0
2022-01-24,sz.300223,290.49911,305.34097362,289.36352257,303.06979876,293.140011,5866137,665371639.19,1.8098,3.3874,1,0
2022-01-25,sz.300223,314.267219,316.77607495,294.40764348,294.4604615,303.06979876,6137196,698281781.21,1.8934,-2.8407,1,0
2022-01-26,sz.300223,295.780912,316.59121188,293.140011,306.74065115,294.4604615,8199178,952400203.29,2.5295,4.1704,1,0
2022-01-27,sz.300223,305.8163358,312.81472345,296.33550121,296.86368141,306.74065115,4707873,541380702.73,1.4524,-3.22,1,0
2022-01-28,sz.300223,298.05208686,301.61730321,286.66980355,287.5941189,296.86368141,4464734,493567382.58,1.3774,-3.1225,1,0
2022-02-07,sz.300223,296.70522735,308.77414492,286.56416751,288.75611534,287.5941189,5863874,657500234.01,1.8091,0.404,1,0
2022-02-08,sz.300223,287.858209,289.91811178,272.88430033,279.75064293,288.75611534,5622892,594079392.08,1.7347,-3.1187,1,0
2022-02-09,sz.300223,275.9741545,285.98316929,272.30330211,285.56062513,279.75064293,4032798,427847695.78,1.2442,2.0768,1,0
2022-02-10,sz.300223,286.40571345,288.1222991,277.8227852,280.7277763,285.56062513,3739746,398745213.63,1.1537,-1.6924,1,0
2022-02-11,sz.300223,277.294605,284.82117285,274.17834182,275.49879232,280.7277763,3364964,355388797.93,1.0381,-1.8627,1,0
2022-02-14,sz.300223,272.85789132,278.56223748,265.75386763,275.84210945,275.49879232,3614561,373769670.26,1.1151,0.1246,1,0
2022-02-15,sz.300223,277.294605,287.858209,274.73293103,286.08880533,275.84210945,5501170,590356577.32,1.6972,3.7147,1,0
2022-02-16,sz.300223,290.49911,291.0272902,277.05692391,277.69074015,286.08880533,5516036,587478383.63,1.7018,-2.9355,1,0
2022-02-17,sz.300223,277.294605,289.20506851,275.73647341,287.64693692,277.69074015,5971338,642648123.33,1.8422,3.5854,1,0
2022-02-18,sz.300223,282.8404971,286.24725939,273.62375261,275.68365539,287.64693692,5552857,584980680.41,1.7131,-4.159,1,0
2022-02-21,sz.300223,274.1255238,279.1432357,269.371902,270.6923525,275.68365539,4586782,473361093.86,1.4151,-1.8105,1,0
2022-02-22,sz.300223,266.75741001,272.93711835,256.80121324,272.67302825,270.6923525,6828262,686783811.62,2.1066,0.7317,1,0
2022-02-23,sz.300223,267.7873614,300.7986239,267.5232713,298.1577229,272.67302825,12792792,1400601822.37,3.9467,9.3462,1,0
2022-02-24,sz.300223,295.2527318,301.00989598,284.66271879,289.73324871,298.1577229,8506336,944710760.57,2.6243,-2.8255,1,0
2022-02-25,sz.300223,299.92712657,302.59443658,290.73679109,295.5168219,289.73324871,6746990,754516912.91,2.0815,1.9962,1,0
2022-02-28,sz.300223,295.5168219,301.5908942,291.13292624,293.9322813,295.5168219,6390934,716276384.0,1.9717,-0.5362,1,0
2022-03-01,sz.300223,293.9322813,299.7422635,289.81247574,297.6295427,293.9322813,6146579,685426352.0,1.8963,1.2579,1,0
2022-03-02,sz.300223,292.79669387,292.79669387,281.20313848,288.3863892,297.6295427,6444018,699184544.0,1.988,-3.1056,1,0
2022-03-03,sz.300223,290.44629198,293.61537318,275.86851846,277.16255995,288.3863892,6280709,667405712.0,1.9377,-3.8919,1,0
2022-03-04,sz.300223,275.52520133,299.10844726,273.96706974,288.72970633,277.16255995,10044543,1105300944.0,3.0988,4.1734,1,0
2022-03-07,sz.300223,288.54484326,290.15579287,273.0691634,274.653704,288.72970633,8100083,855285360.0,2.499,-4.8751,1,0
2022-03-08,sz.300223,274.653704,290.49911,273.5973436,279.53937085,274.653704,8964188,957408256.0,2.742,1.7788,1,0
2022-03-09,sz.300223,285.217308,287.99025405,264.51264416,275.9741545,279.53937085,7798979,818924160.0,2.3856,-1.2754,1,0
2022-03-10,sz.300223,285.217308,285.34935305,260.86820078,263.0337396,275.9741545,14433830,1471087328.0,4.415,-4.689,1,0
2022-03-11,sz.300223,251.86272837,269.87367319,249.8292346,269.60958309,263.0337396,10646125,1058475888.0,3.1683,2.5,1,0
2022-03-14,sz.300223,262.98092158,271.90716696,260.76256474,260.76256474,269.60958309,5866384,588566592.0,1.7459,-3.2814,1,0
2022-03-15,sz.300223,258.808298,264.0901,245.26047587,246.18479122,260.76256474,9562749,919002112.0,2.8459,-5.5904,1,0
2022-03-16,sz.300223,254.8469465,255.42794472,238.4733603,254.89976452,246.18479122,11218385,1051333888.0,3.3386,3.54,1,0
2022-03-17,sz.300223,259.3364782,269.84726418,256.48430512,266.75741001,254.89976452,12202966,1224872048.0,3.6317,4.6519,1,0
2022-03-18,sz.300223,264.06369099,268.02504249,259.25725117,261.50201702,266.75741001,6516595,646825832.87,1.9394,-1.9701,1,0
2022-03-21,sz.300223,261.10588187,266.2028208,257.59348354,262.26787831,261.50201702,6427488,638395127.75,1.9129,0.2929,1,0
2022-03-22,sz.300223,263.66755584,264.6182802,256.72198621,259.09879711,262.26787831,4640575,457064517.25,1.3811,-1.2083,1,0
2022-03-23,sz.300223,259.8646584,261.60765306,256.32585106,257.83116463,259.09879711,3609978,352682233.34,1.0743,-0.4892,1,0
2022-03-24,sz.300223,256.167397,256.93325829,247.74292281,253.55290501,257.83116463,5200527,495872911.68,1.5477,-1.6593,1,0
2022-03-25,sz.300223,257.4878475,266.70459199,248.244694,248.27110301,253.55290501,7019551,680033925.73,2.0891,-2.0831,1,0
2022-03-28,sz.300223,237.68109,247.1883336,232.399288,245.8678831,248.27110301,5945988,547386696.71,1.7696,-0.968,1,0
2022-03-29,sz.300223,244.73229567,247.90137687,239.5297207,241.80089556,245.8678831,3799436,349944189.73,1.1307,-1.6541,1,0
2022-03-30,sz.300223,242.1706217,251.22891213,242.1706217,249.5651445,241.80089556,4657843,438329244.04,1.3862,3.211,1,0
2022-03-31,sz.300223,247.76933182,249.3010544,240.08430991,241.56321447,249.5651445,4049739,373886445.87,1.2052,-3.2063,1,0
2022-04-01,sz.300223,241.32553338,247.1883336,238.23567921,244.91715874,241.56321447,3732683,344628930.56,1.1109,1.3884,1,0
2022-04-06,sz.300223,242.962892,243.2269821,234.61764484,239.02794951,244.91715874,4293676,387634307.35,1.2778,-2.4046,1,0
2022-04-07,sz.300223,238.7374504,241.6424415,233.42923939,233.50846642,239.02794951,3898383,348911819.42,1.1602,-2.3091,1,0
2022-04-08,sz.300223,233.9838286,236.3606395,225.0047652,232.02956186,233.50846642,4286075,374364374.44,1.2756,-0.6333,1,0
2022-04-11,sz.300223,231.0788375,231.8711078,212.09075931,214.12425308,232.02956186,8086381,668432522.44,2.4065,-7.7168,1,0
2022-04-12,sz.300223,216.13133784,221.835684,212.69816654,221.51877588,214.12425308,5671610,466659009.16,1.6879,3.4534,1,0
2022-04-13,sz.300223,220.11909835,224.95194718,215.2334315,216.05211081,221.51877588,3764483,312781628.79,1.1203,-2.4678,1,0
2022-04-14,sz.300223,216.553882,222.07336509,213.1207107,216.10492883,216.05211081,5451529,448373868.49,1.6224,0.0244,1,0
2022-04-15,sz.300223,212.27562238,222.8920444,210.05726554,219.64373617,216.10492883,6121579,505940708.16,1.8218,1.6375,1,0
2022-04-18,sz.300223,216.58029101,225.71780847,216.553882,224.7406751,219.64373617,5637162,476547726.01,1.6776,2.3205,1,0
2022-04-19,sz.300223,224.52940302,225.61217243,215.92006576,219.194783,224.7406751,6559717,543534033.91,1.9522,-2.4677,1,0
2022-04-20,sz.300223,219.194783,222.49590925,215.73520269,218.27046765,219.194783,4481574,372208239.09,1.3337,-0.4217,1,0
2022-04-21,sz.300223,216.31620091,228.91329868,214.04502605,214.65243328,218.27046765,6130418,512165720.19,1.8244,-1.6576,1,0
2022-04-22,sz.300223,213.04148367,220.72650558,203.37578601,204.6698275,214.65243328,7495960,594234863.19,2.2308,-4.6506,1,0
2022-04-25,sz.300223,200.31234085,203.8775572,192.23118379,192.785773,204.6698275,6723875,506948848.94,2.0011,-5.8065,1,0
2022-04-26,sz.300223,192.31041082,196.4830344,186.57965565,187.42474397,192.785773,5314535,385647871.26,1.5816,-2.7808,1,0
2022-04-27,sz.300223,183.25212039,203.349377,182.96162128,202.68915175,187.42474397,7329415,536146396.22,2.1813,8.1443,1,0
2022-04-28,sz.300223,199.75775164,200.36515887,189.37901071,193.26113518,202.68915175,9220191,675554620.9,2.744,-4.6515,1,0
2022-04-29,sz.300223,194.87208479,199.30879847,185.94583941,197.11685064,193.26113518,10079151,737921129.47,2.9996,1.9951,1,0
2022-05-05,sz.300223,194.6344037,199.94261471,192.2575928,193.3139532,197.11685064,8019148,594417469.13,2.3865,-1.9293,1,0
2022-05-06,sz.300223,187.63601605,189.77514586,184.3348898,187.45115298,193.3139532,6389218,452496171.61,1.9015,-3.0328,1,0
2022-05-09,sz.300223,186.1835205,194.55517667,185.84020337,190.54100715,187.45115298,5763662,415979847.65,1.4579,1.6484,1,0
2022-05-10,sz.300223,188.19060526,205.38287077,186.52683763,197.64503084,190.54100715,9339460,702290187.97,2.3624,3.7283,1,0
2022-05-11,sz.300223,197.64503084,213.93939001,195.50590103,204.43214641,197.64503084,11018267,860201261.22,2.7871,3.434,1,0
2022-05-12,sz.300223,200.708476,210.7438998,200.04825075,206.99382038,204.43214641,8387939,651410780.12,2.1218,1.2531,1,0
2022-05-13,sz.300223,208.631179,212.98866565,203.11169591,209.9516295,206.99382038,7905302,625167642.37,1.9997,1.4289,1,0
2022-05-16,sz.300223,212.5925305,215.70879368,207.12586543,207.73327266,209.9516295,6595066,522759924.33,1.6167,-1.0566,1,0
2022-05-17,sz.300223,208.3670889,216.23697388,206.17514107,213.88657199,207.73327266,7433966,598450665.57,1.8224,2.9621,1,0
2022-05-18,sz.300223,213.99220803,215.4975216,210.95517188,211.03439891,213.88657199,6078408,488961090.87,1.4901,-1.3335,1,0
2022-05-19,sz.300223,207.94454474,228.38511848,206.99382038,226.8533959,211.03439891,12282139,1021873440.53,3.0109,7.4959,1,0
2022-05-20,sz.300223,224.7406751,227.3815761,219.06273795,224.37094896,226.8533959,8766236,741407998.48,2.149,-1.0943,1,0
2022-05-23,sz.300223,250.885595,262.84887653,247.7165138,253.42085996,224.37094896,19512719,1875394723.75,4.7834,12.9473,1,0
2022-05-24,sz.300223,250.885595,256.9596673,240.79735318,241.45757843,253.42085996,14293894,1350066384.2,3.5041,-4.7207,1,0
2022-05-25,sz.300223,241.80089556,245.28688488,233.85178355,239.7938108,241.45757843,9249265,835166608.81,2.2674,-0.6891,1,0
2022-05-26,sz.300223,239.2656306,240.0579009,231.92392582,233.61410246,239.7938108,7679456,681807372.36,1.8826,-2.5771,1,0
2022-05-27,sz.300223,236.01732237,239.95226486,230.49783928,234.03664662,233.61410246,7101552,633706488.23,1.7409,0.1809,1,0
2022-05-30,sz.300223,232.399288,252.68140768,230.8147474,247.42601469,234.03664662,13143265,1215747969.5,3.222,5.7211,1,0
2022-05-31,sz.300223,246.71297142,247.1883336,240.5860811,245.603793,247.42601469,7604373,702896424.98,1.8642,-0.7365,1,0
2022-06-01,sz.300223,246.44888132,246.44888132,235.01377999,238.60540535,245.603793,8189332,745818504.04,2.0076,-2.8495,1,0
2022-06-02,sz.300223,237.31136386,246.9242435,236.3606395,243.70234428,238.60540535,9885513,909934659.63,2.4234,2.1361,1,0
2022-06-06,sz.300223,242.962892,254.3187663,240.40121803,253.42085996,243.70234428,10905996,1029405998.12,2.6735,3.9879,1,0
2022-06-07,sz.300223,251.17609411,252.4701356,245.10202181,247.05628855,253.42085996,7720168,725534121.6,1.8926,-2.5115,1,0
2022-06-08,sz.300223,245.603793,249.45950846,241.21989734,246.68656241,247.05628855,5798275,538613968.38,1.4214,-0.1497,1,0
2022-06-09,sz.300223,247.00347053,247.69010479,235.72682326,237.4169999,246.68656241,7333808,664427373.11,1.7978,-3.7576,1,0
2022-06-10,sz.300223,235.06659801,243.72875329,234.72328088,241.08785229,237.4169999,8806729,799546038.9,2.1589,1.5462,1,0
2022-06-13,sz.300223,243.20057309,249.5651445,237.17931881,239.89944684,241.08785229,9848811,908381524.75,2.4144,-0.4929,1,0
2022-06-14,sz.300223,236.38704851,236.38704851,227.17030402,235.43632415,239.89944684,7772497,681321233.04,1.9054,-1.8604,1,0
2022-06-15,sz.300223,229.758387,242.24984873,229.44147888,234.64405385,235.43632415,8583204,770794143.94,2.1041,-0.3365,1,0
2022-06-16,sz.300223,233.7197385,247.13551558,233.35001236,239.5297207,234.64405385,10033458,921123018.73,2.4596,2.0822,1,0
2022-06-17,sz.300223,236.41345752,239.60894773,231.8711078,238.60540535,239.5297207,7086594,633568783.21,1.7372,-0.3859,1,0
2022-06-20,sz.300223,238.79026842,250.27818777,237.31136386,245.73583805,238.60540535,10952618,1012811684.9,2.685,2.9884,1,0
2022-06-21,sz.300223,243.48643104,245.25945472,236.3149472,239.54343808,245.73578944,7792124,707209662.27,1.9102,-2.5199,1,0
2022-06-22,sz.300223,242.798392,245.89456768,230.228448,231.12819136,239.54343808,9884058,888827241.01,2.423,-3.513,1,0
2022-06-23,sz.300223,228.93175904,247.429424,228.93175904,247.2971088,231.12819136,12215191,1113783414.99,2.9945,6.9956,1,0
2022-06-24,sz.300223,248.51440864,258.49097472,244.62434176,255.39479904,247.2971088,12536250,1191877941.7,3.0732,3.2745,1,0
2022-06-27,sz.300223,256.77087712,261.82531776,251.6635104,252.35154944,255.39479904,9612492,926378070.81,2.3565,-1.1916,1,0
2022-06-28,sz.300223,253.67470144,272.3046816,246.106272,270.61104704,252.35154944,18113746,1779683309.55,4.4405,7.2357,1,0
2022-06-29,sz.300223,267.276704,293.15755712,265.31843904,273.230888,270.61104704,21745407,2307800981.12,5.3308,0.9681,1,0
2022-06-30,sz.300223,274.89805952,288.73822944,269.923008,281.1698,273.230888,15517687,1645637853.4,3.8041,2.9056,1,0
2022-07-01,sz.300223,283.154528,283.154528,268.01766912,268.75863424,281.1698,13047902,1344888633.47,3.1986,-4.4141,1,0
2022-07-04,sz.300223,260.660944,266.11233024,254.01872096,263.22785888,268.75863424,10428855,1027979631.19,2.5566,-2.0579,1,0
2022-07-05,sz.300223,261.87824384,267.46194528,253.70116448,259.09962464,263.22785888,8587216,843583477.16,2.1051,-1.5683,1,0
2022-07-06,sz.300223,256.4268576,267.43548224,254.62737088,257.0884336,259.09962464,10561728,1043714788.63,2.5892,-0.7762,1,0
2022-07-07,sz.300223,254.045184,256.691488,245.9739568,247.64112832,257.0884336,11747509,1103386684.27,2.8798,-3.6747,1,0
2022-07-08,sz.300223,247.64112832,253.46299712,241.63401824,245.86810464,247.64112832,12424887,1165588798.96,3.0459,-0.716,1,0
2022-07-11,sz.300223,241.3429248,244.54495264,236.9765232,240.04623584,245.86810464,9473082,856609241.96,2.3223,-2.3679,1,0
2022-07-12,sz.300223,238.93478816,241.81925952,232.874752,233.77449536,240.04623584,6210498,554748383.75,1.5225,-2.6127,1,0
2022-07-13,sz.300223,234.01266272,235.62690816,227.582144,230.30783712,233.77449536,6925453,606034598.22,1.6977,-1.4829,1,0
2022-07-14,sz.300223,230.28137408,237.02944928,228.6406656,233.50986496,230.30783712,7003386,618951502.99,1.7168,1.3903,1,0
2022-07-15,sz.300223,233.32462368,244.17447008,230.59893056,237.61163616,233.50986496,8909906,806671027.36,2.1842,1.7566,1,0
2022-07-18,sz.300223,238.16736,241.92511168,232.84828896,239.70221632,237.61163616,6129924,550094396.39,1.5027,0.8798,1,0
2022-07-19,sz.300223,239.70221632,241.2106096,233.98619968,236.60604064,239.70221632,4856712,435296526.59,1.1906,-1.2917,1,0
2022-07-20,sz.300223,239.2258816,242.6660768,236.42079936,238.53784256,236.60604064,5240218,475115852.75,1.2846,0.8165,1,0
2022-07-21,sz.300223,236.844208,249.20244768,234.48899744,245.0477504,238.53784256,11313324,1043087499.63,2.7734,2.7291,1,0
2022-07-22,sz.300223,243.8569136,244.62434176,234.75362784,237.87626656,245.0477504,6260929,566135196.63,1.5348,-2.9266,1,0
2022-07-25,sz.300223,235.6533712,238.51137952,228.79944384,228.82590688,237.87626656,5369421,471165104.22,1.3163,-3.8047,1,0
2022-07-26,sz.300223,227.60860704,230.96941312,220.1724928,225.12108128,228.82590688,6620060,560586516.84,1.6229,-1.6191,1,0
2022-07-27,sz.300223,225.01522912,226.17960288,220.93992096,224.69767264,225.12108128,4375035,369171421.54,1.0725,-0.1881,1,0
2022-07-28,sz.300223,227.47629184,232.58365856,227.1851984,227.50275488,224.69767264,6305195,547807086.32,1.5457,1.2484,1,0
2022-07-29,sz.300223,230.7577088,244.04215488,229.9638176,235.20349952,227.50275488,11228309,1002969742.56,2.7526,3.3849,1,0
2022-08-01,sz.300223,232.213176,237.95565568,221.97197952,236.3149472,235.20349952,6834000,597928822.12,1.6753,0.4725,1,0
2022-08-02,sz.300223,232.42488032,240.60195968,225.8620464,235.2564256,236.3149472,8944912,798758596.22,2.1928,-0.4479,1,0
2022-08-03,sz.300223,238.16736,248.43501952,235.521056,243.61874624,235.2564256,12317897,1128138640.85,3.0197,3.5546,1,0
2022-08-04,sz.300223,247.1647936,253.383608,243.459968,251.55765824,243.61874624,12875206,1213307511.29,3.1563,3.2587,1,0
2022-08-05,sz.300223,251.61058432,273.892464,247.64112832,264.70978912,251.55765824,17004667,1681586613.12,4.1686,5.2283,1,0
2022-08-08,sz.300223,261.984096,262.08994816,251.39888,256.66502496,264.70978912,11716179,1133897304.24,2.8722,-3.0391,1,0
2022-08-09,sz.300223,248.752576,251.21363872,239.54343808,249.6787824,256.66502496,13817209,1275979757.6,3.3872,-2.7219,1,0
2022-08-10,sz.300223,244.94189824,250.8696192,242.9307072,242.95717024,249.6787824,8709545,808852528.89,2.1351,-2.6921,1,0
2022-08-11,sz.300223,244.5184896,252.29862336,243.14241152,249.73170848,242.95717024,9766355,916747796.21,2.3942,2.7884,1,0
2022-08-12,sz.300223,248.2233152,250.89608224,243.24826368,243.40704192,249.73170848,6249452,582457964.02,1.532,-2.5326,1,0
2022-08-15,sz.300223,244.121544,247.11186752,240.813664,241.26353568,243.40704192,5066873,464855636.08,1.2421,-0.8806,1,0
2022-08-16,sz.300223,239.490512,241.42231392,232.3454912,232.92767808,241.26353568,10424114,925747315.79,2.5554,-3.4551,1,0
2022-08-17,sz.300223,232.3454912,234.9917952,228.905296,234.0655888,232.92767808,6569057,576214869.72,1.6104,0.4885,1,0
2022-08-18,sz.300223,232.55719552,237.45285792,231.44574784,236.5795776,234.0655888,6025322,535754493.85,1.4771,1.0741,1,0
2022-08-19,sz.300223,235.57398208,240.5490336,228.85236992,228.93175904,236.5795776,7219754,637408577.7,1.7699,-3.2327,1,0
2022-08-22,sz.300223,226.60301152,230.94295008,223.612688,228.905296,228.93175904,4212192,362632434.67,1.0326,-0.0116,1,0
2022-08-23,sz.300223,228.82590688,230.73124576,227.21166144,229.99028064,228.905296,3461011,300163175.22,0.8484,0.474,1,0
2022-08-24,sz.300223,229.77857632,229.77857632,220.1724928,220.33127104,229.99028064,5438274,460583548.51,1.3332,-4.1997,1,0
2022-08-25,sz.300223,220.4371232,223.7450032,213.9536784,217.31448448,220.33127104,4950358,408310657.17,1.2136,-1.3692,1,0
2022-08-26,sz.300223,216.25596288,220.62236448,216.25596288,217.87020832,217.31448448,3064633,252790703.23,0.7513,0.2557,1,0
2022-08-29,sz.300223,213.2921024,220.67529056,212.6305264,217.36741056,217.87020832,3051353,251066835.58,0.7439,-0.2308,1,0
2022-08-30,sz.300223,218.10837568,222.18368384,215.70023904,220.14602976,217.36741056,3330673,276184170.32,0.812,1.2783,1,0
2022-08-31,sz.300223,218.95519296,222.18368384,214.350624,215.8060912,220.14602976,4172508,341885291.07,1.0173,-1.9714,1,0
2022-09-01,sz.300223,218.32008,220.966384,213.05393504,213.10686112,215.8060912,2998683,245282942.22,0.7311,-1.2508,1,0
2022-09-02,sz.300223,213.5567328,216.44120416,212.15419168,214.16538272,213.10686112,2719719,220635953.83,0.6631,0.4967,1,0
2022-09-05,sz.300223,213.23917632,213.74197408,203.71248192,206.6763424,214.16538272,4638170,363753131.6,1.1308,-3.4968,1,0
2022-09-06,sz.300223,207.734864,208.9257008,204.21527968,208.15827264,206.6763424,3668174,286151768.89,0.8943,0.717,1,0
2022-09-07,sz.300223,208.55521824,214.2183088,207.94656832,212.39235904,208.15827264,5250467,420529912.97,1.2801,2.0341,1,0
2022-09-08,sz.300223,210.53994624,212.15419168,204.58576224,205.40611648,212.39235904,4212779,331168903.19,1.0271,-3.2893,1,0
2022-09-09,sz.300223,205.37965344,207.97303136,201.59543872,207.54962272,205.40611648,4403764,340041102.72,1.0736,1.0435,1,0
2022-09-13,sz.300223,207.57608576,211.3073744,206.8086576,207.09975104,207.54962272,2989365,235606386.73,0.7288,-0.2168,1,0
2022-09-14,sz.300223,202.62749728,206.411712,201.3837344,204.426984,207.09975104,2460280,189719128.48,0.5998,-1.2906,1,0
2022-09-15,sz.300223,204.74454048,205.72367296,195.826496,198.44633696,204.426984,3958481,299710474.33,0.9651,-2.9256,1,0
2022-09-16,sz.300223,198.18170656,200.43106496,193.180192,193.180192,198.44633696,3214901,238983891.72,0.7838,-2.6537,1,0
2022-09-19,sz.300223,193.36543328,197.20257408,190.533888,192.28044864,193.180192,3305304,241472471.29,0.8058,-0.4658,1,0
2022-09-20,sz.300223,192.43922688,195.5618656,190.533888,195.16492,192.28044864,3415389,249946441.7,0.8327,1.5001,1,0
2022-09-21,sz.300223,193.73591584,195.64125472,190.58681408,193.52421152,195.16492,3604983,263384764.58,0.8789,-0.8407,1,0
2022-09-22,sz.300223,191.96289216,196.93794368,191.96289216,194.87382656,193.52421152,3517911,259420720.8,0.8577,0.6974,1,0
2022-09-23,sz.300223,195.2972352,195.80003296,188.9461056,190.03109024,194.87382656,2985827,216304422.62,0.7279,-2.4851,1,0
2022-09-26,sz.300223,187.99343616,192.06874432,187.94051008,190.03109024,190.03109024,2592696,186934326.44,0.6321,0.0,1,0
2022-09-27,sz.300223,190.1369424,196.488072,190.03109024,196.3557568,190.03109024,4056203,297469230.14,0.9889,3.3282,1,0
2022-09-28,sz.300223,195.826496,199.795952,193.3125072,194.9002896,196.3557568,4956852,369067851.29,1.2085,-0.7412,1,0
2022-09-29,sz.300223,197.5465936,204.426984,195.0326048,200.82801056,194.9002896,5823740,440480795.21,1.4198,3.0414,1,0
2022-09-30,sz.300223,199.21376512,200.69569536,195.6941808,195.74710688,200.82801056,3298189,246192028.92,0.8041,-2.53,1,0
2022-10-10,sz.300223,194.503344,194.7679744,173.30644896,174.89423136,195.74710688,5876797,399772427.3,1.4328,-10.653,1,0
2022-10-11,sz.300223,174.656064,176.48201376,163.6739024,171.348184,174.89423136,5251987,334838110.39,1.2804,-2.0275,1,0
2022-10-12,sz.300223,171.45403616,183.83873888,169.6280864,182.3303456,171.348184,6387696,427614708.98,1.5573,6.4093,1,0
2022-10-13,sz.300223,182.01278912,186.4321168,180.23976544,181.85401088,182.3303456,4330460,300821080.02,1.0558,-0.2612,1,0
2022-10-14,sz.300223,184.47385184,187.04076672,181.74815872,185.42652128,181.85401088,4027530,281138775.33,0.9819,1.9645,1,0
2022-10-17,sz.300223,182.594976,189.13134688,182.594976,187.99343616,185.42652128,4163993,293681582.71,1.0152,1.3843,1,0
2022-10-18,sz.300223,189.79292288,190.48096192,185.00311264,185.42652128,187.99343616,3074259,216580023.8,0.7495,-1.3654,1,0
2022-10-19,sz.300223,185.00311264,187.59649056,183.918128,183.918128,185.42652128,2988282,209538521.65,0.7285,-0.8135,1,0
2022-10-20,sz.300223,182.56851296,195.6941808,182.0657152,192.83617248,183.918128,7418729,534602947.06,1.8087,4.8489,1,0
2022-10-21,sz.300223,190.2692576,190.4015728,184.7120192,185.00311264,192.83617248,5564610,392859432.05,1.3567,-4.062,1,0
2022-10-24,sz.300223,185.16189088,192.41276384,182.40973472,185.16189088,185.00311264,5414020,383531519.49,1.3199,0.0858,1,0
2022-10-25,sz.300223,180.05452416,184.92372352,176.19092032,178.14918528,185.16189088,6039108,409968029.1,1.4723,-3.7873,1,0
2022-10-26,sz.300223,178.46674176,187.86112096,176.48201376,186.0351712,178.14918528,6786187,473805226.1,1.6545,4.4266,1,0
2022-10-27,sz.300223,185.6382256,190.533888,183.1242368,183.70642368,186.0351712,6651443,467486753.0,1.6216,-1.2518,1,0
2022-10-28,sz.300223,181.271824,187.86112096,175.39702912,175.87336384,183.70642368,6646603,457294142.85,1.6204,-4.2639,1,0
2022-10-31,sz.300223,174.1268032,182.594976,172.45963168,179.84281984,175.87336384,5048709,343309894.61,1.2309,2.257,1,0
2022-11-01,sz.300223,177.35529408,181.6687696,172.5390208,181.6687696,179.84281984,6255570,421589129.36,1.5251,1.0153,1,0
2022-11-02,sz.300223,180.79548928,187.72880576,180.50439584,185.61176256,181.6687696,5949628,416494488.65,1.4505,2.1704,1,0
2022-11-03,sz.300223,183.918128,195.05906784,183.6534976,193.180192,185.61176256,9660242,695870838.57,2.3552,4.0776,1,0
2022-11-04,sz.300223,191.80411392,196.06466336,189.6076816,194.58273312,193.180192,8722402,635211293.55,2.1265,0.726,1,0
2022-11-07,sz.300223,192.3863008,196.01173728,190.87790752,191.7247248,194.58273312,5518607,402642033.28,1.3454,-1.4688,1,0
2022-11-08,sz.300223,191.90996608,193.9740832,188.0198992,189.44890336,191.7247248,5597833,401561337.31,1.3648,-1.187,1,0
2022-11-09,sz.300223,189.210736,190.34864672,186.90845152,187.83465792,189.44890336,3854450,274027476.49,0.9397,-0.8521,1,0
2022-11-10,sz.300223,186.4321168,189.44890336,180.7425632,181.29828704,187.83465792,5865399,407694038.16,1.43,-3.4799,1,0
2022-11-11,sz.300223,186.59089504,195.2972352,185.82346688,188.54916,181.29828704,9296166,667145198.08,2.2664,3.9994,1,0
2022-11-14,sz.300223,190.21633152,197.83768704,186.6967472,193.12726592,188.54916,9819371,719153055.37,2.394,2.4281,1,0
2022-11-15,sz.300223,192.41276384,216.5999824,190.03109024,212.12772864,193.12726592,19500244,1517411793.98,4.7542,9.8383,1,0
2022-11-16,sz.300223,208.5287552,211.12213312,205.24733824,206.57049024,212.12772864,11642093,914212033.32,2.8383,-2.6198,1,0
2022-11-17,sz.300223,205.56489472,216.22949984,201.14556704,213.47734368,206.57049024,15035537,1191265075.47,3.6657,3.3436,1,0
2022-11-18,sz.300223,211.28091136,213.8213632,206.35878592,207.12621408,213.47734368,8521129,674155010.24,2.0775,-2.9751,1,0
2022-11-21,sz.300223,204.5592992,208.58168128,202.442256,204.6916144,207.12621408,5416645,418922431.64,1.3206,-1.1754,1,0
2022-11-22,sz.300223,205.08856,209.93129632,202.73334944,205.37965344,204.6916144,5733879,447954535.55,1.3979,0.3361,1,0
2022-11-23,sz.300223,205.08856,207.734864,199.795952,202.52164512,205.37965344,4452429,341926756.44,1.0855,-1.3916,1,0
2022-11-24,sz.300223,201.06617792,203.5007776,199.47839552,199.50485856,202.52164512,3558360,270410478.65,0.8675,-1.4896,1,0
2022-11-25,sz.300223,197.2819632,205.2208752,197.2819632,202.0453104,199.50485856,4375557,335018035.84,1.0668,1.2734,1,0
2022-11-28,sz.300223,198.4728,204.40052096,197.46720448,203.92418624,202.0453104,4010541,306934545.32,0.9778,0.9299,1,0
2022-11-29,sz.300223,203.52724064,210.19592672,202.25701472,207.9994944,203.92418624,6277178,491818907.93,1.5304,1.9984,1,0
2022-11-30,sz.300223,206.411712,209.8519072,204.92978176,208.87277472,207.9994944,4740833,371059112.29,1.1558,0.4198,1,0
2022-12-01,sz.300223,210.40763104,216.91753888,207.9994944,207.9994944,208.87277472,8451754,679309450.82,2.0605,-0.4181,1,0
2022-12-02,sz.300223,206.12061856,210.1165376,205.3531904,205.82952512,207.9994944,4250237,333232852.25,1.0362,-1.0433,1,0
2022-12-05,sz.300223,207.49669664,209.66666592,202.15116256,206.20000768,205.82952512,5021860,389666622.59,1.2243,0.18,1,0
2022-12-06,sz.300223,206.62341632,214.56232832,205.24733824,211.78370912,206.20000768,8535864,681597621.41,2.081,2.7079,1,0
2022-12-07,sz.300223,209.5872768,211.14859616,205.27380128,207.12621408,211.78370912,6373819,499023058.53,1.5539,-2.1992,1,0
2022-12-08,sz.300223,205.43257952,207.36438144,203.765408,203.92418624,207.12621408,3785394,292912590.02,0.9229,-1.5459,1,0
2022-12-09,sz.300223,203.92418624,208.9257008,203.765408,207.17914016,203.92418624,5668915,443526128.65,1.3821,1.5962,1,0
2022-12-12,sz.300223,207.9994944,214.350624,204.10942752,210.7781136,207.17914016,8727373,696388352.22,2.1277,1.7371,1,0
2022-12-13,sz.300223,209.00508992,209.3226464,205.03563392,205.8824512,210.7781136,4757363,371378330.18,1.1598,-2.3227,1,0
2022-12-14,sz.300223,211.70432,214.16538272,205.80306208,206.04122944,205.8824512,6342231,503574561.72,1.5462,0.0771,1,0
2022-12-15,sz.300223,203.79187104,212.365896,200.7221584,208.84631168,206.04122944,6476724,511633546.99,1.579,1.3614,1,0
2022-12-16,sz.300223,207.23206624,207.97303136,203.15675808,204.426984,208.84631168,4189844,324157353.74,1.0215,-2.1161,1,0
2022-12-19,sz.300223,202.46871904,204.24174272,195.80003296,196.488072,204.426984,4145168,311685574.7,1.0106,-3.8835,1,0
2022-12-20,sz.300223,196.51453504,199.795952,195.32369824,197.6789088,196.488072,2751717,205365304.2,0.6709,0.6061,1,0
2022-12-21,sz.300223,197.57305664,199.61071072,189.42244032,192.14813344,197.6789088,3553192,259906631.33,0.8663,-2.7979,1,0
2022-12-22,sz.300223,193.25958112,194.68858528,188.52269696,190.03109024,192.14813344,3112656,225164456.9,0.7589,-1.1018,1,0
2022-12-23,sz.300223,187.91404704,189.92523808,182.78021728,185.21481696,190.03109024,3462536,243166208.92,0.8442,-2.5345,1,0
2022-12-26,sz.300223,185.53237344,191.03668576,185.29420608,189.95170112,185.21481696,2816915,201644221.48,0.6868,2.5575,1,0
2022-12-27,sz.300223,190.7985184,193.15372896,188.57562304,192.2539856,189.95170112,2856028,206112875.92,0.6963,1.212,1,0
2022-12-28,sz.300223,192.09520736,192.6509312,189.66060768,189.872312,192.2539856,2196022,158038111.82,0.5354,-1.2388,1,0
2022-12-29,sz.300223,191.56594656,191.80411392,188.07282528,188.12575136,189.872312,2186213,156800909.98,0.533,-0.9199,1,0
2022-12-30,sz.300223,189.42244032,190.98375968,186.11456032,186.40565376,188.12575136,2144324,152086947.16,0.5228,-0.9143,1,0
2023-01-03,sz.300223,186.45857984,189.13134688,184.7120192,188.46977088,186.40565376,2678540,189921506.89,0.653,1.1073,1,0
2023-01-04,sz.300223,188.46977088,191.40716832,184.39446272,185.18835392,188.46977088,3979566,281462924.34,0.9702,-1.7411,1,0
2023-01-05,sz.300223,185.71761472,187.70234272,184.39446272,186.35272768,185.18835392,2678910,188623715.0,0.6531,0.6288,1,0
2023-01-06,sz.300223,185.3735952,189.81938592,184.10336928,187.99343616,186.35272768,4189597,297437437.43,1.0214,0.8804,1,0
2023-01-09,sz.300223,186.8290624,191.51302048,186.77613632,187.91404704,187.99343616,4131997,294486335.05,1.0074,-0.0422,1,0
2023-01-10,sz.300223,187.64941664,192.1216704,186.98784064,190.03109024,187.91404704,4790544,344197967.84,1.1679,1.1266,1,0
2023-01-11,sz.300223,189.68707072,193.39189632,188.9461056,189.29012512,190.03109024,4167481,301036341.67,1.016,-0.3899,1,0
2023-01-12,sz.300223,189.29012512,189.872312,184.7120192,185.7705408,189.29012512,4127182,290333540.45,1.0062,-1.8594,1,0
2023-01-13,sz.300223,185.7705408,187.0936928,184.34153664,185.79700384,185.7705408,2770736,193985394.41,0.6755,0.0142,1,0
2023-01-16,sz.300223,184.34153664,200.5898432,183.94459104,199.95473024,185.79700384,10276940,749822608.14,2.5055,7.62,1,0
2023-01-17,sz.300223,198.6051152,205.77659904,197.99646528,202.75981248,199.95473024,8830494,677709873.56,2.1529,1.4029,1,0
2023-01-18,sz.300223,203.5007776,203.55370368,200.27228672,202.68042336,202.75981248,4008035,305666541.37,0.9772,-0.0392,1,0
2023-01-19,sz.300223,202.75981248,211.70432,201.59543872,210.98981792,202.68042336,8290231,652328497.46,2.0212,4.0998,1,0
2023-01-20,sz.300223,209.34910944,212.47174816,208.87277472,211.67785696,210.98981792,5646676,450003561.58,1.3767,0.3261,1,0
2023-01-30,sz.300223,212.57760032,214.13891968,206.96743584,210.96335488,211.67785696,5253655,419690377.8,1.2808,-0.3375,1,0
2023-01-31,sz.300223,209.08447904,211.59846784,205.51196864,206.0147664,210.96335488,4597033,359926685.66,1.1208,-2.3457,1,0
2023-02-01,sz.300223,206.06769248,211.91602432,206.06769248,210.32824192,206.0147664,4240653,334878130.88,1.0339,2.0938,1,0
2023-02-02,sz.300223,210.75165056,214.350624,209.37557248,209.40203552,210.32824192,6033678,482960342.46,1.471,-0.4404,1,0
2023-02-03,sz.300223,207.78779008,211.12213312,205.08856,208.84631168,209.40203552,4080859,319965646.35,0.9949,-0.2654,1,0
2023-02-06,sz.300223,206.62341632,210.01068544,205.77659904,206.1470816,208.84631168,2503595,195943351.45,0.6104,-1.2924,1,0
2023-02-07,sz.300223,207.70840096,208.18473568,204.426984,206.91450976,206.1470816,2676475,208588523.52,0.6525,0.3723,1,0
2023-02-08,sz.300223,207.9994944,212.73637856,204.24174272,204.58576224,206.91450976,4245142,333462309.33,1.035,-1.1255,1,0
2023-02-09,sz.300223,203.2361472,213.5567328,201.93945824,212.4982112,204.58576224,8877473,706333263.53,2.1643,3.8675,1,0
2023-02-10,sz.300223,214.350624,223.58622496,211.9689504,213.60965888,212.4982112,11870010,977659200.09,2.8939,0.523,1,0
2023-02-13,sz.300223,213.027472,219.29921248,208.81984864,215.09158912,213.60965888,10927557,879050621.77,2.6641,0.6938,1,0
2023-02-14,sz.300223,213.74197408,221.4956448,210.09007456,211.06920704,215.09158912,7989970,646070255.46,1.948,-1.8701,1,0
2023-02-15,sz.300223,210.40763104,214.350624,208.21119872,213.5567328,211.06920704,6742888,538329538.02,1.6439,1.1785,1,0
2023-02-16,sz.300223,216.83814976,229.38163072,213.31856544,221.17808832,213.5567328,19692251,1655629005.02,4.801,3.5688,1,0
2023-02-17,sz.300223,219.3786016,221.3633296,204.5592992,204.6916144,221.17808832,17250680,1376637925.56,4.2057,-7.4539,1,0
2023-02-20,sz.300223,203.6330928,204.63868832,197.44074144,203.73894496,204.6916144,9156501,693826999.06,2.2324,-0.4654,1,0
2023-02-21,sz.300223,202.91859072,205.59135776,200.51045408,202.7068864,203.73894496,5266043,403484880.69,1.2839,-0.5066,1,0
2023-02-22,sz.300223,199.95473024,205.32672736,199.82241504,203.73894496,202.7068864,3745874,286502550.18,0.9132,0.5091,1,0
2023-02-23,sz.300223,203.2361472,204.8239296,201.14556704,203.5007776,203.73894496,3377300,259066042.87,0.8234,-0.1169,1,0
2023-02-24,sz.300223,205.6178208,207.12621408,203.39492544,203.765408,203.5007776,4330585,335531507.95,1.0558,0.13,1,0
2023-02-27,sz.300223,200.5898432,202.9715168,197.17611104,198.15524352,203.765408,4418725,333600469.35,1.0773,-2.7532,1,0
2023-02-28,sz.300223,199.31961728,200.53691712,196.72623936,200.3252128,198.15524352,2681879,201587255.77,0.6538,1.0951,1,0
2023-03-01,sz.300223,199.0020608,202.94505376,198.71096736,202.36286688,200.3252128,4126335,313401011.77,1.006,1.0172,1,0
2023-03-02,sz.300223,202.442256,206.6763424,201.70129088,202.23055168,202.36286688,4194328,322954723.72,1.0226,-0.0654,1,0
2023-03-03,sz.300223,208.5287552,210.40763104,203.95064928,206.1470816,202.23055168,7350862,576183786.64,1.7921,1.9367,1,0
2023-03-06,sz.300223,203.765408,206.35878592,201.43666048,204.0300384,206.1470816,5184605,399107271.31,1.264,-1.027,1,0
2023-03-07,sz.300223,204.0300384,205.2208752,198.15524352,198.15524352,204.0300384,4301838,326335250.18,1.0488,-2.8794,1,0
2023-03-08,sz.300223,197.17611104,201.70129088,197.0173328,201.43666048,198.15524352,3398571,256896088.1,0.8286,1.656,1,0
2023-03-09,sz.300223,201.46312352,204.50637312,200.40460192,200.80154752,201.43666048,4514276,345668035.51,1.1006,-0.3153,1,0
2023-03-10,sz.300223,198.31402176,201.06617792,195.32369824,195.74710688,200.80154752,4858115,363149973.3,1.1844,-2.5171,1,0
2023-03-13,sz.300223,195.16492,197.6789088,193.180192,195.58832864,195.74710688,3840741,283806669.16,0.9364,-0.0811,1,0
2023-03-14,sz.300223,194.21225056,206.8086576,193.60360064,205.80306208,195.58832864,10001459,759531528.75,2.4384,5.2226,1,0
2023-03-15,sz.300223,207.57608576,208.5287552,203.92418624,204.26820576,205.80306208,6983114,543676350.93,1.7025,-0.7458,1,0
2023-03-16,sz.300223,202.442256,208.6610704,202.442256,204.6916144,204.26820576,6959258,541908536.93,1.6967,0.2073,1,0
2023-03-17,sz.300223,207.734864,209.37557248,204.66515136,207.39084448,204.6916144,8549343,668759797.41,2.0843,1.3187,1,0
2023-03-20,sz.300223,207.25852928,214.6152544,206.411712,210.48702016,207.39084448,10529485,841862865.61,2.5671,1.4929,1,0
2023-03-21,sz.300223,210.6457984,212.2335808,207.9994944,210.75165056,210.48702016,5413692,429515980.39,1.3199,0.1257,1,0
2023-03-22,sz.300223,211.01628096,214.0859936,208.84631168,212.12772864,210.75165056,6382580,510675388.43,1.5561,0.6529,1,0
2023-03-23,sz.300223,210.381168,227.0528832,210.381168,225.88850944,212.12772864,17553334,1462294990.36,4.2795,6.487,1,0
2023-03-24,sz.300223,224.61828352,228.905296,219.643232,226.07375072,225.88850944,14503363,1229386477.8,3.5359,0.082,1,0
2023-03-27,sz.300223,224.08902272,226.84117888,219.1139712,221.07223616,226.07375072,11574382,973343544.84,2.8218,-2.2123,1,0
2023-03-28,sz.300223,219.16689728,221.2310144,215.9384064,216.54705632,221.07223616,7267818,598515953.11,1.7719,-2.0469,1,0
2023-03-29,sz.300223,216.4676672,226.1266768,215.1445152,223.42744672,216.54705632,12876270,1078553913.83,3.1392,3.1773,1,0
2023-03-30,sz.300223,225.67680512,243.22180064,225.67680512,234.88594304,223.42744672,25999708,2323591447.19,6.3387,5.1285,1,0
2023-03-31,sz.300223,232.90121504,237.26761664,230.0961328,235.54751904,234.88594304,12057134,1065062832.12,2.9395,0.2817,1,0
2023-04-03,sz.300223,260.3963136,279.3173872,255.79174464,265.4242912,235.54751904,41677594,4201870219.68,10.161,12.684,1,0
2023-04-04,sz.300223,264.68332608,297.92090432,264.68332608,291.72855296,265.4242912,47848834,5029786342.41,11.6656,9.9103,1,0
2023-04-06,sz.300223,288.07665344,317.23892352,285.03340384,289.45273152,291.72855296,44198088,5044260628.02,10.7755,-0.7801,1,0
2023-04-07,sz.300223,295.83032416,306.7066336,287.15044704,298.97942592,289.45273152,34588719,3876455203.37,8.4327,3.2913,1,0
2023-04-10,sz.300223,295.4598416,298.71479552,270.9815296,275.18915296,298.97942592,34731837,3744268254.92,8.4677,-7.9572,1,0
2023-04-11,sz.300223,283.154528,299.4292976,282.51941504,288.76469248,275.18915296,33779993,3709068196.84,8.2356,4.9332,1,0
2023-04-12,sz.300223,287.49446656,293.13109408,278.17947648,287.73263392,288.76469248,20958322,2271525807.14,5.1097,-0.3574,1,0
2023-04-13,sz.300223,282.0960064,284.47768,275.215616,276.82986144,287.73263392,16793157,1773504508.16,4.0942,-3.7892,1,0
2023-04-14,sz.300223,277.01510272,279.13214592,260.1316832,275.215616,276.82986144,27006820,2766414698.24,6.5843,-0.5831,1,0
2023-04-17,sz.300223,272.569312,280.508224,269.07619072,270.4522688,275.215616,15410129,1592900168.4,3.757,-1.7308,1,0
2023-04-18,sz.300223,268.4675408,273.54844448,261.984096,271.45786432,270.4522688,14230620,1436870915.16,3.4694,0.3718,1,0
2023-04-19,sz.300223,267.72657568,278.9204416,267.276704,269.42021024,271.45786432,17660113,1823285257.7,4.3056,-0.7506,1,0
2023-04-20,sz.300223,264.6304,279.13214592,264.6304,279.13214592,269.42021024,21699315,2245003371.7,5.2903,3.6048,1,0
2023-04-21,sz.300223,275.4802464,275.4802464,248.56733472,253.383608,279.13214592,26227954,2582722097.2,6.3944,-9.2245,1,0
2023-04-24,sz.300223,252.93373632,255.8975968,241.6075552,244.33324832,253.383608,17121935,1597969438.73,4.1743,-3.5718,1,0
2023-04-25,sz.300223,248.17038912,255.6329664,244.5184896,246.71492192,244.33324832,16691596,1575019668.98,4.0694,0.9748,1,0
2023-04-26,sz.300223,243.03655936,245.28591776,230.51954144,232.3454912,246.71492192,17449704,1556590205.75,4.2543,-5.8243,1,0
2023-04-27,sz.300223,232.63658464,239.78160544,230.38722624,232.42488032,232.3454912,11637821,1034314471.98,2.8373,0.0342,1,0
2023-04-28,sz.300223,228.6406656,236.3149472,228.27018304,233.98619968,232.42488032,12023423,1060369053.18,2.9313,0.6718,1,0
2023-05-04,sz.300223,230.30783712,232.18671296,220.966384,222.4218512,233.98619968,13345885,1132964626.96,3.2537,-4.9423,1,0
2023-05-05,sz.300223,222.0249056,226.07375072,216.97046496,218.1877648,222.4218512,9605511,800055812.73,2.3418,-1.9036,1,0
2023-05-08,sz.300223,218.21422784,220.38419712,216.4676672,219.53737984,218.1877648,9250260,764189896.3,2.2552,0.6186,1,0
2023-05-09,sz.300223,219.59030592,222.50124032,216.49413024,216.49413024,219.53737984,10862084,898443261.29,2.6482,-1.3862,1,0
2023-05-10,sz.300223,215.75316512,217.7908192,210.16946368,212.60406336,216.49413024,8247937,663575911.87,2.0109,-1.7968,1,0
2023-05-11,sz.300223,213.39795456,217.2615584,210.96335488,216.0707216,212.60406336,11400653,925479717.95,2.7795,1.6306,1,0
2023-05-12,sz.300223,216.0707216,220.38419712,211.1750592,211.1750592,216.0707216,10593566,865178457.35,2.5827,-2.2658,1,0
2023-05-15,sz.300223,208.58168128,212.47174816,207.41730752,212.47174816,211.1750592,7131339,565510391.88,1.7386,0.614,1,0
2023-05-16,sz.300223,215.11805216,227.95262656,210.14300064,222.21014688,212.47174816,20500702,1710503639.17,4.9981,4.5834,1,0
2023-05-17,sz.300223,222.18368384,232.68951072,218.7170256,225.30632256,222.21014688,18028223,1546670022.46,4.3808,1.3934,1,0
2023-05-18,sz.300223,222.31599904,227.07934624,220.51651232,223.00403808,225.30632256,10878207,918535613.67,2.6433,-1.0218,1,0
2023-05-19,sz.300223,227.42336576,240.44318144,226.89410496,235.17703648,223.00403808,21757422,1934454353.07,5.2869,5.4586,1,0
2023-05-22,sz.300223,251.9281408,254.01872096,237.55871008,241.81925952,235.17703648,24929824,2305300152.91,5.9955,2.8244,1,0
2023-05-23,sz.300223,236.0503168,239.99330976,231.2869696,234.197904,241.81925952,14514594,1292354930.28,3.4907,-3.1517,1,0
2023-05-24,sz.300223,231.0223392,241.76633344,226.41777024,234.75362784,234.197904,16532043,1466997374.0,3.9759,0.2373,1,0
2023-05-25,sz.300223,237.39993184,242.69253984,229.38163072,240.62842272,234.75362784,14632234,1305113167.31,3.519,2.5025,1,0
2023-05-26,sz.300223,238.72308384,254.045184,237.18822752,248.77903904,240.62842272,21954511,2053104233.9,5.28,3.3872,1,0
2023-05-29,sz.300223,250.36682144,255.34187296,241.39585088,241.6075552,248.77903904,16488103,1540353021.67,3.9653,-2.8827,1,0
2023-05-30,sz.300223,239.7551424,248.2233152,236.02385376,248.14392608,241.6075552,14098050,1291384936.93,3.3905,2.7054,1,0
2023-05-31,sz.300223,245.444696,253.9128688,240.31086624,249.86402368,248.14392608,17822588,1668627427.01,4.2863,0.6932,1,0
2023-06-01,sz.300223,245.47115904,251.1342496,242.61315072,243.61874624,249.86402368,14119588,1312793132.0,3.3957,-2.4995,1,0
2023-06-02,sz.300223,243.51289408,244.5184896,237.1088384,238.88186208,243.61874624,11430274,1035502391.37,2.7489,-1.9444,1,0
2023-06-05,sz.300223,237.29407968,242.82485504,235.28288864,235.83861248,238.88186208,9294289,838487404.63,2.2352,-1.274,1,0
2023-06-06,sz.300223,234.197904,235.2564256,224.59182048,224.93584,235.83861248,11903767,1032884767.79,2.8628,-4.623,1,0
2023-06-07,sz.300223,226.4721435,229.1209405,223.24061116,226.60458335,224.93584124,7012428,599266057.96,1.6865,0.7419,1,0
2023-06-08,sz.300223,226.63107132,226.7370232,220.16800664,222.498948,226.60458335,7152582,600152859.26,1.7202,-1.8118,1,0
2023-06-09,sz.300223,223.69090665,233.83579916,220.40639837,233.51794352,222.498948,11895438,1019788633.35,2.8608,4.9524,1,0
2023-06-12,sz.300223,230.73670667,238.17982624,230.445339,233.78282322,233.51794352,8834000,782799965.52,2.1245,0.1134,1,0
2023-06-13,sz.300223,233.22657585,251.18541951,232.85574427,249.59614131,233.78282322,20617437,1899411723.93,4.9584,6.7641,1,0
2023-06-14,sz.300223,248.37769469,251.635715,246.09972927,247.95388717,249.59614131,12121005,1136326458.05,2.9151,-0.658,1,0
2023-06-15,sz.300223,248.986918,249.7815571,241.54379843,242.1000458,247.95388717,10413373,960206099.56,2.5044,-2.3609,1,0
2023-06-16,sz.300223,241.06701497,248.58959845,239.68964053,247.29168792,242.1000458,11276973,1043686090.84,2.7121,2.1444,1,0
2023-06-19,sz.300223,245.14616235,253.01308944,243.1595646,248.32471875,247.29168792,14743804,1386781188.01,3.5458,0.4177,1,0
2023-06-20,sz.300223,245.5434819,248.00686311,243.02712475,244.4839631,248.32471875,10397946,961176904.26,2.5007,-1.5467,1,0
2023-06-21,sz.300223,243.4244443,244.2190834,229.9155796,229.96855554,244.4839631,12544969,1112546708.19,3.017,-5.9372,1,0
2023-06-26,sz.300223,225.4126247,234.89531796,225.4126247,231.00158637,229.96855554,9362281,815629314.94,2.2516,0.4492,1,0
2023-06-27,sz.300223,229.9155796,234.31258262,229.3858202,229.80962772,231.00158637,6746140,588741397.22,1.6224,-0.516,1,0
2023-06-28,sz.300223,229.6506999,233.6238954,221.20103747,228.45874125,229.80962772,8090783,694656105.69,1.9458,-0.5878,1,0
2023-06-29,sz.300223,230.81617058,242.20599768,230.81617058,233.75633525,228.45874125,11276229,1006410309.64,2.7119,2.3188,1,0
2023-06-30,sz.300223,231.5048578,235.2131736,227.69059012,233.91526307,233.75633525,7526723,660012401.9,1.8102,0.068,1,0
2023-07-03,sz.300223,233.094136,234.9482939,229.33284426,231.37241795,233.91526307,7542975,659808605.96,1.8141,-1.0871,1,0
2023-07-04,sz.300223,231.34592998,244.90777062,226.68404726,242.1000458,231.37241795,17357585,1552749517.55,4.1744,4.6365,1,0
2023-07-05,sz.300223,239.63666459,245.99377739,238.52416985,240.11344805,242.1000458,10923073,998880605.3,2.627,-0.8206,1,0
2023-07-06,sz.300223,241.040527,247.53007965,239.7161285,243.63634806,240.11344805,10559108,973148407.27,2.5394,1.4672,1,0
2023-07-07,sz.300223,241.17296685,241.62326234,233.14711194,235.18668563,243.63634806,8773941,784419549.94,2.1101,-3.4681,1,0
2023-07-10,sz.300223,236.88191571,240.59023151,234.86882999,236.98786759,235.18668563,6232188,559952780.82,1.4988,0.7659,1,0
2023-07-11,sz.300223,236.98786759,252.82767365,236.90840368,252.1654744,236.98786759,24256161,2284996383.45,5.8335,6.4044,1,0
2023-07-12,sz.300223,252.21845034,262.7606624,250.5761962,250.5761962,252.1654744,25999038,2519076467.51,6.2527,-0.6303,1,0
2023-07-13,sz.300223,253.78124057,267.21064136,248.986918,262.65471052,250.5761962,25269663,2484691122.61,6.0773,4.8203,1,0
2023-07-14,sz.300223,262.36334285,266.97224963,257.38360449,257.86038795,262.65471052,15647096,1539489338.97,3.7631,-1.8253,1,0
2023-07-17,sz.300223,255.05266313,257.80741201,250.3113165,253.91368042,257.86038795,11567629,1106870858.0,2.782,-1.5306,1,0
2023-07-18,sz.300223,254.31099997,261.4362639,248.986918,249.49018943,253.91368042,13694337,1320223915.8,3.2934,-1.7421,1,0
2023-07-19,sz.300223,244.85479468,251.1059556,243.84825182,244.45747513,249.49018943,8638880,802652363.44,2.0776,-2.0172,1,0
2023-07-20,sz.300223,244.96074656,246.97383228,238.6566097,239.08041722,244.45747513,8243395,754380876.36,1.9825,-2.1996,1,0
2023-07-21,sz.300223,238.36524203,242.33843753,235.742933,242.1000458,239.08041722,7483963,678637005.13,1.7999,1.263,1,0
2023-07-24,sz.300223,238.73607361,242.8946849,237.19977135,238.73607361,242.1000458,5780135,522905408.82,1.3901,-1.3895,1,0
2023-07-25,sz.300223,242.17950971,247.98037514,239.08041722,247.10627213,238.73607361,8812309,811784151.49,2.1193,3.506,1,0
2023-07-26,sz.300223,245.0137225,250.28482853,244.4839631,245.17265032,247.10627213,7014996,653864565.48,1.6871,-0.7825,1,0
2023-07-27,sz.300223,244.51045107,250.0464368,244.03366761,246.6030007,245.17265032,6404189,595748611.7,1.5402,0.5834,1,0
2023-07-28,sz.300223,242.1000458,242.78873302,219.850151,222.81680364,246.6030007,25507082,2184501687.01,6.1344,-9.6455,1,0
2023-07-31,sz.300223,219.5852713,224.59149763,215.37368407,221.99567657,222.81680364,11716986,977127494.51,2.8179,-0.3685,1,0
2023-08-01,sz.300223,221.4394292,225.12125703,220.85669386,222.31353221,221.99567657,7160233,602681280.7,1.722,0.1432,1,0
2023-08-02,sz.300223,221.86323672,223.63793071,219.0555119,219.87663897,222.31353221,5891646,492532110.32,1.4169,-1.0962,1,0
2023-08-03,sz.300223,217.86355325,219.850151,213.62547805,216.00939535,219.87663897,9168760,748344785.74,2.2051,-1.7588,1,0
2023-08-04,sz.300223,216.08885926,217.7311134,209.7847224,213.81089384,216.00939535,11846337,952950062.18,2.849,-1.0178,1,0
2023-08-07,sz.300223,213.73142993,215.92993144,212.9632788,214.94987655,213.81089384,5667226,459068349.25,1.3629,0.5327,1,0
2023-08-08,sz.300223,211.05614496,214.49958106,208.67222766,212.24810361,214.94987655,6162696,493145232.16,1.4821,-1.2569,1,0
2023-08-09,sz.300223,211.34751263,213.01625474,210.5793615,211.40048857,212.24810361,4624986,369587738.68,1.1123,-0.3994,1,0
2023-08-10,sz.300223,211.40048857,213.4930382,211.40048857,213.01625474,211.40048857,4255991,341322245.93,1.0236,0.7643,1,0
2023-08-11,sz.300223,213.04274271,213.2281585,208.1954442,209.33442691,213.01625474,5771005,458644092.63,1.3879,-1.7284,1,0
2023-08-14,sz.300223,206.81806976,207.87758856,202.84487426,206.89753367,209.33442691,5087994,394109745.58,1.2236,-1.1641,1,0
2023-08-15,sz.300223,207.1359254,208.69871563,201.01720433,203.4276096,206.89753367,5756284,444771579.97,1.3844,-1.6771,1,0
2023-08-16,sz.300223,201.308572,203.957369,198.28894342,198.659775,203.4276096,5493701,415225675.24,1.3212,-2.3438,1,0
2023-08-17,sz.300223,196.2758577,201.0436923,196.2758577,199.69280583,198.659775,4778928,359422581.12,1.1493,0.52,1,0
2023-08-18,sz.300223,199.21602237,201.308572,195.34877875,195.4812186,199.69280583,3974492,298042758.35,0.9559,-2.109,1,0
2023-08-21,sz.300223,197.04400883,197.04400883,191.71992686,191.71992686,195.4812186,3960950,289948516.5,0.9526,-1.9241,1,0
2023-08-22,sz.300223,193.362181,194.89848326,187.74673136,194.05086822,191.71992686,6092117,441093445.51,1.4651,1.2158,1,0
2023-08-23,sz.300223,193.41515694,193.70652461,188.72678625,188.80625016,194.05086822,3204275,230993609.17,0.7706,-2.7027,1,0
2023-08-24,sz.300223,190.10416069,194.63360356,188.46190655,191.74641483,188.80625016,4627530,334870901.53,1.1129,1.5572,1,0
2023-08-25,sz.300223,189.3889855,190.58094415,184.40924714,186.71370053,191.74641483,5417246,382773400.97,1.3028,-2.6247,1,0
2023-08-28,sz.300223,197.30888853,199.1895344,185.41579,186.4753088,186.71370053,6852826,494974166.33,1.6481,-0.1277,1,0
2023-08-29,sz.300223,184.48871105,193.33569303,184.38275917,191.61397498,186.4753088,7271948,522158094.01,1.7489,2.7557,1,0
2023-08-30,sz.300223,191.7729028,199.29548628,191.7729028,194.50116371,191.61397498,9407916,695788186.76,2.2626,1.5068,1,0
2023-08-31,sz.300223,192.62051784,197.17644868,190.84582385,195.58717048,194.50116371,6190649,455182589.87,1.4888,0.5584,1,0
2023-09-01,sz.300223,198.3948953,201.5734517,195.18985093,196.010978,195.58717048,6501408,486149385.41,1.5636,0.2167,1,0
2023-09-04,sz.300223,196.09044191,202.34160283,195.2163389,201.97077125,196.010978,7543859,566465704.3,1.8143,3.0405,1,0
2023-09-05,sz.300223,201.28208403,207.08294946,200.2490532,202.76541035,201.97077125,9414384,725901377.43,2.2641,0.3934,1,0
2023-09-06,sz.300223,201.308572,207.34782916,201.308572,206.04991863,202.76541035,8397352,648512447.53,2.0195,1.6199,1,0
2023-09-07,sz.300223,204.88444795,205.52015923,200.83178854,200.83178854,206.04991863,6768365,518008286.27,1.6278,-2.5325,1,0
2023-09-08,sz.300223,198.63328703,203.05677802,198.18299154,201.20262012,200.83178854,3900866,296697716.05,0.9381,0.1846,1,0
2023-09-11,sz.300223,200.7788126,203.40112163,199.74578177,201.78535546,201.20262012,4341735,330625447.4,1.0442,0.2896,1,0
2023-09-12,sz.300223,201.78535546,203.29516975,199.34846222,199.40143816,201.78535546,3661912,276990600.61,0.8807,-1.1814,1,0
2023-09-13,sz.300223,199.56036598,204.40766449,196.69966522,199.9841735,199.40143816,5650642,427133734.96,1.359,0.2922,1,0
2023-09-14,sz.300223,198.34191936,199.4544141,195.37526672,195.7460983,199.9841735,4260714,316357402.86,1.0247,-2.1192,1,0
2023-09-15,sz.300223,196.88508101,203.957369,193.68003664,199.66631786,195.7460983,7493155,564102679.1,1.8021,2.0027,1,0
2023-09-18,sz.300223,197.46781635,198.87167876,196.010978,196.88508101,199.66631786,4238173,315472327.49,1.0193,-1.3929,1,0
2023-09-19,sz.300223,196.8056171,202.05023516,193.8919404,199.05709455,196.88508101,6494709,486307866.36,1.562,1.1032,1,0
2023-09-20,sz.300223,198.1300156,200.91125245,194.9514592,195.13687499,199.05709455,4744327,354379769.65,1.141,-1.9694,1,0
2023-09-21,sz.300223,194.13033213,197.49430432,193.8919404,196.43478552,195.13687499,3911890,289083689.97,0.9408,0.6651,1,0
2023-09-22,sz.300223,195.40175469,202.87136223,192.09075844,202.28862689,196.43478552,7816549,588386471.38,1.8799,2.98,1,0
2023-09-25,sz.300223,201.81184343,201.81184343,196.19639379,196.5407374,202.28862689,5519325,412914619.73,1.3274,-2.8414,1,0
2023-09-26,sz.300223,196.03746597,197.97108778,192.09075844,193.07081333,196.5407374,4361133,320524574.16,1.0488,-1.7655,1,0
2023-09-27,sz.300223,192.69998175,196.5407374,192.62051784,194.58062762,193.07081333,3719341,272967204.15,0.8945,0.782,1,0
2023-09-28,sz.300223,194.55413965,197.04400883,193.75950055,195.24282687,194.58062762,3173295,234299787.06,0.7632,0.3403,1,0
2023-10-09,sz.300223,194.89848326,200.93774042,194.89848326,198.63328703,195.24282687,5829471,436670192.44,1.402,1.7365,1,0
2023-10-10,sz.300223,198.20947951,205.25527953,196.99103289,203.45409757,198.63328703,8272595,629479013.39,1.9895,2.427,1,0
2023-10-11,sz.300223,202.50053065,206.04991863,200.7788126,203.50707351,203.45409757,6903433,529651079.95,1.6603,0.026,1,0
2023-10-12,sz.300223,203.61302539,204.16927276,200.27554117,202.60648253,203.50707351,4407360,336137908.27,1.06,-0.4425,1,0
2023-10-13,sz.300223,201.308572,205.09635171,200.38149305,202.97731411,202.60648253,5666430,433479382.5,1.3628,0.183,1,0
2023-10-16,sz.300223,201.44101185,202.1032111,177.91969449,179.8533163,202.97731411,14494812,1023195574.13,3.486,-11.3924,1,0
2023-10-17,sz.300223,179.5884366,184.85954263,178.2640381,182.5021133,179.8533163,6705479,459329213.96,1.6126,1.4728,1,0
2023-10-18,sz.300223,181.4425945,185.01847045,179.08516517,179.19111705,182.5021133,5369892,368037404.71,1.2914,-1.8142,1,0
2023-10-19,sz.300223,178.36998998,186.81965241,177.36344712,181.68098623,179.19111705,6638870,459822475.82,1.5966,1.3895,1,0
2023-10-20,sz.300223,180.118196,182.36967345,176.46285614,177.01910351,181.68098623,4712674,317145602.85,1.1334,-2.566,1,0
2023-10-23,sz.300223,175.8801208,176.80719975,170.8474065,173.78757117,177.01910351,5027842,328355744.49,1.2092,-1.8255,1,0
2023-10-24,sz.300223,174.820602,178.42296592,171.08579823,175.69470501,173.78757117,4665883,308076161.63,1.1221,1.0974,1,0
2023-10-25,sz.300223,175.3503614,178.71433359,174.5557223,177.60183885,175.69470501,5210152,348239739.31,1.253,1.0855,1,0
2023-10-26,sz.300223,176.43636817,180.99229901,175.85363283,179.64141254,177.60183885,5522952,371772607.19,1.3283,1.1484,1,0
2023-10-27,sz.300223,180.09170803,188.5943464,179.72087645,187.16399602,179.64141254,8876843,621176614.19,2.1349,4.1876,1,0
2023-10-30,sz.300223,185.41579,196.69966522,185.1509103,194.97794717,187.16399602,9490812,691409576.04,2.2825,4.1749,1,0
2023-10-31,sz.300223,195.29580281,198.55382312,193.8919404,195.4812186,194.97794717,5975009,441799770.55,1.437,0.2581,1,0
2023-11-01,sz.300223,194.6865795,198.659775,194.34223589,194.44818777,195.4812186,3952885,292274499.91,0.9507,-0.5285,1,0
2023-11-02,sz.300223,195.2163389,196.8056171,191.37558325,191.53451107,194.44818777,3803424,277885103.75,0.9147,-1.4984,1,0
2023-11-03,sz.300223,191.93183062,203.93088103,191.93183062,202.02374719,191.53451107,8899363,669237429.56,2.1403,5.4764,1,0
2023-11-06,sz.300223,202.87136223,205.99694269,202.02374719,204.91093592,202.02374719,7443370,573368157.66,1.7901,1.4291,1,0
2023-11-07,sz.300223,204.4871284,205.8115269,202.87136223,204.91093592,204.91093592,5814038,449322944.59,1.3983,0.0,1,0
2023-11-08,sz.300223,203.93088103,208.14246826,203.4276096,205.44069532,204.91093592,5784056,449780544.07,1.391,0.2585,1,0
2023-11-09,sz.300223,205.2817675,205.97045472,202.42106674,203.1627299,205.44069532,4824810,370959179.96,1.1604,-1.1088,1,0
2023-11-10,sz.300223,203.4276096,206.50021412,202.07672313,202.81838629,203.1627299,4341934,334212481.54,1.0442,-0.1695,1,0
2023-11-13,sz.300223,203.957369,204.72552013,200.88476448,202.44755471,202.81838629,3492188,266599685.85,0.8399,-0.1828,1,0
2023-11-14,sz.300223,201.44101185,204.99039983,200.99071636,202.15618704,202.44755471,3522753,269594634.93,0.8472,-0.1439,1,0
2023-11-15,sz.300223,203.957369,207.00348555,202.71243441,203.957369,202.15618704,5599276,432834453.42,1.3466,0.891,1,0
2023-11-16,sz.300223,202.3680908,203.1627299,198.10352763,198.42138327,203.957369,5618671,424060557.85,1.3513,-2.7143,1,0
2023-11-17,sz.300223,197.46781635,199.9841735,195.87853815,197.41484041,198.42138327,4183544,311982099.27,1.0061,-0.5073,1,0
2023-11-20,sz.300223,198.9246547,199.1895344,192.77944566,193.46813288,197.41484041,6967785,511655262.98,1.6757,-1.9992,1,0
2023-11-21,sz.300223,193.68003664,194.18330807,189.94523287,190.58094415,193.46813288,4663720,337944783.43,1.1216,-1.4923,1,0
2023-11-22,sz.300223,189.9187449,190.1836246,185.49525391,185.62769376,190.58094415,4636882,328077321.9,1.1152,-2.599,1,0
2023-11-23,sz.300223,185.60120579,187.40238775,184.27680729,187.32292384,185.62769376,3149296,221415957.51,0.7574,0.9132,1,0
2023-11-24,sz.300223,187.21697196,187.21697196,183.61460804,184.01192759,187.32292384,2945170,205592051.47,0.7083,-1.7675,1,0
2023-11-27,sz.300223,182.766993,185.6806697,182.766993,183.45568022,184.01192759,4418633,307275664.33,1.0627,-0.3023,1,0
2023-11-28,sz.300223,184.46222308,184.64763887,181.20420277,183.42919225,183.45568022,4164691,287561148.9,1.0016,-0.0144,1,0
2023-11-29,sz.300223,183.37621631,186.28989301,181.57503435,182.02532984,183.42919225,4436974,308229596.43,1.0671,-0.7653,1,0
2023-11-30,sz.300223,180.72741931,181.9723539,177.76076667,180.27712382,182.02532984,4249130,287899096.33,1.0219,-0.9604,1,0
2023-12-01,sz.300223,180.118196,182.74050503,179.3235569,182.5021133,180.27712382,4757008,325337045.32,1.144,1.2342,1,0
2023-12-04,sz.300223,183.00538473,184.22383135,181.1777148,182.34318548,182.5021133,4779558,329520541.62,1.1495,-0.0871,1,0
2023-12-05,sz.300223,180.99229901,181.7074742,174.820602,174.820602,182.34318548,5149229,344785745.71,1.2384,-4.1255,1,0
2023-12-06,sz.300223,174.60869824,176.6747599,173.99947493,175.48280125,174.820602,3934905,260843694.34,0.9463,0.3788,1,0
2023-12-07,sz.300223,175.32387343,175.42982531,171.45662981,172.64858846,175.48280125,5315893,346498224.75,1.2785,-1.6151,1,0
2023-12-08,sz.300223,173.97298696,176.1450005,172.83400425,175.74768095,172.64858846,7302189,482177039.12,1.7562,1.795,1,0
2023-12-11,sz.300223,174.820602,181.1777148,172.19829297,180.75390728,175.74768095,6500106,433860088.9,1.5633,2.8485,1,0
2023-12-12,sz.300223,180.72741931,181.07176292,178.58189374,180.17117194,180.75390728,4954243,336216679.91,1.1915,-0.3224,1,0
2023-12-13,sz.300223,179.48248472,180.85985916,177.57535088,177.65481479,180.17117194,4028193,272837012.72,0.9688,-1.3966,1,0
2023-12-14,sz.300223,179.00570126,183.2967524,178.34350201,179.8533163,177.65481479,6216636,424212673.77,1.4951,1.2375,1,0
2023-12-15,sz.300223,181.28366668,181.28366668,176.17148847,176.91315163,179.8533163,4142416,278560399.57,0.9962,-1.6348,1,0
2023-12-18,sz.300223,175.16494561,176.62178396,173.7610832,174.26435463,176.91315163,3115232,205926074.13,0.7492,-1.4972,1,0
2023-12-19,sz.300223,173.52269147,176.72773584,172.86049222,174.5557223,174.26435463,3238051,213320903.88,0.7787,0.1672,1,0
2023-12-20,sz.300223,174.60869824,175.58875313,168.75485687,168.80783281,174.5557223,3843629,249094781.8,0.9244,-3.2929,1,0
2023-12-21,sz.300223,166.02659596,171.77448545,166.02659596,170.8474065,168.80783281,4092712,261888032.36,0.9843,1.2082,1,0
2023-12-22,sz.300223,170.95335838,171.93341327,167.21855461,167.43045837,170.8474065,3880533,247313362.24,0.9333,-2.0,1,0
2023-12-25,sz.300223,167.1390907,170.29115913,167.1390907,168.41051326,167.43045837,3263876,207938248.57,0.785,0.5854,1,0
2023-12-26,sz.300223,167.80128995,170.0527674,162.6361358,163.77511851,168.41051326,3542354,220244783.51,0.8519,-2.7524,1,0
2023-12-27,sz.300223,164.38434182,168.7283689,163.58970272,165.44386062,163.77511851,3723579,233432218.09,0.8955,1.0189,1,0
2023-12-28,sz.300223,165.17898092,172.56912455,163.88107039,170.74145462,165.44386062,5927389,378891993.6,1.4255,3.202,1,0
2023-12-29,sz.300223,170.37062304,172.67507643,170.0527674,171.24472605,170.74145462,5001251,323138217.68,1.2028,0.2948,1,0
2024-01-02,sz.300223,171.24472605,171.6420456,167.43045837,167.74831401,171.24472605,4375742,278357352.66,1.0524,-2.0418,1,0
2024-01-03,sz.300223,167.08611476,167.85426589,163.72214257,164.7551734,167.74831401,4170010,260140506.13,1.0029,-1.7843,1,0
2024-01-04,sz.300223,164.86112528,164.99356513,159.4575794,159.90787489,164.7551734,5145991,313563815.2,1.2376,-2.9421,1,0
2024-01-05,sz.300223,159.66948316,161.25876136,156.41146285,157.94776511,159.90787489,4030989,242447045.19,0.9694,-1.2258,1,0
2024-01-08,sz.300223,157.3385418,157.78883729,152.5707072,152.62368314,157.94776511,4150951,240937225.76,0.9983,-3.3708,1,0
2024-01-09,sz.300223,153.70968991,155.69628766,150.84898915,152.67665908,152.62368314,4526900,261660556.0,1.0887,0.0347,1,0
2024-01-10,sz.300223,152.0409478,153.17993051,147.93531245,151.14035682,152.67665908,3681561,209528384.74,0.8854,-1.0062,1,0
2024-01-11,sz.300223,151.14035682,154.47784104,150.10732599,153.60373803,151.14035682,4151743,239564996.07,0.9985,1.6299,1,0
2024-01-12,sz.300223,153.02100269,153.02100269,149.52459065,149.73649441,153.60373803,4565547,260260993.36,1.098,-2.5177,1,0
2024-01-15,sz.300223,148.96834328,152.78261096,147.8028726,150.29274178,149.73649441,4408986,250746166.48,1.0603,0.3715,1,0
2024-01-16,sz.300223,149.52459065,150.55762148,146.02817861,149.36566283,150.29274178,5157776,288800028.18,1.2404,-0.6168,1,0
2024-01-17,sz.300223,148.35911997,149.89542223,144.46538838,144.46538838,149.36566283,4159147,230240939.47,1.0003,-3.2807,1,0
2024-01-18,sz.300223,143.59128537,146.08115455,140.386241,145.39246733,144.46538838,8452214,457116083.39,2.0327,0.6417,1,0
2024-01-19,sz.300223,144.30646056,146.61091395,143.37938161,143.96211695,145.39246733,5893020,321706716.03,1.4173,-0.9838,1,0
2024-01-22,sz.300223,143.43235755,144.3594365,136.6779252,138.29369137,143.96211695,7733757,411901182.53,1.8599,-3.9374,1,0
2024-01-23,sz.300223,137.737444,140.33326506,136.36006956,138.13476355,138.29369137,6296811,329662989.85,1.5144,-0.1149,1,0
2024-01-24,sz.300223,139.30023423,139.30023423,131.88360263,137.55202821,138.13476355,10138997,518756580.99,2.4384,-0.4219,1,0
2024-01-25,sz.300223,137.63149212,140.96897634,135.75084625,140.88951243,137.55202821,7671664,402709158.88,1.845,2.4263,1,0
2024-01-26,sz.300223,139.61808987,140.04189739,135.00918309,135.32703873,140.88951243,7290798,377306380.87,1.7534,-3.9481,1,0
2024-01-29,sz.300223,137.18119663,141.31331995,135.6184064,135.64489437,135.32703873,9361841,487665402.44,2.2515,0.2349,1,0
2024-01-30,sz.300223,135.11513497,136.88982896,130.55920413,130.71813195,135.64489437,6418823,322977175.62,1.5437,-3.6321,1,0
2024-01-31,sz.300223,129.791053,131.77765075,125.84434547,125.95029735,130.71813195,6641849,321315947.39,1.5973,-3.6474,1,0
2024-02-01,sz.300223,125.95029735,130.18837255,124.30804321,127.91040713,125.95029735,6308135,304063311.84,1.5171,1.5563,1,0
2024-02-02,sz.300223,128.33421465,129.23480563,117.3417071,120.94407102,127.91040713,8617094,399595944.12,2.0724,-5.4463,1,0
2024-02-05,sz.300223,120.5202635,120.5202635,109.60721986,116.04379657,120.94407102,11481429,499815131.99,2.7612,-4.0517,1,0
2024-02-06,sz.300223,115.14320559,123.91072366,113.898271,123.61935599,116.04379657,9085099,412367642.98,2.1849,6.5282,1,0
2024-02-07,sz.300223,123.77828381,128.38719059,122.9041808,125.36756201,123.61935599,10711864,509377280.56,2.5762,1.4142,1,0
2024-02-08,sz.300223,126.6124966,134.05561617,125.2880981,132.43985,125.36756201,12055733,595257101.47,2.8994,5.6412,1,0
2024-02-19,sz.300223,136.43953347,137.68446806,132.43985,135.80382219,132.43985,11582194,588537347.22,2.7855,2.54,1,0
2024-02-20,sz.300223,133.87020038,162.95399144,130.90354774,162.95399144,135.80382219,20545762,1126810111.47,4.9412,19.9922,1,0
2024-02-21,sz.300223,167.96021777,191.58748701,163.24535911,175.42982531,162.95399144,43540264,2833209740.48,10.4713,7.656,1,0
2024-02-22,sz.300223,164.225414,174.820602,162.95399144,171.21823808,175.42982531,30838254,1970722958.94,7.4165,-2.4007,1,0
2024-02-23,sz.300223,171.19175011,184.59466293,167.58938619,175.00601779,171.21823808,32765528,2151066148.55,7.88,2.2123,1,0
2024-02-26,sz.300223,171.77448545,177.15154336,170.02627943,171.3771659,175.00601779,23843851,1554174415.44,5.7344,-2.0736,1,0
2024-02-27,sz.300223,169.523008,175.82714486,166.10605987,175.16494561,171.3771659,25537026,1651179023.59,6.1416,2.2102,1,0
2024-02-28,sz.300223,174.820602,177.89320652,161.97393655,162.1063764,175.16494561,24618769,1588367559.15,5.9207,-7.455,1,0
2024-02-29,sz.300223,160.2522185,173.86703508,159.64299519,173.62864335,162.1063764,24657694,1581578758.96,5.9301,7.1078,1,0
2024-03-01,sz.300223,174.50274636,186.15745316,171.9069253,180.51551555,173.62864335,30741859,2063200372.01,7.3933,3.9664,1,0
2024-03-04,sz.300223,179.8533163,182.71401706,174.95304185,179.03218923,180.51551555,20930169,1410126627.48,5.0336,-0.8217,1,0
2024-03-05,sz.300223,175.6152411,181.68098623,171.35067793,174.58221027,179.03218923,21196105,1419181327.94,5.0976,-2.4856,1,0
2024-03-06,sz.300223,170.8474065,174.50274636,169.54949597,171.24472605,174.58221027,14138082,916935422.2,3.4002,-1.9117,1,0
2024-03-07,sz.300223,171.48311778,174.10542681,165.92064408,166.0795719,171.24472605,13652796,873366173.77,3.2835,-3.0162,1,0
2024-03-08,sz.300223,166.98016288,172.9664441,165.70874032,172.27775688,166.0795719,14368656,923578602.31,3.4556,3.7321,1,0
2024-03-11,sz.300223,169.62895988,173.4962035,167.9337298,172.38370876,172.27775688,12121519,782569023.34,2.9152,0.0615,1,0
2024-03-12,sz.300223,171.3771659,184.0913915,171.29770199,177.12505539,172.38370876,23991582,1615511608.6,5.7699,2.7505,1,0
2024-03-13,sz.300223,177.44291103,186.07798925,174.58221027,180.43605164,177.12505539,23595062,1605657627.66,5.6745,1.8693,1,0
2024-03-14,sz.300223,177.60183885,178.60838171,172.33073282,176.25095238,180.43605164,14610340,969835020.49,3.5137,-2.3194,1,0
2024-03-15,sz.300223,175.8801208,178.7937975,172.72805237,178.55540577,176.25095238,11821600,786273436.52,2.8431,1.3075,1,0
2024-03-18,sz.300223,180.3830757,181.1777148,176.19797644,180.72741931,178.55540577,14359920,971995620.56,3.4535,1.2164,1,0
2024-03-19,sz.300223,180.72741931,188.40893061,178.47594186,178.47594186,180.72741931,20402917,1413058244.59,4.9068,-1.2458,1,0
2024-03-20,sz.300223,176.56880802,180.3830757,175.56226516,178.42296592,178.47594186,13281480,891182874.45,3.1942,-0.0297,1,0
2024-03-21,sz.300223,184.8860306,188.43541858,180.70093134,182.766993,178.42296592,23266559,1622267807.09,5.5955,2.4347,1,0
2024-03-22,sz.300223,184.96549451,188.27649076,181.52205841,183.11133661,182.766993,23052434,1609102378.53,5.544,0.1884,1,0
2024-03-25,sz.300223,179.03218923,179.0586772,169.523008,170.0527674,183.11133661,18383853,1213340781.73,4.4213,-7.1315,1,0
2024-03-26,sz.300223,169.68193582,178.2640381,169.68193582,170.02627943,170.0527674,14038064,917873861.62,3.3761,-0.0156,1,0
2024-03-27,sz.300223,169.54949597,169.54949597,158.92782,159.48406737,170.02627943,12726648,783617219.97,3.0607,-6.2003,1,0
2024-03-28,sz.300223,159.64299519,165.57630047,158.92782,162.05340046,159.48406737,11611199,711234708.59,2.7925,1.611,1,0
2024-03-29,sz.300223,161.97393655,164.17243806,159.37811549,163.6956546,162.05340046,7972575,486471504.15,1.9174,1.0134,1,0
2024-04-01,sz.300223,164.91410122,167.6688501,163.4307749,167.1390907,163.6956546,8323844,520967165.73,2.0019,2.1036,1,0
2024-04-02,sz.300223,168.91378469,169.523008,161.25876136,162.23881625,167.1390907,8437679,523419179.99,2.0292,-2.9319,1,0
2024-04-03,sz.300223,161.68256888,168.7283689,160.46412226,165.86766814,162.23881625,11220359,699538481.9,2.6985,2.2367,1,0
2024-04-08,sz.300223,163.45726287,166.58284333,160.67602602,161.09983354,165.86766814,7348600,453872002.24,1.7673,-2.8745,1,0
2024-04-09,sz.300223,161.576617,164.225414,157.62990947,164.19892603,161.09983354,6280237,381585266.85,1.5104,1.9237,1,0
2024-04-10,sz.300223,163.4307749,163.58970272,154.6897448,158.15966887,164.19892603,8430815,505316150.92,2.0276,-3.678,1,0
2024-04-11,sz.300223,156.279023,167.35099446,155.4843839,163.48375084,158.15966887,11890379,734217161.01,2.8596,3.3663,1,0
2024-04-12,sz.300223,161.576617,166.90069897,161.576617,163.56321475,163.48375084,8791028,545306481.54,2.1142,0.0486,1,0
2024-04-15,sz.300223,162.82155159,166.82123506,161.576617,165.47034859,163.56321475,9237644,572620085.42,2.2218,1.166,1,0
2024-04-16,sz.300223,162.9010155,165.15249295,159.4575794,159.93436286,165.47034859,7181028,439037780.58,1.7272,-3.3456,1,0
2024-04-17,sz.300223,163.90755836,173.62864335,162.9010155,173.09888395,159.93436286,15517400,992256634.48,3.7322,8.2312,1,0
2024-04-18,sz.300223,170.8474065,172.59561252,168.62241702,168.96676063,173.09888395,10564581,681067619.35,2.541,-2.3871,1,0
2024-04-19,sz.300223,167.82777792,168.1986095,161.78852076,163.4307749,168.96676063,9138383,566742830.33,2.198,-3.2764,1,0
2024-04-22,sz.300223,160.11977865,164.83463731,156.43795082,162.9010155,163.4307749,6431844,391688087.31,1.547,-0.3241,1,0
2024-04-23,sz.300223,163.4307749,165.5498125,160.7819779,161.70905685,162.9010155,5003062,306890982.24,1.2033,-0.7317,1,0
2024-04-24,sz.300223,162.34476813,166.47689145,161.3117373,166.47689145,161.70905685,8040160,500674097.73,1.9338,2.9484,1,0
2024-04-25,sz.300223,157.8683012,164.7551734,156.57039067,160.5170982,166.47689145,10838699,656713918.09,2.6069,-3.58,1,0
2024-04-26,sz.300223,160.5170982,164.99356513,160.04031474,163.77511851,160.5170982,8302555,511507588.9,1.9969,2.0297,1,0
2024-04-29,sz.300223,163.90755836,168.7283689,163.90755836,166.92718694,163.77511851,9839591,619948258.05,2.3666,1.9246,1,0
2024-04-30,sz.300223,166.31796363,170.02627943,166.05308393,169.23164033,166.92718694,9271891,590563748.95,2.2301,1.3805,1,0
2024-05-06,sz.300223,172.19829297,172.9664441,169.54949597,169.57598394,169.23164033,8706387,562068149.67,2.094,0.2035,1,0
2024-05-07,sz.300223,170.3176471,173.4962035,168.33104935,169.94681552,169.57598394,7188503,463973063.49,1.729,0.2187,1,0
2024-05-08,sz.300223,169.28461627,169.49652003,166.00010799,166.71528318,169.94681552,5535587,349617420.96,1.3314,-1.9015,1,0
2024-05-09,sz.300223,166.74177115,170.79443056,166.3444516,170.29115913,166.71528318,6601544,421588347.86,1.5878,2.1449,1,0
2024-05-10,sz.300223,171.48311778,171.48311778,165.20546889,166.98016288,170.29115913,7436308,470218381.43,1.7886,-1.9443,1,0
2024-05-13,sz.300223,165.36439671,168.22509747,162.26530422,165.8146922,166.98016288,5372090,336477095.79,1.2921,-0.698,1,0
2024-05-14,sz.300223,165.84118017,168.83432078,163.45726287,164.56975761,165.8146922,4890667,305606651.43,1.1763,-0.7508,1,0
2024-05-15,sz.300223,164.225414,165.09951701,158.76889218,159.16621173,164.56975761,6617791,402530996.88,1.5917,-3.2834,1,0
2024-05-16,sz.300223,160.67602602,161.52364106,158.92782,159.1926997,159.16621173,4327829,261681225.14,1.0409,0.0166,1,0
2024-05-17,sz.300223,158.87484406,160.2522185,157.25907789,160.22573053,159.1926997,4027749,241729324.06,0.9687,0.6489,1,0
2024-05-20,sz.300223,160.11977865,161.47066512,158.92782,159.88138692,160.22573053,4344765,262495120.16,1.045,-0.2149,1,0
2024-05-21,sz.300223,159.35162752,160.17275459,158.1331809,158.29210872,159.88138692,3438700,206275280.0,0.8271,-0.994,1,0
2024-05-22,sz.300223,158.3980606,159.80192301,157.81532526,159.66948316,158.29210872,3338254,200280817.06,0.8029,0.8701,1,0
2024-05-23,sz.300223,159.90787489,159.90787489,156.279023,156.279023,159.66948316,3693998,220219211.91,0.8885,-2.1234,1,0
2024-05-24,sz.300223,156.59687864,157.49746962,147.82936057,147.88233651,156.279023,7541805,430558879.22,1.8139,-5.3729,1,0
2024-05-27,sz.300223,148.8623914,151.72309216,144.86270793,151.72309216,147.88233651,5888814,330411938.7,1.4164,2.5972,1,0
2024-05-28,sz.300223,152.3078694,157.19873292,150.23456856,152.75974266,151.72309224,8091433,469622042.72,1.9461,0.6833,1,0
2024-05-29,sz.300223,151.3775421,152.839485,149.80927608,150.47379558,152.75974266,4424460,251429176.84,1.0642,-1.4964,1,0
2024-05-30,sz.300223,150.39405324,157.65060618,148.55997942,155.15201286,150.47379558,8342976,483106722.92,2.0066,3.109,1,0
2024-05-31,sz.300223,154.4343318,156.64053654,153.74323152,154.75330116,155.15201286,5698400,332296341.82,1.3706,-0.257,1,0
2024-06-03,sz.300223,157.27847526,162.48830814,156.80002122,160.06945716,154.75330116,12566213,757938017.39,3.0224,3.4352,1,0
2024-06-04,sz.300223,158.26196412,159.53784156,156.24182484,158.39486802,160.06945716,6436026,381355198.44,1.548,-1.0462,1,0
2024-06-05,sz.300223,157.81009086,161.18584992,157.41137916,157.70376774,158.39486802,6303726,379090376.85,1.5162,-0.4363,1,0
2024-06-06,sz.300223,159.48468,161.18584992,154.99252818,155.3646591,157.70376774,7248313,431221838.73,1.7434,-1.4832,1,0
2024-06-07,sz.300223,155.7633708,158.44802958,153.02555046,153.6369084,155.3646591,5281231,308351539.09,1.2702,-1.1121,1,0
2024-06-11,sz.300223,154.168524,160.2821034,153.95587776,159.77706858,153.6369084,8964555,533588560.38,2.1561,3.9965,1,0
2024-06-12,sz.300223,159.24545298,160.73397666,158.18222178,159.13912986,159.77706858,7049864,422645190.48,1.6956,-0.3993,1,0
2024-06-13,sz.300223,162.11617722,163.09966608,159.56442234,159.69732624,159.13912986,10932757,664328579.85,2.6295,0.3508,1,0
2024-06-14,sz.300223,157.91641398,163.0730853,157.01266746,161.53140006,159.69732624,11865993,716448772.65,2.854,1.1485,1,0
2024-06-17,sz.300223,160.5479112,163.7376048,160.2821034,161.95669254,161.53140006,9843363,601062253.27,2.3675,0.2633,1,0
2024-06-18,sz.300223,161.79720786,163.12624686,159.24545298,160.62765354,161.95669254,7954472,482126778.04,1.9132,-0.8206,1,0
2024-06-19,sz.300223,162.4085658,163.44521622,157.2253137,159.43151844,160.62765354,8213216,493666327.22,1.9754,-0.7447,1,0
2024-06-20,sz.300223,158.4214488,161.6111424,155.497563,155.81653236,159.43151844,9443442,564244989.84,2.2713,-2.2674,1,0
2024-06-21,sz.300223,152.839485,156.98608668,150.4472148,156.32156718,155.81653236,6285805,365157763.65,1.5119,0.3241,1,0
2024-06-24,sz.300223,156.2949864,158.2885449,150.65986104,150.8459265,156.32156718,6726713,391043537.71,1.6179,-3.5028,1,0
2024-06-25,sz.300223,150.8459265,151.35096132,140.85155322,142.71220782,150.8459265,9799480,534055286.25,2.357,-5.3921,1,0
2024-06-26,sz.300223,140.878134,147.07145574,140.55916464,146.14112844,142.71220782,8794865,476474844.21,2.1153,2.4027,1,0
2024-06-27,sz.300223,144.94499334,153.05213124,144.54628164,146.67274404,146.14112844,8262762,463267403.26,1.9873,0.3638,1,0
2024-06-28,sz.300223,145.5297705,149.35740282,145.2639627,147.36384432,146.67274404,5989303,332558248.71,1.4405,0.4712,1,0
2024-07-01,sz.300223,146.43351702,148.21442928,142.44640002,147.54990978,147.36384432,4717300,257968612.0,1.1346,0.1263,1,0
2024-07-02,sz.300223,147.31068276,147.62965212,143.56279278,143.96150448,147.54990978,3606680,197464221.15,0.8675,-2.432,1,0
2024-07-03,sz.300223,143.72227746,147.2575212,142.31349612,145.1310588,143.96150448,4128681,225164601.44,0.993,0.8124,1,0
2024-07-04,sz.300223,145.15763958,146.14112844,142.207173,142.39323846,145.1310588,4234280,229372009.96,1.0184,-1.8864,1,0
2024-07-05,sz.300223,141.96794598,143.61595434,139.97438748,142.55272314,142.39323846,3237172,172549533.76,0.7786,0.112,1,0
2024-07-08,sz.300223,143.19066186,145.05131646,140.18703372,140.58574542,142.55272314,4271260,229618141.45,1.0273,-1.3798,1,0
2024-07-09,sz.300223,139.97438748,147.23094042,139.23012564,146.91197106,140.58574542,8694290,472157928.34,2.0911,4.4999,1,0
2024-07-10,sz.300223,145.31712426,148.4536563,144.97157412,147.31068276,146.91197106,5263060,291734525.2,1.2659,0.2714,1,0
2024-07-11,sz.300223,149.6497914,150.87250728,147.7891368,148.50681786,147.31068276,7260158,407172963.98,1.7462,0.812,1,0
2024-07-12,sz.300223,146.9917134,148.93211034,145.55635128,148.21442928,148.50681786,4709659,260645778.13,1.1328,-0.1969,1,0
2024-07-15,sz.300223,148.29417162,150.4472148,147.3904251,147.7891368,148.21442928,4289342,240154617.88,1.0317,-0.2869,1,0
2024-07-16,sz.300223,147.54990978,151.88257692,146.35377468,151.43070366,147.7891368,6732131,378937353.1,1.6192,2.464,1,0
2024-07-17,sz.300223,150.81934572,152.54709642,149.9155992,150.23456856,151.43070366,5649477,321564695.55,1.3588,-0.7899,1,0
2024-07-18,sz.300223,148.26759084,151.19147664,144.94499334,149.99534154,150.23456856,6410184,357278114.92,1.5418,-0.1592,1,0
2024-07-19,sz.300223,149.01185268,165.49193628,148.5865602,159.77706858,149.99534154,18000227,1074322937.97,4.3294,6.5214,1,0
2024-07-22,sz.300223,159.48468,161.53140006,157.70376774,159.72390702,159.77706858,9295422,558282134.91,2.2357,-0.0333,1,0
2024-07-23,sz.300223,159.48468,159.48468,151.6433499,151.69651146,159.72390702,8258674,481921449.32,1.9864,-5.0258,1,0
2024-07-24,sz.300223,150.0485031,153.61032762,148.55997942,149.06501424,151.69651146,6856574,389591588.66,1.6491,-1.7347,1,0
2024-07-25,sz.300223,147.84229836,148.69288332,145.31712426,146.40693624,149.06501424,6448802,355723726.12,1.5511,-1.7832,1,0
2024-07-26,sz.300223,145.60951284,148.10810616,144.22731228,145.60951284,146.40693624,5632774,309455287.3,1.3548,-0.5447,1,0
2024-07-29,sz.300223,145.6626744,145.98164376,142.79195016,142.79195016,145.60951284,4720048,255463892.28,1.1353,-1.935,1,0
2024-07-30,sz.300223,142.207173,144.51970086,140.29335684,144.22731228,142.79195016,4689905,252004317.19,1.128,1.0052,1,0
2024-07-31,sz.300223,143.69569668,148.55997942,143.03117718,148.4536563,144.22731228,6413074,354482632.11,1.5425,2.9303,1,0
2024-08-01,sz.300223,148.82578722,152.839485,147.20435964,150.4472148,148.4536563,8128305,458863868.82,1.955,1.3429,1,0
2024-08-02,sz.300223,148.87894878,150.42063402,145.34370504,146.14112844,150.4472148,5942348,330663764.49,1.4292,-2.8622,1,0
2024-08-05,sz.300223,144.25389306,146.61958248,139.57567578,139.60225656,146.14112844,6613369,353857568.24,1.5906,-4.4744,1,0
2024-08-06,sz.300223,142.207173,142.4729808,138.00740976,140.3465184,139.60225656,5449785,286215324.0,1.3108,0.5331,1,0
2024-08-07,sz.300223,140.10729138,140.82497244,134.4987468,136.17333594,140.3465184,5364567,278395565.08,1.2903,-2.9735,1,0
2024-08-08,sz.300223,134.6316507,137.39605182,132.58493064,133.59500028,136.17333594,6062981,306909492.98,1.4583,-1.8934,1,0
2024-08-09,sz.300223,135.13668552,136.6252092,134.4987468,134.4987468,133.59500028,4910258,250109270.21,1.181,0.6765,1,0
2024-08-12,sz.300223,131.78750724,132.98364234,127.7206479,128.49149052,134.4987468,7057096,344761675.45,1.6974,-4.4664,1,0
2024-08-13,sz.300223,128.67755598,130.21924122,127.8535518,129.1825908,128.49149052,3505803,170085605.31,0.8432,0.5379,1,0
2024-08-14,sz.300223,129.20917158,130.19266044,127.8535518,128.2522635,129.1825908,4218380,204230379.6,1.0146,-0.7202,1,0
2024-08-15,sz.300223,128.1193596,130.7774376,126.76373982,129.4483986,128.2522635,4277470,208199212.75,1.0288,0.9326,1,0
2024-08-16,sz.300223,130.245822,130.5116298,128.17252116,128.19910194,129.4483986,3037000,147742950.1,0.7305,-0.9651,1,0
2024-08-19,sz.300223,128.62439442,130.08633732,127.64090556,127.8535518,128.19910194,2661500,129075401.7,0.6401,-0.2695,1,0
2024-08-20,sz.300223,128.06619804,129.0496869,123.600627,124.10566182,127.8535518,5178621,244408219.45,1.2456,-2.9314,1,0
2024-08-21,sz.300223,123.25507686,124.3980504,120.1451256,120.51725652,124.10566182,7914048,361924409.96,1.9035,-2.8914,1,0
2024-08-22,sz.300223,120.46409496,121.92603786,119.4806061,120.25144872,120.51725652,5582088,253633494.99,1.3426,-0.2206,1,0
2024-08-23,sz.300223,119.71983312,120.57041808,117.64653228,117.96550164,120.25144872,4824249,215272021.79,1.1603,-1.901,1,0
2024-08-26,sz.300223,117.8857593,119.02873284,116.74278576,117.69969384,117.96550164,4326039,191452701.01,1.0405,-0.2253,1,0
2024-08-27,sz.300223,117.6199515,118.04524398,115.626393,116.1580086,117.69969384,4514353,198212277.18,1.0858,-1.3098,1,0
2024-08-28,sz.300223,115.626393,117.6199515,115.25426208,117.27440136,116.1580086,4374088,191761850.86,1.052,0.9611,1,0
2024-08-29,sz.300223,117.2212398,121.97919942,116.4238164,120.96912978,117.27440136,6589572,297596446.56,1.5705,3.1505,1,0
2024-08-30,sz.300223,120.46409496,125.14231224,119.64009078,124.07908104,120.96912978,6668902,310337955.15,1.5894,2.5709,1,0
2024-09-02,sz.300223,122.88294594,124.6638582,119.4806061,119.4806061,124.07908104,5360515,245267447.16,1.2776,-3.7061,1,0
2024-09-03,sz.300223,119.4806061,123.52088466,118.70976348,121.97919942,119.4806061,4915506,225702138.33,1.1715,2.0912,1,0
2024-09-04,sz.300223,120.38435262,122.9361075,120.38435262,121.36784148,121.97919942,3698011,169373479.8,0.8813,-0.5012,1,0
2024-09-05,sz.300223,121.10203368,123.49430388,121.10203368,122.72346126,121.36784148,4478900,206465389.4,1.0674,1.117,1,0
2024-09-06,sz.300223,122.72346126,123.04243062,119.98564092,120.30461028,122.72346126,3066259,139549075.95,0.7308,-1.971,1,0
2024-09-09,sz.300223,119.29454064,121.10203368,118.8160866,119.64009078,120.30461028,2764706,124533772.86,0.6589,-0.5524,1,0
2024-09-10,sz.300223,119.61351,121.3412607,117.4870476,120.35777184,119.64009078,3040501,136455196.99,0.7246,0.5999,1,0
2024-09-11,sz.300223,119.98564092,121.02229134,119.3477022,120.72990276,120.35777184,2223400,100728125.0,0.5299,0.3092,1,0
2024-09-12,sz.300223,121.31467992,122.6702997,118.84266738,118.86924816,120.72990276,2750156,124760084.74,0.6554,-1.5412,1,0
2024-09-13,sz.300223,119.0818944,119.61351,116.955432,116.955432,118.86924816,2619139,116460756.0,0.6242,-1.61,1,0
2024-09-18,sz.300223,118.78950582,118.78950582,114.90871194,115.8922008,116.955432,2678397,116963190.68,0.6383,-0.9091,1,0
2024-09-19,sz.300223,116.955432,119.8793178,115.7592969,117.7528554,115.8922008,3928291,174027751.71,0.9362,1.6055,1,0
2024-09-20,sz.300223,117.7528554,118.60344036,115.0947774,116.34407406,117.7528554,3765369,164852042.93,0.8974,-1.1964,1,0
2024-09-23,sz.300223,116.1580086,117.6199515,114.45683868,114.53658102,116.34407406,3273800,142643412.38,0.7802,-1.5536,1,0
2024-09-24,sz.300223,115.73271612,121.23493758,113.7657384,121.2083568,114.53658102,8132895,360763616.55,1.9383,5.825,1,0
2024-09-25,sz.300223,122.8032036,125.7270894,122.43107268,123.30823842,121.2083568,8095355,377959482.63,1.9293,1.7325,1,0
2024-09-26,sz.300223,123.94617714,130.1129181,122.96268828,130.08633732,123.30823842,10976175,523955270.13,2.6159,5.4969,1,0
2024-09-27,sz.300223,131.78750724,146.19429,131.78750724,144.01466604,130.08633732,15553276,812212311.75,3.7068,10.707,1,0
2024-09-30,sz.300223,156.08234016,172.77507,150.89908806,172.56242376,144.01466604,25534191,1564255834.27,6.0855,19.8228,1,0
2024-10-08,sz.300223,207.0642762,207.0642762,196.72435278,207.0642762,172.56242376,27542658,2134982053.2,6.5642,19.9938,1,0
2024-10-09,sz.300223,202.013928,236.94107292,194.039694,209.0578347,207.0642762,53531837,4351672553.41,12.7581,0.9628,1,0
2024-10-10,sz.300223,208.9249308,211.79565504,187.76662992,193.7738862,209.0578347,31492849,2364607494.14,7.5056,-7.3109,1,0
2024-10-11,sz.300223,186.27810624,196.1661564,172.45610064,175.48630956,193.7738862,23450857,1583663881.43,5.589,-9.4376,1,0
2024-10-14,sz.300223,175.45972878,181.9454391,167.08678308,180.69614244,175.48630956,23563189,1554945462.01,5.6158,2.9688,1,0
2024-10-15,sz.300223,179.1544572,187.02236808,175.45972878,175.75211736,180.69614244,21635807,1473863509.59,5.1564,-2.7361,1,0
2024-10-16,sz.300223,170.14357278,176.12424828,168.94743768,171.9776466,175.75211736,13118345,853087273.74,3.1265,-2.1476,1,0
2024-10-17,sz.300223,176.4963792,176.86851012,170.116992,170.14357278,171.9776466,13497960,880915804.47,3.2169,-1.0665,1,0
2024-10-18,sz.300223,169.00059924,203.26322466,169.00059924,192.0461355,170.14357278,33319065,2315908564.77,7.9409,12.873,1,0
2024-10-21,sz.300223,196.59144888,212.1146244,193.16252826,195.66112158,192.0461355,36913067,2776363072.21,8.7974,1.8824,1,0
2024-10-22,sz.300223,195.52821768,198.5584266,189.9196731,193.40175528,195.66112158,22803541,1666840337.36,5.4347,-1.1547,1,0
2024-10-23,sz.300223,191.381616,196.05983328,189.68044608,191.32845444,193.40175528,15185174,1097149079.7,3.619,-1.072,1,0
2024-10-24,sz.300223,189.68044608,195.84718704,188.67037644,190.9829043,191.32845444,16291564,1178423200.45,3.8827,-0.1806,1,0
2024-10-25,sz.300223,191.381616,200.684889,189.7867692,195.79402548,190.9829043,17695195,1301321697.3,4.2173,2.5191,1,0
2024-10-28,sz.300223,191.381616,192.87013968,187.87295304,192.4448472,195.79402548,14129521,1013921650.39,3.3675,-1.7106,1,0
2024-10-29,sz.300223,192.41826642,202.49238204,190.5841926,194.1725979,192.4448472,21470443,1588661334.49,5.117,0.8978,1,0
2024-10-30,sz.300223,191.381616,193.74730542,186.03887922,189.62728452,194.1725979,15991920,1142381216.48,3.8113,-2.3409,1,0
2024-10-31,sz.300223,188.1919224,196.697772,185.29461738,193.72072464,189.62728452,19964735,1441399709.47,4.7581,2.1587,1,0
2024-11-01,sz.300223,190.77025806,192.4448472,182.078343,182.42389314,193.72072464,16182829,1132736091.91,3.8568,-5.8315,1,0
2024-11-04,sz.300223,180.00504216,185.98571766,179.9518806,184.94906724,182.42389314,8117204,562229610.98,1.9346,1.3842,1,0
2024-11-05,sz.300223,184.4706132,193.80046698,183.9389976,192.63091266,184.94906724,16099220,1157256365.1,3.8369,4.1535,1,0
2024-11-06,sz.300223,193.3751745,197.8939071,191.06264664,194.11943634,192.63091266,17695609,1297161622.39,4.2174,0.7727,1,0
2024-11-07,sz.300223,194.22575946,200.8177929,193.32201294,199.30268844,194.11943634,16230381,1204395901.25,3.8681,2.6701,1,0
2024-11-08,sz.300223,206.47949904,209.64261186,193.5080784,193.95995166,199.30268844,29112507,2206917214.75,6.9383,-2.6807,1,0
2024-11-11,sz.300223,194.59789038,205.94788344,194.59789038,204.03406728,193.95995166,31392990,2385580034.9,7.4818,5.1939,1,0
2024-11-12,sz.300223,205.12387926,217.4307804,198.79765362,212.61965922,204.03406728,38214166,2981670492.02,9.1075,4.2079,1,0
2024-11-13,sz.300223,213.0449517,222.66719406,203.6087748,221.949513,212.61965922,39562571,3166047451.31,9.4289,4.388,1,0
2024-11-14,sz.300223,218.7598194,220.620474,204.96439458,207.62247258,221.949513,24130638,1945658959.41,5.751,-6.4551,1,0
2024-11-15,sz.300223,208.659123,210.70584306,194.49156726,194.5713096,207.62247258,22437010,1709703623.36,5.3474,-6.286,1,0
2024-11-18,sz.300223,194.54472882,199.32926922,189.30831516,194.94344052,194.5713096,17017576,1246409692.33,4.0558,0.1913,1,0
2024-11-19,sz.300223,194.94344052,201.93418566,194.35866336,201.93418566,194.94344052,14424557,1079568362.09,3.4378,3.586,1,0
2024-11-20,sz.300223,199.99378872,201.6152163,197.33571072,198.74449206,201.93418566,13136264,983950379.5,3.1307,-1.5796,1,0
2024-11-21,sz.300223,197.97364944,200.33933886,188.723538,191.56768146,198.74449206,15268164,1121909450.42,3.6388,-3.6111,1,0
2024-11-22,sz.300223,191.381616,194.09285556,180.749304,181.0151118,191.56768146,16166369,1139061899.46,3.8529,-5.5085,1,0
2024-11-25,sz.300223,181.0151118,183.1415742,174.34333602,178.8886494,181.0151118,11206141,750968809.58,2.6707,-1.1747,1,0
2024-11-26,sz.300223,178.17096834,180.2176884,175.14075942,175.1673402,178.8886494,6832276,455957384.83,1.6283,-2.0802,1,0
2024-11-27,sz.300223,174.42307836,183.91241682,171.65867724,182.50363548,175.1673402,12157022,814877507.67,2.8974,4.1882,1,0
2024-11-28,sz.300223,180.77588478,184.09848228,179.20761876,179.52658812,182.50363548,9118280,623190058.28,2.1731,-1.6312,1,0
2024-11-29,sz.300223,177.8254182,186.80972184,176.78876778,183.35422044,179.52658812,11175243,766737812.56,2.6634,2.1321,1,0
2024-12-02,sz.300223,182.078343,185.9325561,181.36066194,184.23138618,183.35422044,9040586,626022035.67,2.1546,0.4784,1,0
2024-12-03,sz.300223,184.52377476,185.69332908,178.91523018,181.30750038,184.23138618,9186260,628408275.26,2.1893,-1.5871,1,0
2024-12-04,sz.300223,190.052577,195.04976364,184.736421,186.06546,181.30750038,18588144,1326718693.54,4.4301,2.6242,1,0
2024-12-05,sz.300223,182.98208952,186.01229844,182.7428625,184.6035171,186.06546,9536800,661081129.48,2.2729,-0.7857,1,0
2024-12-06,sz.300223,184.4706132,187.34133744,181.22775804,186.1983639,184.6035171,11852050,824182197.42,2.8247,0.8639,1,0
2024-12-09,sz.300223,185.05539036,186.4641717,180.64298088,182.31757002,186.1983639,9936873,685044030.45,2.3682,-2.0842,1,0
2024-12-10,sz.300223,190.23864246,190.8500004,183.16815498,183.88583604,182.31757002,16020843,1127194458.94,3.8182,0.8602,1,0
2024-12-11,sz.300223,183.32763966,187.02236808,182.10492378,186.06546,183.88583604,11158430,775563237.64,2.6594,1.1853,1,0
2024-12-12,sz.300223,184.8693249,185.82623298,182.10492378,185.48068284,186.06546,10403019,720362379.98,2.4793,-0.3143,1,0
2024-12-13,sz.300223,183.16815498,194.35866336,182.90234718,189.04250736,185.48068284,31131848,2219133883.46,7.4196,1.9203,1,0
2024-12-16,sz.300223,191.43477756,192.09929706,180.749304,182.37073158,189.04250736,20642313,1454440931.43,4.9196,-3.5292,1,0
2024-12-17,sz.300223,180.27084996,186.65023716,177.79883742,181.86569676,182.37073158,16992250,1160344030.68,4.0497,-0.2769,1,0
2024-12-18,sz.300223,180.96195024,197.4951954,178.091226,195.368733,181.86569676,32542817,2329326907.83,7.7558,7.4247,1,0
2024-12-19,sz.300223,190.8500004,199.99378872,189.9196731,198.31919958,195.368733,28477389,2103761027.38,6.7869,1.5102,1,0
2024-12-20,sz.300223,196.697772,205.57575252,196.1661564,198.00023022,198.31919958,31463012,2368448766.35,7.4985,-0.1608,1,0
2024-12-23,sz.300223,196.77751434,199.7545617,193.7738862,198.77107284,198.00023022,21471022,1587994787.95,5.1171,0.3893,1,0
2024-12-24,sz.300223,199.35585,200.65830822,191.6474238,198.45210348,198.77107284,18079061,1331622923.62,4.3087,-0.1605,1,0
2024-12-25,sz.300223,195.95351016,199.67481936,192.65749344,193.3751745,198.45210348,12509109,921321637.62,2.9813,-2.5583,1,0
2024-12-26,sz.300223,192.73723578,200.31275808,191.80690848,198.6913305,193.3751745,17141872,1274986283.26,4.0854,2.7491,1,0
2024-12-27,sz.300223,198.77107284,203.92774416,194.65105194,194.81053662,198.6913305,18288810,1372988944.33,4.3587,-1.9532,1,0
2024-12-30,sz.300223,193.93337088,198.79765362,191.43477756,194.8371174,194.81053662,11186449,821778514.71,2.666,0.0136,1,0
2024-12-31,sz.300223,194.7042135,196.697772,181.04169258,181.2809196,194.8371174,16985082,1197068626.69,4.048,-6.9577,1,0
2025-01-02,sz.300223,181.2809196,181.2809196,168.20317584,170.99415774,181.2809196,15512528,1018454446.1,3.6971,-5.6745,1,0
2025-01-03,sz.300223,171.0473193,172.3763583,163.95025104,164.18947806,170.99415774,11579154,731440922.58,2.7596,-3.9795,1,0
2025-01-06,sz.300223,163.31231232,166.44884436,160.5479112,162.62121204,164.18947806,7839631,480838381.81,1.8684,-0.9552,1,0
2025-01-07,sz.300223,163.471797,167.16652542,162.35540424,166.6614906,162.62121204,8847455,547653726.42,2.1086,2.4845,1,0
2025-01-08,sz.300223,164.85399756,169.34614938,159.13912986,166.5285867,166.6614906,10612726,656910096.18,2.5293,-0.0797,1,0
2025-01-09,sz.300223,165.22612848,170.116992,165.22612848,166.42226358,166.5285867,8696854,549968043.15,2.0727,-0.0638,1,0
2025-01-10,sz.300223,165.09322458,170.06383044,161.8769502,161.8769502,166.42226358,9696736,606359894.8,2.311,-2.7312,1,0
2025-01-13,sz.300223,159.48468,164.5350282,159.3517761,163.15282764,161.8769502,6683055,407288452.11,1.5928,0.7882,1,0
2025-01-14,sz.300223,164.2692204,172.56242376,162.38198502,172.1105505,163.15282764,12321201,780825521.25,2.9365,5.4904,1,0
2025-01-15,sz.300223,172.1105505,173.3066856,169.95750732,170.56886526,172.1105505,8081067,521028788.31,1.9259,-0.8958,1,0
2025-01-16,sz.300223,171.1802232,174.104109,167.9905296,170.06383044,170.56886526,9092702,584684724.32,2.167,-0.2961,1,0
2025-01-17,sz.300223,168.46898364,177.6925143,168.33607974,174.21043212,170.06383044,13031625,851541189.87,3.1058,2.4383,1,0
2025-01-20,sz.300223,174.3699168,174.60914382,170.72834994,171.39286944,174.21043212,9688454,629622647.19,2.309,-1.6173,1,0
2025-01-21,sz.300223,172.05738894,176.17740984,169.82460342,175.72553658,171.39286944,11240519,733616624.35,2.6789,2.5279,1,0
2025-01-22,sz.300223,174.15727056,179.0215533,173.59907418,177.5596104,175.72553658,11924203,792490115.39,2.8419,1.0437,1,0
2025-01-23,sz.300223,181.75937364,182.55679704,174.92811318,174.92811318,177.5596104,10873288,731538912.1,2.5914,-1.482,1,0
2025-01-24,sz.300223,174.104109,177.98490288,173.5724934,176.78876778,174.92811318,7701023,510080235.19,1.8354,1.0637,1,0
2025-01-27,sz.300223,177.2938026,177.6925143,171.1802232,171.1802232,176.78876778,6824377,446550277.57,1.6264,-3.1725,1,0
2025-02-05,sz.300223,177.79883742,205.41626784,176.04450594,195.02318286,171.1802232,39028520,2840536386.13,9.3016,13.9286,1,0
2025-02-06,sz.300223,191.5145199,207.330084,189.73360764,203.8745826,195.02318286,39645089,3001534956.0,9.4485,4.5386,1,0
2025-02-07,sz.300223,206.001045,209.74893498,199.38243078,204.88465224,203.8745826,39901385,3074533833.06,9.5096,0.4954,1,0
2025-02-10,sz.300223,205.28336394,213.68289042,203.68851714,208.36673442,204.88465224,34221582,2699477025.9,8.1559,1.6995,1,0
2025-02-11,sz.300223,204.9378138,212.64624,202.013928,202.51896282,208.36673442,28189126,2184967631.62,6.7182,-2.8065,1,0
2025-02-12,sz.300223,199.86088482,212.75256312,197.52177618,212.69940156,202.51896282,37965488,2925099338.02,9.0482,5.0269,1,0
2025-02-13,sz.300223,209.988162,217.5636843,208.41989598,209.66919264,212.69940156,33611850,2685852983.58,8.0106,-1.4246,1,0
2025-02-14,sz.300223,206.001045,210.20080824,200.84437368,208.07434584,209.66919264,24471243,1891649463.18,5.8322,-0.7606,1,0
2025-02-17,sz.300223,208.659123,219.10536954,203.44929012,215.8359336,208.07434584,35381990,2805907697.5,8.4325,3.7302,1,0
2025-02-18,sz.300223,213.3107595,213.3107595,197.28254916,198.23945724,215.8359336,37885581,2925863549.75,9.0292,-8.1527,1,0
2025-02-19,sz.300223,198.18629568,206.42633748,198.18629568,205.94788344,198.23945724,26283778,2013362580.4,6.2641,3.8884,1,0
2025-02-20,sz.300223,205.94788344,209.66919264,203.42270934,204.9378138,205.94788344,20566209,1596731435.24,4.9015,-0.4904,1,0
2025-02-21,sz.300223,204.96439458,213.52340574,203.6087748,211.76907426,204.9378138,29355241,2315371358.72,6.9962,3.3333,1,0
2025-02-24,sz.300223,210.6526815,236.64868434,209.1907386,228.48838488,211.76907426,57645749,4868345975.94,13.7386,7.8951,1,0
2025-02-25,sz.300223,222.95958264,249.80617044,222.4811286,239.22702,228.48838488,54651966,4849249212.95,13.0251,4.6999,1,0
2025-02-26,sz.300223,237.87140022,250.89598242,228.8605158,245.02163004,239.22702,63116188,5702689836.12,15.0423,2.4222,1,0
2025-02-27,sz.300223,247.65312726,251.9857944,236.24997264,245.872215,245.02163004,44370838,4057857043.01,10.5748,0.3471,1,0
2025-02-28,sz.300223,244.543176,246.21776514,226.0695339,226.0695339,245.872215,41955439,3679255444.59,9.9991,-8.0541,1,0
2025-03-03,sz.300223,229.7908431,231.17304366,217.13839182,220.16860074,226.0695339,29758982,2486190192.33,7.0924,-2.6102,1,0
2025-03-04,sz.300223,215.33089878,252.73005624,213.1778556,244.543176,220.16860074,55235768,4870230796.22,13.1642,11.0709,1,0
2025-03-05,sz.300223,247.4670618,254.29832226,239.4928278,241.91167878,244.543176,48972135,4547166809.74,11.6714,-1.0761,1,0
2025-03-06,sz.300223,239.17385844,242.49645594,231.99704784,232.3160172,241.91167878,48642567,4312608247.35,11.5929,-3.9666,1,0
2025-03-07,sz.300223,227.23908822,232.82105202,220.56731244,227.98335006,232.3160172,39872154,3393661569.14,9.5026,-1.865,1,0
2025-03-10,sz.300223,224.3417832,227.98335006,222.26848236,225.93663,227.98335006,20625991,1744406418.87,4.9157,-0.8977,1,0
2025-03-11,sz.300223,221.65712442,225.0063027,215.1714141,218.52059238,225.93663,25985776,2145730115.17,6.1931,-3.2824,1,0
2025-03-12,sz.300223,218.70665784,223.35829434,217.48394196,217.74974976,218.52059238,20109837,1664298247.19,4.7927,-0.3528,1,0
2025-03-13,sz.300223,215.38406034,217.72316898,203.68851714,205.0707177,217.74974976,30430335,2386782692.15,7.2524,-5.8228,1,0
2025-03-14,sz.300223,204.8049099,212.32727064,204.56568288,210.36029292,205.0707177,20681885,1623969422.02,4.9291,2.5794,1,0
2025-03-17,sz.300223,211.317201,211.74249348,207.62247258,209.21731938,210.36029292,14802582,1168213089.67,3.5279,-0.5433,1,0
2025-03-18,sz.300223,209.93500044,214.69296006,208.659123,209.48312718,209.21731938,16752903,1330169031.34,3.9927,0.127,1,0
2025-03-19,sz.300223,208.07434584,211.52984724,205.76181798,206.98453386,209.48312718,13816882,1077821110.39,3.2929,-1.1927,1,0
2025-03-20,sz.300223,206.34659514,208.5262191,204.69858678,204.8049099,206.98453386,10923204,849060460.13,2.6033,-1.053,1,0
2025-03-21,sz.300223,202.6784475,205.68207564,198.1597149,198.90397674,204.8049099,16083108,1214356137.84,3.833,-2.8812,1,0
2025-03-24,sz.300223,198.8242344,199.80772326,190.9829043,195.71428314,198.90397674,14298163,1049195629.9,3.4076,-1.6036,1,0
2025-03-25,sz.300223,195.368733,196.64461044,190.9829043,192.15245862,195.71428314,8868215,645435243.65,2.1135,-1.8199,1,0
2025-03-26,sz.300223,192.12587784,195.7674447,191.43477756,192.81697812,192.15245862,11013051,803921871.37,2.6247,0.3458,1,0
2025-03-27,sz.300223,192.8435589,198.34578036,191.46135834,193.72072464,192.81697812,12962351,950220946.07,3.0893,0.4687,1,0
2025-03-28,sz.300223,193.69414386,196.0332525,191.67400458,193.42833606,193.72072464,8987107,654847514.71,2.1419,-0.1509,1,0
2025-03-31,sz.300223,191.80690848,194.039694,187.07552964,190.5841926,193.42833606,11138033,794065631.66,2.6545,-1.4704,1,0
2025-04-01,sz.300223,190.8500004,192.47142798,189.2551536,189.2551536,190.5841926,7235135,519088910.57,1.7243,-0.6974,1,0
2025-04-02,sz.300223,189.57412296,191.5145199,188.48431098,189.20199204,189.2551536,5896436,420905787.29,1.4053,-0.0281,1,0
2025-04-03,sz.300223,187.15527198,190.42470792,185.02880958,187.6603068,189.20199204,8933008,631296932.28,2.129,-0.8148,1,0
2025-04-07,sz.300223,175.61921346,180.749304,151.3775421,160.5479112,187.6603068,23791249,1507396012.47,5.6701,-14.4476,1,0
2025-04-08,sz.300223,164.800836,169.74486108,160.17578028,162.91360062,160.5479112,17475467,1083270974.76,4.1649,1.4735,1,0
2025-04-09,sz.300223,160.30868418,172.93455468,154.168524,169.90434576,162.91360062,19635777,1233112395.94,4.6797,4.2911,1,0
2025-04-10,sz.300223,174.18385134,178.94181096,172.77507,172.85481234,169.90434576,16717652,1103301537.24,3.9843,1.7365,1,0
2025-04-11,sz.300223,170.40938058,187.60714524,170.40938058,181.97201988,172.85481234,28088339,1910889765.38,6.6942,5.2745,1,0
2025-04-14,sz.300223,184.76300178,187.31475666,181.49356584,184.3377093,181.97201988,20654047,1435508104.54,4.9224,1.3,1,0
2025-04-15,sz.300223,183.59344746,187.1286912,180.77588478,183.69977058,184.3377093,11690331,806206437.98,2.7861,-0.3461,1,0
2025-04-16,sz.300223,183.64660902,185.42752128,178.19754912,181.65305052,183.69977058,9190582,629030458.46,2.1904,-1.1142,1,0
2025-04-17,sz.300223,179.47342656,185.5338444,179.47342656,180.749304,181.65305052,9845415,678271298.13,2.3464,-0.4975,1,0
2025-04-18,sz.300223,180.2176884,181.5467274,178.64942238,179.97846138,180.749304,6267748,424587138.44,1.4938,-0.4265,1,0
2025-04-21,sz.300223,179.44684578,181.2809196,178.091226,180.45691542,179.97846138,8402340,568495587.65,2.0025,0.2658,1,0
2025-04-22,sz.300223,178.91523018,180.13794606,176.762187,177.66593352,180.45691542,8590408,577180994.52,2.0473,-1.5466,1,0
2025-04-23,sz.300223,179.60633046,181.20117726,177.4267065,179.65949202,177.66593352,8162833,550656766.38,1.9454,1.1221,1,0
2025-04-24,sz.300223,179.8189767,179.84555748,174.9015324,175.27366332,179.65949202,7378080,490558586.1,1.7584,-2.4412,1,0
2025-04-25,sz.300223,175.27366332,177.2938026,173.62565496,174.9015324,175.27366332,7188472,474232609.99,1.7132,-0.2123,1,0
2025-04-28,sz.300223,174.07752822,176.3634753,173.09403936,173.7053973,174.9015324,5148220,338214470.7,1.227,-0.6839,1,0
2025-04-29,sz.300223,172.9079739,178.78232628,172.48268142,177.45328728,173.7053973,8673528,573680768.01,2.0671,2.1576,1,0
2025-04-30,sz.300223,177.0279948,181.73279286,175.8318597,180.3505923,177.45328728,10072930,681129775.32,2.4007,1.6327,1,0
2025-05-06,sz.300223,181.59988896,187.87295304,181.59988896,187.6603068,180.3505923,12636625,884563310.65,3.0117,4.0531,1,0
2025-05-07,sz.300223,189.2551536,191.06264664,182.8757664,184.736421,187.6603068,11542254,809044987.48,2.7508,-1.5581,1,0
2025-05-08,sz.300223,184.70984022,186.27810624,184.2048054,185.24145582,184.736421,7080556,493871993.05,1.6875,0.2734,1,0
2025-05-09,sz.300223,185.10855192,185.10855192,180.05820372,180.43033464,185.24145582,7868100,536348322.46,1.8752,-2.5972,1,0
2025-05-12,sz.300223,180.96195024,184.70984022,180.96195024,183.5402859,180.43033464,6717536,462371547.44,1.601,1.7236,1,0
2025-05-13,sz.300223,185.05539036,186.8628834,181.8125352,182.078343,183.5402859,7738077,535708531.59,1.8442,-0.7965,1,0
2025-05-14,sz.300223,183.08841264,184.57693632,180.66956166,183.08841264,182.078343,7347151,504708555.43,1.751,0.5547,1,0
2025-05-15,sz.300223,183.8060937,183.8060937,177.6925143,177.6925143,183.08841264,6669328,450747647.52,1.5895,-2.9472,1,0
2025-05-16,sz.300223,177.05457558,179.0215533,176.84192934,176.86851012,177.6925143,4508400,301537683.88,1.0745,-0.4637,1,0
2025-05-19,sz.300223,175.433148,178.4899377,175.433148,177.2938026,176.86851012,3904675,259890922.52,0.9306,0.2405,1,0
2025-05-20,sz.300223,177.37354494,180.40375386,176.2305714,180.03162294,177.2938026,6382429,428534961.69,1.5211,1.5442,1,0
2025-05-21,sz.300223,179.50000734,179.50000734,175.433148,176.8950909,180.03162294,5348862,357019678.64,1.2748,-1.7422,1,0
2025-05-22,sz.300223,175.72553658,178.96839174,175.6989558,176.12424828,176.8950909,4634453,308667047.79,1.1045,-0.4358,1,0
2025-05-23,sz.300223,175.8318597,175.8318597,171.47261178,171.76500036,176.12424828,7257704,473565261.84,1.7297,-2.4751,1,0
2025-05-26,sz.300223,171.76500036,173.28010482,170.96757696,173.12062014,171.76500036,4733372,306504083.88,1.1281,0.7892,1,0
2025-05-27,sz.300223,172.69532766,172.85481234,168.1234335,168.44240286,173.12062014,6699930,428296223.21,1.5968,-2.7023,1,0
2025-05-28,sz.300223,169.34614938,170.6486076,167.16652542,168.86769534,168.44240286,5277024,334982847.16,1.2577,0.2525,1,0
2025-05-29,sz.300223,169.4524725,174.87495162,168.73479144,173.8383012,168.86769534,8460096,547192203.74,2.0163,2.9435,1,0
2025-05-30,sz.300223,172.77507,172.82823156,168.36266052,168.6550491,173.8383012,6271570,400501390.56,1.4947,-2.9817,1,0
2025-06-03,sz.300223,166.98045996,170.70176916,166.9272984,168.76137222,168.6550491,4761862,303730572.84,1.1349,0.063,1,0
2025-06-04,sz.300223,168.9208569,171.41945022,168.9208569,170.22331512,168.76137222,4018469,257397105.99,0.9577,0.8663,1,0
2025-06-05,sz.300223,170.86125384,174.87495162,169.8511842,173.38642794,170.22331512,7946955,515372074.24,1.894,1.8582,1,0
2025-06-06,sz.300223,173.14720092,178.70258394,172.19029284,176.20399062,173.38642794,11324188,749785235.31,2.6989,1.625,1,0
2025-06-09,sz.300223,176.20399062,177.37354494,174.44965914,176.70902544,176.20399062,6863183,454696071.52,1.6357,0.2866,1,0
2025-06-10,sz.300223,176.73560622,177.24064104,170.54228448,171.9776466,176.70902544,8138435,529700310.0,1.9396,-2.6775,1,0
2025-06-11,sz.300223,171.7118388,175.40656722,171.446031,172.82823156,171.9776466,5648464,368906568.64,1.3462,0.4946,1,0
2025-06-12,sz.300223,171.446031,173.5724934,169.9840881,169.9840881,172.82823156,6180986,398313921.15,1.4731,-1.6456,1,0
2025-06-13,sz.300223,168.86769534,170.7815115,166.6614906,167.43233322,169.9840881,6902574,436125524.79,1.6413,-1.5012,1,0
2025-06-16,sz.300223,166.129875,175.433148,166.129875,172.53584298,167.43233322,10367511,670995786.85,2.4652,3.0481,1,0
2025-06-17,sz.300223,172.45610064,176.65586388,171.81816192,174.3699168,172.53584298,10365616,679324783.89,2.4647,1.063,1,0
2025-06-18,sz.300223,173.51933184,177.18747948,172.74848922,175.433148,174.3699168,10561755,696539015.32,2.5113,0.6098,1,0
2025-06-19,sz.300223,174.2370129,177.0279948,173.0408778,174.3699168,175.433148,8542007,563197132.06,2.0311,-0.6061,1,0
2025-06-20,sz.300223,174.104109,175.64579424,171.36628866,171.446031,174.3699168,7352976,478458536.02,1.7484,-1.6768,1,0
2025-06-23,sz.300223,170.96757696,176.2305714,170.27647668,174.44965914,171.446031,7278313,476252192.96,1.7306,1.7519,1,0
2025-06-24,sz.300223,175.72746534,180.11998644,175.72746534,179.58755964,174.44964102,13536983,908491749.4,3.2188,2.9452,1,0
2025-06-25,sz.300223,181.2913254,182.99509116,178.81554078,182.8886058,179.58755964,15432483,1052128647.55,3.6695,1.8381,1,0
2025-06-26,sz.300223,182.56914972,187.20126288,180.4926852,181.2913254,182.8886058,13201820,904373572.15,3.1391,-0.8734,1,0
2025-06-27,sz.300223,183.0217125,185.23128372,180.67903458,182.32955766,181.2913254,12328447,847804574.26,2.9314,0.5727,1,0
2025-06-30,sz.300223,183.5541393,184.96507032,182.91522714,184.2196728,182.32955766,10839636,748771133.84,2.5774,1.0366,1,0
2025-07-01,sz.300223,184.64561424,186.02992392,181.61078148,181.98348024,184.2196728,10472558,720875193.59,2.4901,-1.2139,1,0
2025-07-02,sz.300223,180.57254922,180.86538396,176.68583358,177.93703656,181.98348024,10352478,693156454.9,2.4616,-2.2235,1,0
2025-07-03,sz.300223,177.59095914,179.5609383,177.05853234,178.4960847,177.93703656,6848283,458628321.9,1.6284,0.3142,1,0
2025-07-04,sz.300223,178.6291914,179.61418098,174.82233978,176.52610554,178.4960847,10187521,676287884.02,2.4224,-1.1037,1,0
2025-07-07,sz.300223,176.6325909,177.37798842,175.27490256,175.80732936,176.52610554,5591554,369806309.46,1.3295,-0.4072,1,0
2025-07-08,sz.300223,177.1650177,179.64080232,176.4994842,179.18823954,175.80732936,8911836,598037332.41,2.119,1.9231,1,0
2025-07-09,sz.300223,179.1616182,179.37458892,176.71245492,177.21826038,179.18823954,7358725,491732292.5,1.7497,-1.0994,1,0
2025-07-10,sz.300223,177.19163904,177.77730852,175.72746534,176.65921224,177.21826038,5763900,382407997.0,1.3705,-0.3155,1,0
2025-07-11,sz.300223,176.25989214,179.4278316,175.99367874,178.41622068,176.65921224,9160494,613511219.82,2.1782,0.9946,1,0
2025-07-14,sz.300223,178.362978,178.8954048,177.32474574,178.17662862,178.41622068,5826714,390095112.54,1.3855,-0.1343,1,0
2025-07-15,sz.300223,177.75068718,178.8954048,175.38138792,176.81894028,178.17662862,8317206,552545074.94,1.9776,-0.762,1,0
2025-07-16,sz.300223,176.52610554,180.43944252,176.2332708,177.51109512,176.81894028,9284950,623138665.52,2.2078,0.3914,1,0
2025-07-17,sz.300223,177.031911,180.7588986,175.86057204,180.70565592,177.51109512,11117678,748530990.43,2.6435,1.7996,1,0
2025-07-18,sz.300223,180.70565592,181.50429612,177.64420182,178.68243408,180.70565592,10014668,674163051.34,2.3813,-1.1196,1,0
2025-07-21,sz.300223,178.68243408,179.26810356,177.99027924,178.81554078,178.68243408,5977455,401201702.69,1.4213,0.0745,1,0
2025-07-22,sz.300223,177.031911,177.031911,173.73086484,173.78410752,178.81554078,16273446,1067038413.36,3.8695,-2.8138,1,0
2025-07-23,sz.300223,173.7042435,176.6325909,173.1718167,174.39639834,173.78410752,9307351,611548924.93,2.2131,0.3523,1,0
2025-07-24,sz.300223,174.369777,182.6223924,173.91721422,180.38619984,174.39639834,18678784,1258431290.25,4.4414,3.4346,1,0
2025-07-25,sz.300223,180.97186932,182.56914972,179.5609383,182.51590704,180.38619984,13666410,929713878.72,3.2496,1.1806,1,0
2025-07-28,sz.300223,182.6223924,182.91522714,180.7588986,181.6906455,182.51590704,9289316,633615007.48,2.2088,-0.4522,1,0
2025-07-29,sz.300223,180.81214128,182.83536312,180.70565592,182.24969364,181.6906455,10414329,710788204.98,2.4763,0.3077,1,0
2025-07-30,sz.300223,182.16982962,187.12139886,179.53431696,180.94524798,182.24969364,20539503,1417444533.83,4.8838,-0.7157,1,0
2025-07-31,sz.300223,179.85377304,183.44765394,177.35136708,177.6974445,180.94524798,14661948,993205976.29,3.4863,-1.7949,1,0
2025-08-01,sz.300223,178.0967646,180.19985046,175.4346306,176.81894028,177.6974445,9684778,645307922.12,2.3028,-0.4944,1,0
2025-08-04,sz.300223,176.18002812,178.30973532,175.72746534,178.04352192,176.81894028,6745508,449212005.84,1.6039,0.6926,1,0
2025-08-05,sz.300223,178.81554078,178.8954048,177.11177502,178.25649264,178.04352192,7347340,490989612.46,1.747,0.1196,1,0
2025-08-06,sz.300223,177.93703656,181.5575388,176.7656976,181.07835468,178.25649264,11097030,747927402.26,2.6386,1.583,1,0
2025-08-07,sz.300223,181.23808272,185.6838465,180.3595785,183.20806188,181.07835468,18319778,1259290418.91,4.356,1.1761,1,0
2025-08-08,sz.300223,181.98348024,182.30293632,178.41622068,178.70905542,183.20806188,11607765,785342224.31,2.7601,-2.4557,1,0
2025-08-11,sz.300223,179.64080232,184.64561424,179.37458892,182.40942168,178.70905542,12246099,839896738.82,2.9118,2.0706,1,0
2025-08-12,sz.300223,183.71386734,186.77532144,181.53091746,185.33776908,182.40942168,19186831,1330895388.21,4.5622,1.6054,1,0
2025-08-13,sz.300223,185.12479836,186.56235072,184.03332342,184.96507032,185.33776908,16449244,1144616945.25,3.9113,-0.2011,1,0
2025-08-14,sz.300223,184.96507032,189.5439408,182.80874178,183.4210326,184.96507032,22561851,1579528482.69,5.3647,-0.8348,1,0
2025-08-15,sz.300223,182.356179,187.680447,182.356179,187.1480202,183.4210326,16751329,1167601464.91,3.9831,2.0319,1,0
2025-08-18,sz.300223,187.680447,191.673648,185.8169532,190.92825048,187.1480202,22297955,1587902399.17,5.3019,2.0199,1,0
2025-08-19,sz.300223,190.6087944,192.41904552,187.46747628,189.22448472,190.92825048,16215381,1159557897.86,3.8557,-0.8924,1,0
2025-08-20,sz.300223,188.0797671,196.67845992,187.06815618,196.4654892,189.22448472,24606904,1771494844.09,5.851,3.8267,1,0
2025-08-21,sz.300223,196.997916,204.39864852,193.85659788,194.68185942,196.4654892,32700097,2446685440.03,7.7753,-0.9079,1,0
2025-08-22,sz.300223,194.65523808,203.28055224,194.36240334,202.322184,194.68185942,29782942,2239458027.54,7.0817,3.9245,1,0
2025-08-25,sz.300223,204.87783264,211.34681826,198.54195372,201.01773834,202.322184,34292963,2618287636.08,8.1541,-0.6447,1,0
2025-08-26,sz.300223,200.7249036,209.45670312,199.15424454,205.49012346,201.01773834,27370788,2095494830.84,6.508,2.2249,1,0
2025-08-27,sz.300223,205.49012346,212.99734134,201.7897572,202.08259194,205.49012346,36392439,2838724364.71,8.6531,-1.6582,1,0
2025-08-28,sz.300223,200.991117,206.0491716,198.38222568,205.54336614,202.08259194,28602204,2177086566.36,6.8008,1.7126,1,0
2025-08-29,sz.300223,204.39864852,204.4518912,199.44707928,200.13923412,205.54336614,19472018,1468023647.73,4.6299,-2.6292,1,0
2025-09-01,sz.300223,207.06078252,218.0287746,206.52835572,210.0423726,200.13923412,38702980,3082474826.87,9.2025,4.9481,1,0
2025-09-02,sz.300223,207.646452,217.70931852,199.66005,206.07579294,210.0423726,38920123,3024267421.75,9.2541,-1.8885,1,0
2025-09-03,sz.300223,204.984318,209.27035374,199.66005,199.7931567,206.07579294,24920274,1897919637.39,5.9254,-3.0487,1,0
2025-09-04,sz.300223,199.63342866,199.66005,185.84357454,189.86339688,199.7931567,24268744,1766147212.69,5.7704,-4.97,1,0
2025-09-05,sz.300223,190.63541574,197.31737208,187.680447,196.7317026,189.86339688,17477831,1269142696.8,4.1557,3.6175,1,0
2025-09-08,sz.300223,196.03954776,197.69007084,193.59038448,196.57197456,196.7317026,13203066,971570037.61,3.1393,-0.0812,1,0
2025-09-09,sz.300223,194.81496612,195.5337423,190.342581,190.66203708,196.57197456,11458088,828216434.59,2.7244,-3.0065,1,0
2025-09-10,sz.300223,190.63541574,193.51052046,189.9432609,190.6087944,190.66203708,9471255,681694129.46,2.252,-0.0279,1,0
2025-09-11,sz.300223,190.6087944,198.328983,188.26611648,198.1958763,190.6087944,18832824,1379239985.21,4.4779,3.9804,1,0
2025-09-12,sz.300223,198.22249764,234.21454932,196.997916,226.1482833,198.1958763,68682897,5634765207.76,16.3309,14.1034,1,0
2025-09-15,sz.300223,235.598859,238.260993,219.0936282,222.5544024,226.1482833,52338149,4398713613.2,12.4446,-1.5892,1,0
2025-09-16,sz.300223,220.957122,225.3496431,217.92228924,220.5578019,222.5544024,31475873,2612855054.12,7.4841,-0.8971,1,0
2025-09-17,sz.300223,220.957122,224.1516828,216.64446492,218.90727882,220.5578019,26551546,2195187497.41,6.3132,-0.7483,1,0
2025-09-18,sz.300223,218.93390016,225.18991506,211.639653,214.7011071,218.90727882,39282875,3242195555.72,9.3404,-1.9214,1,0
2025-09-19,sz.300223,215.65947534,225.42950712,215.65947534,217.4963478,214.7011071,36572164,3039802491.64,8.6958,1.3019,1,0
2025-09-22,sz.300223,219.626055,224.49776022,217.2301344,221.30319942,217.4963478,31676323,2637613602.65,7.5318,1.7503,1,0
2025-09-23,sz.300223,221.4895488,228.57082524,215.632854,223.8854694,221.30319942,34843001,2909358027.29,8.2847,1.1668,1,0
2025-09-24,sz.300223,221.94211158,236.87668332,221.2233354,231.31282326,223.8854694,51014802,4404623748.64,12.1299,3.3175,1,0
2025-09-25,sz.300223,227.39948628,228.38447586,223.64587734,226.52098206,231.31282326,30911253,2625287114.28,7.3498,-2.0716,1,0
2025-09-26,sz.300223,223.8854694,229.4759508,217.44310512,217.78918254,226.52098206,26127403,2189411580.69,6.2124,-3.8547,1,0
2025-09-29,sz.300223,223.0868292,224.1516828,218.1618813,220.957122,217.78918254,18736367,1557647746.89,4.455,1.4546,1,0
2025-09-30,sz.300223,224.65748826,247.578462,224.65748826,236.95654734,220.957122,60790763,5382935314.01,14.4544,7.241,1,0
2025-10-09,sz.300223,247.578462,269.5410675,240.923127,255.99080544,236.95654734,70629315,6766958261.59,16.7937,8.0328,1,0
2025-10-10,sz.300223,252.53003124,255.0324372,237.48897414,238.9265265,255.99080544,44904598,4104513954.74,10.6771,-6.666,1,0
2025-10-13,sz.300223,226.1482833,243.29242626,225.66909918,237.54221682,238.9265265,35656487,3166582269.94,8.4781,-0.5794,1,0
2025-10-14,sz.300223,243.26580492,250.18735332,232.03159944,234.02819994,237.54221682,41324595,3749633129.83,9.8258,-1.4793,1,0
2025-10-15,sz.300223,232.1380848,239.59206,229.4759508,237.7285662,234.02819994,31221065,2752993787.27,7.4235,1.5812,1,0
2025-10-16,sz.300223,234.48076272,249.33547044,233.0698317,239.69854536,237.7285662,41772534,3808012594.55,9.9324,0.8287,1,0
2025-10-17,sz.300223,239.69854536,242.6535141,223.619256,224.4178962,239.69854536,33156431,2880494570.07,7.8837,-6.3749,1,0
2025-10-20,sz.300223,229.68892152,233.0698317,221.96873292,224.04519744,224.4178962,25013569,2136414713.17,5.9475,-0.1661,1,0
2025-10-21,sz.300223,225.7489632,234.267792,224.950323,229.92851358,224.04519744,28048665,2432109516.16,6.6692,2.626,1,0
2025-10-22,sz.300223,226.28139,226.28139,219.3598416,223.0868292,229.92851358,22794881,1903079753.28,5.42,-2.9756,1,0
2025-10-23,sz.300223,220.957122,222.47453838,214.32840834,221.94211158,223.0868292,21770267,1779354604.95,5.1764,-0.5131,1,0
2025-10-24,sz.300223,226.57422474,239.59206,225.45612846,239.56543866,221.94211158,41744424,3696835720.08,9.9257,7.9405,1,0
2025-10-27,sz.300223,246.247395,252.21057516,237.0630327,250.02762528,239.56543866,50231632,4613889700.99,11.9437,4.3672,1,0
2025-10-28,sz.300223,235.94493642,246.06104562,234.77359746,243.1859409,250.02762528,43358679,3930491872.87,10.3095,-2.7364,1,0
2025-10-29,sz.300223,240.36407886,258.3601047,240.36407886,247.55184066,243.1859409,41143744,3851797317.02,9.7828,1.7953,1,0
2025-10-30,sz.300223,252.90273,255.564864,244.1176878,244.70335728,247.55184066,34923180,3265873750.11,8.3038,-1.1507,1,0
2025-10-31,sz.300223,247.36549128,248.19075282,230.32783368,231.09985254,244.70335728,33147845,2924898571.35,7.8816,-5.5592,1,0
2025-11-03,sz.300223,230.274591,242.7866208,221.30319942,238.7934198,231.09985254,35954767,3138602807.02,8.549,3.3291,1,0
2025-11-04,sz.300223,238.82004114,242.99959152,233.0698317,238.84666248,238.7934198,28273747,2535449542.92,6.7227,0.0223,1,0
2025-11-05,sz.300223,230.8070178,238.260993,229.7421642,235.11967488,238.84666248,21214857,1870670723.94,5.0443,-1.5604,1,0
2025-11-06,sz.300223,239.8582734,240.923127,231.605658,233.70874386,235.11967488,24773221,2190806582.25,5.8904,-0.6001,1,0
2025-11-07,sz.300223,228.943524,234.1346853,224.8172163,230.8070178,233.70874386,21733105,1872665586.86,5.1675,-1.2416,1,0
2025-11-10,sz.300223,235.89169374,271.537668,235.8650724,254.39352504,230.8070178,64511469,6159646552.66,15.339,10.2191,1,0
2025-11-11,sz.300223,254.39352504,259.45157964,247.87129674,249.5750625,254.39352504,37718760,3594934157.44,8.9685,-1.8941,1,0
2025-11-12,sz.300223,248.3771022,256.25701884,242.46716472,245.47537614,249.5750625,30804840,2872030630.04,7.3245,-1.6427,1,0
2025-11-13,sz.300223,246.1142883,261.6877722,245.95456026,255.91094142,245.47537614,44419601,4272052423.34,10.5618,4.2512,1,0
2025-11-14,sz.300223,244.916328,250.9061295,234.29441334,245.34226944,255.91094142,51668565,4690451500.32,12.2854,-4.1298,1,0
2025-11-17,sz.300223,245.39551212,259.558065,245.39551212,250.1074893,245.34226944,36532710,3465917328.68,8.6865,1.9423,1,0
2025-11-18,sz.300223,247.89791808,250.08086796,239.80503072,240.84326298,250.1074893,23505105,2151739521.22,5.5889,-3.7041,1,0
2025-11-19,sz.300223,239.61868134,242.1210873,230.274591,232.29781284,240.84326298,22932934,2029469892.88,5.4528,-3.5481,1,0
2025-11-20,sz.300223,236.90330466,237.67532352,223.96533342,226.9469235,232.29781284,22784591,1949868350.13,5.4175,-2.3035,1,0
2025-11-21,sz.300223,216.40487286,220.2915885,206.50173438,206.52835572,226.9469235,28431851,2263848521.25,6.7603,-8.9971,1,0
2025-11-24,sz.300223,207.35361726,208.68468426,203.653251,206.0491716,206.52835572,15102945,1170457863.79,3.5911,-0.232,1,0
2025-11-25,sz.300223,210.9741195,215.12704854,209.56318848,210.49493538,206.0491716,18099432,1440483231.03,4.3035,2.1576,1,0
2025-11-26,sz.300223,208.33860684,212.94409866,207.3802386,209.72291652,210.49493538,13464373,1064736048.05,3.2015,-0.3668,1,0
2025-11-27,sz.300223,209.72291652,215.26015524,207.646452,207.67307334,209.72291652,15253749,1212178985.29,3.6269,-0.9774,1,0
2025-11-28,sz.300223,206.87443314,211.639653,205.9160649,211.3734396,207.67307334,13776355,1082271851.52,3.2756,1.7818,1,0
2025-12-01,sz.300223,214.67448576,253.64812752,214.67448576,253.64812752,211.3734396,70922690,6297508431.64,16.8635,20.0,1,0
2025-12-02,sz.300223,255.93756276,255.93756276,243.26580492,243.93133842,253.64812752,48339929,4506855986.53,11.4939,-3.8308,1,0
2025-12-03,sz.300223,251.0392362,253.72799154,245.60848284,247.52521932,243.93133842,32397596,3023643610.79,7.7033,1.4733,1,0
2025-12-04,sz.300223,240.94974834,247.49859798,240.5238069,245.92793892,247.52521932,21827909,2001411566.86,5.1901,-0.6453,1,0
2025-12-05,sz.300223,247.41873396,248.909529,239.59206,243.39891162,245.92793892,18674517,1708475401.9,4.4403,-1.0284,1,0
2025-12-08,sz.300223,243.39891162,251.27882826,242.254194,249.8412759,243.39891162,32492772,3016764109.82,7.7259,2.6468,1,0
2025-12-09,sz.300223,245.1825414,268.55607792,245.12929872,258.38672604,249.8412759,45414216,4436275760.3,10.7982,3.4204,1,0
2025-12-10,sz.300223,259.0256382,265.78745856,254.26041834,260.7560253,258.38672604,28220933,2743691130.2,6.7102,0.917,1,0
2025-12-11,sz.300223,261.6877722,263.551266,249.1757424,249.22898508,260.7560253,25555807,2429722522.42,6.0765,-4.4206,1,0
2025-12-12,sz.300223,249.60168384,268.95539802,244.88970666,261.5546655,249.22898508,35066518,3401862109.86,8.3378,4.9455,1,0
2025-12-15,sz.300223,259.6911717,260.889132,247.578462,248.21737416,261.5546655,22744972,2141276166.61,5.4081,-5.0992,1,0
2025-12-16,sz.300223,246.75320046,257.13552306,241.77500988,242.3873007,248.21737416,19096811,1773644812.12,4.5407,-2.3488,1,0
2025-12-17,sz.300223,242.36067936,249.4419558,237.80843022,248.56345158,242.3873007,19281431,1770048549.45,4.5846,2.5481,1,0
2025-12-18,sz.300223,248.82966498,257.64132852,248.16413148,249.76141188,248.56345158,22812168,2165028611.82,5.4241,0.482,1,0
2025-12-19,sz.300223,252.90273,255.1655439,239.8582734,240.01800144,249.76141188,25830497,2368688413.07,6.1418,-3.9011,1,0
2025-12-22,sz.300223,242.41392204,254.5000104,242.41392204,250.5068094,240.01800144,27731951,2619871335.99,6.5939,4.37,1,0
2025-12-23,sz.300223,249.0426357,269.86052358,249.0426357,264.0836928,250.5068094,41199939,4053398318.1,9.7962,5.4198,1,0
2025-12-24,sz.300223,271.537668,298.74467748,271.537668,285.35414346,264.0836928,54886784,5855064678.59,13.0506,8.0544,1,0
2025-12-25,sz.300223,298.159008,308.807544,289.1077524,303.64300404,285.35414346,51364515,5782082023.42,12.2131,6.4092,1,0
2025-12-26,sz.300223,308.807544,314.10519066,293.3671668,296.50848492,303.64300404,41511323,4703480821.83,9.8702,-2.3496,1,0
2025-12-29,sz.300223,295.15079658,309.41983482,292.51528392,295.44363132,296.50848492,28374400,3179090717.14,6.7466,-0.3591,1,0
2025-12-30,sz.300223,298.26549336,302.4184224,286.33913304,299.19724026,295.44363132,34912558,3867365382.18,8.3012,1.2705,1,0
2025-12-31,sz.300223,305.16042042,305.6129832,281.41418514,282.29268936,299.19724026,29871553,3210527274.58,7.1026,-5.65,1,0
