date,code,open,high,low,close,preclose,volume,amount,turn,pctChg,tradestatus,isST
2021-01-04,sz.300628,909.91107228,921.87538716,885.11004456,894.70642212,911.28198336,3216155,231269728.48,0.6724,-1.8189,1,0
2021-01-05,sz.300628,891.34145856,947.174928,888.97352124,939.57260292,894.70642212,4342942,323186868.22,0.908,5.0146,1,0
2021-01-06,sz.300628,939.32334636,939.32334636,908.5401612,921.12761748,939.57260292,3157121,233056329.03,0.6601,-1.9631,1,0
2021-01-07,sz.300628,919.88133468,932.8426758,909.786444,931.34713644,921.12761748,3512812,259754977.81,0.7345,1.1095,1,0
2021-01-08,sz.300628,959.637756,969.10950528,857.69182296,888.47500812,931.34713644,6429219,465330320.23,1.3442,-4.6032,1,0
2021-01-11,sz.300628,860.05976028,887.10409704,860.05976028,880.37416992,888.47500812,4746442,333316575.46,0.9924,-0.9118,1,0
2021-01-12,sz.300628,886.1070708,931.97027784,883.11599208,931.47176472,880.37416992,3850994,282552712.56,0.8052,5.8041,1,0
2021-01-13,sz.300628,940.69425744,940.69425744,887.3533536,905.54908248,931.47176472,3930165,286857570.14,0.8217,-2.783,1,0
2021-01-14,sz.300628,908.5401612,988.9254018,908.5401612,976.4625738,905.54908248,7421689,573233254.18,1.5517,7.831,1,0
2021-01-15,sz.300628,972.7237254,976.08868896,927.2344032,968.984877,976.4625738,6502362,496159942.39,1.3595,-0.7658,1,0
2021-01-18,sz.300628,945.9286452,1015.720482,937.08003732,995.7799572,968.984877,6017430,475780908.91,1.2581,2.7653,1,0
2021-01-19,sz.300628,993.2873916,1004.13005196,968.11247904,991.16871084,995.7799572,4264182,336434421.19,0.8916,-0.4631,1,0
2021-01-20,sz.300628,984.43878372,1026.18925752,972.22521228,1024.07057676,991.16871084,5018238,401841231.41,1.0492,3.3195,1,0
2021-01-21,sz.300628,1009.489068,1065.32253744,1009.489068,1045.88052576,1024.07057676,5382681,451574814.43,1.1254,2.1297,1,0
2021-01-22,sz.300628,1045.88052576,1064.07625464,1018.08841932,1044.88349952,1045.88052576,3990554,332749661.62,0.8343,-0.0953,1,0
2021-01-25,sz.300628,1055.6015316,1062.70534356,992.0411088,1010.98460736,1044.88349952,6218451,509729456.25,1.3002,-3.2443,1,0
2021-01-26,sz.300628,1009.489068,1042.88944704,1001.01434496,1015.96973856,1010.98460736,3244655,266385044.27,0.6784,0.4931,1,0
2021-01-27,sz.300628,1006.62261756,1033.04381292,1004.62856508,1008.99055488,1015.96973856,3134496,255563058.09,0.6554,-0.6869,1,0
2021-01-28,sz.300628,998.39715108,1018.836189,968.23710732,971.4774426,1008.99055488,3640678,287955692.91,0.7612,-3.7179,1,0
2021-01-29,sz.300628,984.18952716,1025.19223128,975.8394324,1000.01731872,971.4774426,3502093,281664673.49,0.7322,2.9378,1,0
2021-02-01,sz.300628,1003.38228228,1018.33767588,990.04705632,993.910533,1000.01731872,2902558,232855248.19,0.6069,-0.6107,1,0
2021-02-02,sz.300628,1001.13897324,1062.456087,997.02624,1059.58963656,993.910533,4570078,383174968.21,0.9555,6.6082,1,0
2021-02-03,sz.300628,1048.37309136,1068.81212928,1029.18033624,1032.79455636,1059.58963656,2704291,226400911.36,0.5654,-2.5288,1,0
2021-02-04,sz.300628,1020.45635664,1052.85970944,1016.9667648,1052.85970944,1032.79455636,3276818,272839584.18,0.6851,1.9428,1,0
2021-02-05,sz.300628,1059.34038,1128.75833196,1059.34038,1100.21845584,1052.85970944,5042615,445020164.24,1.0543,4.4981,1,0
2021-02-08,sz.300628,1097.60126196,1114.7999646,1072.17709284,1114.7999646,1100.21845584,2613488,230033976.21,0.5464,1.3253,1,0
2021-02-09,sz.300628,1098.97217304,1159.043004,1084.39066428,1132.8710652,1114.7999646,4048549,365001114.63,0.8465,1.621,1,0
2021-02-10,sz.300628,1139.1024792,1148.57422848,1112.55665556,1135.73751564,1132.8710652,1808833,164439918.2,0.3782,0.253,1,0
2021-02-18,sz.300628,1165.52367456,1165.8975594,1070.30766864,1098.97217304,1135.73751564,3394625,299852187.82,0.7098,-3.2371,1,0
2021-02-19,sz.300628,1087.75562784,1113.5536818,1077.90999372,1098.97217304,1098.97217304,2534435,223414229.61,0.5299,0.0,1,0
2021-02-22,sz.300628,1090.37282172,1096.728864,1032.91918464,1034.29009572,1098.97217304,4658892,395715572.89,0.9741,-5.8857,1,0
2021-02-23,sz.300628,1027.5601686,1074.04651704,1017.34064964,1033.41769776,1034.29009572,3741047,313868602.88,0.7822,-0.0843,1,0
2021-02-24,sz.300628,1023.69669192,1040.646138,994.28441784,1011.23386392,1033.41769776,2966189,241546488.18,0.6202,-2.1466,1,0
2021-02-25,sz.300628,1016.9667648,1021.951896,971.97595572,979.07976768,1011.23386392,2685486,213041445.25,0.5615,-3.1797,1,0
2021-02-26,sz.300628,979.07976768,985.8096948,935.9583828,943.80996444,979.07976768,3493126,266447741.7,0.7303,-3.6023,1,0
2021-03-01,sz.300628,949.0443522,990.67019772,944.059221,963.75048924,943.80996444,4154597,321532063.63,0.8686,2.1128,1,0
2021-03-02,sz.300628,976.83645864,1007.6196438,965.61991344,1006.373361,963.75048924,4672439,372430879.79,0.9769,4.4226,1,0
2021-03-03,sz.300628,997.02624,1021.70263944,987.0559776,997.89863796,1006.373361,2219566,178505866.22,0.4641,-0.8421,1,0
2021-03-04,sz.300628,997.02624,1004.25468024,964.12437408,966.99082452,997.89863796,1838746,143807680.35,0.3844,-3.0973,1,0
2021-03-05,sz.300628,949.6674936,977.7088566,949.6674936,962.62883472,966.99082452,2334326,179841484.32,0.4881,-0.4511,1,0
2021-03-08,sz.300628,962.753463,972.7237254,884.11301832,884.36227488,962.62883472,3465366,256470748.54,0.7245,-8.1305,1,0
2021-03-09,sz.300628,873.14572968,903.80428656,859.935132,870.90242064,884.36227488,3106090,220565709.79,0.6464,-1.522,1,0
2021-03-10,sz.300628,909.786444,912.52826616,853.703718,878.25548916,870.90242064,3195117,223810989.76,0.668,0.8443,1,0
2021-03-11,sz.300628,868.6591116,890.4690606,865.41877632,871.65019032,878.25548916,2031371,142993750.37,0.4227,-0.7521,1,0
2021-03-12,sz.300628,878.50474572,897.323616,867.03894396,890.09517576,871.65019032,2326752,164538067.59,0.4842,2.1161,1,0
2021-03-15,sz.300628,890.09517576,897.07435944,861.05678652,866.54043084,890.09517576,2874740,201697059.31,0.5982,-2.6463,1,0
2021-03-16,sz.300628,870.40390752,876.01218012,836.00650224,844.356597,866.54043084,4340495,295398875.74,0.9033,-2.56,1,0
2021-03-17,sz.300628,856.94405328,889.34740608,835.13410428,877.3830912,844.356597,3122030,218852754.37,0.6497,3.9114,1,0
2021-03-18,sz.300628,877.3830912,882.9913638,858.0657078,862.55232588,877.3830912,2473917,171745427.12,0.5148,-1.6903,1,0
2021-03-19,sz.300628,851.58503724,859.56124716,830.77211448,834.13707804,862.55232588,3228868,217955777.24,0.6719,-3.2943,1,0
2021-03-22,sz.300628,837.5020416,857.06868156,801.9829818,812.5763856,834.13707804,4892356,319830143.62,1.0181,-2.5848,1,0
2021-03-23,sz.300628,818.8077996,830.39822964,810.08382,825.0392136,812.5763856,3033210,200262179.8,0.6312,1.5337,1,0
2021-03-24,sz.300628,822.546648,826.53475296,796.62396576,797.37173544,825.0392136,2123150,137494706.01,0.4418,-3.3535,1,0
2021-03-25,sz.300628,793.63288704,809.83456344,784.90890744,788.8970124,797.37173544,3054790,194909838.25,0.6357,-1.0628,1,0
2021-03-26,sz.300628,797.74562028,835.009476,792.6358608,821.3003652,788.8970124,3306366,217129907.85,0.6881,4.1074,1,0
2021-03-29,sz.300628,827.78103576,857.4425664,826.2854964,840.36849204,821.3003652,2792751,189082927.79,0.5812,2.3217,1,0
2021-03-30,sz.300628,847.472304,867.4128288,837.5020416,857.19330984,840.36849204,2914682,200869786.1,0.6065,2.0021,1,0
2021-03-31,sz.300628,873.27035796,873.27035796,822.67127628,849.59098476,857.19330984,3020549,204344722.06,0.6286,-0.8869,1,0
2021-04-01,sz.300628,843.60882732,875.13978216,843.60882732,870.77779236,849.59098476,1725475,119673283.82,0.3591,2.4938,1,0
2021-04-02,sz.300628,870.5285358,876.7599498,851.33578068,865.91728944,870.77779236,1884502,130669198.56,0.3922,-0.5582,1,0
2021-04-06,sz.300628,878.38011744,880.74805476,854.45148768,858.93810576,865.91728944,1162487,80519778.93,0.2419,-0.806,1,0
2021-04-07,sz.300628,859.935132,866.7896874,841.8640314,853.20520488,858.93810576,1648526,113003412.64,0.3431,-0.6674,1,0
2021-04-08,sz.300628,854.45148768,862.55232588,843.98271216,857.81645124,853.20520488,1692339,116048169.66,0.3522,0.5405,1,0
2021-04-09,sz.300628,851.46040896,866.166546,831.02137104,845.35362324,857.81645124,1763972,119337511.42,0.3671,-1.4529,1,0
2021-04-12,sz.300628,849.09247164,884.860788,846.2260212,862.05381276,845.35362324,3185782,221340788.98,0.663,1.9755,1,0
2021-04-13,sz.300628,854.70074424,877.00920636,829.77508824,832.76616696,862.05381276,2441036,165940398.37,0.508,-3.3974,1,0
2021-04-14,sz.300628,828.90269028,866.04191772,828.90269028,859.935132,832.76616696,2047608,140636919.69,0.4261,3.2625,1,0
2021-04-15,sz.300628,859.935132,871.40093376,848.22007368,868.40985504,859.935132,1475916,102200216.02,0.3071,0.9855,1,0
2021-04-16,sz.300628,868.16059848,875.01515388,854.9500008,866.04191772,868.40985504,1776140,123333221.81,0.3696,-0.2727,1,0
2021-04-19,sz.300628,859.68587544,892.21385652,859.68587544,884.860788,866.04191772,3162343,223259444.21,0.6581,2.173,1,0
2021-04-20,sz.300628,884.98541628,903.55503,881.1219396,901.0624644,884.860788,1810272,130062378.45,0.3767,1.831,1,0
2021-04-21,sz.300628,891.83997168,903.55503,879.2525154,883.48987692,901.0624644,1536486,109399116.54,0.3197,-1.9502,1,0
2021-04-22,sz.300628,888.97352124,924.7418376,884.98541628,922.12464372,883.48987692,2303215,168080787.97,0.4793,4.373,1,0
2021-04-23,sz.300628,926.73589008,929.7269688,893.08625448,895.95270492,922.12464372,2051173,149273448.81,0.4269,-2.8382,1,0
2021-04-26,sz.300628,900.93783612,905.54908248,877.88160432,878.629374,895.95270492,2657165,189396766.97,0.553,-1.9335,1,0
2021-04-27,sz.300628,878.75400228,890.71831716,864.42175008,886.1070708,878.629374,1764266,124495375.99,0.3671,0.8511,1,0
2021-04-28,sz.300628,885.35930112,902.05949064,859.935132,868.78373988,886.1070708,1931838,134829934.48,0.402,-1.955,1,0
2021-04-29,sz.300628,860.18438856,878.75400228,859.935132,863.050839,868.78373988,990554,68838015.76,0.2061,-0.6599,1,0
2021-04-30,sz.300628,861.1814148,886.1070708,859.81050372,872.52258828,863.050839,1590172,111488739.38,0.3309,1.0975,1,0
2021-05-06,sz.300628,902.3087472,904.67668452,877.3830912,889.47203436,872.52258828,1804293,129303774.35,0.3755,1.9426,1,0
2021-05-07,sz.300628,886.97946876,890.59368888,861.92918448,867.4128288,889.47203436,1863413,131162466.59,0.3878,-2.48,1,0
2021-05-10,sz.300628,868.28522676,873.89349936,828.778062,837.5020416,867.4128288,2871623,194967304.18,0.5976,-3.4483,1,0
2021-05-11,sz.300628,857.4425664,880.87268304,828.778062,870.65316408,837.5020416,3040366,209875907.7,0.6327,3.9583,1,0
2021-05-12,sz.300628,862.05381276,951.28766124,859.935132,943.4360796,870.65316408,3792753,279657994.62,0.7893,8.3596,1,0
2021-05-13,sz.300628,932.2195344,945.18087552,911.53123992,943.06219476,943.4360796,2385721,178225259.57,0.4965,-0.0396,1,0
2021-05-14,sz.300628,948.91972392,958.88998632,927.2344032,947.92269768,943.06219476,2107423,159137571.53,0.4386,0.5154,1,0
2021-05-17,sz.300628,958.26684492,980.57530704,946.92567144,952.28468748,947.92269768,2634044,203518605.27,0.5481,0.4602,1,0
2021-05-18,sz.300628,963.3766044,963.3766044,919.7567064,937.08003732,952.28468748,2352126,176227209.0,0.4895,-1.5966,1,0
2021-05-19,sz.300628,943.18682304,980.32605048,942.68830992,967.1154528,937.08003732,2145389,166080594.51,0.4465,3.2052,1,0
2021-05-20,sz.300628,953.90485512,994.5336744,953.90485512,985.43580996,967.1154528,2355685,185114558.76,0.4902,1.8943,1,0
2021-05-21,sz.300628,984.43878372,992.53962192,963.3766044,967.61396592,985.43580996,1219844,95314211.34,0.2539,-1.8085,1,0
2021-05-24,sz.300628,969.6080184,977.7088566,947.29955628,954.52799652,967.61396592,1974913,151590596.63,0.411,-1.3524,1,0
2021-05-25,sz.300628,961.88106504,1000.51583184,949.91675016,993.53664816,954.52799652,3022357,239023933.12,0.629,4.0867,1,0
2021-05-26,sz.300628,1003.8807954,1003.8807954,959.76238428,977.58422832,993.53664816,1672794,131043405.18,0.3481,-1.6056,1,0
2021-05-27,sz.300628,977.58422832,1003.257654,965.86917,1003.257654,977.58422832,1984250,157322198.27,0.4129,2.6262,1,0
2021-05-28,sz.300628,990.29631288,1034.16546744,978.331998,988.3022604,1003.257654,2314300,186342630.61,0.4816,-1.4907,1,0
2021-05-31,sz.300628,982.6939878,993.2873916,945.67938864,954.77725308,988.3022604,3666097,282331373.0,0.7629,-3.3922,1,0
2021-06-01,sz.300628,940.943514,970.2311598,940.69425744,955.64965104,954.77725308,2364761,181448560.47,0.4921,0.0914,1,0
2021-06-02,sz.300628,961.5573405,967.08786638,941.19494976,953.89002053,955.64973331,2245474,170436910.63,0.4673,-0.1841,1,0
2021-06-03,sz.300628,952.25600152,957.7865274,928.24849145,930.25959177,953.89002053,2308217,171956999.51,0.4803,-2.4773,1,0
2021-06-04,sz.300628,935.79011765,946.09700679,918.57007116,935.1616488,930.25959177,2142751,158924868.46,0.4459,0.527,1,0
2021-06-07,sz.300628,935.41303634,966.5850913,930.63667308,963.19135951,935.1616488,3357609,254967000.0,0.6987,2.9973,1,0
2021-06-08,sz.300628,970.60729194,977.52044929,957.7865274,969.0989667,963.19135951,2278799,175565442.53,0.4742,0.6133,1,0
2021-06-09,sz.300628,977.8975306,998.76269642,955.64973331,997.75714626,969.0989667,2117984,165853250.9,0.4408,2.9572,1,0
2021-06-10,sz.300628,1004.04183476,1027.67226352,962.56289066,1023.1472878,997.75714626,2842645,226855187.45,0.5916,2.5447,1,0
2021-06-11,sz.300628,1030.56322023,1030.56322023,994.48910824,1011.8348485,1023.1472878,2177530,174783848.13,0.4531,-1.1057,1,0
2021-06-15,sz.300628,1011.33207342,1036.09374611,1006.93279147,1011.70915473,1011.8348485,1815533,147148462.33,0.3778,-0.0124,1,0
2021-06-16,sz.300628,1016.8625993,1030.688914,971.6128421,977.64614306,1011.70915473,1787506,140531114.52,0.372,-3.3669,1,0
2021-06-17,sz.300628,982.17111878,1005.42446623,967.842029,997.88284003,977.64614306,1729214,136780903.96,0.3599,2.0699,1,0
2021-06-18,sz.300628,1000.64810297,1005.55016,957.66083363,970.73298571,997.88284003,3207360,248609724.35,0.6675,-2.7207,1,0
2021-06-21,sz.300628,974.75518635,984.30791287,942.95466254,970.3559044,970.73298571,2822236,215593633.89,0.5873,-0.0388,1,0
2021-06-22,sz.300628,967.842029,975.3836552,937.17274912,948.9879635,970.3559044,2551638,192676168.71,0.531,-2.2021,1,0
2021-06-23,sz.300628,967.842029,1063.3692942,967.842029,1063.24360043,948.9879635,6740955,556941033.28,1.4028,12.0397,1,0
2021-06-24,sz.300628,1052.43393621,1092.15316753,1041.62427199,1079.7094843,1063.24360043,4948439,422326923.27,1.0298,1.5486,1,0
2021-06-25,sz.300628,1088.38235443,1091.65039245,1058.84431848,1079.08101545,1079.7094843,3675315,314501185.98,0.7648,-0.0582,1,0
2021-06-28,sz.300628,1087.62819181,1095.16981801,1043.50967854,1090.26776098,1079.08101545,2762942,237815804.28,0.575,1.0367,1,0
2021-06-29,sz.300628,1090.26776098,1090.39345475,1024.65561304,1034.83680841,1090.26776098,5440137,452567039.85,1.1321,-5.0842,1,0
2021-06-30,sz.300628,1037.09929627,1080.71503446,1031.06599531,1053.3137926,1034.83680841,2697009,226182023.68,0.5613,1.7855,1,0
2021-07-01,sz.300628,1064.24915059,1070.15675778,1038.73331528,1043.258291,1053.3137926,2271833,190444779.73,0.4728,-0.9547,1,0
2021-07-02,sz.300628,1059.5984811,1059.5984811,1021.8903501,1034.4597271,1043.258291,3197633,263537148.39,0.6654,-0.8434,1,0
2021-07-05,sz.300628,1045.01800378,1048.03465426,1008.31542294,1018.119537,1034.4597271,3532417,287238586.58,0.7351,-1.5796,1,0
2021-07-06,sz.300628,1026.9181009,1080.966422,1023.65006288,1072.1678581,1018.119537,4626537,390768215.32,0.9628,5.3086,1,0
2021-07-07,sz.300628,1083.35460363,1111.76139565,1076.06436497,1105.85378846,1072.1678581,3469316,303708488.16,0.722,3.1419,1,0
2021-07-08,sz.300628,1099.8204875,1099.8204875,1048.03465426,1069.27690139,1105.85378846,3093192,263013056.39,0.6437,-3.3076,1,0
2021-07-09,sz.300628,1063.99776305,1080.58934069,1043.88675985,1049.92006081,1069.27690139,3624001,305005821.38,0.7515,-1.8103,1,0
2021-07-12,sz.300628,1064.37484436,1090.89622983,1035.96805234,1069.27690139,1049.92006081,2926256,248718910.4,0.6068,1.8436,1,0
2021-07-13,sz.300628,1070.65953286,1119.80579693,1057.33599324,1112.01278319,1069.27690139,4077540,354858242.86,0.8456,3.9967,1,0
2021-07-14,sz.300628,1099.94618127,1153.36603352,1096.80383702,1142.5563693,1112.01278319,3139509,284655587.67,0.651,2.7467,1,0
2021-07-15,sz.300628,1156.382684,1215.20736836,1144.94455093,1206.78588577,1142.5563693,5320950,500004447.75,1.1034,5.6216,1,0
2021-07-16,sz.300628,1211.31086149,1228.15382667,1167.44373576,1206.660192,1206.78588577,4145242,395342050.44,0.8596,-0.0104,1,0
2021-07-19,sz.300628,1202.63799136,1202.63799136,1153.99450237,1181.39574423,1206.660192,2904809,272094620.38,0.6024,-2.0938,1,0
2021-07-20,sz.300628,1169.07775477,1209.1740674,1161.4104348,1180.76727538,1181.39574423,2344690,220607415.86,0.4862,-0.0532,1,0
2021-07-21,sz.300628,1193.33665238,1204.90047922,1166.06110429,1197.8616281,1180.76727538,2345205,221205040.69,0.4863,1.4477,1,0
2021-07-22,sz.300628,1197.48454679,1200.50119727,1165.1812479,1179.13325637,1197.8616281,1986118,186234725.78,0.4119,-1.5635,1,0
2021-07-23,sz.300628,1181.521438,1184.91516979,1136.39737457,1170.96316132,1179.13325637,3811064,350866940.37,0.7903,-0.6929,1,0
2021-07-26,sz.300628,1165.68402298,1181.521438,1118.17177792,1154.12019614,1170.96316132,3126212,283958840.99,0.6483,-1.4384,1,0
2021-07-27,sz.300628,1154.49727745,1191.5769396,1132.5008677,1140.0424939,1154.12019614,2249231,208259357.49,0.4664,-1.2198,1,0
2021-07-28,sz.300628,1144.81885716,1158.8965594,1104.59685076,1143.68761323,1140.0424939,2635396,238578433.51,0.5465,0.3197,1,0
2021-07-29,sz.300628,1162.79306627,1193.46234615,1156.382684,1182.02421308,1143.68761323,2453069,229242157.24,0.5087,3.352,1,0
2021-07-30,sz.300628,1182.14990685,1184.16100717,1137.5286185,1157.26254039,1182.02421308,1792022,164306444.54,0.3716,-2.0949,1,0
2021-08-02,sz.300628,1161.4104348,1187.05196388,1102.3343629,1181.521438,1157.26254039,4352372,393068575.66,0.9025,2.0962,1,0
2021-08-03,sz.300628,1177.12215605,1187.8061265,1154.49727745,1175.2367495,1181.521438,2530640,235517382.9,0.5248,-0.5319,1,0
2021-08-04,sz.300628,1175.86521835,1184.0353134,1128.47866706,1141.2994316,1175.2367495,3432213,311588244.46,0.7117,-2.8877,1,0
2021-08-05,sz.300628,1144.44177585,1155.87990892,1125.08493527,1152.10909582,1141.2994316,1917308,174623083.05,0.3976,0.9471,1,0
2021-08-06,sz.300628,1148.71536403,1148.8410578,1074.6817335,1091.65039245,1152.10909582,4786211,417538070.88,0.9925,-5.2477,1,0
2021-08-09,sz.300628,1092.78163638,1112.01278319,1084.10876625,1102.58575044,1091.65039245,3243148,284062972.35,0.6725,1.0017,1,0
2021-08-10,sz.300628,1103.33991306,1112.64125204,1087.2511105,1110.37876418,1102.58575044,1657822,145568923.2,0.3438,0.7068,1,0
2021-08-11,sz.300628,1115.78359629,1119.55440939,1089.89067967,1097.43230587,1110.37876418,2542903,222204573.85,0.5273,-1.1659,1,0
2021-08-12,sz.300628,1093.66149277,1105.85378846,1088.00527312,1098.18646849,1097.43230587,1923609,168100548.27,0.3989,0.0687,1,0
2021-08-13,sz.300628,1087.37680427,1098.06077472,1065.8831696,1080.71503446,1098.18646849,2438993,208212428.33,0.5058,-1.5909,1,0
2021-08-16,sz.300628,1073.04771449,1128.22727952,1064.50053813,1112.3898645,1080.71503446,3070140,270427004.87,0.6366,2.9309,1,0
2021-08-17,sz.300628,1114.77804613,1114.77804613,1068.397045,1075.9386712,1112.3898645,2568295,220319827.86,0.5326,-3.2768,1,0
2021-08-18,sz.300628,1081.09211577,1101.0774252,1049.66867327,1086.74833542,1075.9386712,1909489,163744533.88,0.396,1.0047,1,0
2021-08-19,sz.300628,1097.3066121,1100.19756881,1074.93312104,1093.66149277,1086.74833542,1271302,110298686.49,0.2636,0.6361,1,0
2021-08-20,sz.300628,1083.85737871,1109.8759891,1066.63733222,1078.4525466,1093.66149277,2826225,244422823.07,0.5861,-1.3906,1,0
2021-08-23,sz.300628,1089.01082328,1164.67847282,1075.9386712,1148.8410578,1078.4525466,3151524,285397517.26,0.6535,6.5268,1,0
2021-08-24,sz.300628,1162.29029119,1162.29029119,1114.9037399,1116.78914645,1148.8410578,1842359,165854197.41,0.382,-2.7899,1,0
2021-08-25,sz.300628,1121.31412217,1128.7300546,1072.1678581,1084.61154133,1116.78914645,2150091,186716296.89,0.4459,-2.8813,1,0
2021-08-26,sz.300628,1082.47474724,1082.47474724,994.2377207,1026.28963205,1084.61154133,5566533,455427050.54,1.1543,-5.3772,1,0
2021-08-27,sz.300628,1036.84790873,1058.59293094,1012.08623604,1046.27494148,1026.28963205,2297726,191094228.7,0.4765,1.9473,1,0
2021-08-30,sz.300628,1048.78881688,1078.4525466,1043.88675985,1069.02551385,1046.27494148,2312970,196080710.33,0.4796,2.1744,1,0
2021-08-31,sz.300628,1078.20115906,1086.99972296,1038.98470282,1080.966422,1069.02551385,2833460,241838945.9,0.5876,1.117,1,0
2021-09-01,sz.300628,1086.87402919,1105.97948223,1062.23805027,1079.58379053,1080.966422,2602396,225450826.73,0.5397,-0.1279,1,0
2021-09-02,sz.300628,1068.52273877,1096.92953079,1052.0568549,1076.94422136,1079.58379053,1729544,147569899.89,0.3587,-0.2445,1,0
2021-09-03,sz.300628,1059.5984811,1084.7372351,1038.98470282,1063.24360043,1076.94422136,2056148,173510980.59,0.4264,-1.2722,1,0
2021-09-06,sz.300628,1063.24360043,1142.05359422,1047.0291041,1105.35101338,1063.24360043,3544769,311214681.17,0.7351,3.9603,1,0
2021-09-07,sz.300628,1101.70589405,1112.26417073,1039.4874779,1044.5152287,1105.35101338,5187702,433659086.32,1.0758,-5.5038,1,0
2021-09-08,sz.300628,1044.5152287,1050.7999172,1032.70001432,1045.52077886,1044.5152287,2417615,200568429.72,0.5013,0.0963,1,0
2021-09-09,sz.300628,1049.5429795,1049.5429795,1005.67585377,1024.4042255,1045.52077886,2624039,212838026.86,0.5441,-2.0197,1,0
2021-09-10,sz.300628,1023.27298157,1039.23609036,1015.6056616,1032.82570809,1024.4042255,1417506,116130143.59,0.2939,0.8221,1,0
2021-09-13,sz.300628,1035.46527726,1049.5429795,1007.81264786,1011.20637965,1032.82570809,1792578,145483473.31,0.3717,-2.0932,1,0
2021-09-14,sz.300628,1018.99939339,1026.28963205,1001.7793469,1004.16752853,1011.20637965,1671725,134801236.05,0.3467,-0.6961,1,0
2021-09-15,sz.300628,1004.04183476,1017.86814946,982.04542501,995.74604594,1004.16752853,1817467,144356841.48,0.3769,-0.8387,1,0
2021-09-16,sz.300628,992.980783,996.24882102,964.82537852,969.47604801,995.74604594,2417401,187875927.12,0.5013,-2.6382,1,0
2021-09-17,sz.300628,979.90863092,1001.52795936,969.47604801,994.86618955,969.47604801,1883700,148004532.14,0.3906,2.619,1,0
2021-09-22,sz.300628,990.08982629,990.08982629,958.41499625,975.63504274,994.86618955,1542061,119616717.86,0.3198,-1.933,1,0
2021-09-23,sz.300628,999.2654715,1017.86814946,971.36145456,991.7238453,975.63504274,1892616,149500954.9,0.3925,1.6491,1,0
2021-09-24,sz.300628,999.01408396,1013.72025505,984.30791287,1006.55571016,991.7238453,1557790,124724384.16,0.323,1.4956,1,0
2021-09-27,sz.300628,1005.80154754,1068.27135123,999.39116527,1013.72025505,1006.55571016,4567539,378200696.17,0.9472,0.7118,1,0
2021-09-28,sz.300628,1013.72025505,1097.05522456,1005.55016,1073.04771449,1013.72025505,3273390,277577179.85,0.6788,5.8524,1,0
2021-09-29,sz.300628,1073.04771449,1073.04771449,1036.72221496,1045.14369755,1073.04771449,1857837,154706620.2,0.3853,-2.6004,1,0
2021-09-30,sz.300628,1041.49857822,1055.95336177,1016.23413045,1021.26188125,1045.14369755,2002930,163758874.5,0.4153,-2.285,1,0
2021-10-08,sz.300628,1026.28963205,1075.68728366,1016.8625993,1060.72972503,1021.26188125,3474408,291622140.54,0.7205,3.8646,1,0
2021-10-11,sz.300628,1060.72972503,1068.14565746,1030.06044515,1037.85345889,1060.72972503,2103090,174855633.24,0.4361,-2.1567,1,0
2021-10-12,sz.300628,1030.94030154,1074.05326465,1024.65561304,1039.4874779,1037.85345889,2625581,218638996.62,0.5445,0.1574,1,0
2021-10-13,sz.300628,1036.09374611,1046.90341033,994.99188332,998.13422757,1039.4874779,2606029,209298188.3,0.5404,-3.9782,1,0
2021-10-14,sz.300628,1000.01963412,1011.8348485,964.82537852,974.75518635,998.13422757,2400492,187388620.38,0.4978,-2.3423,1,0
2021-10-15,sz.300628,968.59619162,1032.70001432,954.0157143,1028.80350745,974.75518635,4554105,364771798.83,0.9444,5.5448,1,0
2021-10-18,sz.300628,1023.39867534,1025.03269435,981.91973124,1002.28212198,1028.80350745,2433163,193468014.75,0.5046,-2.5779,1,0
2021-10-19,sz.300628,989.58705121,1009.44666687,981.79403747,992.60370169,1002.28212198,1318500,104188328.4,0.2734,-0.9656,1,0
2021-10-20,sz.300628,987.32456335,1004.79599738,980.411406,1002.03073444,992.60370169,1592049,125812094.19,0.3302,0.9497,1,0
2021-10-21,sz.300628,994.86618955,1003.53905968,969.85312932,978.02322437,1002.03073444,2619231,204613489.96,0.5432,-2.3959,1,0
2021-10-22,sz.300628,988.58150105,988.70719482,965.07676606,971.98992341,978.02322437,2290103,177538770.45,0.4749,-0.6169,1,0
2021-10-25,sz.300628,962.8142782,977.8975306,957.53513986,972.74408603,971.98992341,2195799,168774836.65,0.4554,0.0776,1,0
2021-10-26,sz.300628,965.3281536,1005.29877246,964.19690967,997.63145249,972.74408603,2637333,208691391.2,0.5469,2.5585,1,0
2021-10-27,sz.300628,988.58150105,995.24327086,958.54069002,968.21911031,997.63145249,3028387,233785059.36,0.628,-2.9482,1,0
2021-10-28,sz.300628,958.79207756,973.62394242,926.74016621,936.4185865,968.21911031,3352181,253428292.16,0.6952,-3.2844,1,0
2021-10-29,sz.300628,936.4185865,954.14140807,917.81590854,951.87892021,936.4185865,3403445,253921356.2,0.7058,1.651,1,0
2021-11-01,sz.300628,939.30954321,986.6960945,925.1061472,961.5573405,951.87892021,4992516,381996991.96,1.0353,1.0168,1,0
2021-11-02,sz.300628,961.5573405,1003.66475345,945.09145663,989.71274498,961.5573405,4585308,358450053.73,0.9509,2.9281,1,0
2021-11-03,sz.300628,983.93083156,988.83288859,957.91222117,967.842029,989.71274498,2479672,191104046.56,0.5142,-2.2098,1,0
2021-11-04,sz.300628,969.72743555,1008.31542294,961.93442181,994.11202693,967.842029,2536871,200930464.82,0.5261,2.7143,1,0
2021-11-05,sz.300628,996.24882102,1002.91059083,975.3836552,988.58150105,994.11202693,2555928,200639675.56,0.53,-0.5563,1,0
2021-11-08,sz.300628,980.66279354,985.94193188,961.5573405,966.33370376,988.58150105,1330455,102395047.2,0.2759,-2.2505,1,0
2021-11-09,sz.300628,966.5850913,971.23576079,943.58313139,945.2171504,966.33370376,1988145,150418884.55,0.4123,-2.1852,1,0
2021-11-10,sz.300628,945.2171504,969.85312932,940.56648091,967.33925392,945.2171504,2046623,156338563.18,0.4244,2.3404,1,0
2021-11-11,sz.300628,967.33925392,1020.50771863,962.06011558,996.62590233,967.33925392,3442973,275275018.89,0.714,3.0275,1,0
2021-11-12,sz.300628,998.51130888,1007.93834163,980.66279354,987.9530322,996.62590233,1648413,129841698.05,0.3418,-0.8702,1,0
2021-11-15,sz.300628,995.4946584,1011.8348485,968.47049785,988.58150105,987.9530322,2892423,226609394.82,0.5998,0.0636,1,0
2021-11-16,sz.300628,992.980783,1016.10843668,980.66279354,991.09537645,988.58150105,1831317,145043400.73,0.3798,0.2543,1,0
2021-11-17,sz.300628,998.63700265,1023.90145042,986.6960945,1021.51326879,991.09537645,2549078,206053958.17,0.5286,3.0691,1,0
2021-11-18,sz.300628,1023.77575665,1024.4042255,971.6128421,1003.66475345,1021.51326879,2678010,211796146.79,0.5554,-1.7473,1,0
2021-11-19,sz.300628,996.50020856,1015.6056616,977.8975306,994.74049578,1003.66475345,2407626,189728753.29,0.4993,-0.8892,1,0
2021-11-22,sz.300628,999.01408396,1041.12149691,994.74049578,1030.31183269,994.74049578,3583305,292051426.74,0.7431,3.5759,1,0
2021-11-23,sz.300628,1028.04934483,1042.25274084,998.13422757,998.63700265,1030.31183269,2883654,232021458.25,0.598,-3.0743,1,0
2021-11-24,sz.300628,999.76824658,1009.19527933,985.56485057,1002.91059083,998.63700265,1352094,107539969.76,0.2804,0.4279,1,0
2021-11-25,sz.300628,1004.2932223,1008.44111671,969.22466047,971.11006702,1002.91059083,2569871,200075629.77,0.5329,-3.1708,1,0
2021-11-26,sz.300628,971.11006702,972.36700472,932.89916094,937.04705535,971.11006702,3402664,255663206.26,0.7056,-3.5076,1,0
2021-11-29,sz.300628,938.55538059,948.9879635,918.8214587,944.46298778,937.04705535,2415676,180009484.07,0.501,0.7914,1,0
2021-11-30,sz.300628,948.73657596,974.75518635,942.703275,973.24686111,944.46298778,3125631,239221058.47,0.6482,3.0476,1,0
2021-12-01,sz.300628,968.09341654,984.55930041,952.88447037,961.80872804,973.24686111,2436652,186653702.61,0.5053,-1.1753,1,0
2021-12-02,sz.300628,967.842029,967.96772277,933.65332356,934.03040487,961.80872804,1723283,129268047.34,0.3574,-2.8881,1,0
2021-12-03,sz.300628,930.25959177,952.7587766,924.47767835,947.7310258,934.03040487,2286329,170891439.47,0.4741,1.4668,1,0
2021-12-06,sz.300628,947.85671957,1054.06795522,947.85671957,1011.20637965,947.7310258,6945566,560232937.55,1.4404,6.6976,1,0
2021-12-07,sz.300628,1003.66475345,1072.92202072,1003.66475345,1056.33044308,1011.20637965,8956661,752703244.39,1.8574,4.4624,1,0
2021-12-08,sz.300628,1062.1123565,1084.10876625,1052.18254867,1078.82962791,1056.33044308,4769870,406447575.07,0.9892,2.1299,1,0
2021-12-09,sz.300628,1075.18450858,1082.34905347,1035.21388972,1038.2305402,1078.82962791,5319088,442162777.92,1.1031,-3.7633,1,0
2021-12-10,sz.300628,1043.38398477,1077.1956089,1013.46886751,1062.61513158,1038.2305402,5315582,445756556.01,1.1023,2.3487,1,0
2021-12-13,sz.300628,1050.54852966,1088.5080482,1037.35068381,1063.87206928,1062.61513158,3399457,288991356.31,0.705,0.1183,1,0
2021-12-14,sz.300628,1068.27135123,1085.36570395,1049.29159196,1073.67618334,1063.87206928,2223826,189919915.73,0.4612,0.9216,1,0
2021-12-15,sz.300628,1073.67618334,1074.43034596,1042.12704707,1056.58183062,1073.67618334,3251296,272530308.2,0.6743,-1.5921,1,0
2021-12-16,sz.300628,1061.86096896,1065.75747583,1038.2305402,1053.06240506,1056.58183062,2769619,231742638.23,0.5744,-0.3331,1,0
2021-12-17,sz.300628,1047.65757295,1051.05130474,1029.93475138,1047.15479787,1053.06240506,2029884,168122680.95,0.421,-0.561,1,0
2021-12-20,sz.300628,1038.60762151,1068.52273877,1036.34513365,1040.11594675,1047.15479787,2416978,201682881.69,0.5012,-0.6722,1,0
2021-12-21,sz.300628,1035.7166648,1066.88871976,1022.51881895,1030.688914,1040.11594675,2586688,213447353.34,0.5364,-0.9063,1,0
2021-12-22,sz.300628,1037.85345889,1043.258291,1014.09733636,1015.85704914,1030.688914,1674974,136169690.45,0.3474,-1.439,1,0
2021-12-23,sz.300628,1015.85704914,1028.92920122,1011.8348485,1020.38202486,1015.85704914,1655125,134444590.25,0.3432,0.4454,1,0
2021-12-24,sz.300628,1008.69250425,1064.12345682,1008.69250425,1032.95140186,1020.38202486,2729515,226855364.83,0.566,1.2318,1,0
2021-12-27,sz.300628,1035.84235857,1045.14369755,978.40030568,988.07872597,1032.95140186,3897259,308104800.8,0.8082,-4.3441,1,0
2021-12-28,sz.300628,992.980783,1013.84594882,984.1822191,1007.56126032,988.07872597,2945135,234501990.22,0.6108,1.9718,1,0
2021-12-29,sz.300628,1006.30432262,1034.20833956,1002.15642821,1018.74800585,1007.56126032,2664728,216250732.58,0.5526,1.1103,1,0
2021-12-30,sz.300628,1016.98829307,1047.0291041,1013.84594882,1029.80905761,1018.74800585,2524033,207001815.46,0.5234,1.0857,1,0
2021-12-31,sz.300628,1029.55767007,1035.08819595,992.72939546,1023.77575665,1029.80905761,3285041,265418418.48,0.6812,-0.5859,1,0
2022-01-04,sz.300628,1024.52991927,1028.80350745,978.27461191,982.67389386,1023.77575665,2947645,233479757.55,0.6113,-4.0147,1,0
2022-01-05,sz.300628,981.54264993,1005.42446623,970.60729194,992.22662038,982.67389386,3805696,299695778.19,0.7892,0.9721,1,0
2022-01-06,sz.300628,997.75714626,1031.9458517,986.94748204,1030.688914,992.22662038,3029083,244527442.34,0.6282,3.8764,1,0
2022-01-07,sz.300628,1020.88479994,1058.3415434,1019.87924978,1049.5429795,1030.688914,2706260,224599473.09,0.5612,1.8293,1,0
2022-01-10,sz.300628,1056.83321816,1080.71503446,1039.86455921,1075.81297743,1049.5429795,2918924,247032519.55,0.6053,2.503,1,0
2022-01-11,sz.300628,1075.56158989,1080.84072823,1029.4319763,1040.7444156,1075.81297743,2170270,180922839.79,0.4501,-3.2597,1,0
2022-01-12,sz.300628,1043.258291,1068.14565746,1034.71111464,1060.8554188,1040.7444156,1721654,144594255.1,0.357,1.9324,1,0
2022-01-13,sz.300628,1061.86096896,1067.1401073,1024.15283796,1026.28963205,1060.8554188,1372520,113288447.33,0.2846,-3.2583,1,0
2022-01-14,sz.300628,1026.16393828,1026.16393828,996.12312725,1000.27102166,1026.28963205,1685827,134838106.51,0.3496,-2.5352,1,0
2022-01-17,sz.300628,1005.55016,1108.49335763,1005.55016,1084.23446002,1000.27102166,4230611,361523332.96,0.8773,8.3941,1,0
2022-01-18,sz.300628,1084.36015379,1105.60240092,1075.68728366,1093.28441146,1084.23446002,2259392,196427326.27,0.4686,0.8347,1,0
2022-01-19,sz.300628,1085.36570395,1086.99972296,1059.5984811,1076.69283382,1093.28441146,1600238,136958990.01,0.3319,-1.5176,1,0
2022-01-20,sz.300628,1074.80742727,1075.05881481,1039.73886544,1055.827668,1076.69283382,1868504,156479908.94,0.3875,-1.9379,1,0
2022-01-21,sz.300628,1057.58738078,1068.27135123,1038.85900905,1047.40618541,1055.827668,1507346,125856860.68,0.3126,-0.7976,1,0
2022-01-24,sz.300628,1031.82015793,1046.14924771,1018.24523077,1037.60207135,1047.40618541,1898930,155993828.23,0.3938,-0.936,1,0
2022-01-25,sz.300628,1038.2305402,1045.52077886,1014.47441767,1020.25633109,1037.60207135,1808132,147960207.18,0.375,-1.6717,1,0
2022-01-26,sz.300628,1020.25633109,1028.42642614,999.64255281,1016.61121176,1020.25633109,1356532,109348154.3,0.2813,-0.3573,1,0
2022-01-27,sz.300628,1020.38202486,1022.14173764,999.2654715,1005.55016,1016.61121176,1488487,119538288.11,0.3087,-1.088,1,0
2022-01-28,sz.300628,1013.72025505,1027.29518221,982.04542501,984.1822191,1005.55016,1488195,117841930.92,0.3086,-2.125,1,0
2022-02-07,sz.300628,998.0085338,1018.119537,980.411406,983.55375025,984.1822191,1459625,115119102.44,0.3027,-0.0639,1,0
2022-02-08,sz.300628,983.55375025,991.09537645,943.33174385,949.23935104,983.55375025,2573009,194919511.14,0.5336,-3.4888,1,0
2022-02-09,sz.300628,947.10255695,953.51293922,930.88806062,945.59423171,949.23935104,2152662,160820957.47,0.4464,-0.384,1,0
2022-02-10,sz.300628,945.71992548,959.29485264,934.65887372,945.71992548,945.59423171,2487407,187772668.94,0.5158,0.0133,1,0
2022-02-11,sz.300628,943.33174385,966.33370376,931.89361078,939.81231829,945.71992548,1775856,133902362.76,0.3683,-0.6247,1,0
2022-02-14,sz.300628,935.41303634,972.74408603,931.13944816,948.48518842,939.81231829,2007159,152553783.27,0.4162,0.9228,1,0
2022-02-15,sz.300628,958.79207756,964.69968475,935.91581142,960.92887165,948.48518842,1670516,126416202.24,0.3464,1.312,1,0
2022-02-16,sz.300628,964.95107229,970.3559044,950.99906382,952.7587766,960.92887165,1047840,79993624.59,0.2173,-0.8502,1,0
2022-02-17,sz.300628,952.7587766,952.7587766,931.13944816,934.91026126,952.7587766,2038542,152115257.04,0.4228,-1.8734,1,0
2022-02-18,sz.300628,935.66442388,941.57203107,918.8214587,930.51097931,934.91026126,1736564,128262643.35,0.3601,-0.4706,1,0
2022-02-21,sz.300628,922.71796557,945.2171504,920.70686525,941.94911238,930.51097931,1249544,93352097.31,0.2591,1.2292,1,0
2022-02-22,sz.300628,941.82341861,941.82341861,903.48681876,917.564521,941.94911238,3229131,234850192.9,0.6697,-2.5887,1,0
2022-02-23,sz.300628,914.79925806,959.79762772,909.77150726,950.62198251,917.564521,3235490,243070057.25,0.671,3.6027,1,0
2022-02-24,sz.300628,953.13585791,962.43719689,929.63112292,937.92691174,950.62198251,1951174,146945620.53,0.4046,-1.3354,1,0
2022-02-25,sz.300628,943.9602127,962.18580935,942.82896877,952.13030775,937.92691174,1819910,138361745.91,0.3774,1.5143,1,0
2022-02-28,sz.300628,958.91777133,971.6128421,925.1061472,960.55179034,952.13030775,2165435,164657547.0,0.4491,0.8845,1,0
2022-03-01,sz.300628,959.42054641,1018.119537,959.42054641,1003.0362846,960.55179034,3581698,284121024.0,0.7428,4.4229,1,0
2022-03-02,sz.300628,991.7238453,1009.3209731,986.6960945,1001.7793469,1003.0362846,1402705,111382234.0,0.2909,-0.1253,1,0
2022-03-03,sz.300628,1005.55016,1020.6334124,991.97523284,1002.53350952,1001.7793469,1524814,122157922.0,0.3162,0.0753,1,0
2022-03-04,sz.300628,996.87728987,1024.4042255,996.87728987,1010.5779108,1002.53350952,1660569,134269678.0,0.3444,0.8024,1,0
2022-03-07,sz.300628,1010.70360457,1019.25078093,983.17666894,1016.35982422,1010.5779108,2124884,170617292.0,0.4407,0.5721,1,0
2022-03-08,sz.300628,1018.119537,1030.688914,1006.17862885,1013.72025505,1016.35982422,2587675,209475152.0,0.5366,-0.2597,1,0
2022-03-09,sz.300628,1014.09733636,1016.35982422,974.25241127,987.70164466,1013.72025505,2163180,170851368.0,0.4486,-2.5666,1,0
2022-03-10,sz.300628,1005.67585377,1009.06958556,964.0712159,966.08231622,987.70164466,2219277,172250004.0,0.4602,-2.1889,1,0
2022-03-11,sz.300628,961.05456542,985.06207549,943.08035631,982.79958763,966.08231622,2642650,204209371.0,0.548,1.7304,1,0
2022-03-14,sz.300628,975.3836552,992.72939546,959.0434651,959.0434651,982.79958763,1671541,128981133.0,0.3466,-2.4172,1,0
2022-03-15,sz.300628,953.76432676,959.0434651,913.7937079,918.57007116,959.0434651,3283370,242300373.0,0.6809,-4.2202,1,0
2022-03-16,sz.300628,928.62557276,955.272652,894.68825486,940.31509337,918.57007116,2567391,188909389.0,0.5324,2.3673,1,0
2022-03-17,sz.300628,952.00461398,995.36896463,930.38528554,982.54820009,940.31509337,2230932,173353735.0,0.4626,4.4914,1,0
2022-03-18,sz.300628,976.76628667,982.17111878,956.27820216,965.07676606,982.54820009,1327549,102011398.8,0.2753,-1.7782,1,0
2022-03-21,sz.300628,974.1267175,1000.39671543,950.11920743,985.31346303,965.07676606,1476890,115926994.91,0.3063,2.0969,1,0
2022-03-22,sz.300628,980.411406,989.46135744,965.20245983,970.48159817,985.31346303,798530,61831577.68,0.1656,-1.5053,1,0
2022-03-23,sz.300628,977.39475552,977.8975306,956.27820216,959.92332149,970.48159817,965618,73881276.11,0.2002,-1.0879,1,0
2022-03-24,sz.300628,957.15805855,962.43719689,940.44078714,946.72547564,959.92332149,1085379,82102587.62,0.2251,-1.3749,1,0
2022-03-25,sz.300628,942.82896877,973.24686111,942.82896877,964.57399098,946.72547564,1427677,109482765.74,0.2961,1.8853,1,0
2022-03-28,sz.300628,952.7587766,980.411406,948.9879635,977.52044929,964.57399098,937204,71971191.89,0.1944,1.3422,1,0
2022-03-29,sz.300628,975.3836552,980.28571223,949.11365727,961.30595296,977.52044929,939371,71979635.49,0.1948,-1.6587,1,0
2022-03-30,sz.300628,961.43164673,1013.84594882,961.43164673,990.96968268,961.30595296,2389943,188918355.97,0.4956,3.0858,1,0
2022-03-31,sz.300628,981.29126239,990.84398891,974.1267175,977.26906175,990.96968268,823078,64027928.09,0.1707,-1.3825,1,0
2022-04-01,sz.300628,977.39475552,984.93638172,961.18025919,975.00657389,977.26906175,1202619,93091924.87,0.2494,-0.2315,1,0
2022-04-06,sz.300628,966.83647884,974.25241127,952.13030775,954.51848938,975.00657389,876889,66766074.52,0.1818,-2.1013,1,0
2022-04-07,sz.300628,948.9879635,966.33370376,938.30399305,938.68107436,954.51848938,1179114,88729351.04,0.2445,-1.6592,1,0
2022-04-08,sz.300628,936.16719896,989.46135744,931.64222324,987.9530322,938.68107436,2289338,176462777.87,0.4748,5.2491,1,0
2022-04-11,sz.300628,984.93638172,986.6960945,930.133898,936.04150519,987.9530322,2309856,175835816.78,0.479,-5.2545,1,0
2022-04-12,sz.300628,933.65332356,1004.04183476,933.65332356,1002.15642821,936.04150519,2891511,224860510.39,0.5996,7.0632,1,0
2022-04-13,sz.300628,992.60370169,1008.69250425,984.1822191,989.08427613,1002.15642821,1372389,108724456.54,0.2846,-1.3044,1,0
2022-04-14,sz.300628,981.79403747,988.45580728,941.19494976,942.57758123,989.08427613,2394191,181644185.19,0.4965,-4.702,1,0
2022-04-15,sz.300628,939.68662452,945.97131302,917.31313346,917.94160231,942.57758123,2028527,149675911.48,0.4207,-2.6137,1,0
2022-04-18,sz.300628,919.82700886,1001.52795936,911.65691381,994.11202693,917.94160231,3446412,266022218.81,0.7147,8.298,1,0
2022-04-19,sz.300628,996.7515961,996.7515961,970.48159817,980.411406,994.11202693,1664063,129893329.52,0.3451,-1.3782,1,0
2022-04-20,sz.300628,993.98633316,994.74049578,967.96772277,975.88643028,980.411406,1478679,115396625.74,0.3066,-0.4615,1,0
2022-04-21,sz.300628,967.46494769,975.3836552,943.33174385,949.99351366,975.88643028,1591272,121254633.58,0.33,-2.6533,1,0
2022-04-22,sz.300628,948.10810711,971.6128421,942.703275,955.272652,949.99351366,1559712,118504156.75,0.3235,0.5557,1,0
2022-04-25,sz.300628,954.51848938,1009.19527933,948.9879635,960.92887165,955.272652,4310258,338022404.5,0.8938,0.5921,1,0
2022-04-26,sz.300628,974.1267175,997.75714626,930.00820423,932.77346717,960.92887165,2915893,222627778.62,0.6046,-2.93,1,0
2022-04-27,sz.300628,937.42413666,948.86226973,920.20409017,945.71992548,932.77346717,2551180,190270435.94,0.529,1.388,1,0
2022-04-28,sz.300628,937.04705535,942.57758123,913.7937079,938.80676813,945.71992548,1975969,146487478.62,0.4097,-0.731,1,0
2022-04-29,sz.300628,944.84006909,977.8975306,931.13944816,975.13226766,938.80676813,2811806,215426250.55,0.5831,3.8693,1,0
2022-05-05,sz.300628,970.3559044,995.4946584,942.703275,951.75322644,975.13226766,2780373,212072608.15,0.5765,-2.3975,1,0
2022-05-06,sz.300628,946.72547564,946.72547564,921.08394656,932.39638586,951.75322644,2655048,196195262.98,0.5505,-2.0338,1,0
2022-05-09,sz.300628,926.3630849,933.77901733,917.564521,929.63112292,932.39638586,1340217,98753841.5,0.2779,-0.2966,1,0
2022-05-10,sz.300628,929.63112292,937.6755242,918.19298985,923.97490327,929.63112292,2253518,165980886.87,0.4673,-0.6084,1,0
2022-05-11,sz.300628,925.1061472,939.43523698,917.31313346,922.46657803,923.97490327,3582812,263085236.18,0.7429,-0.1632,1,0
2022-05-12,sz.300628,921.46102787,923.97490327,891.92299192,909.26873218,922.46657803,3140591,226106204.3,0.6512,-1.4307,1,0
2022-05-13,sz.300628,909.26873218,937.6755242,905.37222531,927.74571637,909.26873218,2644426,194877184.01,0.5483,2.0321,1,0
2022-05-16,sz.300628,928.49987899,930.133898,904.995144,908.01179448,927.74571637,2280238,165485141.48,0.4728,-2.1271,1,0
2022-05-17,sz.300628,910.77705742,910.77705742,894.9396424,903.10973745,908.01179448,1655267,118547731.47,0.3432,-0.5399,1,0
2022-05-18,sz.300628,903.10973745,925.23184097,896.95074272,911.90830135,903.10973745,1279448,92832128.68,0.2653,0.9743,1,0
2022-05-19,sz.300628,899.46461812,921.20964033,896.44796764,916.3075833,911.90830135,1149402,83358702.59,0.2383,0.4824,1,0
2022-05-20,sz.300628,916.3075833,933.02485471,911.2798325,926.74016621,916.3075833,1538206,113281479.22,0.319,1.1385,1,0
2022-05-23,sz.300628,928.24849145,932.01930455,916.05619576,920.0783964,926.74016621,1095712,80320838.52,0.2272,-0.7188,1,0
2022-05-24,sz.300628,924.98045343,933.65332356,912.5367702,912.91385151,920.0783964,1594765,117245678.07,0.3307,-0.7787,1,0
2022-05-25,sz.300628,911.2798325,922.21519049,905.62361285,915.55342068,912.91385151,891487,64995904.91,0.1849,0.2891,1,0
2022-05-26,sz.300628,920.32978394,921.46102787,898.7104555,912.5367702,915.55342068,945364,68343639.5,0.196,-0.3295,1,0
2022-05-27,sz.300628,916.68466461,923.8492095,905.74930662,910.27428234,912.5367702,820213,59660472.84,0.1701,-0.2479,1,0
2022-05-30,sz.300628,910.27428234,933.27624225,900.21878074,925.60892228,910.27428234,1953086,143347526.86,0.405,1.6846,1,0
2022-05-31,sz.300628,929.54813875,946.7031625,921.41538675,939.5870045,925.608837,1725817,127683311.19,0.3579,1.5102,1,0
2022-06-01,sz.300628,941.1118955,971.99093825,934.63110875,965.5101515,939.5870045,2559718,193383105.38,0.5308,2.759,1,0
2022-06-02,sz.300628,953.18394925,994.35600625,953.18394925,991.30622425,965.5101515,2198997,170602093.45,0.456,2.6718,1,0
2022-06-06,sz.300628,984.3171405,995.37260025,978.85294775,983.554695,991.30622425,2153894,167240351.58,0.4466,-0.782,1,0
2022-06-07,sz.300628,979.996616,995.62674875,978.471725,988.76473925,983.554695,1337188,104057623.26,0.2773,0.5297,1,0
2022-06-08,sz.300628,991.17915,998.295308,976.438537,991.687447,988.76473925,1881924,146305366.08,0.3902,0.2956,1,0
2022-06-09,sz.300628,982.029804,1002.6158325,976.946834,986.604477,991.687447,1284415,99645815.66,0.2663,-0.5126,1,0
2022-06-10,sz.300628,989.01888775,998.803605,968.305785,991.17915,986.604477,2913973,226414471.95,0.6042,0.4637,1,0
2022-06-13,sz.300628,990.162556,992.4498925,969.0682305,980.63198725,991.17915,1787136,137523825.56,0.3706,-1.0641,1,0
2022-06-14,sz.300628,980.37783875,980.37783875,956.614954,972.1180125,980.63198725,1493854,113577880.42,0.3098,-0.8682,1,0
2022-06-15,sz.300628,971.99093825,982.2839525,962.33329525,963.222815,972.1180125,1515566,116039978.42,0.3143,-0.915,1,0
2022-06-16,sz.300628,969.5765275,972.1180125,946.7031625,954.073469,963.222815,2020892,152289498.64,0.4191,-0.9499,1,0
2022-06-17,sz.300628,954.073469,973.00753225,946.7031625,951.023687,954.073469,2181809,163754933.95,0.4524,-0.3197,1,0
2022-06-20,sz.300628,951.023687,954.70884025,932.9791435,938.95163325,951.023687,3295467,243716664.06,0.6833,-1.2694,1,0
2022-06-21,sz.300628,938.824559,941.49311825,924.8463915,932.59792075,938.95163325,2266502,165924887.33,0.47,-0.6767,1,0
2022-06-22,sz.300628,936.5372225,940.34945,908.5808875,910.48700125,932.59792075,2549523,183891521.57,0.5287,-2.3709,1,0
2022-06-23,sz.300628,908.5808875,925.8629855,900.9564325,923.575649,910.48700125,2202364,158369922.94,0.4567,1.4375,1,0
2022-06-24,sz.300628,928.78569325,954.073469,921.41538675,949.88001875,923.575649,2893889,215318334.75,0.6001,2.8481,1,0
2022-06-27,sz.300628,953.056875,963.85818625,944.1616775,962.58744375,949.88001875,2261154,170462724.42,0.4689,1.3378,1,0
2022-06-28,sz.300628,959.53766175,996.89749125,952.8027265,992.32281825,962.58744375,2958087,228984085.24,0.6134,3.0891,1,0
2022-06-29,sz.300628,991.17915,1002.361684,982.2839525,985.3337345,992.32281825,1866763,145769941.71,0.3871,-0.7043,1,0
2022-06-30,sz.300628,983.554695,997.15163975,963.222815,967.67041375,985.3337345,2941808,226117212.82,0.61,-1.7926,1,0
2022-07-01,sz.300628,970.46604725,984.44421475,919.2551245,928.27739625,967.67041375,3629859,269221556.24,0.7527,-4.0709,1,0
2022-07-04,sz.300628,940.34945,942.25556375,913.6638575,923.70272325,928.27739625,4744994,343886640.23,0.9839,-0.4928,1,0
2022-07-05,sz.300628,927.51495075,946.1948655,913.02848625,921.16123825,923.70272325,3580503,260005923.49,0.7425,-0.2751,1,0
2022-07-06,sz.300628,919.7634215,958.139845,916.2053425,952.2944295,921.16123825,4567441,337883352.22,0.9471,3.3798,1,0
2022-07-07,sz.300628,947.84683075,968.0516365,933.61451475,936.66429675,952.2944295,2014241,149635671.78,0.4177,-1.6413,1,0
2022-07-08,sz.300628,938.5704105,943.907529,918.87390175,920.2717185,936.66429675,1773870,129513129.04,0.3465,-1.7501,1,0
2022-07-11,sz.300628,921.2883125,933.9957375,911.1223725,913.28263475,920.2717185,2402356,173430574.07,0.4677,-0.7595,1,0
2022-07-12,sz.300628,913.28263475,918.11145625,857.7511875,859.7843755,913.28263475,5541405,383081714.16,1.0789,-5.8578,1,0
2022-07-13,sz.300628,898.669096,954.3276175,888.2490075,953.056875,859.7843755,8664438,633203493.83,1.6869,10.8484,1,0
2022-07-14,sz.300628,961.82499825,991.17915,940.34945,947.08438525,953.056875,4534846,343634885.14,0.8829,-0.6267,1,0
2022-07-15,sz.300628,965.5101515,965.7643,924.8463915,927.642025,947.08438525,2706441,200081477.95,0.5269,-2.0529,1,0
2022-07-18,sz.300628,923.067352,932.724995,902.227175,921.2883125,927.642025,3053984,220424246.27,0.5946,-0.6849,1,0
2022-07-19,sz.300628,925.3546885,954.3276175,911.1223725,942.890935,921.2883125,2513275,185917900.49,0.4893,2.3448,1,0
2022-07-20,sz.300628,940.34945,955.47128575,934.12281175,951.7861325,942.890935,1942411,144943046.7,0.3782,0.9434,1,0
2022-07-21,sz.300628,948.60927625,968.94115625,948.60927625,957.8856965,951.7861325,1586557,120193165.39,0.3089,0.6409,1,0
2022-07-22,sz.300628,959.53766175,979.7424675,953.3110235,962.33329525,957.8856965,2421643,184518259.36,0.4715,0.4643,1,0
2022-07-25,sz.300628,969.44945325,969.44945325,946.7031625,958.648142,962.33329525,1225900,92395795.0,0.2387,-0.3829,1,0
2022-07-26,sz.300628,965.7643,978.34465075,952.2944295,957.50447375,958.648142,1088680,82486285.8,0.212,-0.1193,1,0
2022-07-27,sz.300628,961.57084975,966.39967125,948.86342475,958.648142,957.50447375,904765,68252854.19,0.1762,0.1194,1,0
2022-07-28,sz.300628,963.85818625,981.90272975,958.648142,973.00753225,958.648142,2039281,156723654.47,0.397,1.4979,1,0
2022-07-29,sz.300628,977.2009825,981.01321,957.3773995,964.62063175,973.00753225,1533244,116610073.73,0.2985,-0.862,1,0
2022-08-01,sz.300628,960.80840425,972.1180125,941.23896975,955.59836,964.62063175,1858650,139326097.5,0.3619,-0.9353,1,0
2022-08-02,sz.300628,953.18394925,967.5433395,944.924123,960.4271815,955.59836,2066567,156005716.19,0.4024,0.5053,1,0
2022-08-03,sz.300628,953.94639475,974.1512005,949.2446475,955.47128575,960.4271815,1931712,145989844.88,0.3761,-0.516,1,0
2022-08-04,sz.300628,956.23373125,960.173033,938.824559,946.449014,955.47128575,1070504,79770191.27,0.2084,-0.9443,1,0
2022-08-05,sz.300628,951.023687,970.5931215,943.52630625,962.58744375,946.449014,1639017,123870637.88,0.3191,1.7052,1,0
2022-08-08,sz.300628,960.04595875,972.372161,937.5538165,955.21713725,962.58744375,2488608,186599594.16,0.4845,-0.7657,1,0
2022-08-09,sz.300628,950.51539,967.797488,941.49311825,962.84159225,955.21713725,1678156,126023377.46,0.3267,0.7982,1,0
2022-08-10,sz.300628,960.68133,969.830676,940.6035985,947.7197565,962.84159225,1198559,89728537.19,0.2334,-1.5705,1,0
2022-08-11,sz.300628,956.74202825,981.521507,944.54290025,969.830676,947.7197565,2038641,155012631.69,0.3969,2.3331,1,0
2022-08-12,sz.300628,978.471725,978.471725,955.3442115,964.4935575,969.830676,1262157,95996955.95,0.2457,-0.5503,1,0
2022-08-15,sz.300628,962.58744375,963.222815,941.6201925,947.465608,964.4935575,2179890,162515020.57,0.4244,-1.7655,1,0
2022-08-16,sz.300628,944.6699745,950.51539,929.9293615,934.249886,947.465608,2594969,191232761.22,0.5052,-1.3948,1,0
2022-08-17,sz.300628,932.4708465,938.824559,925.8629855,935.39355425,934.249886,1658693,121430414.46,0.3229,0.1224,1,0
2022-08-18,sz.300628,932.34377225,939.841153,927.642025,935.90185125,935.39355425,901553,66310624.92,0.1755,0.0543,1,0
2022-08-19,sz.300628,940.0953015,946.449014,920.2717185,923.3215005,935.90185125,1584961,115709104.04,0.3086,-1.3442,1,0
2022-08-22,sz.300628,919.509273,945.55949425,914.9346,942.6367865,923.3215005,1714869,126190454.65,0.3339,2.0919,1,0
2022-08-23,sz.300628,940.34945,950.2612415,915.06167425,925.8629855,942.6367865,2095775,152713939.35,0.408,-1.7795,1,0
2022-08-24,sz.300628,925.8629855,931.83547525,912.26604075,913.79093175,925.8629855,1095043,78997089.41,0.2132,-1.3039,1,0
2022-08-25,sz.300628,916.2053425,921.2883125,896.127611,903.243769,913.79093175,1154603,82065113.05,0.2248,-1.1542,1,0
2022-08-26,sz.300628,912.26604075,914.6804515,891.8070865,900.702284,903.243769,1406560,99853425.11,0.2739,-0.2814,1,0
2022-08-29,sz.300628,900.9564325,905.40403125,878.21014175,891.552938,900.702284,2880335,201410334.12,0.5608,-1.0158,1,0
2022-08-30,sz.300628,896.127611,914.9346,888.2490075,895.619314,891.552938,2072442,146569891.02,0.4035,0.4561,1,0
2022-08-31,sz.300628,891.42586375,914.80752575,890.536344,908.326739,895.619314,2980454,212489597.92,0.5803,1.4188,1,0
2022-09-01,sz.300628,908.19966475,921.034164,902.10010075,906.0394025,908.326739,1539754,110416512.71,0.2998,-0.2518,1,0
2022-09-02,sz.300628,909.97870425,937.807965,902.35424925,933.36036625,906.0394025,2460408,179967303.65,0.479,3.0154,1,0
2022-09-05,sz.300628,933.36036625,937.299668,908.0725905,912.901412,933.36036625,1607364,115827268.16,0.3129,-2.192,1,0
2022-09-06,sz.300628,914.55337725,924.592243,903.37084325,913.53678325,912.901412,2077505,149005000.44,0.4045,0.0696,1,0
2022-09-07,sz.300628,910.99529825,923.575649,907.43721925,917.85730775,913.53678325,1190518,86085152.1,0.2318,0.4729,1,0
2022-09-08,sz.300628,918.7468275,920.65294125,903.62499175,918.7468275,917.85730775,1167191,83921796.39,0.2272,0.0969,1,0
2022-09-09,sz.300628,914.9346,917.476085,900.32106125,905.5311055,918.7468275,1271766,90676880.36,0.2476,-1.4385,1,0
2022-09-13,sz.300628,913.1555605,929.675213,902.9896205,926.75250525,905.5311055,1789565,129514267.98,0.3484,2.3435,1,0
2022-09-14,sz.300628,918.7468275,925.3546885,877.5747705,882.403592,926.75250525,3507070,245783344.74,0.6828,-4.7854,1,0
2022-09-15,sz.300628,885.7075225,893.077829,864.3590485,869.06079575,882.403592,1796891,123651017.26,0.3498,-1.5121,1,0
2022-09-16,sz.300628,869.696167,880.49747825,864.1049,864.1049,869.06079575,1328536,91025366.51,0.2587,-0.5703,1,0
2022-09-19,sz.300628,864.1049,870.33153825,853.1765145,857.36996475,864.1049,1425585,96371254.43,0.2776,-0.7794,1,0
2022-09-20,sz.300628,859.2760785,860.038524,827.2533675,836.78393625,857.36996475,1772358,117056761.67,0.3451,-2.4011,1,0
2022-09-21,sz.300628,838.05467875,838.30882725,813.0210515,815.816685,836.78393625,2306302,149025615.58,0.449,-2.5057,1,0
2022-09-22,sz.300628,815.816685,817.72279875,794.2140625,806.667339,815.816685,2418838,153527778.46,0.4709,-1.1215,1,0
2022-09-23,sz.300628,807.683933,810.60664075,789.51231525,794.84943375,806.667339,1561937,98056941.72,0.3041,-1.465,1,0
2022-09-26,sz.300628,784.42934525,804.76122525,776.4236675,798.02629,794.84943375,2289148,143795991.3,0.4457,0.3997,1,0
2022-09-27,sz.300628,802.47388875,825.85555075,797.7721415,821.407952,798.02629,1904511,122274582.5,0.3708,2.9299,1,0
2022-09-28,sz.300628,822.29747175,822.29747175,803.10926,804.50707675,821.407952,1710283,108751782.17,0.333,-2.0575,1,0
2022-09-29,sz.300628,811.11493775,819.6289125,799.042884,803.617557,804.50707675,1300653,82755193.09,0.2532,-0.1106,1,0
2022-09-30,sz.300628,803.10926,822.1703975,796.88262175,800.567775,803.617557,1843865,116986416.76,0.359,-0.3795,1,0
2022-10-10,sz.300628,800.69484925,820.77258075,786.5896075,791.6725775,800.567775,2965130,187505619.91,0.5773,-1.1111,1,0
2022-10-11,sz.300628,790.6559835,794.08698825,775.27999925,782.269083,791.6725775,2129001,131150811.11,0.4145,-1.1878,1,0
2022-10-12,sz.300628,776.29659325,793.7057655,762.4455,792.30794875,782.269083,2381819,145244675.97,0.4637,1.2833,1,0
2022-10-13,sz.300628,790.27476075,821.407952,787.86035,816.833279,792.30794875,2206886,141132102.9,0.4297,3.0954,1,0
2022-10-14,sz.300628,824.58480825,838.4359015,809.4629725,813.14812575,816.833279,2787022,179103338.99,0.5426,-0.4512,1,0
2022-10-17,sz.300628,819.6289125,835.8944165,811.750309,828.39703575,813.14812575,2324685,150896058.89,0.4526,1.8753,1,0
2022-10-18,sz.300628,832.97170875,839.83371825,826.490922,834.75074825,828.39703575,2387620,156915714.89,0.4649,0.767,1,0
2022-10-19,sz.300628,831.8280405,838.4359015,822.04332325,832.20926325,834.75074825,1953198,127948231.92,0.3803,-0.3045,1,0
2022-10-20,sz.300628,835.51319375,848.85599,824.7118825,838.4359015,832.20926325,2037591,134296194.24,0.3967,0.7482,1,0
2022-10-21,sz.300628,832.3363375,846.314505,821.916249,839.198347,838.4359015,2012382,132261883.48,0.3918,0.0909,1,0
2022-10-24,sz.300628,841.4856835,857.11581625,821.6621005,827.2533675,839.198347,1698186,111615392.94,0.3306,-1.4234,1,0
2022-10-25,sz.300628,822.04332325,840.9773865,821.916249,832.97170875,827.2533675,1711458,112160986.35,0.3332,0.6912,1,0
2022-10-26,sz.300628,838.69005,849.74550975,831.065595,843.0105745,832.97170875,1806943,119858644.36,0.3518,1.2052,1,0
2022-10-27,sz.300628,847.331099,853.04944025,832.3363375,836.78393625,843.0105745,1545513,102445196.8,0.3009,-0.7386,1,0
2022-10-28,sz.300628,836.78393625,856.35337075,831.19266925,844.281317,836.78393625,2018442,134613050.33,0.393,0.896,1,0
2022-10-31,sz.300628,827.12629325,875.5415825,827.12629325,875.287434,844.281317,3150930,213493170.54,0.6135,3.6725,1,0
2022-11-01,sz.300628,875.287434,876.43110225,831.70096625,855.2097025,875.287434,3659871,242844229.28,0.7126,-2.2938,1,0
2022-11-02,sz.300628,848.85599,867.79005325,843.13764875,858.38655875,855.2097025,2309804,155979839.99,0.4497,0.3715,1,0
2022-11-03,sz.300628,852.922366,893.3319775,852.6682175,892.69660625,858.38655875,2576041,179313787.44,0.5016,3.997,1,0
2022-11-04,sz.300628,884.81800275,895.619314,875.41450825,883.80140875,892.69660625,1651858,114821450.62,0.3216,-0.9964,1,0
2022-11-07,sz.300628,881.6411465,891.42586375,860.2926725,873.38132025,883.80140875,1771561,121436619.82,0.3449,-1.179,1,0
2022-11-08,sz.300628,874.0166915,875.41450825,851.6516235,866.01101375,873.38132025,1394106,94105777.56,0.2714,-0.8439,1,0
2022-11-09,sz.300628,861.18219225,868.55249875,853.6848115,855.972148,866.01101375,1025037,69193257.01,0.1996,-1.1592,1,0
2022-11-10,sz.300628,862.3258605,867.9171275,848.85599,855.08262825,855.972148,1162275,78271047.76,0.2263,-0.1039,1,0
2022-11-11,sz.300628,877.19354775,879.35381,849.872584,858.7677815,855.08262825,1700852,114978161.22,0.3312,0.431,1,0
2022-11-14,sz.300628,860.2926725,875.5415825,854.82847975,861.18219225,858.7677815,1247482,84567295.94,0.2429,0.2811,1,0
2022-11-15,sz.300628,858.005336,881.00577525,857.7511875,871.729355,861.18219225,1510548,103510272.02,0.2941,1.2247,1,0
2022-11-16,sz.300628,868.55249875,884.43678,855.84507375,868.4254245,871.729355,1658347,113343676.92,0.3229,-0.379,1,0
2022-11-17,sz.300628,862.580009,876.812325,856.2262965,869.56909275,868.4254245,1156036,78591119.68,0.2251,0.1317,1,0
2022-11-18,sz.300628,869.56909275,891.8070865,867.02760775,879.35381,869.56909275,2132663,148009412.79,0.4152,1.1252,1,0
2022-11-21,sz.300628,872.745949,876.812325,851.6516235,857.7511875,879.35381,1458006,98678612.29,0.2839,-2.4566,1,0
2022-11-22,sz.300628,864.1049,865.8839395,849.99965825,850.889178,857.7511875,1209600,81466747.51,0.2355,-0.8,1,0
2022-11-23,sz.300628,846.44157925,856.7345935,829.7948525,831.065595,850.889178,1871181,123053993.98,0.3643,-2.3297,1,0
2022-11-24,sz.300628,829.540704,849.49136125,821.02672925,824.58480825,831.065595,1358052,88757270.99,0.2644,-0.7798,1,0
2022-11-25,sz.300628,825.7284765,831.065595,816.96035325,826.999219,824.58480825,908930,59116891.81,0.177,0.2928,1,0
2022-11-28,sz.300628,821.53502625,829.540704,805.52367075,815.43546225,826.999219,1207368,77600124.55,0.2351,-1.3983,1,0
2022-11-29,sz.300628,819.6289125,828.52411,813.783497,820.51843225,815.43546225,1144660,74050530.58,0.2229,0.6233,1,0
2022-11-30,sz.300628,819.75598675,821.916249,804.634151,808.700527,820.51843225,3351420,213683569.08,0.6525,-1.4403,1,0
2022-12-01,sz.300628,813.2752,829.7948525,813.2752,817.5957245,808.700527,1983897,128114499.59,0.3863,1.0999,1,0
2022-12-02,sz.300628,813.40227425,825.982625,800.567775,815.816685,817.5957245,1699121,109316512.5,0.3308,-0.2176,1,0
2022-12-05,sz.300628,809.9712695,825.982625,809.4629725,813.5293485,815.816685,1965792,126071109.67,0.3827,-0.2804,1,0
2022-12-06,sz.300628,814.800091,819.1206155,803.3634085,809.59004675,813.5293485,2012206,128325037.47,0.3918,-0.4842,1,0
2022-12-07,sz.300628,803.74463125,812.5127545,797.7721415,807.683933,809.59004675,1945933,123183587.63,0.3789,-0.2354,1,0
2022-12-08,sz.300628,806.9214875,810.733715,791.6725775,794.84943375,807.683933,1852021,116386451.37,0.3606,-1.589,1,0
2022-12-09,sz.300628,791.6725775,798.66166125,790.6559835,798.15336425,794.84943375,1508016,94323704.74,0.2936,0.4157,1,0
2022-12-12,sz.300628,791.926726,806.4131905,787.86035,793.07039425,798.15336425,2412119,150566104.56,0.4697,-0.6368,1,0
2022-12-13,sz.300628,789.1310925,796.37432475,783.92104825,787.47912725,793.07039425,1391378,86317874.87,0.2709,-0.705,1,0
2022-12-14,sz.300628,787.86035,794.08698825,776.169519,777.9485585,787.47912725,1227630,75625699.85,0.239,-1.2103,1,0
2022-12-15,sz.300628,778.4568555,784.68349375,774.00925675,778.07563275,777.9485585,1424622,87289669.57,0.2774,0.0163,1,0
2022-12-16,sz.300628,768.7992125,777.31318725,756.0917875,764.478688,778.07563275,2723222,163554876.47,0.5302,-1.7475,1,0
2022-12-19,sz.300628,761.30183175,773.8821825,750.754669,759.26864375,764.478688,2413589,144774161.22,0.4699,-0.6815,1,0
2022-12-20,sz.300628,759.904015,768.92628675,752.40663425,760.53938625,759.26864375,2215794,132607900.59,0.4314,0.1674,1,0
2022-12-21,sz.300628,760.53938625,767.2743215,748.213184,750.754669,760.53938625,1551107,92364604.27,0.302,-1.2865,1,0
2022-12-22,sz.300628,753.804451,760.53938625,748.59440675,750.88174325,750.754669,876735,52043347.11,0.1707,0.0169,1,0
2022-12-23,sz.300628,753.42322825,754.5668965,739.063838,742.11362,750.88174325,858737,50429997.15,0.1672,-1.1677,1,0
2022-12-26,sz.300628,743.25728825,751.64418875,737.03065,747.9590355,742.11362,1613815,94642304.33,0.3142,0.7877,1,0
2022-12-27,sz.300628,749.738075,765.36820775,744.27388225,759.6498665,747.9590355,1301205,77799466.53,0.2534,1.563,1,0
2022-12-28,sz.300628,760.1581635,760.412312,747.32366425,750.37344625,759.6498665,1551367,91820312.49,0.3021,-1.2211,1,0
2022-12-29,sz.300628,750.37344625,775.53414775,747.19659,765.87650475,750.37344625,2531336,152426185.16,0.4929,2.066,1,0
2022-12-30,sz.300628,768.7992125,791.6725775,762.4455,769.94288075,765.87650475,3142308,192352168.15,0.6118,0.5309,1,0
2023-01-03,sz.300628,769.94288075,775.152925,763.58916825,767.2743215,769.94288075,3549409,214459508.68,0.6911,-0.3466,1,0
2023-01-04,sz.300628,767.2743215,767.2743215,727.75422975,741.097026,767.2743215,4967804,290607207.3,0.9673,-3.4117,1,0
2023-01-05,sz.300628,738.93676375,758.379124,728.1354525,754.821045,741.097026,4258311,250080677.61,0.8291,1.8519,1,0
2023-01-06,sz.300628,752.27956,766.511876,746.9424415,750.11929775,754.821045,2609531,155245162.36,0.5081,-0.6229,1,0
2023-01-09,sz.300628,750.5005205,768.16384125,750.5005205,762.4455,750.11929775,3341032,200089342.41,0.6505,1.6432,1,0
2023-01-10,sz.300628,762.4455,770.069955,758.6332725,762.4455,762.4455,2193796,131598500.04,0.4271,0.0,1,0
2023-01-11,sz.300628,760.79353475,766.003579,753.296154,757.36253,762.4455,2536233,151645406.3,0.4938,-0.6667,1,0
2023-01-12,sz.300628,756.6000845,760.920609,748.4673325,757.48960425,757.36253,2310705,137357181.83,0.4499,0.0168,1,0
2023-01-13,sz.300628,763.84331675,775.27999925,755.837639,774.136331,757.48960425,3149410,190173936.48,0.6132,2.1976,1,0
2023-01-16,sz.300628,766.003579,773.24681125,755.837639,767.52847,774.136331,6831540,411604931.94,1.3301,-0.8536,1,0
2023-01-17,sz.300628,760.53938625,794.2140625,760.28523775,777.186113,767.52847,5146751,315458460.69,0.9985,1.2583,1,0
2023-01-18,sz.300628,781.5066375,784.68349375,764.478688,765.11405925,777.186113,3140546,190589140.37,0.6093,-1.5533,1,0
2023-01-19,sz.300628,762.82672275,784.5564195,761.30183175,783.5398255,765.11405925,3303244,201788070.86,0.6408,2.4082,1,0
2023-01-20,sz.300628,782.90445425,796.501399,778.9651525,787.86035,783.5398255,3182998,197822973.58,0.6175,0.5514,1,0
2023-01-30,sz.300628,794.2140625,800.44070075,790.02061225,793.57869125,787.86035,2830843,177236519.44,0.5492,0.7258,1,0
2023-01-31,sz.300628,791.79965175,793.959914,777.4402615,777.4402615,793.57869125,3185712,196034665.69,0.618,-2.0336,1,0
2023-02-01,sz.300628,778.711004,786.5896075,775.9153705,786.335459,777.4402615,3567968,218996283.71,0.6922,1.1442,1,0
2023-02-02,sz.300628,787.86035,800.3136265,783.15860275,784.302271,786.335459,2876830,178813666.41,0.5581,-0.2586,1,0
2023-02-03,sz.300628,787.73327575,804.125854,781.63371175,799.551181,784.302271,4049082,253802907.53,0.7855,1.9443,1,0
2023-02-06,sz.300628,795.7389535,806.4131905,783.92104825,786.5896075,799.551181,3046627,189957760.18,0.591,-1.6211,1,0
2023-02-07,sz.300628,791.418429,792.56209725,775.27999925,784.810568,786.5896075,3798596,234001841.27,0.7369,-0.2262,1,0
2023-02-08,sz.300628,784.42934525,792.435023,782.90445425,784.93764225,784.810568,2557405,158313588.61,0.4961,0.0162,1,0
2023-02-09,sz.300628,781.37956325,806.4131905,780.61711775,801.45729475,784.93764225,3081924,193231205.48,0.5979,2.1046,1,0
2023-02-10,sz.300628,803.10926,831.70096625,803.10926,814.291794,801.45729475,4384165,282437548.22,0.8505,1.6014,1,0
2023-02-13,sz.300628,814.291794,835.00489675,811.750309,832.3363375,814.291794,4946811,320898855.54,0.9597,2.216,1,0
2023-02-14,sz.300628,833.60708,833.73415425,814.291794,815.816685,832.3363375,3036401,195911181.39,0.5891,-1.9847,1,0
2023-02-15,sz.300628,821.02672925,951.531984,817.0874275,914.9346,815.816685,12659330,887184235.18,2.4559,12.1495,1,0
2023-02-16,sz.300628,940.34945,946.957311,886.469968,894.72979425,914.9346,9670054,698219847.55,1.876,-2.2083,1,0
2023-02-17,sz.300628,895.74638825,899.55861575,851.397475,861.563415,894.72979425,6058109,414002401.18,1.1753,-3.7069,1,0
2023-02-20,sz.300628,864.99441975,888.2490075,843.39179725,880.6245525,861.563415,5931938,406825755.73,1.1508,2.2124,1,0
2023-02-21,sz.300628,875.66865675,882.6577405,834.623674,842.88350025,880.6245525,5768061,385712555.82,1.119,-4.2857,1,0
2023-02-22,sz.300628,841.9939805,870.712761,836.4027135,862.3258605,842.88350025,3083537,207557067.3,0.5982,2.3066,1,0
2023-02-23,sz.300628,855.84507375,862.3258605,832.3363375,839.07127275,862.3258605,3562465,235810637.23,0.6911,-2.6967,1,0
2023-02-24,sz.300628,841.231535,848.85599,833.60708,839.07127275,839.07127275,2194074,145387861.16,0.4256,0.0,1,0
2023-02-27,sz.300628,841.35860925,863.8507515,833.3529315,841.4856835,839.07127275,3108503,208267423.22,0.603,0.2877,1,0
2023-02-28,sz.300628,851.27040075,863.596603,838.81712425,846.94987625,841.4856835,1895748,126652980.91,0.3678,0.6494,1,0
2023-03-01,sz.300628,843.90009425,879.98918125,842.62935175,876.17695375,846.94987625,5065431,347259004.57,0.9827,3.4509,1,0
2023-03-02,sz.300628,870.58568675,920.01757,866.646385,895.8734625,876.17695375,4986752,351870634.59,0.9674,2.248,1,0
2023-03-03,sz.300628,902.4813235,907.310145,871.221058,878.845513,895.8734625,2908891,201537779.5,0.5643,-1.9007,1,0
2023-03-06,sz.300628,874.90621125,886.85119075,869.31494425,870.58568675,878.845513,2585971,178180513.72,0.5017,-0.9398,1,0
2023-03-07,sz.300628,870.58568675,876.68525075,843.77302,845.42498525,870.58568675,2086080,140422817.62,0.4047,-2.8901,1,0
2023-03-08,sz.300628,854.955554,890.536344,851.52454925,880.75162675,845.42498525,4934754,339771941.59,0.9573,4.1786,1,0
2023-03-09,sz.300628,881.51407225,894.3485715,864.3590485,878.97258725,880.75162675,2897378,199645867.16,0.5621,-0.202,1,0
2023-03-10,sz.300628,872.61887475,886.7241165,860.67389525,861.43634075,878.97258725,1870474,128122212.23,0.3629,-1.9951,1,0
2023-03-13,sz.300628,860.038524,892.69660625,854.955554,875.66865675,861.43634075,4255387,292894268.24,0.8255,1.6522,1,0
2023-03-14,sz.300628,862.8341575,875.66865675,847.5852475,854.32018275,875.66865675,2632122,177582910.51,0.5106,-2.438,1,0
2023-03-15,sz.300628,862.3258605,917.476085,854.955554,857.62411325,854.32018275,4580366,318391442.52,0.8886,0.3867,1,0
2023-03-16,sz.300628,852.79529175,893.3319775,847.5852475,873.63546875,857.62411325,3873639,266587637.6,0.7515,1.8669,1,0
2023-03-17,sz.300628,914.9346,1048.3625625,914.9346,1012.14640125,873.63546875,18962832,1494635694.11,3.6788,15.8545,1,0
2023-03-20,sz.300628,1034.384395,1153.96126425,1012.14640125,1029.301425,1012.14640125,17625845,1472760916.89,3.4194,1.6949,1,0
2023-03-21,sz.300628,1036.79880575,1042.00885,983.046398,1003.886575,1029.301425,8383902,663124309.54,1.6265,-2.4691,1,0
2023-03-22,sz.300628,1006.80928275,1098.429817,999.311902,1080.131125,1003.886575,13332044,1117349991.2,2.5864,7.5949,1,0
2023-03-23,sz.300628,1050.3957505,1105.037678,1042.2629985,1080.76649625,1080.131125,8392539,707666564.02,1.6281,0.0588,1,0
2023-03-24,sz.300628,1078.8603825,1080.639422,1022.9477125,1034.892692,1080.76649625,9100068,747544577.86,1.7654,-4.2446,1,0
2023-03-27,sz.300628,1042.00885,1048.108414,973.1346065,1003.378278,1034.892692,11165169,878430098.35,2.166,-3.0452,1,0
2023-03-28,sz.300628,997.5328625,1001.21801575,954.20054325,959.28351325,1003.378278,7049404,537019371.59,1.3676,-4.3946,1,0
2023-03-29,sz.300628,954.3276175,986.604477,949.11757325,977.07390825,959.28351325,6993545,535285241.01,1.3567,1.8546,1,0
2023-03-30,sz.300628,973.51582925,980.7590615,951.531984,968.814082,977.07390825,4124085,313361947.41,0.8001,-0.8454,1,0
2023-03-31,sz.300628,969.19530475,969.19530475,940.0953015,965.89137425,968.814082,5392434,405241039.02,1.0461,-0.3017,1,0
2023-04-03,sz.300628,965.12892875,984.8254375,915.6970455,940.34945,965.89137425,12086160,891465221.14,2.3447,-2.6444,1,0
2023-04-04,sz.300628,940.34945,943.52630625,908.5808875,924.46516875,940.34945,7090890,516668668.58,1.3756,-1.6892,1,0
2023-04-06,sz.300628,919.89049575,923.575649,889.51975,896.127611,924.46516875,7733667,547096723.23,1.5003,-3.0653,1,0
2023-04-07,sz.300628,899.177393,924.083946,878.5913645,919.000976,896.127611,7591510,543345107.64,1.4727,2.5525,1,0
2023-04-10,sz.300628,914.9346,918.7468275,879.862107,881.386998,919.000976,5940230,417897523.26,1.1524,-4.0929,1,0
2023-04-11,sz.300628,881.6411465,888.7573045,872.61887475,876.68525075,881.386998,3512961,242869043.35,0.6815,-0.5334,1,0
2023-04-12,sz.300628,862.45293475,872.4918005,843.264723,858.13241025,876.68525075,6248060,423335832.61,1.2121,-2.1162,1,0
2023-04-13,sz.300628,855.08262825,855.08262825,809.4629725,813.40227425,858.13241025,7532566,489035833.24,1.4613,-5.2125,1,0
2023-04-14,sz.300628,818.23109575,820.26428375,805.9048935,805.9048935,813.40227425,3533547,225114195.49,0.6855,-0.9217,1,0
2023-04-17,sz.300628,805.9048935,805.9048935,782.65030575,786.5896075,805.9048935,5818363,362077167.04,1.1288,-2.3967,1,0
2023-04-18,sz.300628,787.86035,801.8385175,771.3406975,790.52890925,786.5896075,5731588,354835405.27,1.1119,0.5008,1,0
2023-04-19,sz.300628,785.44593925,806.9214875,784.17519675,791.54550325,790.52890925,5043305,316059040.38,0.9784,0.1286,1,0
2023-04-20,sz.300628,794.2140625,798.534587,779.9817465,787.352053,791.54550325,3759144,232369843.28,0.7293,-0.5298,1,0
2023-04-21,sz.300628,784.93764225,788.6227955,749.229778,749.9922235,787.352053,6862830,411311075.1,1.3314,-4.745,1,0
2023-04-24,sz.300628,762.4455,856.988742,762.4455,843.13764875,749.9922235,15438342,1006247598.94,2.995,12.4195,1,0
2023-04-25,sz.300628,826.36384775,847.0769505,789.1310925,813.91057125,843.13764875,7482244,478421098.1,1.4515,-3.4665,1,0
2023-04-26,sz.300628,816.70620475,849.74550975,812.0044575,816.833279,813.91057125,6430636,420150202.68,1.2475,0.3591,1,0
2023-04-27,sz.300628,810.9878635,819.6289125,789.1310925,812.258606,816.833279,4534123,286990721.08,0.8796,-0.56,1,0
2023-04-28,sz.300628,807.30271025,843.77302,803.23633425,837.80053025,812.258606,6031655,393318083.89,1.1701,3.1446,1,0
2023-05-04,sz.300628,834.8778225,835.8944165,791.418429,793.32454275,837.80053025,5117363,323556723.44,0.9928,-5.3087,1,0
2023-05-05,sz.300628,792.435023,806.9214875,782.65030575,789.00401825,793.32454275,2990923,186611996.29,0.5802,-0.5446,1,0
2023-05-08,sz.300628,787.86035,791.1642805,760.920609,766.7660245,789.00401825,6477424,391872309.92,1.2566,-2.8185,1,0
2023-05-09,sz.300628,767.2743215,777.69441,758.50619825,758.887421,766.7660245,2783367,167709465.46,0.54,-1.0275,1,0
2023-05-10,sz.300628,759.395718,761.30183175,719.240255,730.04156625,758.887421,8093651,466501753.15,1.5702,-3.8011,1,0
2023-05-11,sz.300628,729.914492,734.489165,710.599206,713.52191375,730.04156625,4847285,273435723.96,0.9404,-2.2628,1,0
2023-05-12,sz.300628,718.223661,719.240255,685.31143025,686.07387575,713.52191375,9142675,500259336.96,1.7737,-3.8468,1,0
2023-05-15,sz.300628,686.20095,708.18479525,686.07387575,706.53283,686.07387575,7029132,387399666.69,1.3636,2.982,1,0
2023-05-16,sz.300628,706.53283,706.65990425,689.5048805,696.875187,706.53283,4000334,218952533.83,0.7761,-1.3669,1,0
2023-05-17,sz.300628,697.383484,702.2123055,690.0131775,695.350296,696.875187,2493105,136637757.0,0.4837,-0.2188,1,0
2023-05-18,sz.300628,693.825405,703.2288995,692.5546625,697.1293355,695.350296,3631646,199413043.17,0.7045,0.2558,1,0
2023-05-19,sz.300628,692.93588525,702.59352825,691.41099425,698.908375,697.1293355,3372324,185320961.35,0.6542,0.2552,1,0
2023-05-22,sz.300628,700.05204325,707.8035725,692.5546625,693.44418225,698.908375,3387850,185820513.4,0.6572,-0.7818,1,0
2023-05-23,sz.300628,695.858593,700.30619175,690.14025175,690.39440025,693.44418225,2300876,125910139.22,0.4464,-0.4398,1,0
2023-05-24,sz.300628,690.0131775,697.383484,682.134574,690.64854875,690.39440025,2709622,147335455.26,0.5257,0.0368,1,0
2023-05-25,sz.300628,696.6210385,701.32278575,687.725841,698.908375,690.64854875,4650756,255310623.42,0.9022,1.196,1,0
2023-05-26,sz.300628,697.6376325,709.45553775,673.7476735,677.3057525,698.908375,4654150,250579248.95,0.9029,-3.0909,1,0
2023-05-29,sz.300628,684.4219105,696.1127415,678.068198,683.27824225,677.3057525,3678666,198354121.62,0.7137,0.8818,1,0
2023-05-30,sz.300628,679.3389405,685.4385045,667.902258,678.8306435,683.27824225,3699695,196889486.13,0.7177,-0.6509,1,0
2023-05-31,sz.300628,674.7642675,675.7808615,663.327585,673.493525,678.8306435,3935121,207353200.32,0.7634,-0.7862,1,0
2023-06-01,sz.300628,670.31666875,697.891781,667.902258,687.85291525,673.493525,4638150,250070604.36,0.8998,2.1321,1,0
2023-06-02,sz.300628,690.58685322,693.86755086,669.8091015,688.39972146,687.85293852,5359456,200554896.76,0.7427,0.0795,1,0
2023-06-05,sz.300628,689.8578093,726.85678824,681.29154324,717.01469532,688.39972146,15073896,591096738.56,2.0888,4.1567,1,0
2023-06-06,sz.300628,711.18234396,714.09851964,668.53327464,670.7204064,717.01469532,10673632,402324375.38,1.479,-6.4565,1,0
2023-06-07,sz.300628,665.98162092,674.00110404,656.139528,659.05570368,670.7204064,6736605,244779844.64,0.9335,-1.7391,1,0
2023-06-08,sz.300628,656.32178898,668.8977966,648.48456684,651.5830035,659.05570368,8137787,293204721.61,1.1277,-1.1338,1,0
2023-06-09,sz.300628,649.7603937,658.14439878,637.91343,649.7603937,651.5830035,8738328,308912160.72,1.2109,-0.2797,1,0
2023-06-12,sz.300628,647.026479,664.88805504,644.2925643,656.32178898,649.7603937,7278442,261589950.63,1.0086,1.0098,1,0
2023-06-13,sz.300628,655.95726702,690.40459224,648.48456684,679.10441148,656.32178898,8904752,328307863.75,1.2339,3.4713,1,0
2023-06-14,sz.300628,678.0108456,678.9221505,657.77987682,661.06057446,679.10441148,9964566,363727750.5,1.3808,-2.657,1,0
2023-06-15,sz.300628,669.44457954,705.16773162,662.70092328,686.39485068,661.06057446,15470518,584838772.35,2.1437,3.8324,1,0
2023-06-16,sz.300628,681.83832618,696.60146556,667.62196974,691.31589714,686.39485068,11680418,439433985.7,1.6186,0.7169,1,0
2023-06-19,sz.300628,688.9465044,688.9465044,653.4056133,677.82858462,691.31589714,12489118,460283143.86,1.7306,-1.951,1,0
2023-06-20,sz.300628,677.64632364,677.64632364,664.15901112,667.25744778,677.82858462,7466291,273864784.74,1.0346,-1.5596,1,0
2023-06-21,sz.300628,667.0751868,667.0751868,645.93291312,646.66195704,667.25744778,7003787,251261415.18,0.9705,-3.0866,1,0
2023-06-26,sz.300628,637.91343,640.82960568,614.2195026,622.96802964,646.66195704,9317838,319354700.61,1.2912,-3.664,1,0
2023-06-27,sz.300628,626.79551022,629.7116859,621.14541984,626.9777712,622.96802964,5051431,173303562.53,0.7,0.6437,1,0
2023-06-28,sz.300628,625.1551614,625.88420532,603.10158282,608.93393418,626.9777712,7389582,247623215.21,1.024,-2.8779,1,0
2023-06-29,sz.300628,605.65323654,621.69220278,605.65323654,615.1308075,608.93393418,4460359,150406459.31,0.6181,1.0177,1,0
2023-06-30,sz.300628,613.3081977,642.4699545,609.84523908,639.18925686,615.1308075,6355935,220558922.13,0.8807,3.9111,1,0
2023-07-03,sz.300628,643.01673744,646.1151741,627.8890761,629.34716394,639.18925686,6516056,226582987.41,0.9029,-1.5398,1,0
2023-07-04,sz.300628,628.800381,650.48943762,627.52455414,641.19412764,629.34716394,5224988,183506696.94,0.724,1.8824,1,0
2023-07-05,sz.300628,637.91343,642.83447646,627.16003218,630.6229908,641.19412764,4129712,143386675.69,0.5723,-1.6487,1,0
2023-07-06,sz.300628,627.16003218,641.37638862,624.79063944,625.51968336,630.6229908,3028989,104949807.19,0.4197,-0.8092,1,0
2023-07-07,sz.300628,626.24872728,627.70681512,612.21463182,616.0421124,625.51968336,4138925,140067920.25,0.5735,-1.5152,1,0
2023-07-10,sz.300628,616.0421124,628.800381,613.3081977,626.9777712,616.0421124,3724832,127584740.46,0.5137,1.7751,1,0
2023-07-11,sz.300628,626.24872728,637.0021251,622.05672474,634.2682104,626.9777712,3322755,114790279.37,0.4582,1.1628,1,0
2023-07-12,sz.300628,632.81012256,635.54403726,619.32281004,620.5986369,634.2682104,3570101,122861127.14,0.4924,-2.1552,1,0
2023-07-13,sz.300628,622.05672474,639.55377882,619.687332,636.27308118,620.5986369,4431577,153142235.5,0.6112,2.5257,1,0
2023-07-14,sz.300628,635.72629824,656.139528,634.2682104,639.18925686,636.27308118,6425227,227699680.61,0.8861,0.4583,1,0
2023-07-17,sz.300628,637.91343,702.98059986,637.91343,692.77398498,639.18925686,18959149,710019443.68,2.6146,8.3832,1,0
2023-07-18,sz.300628,690.95137518,695.50789968,670.90266738,689.12876538,692.77398498,11281665,422583705.33,1.5558,-0.5262,1,0
2023-07-19,sz.300628,701.704773,727.03904922,701.34025104,726.49226628,689.12876538,18560478,732127366.65,2.5597,5.4218,1,0
2023-07-20,sz.300628,719.74861002,738.156969,717.37921728,725.21643942,726.49226628,11619163,463714379.55,1.6024,-0.1756,1,0
2023-07-21,sz.300628,719.56634904,742.89575448,701.704773,729.9552249,725.21643942,10870201,430820727.19,1.4991,0.6534,1,0
2023-07-24,sz.300628,721.7534808,770.9639454,716.83243434,745.4474082,729.9552249,13673695,559875865.05,1.8857,2.1223,1,0
2023-07-25,sz.300628,750.9152376,758.38793778,724.30513452,732.32461764,745.4474082,11057784,445346401.1,1.525,-1.7604,1,0
2023-07-26,sz.300628,729.59070294,730.68426882,707.35486338,723.21156864,732.32461764,8591654,337991549.25,1.1849,-1.2444,1,0
2023-07-27,sz.300628,728.86165902,734.32948842,702.43381692,705.16773162,723.21156864,8997390,353102329.86,1.2408,-2.495,1,0
2023-07-28,sz.300628,701.52251202,718.65504414,694.4143338,714.09851964,705.16773162,6458939,250772333.37,0.8907,1.2665,1,0
2023-07-31,sz.300628,714.4630416,719.56634904,682.20284814,685.84806774,714.09851964,11291714,428639760.05,1.5572,-3.9561,1,0
2023-08-01,sz.300628,687.67067754,703.16286084,684.93676284,697.51277046,685.84806774,7111806,271937866.25,0.9808,1.7008,1,0
2023-08-02,sz.300628,692.591724,702.25155594,686.57711166,689.31102636,697.51277046,5720906,217577957.74,0.789,-1.1759,1,0
2023-08-03,sz.300628,688.9465044,694.77885576,674.91240894,679.65119442,689.31102636,5321242,198920847.22,0.7338,-1.4014,1,0
2023-08-04,sz.300628,679.10441148,683.11415304,665.252577,675.64145286,679.65119442,6597682,243414629.8,0.9099,-0.59,1,0
2023-08-07,sz.300628,676.73501874,684.57224088,669.8091015,681.6560652,675.64145286,6238598,232495238.21,0.8604,0.8902,1,0
2023-08-08,sz.300628,681.83832618,689.67554832,672.17849424,673.4543211,681.6560652,4030354,149873686.69,0.5558,-1.2032,1,0
2023-08-09,sz.300628,670.7204064,680.92702128,666.1638819,680.19797736,673.4543211,4594094,170176874.03,0.6336,1.0014,1,0
2023-08-10,sz.300628,676.37049678,679.46893344,668.8977966,673.4543211,680.19797736,2828383,104508894.38,0.3901,-0.9914,1,0
2023-08-11,sz.300628,673.63658208,677.82858462,654.49917918,654.49917918,673.4543211,3864852,140404860.38,0.533,-2.8146,1,0
2023-08-14,sz.300628,646.29743508,660.6960525,638.09569098,658.8734427,654.49917918,2565016,91822822.76,0.3537,0.6683,1,0
2023-08-15,sz.300628,659.05570368,663.06544524,641.5586496,644.83934724,658.8734427,3198021,113615217.38,0.441,-2.13,1,0
2023-08-16,sz.300628,640.82960568,646.1151741,632.4456006,633.17464452,644.83934724,3134876,109652011.91,0.4323,-1.8089,1,0
2023-08-17,sz.300628,628.25359806,648.8490888,627.34229316,645.02160822,633.17464452,3723457,130925372.28,0.5135,1.871,1,0
2023-08-18,sz.300628,641.37638862,647.9377839,633.17464452,633.17464452,645.02160822,2148231,75516720.63,0.2963,-1.8367,1,0
2023-08-21,sz.300628,635.72629824,649.7603937,630.80525178,640.82960568,633.17464452,3470652,122706692.96,0.4786,1.209,1,0
2023-08-22,sz.300628,647.026479,656.68631094,639.37151784,655.2282231,640.82960568,3719737,131953543.33,0.513,2.2469,1,0
2023-08-23,sz.300628,653.4056133,665.252577,649.7603937,653.04109134,655.2282231,4552618,164309935.15,0.6278,-0.3338,1,0
2023-08-24,sz.300628,657.77987682,663.4299672,650.6716986,659.42022564,653.04109134,2735030,98937921.41,0.3772,0.9768,1,0
2023-08-25,sz.300628,659.05570368,669.08005758,645.02160822,648.8490888,659.42022564,3236418,116532459.9,0.4463,-1.6031,1,0
2023-08-28,sz.300628,692.22720204,692.40946302,646.84421802,649.21361076,648.8490888,3642094,132732325.63,0.5023,0.0562,1,0
2023-08-29,sz.300628,644.65708626,675.45919188,644.65708626,674.365626,649.21361076,3908028,143054612.02,0.539,3.8742,1,0
2023-08-30,sz.300628,675.82371384,686.57711166,673.27206012,680.7447603,674.365626,3118257,116491601.85,0.43,0.9459,1,0
2023-08-31,sz.300628,679.10441148,687.1238946,674.365626,674.73014796,680.7447603,2704029,100777992.39,0.3729,-0.8835,1,0
2023-09-01,sz.300628,679.65119442,684.57224088,671.6317113,680.56249932,674.73014796,2558356,95406491.2,0.3528,0.8644,1,0
2023-09-04,sz.300628,683.11415304,688.76424342,679.10441148,686.75937264,680.56249932,2445514,91922351.04,0.3373,0.9106,1,0
2023-09-05,sz.300628,685.66580676,690.04007028,664.3412721,665.98162092,686.75937264,5049901,186569554.28,0.6964,-3.0255,1,0
2023-09-06,sz.300628,663.61222818,665.61709896,647.026479,659.60248662,665.98162092,3572900,127959705.08,0.4927,-0.9579,1,0
2023-09-07,sz.300628,657.59761584,657.59761584,637.91343,639.00699588,659.60248662,3700980,130623964.8,0.5104,-3.1224,1,0
2023-09-08,sz.300628,639.00699588,650.30717664,634.63273236,647.57326194,639.00699588,2009140,70924965.68,0.2779,1.3406,1,0
2023-09-11,sz.300628,647.026479,662.5186623,646.1151741,657.23309388,647.57326194,2792740,100315024.07,0.3863,1.4917,1,0
2023-09-12,sz.300628,656.139528,659.60248662,646.1151741,652.85883036,657.23309388,2868791,102622985.72,0.3968,-0.6656,1,0
2023-09-13,sz.300628,654.3169182,661.24283544,648.8490888,654.68144016,652.85883036,2765377,99353161.44,0.3825,0.2792,1,0
2023-09-14,sz.300628,654.3169182,699.51764124,654.3169182,691.86268008,654.68144016,10045371,376174834.53,1.3894,5.6793,1,0
2023-09-15,sz.300628,692.591724,697.69503144,683.478675,685.3012848,691.86268008,4864379,183730805.8,0.6728,-0.9484,1,0
2023-09-18,sz.300628,685.84806774,699.51764124,673.63658208,689.8578093,685.3012848,3749653,141982555.89,0.5186,0.6649,1,0
2023-09-19,sz.300628,688.0351995,695.87242164,678.0108456,681.47380422,689.8578093,2319547,86905082.63,0.3208,-1.2153,1,0
2023-09-20,sz.300628,676.1882358,682.02058716,667.43970876,667.80423072,681.47380422,2349585,86844313.81,0.325,-2.0059,1,0
2023-09-21,sz.300628,667.80423072,687.48841656,667.0751868,679.46893344,667.80423072,3748178,139716614.0,0.5184,1.7467,1,0
2023-09-22,sz.300628,676.00597482,700.61120712,674.365626,691.86268008,679.46893344,5669354,214992658.08,0.7841,1.824,1,0
2023-09-25,sz.300628,686.39485068,689.8578093,670.90266738,675.09466992,691.86268008,4321181,161043464.68,0.5977,-2.4236,1,0
2023-09-26,sz.300628,673.4543211,676.55275776,649.7603937,653.04109134,675.09466992,4221207,152238917.95,0.5838,-3.2667,1,0
2023-09-27,sz.300628,655.25918255,662.65279815,649.71397085,656.73790567,653.04109787,2592002,92077151.92,0.3585,0.5661,1,0
2023-09-28,sz.300628,657.47726723,670.04641375,655.62886333,658.77114996,656.73790567,2873180,102638591.3,0.3974,0.3096,1,0
2023-10-09,sz.300628,658.77114996,665.425404,647.31104578,661.91343659,658.77114996,3798036,135149156.99,0.5253,0.477,1,0
2023-10-10,sz.300628,663.5770001,693.1514625,662.28311737,687.6062508,661.91343659,6913238,256242299.87,0.9562,3.8816,1,0
2023-10-11,sz.300628,685.38816612,692.78178172,678.3642313,679.84295442,687.6062508,3747913,138935831.85,0.5184,-1.129,1,0
2023-10-12,sz.300628,682.61556027,683.53976222,667.64348868,673.92806194,679.84295442,2674980,97488771.0,0.37,-0.87,1,0
2023-10-13,sz.300628,672.07965804,678.17939091,667.2738079,675.77646584,673.92806194,2168885,79117884.95,0.3,0.2743,1,0
2023-10-16,sz.300628,677.80971013,679.47327364,663.02247893,674.29774272,675.77646584,2528440,91621808.2,0.3497,-0.2188,1,0
2023-10-17,sz.300628,671.70997726,681.13683715,663.39215971,668.01316946,674.29774272,2148429,77845085.66,0.2971,-0.932,1,0
2023-10-18,sz.300628,663.5770001,663.5770001,642.87487642,647.31104578,668.01316946,3149993,110568709.74,0.4357,-3.0991,1,0
2023-10-19,sz.300628,642.32035525,650.08365163,640.10227057,640.47195135,647.31104578,2069603,72180030.48,0.2862,-1.0565,1,0
2023-10-20,sz.300628,646.57168422,646.57168422,617.55174299,620.50918923,640.47195135,2914205,98573409.09,0.4031,-3.1169,1,0
2023-10-23,sz.300628,616.44270065,619.2153065,573.005209,579.47462265,620.50918923,7142245,226147908.42,0.9878,-6.613,1,0
2023-10-24,sz.300628,582.80174967,593.15281151,576.33233602,589.08632293,579.47462265,3795514,120119191.8,0.525,1.6587,1,0
2023-10-25,sz.300628,591.11956722,591.11956722,576.7020168,578.5504207,589.08632293,4079596,128429127.23,0.5642,-1.7885,1,0
2023-10-26,sz.300628,578.5504207,593.3376519,574.48393212,588.34696137,578.5504207,3398850,107441458.77,0.4701,1.6933,1,0
2023-10-27,sz.300628,586.68339786,603.50387335,579.65946304,597.0344597,588.34696137,3284747,105110067.13,0.4543,1.4766,1,0
2023-10-30,sz.300628,592.04376917,623.65147586,591.85892878,621.0637104,597.0344597,4981199,164601086.62,0.6889,4.0248,1,0
2023-10-31,sz.300628,621.0637104,621.0637104,607.75520232,616.44270065,621.0637104,2909776,96385937.14,0.4024,-0.744,1,0
2023-11-01,sz.300628,612.00653129,616.07301987,603.31903296,607.20068115,616.44270065,3040527,99986670.64,0.4205,-1.4993,1,0
2023-11-02,sz.300628,607.75520232,612.19137168,603.68871374,604.24323491,607.20068115,2095439,68858512.25,0.2898,-0.4871,1,0
2023-11-03,sz.300628,602.5796714,620.13950845,602.5796714,609.78844661,604.24323491,3186007,105717414.07,0.4407,0.9177,1,0
2023-11-06,sz.300628,611.26716973,625.68472015,611.26716973,625.31503937,609.78844661,2882088,96951756.19,0.3986,2.5462,1,0
2023-11-07,sz.300628,623.28179508,627.71796444,616.07301987,625.68472015,625.31503937,2330990,78464659.3,0.3224,0.0591,1,0
2023-11-08,sz.300628,622.35759313,634.18737809,620.87887001,627.16344327,625.68472015,2378459,80787787.14,0.329,0.2363,1,0
2023-11-09,sz.300628,624.39083742,630.67541068,620.50918923,625.68472015,627.16344327,1807337,61108374.0,0.25,-0.2358,1,0
2023-11-10,sz.300628,622.17275274,629.01184717,620.50918923,624.39083742,625.68472015,2156560,72843179.75,0.2983,-0.2068,1,0
2023-11-13,sz.300628,624.7605182,635.48126082,624.7605182,633.07833575,624.39083742,2912607,99522224.05,0.4028,1.3914,1,0
2023-11-14,sz.300628,633.07833575,645.64748227,630.67541068,640.65679174,633.07833575,2928098,101274937.2,0.405,1.1971,1,0
2023-11-15,sz.300628,645.46264188,645.64748227,625.68472015,632.1541338,640.65679174,3889300,133294795.9,0.5379,-1.3272,1,0
2023-11-16,sz.300628,630.3057299,635.8509416,615.88817948,618.84562572,632.1541338,4167564,140835463.1,0.5764,-2.1053,1,0
2023-11-17,sz.300628,618.66078533,628.08764522,614.59429675,626.6089221,618.84562572,3101076,104399244.36,0.4289,1.2545,1,0
2023-11-20,sz.300628,624.7605182,637.32966472,621.0637104,631.59961263,626.6089221,3286939,112001357.51,0.4546,0.7965,1,0
2023-11-21,sz.300628,631.22993185,644.35359954,624.7605182,627.34828366,631.59961263,3406900,117116381.4,0.4712,-0.6731,1,0
2023-11-22,sz.300628,626.6089221,630.86025107,619.2153065,619.2153065,627.34828366,2361234,79487388.16,0.3266,-1.2964,1,0
2023-11-23,sz.300628,617.3669026,628.08764522,612.37621207,626.6089221,619.2153065,3363260,112943744.4,0.4652,1.194,1,0
2023-11-24,sz.300628,626.23924132,626.42408171,611.8216909,614.03977558,626.6089221,2705600,90245475.76,0.3742,-2.0059,1,0
2023-11-27,sz.300628,607.01584076,616.07301987,598.8828636,606.2764792,614.03977558,3391151,110968823.21,0.469,-1.2643,1,0
2023-11-28,sz.300628,605.90679842,608.86424466,599.43738477,605.35227725,606.2764792,2436433,79743085.31,0.337,-0.1524,1,0
2023-11-29,sz.300628,606.46131959,609.04908505,597.95866165,599.80706555,605.35227725,2151280,70152151.6,0.2975,-0.916,1,0
2023-11-30,sz.300628,599.80706555,601.65546945,592.04376917,594.81637502,599.80706555,2461277,79352437.98,0.3404,-0.832,1,0
2023-12-01,sz.300628,595.00121541,609.04908505,590.01052488,604.4280753,594.81637502,2591431,83975112.07,0.3584,1.6159,1,0
2023-12-04,sz.300628,603.87355413,616.44270065,597.95866165,600.54642711,604.4280753,3008970,98650810.2,0.4162,-0.6422,1,0
2023-12-05,sz.300628,598.8828636,601.28578867,579.28978226,579.47462265,600.54642711,3254143,103750526.57,0.4501,-3.5088,1,0
2023-12-06,sz.300628,579.84430343,588.90148254,576.7020168,582.61690928,579.47462265,2563010,80607066.9,0.3545,0.5423,1,0
2023-12-07,sz.300628,580.95334577,584.0956324,571.34164549,575.03845329,582.61690928,4062828,126628815.95,0.5619,-1.3008,1,0
2023-12-08,sz.300628,575.59297446,585.75919591,571.1568051,585.75919591,575.03845329,5499007,171924761.36,0.7606,1.8644,1,0
2023-12-11,sz.300628,575.77781485,575.77781485,550.26984103,573.55973017,585.75919591,6892788,210184571.43,0.9533,-2.0827,1,0
2023-12-12,sz.300628,576.7020168,576.7020168,563.7631895,565.24191262,573.55973017,6022911,185515670.61,0.833,-1.4502,1,0
2023-12-13,sz.300628,565.24191262,568.01451847,553.04244688,553.04244688,565.24191262,3753595,113411377.8,0.5192,-2.1583,1,0
2023-12-14,sz.300628,555.99989312,566.53579535,554.52117,555.63021234,553.04244688,2753670,83433320.8,0.3809,0.4679,1,0
2023-12-15,sz.300628,556.73925468,563.7631895,552.11824493,552.30308532,555.63021234,2629989,79185160.09,0.3638,-0.5988,1,0
2023-12-18,sz.300628,549.34563908,554.15148922,541.39750231,544.35494855,552.30308532,3387601,99803399.35,0.4685,-1.4391,1,0
2023-12-19,sz.300628,541.21266192,546.20335245,537.8855349,545.2791505,544.35494855,3280056,96156268.18,0.4537,0.1698,1,0
2023-12-20,sz.300628,546.94271401,547.86691596,534.1887271,534.1887271,545.2791505,2606655,75750455.23,0.3605,-2.0339,1,0
2023-12-21,sz.300628,533.26452515,537.8855349,524.20734604,534.92808866,534.1887271,4067703,116836058.62,0.5626,0.1384,1,0
2023-12-22,sz.300628,536.40681178,537.8855349,521.2498998,524.9467076,534.92808866,4748957,135114177.56,0.6568,-1.8659,1,0
2023-12-25,sz.300628,522.72862292,539.36425802,522.72862292,532.3403232,524.9467076,3926844,113115742.67,0.5431,1.4085,1,0
2023-12-26,sz.300628,529.38287696,538.80973685,525.13154799,527.16479228,532.3403232,2933518,83985876.24,0.4057,-0.9722,1,0
2023-12-27,sz.300628,528.27383462,533.44936554,521.98926136,524.20734604,527.16479228,3163967,89937203.12,0.4376,-0.561,1,0
2023-12-28,sz.300628,522.72862292,546.75787362,521.61958058,541.95202348,524.20734604,4945347,143653703.28,0.684,3.385,1,0
2023-12-29,sz.300628,540.28845997,548.9759583,538.80973685,546.20335245,541.95202348,3950903,116542586.75,0.5464,0.7844,1,0
2024-01-02,sz.300628,546.38819284,548.9759583,532.3403232,532.52516359,546.20335245,4090217,118758236.2,0.5657,-2.5042,1,0
2024-01-03,sz.300628,531.78580203,533.81904632,521.43474019,527.34963267,532.52516359,3504530,99861177.63,0.4847,-0.9719,1,0
2024-01-04,sz.300628,526.05574994,527.34963267,511.08367835,518.66213434,527.34963267,3775077,105700222.84,0.5221,-1.6474,1,0
2024-01-05,sz.300628,518.66213434,522.17410175,504.79910509,507.57171094,518.66213434,2957164,82156755.24,0.409,-2.1383,1,0
2024-01-08,sz.300628,505.72330704,506.83234938,492.78447974,493.15416052,507.57171094,4486524,120604270.39,0.6205,-2.8405,1,0
2024-01-09,sz.300628,495.55708559,515.33500732,495.00256442,504.24458392,493.15416052,7428101,202820279.6,1.0274,2.2489,1,0
2024-01-10,sz.300628,501.10229729,508.12623211,491.86027779,498.32969144,504.24458392,4167405,112801623.36,0.5764,-1.173,1,0
2024-01-11,sz.300628,499.25389339,510.1594764,496.85096832,503.87490314,498.32969144,4853944,132319243.88,0.6713,1.1128,1,0
2024-01-12,sz.300628,503.87490314,503.87490314,494.26320286,495.55708559,503.87490314,3904228,105109298.0,0.54,-1.6508,1,0
2024-01-15,sz.300628,491.86027779,499.80841456,487.23926804,492.59963935,495.55708559,4104253,109459384.84,0.5677,-0.5968,1,0
2024-01-16,sz.300628,491.86027779,497.77517027,487.05442765,497.03580871,492.59963935,4124120,109604509.68,0.5704,0.9006,1,0
2024-01-17,sz.300628,496.48128754,498.88421261,477.62756776,477.81240815,497.03580871,4789621,125814001.01,0.6624,-3.8676,1,0
2024-01-18,sz.300628,474.30044074,489.8270335,466.16746358,489.08767194,477.81240815,7099182,183084000.08,0.9819,2.3598,1,0
2024-01-19,sz.300628,485.57570453,493.89352208,480.76985439,487.9786296,489.08767194,6126324,161322662.41,0.8473,-0.2268,1,0
2024-01-22,sz.300628,487.9786296,487.9786296,465.7977828,467.27650592,487.9786296,5805542,150152209.14,0.803,-4.2424,1,0
2024-01-23,sz.300628,467.27650592,491.12091623,460.80709227,485.39086414,467.27650592,8611331,224189872.16,1.191,3.8766,1,0
2024-01-24,sz.300628,487.79378921,505.16878587,480.21533322,502.7658608,485.39086414,9057498,241437920.77,1.2527,3.5796,1,0
2024-01-25,sz.300628,501.65681846,512.93208225,494.81772403,510.89883796,502.7658608,6799932,186035482.12,0.9405,1.6176,1,0
2024-01-26,sz.300628,508.12623211,523.65282487,503.32038197,513.8562842,510.89883796,7786068,217474417.82,1.0769,0.5789,1,0
2024-01-29,sz.300628,510.89883796,516.81373044,489.8270335,490.75123545,513.8562842,6499757,174929420.19,0.899,-4.4964,1,0
2024-01-30,sz.300628,486.68474687,491.30575662,468.20070787,470.23395216,490.75123545,5216629,134848240.1,0.7215,-4.1808,1,0
2024-01-31,sz.300628,466.35230397,473.00655801,448.60762653,450.45603043,470.23395216,6303665,155239456.58,0.8719,-4.206,1,0
2024-02-01,sz.300628,449.1621477,461.54645383,440.65948976,457.84964603,450.45603043,5875027,143802633.6,0.8126,1.6414,1,0
2024-02-02,sz.300628,456.18608252,462.84033656,430.6781087,443.616936,457.84964603,6320108,153070690.22,0.8741,-3.1086,1,0
2024-02-05,sz.300628,443.24725522,462.100975,414.96667555,449.71666887,443.616936,11006857,259714943.58,1.5223,1.375,1,0
2024-02-06,sz.300628,442.69273405,492.96932013,438.44140508,489.64219311,449.71666887,10350932,266785910.74,1.4316,8.8779,1,0
2024-02-07,sz.300628,489.64219311,510.71399757,485.76054492,499.25389339,489.64219311,9599083,260566079.81,1.3276,1.963,1,0
2024-02-08,sz.300628,502.39618002,520.88021902,486.31506609,499.25389339,499.25389339,11128677,301475447.16,1.5392,0.0,1,0
2024-02-19,sz.300628,505.16878587,530.12223852,499.43873378,528.27383462,499.25389339,10720127,299980920.65,1.4827,5.8127,1,0
2024-02-20,sz.300628,523.28314409,523.28314409,506.09298782,513.48660342,528.27383462,5643206,156349073.49,0.7805,-2.7992,1,0
2024-02-21,sz.300628,507.57171094,524.20734604,504.6142647,517.553092,513.48660342,5528727,154489903.9,0.7647,0.7919,1,0
2024-02-22,sz.300628,516.99857083,528.08899423,511.45335913,524.02250565,517.553092,4830130,136182366.58,0.6681,1.25,1,0
2024-02-23,sz.300628,525.68606916,526.42543072,510.34431679,518.47729395,524.02250565,7035246,196114842.42,0.973,-1.0582,1,0
2024-02-26,sz.300628,515.33500732,545.2791505,514.59564576,538.62489646,518.47729395,8901641,256003947.4,1.2312,3.8859,1,0
2024-02-27,sz.300628,540.28845997,550.63952181,527.71931345,549.34563908,538.62489646,8910589,260665255.25,1.2324,1.9904,1,0
2024-02-28,sz.300628,548.42143713,554.52117,521.61958058,521.98926136,549.34563908,8574407,249929776.88,1.1859,-4.9798,1,0
2024-02-29,sz.300628,520.88021902,543.06106582,517.73793239,542.32170426,521.98926136,6115091,177438641.05,0.8458,3.8952,1,0
2024-03-01,sz.300628,539.36425802,548.9759583,536.22197139,547.1275544,542.32170426,5557485,163505498.78,0.7686,0.8862,1,0
2024-03-04,sz.300628,548.60627752,549.16079869,533.44936554,539.54909841,547.1275544,6549090,191445882.01,0.9058,-1.3851,1,0
2024-03-05,sz.300628,536.037131,556.3695739,534.00388671,548.23659674,539.54909841,9594476,284121113.28,1.327,1.6101,1,0
2024-03-06,sz.300628,543.80042738,548.23659674,531.97064242,543.06106582,548.23659674,7114548,207823917.46,0.984,-0.944,1,0
2024-03-07,sz.300628,543.4307466,543.98526777,521.2498998,524.02250565,543.06106582,6085327,174734390.76,0.8417,-3.5058,1,0
2024-03-08,sz.300628,526.42543072,534.55840788,523.0983037,532.52516359,524.02250565,4117594,117998473.72,0.5695,1.6226,1,0
2024-03-11,sz.300628,535.66745022,535.66745022,520.51053824,528.27383462,532.52516359,7429703,210653652.64,1.0276,-0.7983,1,0
2024-03-12,sz.300628,527.34963267,532.89484437,524.39218643,531.78580203,528.27383462,4836404,138390305.42,0.6689,0.6648,1,0
2024-03-13,sz.300628,533.81904632,533.81904632,520.32569785,522.17410175,531.78580203,6674548,189440410.16,0.9231,-1.8074,1,0
2024-03-14,sz.300628,519.21665551,521.61958058,504.98394548,511.26851874,522.17410175,5924415,164247252.85,0.8194,-2.0885,1,0
2024-03-15,sz.300628,509.23527445,514.41080537,503.13554158,514.41080537,511.26851874,4963500,136796917.0,0.6865,0.6146,1,0
2024-03-18,sz.300628,514.78048615,516.62889005,506.4626686,511.45335913,514.41080537,7076270,194955143.28,0.9787,-0.5749,1,0
2024-03-19,sz.300628,511.82303991,519.03181512,502.21133963,508.49591289,511.45335913,7691557,211424176.96,1.0638,-0.5782,1,0
2024-03-20,sz.300628,506.4626686,509.60495523,497.40548949,504.79910509,508.49591289,6252330,170063398.78,0.8648,-0.727,1,0
2024-03-21,sz.300628,503.69006275,508.3110725,494.44804325,495.00256442,504.79910509,6378035,172455466.01,0.8821,-1.9407,1,0
2024-03-22,sz.300628,494.81772403,495.74192598,475.22464269,475.96400425,495.00256442,8488719,220849397.63,1.1741,-3.8462,1,0
2024-03-25,sz.300628,477.44272737,479.66081205,463.9493789,464.31905968,475.96400425,6979295,177599476.04,0.9653,-2.4466,1,0
2024-03-26,sz.300628,465.24326163,465.7977828,453.78315745,459.69804993,464.31905968,7091420,176512555.8,0.9808,-0.9952,1,0
2024-03-27,sz.300628,458.58900759,459.88289032,446.75922263,446.94406302,459.69804993,6626451,162225590.29,0.9165,-2.7744,1,0
2024-03-28,sz.300628,447.68342458,469.12490982,445.4653399,464.13421929,446.94406302,8712006,215314120.07,1.2049,3.8462,1,0
2024-03-29,sz.300628,463.39485773,478.55176971,454.7073594,477.62756776,464.13421929,8931667,225882017.1,1.2353,2.9072,1,0
2024-04-01,sz.300628,478.36692932,509.42011484,477.99724854,509.23527445,477.62756776,14264619,385319330.0,1.9729,6.6176,1,0
2024-04-02,sz.300628,507.94139172,535.48260983,503.13554158,528.45867501,509.23527445,16770050,473250415.74,2.3194,3.775,1,0
2024-04-03,sz.300628,532.71000398,563.7631895,528.82835579,543.4307466,528.45867501,18546063,551605931.76,2.5651,2.8332,1,0
2024-04-08,sz.300628,543.4307466,547.68207557,532.3403232,532.89484437,543.4307466,9827807,286852345.77,1.3593,-1.9388,1,0
2024-04-09,sz.300628,543.80042738,544.72462933,514.96532654,533.81904632,532.89484437,9263755,263944325.0,1.2813,0.1734,1,0
2024-04-10,sz.300628,531.41612125,582.2472285,529.93739813,575.03845329,533.81904632,16672976,510263474.48,2.306,7.7216,1,0
2024-04-11,sz.300628,566.72063574,577.44137836,551.00920259,564.50255106,575.03845329,10685306,328253985.41,1.4779,-1.8322,1,0
2024-04-12,sz.300628,562.65414716,582.2472285,551.00920259,560.62090287,564.50255106,9010849,277369923.34,1.2463,-0.6876,1,0
2024-04-15,sz.300628,585.9440363,626.42408171,585.9440363,616.44270065,560.62090287,23884519,790008736.68,3.3034,9.9571,1,0
2024-04-16,sz.300628,612.56105246,659.8801923,606.83100037,629.56636834,616.44270065,22339286,760987242.26,3.0897,2.1289,1,0
2024-04-17,sz.300628,628.457326,646.57168422,612.93073324,645.27780149,629.56636834,14566416,499937312.95,2.0147,2.4956,1,0
2024-04-18,sz.300628,634.0025377,644.53843993,624.20599703,631.22993185,645.27780149,11220862,383815043.53,1.5519,-2.177,1,0
2024-04-19,sz.300628,627.90280483,635.48126082,621.24855079,633.26317614,631.22993185,8073146,274160406.46,1.1166,0.3221,1,0
2024-04-22,sz.300628,625.31503937,649.15944968,617.18206221,648.42008812,633.26317614,10310321,355049701.9,1.426,2.3935,1,0
2024-04-23,sz.300628,638.43870706,699.99055693,637.88418589,682.24587949,648.42008812,14494382,534527202.9,2.0048,5.2166,1,0
2024-04-24,sz.300628,678.3642313,683.17008144,663.94668088,675.96130623,682.24587949,9163410,333472302.16,1.2674,-0.9212,1,0
2024-04-25,sz.300628,672.07965804,686.12752768,666.16476556,674.29774272,675.96130623,5772657,210096137.59,0.7984,-0.2461,1,0
2024-04-26,sz.300628,666.16476556,682.0610391,655.44402294,682.0610391,674.29774272,8548528,308458722.33,1.1824,1.1513,1,0
2024-04-29,sz.300628,671.34029648,674.48258311,641.3961533,650.6381728,682.0610391,16153103,571958742.59,2.2342,-4.607,1,0
2024-04-30,sz.300628,648.42008812,670.9706157,648.42008812,653.22593826,650.6381728,9229164,329883392.82,1.2765,0.3977,1,0
2024-05-06,sz.300628,670.9706157,671.89481765,644.72328032,650.45333241,653.22593826,10546331,372641347.95,1.4587,-0.4244,1,0
2024-05-07,sz.300628,654.3349806,681.50651793,642.32035525,680.2126352,650.45333241,12992501,465257015.81,1.797,4.5752,1,0
2024-05-08,sz.300628,673.74322155,694.07566445,665.425404,693.1514625,680.2126352,9308889,343709985.19,1.2875,1.9022,1,0
2024-05-09,sz.300628,686.12752768,689.08497392,673.37354077,681.87619871,693.1514625,5957356,219768539.33,0.824,-1.6267,1,0
2024-05-10,sz.300628,681.87619871,708.86289565,678.3642313,703.68736473,681.87619871,8448775,319003499.15,1.1686,3.1987,1,0
2024-05-13,sz.300628,699.06635498,753.03974886,693.1514625,700.91475888,703.68736473,17505171,680782487.53,2.4212,-0.394,1,0
2024-05-14,sz.300628,700.5450781,734.92539064,692.59694133,731.22858284,700.91475888,11341862,441834255.58,1.5687,4.3249,1,0
2024-05-15,sz.300628,722.17140373,731.59826362,705.72060902,712.55970345,731.22858284,6069485,234734679.25,0.8395,-2.5531,1,0
2024-05-16,sz.300628,712.55970345,716.99587281,694.9998664,709.7870976,712.55970345,6986010,266540502.34,0.9663,-0.3891,1,0
2024-05-17,sz.300628,709.41741682,713.85358618,691.3030586,697.58763186,709.7870976,7140284,269477751.26,0.9876,-1.7188,1,0
2024-05-20,sz.300628,695.55438757,705.90544941,682.0610391,700.17539732,697.58763186,9606999,361400352.37,1.3288,0.371,1,0
2024-05-21,sz.300628,698.6966742,705.35092824,692.22726055,696.10890874,700.17539732,3577297,134885732.0,0.4948,-0.5808,1,0
2024-05-22,sz.300628,694.81502601,701.09959927,685.7578469,686.68204885,696.10890874,4694448,175814723.86,0.6493,-1.3542,1,0
2024-05-23,sz.300628,683.72460261,697.95731264,680.02779481,681.50651793,686.68204885,4330386,161150928.62,0.5989,-0.7537,1,0
2024-05-24,sz.300628,683.72460261,690.74853743,670.23125414,673.00385999,681.50651793,3711767,136519082.84,0.5134,-1.2476,1,0
2024-05-27,sz.300628,673.00385999,692.41210094,668.56769063,690.56369704,673.00385999,5455280,200922594.9,0.7545,2.6092,1,0
2024-05-28,sz.300628,692.78178172,711.6355015,687.6062508,702.57832239,690.56369704,7595907,286846402.01,1.0506,1.7398,1,0
2024-05-29,sz.300628,700.17539732,719.95331905,683.909443,691.11821821,702.57832239,7143926,272116298.21,0.9881,-1.6311,1,0
2024-05-30,sz.300628,686.86688924,695.92406835,680.39747559,690.74853743,691.11821821,2568644,95740638.64,0.3553,-0.0535,1,0
2024-05-31,sz.300628,689.08497392,694.9998664,674.6674235,685.57300651,690.74853743,4316320,159426623.2,0.597,-0.7493,1,0
2024-06-03,sz.300628,679.84295442,683.17008144,666.90412712,679.47327364,685.57300651,6644754,242752522.64,0.9191,-0.8897,1,0
2024-06-04,sz.300628,682.31553546,702.0213993,678.71542572,696.3370155,679.47334356,5133874,187386357.14,0.7101,2.4819,1,0
2024-06-05,sz.300628,694.63170036,703.9161939,691.03159062,693.11586468,696.3370155,2932640,107742006.8,0.4056,-0.4626,1,0
2024-06-06,sz.300628,696.14753604,703.9161939,682.126056,690.6526317,693.11586468,5229701,190789119.96,0.7233,-0.3554,1,0
2024-06-07,sz.300628,700.1266047,700.88452254,675.30479544,680.79969978,690.6526317,3166187,113917462.35,0.4379,-1.4266,1,0
2024-06-11,sz.300628,698.04233064,700.69504308,681.1786587,683.26293276,680.79969978,2764720,100276844.61,0.3824,0.3618,1,0
2024-06-12,sz.300628,681.93657654,702.0213993,681.36813816,693.87378252,683.26293276,4502104,165126731.33,0.6227,1.553,1,0
2024-06-13,sz.300628,693.87378252,726.84320856,688.94731656,714.14808474,693.87378252,6316931,238287307.66,0.8737,2.9219,1,0
2024-06-14,sz.300628,712.25329014,738.21197616,701.26348146,732.71707182,714.14808474,7377408,282501257.94,1.0204,2.6002,1,0
2024-06-17,sz.300628,732.71707182,741.8120859,723.62205774,727.6011264,732.71707182,6012861,232435390.49,0.8317,-0.6982,1,0
2024-06-18,sz.300628,727.6011264,732.90655128,709.03213932,719.45350962,727.6011264,8052812,305070401.4,1.1138,-1.1198,1,0
2024-06-19,sz.300628,720.21142746,729.68540046,712.4427696,716.99027664,719.45350962,5678504,215366654.32,0.7854,-0.3424,1,0
2024-06-20,sz.300628,715.09548204,728.16956478,709.6005777,723.24309882,716.99027664,5320234,203026149.5,0.7359,0.8721,1,0
2024-06-21,sz.300628,718.1271534,732.90655128,709.79005716,729.87487992,723.24309882,4597973,175923514.56,0.636,0.917,1,0
2024-06-24,sz.300628,715.66392042,716.2323588,692.5474263,693.11586468,729.87487992,6379676,236966644.94,0.8824,-5.0363,1,0
2024-06-25,sz.300628,695.95805658,704.8635912,676.4416722,680.79969978,693.11586468,5689127,206706523.52,0.7869,-1.7769,1,0
2024-06-26,sz.300628,681.74709708,693.68430306,676.4416722,689.32627548,680.79969978,4202356,152276074.94,0.5812,1.2524,1,0
2024-06-27,sz.300628,687.43148088,692.35794684,678.71542572,683.83137114,689.32627548,3016355,108872031.45,0.4172,-0.7971,1,0
2024-06-28,sz.300628,682.50501492,704.8635912,677.01011058,696.71597442,683.83137114,3721003,136824734.54,0.5147,1.8842,1,0
2024-07-01,sz.300628,684.39980952,695.01065928,621.4926288,668.8624938,696.71597442,11214258,388237163.32,1.5511,-3.9978,1,0
2024-07-02,sz.300628,673.41000084,679.47334356,661.85175378,665.83082244,668.8624938,5146535,181635085.65,0.7118,-0.4533,1,0
2024-07-03,sz.300628,665.0729046,671.89416516,645.74599968,647.64079428,665.83082244,5378829,184889112.6,0.744,-2.7319,1,0
2024-07-04,sz.300628,651.61986294,669.24145272,642.52484886,660.14643864,647.64079428,4646770,161790715.03,0.6427,1.931,1,0
2024-07-05,sz.300628,657.87268512,674.16791868,651.99882186,668.48353488,660.14643864,3548356,124339670.83,0.4908,1.2629,1,0
2024-07-08,sz.300628,671.32572678,702.9687966,666.9676992,689.7052344,668.48353488,6369250,233079011.75,0.8809,3.1746,1,0
2024-07-09,sz.300628,686.48408358,703.34775552,680.2312614,699.74764578,689.7052344,5872478,215596815.44,0.8122,1.456,1,0
2024-07-10,sz.300628,698.42128956,711.87433122,694.63170036,702.9687966,699.74764578,3606036,133750613.17,0.4988,0.4603,1,0
2024-07-11,sz.300628,709.79005716,712.06381068,698.42128956,707.7057831,702.9687966,3096617,115315972.09,0.4283,0.6739,1,0
2024-07-12,sz.300628,704.8635912,732.3381129,702.21087876,726.46424964,707.7057831,4547437,173155129.3,0.629,2.6506,1,0
2024-07-15,sz.300628,738.969894,738.969894,714.3375642,722.48518098,726.46424964,6497258,248690331.5,0.8987,-0.5477,1,0
2024-07-16,sz.300628,722.48518098,739.53833238,715.66392042,738.78041454,722.48518098,5470803,211212037.7,0.7567,2.2554,1,0
2024-07-17,sz.300628,734.99082534,747.11751078,731.95915398,733.47498966,738.78041454,3908089,152206617.97,0.5405,-0.7181,1,0
2024-07-18,sz.300628,729.11696208,730.82227722,705.24255012,714.90600258,733.47498966,5820275,219378576.05,0.805,-2.5316,1,0
2024-07-19,sz.300628,711.87433122,721.72726314,711.11641338,718.1271534,714.90600258,3917660,148248962.8,0.5419,0.4506,1,0
2024-07-22,sz.300628,715.2849615,721.72726314,701.26348146,704.48463228,718.1271534,4691112,175481474.52,0.6488,-1.8997,1,0
2024-07-23,sz.300628,707.7057831,709.03213932,668.8624938,670.94676786,704.48463228,6635920,238026903.4,0.9178,-4.7606,1,0
2024-07-24,sz.300628,671.32572678,674.73635706,661.2833154,664.1255073,670.94676786,3839550,135213405.41,0.5311,-1.0167,1,0
2024-07-25,sz.300628,667.9150965,668.29405542,652.7567397,655.03049322,664.1255073,2929945,101649032.45,0.4052,-1.3695,1,0
2024-07-26,sz.300628,659.3885208,662.79915108,647.45131482,652.7567397,655.03049322,3385230,116857810.8,0.4682,-0.3471,1,0
2024-07-29,sz.300628,651.61986294,658.4411235,636.6509856,639.87213642,652.7567397,3702750,126226433.2,0.5121,-1.9739,1,0
2024-07-30,sz.300628,639.87213642,642.3353694,625.282218,629.0718072,639.87213642,3378065,112743661.5,0.4672,-1.6879,1,0
2024-07-31,sz.300628,632.67191694,646.1249586,625.282218,637.97734182,629.0718072,5388869,181092234.55,0.7453,1.4157,1,0
2024-08-01,sz.300628,643.2827667,645.93547914,628.50336882,630.39816342,637.97734182,4797711,160634939.96,0.6636,-1.188,1,0
2024-08-02,sz.300628,629.45076612,649.15662996,623.00846448,634.756191,630.39816342,4362580,147075684.37,0.6034,0.6913,1,0
2024-08-05,sz.300628,629.0718072,645.1775613,615.42928608,615.61876554,634.756191,5422880,178899863.6,0.7501,-3.0149,1,0
2024-08-06,sz.300628,622.4400261,625.282218,601.40780604,608.03958714,615.61876554,7441135,238827318.81,1.0292,-1.2311,1,0
2024-08-07,sz.300628,608.03958714,620.73471096,601.5972855,617.13460122,608.03958714,4838710,156539559.56,0.6693,1.4958,1,0
2024-08-08,sz.300628,615.808245,630.0192045,612.39761472,622.4400261,617.13460122,3514587,115502135.3,0.4861,0.8597,1,0
2024-08-09,sz.300628,615.99772446,628.69284828,610.88177904,612.39761472,622.4400261,2774090,90319532.5,0.3837,-1.6134,1,0
2024-08-12,sz.300628,612.58709418,633.05087586,609.74490228,621.4926288,612.39761472,3410770,112368511.9,0.4718,1.4851,1,0
2024-08-13,sz.300628,622.25054664,628.69284828,614.29240932,622.25054664,621.4926288,2612370,85296672.4,0.3613,0.122,1,0
2024-08-14,sz.300628,622.25054664,624.3348207,612.58709418,613.9134504,622.25054664,2285320,74329362.8,0.3161,-1.3398,1,0
2024-08-15,sz.300628,610.1238612,623.95586178,604.4394774,609.55542282,613.9134504,4092060,132245286.4,0.566,-0.7099,1,0
2024-08-16,sz.300628,613.9134504,626.60857422,610.69229958,619.97679312,609.55542282,3700900,120786325.58,0.5119,1.7097,1,0
2024-08-19,sz.300628,618.46095744,634.756191,614.8608477,619.5978342,619.97679312,2840580,93671334.6,0.3929,-0.0611,1,0
2024-08-20,sz.300628,618.83991636,623.3874234,613.15553256,616.56616284,619.5978342,2110740,68675509.6,0.2919,-0.4893,1,0
2024-08-21,sz.300628,614.10292986,626.2296153,612.39761472,613.9134504,616.56616284,3442538,112451452.7,0.4761,-0.4302,1,0
2024-08-22,sz.300628,615.99772446,617.7030396,608.98698444,612.9660531,613.9134504,2453340,79414241.75,0.3393,-0.1543,1,0
2024-08-23,sz.300628,611.0712585,628.69284828,610.69229958,625.282218,612.9660531,3560185,117109967.1,0.4924,2.0093,1,0
2024-08-26,sz.300628,626.2296153,626.41909476,598.7550936,602.92364172,625.282218,6350410,203118272.19,0.8783,-3.5758,1,0
2024-08-27,sz.300628,613.34501202,625.282218,605.3868747,612.58709418,602.92364172,5689443,184181090.22,0.7869,1.6028,1,0
2024-08-28,sz.300628,612.9660531,617.51356014,600.6498882,612.77657364,612.58709418,4629396,148450461.05,0.6402,0.0309,1,0
2024-08-29,sz.300628,611.63969688,624.52430016,607.85010768,621.11366988,612.77657364,4304000,140322369.6,0.5952,1.3605,1,0
2024-08-30,sz.300628,618.08199852,632.29295802,618.08199852,624.71377962,621.11366988,5467699,180837263.18,0.7562,0.5796,1,0
2024-09-02,sz.300628,623.76638232,624.3348207,595.53394278,599.89197036,624.71377962,7116310,226709746.3,0.9842,-3.9733,1,0
2024-09-03,sz.300628,601.97624442,613.15553256,597.42873738,612.58709418,599.89197036,3872980,124274555.24,0.5356,2.1162,1,0
2024-09-04,sz.300628,612.58709418,637.97734182,609.74490228,629.0718072,612.58709418,5764152,190982726.52,0.7972,2.691,1,0
2024-09-05,sz.300628,626.04013584,646.69339698,621.11366988,638.35630074,629.0718072,4832526,162579023.92,0.6683,1.4759,1,0
2024-09-06,sz.300628,640.63005426,643.85120508,616.18720392,617.7030396,638.35630074,3084610,101539148.3,0.4266,-3.2354,1,0
2024-09-09,sz.300628,615.808245,636.6509856,615.808245,629.0718072,617.7030396,4622267,153651966.08,0.6393,1.8405,1,0
2024-09-10,sz.300628,631.72451964,647.64079428,625.85065638,646.1249586,629.0718072,4759023,160640690.98,0.6582,2.7108,1,0
2024-09-11,sz.300628,646.88287644,658.82008242,637.78786236,657.4937262,646.1249586,5131989,176874042.8,0.7098,1.7595,1,0
2024-09-12,sz.300628,653.704137,660.3359181,649.34610942,655.03049322,657.4937262,3636720,125842558.0,0.503,-0.3746,1,0
2024-09-13,sz.300628,655.5989316,675.87323382,653.32517808,662.98863054,655.03049322,4327551,152500430.1,0.5985,1.2149,1,0
2024-09-18,sz.300628,665.0729046,668.48353488,653.32517808,662.79915108,662.98863054,3142872,109329469.61,0.4347,-0.0286,1,0
2024-09-19,sz.300628,666.77821974,677.76802842,661.47279486,672.27312408,662.79915108,4154349,147204437.34,0.5745,1.4294,1,0
2024-09-20,sz.300628,670.56780894,677.3890695,665.45186352,669.8098911,672.27312408,5404633,191467711.95,0.7475,-0.3664,1,0
2024-09-23,sz.300628,671.13624732,686.8630425,669.43093218,676.63115166,669.8098911,3817283,136384098.12,0.5279,1.0184,1,0
2024-09-24,sz.300628,675.68375436,683.83137114,642.3353694,655.5989316,676.63115166,16084526,556271605.1,2.2245,-3.1084,1,0
2024-09-25,sz.300628,659.3885208,684.0208506,655.97789052,671.32572678,655.5989316,10003999,355741464.43,1.3836,2.3988,1,0
2024-09-26,sz.300628,671.7111672,675.37329408,656.67717264,673.83134592,671.32568016,10392730,358893959.27,1.4373,0.3732,1,0
2024-09-27,sz.300628,680.3846256,720.47527776,679.80639504,710.2598712,673.83134592,11091350,403162235.46,1.5339,5.4062,1,0
2024-09-30,sz.300628,746.68839648,821.0873952,720.8607648,814.91960256,710.2598712,18413896,737774095.0,2.5466,14.7354,1,0
2024-10-08,sz.300628,977.2096464,977.40238992,852.11910192,913.21879776,814.91960256,30437109,1437975246.69,4.2095,12.0624,1,0
2024-10-09,sz.300628,886.620192,893.94444576,820.1236776,820.70190816,913.21879776,23075371,1022990692.18,3.1913,-10.1309,1,0
2024-10-10,sz.300628,828.60439248,855.58848528,812.02844976,822.43659984,820.70190816,13017115,562726474.41,1.8003,0.2114,1,0
2024-10-11,sz.300628,824.74952208,824.74952208,767.1192096,796.0307376,822.43659984,10743819,443372976.47,1.4859,-3.2107,1,0
2024-10-14,sz.300628,800.8493256,805.28242656,753.81990672,781.18948656,796.0307376,18103923,726566165.37,2.5038,-1.8644,1,0
2024-10-15,sz.300628,802.58401728,806.82437472,768.66115776,768.66115776,781.18948656,13524534,548828757.87,1.8704,-1.6038,1,0
2024-10-16,sz.300628,747.8448576,759.4094688,744.9537048,749.96503632,768.66115776,8297144,323173444.13,1.1475,-2.4323,1,0
2024-10-17,sz.300628,752.08521504,763.07159568,734.73829824,735.89475936,749.96503632,9028699,350296618.97,1.2487,-1.8761,1,0
2024-10-18,sz.300628,733.96732416,775.59992448,733.00360656,756.71105952,735.89475936,16871451,662267852.34,2.3333,2.8287,1,0
2024-10-21,sz.300628,767.89018368,784.08063936,759.21672528,774.63620688,756.71105952,15402090,616517376.6,2.1301,2.3688,1,0
2024-10-22,sz.300628,779.6475384,782.5386912,753.6271632,766.73372256,774.63620688,12007701,476471871.19,1.6607,-1.0202,1,0
2024-10-23,sz.300628,770.0103624,773.67248928,744.18273072,761.336904,766.73372256,13764433,542264115.41,1.9036,-0.7039,1,0
2024-10-24,sz.300628,759.4094688,759.60221232,744.37547424,747.65211408,761.336904,9688564,376344040.69,1.3399,-1.7975,1,0
2024-10-25,sz.300628,749.38680576,777.91284672,740.90609088,770.20310592,747.65211408,14125280,557952510.16,1.9535,3.0162,1,0
2024-10-28,sz.300628,777.91284672,786.77904864,759.60221232,783.88789584,770.20310592,13823349,557316868.67,1.9118,1.7768,1,0
2024-10-29,sz.300628,784.08063936,787.55002272,761.72239104,765.77000496,783.88789584,12008775,480738699.79,1.6608,-2.3113,1,0
2024-10-30,sz.300628,763.07159568,770.78133648,743.9899872,754.01265024,765.77000496,9182472,359997113.58,1.2699,-1.5354,1,0
2024-10-31,sz.300628,749.7722928,756.518316,737.62945104,749.7722928,754.01265024,11177295,432852470.49,1.5458,-0.5624,1,0
2024-11-01,sz.300628,745.14644832,755.36185488,736.47298992,741.0988344,749.7722928,9141120,353193311.92,1.2642,-1.1568,1,0
2024-11-04,sz.300628,736.66573344,755.94008544,736.47298992,754.5908808,741.0988344,7659202,298642903.58,1.0593,1.8205,1,0
2024-11-05,sz.300628,754.20539376,771.74505408,749.00131872,771.16682352,754.5908808,11943689,473667295.92,1.6518,2.1967,1,0
2024-11-06,sz.300628,769.0466448,778.29833376,748.23034464,753.24167616,771.16682352,15945412,630433475.58,2.2053,-2.3244,1,0
2024-11-07,sz.300628,750.92875392,766.92646608,742.64078256,766.92646608,753.24167616,13593945,534625829.68,1.88,1.8168,1,0
2024-11-08,sz.300628,770.78133648,807.40260528,764.61354384,791.59763664,766.92646608,22693686,927440008.89,3.1385,3.2169,1,0
2024-11-11,sz.300628,803.35499136,827.06244432,785.429844,822.62934336,791.59763664,21430837,900737997.15,2.9639,3.9201,1,0
2024-11-12,sz.300628,822.62934336,822.62934336,790.248432,795.25976352,822.62934336,17331559,722055623.67,2.397,-3.3271,1,0
2024-11-13,sz.300628,787.93550976,808.75180992,786.97179216,803.35499136,795.25976352,11204160,463981621.64,1.5495,1.0179,1,0
2024-11-14,sz.300628,804.704196,818.1962424,781.5749736,783.69515232,803.35499136,11411208,473504576.56,1.5782,-2.4472,1,0
2024-11-15,sz.300628,778.49107728,786.20081808,756.32557248,756.71105952,783.69515232,10011800,400884344.33,1.3846,-3.4432,1,0
2024-11-18,sz.300628,763.84256976,765.1917744,729.14873616,733.77458064,756.71105952,9979251,385249408.97,1.3801,-3.0311,1,0
2024-11-19,sz.300628,738.97865568,749.7722928,729.14873616,749.00131872,733.77458064,7520078,288676221.93,1.04,2.0751,1,0
2024-11-20,sz.300628,744.37547424,754.78362432,742.25529552,753.6271632,749.00131872,7455691,289701043.98,1.0311,0.6176,1,0
2024-11-21,sz.300628,749.00131872,752.6634456,740.52060384,746.30290944,753.6271632,6199264,240200617.07,0.8574,-0.9719,1,0
2024-11-22,sz.300628,745.9174224,752.85618912,718.16235552,718.16235552,746.30290944,6947023,265229593.16,0.9608,-3.7707,1,0
2024-11-25,sz.300628,717.77686848,720.47527776,691.56374976,714.69297216,718.16235552,8514908,311384572.58,1.1776,-0.4831,1,0
2024-11-26,sz.300628,707.3687184,719.31881664,699.85172112,705.63402672,714.69297216,6937620,255140003.64,0.9595,-1.2675,1,0
2024-11-27,sz.300628,699.6589776,728.37776208,695.22587664,727.79953152,705.63402672,7251828,269065183.32,1.0029,3.1412,1,0
2024-11-28,sz.300628,730.4979408,732.81086304,717.19863792,719.31881664,727.79953152,4650129,174386950.73,0.6431,-1.1653,1,0
2024-11-29,sz.300628,718.9333296,735.89475936,716.0421768,730.69068432,719.31881664,5896284,222772959.6,0.8155,1.5809,1,0
2024-12-02,sz.300628,733.3890936,749.7722928,728.76324912,740.71334736,730.69068432,7264300,278896754.56,1.0047,1.3717,1,0
2024-12-03,sz.300628,738.78591216,738.97865568,727.41404448,735.89475936,740.71334736,5663907,215257572.53,0.7833,-0.6505,1,0
2024-12-04,sz.300628,734.93104176,735.12378528,723.94466112,726.6430704,735.89475936,4512913,170713776.15,0.6241,-1.2572,1,0
2024-12-05,sz.300628,722.59545648,732.23263248,721.05350832,724.90837872,726.6430704,3166785,119436148.6,0.438,-0.2387,1,0
2024-12-06,sz.300628,725.6793528,749.38680576,723.55917408,743.9899872,724.90837872,7573304,290407811.59,1.0474,2.6323,1,0
2024-12-09,sz.300628,742.44803904,754.97636784,734.3528112,742.64078256,743.9899872,6132357,236534810.64,0.8481,-0.1813,1,0
2024-12-10,sz.300628,765.1917744,770.39584944,748.03760112,751.699728,742.64078256,9203331,361785109.89,1.2728,1.2198,1,0
2024-12-11,sz.300628,749.00131872,752.6634456,741.86980848,745.53193536,751.699728,7997829,309426901.0,1.1061,-0.8205,1,0
2024-12-12,sz.300628,746.11016592,749.19406224,735.50927232,739.94237328,745.53193536,7018593,269566093.41,0.9707,-0.7497,1,0
2024-12-13,sz.300628,735.50927232,738.2076816,726.6430704,730.30519728,739.94237328,8130251,308313355.12,1.1244,-1.3024,1,0
2024-12-16,sz.300628,732.23263248,748.8085752,727.02855744,736.47298992,730.30519728,7683129,295205309.52,1.0626,0.8446,1,0
2024-12-17,sz.300628,738.2076816,756.13282896,738.2076816,742.062552,736.47298992,9444925,366658766.49,1.3062,0.759,1,0
2024-12-18,sz.300628,749.00131872,754.78362432,737.62945104,749.7722928,742.062552,7780308,301642948.08,1.076,1.039,1,0
2024-12-19,sz.300628,744.37547424,777.33461616,742.25529552,772.51602816,749.7722928,15413284,614858055.27,2.1317,3.0334,1,0
2024-12-20,sz.300628,772.51602816,786.77904864,757.67477712,776.7563856,772.51602816,12516914,504885822.62,1.7311,0.5489,1,0
2024-12-23,sz.300628,765.1917744,765.1917744,719.70430368,721.63173888,776.7563856,16660460,635019596.76,2.3041,-7.0968,1,0
2024-12-24,sz.300628,729.5342232,757.4820336,725.29386576,746.49565296,721.63173888,12214960,472317878.2,1.6893,3.4455,1,0
2024-12-25,sz.300628,746.49565296,750.92875392,735.12378528,748.03760112,746.49565296,6223322,239867154.18,0.8607,0.2066,1,0
2024-12-26,sz.300628,745.9174224,770.97408,742.44803904,767.50469664,748.03760112,8202612,325076147.14,1.1344,2.6024,1,0
2024-12-27,sz.300628,767.50469664,773.8652328,762.49336512,763.64982624,767.50469664,7724290,307634747.4,1.0683,-0.5023,1,0
2024-12-30,sz.300628,764.80628736,787.3572792,761.72239104,763.45708272,763.64982624,9598080,385422403.2,1.3274,-0.0252,1,0
2024-12-31,sz.300628,764.99903088,770.0103624,743.9899872,743.9899872,763.45708272,5879743,230149148.4,0.8132,-2.5499,1,0
2025-01-02,sz.300628,743.60450016,749.38680576,715.65668976,722.7882,743.9899872,6828229,259343535.92,0.9443,-2.8497,1,0
2025-01-03,sz.300628,724.7156352,734.73829824,709.68164064,713.72925456,722.7882,6520924,243924777.76,0.9018,-1.2533,1,0
2025-01-06,sz.300628,713.72925456,719.31881664,703.89933504,708.332436,713.72925456,5045089,186555949.25,0.6977,-0.7561,1,0
2025-01-07,sz.300628,708.332436,739.94237328,708.332436,738.78591216,708.332436,8505611,322970451.04,1.1763,4.2993,1,0
2025-01-08,sz.300628,735.3165288,772.9015152,732.81086304,764.99903088,738.78591216,9818628,383540981.31,1.3579,3.5481,1,0
2025-01-09,sz.300628,759.79495584,769.62487536,750.15777984,752.27795856,764.99903088,6999911,275168643.4,0.9681,-1.6629,1,0
2025-01-10,sz.300628,748.8085752,756.90380304,721.63173888,721.63173888,752.27795856,6543700,249887258.44,0.905,-4.0738,1,0
2025-01-13,sz.300628,717.58412496,726.06483984,699.6589776,707.3687184,721.63173888,5775760,213271660.1,0.7988,-1.9765,1,0
2025-01-14,sz.300628,710.06712768,741.29157792,699.27349056,738.01493808,707.3687184,7241336,273246160.24,1.0015,4.3324,1,0
2025-01-15,sz.300628,736.2802464,739.55688624,719.12607312,720.28253424,738.01493808,5339558,201522892.15,0.7385,-2.4027,1,0
2025-01-16,sz.300628,751.699728,779.26205136,750.15777984,769.0466448,720.28253424,17485022,696182266.07,2.4182,6.7701,1,0
2025-01-17,sz.300628,770.20310592,790.63391904,765.77000496,785.429844,769.0466448,13019121,526359580.56,1.8006,2.1303,1,0
2025-01-20,sz.300628,792.1758672,808.94455344,786.58630512,795.83799408,785.429844,12418591,514923896.53,1.7175,1.3252,1,0
2025-01-21,sz.300628,795.64525056,803.54773488,782.15320416,792.94684128,795.83799408,8896965,364389647.96,1.2305,-0.3633,1,0
2025-01-22,sz.300628,786.3935616,800.65658208,786.3935616,792.94684128,792.94684128,6694278,275551264.56,0.9258,0.0,1,0
2025-01-23,sz.300628,801.8130432,802.19853024,781.18948656,789.2847144,792.94684128,7803403,319924226.69,1.0792,-0.4618,1,0
2025-01-24,sz.300628,780.80399952,803.54773488,780.80399952,794.29604592,789.2847144,6596359,272544515.14,0.9123,0.6349,1,0
2025-01-27,sz.300628,794.29604592,798.9218904,784.27338288,791.98312368,794.29604592,5957344,244429587.88,0.8239,-0.2912,1,0
2025-02-05,sz.300628,802.39127376,809.522784,785.62258752,805.6679136,791.98312368,9252960,383585459.34,1.2797,1.7279,1,0
2025-02-06,sz.300628,800.07835152,815.88332016,797.9581728,812.99216736,805.6679136,11198984,470995743.49,1.5488,0.9091,1,0
2025-02-07,sz.300628,819.15996,850.9626408,811.64296272,830.7245712,812.99216736,14960016,647802484.56,2.069,2.1811,1,0
2025-02-10,sz.300628,828.02616192,828.60439248,809.522784,814.341372,830.7245712,10811560,456955182.16,1.4952,-1.9722,1,0
2025-02-11,sz.300628,812.22119328,823.0148304,804.31870896,816.65429424,814.341372,9041216,381916381.6,1.2504,0.284,1,0
2025-02-12,sz.300628,819.73819056,834.00121104,809.522784,830.14634064,816.65429424,9714206,415910695.7,1.3435,1.6521,1,0
2025-02-13,sz.300628,832.6520064,834.5794416,784.08063936,784.27338288,830.14634064,13960862,576855936.65,1.9308,-5.5259,1,0
2025-02-14,sz.300628,784.4661264,796.60896816,783.11692176,791.01940608,784.27338288,7568588,310223746.6,1.0467,0.8602,1,0
2025-02-17,sz.300628,794.1033024,813.76314144,784.4661264,792.36861072,791.01940608,10460796,433425695.35,1.4467,0.1706,1,0
2025-02-18,sz.300628,788.3209968,794.87427648,774.63620688,778.10559024,792.36861072,6452042,262980263.16,0.8923,-1.8,1,0
2025-02-19,sz.300628,781.38223008,793.33232832,778.10559024,790.05568848,778.10559024,7491542,306322024.1,1.0361,1.5358,1,0
2025-02-20,sz.300628,789.86294496,792.56135424,775.98541152,791.79038016,790.05568848,5689482,231639773.91,0.7869,0.2196,1,0
2025-02-21,sz.300628,791.2121496,802.96950432,778.87656432,800.8493256,791.79038016,9978637,409851987.56,1.38,1.1441,1,0
2025-02-24,sz.300628,801.8130432,803.7404784,776.94912912,785.62258752,800.8493256,9644575,392682230.22,1.3338,-1.9013,1,0
2025-02-25,sz.300628,778.49107728,784.4661264,770.97408,779.45479488,785.62258752,6255018,252491484.17,0.8651,-0.7851,1,0
2025-02-26,sz.300628,781.18948656,786.3935616,773.8652328,780.03302544,779.45479488,6763940,273584636.9,0.9355,0.0742,1,0
2025-02-27,sz.300628,778.49107728,781.96046064,763.84256976,776.7563856,780.03302544,7026970,281309868.22,0.9718,-0.4201,1,0
2025-02-28,sz.300628,774.25071984,777.52735968,755.5545984,759.4094688,776.7563856,7559795,300362426.62,1.0455,-2.2333,1,0
2025-03-03,sz.300628,759.4094688,785.81533104,759.4094688,773.28700224,759.4094688,7325817,294817474.22,1.0132,1.8274,1,0
2025-03-04,sz.300628,770.97408,780.611256,767.31195312,780.41851248,773.28700224,4689230,188922946.0,0.6485,0.9222,1,0
2025-03-05,sz.300628,778.49107728,785.62258752,773.28700224,784.65886992,780.41851248,5010221,202910633.26,0.6929,0.5433,1,0
2025-03-06,sz.300628,782.5386912,800.8493256,779.84028192,792.75409776,784.65886992,8019586,329360849.2,1.1091,1.0317,1,0
2025-03-07,sz.300628,788.3209968,794.87427648,775.792668,780.611256,792.75409776,6072768,247584870.64,0.8399,-1.5317,1,0
2025-03-10,sz.300628,780.22576896,780.22576896,762.3006216,776.17815504,780.611256,5422634,217022490.42,0.75,-0.5679,1,0
2025-03-11,sz.300628,769.23938832,780.22576896,766.155492,775.21443744,776.17815504,4769313,190990946.33,0.6596,-0.1242,1,0
2025-03-12,sz.300628,775.21443744,785.429844,771.16682352,776.7563856,775.21443744,4744786,191491533.74,0.6562,0.1989,1,0
2025-03-13,sz.300628,777.7201032,779.26205136,766.34823552,772.9015152,776.7563856,4194153,167681012.23,0.5801,-0.4963,1,0
2025-03-14,sz.300628,771.9377976,786.00807456,769.62487536,784.4661264,772.9015152,6168079,249653314.58,0.853,1.4963,1,0
2025-03-17,sz.300628,791.59763664,792.94684128,772.51602816,774.63620688,784.4661264,5386270,217274980.3,0.7449,-1.2531,1,0
2025-03-18,sz.300628,776.17815504,784.4661264,768.0829272,783.11692176,774.63620688,6352730,257088754.94,0.8786,1.0948,1,0
2025-03-19,sz.300628,781.18948656,786.97179216,775.02169392,779.84028192,783.11692176,4539088,183586185.92,0.6278,-0.4184,1,0
2025-03-20,sz.300628,778.29833376,796.80171168,772.70877168,786.00807456,779.84028192,7091876,289349843.81,0.9808,0.7909,1,0
2025-03-21,sz.300628,782.73143472,803.35499136,780.22576896,788.70648384,786.00807456,8585794,353425684.91,1.1874,0.3433,1,0
2025-03-24,sz.300628,787.93550976,804.89693952,786.3935616,801.23481264,788.70648384,9307502,383883149.9,1.2872,1.5885,1,0
2025-03-25,sz.300628,801.42755616,806.43888768,787.3572792,791.01940608,801.23481264,7731201,319195191.04,1.0692,-1.275,1,0
2025-03-26,sz.300628,780.611256,781.5749736,762.68610864,768.0829272,791.01940608,9327580,372430469.08,1.29,-2.8996,1,0
2025-03-27,sz.300628,770.20310592,801.23481264,765.1917744,795.64525056,768.0829272,9952389,408525294.62,1.3764,3.5885,1,0
2025-03-28,sz.300628,794.48878944,809.33004048,791.2121496,802.39127376,795.64525056,7551000,314813558.98,1.0443,0.8479,1,0
2025-03-31,sz.300628,794.87427648,819.15996,786.3935616,786.97179216,802.39127376,10280867,427338466.19,1.4218,-1.9217,1,0
2025-04-01,sz.300628,791.98312368,795.83799408,777.52735968,782.92417824,786.97179216,7866954,321178784.05,1.088,-0.5143,1,0
2025-04-02,sz.300628,781.96046064,789.09197088,776.37089856,778.29833376,782.92417824,5092897,206174906.28,0.7043,-0.5908,1,0
2025-04-03,sz.300628,769.0466448,769.0466448,725.48660928,729.14873616,778.29833376,16985916,645358196.74,2.3492,-6.315,1,0
2025-04-07,sz.300628,679.99913856,684.04675248,630.84954096,671.32568016,729.14873616,20580216,703503964.72,2.8463,-7.9302,1,0
2025-04-08,sz.300628,671.32568016,683.08303488,641.64317808,652.05132816,671.32568016,14563227,496583919.01,2.0141,-2.8711,1,0
2025-04-09,sz.300628,639.9084864,662.26673472,630.65679744,643.18512624,652.05132816,10986907,368043819.19,1.5195,-1.3597,1,0
2025-04-10,sz.300628,665.9288616,680.3846256,653.4005328,653.59327632,643.18512624,11080342,382799777.3,1.5324,1.6182,1,0
2025-04-11,sz.300628,649.35291888,662.84496528,643.18512624,660.72478656,653.59327632,8624055,292784539.34,1.1927,1.0911,1,0
2025-04-14,sz.300628,680.3846256,683.2757784,659.56832544,660.91753008,660.72478656,9397055,324741776.62,1.2996,0.0292,1,0
2025-04-15,sz.300628,661.68850416,664.57965696,653.97876336,662.65222176,660.91753008,5860052,200599911.56,0.8104,0.2625,1,0
2025-04-16,sz.300628,656.48442912,660.91753008,643.37786976,653.20778928,662.65222176,6017326,203238754.69,0.8322,-1.4252,1,0
2025-04-17,sz.300628,648.38920128,658.2191208,647.6182272,652.4368152,653.20778928,4218722,143165946.66,0.5835,-0.118,1,0
2025-04-18,sz.300628,651.08761056,658.2191208,649.35291888,657.64089024,652.4368152,3329656,112976744.86,0.4605,0.7976,1,0
2025-04-21,sz.300628,659.1828384,664.0014264,636.053616,660.72478656,657.64089024,8339792,281010938.53,1.1534,0.4689,1,0
2025-04-22,sz.300628,660.33929952,662.26673472,648.38920128,653.4005328,660.72478656,6630248,224737257.44,0.917,-1.1085,1,0
2025-04-23,sz.300628,653.01504576,661.88124768,641.25769104,649.16017536,653.4005328,10619124,357130495.41,1.4686,-0.649,1,0
2025-04-24,sz.300628,644.53433088,649.16017536,633.74069376,637.0173336,649.16017536,9754566,322472797.7,1.3491,-1.8705,1,0
2025-04-25,sz.300628,636.24635952,641.06494752,632.39148912,637.40282064,637.0173336,6385095,211154483.25,0.8831,0.0605,1,0
2025-04-28,sz.300628,637.78830768,640.48671696,631.04228448,635.28264192,637.40282064,7230001,238210542.14,0.9999,-0.3326,1,0
2025-04-29,sz.300628,635.86087248,637.59556416,630.84954096,633.1624632,635.28264192,5842060,191921937.7,0.808,-0.3337,1,0
2025-04-30,sz.300628,631.04228448,657.2554032,631.04228448,639.71574288,633.1624632,10995640,367539250.69,1.5207,1.035,1,0
2025-05-06,sz.300628,645.690792,651.08761056,642.41415216,650.50938,639.71574288,10583665,356212253.38,1.4637,1.6873,1,0
2025-05-07,sz.300628,657.44814672,672.28939776,657.44814672,664.77240048,650.50938,12619330,435558069.2,1.7453,2.1926,1,0
2025-05-08,sz.300628,661.1102736,674.40957648,659.1828384,671.90391072,664.77240048,8780385,305059551.67,1.2143,1.0728,1,0
2025-05-09,sz.300628,674.40957648,674.40957648,661.1102736,664.0014264,671.90391072,6062058,209321391.73,0.8384,-1.1761,1,0
2025-05-12,sz.300628,679.80639504,692.72021088,676.72249872,680.96285616,664.0014264,9717248,343669706.68,1.3439,2.5544,1,0
2025-05-13,sz.300628,694.06941552,698.69526,679.03542096,680.3846256,680.96285616,11269645,401712726.9,1.5586,-0.0849,1,0
2025-05-14,sz.300628,680.19188208,693.10569792,675.18055056,680.57736912,680.3846256,8593013,303944589.18,1.1884,0.0283,1,0
2025-05-15,sz.300628,680.57736912,680.77011264,666.50709216,667.27806624,680.57736912,6010485,209313351.5,0.8313,-1.9541,1,0
2025-05-16,sz.300628,667.27806624,672.28939776,665.15788752,669.783732,667.27806624,3630160,126040680.54,0.5021,0.3755,1,0
2025-05-19,sz.300628,670.55470608,673.25311536,664.77240048,670.94019312,669.783732,4544764,157983267.19,0.6285,0.1727,1,0
2025-05-20,sz.300628,671.13293664,681.54108672,664.965144,677.10798576,670.94019312,6209945,217841387.1,0.8588,0.9193,1,0
2025-05-21,sz.300628,678.26444688,678.26444688,668.8200144,670.7474496,677.10798576,3946309,137435902.0,0.5458,-0.9394,1,0
2025-05-22,sz.300628,673.44585888,684.04675248,669.01275792,676.5297552,670.7474496,5398762,189299183.69,0.7467,0.8621,1,0
2025-05-23,sz.300628,675.5660376,679.22816448,668.43452736,671.51842368,676.5297552,4138924,144734364.67,0.5724,-0.7407,1,0
2025-05-26,sz.300628,671.51842368,671.51842368,664.0014264,667.66355328,671.51842368,3245653,112200229.69,0.4489,-0.5741,1,0
2025-05-27,sz.300628,669.783732,679.61365152,667.66355328,676.14426816,667.66355328,5130546,179592442.15,0.7096,1.2702,1,0
2025-05-28,sz.300628,675.95152464,684.43223952,674.21683296,679.03542096,676.14426816,5372535,189463530.25,0.743,0.4276,1,0
2025-05-29,sz.300628,679.22816448,688.0943664,677.87895984,688.0943664,679.03542096,6810480,241980803.6,0.9419,1.3341,1,0
2025-05-30,sz.300628,688.094256,689.094393,674.6924202,674.8924476,688.094256,6455674,219594550.22,0.8928,-1.9186,1,0
2025-06-03,sz.300628,671.2919544,676.8927216,664.090968,672.8921736,674.8924476,5535884,185764471.37,0.7656,-0.2964,1,0
2025-06-04,sz.300628,673.8923106,679.093023,670.6918722,672.4921188,672.8921736,4714602,158942988.99,0.652,-0.0595,1,0
2025-06-05,sz.300628,676.2926394,690.8946396,673.6922832,689.094393,672.4921188,7464022,255900602.96,1.0323,2.4688,1,0
2025-06-06,sz.300628,693.2949684,695.095215,679.2930504,684.6937902,689.094393,4577690,156324445.9,0.6331,-0.6386,1,0
2025-06-09,sz.300628,685.6939272,697.095489,684.093708,694.6951602,684.6937902,4668175,161230788.24,0.6456,1.4607,1,0
2025-06-10,sz.300628,694.4951328,695.6952972,677.2927764,681.2933244,694.6951602,4976106,170592053.24,0.6882,-1.9292,1,0
2025-06-11,sz.300628,683.4936258,703.6963932,678.6929682,699.095763,681.2933244,7170218,248578707.59,0.9916,2.613,1,0
2025-06-12,sz.300628,696.4954068,710.6973522,694.4951328,700.0959,699.095763,5974643,210086066.29,0.8263,0.1431,1,0
2025-06-13,sz.300628,697.8955986,701.6961192,683.6936532,685.4938998,700.0959,6205633,214171268.67,0.8582,-2.0857,1,0
2025-06-16,sz.300628,683.6936532,695.6952972,682.4934888,691.094667,685.4938998,4143577,143147320.64,0.5731,0.817,1,0
2025-06-17,sz.300628,691.8947766,695.095215,684.8938176,694.8951876,691.094667,4430782,153001489.37,0.6128,0.5499,1,0
2025-06-18,sz.300628,690.2945574,704.096448,688.2942834,699.8958726,694.8951876,4601029,160812861.92,0.6363,0.7196,1,0
2025-06-19,sz.300628,700.0959,704.096448,686.4940368,687.8942286,699.8958726,4016060,139309281.74,0.5554,-1.7148,1,0
2025-06-20,sz.300628,693.4949958,693.4949958,683.4936258,684.2937354,687.8942286,3175930,108944359.05,0.4392,-0.5234,1,0
2025-06-23,sz.300628,682.2934614,684.093708,669.091653,676.092612,684.2937354,5404980,182214320.4,0.7477,-1.1985,1,0
2025-06-24,sz.300628,679.2930504,694.8951876,679.2930504,690.2945574,676.092612,5225628,180004779.93,0.7202,2.1006,1,0
2025-06-25,sz.300628,690.6946122,697.4955438,688.6943382,696.095352,690.2945574,4784092,165664341.11,0.6594,0.8403,1,0
2025-06-26,sz.300628,692.094804,693.094941,673.092201,676.2926394,696.095352,13942885,473287480.13,1.9217,-2.8448,1,0
2025-06-27,sz.300628,676.6926942,701.096037,674.092338,691.8947766,676.2926394,11916917,410747763.51,1.6425,2.307,1,0
2025-06-30,sz.300628,691.8947766,703.096311,690.4945848,695.2952424,691.8947766,8176715,284203873.43,1.127,0.4915,1,0
2025-07-01,sz.300628,694.095078,697.4955438,686.4940368,695.2952424,695.2952424,5731486,198101917.62,0.79,0.0,1,0
2025-07-02,sz.300628,695.2952424,695.2952424,684.2937354,686.6940642,695.2952424,4718253,162072326.12,0.6503,-1.2371,1,0
2025-07-03,sz.300628,687.6942012,713.8977906,687.6942012,710.6973522,686.6940642,14275575,504488203.72,1.9676,3.4955,1,0
2025-07-04,sz.300628,710.09727,711.097407,697.2955164,700.2959274,710.6973522,7702283,270372805.32,1.0616,-1.4636,1,0
2025-07-07,sz.300628,698.6957082,698.6957082,685.093845,688.6943382,700.2959274,8664243,297923594.15,1.1942,-1.6567,1,0
2025-07-08,sz.300628,688.6943382,702.8962836,687.4941738,698.4956808,688.6943382,8835422,308793685.86,1.2178,1.4232,1,0
2025-07-09,sz.300628,701.4960918,702.096174,691.4947218,692.6948862,698.4956808,5442754,188857133.78,0.7502,-0.8305,1,0
2025-07-10,sz.300628,693.094941,699.2957904,690.2945574,698.2956534,692.6948862,5314818,184768844.68,0.7325,0.8085,1,0
2025-07-11,sz.300628,699.8958726,701.096037,693.6950232,696.2953794,698.2956534,5734354,199925436.8,0.7904,-0.2865,1,0
2025-07-14,sz.300628,692.094804,693.6950232,679.6931052,687.6942012,696.2953794,7448721,255672565.83,1.0266,-1.2353,1,0
2025-07-15,sz.300628,687.6942012,690.09453,676.2926394,682.093434,687.6942012,7865628,268109001.64,1.0841,-0.8144,1,0
2025-07-16,sz.300628,677.4928038,684.4937628,673.2922284,676.4926668,682.093434,7621385,258328260.19,1.0504,-0.8211,1,0
2025-07-17,sz.300628,675.092475,680.4932148,672.6921462,680.09316,676.4926668,5502062,186293186.54,0.7583,0.5322,1,0
2025-07-18,sz.300628,679.4930778,684.2937354,677.6928312,680.09316,680.09316,5550292,188998781.61,0.765,0.0,1,0
2025-07-21,sz.300628,679.4930778,680.2931874,675.4925298,678.092886,680.09316,7984264,270221539.46,1.1005,-0.2941,1,0
2025-07-22,sz.300628,677.8928586,684.6937902,676.8927216,681.4933518,678.092886,10248271,348490801.47,1.4125,0.5015,1,0
2025-07-23,sz.300628,680.8932696,691.2946944,679.093023,683.8936806,681.4933518,9755735,334420380.31,1.3446,0.3522,1,0
2025-07-24,sz.300628,686.4940368,688.4943108,680.6932422,688.094256,683.8936806,8832700,302220046.46,1.2174,0.6142,1,0
2025-07-25,sz.300628,687.8942286,698.8957356,686.8940916,692.8949136,688.094256,9771895,339014815.77,1.3468,0.6977,1,0
2025-07-28,sz.300628,693.2949684,695.6952972,680.8932696,683.6936532,692.8949136,11390598,389787520.74,1.5699,-1.3279,1,0
2025-07-29,sz.300628,681.8934066,704.2964754,681.093297,701.2960644,683.6936532,14937102,518256261.75,2.0588,2.5746,1,0
2025-07-30,sz.300628,699.6958452,700.0959,683.6936532,688.8943656,701.2960644,9286584,321206144.3,1.28,-1.7684,1,0
2025-07-31,sz.300628,690.09453,692.2948314,670.09179,671.091927,688.8943656,14476119,492227749.34,1.9952,-2.5842,1,0
2025-08-01,sz.300628,670.6918722,676.8927216,664.2909954,671.6920092,671.091927,8431350,282455099.88,1.1621,0.0894,1,0
2025-08-04,sz.300628,667.6914612,673.4922558,666.091242,673.4922558,671.6920092,4895001,163998980.6,0.6747,0.268,1,0
2025-08-05,sz.300628,674.092338,681.093297,671.8920366,680.4932148,673.4922558,6448773,218212721.7,0.8888,1.0395,1,0
2025-08-06,sz.300628,679.093023,682.4934888,676.6926942,681.093297,680.4932148,4663560,158654071.6,0.6428,0.0882,1,0
2025-08-07,sz.300628,682.2934614,687.6942012,677.6928312,678.4929408,681.093297,4896455,166712035.7,0.6749,-0.3818,1,0
2025-08-08,sz.300628,677.2927764,678.092886,670.09179,671.8920366,678.4929408,5466533,183878329.96,0.7534,-0.9729,1,0
2025-08-11,sz.300628,672.4921188,690.2945574,671.4919818,683.8936806,671.8920366,7161691,243452814.5,0.9871,1.7862,1,0
2025-08-12,sz.300628,682.4934888,688.8943656,679.4930778,685.093845,683.8936806,7967378,272903249.3,1.0981,0.1755,1,0
2025-08-13,sz.300628,685.6939272,695.8953246,681.6933792,692.4948588,685.093845,10441293,360380405.58,1.4391,1.0803,1,0
2025-08-14,sz.300628,693.4949958,696.4954068,679.2930504,681.093297,692.4948588,8619942,295907116.67,1.1881,-1.6464,1,0
2025-08-15,sz.300628,682.093434,692.6948862,677.6928312,692.2948314,681.093297,7963773,274057219.79,1.0976,1.6446,1,0
2025-08-18,sz.300628,692.8949136,710.09727,690.4945848,703.096311,692.2948314,13271111,465297021.87,1.8291,1.5602,1,0
2025-08-19,sz.300628,705.096585,712.097544,697.8955986,702.096174,703.096311,9315298,327771947.33,1.2839,-0.1422,1,0
2025-08-20,sz.300628,702.096174,711.6974892,695.095215,711.2974344,702.096174,8979164,316842514.32,1.2376,1.3105,1,0
2025-08-21,sz.300628,715.2979824,723.099051,707.2968864,709.097133,711.2974344,11239956,400435553.24,1.5492,-0.3093,1,0
2025-08-22,sz.300628,709.097133,722.6989962,708.2970234,721.098777,709.097133,11146413,399396340.95,1.5363,1.6925,1,0
2025-08-25,sz.300628,725.4993798,746.102202,723.6991332,732.3003114,721.098777,16411725,601797149.13,2.262,1.5534,1,0
2025-08-26,sz.300628,732.7003662,777.7065312,730.3000374,770.7055722,732.3003114,22437293,851916543.01,3.0925,5.2445,1,0
2025-08-27,sz.300628,768.3052434,782.7072162,746.7022842,750.3027774,770.7055722,20930325,801763497.34,2.8848,-2.6473,1,0
2025-08-28,sz.300628,749.9027226,759.3040104,732.100284,753.9032706,750.3027774,15190235,567470022.05,2.0937,0.4799,1,0
2025-08-29,sz.300628,754.103298,762.104394,742.7017362,755.9035446,753.9032706,12290235,462872761.95,1.694,0.2653,1,0
2025-09-01,sz.300628,761.3042844,767.3051064,749.102613,760.9042296,755.9035446,12333919,466350178.64,1.7,0.6616,1,0
2025-09-02,sz.300628,760.9042296,780.10686,737.7010512,750.9028596,760.9042296,15838339,599008102.38,2.183,-1.3144,1,0
2025-09-03,sz.300628,751.102887,753.5032158,728.6998182,732.5003388,750.9028596,9793558,361446307.19,1.3498,-2.4507,1,0
2025-09-04,sz.300628,737.7010512,744.3019554,704.096448,714.097818,732.5003388,12563788,453607913.89,1.7317,-2.5123,1,0
2025-09-05,sz.300628,719.8986126,739.5012978,708.2970234,738.5011608,714.097818,11850540,429797043.9,1.6334,3.4174,1,0
2025-09-08,sz.300628,741.5015718,771.9057366,738.7011882,762.104394,738.5011608,16186908,616822039.51,2.231,3.1961,1,0
2025-09-09,sz.300628,760.10412,762.104394,745.7021472,749.9027226,762.104394,8147547,306529208.84,1.123,-1.601,1,0
2025-09-10,sz.300628,750.5028048,792.9086136,750.5028048,765.9049146,749.9027226,17414532,674417410.62,2.4002,2.1339,1,0
2025-09-11,sz.300628,765.9049146,778.9066956,751.5029418,773.5059558,765.9049146,12447916,476941993.24,1.7157,0.9924,1,0
2025-09-12,sz.300628,773.105901,774.106038,757.9038186,761.104257,773.5059558,9017383,344496986.13,1.2429,-1.6033,1,0
2025-09-15,sz.300628,764.9047776,771.105627,755.103435,757.103709,761.104257,8630571,328784252.0,1.1896,-0.5256,1,0
2025-09-16,sz.300628,758.9039556,765.3048324,749.7026952,758.7039282,757.103709,7092443,268228286.41,0.9776,0.2114,1,0
2025-09-17,sz.300628,762.3044214,825.7131072,759.3040104,823.3127784,758.7039282,26941248,1083446070.8,3.7133,8.5157,1,0
2025-09-18,sz.300628,810.11097,814.111518,775.7062572,783.9073806,823.3127784,21434875,850833011.07,2.9538,-4.7862,1,0
2025-09-19,sz.300628,783.5073258,799.9095726,780.10686,791.7084492,783.9073806,15158677,600513212.71,2.0889,0.9952,1,0
2025-09-22,sz.300628,789.5081478,793.7087232,758.103846,762.7044762,791.7084492,19136899,732035908.72,2.6371,-3.6635,1,0
2025-09-23,sz.300628,765.9049146,767.7051612,728.099736,739.9013526,762.7044762,15297982,567364668.22,2.108,-2.9898,1,0
2025-09-24,sz.300628,741.3015444,765.7048872,740.10138,762.9045036,739.9013526,14207788,537934991.08,1.9578,3.1089,1,0
2025-09-25,sz.300628,762.9045036,784.9075176,761.7043392,774.9061476,762.9045036,13756783,534295357.98,1.8957,1.5732,1,0
2025-09-26,sz.300628,775.106175,781.5070518,758.5039008,759.3040104,774.9061476,7932003,303360043.93,1.093,-2.0134,1,0
2025-09-29,sz.300628,760.31753479,762.54720498,748.96648655,759.91214021,759.30404834,7138332,266150434.36,0.9837,0.0801,1,0
2025-09-30,sz.300628,762.95259956,764.57417788,749.979973,749.979973,759.91214021,8628626,321154620.59,1.189,-1.307,1,0
2025-10-09,sz.300628,754.23661609,763.35799414,747.54760552,757.88516731,749.979973,10408526,388290258.82,1.4343,1.0541,1,0
2025-10-10,sz.300628,763.76338872,778.15489631,747.9530001,749.979973,757.88516731,9180975,343722038.97,1.2651,-1.0431,1,0
2025-10-13,sz.300628,725.6562982,733.56149251,712.48097435,725.04820633,749.979973,11054402,393972866.78,1.5233,-3.3243,1,0
2025-10-14,sz.300628,726.87248194,731.53451961,703.76499088,707.81893668,725.04820633,11081222,391500868.75,1.527,-2.3763,1,0
2025-10-15,sz.300628,709.440515,713.29176351,702.14341256,712.68367164,707.81893668,5763012,201448682.87,0.7941,0.6873,1,0
2025-10-16,sz.300628,719.5753795,733.7641898,718.35919576,727.27787652,712.68367164,9571144,343046054.11,1.3189,2.0478,1,0
2025-10-17,sz.300628,724.84550904,736.60195186,707.21084481,707.81893668,727.27787652,8042323,284875893.81,1.1082,-2.6756,1,0
2025-10-20,sz.300628,714.50794725,719.16998492,708.42702855,710.45400145,707.81893668,5547250,195024201.27,0.7644,0.3723,1,0
2025-10-21,sz.300628,713.08906622,717.14301202,709.84590958,710.85939603,710.45400145,7169156,251969422.82,0.9879,0.0571,1,0
2025-10-22,sz.300628,705.99466107,715.92682828,703.15689901,709.64321229,710.85939603,4432452,155130601.1,0.6108,-0.1711,1,0
2025-10-23,sz.300628,707.4135421,711.87288248,694.44091554,710.25130416,709.64321229,5567460,192745671.6,0.7672,0.0857,1,0
2025-10-24,sz.300628,713.29176351,720.18347137,708.62972584,717.14301202,710.25130416,6548853,230772809.95,0.9024,0.9703,1,0
2025-10-27,sz.300628,723.22393072,749.57457842,720.79156324,727.48057381,717.14301202,12151441,439498132.57,1.6745,1.4415,1,0
2025-10-28,sz.300628,729.710244,740.85859495,727.6832711,729.710244,727.48057381,7934191,287252131.78,1.0933,0.3065,1,0
2025-10-29,sz.300628,730.31833587,738.62892476,730.31833587,737.8181356,729.710244,6656880,241274646.82,0.9173,1.1111,1,0
2025-10-30,sz.300628,739.23701663,740.85859495,725.45360091,728.29136297,737.8181356,8965498,323757032.5,1.2354,-1.2912,1,0
2025-10-31,sz.300628,729.91294129,734.16958438,723.83202259,729.710244,728.29136297,6376421,229726828.78,0.8787,0.1948,1,0
2025-11-03,sz.300628,729.30484942,738.83162205,726.26439007,734.77767625,729.710244,6115733,221388614.36,0.8427,0.6944,1,0
2025-11-04,sz.300628,732.75070335,734.57497896,716.94031473,720.58886595,734.77767625,5834784,208323607.3,0.804,-1.931,1,0
2025-11-05,sz.300628,719.5753795,725.6562982,716.12952557,721.80504969,720.58886595,3936542,140040261.48,0.5424,0.1688,1,0
2025-11-06,sz.300628,723.6293253,732.34530877,721.80504969,729.710244,721.80504969,5087188,182882409.36,0.701,1.0952,1,0
2025-11-07,sz.300628,728.08866568,731.53451961,721.6023524,727.27787652,729.710244,4692467,168451950.44,0.6466,-0.3333,1,0
2025-11-10,sz.300628,726.46708736,733.96688709,722.00774698,732.75070335,727.27787652,5142619,184534362.83,0.7086,0.7525,1,0
2025-11-11,sz.300628,733.96688709,740.65589766,724.23741717,725.25090362,732.75070335,5792632,208593344.44,0.7982,-1.0235,1,0
2025-11-12,sz.300628,725.6562982,731.7372169,720.99426053,727.27787652,725.25090362,4790266,171586992.93,0.6601,0.2795,1,0
2025-11-13,sz.300628,727.48057381,727.48057381,714.30524996,719.5753795,727.27787652,7301776,258464907.34,1.0062,-1.0591,1,0
2025-11-14,sz.300628,717.34570931,724.23741717,715.31873641,715.31873641,719.5753795,4505168,159930655.64,0.6208,-0.5915,1,0
2025-11-17,sz.300628,715.11603912,715.11603912,690.99506161,692.81933722,715.31873641,10792380,371449766.75,1.4872,-3.1454,1,0
2025-11-18,sz.300628,692.81933722,695.65709928,689.37348329,692.81933722,692.81933722,4881855,166827030.27,0.6727,0.0,1,0
2025-11-19,sz.300628,696.06249386,696.46788844,685.72493207,685.92762936,692.81933722,4306650,146620949.5,0.5935,-0.9947,1,0
2025-11-20,sz.300628,690.99506161,691.40045619,681.46828898,684.30605104,685.92762936,3974142,134527632.31,0.5476,-0.2364,1,0
2025-11-21,sz.300628,683.90065646,688.35999684,670.9280299,673.36039738,684.30605104,6135625,205297311.32,0.8455,-1.5995,1,0
2025-11-24,sz.300628,675.99546215,693.2247318,673.36039738,685.31953749,673.36039738,6814731,230677119.55,0.9391,1.776,1,0
2025-11-25,sz.300628,688.96808871,695.04900741,682.68447272,687.95460226,685.31953749,5121396,174346817.91,0.7057,0.3845,1,0
2025-11-26,sz.300628,686.73841852,691.1977589,682.27907814,682.88717001,687.95460226,4644604,157160354.52,0.64,-0.7366,1,0
2025-11-27,sz.300628,682.07638085,690.99506161,681.0628944,684.30605104,682.88717001,5047441,171014795.38,0.6955,0.2078,1,0
2025-11-28,sz.300628,684.91414291,687.54920768,679.44131608,684.30605104,684.30605104,5302381,178760594.45,0.7307,0.0,1,0
2025-12-01,sz.300628,684.50874833,697.2786776,684.50874833,696.67058573,684.30605104,7014380,239726804.99,0.9666,1.8069,1,0
2025-12-02,sz.300628,697.2786776,697.2786776,686.73841852,692.81933722,696.67058573,4051952,138133289.22,0.5584,-0.5528,1,0
2025-12-03,sz.300628,692.61663993,693.83282367,686.53572123,689.170786,692.81933722,3028167,103000742.09,0.4173,-0.5266,1,0
2025-12-04,sz.300628,689.170786,690.18427245,677.0089486,684.50874833,689.170786,4169160,140500851.3,0.5745,-0.6765,1,0
2025-12-05,sz.300628,683.90065646,698.29216405,681.0628944,695.2517047,684.50874833,5261703,179106572.49,0.7251,1.5694,1,0
2025-12-08,sz.300628,695.2517047,702.95420172,693.63012638,701.12992611,695.2517047,6665405,230219875.74,0.9185,0.8455,1,0
2025-12-09,sz.300628,701.3326234,707.4135421,695.45440199,697.2786776,701.12992611,5245542,181468042.35,0.7228,-0.5493,1,0
2025-12-10,sz.300628,703.56229359,714.71064454,700.31913695,707.81893668,697.2786776,11529590,402855049.88,1.5888,1.5116,1,0
2025-12-11,sz.300628,705.99466107,718.35919576,704.37308275,706.19735836,707.81893668,9102195,319455179.43,1.2543,-0.2291,1,0
2025-12-12,sz.300628,707.4135421,733.56149251,706.40005565,728.69675755,706.19735836,16143249,577936701.31,2.2245,3.186,1,0
2025-12-15,sz.300628,727.6832711,739.03431934,719.16998492,720.58886595,728.69675755,12194061,436923207.73,1.6803,-1.1127,1,0
2025-12-16,sz.300628,720.58886595,733.35879522,718.96728763,727.6832711,720.58886595,9353985,336155355.71,1.289,0.9845,1,0
2025-12-17,sz.300628,722.81853614,735.7911627,720.99426053,732.34530877,727.6832711,8263719,296474742.41,1.1387,0.6407,1,0
2025-12-18,sz.300628,727.88596839,739.43971392,726.46708736,731.7372169,732.34530877,7270262,263471969.35,1.0018,-0.083,1,0
2025-12-19,sz.300628,732.34530877,743.49365972,732.34530877,740.25050308,731.7372169,7278120,265638975.33,1.0029,1.1634,1,0
2025-12-22,sz.300628,739.64241121,742.88556785,733.7641898,737.00734644,740.25050308,6321919,229836553.41,0.8712,-0.4381,1,0
2025-12-23,sz.300628,735.99385999,749.16918384,733.96688709,734.77767625,737.00734644,8115516,297154017.52,1.1183,-0.3025,1,0
2025-12-24,sz.300628,735.18307083,748.96648655,732.54800606,746.93951365,734.77767625,7014984,257290095.63,0.9667,1.6552,1,0
2025-12-25,sz.300628,744.70984346,750.99345945,741.8720814,746.93951365,746.93951365,5246739,193475205.91,0.723,0.0,1,0
2025-12-26,sz.300628,746.93951365,749.77727571,739.8451085,743.49365972,746.93951365,4532733,166699909.21,0.6246,-0.4613,1,0
2025-12-29,sz.300628,739.8451085,747.34490823,734.57497896,742.68287056,743.49365972,6359112,232380689.32,0.8763,-0.1091,1,0
2025-12-30,sz.300628,738.02083289,742.88556785,731.33182232,731.7372169,742.68287056,5253218,190739670.5,0.7239,-1.4738,1,0
2025-12-31,sz.300628,735.38576812,738.42622747,722.21044427,722.61583885,731.7372169,6111178,219345756.0,0.8421,-1.2465,1,0
