date,code,open,high,low,close,preclose,volume,amount,turn,pctChg,tradestatus,isST
2021-01-04,sh.600519,13133.73066138,13166.63098569,13027.54338711,13114.161207,13120.728138,4351400.0,8686920261.12,0.3464,-0.0501,1,0
2021-01-05,sh.600519,13068.19269,13524.26604795,13018.67803026,13524.26604795,13114.161207,5211605.0,10592557369.7,0.4149,3.1272,1,0
2021-01-06,sh.600519,13559.3991288,13954.728375,13370.46852393,13790.5551,13524.26604795,4741020.0,9882593867.1,0.3774,1.969,1,0
2021-01-07,sh.600519,13770.854307,14053.23234,13626.381825,14053.23234,13790.5551,3793139.0,7991178754.07,0.302,1.9048,1,0
2021-01-08,sh.600519,14066.366202,14124.68054928,13547.70999162,13724.88579,14053.23234,5386164.0,11345202869.15,0.4288,-2.3364,1,0
2021-01-11,sh.600519,13724.88579,14122.1851155,13518.6841566,13788.78202863,13724.88579,5107990.0,10768565414.66,0.4066,0.4656,1,0
2021-01-12,sh.600519,13711.751928,14190.4811979,13692.051135,14190.4811979,13788.78202863,4105859.0,8800558287.66,0.3268,2.9132,1,0
2021-01-13,sh.600519,14210.838684,14272.10815023,14020.397685,14210.838684,14190.4811979,3438993.0,7418330853.82,0.2738,0.1435,1,0
2021-01-14,sh.600519,14158.303236,14204.271753,13896.34835841,14013.830754,14210.838684,3615220.0,7722089683.72,0.2878,-1.3863,1,0
2021-01-15,sh.600519,13889.059065,14016.12917985,13324.302999,13672.350342,14013.830754,5950939.0,12372103226.55,0.4737,-2.4367,1,0
2021-01-18,sh.600519,13534.83880686,13734.60484788,13398.31231137,13547.578653,13672.350342,3914404.0,8076715789.5,0.3116,-0.9126,1,0
2021-01-19,sh.600519,13613.97032541,13766.2574553,13178.84547735,13195.65682071,13547.578653,4634519.0,9479278513.19,0.3689,-2.5977,1,0
2021-01-20,sh.600519,13186.397448,13498.26100119,13018.9407075,13400.67640653,13195.65682071,4508242.0,9126453276.98,0.3589,1.5537,1,0
2021-01-21,sh.600519,13449.074688,13725.01712862,13403.106171,13593.54717,13400.67640653,3831017.0,7953455966.93,0.305,1.4393,1,0
2021-01-22,sh.600519,13586.980239,13790.5551,13528.5345531,13658.88813345,13593.54717,2924761.0,6090260363.6,0.2328,0.4807,1,0
2021-01-25,sh.600519,13678.917273,14312.6261145,13678.917273,14283.074925,13658.88813345,5595716.0,12029474557.67,0.4454,4.5698,1,0
2021-01-26,sh.600519,14348.744235,14361.878097,13955.45073741,14065.64383959,14283.074925,3174746.0,6820173361.71,0.2527,-1.5223,1,0
2021-01-27,sh.600519,14065.64383959,14065.64383959,13692.051135,13718.318859,14065.64383959,3712017.0,7809446386.54,0.2955,-2.4693,1,0
2021-01-28,sh.600519,13659.21648,13853.99165346,13528.00919862,13711.751928,13718.318859,3512864.0,7337084454.98,0.2796,-0.0479,1,0
2021-01-29,sh.600519,13798.36974789,14115.48684588,13726.33051482,13896.80804358,13711.751928,3370133.0,7166179277.17,0.2683,1.3496,1,0
2021-02-01,sh.600519,13987.56303,14184.57096,13757.720445,13851.75889692,13896.80804358,2934059.0,6219639110.8,0.2336,-0.3242,1,0
2021-02-02,sh.600519,13870.80299682,14118.83598069,13804.3456551,14086.066995,13851.75889692,3458225.0,7372233581.9,0.2753,1.6915,1,0
2021-02-03,sh.600519,14118.90165,14435.88740937,14053.23234,14380.98786621,14086.066995,3871415.0,8384049314.31,0.3082,2.0937,1,0
2021-02-04,sh.600519,14388.145821,15300.94923,14388.145821,15240.86181135,14380.98786621,6385101.0,14596930187.5,0.5083,5.9792,1,0
2021-02-05,sh.600519,15268.114575,15528.1650426,15044.838921,15189.311403,15240.86181135,3972906.0,9253566204.82,0.3163,-0.3382,1,0
2021-02-08,sh.600519,15346.917747,15621.94081728,15189.311403,15555.7461528,15189.311403,3578573.0,8420758624.81,0.2849,2.4125,1,0
2021-02-09,sh.600519,15555.7461528,16131.20631633,15432.28785,16131.20631633,15555.7461528,3329655.0,7972930044.98,0.2651,3.6993,1,0
2021-02-10,sh.600519,16318.823535,17081.9009172,16318.823535,17080.587531,16131.20631633,6137057.0,15675929713.5,0.4885,5.8854,1,0
2021-02-18,sh.600519,16995.08608938,17257.10663628,16187.484915,16226.886501,17080.587531,6591232.0,16704135269.47,0.5247,-4.9981,1,0
2021-02-19,sh.600519,16096.59858996,16395.39395046,15639.8028696,16154.65026,16226.886501,5938546.0,14525164524.57,0.4727,-0.4452,1,0
2021-02-22,sh.600519,16121.815605,16121.815605,14960.91354282,15025.26946662,16154.65026,7893547.0,18498777222.54,0.6284,-6.9911,1,0
2021-02-23,sh.600519,14875.01808534,15398.73083259,14874.098715,15149.909817,15025.26946662,5745460.0,13316110795.16,0.4574,0.8295,1,0
2021-02-24,sh.600519,15156.41107869,15222.146058,14187.8544255,14375.011959,15149.909817,8211578.0,18195034445.01,0.6537,-5.1149,1,0
2021-02-25,sh.600519,14506.350579,14608.1380095,13929.83970651,14118.90165,14375.011959,5972643.0,12982145755.12,0.4755,-1.7816,1,0
2021-02-26,sh.600519,13790.5551,14315.58123345,13575.8164563,13940.14978818,14118.90165,6652506.0,14097015493.7,0.5296,-1.266,1,0
2021-03-01,sh.600519,14309.342649,14309.342649,13921.89372,14171.437098,13940.14978818,4491626.0,9686945528.92,0.3576,1.6591,1,0
2021-03-02,sh.600519,14315.90958,14315.90958,13350.570723,13514.743998,14171.437098,7076450.0,14796698645.52,0.5633,-4.6339,1,0
2021-03-03,sh.600519,13396.53924,14117.39125587,13350.570723,14053.23234,13514.743998,5421546.0,11366685429.08,0.4316,3.9845,1,0
2021-03-04,sh.600519,13757.720445,13764.287376,13200.1880031,13350.570723,14053.23234,6508829.0,13297304315.65,0.5181,-5.0,1,0
2021-03-05,sh.600519,13133.862,13757.720445,13055.058828,13528.60022241,13350.570723,6377920.0,13100315985.42,0.5077,1.3335,1,0
2021-03-08,sh.600519,13626.11914776,13692.051135,12871.18476,12871.18476,13528.60022241,6309959.0,12724245990.38,0.5023,-4.8594,1,0
2021-03-09,sh.600519,12838.350105,13133.862,12478.35094758,12720.07967769,12871.18476,8226581.0,16100769578.87,0.6549,-1.174,1,0
2021-03-10,sh.600519,12982.822587,13133.00829897,12917.153277,12936.91973931,12720.07967769,5117174.0,10136910283.82,0.4074,1.7047,1,0
2021-03-11,sh.600519,12969.688725,13659.15081069,12880.90381788,13449.074688,12936.91973931,5676897.0,11521736383.85,0.4519,3.9589,1,0
2021-03-12,sh.600519,13593.54717,13639.515687,13147.06153131,13304.602206,13449.074688,4032251.0,8181594631.17,0.321,-1.0742,1,0
2021-03-15,sh.600519,13462.20855,13592.2337838,12813.06742065,12972.64384395,13304.602206,6248487.0,12459955712.19,0.4974,-2.4951,1,0
2021-03-16,sh.600519,12969.22903983,13265.13495069,12904.019415,13202.8147755,12972.64384395,3464850.0,6918600717.41,0.2758,1.7743,1,0
2021-03-17,sh.600519,13133.862,13462.20855,12976.32132531,13333.23402516,13202.8147755,3137491.0,6352656523.24,0.2498,0.9878,1,0
2021-03-18,sh.600519,13363.704585,13700.98216116,13363.704585,13591.5770907,13333.23402516,3386488.0,6997030294.38,0.2696,1.9376,1,0
2021-03-19,sh.600519,13363.704585,13416.240033,13082.83694613,13199.53131,13591.5770907,3578077.0,7211521835.48,0.2848,-2.8845,1,0
2021-03-22,sh.600519,13134.5186931,13305.19322979,12841.96191705,13068.12702069,13199.53131,3691407.0,7323391310.93,0.2939,-0.9955,1,0
2021-03-23,sh.600519,13126.50703728,13191.6509928,12936.85407,13107.594276,13068.12702069,2744619.0,5459520703.31,0.2185,0.302,1,0
2021-03-24,sh.600519,13009.090311,13219.232103,13009.090311,13061.625759,13107.594276,2935739.0,5857848160.33,0.2337,-0.3507,1,0
2021-03-25,sh.600519,12936.91973931,13060.83772728,12784.5012708,12943.421001,13061.625759,3157523.0,6216733243.7,0.2514,-0.905,1,0
2021-03-26,sh.600519,13035.358035,13278.334482,12858.050898,13219.232103,12943.421001,5001642.0,9987629443.81,0.3982,2.1309,1,0
2021-03-29,sh.600519,13417.5534192,13766.58580185,13305.58724565,13357.7943471,13219.232103,5699220.0,11740129412.79,0.4537,1.0482,1,0
2021-03-30,sh.600519,13396.53924,13698.618066,13364.22993948,13501.93848255,13357.7943471,3262697.0,6717493349.55,0.2597,1.0791,1,0
2021-03-31,sh.600519,13430.0305881,13436.07216462,13133.862,13192.964379,13501.93848255,3715441.0,7489086233.43,0.2958,-2.2884,1,0
2021-04-01,sh.600519,13271.767551,13441.1943708,13141.87365582,13426.0904295,13192.964379,2658763.0,5379775870.02,0.2117,1.767,1,0
2021-04-02,sh.600519,13501.610136,14217.405615,13501.610136,14197.704822,13426.0904295,5202757.0,10981752657.58,0.4142,5.7471,1,0
2021-04-06,sh.600519,14191.137891,14197.57348338,13805.6590413,13961.49231393,14197.704822,3274177.0,6967525036.59,0.2606,-1.6637,1,0
2021-04-07,sh.600519,13817.21683986,13904.1630063,13462.20855,13534.444791,13961.49231393,4020097.0,8317799924.65,0.32,-3.0588,1,0
2021-04-08,sh.600519,13442.70476493,13652.649549,13422.806964,13593.54717,13534.444791,2854762.0,5893307514.47,0.2273,0.4367,1,0
2021-04-09,sh.600519,13409.673102,13488.476274,13166.76232431,13265.20062,13593.54717,2880886.0,5832453811.8,0.2293,-2.4155,1,0
2021-04-12,sh.600519,13206.098241,13330.86993,13079.3564727,13192.24201659,13265.20062,3194307.0,6409917317.58,0.2543,-0.55,1,0
2021-04-13,sh.600519,13265.20062,13460.8951638,13192.964379,13271.767551,13192.24201659,2899215.0,5883787293.27,0.2308,0.6028,1,0
2021-04-14,sh.600519,13363.704585,13449.074688,13238.932896,13442.507757,13271.767551,2411465.0,4908790022.84,0.192,1.2865,1,0
2021-04-15,sh.600519,13336.7801679,13441.8510639,13068.19269,13236.3061236,13442.507757,3436621.0,6903769489.51,0.2736,-1.534,1,0
2021-04-16,sh.600519,13298.56062948,13580.413308,13212.665172,13494.91186638,13236.3061236,3029370.0,6183895053.75,0.2412,1.9538,1,0
2021-04-19,sh.600519,13495.043205,13779.78533316,13350.570723,13711.751928,13494.91186638,3175391.0,6610577917.18,0.2528,1.6068,1,0
2021-04-20,sh.600519,13600.7707941,13980.996099,13593.54717,13756.4070588,13711.751928,2829037.0,5949669952.68,0.2252,0.3257,1,0
2021-04-21,sh.600519,13632.948756,13776.1078518,13561.3692081,13659.21648,13756.4070588,2614975.0,5446145952.13,0.2082,-0.7065,1,0
2021-04-22,sh.600519,13724.2290969,13783.988169,13472.0589465,13498.3266705,13659.21648,2685002.0,5539295655.77,0.2137,-1.1779,1,0
2021-04-23,sh.600519,13501.41312807,13921.10568828,13478.6258775,13849.26346314,13498.3266705,3346277.0,7002695288.1,0.2664,2.5999,1,0
2021-04-26,sh.600519,14000.696892,14020.397685,13617.1881216,13644.90057042,13849.26346314,3404511.0,7160836874.36,0.271,-1.4756,1,0
2021-04-27,sh.600519,13705.71035148,13759.36217775,13561.30353879,13754.04296364,13644.90057042,2210785.0,4607779001.56,0.176,0.7999,1,0
2021-04-28,sh.600519,13199.53131,13445.7912225,13153.562793,13409.673102,13754.04296364,8134295.0,16463574636.6,0.6475,-2.5038,1,0
2021-04-29,sh.600519,13442.77043424,13461.81453414,13225.799034,13306.96630116,13409.673102,4128378.0,8370431227.68,0.3286,-0.7659,1,0
2021-04-30,sh.600519,13304.602206,13370.271516,13158.22531401,13178.38579218,13306.96630116,3840137.0,7723747038.43,0.3057,-0.9663,1,0
2021-05-06,sh.600519,13133.862,13178.77980804,12825.216243,12864.617829,13178.38579218,5354614.0,10584968907.14,0.4263,-2.3809,1,0
2021-05-07,sh.600519,12904.019415,12923.58886938,12483.735831,12496.869693,12864.617829,5249339.0,10101703446.06,0.4179,-2.8586,1,0
2021-05-10,sh.600519,12477.1689,12536.271279,12253.95891531,12339.46035693,12496.869693,4600318.0,8677753607.6,0.3662,-1.2596,1,0
2021-05-11,sh.600519,12319.562556,12910.586346,12301.8318423,12864.617829,12339.46035693,4249412.0,8209251913.88,0.3383,4.2559,1,0
2021-05-12,sh.600519,12799.47387348,13127.295069,12798.948519,13028.791104,12864.617829,3269887.0,6473203286.06,0.2603,1.2762,1,0
2021-05-13,sh.600519,12908.94461325,13035.68638155,12825.216243,12946.7044665,13028.791104,2507751.0,4934954969.14,0.1996,-0.63,1,0
2021-05-14,sh.600519,13015.657242,13334.1533955,12976.255656,13198.54627035,12946.7044665,3561129.0,7150302044.37,0.2835,1.9452,1,0
2021-05-17,sh.600519,13298.6919681,13693.3645212,13298.6919681,13514.48132076,13198.54627035,4452400.0,9178509985.37,0.3544,2.3937,1,0
2021-05-18,sh.600519,13560.712515,13639.515687,13429.76791086,13523.34667761,13514.48132076,1750428.0,3595891741.83,0.1393,0.0656,1,0
2021-05-19,sh.600519,13521.310929,13625.13410811,13396.53924,13455.641619,13523.34667761,2240972.0,4606452358.47,0.1784,-0.5007,1,0
2021-05-20,sh.600519,13619.814894,13620.4715871,13431.73799016,13520.52289728,13455.641619,2185716.0,4500663211.25,0.174,0.4822,1,0
2021-05-21,sh.600519,13495.56855948,13658.42844828,13376.96978562,13410.3297951,13520.52289728,2424823.0,4976601457.79,0.193,-0.815,1,0
2021-05-24,sh.600519,13468.775481,13659.61049586,13337.436861,13602.01851099,13410.3297951,3254808.0,6705879397.29,0.2591,1.4294,1,0
2021-05-25,sh.600519,13692.051135,14447.9048931,13692.051135,14411.1300795,13602.01851099,6775695.0,14636718750.42,0.5394,5.9485,1,0
2021-05-26,sh.600519,14499.65230938,14721.7459158,14401.80503748,14578.58682,14411.1300795,3860420.0,8558038173.71,0.3073,1.162,1,0
2021-05-27,sh.600519,14519.61577962,15235.27992,14454.4718241,14742.760095,14578.58682,4537338.0,10240368980.36,0.3612,1.1261,1,0
2021-05-28,sh.600519,14716.29536307,14775.59475,14483.43198981,14644.25613,14742.760095,2580731.0,5741331985.52,0.2054,-0.6682,1,0
2021-05-31,sh.600519,14549.0356305,14567.75138385,14263.374132,14565.452958,14644.25613,3173900.0,6960864260.2,0.2527,-0.5381,1,0
2021-06-01,sh.600519,14591.720682,14768.69947245,14486.649786,14716.16402445,14565.452958,3061634.0,6832594465.5,0.2437,1.0347,1,0
2021-06-02,sh.600519,14775.59475,14867.531784,14500.96569558,14591.720682,14716.16402445,2286277.0,5088908383.98,0.182,-0.8456,1,0
2021-06-03,sh.600519,14578.58682,14843.49681654,14513.44286448,14593.16540682,14591.720682,2345031.0,5242453018.5,0.1867,0.0099,1,0
2021-06-04,sh.600519,14545.752165,15025.138128,14539.44791124,14785.4451465,14593.16540682,3142219.0,7058715114.68,0.2501,1.3176,1,0
2021-06-07,sh.600519,14874.098715,14966.035749,14709.99110931,14913.500301,14785.4451465,2546627.0,5756592694.17,0.2027,0.8661,1,0
2021-06-08,sh.600519,14841.26406,14972.53701069,14192.12293065,14388.145821,14913.500301,4731363.0,10479943156.1,0.3766,-3.5227,1,0
2021-06-09,sh.600519,14394.712752,14539.185234,14185.29332241,14443.9647345,14388.145821,2550235.0,5591378816.61,0.203,0.388,1,0
2021-06-10,sh.600519,14414.413545,14784.59144547,14382.10424448,14699.94370488,14443.9647345,2556663.0,5707338424.23,0.2035,1.7722,1,0
2021-06-11,sh.600519,14703.358509,14736.193164,14308.09493211,14308.09493211,14699.94370488,3397066.0,7513797036.43,0.2704,-2.6656,1,0
2021-06-15,sh.600519,14415.0702381,14505.56254728,14105.767788,14401.279683,14308.09493211,2936130.0,6412821567.23,0.2337,0.6513,1,0
2021-06-16,sh.600519,14394.712752,14414.413545,14105.767788,14171.437098,14401.279683,2759315.0,5978924528.06,0.2197,-1.596,1,0
2021-06-17,sh.600519,14156.00481015,14368.445028,14081.86415916,14164.27914321,14171.437098,2106753.0,4558702643.11,0.1677,-0.0505,1,0
2021-06-18,sh.600519,14099.200857,14161.5867015,13560.712515,13731.05870514,14164.27914321,5402821.0,11329180836.32,0.4301,-3.0585,1,0
2021-06-21,sh.600519,13692.051135,13788.51935139,13462.20855,13669.98624684,13731.05870514,3548826.0,7367986470.8,0.2825,-0.4448,1,0
2021-06-22,sh.600519,13738.019652,13777.421238,13487.75391159,13626.18481707,13669.98624684,3322818.0,6900830616.21,0.2645,-0.3204,1,0
2021-06-23,sh.600519,13659.21648,13678.917273,13358.12269365,13383.405378,13626.18481707,3707901.0,7596735684.45,0.2952,-1.7817,1,0
2021-06-24,sh.600519,13396.60490931,13659.21648,13271.767551,13580.74165455,13383.405378,3147370.0,6452557072.56,0.2505,1.4745,1,0
2021-06-25,sh.600519,13588.69694952,13980.059058,13539.9092612,13867.370104,13580.74243512,3587543.0,7459680452.0,0.2856,2.1105,1,0
2021-06-28,sh.600519,13920.4002,14039.717916,13741.423626,13940.35277362,13867.370104,2745242.0,5750241214.09,0.2185,0.5263,1,0
2021-06-29,sh.600519,13973.430296,14019.83163,13595.590862,13668.507244,13940.35277362,3303063.0,6835635172.06,0.2629,-1.9501,1,0
2021-06-30,sh.600519,13688.39353,13748.052388,13564.4356806,13633.3748054,13668.507244,2191566.0,4511484217.06,0.1745,-0.257,1,0
2021-07-01,sh.600519,13655.05085714,13986.68782,13466.9928792,13953.54401,13633.3748054,3370124.0,6970730877.58,0.2683,2.3484,1,0
2021-07-02,sh.600519,13754.68115,13754.68115,13333.754763,13343.697906,13953.54401,4627531.0,9388640194.18,0.3684,-4.3705,1,0
2021-07-05,sh.600519,13257.524,13389.30378856,13158.09257,13217.751428,13343.697906,3442095.0,6872797767.52,0.274,-0.9439,1,0
2021-07-06,sh.600519,13224.38019,13350.326668,12992.43980762,13343.0350298,13217.751428,3528251.0,7015883090.99,0.2809,0.9478,1,0
2021-07-07,sh.600519,13323.81162,13448.96264656,13250.96152562,13284.039048,13343.0350298,2812212.0,5658210730.18,0.2239,-0.4421,1,0
2021-07-08,sh.600519,13258.1868762,13284.039048,13045.403616,13158.09257,13284.039048,3551669.0,7027713779.87,0.2827,-0.9481,1,0
2021-07-09,sh.600519,13022.33552424,13164.12474342,12892.94209,13072.64782782,13158.09257,3090790.0,6072340992.95,0.246,-0.6494,1,0
2021-07-12,sh.600519,13095.4507691,13249.43691036,12863.112661,12999.002282,13072.64782782,3901024.0,7658786228.0,0.3105,-0.5634,1,0
2021-07-13,sh.600519,13045.403616,13293.982191,13025.51733,13144.1721698,12999.002282,2992471.0,5946287258.91,0.2382,1.1168,1,0
2021-07-14,sh.600519,13085.176188,13088.490569,12892.94209,13005.631044,13144.1721698,3077069.0,6011814880.15,0.245,-1.054,1,0
2021-07-15,sh.600519,12959.36228524,13343.697906,12930.0631572,13244.20018838,13005.631044,4219005.0,8391506228.51,0.3359,1.8344,1,0
2021-07-16,sh.600519,13124.94876,13234.9862092,12926.0859,12965.1955958,13244.20018838,3540764.0,6958296858.75,0.2819,-2.1066,1,0
2021-07-19,sh.600519,12965.12930818,13164.721332,12866.427042,13091.80495,12965.1955958,3005234.0,5900348209.63,0.2392,0.9765,1,0
2021-07-20,sh.600519,13091.80495,13184.14360466,13001.72007442,13124.94876,13091.80495,2347521.0,4639300956.05,0.1869,0.2532,1,0
2021-07-21,sh.600519,13184.607618,13297.296572,13005.69733162,13052.032378,13124.94876,2978013.0,5902656220.53,0.2371,-0.5556,1,0
2021-07-22,sh.600519,12992.37352,13084.5133118,12852.90436752,12859.86456762,13052.032378,3909047.0,7619076855.11,0.3112,-1.4723,1,0
2021-07-23,sh.600519,12845.34757884,12845.34757884,12562.10057858,12594.6478,12859.86456762,4758547.0,9057761875.71,0.3788,-2.0624,1,0
2021-07-26,sh.600519,12455.443798,12455.443798,11799.19636,11959.01581182,12594.6478,9861948.0,17894360803.19,0.7851,-5.0468,1,0
2021-07-27,sh.600519,11951.657886,11998.05922,11288.781686,11354.34014218,11959.01581182,8657699.0,15230805685.48,0.6892,-5.0562,1,0
2021-07-28,sh.600519,11288.781686,11853.5522084,11150.37313544,11725.6171018,11354.34014218,8536884.0,14792470948.05,0.6796,3.2699,1,0
2021-07-29,sh.600519,11998.12550762,12084.233126,11496.52708708,11598.94145998,11725.6171018,6386385.0,11299569856.98,0.5084,-1.0803,1,0
2021-07-30,sh.600519,11434.61445,11434.61445,10988.89649312,11129.62511038,11598.94145998,7773589.0,13109725032.42,0.6188,-4.0462,1,0
2021-08-02,sh.600519,11030.259968,11639.97349676,10743.36714864,11633.47731,11129.62511038,9740065.0,16515259088.96,0.7754,4.5271,1,0
2021-08-03,sh.600519,11467.75826,11726.21369038,11194.6532656,11595.6933666,11633.47731,5437475.0,9447823227.17,0.4329,-0.3248,1,0
2021-08-04,sh.600519,11494.67103372,11666.62112,11388.213116,11427.985688,11595.6933666,3817549.0,6614683378.43,0.3039,-1.4463,1,0
2021-08-05,sh.600519,11221.69861456,11567.18969,11112.19146632,11262.266638,11427.985688,4805969.0,8177369850.63,0.3826,-1.4501,1,0
2021-08-06,sh.600519,11195.979018,11229.18911562,10914.9195092,11076.661302,11262.266638,4568610.0,7616109614.97,0.3637,-1.648,1,0
2021-08-09,sh.600519,10944.086062,11328.554258,10937.4573,11227.7970756,11076.661302,4769775.0,8028155490.38,0.3797,1.3645,1,0
2021-08-10,sh.600519,11268.8954,11950.86243456,11103.17635,11925.142838,11227.7970756,8328505.0,14549496462.91,0.663,6.2109,1,0
2021-08-11,sh.600519,11799.26264762,11832.40645762,11600.39978762,11603.647881,11925.142838,3866259.0,6821292779.01,0.3078,-2.6959,1,0
2021-08-12,sh.600519,11481.015784,11593.704738,11177.35219678,11202.60778,11603.647881,4755097.0,8130692626.46,0.3785,-3.4562,1,0
2021-08-13,sh.600519,11202.60778,11355.069306,11129.691398,11269.16055048,11202.60778,3790452.0,6418412543.9,0.3017,0.5941,1,0
2021-08-16,sh.600519,11242.380352,11359.0465632,11169.99427096,11263.5923904,11269.16055048,2805697.0,4773049794.4,0.2233,-0.0494,1,0
2021-08-17,sh.600519,11268.8954,11268.8954,10797.45784656,10838.02587,11263.5923904,6120077.0,10140291982.18,0.4872,-3.7782,1,0
2021-08-18,sh.600519,10769.48447092,10890.98967838,10606.0192,10738.59444,10838.02587,5997026.0,9701556273.15,0.4774,-0.9174,1,0
2021-08-19,sh.600519,10753.31029164,10892.3817184,10606.0192,10738.39557714,10738.59444,4129195.0,6682355677.87,0.3287,-0.0019,1,0
2021-08-20,sh.600519,10308.85179954,10589.7787331,10112.176431,10261.323576,10738.39557714,11454454.0,17825198285.98,0.9118,-4.4427,1,0
2021-08-23,sh.600519,10194.24050456,10599.390438,10186.88257874,10408.41580478,10261.323576,7159720.0,11218832882.53,0.57,1.4335,1,0
2021-08-24,sh.600519,10440.30015,10888.0730231,10379.11667674,10772.93142716,10408.41580478,7259447.0,11703813763.5,0.5779,3.5021,1,0
2021-08-25,sh.600519,10921.81342168,11142.08718294,10891.055966,11037.02130524,10772.93142716,5423890.0,9037626406.21,0.4318,2.4514,1,0
2021-08-26,sh.600519,11036.82244238,11036.82244238,10571.01933664,10572.87539,11037.02130524,5402037.0,8722233200.59,0.43,-4.2054,1,0
2021-08-27,sh.600519,10533.102818,10771.73825,10500.6218842,10579.70301486,10572.87539,3609545.0,5791426192.05,0.2873,0.0646,1,0
2021-08-30,sh.600519,10639.16301,10692.193106,10247.7346139,10513.216532,10579.70301486,5158770.0,8098190333.41,0.4107,-0.6284,1,0
2021-08-31,sh.600519,10538.4058276,10714.3994587,10308.3877862,10327.611196,10513.216532,4367709.0,6888080926.71,0.3477,-1.7654,1,0
2021-09-01,sh.600519,10334.239958,10837.95958238,10149.2974982,10751.91825162,10327.611196,7731610.0,12370243405.19,0.6155,4.1085,1,0
2021-09-02,sh.600519,10824.70205838,10891.055966,10611.91879818,10730.6399256,10751.91825162,4283679.0,6939707277.23,0.341,-0.1979,1,0
2021-09-03,sh.600519,10672.43939524,11002.35287998,10486.701484,10991.94572364,10730.6399256,5283518.0,8631165695.89,0.4206,2.4351,1,0
2021-09-06,sh.600519,10930.828538,11322.98609792,10779.3613263,11074.47381054,10991.94572364,5533806.0,9306030671.19,0.4405,0.7508,1,0
2021-09-07,sh.600519,11010.57254486,11166.01701376,10944.086062,11063.403778,11074.47381054,3121122.0,5204051657.3,0.2485,-0.1,1,0
2021-09-08,sh.600519,11003.74492,11077.85447916,10792.15483696,10825.4312222,11063.403778,3306367.0,5428265636.13,0.2632,-2.151,1,0
2021-09-09,sh.600519,10778.367012,10904.31349,10765.17577562,10831.92740896,10825.4312222,1995013.0,3257785762.02,0.1588,0.06,1,0
2021-09-10,sh.600519,10831.92740896,11062.0780256,10824.768346,11020.84712596,10831.92740896,3338811.0,5528034093.44,0.2658,1.7441,1,0
2021-09-13,sh.600519,11036.88873,11162.835208,10871.8325562,10963.972348,11020.84712596,2772002.0,4605031710.53,0.2207,-0.5161,1,0
2021-09-14,sh.600519,10997.116158,11156.206446,10957.343586,10983.858634,10963.972348,3376061.0,5638962653.7,0.2688,0.1814,1,0
2021-09-15,sh.600519,10937.4573,11003.74492,10672.30682,10710.35591388,10983.858634,4157005.0,6781755393.37,0.3309,-2.49,1,0
2021-09-16,sh.600519,10625.905486,10897.684728,10506.58777,10858.37616934,10710.35591388,4596802.0,7458455126.2,0.3659,1.382,1,0
2021-09-17,sh.600519,10738.59444,11306.0164672,10738.59444,11176.092732,10858.37616934,5513025.0,9242101551.88,0.4389,2.926,1,0
2021-09-22,sh.600519,10995.98926846,11189.350256,10838.02587,10855.85723978,11176.092732,3174300.0,5227723003.37,0.2527,-2.8654,1,0
2021-09-23,sh.600519,10857.912156,10976.43442056,10772.26855096,10838.02587,10855.85723978,3034181.0,4964210090.5,0.2415,-0.1643,1,0
2021-09-24,sh.600519,10791.624536,11401.33806476,10791.624536,11229.122828,10838.02587,6953660.0,11756596091.11,0.5535,3.6086,1,0
2021-09-27,sh.600519,11600.3335,12352.0351108,11600.3335,12296.35351,11229.122828,12686892.0,23270689701.97,1.0099,9.5041,1,0
2021-09-28,sh.600519,12249.952176,12329.49732,11898.62779,12078.00208972,12296.35351,4922105.0,8973408813.24,0.3918,-1.7757,1,0
2021-09-29,sh.600519,11991.430458,12230.13217762,11838.3060558,12064.34684,12078.00208972,4329065.0,7870151768.17,0.3446,-0.1131,1,0
2021-09-30,sh.600519,12052.28249316,12264.66802764,11954.3093908,12130.63446,12064.34684,4053929.0,7411735790.23,0.3227,0.5495,1,0
2021-10-08,sh.600519,12080.38844404,12448.815036,11979.69754926,12194.2705752,12130.63446,4745196.0,8780381117.96,0.3777,0.5246,1,0
2021-10-11,sh.600519,12193.67398662,12527.6973038,12137.32950962,12376.69410544,12194.2705752,3767557.0,7040475326.66,0.2999,1.496,1,0
2021-10-12,sh.600519,12369.269892,12442.186274,12212.96368404,12402.34741438,12376.69410544,3060642.0,5688160837.06,0.2436,0.2073,1,0
2021-10-13,sh.600519,12395.78494,12925.7544619,12342.754844,12792.8477838,12402.34741438,5014261.0,9625769126.63,0.3992,3.1486,1,0
2021-10-14,sh.600519,12786.41788466,12871.7300516,12568.132752,12667.564182,12792.8477838,2662255.0,5097602232.37,0.2119,-0.9793,1,0
2021-10-15,sh.600519,12529.0230562,12793.44437238,12529.0230562,12707.13789114,12667.564182,2856078.0,5452953878.98,0.2274,0.3124,1,0
2021-10-18,sh.600519,12515.102656,12515.102656,11845.597694,11931.7716,12707.13789114,6965202.0,12651498606.59,0.5545,-6.1018,1,0
2021-10-19,sh.600519,11931.7716,12188.9675656,11930.97614856,12012.50992116,11931.7716,4031456.0,7330114082.02,0.3209,0.6767,1,0
2021-10-20,sh.600519,12150.520746,12261.8839476,11971.61045962,12203.550842,12012.50992116,2866339.0,5246404614.98,0.2282,1.5903,1,0
2021-10-21,sh.600519,12204.2137182,12329.49732,12124.005698,12223.437128,12203.550842,2301870.0,4238584293.96,0.1832,0.163,1,0
2021-10-22,sh.600519,12296.35351,12733.91808962,12289.724748,12601.276562,12223.437128,3596260.0,6794850055.72,0.2863,3.0911,1,0
2021-10-25,sh.600519,12462.07256,12495.28265762,12316.239796,12415.87008886,12601.276562,3246133.0,6076219947.62,0.2584,-1.4713,1,0
2021-10-26,sh.600519,12356.21123086,12455.37751038,12223.437128,12336.4575201,12415.87008886,2113026.0,3934223713.92,0.1682,-0.6396,1,0
2021-10-27,sh.600519,12278.4558526,12318.2284246,11932.4344762,12057.718078,12336.4575201,3464729.0,6302270905.08,0.2758,-2.2595,1,0
2021-10-28,sh.600519,12098.8164024,12221.97880036,11945.029124,12100.73874338,12057.718078,2949093.0,5383196101.39,0.2348,0.3568,1,0
2021-10-29,sh.600519,12097.49065,12249.952176,12017.945506,12104.64971296,12100.73874338,2877586.0,5266898950.19,0.2291,0.0323,1,0
2021-11-01,sh.600519,11799.19636,12106.1080406,11666.62112,11951.657886,12104.64971296,4168998.0,7486936394.48,0.3319,-1.2639,1,0
2021-11-02,sh.600519,11909.8966854,12224.89545564,11852.226456,11962.52905568,11951.657886,3250024.0,5875341368.84,0.2587,0.091,1,0
2021-11-03,sh.600519,11931.7716,11997.92664476,11674.50934678,11699.76493,11962.52905568,2782931.0,4958314535.25,0.2215,-2.1966,1,0
2021-11-04,sh.600519,11785.54111028,12037.831792,11729.06405804,11959.6124004,11699.76493,3113043.0,5592211730.83,0.2478,2.221,1,0
2021-11-05,sh.600519,11959.67868802,12229.99960238,11959.67868802,12063.94911428,11959.6124004,2707723.0,4956331383.2,0.2155,0.8724,1,0
2021-11-08,sh.600519,12064.34684,12135.9374696,11945.3605621,12065.0097162,12063.94911428,1770572.0,3220439333.62,0.1409,0.0088,1,0
2021-11-09,sh.600519,12064.21426476,12116.51519694,11812.453884,11865.55026762,12065.0097162,2735192.0,4915170027.86,0.2177,-1.6532,1,0
2021-11-10,sh.600519,11865.55026762,11898.62779,11500.90207,11626.78226038,11865.55026762,3534877.0,6204803249.65,0.2814,-2.0123,1,0
2021-11-11,sh.600519,11619.75577266,11730.2572352,11543.989023,11730.2572352,11626.78226038,2265187.0,3987243284.9,0.1803,0.89,1,0
2021-11-12,sh.600519,11785.938836,11832.6716081,11710.76867492,11757.96546036,11730.2572352,1760663.0,3124400971.84,0.1402,0.2362,1,0
2021-11-15,sh.600519,11757.30258416,11825.711408,11600.3335,11674.17790868,11757.96546036,2494735.0,4410975373.31,0.1986,-0.7126,1,0
2021-11-16,sh.600519,11719.651216,12051.089316,11699.76493,11984.801696,11674.17790868,3352624.0,6033536262.21,0.2669,2.6608,1,0
2021-11-17,sh.600519,11964.91541,12067.661221,11865.55026762,11898.62779,11984.801696,2450546.0,4411450908.49,0.1951,-0.719,1,0
2021-11-18,sh.600519,11807.28344964,11978.172934,11732.90874,11878.741504,11898.62779,1952089.0,3485674964.21,0.1554,-0.1671,1,0
2021-11-19,sh.600519,11893.25849278,12256.580938,11853.5522084,12120.09472842,11878.741504,3115559.0,5699883799.68,0.248,2.0318,1,0
2021-11-22,sh.600519,12256.580938,12654.306658,12249.952176,12291.51451374,12120.09472842,4257268.0,7994018410.01,0.3389,1.4143,1,0
2021-11-23,sh.600519,12276.467224,12707.336754,12276.467224,12570.98311966,12291.51451374,4578220.0,8676297615.55,0.3645,2.2737,1,0
2021-11-24,sh.600519,12594.6478,13032.146092,12574.761514,12866.427042,12570.98311966,5451235.0,10555736753.38,0.4339,2.3502,1,0
2021-11-25,sh.600519,12945.972186,13166.0470844,12901.2280425,12966.05733486,12866.427042,3975288.0,7803035266.46,0.3165,0.7743,1,0
2021-11-26,sh.600519,13024.39044046,13038.774854,12760.36685,12866.49332962,12966.05733486,3265557.0,6337346210.94,0.26,-0.7679,1,0
2021-11-29,sh.600519,12992.37352,13191.23638,12933.24496296,13158.09257,12866.49332962,4239934.0,8372476082.52,0.3375,2.2663,1,0
2021-11-30,sh.600519,13160.7440748,13190.5735038,12776.938755,12798.61480674,13158.09257,3692487.0,7192172533.06,0.2939,-2.732,1,0
2021-12-01,sh.600519,12926.0859,12992.0420819,12720.72685324,12813.33065838,12798.61480674,2625440.0,5071457098.18,0.209,0.115,1,0
2021-12-02,sh.600519,12859.79828,12874.0501183,12724.5715352,12820.025708,12813.33065838,2042182.0,3939731543.19,0.1626,0.0523,1,0
2021-12-03,sh.600519,12806.768184,13182.08868844,12800.4708601,13071.12321256,12820.025708,3581839.0,7045848179.87,0.2851,1.9586,1,0
2021-12-06,sh.600519,13144.835046,13191.23638,12926.0859,13040.7634826,13071.12321256,3106388.0,6122543819.18,0.2473,-0.2323,1,0
2021-12-07,sh.600519,13129.85404388,13177.11711694,12904.40984826,12964.99673294,13040.7634826,3697989.0,7286659622.07,0.2944,-0.581,1,0
2021-12-08,sh.600519,13024.72187856,13555.81829,12926.0859,13542.560766,12964.99673294,6104807.0,12285101988.37,0.486,4.4548,1,0
2021-12-09,sh.600519,13621.70818428,14032.55885304,13555.81829,13831.2433511,13542.560766,6423918.0,13404724467.36,0.5114,2.1317,1,0
2021-12-10,sh.600519,13655.24972,13892.42682436,13628.734672,13854.11258,13831.2433511,4314822.0,8944582264.84,0.3435,0.1653,1,0
2021-12-13,sh.600519,14278.353348,14450.70116,14039.717916,14041.0436684,13854.11258,6580656.0,14139012289.88,0.5239,1.3493,1,0
2021-12-14,sh.600519,14041.0436684,14370.4931398,13920.4002,14251.8383,14041.0436684,4044941.0,8673733690.92,0.322,1.5013,1,0
2021-12-15,sh.600519,14199.8025183,14350.9382919,14086.25182524,14152.40687,14251.8383,3007827.0,6444715085.83,0.2394,-0.6977,1,0
2021-12-16,sh.600519,14019.83163,14212.3971661,13829.12214726,14046.28039038,14152.40687,3721136.0,7865499277.85,0.2962,-0.7499,1,0
2021-12-17,sh.600519,13923.714581,13973.430296,13496.159432,13593.6022334,14046.28039038,4840318.0,9988869784.79,0.3853,-3.2228,1,0
2021-12-20,sh.600519,13593.6022334,13825.34375292,13529.303242,13648.35580752,13593.6022334,3225769.0,6654596507.97,0.2568,0.4028,1,0
2021-12-21,sh.600519,13555.81829,13715.77031706,13342.57101646,13510.7427084,13648.35580752,2628589.0,5354186590.18,0.2092,-1.0083,1,0
2021-12-22,sh.600519,13522.67448,13675.136006,13522.67448,13575.704576,13510.7427084,1743079.0,3570928372.49,0.1388,0.4808,1,0
2021-12-23,sh.600519,13608.848386,14052.97544,13423.24305,14052.97544,13575.704576,3909854.0,8126298013.23,0.3112,3.5156,1,0
2021-12-24,sh.600519,14244.41408656,14695.70020352,14244.41408656,14544.10041658,14052.97544,5612959.0,12295953399.53,0.4468,3.4948,1,0
2021-12-27,sh.600519,14371.156016,14371.156016,13999.945344,14131.32740684,14544.10041658,3755590.0,8020677686.43,0.299,-2.8381,1,0
2021-12-28,sh.600519,14139.149346,14288.296491,14030.4376492,14173.48633316,14131.32740684,2765070.0,5901940632.95,0.2201,0.2983,1,0
2021-12-29,sh.600519,14251.8383,14280.0105385,13529.303242,13529.303242,14173.48633316,5404902.0,11195625154.37,0.4303,-4.545,1,0
2021-12-30,sh.600519,13529.303242,13847.35124276,13443.129336,13754.68115,13529.303242,3526136.0,7272866656.61,0.2807,1.6659,1,0
2021-12-31,sh.600519,13721.53734,13741.29105076,13443.129336,13588.9621,13754.68115,2966491.0,6061415343.62,0.2361,-1.2048,1,0
2022-01-04,sh.600519,13622.10591,13714.5771399,13350.326668,13597.11547726,13588.9621,3384262.0,6913653122.1,0.2694,0.06,1,0
2022-01-05,sh.600519,13555.81829,13688.39353,13376.841716,13416.614288,13597.11547726,2839551.0,5774992117.19,0.226,-1.3275,1,0
2022-01-06,sh.600519,13403.42305162,13496.159432,12849.92142462,13139.66461164,13416.614288,5179475.0,10226933846.73,0.4123,-2.0642,1,0
2022-01-07,sh.600519,13091.80495,13183.81216656,12855.29072184,12873.055804,13139.66461164,2981669.0,5831695310.91,0.2374,-2.029,1,0
2022-01-10,sh.600519,12780.31942362,13105.062474,12710.9825731,13032.146092,12873.055804,2962670.0,5792738145.05,0.2358,1.2358,1,0
2022-01-11,sh.600519,12912.828376,13025.51733,12801.26631154,12863.4440991,13032.146092,2227664.0,4332180603.54,0.1773,-1.2945,1,0
2022-01-12,sh.600519,12912.828376,13116.9942456,12912.828376,13038.774854,12863.4440991,2747410.0,5384359627.75,0.2187,1.363,1,0
2022-01-13,sh.600519,13024.32415284,13045.33732838,12366.35323672,12444.77149118,13038.774854,5674735.0,10781720543.51,0.4517,-4.5557,1,0
2022-01-14,sh.600519,12444.77149118,12548.246466,12349.383606,12375.898654,12444.77149118,2932164.0,5506186026.03,0.2334,-0.5534,1,0
2022-01-17,sh.600519,12382.527416,12450.8036646,12166.03204908,12340.16962682,12375.898654,2735382.0,5074077664.85,0.2178,-0.2887,1,0
2022-01-18,sh.600519,12340.63364016,12653.3123437,12276.467224,12543.40746974,12340.16962682,3121577.0,5906705861.19,0.2485,1.647,1,0
2022-01-19,sh.600519,12720.594278,12720.594278,12520.93596656,12674.192944,12543.40746974,2637094.0,5026993463.36,0.2099,1.0427,1,0
2022-01-20,sh.600519,12700.707992,13124.88247238,12700.707992,13055.47933424,12674.192944,3401391.0,6665294953.73,0.2708,3.0084,1,0
2022-01-21,sh.600519,12992.37352,13214.37075938,12932.78094962,13158.02628238,13055.47933424,3081258.0,6091427695.41,0.2453,0.7855,1,0
2022-01-24,sh.600519,12959.22971,13151.463808,12803.05607728,12927.4116524,13158.02628238,2398580.0,4685441775.05,0.1909,-1.7527,1,0
2022-01-25,sh.600519,12879.684566,13032.146092,12800.139422,12879.684566,12927.4116524,2551012.0,4971078497.88,0.2031,-0.3692,1,0
2022-01-26,sh.600519,12873.32095448,13052.032378,12720.594278,12959.22971,12879.684566,2390513.0,4655706528.07,0.1903,0.6176,1,0
2022-01-27,sh.600519,13264.21904962,13329.24720484,12939.343424,13025.51733,12959.22971,4266516.0,8450329057.76,0.3396,0.5115,1,0
2022-01-28,sh.600519,12959.22971,13045.403616,12462.13884762,12508.473894,13025.51733,4102011.0,7889492895.47,0.3265,-3.9695,1,0
2022-02-07,sh.600519,12601.21027438,12684.53381272,12263.2097,12382.26226552,12508.473894,3515042.0,6601799703.31,0.2798,-1.009,1,0
2022-02-08,sh.600519,12388.36072656,12414.80948694,11865.48398,12190.293318,12382.26226552,4171306.0,7585130458.71,0.3321,-1.5504,1,0
2022-02-09,sh.600519,12190.88990658,12647.677896,12110.54931114,12568.00017676,12190.293318,3388479.0,6346699783.61,0.2697,3.0984,1,0
2022-02-10,sh.600519,12594.6478,12633.7574958,12312.19625118,12415.671226,12568.00017676,2303183.0,4315456867.57,0.1833,-1.212,1,0
2022-02-11,sh.600519,12309.611034,12599.88452198,12203.550842,12263.01083714,12415.671226,3374649.0,6296909575.46,0.2686,-1.2296,1,0
2022-02-14,sh.600519,12196.92208,12442.186274,12179.09071022,12386.96868654,12263.01083714,2019587.0,3762313349.46,0.1608,1.0108,1,0
2022-02-15,sh.600519,12387.8304256,12667.564182,12322.868558,12532.47001244,12386.96868654,2710586.0,5131842112.34,0.2158,1.1746,1,0
2022-02-16,sh.600519,12594.6478,12641.049134,12515.102656,12545.2635231,12532.47001244,1458685.0,2769034315.56,0.1161,0.1021,1,0
2022-02-17,sh.600519,12598.69134482,12670.74598776,12468.701322,12508.40760638,12545.2635231,1821366.0,3450265031.67,0.145,-0.2938,1,0
2022-02-18,sh.600519,12446.36239406,12647.54532076,12367.01611292,12641.049134,12508.40760638,1938549.0,3670339742.13,0.1543,1.0604,1,0
2022-02-21,sh.600519,12594.6478,12640.3862578,12388.8247399,12442.11998638,12641.049134,2081573.0,3920377358.24,0.1657,-1.5737,1,0
2022-02-22,sh.600519,12329.56360762,12336.126082,11931.90417524,11983.93995694,12442.11998638,5229881.0,9473992638.0,0.4163,-3.6825,1,0
2022-02-23,sh.600519,12007.40577442,12157.149508,11932.30190096,12110.81446162,11983.93995694,2811161.0,5118197819.78,0.2238,1.0587,1,0
2022-02-24,sh.600519,11984.801696,12024.50798038,11587.7388522,11693.86533182,12110.81446162,6535925.0,11578557074.65,0.5203,-3.4428,1,0
2022-02-25,sh.600519,11766.05255,11986.65774936,11766.05255,11925.54056372,11693.86533182,3897913.0,6999524161.07,0.3103,1.9812,1,0
2022-02-28,sh.600519,11845.99541972,11911.885314,11713.022454,11868.1354848,11925.54056372,2892303.0,5158148352.0,0.2302,-0.4814,1,0
2022-03-01,sh.600519,11945.029124,12353.16200034,11945.029124,12319.42160176,11868.1354848,4737930.0,8721229312.0,0.3772,3.8025,1,0
2022-03-02,sh.600519,12196.92208,12269.77217438,12097.49065,12229.27043856,12319.42160176,2007448.0,3690612336.0,0.1598,-0.7318,1,0
2022-03-03,sh.600519,12235.3688996,12264.8668905,11891.999028,11931.7716,12229.27043856,3154693.0,5703580672.0,0.2511,-2.4327,1,0
2022-03-04,sh.600519,11746.166264,11884.64110218,11634.1401862,11802.510741,11931.7716,3104703.0,5509157632.0,0.2472,-1.0833,1,0
2022-03-07,sh.600519,11667.9468724,11719.651216,11294.0846956,11315.296734,11802.510741,4915581.0,8487507456.0,0.3913,-4.1281,1,0
2022-03-08,sh.600519,11666.48854476,11843.34391492,11481.015784,11621.5455384,11315.296734,5721546.0,10087484416.0,0.4555,2.7065,1,0
2022-03-09,sh.600519,11693.7990442,11964.91541,11408.82856582,11793.76077516,11621.5455384,5643442.0,10018589952.0,0.4492,1.4819,1,0
2022-03-10,sh.600519,11984.801696,12070.975602,11872.112742,11894.84939566,11793.76077516,3646178.0,6587438848.0,0.2903,0.8571,1,0
2022-03-11,sh.600519,11706.393692,11779.310074,11388.74341696,11726.34626562,11894.84939566,4772677.0,8335618304.0,0.3799,-1.4166,1,0
2022-03-14,sh.600519,11467.75826,11600.3335,11268.8954,11268.8954,11726.34626562,4900661.0,8416841984.0,0.3901,-3.9011,1,0
2022-03-15,sh.600519,10937.4573,11169.46397,10625.905486,10625.905486,11268.8954,8905587.0,14567142656.0,0.7089,-5.7059,1,0
2022-03-16,sh.600519,10831.397108,11162.1723318,10559.617866,11102.8449119,10625.905486,7759281.0,12753010176.0,0.6177,4.4885,1,0
2022-03-17,sh.600519,11401.47064,11633.47731,11346.18676492,11402.4649543,11102.8449119,6835196.0,11843531776.0,0.5441,2.6986,1,0
2022-03-18,sh.600519,11388.213116,11567.18969,11217.72135736,11320.53345598,11402.4649543,3834868.0,6564085393.78,0.3053,-0.7185,1,0
2022-03-21,sh.600519,11427.985688,11438.9231453,11235.81787762,11297.3990766,11320.53345598,2787716.0,4763083282.92,0.2219,-0.2044,1,0
2022-03-22,sh.600519,11427.19023656,11427.19023656,11178.28022346,11235.75159,11297.3990766,2105404.0,3578291198.34,0.1676,-0.5457,1,0
2022-03-23,sh.600519,11302.03921,11732.90874,11249.009114,11614.85048878,11235.75159,5806739.0,10096341448.23,0.4622,3.374,1,0
2022-03-24,sh.600519,11520.788356,11534.04588,11383.9044207,11407.63538866,11614.85048878,2581532.0,4457504429.6,0.2055,-1.7841,1,0
2022-03-25,sh.600519,11348.440544,11494.273308,11169.46397,11202.60778,11407.63538866,2970866.0,5054831352.2,0.2365,-1.7973,1,0
2022-03-28,sh.600519,10771.73825,11035.5629776,10632.534248,11009.0479296,11202.60778,5754164.0,9392008017.02,0.4581,-1.7278,1,0
2022-03-29,sh.600519,11013.688063,11212.550923,11013.688063,11050.146254,11009.0479296,2593498.0,4343365463.71,0.2065,0.3733,1,0
2022-03-30,sh.600519,11255.637876,11468.4211362,11235.75159,11468.4211362,11050.146254,4243343.0,7276379090.56,0.3378,3.7852,1,0
2022-03-31,sh.600519,11401.47064,11524.7656132,11327.2285056,11394.841878,11468.4211362,2517386.0,4338022921.71,0.2004,-0.6416,1,0
2022-04-01,sh.600519,11467.36053428,11885.370266,11412.67324778,11799.26264762,11394.841878,4486191.0,7936957251.77,0.3571,3.5492,1,0
2022-04-06,sh.600519,11620.219786,11857.06545226,11620.219786,11699.76493,11799.26264762,2781977.0,4910792426.08,0.2215,-0.8433,1,0
2022-04-07,sh.600519,11653.363596,11832.34017,11600.9963762,11699.76493,11699.76493,2019571.0,3568182341.31,0.1608,0.0,1,0
2022-04-08,sh.600519,11719.651216,11856.8665894,11709.97322348,11825.711408,11699.76493,2294132.0,4081618542.86,0.1826,1.0765,1,0
2022-04-11,sh.600519,11732.90874,11732.90874,11308.86683486,11401.47064,11825.711408,4386359.0,7568782591.47,0.3492,-3.5874,1,0
2022-04-12,sh.600519,11461.129498,11852.02759314,11321.925496,11812.453884,11401.47064,4162956.0,7284546260.78,0.3314,3.6047,1,0
2022-04-13,sh.600519,11713.022454,11898.62779,11607.49256296,11726.279978,11812.453884,3114766.0,5534915752.96,0.248,-0.7295,1,0
2022-04-14,sh.600519,11852.226456,12169.7441558,11800.5221124,11991.430458,11726.279978,3764986.0,6834657201.49,0.2997,2.2612,1,0
2022-04-15,sh.600519,11946.3548764,12051.089316,11904.52738818,11971.47788438,11991.430458,2104113.0,3800797635.05,0.1675,-0.1664,1,0
2022-04-18,sh.600519,11806.68686106,11918.514076,11719.651216,11870.91956484,11971.47788438,1979315.0,3525102976.54,0.1576,-0.84,1,0
2022-04-19,sh.600519,11931.7716,12150.45445838,11769.366931,11867.4726086,11870.91956484,2420476.0,4359851980.1,0.1927,-0.029,1,0
2022-04-20,sh.600519,11942.97420778,12064.34684,11724.15877416,11911.885314,11867.4726086,2415572.0,4342043328.48,0.1923,0.3742,1,0
2022-04-21,sh.600519,11866.8097324,11971.544172,11732.90874,11799.06378476,11911.885314,2895261.0,5160788004.08,0.2305,-0.9471,1,0
2022-04-22,sh.600519,11686.507406,11851.43100456,11667.81429716,11752.795026,11799.06378476,2789975.0,4955360846.23,0.2221,-0.3921,1,0
2022-04-25,sh.600519,11600.3335,11775.995693,11282.152924,11321.925496,11752.795026,5365802.0,9352986851.61,0.4271,-3.6661,1,0
2022-04-26,sh.600519,11290.96917746,11593.57216276,11268.8954,11484.19758976,11321.925496,4456396.0,7692845225.54,0.3548,1.4333,1,0
2022-04-27,sh.600519,11713.81790544,11998.05922,11713.81790544,11898.09748904,11484.19758976,5740244.0,10289893014.2,0.457,3.6041,1,0
2022-04-28,sh.600519,11885.370266,12230.06589,11842.283313,12163.77827,11898.09748904,4401006.0,8038681950.1,0.3503,2.233,1,0
2022-04-29,sh.600519,12170.407032,12256.580938,12004.55540676,12119.89586556,12163.77827,3488527.0,6384066536.99,0.2777,-0.3608,1,0
2022-05-05,sh.600519,12130.63446,12395.78494,12123.87312276,12177.035794,12119.89586556,3366094.0,6235017580.16,0.268,0.4715,1,0
2022-05-06,sh.600519,12031.13674238,12057.718078,11805.825122,11885.370266,12177.035794,2859618.0,5138176680.32,0.2276,-2.3952,1,0
2022-05-09,sh.600519,11799.19636,11799.19636,11520.788356,11613.591024,11885.370266,3035182.0,5324616273.09,0.2416,-2.2867,1,0
2022-05-10,sh.600519,11401.47064,11832.07501952,11302.10549762,11707.65315678,11613.591024,4011919.0,7018451096.9,0.3194,0.8099,1,0
2022-05-11,sh.600519,11633.47731,11855.40826176,11613.591024,11719.651216,11707.65315678,3031267.0,5372950032.7,0.2413,0.1025,1,0
2022-05-12,sh.600519,11620.219786,11785.938836,11600.3335,11684.31991454,11719.651216,2203823.0,3888480084.0,0.1754,-0.3015,1,0
2022-05-13,sh.600519,11799.19636,11918.11635028,11706.393692,11787.52973888,11684.31991454,2073052.0,3690141230.79,0.165,0.8833,1,0
2022-05-16,sh.600519,11911.885314,11911.885314,11551.74467454,11653.363596,11787.52973888,2776531.0,4881208652.71,0.221,-1.1382,1,0
2022-05-17,sh.600519,11732.11328856,11766.05255,11633.47731,11719.651216,11653.363596,2014474.0,3557048801.41,0.1604,0.5688,1,0
2022-05-18,sh.600519,11757.17000892,11758.89348704,11554.06474124,11673.249882,11719.651216,2485044.0,4362486906.87,0.1978,-0.3959,1,0
2022-05-19,sh.600519,11567.18969,11646.734834,11527.417118,11640.106072,11673.249882,1977626.0,3459059182.46,0.1574,-0.2839,1,0
2022-05-20,sh.600519,11666.55483238,11939.3946763,11613.591024,11931.83788762,11640.106072,4194960.0,7493460271.98,0.3339,2.5063,1,0
2022-05-23,sh.600519,11931.7716,11957.55748418,11746.166264,11805.825122,11931.83788762,2215713.0,3950856593.62,0.1764,-1.0561,1,0
2022-05-24,sh.600519,11838.968932,11845.597694,11636.791691,11666.62112,11805.825122,2734222.0,4824599922.43,0.2177,-1.1791,1,0
2022-05-25,sh.600519,11701.55469574,11746.166264,11580.447214,11636.85797862,11666.62112,2238869.0,3929477101.94,0.1782,-0.2551,1,0
2022-05-26,sh.600519,11673.249882,11673.249882,11467.75826,11552.6064136,11636.85797862,2805344.0,4888109192.13,0.2233,-0.724,1,0
2022-05-27,sh.600519,11666.55483238,11799.19636,11620.28607362,11634.53791192,11552.6064136,2511958.0,4436904895.65,0.2,0.7092,1,0
2022-05-30,sh.600519,11706.393692,11869.1297991,11706.393692,11788.65662842,11634.53791192,3446569.0,6135631304.04,0.2744,1.3247,1,0
2022-05-31,sh.600519,11764.52793474,12030.5401538,11712.88987876,11958.48551086,11788.65662842,4075082.0,7329201058.43,0.3244,1.4406,1,0
2022-06-01,sh.600519,11945.029124,12029.74470236,11792.567598,11853.8836465,11958.48551086,2176001.0,3897858998.89,0.1732,-0.8747,1,0
2022-06-02,sh.600519,11852.02759314,11903.9307996,11799.19636,11838.968932,11853.8836465,1691473.0,3019718031.75,0.1347,-0.1258,1,0
2022-06-06,sh.600519,11865.48398,11898.62779,11653.363596,11852.226456,11838.968932,3674126.0,6535329351.79,0.2925,0.112,1,0
2022-06-07,sh.600519,11826.63943468,12097.49065,11734.96365622,12050.4264398,11852.226456,3504859.0,6356031009.17,0.279,1.6723,1,0
2022-06-08,sh.600519,12097.49065,12475.330084,12097.49065,12366.6183872,12050.4264398,4435381.0,8236953845.7,0.3531,2.6239,1,0
2022-06-09,sh.600519,12409.042464,12517.4227227,12256.580938,12283.095986,12366.6183872,2632902.0,4897066622.16,0.2096,-0.6754,1,0
2022-06-10,sh.600519,12230.13217762,12641.049134,12163.77827,12598.6250572,12283.095986,4734462.0,8882462597.88,0.3769,2.5688,1,0
2022-06-13,sh.600519,12528.36018,12541.617704,12250.48247696,12302.982272,12598.6250572,3675518.0,6847248995.14,0.2926,-2.3466,1,0
2022-06-14,sh.600519,12157.149508,12431.71283004,12143.891984,12402.413702,12302.982272,2941623.0,5467949347.61,0.2342,0.8082,1,0
2022-06-15,sh.600519,12395.78494,12627.79161,12349.31731838,12429.5916262,12402.413702,3366362.0,6354869099.95,0.268,0.2191,1,0
2022-06-16,sh.600519,12558.78619758,12645.22525406,12431.11624146,12442.186274,12429.5916262,2688670.0,5087605390.52,0.214,0.1013,1,0
2022-06-17,sh.600519,12449.41162458,12939.343424,12449.41162458,12932.714662,12442.186274,5054161.0,9749530915.53,0.4023,3.9425,1,0
2022-06-20,sh.600519,12926.0859,13058.66114,12793.51066,12873.18837924,12932.714662,3497478.0,6802792459.37,0.2784,-0.4603,1,0
2022-06-21,sh.600519,12919.457138,13038.70856638,12780.253136,12897.84737388,12873.18837924,2371702.0,4617805127.24,0.1888,0.1916,1,0
2022-06-22,sh.600519,12959.22971,12979.115996,12806.768184,12833.283232,12897.84737388,1964665.0,3813775293.57,0.1564,-0.5006,1,0
2022-06-23,sh.600519,12877.6959374,13025.78248048,12859.79828,12973.1501102,12833.283232,2684352.0,5239860443.01,0.2137,1.0899,1,0
2022-06-24,sh.600519,13058.66114,13390.09924,13025.51733,13317.24914562,12973.1501102,3963465.0,7921199792.23,0.3155,2.6524,1,0
2022-06-27,sh.600519,13389.70151428,13588.56437428,13259.5126286,13327.4574391,13317.24914562,4011517.0,8124448900.32,0.3193,0.0767,1,0
2022-06-28,sh.600519,13388.37576188,13529.303242,13264.152762,13496.159432,13327.4574391,2524571.0,5112298786.55,0.201,1.2658,1,0
2022-06-29,sh.600519,13443.129336,13535.932004,13330.50666962,13456.38686,13496.159432,3036012.0,6142508407.97,0.2417,-0.2947,1,0
2022-06-30,sh.600519,13400.572,13916.494022,13400.50499714,13702.08487,13456.38538238,3898243.0,7984019437.56,0.3103,1.8259,1,0
2022-07-01,sh.600519,13769.08773,13854.65038222,13502.48335006,13595.2153083,13702.08487,2159645.0,4385555298.57,0.1719,-0.78,1,0
2022-07-04,sh.600519,13534.64472286,13563.32194694,13407.33928886,13521.177148,13595.2153083,2507589.0,5042804258.48,0.1996,-0.5446,1,0
2022-07-05,sh.600519,13569.95523008,13765.4025727,13467.57486,13621.74844086,13521.177148,2632940.0,5345189851.74,0.2096,0.7438,1,0
2022-07-06,sh.600519,13614.981152,13661.883154,13306.767996,13413.972572,13621.74844086,3275166.0,6566374982.4,0.2607,-1.5253,1,0
2022-07-07,sh.600519,13434.07343,13463.2196741,13300.13471286,13333.56914,13413.972572,2093177.0,4179088240.33,0.1666,-0.5994,1,0
2022-07-08,sh.600519,13434.07343,13500.33925854,13374.84290176,13393.871714,13333.56914,1564389.0,3134903462.48,0.1245,0.4523,1,0
2022-07-11,sh.600519,13334.9091972,13365.52950422,13068.907843,13156.6815896,13393.871714,2394921.0,4709248309.87,0.1906,-1.7709,1,0
2022-07-12,sh.600519,13166.06199,13218.3242208,12931.95399716,13054.90424526,13156.6815896,2344686.0,4562731380.52,0.1866,-0.7736,1,0
2022-07-13,sh.600519,13032.05627,13212.963992,13003.04403162,13125.12324254,13054.90424526,1985377.0,3893406034.09,0.158,0.5379,1,0
2022-07-14,sh.600519,13132.56056,13245.1253648,13005.255126,13085.658558,13125.12324254,2052724.0,4014985518.47,0.1634,-0.3007,1,0
2022-07-15,sh.600519,13032.79330146,13398.42790848,13028.77312986,13062.207557,13085.658558,3341623.0,6588730698.53,0.266,-0.1792,1,0
2022-07-18,sh.600519,13081.37037496,13125.860274,12877.949692,13076.68017476,13062.207557,2422072.0,4701936867.9,0.1928,0.1108,1,0
2022-07-19,sh.600519,13032.05627,13076.6131719,12904.750836,13019.3257266,13076.68017476,2195603.0,4250852885.95,0.1748,-0.4386,1,0
2022-07-20,sh.600519,13124.1852025,13199.56342,13032.05627,13066.2277286,13019.3257266,1870461.0,3659970960.88,0.1489,0.3602,1,0
2022-07-21,sh.600519,13019.3257266,13105.0893874,12961.77026986,12991.854554,13066.2277286,1406137.0,2735503093.44,0.1119,-0.5692,1,0
2022-07-22,sh.600519,13060.33147692,13145.961132,12965.05341,13045.456842,12991.854554,2511357.0,4894378604.9,0.1999,0.4126,1,0
2022-07-25,sh.600519,13062.27455986,13080.9683578,12938.252266,13029.7111699,13045.456842,1691244.0,3285451347.06,0.1346,-0.1207,1,0
2022-07-26,sh.600519,13085.59155514,13165.86098142,13045.59084772,13066.96476006,13029.7111699,2068510.0,4041100077.11,0.1647,0.2859,1,0
2022-07-27,sh.600519,13011.955412,13052.157128,12844.448262,12861.8690056,13066.96476006,2148987.0,4149807165.61,0.1711,-1.5696,1,0
2022-07-28,sh.600519,12871.9194346,12985.154268,12681.36330076,12717.142828,12861.8690056,3486986.0,6669448409.07,0.2776,-1.1252,1,0
2022-07-29,sh.600519,12697.7119986,12857.78183114,12583.8071366,12720.09095384,12717.142828,3703236.0,7028415880.69,0.2948,0.0232,1,0
2022-08-01,sh.600519,12663.60754286,12784.145688,12604.44401748,12665.5506258,12720.09095384,2103741.0,3988198589.91,0.1675,-0.4288,1,0
2022-08-02,sh.600519,12596.53768,12650.00596228,12449.19839086,12596.40367428,12665.5506258,2822088.0,5284516567.68,0.2247,-0.5459,1,0
2022-08-03,sh.600519,12663.47353714,12757.344544,12576.436822,12630.03911,12596.40367428,2459842.0,4642442195.72,0.1958,0.267,1,0
2022-08-04,sh.600519,12663.54054,12885.3200066,12597.40871718,12837.81497886,12630.03911,3035714.0,5797110733.0,0.2417,1.6451,1,0
2022-08-05,sh.600519,12916.8113508,12965.05341,12763.3748014,12891.08225256,12837.81497886,2008584.0,3857406327.0,0.1599,0.4149,1,0
2022-08-08,sh.600519,12832.0527329,12950.84880368,12780.86254786,12807.79769758,12891.08225256,1679901.0,3220702892.0,0.1337,-0.6461,1,0
2022-08-09,sh.600519,12807.79769758,12857.78183114,12764.04483,12797.54626,12807.79769758,1387461.0,2651800008.0,0.1104,-0.08,1,0
2022-08-10,sh.600519,12797.41225428,12851.148548,12493.21926988,12569.736536,12797.54626,2792662.0,5259452686.0,0.2223,-1.7801,1,0
2022-08-11,sh.600519,12636.739396,12777.445402,12583.20411086,12776.7753734,12569.736536,2606149.0,4940834195.0,0.2075,1.6471,1,0
2022-08-12,sh.600519,12776.7753734,12931.55198,12730.5434,12918.151408,12776.7753734,2025983.0,3882570566.0,0.1613,1.1065,1,0
2022-08-15,sh.600519,12867.63125156,12995.204697,12834.7328473,12863.81208854,12918.151408,1932314.0,3717178491.24,0.1538,-0.4206,1,0
2022-08-16,sh.600519,12890.94824684,12956.94606394,12837.747976,12850.07650224,12863.81208854,1483584.0,2854189585.56,0.1181,-0.1068,1,0
2022-08-17,sh.600519,12931.55198,12931.55198,12697.04197,12851.148548,12850.07650224,1836063.0,3508295540.77,0.1462,0.0083,1,0
2022-08-18,sh.600519,12784.145688,12818.18314088,12603.70698602,12700.392113,12851.148548,2316777.0,4384060205.32,0.1844,-1.1731,1,0
2022-08-19,sh.600519,12717.142828,12786.4907881,12650.139968,12697.10897286,12700.392113,1354417.0,2572000761.5,0.1078,-0.0259,1,0
2022-08-22,sh.600519,12630.10611286,12777.445402,12605.78407468,12690.20767828,12697.10897286,1542667.0,2925285473.06,0.1228,-0.0544,1,0
2022-08-23,sh.600519,12721.1629996,12721.1629996,12509.433962,12529.60182286,12690.20767828,2375636.0,4452538978.24,0.1891,-1.2656,1,0
2022-08-24,sh.600519,12529.46781714,12564.57731578,12402.229386,12423.6703012,12529.60182286,1872761.0,3486382969.34,0.1491,-0.8455,1,0
2022-08-25,sh.600519,12455.831674,12650.139968,12423.6703012,12630.03911,12423.6703012,2192534.0,4107597895.13,0.1745,1.6611,1,0
2022-08-26,sh.600519,12730.5434,12810.946832,12636.739396,12717.142828,12630.03911,2314195.0,4397161134.7,0.1842,0.6897,1,0
2022-08-29,sh.600519,12616.638538,12730.34239142,12556.335964,12588.63134252,12717.142828,1356962.0,2555981192.15,0.108,-1.0105,1,0
2022-08-30,sh.600519,12612.2833521,12630.03911,12423.6703012,12529.53482,12588.63134252,1823539.0,3400091357.62,0.1452,-0.4694,1,0
2022-08-31,sh.600519,12463.2019886,12901.80271016,12462.59896286,12891.350264,12529.53482,4469151.0,8518225336.67,0.3558,2.8877,1,0
2022-09-01,sh.600519,12811.9518749,12837.747976,12602.50093454,12602.50093454,12891.350264,2684508.0,5088658954.73,0.2137,-2.2406,1,0
2022-09-02,sh.600519,12663.13852284,12683.37338656,12503.87272462,12563.03625,12602.50093454,1939132.0,3635162803.58,0.1544,-0.3131,1,0
2022-09-05,sh.600519,12480.22071504,12522.834534,12194.52052,12295.02481,12563.03625,3682187.0,6764549172.75,0.2931,-2.1333,1,0
2022-09-06,sh.600519,12297.43691296,12383.4685852,12228.02195,12362.02767,12295.02481,2083004.0,3832086313.19,0.1658,0.545,1,0
2022-09-07,sh.600519,12295.22581858,12312.84757076,12134.28494886,12181.18695086,12362.02767,2830616.0,5151537330.29,0.2253,-1.4629,1,0
2022-09-08,sh.600519,12194.52052,12274.923952,12161.01909,12161.01909,12181.18695086,1659057.0,3026766447.8,0.1321,-0.1656,1,0
2022-09-09,sh.600519,12228.02195,12408.929672,12167.719376,12360.62060994,12161.01909,2708986.0,4991679522.92,0.2156,1.6413,1,0
2022-09-13,sh.600519,12596.53768,12652.68607668,12450.67245378,12589.837394,12360.62060994,2869309.0,5387987148.04,0.2284,1.8544,1,0
2022-09-14,sh.600519,12489.40010686,12596.53768,12482.632818,12522.834534,12589.837394,1604157.0,3002693246.64,0.1277,-0.5322,1,0
2022-09-15,sh.600519,12529.53482,12684.44543232,12529.26680856,12596.53768,12522.834534,2081021.0,3917954255.67,0.1657,0.5886,1,0
2022-09-16,sh.600519,12541.5953348,12634.0592816,12429.76756146,12455.831674,12596.53768,2412127.0,4501527357.24,0.192,-1.117,1,0
2022-09-19,sh.600519,12429.03053,12654.09313674,12414.82592368,12540.52328904,12455.831674,1858351.0,3479680770.65,0.1479,0.6799,1,0
2022-09-20,sh.600519,12529.40081428,12627.3589956,12452.8165453,12583.137108,12540.52328904,1411630.0,2645281859.21,0.1124,0.3398,1,0
2022-09-21,sh.600519,12574.22572762,12616.638538,12382.128528,12382.128528,12583.137108,2099454.0,3904096420.83,0.1671,-1.5974,1,0
2022-09-22,sh.600519,12328.52624,12335.36053172,12173.4146191,12199.94775166,12382.128528,2270429.0,4147900996.45,0.1807,-1.4713,1,0
2022-09-23,sh.600519,12199.94775166,12429.03053,12199.94775166,12291.20564698,12199.94775166,2828769.0,5191904759.53,0.2252,0.748,1,0
2022-09-26,sh.600519,12194.52052,12650.139968,12194.38651428,12482.632818,12291.20564698,3513492.0,6566771226.62,0.2797,1.5574,1,0
2022-09-27,sh.600519,12521.89649396,12710.442542,12402.96641746,12650.139968,12482.632818,2882019.0,5422668135.07,0.2294,1.3419,1,0
2022-09-28,sh.600519,12599.887823,12726.5232284,12556.40296686,12616.638538,12650.139968,2144597.0,4042506329.83,0.1707,-0.2648,1,0
2022-09-29,sh.600519,12717.00882228,12745.15002348,12537.10614318,12598.8827801,12616.638538,2158966.0,4075515187.39,0.1719,-0.1407,1,0
2022-09-30,sh.600519,12721.29700532,12743.87696914,12502.733676,12546.285535,12598.8827801,2128908.0,4000917950.94,0.1695,-0.4175,1,0
2022-10-10,sh.600519,12663.54054,12670.240826,11927.8491372,11966.710796,12546.285535,4858413.0,8865386495.5,0.3868,-4.6195,1,0
2022-10-11,sh.600519,11986.811654,12100.716516,11792.50336,11926.44207714,11966.710796,3204719.0,5712249507.43,0.2551,-0.3365,1,0
2022-10-12,sh.600519,11884.02926676,11919.808794,11444.088488,11792.50336,11926.44207714,4819500.0,8372252823.49,0.3837,-1.123,1,0
2022-10-13,sh.600519,11527.57405156,11624.99621,11370.385342,11390.41919714,11792.50336,6396927.0,10919727537.31,0.5092,-3.4097,1,0
2022-10-14,sh.600519,11457.48906,11759.00193,11403.48475484,11642.48395646,11390.41919714,4651970.0,8045032622.51,0.3703,2.213,1,0
2022-10-17,sh.600519,11564.693636,11578.02720514,11375.7455708,11514.441491,11642.48395646,3354951.0,5740146639.24,0.2671,-1.0998,1,0
2022-10-18,sh.600519,11557.99335,11591.49478,11397.186486,11429.54886738,11514.441491,2808277.0,4800689502.2,0.2236,-0.7373,1,0
2022-10-19,sh.600519,11403.75276628,11403.75276628,11042.071328,11042.071328,11429.54886738,6012093.0,9997656284.46,0.4786,-3.3901,1,0
2022-10-20,sh.600519,10861.163606,11178.95817098,10794.160746,11011.920041,11042.071328,4277807.0,7020555512.3,0.3405,-0.2731,1,0
2022-10-21,sh.600519,10988.46904,11040.7312708,10787.46046,10881.264464,11011.920041,3890740.0,6317945876.4,0.3097,-1.1865,1,0
2022-10-24,sh.600519,10519.44902,10646.754454,9970.09257086,10059.00536608,10881.264464,13209804.0,20217576174.45,1.0516,-7.5567,1,0
2022-10-25,sh.600519,9912.53711412,10150.93329,9862.820992,9914.7482085,10059.00536608,8136156.0,12136909034.26,0.6477,-1.4341,1,0
2022-10-26,sh.600519,9975.3857968,10150.86628714,9782.41756,9809.75472688,9914.7482085,8178083.0,12120993864.44,0.651,-1.059,1,0
2022-10-27,sh.600519,9916.42328,9969.89156228,9272.1907811,9387.100686,9809.75472688,10710590.0,15258551283.15,0.8526,-4.3085,1,0
2022-10-28,sh.600519,9318.55676022,9420.602116,9103.74559106,9112.38896,9387.100686,9314275.0,12823821843.11,0.7415,-2.9265,1,0
2022-10-31,sh.600519,9045.3861,9259.86225486,8931.481238,9045.3861,9112.38896,7184665.0,9758303070.63,0.5719,-0.7353,1,0
2022-11-01,sh.600519,9105.688674,9845.4002484,9105.688674,9795.88513486,9045.3861,11876648.0,16859775303.5,0.9454,8.297,1,0
2022-11-02,sh.600519,9782.41756,10090.630716,9621.610696,9862.55298056,9795.88513486,7977715.0,11717204099.4,0.6351,0.6806,1,0
2022-11-03,sh.600519,9672.33186102,9799.168275,9568.6784366,9645.061697,9862.55298056,4515970.0,6509550786.92,0.3595,-2.2052,1,0
2022-11-04,sh.600519,9634.74325656,10236.49594222,9634.74325656,10161.45273902,9645.061697,8000795.0,11996968945.34,0.6369,5.3539,1,0
2022-11-07,sh.600519,10010.5622983,10174.25028528,9960.57816474,10098.06803346,10161.45273902,4269835.0,6414049133.44,0.3399,-0.6238,1,0
2022-11-08,sh.600519,10104.031288,10170.96714514,9842.45212256,9949.12067568,10098.06803346,3932491.0,5842320995.47,0.313,-1.475,1,0
2022-11-09,sh.600519,9942.8894097,9975.92181968,9715.4147,9781.7475314,9949.12067568,3609016.0,5276777530.39,0.2873,-1.6823,1,0
2022-11-10,sh.600519,9675.212984,9949.92471,9615.9154529,9882.92185,9781.7475314,3771967.0,5518325849.45,0.3003,1.0343,1,0
2022-11-11,sh.600519,10238.037008,10348.2567127,10016.79356428,10239.0420509,9882.92185,7394715.0,11252112275.01,0.5887,3.6034,1,0
2022-11-14,sh.600519,10341.891441,10476.09816958,10238.037008,10271.538438,10239.0420509,5737015.0,8858049580.56,0.4567,0.3174,1,0
2022-11-15,sh.600519,10264.838152,10713.55630542,10191.135006,10640.054168,10271.538438,5631760.0,8858377894.31,0.4483,3.5877,1,0
2022-11-16,sh.600519,10593.152166,10707.057028,10506.048448,10621.6283815,10640.054168,2684776.0,4250886805.49,0.2137,-0.1732,1,0
2022-11-17,sh.600519,10656.804883,10695.6665418,10404.74012368,10499.348162,10621.6283815,3057988.0,4793001162.45,0.2434,-1.1512,1,0
2022-11-18,sh.600519,10559.650736,10613.253024,10425.645016,10500.21919918,10499.348162,2360871.0,3703793426.03,0.1879,0.0083,1,0
2022-11-21,sh.600519,10327.4858261,10327.4858261,10040.57957958,10184.30071428,10500.21919918,3909600.0,5917086070.31,0.3112,-3.0087,1,0
2022-11-22,sh.600519,10167.28198784,10450.70408564,10158.37060746,10318.1054257,10184.30071428,2990062.0,4582790131.01,0.238,1.3138,1,0
2022-11-23,sh.600519,10238.037008,10432.345302,10191.40301744,10378.743014,10318.1054257,2217746.0,3428793051.75,0.1765,0.5877,1,0
2022-11-24,sh.600519,10445.745874,10511.94469968,10144.09899828,10184.36771714,10378.743014,2768738.0,4241974248.28,0.2204,-1.8728,1,0
2022-11-25,sh.600519,10187.85186586,10264.838152,10117.43186,10197.90229486,10184.36771714,1862104.0,2833988373.47,0.1482,0.1329,1,0
2022-11-28,sh.600519,9948.45064708,10150.93329,9722.114986,10116.62782568,10197.90229486,4772321.0,7040991068.02,0.3799,-0.797,1,0
2022-11-29,sh.600519,10516.50089416,10720.4576,10392.143586,10713.757314,10116.62782568,7342013.0,11587859175.79,0.5845,5.9025,1,0
2022-11-30,sh.600519,10634.15791632,10747.258744,10619.95331,10713.757314,10713.757314,3149730.0,5019450678.42,0.2507,0.0,1,0
2022-12-01,sh.600519,11122.47476,11256.48048,10926.75940594,10926.8264088,10713.757314,5135768.0,8480772923.09,0.4088,1.9887,1,0
2022-12-02,sh.600519,10954.96761,11075.50575514,10862.5036632,10947.46328968,10926.8264088,2388390.0,3910860617.59,0.1901,0.1889,1,0
2022-12-05,sh.600519,11176.077048,11249.780194,11048.771614,11155.3061614,10947.46328968,3612746.0,6018521303.79,0.2876,1.8985,1,0
2022-12-06,sh.600519,11088.97333,11570.7238934,11068.872472,11310.082768,11155.3061614,4414748.0,7477917193.65,0.3514,1.3875,1,0
2022-12-07,sh.600519,11241.80685366,11524.49192,11189.67862858,11283.281624,11310.082768,3552626.0,6012253044.68,0.2828,-0.237,1,0
2022-12-08,sh.600519,11269.881052,11356.98477,11155.97619,11303.51648772,11283.281624,1972956.0,3323420876.55,0.1571,0.1793,1,0
2022-12-09,sh.600519,11336.883912,11591.49478,11269.881052,11591.49478,11303.51648772,3921526.0,6716944492.77,0.3122,2.5477,1,0
2022-12-12,sh.600519,11496.75273596,11832.705076,11490.99049,11651.93135972,11591.49478,3475517.0,6063957619.1,0.2767,0.5214,1,0
2022-12-13,sh.600519,11638.396782,11797.12655734,11591.49478,11725.5005,11651.93135972,2138546.0,3735089151.74,0.1702,0.6314,1,0
2022-12-14,sh.600519,11678.598498,11931.8693088,11678.598498,11865.33546882,11725.5005,2909840.0,5141262368.0,0.2316,1.1926,1,0
2022-12-15,sh.600519,12094.01623,12167.719376,11926.50908,11973.34407914,11865.33546882,3063444.0,5497063389.62,0.2439,0.9103,1,0
2022-12-16,sh.600519,11881.2821495,12000.212226,11678.598498,11972.54004482,11973.34407914,3330266.0,5901587127.54,0.2651,-0.0067,1,0
2022-12-19,sh.600519,12052.4744568,12052.4744568,11793.64240862,11879.607078,11972.54004482,2498710.0,4447236355.79,0.1989,-0.7762,1,0
2022-12-20,sh.600519,11828.21588438,11828.21588438,11272.8961807,11490.99049,11879.607078,4619840.0,7944120660.96,0.3678,-3.2713,1,0
2022-12-21,sh.600519,11551.293064,11651.797354,11508.7462479,11651.797354,11490.99049,2281614.0,3948926226.82,0.1816,1.3994,1,0
2022-12-22,sh.600519,11770.3924162,11946.609938,11691.99907,11846.105648,11651.797354,2317534.0,4093861570.3,0.1845,1.6676,1,0
2022-12-23,sh.600519,11741.5811864,11939.909652,11691.99907,11866.206506,11846.105648,1731921.0,3063608408.78,0.1379,0.1697,1,0
2022-12-26,sh.600519,11866.206506,11866.206506,11625.13021572,11672.30022916,11866.206506,2138380.0,3749121030.39,0.1702,-1.6341,1,0
2022-12-27,sh.600519,11793.42494,11855.5134545,11708.604565,11759.49679,11672.3014445,1790505.0,3109270166.22,0.1425,0.747,1,0
2022-12-28,sh.600519,11846.8957044,11854.49561,11589.9238963,11759.49679,11759.49679,2143790.0,3699948994.81,0.1707,0.0,1,0
2022-12-29,sh.600519,11650.92671,11718.7151537,11542.6959115,11664.49797,11759.49679,2241780.0,3844499655.3,0.1785,-0.8078,1,0
2022-12-30,sh.600519,11779.85368,11895.1415337,11718.78301,11718.78301,11664.49797,2533312.0,4409544296.52,0.2017,0.4654,1,0
2023-01-03,sh.600519,11747.282656,11796.3427609,11576.3526363,11739.2077563,11718.78301,2603380.0,4487760230.88,0.2072,0.1743,1,0
2023-01-04,sh.600519,11739.1399,11798.174881,11644.14108,11705.2796063,11739.2077563,2041575.0,3523582305.68,0.1625,-0.289,1,0
2023-01-05,sh.600519,11786.63931,12220.91963,11759.49679,12220.91963,11705.2796063,4794285.0,8541587088.57,0.3817,4.4052,1,0
2023-01-06,sh.600519,12255.6620556,12294.882997,12125.92081,12239.7158251,12220.91963,2490375.0,4480838898.35,0.1982,0.1538,1,0
2023-01-09,sh.600519,12451.63105,12553.2797874,12267.1976266,12493.701956,12239.7158251,3097723.0,5684181146.57,0.2466,2.0751,1,0
2023-01-10,sh.600519,12479.1807078,12651.807135,12421.095715,12583.6115535,12493.701956,2273173.0,4204783734.04,0.181,0.7196,1,0
2023-01-11,sh.600519,12594.12928,12621.2718,12464.1166092,12519.1480685,12583.6115535,2272031.0,4201487772.78,0.1809,-0.5123,1,0
2023-01-12,sh.600519,12539.84424,12594.12928,12438.05979,12444.84542,12519.1480685,1719317.0,3162637136.11,0.1369,-0.5935,1,0
2023-01-13,sh.600519,12513.9231334,12811.26944,12485.5592,12804.48381,12444.84542,3193965.0,5969876222.27,0.2543,2.8899,1,0
2023-01-16,sh.600519,12797.69818,13130.19405,12763.77003,12980.231627,12804.48381,3684826.0,7059982640.36,0.2933,1.3725,1,0
2023-01-17,sh.600519,12981.9958908,13048.76649,12858.76885,12946.98204,12980.231627,2129923.0,4068321408.74,0.1696,-0.2562,1,0
2023-01-18,sh.600519,12987.69582,13064.373439,12824.8407,12845.19759,12946.98204,2106293.0,4008665437.58,0.1677,-0.7862,1,0
2023-01-19,sh.600519,12841.804775,12841.9404876,12661.98558,12758.4093823,12845.19759,2343889.0,4401994436.6,0.1866,-0.6756,1,0
2023-01-20,sh.600519,12819.3443397,12880.8221475,12607.70054,12621.3396563,12758.4093823,2560875.0,4807356070.5,0.2039,-1.0743,1,0
2023-01-30,sh.600519,12953.76767,12953.76767,12756.9844,12811.26944,12621.3396563,3592255.0,6799756571.47,0.286,1.5048,1,0
2023-01-31,sh.600519,12868.947295,12892.3577185,12438.5347841,12524.6444288,12811.26944,3299068.0,6128311547.65,0.2626,-2.2373,1,0
2023-02-01,sh.600519,12587.2079374,12614.48617,12291.490182,12519.2837811,12524.6444288,3397389.0,6244678924.61,0.2705,-0.0428,1,0
2023-02-02,sh.600519,12542.4227794,12614.48617,12390.56038,12459.1630993,12519.2837811,2975886.0,5465509509.98,0.2369,-0.4802,1,0
2023-02-03,sh.600519,12349.8466,12390.56038,12184.8200784,12336.27534,12459.1630993,3494490.0,6324635031.35,0.2782,-0.9863,1,0
2023-02-06,sh.600519,12078.4214,12180.20585,11942.7088,12180.20585,12336.27534,4266095.0,7595739043.71,0.3396,-1.2651,1,0
2023-02-07,sh.600519,12268.9618904,12273.847544,12130.8743199,12193.77711,12180.20585,2432171.0,4373671735.48,0.1936,0.1114,1,0
2023-02-08,sh.600519,12214.2018563,12254.6442111,12044.49325,12105.56392,12193.77711,1667577.0,2980574806.02,0.1327,-0.7234,1,0
2023-02-09,sh.600519,12064.85014,12416.0064925,12044.5611063,12336.27534,12105.56392,2975366.0,5401399087.97,0.2369,1.9058,1,0
2023-02-10,sh.600519,12282.668863,12339.6002987,12221.2589115,12281.9903,12336.27534,1798451.0,3253859316.65,0.1432,-0.44,1,0
2023-02-13,sh.600519,12281.9903,12719.663435,12281.9903,12596.5042505,12281.9903,3814670.0,7058382497.58,0.3037,2.5608,1,0
2023-02-14,sh.600519,12597.2506698,12603.629162,12451.63105,12511.2767377,12596.5042505,1956576.0,3601769573.56,0.1558,-0.6766,1,0
2023-02-15,sh.600519,12511.2088814,12589.379339,12457.1274103,12492.34483,12511.2767377,1817691.0,3351422210.83,0.1447,-0.1513,1,0
2023-02-16,sh.600519,12494.6519442,12804.48381,12404.13164,12633.6216466,12492.34483,3324595.0,6196915129.81,0.2647,1.1309,1,0
2023-02-17,sh.600519,12554.5012008,12709.48499,12350.1858815,12355.1393914,12633.6216466,2644283.0,4880328952.31,0.2105,-2.2043,1,0
2023-02-20,sh.600519,12356.63223,12748.841644,12330.846836,12723.05625,12355.1393914,2966869.0,5488800056.22,0.2362,2.9778,1,0
2023-02-21,sh.600519,12716.27062,12716.27062,12560.20113,12668.77121,12723.05625,1875052.0,3491633509.91,0.1493,-0.4267,1,0
2023-02-22,sh.600519,12587.4115063,12647.735757,12429.917034,12458.41668,12668.77121,2186916.0,4031016044.67,0.1741,-1.6604,1,0
2023-02-23,sh.600519,12485.5592,12545.272744,12249.7585575,12336.27534,12458.41668,2188097.0,3983991207.99,0.1742,-0.9804,1,0
2023-02-24,sh.600519,12282.7367193,12283.2795697,12093.2140734,12132.70644,12336.27534,2463461.0,4415621498.39,0.1961,-1.6502,1,0
2023-02-27,sh.600519,12068.242955,12315.91845,12044.6289626,12284.7724083,12132.70644,2206489.0,3978128676.14,0.1756,1.2534,1,0
2023-02-28,sh.600519,12343.06097,12363.4857163,12100.813979,12307.3685562,12284.7724083,2395181.0,4314877096.49,0.1907,0.1839,1,0
2023-03-01,sh.600519,12302.34719,12539.84424,12236.0515849,12475.5843239,12307.3685562,2445810.0,4475592194.72,0.1947,1.3668,1,0
2023-03-02,sh.600519,12410.91727,12478.7057137,12357.310793,12404.13164,12475.5843239,1314419.0,2405292304.3,0.1046,-0.5727,1,0
2023-03-03,sh.600519,12483.9985051,12496.4840643,12230.9623624,12336.5467652,12404.13164,1619806.0,2946842659.13,0.1289,-0.5449,1,0
2023-03-06,sh.600519,12337.4967534,12339.668155,12192.2164151,12262.5833982,12336.5467652,2064586.0,3730079521.72,0.1644,-0.5995,1,0
2023-03-07,sh.600519,12254.7120674,12326.775458,12132.70644,12134.742129,12262.5833982,2278539.0,4101302455.87,0.1814,-1.0425,1,0
2023-03-08,sh.600519,12078.5571126,12118.7280422,11950.3087056,12013.4150646,12134.742129,2276370.0,4035787172.33,0.1812,-0.9998,1,0
2023-03-09,sh.600519,11996.99384,12112.34955,11806.9962,12010.7008126,12013.4150646,2761150.0,4881442709.87,0.2198,-0.0226,1,0
2023-03-10,sh.600519,11885.5059391,12085.20703,11874.8525,11874.8525,12010.7008126,2116082.0,3725139075.37,0.1685,-1.1311,1,0
2023-03-13,sh.600519,11881.63813,12044.49325,11868.06687,11956.28006,11874.8525,2056043.0,3626476291.19,0.1637,0.6857,1,0
2023-03-14,sh.600519,11968.3584814,12077.6071244,11796.817755,11983.42258,11956.28006,2370492.0,4177289026.69,0.1887,0.227,1,0
2023-03-15,sh.600519,12067.3608231,12111.5352744,11875.6667756,11881.0952796,11983.42258,1921253.0,3392698489.5,0.1529,-0.8539,1,0
2023-03-16,sh.600519,11806.9962,12010.5651,11800.2784263,11888.3559037,11881.0952796,1764624.0,3096791141.74,0.1405,0.0611,1,0
2023-03-17,sh.600519,12010.5651,12050.5324607,11779.85368,11820.56746,11888.3559037,2702291.0,4744249368.65,0.2151,-0.5702,1,0
2023-03-20,sh.600519,11881.63813,11908.78065,11725.56864,11736.425648,11820.56746,2049093.0,3557872017.41,0.1631,-0.7118,1,0
2023-03-21,sh.600519,11773.06805,12118.1173355,11698.2225511,12044.49325,11736.425648,3114182.0,5491052283.5,0.2479,2.6249,1,0
2023-03-22,sh.600519,12078.4214,12166.63459,11980.3690465,12033.2969605,12044.49325,1533026.0,2727648673.67,0.122,-0.093,1,0
2023-03-23,sh.600519,11983.42258,12153.8097493,11976.7048063,12043.5432618,12033.2969605,1735566.0,3082821550.73,0.1382,0.0851,1,0
2023-03-24,sh.600519,12004.3223204,12102.849668,11983.42258,12069.0572306,12043.5432618,1276996.0,2269649178.71,0.1017,0.2118,1,0
2023-03-27,sh.600519,12068.921518,12068.921518,11915.56628,11995.5688577,12069.0572306,1529555.0,2700755932.7,0.1218,-0.6089,1,0
2023-03-28,sh.600519,12010.5651,12146.2777,11976.7726626,12090.635534,11995.5688577,1726135.0,3073113077.26,0.1374,0.7925,1,0
2023-03-29,sh.600519,12207.34837,12214.134,12112.8245441,12146.2777,12090.635534,1539299.0,2761909332.83,0.1225,0.4602,1,0
2023-03-30,sh.600519,12166.63459,12248.06215,12071.63577,12214.134,12146.2777,1925701.0,3453573052.06,0.1533,0.5587,1,0
2023-03-31,sh.600519,12383.77475,12539.84424,12343.06097,12349.8466,12214.134,2744633.0,5024790356.05,0.2185,1.1111,1,0
2023-04-03,sh.600519,12383.77475,12402.5709451,12214.6768504,12228.1802541,12349.8466,2141743.0,3875811672.66,0.1705,-0.9852,1,0
2023-04-04,sh.600519,12295.56156,12317.0720071,12125.92081,12313.1363417,12228.1802541,2006626.0,3614275263.46,0.1597,0.6948,1,0
2023-04-06,sh.600519,12248.06215,12322.025517,12134.1992786,12193.5056848,12313.1363417,1487422.0,2676251955.72,0.1184,-0.9716,1,0
2023-04-07,sh.600519,12180.20585,12254.9156363,12135.0135542,12152.9954737,12193.5056848,1352468.0,2428160574.15,0.1077,-0.3322,1,0
2023-04-10,sh.600519,12152.2490544,12152.2490544,11834.13872,12022.100671,12152.9954737,2941822.0,5171150567.29,0.2342,-1.0771,1,0
2023-04-11,sh.600519,12166.63459,12166.63459,11834.13872,11844.317165,12022.100671,2920919.0,5138854627.36,0.2325,-1.4788,1,0
2023-04-12,sh.600519,11856.2598738,11874.8525,11486.8501766,11495.535783,11844.317165,5110492.0,8732657375.75,0.4068,-2.9447,1,0
2023-04-13,sh.600519,11467.7147,11695.6440117,11427.0687763,11691.64049,11495.535783,2954268.0,5049310126.13,0.2352,1.7059,1,0
2023-04-14,sh.600519,11711.99738,11759.49679,11568.142024,11626.6341546,11691.64049,2123162.0,3646526766.48,0.169,-0.556,1,0
2023-04-17,sh.600519,11806.9962,11895.20939,11725.56864,11895.20939,11626.6341546,3046723.0,5303401394.55,0.2425,2.31,1,0
2023-04-18,sh.600519,11895.20939,12003.77947,11847.8456926,11929.13754,11895.20939,1831389.0,3220107647.21,0.1458,0.2852,1,0
2023-04-19,sh.600519,11956.28006,11980.029765,11874.8525,11935.92317,11929.13754,1460056.0,2568632844.69,0.1162,0.0569,1,0
2023-04-20,sh.600519,11943.4552193,11976.63695,11732.35427,11819.7531844,11935.92317,1988537.0,3468366834.79,0.1583,-0.9733,1,0
2023-04-21,sh.600519,11847.70998,11861.8240904,11679.9692064,11708.4009961,11819.7531844,1851787.0,3210937221.62,0.1474,-0.9421,1,0
2023-04-24,sh.600519,11678.06923,11684.85486,11542.35663,11569.49915,11708.4009961,2023091.0,3456728717.89,0.161,-1.1863,1,0
2023-04-25,sh.600519,11576.28478,11779.7179674,11549.14226,11741.7184394,11569.49915,2058251.0,3534989916.76,0.1638,1.4886,1,0
2023-04-26,sh.600519,11834.13872,11949.49443,11671.2836,11833.5280133,11741.7184394,2789160.0,4861477657.17,0.222,0.7819,1,0
2023-04-27,sh.600519,11861.28124,12010.5651,11739.1399,11928.5946896,11833.5280133,2560504.0,4489906863.57,0.2038,0.8034,1,0
2023-04-28,sh.600519,11963.1335463,12097.2175951,11901.7914511,11946.2373276,11928.5946896,2622464.0,4636084177.09,0.2088,0.1479,1,0
2023-05-04,sh.600519,12003.77947,12062.6108821,11779.85368,11874.173937,11946.2373276,2746642.0,4818999650.48,0.2186,-0.6032,1,0
2023-05-05,sh.600519,11983.42258,11983.42258,11782.5000757,11874.8525,11874.173937,2071421.0,3621305973.01,0.1649,0.0057,1,0
2023-05-08,sh.600519,11999.1652416,12003.77947,11652.0802671,11674.8121276,11874.8525,3317126.0,5742915994.0,0.2641,-1.6846,1,0
2023-05-09,sh.600519,11637.35545,11806.8604874,11583.5454041,11684.85486,11674.8121276,2937796.0,5057346564.02,0.2339,0.086,1,0
2023-05-10,sh.600519,11638.6447197,11779.85368,11637.35545,11705.21175,11684.85486,2077260.0,3588550877.49,0.1654,0.1742,1,0
2023-05-11,sh.600519,11745.92553,11773.06805,11637.35545,11651.4017041,11705.21175,1524612.0,2623835905.18,0.1214,-0.4597,1,0
2023-05-12,sh.600519,11637.35545,11738.3256244,11569.5670063,11578.999032,11651.4017041,1946045.0,3335038590.38,0.1549,-0.6214,1,0
2023-05-15,sh.600519,11549.14226,11650.92671,11475.857456,11646.176769,11578.999032,2574018.0,4384647977.05,0.2049,0.5802,1,0
2023-05-16,sh.600519,11630.5019637,11671.2157437,11515.21411,11557.8957227,11646.176769,2222377.0,3785811907.34,0.1769,-0.758,1,0
2023-05-17,sh.600519,11589.85604,11623.78419,11528.8532263,11542.35663,11557.8957227,1677691.0,2858697941.93,0.1336,-0.1344,1,0
2023-05-18,sh.600519,11569.4312937,11572.213402,11467.7147,11474.50033,11542.35663,1921928.0,3260170684.33,0.153,-0.5879,1,0
2023-05-19,sh.600519,11338.78773,11564.9527779,11233.9497465,11532.178185,11474.50033,2674116.0,4504022548.88,0.2129,0.5027,1,0
2023-05-22,sh.600519,11467.7825563,11888.42376,11467.7147,11847.70998,11532.178185,4128432.0,7165754128.68,0.3286,2.7361,1,0
2023-05-23,sh.600519,11901.9271637,11901.99502,11702.1582165,11702.1582165,11847.70998,1689421.0,2934118393.78,0.1345,-1.2285,1,0
2023-05-24,sh.600519,11754.9504179,11763.2288865,11604.1737193,11609.534367,11702.1582165,1847927.0,3182416490.69,0.1471,-0.7915,1,0
2023-05-25,sh.600519,11576.2169237,11603.4273,11467.7147,11542.35663,11609.534367,2246560.0,3814504092.83,0.1788,-0.5786,1,0
2023-05-26,sh.600519,11549.14226,11569.49915,11365.9981063,11471.5146528,11542.35663,1829110.0,3090691545.84,0.1456,-0.6138,1,0
2023-05-29,sh.600519,11515.21411,11524.3747105,11386.28714,11460.92907,11471.5146528,1777141.0,2998147158.83,0.1415,-0.0923,1,0
2023-05-30,sh.600519,11460.92907,11528.0389507,11254.3744928,11320.3986727,11460.92907,2645340.0,4424706687.63,0.2106,-1.2262,1,0
2023-05-31,sh.600519,11270.9992863,11302.9596036,11037.9807521,11053.112707,11320.3986727,3695697.0,6053737281.28,0.2942,-2.3611,1,0
2023-06-01,sh.600519,10979.14934,11365.8623937,10979.14934,11100.7478296,11053.112707,2864525.0,4708722933.17,0.228,0.431,1,0
2023-06-02,sh.600519,11162.36135,11353.3768345,11102.0370993,11336.073478,11100.7478296,2505802.0,4163116244.45,0.1995,2.1199,1,0
2023-06-05,sh.600519,11305.9452808,11419.4010144,11284.50269,11298.07395,11336.073478,1620050.0,2704294313.25,0.129,-0.3352,1,0
2023-06-06,sh.600519,11332.0021,11427.00092,11206.8072265,11311.5773537,11298.07395,1991392.0,3326778182.83,0.1585,0.1195,1,0
2023-06-07,sh.600519,11352.2911337,11391.715644,11196.2895,11202.396567,11311.5773537,1788964.0,2971782063.87,0.1424,-0.9652,1,0
2023-06-08,sh.600519,11235.8497229,11365.93025,11196.3573563,11318.43084,11202.396567,1470272.0,2441569676.58,0.117,1.0358,1,0
2023-06-09,sh.600519,11345.5055037,11386.0835711,11304.85958,11304.85958,11318.43084,1758041.0,2938014322.09,0.1399,-0.1199,1,0
2023-06-12,sh.600519,11304.9952926,11589.85604,11274.4599576,11508.42848,11304.85958,2702944.0,4562308598.85,0.2152,1.8007,1,0
2023-06-13,sh.600519,11494.0429444,11566.8527543,11433.78655,11528.78537,11508.42848,1466254.0,2485398902.44,0.1167,0.1769,1,0
2023-06-14,sh.600519,11664.49797,11767.9109712,11577.7097623,11717.9687344,11528.78537,3150580.0,5438040355.85,0.2508,1.641,1,0
2023-06-15,sh.600519,11741.4470142,11913.1913095,11691.64049,11908.78065,11717.9687344,2522257.0,4395900801.51,0.2008,1.6284,1,0
2023-06-16,sh.600519,11922.35191,12214.134,11875.531063,12198.4591947,11908.78065,3791789.0,6742301360.96,0.3018,2.4325,1,0
2023-06-19,sh.600519,12146.2777,12200.2234585,11793.42494,11834.13872,12198.4591947,3169992.0,5584248724.93,0.2523,-2.9866,1,0
2023-06-20,sh.600519,11806.9962,11976.63695,11773.06805,11830.4744798,11834.13872,2094674.0,3659824529.03,0.1667,-0.031,1,0
2023-06-21,sh.600519,11806.9962,11919.637658,11773.06805,11778.7001229,11830.4744798,1772061.0,3088635933.98,0.1411,-0.4376,1,0
2023-06-26,sh.600519,11672.0300193,11739.1399,11501.64285,11596.64167,11778.7001229,2399268.0,4098619509.84,0.191,-1.5457,1,0
2023-06-27,sh.600519,11603.3594437,11669.247911,11536.1817067,11610.5522115,11596.64167,1517446.0,2598138743.78,0.1208,0.12,1,0
2023-06-28,sh.600519,11625.0056034,11766.28242,11610.21293,11728.1471794,11610.5522115,1857356.0,3199294221.21,0.1479,1.0128,1,0
2023-06-29,sh.600519,11745.92553,11773.0001937,11623.8520463,11628.6019873,11728.1471794,1423116.0,2446524133.52,0.1133,-0.8488,1,0
2023-06-30,sh.600519,11712.6566,11774.59588402,11619.50653104,11650.648418,11628.6010644,2045869.0,3472586730.49,0.1629,0.1896,1,0
2023-07-03,sh.600519,11705.766802,11886.83069344,11657.538216,11878.7007318,11650.648418,1913909.0,3286737792.28,0.1524,1.9574,1,0
2023-07-04,sh.600519,11879.3897116,11949.94124312,11837.22414784,11923.4844188,11878.7007318,1247238.0,2155553634.66,0.0993,0.377,1,0
2023-07-05,sh.600519,11919.35054,11932.92344206,11712.6566,11818.62169324,11923.4844188,1474539.0,2523960724.51,0.1174,-0.8795,1,0
2023-07-06,sh.600519,11775.76714968,11940.019934,11712.6566,11733.18819804,11818.62169324,1514062.0,2589459002.05,0.1205,-0.7229,1,0
2023-07-07,sh.600519,11719.546398,11774.59588402,11643.75862,11643.96531394,11733.18819804,1516742.0,2571458552.96,0.1207,-0.7604,1,0
2023-07-10,sh.600519,11747.10559,11815.72797808,11712.6566,11718.8574182,11643.96531394,1347741.0,2298241728.03,0.1073,0.6432,1,0
2023-07-11,sh.600519,11781.55458,11817.17483566,11727.1251758,11781.55458,11718.8574182,1258270.0,2151079269.91,0.1002,0.535,1,0
2023-07-12,sh.600519,11802.49956592,11871.121954,11790.71801134,11807.7358124,11781.55458,1328467.0,2280785350.62,0.1058,0.2222,1,0
2023-07-13,sh.600519,11864.16325802,12025.52232718,11843.63165998,11977.2248432,11807.7358124,2580654.0,4479772500.36,0.2054,1.4354,1,0
2023-07-14,sh.600519,12098.485288,12115.709783,11996.5162776,12077.815894,11977.2248432,1855030.0,3245530255.33,0.1477,0.8399,1,0
2023-07-17,sh.600519,12064.036298,12064.036298,11895.9252268,11919.14384606,12077.815894,1433648.0,2482069845.85,0.1141,-1.3137,1,0
2023-07-18,sh.600519,11944.01601684,11950.42352898,11857.342358,11869.7439944,11919.14384606,1473765.0,2544005062.88,0.1173,-0.4145,1,0
2023-07-19,sh.600519,11816.07246798,11905.570944,11807.7358124,11871.121954,11869.7439944,1248322.0,2147704434.69,0.0994,0.0116,1,0
2023-07-20,sh.600519,11905.50204602,12050.11890604,11864.232156,11878.011752,11871.121954,1669265.0,2897176490.41,0.1329,0.058,1,0
2023-07-21,sh.600519,11932.30336024,12212.166955,11891.791348,12203.8991974,11878.011752,3937740.0,6931535725.83,0.3135,2.7436,1,0
2023-07-24,sh.600519,12060.72919496,12202.8657277,12060.72919496,12202.8657277,12203.8991974,1971337.0,3476648177.44,0.1569,-0.0085,1,0
2023-07-25,sh.600519,12401.6364,12600.61376624,12401.56750202,12598.3401329,12202.8657277,4308646.0,7837450018.66,0.343,3.2408,1,0
2023-07-26,sh.600519,12598.3401329,12649.60023002,12505.53455384,12598.3401329,12598.3401329,1961145.0,3580171484.29,0.1561,0.0,1,0
2023-07-27,sh.600519,12649.669128,12779.12843242,12599.3736026,12663.65541794,12598.3401329,2034043.0,3749635290.09,0.1619,0.5184,1,0
2023-07-28,sh.600519,12622.109936,13090.6162,12594.61964198,13069.946806,12663.65541794,3901792.0,7330314112.24,0.3106,3.2083,1,0
2023-07-31,sh.600519,13145.734584,13331.75913,12911.481452,12956.81632284,13069.946806,4537861.0,8615279839.34,0.3612,-0.8656,1,0
2023-08-01,sh.600519,12939.10954198,13138.5002961,12938.28276622,13014.828422,12956.81632284,1923062.0,3635857283.15,0.1531,0.4477,1,0
2023-08-02,sh.600519,12976.2455532,13021.71822,12861.8749064,12952.82024,13014.828422,1850872.0,3478674238.72,0.1473,-0.4764,1,0
2023-08-03,sh.600519,12883.92226,13021.71822,12749.571199,12942.27884906,12952.82024,2154347.0,4031087705.21,0.1715,-0.0814,1,0
2023-08-04,sh.600519,13006.69846036,13135.53768296,12966.599836,13045.62581906,12942.27884906,2457364.0,4655813751.33,0.1956,0.7985,1,0
2023-08-07,sh.600519,12959.3655481,13076.836604,12891.01875194,13007.45633814,13045.62581906,2389245.0,4491893139.83,0.1902,-0.2926,1,0
2023-08-08,sh.600519,12953.02693394,13047.27937058,12843.13465584,13021.71822,13007.45633814,1773618.0,3333559504.87,0.1412,0.1096,1,0
2023-08-09,sh.600519,13021.71822,13125.06519,12973.21404208,13023.64736344,13021.71822,1852346.0,3506306394.31,0.1475,0.0148,1,0
2023-08-10,sh.600519,12966.599836,13014.828422,12830.8708154,12918.37125,13023.64736344,1843619.0,3454219139.54,0.1468,-0.8083,1,0
2023-08-11,sh.600519,12987.26923,12990.0251492,12635.06275624,12635.889532,12918.37125,2678649.0,4959166750.57,0.2132,-2.1867,1,0
2023-08-14,sh.600519,12470.53438,12573.74355404,12374.077208,12422.305794,12635.889532,2373119.0,4285362052.52,0.1889,-1.6903,1,0
2023-08-15,sh.600519,12463.644582,12525.652764,12408.59509598,12491.06597804,12422.305794,1481799.0,2682125118.69,0.118,0.5535,1,0
2023-08-16,sh.600519,12453.86106884,12562.5131833,12442.975188,12539.43236,12491.06597804,1318431.0,2396261790.64,0.105,0.3872,1,0
2023-08-17,sh.600519,12443.52637184,12635.889532,12412.3155869,12594.8952339,12539.43236,1729037.0,3141408018.07,0.1376,0.4423,1,0
2023-08-18,sh.600519,12622.04103802,12642.71043202,12419.48097682,12419.48097682,12594.8952339,1702334.0,3084761576.77,0.1355,-1.3927,1,0
2023-08-21,sh.600519,12353.407814,12498.02467402,12333.22070586,12339.628218,12419.48097682,1891181.0,3405415644.52,0.1505,-0.643,1,0
2023-08-22,sh.600519,12408.45730002,12419.27428288,12201.97005396,12318.958824,12339.628218,2665036.0,4763131152.45,0.2122,-0.1675,1,0
2023-08-23,sh.600519,12380.967006,12401.6364,12195.49364384,12222.501652,12318.958824,1991222.0,3556178583.82,0.1585,-0.783,1,0
2023-08-24,sh.600519,12261.22231676,12594.550744,12229.39145,12513.9401074,12222.501652,2605509.0,4703417599.85,0.2074,2.3844,1,0
2023-08-25,sh.600519,12462.19772442,12661.86407046,12443.04408598,12573.74355404,12513.9401074,1883086.0,3433296756.29,0.1499,0.4779,1,0
2023-08-28,sh.600519,13080.83268684,13080.83268684,12621.28316024,12642.57263606,12573.74355404,4105213.0,7633221011.5,0.3268,0.5474,1,0
2023-08-29,sh.600519,12594.550744,12877.58364584,12594.550744,12755.28973134,12642.57263606,2895028.0,5371260173.33,0.2305,0.8916,1,0
2023-08-30,sh.600519,12869.4536842,12870.142664,12702.44498068,12787.465088,12755.28973134,1981181.0,3672570259.68,0.1577,0.2523,1,0
2023-08-31,sh.600519,12815.02428,12815.02428,12684.18701598,12725.456906,12787.465088,1482022.0,2738445519.09,0.118,-0.4849,1,0
2023-09-01,sh.600519,12765.62442834,12852.71147506,12718.77380194,12753.3605879,12725.456906,1314519.0,2438622738.38,0.1046,0.2193,1,0
2023-09-04,sh.600519,12832.9377548,12952.40685212,12770.44728694,12856.363068,12753.3605879,2387100.0,4453823216.38,0.19,0.8076,1,0
2023-09-05,sh.600519,12870.142664,12870.142664,12792.9769264,12806.0675426,12856.363068,1565874.0,2915625960.96,0.1247,-0.3912,1,0
2023-09-06,sh.600519,12801.244684,12860.91033468,12739.30539998,12821.914078,12806.0675426,1112143.0,2067605990.0,0.0885,0.1237,1,0
2023-09-07,sh.600519,12764.0397748,12793.59700822,12616.52919962,12663.448724,12821.914078,1698157.0,3128587115.72,0.1352,-1.2359,1,0
2023-09-08,sh.600519,12642.36594212,12642.36594212,12504.6388801,12529.097663,12663.448724,1221178.0,2224338143.85,0.0972,-1.0609,1,0
2023-09-11,sh.600519,12456.754784,12677.22832,12456.754784,12554.38322166,12529.097663,1592600.0,2902617736.37,0.1268,0.2018,1,0
2023-09-12,sh.600519,12584.9050268,12587.52315004,12512.01096396,12539.15676808,12554.38322166,1216801.0,2214514112.22,0.0969,-0.1213,1,0
2023-09-13,sh.600519,12607.77915616,12607.77915616,12401.9808899,12538.81227818,12539.15676808,1950143.0,3540583633.36,0.1552,-0.0027,1,0
2023-09-14,sh.600519,12556.86354894,12587.52315004,12442.975188,12530.40672462,12538.81227818,1750459.0,3180447848.44,0.1393,-0.067,1,0
2023-09-15,sh.600519,12532.542562,12537.91660444,12272.7971774,12277.55113802,12530.40672462,2843146.0,5105749077.09,0.2263,-2.0179,1,0
2023-09-18,sh.600519,12238.41708538,12604.885441,12215.611854,12602.8185016,12277.55113802,3255892.0,5905120999.66,0.2592,2.6493,1,0
2023-09-19,sh.600519,12554.5899156,12601.440542,12456.754784,12587.24755812,12602.8185016,1498950.0,2727858952.95,0.1193,-0.1236,1,0
2023-09-20,sh.600519,12553.211956,12608.33034,12525.9972539,12566.991552,12587.24755812,1250178.0,2281583949.35,0.0995,-0.1609,1,0
2023-09-21,sh.600519,12525.72166198,12553.211956,12390.54382522,12390.54382522,12566.991552,1948919.0,3521486754.52,0.1551,-1.4041,1,0
2023-09-22,sh.600519,12440.42596274,12745.85070808,12349.34283318,12739.236502,12390.54382522,3439046.0,6287832574.83,0.2738,2.8142,1,0
2023-09-25,sh.600519,12728.901805,12732.346704,12584.83612882,12624.72805924,12739.236502,1397913.0,2565773541.04,0.1113,-0.8989,1,0
2023-09-26,sh.600519,12594.550744,12641.95255424,12491.8927538,12511.873168,12624.72805924,1576196.0,2870852363.47,0.1255,-0.8939,1,0
2023-09-27,sh.600519,12504.98337,12632.444633,12420.9278344,12498.093572,12511.873168,2087994.0,3791876118.5,0.1662,-0.1101,1,0
2023-09-28,sh.600519,12573.74355404,12573.74355404,12386.4788444,12391.6461929,12498.093572,2053784.0,3704812959.84,0.1635,-0.8517,1,0
2023-10-09,sh.600519,12380.55361812,12380.55361812,12159.8044902,12243.171046,12391.6461929,2976268.0,5279950405.97,0.2369,-1.1982,1,0
2023-10-10,sh.600519,12283.75195622,12394.60880604,12181.162864,12194.94246,12243.171046,2028392.0,3615557182.23,0.1615,-0.3939,1,0
2023-10-11,sh.600519,12295.8780007,12295.8780007,12181.162864,12253.505743,12194.94246,2194486.0,3896568648.26,0.1747,0.4802,1,0
2023-10-12,sh.600519,12387.1678242,12389.44145754,12244.5490056,12305.179228,12253.505743,1486507.0,2657095942.16,0.1183,0.4217,1,0
2023-10-13,sh.600519,12201.00548224,12250.12974198,11975.77798562,12064.036298,12305.179228,2502788.0,4387687934.1,0.1992,-1.9597,1,0
2023-10-16,sh.600519,12063.89850204,12098.485288,11867.3325651,11918.6615602,12064.036298,2078965.0,3603604610.39,0.1655,-1.205,1,0
2023-10-17,sh.600519,11981.358722,11984.39023312,11822.893368,11891.791348,11918.6615602,1494523.0,2577312288.01,0.119,-0.2254,1,0
2023-10-18,sh.600519,11842.1848024,12002.028116,11831.02332964,11905.570944,11891.791348,2031750.0,3511987514.2,0.1617,0.1159,1,0
2023-10-19,sh.600519,11712.6566,11712.86329394,11203.01824194,11230.37074,11905.570944,7349237.0,12146921769.34,0.585,-5.6713,1,0
2023-10-20,sh.600519,11230.37074,11402.61569,11135.6360175,11333.71771,11230.37074,4537601.0,7421390806.38,0.3612,0.9202,1,0
2023-10-23,sh.600519,11230.16404606,11437.06468,11172.4964368,11326.69011604,11333.71771,2523423.0,4138279588.35,0.2009,-0.062,1,0
2023-10-24,sh.600519,11354.387104,11391.31642128,11169.80941558,11319.5936241,11326.69011604,2986146.0,4894807616.68,0.2377,-0.0627,1,0
2023-10-25,sh.600519,11506.72053778,11698.877004,11485.43106196,11557.636145,11319.5936241,3617898.0,6075417064.21,0.288,2.1029,1,0
2023-10-26,sh.600519,11485.293266,11629.979024,11450.91317398,11521.32690954,11557.636145,2238635.0,3741418873.67,0.1782,-0.3142,1,0
2023-10-27,sh.600519,11464.623872,11656.71144024,11441.1985588,11552.19320458,11521.32690954,3426239.0,5754795486.11,0.2727,0.2679,1,0
2023-10-30,sh.600519,11499.072862,11636.04204624,11499.072862,11581.750438,11552.19320458,2408642.0,4050573178.4,0.1917,0.2559,1,0
2023-10-31,sh.600519,11574.86064,11643.75862,11491.1495943,11606.41591484,11581.750438,1985877.0,3335804698.65,0.1581,0.213,1,0
2023-11-01,sh.600519,12746.1263,12746.1263,12221.05479442,12270.66134002,11606.41591484,9314308.0,16747292689.4,0.7415,5.7231,1,0
2023-11-02,sh.600519,12367.18741,12367.18741,12236.69463588,12260.395541,12270.66134002,2790764.0,4982090752.58,0.2222,-0.0837,1,0
2023-11-03,sh.600519,12263.84044,12504.22549222,12222.501652,12479.07772952,12260.395541,3017600.0,5433116880.72,0.2402,1.7836,1,0
2023-11-06,sh.600519,12539.43236,12565.54469442,12409.35297376,12484.313976,12479.07772952,2552392.0,4624102375.09,0.2032,0.042,1,0
2023-11-07,sh.600519,12436.08539,12470.53438,12291.95081584,12340.79948366,12484.313976,1958159.0,3511590028.41,0.1559,-1.1496,1,0
2023-11-08,sh.600519,12291.7441219,12427.8176324,12283.61416026,12390.19933532,12340.79948366,1454567.0,2610041958.5,0.1158,0.4003,1,0
2023-11-09,sh.600519,12333.49629778,12394.746602,12284.509834,12361.05548978,12390.19933532,1280048.0,2291996819.28,0.1019,-0.2352,1,0
2023-11-10,sh.600519,12267.6298289,12318.958824,12216.3008338,12235.17888032,12361.05548978,1646557.0,2928380667.66,0.1311,-1.0183,1,0
2023-11-13,sh.600519,12210.65119944,12297.46265424,12105.23729004,12153.603672,12235.17888032,1836995.0,3244573620.57,0.1462,-0.6667,1,0
2023-11-14,sh.600519,12153.603672,12229.32255202,12126.11337798,12162.35371546,12153.603672,1281675.0,2263963956.58,0.102,0.072,1,0
2023-11-15,sh.600519,12256.950642,12283.75195622,12174.273066,12215.12956814,12162.35371546,1843486.0,3271230274.52,0.1468,0.4339,1,0
2023-11-16,sh.600519,12222.501652,12236.281248,12126.3889699,12126.3889699,12215.12956814,1255757.0,2215937272.64,0.1,-0.7265,1,0
2023-11-17,sh.600519,12070.926096,12119.154682,11973.7799442,12080.70960916,12126.3889699,2171363.0,3793781119.24,0.1729,-0.3767,1,0
2023-11-20,sh.600519,12091.59549,12191.497561,11965.23659468,12143.268975,12080.70960916,1860804.0,3265514009.96,0.1481,0.5178,1,0
2023-11-21,sh.600519,12287.40354916,12387.856804,12195.6314398,12332.73842,12143.268975,3009845.0,5383107809.55,0.2396,1.5603,1,0
2023-11-22,sh.600519,12286.5767734,12362.7090413,12267.56093092,12274.24403498,12332.73842,1266457.0,2263460167.15,0.1008,-0.4743,1,0
2023-11-23,sh.600519,12252.1277834,12318.958824,12201.832258,12305.179228,12274.24403498,1154964.0,2055272192.8,0.0919,0.252,1,0
2023-11-24,sh.600519,12325.848622,12325.848622,12229.39145,12243.171046,12305.179228,1308540.0,2329345658.1,0.1042,-0.5039,1,0
2023-11-27,sh.600519,12217.6787934,12217.6787934,12091.59549,12146.713874,12243.171046,1626074.0,2865075216.81,0.1294,-0.7878,1,0
2023-11-28,sh.600519,12132.934278,12221.67487624,12112.264884,12188.32825392,12146.713874,1451976.0,2562905659.33,0.1156,0.3426,1,0
2023-11-29,sh.600519,12181.162864,12236.281248,12112.264884,12227.39340858,12188.32825392,1714933.0,3034175613.94,0.1365,0.3205,1,0
2023-11-30,sh.600519,12241.24190256,12365.53385848,12202.38344184,12343.073117,12227.39340858,2135342.0,3817513544.95,0.17,0.9461,1,0
2023-12-01,sh.600519,12327.98445938,12330.6714806,12043.366904,12127.97362344,12343.073117,3305131.0,5830850111.12,0.2631,-1.7427,1,0
2023-12-04,sh.600519,12127.97362344,12138.65281034,12024.62665344,12062.03825658,12127.97362344,1844047.0,3233102118.37,0.1468,-0.5437,1,0
2023-12-05,sh.600519,12048.74094644,12049.42992624,11767.91277996,11774.664782,12062.03825658,2990301.0,5168983316.9,0.238,-2.3825,1,0
2023-12-06,sh.600519,11730.77676874,11846.80096706,11720.44207174,11733.325994,11774.664782,2385129.0,4078003021.8,0.1899,-0.3511,1,0
2023-12-07,sh.600519,11740.215792,11775.21596584,11625.1561654,11712.6566,11733.325994,2504150.0,4249170905.94,0.1993,-0.1762,1,0
2023-12-08,sh.600519,11712.6566,11773.56241432,11659.05397156,11746.55440616,11712.6566,2628801.0,4474160126.29,0.2093,0.2894,1,0
2023-12-11,sh.600519,11643.75862,11740.215792,11416.395286,11698.877004,11746.55440616,3683098.0,6172810248.13,0.2932,-0.4059,1,0
2023-12-12,sh.600519,11627.2231048,11781.48568202,11602.419832,11781.48568202,11698.877004,2101066.0,3564305866.14,0.1673,0.7061,1,0
2023-12-13,sh.600519,11748.62134556,11752.06624456,11416.94646984,11437.06468,11781.48568202,3878870.0,6480807499.57,0.3088,-2.9234,1,0
2023-12-14,sh.600519,11478.12787608,11505.06698626,11264.95752596,11271.0205482,11437.06468,4067215.0,6703240106.62,0.3238,-1.4518,1,0
2023-12-15,sh.600519,11355.97175754,11559.49639046,11326.89680998,11333.71771,11271.0205482,3709251.0,6140791726.45,0.2953,0.5563,1,0
2023-12-18,sh.600519,11299.26872,11460.00770734,11264.81973,11450.844276,11333.71771,1989734.0,3292194756.9,0.1584,1.0334,1,0
2023-12-19,sh.600519,11471.51367,11573.96496626,11334.33779182,11540.41165,11450.844276,2220676.0,3706057587.17,0.1768,0.7822,1,0
2023-12-20,sh.600519,11555.117638,11569.05626,11450.577973,11497.89959469,11540.41239179,2309203.0,3816133219.46,0.1838,-0.3684,1,0
2023-12-21,sh.600519,11429.73973311,11654.91817152,11429.73973311,11638.74937,11497.89959469,2901168.0,4827827888.44,0.2309,1.225,1,0
2023-12-22,sh.600519,11636.6585767,11702.1701001,11555.18733111,11643.27942215,11638.74937,2166684.0,3613238325.14,0.1725,0.0389,1,0
2023-12-25,sh.600519,11645.718681,11698.6854446,11624.810748,11652.687992,11643.27942215,1247106.0,2086014389.78,0.0993,0.0808,1,0
2023-12-26,sh.600519,11656.1726475,11672.8989939,11551.6329825,11638.74937,11652.687992,1477126.0,2457177339.1,0.1176,-0.1196,1,0
2023-12-27,sh.600519,11624.810748,11688.57994365,11576.025571,11618.25959566,11638.74937,1605550.0,2679221364.52,0.1278,-0.176,1,0
2023-12-28,sh.600519,11645.64898789,12042.89971489,11618.25959566,12021.99178189,11618.25959566,3833806.0,6537401379.77,0.3052,3.475,1,0
2023-12-29,sh.600519,11987.21492,12193.36713938,11987.21492,12029.030786,12021.99178189,2753868.0,4768857531.46,0.2192,0.0586,1,0
2024-01-02,sh.600519,11952.368365,11974.60046709,11695.2007891,11743.35872811,12029.030786,3215644.0,5440082548.08,0.256,-2.3749,1,0
2024-01-03,sh.600519,11716.17841521,11814.51539342,11682.86510863,11806.012834,11743.35872811,2022929.0,3411400667.33,0.161,0.5335,1,0
2024-01-04,sh.600519,11799.043523,11799.043523,11589.47634123,11631.780059,11806.012834,2155107.0,3603970147.13,0.1716,-1.4758,1,0
2024-01-05,sh.600519,11578.32544363,11699.10360326,11514.06839621,11592.47314496,11631.780059,2024286.0,3373155626.7,0.1611,-0.3379,1,0
2024-01-08,sh.600519,11576.025571,11582.994882,11429.73973311,11457.47759089,11592.47314496,2558620.0,4211918629.14,0.2037,-1.1645,1,0
2024-01-09,sh.600519,11436.70904411,11515.53195152,11395.31133677,11436.639351,11457.47759089,2441204.0,4009826495.98,0.1943,-0.1819,1,0
2024-01-10,sh.600519,11437.3362821,11565.29283206,11415.731418,11440.1240065,11436.639351,1735067.0,2856120717.95,0.1381,0.0305,1,0
2024-01-11,sh.600519,11430.3669711,11554.69947934,11416.14957666,11475.45841327,11440.1240065,1644055.0,2708764500.37,0.1309,0.3089,1,0
2024-01-12,sh.600519,11429.46096067,11508.14448186,11425.4884534,11450.99613166,11475.45841327,1160324.0,1908084612.39,0.0924,-0.2132,1,0
2024-01-15,sh.600519,11394.823485,11534.00062567,11390.99036395,11429.67004,11450.99613166,1785403.0,2931202342.59,0.1421,-0.1862,1,0
2024-01-16,sh.600519,11419.2160735,11478.455217,11324.71221634,11425.69753273,11429.67004,2590314.0,4236042959.79,0.2062,-0.0348,1,0
2024-01-17,sh.600519,11359.97693,11398.16875428,10990.603447,10990.603447,11425.69753273,5163276.0,8251735591.39,0.411,-3.808,1,0
2024-01-18,sh.600519,10969.695514,11240.1047808,10841.11172605,11226.65401057,10990.603447,6043981.0,9566349513.74,0.4811,2.1477,1,0
2024-01-19,sh.600519,11212.71538857,11415.80111111,11157.03059368,11394.823485,11226.65401057,4637843.0,7550144389.15,0.3692,1.4979,1,0
2024-01-22,sh.600519,11353.007619,11450.577973,11282.47819168,11443.608662,11394.823485,4694589.0,7678297835.81,0.3737,0.4281,1,0
2024-01-23,sh.600519,11373.98524511,11429.32157445,11213.621399,11283.314509,11443.608662,3483490.0,5659457114.74,0.2773,-1.4007,1,0
2024-01-24,sh.600519,11353.007619,11386.73908424,11175.70834716,11332.099686,11283.314509,3321635.0,5373603703.01,0.2644,0.4324,1,0
2024-01-25,sh.600519,11337.81452102,11436.639351,11304.222442,11415.731418,11332.099686,3120580.0,5094508164.92,0.2484,0.738,1,0
2024-01-26,sh.600519,11362.48588196,11458.2442151,11311.191753,11410.99228652,11415.731418,2695475.0,4402111882.29,0.2146,-0.0415,1,0
2024-01-29,sh.600519,11431.7608333,11573.09846038,11431.69114019,11499.36315,11410.99228652,3142068.0,5189014946.07,0.2501,0.7744,1,0
2024-01-30,sh.600519,11499.22376378,11499.22376378,11220.59071,11241.498643,11499.36315,3086633.0,5010784454.24,0.2457,-2.2424,1,0
2024-01-31,sh.600519,11241.498643,11290.07474067,11137.86498843,11185.11691701,11241.498643,2964912.0,4770104890.59,0.236,-0.5015,1,0
2024-02-01,sh.600519,11189.2288105,11317.39443979,11157.866911,11220.79978933,11185.11691701,2648515.0,4272298575.76,0.2108,0.319,1,0
2024-02-02,sh.600519,11255.437265,11344.50505958,11018.480691,11123.020356,11220.79978933,3938202.0,6336691193.66,0.3135,-0.8714,1,0
2024-02-05,sh.600519,11123.020356,11411.82860384,11117.79337275,11360.04662311,11123.020356,5313036.0,8590683070.98,0.4229,2.131,1,0
2024-02-06,sh.600519,11360.04662311,11746.63430428,11332.7966171,11680.565236,11360.04662311,5247204.0,8740646588.38,0.4177,2.8215,1,0
2024-02-07,sh.600519,11715.62087033,11949.51094749,11580.27685071,11924.42142789,11680.565236,5260107.0,8899606866.71,0.4187,2.0877,1,0
2024-02-08,sh.600519,11987.28461311,12022.061475,11743.289035,11889.644566,11924.42142789,4675654.0,7953438044.01,0.3722,-0.2916,1,0
2024-02-19,sh.600519,12111.75650757,12112.17466623,11764.196968,11815.97894873,11889.644566,3697744.0,6288277979.62,0.2944,-0.6196,1,0
2024-02-20,sh.600519,11829.42971896,11829.42971896,11545.08183016,11638.74937,11815.97894873,3447007.0,5755266893.46,0.2744,-1.4999,1,0
2024-02-21,sh.600519,11611.01151222,12063.877341,11582.994882,11970.90673226,11638.74937,4615407.0,7868784081.7,0.3674,2.8539,1,0
2024-02-22,sh.600519,11900.0985325,12008.19254611,11851.52243483,11975.92463618,11970.90673226,2279361.0,3905984694.84,0.1814,0.0419,1,0
2024-02-23,sh.600519,11925.25774521,12017.74050218,11847.96808622,11946.02629199,11975.92463618,2730589.0,4670706949.89,0.2174,-0.2497,1,0
2024-02-26,sh.600519,11903.583188,11908.74047814,11743.42842122,11812.84275878,11946.02629199,2731832.0,4625594409.39,0.2175,-1.1149,1,0
2024-02-27,sh.600519,11729.350413,11798.48597812,11694.503858,11774.6509345,11812.84275878,2207985.0,3718478357.63,0.1758,-0.3233,1,0
2024-02-28,sh.600519,11770.60873412,11823.92396327,11666.69630711,11719.24491205,11774.6509345,3186731.0,5371312846.96,0.2537,-0.4706,1,0
2024-02-29,sh.600519,11719.24491205,11823.4361115,11702.8670312,11812.982145,11719.24491205,2475833.0,4184917973.12,0.1971,0.7999,1,0
2024-03-01,sh.600519,11778.13559,11812.77306567,11685.30436748,11743.70719366,11812.982145,2686796.0,4526845398.15,0.2139,-0.5864,1,0
2024-03-04,sh.600519,11701.473169,11715.34209789,11639.09783555,11682.6560293,11743.70719366,2648477.0,4434401015.25,0.2108,-0.5199,1,0
2024-03-05,sh.600519,11644.39451191,11826.920767,11615.61125748,11813.6790761,11682.6560293,3623837.0,6102136582.12,0.2885,1.1215,1,0
2024-03-06,sh.600519,11785.104901,11812.982145,11694.64324422,11712.27560105,11813.6790761,2214248.0,3725582802.23,0.1763,-0.8584,1,0
2024-03-07,sh.600519,11708.44248,11776.7417278,11694.503858,11733.74107893,11712.27560105,2159912.0,3633934773.86,0.1719,0.1833,1,0
2024-03-08,sh.600519,11712.34529416,11754.99747748,11639.09783555,11648.71548473,11733.74107893,2215623.0,3710678521.73,0.1764,-0.7246,1,0
2024-03-11,sh.600519,11673.595925,11840.02307168,11660.91177898,11809.42779639,11648.71548473,2989509.0,5048394347.37,0.238,1.3797,1,0
2024-03-12,sh.600519,11805.59467534,12190.0218701,11781.6202455,12161.447695,11809.42779639,5422654.0,9393309052.2,0.4317,2.9808,1,0
2024-03-13,sh.600519,12126.39206067,12182.355628,11987.9118511,12039.13628695,12161.447695,2649954.0,4588879420.47,0.211,-1.0057,1,0
2024-03-14,sh.600519,11980.245609,12090.63949524,11927.9757765,11963.72834193,12039.13628695,1940479.0,3338768307.9,0.1545,-0.6264,1,0
2024-03-15,sh.600519,11934.9450875,12073.6343764,11931.460432,11969.72194939,11963.72834193,1783358.0,3066692399.05,0.142,0.0501,1,0
2024-03-18,sh.600519,11952.368365,11986.16952335,11840.859389,11905.39520886,11969.72194939,2605501.0,4446059129.61,0.2074,-0.5374,1,0
2024-03-19,sh.600519,11868.736633,11986.79676134,11799.81014721,11903.72257422,11905.39520886,2394753.0,4093701260.68,0.1906,-0.014,1,0
2024-03-20,sh.600519,11871.24558496,11943.16887448,11849.43164153,11914.7340856,11903.72257422,1524925.0,2604543856.37,0.1214,0.0925,1,0
2024-03-21,sh.600519,11904.2801191,11980.245609,11879.1905995,11910.552499,11914.7340856,1659597.0,2839332631.35,0.1321,-0.0351,1,0
2024-03-22,sh.600519,11882.88433433,11910.48280589,11764.196968,11857.23726985,11910.552499,2545614.0,4318592818.22,0.2026,-0.4476,1,0
2024-03-25,sh.600519,11837.65350594,11839.25644747,11712.48468038,11771.23597211,11857.23726985,2447285.0,4131446236.95,0.1948,-0.7253,1,0
2024-03-26,sh.600519,11760.43354006,11937.0358808,11760.43354006,11912.57359919,11771.23597211,2806907.0,4782899074.34,0.2234,1.2007,1,0
2024-03-27,sh.600519,11882.675255,11931.460432,11840.859389,11854.798011,11912.57359919,1811258.0,3087792980.39,0.1442,-0.485,1,0
2024-03-28,sh.600519,11812.982145,11973.276298,11800.4373852,11859.25837004,11854.798011,2464218.0,4201857059.18,0.1962,0.0376,1,0
2024-03-29,sh.600519,11859.25837004,11924.42142789,11834.5870091,11868.0397019,11859.25837004,1345655.0,2290584417.12,0.1071,0.074,1,0
2024-04-01,sh.600519,11917.45211689,12084.785274,11908.4617057,11996.48410363,11868.0397019,2713137.0,4679371034.95,0.216,1.0823,1,0
2024-04-02,sh.600519,12001.153542,12021.99178189,11883.02372055,11945.32936089,11996.48410363,2544925.0,4360973684.11,0.2026,-0.4264,1,0
2024-04-03,sh.600519,12084.785274,12122.69832584,11917.66119622,11953.13498921,11945.32936089,2904580.0,5002390041.83,0.2312,0.0653,1,0
2024-04-08,sh.600519,11812.982145,11819.951456,11587.1764686,11615.47187126,11953.13498921,5916659.0,9907355766.28,0.471,-2.8249,1,0
2024-04-09,sh.600519,11573.72569837,11659.657303,11558.25382795,11584.52813042,11615.47187126,2558982.0,4256226332.6,0.2037,-0.2664,1,0
2024-04-10,sh.600519,11584.87659597,11603.83312189,11464.516595,11485.28514178,11584.52813042,2763050.0,4562853879.72,0.22,-0.8567,1,0
2024-04-11,sh.600519,11430.43666421,11499.36315,11392.66299859,11485.424528,11485.28514178,2276624.0,3736417594.65,0.1812,0.0012,1,0
2024-04-12,sh.600519,11506.332461,11596.933504,11388.06325333,11388.06325333,11485.424528,2674433.0,4403968129.45,0.2129,-0.8477,1,0
2024-04-15,sh.600519,11394.89317811,11677.84720471,11394.68409878,11659.51791678,11388.06325333,3581771.0,5960815531.8,0.2851,2.3837,1,0
2024-04-16,sh.600519,11607.31777739,11705.37598316,11562.086949,11638.74937,11659.51791678,2626623.0,4382796962.26,0.2091,-0.1781,1,0
2024-04-17,sh.600519,11624.810748,11674.9897872,11555.117638,11617.841437,11638.74937,2481911.0,4130322017.81,0.1976,-0.1796,1,0
2024-04-18,sh.600519,11562.15664211,11729.21102678,11556.37211398,11644.18543258,11617.841437,2656841.0,4445487745.15,0.2115,0.2268,1,0
2024-04-19,sh.600519,11574.49232258,11628.2954035,11438.59075808,11475.94626504,11644.18543258,2349992.0,3879233241.82,0.1871,-1.4448,1,0
2024-04-22,sh.600519,11527.240394,11700.63685168,11464.516595,11674.01408366,11475.94626504,2995139.0,5001684634.65,0.2384,1.7259,1,0
2024-04-23,sh.600519,11673.595925,11812.982145,11673.595925,11794.02561908,11674.01408366,2497995.0,4217855278.96,0.1989,1.028,1,0
2024-04-24,sh.600519,11826.78138078,11847.20146201,11731.65028563,11803.2251096,11794.02561908,1708643.0,2893555635.0,0.136,0.078,1,0
2024-04-25,sh.600519,11780.43546263,11817.1637316,11724.12342975,11799.32229544,11803.2251096,1447648.0,2447183878.84,0.1152,-0.0331,1,0
2024-04-26,sh.600519,11806.012834,11945.399054,11805.87344778,11913.54930273,11799.32229544,3099592.0,5290248521.35,0.2467,0.9681,1,0
2024-04-29,sh.600519,11826.57230145,12042.969408,11804.75835802,11875.705944,11913.54930273,4133223.0,7072096590.12,0.329,-0.3176,1,0
2024-04-30,sh.600519,11882.74494811,12056.07171268,11882.675255,11882.675255,11875.705944,3075989.0,5273902374.34,0.2449,0.0587,1,0
2024-05-06,sh.600519,12084.57619467,12300.833915,12036.000097,12267.3812222,11882.675255,5990949.0,10504351711.51,0.4769,3.2375,1,0
2024-05-07,sh.600519,12306.33967069,12390.0410958,12242.84924748,12335.68047,12267.3812222,2492452.0,4413196426.02,0.1984,0.5568,1,0
2024-05-08,sh.600519,12333.51998359,12335.47139067,12235.81024337,12293.65552467,12335.68047,1476909.0,2603293863.23,0.1176,-0.3407,1,0
2024-05-09,sh.600519,12252.048738,12300.69452878,12196.29425,12238.110116,12293.65552467,2238734.0,3929804849.36,0.1782,-0.4518,1,0
2024-05-10,sh.600519,12273.6536021,12320.90553068,12084.71558089,12119.49244278,12238.110116,2620661.0,4571398242.25,0.2086,-0.9692,1,0
2024-05-13,sh.600519,12070.98603822,12075.44639726,11856.33125942,11889.644566,12119.49244278,3766212.0,6435415673.6,0.2998,-1.8965,1,0
2024-05-14,sh.600519,11889.57487289,11940.31145697,11847.89839311,11861.62793578,11889.644566,2127417.0,3623282672.07,0.1694,-0.2356,1,0
2024-05-15,sh.600519,11865.80952238,11903.583188,11838.00197149,11847.8287,11861.62793578,1573876.0,2677203002.27,0.1253,-0.1163,1,0
2024-05-16,sh.600519,11882.675255,11916.68549268,11778.13559,11879.1905995,11847.8287,2967954.0,5048754768.56,0.2363,0.2647,1,0
2024-05-17,sh.600519,11847.89839311,11963.37987638,11847.8287,11952.368365,11879.1905995,2892388.0,4936920634.17,0.2302,0.616,1,0
2024-05-20,sh.600519,11973.20660489,12077.74626989,11904.34981221,11910.552499,11952.368365,3142572.0,5401389334.87,0.2502,-0.3499,1,0
2024-05-21,sh.600519,11903.583188,11915.64009603,11835.00516776,11882.675255,11910.552499,1629339.0,2776847499.0,0.1297,-0.2341,1,0
2024-05-22,sh.600519,11868.736633,11917.24303756,11785.104901,11831.86897781,11882.675255,2028568.0,3443977766.96,0.1615,-0.4276,1,0
2024-05-23,sh.600519,11847.8287,11892.29290418,11778.69313488,11792.14390511,11831.86897781,1888497.0,3199923320.08,0.1503,-0.3357,1,0
2024-05-24,sh.600519,11799.043523,11812.982145,11687.534547,11688.09209188,11792.14390511,2021663.0,3401323914.95,0.1609,-0.8824,1,0
2024-05-27,sh.600519,11694.503858,11760.36384695,11624.88044111,11639.58568732,11688.09209188,2509791.0,4199001866.34,0.1998,-0.415,1,0
2024-05-28,sh.600519,11641.5370944,11674.78070787,11589.964193,11601.39386304,11639.58568732,2352087.0,3923020375.14,0.1872,-0.3281,1,0
2024-05-29,sh.600519,11610.872126,11708.44248,11603.902815,11666.626614,11601.39386304,1965128.0,3289173344.7,0.1564,0.5623,1,0
2024-05-30,sh.600519,11673.595925,11676.24426318,11492.393839,11492.393839,11666.626614,3220792.0,5333306808.36,0.2564,-1.4934,1,0
2024-05-31,sh.600519,11502.8478055,11593.4488485,11488.56071795,11488.56071795,11492.393839,2185665.0,3617654788.02,0.174,-0.0334,1,0
2024-06-03,sh.600519,11499.36315,11505.77491612,11395.59010921,11425.41876029,11488.56071795,3026105.0,4966041477.44,0.2409,-0.5496,1,0
2024-06-04,sh.600519,11433.1546955,11541.179016,11405.62591705,11521.6649452,11425.41876029,2084108.0,3432497302.98,0.1659,0.8424,1,0
2024-06-05,sh.600519,11513.301772,11559.85676948,11450.78705233,11457.547284,11521.6649452,1905557.0,3140824328.04,0.1517,-0.5565,1,0
2024-06-06,sh.600519,11455.17771826,11513.23207889,11401.16555801,11428.34587091,11457.547284,2561005.0,4205700983.23,0.2039,-0.2549,1,0
2024-06-07,sh.600519,11472.39191643,11472.74038198,11283.38420211,11284.56898498,11428.34587091,3352455.0,5453120695.46,0.2669,-1.2581,1,0
2024-06-11,sh.600519,11171.73583989,11185.744155,10920.910337,10934.848959,11284.56898498,7024676.0,11090577610.06,0.5592,-3.0991,1,0
2024-06-12,sh.600519,10941.81827,11081.20449,10941.81827,10953.52671248,10934.848959,3317050.0,5230086503.44,0.2641,0.1708,1,0
2024-06-13,sh.600519,10989.00050547,10989.83682279,10824.38537965,10837.34829811,10953.52671248,3618597.0,5654938942.06,0.2881,-1.0606,1,0
2024-06-14,sh.600519,10837.278605,10899.72363156,10596.55860306,10837.278605,10837.34829811,5951416.0,9177637168.06,0.4738,-0.0006,1,0
2024-06-17,sh.600519,10679.00555219,10793.85979747,10530.69861411,10743.1929065,10837.278605,4831816.0,7400883242.87,0.3846,-0.8682,1,0
2024-06-18,sh.600519,10669.24851679,10834.07272194,10570.21460748,10603.8066865,10743.1929065,4125825.0,6317590942.71,0.3284,-1.2974,1,0
2024-06-19,sh.600519,10656.23498511,10698.988256,10543.1984669,10677.647189,10603.80709718,4126153.0,6167728415.75,0.3285,0.6964,1,0
2024-06-20,sh.600519,10670.5335,10784.42366089,10656.306122,10671.2448689,10677.647189,2471068.0,3715924984.07,0.1967,-0.06,1,0
2024-06-21,sh.600519,10674.0903445,10705.95967122,10458.68784158,10464.236519,10671.2448689,4331997.0,6418543742.21,0.3448,-1.9399,1,0
2024-06-24,sh.600519,10122.779447,10592.21178411,10058.82738289,10503.71749295,10464.236519,6383993.0,9319362390.13,0.5082,0.3773,1,0
2024-06-25,sh.600519,10506.918653,10691.80343011,10506.918653,10575.56575185,10503.71749295,4209795.0,6273919386.3,0.3351,0.684,1,0
2024-06-26,sh.600519,10528.25972,10678.14514723,10512.6096042,10593.84793258,10575.56575185,2956977.0,4414601922.25,0.2354,0.1729,1,0
2024-06-27,sh.600519,10613.623988,10627.63795533,10442.895452,10602.88231761,10593.84793258,3282178.0,4857959457.24,0.2613,0.0853,1,0
2024-06-28,sh.600519,10528.25972,10631.33707361,10414.440696,10438.55610171,10602.88231761,3858202.0,5699649046.86,0.3071,-1.5498,1,0
2024-07-01,sh.600519,10449.15549832,10478.39276011,10158.347892,10246.41536182,10438.55610171,3216138.0,4636689118.2,0.256,-1.8407,1,0
2024-07-02,sh.600519,10193.916337,10656.306122,10193.916337,10604.3761923,10246.41536182,5185298.0,7659166816.23,0.4128,3.4935,1,0
2024-07-03,sh.600519,10663.419811,10763.08259389,10585.31150578,10670.5335,10604.3761923,3157326.0,4740808130.08,0.2513,0.6239,1,0
2024-07-04,sh.600519,10706.101945,10755.897768,10536.29818857,10569.09229486,10670.5335,2437973.0,3637968895.24,0.1941,-0.9507,1,0
2024-07-05,sh.600519,10521.146031,10622.01814102,10314.84905,10336.190117,10569.09229486,3882938.0,5664477336.47,0.3091,-2.2036,1,0
2024-07-08,sh.600519,10265.053227,10370.12241353,10095.32060746,10101.43838,10336.190117,3952705.0,5657951348.41,0.3147,-2.2712,1,0
2024-07-09,sh.600519,10101.43838,10349.63498921,10031.0128589,10229.69819267,10101.43838,3362071.0,4807957927.36,0.2676,1.2697,1,0
2024-07-10,sh.600519,10238.37689325,10427.81443132,10208.143715,10226.56816951,10229.69819267,2376322.0,3436693365.45,0.1892,-0.0306,1,0
2024-07-11,sh.600519,10314.63563933,10450.009141,10245.20603469,10400.85355001,10226.56816951,2902014.0,4236960596.17,0.231,1.7042,1,0
2024-07-12,sh.600519,10478.53503389,10573.7873296,10424.75554505,10519.86556698,10400.85355001,2338634.0,3451132647.99,0.1862,1.1443,1,0
2024-07-15,sh.600519,10457.12283,10585.169232,10457.12283,10491.9799061,10519.86556698,1917626.0,2835374730.12,0.1527,-0.2651,1,0
2024-07-16,sh.600519,10499.804964,10542.487098,10421.91006945,10499.804964,10491.9799061,2031644.0,2998367128.33,0.1617,0.0746,1,0
2024-07-17,sh.600519,10500.5163329,10691.874567,10457.26510378,10680.4926646,10499.804964,3431101.0,5115680654.19,0.2731,1.7209,1,0
2024-07-18,sh.600519,10666.9766555,10777.238835,10617.39424317,10652.82041439,10680.4926646,2887039.0,4337214600.94,0.2298,-0.2591,1,0
2024-07-19,sh.600519,10605.15869809,10878.11094502,10556.78561289,10852.78621218,10652.82041439,3894291.0,5888615144.79,0.31,1.8771,1,0
2024-07-22,sh.600519,10848.58913567,10883.80189622,10611.13419685,10663.419811,10852.78621218,2854321.0,4300813309.97,0.2272,-1.7449,1,0
2024-07-23,sh.600519,10663.419811,10677.647189,10350.417495,10350.417495,10663.419811,3094396.0,4555460197.63,0.2463,-2.9353,1,0
2024-07-24,sh.600519,10316.2717878,10412.3065893,10208.143715,10243.85443378,10350.417495,2412255.0,3490200972.8,0.192,-1.0296,1,0
2024-07-25,sh.600519,10243.85443378,10300.621672,10101.50951689,10176.06097761,10243.85443378,2834656.0,4054086714.05,0.2257,-0.6618,1,0
2024-07-26,sh.600519,10176.06097761,10227.49294908,10036.7038101,10117.01735891,10176.06097761,3235379.0,4594928574.1,0.2576,-0.5802,1,0
2024-07-29,sh.600519,10065.869935,10115.59462111,9944.937222,9945.07949578,10117.01735891,3086907.0,4342610099.97,0.2457,-1.6995,1,0
2024-07-30,sh.600519,9859.43068022,9889.94840603,9683.8648357,9816.81968311,9945.07949578,5177904.0,7103491565.79,0.4122,-1.2897,1,0
2024-07-31,sh.600519,9767.8063659,10153.15489903,9767.8063659,10110.54390192,9816.81968311,4327232.0,6098149721.25,0.3445,2.9921,1,0
2024-08-01,sh.600519,10087.211002,10101.43838,9850.3251583,9860.71114424,10110.54390192,3203810.0,4470988088.03,0.255,-2.471,1,0
2024-08-02,sh.600519,9771.3632104,9937.61012233,9771.3632104,9855.66042505,9860.71114424,2192769.0,3041726371.64,0.1746,-0.0512,1,0
2024-08-05,sh.600519,9880.06037832,10144.120514,9856.15838328,10030.37262689,9855.66042505,3773607.0,5327127146.61,0.3004,1.7727,1,0
2024-08-06,sh.600519,10115.665758,10129.893136,9916.55360289,9992.5989383,10030.37262689,2744433.0,3860735014.17,0.2185,-0.3766,1,0
2024-08-07,sh.600519,9998.2898895,10115.59462111,9947.0713287,10069.4267795,9992.5989383,2062221.0,2910580747.04,0.1642,0.7688,1,0
2024-08-08,sh.600519,10037.415179,10301.90213602,10023.187801,10177.48371541,10069.4267795,2513082.0,3592705429.82,0.2001,1.0731,1,0
2024-08-09,sh.600519,10386.19935067,10450.009141,10220.9483552,10220.9483552,10177.48371541,3013849.0,4368705515.28,0.2399,0.4271,1,0
2024-08-12,sh.600519,10172.57527,10265.053227,10148.24645362,10215.9687729,10220.9483552,1363203.0,1956573437.91,0.1085,-0.0487,1,0
2024-08-13,sh.600519,10193.916337,10208.143715,10044.60000489,10122.85058389,10215.9687729,1630843.0,2317037755.64,0.1298,-0.9115,1,0
2024-08-14,sh.600519,10122.85058389,10136.2954561,10044.67114178,10053.7766637,10122.85058389,1341431.0,1898377426.46,0.1068,-0.6824,1,0
2024-08-15,sh.600519,9994.94645567,10215.18626711,9987.26367155,10150.45169721,10053.7766637,2303897.0,3275699572.4,0.1834,0.9616,1,0
2024-08-16,sh.600519,10149.74032831,10214.68830888,10080.16844989,10181.1116968,10150.45169721,1645470.0,2349825846.1,0.131,0.3021,1,0
2024-08-19,sh.600519,10186.802648,10378.01860832,10137.006825,10140.13684816,10181.1116968,2043279.0,2942106435.2,0.1627,-0.4025,1,0
2024-08-20,sh.600519,10171.8639011,10172.07731177,10058.756246,10120.78761408,10140.13684816,1859138.0,2644814343.58,0.148,-0.1908,1,0
2024-08-21,sh.600519,10101.43838,10158.20561822,10070.77838041,10084.22325262,10120.78761408,1509165.0,2144746551.03,0.1201,-0.3613,1,0
2024-08-22,sh.600519,10072.983624,10101.43838,9959.23573689,10030.65717445,10084.22325262,1952729.0,2750868072.63,0.1554,-0.5312,1,0
2024-08-23,sh.600519,10016.074112,10126.3362915,10002.70037668,10065.79879811,10030.65717445,1532046.0,2166499201.67,0.122,0.3503,1,0
2024-08-26,sh.600519,10080.097313,10128.89721954,9981.57272035,10044.528868,10065.79879811,1562841.0,2207595460.92,0.1244,-0.2113,1,0
2024-08-27,sh.600519,10044.528868,10051.642557,9967.06079479,9988.11731423,10044.528868,1365740.0,1920770569.55,0.1087,-0.5616,1,0
2024-08-28,sh.600519,9988.11731423,10001.846734,9781.322375,9880.914021,9988.11731423,3166351.0,4388025874.57,0.2521,-1.0733,1,0
2024-08-29,sh.600519,9816.89082,10087.211002,9816.89082,10053.7766637,9880.914021,2747161.0,3864270620.62,0.2187,1.7495,1,0
2024-08-30,sh.600519,10051.642557,10372.25652023,9994.733045,10266.40482791,10053.7766637,3873923.0,5576118648.81,0.3084,2.1149,1,0
2024-09-02,sh.600519,10172.57527,10229.484782,9923.596155,9923.596155,10266.40482791,3413459.0,4801049927.2,0.2717,-3.3391,1,0
2024-09-03,sh.600519,9944.937222,10065.72766122,9909.51105078,10030.30149,9923.596155,1788760.0,2516125842.32,0.1424,1.0753,1,0
2024-09-04,sh.600519,9973.391978,10095.67629191,9957.31504086,9959.1646,10030.30149,1421109.0,1995221417.23,0.1131,-0.7092,1,0
2024-09-05,sh.600519,9962.7214445,10008.960423,9937.823533,9993.87940232,9959.1646,1450295.0,2033680838.85,0.1155,0.3486,1,0
2024-09-06,sh.600519,9994.733045,10001.846734,9944.937222,9944.937222,9993.87940232,1032104.0,1445537257.09,0.0822,-0.4897,1,0
2024-09-09,sh.600519,9816.96195689,9914.41949619,9746.32302512,9781.322375,9944.937222,2863755.0,3950086824.52,0.228,-1.6452,1,0
2024-09-10,sh.600519,9745.89620378,9909.368777,9745.89620378,9802.663442,9781.322375,1980284.0,2737295643.84,0.1576,0.2182,1,0
2024-09-11,sh.600519,9785.5905884,9858.71931132,9710.185485,9816.89082,9802.663442,2099577.0,2892932793.68,0.1671,0.1451,1,0
2024-09-12,sh.600519,9816.89082,9852.459265,9496.13458299,9497.20163634,9816.89082,4794831.0,6482445000.4,0.3817,-3.2565,1,0
2024-09-13,sh.600519,9468.320059,9475.433748,9228.5887397,9277.17523557,9497.20163634,5600511.0,7329376916.85,0.4458,-2.3167,1,0
2024-09-18,sh.600519,9247.7957,9247.86683689,9010.62530874,9012.3325941,9277.17523557,4618531.0,5895948010.82,0.3677,-2.8548,1,0
2024-09-19,sh.600519,8977.475518,9197.14623432,8862.44716687,8970.361829,9012.3325941,5998821.0,7623739997.16,0.4775,-0.4657,1,0
2024-09-20,sh.600519,8973.9186735,9062.1284171,8892.32466067,8991.13380088,8970.361829,3998184.0,5038507834.94,0.3183,0.2316,1,0
2024-09-23,sh.600519,9020.157652,9201.5567215,8967.94317474,8974.20322106,8991.13380088,4554969.0,5809791682.27,0.3626,-0.1883,1,0
2024-09-24,sh.600519,9141.73059701,9767.094997,8999.45681701,9764.2495214,8974.20322106,10041281.0,13297277523.01,0.7993,8.8035,1,0
2024-09-25,sh.600519,9959.52028445,10151.234203,9935.76056319,9952.050911,9764.2495214,7395380.0,10420109654.75,0.5887,1.9234,1,0
2024-09-26,sh.600519,9958.88005244,10883.01939043,9930.709844,10876.830481,9952.050911,9727806.0,14269262657.31,0.7744,9.2924,1,0
2024-09-27,sh.600519,11381.9024,11589.6221188,11135.48421304,11589.6221188,10876.830481,8792167.0,14050260568.94,0.6999,6.5533,1,0
2024-09-30,sh.600519,12036.361788,12519.23899732,11751.814228,12434.728372,11589.6221188,15729341.0,26982747037.24,1.2521,7.2919,1,0
2024-10-08,sh.600519,13587.14599,13587.14599,11952.27798402,12256.886147,12434.728372,19470947.0,35114075007.04,1.55,-1.4302,1,0
2024-10-09,sh.600519,12093.2713,12093.2713,11310.76551,11347.40100835,12256.886147,12019684.0,19708432734.0,0.9568,-7.4202,1,0
2024-10-10,sh.600519,11540.25311714,11866.20234712,11317.879199,11666.44996,11347.40100835,7460342.0,12198964035.35,0.5939,2.8116,1,0
2024-10-11,sh.600519,11491.4532106,11666.16541244,11310.76551,11417.39970811,11666.44996,4191471.0,6764982707.43,0.3337,-2.1348,1,0
2024-10-14,sh.600519,11474.380357,11528.65780407,11247.95163613,11396.05864111,11417.39970811,4481202.0,7181350821.99,0.3567,-0.1869,1,0
2024-10-15,sh.600519,11374.788711,11388.94495211,11047.63015389,11056.45112825,11396.05864111,4357143.0,6884141868.65,0.3469,-2.98,1,0
2024-10-16,sh.600519,10961.34110632,11024.7952122,10741.67039,10830.5915025,11056.45112825,4666440.0,7140169692.29,0.3715,-2.0428,1,0
2024-10-17,sh.600519,10933.739993,10938.43502774,10623.65428949,10632.1195794,10830.5915025,3945955.0,5964778957.87,0.3141,-1.8325,1,0
2024-10-18,sh.600519,10620.737677,11153.12616176,10520.86148344,10962.194749,10632.1195794,6861930.0,10418043491.5,0.5462,3.1045,1,0
2024-10-21,sh.600519,10963.68862369,11026.00453933,10821.41484369,10875.4077432,10962.194749,4200790.0,6433918335.41,0.3344,-0.7917,1,0
2024-10-22,sh.600519,10859.47307984,11098.63530402,10842.6847738,10976.422127,10875.4077432,3626913.0,5607826491.64,0.2887,0.9288,1,0
2024-10-23,sh.600519,10984.31832179,11217.93186855,10898.171548,11150.7075075,10976.422127,4008846.0,6259600035.07,0.3191,1.5878,1,0
2024-10-24,sh.600519,11104.468529,11204.060175,10990.72064189,11041.8680658,11150.7075075,2392280.0,3723973209.08,0.1904,-0.9761,1,0
2024-10-25,sh.600519,11004.876883,11202.56630031,10997.83433089,11089.17409765,11041.8680658,2774508.0,4328271350.73,0.2209,0.4284,1,0
2024-10-28,sh.600519,11097.35484,11132.923285,10828.67080647,11132.923285,11089.17409765,3912140.0,6064453667.74,0.3114,0.3945,1,0
2024-10-29,sh.600519,11097.35484,11239.62862,10883.94417,10895.46834618,11132.923285,4116578.0,6368105233.47,0.3277,-2.1329,1,0
2024-10-30,sh.600519,10848.375725,11034.68323991,10837.06495949,10898.171548,10895.46834618,3200574.0,4913175982.5,0.2548,0.0248,1,0
2024-10-31,sh.600519,10899.23860135,10955.08106,10812.80728,10868.22291731,10898.171548,2995735.0,4575545180.01,0.2385,-0.2748,1,0
2024-11-01,sh.600519,10819.920969,10991.57428457,10818.4982312,10910.62050375,10868.22291731,3228392.0,4954302212.43,0.257,0.3901,1,0
2024-11-04,sh.600519,10990.15154677,11026.21795,10870.14361334,11013.4133098,10910.62050375,2909292.0,4481761763.89,0.2316,0.9421,1,0
2024-11-05,sh.600519,10955.08106,11223.2671353,10926.69744089,11218.21641611,11013.4133098,4564047.0,7134443463.85,0.3633,1.8596,1,0
2024-11-06,sh.600519,11204.060175,11303.58068411,11106.03354058,11175.605419,11218.21641611,3763143.0,5916917616.45,0.2996,-0.3798,1,0
2024-11-07,sh.600519,11114.85451494,11762.4847615,11113.7163247,11731.46907746,11175.605419,7473872.0,12074951756.99,0.595,4.9739,1,0
2024-11-08,sh.600519,11815.05492321,11859.30206879,11389.08722589,11452.82587933,11731.46907746,6077120.0,9885645907.13,0.4838,-2.3752,1,0
2024-11-11,sh.600519,11310.76551,11452.68360555,11148.50226391,11367.74615889,11452.82587933,4385365.0,6957095385.27,0.3491,-0.7429,1,0
2024-11-12,sh.600519,11303.651821,11545.517247,11196.59080155,11219.7102908,11367.74615889,4922266.0,7844798676.34,0.3918,-1.3022,1,0
2024-11-13,sh.600519,11154.264352,11287.00578874,11106.46036192,11228.9580865,11219.7102908,2912526.0,4594445032.46,0.2319,0.0824,1,0
2024-11-14,sh.600519,11168.49173,11342.42142605,11137.54718285,11195.5237482,11228.9580865,2924814.0,4617144097.2,0.2328,-0.2978,1,0
2024-11-15,sh.600519,11161.378041,11266.6606382,11047.559017,11090.241151,11195.5237482,3376112.0,5295326891.85,0.2688,-0.9404,1,0
2024-11-18,sh.600519,11111.582218,11211.10272711,11061.786395,11090.241151,11090.241151,2709219.0,4237197498.8,0.2157,0.0,1,0
2024-11-19,sh.600519,11132.923285,11164.01010593,10848.375725,10968.73934288,11090.241151,3326643.0,5138831154.7,0.2648,-1.0956,1,0
2024-11-20,sh.600519,10976.422127,11054.45929533,10893.1919657,10989.29790409,10968.73934288,2134455.0,3292675256.92,0.1699,0.1874,1,0
2024-11-21,sh.600519,10982.61103643,11019.03312411,10898.171548,10991.57428457,10989.29790409,1826179.0,2810933514.72,0.1454,0.0207,1,0
2024-11-22,sh.600519,10963.26180235,11010.35442353,10726.16254798,10726.16254798,10991.57428457,3343611.0,5107288992.25,0.2662,-2.4147,1,0
2024-11-25,sh.600519,10748.784079,10898.171548,10646.84491563,10660.36092473,10726.16254798,3318556.0,5011136233.94,0.2642,-0.6135,1,0
2024-11-26,sh.600519,10660.36092473,10804.83994832,10591.42927832,10734.556701,10660.36092473,2574479.0,3876885983.6,0.2049,0.696,1,0
2024-11-27,sh.600519,10734.556701,10828.10171135,10706.101945,10806.04927545,10734.556701,2593417.0,3927607771.64,0.2064,0.666,1,0
2024-11-28,sh.600519,10827.034658,10848.30458811,10684.760878,10798.579902,10806.04927545,2395203.0,3627662381.97,0.1907,-0.0691,1,0
2024-11-29,sh.600519,10791.466213,11061.786395,10764.50533169,10853.63985486,10798.579902,3608810.0,5534035503.38,0.2873,0.5099,1,0
2024-12-02,sh.600519,10855.489414,10883.87303311,10777.9502039,10848.375725,10853.63985486,2681954.0,4086609951.57,0.2135,-0.0485,1,0
2024-12-03,sh.600519,10841.262036,10876.1191121,10784.92161912,10860.75354386,10848.375725,2480662.0,3777197199.46,0.1975,0.1141,1,0
2024-12-04,sh.600519,10813.30523823,10838.84338174,10741.67039,10812.80728,10860.75354386,2392389.0,3626565543.56,0.1904,-0.4415,1,0
2024-12-05,sh.600519,10747.78816254,10797.58398554,10741.67039,10748.784079,10812.80728,1614147.0,2441318386.64,0.1285,-0.5921,1,0
2024-12-06,sh.600519,10763.011457,10947.2560021,10727.94097023,10819.99210589,10748.784079,3203969.0,4883148600.25,0.2551,0.6625,1,0
2024-12-09,sh.600519,10827.17693178,10881.95233708,10764.4341948,10804.2708532,10819.99210589,1979986.0,3008173585.89,0.1576,-0.1453,1,0
2024-12-10,sh.600519,11168.49173,11237.70792397,10991.92996902,11001.96027051,10804.2708532,6031210.0,9421340719.37,0.4801,1.8297,1,0
2024-12-11,sh.600519,10955.08106,11061.786395,10890.91558522,10923.7808284,11001.96027051,2967112.0,4569662604.07,0.2362,-0.7106,1,0
2024-12-12,sh.600519,10898.31382178,11140.036974,10876.830481,11138.6142362,10923.7808284,4193652.0,6510547810.41,0.3338,1.9667,1,0
2024-12-13,sh.600519,11026.28908689,11061.71525811,10804.83994832,10805.693591,11138.6142362,4951197.0,7580908314.92,0.3941,-2.9889,1,0
2024-12-16,sh.600519,10819.920969,10876.830481,10746.72110919,10864.0258408,10805.693591,3253710.0,4945298799.42,0.259,0.5398,1,0
2024-12-17,sh.600519,10855.41827711,11161.378041,10819.99210589,11083.127462,10864.0258408,5417163.0,8398945449.11,0.4312,2.0168,1,0
2024-12-18,sh.600519,11082.91405133,11218.287553,11005.5882519,11179.1622635,11083.127462,4116226.0,6440801970.64,0.3277,0.8665,1,0
2024-12-19,sh.600519,11133.91920146,11153.76639377,11028.56546737,11033.40277589,11179.1622635,2480932.0,3862602664.96,0.1975,-1.3038,1,0
2024-12-20,sh.600519,11062.30247751,11139.3924486,10982.03353854,10996.338894,11033.40276951,2815774.0,4307425534.89,0.2242,-0.3359,1,0
2024-12-23,sh.600519,11003.563821,11111.937726,10960.214259,11028.48981915,10996.338894,2160269.0,3300971423.71,0.172,0.2924,1,0
2024-12-24,sh.600519,11018.013675,11155.287288,10993.37667393,11117.86216614,11028.48981915,2210492.0,3394160299.01,0.176,0.8104,1,0
2024-12-25,sh.600519,11117.7176676,11117.7176676,11025.9610947,11054.13831,11117.86216614,1712339.0,2621061878.27,0.1363,-0.5732,1,0
2024-12-26,sh.600519,11083.038018,11117.57316906,11003.563821,11038.17122133,11054.13831,1828651.0,2798840002.83,0.1456,-0.1444,1,0
2024-12-27,sh.600519,11046.1908903,11097.487872,10978.2765765,11046.69663519,11038.17122133,2075932.0,3170191444.57,0.1653,0.0772,1,0
2024-12-30,sh.600519,11082.82127019,11154.99829092,11018.013675,11018.013675,11046.69663519,2512982.0,3849542646.36,0.2,-0.2597,1,0
2024-12-31,sh.600519,11020.9036458,11162.512215,10996.41114327,11010.788748,11018.013675,3935445.0,6033540366.22,0.3133,-0.0656,1,0
2025-01-02,sh.600519,11010.788748,11014.32896223,10692.89196,10750.691376,11010.788748,5002870.0,7490883773.19,0.3983,-2.3622,1,0
2025-01-03,sh.600519,10797.6534015,10801.19361573,10599.04015827,10656.767325,10750.691376,3262836.0,4836610288.19,0.2597,-0.8737,1,0
2025-01-06,sh.600519,10497.818931,10567.61172582,10351.8754056,10403.89488,10656.767325,4425512.0,6392479711.6,0.3523,-2.3729,1,0
2025-01-07,sh.600519,10437.56303982,10489.79926203,10396.669953,10405.3398654,10403.89488,2422118.0,3494634226.66,0.1928,0.0139,1,0
2025-01-08,sh.600519,10403.89488,10489.29351714,10307.51435382,10421.9571975,10405.3398654,3525821.0,5071821245.95,0.2807,0.1597,1,0
2025-01-09,sh.600519,10468.84697373,10581.48358566,10353.17589246,10432.794588,10421.9571975,2970565.0,4295852735.91,0.2365,0.104,1,0
2025-01-10,sh.600519,10455.1918617,10490.23275765,10374.995172,10374.995172,10432.794588,2187195.0,3154677597.84,0.1741,-0.554,1,0
2025-01-13,sh.600519,10295.520975,10435.97355588,10273.91844327,10432.65008946,10374.995172,2108251.0,3030806869.66,0.1678,0.5557,1,0
2025-01-14,sh.600519,10439.65826865,10683.35505636,10418.344734,10638.7050075,10432.65008946,3095657.0,4535651503.64,0.2464,1.9751,1,0
2025-01-15,sh.600519,10598.967909,10653.8773542,10548.46566927,10629.81834729,10638.7050075,1839934.0,2701518711.81,0.1465,-0.0835,1,0
2025-01-16,sh.600519,10649.542398,10712.11026582,10418.344734,10449.98991426,10629.81834729,2634213.0,3840411436.79,0.2097,-1.6917,1,0
2025-01-17,sh.600519,10450.06216353,10555.618347,10449.98991426,10510.46255325,10449.98991426,1830894.0,2663227308.97,0.1457,0.5787,1,0
2025-01-20,sh.600519,10555.618347,10763.62399533,10548.39342,10655.3223396,10510.46255325,3140975.0,4647626350.53,0.25,1.3782,1,0
2025-01-21,sh.600519,10700.116887,10707.341814,10584.518055,10607.27657505,10655.3223396,1685604.0,2481821228.82,0.1342,-0.4509,1,0
2025-01-22,sh.600519,10572.01893129,10605.83158965,10389.445026,10411.119807,10607.27657505,2829384.0,4088101682.4,0.2252,-1.8493,1,0
2025-01-23,sh.600519,10475.92740219,10606.192836,10389.445026,10425.569661,10411.119807,2712504.0,3932700849.5,0.2159,0.1388,1,0
2025-01-24,sh.600519,10418.344734,10460.17706133,10333.88533737,10374.995172,10425.569661,3136034.0,4515322685.21,0.2496,-0.4851,1,0
2025-01-27,sh.600519,10382.220099,10432.57784019,10310.11532754,10367.69799573,10374.995172,2935646.0,4213534543.16,0.2337,-0.0703,1,0
2025-02-05,sh.600519,10403.89488,10425.569661,10130.86488867,10142.3525226,10367.69799573,4075652.0,5753730033.67,0.3244,-2.1735,1,0
2025-02-06,sh.600519,10114.97004927,10273.77394473,10114.97004927,10207.66586268,10142.3525226,2735582.0,3859568162.52,0.2178,0.644,1,0
2025-02-07,sh.600519,10213.73480136,10423.25768436,10139.53480107,10374.995172,10207.66586268,3724207.0,5310850624.07,0.2965,1.6393,1,0
2025-02-10,sh.600519,10389.445026,10403.89488,10310.62107243,10342.55524977,10374.995172,2083979.0,2988101755.59,0.1659,-0.3127,1,0
2025-02-11,sh.600519,10367.40899865,10374.70617492,10229.7741393,10244.946486,10342.55524977,2357283.0,3348668866.97,0.1877,-0.9438,1,0
2025-02-12,sh.600519,10244.946486,10440.019515,10236.85456776,10425.569661,10244.946486,2547579.0,3644170476.88,0.2028,1.763,1,0
2025-02-13,sh.600519,10425.71415954,10658.57355675,10364.23003077,10584.95155062,10425.569661,4338536.0,6335985851.48,0.3454,1.5288,1,0
2025-02-14,sh.600519,10584.95155062,10671.217179,10535.53304994,10656.767325,10584.95155062,2709992.0,3978694098.42,0.2157,0.6785,1,0
2025-02-17,sh.600519,10700.116887,10801.12136646,10599.6904017,10632.34707174,10656.767325,3247059.0,4804663813.44,0.2585,-0.2292,1,0
2025-02-18,sh.600519,10620.64269,10786.74376173,10563.42126816,10656.767325,10632.34707174,2779992.0,4113845397.13,0.2213,0.2297,1,0
2025-02-19,sh.600519,10657.12857135,10797.21990588,10583.7955623,10772.366157,10656.767325,3239331.0,4803378440.66,0.2579,1.0847,1,0
2025-02-20,sh.600519,10714.566741,10779.37433619,10645.13519253,10649.542398,10772.366157,2374973.0,3513552983.98,0.1891,-1.1402,1,0
2025-02-21,sh.600519,10692.89196,10813.76498871,10642.38972027,10752.20861067,10649.542398,3641783.0,5418169587.35,0.2899,0.964,1,0
2025-02-24,sh.600519,10750.691376,10833.92253504,10649.542398,10686.17277789,10752.20861067,3474373.0,5157907321.57,0.2766,-0.6142,1,0
2025-02-25,sh.600519,10620.71493927,10645.13519253,10490.594004,10505.043858,10686.17277789,2838743.0,4142814458.8,0.226,-1.695,1,0
2025-02-26,sh.600519,10515.52000215,10584.22905792,10440.019515,10548.46566927,10505.043858,2636609.0,3835949041.23,0.2099,0.4133,1,0
2025-02-27,sh.600519,10548.53791854,10764.4187373,10505.043858,10733.06255412,10548.46566927,4976217.0,7368002361.11,0.3961,1.75,1,0
2025-02-28,sh.600519,10732.6290585,11042.43392826,10707.341814,10843.09819233,10733.06255412,5612895.0,8475738166.46,0.4468,1.0252,1,0
2025-03-03,sh.600519,10856.1753102,10989.04171773,10703.7293505,10743.61094754,10843.09819233,3159566.0,4736679902.83,0.2515,-0.9175,1,0
2025-03-04,sh.600519,10729.016595,10736.241522,10586.03528967,10621.43743197,10743.61094754,2521121.0,3710675863.15,0.2007,-1.1372,1,0
2025-03-05,sh.600519,10635.092544,10649.542398,10549.1159127,10594.41620499,10621.43743197,2460522.0,3606932151.59,0.1959,-0.2544,1,0
2025-03-06,sh.600519,10649.542398,10911.0847554,10635.67053816,10880.59556346,10594.41620499,4216764.0,6297117400.08,0.3357,2.7012,1,0
2025-03-07,sh.600519,10859.065281,11042.28942972,10859.065281,10989.113967,10880.59556346,3799135.0,5760608729.19,0.3024,0.9974,1,0
2025-03-10,sh.600519,10980.51630387,11031.59653776,10881.75155178,11002.8413283,10989.113967,3136907.0,4758789259.68,0.2497,0.1249,1,0
2025-03-11,sh.600519,10960.214259,11189.09994636,10924.089624,11189.09994636,11002.8413283,3977560.0,6094007854.09,0.3166,1.6928,1,0
2025-03-12,sh.600519,11176.67307192,11196.32487336,11027.76732645,11145.02789166,11189.09994636,2960396.0,4552923644.13,0.2357,-0.3939,1,0
2025-03-13,sh.600519,11155.287288,11238.3739485,11060.49624576,11110.27599279,11145.02789166,2572439.0,3966369271.41,0.2048,-0.3118,1,0
2025-03-14,sh.600519,11181.73052082,11762.25340527,11133.612507,11762.25340527,11110.27599279,9291315.0,14882842708.43,0.7396,5.8682,1,0
2025-03-17,sh.600519,11971.704039,11978.85671673,11754.08923776,11833.41893622,11762.25340527,5468913.0,8985138902.36,0.4354,0.605,1,0
2025-03-18,sh.600519,11885.29391208,11935.579404,11716.6641159,11733.281448,11833.41893622,3161345.0,5153210436.27,0.2517,-0.8462,1,0
2025-03-19,sh.600519,11735.37667683,11906.679696,11726.056521,11817.88534317,11733.281448,2738955.0,4477128769.85,0.218,0.7211,1,0
2025-03-20,sh.600519,11817.88534317,11831.5404552,11524.26430989,11588.782908,11817.88534317,3673677.0,5903879207.43,0.2924,-1.9386,1,0
2025-03-21,sh.600519,11552.658273,11648.0273094,11334.68222541,11370.22886625,11588.782908,3361430.0,5324973190.27,0.2676,-1.8859,1,0
2025-03-24,sh.600519,11343.13539,11485.17745482,11288.08144626,11437.059441,11370.22886625,2556585.0,4032223481.57,0.2035,0.5878,1,0
2025-03-25,sh.600519,11473.184076,11507.8637256,11319.00413382,11382.8724885,11437.059441,1767438.0,2783286813.0,0.1407,-0.4738,1,0
2025-03-26,sh.600519,11363.14843779,11434.02497166,11350.360317,11386.484952,11382.8724885,1432356.0,2257639750.22,0.114,0.0317,1,0
2025-03-27,sh.600519,11386.484952,11547.23957775,11367.55564326,11480.409003,11386.484952,1795563.0,2848889209.94,0.1429,0.8249,1,0
2025-03-28,sh.600519,11494.35311211,11509.308711,11386.484952,11453.02652967,11480.409003,1622789.0,2569470015.46,0.1292,-0.2385,1,0
2025-03-31,sh.600519,11422.46508846,11465.67015192,11271.31961562,11278.111047,11453.02652967,2108494.0,3311857714.31,0.1678,-1.5272,1,0
2025-04-01,sh.600519,11299.785828,11342.34064803,11214.60393867,11242.13091054,11278.111047,1855644.0,2893739955.2,0.1477,-0.319,1,0
2025-04-02,sh.600519,11256.436266,11327.2405506,11166.1246785,11191.55642154,11242.13091054,2167401.0,3371883024.17,0.1725,-0.4499,1,0
2025-04-03,sh.600519,11054.13831,11458.734222,11046.98563227,11335.04347176,11191.55642154,3548050.0,5557442051.92,0.2824,1.2821,1,0
2025-04-07,sh.600519,10981.96128927,11103.62905995,10562.843274,10837.3905,11335.04347176,10195267.0,15314738234.92,0.8116,-4.3904,1,0
2025-04-08,sh.600519,10931.314551,11162.512215,10801.265865,11162.512215,10837.3905,7387649.0,11226977557.25,0.5881,3.0,1,0
2025-04-09,sh.600519,11018.15817354,11247.7663536,10985.86274985,11133.90150408,11162.512215,5563004.0,8562928224.65,0.4428,-0.2563,1,0
2025-04-10,sh.600519,11205.78952773,11234.761485,11039.688456,11191.411923,11133.90150408,3862021.0,5963650790.96,0.3074,0.5165,1,0
2025-04-11,sh.600519,11415.16791219,11415.16791219,11162.512215,11335.76596446,11191.411923,3263423.0,5087359923.82,0.2598,1.2899,1,0
2025-04-14,sh.600519,11277.89429919,11314.235682,11209.69098831,11213.01445473,11335.76596446,2171144.0,3379425640.38,0.1728,-1.0829,1,0
2025-04-15,sh.600519,11213.086704,11307.010755,11162.512215,11256.436266,11213.01445473,2148928.0,3339942729.1,0.1711,0.3872,1,0
2025-04-16,sh.600519,11213.086704,11386.484952,11104.712799,11264.88943059,11256.436266,3115605.0,4834880595.78,0.248,0.0751,1,0
2025-04-17,sh.600519,11227.536558,11390.0974155,11198.56460073,11343.13539,11264.88943059,2384605.0,3733924973.37,0.1898,0.6946,1,0
2025-04-18,sh.600519,11314.235682,11379.260025,11241.986412,11313.80218638,11343.13539,2029848.0,3179974340.21,0.1616,-0.2586,1,0
2025-04-21,sh.600519,11310.6232185,11310.6232185,11205.861777,11205.861777,11313.80218638,1805703.0,2808158177.44,0.1437,-0.9541,1,0
2025-04-22,sh.600519,11198.63685,11244.1538901,11149.57959567,11189.9669376,11205.861777,1843214.0,2857525967.3,0.1467,-0.1418,1,0
2025-04-23,sh.600519,11263.661193,11265.25067694,11162.512215,11213.086704,11189.9669376,1866876.0,2895468891.84,0.1486,0.2066,1,0
2025-04-24,sh.600519,11213.086704,11275.79907036,11191.26742446,11214.89293575,11213.086704,1487181.0,2313372072.03,0.1184,0.0161,1,0
2025-04-25,sh.600519,11249.9338317,11279.5560324,11198.63685,11198.63685,11214.89293575,1476490.0,2295029705.27,0.1175,-0.145,1,0
2025-04-28,sh.600519,11213.086704,11234.761485,11174.0720982,11198.63685,11198.63685,1465972.0,2274252465.48,0.1167,0.0,1,0
2025-04-29,sh.600519,11198.63685,11216.98816458,11068.73266254,11155.287288,11198.63685,1892180.0,2917422937.81,0.1506,-0.3871,1,0
2025-04-30,sh.600519,11198.56460073,11319.00413382,11171.9046201,11176.962069,11155.287288,2575425.0,4005439429.45,0.205,0.1943,1,0
2025-05-06,sh.600519,11263.661193,11263.661193,11157.67151391,11200.0818354,11176.962069,1830026.0,2838614214.69,0.1457,0.2069,1,0
2025-05-07,sh.600519,11343.13539,11343.13539,11200.0818354,11234.761485,11200.0818354,2746221.0,4275142568.65,0.2186,0.3096,1,0
2025-05-08,sh.600519,11220.311631,11507.71922706,11197.40861241,11402.30754213,11234.761485,3348106.0,5265446443.77,0.2665,1.4913,1,0
2025-05-09,sh.600519,11408.08748373,11541.45963615,11379.62127135,11496.15934386,11402.30754213,2367190.0,3757574546.17,0.1884,0.8231,1,0
2025-05-12,sh.600519,11545.433346,11696.65106811,11535.39069747,11592.3953715,11496.15934386,2473533.0,3967785800.28,0.1969,0.8371,1,0
2025-05-13,sh.600519,11624.32954884,11624.32954884,11452.30403697,11489.8014081,11592.3953715,2125829.0,3386617847.81,0.1692,-0.885,1,0
2025-05-14,sh.600519,11487.63393,11885.004915,11474.48456286,11812.68339573,11489.8014081,3946012.0,6394735058.05,0.3141,2.8102,1,0
2025-05-15,sh.600519,11811.3106596,11874.81776793,11734.22068851,11791.15311327,11812.68339573,2473285.0,4043402636.0,0.1969,-0.1823,1,0
2025-05-16,sh.600519,11805.45846873,11827.13324973,11661.97141851,11661.97141851,11791.15311327,2293522.0,3714508659.19,0.1826,-1.0956,1,0
2025-05-19,sh.600519,11530.983492,11559.8832,11371.16810676,11408.01523446,11661.97141851,3806283.0,6021950009.86,0.303,-2.1776,1,0
2025-05-20,sh.600519,11415.38466,11522.3135796,11379.9825177,11458.734222,11408.01523446,1952153.0,3095742637.11,0.1554,0.4446,1,0
2025-05-21,sh.600519,11451.509295,11530.54999638,11422.39283919,11422.39283919,11458.734222,1979464.0,3143941416.06,0.1576,-0.3172,1,0
2025-05-22,sh.600519,11422.53733773,11451.43704573,11343.8578827,11415.38466,11422.39283919,1509024.0,2381236585.51,0.1201,-0.0614,1,0
2025-05-23,sh.600519,11380.7050104,11472.4615833,11355.12876882,11361.9202002,11415.38466,2153700.0,3399424961.4,0.1714,-0.4684,1,0
2025-05-26,sh.600519,11343.13539,11376.58680201,11162.512215,11202.2493135,11361.9202002,2708653.0,4212944430.48,0.2156,-1.4053,1,0
2025-05-27,sh.600519,11205.861777,11260.7712222,11151.74707377,11154.5647953,11202.2493135,1775213.0,2748945675.47,0.1413,-0.4257,1,0
2025-05-28,sh.600519,11155.21503873,11173.06060842,11075.813091,11104.712799,11154.5647953,1626568.0,2504624605.12,0.1295,-0.4469,1,0
2025-05-29,sh.600519,11126.38758,11234.761485,11068.588164,11126.38758,11104.712799,2185958.0,3375465796.02,0.174,0.1952,1,0
2025-05-30,sh.600519,11127.47131905,11162.512215,10947.49838748,10996.338894,11126.38758,3123918.0,4764875946.74,0.2487,-1.1688,1,0
2025-06-03,sh.600519,10895.26216527,10974.664113,10873.65963354,10902.414843,10996.338894,2897918.0,4377892798.9,0.2307,-0.8541,1,0
2025-06-04,sh.600519,10913.2522335,11003.563821,10904.00432694,10909.35077292,10902.414843,2300809.0,3480363796.56,0.1832,0.0636,1,0
2025-06-05,sh.600519,10938.539478,10952.989332,10853.2853394,10938.539478,10909.35077292,2321366.0,3504925523.89,0.1848,0.2676,1,0
2025-06-06,sh.600519,10937.0944926,10974.44736519,10859.065281,10883.55778353,10938.539478,2502307.0,3777727616.07,0.1992,-0.5026,1,0
2025-06-09,sh.600519,10873.65963354,10900.2473649,10733.92954536,10737.03626397,10883.55778353,4495867.0,6723839137.58,0.3579,-1.3463,1,0
2025-06-10,sh.600519,10736.241522,10779.591084,10655.3223396,10656.83957427,10737.03626397,3049220.0,4511934584.04,0.2427,-0.7469,1,0
2025-06-11,sh.600519,10669.7721936,10794.040938,10664.7147447,10692.89196,10656.83957427,3089282.0,4585522755.14,0.2459,0.3383,1,0
2025-06-12,sh.600519,10692.89196,10720.85242749,10505.7663507,10541.168493,10692.89196,4990361.0,7306800799.68,0.3973,-1.4189,1,0
2025-06-13,sh.600519,10435.75680807,10475.92740219,10295.95447062,10309.60958265,10541.168493,5911325.0,8466515559.41,0.4706,-2.1967,1,0
2025-06-16,sh.600519,10123.5677124,10295.80997208,10123.42321386,10275.94142283,10309.60958265,4288787.0,6060448437.64,0.3414,-0.3266,1,0
2025-06-17,sh.600519,10259.39634,10309.970829,10202.89741086,10309.970829,10275.94142283,2723151.0,3868364671.4,0.2168,0.3312,1,0
2025-06-18,sh.600519,10403.89488,10428.74862888,10266.69351627,10295.520975,10309.970829,3076099.0,4404131363.57,0.2449,-0.1402,1,0
2025-06-19,sh.600519,10302.745902,10358.16109209,10239.02204586,10302.745902,10295.520975,2450072.0,3490268567.64,0.195,0.0702,1,0
2025-06-20,sh.600519,10285.26157866,10412.13129678,10260.8413254,10321.96420782,10302.745902,3481581.0,4990683314.31,0.2772,0.1865,1,0
2025-06-23,sh.600519,10259.39634,10353.320391,10152.32292186,10259.39634,10321.96420782,2672331.0,3794012342.59,0.2127,-0.6062,1,0
2025-06-24,sh.600519,10283.59984545,10488.28202736,10283.59984545,10383.6650844,10259.39634,3631151.0,5229183514.12,0.2891,1.2113,1,0
2025-06-25,sh.600519,10397.46469497,10470.3642084,10263.08105277,10373.98368222,10383.6650844,4105007.0,5869292227.36,0.3268,-0.0932,1,0
2025-06-26,sh.600519,10423.632875,10519.3977,10387.389572,10460.4655,10373.9824965,3486025.0,4955829982.08,0.2775,0.8337,1,0
2025-06-27,sh.600519,10460.53916525,10482.565075,10335.89756225,10335.89756225,10460.4655,3824973.0,5404312674.78,0.3045,-1.1908,1,0
2025-06-30,sh.600519,10338.9178375,10410.59412575,10327.86805,10383.264318,10335.89756225,3045730.0,4287373690.9,0.2425,0.4583,1,0
2025-07-01,sh.600519,10379.433725,10401.0913085,10337.51819775,10350.7042775,10383.264318,1987819.0,2794423202.66,0.1582,-0.3136,1,0
2025-07-02,sh.600519,10383.1169875,10422.15957,10313.135,10383.85364,10350.7042775,2621825.0,3689246315.87,0.2087,0.3203,1,0
2025-07-03,sh.600519,10401.5333,10480.28145225,10372.0672,10428.05279,10383.85364,2441267.0,3456733002.19,0.1943,0.4257,1,0
2025-07-04,sh.600519,10428.7894425,10548.05348225,10386.87391525,10476.8191855,10428.05279,2876691.0,4086547267.71,0.229,0.4676,1,0
2025-07-07,sh.600519,10477.261177,10486.2483375,10386.87391525,10391.9568175,10476.8191855,2385467.0,3370562659.31,0.1899,-0.81,1,0
2025-07-08,sh.600519,10392.03048275,10460.4655,10391.9568175,10431.80971775,10391.9568175,1867370.0,2643302690.74,0.1487,0.3835,1,0
2025-07-09,sh.600519,10423.632875,10533.90975425,10417.51865925,10452.214992,10431.80971775,2774532.0,3950810723.36,0.2209,0.1956,1,0
2025-07-10,sh.600519,10452.87797925,10579.6558745,10389.74686,10508.3479125,10452.214992,3872503.0,5503329754.22,0.3083,0.537,1,0
2025-07-11,sh.600519,10483.743719,10740.39345,10483.743719,10512.031175,10508.3479125,5724335.0,8239010389.77,0.4557,0.0351,1,0
2025-07-14,sh.600519,10534.13075,10570.8160445,10472.25194,10486.98499,10512.031175,2778094.0,3961736006.36,0.2212,-0.2383,1,0
2025-07-15,sh.600519,10467.6846945,10482.04941825,10374.424488,10394.166775,10486.98499,3540578.0,5005150164.61,0.2818,-0.8851,1,0
2025-07-16,sh.600519,10386.87391525,10441.97552225,10386.43192375,10394.38777075,10394.166775,2128605.0,3006882578.86,0.1694,0.0021,1,0
2025-07-17,sh.600519,10416.1190195,10482.63874025,10408.015842,10433.57768375,10394.38777075,2310554.0,3273100406.19,0.1839,0.377,1,0
2025-07-18,sh.600519,10460.4655,10591.66331025,10433.7986795,10585.696425,10433.57768375,4182341.0,5984949774.21,0.3329,1.458,1,0
2025-07-21,sh.600519,10585.62275975,10657.88837,10570.963375,10629.895575,10585.696425,2620331.0,3779891828.99,0.2086,0.4175,1,0
2025-07-22,sh.600519,10637.2621,10803.745565,10612.805237,10791.8117945,10629.895575,4211898.0,6127636851.04,0.3353,1.5232,1,0
2025-07-23,sh.600519,10821.425225,11012.954875,10821.05689875,10869.3076375,10791.8117945,4504484.0,6676301461.97,0.3586,0.7181,1,0
2025-07-24,sh.600519,10872.9909,11042.420975,10865.624375,10987.1720375,10869.3076375,3880364.0,5786337377.36,0.3089,1.0844,1,0
2025-07-25,sh.600519,10986.435385,10986.435385,10703.560825,10718.293875,10987.1720375,4191126.0,6140078740.77,0.3336,-2.4472,1,0
2025-07-28,sh.600519,10703.560825,10718.22020975,10580.5398575,10597.9248565,10718.293875,3858632.0,5560966385.77,0.3072,-1.123,1,0
2025-07-29,sh.600519,10604.84939,10672.54775475,10571.03704025,10600.429475,10597.9248565,2630408.0,3785848101.96,0.2094,0.0236,1,0
2025-07-30,sh.600519,10637.2621,10734.205569,10585.696425,10677.335996,10600.429475,3186771.0,4612883039.77,0.2537,0.7255,1,0
2025-07-31,sh.600519,10629.895575,10643.67097675,10445.73245,10472.76759675,10677.335996,5179751.0,7386302757.86,0.4123,-1.9159,1,0
2025-08-01,sh.600519,10474.24090175,10504.369989,10416.26635,10438.365925,10472.76759675,2963559.0,4200850789.62,0.2359,-0.3285,1,0
2025-08-04,sh.600519,10423.632875,10458.992195,10416.26635,10453.098975,10438.365925,1868795.0,2647105740.47,0.1488,0.1411,1,0
2025-08-05,sh.600519,10467.832025,10533.6887585,10439.17624275,10517.4824035,10453.098975,2534227.0,3607931487.62,0.2017,0.6159,1,0
2025-08-06,sh.600519,10526.764225,10526.764225,10455.3089325,10489.047617,10517.4824035,2369928.0,3372334939.9,0.1887,-0.2704,1,0
2025-08-07,sh.600519,10489.047617,10517.1877425,10460.9074915,10477.77683375,10489.047617,2800134.0,3988765794.59,0.2229,-0.1075,1,0
2025-08-08,sh.600519,10482.93340125,10508.3479125,10445.73245,10467.61102925,10477.77683375,1865528.0,2651478117.98,0.1485,-0.097,1,0
2025-08-11,sh.600519,10486.2483375,10696.12063475,10482.565075,10644.628625,10467.61102925,4715907.0,6794034089.86,0.3754,1.6911,1,0
2025-08-12,sh.600519,10674.094725,10792.47478175,10578.3299,10585.991086,10644.628625,4201923.0,6095342035.74,0.3345,-0.5509,1,0
2025-08-13,sh.600519,10497.298125,10561.239562,10460.4655,10460.83382625,10585.991086,6552754.0,9325460101.11,0.5216,-1.1823,1,0
2025-08-14,sh.600519,10467.3900335,10663.11860275,10467.3900335,10511.95750975,10460.83382625,4812930.0,6897535330.17,0.3831,0.4887,1,0
2025-08-15,sh.600519,10504.73831525,10524.2596065,10462.0861355,10475.787872,10511.95750975,4758165.0,6772436996.79,0.3788,-0.3441,1,0
2025-08-18,sh.600519,10511.95750975,10583.044476,10483.3017275,10523.0809625,10475.787872,4737798.0,6773477871.39,0.3772,0.4515,1,0
2025-08-19,sh.600519,10559.9135875,10656.8570565,10548.8638,10593.06295,10523.0809625,4637186.0,6678541000.8,0.3691,0.665,1,0
2025-08-20,sh.600519,10593.06295,10702.08752,10534.2780805,10681.46125,10593.06295,4580466.0,6623095725.06,0.3646,0.8345,1,0
2025-08-21,sh.600519,10706.87576125,10718.22020975,10634.68381625,10668.56983125,10681.46125,3089057.0,4470441662.41,0.2459,-0.1207,1,0
2025-08-22,sh.600519,10673.210742,10784.5926,10642.93432425,10784.22427375,10668.56983125,4497058.0,6544867367.85,0.358,1.0841,1,0
2025-08-25,sh.600519,10828.86541525,11020.3214,10799.32565,10978.55320325,10784.22427375,6532455.0,9676719497.55,0.52,1.802,1,0
2025-08-26,sh.600519,10978.479538,11007.28265075,10902.53066525,10914.31710525,10978.55320325,3960213.0,5883917000.27,0.3153,-0.5851,1,0
2025-08-27,sh.600519,10916.306067,10938.77396825,10666.7282,10666.7282,10914.31710525,5600609.0,8184169112.68,0.4458,-2.2685,1,0
2025-08-28,sh.600519,10666.50720425,10726.3970525,10598.73517425,10652.7318025,10666.7282,3928177.0,5683673273.48,0.3127,-0.1312,1,0
2025-08-29,sh.600519,10703.560825,10921.4626345,10696.1943,10902.457,10652.7318025,6225648.0,9159701454.16,0.4956,2.3442,1,0
2025-09-01,sh.600519,10918.663355,10961.3892,10797.1156925,10873.7275525,10902.457,4512338.0,6658918555.35,0.3603,-0.2635,1,0
2025-09-02,sh.600519,10892.5858565,11116.086225,10887.72395,10985.6987325,10873.7275525,5668837.0,8470012816.38,0.4527,1.0297,1,0
2025-09-03,sh.600519,10983.488775,11075.5703375,10799.32565,10906.50858875,10985.6987325,4504503.0,6656011144.64,0.3597,-0.7208,1,0
2025-09-04,sh.600519,10843.5248,10897.3004325,10758.58876675,10848.3867065,10906.50858875,4774676.0,7017084749.97,0.3813,-0.5329,1,0
2025-09-05,sh.600519,10836.158275,10953.80167925,10784.5926,10924.556575,10848.3867065,3738848.0,5519312162.71,0.2986,0.7021,1,0
2025-09-08,sh.600519,10924.556575,11097.227921,10884.0406875,11058.84832575,10924.556575,5138298.0,7682065696.25,0.4103,1.2293,1,0
2025-09-09,sh.600519,11086.620125,11123.08442375,11001.3157655,11086.620125,11058.84832575,3574277.0,5366650005.04,0.2854,0.2511,1,0
2025-09-10,sh.600519,11098.8485565,11270.41492375,11020.3214,11211.92471525,11086.620125,4966331.0,7541460048.95,0.3966,1.1302,1,0
2025-09-11,sh.600519,11211.92471525,11241.4644805,11112.4029625,11222.9008375,11211.92471525,3723896.0,5642778455.82,0.2974,0.0979,1,0
2025-09-12,sh.600519,11241.31715,11329.8627805,11127.35700825,11167.6519,11222.9008375,3372209.0,5132184935.11,0.2693,-0.4923,1,0
2025-09-15,sh.600519,11166.69425175,11178.554357,11060.8372875,11161.0220275,11167.6519,2582703.0,3901929717.6,0.2062,-0.0594,1,0
2025-09-16,sh.600519,11161.0220275,11204.41085975,11021.86837025,11049.6401695,11161.0220275,3271789.0,4928374477.56,0.2613,-0.998,1,0
2025-09-17,sh.600519,11049.71383475,11125.515377,10976.19591525,10998.221825,11049.6401695,3033054.0,4534770634.47,0.2422,-0.4653,1,0
2025-09-18,sh.600519,10990.8553,11033.581145,10780.9093375,10813.764039,10998.221825,4972125.0,7347477478.96,0.397,-1.6772,1,0
2025-09-19,sh.600519,10813.98503475,10869.3076375,10733.10059025,10813.83770425,10813.764039,3263662.0,4784528851.26,0.2606,0.0007,1,0
2025-09-22,sh.600519,10792.62211225,10813.83770425,10681.53491525,10706.13910875,10813.83770425,3494708.0,5085057536.09,0.2791,-0.9959,1,0
2025-09-23,sh.600519,10685.1445125,10736.7101875,10607.796,10662.4556155,10706.13910875,3866300.0,5588384387.76,0.3087,-0.408,1,0
2025-09-24,sh.600519,10564.11250675,10731.4062895,10564.11250675,10622.52905,10662.4556155,3074350.0,4443052872.0,0.2455,-0.3745,1,0
2025-09-25,sh.600519,10628.64326575,10646.17559525,10578.3299,10600.429475,10622.52905,3386973.0,4873274661.35,0.2705,-0.208,1,0
2025-09-26,sh.600519,10616.4884995,10660.17199275,10519.47136525,10570.963375,10600.429475,4512071.0,6480889596.65,0.3603,-0.278,1,0
2025-09-29,sh.600519,10603.2287545,10828.71808475,10570.963375,10761.4617115,10570.963375,5368403.0,7798434585.87,0.4287,1.8021,1,0
2025-09-30,sh.600519,10755.1265,10760.725059,10607.796,10637.18843475,10761.4617115,3936362.0,5687474875.7,0.3143,-1.1548,1,0
2025-10-09,sh.600519,10578.3299,10603.2287545,10460.4655,10584.0757895,10637.18843475,5491812.0,7845448946.72,0.4385,-0.4993,1,0
2025-10-10,sh.600519,10590.11634,10607.3540085,10515.7144375,10534.13075,10584.0757895,3600144.0,5157459262.02,0.2875,-0.4719,1,0
2025-10-13,sh.600519,10428.7894425,10481.46009625,10424.516858,10454.57228,10534.13075,4606880.0,6533147457.76,0.3679,-0.7552,1,0
2025-10-14,sh.600519,10534.05708475,10784.5926,10534.05708475,10688.9751055,10454.57228,6667233.0,9639484605.16,0.5324,2.2421,1,0
2025-10-15,sh.600519,10688.6804445,10777.226075,10645.217947,10769.85955,10688.9751055,4278540.0,6233407482.18,0.3417,0.7567,1,0
2025-10-16,sh.600519,10769.270228,10938.92129875,10746.875992,10938.62663775,10769.85955,4573015.0,6749162949.17,0.3652,1.567,1,0
2025-10-17,sh.600519,10925.2932275,10961.3892,10711.14834575,10718.293875,10938.62663775,3808589.0,5594724899.72,0.3041,-2.0143,1,0
2025-10-20,sh.600519,10718.293875,10825.1084875,10717.409892,10739.87779325,10718.293875,2594988.0,3793283758.73,0.2072,0.2014,1,0
2025-10-21,sh.600519,10747.759975,10828.3497585,10721.9771375,10771.7748465,10739.87779325,2544267.0,3727984130.33,0.2032,0.297,1,0
2025-10-22,sh.600519,10770.448872,10797.33668825,10725.6604,10745.5500175,10771.7748465,1819492.0,2657486636.22,0.1453,-0.2435,1,0
2025-10-23,sh.600519,10718.293875,10819.95192,10660.83498,10813.9113695,10745.5500175,2932235.0,4274652090.39,0.2342,0.6362,1,0
2025-10-24,sh.600519,10813.69037375,10894.206492,10676.5993435,10681.46125,10813.9113695,3822583.0,5578603148.43,0.3053,-1.2248,1,0
2025-10-27,sh.600519,10607.796,10699.80389725,10578.25623475,10610.81627525,10681.46125,3710239.0,5352667151.51,0.2963,-0.6614,1,0
2025-10-28,sh.600519,10622.52905,10690.30108,10615.8991775,10644.628625,10610.81627525,2712433.0,3923817140.03,0.2166,0.3187,1,0
2025-10-29,sh.600519,10607.9433305,10656.04673875,10534.425411,10548.1271475,10644.628625,3393711.0,4868780319.17,0.271,-0.9066,1,0
2025-10-30,sh.600519,10473.79891025,10582.97081075,10473.79891025,10510.1158785,10548.1271475,4745610.0,6768821310.66,0.379,-0.3604,1,0
2025-10-31,sh.600519,10475.19855,10578.1825695,10461.27581775,10534.20441525,10510.1158785,3569377.0,5109623860.84,0.285,0.2292,1,0
2025-11-03,sh.600519,10541.497275,10666.7282,10461.2021525,10570.963375,10534.20441525,3454766.0,4945310830.23,0.2759,0.3489,1,0
2025-11-04,sh.600519,10571.7000275,10576.7092645,10488.3109645,10526.764225,10570.963375,2656572.0,3793892903.12,0.2121,-0.4181,1,0
2025-11-05,sh.600519,10503.85433225,10541.42360975,10460.53916525,10461.054822,10526.764225,3447527.0,4908475372.84,0.2753,-0.6242,1,0
2025-11-06,sh.600519,10534.13075,10618.47746125,10534.05708475,10571.92102325,10461.054822,3834782.0,5505960414.53,0.3062,1.0598,1,0
2025-11-07,sh.600519,10571.77369275,10606.1753645,10542.30759275,10558.66127825,10571.92102325,1886139.0,2704995856.01,0.1506,-0.1254,1,0
2025-11-10,sh.600519,10570.963375,10782.30897725,10570.8160445,10772.0695075,10558.66127825,4945154.0,7181246441.08,0.3949,2.0212,1,0
2025-11-11,sh.600519,10769.85955,10771.1855245,10659.361675,10747.68630975,10772.0695075,2669156.0,3882776771.77,0.2131,-0.2264,1,0
2025-11-12,sh.600519,10754.9791695,10890.375899,10749.30694525,10793.06410375,10747.68630975,3299210.0,4849073050.81,0.2635,0.4222,1,0
2025-11-13,sh.600519,10770.743533,10855.1639095,10740.39345,10831.5910295,10793.06410375,3117923.0,4569178268.97,0.249,0.357,1,0
2025-11-14,sh.600519,10828.79175,10894.72214875,10727.8703575,10730.080315,10831.5910295,2747306.0,4031007105.91,0.2194,-0.9372,1,0
2025-11-17,sh.600519,10710.92735,10850.891325,10650.44817975,10836.158275,10730.080315,3446221.0,5035780026.54,0.2752,0.9886,1,0
2025-11-18,sh.600519,10833.9483175,10947.17180675,10821.425225,10872.9909,10836.158275,3420478.0,5055675473.58,0.2731,0.3399,1,0
2025-11-19,sh.600519,10858.25785,10898.99473325,10828.497089,10836.23194025,10872.9909,2204537.0,3249449213.62,0.176,-0.3381,1,0
2025-11-20,sh.600519,10843.5248,10901.7203475,10792.18012075,10807.50249275,10836.23194025,2400232.0,3531653942.73,0.1917,-0.2651,1,0
2025-11-21,sh.600519,10832.4750125,10902.457,10725.6604,10803.745565,10807.50249275,4260720.0,6259873432.52,0.3402,-0.0348,1,0
2025-11-24,sh.600519,10806.692175,10836.158275,10689.78542325,10696.1943,10803.745565,3360744.0,4901903704.77,0.2684,-0.9955,1,0
2025-11-25,sh.600519,10740.39345,10740.39345,10640.9453625,10642.05034125,10696.1943,2844069.0,4119930011.48,0.2271,-0.5062,1,0
2025-11-26,sh.600519,10673.210742,10707.17042225,10634.1681595,10675.19970375,10642.05034125,2030616.0,2938818094.58,0.1622,0.3115,1,0
2025-11-27,sh.600519,10677.7779875,10681.46125,10600.724136,10661.5716325,10675.19970375,2228689.0,3216797187.48,0.178,-0.1277,1,0
2025-11-28,sh.600519,10655.6784125,10721.9771375,10629.895575,10685.1445125,10661.5716325,2321121.0,3366696621.68,0.1854,0.2211,1,0
2025-12-01,sh.600519,10688.827775,10771.84851175,10622.52905,10666.7282,10685.1445125,2733342.0,3961994999.07,0.2183,-0.1724,1,0
2025-12-02,sh.600519,10666.7282,10695.604978,10571.1107055,10578.55089575,10666.7282,2504726.0,3607543824.69,0.2,-0.8267,1,0
2025-12-03,sh.600519,10576.93026025,10578.10890425,10519.3977,10527.5008775,10578.55089575,2357279.0,3370080065.68,0.1882,-0.4826,1,0
2025-12-04,sh.600519,10527.5008775,10552.5470625,10448.5317295,10489.7842695,10527.5008775,2907539.0,4134921901.54,0.2322,-0.3583,1,0
2025-12-05,sh.600519,10489.7842695,10556.89331225,10456.7822375,10534.20441525,10489.7842695,2540166.0,3622681596.52,0.2028,0.4235,1,0
2025-12-08,sh.600519,10528.23753,10583.26547175,10445.73245,10447.3530855,10534.20441525,3360280.0,4789155769.65,0.2683,-0.8245,1,0
2025-12-09,sh.600519,10447.42675075,10467.832025,10313.50332625,10320.57519025,10447.3530855,4263443.0,5995722120.97,0.3405,-1.2135,1,0
2025-12-10,sh.600519,10313.135,10333.76127,10189.2300495,10333.76127,10320.57519025,3313347.0,4625906138.96,0.2646,0.1278,1,0
2025-12-11,sh.600519,10362.1960565,10401.45963475,10324.55311375,10401.45963475,10333.76127,2238501.0,3149974074.19,0.1788,0.6551,1,0
2025-12-12,sh.600519,10445.73245,10497.298125,10413.09874425,10465.25374125,10401.45963475,3715919.0,5273563274.4,0.2967,0.6133,1,0
2025-12-15,sh.600519,10604.77572475,10607.72233475,10501.49704425,10504.66465,10465.25374125,3335879.0,4774362060.21,0.2664,0.3766,1,0
2025-12-16,sh.600519,10506.137955,10525.1435895,10423.632875,10475.19855,10504.66465,2396367.0,3403139194.19,0.1914,-0.2805,1,0
2025-12-17,sh.600519,10497.298125,10607.3540085,10443.375162,10556.9669775,10475.19855,3138249.0,4489482138.1,0.2506,0.7806,1,0
2025-12-18,sh.600519,10559.9135875,10599.545492,10505.47496775,10541.497275,10556.9669775,1782995.0,2551177659.18,0.1424,-0.1465,1,0
2025-12-19,sh.600519,10563.67488,10582.0302016,10496.32208768,10563.67488,10541.49865472,2650868.0,3733028356.79,0.2117,0.2104,1,0
2025-12-22,sh.600519,10563.67488,10594.69162752,10538.05234944,10550.63885568,10563.67488,2042565.0,2881636855.8,0.1631,-0.1234,1,0
2025-12-23,sh.600519,10550.63885568,10585.62634624,10467.70276992,10547.64206848,10550.63885568,2450681.0,3445377031.98,0.1957,-0.0284,1,0
2025-12-24,sh.600519,10526.14012032,10536.40411648,10488.7552,10495.4979712,10547.64206848,2518669.0,3533253565.21,0.2011,-0.4944,1,0
2025-12-25,sh.600519,10526.21504,10634.69873664,10499.09411584,10594.91638656,10495.4979712,2338621.0,3299572095.79,0.1868,0.9472,1,0
2025-12-26,sh.600519,10594.91638656,10632.15146752,10563.67488,10594.61670784,10594.91638656,1780299.0,2520605635.13,0.1422,-0.0028,1,0
2025-12-29,sh.600519,10594.61670784,10594.61670784,10496.247168,10503.739136,10594.61670784,2630810.0,3694660106.7,0.2101,-0.8578,1,0
2025-12-30,sh.600519,10496.247168,10502.9899392,10383.867648,10411.73776896,10503.739136,3379194.0,4702489813.46,0.2698,-0.8759,1,0
2025-12-31,sh.600519,10413.83552,10443.803392,10317.71357056,10317.78849024,10411.73776896,3476563.0,4799456452.08,0.2776,-0.9023,1,0
2021-01-04,sh.601318,214.97457921,215.07352045,208.0239571,210.69537058,215.14772638,103643104.0,8814286886.16,0.9568,-2.0694,1,0
2021-01-05,sh.601318,209.0133695,209.0133695,204.93204335,208.44445737,210.69537058,105478627.0,8795809651.69,0.9737,-1.0683,1,0
2021-01-06,sh.601318,208.49392799,212.08054794,206.66351505,212.08054794,208.44445737,93759848.0,7950362262.5,0.8655,1.7444,1,0
2021-01-07,sh.601318,212.40210697,214.60354956,208.5186633,213.36678406,212.08054794,106968724.0,9137580589.15,0.9875,0.6065,1,0
2021-01-08,sh.601318,213.26784282,215.84031506,210.76957651,212.9710191,213.36678406,116936795.0,10069057405.04,1.0795,-0.1855,1,0
2021-01-11,sh.601318,213.2183722,214.2077846,207.776604,207.85080993,212.9710191,109860234.0,9329271307.38,1.0142,-2.4042,1,0
2021-01-12,sh.601318,207.47978028,217.22549242,206.11933823,217.22549242,207.85080993,146755609.0,12534640503.8,1.3548,4.5103,1,0
2021-01-13,sh.601318,219.6495528,220.83684768,214.77669673,216.53290374,217.22549242,139094339.0,12223230668.71,1.284,-0.3188,1,0
2021-01-14,sh.601318,218.6601404,218.95696412,209.95331128,210.91798837,216.53290374,137927380.0,11920236040.39,1.2733,-2.5931,1,0
2021-01-15,sh.601318,212.57525414,219.27852315,210.91798837,214.9498439,210.91798837,158708501.0,13814609039.61,1.4651,1.9116,1,0
2021-01-18,sh.601318,215.197197,216.80499215,210.9921943,215.6919032,214.9498439,116241991.0,10058906404.36,1.0731,0.3452,1,0
2021-01-19,sh.601318,216.63184498,218.04175765,212.82260724,214.7024908,215.6919032,110332831.0,9590457419.96,1.0185,-0.4587,1,0
2021-01-20,sh.601318,215.49402072,216.01346223,210.02751721,210.7448412,214.7024908,131977553.0,11316059444.32,1.2183,-1.8433,1,0
2021-01-21,sh.601318,211.14060616,211.26428271,207.2818978,208.86495764,210.7448412,139305540.0,11761468221.75,1.286,-0.892,1,0
2021-01-22,sh.601318,210.250135,210.62116465,206.58930912,207.2818978,208.86495764,116275248.0,9781081768.73,1.0734,-0.7579,1,0
2021-01-25,sh.601318,207.0345447,209.95331128,204.26418998,209.95331128,207.2818978,127980118.0,10711676899.14,1.1814,1.2888,1,0
2021-01-26,sh.601318,209.0133695,209.95331128,205.00624928,205.303073,209.95331128,105139741.0,8787960589.57,0.9706,-2.2149,1,0
2021-01-27,sh.601318,205.25360238,207.55398621,204.26418998,205.40201424,205.303073,68273775.0,5679886868.66,0.6303,0.0482,1,0
2021-01-28,sh.601318,203.3242482,204.26418998,199.49027515,200.15812852,205.40201424,106108731.0,8642469570.24,0.9795,-2.553,1,0
2021-01-29,sh.601318,200.1086579,201.44436464,194.1721835,195.60683148,200.15812852,126980032.0,10098743883.41,1.1722,-2.2739,1,0
2021-02-01,sh.601318,195.6563021,197.23936194,193.85062447,196.07680237,195.60683148,72490144.0,5729483191.82,0.6692,0.2403,1,0
2021-02-02,sh.601318,196.10153768,196.52203795,192.81174145,193.38065358,196.07680237,98836447.0,7742175158.83,0.9124,-1.375,1,0
2021-02-03,sh.601318,192.29229994,192.29229994,186.2568843,189.32406274,193.38065358,134384298.0,10255482626.32,1.2405,-2.0977,1,0
2021-02-04,sh.601318,192.935418,198.67400992,192.1933587,196.94253822,189.32406274,141654771.0,11200715085.81,1.3077,4.024,1,0
2021-02-05,sh.601318,197.88248,198.57506868,194.44427191,197.18989132,196.94253822,84557225.0,6724535241.4,0.7806,0.1256,1,0
2021-02-08,sh.601318,197.21462663,198.94609833,193.62800668,194.34533067,197.18989132,79654699.0,6286929302.51,0.7353,-1.4425,1,0
2021-02-09,sh.601318,194.32059536,194.32059536,189.9671808,193.25697703,194.34533067,91412187.0,7082935952.66,0.8439,-0.56,1,0
2021-02-10,sh.601318,192.6880649,197.41250911,191.67391719,196.02733175,193.25697703,91968674.0,7280622421.55,0.849,1.4335,1,0
2021-02-18,sh.601318,201.5927765,204.95677866,200.08392259,203.76948378,196.02733175,146678205.0,12007277012.09,1.354,3.9495,1,0
2021-02-19,sh.601318,202.829542,209.16178136,202.03801208,208.2713102,203.76948378,124061762.0,10401612526.29,1.1453,2.2093,1,0
2021-02-22,sh.601318,208.39498675,210.96745899,204.26418998,205.303073,208.2713102,113034110.0,9477375165.12,1.0435,-1.4252,1,0
2021-02-23,sh.601318,204.11577812,210.72010589,204.0663075,208.56813392,205.303073,101660045.0,8580570535.49,0.9385,1.5904,1,0
2021-02-24,sh.601318,206.5398385,212.13001856,204.0663075,207.23242718,208.56813392,117355482.0,9899984124.53,1.0833,-0.6404,1,0
2021-02-25,sh.601318,209.06284012,218.36331668,206.16880885,215.54349134,207.23242718,189748955.0,16396558899.98,1.7516,4.0105,1,0
2021-02-26,sh.601318,212.2289598,215.51875603,210.69537058,210.69537058,215.54349134,118045513.0,10161431933.76,1.0897,-2.2493,1,0
2021-03-01,sh.601318,212.723666,213.66360778,207.38083904,209.85437004,210.69537058,82300801.0,6965448429.31,0.7597,-0.3992,1,0
2021-03-02,sh.601318,209.85437004,210.12645845,204.3136606,205.87198513,209.85437004,85227395.0,7125570282.14,0.7868,-1.8977,1,0
2021-03-03,sh.601318,204.5610137,215.04878514,204.38786653,214.57881425,205.87198513,116697147.0,10011295959.33,1.0773,4.2292,1,0
2021-03-04,sh.601318,212.723666,216.31028595,212.2289598,213.4657253,214.57881425,94974599.0,8227101595.29,0.8767,-0.5187,1,0
2021-03-05,sh.601318,211.46216519,213.44098999,206.14407354,209.0133695,213.4657253,81417603.0,6869464665.96,0.7516,-2.0857,1,0
2021-03-08,sh.601318,210.7448412,217.12655118,209.63175225,210.12645845,209.0133695,105035653.0,9048690307.3,0.9696,0.5325,1,0
2021-03-09,sh.601318,211.4869005,213.36678406,207.2818978,207.90028055,210.12645845,98217495.0,8338463778.26,0.9067,-1.0594,1,0
2021-03-10,sh.601318,209.31019322,209.33492853,205.59989672,205.99566168,207.90028055,64800135.0,5431067986.19,0.5982,-0.9161,1,0
2021-03-11,sh.601318,207.5292509,213.61413716,207.2818978,213.61413716,205.99566168,91252098.0,7777368999.2,0.8424,3.6984,1,0
2021-03-12,sh.601318,213.98516681,214.2077846,210.57169403,211.61057705,213.61413716,64681200.0,5539349037.48,0.5971,-0.9379,1,0
2021-03-15,sh.601318,211.14060616,211.4869005,208.29604551,210.52222341,211.61057705,54551255.0,4629849997.47,0.5036,-0.5143,1,0
2021-03-16,sh.601318,210.9921943,211.7342536,208.79075171,211.2395474,210.52222341,54353955.0,4624281660.21,0.5018,0.3407,1,0
2021-03-17,sh.601318,210.250135,210.250135,203.84368971,204.16524874,211.2395474,106478452.0,8863828593.42,0.9829,-3.3489,1,0
2021-03-18,sh.601318,203.5716013,204.75889618,200.52915817,201.39489402,204.16524874,80312095.0,6548492030.97,0.7414,-1.3569,1,0
2021-03-19,sh.601318,200.8507172,201.0980703,196.67044981,196.99200884,201.39489402,96102381.0,7701437283.51,0.8872,-2.1862,1,0
2021-03-22,sh.601318,197.85774469,198.55033337,196.71992043,197.43724442,196.99200884,54273091.0,4336966849.21,0.501,0.226,1,0
2021-03-23,sh.601318,197.61039159,199.3665986,195.70577272,198.00615655,197.43724442,51116947.0,4079350322.54,0.4719,0.2881,1,0
2021-03-24,sh.601318,197.85774469,198.6245393,194.69162501,195.43368431,198.00615655,63315814.0,5017219138.71,0.5845,-1.2992,1,0
2021-03-25,sh.601318,195.97786113,197.04147946,195.38421369,195.9036552,195.43368431,43650615.0,3463493421.95,0.403,0.2405,1,0
2021-03-26,sh.601318,196.84359698,198.6245393,196.79412636,197.90721531,195.9036552,45348477.0,3630749606.46,0.4186,1.0227,1,0
2021-03-29,sh.601318,197.88248,198.1298331,194.9142428,195.73050803,197.90721531,63234490.0,5001522654.76,0.5837,-1.0999,1,0
2021-03-30,sh.601318,195.9036552,196.32415547,194.4195366,196.32415547,195.73050803,51106025.0,4035933797.68,0.4718,0.3033,1,0
2021-03-31,sh.601318,196.6457145,196.76939105,194.37006598,194.6668897,196.32415547,48358484.0,3810104160.26,0.4464,-0.8441,1,0
2021-04-01,sh.601318,194.9142428,196.10153768,194.79056625,195.9036552,194.6668897,36071335.0,2849514882.39,0.333,0.6353,1,0
2021-04-02,sh.601318,195.9036552,195.9036552,194.37006598,195.11212528,195.9036552,46931855.0,3694882980.3,0.4332,-0.404,1,0
2021-04-06,sh.601318,195.21106652,196.52203795,194.64215439,195.48315493,195.11212528,35173602.0,2778107893.86,0.3247,0.1902,1,0
2021-04-07,sh.601318,196.32415547,196.32415547,193.38065358,194.04850695,195.48315493,47501172.0,3729878594.46,0.4385,-0.7339,1,0
2021-04-08,sh.601318,193.99903633,195.38421369,192.96015331,194.49374253,194.04850695,37404801.0,2937859211.9,0.3453,0.2294,1,0
2021-04-09,sh.601318,194.44427191,194.46900722,190.41241638,190.85765196,194.49374253,68801127.0,5322377558.41,0.6351,-1.8695,1,0
2021-04-12,sh.601318,190.83291665,191.6986525,189.52194522,190.85765196,190.85765196,45336602.0,3488299460.8,0.4185,0.0,1,0
2021-04-13,sh.601318,191.62444657,192.49018242,188.4830622,189.37353336,190.85765196,55250310.0,4254139272.82,0.51,-0.7776,1,0
2021-04-14,sh.601318,190.43715169,191.64918188,189.9671808,190.83291665,189.37353336,38078954.0,2936032853.57,0.3515,0.7706,1,0
2021-04-15,sh.601318,188.35938565,188.9777684,185.96006058,187.51838511,190.83291665,79358244.0,6004162227.69,0.7326,-1.7369,1,0
2021-04-16,sh.601318,187.46891449,187.69153228,185.514825,187.2462967,187.51838511,55174264.0,4158750980.32,0.5093,-0.1451,1,0
2021-04-19,sh.601318,186.62791395,188.45832689,185.514825,188.43359158,187.2462967,65367596.0,4949470613.83,0.6034,0.6341,1,0
2021-04-20,sh.601318,188.11203255,188.35938565,186.70211988,187.988356,188.43359158,49248467.0,3730599989.65,0.4546,-0.2363,1,0
2021-04-21,sh.601318,187.02367891,187.64206166,186.20741368,187.04841422,187.988356,41754851.0,3156222890.7,0.3855,-0.5,1,0
2021-04-22,sh.601318,188.7366901,188.81228557,186.41842902,187.40117013,187.04839127,56065363.0,4167214249.87,0.5176,0.1886,1,0
2021-04-23,sh.601318,187.40117013,190.45018742,186.16644412,187.12398674,187.40117013,86784514.0,6466806593.48,0.8011,-0.1479,1,0
2021-04-26,sh.601318,186.51922298,186.54442147,183.34421324,183.67179361,187.12398674,106192950.0,7769915592.24,0.9803,-1.8449,1,0
2021-04-27,sh.601318,183.24341928,185.10810754,181.50472347,184.62933623,183.67179361,75969268.0,5520922252.62,0.7013,0.5213,1,0
2021-04-28,sh.601318,183.948977,184.22616039,182.41186911,183.47020569,184.62933623,57062742.0,4147666503.34,0.5268,-0.6278,1,0
2021-04-29,sh.601318,183.47020569,186.36803204,182.84024344,186.01525318,183.47020569,54441616.0,4003254829.09,0.5026,1.3872,1,0
2021-04-30,sh.601318,186.41842902,186.41842902,182.33627364,182.6890525,186.01525318,52463043.0,3825446895.45,0.4843,-1.7881,1,0
2021-05-06,sh.601318,179.4132488,180.9251582,177.29657564,177.72494997,182.6890525,92009492.0,6525763344.01,0.8494,-2.7172,1,0
2021-05-07,sh.601318,178.27931675,179.13606541,176.43982698,176.6414149,177.72494997,56146188.0,3961363207.16,0.5183,-0.6097,1,0
2021-05-10,sh.601318,176.84300282,177.62415601,175.1295055,176.46502547,176.6414149,52456956.0,3669862807.73,0.4842,-0.0999,1,0
2021-05-11,sh.601318,176.01145265,177.72494997,174.80192513,177.09498772,176.46502547,50953234.0,3559079174.71,0.4704,0.357,1,0
2021-05-12,sh.601318,176.38943,177.69975148,175.53268134,176.21304057,177.09498772,40995688.0,2870375901.85,0.3784,-0.498,1,0
2021-05-13,sh.601318,175.10430701,175.96105567,173.56719912,174.22235986,176.21304057,50644837.0,3506048010.0,0.4675,-1.1297,1,0
2021-05-14,sh.601318,174.8775206,179.36285182,173.97037496,179.36285182,174.22235986,81877185.0,5771742191.43,0.7558,2.9505,1,0
2021-05-17,sh.601318,177.3973696,178.45570618,176.38943,177.32177413,179.36285182,63300366.0,4455919018.78,0.5843,-1.138,1,0
2021-05-18,sh.601318,178.10292732,179.89202011,177.52336205,178.6572941,177.32177413,41807341.0,2965118195.15,0.3859,0.7532,1,0
2021-05-19,sh.601318,178.1533243,178.1533243,176.11224661,176.31383453,178.6572941,46584951.0,3262720506.72,0.43,-1.3117,1,0
2021-05-20,sh.601318,176.38943,178.83368353,175.43188738,178.20372128,176.31383453,42247209.0,2973914637.85,0.39,1.0719,1,0
2021-05-21,sh.601318,178.909279,179.86682162,176.41462849,176.51542245,178.20372128,41383646.0,2914326900.78,0.382,-0.9474,1,0
2021-05-24,sh.601318,176.38943,177.32177413,175.50748285,176.23823906,176.51542245,35092199.0,2457923779.06,0.3239,-0.157,1,0
2021-05-25,sh.601318,176.61621641,183.29381626,175.65867379,182.58825854,176.23823906,121383184.0,8699286543.67,1.1205,3.6031,1,0
2021-05-26,sh.601318,184.17576341,184.55374076,181.88270082,182.38667062,182.58825854,71239561.0,5172565986.61,0.6576,-0.1104,1,0
2021-05-27,sh.601318,182.33627364,184.27655737,180.9251582,183.6969921,182.38667062,58100823.0,4208094448.54,0.5363,0.7184,1,0
2021-05-28,sh.601318,183.4450072,185.2089015,182.6890525,183.87338153,183.6969921,51011335.0,3719019607.7,0.4709,0.096,1,0
2021-05-31,sh.601318,183.06702985,183.4450072,180.09360803,180.9251582,183.87338153,62483434.0,4481120143.94,0.5768,-1.6034,1,0
2021-06-01,sh.601318,180.64797481,180.64797481,178.6572941,179.23685937,180.9251582,59372658.0,4219115465.8,0.5481,-0.9331,1,0
2021-06-02,sh.601318,179.86682162,179.89202011,177.17058319,178.58169863,179.23685937,48109829.0,3404859399.57,0.4441,-0.3655,1,0
2021-06-03,sh.601318,178.6572941,180.1692035,177.6493545,178.10292732,178.58169863,40951584.0,2905789644.4,0.378,-0.2681,1,0
2021-06-04,sh.601318,177.3973696,180.37079142,177.24617866,178.53130165,178.10292732,51486786.0,3647302263.76,0.4753,0.2405,1,0
2021-06-07,sh.601318,177.9013394,178.10292732,176.54062094,177.09498772,178.53130165,38673941.0,2716404171.67,0.357,-0.8045,1,0
2021-06-08,sh.601318,177.06978923,178.73288957,176.26343755,177.42256809,177.09498772,40701681.0,2862378172.29,0.3757,0.185,1,0
2021-06-09,sh.601318,177.1453847,178.78328655,176.8933998,177.1453847,177.42256809,40195812.0,2835797953.36,0.3711,-0.1562,1,0
2021-06-10,sh.601318,177.06978923,178.38011071,176.38943,176.41462849,177.1453847,52461130.0,3686772006.67,0.4843,-0.4125,1,0
2021-06-11,sh.601318,176.41462849,176.84300282,174.52474174,174.8775206,176.41462849,63032364.0,4392612851.2,0.5819,-0.8713,1,0
2021-06-15,sh.601318,173.89477949,174.02077194,168.70389055,169.00627243,174.8775206,107755687.0,7263765616.13,0.9947,-3.3573,1,0
2021-06-16,sh.601318,168.85508149,170.71976975,168.35111169,168.829883,169.00627243,52726975.0,3540192781.48,0.4867,-0.1044,1,0
2021-06-17,sh.601318,168.85508149,169.30865431,166.36043098,166.93999625,168.829883,54804038.0,3649035812.28,0.5059,-1.1194,1,0
2021-06-18,sh.601318,166.310034,166.310034,163.790185,164.0421699,166.93999625,85707220.0,5593424920.48,0.7912,-1.7358,1,0
2021-06-21,sh.601318,162.50506201,162.90823785,160.66557224,161.67351184,164.0421699,81085363.0,5198754493.52,0.7485,-1.4439,1,0
2021-06-22,sh.601318,162.5302605,164.5461397,161.69871033,163.10982577,161.67351184,62012704.0,4014245115.43,0.5725,0.8884,1,0
2021-06-23,sh.601318,163.16022275,166.23443853,163.10982577,165.85646118,163.10982577,58687335.0,3847510813.8,0.5418,1.6839,1,0
2021-06-24,sh.601318,165.90685816,167.26757662,164.99971252,166.20924004,165.85646118,41789971.0,2758134576.75,0.3858,0.2127,1,0
2021-06-25,sh.601318,166.38562947,168.27551622,165.57927779,168.02353132,166.20924004,53565358.0,3555544932.26,0.4945,1.0916,1,0
2021-06-28,sh.601318,168.02353132,168.04872981,164.2941548,165.3020944,168.02353132,51013404.0,3342960298.49,0.4709,-1.6197,1,0
2021-06-29,sh.601318,164.67213215,164.7981246,162.0262907,162.22787862,165.3020944,54966804.0,3554647982.28,0.5074,-1.8598,1,0
2021-06-30,sh.601318,161.7743058,163.13502426,160.7663662,161.97589372,162.22787862,47636890.0,3053959406.07,0.4398,-0.1553,1,0
2021-07-01,sh.601318,161.92549674,164.21855933,160.21199942,163.18542124,161.97589372,69261735.0,4449223158.13,0.6394,0.7467,1,0
2021-07-02,sh.601318,161.34593147,161.44672543,156.4826229,156.9865927,163.18542124,102808162.0,6464701802.04,0.9491,-3.7986,1,0
2021-07-05,sh.601318,156.20543951,156.93619572,154.03836937,156.00385159,156.9865927,75064675.0,4629283874.89,0.6929,-0.626,1,0
2021-07-06,sh.601318,157.28897458,159.10326586,155.85266065,158.4985021,156.00385159,68581285.0,4296674949.0,0.6331,1.5991,1,0
2021-07-07,sh.601318,157.96933381,159.78362509,156.45742441,157.16298213,158.4985021,52316754.0,3272128188.25,0.483,-0.8426,1,0
2021-07-08,sh.601318,157.16298213,157.16298213,152.50126148,153.15642222,157.16298213,83755851.0,5109707957.71,0.7732,-2.5493,1,0
2021-07-09,sh.601318,152.40046752,154.08876635,150.71216869,151.41772641,153.15642222,70761585.0,4267722638.29,0.6532,-1.1352,1,0
2021-07-12,sh.601318,151.97209319,152.40046752,149.47744268,149.6790306,151.41772641,81898922.0,4899580737.11,0.756,-1.1483,1,0
2021-07-13,sh.601318,149.6790306,150.88855812,148.79708345,150.4349853,149.6790306,51333745.0,3058865430.43,0.4739,0.5051,1,0
2021-07-14,sh.601318,150.30899285,150.30899285,145.59687522,145.92445559,150.4349853,106561835.0,6199867459.24,0.9837,-2.9983,1,0
2021-07-15,sh.601318,146.88199821,151.66971131,146.12604351,151.14054302,145.92445559,108588585.0,6439233470.09,1.0024,3.5745,1,0
2021-07-16,sh.601318,150.40978681,151.92169621,148.36870912,150.4349853,151.14054302,57820403.0,3441570856.99,0.5338,-0.4668,1,0
2021-07-19,sh.601318,150.88855812,150.88855812,146.27723445,149.55303815,150.4349853,66650056.0,3912636302.28,0.6153,-0.5863,1,0
2021-07-20,sh.601318,148.14192271,149.1750608,146.47882237,147.31037254,149.55303815,44931031.0,2629530313.89,0.4148,-1.4996,1,0
2021-07-21,sh.601318,146.52921935,148.26791516,145.8992571,146.35282992,147.31037254,58704444.0,3414125947.57,0.5419,-0.65,1,0
2021-07-22,sh.601318,145.77326465,148.84748043,144.91651599,147.51196046,146.35282992,63661381.0,3727361014.21,0.5877,0.792,1,0
2021-07-23,sh.601318,147.4111665,148.09152573,145.19369938,145.24409636,147.51196046,59325514.0,3438617481.98,0.5477,-1.5374,1,0
2021-07-26,sh.601318,143.85817941,143.85817941,136.90339617,137.3317705,145.24409636,117486467.0,6496203840.1,1.0846,-5.4476,1,0
2021-07-27,sh.601318,137.3317705,137.78534332,131.93929364,132.72044683,137.3317705,93901074.0,5031582117.26,0.8668,-3.3578,1,0
2021-07-28,sh.601318,132.7960423,135.03870791,132.31727099,133.82918039,132.72044683,83836567.0,4457853454.73,0.7739,0.8354,1,0
2021-07-29,sh.601318,135.18989885,135.26549432,132.92203475,134.18195925,133.82918039,76800442.0,4078215601.25,0.709,0.2636,1,0
2021-07-30,sh.601318,133.87957737,136.44982335,132.5440574,135.24029583,134.18195925,65088842.0,3480202766.8,0.6009,0.7887,1,0
2021-08-02,sh.601318,134.8119215,138.54129802,132.26687401,136.09704449,135.24029583,97161064.0,5244071665.66,0.8969,0.6335,1,0
2021-08-03,sh.601318,135.76946412,137.10498409,135.01350942,136.67660976,136.09704449,65820268.0,3558132760.12,0.6076,0.4258,1,0
2021-08-04,sh.601318,136.8278007,136.8278007,134.38354717,135.0639064,136.67660976,64665951.0,3470521725.65,0.597,-1.1799,1,0
2021-08-05,sh.601318,134.83711999,139.8516195,134.43394415,136.5758158,135.0639064,84322088.0,4596909874.07,0.7784,1.1194,1,0
2021-08-06,sh.601318,134.68592905,135.66867016,133.67798945,135.24029583,136.5758158,50241086.0,2685679365.69,0.4638,-0.9779,1,0
2021-08-09,sh.601318,134.0559668,140.75876514,133.8039819,138.89407688,135.24029583,91882127.0,5048464776.33,0.8482,2.7017,1,0
2021-08-10,sh.601318,138.21371765,140.83436061,136.52541882,140.43118477,138.89407688,76365642.0,4201861226.78,0.705,1.1067,1,0
2021-08-11,sh.601318,140.43118477,143.10222471,139.70042856,140.6075742,140.43118477,82202018.0,4613172522.52,0.7588,0.1256,1,0
2021-08-12,sh.601318,140.43118477,140.83436061,137.68454936,137.93653426,140.6075742,57306968.0,3157627499.26,0.529,-1.8996,1,0
2021-08-13,sh.601318,136.77740372,138.51609953,136.071846,136.85299919,137.93653426,48471805.0,2633761393.88,0.4475,-0.7855,1,0
2021-08-16,sh.601318,136.071846,139.3476497,135.8198611,138.41530557,136.85299919,46009551.0,2522890290.24,0.4247,1.1416,1,0
2021-08-17,sh.601318,137.81054181,140.3555893,136.52541882,136.60101429,138.41530557,69026207.0,3790616958.61,0.6372,-1.3108,1,0
2021-08-18,sh.601318,136.12224298,141.38872739,135.49228073,141.21233796,136.60101429,96366560.0,5322900807.97,0.8896,3.3758,1,0
2021-08-19,sh.601318,140.07840591,140.50678024,135.21509734,135.34108979,141.21233796,114860603.0,6231137141.55,1.0603,-4.1577,1,0
2021-08-20,sh.601318,133.82918039,135.21509734,133.07322569,133.57719549,135.34108979,67560655.0,3585422086.24,0.6237,-1.3033,1,0
2021-08-23,sh.601318,133.57719549,134.71112754,132.5440574,132.7960423,133.57719549,59491185.0,3146935844.42,0.5492,-0.5848,1,0
2021-08-24,sh.601318,131.7881027,132.89683626,129.49504011,130.5281782,132.7960423,94659663.0,4915208404.81,0.8738,-1.7078,1,0
2021-08-25,sh.601318,130.83056008,131.58651478,129.67142954,129.97381142,130.5281782,61059554.0,3156821226.64,0.5637,-0.4247,1,0
2021-08-26,sh.601318,129.7722235,129.7722235,126.72320621,126.7484047,129.97381142,88681394.0,4490652616.96,0.8186,-2.4816,1,0
2021-08-27,sh.601318,128.63829145,131.86369817,128.61309296,131.032148,126.7484047,101781872.0,5267788079.62,0.9396,3.3797,1,0
2021-08-30,sh.601318,131.032148,131.032148,126.87439715,127.78154279,131.032148,95948717.0,4877480460.68,0.8857,-2.4808,1,0
2021-08-31,sh.601318,126.4964198,127.17677903,123.17021912,125.7404651,127.78154279,158678325.0,7870703426.1,1.4648,-1.5973,1,0
2021-09-01,sh.601318,125.43808322,131.15814045,125.00970889,129.74702501,125.7404651,163160036.0,8348618929.47,1.5062,3.1864,1,0
2021-09-02,sh.601318,128.53749749,130.37698726,127.68074883,129.89821595,129.74702501,87858567.0,4502512755.94,0.8111,0.1165,1,0
2021-09-03,sh.601318,129.92341444,132.31727099,127.7563443,130.30139179,129.89821595,90260347.0,4667297729.48,0.8332,0.3104,1,0
2021-09-06,sh.601318,130.25099481,131.41012535,128.96587182,129.97381142,130.30139179,88301950.0,4554856268.56,0.8151,-0.2514,1,0
2021-09-07,sh.601318,130.07460538,132.39286646,128.71388692,131.88889666,129.97381142,94737441.0,4916249825.9,0.8746,1.4734,1,0
2021-09-08,sh.601318,131.032148,132.61965287,130.22579632,130.90615555,131.88889666,84399193.0,4395561676.23,0.7791,-0.7451,1,0
2021-09-09,sh.601318,129.5202386,130.32659028,128.53749749,130.07460538,130.90615555,73490775.0,3776998807.52,0.6784,-0.6352,1,0
2021-09-10,sh.601318,129.39424615,132.2920725,129.21785672,130.30139179,130.07460538,84549097.0,4382584447.23,0.7805,0.1744,1,0
2021-09-13,sh.601318,129.72182652,129.99900991,128.66348994,128.81468088,130.30139179,66980000.0,3430907757.12,0.6183,-1.141,1,0
2021-09-14,sh.601318,129.62103256,129.97381142,125.51367869,125.63967114,128.81468088,108266166.0,5452993892.7,0.9994,-2.4648,1,0
2021-09-15,sh.601318,124.7325255,125.69006812,124.2285557,124.65693003,125.63967114,64542318.0,3197409970.45,0.5958,-0.7822,1,0
2021-09-16,sh.601318,124.27895268,125.94205302,124.00176929,124.75772399,124.65693003,59115597.0,2930501964.81,0.5457,0.0809,1,0
2021-09-17,sh.601318,124.4805406,125.43808322,121.50711878,122.66624932,124.75772399,92721442.0,4523289513.65,0.8559,-1.6764,1,0
2021-09-22,sh.601318,119.6928275,121.15433992,119.1888577,120.39838522,122.66624932,72393010.0,3447060473.72,0.6683,-1.8488,1,0
2021-09-23,sh.601318,122.2126765,124.35454815,120.97795049,121.50711878,120.39838522,75804482.0,3676425703.23,0.6998,0.9209,1,0
2021-09-24,sh.601318,121.53231727,123.17021912,120.7007671,121.15433992,121.50711878,84358359.0,4074494916.68,0.7787,-0.2903,1,0
2021-09-27,sh.601318,120.7007671,124.07736476,120.49917918,123.472601,121.15433992,99008099.0,4812486506.07,0.914,1.9135,1,0
2021-09-28,sh.601318,123.44740251,125.06010587,122.26307348,124.12776174,123.472601,77950696.0,3832059452.45,0.7196,0.5306,1,0
2021-09-29,sh.601318,122.89303573,124.83331946,122.26307348,123.95137231,124.12776174,63129533.0,3095105433.41,0.5828,-0.1421,1,0
2021-09-30,sh.601318,124.2285557,124.2285557,121.53231727,121.85989764,123.95137231,68007025.0,3300543923.25,0.6278,-1.6873,1,0
2021-10-08,sh.601318,127.2523745,131.2841329,126.26963339,131.2841329,121.85989764,218002823.0,11199501310.4,2.0125,7.7337,1,0
2021-10-11,sh.601318,131.2841329,134.53473811,130.88095706,132.89683626,131.2841329,150449954.0,7944560508.64,1.3889,1.2284,1,0
2021-10-12,sh.601318,131.15814045,133.65279096,130.22579632,131.68730874,132.89683626,94465572.0,4939402091.07,0.872,-0.9101,1,0
2021-10-13,sh.601318,131.2841329,131.51091931,128.2603141,130.40218575,131.68730874,64988916.0,3345977424.73,0.5999,-0.9759,1,0
2021-10-14,sh.601318,130.2761933,131.032148,129.0162688,129.54543709,130.40218575,42700600.0,2198216041.62,0.3942,-0.657,1,0
2021-10-15,sh.601318,128.83987937,129.97381142,127.55475638,128.20991712,129.54543709,73301699.0,3738306563.08,0.6767,-1.0309,1,0
2021-10-18,sh.601318,128.71388692,129.11706276,125.18609832,125.63967114,128.20991712,77197137.0,3862682042.37,0.7126,-2.0047,1,0
2021-10-19,sh.601318,125.61447265,130.65417065,125.2364953,129.64623105,125.63967114,84752705.0,4332898990.06,0.7824,3.1889,1,0
2021-10-20,sh.601318,130.2761933,131.13294196,127.98313071,129.44464313,129.64623105,66823896.0,3429513908.01,0.6169,-0.1555,1,0
2021-10-21,sh.601318,129.89821595,138.28931312,129.79742199,136.77740372,129.44464313,211005833.0,11318517616.12,1.9479,5.6648,1,0
2021-10-22,sh.601318,137.78534332,138.21371765,135.0639064,136.80260221,136.77740372,102633032.0,5559123302.79,0.9474,0.0184,1,0
2021-10-25,sh.601318,136.2392416,136.67459256,134.3185756,136.26485048,136.80263696,75444693.0,3999143837.95,0.6965,-0.3931,1,0
2021-10-26,sh.601318,136.26485048,138.23673424,133.4222648,133.60152696,136.26485048,74882514.0,3939605236.3,0.6913,-1.9545,1,0
2021-10-27,sh.601318,133.08934936,134.8307532,131.98816752,132.2698652,133.60152696,58905249.0,3060201711.52,0.5438,-0.9967,1,0
2021-10-28,sh.601318,129.91384824,131.65525208,128.1724444,131.3735544,132.2698652,85061904.0,4309021231.69,0.7852,-0.6776,1,0
2021-10-29,sh.601318,130.14432816,131.19429224,126.09812512,126.94321816,131.3735544,146662660.0,7317467292.47,1.3539,-3.3723,1,0
2021-11-01,sh.601318,125.483512,129.1967996,124.84329,128.35170656,126.94321816,62876101.0,3132879985.41,0.5804,1.1095,1,0
2021-11-02,sh.601318,128.58218648,129.76019496,126.04690736,128.07000888,128.35170656,78272461.0,3909158858.97,0.7226,-0.2195,1,0
2021-11-03,sh.601318,128.0444,129.965066,127.6602668,128.1724444,128.07000888,47676290.0,2394903860.69,0.4401,0.08,1,0
2021-11-04,sh.601318,127.7883112,128.40292432,126.84078264,127.2761336,128.1724444,53205267.0,2651047241.84,0.4912,-0.6993,1,0
2021-11-05,sh.601318,127.2761336,128.91510192,126.99443592,127.86513784,127.2761336,41665467.0,2082833762.62,0.3846,0.4628,1,0
2021-11-08,sh.601318,127.76270232,129.8370216,126.43104056,129.0687552,127.86513784,53172448.0,2672600378.2,0.4909,0.9413,1,0
2021-11-09,sh.601318,129.27362624,130.16993704,127.0200448,127.25052472,129.0687552,64051070.0,3197023016.79,0.5913,-1.4087,1,0
2021-11-10,sh.601318,126.763956,126.91760928,123.76771704,125.81642744,127.25052472,81604856.0,3984320340.66,0.7533,-1.127,1,0
2021-11-11,sh.601318,125.76520968,131.01503008,125.483512,130.9894212,125.81642744,111085845.0,5599660442.05,1.0255,4.1115,1,0
2021-11-12,sh.601318,130.93820344,130.93820344,128.4285332,129.60654168,130.9894212,58595861.0,2959880934.36,0.5409,-1.0557,1,0
2021-11-15,sh.601318,130.2211548,131.1174656,128.63340424,129.5809328,129.60654168,44209113.0,2234792751.33,0.4081,-0.0198,1,0
2021-11-16,sh.601318,129.5809328,130.45163472,128.0444,128.96631968,129.5809328,47743813.0,2408299421.84,0.4407,-0.4743,1,0
2021-11-17,sh.601318,128.01879112,129.40167064,127.73709344,128.1724444,128.96631968,35153171.0,1761772273.55,0.3245,-0.6156,1,0
2021-11-18,sh.601318,127.7883112,127.81392008,126.78956488,126.78956488,128.1724444,42332467.0,2100629356.18,0.3908,-1.0789,1,0
2021-11-19,sh.601318,126.5078672,128.32609768,126.123734,127.94196448,126.78956488,42829007.0,2129834610.38,0.3954,0.9089,1,0
2021-11-22,sh.601318,127.6602668,127.89074672,126.8920004,127.30174248,127.94196448,34005123.0,1689972482.28,0.3139,-0.5004,1,0
2021-11-23,sh.601318,127.22491584,128.47975096,126.73834712,127.07126256,127.30174248,40224098.0,1998608177.72,0.3713,-0.1811,1,0
2021-11-24,sh.601318,127.07126256,128.0444,126.3798228,127.404178,127.07126256,36196146.0,1797538854.78,0.3341,0.262,1,0
2021-11-25,sh.601318,127.42978688,127.42978688,126.40543168,126.5078672,127.404178,40741147.0,2015604610.03,0.3761,-0.7035,1,0
2021-11-26,sh.601318,126.09812512,126.14934288,124.74085448,124.76646336,126.5078672,58902348.0,2877589396.67,0.5437,-1.3765,1,0
2021-11-29,sh.601318,124.17745912,125.0993788,123.74210816,124.61281008,124.76646336,40427298.0,1962257345.27,0.3732,-0.1232,1,0
2021-11-30,sh.601318,124.22867688,125.04816104,123.35797496,123.48601936,124.61281008,46694734.0,2261836624.81,0.4311,-0.9042,1,0
2021-12-01,sh.601318,123.61406376,125.43229424,123.61406376,125.15059656,123.48601936,42213672.0,2056563216.4,0.3897,1.348,1,0
2021-12-02,sh.601318,124.48476568,125.84203632,123.99819696,125.17620544,125.15059656,38330050.0,1872134786.97,0.3538,0.0205,1,0
2021-12-03,sh.601318,125.43229424,126.123734,124.15185024,125.45790312,125.17620544,42748910.0,2084975989.25,0.3946,0.225,1,0
2021-12-06,sh.601318,125.7396008,127.404178,125.7396008,125.8676452,125.45790312,61036902.0,3015007470.41,0.5635,0.3266,1,0
2021-12-07,sh.601318,126.763956,129.324844,126.02129848,129.04314632,125.8676452,101150186.0,5055319580.44,0.9338,2.5229,1,0
2021-12-08,sh.601318,129.04314632,129.0687552,127.7883112,128.91510192,129.04314632,65354434.0,3276622572.55,0.6033,-0.0992,1,0
2021-12-09,sh.601318,128.96631968,132.73082504,128.37731544,131.39916328,128.91510192,124929614.0,6402621864.11,1.1533,1.9269,1,0
2021-12-10,sh.601318,130.605288,131.86012312,130.3491992,131.16868336,131.39916328,73770661.0,3780503004.96,0.681,-0.1754,1,0
2021-12-13,sh.601318,132.29547408,134.44662,130.91259456,130.9894212,131.16868336,91858148.0,4747262449.69,0.848,-0.1367,1,0
2021-12-14,sh.601318,130.3491992,131.5015988,129.8370216,130.2211548,130.9894212,58733411.0,2990682219.21,0.5422,-0.5865,1,0
2021-12-15,sh.601318,130.06750152,130.81015904,129.40167064,129.8370216,130.2211548,36383253.0,1846757807.05,0.3359,-0.295,1,0
2021-12-16,sh.601318,130.06750152,131.34794552,129.324844,131.1174656,129.8370216,51436592.0,2622388752.48,0.4748,0.9862,1,0
2021-12-17,sh.601318,130.65650576,131.6296432,129.01753744,129.42727952,131.1174656,53967033.0,2741367544.34,0.4982,-1.2891,1,0
2021-12-20,sh.601318,128.65901312,130.2211548,128.5565776,128.76144864,129.42727952,42844182.0,2164397413.8,0.3955,-0.5144,1,0
2021-12-21,sh.601318,128.78705752,130.96381232,128.76144864,130.19554592,128.76144864,39397878.0,2004481926.98,0.3637,1.1138,1,0
2021-12-22,sh.601318,130.42602584,130.605288,128.37731544,128.50535984,130.19554592,42540466.0,2143777013.57,0.3927,-1.2982,1,0
2021-12-23,sh.601318,128.53096872,129.0687552,127.404178,128.60779536,128.50535984,40497888.0,2027860561.2,0.3738,0.0797,1,0
2021-12-24,sh.601318,128.53096872,128.5565776,127.32735136,127.58344016,128.60779536,31293517.0,1560671249.28,0.2889,-0.7965,1,0
2021-12-27,sh.601318,127.94196448,128.5565776,127.71148456,127.99318224,127.58344016,27470106.0,1373481524.18,0.2536,0.3212,1,0
2021-12-28,sh.601318,128.8126664,130.93820344,128.3004888,130.27237256,127.99318224,61735856.0,3137430543.75,0.5699,1.7807,1,0
2021-12-29,sh.601318,130.8613768,131.01503008,129.37606176,130.11871928,130.27237256,37646906.0,1913669684.72,0.3475,-0.1179,1,0
2021-12-30,sh.601318,130.3491992,130.57967912,129.09436408,129.09436408,130.11871928,42787989.0,2167180059.78,0.395,-0.7872,1,0
2021-12-31,sh.601318,129.14558184,130.2211548,128.4285332,129.09436408,129.09436408,35800024.0,1805071299.12,0.3305,0.0,1,0
2022-01-04,sh.601318,129.0687552,130.75894128,128.3004888,130.605288,129.09436408,63583763.0,3221366643.31,0.587,1.1704,1,0
2022-01-05,sh.601318,130.88698568,134.1905312,130.52846136,133.34543816,130.605288,118124669.0,6124173627.66,1.0904,2.098,1,0
2022-01-06,sh.601318,133.14056712,133.21739376,131.16868336,131.3735544,133.34543816,66165825.0,3408947587.63,0.6108,-1.4788,1,0
2022-01-07,sh.601318,131.86012312,136.57215704,131.7576876,135.57341072,131.3735544,123075974.0,6481039300.28,1.1362,3.1969,1,0
2022-01-10,sh.601318,135.70145512,137.16116128,134.44662,135.93193504,135.57341072,76113442.0,4033301414.62,0.7026,0.2645,1,0
2022-01-11,sh.601318,136.16241496,137.62212112,134.54905552,135.36853968,135.93193504,68092028.0,3612879173.74,0.6286,-0.4145,1,0
2022-01-12,sh.601318,134.7027088,135.24049528,132.80765168,134.44662,135.36853968,57292274.0,2998981426.76,0.5289,-0.681,1,0
2022-01-13,sh.601318,134.5746644,137.46846784,133.9344424,133.9344424,134.44662,72866329.0,3862897677.66,0.6727,-0.381,1,0
2022-01-14,sh.601318,134.0624868,134.44662,130.75894128,130.8613768,133.9344424,77939676.0,4014279655.61,0.7195,-2.2945,1,0
2022-01-17,sh.601318,130.88698568,131.70646984,129.965066,130.45163472,130.8613768,46056724.0,2348769408.54,0.4252,-0.3131,1,0
2022-01-18,sh.601318,130.45163472,132.11621192,129.5809328,131.19429224,130.45163472,63697991.0,3252038698.21,0.588,0.5693,1,0
2022-01-19,sh.601318,131.3735544,132.75643392,130.88698568,131.7576876,131.19429224,48331572.0,2488231273.22,0.4462,0.4294,1,0
2022-01-20,sh.601318,131.885732,137.05872576,131.7576876,136.7514192,131.7576876,144835941.0,7661793651.1,1.337,3.7901,1,0
2022-01-21,sh.601318,137.007508,137.7757744,135.727064,137.1355524,136.7514192,104189534.0,5564930631.01,0.9618,0.2809,1,0
2022-01-24,sh.601318,137.08433464,137.08433464,134.52344664,136.05997944,137.1355524,54264076.0,2873364828.61,0.5009,-0.7843,1,0
2022-01-25,sh.601318,134.7027088,135.4709752,130.8613768,131.1174656,136.05997944,77666210.0,4032087601.82,0.717,-3.6326,1,0
2022-01-26,sh.601318,132.34669184,133.65274472,131.16868336,132.73082504,131.1174656,48327488.0,2502203699.93,0.4461,1.2305,1,0
2022-01-27,sh.601318,131.885732,131.885732,130.01628376,130.06750152,132.73082504,58650221.0,2992952668.75,0.5414,-2.0066,1,0
2022-01-28,sh.601318,130.65650576,131.5015988,127.5322224,127.96757336,130.06750152,72935539.0,3688023391.45,0.6733,-1.6145,1,0
2022-02-07,sh.601318,131.47598992,134.36979336,129.8370216,133.11495824,127.96757336,94041650.0,4858781709.9,0.8681,4.0224,1,0
2022-02-08,sh.601318,132.55156288,135.80389064,132.44912736,135.727064,133.11495824,86611569.0,4567112317.02,0.7995,1.9623,1,0
2022-02-09,sh.601318,136.34167712,138.287952,135.41975744,135.82949952,135.727064,88043453.0,4695366257.21,0.8128,0.0755,1,0
2022-02-10,sh.601318,136.18802384,138.74891184,135.2148864,138.74891184,135.82949952,96278716.0,5186085981.09,0.8888,2.1493,1,0
2022-02-11,sh.601318,139.1842628,143.99873224,138.49282304,142.35976392,138.74891184,158377687.0,8759711015.47,1.462,2.6024,1,0
2022-02-14,sh.601318,140.87444888,141.6171064,137.46846784,138.0318632,142.35976392,94465413.0,5121073204.69,0.872,-3.0401,1,0
2022-02-15,sh.601318,137.1355524,138.0318632,135.49658408,136.44411264,138.0318632,63540572.0,3385015077.45,0.5866,-1.1503,1,0
2022-02-16,sh.601318,137.007508,138.74891184,136.44411264,137.87820992,136.44411264,52320987.0,2818960513.06,0.483,1.0511,1,0
2022-02-17,sh.601318,138.5440408,139.90131144,136.64898368,137.3916412,137.87820992,50490447.0,2723626777.49,0.4661,-0.3529,1,0
2022-02-18,sh.601318,137.2635968,139.8244848,136.85385472,139.568396,137.3916412,48422611.0,2621179790.38,0.447,1.5843,1,0
2022-02-21,sh.601318,138.5440408,138.928174,137.03311688,138.69769408,139.568396,38792845.0,2089115305.52,0.3581,-0.6239,1,0
2022-02-22,sh.601318,137.05872576,137.2635968,134.98440648,135.90632616,138.69769408,57749929.0,3064280601.34,0.5331,-2.0126,1,0
2022-02-23,sh.601318,135.9831528,136.4953304,134.93318872,135.44536632,135.90632616,46360166.0,2449763788.57,0.428,-0.3392,1,0
2022-02-24,sh.601318,133.5503092,133.806398,130.83576792,131.78329648,135.44536632,97539602.0,5039207432.71,0.9004,-2.7037,1,0
2022-02-25,sh.601318,132.3979096,133.31982928,131.14307448,131.6296432,131.78329648,54441639.0,2808109116.43,0.5026,-0.1166,1,0
2022-02-28,sh.601318,130.8613768,130.8613768,128.684622,129.99067488,131.6296432,73188326.0,3707888592.0,0.6756,-1.2451,1,0
2022-03-01,sh.601318,130.63089688,131.6296432,129.50410616,131.60403432,129.99067488,56803579.0,2895181120.0,0.5244,1.2411,1,0
2022-03-02,sh.601318,130.3491992,131.19429224,129.8370216,129.99067488,131.60403432,43692256.0,2222138928.0,0.4033,-1.2259,1,0
2022-03-03,sh.601318,130.0931104,131.09185672,129.8370216,130.40041696,129.99067488,35267571.0,1795901328.0,0.3256,0.3152,1,0
2022-03-04,sh.601318,129.24801736,129.27362624,127.94196448,128.3004888,130.40041696,70086471.0,3510136272.0,0.647,-1.6104,1,0
2022-03-07,sh.601318,127.07126256,127.07126256,124.61281008,125.17620544,128.3004888,78459673.0,3847577920.0,0.7243,-2.4351,1,0
2022-03-08,sh.601318,124.76646336,125.63716528,121.1300024,121.56535336,125.17620544,83440296.0,4021028000.0,0.7703,-2.8846,1,0
2022-03-09,sh.601318,121.92387768,122.74336184,116.520404,120.15686496,121.56535336,82554495.0,3878723584.0,0.7621,-1.1586,1,0
2022-03-10,sh.601318,122.7945796,123.02505952,120.00321168,120.13125608,120.15686496,58775280.0,2783372912.0,0.5426,-0.0213,1,0
2022-03-11,sh.601318,117.800848,121.3860912,117.0325816,120.72026032,120.13125608,66707823.0,3085709552.0,0.6158,0.4903,1,0
2022-03-14,sh.601318,117.800848,119.26055416,117.21184376,117.31427928,120.72026032,59257848.0,2734567248.0,0.547,-2.8214,1,0
2022-03-15,sh.601318,115.3680044,115.7521376,108.9657844,109.2218732,117.31427928,126937879.0,5571772416.0,1.1718,-6.8981,1,0
2022-03-16,sh.601318,110.86084152,114.3436492,108.40238904,113.42172952,109.2218732,100969426.0,4391918336.0,0.9321,3.8453,1,0
2022-03-17,sh.601318,116.520404,118.3130256,114.599738,116.520404,113.42172952,109572199.0,4982734592.0,1.0115,2.732,1,0
2022-03-18,sh.601318,115.3680044,123.89576144,115.03508896,122.74336184,116.520404,155232341.0,7308943910.1,1.433,5.3407,1,0
2022-03-21,sh.601318,122.33361976,122.33361976,119.41420744,120.46417152,122.74336184,94951866.0,4472952774.87,0.8765,-1.8569,1,0
2022-03-22,sh.601318,119.081292,122.56409968,118.9532476,122.4104464,120.46417152,74211155.0,3516558053.63,0.6851,1.6156,1,0
2022-03-23,sh.601318,121.79583328,123.33236608,120.7458692,122.6665352,122.4104464,57702918.0,2748027969.75,0.5327,0.2092,1,0
2022-03-24,sh.601318,121.71900664,124.76646336,121.3860912,123.562846,122.6665352,61075714.0,2943276289.07,0.5638,0.7307,1,0
2022-03-25,sh.601318,122.94823288,124.94572552,121.84705104,121.97509544,123.562846,55993803.0,2696644332.9,0.5169,-1.285,1,0
2022-03-28,sh.601318,121.3860912,123.22993056,120.18247384,122.5384908,121.97509544,39368626.0,1872940910.81,0.3634,0.4619,1,0
2022-03-29,sh.601318,122.7945796,123.4348016,120.7458692,120.89952248,122.5384908,32235684.0,1532063819.96,0.2976,-1.3375,1,0
2022-03-30,sh.601318,121.7702244,125.04816104,121.5141356,124.7152456,120.89952248,57542713.0,2776948845.1,0.5312,3.1561,1,0
2022-03-31,sh.601318,123.9469792,126.123734,123.6908904,124.0750236,124.7152456,42349781.0,2063589520.47,0.3909,-0.5133,1,0
2022-04-01,sh.601318,123.6908904,125.76520968,123.20432168,125.38107648,124.0750236,47367667.0,2307234644.4,0.4373,1.0526,1,0
2022-04-06,sh.601318,125.6115564,127.83952896,125.483512,126.86639152,125.38107648,64005275.0,3166678385.0,0.5909,1.1846,1,0
2022-04-07,sh.601318,125.9956896,126.81517376,123.66528152,124.15185024,126.86639152,50112992.0,2447803110.46,0.4626,-2.1397,1,0
2022-04-08,sh.601318,123.8189348,126.123734,123.8189348,126.09812512,124.15185024,43473184.0,2124961295.21,0.4013,1.5677,1,0
2022-04-11,sh.601318,125.25303208,125.43229424,121.69339776,121.94948656,126.09812512,50640496.0,2433396185.56,0.4675,-3.29,1,0
2022-04-12,sh.601318,122.56409968,125.17620544,121.59096224,124.12624136,121.94948656,46739555.0,2251825857.27,0.4315,1.785,1,0
2022-04-13,sh.601318,123.562846,123.89576144,122.10313984,122.46166416,124.12624136,31775137.0,1524357800.91,0.2933,-1.341,1,0
2022-04-14,sh.601318,123.87015256,124.25428576,122.6665352,123.40919272,122.46166416,35884891.0,1731655002.69,0.3313,0.7737,1,0
2022-04-15,sh.601318,122.922624,124.81768112,122.6665352,123.6908904,123.40919272,31411511.0,1520937850.52,0.29,0.2283,1,0
2022-04-18,sh.601318,122.89701512,122.89701512,119.92638504,120.361736,123.6908904,40537521.0,1912485738.11,0.3742,-2.6915,1,0
2022-04-19,sh.601318,120.4897804,121.05317576,118.13376344,118.92763872,120.361736,36954300.0,1723558436.07,0.3411,-1.1915,1,0
2022-04-20,sh.601318,119.4654252,119.82394952,117.36549704,117.57036808,118.92763872,38060988.0,1755500125.41,0.3514,-1.1413,1,0
2022-04-21,sh.601318,117.49354144,120.82269584,117.31427928,118.36424336,117.57036808,54904356.0,2554919426.49,0.5068,0.6752,1,0
2022-04-22,sh.601318,117.82645688,120.28490936,117.57036808,118.97885648,118.36424336,39732577.0,1851934816.26,0.3668,0.5193,1,0
2022-04-25,sh.601318,115.23996,118.26180784,114.4716936,114.8558268,118.97885648,67392037.0,3063041721.92,0.6221,-3.4653,1,0
2022-04-26,sh.601318,114.83021792,115.70091984,111.42423688,111.62910792,114.8558268,63892364.0,2826379496.31,0.5898,-2.8094,1,0
2022-04-27,sh.601318,111.16814808,113.1912496,110.57914384,112.44859208,111.62910792,53108352.0,2325674730.23,0.4903,0.7341,1,0
2022-04-28,sh.601318,112.14128552,112.44859208,110.52792608,111.80837008,112.44859208,52599939.0,2288623795.62,0.4856,-0.5693,1,0
2022-04-29,sh.601318,112.1668944,115.54726656,111.6547168,114.11316928,111.80837008,51638636.0,2285939805.04,0.4767,2.0614,1,0
2022-05-05,sh.601318,114.70217352,116.72527504,114.599738,115.29117776,114.11316928,42878154.0,1935547320.55,0.3958,1.0323,1,0
2022-05-06,sh.601318,113.8314716,115.18874224,112.679072,112.83272528,115.29117776,37231482.0,1649081440.26,0.3437,-2.1324,1,0
2022-05-09,sh.601318,112.88394304,113.72903608,112.34615656,113.5753828,112.83272528,25611950.0,1131162025.81,0.2364,0.6582,1,0
2022-05-10,sh.601318,112.2949388,114.42047584,111.9108056,113.88268936,113.5753828,40469305.0,1788324114.47,0.3736,0.2706,1,0
2022-05-11,sh.601318,113.80586272,115.26556888,113.21685848,114.54852024,113.88268936,60728482.0,2710550319.79,0.5606,0.5847,1,0
2022-05-12,sh.601318,113.5753828,114.16438704,112.2949388,112.679072,114.54852024,42773836.0,1889495299.01,0.3949,-1.632,1,0
2022-05-13,sh.601318,113.14003184,113.959516,111.62910792,112.57663648,112.679072,41233483.0,1813781043.85,0.3806,-0.0909,1,0
2022-05-16,sh.601318,113.0632052,113.21685848,110.57914384,111.04010368,112.57663648,46886281.0,2039402750.55,0.4328,-1.3649,1,0
2022-05-17,sh.601318,111.398628,112.37176544,110.80962376,112.21811216,111.04010368,40137298.0,1750419695.82,0.3705,1.0609,1,0
2022-05-18,sh.601318,112.65346312,112.9351608,111.04010368,111.73154344,112.21811216,35234171.0,1534485032.06,0.3253,-0.4336,1,0
2022-05-19,sh.601318,110.3742728,111.24497472,110.19501064,110.86084152,111.73154344,28281629.0,1221097064.41,0.2611,-0.7793,1,0
2022-05-20,sh.601318,111.1425392,113.60099168,111.1425392,113.47294728,110.86084152,54975115.0,2416391969.25,0.5075,2.3562,1,0
2022-05-23,sh.601318,113.0632052,113.37051176,111.88519672,112.39737432,113.47294728,35909822.0,1576944732.91,0.3315,-0.9479,1,0
2022-05-24,sh.601318,112.1668944,112.96076968,110.39988168,110.47670832,112.39737432,39342426.0,1713116639.68,0.3632,-1.7088,1,0
2022-05-25,sh.601318,110.19501064,111.398628,110.16940176,110.70718824,110.47670832,26374891.0,1140221232.96,0.2435,0.2086,1,0
2022-05-26,sh.601318,110.91205928,111.5266724,109.9901396,110.5023172,110.70718824,40099222.0,1731580780.75,0.3702,-0.1851,1,0
2022-05-27,sh.601318,111.16814808,112.2949388,111.1425392,111.47545464,110.5023172,38790063.0,1691969134.95,0.3581,0.8806,1,0
2022-05-30,sh.601318,112.49980984,113.60099168,111.96202336,113.0632052,111.47545464,52217489.0,2305387119.75,0.482,1.4243,1,0
2022-05-31,sh.601318,113.26807624,114.67656464,112.679072,113.1912496,113.0632052,54065261.0,2405912876.9,0.4991,0.1133,1,0
2022-06-01,sh.601318,113.319294,114.0875604,112.44859208,113.11442296,113.1912496,32852073.0,1451299033.25,0.3033,-0.0679,1,0
2022-06-02,sh.601318,112.1668944,112.75589864,111.5266724,112.679072,113.11442296,34082891.0,1492824853.08,0.3146,-0.3849,1,0
2022-06-06,sh.601318,112.65346312,113.37051176,110.96327704,113.34490288,112.679072,54326745.0,2379234042.92,0.5015,0.5909,1,0
2022-06-07,sh.601318,113.34490288,113.65220944,112.5510276,113.0632052,113.34490288,43157460.0,1905453944.01,0.3984,-0.2485,1,0
2022-06-08,sh.601318,113.319294,114.49730248,112.83272528,114.18999592,113.0632052,52956201.0,2348846220.98,0.4889,0.9966,1,0
2022-06-09,sh.601318,114.4716936,115.31678664,113.88268936,114.26682256,114.18999592,53243046.0,2381813808.64,0.4915,0.0673,1,0
2022-06-10,sh.601318,113.5753828,115.23996,112.88394304,115.08630672,114.26682256,56531953.0,2516496822.94,0.5219,0.7172,1,0
2022-06-13,sh.601318,113.959516,114.2156048,112.73028976,113.03759632,115.08630672,53712124.0,2376099097.55,0.4958,-1.7802,1,0
2022-06-14,sh.601318,112.4229832,115.880182,112.1668944,115.80335536,113.03759632,62895792.0,2792817385.85,0.5806,2.4468,1,0
2022-06-15,sh.601318,115.23996,124.35672128,115.00948008,122.0263132,115.80335536,198589228.0,9379923905.98,1.8332,5.3737,1,0
2022-06-16,sh.601318,121.33487344,121.64218,119.081292,119.081292,122.0263132,84493103.0,3962136640.0,0.78,-2.4134,1,0
2022-06-17,sh.601318,118.74837656,121.02756688,118.44107,120.43856264,119.081292,56670396.0,2653020562.92,0.5231,1.1398,1,0
2022-06-20,sh.601318,120.91458672,121.2583946,119.1426538,119.96250336,120.43854504,57061489.0,2589929720.84,0.5268,-0.3953,1,0
2022-06-21,sh.601318,120.80879968,123.71794328,120.2005242,121.99890388,119.96250336,68456932.0,3156745208.73,0.6319,1.6975,1,0
2022-06-22,sh.601318,122.1840312,122.50139232,120.0682904,120.0682904,121.99890388,43690689.0,2001539979.71,0.4033,-1.5825,1,0
2022-06-23,sh.601318,120.67656588,122.977434,120.67656588,122.316265,120.0682904,49426523.0,2279310521.09,0.4563,1.8722,1,0
2022-06-24,sh.601318,122.79230668,123.9030706,122.23692472,123.66504976,122.316265,53672389.0,2498586724.91,0.4955,1.1027,1,0
2022-06-27,sh.601318,123.9030706,124.5642396,122.977434,123.7708368,123.66504976,44985821.0,2106674710.66,0.4153,0.0855,1,0
2022-06-28,sh.601318,123.82373032,124.80226044,122.5807326,124.0353044,123.7708368,35170689.0,1642425116.71,0.3247,0.2137,1,0
2022-06-29,sh.601318,124.00885764,125.46342944,123.18900808,123.74439004,124.0353044,41277246.0,1939726830.3,0.381,-0.2345,1,0
2022-06-30,sh.601318,123.7708368,124.8287072,122.87164696,123.47992244,123.74439004,39185266.0,1837626219.32,0.3617,-0.2137,1,0
2022-07-01,sh.601318,123.5063692,124.24687848,121.97245712,122.47494556,123.47992244,35756842.0,1657492966.09,0.3301,-0.8139,1,0
2022-07-04,sh.601318,122.1840312,122.977434,121.1261608,122.87164696,122.47494556,40712960.0,1877564068.68,0.3758,0.3239,1,0
2022-07-05,sh.601318,122.92454048,125.7543438,122.66007288,123.26834836,122.87164696,45256850.0,2123843408.86,0.4178,0.3229,1,0
2022-07-06,sh.601318,123.29479512,123.32124188,120.993927,121.2583946,123.26834836,38956093.0,1790455442.39,0.3596,-1.6306,1,0
2022-07-07,sh.601318,120.7294594,122.02535064,120.57077884,120.5972256,121.2583946,29372210.0,1344724699.72,0.2711,-0.5453,1,0
2022-07-08,sh.601318,121.41707516,122.66007288,120.80879968,121.17905432,120.5972256,29228342.0,1342052753.79,0.2698,0.4825,1,0
2022-07-11,sh.601318,120.62367236,121.04682052,119.59224872,120.01539688,121.17905432,28113511.0,1278575006.25,0.2595,-0.9603,1,0
2022-07-12,sh.601318,120.01539688,120.96748024,119.32778112,120.35920476,120.01539688,25405548.0,1155657116.93,0.2345,0.2865,1,0
2022-07-13,sh.601318,120.12118392,120.67656588,119.01042,119.22199408,120.35920476,29658829.0,1343407215.84,0.2738,-0.9448,1,0
2022-07-14,sh.601318,118.7459524,119.11620704,114.85827868,115.3078736,119.22199408,90304414.0,3963303834.94,0.8336,-3.2831,1,0
2022-07-15,sh.601318,115.33432036,116.60376484,112.9276652,112.95411196,115.3078736,69404157.0,3006689109.15,0.6407,-2.0413,1,0
2022-07-18,sh.601318,113.059899,115.54589444,112.98055872,114.9111722,112.95411196,35524425.0,1539005270.69,0.3279,1.7326,1,0
2022-07-19,sh.601318,114.83183192,115.75746852,113.4566004,114.7789384,114.9111722,35610607.0,1540543118.62,0.3287,-0.1151,1,0
2022-07-20,sh.601318,115.78391528,115.91614908,114.67315136,114.7789384,114.7789384,24956569.0,1086228779.21,0.2304,0.0,1,0
2022-07-21,sh.601318,114.32934348,114.382237,112.7954314,113.03345224,114.7789384,40556770.0,1740841568.42,0.3744,-1.5207,1,0
2022-07-22,sh.601318,113.1921328,114.67315136,113.13923928,113.8533018,113.03345224,29435598.0,1268468017.34,0.2717,0.7253,1,0
2022-07-25,sh.601318,113.721068,114.03842912,112.98055872,113.50949392,113.8533018,22513504.0,965101818.49,0.2078,-0.302,1,0
2022-07-26,sh.601318,113.5888342,114.48802404,113.50949392,114.2500032,113.50949392,22847447.0,986279479.35,0.2109,0.6524,1,0
2022-07-27,sh.601318,113.87974856,114.19710968,112.9276652,113.16568604,114.2500032,29639869.0,1269990090.93,0.2736,-0.9491,1,0
2022-07-28,sh.601318,113.4566004,114.382237,112.95411196,112.98055872,113.16568604,34874952.0,1497610794.97,0.3219,-0.1636,1,0
2022-07-29,sh.601318,113.16568604,114.1177694,111.3408596,111.39375312,112.98055872,46070387.0,1954616264.8,0.4253,-1.4045,1,0
2022-08-01,sh.601318,111.36730636,111.39375312,110.415223,110.65324384,111.39375312,30655094.0,1283322796.99,0.283,-0.6648,1,0
2022-08-02,sh.601318,109.83339428,109.8862878,107.18871828,108.88131092,110.65324384,60400823.0,2476611786.0,0.5576,-1.6013,1,0
2022-08-03,sh.601318,108.80197064,109.4895864,107.74410024,107.98212108,108.88131092,40785171.0,1673612767.98,0.3765,-0.8258,1,0
2022-08-04,sh.601318,108.74907712,109.2251188,108.1672484,108.64329008,107.98212108,25116335.0,1032245453.0,0.2319,0.6123,1,0
2022-08-05,sh.601318,109.19867204,110.23009568,108.37882248,109.85984104,108.64329008,29671019.0,1224704136.0,0.2739,1.1198,1,0
2022-08-08,sh.601318,109.2251188,109.85984104,108.431716,108.90775768,109.85984104,30159403.0,1242870500.0,0.2784,-0.8666,1,0
2022-08-09,sh.601318,108.88131092,108.98709796,108.22014192,108.32592896,108.90775768,25139703.0,1031147757.0,0.2321,-0.5342,1,0
2022-08-10,sh.601318,108.32592896,108.64329008,106.73912336,106.8449104,108.32592896,46008881.0,1866972936.0,0.4247,-1.3672,1,0
2022-08-11,sh.601318,107.34739884,110.23009568,106.89780392,109.64826696,106.8449104,61070138.0,2510973870.0,0.5638,2.6238,1,0
2022-08-12,sh.601318,109.11933176,110.44166976,108.80197064,110.04496836,109.64826696,35993337.0,1493312068.0,0.3323,0.3618,1,0
2022-08-15,sh.601318,109.56892668,110.44166976,108.77552388,108.80197064,110.04496836,33276942.0,1373975116.53,0.3072,-1.1295,1,0
2022-08-16,sh.601318,109.33090584,109.67471372,108.1672484,108.40526924,108.80197064,27739045.0,1140974334.12,0.2561,-0.3646,1,0
2022-08-17,sh.601318,108.5639498,109.70116048,107.69120672,109.19867204,108.40526924,37572182.0,1546602943.61,0.3468,0.7319,1,0
2022-08-18,sh.601318,108.8284174,108.90775768,107.79699376,107.92922756,109.19867204,29407958.0,1202109471.07,0.2715,-1.1625,1,0
2022-08-19,sh.601318,107.6383132,109.11933176,107.42673912,108.35237572,107.92922756,32462874.0,1333438492.18,0.2997,0.3921,1,0
2022-08-22,sh.601318,108.0350146,109.46313964,107.9027808,108.8284174,108.35237572,33971901.0,1399254503.85,0.3136,0.4393,1,0
2022-08-23,sh.601318,108.48460952,108.8284174,107.58541968,107.69120672,108.8284174,33148018.0,1352611307.57,0.306,-1.045,1,0
2022-08-24,sh.601318,109.3573526,112.24004944,109.3573526,110.04496836,107.69120672,115732982.0,4847936957.69,1.0684,2.1857,1,0
2022-08-25,sh.601318,110.6796906,114.32934348,110.23009568,113.9855356,110.04496836,110572586.0,4693638177.32,1.0207,3.5809,1,0
2022-08-26,sh.601318,114.01198236,114.56736432,112.45162352,114.03842912,113.9855356,72672640.0,3125914707.26,0.6709,0.0464,1,0
2022-08-29,sh.601318,113.1921328,114.30289672,112.37228324,113.90619532,114.03842912,44989303.0,1928428298.59,0.4153,-0.116,1,0
2022-08-30,sh.601318,113.66817448,114.48802404,112.42517676,113.43015364,113.90619532,38892928.0,1667749812.01,0.359,-0.4179,1,0
2022-08-31,sh.601318,112.95411196,117.07980652,112.82187816,115.94259584,113.43015364,84223803.0,3683929174.6,0.7775,2.215,1,0
2022-09-01,sh.601318,115.3078736,116.70955188,114.80538516,115.4401074,115.94259584,45521324.0,1994635784.04,0.4202,-0.4334,1,0
2022-09-02,sh.601318,116.07482964,117.10625328,114.40868376,115.5723412,115.4401074,44914485.0,1962968879.55,0.4146,0.1145,1,0
2022-09-05,sh.601318,115.043406,116.1012764,113.77396152,115.8368088,115.5723412,41749075.0,1817090269.49,0.3854,0.2288,1,0
2022-09-06,sh.601318,116.1012764,117.5558482,115.09629952,116.1012764,115.8368088,44977165.0,1978062625.36,0.4152,0.2283,1,0
2022-09-07,sh.601318,115.3078736,115.86325556,114.14421616,115.3078736,116.1012764,37641074.0,1635174365.1,0.3475,-0.6834,1,0
2022-09-08,sh.601318,115.94259584,117.026913,115.46655416,115.94259584,115.3078736,32129830.0,1412332843.69,0.2966,0.5505,1,0
2022-09-09,sh.601318,116.33929724,118.42859128,115.9690426,118.19057044,115.94259584,57786668.0,2574448405.61,0.5334,1.9389,1,0
2022-09-13,sh.601318,118.16412368,119.98895012,117.2913806,119.16910056,118.19057044,52966319.0,2382977236.39,0.489,0.8279,1,0
2022-09-14,sh.601318,117.76742228,119.48646168,117.71452876,118.0847834,119.16910056,35508365.0,1588553120.78,0.3278,-0.9099,1,0
2022-09-15,sh.601318,118.13767692,120.5972256,118.11123016,119.24844084,118.0847834,59444223.0,2686935858.95,0.5487,0.9854,1,0
2022-09-16,sh.601318,118.53437832,118.93107972,116.02193612,116.18061668,119.24844084,62492037.0,2762703828.52,0.5769,-2.5726,1,0
2022-09-19,sh.601318,116.15416992,117.63518848,115.20208656,116.18061668,116.18061668,40538305.0,1781779182.02,0.3742,0.0,1,0
2022-09-20,sh.601318,116.7624454,116.86823244,114.03842912,114.35579024,116.18061668,35764951.0,1553335669.15,0.3302,-1.5707,1,0
2022-09-21,sh.601318,113.9855356,114.93761896,113.4566004,114.1177694,114.35579024,30353672.0,1310421740.9,0.2802,-0.2081,1,0
2022-09-22,sh.601318,112.6631976,113.27147308,112.16070916,112.34583648,114.1177694,37622972.0,1602976215.55,0.3473,-1.5527,1,0
2022-09-23,sh.601318,112.16070916,114.88472544,112.16070916,113.77396152,112.34583648,37532565.0,1617285955.26,0.3465,1.2712,1,0
2022-09-26,sh.601318,113.03345224,114.56736432,112.18715592,112.37228324,113.77396152,30712391.0,1314360554.63,0.2835,-1.232,1,0
2022-09-27,sh.601318,112.21360268,113.03345224,111.79045452,112.24004944,112.37228324,31229142.0,1325580710.17,0.2883,-0.1177,1,0
2022-09-28,sh.601318,111.6053272,112.39873,110.6796906,110.78547764,112.24004944,42204372.0,1776629020.99,0.3896,-1.2959,1,0
2022-09-29,sh.601318,111.68466748,111.97558184,108.8284174,109.27801232,110.78547764,42655827.0,1779041935.51,0.3938,-1.3607,1,0
2022-09-30,sh.601318,109.3573526,111.02349848,109.3573526,109.96562808,109.27801232,33161940.0,1383518533.42,0.3061,0.6292,1,0
2022-10-10,sh.601318,109.96562808,111.55243368,109.43669288,109.56892668,109.96562808,41387647.0,1727384869.88,0.3821,-0.3608,1,0
2022-10-11,sh.601318,110.20364892,110.73258412,108.74907712,108.9606512,109.56892668,26931732.0,1114241528.34,0.2486,-0.5552,1,0
2022-10-12,sh.601318,108.98709796,111.076392,107.9027808,110.86481792,108.9606512,36247330.0,1501647669.53,0.3346,1.7476,1,0
2022-10-13,sh.601318,110.5474568,110.8119244,108.9606512,109.38379936,110.86481792,38384620.0,1588577622.65,0.3543,-1.3359,1,0
2022-10-14,sh.601318,110.415223,111.94913508,110.07141512,110.91771144,109.38379936,43441714.0,1827652558.82,0.401,1.4023,1,0
2022-10-17,sh.601318,110.30943596,111.4730934,109.91273456,111.3408596,110.91771144,34142518.0,1430847500.47,0.3152,0.3815,1,0
2022-10-18,sh.601318,112.1342624,112.24004944,110.20364892,110.415223,111.3408596,41635680.0,1742913095.76,0.3844,-0.8314,1,0
2022-10-19,sh.601318,110.1507554,111.02349848,109.11933176,109.14577852,110.415223,36436126.0,1509504643.07,0.3364,-1.1497,1,0
2022-10-20,sh.601318,109.2539624,109.49734994,107.9018094,108.19928306,109.14579016,45021418.0,1807514975.57,0.4156,-0.8672,1,0
2022-10-21,sh.601318,108.4426706,108.8483165,106.820087,107.2257329,108.19928306,45737748.0,1824460317.26,0.4222,-0.8998,1,0
2022-10-24,sh.601318,107.25277596,107.98293858,101.70894866,101.9523362,107.2257329,95125183.0,3662221955.3,0.8781,-4.918,1,0
2022-10-25,sh.601318,101.62781948,103.79126428,100.49201096,102.00642232,101.9523362,55354891.0,2086575116.58,0.511,0.0531,1,0
2022-10-26,sh.601318,101.51964724,103.1692739,101.43851806,101.87120702,102.00642232,49839519.0,1881859736.28,0.4601,-0.1326,1,0
2022-10-27,sh.601318,101.97937926,103.00701554,101.5466903,101.84416396,101.87120702,45749726.0,1730022256.46,0.4223,-0.0265,1,0
2022-10-28,sh.601318,101.43851806,101.9523362,99.32915938,99.32915938,101.84416396,50769159.0,1886380447.77,0.4687,-2.4695,1,0
2022-10-31,sh.601318,98.40969534,99.16690102,97.0845854,97.7606619,99.32915938,56203354.0,2037108321.2,0.5188,-1.5791,1,0
2022-11-01,sh.601318,98.5719537,101.35738888,98.35560922,101.30330276,97.7606619,56566488.0,2091019366.17,0.5222,3.6238,1,0
2022-11-02,sh.601318,100.84357074,101.6819056,100.41088178,101.1410444,101.30330276,45038490.0,1680470476.36,0.4158,-0.1602,1,0
2022-11-03,sh.601318,100.54609708,100.8706138,99.2480302,99.87002058,101.1410444,34933463.0,1290754485.31,0.3225,-1.2567,1,0
2022-11-04,sh.601318,99.87002058,104.5214269,99.81593446,103.60196286,99.87002058,69205474.0,2627221798.45,0.6389,3.7368,1,0
2022-11-07,sh.601318,102.763628,105.95470908,102.54728352,104.90002974,103.60196286,57480970.0,2221943095.55,0.5306,1.2529,1,0
2022-11-08,sh.601318,104.90002974,105.467934,103.79126428,104.62959914,104.90002974,37048271.0,1430329888.06,0.342,-0.2578,1,0
2022-11-09,sh.601318,104.90002974,105.17046034,103.54787674,103.76422122,104.62959914,26768675.0,1031501782.24,0.2471,-0.8271,1,0
2022-11-10,sh.601318,102.763628,104.6566422,102.16868068,104.00760876,103.76422122,32317534.0,1236147200.59,0.2983,0.2346,1,0
2022-11-11,sh.601318,106.65782864,110.79541682,106.33331192,109.06466098,104.00760876,104667558.0,4184006245.85,0.9662,4.8622,1,0
2022-11-14,sh.601318,112.66138796,113.90536872,111.44445026,112.4991296,109.06466098,121668038.0,5070952841.06,1.1232,3.149,1,0
2022-11-15,sh.601318,112.17461288,116.1499427,111.71488086,114.90596194,112.4991296,93442402.0,3962244632.55,0.8626,2.1394,1,0
2022-11-16,sh.601318,115.25752172,115.79838292,114.31101462,114.3921438,114.90596194,59652791.0,2535605301.53,0.5507,-0.4472,1,0
2022-11-17,sh.601318,114.36510074,115.6090815,113.4456367,115.09526336,114.3921438,50398025.0,2132247153.5,0.4652,0.6147,1,0
2022-11-18,sh.601318,115.41978008,115.77133986,113.74311036,114.01354096,115.09526336,39246432.0,1662329884.75,0.3623,-0.9398,1,0
2022-11-21,sh.601318,112.9047755,112.9047755,109.95708196,111.44445026,114.01354096,51118530.0,2095472926.46,0.4719,-2.2533,1,0
2022-11-22,sh.601318,111.4174072,114.60848828,110.876546,113.49972282,111.44445026,47181359.0,1972258355.42,0.4355,1.8442,1,0
2022-11-23,sh.601318,113.63493812,114.77074664,112.93181856,112.95886162,113.49972282,44962046.0,1891828116.84,0.4151,-0.4765,1,0
2022-11-24,sh.601318,114.14875626,114.60848828,112.68843102,113.0399908,112.95886162,24907646.0,1045792694.62,0.2299,0.0718,1,0
2022-11-25,sh.601318,112.98590468,116.1499427,112.9047755,115.6090815,113.0399908,59795984.0,2548257668.28,0.552,2.2727,1,0
2022-11-28,sh.601318,112.58025878,113.14816304,110.84950294,111.98531146,115.6090815,51031527.0,2109183792.22,0.4711,-3.1345,1,0
2022-11-29,sh.601318,114.44622992,121.4233394,114.44622992,121.09882268,111.98531146,175320480.0,7711820166.71,1.6184,8.1381,1,0
2022-11-30,sh.601318,121.20699492,124.85780802,120.6120476,121.5585547,121.09882268,116501586.0,5275015084.04,1.0755,0.3796,1,0
2022-12-01,sh.601318,124.34398988,125.18232474,120.82839208,121.23403798,121.5585547,85932650.0,3903629717.51,0.7933,-0.267,1,0
2022-12-02,sh.601318,121.20699492,121.69377,118.989464,120.66613372,121.23403798,60778715.0,2706020114.69,0.5611,-0.4684,1,0
2022-12-05,sh.601318,123.1811383,127.94071686,122.6402771,127.85958768,120.66613372,138043595.0,6429395575.75,1.2743,5.9615,1,0
2022-12-06,sh.601318,127.85958768,128.94131008,126.39926244,128.29227664,127.85958768,87827308.0,4150406717.16,0.8108,0.3384,1,0
2022-12-07,sh.601318,128.29227664,128.40044888,125.39866922,126.2910902,128.29227664,83145478.0,3892709694.55,0.7675,-1.5599,1,0
2022-12-08,sh.601318,125.42571228,127.6432432,125.2093678,127.5080279,126.2910902,44836406.0,2105302840.96,0.4139,0.9636,1,0
2022-12-09,sh.601318,127.29168342,129.48217128,126.2910902,128.7249656,127.5080279,70957885.0,3366745982.01,0.655,0.9544,1,0
2022-12-12,sh.601318,127.6432432,127.85958768,124.61442048,124.85780802,128.7249656,65647053.0,3059653870.93,0.606,-3.0042,1,0
2022-12-13,sh.601318,125.64205676,127.34576954,125.2093678,126.2910902,124.85780802,42366316.0,1979657202.86,0.3911,1.1479,1,0
2022-12-14,sh.601318,127.31872648,127.39985566,124.77667884,126.80490834,126.2910902,34697318.0,1619354234.98,0.3203,0.4069,1,0
2022-12-15,sh.601318,126.5615208,127.34576954,123.8572148,125.56092758,126.80490834,40402095.0,1868384990.81,0.373,-0.981,1,0
2022-12-16,sh.601318,124.69554966,127.12942506,124.58737742,126.8319514,125.56092758,42134762.0,1968605781.43,0.389,1.0123,1,0
2022-12-19,sh.601318,126.8319514,127.83254462,122.9107077,123.77608562,126.8319514,50589649.0,2332626031.85,0.467,-2.4094,1,0
2022-12-20,sh.601318,123.20818136,124.07355928,120.55796148,121.50446858,123.77608562,49524516.0,2234976304.68,0.4572,-1.8353,1,0
2022-12-21,sh.601318,121.9642006,123.3163536,121.53151164,122.39688956,121.50446858,29789568.0,1349879759.42,0.275,0.7345,1,0
2022-12-22,sh.601318,124.398076,124.88485108,123.4515689,124.07355928,122.39688956,35346187.0,1622741420.73,0.3263,1.3699,1,0
2022-12-23,sh.601318,123.12705218,124.42511906,122.55914792,123.42452584,124.07355928,30647249.0,1399528669.8,0.2829,-0.5231,1,0
2022-12-26,sh.601318,123.42452584,124.07355928,120.77430596,120.77430596,123.42452584,40328181.0,1814152592.95,0.3723,-2.1472,1,0
2022-12-27,sh.601318,122.42393262,124.2628607,121.77489918,123.26226748,120.77430596,34779327.0,1583385185.38,0.3211,2.06,1,0
2022-12-28,sh.601318,122.85662158,125.6150137,122.5050618,125.15528168,123.26226748,45626696.0,2106156212.54,0.4212,1.5358,1,0
2022-12-29,sh.601318,124.2628607,124.42511906,121.99124366,123.91130092,125.15528168,46957620.0,2138459930.41,0.4335,-0.9939,1,0
2022-12-30,sh.601318,124.398076,127.6432432,124.398076,127.102382,123.91130092,55300540.0,2594030159.9,0.5105,2.5753,1,0
2023-01-03,sh.601318,125.99361654,127.80550156,124.56033436,127.5080279,127.102382,60230443.0,2815200403.85,0.556,0.3191,1,0
2023-01-04,sh.601318,127.9136738,131.51040078,127.9136738,131.23997018,127.5080279,86949610.0,4183124625.33,0.8027,2.9268,1,0
2023-01-05,sh.601318,133.0518552,133.863147,131.158841,132.32169258,131.23997018,73704809.0,3608715198.02,0.6804,0.8242,1,0
2023-01-06,sh.601318,133.863147,134.75556798,132.6462093,134.51218044,132.32169258,78034581.0,3867148878.08,0.7204,1.6554,1,0
2023-01-09,sh.601318,135.2153,137.7843907,134.4040082,137.67621846,134.51218044,88185743.0,4446813320.92,0.8141,2.3522,1,0
2023-01-10,sh.601318,137.6491754,137.67621846,132.88959684,133.07889826,137.67621846,83794865.0,4173814429.23,0.7735,-3.3392,1,0
2023-01-11,sh.601318,133.863147,137.919606,133.70088864,137.1083142,133.07889826,96689497.0,4881812303.79,0.8926,3.0278,1,0
2023-01-12,sh.601318,137.6491754,138.21707966,136.37815158,137.67621846,137.1083142,60025574.0,3057087227.86,0.5541,0.4142,1,0
2023-01-13,sh.601318,138.4604672,141.5704191,138.0548213,141.5704191,137.67621846,89625747.0,4644412350.36,0.8274,2.8285,1,0
2023-01-16,sh.601318,142.03015112,144.62628488,139.24471594,140.86729954,141.5704191,122979440.0,6455990322.75,1.1353,-0.4967,1,0
2023-01-17,sh.601318,140.51573976,140.81321342,137.919606,139.271759,140.86729954,69887253.0,3592536755.52,0.6452,-1.1327,1,0
2023-01-18,sh.601318,139.271759,140.27235222,138.35229496,139.4069743,139.271759,41960296.0,2162689505.61,0.3873,0.0971,1,0
2023-01-19,sh.601318,139.0013284,140.27235222,138.3252519,140.11009386,139.4069743,51046054.0,2627239788.14,0.4712,0.5044,1,0
2023-01-20,sh.601318,140.8943426,141.27294544,139.271759,140.8943426,140.11009386,49706934.0,2584605516.26,0.4589,0.5597,1,0
2023-01-30,sh.601318,144.92375854,144.9508016,139.21767288,139.21767288,140.8943426,85757885.0,4495653729.42,0.7917,-1.19,1,0
2023-01-31,sh.601318,139.97487856,141.38111768,137.5139601,137.86551988,139.21767288,61241827.0,3152658911.18,0.5653,-0.9713,1,0
2023-02-01,sh.601318,139.4069743,139.9478355,136.32406546,138.8661131,137.86551988,56530105.0,2882194846.04,0.5218,0.7258,1,0
2023-02-02,sh.601318,139.5421896,139.5421896,136.2970224,137.45987398,138.8661131,63621734.0,3228009417.34,0.5873,-1.0127,1,0
2023-02-03,sh.601318,136.567453,136.7026683,132.2405634,134.1335776,137.45987398,92731026.0,4582149777.48,0.856,-2.4198,1,0
2023-02-06,sh.601318,131.9701328,132.13239116,129.04948232,130.23937696,134.1335776,92159525.0,4431728035.62,0.8508,-2.9032,1,0
2023-02-07,sh.601318,131.158841,132.07830504,130.3475492,131.6997022,130.23937696,44436330.0,2159384253.62,0.4102,1.1213,1,0
2023-02-08,sh.601318,131.8349175,133.02481214,130.83432428,131.158841,131.6997022,34718961.0,1690893371.18,0.3205,-0.4107,1,0
2023-02-09,sh.601318,131.158841,133.9983623,130.86136734,133.37637192,131.158841,56490688.0,2781766992.62,0.5215,1.6907,1,0
2023-02-10,sh.601318,133.75497476,133.9983623,132.53803706,133.3222858,133.37637192,30917292.0,1523061150.76,0.2854,-0.0406,1,0
2023-02-13,sh.601318,133.02481214,133.3222858,130.59093674,133.1870705,133.3222858,45797264.0,2238401665.22,0.4228,-0.1014,1,0
2023-02-14,sh.601318,133.3222858,134.9448694,132.97072602,134.9448694,133.1870705,37040170.0,1835463536.4,0.3419,1.3198,1,0
2023-02-15,sh.601318,134.78261104,134.91782634,131.72674526,132.18647728,134.9448694,46102667.0,2259845454.5,0.4256,-2.0441,1,0
2023-02-16,sh.601318,132.72733848,135.3505153,132.510994,133.0518552,132.18647728,57689131.0,2860716311.31,0.5325,0.6547,1,0
2023-02-17,sh.601318,133.0518552,134.75556798,131.72674526,131.9701328,133.0518552,41751901.0,2060475453.05,0.3854,-0.813,1,0
2023-02-20,sh.601318,132.1053481,135.18825694,131.8349175,135.0800847,131.9701328,66428495.0,3282290632.64,0.6132,2.3566,1,0
2023-02-21,sh.601318,134.83669716,135.53981672,133.7279317,135.24234306,135.0800847,42665990.0,2125602115.65,0.3939,0.1201,1,0
2023-02-22,sh.601318,133.863147,135.10712776,132.80846766,132.99776908,135.24234306,44604615.0,2203189302.43,0.4118,-1.6597,1,0
2023-02-23,sh.601318,132.510994,134.4040082,131.99717586,132.45690788,132.99776908,38525359.0,1892251718.16,0.3556,-0.4067,1,0
2023-02-24,sh.601318,132.21352034,132.53803706,130.10416166,130.3475492,132.45690788,44654799.0,2161452475.67,0.4122,-1.5925,1,0
2023-02-27,sh.601318,129.806688,130.86136734,129.21174068,129.2658268,130.3475492,46791711.0,2244410610.84,0.432,-0.8299,1,0
2023-02-28,sh.601318,129.83373106,130.56389368,128.48157806,130.3475492,129.2658268,38041710.0,1823303792.64,0.3512,0.8368,1,0
2023-03-01,sh.601318,129.86077412,135.2153,129.83373106,135.18825694,130.3475492,72432311.0,3581072360.88,0.6686,3.7137,1,0
2023-03-02,sh.601318,135.13417082,136.45928076,134.45809432,135.7561612,135.18825694,38088855.0,1909221050.48,0.3516,0.4201,1,0
2023-03-03,sh.601318,136.51336688,137.00014196,134.8096541,135.97250568,135.7561612,28413325.0,1427339464.81,0.2623,0.1594,1,0
2023-03-06,sh.601318,135.2153,135.67503202,131.0236257,131.37518548,135.97250568,77323721.0,3780641354.08,0.7138,-3.3811,1,0
2023-03-07,sh.601318,131.2940563,133.0518552,129.1306115,129.56330046,131.37518548,58730233.0,2843224085.55,0.5422,-1.3792,1,0
2023-03-08,sh.601318,128.5897503,128.75200866,127.07533894,127.72437238,129.56330046,52741684.0,2488962344.75,0.4869,-1.4193,1,0
2023-03-09,sh.601318,128.13001828,128.13001828,125.66909982,126.12883184,127.72437238,51832490.0,2426875267.31,0.4785,-1.2492,1,0
2023-03-10,sh.601318,124.56033436,126.1558749,124.398076,124.398076,126.12883184,45709202.0,2110237421.52,0.422,-1.3722,1,0
2023-03-13,sh.601318,124.398076,126.53447774,124.15468846,125.750229,124.398076,39948280.0,1851804404.87,0.3688,1.087,1,0
2023-03-14,sh.601318,124.99302332,124.99302332,122.74844934,122.93775076,125.750229,49073263.0,2241541531.13,0.453,-2.2366,1,0
2023-03-15,sh.601318,124.47920518,126.18291796,123.80312868,124.2628607,122.93775076,44364320.0,2047438825.12,0.4095,1.0779,1,0
2023-03-16,sh.601318,121.4233394,123.93834398,121.0176935,122.31576038,124.2628607,78960922.0,3568856007.04,0.7289,-1.5669,1,0
2023-03-17,sh.601318,123.88425786,126.99420976,123.88425786,124.9389372,122.31576038,95019092.0,4408443468.65,0.8772,2.1446,1,0
2023-03-20,sh.601318,124.398076,125.96657348,123.20818136,123.26226748,124.9389372,71924435.0,3301843809.13,0.664,-1.342,1,0
2023-03-21,sh.601318,124.10060234,125.4797984,123.80312868,124.42511906,123.26226748,44665895.0,2056710351.78,0.4123,0.9434,1,0
2023-03-22,sh.601318,125.0741525,126.48039162,124.99302332,125.750229,124.42511906,55225117.0,2572426395.54,0.5098,1.065,1,0
2023-03-23,sh.601318,125.2093678,126.80490834,125.2093678,126.77786528,125.750229,55427358.0,2584644862.07,0.5117,0.8172,1,0
2023-03-24,sh.601318,126.5615208,126.5615208,124.56033436,124.9389372,126.77786528,43769382.0,2023789516.03,0.4041,-1.4505,1,0
2023-03-27,sh.601318,125.10119556,125.29049698,123.045923,124.37103294,124.9389372,36217267.0,1658727909.91,0.3343,-0.4545,1,0
2023-03-28,sh.601318,124.64146354,125.42571228,123.53269808,124.07355928,124.37103294,28332434.0,1300822901.5,0.2615,-0.2392,1,0
2023-03-29,sh.601318,125.29049698,125.96657348,122.7754924,122.82957852,124.07355928,40902005.0,1872693108.96,0.3776,-1.0026,1,0
2023-03-30,sh.601318,123.07296606,123.5867842,121.53151164,122.99183688,122.82957852,45003047.0,2035988418.59,0.4154,0.1321,1,0
2023-03-31,sh.601318,123.3163536,125.2093678,122.72140628,123.3163536,122.99183688,52453993.0,2401305125.0,0.4842,0.2639,1,0
2023-04-03,sh.601318,123.1811383,124.1276454,122.47801874,123.53269808,123.3163536,45121453.0,2056827917.3,0.4165,0.1754,1,0
2023-04-04,sh.601318,123.50565502,124.01947316,122.31576038,123.23522442,123.53269808,47348640.0,2156604419.52,0.4371,-0.2408,1,0
2023-04-06,sh.601318,123.1811383,123.1811383,121.77489918,121.91011448,123.23522442,36162706.0,1634323042.98,0.3338,-1.0753,1,0
2023-04-07,sh.601318,122.47801874,123.80312868,122.0994159,123.39748278,121.91011448,32633630.0,1487335020.83,0.3013,1.2201,1,0
2023-04-10,sh.601318,123.66791338,125.12823862,123.045923,124.56033436,123.39748278,52736929.0,2426394064.27,0.4868,0.9424,1,0
2023-04-11,sh.601318,124.45216212,125.2093678,123.39748278,123.47861196,124.56033436,54309402.0,2495273529.12,0.5013,-0.8684,1,0
2023-04-12,sh.601318,123.8572148,124.61442048,122.9107077,123.3163536,123.47861196,46093797.0,2107727787.7,0.4255,-0.1314,1,0
2023-04-13,sh.601318,122.5050618,122.69436322,121.17995186,122.01828672,123.3163536,56947936.0,2561593685.64,0.5257,-1.0526,1,0
2023-04-14,sh.601318,122.6402771,124.31694682,122.2346312,123.01887994,122.01828672,42891917.0,1954054640.32,0.3959,0.82,1,0
2023-04-17,sh.601318,122.58619098,128.40044888,121.74785612,128.40044888,123.01887994,103616133.0,4813786756.7,0.9565,4.3746,1,0
2023-04-18,sh.601318,127.6432432,132.72733848,127.45394178,131.48335772,128.40044888,131027522.0,6375510317.04,1.2096,2.401,1,0
2023-04-19,sh.601318,131.2940563,132.2405634,130.53685062,130.8884104,131.48335772,49716461.0,2414735650.73,0.4589,-0.4525,1,0
2023-04-20,sh.601318,130.91545346,132.3757787,130.13120472,131.94308974,130.8884104,47673429.0,2314705513.6,0.4401,0.8058,1,0
2023-04-21,sh.601318,131.4292716,131.67265914,126.10178878,126.39926244,131.94308974,81197565.0,3837366387.3,0.7496,-4.2017,1,0
2023-04-24,sh.601318,126.77786528,129.1306115,124.9389372,125.4797984,126.39926244,58748216.0,2760342071.97,0.5423,-0.7274,1,0
2023-04-25,sh.601318,125.85840124,127.31872648,124.07355928,124.64146354,125.4797984,61758322.0,2862045073.14,0.5701,-0.6681,1,0
2023-04-26,sh.601318,124.01947316,125.0741525,123.47861196,123.83017174,124.64146354,50514702.0,2320864198.71,0.4663,-0.6509,1,0
2023-04-27,sh.601318,127.04829588,136.21589322,126.58856386,136.21589322,123.83017174,257064456.0,12656922047.63,2.373,10.0022,1,0
2023-04-28,sh.601318,136.86492666,142.3817109,135.97250568,140.0830508,136.21589322,214950248.0,11104959198.0,1.9843,2.839,1,0
2023-05-04,sh.601318,137.29761562,146.9790311,136.81084054,145.2212322,140.0830508,183764085.0,9743135594.41,1.6964,3.668,1,0
2023-05-05,sh.601318,146.032524,148.73683,143.97725144,145.57279198,145.2212322,126410712.0,6829552783.68,1.1669,0.2421,1,0
2023-05-08,sh.601318,146.00548094,148.95317448,144.70741406,148.52048552,145.57279198,150405384.0,8223158231.0,1.3884,2.0249,1,0
2023-05-09,sh.601318,148.52048552,151.441136,144.32881122,144.62628488,148.52048552,146158707.0,7986736175.6,1.3492,-2.622,1,0
2023-05-10,sh.601318,144.62628488,145.65392116,140.92138566,141.46224686,144.62628488,105561049.0,5557565460.64,0.9745,-2.1877,1,0
2023-05-11,sh.601318,143.0577874,144.59924182,141.05660096,141.5704191,141.46224686,59388396.0,3128956426.51,0.5482,0.0765,1,0
2023-05-12,sh.601318,141.51633298,141.976065,138.37933802,138.64976862,141.5704191,62668147.0,3238681436.33,0.5785,-2.063,1,0
2023-05-15,sh.601318,138.67681168,145.68096422,137.32465868,145.24827526,138.64976862,111375355.0,5846884590.85,1.0281,4.7591,1,0
2023-05-16,sh.601318,145.14010302,145.54574892,142.7873568,143.8690792,145.24827526,64496860.0,3436268825.68,0.5954,-0.9495,1,0
2023-05-17,sh.601318,142.76031374,142.9225721,139.48810348,140.38052446,143.8690792,64255230.0,3344510652.26,0.5932,-2.4248,1,0
2023-05-18,sh.601318,140.0830508,142.9225721,139.35288818,140.13713692,140.38052446,55516636.0,2891022410.12,0.5125,-0.1734,1,0
2023-05-19,sh.601318,138.48751026,139.8126202,137.3787448,138.02777824,140.13713692,55423641.0,2831437767.63,0.5116,-1.5052,1,0
2023-05-22,sh.601318,137.919606,140.2182661,137.3787448,139.05541452,138.02777824,49881234.0,2562556971.74,0.4605,0.7445,1,0
2023-05-23,sh.601318,139.0013284,139.73149102,134.9448694,134.9448694,139.05541452,68538645.0,3460781262.65,0.6327,-2.956,1,0
2023-05-24,sh.601318,134.83669716,134.9448694,130.8884104,131.07771182,134.9448694,71313356.0,3491629222.21,0.6583,-2.8657,1,0
2023-05-25,sh.601318,130.83432428,131.8349175,129.5362574,130.8884104,131.07771182,52552892.0,2535605262.46,0.4851,-0.1444,1,0
2023-05-26,sh.601318,130.86136734,132.18647728,129.29286986,130.99658264,130.8884104,40336573.0,1953764069.02,0.3724,0.0826,1,0
2023-05-29,sh.601318,131.51040078,131.8349175,129.2658268,129.91486024,130.99658264,48434379.0,2333255082.46,0.4471,-0.8258,1,0
2023-05-30,sh.601318,129.9419033,130.69910898,128.23819052,129.77964494,129.91486024,57029059.0,2728137415.24,0.5265,-0.1041,1,0
2023-05-31,sh.601318,128.9953962,129.23878374,127.102382,127.102382,129.77964494,61068932.0,2880503904.09,0.5637,-2.0629,1,0
2023-06-01,sh.601318,127.2375973,129.61738658,126.8319514,128.3193197,127.102382,51807430.0,2460498428.82,0.4783,0.9574,1,0
2023-06-02,sh.601318,129.48217128,133.0518552,129.34695598,132.7814246,128.3193197,83284040.0,4054040688.94,0.7688,3.4773,1,0
2023-06-05,sh.601318,131.86196056,132.32169258,130.42867838,131.18588406,132.7814246,46645590.0,2261940200.92,0.4306,-1.2016,1,0
2023-06-06,sh.601318,130.72615204,135.02599858,130.4827645,131.86196056,131.18588406,64450197.0,3172322393.85,0.595,0.5154,1,0
2023-06-07,sh.601318,133.5927164,134.37696514,131.88900362,132.53803706,131.86196056,42543624.0,2093897750.93,0.3927,0.5127,1,0
2023-06-08,sh.601318,132.29464952,135.10712776,131.64561608,134.32287902,132.53803706,57228383.0,2830351412.3,0.5283,1.3467,1,0
2023-06-09,sh.601318,134.32287902,135.0800847,133.61975946,133.80906088,134.32287902,42804318.0,2124674673.49,0.3951,-0.3825,1,0
2023-06-12,sh.601318,133.75497476,135.05304164,132.21352034,134.05244842,133.80906088,47645727.0,2358494748.13,0.4398,0.1819,1,0
2023-06-13,sh.601318,133.80906088,134.4040082,131.8349175,134.21470678,134.05244842,44002891.0,2170452732.2,0.4062,0.121,1,0
2023-06-14,sh.601318,135.38542653,136.33315239,133.43422623,133.93596345,134.21470635,55366411.0,2677031202.29,0.5111,-0.2077,1,0
2023-06-15,sh.601318,134.6328207,136.8627639,133.43422623,134.96731218,133.93596345,47343980.0,2293626704.49,0.437,0.77,1,0
2023-06-16,sh.601318,135.7477923,136.13803236,134.0753349,135.4690494,134.96731218,53414223.0,2589379832.89,0.4963,0.3717,1,0
2023-06-19,sh.601318,135.07880934,135.13455792,131.92901457,132.4028775,135.4690494,64216367.0,3062228886.81,0.5967,-2.2634,1,0
2023-06-20,sh.601318,132.4028775,133.09973475,130.4516772,130.70254581,132.4028775,61533324.0,2893024196.67,0.5717,-1.2842,1,0
2023-06-21,sh.601318,129.92206569,131.70602025,129.55969992,130.00568856,130.70254581,38103052.0,1785547514.91,0.354,-0.5332,1,0
2023-06-26,sh.601318,129.0579627,129.25308273,127.3855053,128.02661397,130.00568856,48535023.0,2227206703.42,0.451,-1.5223,1,0
2023-06-27,sh.601318,127.99873968,129.97781427,127.52487675,129.0579627,128.02661397,48093273.0,2220104954.69,0.4469,0.8056,1,0
2023-06-28,sh.601318,128.63984835,129.75481995,128.02661397,129.72694566,129.0579627,35606961.0,1648840079.26,0.3308,0.5184,1,0
2023-06-29,sh.601318,129.75481995,130.42380291,128.58409977,129.0579627,129.72694566,26573548.0,1233566768.45,0.2469,-0.5157,1,0
2023-06-30,sh.601318,128.7792198,130.64679723,128.75134551,129.3367056,129.0579627,32697104.0,1522887807.25,0.3038,0.216,1,0
2023-07-03,sh.601318,129.44820276,134.77219215,129.28095702,134.29832922,129.3367056,69778059.0,3323222199.77,0.6483,3.8362,1,0
2023-07-04,sh.601318,134.32620351,134.43770067,132.9603633,133.65722055,134.29832922,29744073.0,1424573050.9,0.2764,-0.4774,1,0
2023-07-05,sh.601318,133.48997481,133.76871771,131.78964312,131.98476315,133.65722055,26406125.0,1253667348.38,0.2453,-1.2513,1,0
2023-07-06,sh.601318,131.09278587,134.24258064,131.06491158,131.8453917,131.98476315,40258040.0,1912826286.95,0.3741,-0.1056,1,0
2023-07-07,sh.601318,131.009163,132.93248901,130.95341442,131.59452309,131.8453917,36442103.0,1723937253.55,0.3386,-0.1903,1,0
2023-07-10,sh.601318,132.76524327,132.93248901,129.64332279,129.92206569,131.59452309,36816433.0,1728446565.77,0.3421,-1.2709,1,0
2023-07-11,sh.601318,130.4516772,132.17988318,130.4516772,131.5666488,129.92206569,26888644.0,1267580412.37,0.2498,1.2658,1,0
2023-07-12,sh.601318,131.5666488,133.65722055,131.23215732,131.81751741,131.5666488,35439345.0,1683737592.0,0.3293,0.1907,1,0
2023-07-13,sh.601318,133.01611188,135.88716375,132.82099185,135.52479798,131.81751741,64876826.0,3132588330.38,0.6028,2.8124,1,0
2023-07-14,sh.601318,136.63976958,136.83488961,134.93943789,135.58054656,135.52479798,36635843.0,1784466104.32,0.3404,0.0411,1,0
2023-07-17,sh.601318,134.82794073,135.05093505,133.46210052,133.93596345,135.58054656,30470667.0,1465498863.42,0.2831,-1.213,1,0
2023-07-18,sh.601318,134.57707212,134.60494641,132.29138034,132.6816204,133.93596345,28318272.0,1348936541.65,0.2631,-0.9365,1,0
2023-07-19,sh.601318,131.8453917,133.40635194,131.8453917,133.15548333,132.6816204,32111579.0,1526345245.72,0.2984,0.3571,1,0
2023-07-20,sh.601318,133.5178491,134.3540778,131.90114028,132.17988318,133.15548333,30137754.0,1438728105.03,0.28,-0.7327,1,0
2023-07-21,sh.601318,131.87326599,133.09973475,130.4516772,130.92554013,132.17988318,44679142.0,2108640104.48,0.4151,-0.949,1,0
2023-07-24,sh.601318,130.4516772,130.98128871,129.6154485,129.94993998,130.92554013,31598004.0,1475830597.26,0.2936,-0.7452,1,0
2023-07-25,sh.601318,132.9603633,138.47947272,132.9603633,138.11710695,129.94993998,141327902.0,6907459692.64,1.3131,6.2849,1,0
2023-07-26,sh.601318,137.08575822,138.36797556,136.52827242,137.86623834,138.11710695,51544065.0,2541380228.18,0.4789,-0.1816,1,0
2023-07-27,sh.601318,138.22860411,140.98815882,137.72686689,139.03695852,137.86623834,70373493.0,3523202970.28,0.6539,0.8492,1,0
2023-07-28,sh.601318,137.9777355,145.94978244,137.72686689,144.75118797,139.03695852,127790846.0,6564761757.37,1.1874,4.1099,1,0
2023-07-31,sh.601318,147.67798842,149.62918872,145.7825367,146.6187654,144.75118797,127485466.0,6750702391.32,1.1845,1.2902,1,0
2023-08-01,sh.601318,146.3400225,147.733737,143.38534776,144.22157646,146.6187654,67061372.0,3493879470.95,0.6231,-1.635,1,0
2023-08-02,sh.601318,143.8313364,146.50726824,141.96375897,143.30172489,144.22157646,60879817.0,3136350131.95,0.5657,-0.6378,1,0
2023-08-03,sh.601318,143.30172489,146.6187654,142.46549619,146.08915389,143.30172489,65494421.0,3398760968.42,0.6085,1.9451,1,0
2023-08-04,sh.601318,148.37484567,150.10305165,144.6675651,144.6675651,146.08915389,105165284.0,5566174314.16,0.9771,-0.9731,1,0
2023-08-07,sh.601318,143.21810202,144.30519933,142.7163648,144.1100793,144.6675651,43689613.0,2246940970.12,0.4059,-0.3854,1,0
2023-08-08,sh.601318,143.46897063,144.08220501,140.65366734,142.88361054,144.1100793,52326342.0,2671294849.64,0.4862,-0.8511,1,0
2023-08-09,sh.601318,142.38187332,143.77558782,142.01950755,142.88361054,142.88361054,37285264.0,1911450575.78,0.3464,0.0,1,0
2023-08-10,sh.601318,142.29825045,143.46897063,141.82438752,143.16235344,142.88361054,29926322.0,1531979640.9,0.2781,0.1951,1,0
2023-08-11,sh.601318,142.9951077,143.30172489,137.55962115,137.61536973,143.16235344,74892093.0,3751696962.85,0.6959,-3.8746,1,0
2023-08-14,sh.601318,134.6328207,136.08228378,134.57707212,135.27392937,137.61536973,60472146.0,2935327039.09,0.5619,-1.7014,1,0
2023-08-15,sh.601318,135.24605508,136.80701532,133.85234058,135.69204372,135.27392937,52183684.0,2535572143.02,0.4849,0.3091,1,0
2023-08-16,sh.601318,134.68856928,136.41677526,134.15895777,134.77219215,135.69204372,47660376.0,2306795547.93,0.4428,-0.6779,1,0
2023-08-17,sh.601318,133.82446629,134.29832922,131.92901457,133.54572339,134.77219215,59827368.0,2853723205.71,0.5559,-0.91,1,0
2023-08-18,sh.601318,133.5178491,136.584021,132.45862608,132.45862608,133.54572339,63666255.0,3066293939.67,0.5915,-0.814,1,0
2023-08-21,sh.601318,132.1241346,132.37500321,130.08931143,130.08931143,132.45862608,62808090.0,2950143136.05,0.5836,-1.7887,1,0
2023-08-22,sh.601318,130.7304201,131.8453917,129.53182563,131.009163,130.08931143,51849548.0,2430766794.52,0.4818,0.7071,1,0
2023-08-23,sh.601318,130.22868288,131.2879059,129.30883131,129.50395134,131.009163,47623949.0,2224411613.93,0.4425,-1.1489,1,0
2023-08-24,sh.601318,129.69907137,131.03703729,128.75134551,129.6154485,129.50395134,41863720.0,1949333013.88,0.389,0.0861,1,0
2023-08-25,sh.601318,129.08583699,132.06838602,128.91859125,131.03703729,129.6154485,41763549.0,1953754067.7,0.388,1.0968,1,0
2023-08-28,sh.601318,140.7651645,140.84878737,133.18335762,134.10320919,131.03703729,109010819.0,5323339312.04,1.0129,2.3399,1,0
2023-08-29,sh.601318,133.90808916,136.50039813,133.48997481,135.35755224,134.10320919,57380614.0,2780674848.55,0.5331,0.9354,1,0
2023-08-30,sh.601318,136.24952952,136.55614671,133.5178491,134.49344925,135.35755224,60012297.0,2904476280.22,0.5576,-0.6384,1,0
2023-08-31,sh.601318,135.55267227,138.11710695,135.21818079,135.99866091,134.49344925,63953783.0,3135187118.7,0.5942,1.1192,1,0
2023-09-01,sh.601318,137.55962115,140.7651645,137.30875254,139.6501929,135.99866091,85575649.0,4287440106.16,0.7951,2.685,1,0
2023-09-04,sh.601318,140.62579305,144.6675651,140.59791876,143.41322205,139.6501929,92193109.0,4732753256.67,0.8566,2.6946,1,0
2023-09-05,sh.601318,142.7163648,142.7163648,139.73381577,139.9289358,143.41322205,50624376.0,2555382801.98,0.4704,-2.4295,1,0
2023-09-06,sh.601318,139.37145,142.68849051,139.03695852,142.24250187,139.9289358,51436224.0,2604588523.33,0.4779,1.6534,1,0
2023-09-07,sh.601318,141.35052459,141.82438752,139.81743864,139.98468438,142.24250187,40329071.0,2033442988.32,0.3747,-1.5873,1,0
2023-09-08,sh.601318,139.45507287,140.62579305,138.8139642,139.70594148,139.98468438,27366737.0,1370400982.25,0.2543,-0.1991,1,0
2023-09-11,sh.601318,140.43067302,141.51777033,138.95333565,140.37492444,139.70594148,49151466.0,2471560949.59,0.4567,0.4789,1,0
2023-09-12,sh.601318,139.6501929,139.78956435,137.94986121,139.23207855,140.37492444,36114393.0,1801339429.03,0.3356,-0.8141,1,0
2023-09-13,sh.601318,139.76169006,139.98468438,137.19725538,137.9777355,139.23207855,43398924.0,2152354986.01,0.4032,-0.9009,1,0
2023-09-14,sh.601318,138.36797556,138.8139642,136.55614671,137.11363251,137.9777355,39131218.0,1929515958.18,0.3636,-0.6263,1,0
2023-09-15,sh.601318,137.94986121,139.70594148,136.584021,137.1415068,137.11363251,55753191.0,2760877161.31,0.518,0.0203,1,0
2023-09-18,sh.601318,136.36102668,137.92198692,135.7477923,137.4202497,137.1415068,29526746.0,1452498883.38,0.2743,0.2033,1,0
2023-09-19,sh.601318,137.36450112,137.55962115,136.63976958,137.36450112,137.4202497,26652448.0,1311117789.88,0.2476,-0.0406,1,0
2023-09-20,sh.601318,137.30875254,137.30875254,135.41330082,136.27740381,137.36450112,32873261.0,1605058394.28,0.3054,-0.7914,1,0
2023-09-21,sh.601318,135.7477923,136.19378094,134.82794073,135.16243221,136.27740381,33547988.0,1629890838.59,0.3117,-0.8182,1,0
2023-09-22,sh.601318,135.1903065,140.29130157,134.82794073,140.29130157,135.16243221,66300617.0,3282334329.9,0.616,3.7946,1,0
2023-09-25,sh.601318,139.39932429,139.6501929,136.66764387,136.75126674,140.29130157,49975869.0,2465962385.25,0.4643,-2.5233,1,0
2023-09-26,sh.601318,136.72339245,137.53174686,135.24605508,135.35755224,136.75126674,40093026.0,1955893351.94,0.3725,-1.0192,1,0
2023-09-27,sh.601318,135.4690494,136.55614671,135.1903065,135.63629514,135.35755224,32486342.0,1582256040.87,0.3018,0.2059,1,0
2023-09-28,sh.601318,136.11015807,136.24952952,134.21470635,134.6328207,135.63629514,42146617.0,2042226679.84,0.3916,-0.7398,1,0
2023-10-09,sh.601318,133.796592,134.54919783,132.45862608,133.99171203,134.6328207,39401224.0,1887773034.36,0.3661,-0.4762,1,0
2023-10-10,sh.601318,134.57707212,135.27392937,132.45862608,132.6816204,133.99171203,33077739.0,1584290863.86,0.3073,-0.9777,1,0
2023-10-11,sh.601318,133.37847765,133.71296913,132.43075179,132.93248901,132.6816204,32529671.0,1552566989.81,0.3022,0.1891,1,0
2023-10-12,sh.601318,136.22165523,136.27740381,134.38195209,134.99518647,132.93248901,44871017.0,2176954487.89,0.4169,1.5517,1,0
2023-10-13,sh.601318,133.43422623,134.57707212,132.87674043,133.71296913,134.99518647,26126959.0,1254265938.06,0.2428,-0.9498,1,0
2023-10-16,sh.601318,133.37847765,134.15895777,132.15200889,132.51437466,133.71296913,31900293.0,1522168840.42,0.2964,-0.8964,1,0
2023-10-17,sh.601318,133.2391062,133.74084342,132.29138034,132.90461472,132.51437466,27014187.0,1289169549.21,0.251,0.2945,1,0
2023-10-18,sh.601318,132.43075179,133.15548333,132.06838602,132.09626031,132.90461472,32569044.0,1547535570.27,0.3026,-0.6082,1,0
2023-10-19,sh.601318,131.31578019,131.45515164,128.24960829,128.36110545,132.09626031,69408534.0,3224679421.96,0.6449,-2.8276,1,0
2023-10-20,sh.601318,127.1067624,128.47260261,126.96739095,127.77574536,128.36110545,48177617.0,2205802926.29,0.4476,-0.456,1,0
2023-10-23,sh.601318,127.63637391,128.7792198,126.8280195,128.05448826,127.77574536,38706820.0,1775040622.55,0.3596,0.2182,1,0
2023-10-24,sh.601318,128.30535687,129.6154485,127.32975672,128.5004769,128.05448826,43231065.0,1992106370.64,0.4017,0.3483,1,0
2023-10-25,sh.601318,130.77581022,130.832694,129.21150627,129.43904139,128.50045902,37446279.0,1709171805.18,0.3479,0.7304,1,0
2023-10-26,sh.601318,128.8417617,130.2638562,128.69955225,129.9794373,129.43904139,28098553.0,1279980547.6,0.2611,0.4175,1,0
2023-10-27,sh.601318,128.52890091,129.52436706,126.70861995,128.50045902,129.9794373,61884971.0,2785588427.13,0.575,-1.1379,1,0
2023-10-30,sh.601318,128.52890091,129.38215761,127.44810909,128.87020359,128.50045902,45549795.0,2055903968.57,0.4232,0.2877,1,0
2023-10-31,sh.601318,129.18306438,130.63360077,128.50045902,129.29683194,128.87020359,42308883.0,1926939393.94,0.3931,0.3311,1,0
2023-11-01,sh.601318,130.23541431,130.49139132,128.04538878,128.30136579,129.29683194,37801226.0,1709309023.78,0.3512,-0.7699,1,0
2023-11-02,sh.601318,128.58578469,129.66657651,128.01694689,128.15915634,128.30136579,29224760.0,1321477077.97,0.2715,-0.1108,1,0
2023-11-03,sh.601318,128.52890091,128.87020359,127.67564421,128.67111036,128.15915634,38640687.0,1744002549.05,0.359,0.3995,1,0
2023-11-06,sh.601318,129.6950184,131.31620613,129.43904139,131.00334534,128.67111036,56246319.0,2582604547.29,0.5226,1.8126,1,0
2023-11-07,sh.601318,130.49139132,130.5482751,128.67111036,128.8417617,131.00334534,52054346.0,2364701854.66,0.4837,-1.65,1,0
2023-11-08,sh.601318,128.8417617,129.21150627,126.70861995,126.93615507,128.8417617,70373392.0,3162886205.25,0.6539,-1.479,1,0
2023-11-09,sh.601318,125.144316,125.7131538,121.90194054,123.09649992,126.93615507,150454180.0,6539441759.76,1.3979,-3.0249,1,0
2023-11-10,sh.601318,122.0157081,122.0157081,119.54126367,120.45140415,123.09649992,104996471.0,4446008162.19,0.9756,-2.1488,1,0
2023-11-13,sh.601318,120.3091947,120.70738116,119.62658934,120.56517171,120.45140415,49309112.0,2085416496.94,0.4581,0.0945,1,0
2023-11-14,sh.601318,121.02024195,121.75973109,120.56517171,121.19089329,120.56517171,55819964.0,2377325635.64,0.5186,0.519,1,0
2023-11-15,sh.601318,122.64142968,124.03508229,121.95882432,123.32403504,121.19089329,72870581.0,3155332501.36,0.6771,1.7602,1,0
2023-11-16,sh.601318,122.66987157,123.29559315,121.64596353,121.93038243,123.32403504,38608889.0,1658667534.01,0.3587,-1.1301,1,0
2023-11-17,sh.601318,121.24777707,121.78817298,120.39452037,121.33310274,121.93038243,40472847.0,1720654033.45,0.376,-0.4899,1,0
2023-11-20,sh.601318,121.47531219,122.44233645,120.82114872,122.04414999,121.33310274,32498748.0,1390487105.19,0.302,0.586,1,0
2023-11-21,sh.601318,122.04414999,123.86443095,122.04414999,122.49922023,122.04414999,43250272.0,1871504437.92,0.4019,0.3729,1,0
2023-11-22,sh.601318,122.15791755,122.44233645,121.47531219,121.53219597,122.49922023,24925121.0,1068361649.63,0.2316,-0.7894,1,0
2023-11-23,sh.601318,121.41842841,122.44233645,120.90647439,122.44233645,121.53219597,26380342.0,1128882328.09,0.2451,0.7489,1,0
2023-11-24,sh.601318,122.300127,122.38545267,121.24777707,121.41842841,122.44233645,28044927.0,1200283581.21,0.2606,-0.8362,1,0
2023-11-27,sh.601318,121.1624514,121.27621896,118.34670429,119.02930965,121.41842841,58546041.0,2449183476.91,0.544,-1.9677,1,0
2023-11-28,sh.601318,118.8871002,119.62658934,118.26137862,118.51735563,119.02930965,37226073.0,1554714840.45,0.3459,-0.4301,1,0
2023-11-29,sh.601318,118.51735563,118.68800697,115.1896545,115.90070175,118.51735563,67904702.0,2771007262.06,0.6309,-2.2078,1,0
2023-11-30,sh.601318,115.67316663,116.81084223,115.53095718,116.0429112,115.90070175,38857196.0,1586034771.64,0.361,0.1227,1,0
2023-12-01,sh.601318,115.61628285,117.12370302,114.6208167,116.66863278,116.0429112,48696135.0,1986489504.86,0.4525,0.5392,1,0
2023-12-04,sh.601318,116.18512065,117.37968003,114.64925859,114.84835182,116.66863278,39986970.0,1627394427.8,0.3715,-1.5602,1,0
2023-12-05,sh.601318,114.10886268,114.25107213,112.37390739,112.43079117,114.84835182,50642832.0,2020199567.75,0.4705,-2.105,1,0
2023-12-06,sh.601318,112.3454655,113.05651275,111.74818581,112.43079117,112.43079117,43332396.0,1713862406.03,0.4026,0.0,1,0
2023-12-07,sh.601318,111.94727904,112.97118708,110.58206832,111.89039526,112.43079117,50100389.0,1967357706.58,0.4655,-0.4806,1,0
2023-12-08,sh.601318,111.63441825,112.71521007,111.46376691,111.46376691,111.89039526,37891237.0,1491734068.88,0.3521,-0.3813,1,0
2023-12-11,sh.601318,110.923371,112.94274519,109.67192784,112.6298844,111.46376691,55511392.0,2166289979.3,0.5158,1.0462,1,0
2023-12-12,sh.601318,112.11793038,113.22716409,111.63441825,113.17028031,112.6298844,35821324.0,1419146471.34,0.3328,0.4798,1,0
2023-12-13,sh.601318,112.9143033,112.9143033,110.61051021,110.61051021,113.17028031,41285632.0,1618686295.1,0.3836,-2.2619,1,0
2023-12-14,sh.601318,111.57753447,112.26013983,110.04167241,110.0701143,110.61051021,33236772.0,1297220103.12,0.3088,-0.4886,1,0
2023-12-15,sh.601318,111.34999935,112.51611684,110.15543997,110.32609131,110.0701143,50791156.0,1983188835.54,0.4719,0.2326,1,0
2023-12-18,sh.601318,109.2168576,110.49674265,108.96088059,109.81413729,110.32609131,32998671.0,1273512227.22,0.3066,-0.464,1,0
2023-12-19,sh.601318,109.72881162,110.86648722,109.2168576,110.09855619,109.81413729,33224870.0,1284615540.12,0.3087,0.259,1,0
2023-12-20,sh.601318,110.09855619,110.6389521,109.30218327,109.35906705,110.09855619,29948177.0,1158590096.42,0.2783,-0.6717,1,0
2023-12-21,sh.601318,108.81867114,110.83804533,108.44892657,110.3545332,109.35906705,42416262.0,1640116584.09,0.3941,0.9103,1,0
2023-12-22,sh.601318,110.24076564,112.00416282,110.01323052,111.2077899,110.3545332,42473652.0,1656449050.13,0.3946,0.7732,1,0
2023-12-25,sh.601318,111.06558045,111.71974392,110.66739399,111.43532502,111.2077899,20325509.0,795171657.82,0.1889,0.2046,1,0
2023-12-26,sh.601318,111.43532502,111.43532502,110.41141698,111.2077899,111.43532502,19914583.0,776002047.48,0.185,-0.2042,1,0
2023-12-27,sh.601318,111.2077899,111.37844124,110.01323052,110.923371,111.2077899,29593783.0,1150904275.07,0.275,-0.2558,1,0
2023-12-28,sh.601318,110.923371,114.76302615,110.49674265,114.50704914,110.923371,60952573.0,2429611849.79,0.5663,3.2308,1,0
2023-12-29,sh.601318,113.93821134,115.01900316,113.90976945,114.6208167,114.50704914,34107753.0,1372848495.56,0.3169,0.0994,1,0
2024-01-02,sh.601318,114.6208167,114.64925859,112.23169794,112.26013983,114.6208167,43759204.0,1740486365.32,0.4066,-2.0596,1,0
2024-01-03,sh.601318,112.26013983,112.80053574,111.46376691,112.0610466,112.26013983,36382151.0,1432855498.63,0.338,-0.1773,1,0
2024-01-04,sh.601318,111.94727904,112.57300062,109.95634674,110.6389521,112.0610466,46739190.0,1819793956.96,0.4343,-1.269,1,0
2024-01-05,sh.601318,110.49674265,112.57300062,110.01323052,110.83804533,110.6389521,49920187.0,1955115159.54,0.4638,0.1799,1,0
2024-01-08,sh.601318,110.83804533,111.40688313,108.70490358,109.35906705,110.83804533,51473197.0,1983794142.0,0.4783,-1.3344,1,0
2024-01-09,sh.601318,109.35906705,109.72881162,108.6480198,109.15997382,109.35906705,37065054.0,1423188301.14,0.3444,-0.1821,1,0
2024-01-10,sh.601318,108.90399681,109.35906705,107.56722798,107.56722798,109.15997382,44130380.0,1677706637.6,0.41,-1.4591,1,0
2024-01-11,sh.601318,107.5103442,109.95634674,106.99839018,109.30218327,107.56722798,38157129.0,1457906650.77,0.3545,1.6129,1,0
2024-01-12,sh.601318,108.61957791,109.61504406,108.16450767,108.16450767,109.30218327,30300054.0,1158392102.61,0.2815,-1.0409,1,0
2024-01-15,sh.601318,107.70943743,109.47283461,107.2259253,108.56269413,108.16450767,32702181.0,1244858223.33,0.3038,0.3681,1,0
2024-01-16,sh.601318,108.19294956,110.24076564,107.90853066,110.0701143,108.56269413,54496285.0,2095337501.25,0.5063,1.3885,1,0
2024-01-17,sh.601318,109.38750894,109.64348595,108.10762389,108.10762389,110.0701143,56122897.0,2148072059.83,0.5215,-1.7829,1,0
2024-01-18,sh.601318,107.36813475,111.00869667,107.05527396,110.89492911,108.10762389,86154364.0,3289028900.73,0.8005,2.5783,1,0
2024-01-19,sh.601318,110.3545332,111.89039526,109.64348595,111.4922088,110.89492911,63974391.0,2493579882.19,0.5944,0.5386,1,0
2024-01-22,sh.601318,111.12246423,113.56846677,110.83804533,112.28858172,111.4922088,96109863.0,3800265430.86,0.893,0.7143,1,0
2024-01-23,sh.601318,111.4922088,112.94274519,110.0701143,111.94727904,112.28858172,60172097.0,2363927977.29,0.5591,-0.304,1,0
2024-01-24,sh.601318,112.80053574,114.6208167,111.15090612,114.25107213,111.94727904,76115099.0,3023883703.2,0.7072,2.0579,1,0
2024-01-25,sh.601318,114.19418835,118.06228539,113.76756,117.03837735,114.25107213,98658100.0,4022141715.25,0.9167,2.4396,1,0
2024-01-26,sh.601318,116.75395845,117.57877326,115.61628285,117.32279625,117.03837735,78592524.0,3225824129.23,0.7302,0.243,1,0
2024-01-29,sh.601318,117.35123814,118.57423941,116.38421388,116.55486522,117.32279625,62078477.0,2560232020.12,0.5768,-0.6545,1,0
2024-01-30,sh.601318,115.4740734,116.35577199,114.25107213,114.30795591,116.55486522,57063998.0,2308550032.86,0.5302,-1.9278,1,0
2024-01-31,sh.601318,114.19418835,116.18512065,113.73911811,115.21809639,114.30795591,55701366.0,2253897731.11,0.5175,0.7962,1,0
2024-02-01,sh.601318,114.10886268,115.55939907,113.56846677,114.6208167,115.21809639,49092479.0,1980485848.94,0.4561,-0.5184,1,0
2024-02-02,sh.601318,114.6208167,115.33186395,110.923371,114.0519789,114.6208167,69077347.0,2771398286.31,0.6418,-0.4963,1,0
2024-02-05,sh.601318,113.76756,116.58330711,112.85741952,115.70160852,114.0519789,80614793.0,3247211014.41,0.749,1.4464,1,0
2024-02-06,sh.601318,115.67316663,118.54579752,114.81990993,118.20449484,115.70160852,82383496.0,3381216758.7,0.7655,2.1632,1,0
2024-02-07,sh.601318,118.57423941,120.5936136,117.60721515,120.53672982,118.20449484,91615404.0,3833614844.28,0.8512,1.9731,1,0
2024-02-08,sh.601318,120.93491628,122.15791755,119.88256635,121.67440542,120.53672982,76874651.0,3274133648.91,0.7143,0.9438,1,0
2024-02-19,sh.601318,122.27168511,122.52766212,120.93491628,121.53219597,121.67440542,54413427.0,2324847504.07,0.5056,-0.1169,1,0
2024-02-20,sh.601318,121.30466085,121.36154463,119.7403569,120.45140415,121.53219597,46935509.0,1989976125.05,0.4361,-0.8893,1,0
2024-02-21,sh.601318,119.96789202,125.9975727,119.51282178,123.97819851,120.45140415,111249194.0,4827664819.26,1.0337,2.928,1,0
2024-02-22,sh.601318,123.32403504,124.40482686,122.89740669,124.2910593,123.97819851,51745219.0,2252345679.89,0.4808,0.2524,1,0
2024-02-23,sh.601318,124.23417552,126.42420105,124.0066404,125.34340923,124.2910593,64421676.0,2843810762.75,0.5986,0.8467,1,0
2024-02-26,sh.601318,124.8598971,124.88833899,122.0157081,122.15791755,125.34340923,61619568.0,2667499279.49,0.5725,-2.5414,1,0
2024-02-27,sh.601318,121.78817298,122.72675535,121.4468703,122.64142968,122.15791755,42901252.0,1840668677.61,0.3986,0.3958,1,0
2024-02-28,sh.601318,122.84052291,123.09649992,121.30466085,121.30466085,122.64142968,53576359.0,2298186002.07,0.4978,-1.09,1,0
2024-02-29,sh.601318,120.93491628,122.49922023,120.8780325,122.0157081,121.30466085,45509167.0,1948642485.44,0.4228,0.5862,1,0
2024-03-01,sh.601318,121.7312892,122.55610401,120.93491628,122.27168511,122.0157081,44577376.0,1908395624.01,0.4142,0.2098,1,0
2024-03-04,sh.601318,121.53219597,121.78817298,120.0247758,120.42296226,122.27168511,54504680.0,2311470911.3,0.5064,-1.512,1,0
2024-03-05,sh.601318,119.88256635,121.95882432,119.59814745,121.75973109,120.42296226,62343723.0,2650564784.46,0.5793,1.1101,1,0
2024-03-06,sh.601318,121.70284731,122.04414999,120.76426494,120.8780325,121.75973109,34276283.0,1461294746.35,0.3185,-0.7241,1,0
2024-03-07,sh.601318,121.64596353,123.60845394,121.53219597,122.47077834,120.8780325,64896213.0,2796783750.67,0.603,1.3176,1,0
2024-03-08,sh.601318,121.93038243,122.8689648,121.02024195,121.95882432,122.47077834,37249362.0,1595770014.26,0.3461,-0.418,1,0
2024-03-11,sh.601318,121.67440542,123.09649992,121.56063786,122.75519724,121.95882432,43597274.0,1877454174.22,0.4051,0.653,1,0
2024-03-12,sh.601318,122.78363913,124.80301332,121.95882432,124.60392009,122.75519724,67920636.0,2952502139.23,0.6311,1.506,1,0
2024-03-13,sh.601318,124.37638497,124.46171064,121.07712573,121.24777707,124.60392009,70121585.0,3008059272.09,0.6515,-2.6934,1,0
2024-03-14,sh.601318,120.50828793,121.98726621,120.3091947,120.73582305,121.24777707,36088956.0,1535653343.04,0.3353,-0.4222,1,0
2024-03-15,sh.601318,120.90647439,121.27621896,119.51282178,120.82114872,120.73582305,39867511.0,1687264408.94,0.3704,0.0707,1,0
2024-03-18,sh.601318,120.45140415,121.33310274,119.65503123,121.04868384,120.82114872,41626271.0,1764489757.48,0.3868,0.1883,1,0
2024-03-19,sh.601318,120.5936136,120.5936136,118.8871002,118.97242587,121.04868384,48601533.0,2045765039.38,0.4516,-1.7152,1,0
2024-03-20,sh.601318,118.74489075,119.59814745,118.54579752,119.22840288,118.97242587,28361668.0,1187979289.12,0.2635,0.2152,1,0
2024-03-21,sh.601318,119.71191501,120.67893927,118.91554209,119.54126367,119.22840288,41497624.0,1745351698.68,0.3856,0.2624,1,0
2024-03-22,sh.601318,116.69707467,116.98149357,114.47860725,115.36030584,119.54126367,112550368.0,4569953332.77,1.0457,-3.4975,1,0
2024-03-25,sh.601318,115.04744505,116.27044632,114.76302615,115.01900316,115.36030584,43760130.0,1775455395.81,0.4066,-0.2959,1,0
2024-03-26,sh.601318,115.01900316,116.46953955,115.01900316,116.3273301,115.01900316,40299063.0,1640298639.54,0.3744,1.1375,1,0
2024-03-27,sh.601318,115.98602742,116.55486522,115.61628285,115.61628285,116.3273301,34619025.0,1411539594.33,0.3217,-0.6112,1,0
2024-03-28,sh.601318,115.4740734,117.35123814,115.04744505,115.73005041,115.61628285,43233995.0,1764795886.29,0.4017,0.0984,1,0
2024-03-29,sh.601318,115.98602742,117.29435436,115.73005041,116.07135309,115.73005041,33512184.0,1370420386.58,0.3114,0.2949,1,0
2024-04-01,sh.601318,116.46953955,117.32279625,116.3273301,117.32279625,116.07135309,38706274.0,1592229351.69,0.3596,1.0782,1,0
2024-04-02,sh.601318,117.15214491,117.92007594,116.35577199,116.611749,117.32279625,39996585.0,1644606101.72,0.3716,-0.6061,1,0
2024-04-03,sh.601318,116.3273301,116.75395845,115.1896545,115.1896545,116.611749,46364011.0,1886029049.26,0.4308,-1.2195,1,0
2024-04-08,sh.601318,114.56393292,114.99056127,113.42625732,114.39328158,115.1896545,43590246.0,1752003234.9,0.405,-0.6914,1,0
2024-04-09,sh.601318,114.53549103,115.13277072,114.0519789,114.08042079,114.39328158,29392411.0,1183293256.89,0.2731,-0.2735,1,0
2024-04-10,sh.601318,113.73911811,113.96665323,111.2077899,111.4922088,114.08042079,66754496.0,2638684982.98,0.6202,-2.2688,1,0
2024-04-11,sh.601318,111.00869667,111.32155746,109.81413729,110.78116155,111.4922088,44321365.0,1724750105.08,0.4118,-0.6378,1,0
2024-04-12,sh.601318,110.3545332,110.89492911,107.14059963,107.45346042,110.78116155,91894711.0,3503437973.08,0.8538,-3.0039,1,0
2024-04-15,sh.601318,107.45346042,109.5012765,107.16904152,109.10309004,107.45346042,77160909.0,2953703722.44,0.7169,1.5352,1,0
2024-04-16,sh.601318,109.10309004,110.32609131,108.30671712,108.87555492,109.10309004,62674707.0,2408876665.25,0.5823,-0.2086,1,0
2024-04-17,sh.601318,108.84711303,110.98025478,108.10762389,110.78116155,108.87555492,59458529.0,2294242964.74,0.5525,1.7503,1,0
2024-04-18,sh.601318,110.6389521,114.6208167,110.38297509,112.9143033,110.78116155,84608897.0,3365907681.42,0.7861,1.9255,1,0
2024-04-19,sh.601318,112.26013983,113.14183842,111.4922088,112.11793038,112.9143033,36839491.0,1454378302.44,0.3423,-0.7053,1,0
2024-04-22,sh.601318,112.31702361,114.02353701,112.31702361,113.28404787,112.11793038,39122784.0,1559348108.99,0.3635,1.0401,1,0
2024-04-23,sh.601318,113.25560598,114.0519789,112.65832629,113.45469921,113.28404787,34265310.0,1367522866.18,0.3184,0.1506,1,0
2024-04-24,sh.601318,114.87679371,115.7584923,114.08042079,115.4740734,113.45469921,54996437.0,2226040004.99,0.511,1.7799,1,0
2024-04-25,sh.601318,115.24653828,117.40812192,114.6208167,116.78240034,115.4740734,58217790.0,2379394080.78,0.5409,1.133,1,0
2024-04-26,sh.601318,116.58330711,118.83021642,116.07135309,118.11916917,116.78240034,69427606.0,2866574032.83,0.6451,1.1447,1,0
2024-04-29,sh.601318,118.0338435,121.95882432,117.77786649,119.68347312,118.11916917,87545482.0,3696991239.7,0.8134,1.3243,1,0
2024-04-30,sh.601318,119.68347312,119.91100824,117.52188948,117.63565704,119.68347312,51819014.0,2157456541.33,0.4815,-1.711,1,0
2024-05-06,sh.601318,122.72675535,123.09649992,120.50828793,120.84959061,117.63565704,106274704.0,4554760126.57,0.9874,2.7321,1,0
2024-05-07,sh.601318,120.8780325,121.70284731,119.99633391,121.13400951,120.84959061,52815226.0,2249302992.58,0.4907,0.2353,1,0
2024-05-08,sh.601318,120.73582305,121.4468703,119.11463532,119.31372855,121.13400951,44733513.0,1888701756.04,0.4156,-1.5027,1,0
2024-05-09,sh.601318,119.08619343,121.10556762,119.05775154,120.42296226,119.31372855,41354149.0,1749774912.08,0.3842,0.9297,1,0
2024-05-10,sh.601318,121.1624514,122.81208102,120.93491628,122.10103377,120.42296226,67767018.0,2906706220.37,0.6296,1.3935,1,0
2024-05-13,sh.601318,120.90647439,121.98726621,119.93945013,121.30466085,122.10103377,49348084.0,2098243663.83,0.4585,-0.6522,1,0
2024-05-14,sh.601318,121.30466085,121.7312892,119.88256635,120.33763659,121.30466085,39651152.0,1679884655.94,0.3684,-0.7972,1,0
2024-05-15,sh.601318,120.25231092,120.3091947,118.48891374,119.00086776,120.33763659,39911880.0,1673203919.17,0.3708,-1.1108,1,0
2024-05-16,sh.601318,120.0247758,123.40936071,119.34217044,122.44233645,119.00086776,93478227.0,4003945956.18,0.8685,2.892,1,0
2024-05-17,sh.601318,124.0066404,128.5573428,123.58001205,128.5573428,122.44233645,189457995.0,8380485072.81,1.7603,4.9942,1,0
2024-05-20,sh.601318,129.9794373,131.03178723,127.50499287,129.29683194,128.5573428,147945253.0,6725122982.13,1.3746,0.5752,1,0
2024-05-21,sh.601318,128.21604012,129.52436706,128.04538878,129.1261806,129.29683194,55109616.0,2495802387.92,0.512,-0.132,1,0
2024-05-22,sh.601318,128.8417617,130.97490345,128.41513335,129.1261806,129.1261806,75133666.0,3432737425.71,0.6981,0.0,1,0
2024-05-23,sh.601318,127.76096988,128.47201713,126.62329428,127.36278342,129.1261806,63592313.0,2847873001.03,0.5909,-1.3656,1,0
2024-05-24,sh.601318,126.70861995,127.4196672,124.74612954,124.83145521,127.36278342,54128575.0,2397751034.49,0.5029,-1.9875,1,0
2024-05-27,sh.601318,125.144316,126.25354971,124.80301332,125.4287349,124.83145521,41274221.0,1820441915.17,0.3835,0.4785,1,0
2024-05-28,sh.601318,125.59938624,126.13978215,124.06352418,124.46171064,125.4287349,42192179.0,1853750116.11,0.392,-0.771,1,0
2024-05-29,sh.601318,123.97819851,125.51406057,123.32403504,123.63689583,124.46171064,43942250.0,1921502308.37,0.4083,-0.6627,1,0
2024-05-30,sh.601318,123.18182559,124.17729174,122.0157081,122.72675535,123.63689583,39395493.0,1702193305.05,0.366,-0.7361,1,0
2024-05-31,sh.601318,123.4378026,125.4287349,122.47077834,122.49922023,122.72675535,48249218.0,2100267340.71,0.4483,-0.1854,1,0
2024-06-03,sh.601318,122.27168511,123.60845394,121.19089329,122.66987157,122.49922023,44651840.0,1922692312.43,0.4149,0.1393,1,0
2024-06-04,sh.601318,122.52766212,123.75066339,122.32856889,123.06805803,122.66987157,39817760.0,1723254938.55,0.37,0.3246,1,0
2024-06-05,sh.601318,123.03961614,123.09649992,122.12947566,122.52766212,123.06805803,36188007.0,1559233049.65,0.3362,-0.4391,1,0
2024-06-06,sh.601318,122.8689648,123.23870937,120.50828793,120.73582305,122.52766212,54262089.0,2313057245.12,0.5042,-1.4624,1,0
2024-06-07,sh.601318,121.1624514,121.67440542,119.455938,119.79724068,120.73582305,42139379.0,1781350640.17,0.3915,-0.7774,1,0
2024-06-11,sh.601318,119.19996099,119.99633391,118.3182624,118.97242587,119.79724068,42236279.0,1767535002.98,0.3924,-0.6885,1,0
2024-06-12,sh.601318,118.97242587,119.1715191,117.63565704,117.7494246,118.97242587,39834017.0,1653283609.36,0.3701,-1.028,1,0
2024-06-13,sh.601318,118.26137862,118.48891374,117.15214491,117.4650057,117.7494246,32042801.0,1323757553.96,0.2977,-0.2415,1,0
2024-06-14,sh.601318,117.15214491,119.99633391,117.06681924,119.08619343,117.4650057,63562438.0,2651178961.93,0.5906,1.3801,1,0
2024-06-17,sh.601318,118.3182624,118.97242587,117.69254082,118.26137862,119.08619343,38472747.0,1600335662.58,0.3575,-0.6926,1,0
2024-06-18,sh.601318,118.6026813,119.59814745,118.23293673,118.68800697,118.26137862,35345219.0,1476476517.64,0.3284,0.3608,1,0
2024-06-19,sh.601318,118.71644886,119.99633391,118.34670429,119.455938,118.68800697,41063957.0,1721419835.21,0.3815,0.647,1,0
2024-06-20,sh.601318,119.42749611,119.65503123,118.06228539,118.06228539,119.455938,36478992.0,1525392591.04,0.3389,-1.1667,1,0
2024-06-21,sh.601318,118.00540161,118.94398398,117.52188948,118.51735563,118.06228539,38505452.0,1600502330.31,0.3578,0.3854,1,0
2024-06-24,sh.601318,118.11916917,119.59814745,117.23747058,118.8871002,118.51735563,44592791.0,1856756643.57,0.4143,0.312,1,0
2024-06-25,sh.601318,118.85865831,119.79724068,117.86319216,118.17605295,118.8871002,38283591.0,1598362559.09,0.3557,-0.5981,1,0
2024-06-26,sh.601318,117.97695972,118.94398398,117.43656381,118.46047185,118.17605295,26506064.0,1100552480.63,0.2463,0.2407,1,0
2024-06-27,sh.601318,118.06228539,118.43202996,117.32279625,117.80630838,118.46047185,36797498.0,1525115714.91,0.3419,-0.5522,1,0
2024-06-28,sh.601318,117.60721515,119.1715191,117.35123814,117.63565704,117.80630838,39934516.0,1661152477.79,0.371,-0.1449,1,0
2024-07-01,sh.601318,117.77786649,118.51735563,115.58784096,118.37514618,117.63565704,47419754.0,1949715776.52,0.4406,0.6286,1,0
2024-07-02,sh.601318,117.77786649,121.58907975,117.7494246,119.93945013,118.37514618,56885747.0,2404908550.73,0.5285,1.3215,1,0
2024-07-03,sh.601318,119.96789202,120.67893927,119.19996099,120.22386903,119.93945013,29574788.0,1248330594.75,0.2748,0.2371,1,0
2024-07-04,sh.601318,120.19542714,121.04868384,119.34217044,119.39905422,120.22386903,32485145.0,1369924728.97,0.3018,-0.6861,1,0
2024-07-05,sh.601318,119.31372855,120.19542714,116.55486522,116.95305168,119.39905422,52671766.0,2180477666.29,0.4894,-2.0486,1,0
2024-07-08,sh.601318,116.3273301,117.63565704,115.70160852,116.15667876,116.95305168,33954844.0,1388961718.88,0.3155,-0.6809,1,0
2024-07-09,sh.601318,116.12823687,118.28982051,115.07588694,118.09072728,116.15667876,38140275.0,1565430221.59,0.3544,1.665,1,0
2024-07-10,sh.601318,116.81084223,119.25684477,116.81084223,119.05775154,118.09072728,36127314.0,1507496306.7,0.3357,0.8189,1,0
2024-07-11,sh.601318,120.22386903,120.84959061,119.19996099,119.28528666,119.05775154,37556984.0,1582861429.22,0.349,0.1911,1,0
2024-07-12,sh.601318,119.455938,121.90194054,119.455938,121.38998652,119.28528666,49569726.0,2110496360.66,0.4606,1.7644,1,0
2024-07-15,sh.601318,121.1624514,122.24324322,120.82114872,120.96335817,121.38998652,35484792.0,1513495679.15,0.3297,-0.3515,1,0
2024-07-16,sh.601318,119.455938,119.76879879,115.70160852,117.15214491,120.96335817,93998504.0,3870524306.94,0.8734,-3.1507,1,0
2024-07-17,sh.601318,117.32279625,120.65049738,117.32279625,120.28075281,117.15214491,77840627.0,3268159910.88,0.7232,2.6706,1,0
2024-07-18,sh.601318,119.99633391,121.27621896,119.34217044,120.50828793,120.28075281,51362418.0,2175992699.2,0.4772,0.1892,1,0
2024-07-19,sh.601318,120.50828793,122.72675535,120.0247758,122.38545267,120.50828793,61077539.0,2610070264.81,0.5675,1.5577,1,0
2024-07-22,sh.601318,122.5845459,122.92584858,121.27621896,122.300127,122.38545267,44056204.0,1890312952.56,0.4093,-0.0697,1,0
2024-07-23,sh.601318,122.18635944,122.95429047,121.67440542,121.70284731,122.300127,45978967.0,1978447934.56,0.4272,-0.4884,1,0
2024-07-24,sh.601318,121.7312892,122.38545267,120.45140415,121.04868384,121.70284731,38609543.0,1644933089.81,0.3587,-0.5375,1,0
2024-07-25,sh.601318,120.84959061,121.78817298,120.11010147,121.07712573,121.04868384,44047429.0,1874557285.11,0.4093,0.0235,1,0
2024-07-26,sh.601318,121.2834525,122.904495,120.1045125,121.1066115,121.077138,51037796.0,2099407783.57,0.4742,0.0243,1,0
2024-07-29,sh.601318,121.077138,122.6981805,120.8708235,121.784502,121.1066115,30564969.0,1264082989.54,0.284,0.5597,1,0
2024-07-30,sh.601318,121.666608,122.1676575,121.018191,121.8139755,121.784502,29692239.0,1224450780.96,0.2759,0.0242,1,0
2024-07-31,sh.601318,121.843449,125.55711,121.5781875,125.439216,121.8139755,58087783.0,2450880159.96,0.5397,2.976,1,0
2024-08-01,sh.601318,125.026587,126.2939475,124.555011,125.2918485,125.439216,32514038.0,1383461986.97,0.3021,-0.1175,1,0
2024-08-02,sh.601318,124.4665905,124.9971135,122.904495,123.258177,125.2918485,33137257.0,1392534223.86,0.3079,-1.6231,1,0
2024-08-05,sh.601318,122.904495,125.380269,122.8750215,123.7887,123.258177,43050914.0,1813319978.54,0.4,0.4304,1,0
2024-08-06,sh.601318,124.8792195,125.203428,119.780304,120.546615,123.7887,63434323.0,2614553598.48,0.5894,-2.619,1,0
2024-08-07,sh.601318,120.605562,121.1655585,119.898198,119.957145,120.546615,29978095.0,1225524961.3,0.2785,-0.489,1,0
2024-08-08,sh.601318,120.1045125,121.2834525,119.1024135,120.310827,119.957145,23643241.0,964682590.76,0.2197,0.2948,1,0
2024-08-09,sh.601318,120.8118765,121.548714,119.6918835,119.6918835,120.310827,26178496.0,1069136978.68,0.2432,-0.5145,1,0
2024-08-12,sh.601318,119.4560955,120.0455655,118.8076785,119.721357,119.6918835,15219904.0,617325021.79,0.1414,0.0246,1,0
2024-08-13,sh.601318,119.721357,120.2813535,119.3971485,120.192933,119.721357,16650599.0,677002645.74,0.1547,0.3939,1,0
2024-08-14,sh.601318,120.2813535,120.664509,119.3382015,119.3382015,120.192933,20650428.0,838935305.86,0.1919,-0.7111,1,0
2024-08-15,sh.601318,119.3971485,122.8160745,118.542417,121.784502,119.3382015,53416705.0,2202784576.02,0.4963,2.0499,1,0
2024-08-16,sh.601318,121.784502,123.0518625,121.5781875,122.6392335,121.784502,26957357.0,1119345318.47,0.2505,0.7018,1,0
2024-08-19,sh.601318,122.6392335,124.2897495,122.5802865,123.9950145,122.6392335,28791203.0,1209599525.52,0.2675,1.1055,1,0
2024-08-20,sh.601318,124.2308025,124.2897495,122.904495,123.552912,123.9950145,29376286.0,1230963340.51,0.2729,-0.3565,1,0
2024-08-21,sh.601318,123.729753,124.024488,122.0497635,123.7002795,123.552912,23617412.0,989256296.75,0.2194,0.1193,1,0
2024-08-22,sh.601318,123.670806,124.5255375,122.727654,122.9339685,123.7002795,30497656.0,1275507521.72,0.2834,-0.6195,1,0
2024-08-23,sh.601318,123.906594,128.091831,123.5823855,127.7676225,122.9339685,99423443.0,4271882125.87,0.9238,3.9319,1,0
2024-08-26,sh.601318,128.091831,128.622354,126.8834175,127.7676225,127.7676225,47580560.0,2059591116.31,0.4421,0.0,1,0
2024-08-27,sh.601318,127.561308,128.3570925,126.618156,127.1781525,127.7676225,33964677.0,1467947188.78,0.3156,-0.4614,1,0
2024-08-28,sh.601318,127.443414,127.856043,126.5297355,127.2960465,127.1781525,34839474.0,1502990666.44,0.3237,0.0927,1,0
2024-08-29,sh.601318,127.266573,128.386566,125.144481,125.616057,127.2960465,47694548.0,2045077628.83,0.4431,-1.3197,1,0
2024-08-30,sh.601318,125.8813185,131.2454955,125.8813185,129.7718205,125.616057,110000601.0,4830979921.49,1.0221,3.3083,1,0
2024-09-02,sh.601318,129.329718,130.1844495,128.0623575,128.0623575,129.7718205,51317124.0,2243546045.27,0.4768,-1.3173,1,0
2024-09-03,sh.601318,128.5339335,128.563407,126.971838,127.3549935,128.0623575,36821975.0,1593821144.03,0.3421,-0.5524,1,0
2024-09-04,sh.601318,127.384467,128.622354,125.1150075,125.675004,127.3549935,40994906.0,1759519238.69,0.3809,-1.3191,1,0
2024-09-05,sh.601318,125.6455305,128.2391985,125.5865835,127.973937,125.675004,46651108.0,2014905549.27,0.4335,1.8293,1,0
2024-09-06,sh.601318,127.973937,129.624453,127.207626,127.4728875,127.973937,39025775.0,1699389016.95,0.3626,-0.3915,1,0
2024-09-09,sh.601318,126.971838,127.4728875,125.4097425,125.792898,127.4728875,40172454.0,1720343645.67,0.3733,-1.3179,1,0
2024-09-10,sh.601318,125.9992125,126.8834175,124.6434315,125.733951,125.792898,29365589.0,1251507268.88,0.2728,-0.0469,1,0
2024-09-11,sh.601318,125.675004,126.500262,124.8792195,125.321322,125.733951,27407424.0,1167516314.99,0.2547,-0.3282,1,0
2024-09-12,sh.601318,125.9402655,126.0581595,123.258177,125.55711,125.321322,41083853.0,1739432818.75,0.3817,0.1881,1,0
2024-09-13,sh.601318,125.439216,127.91499,125.262375,126.4118415,125.55711,34439648.0,1484769941.35,0.32,0.6808,1,0
2024-09-18,sh.601318,126.73605,129.0644565,126.5297355,128.799195,126.4118415,43263824.0,1883001068.24,0.402,1.8886,1,0
2024-09-19,sh.601318,128.858142,129.978135,127.679202,129.7718205,128.799195,46650032.0,2046412473.01,0.4334,0.7551,1,0
2024-09-20,sh.601318,129.624453,130.5381315,128.917089,130.1255025,129.7718205,53292373.0,2347055960.55,0.4952,0.2725,1,0
2024-09-23,sh.601318,130.0665555,130.86234,129.270771,129.9486615,130.1255025,29524048.0,1302373908.58,0.2743,-0.1359,1,0
2024-09-24,sh.601318,131.45181,137.051775,131.0686545,137.051775,129.9486615,120899198.0,5518430623.24,1.1233,5.4661,1,0
2024-09-25,sh.601318,140.29386,142.06227,139.2622875,139.586496,137.051775,138298492.0,6594953850.77,1.285,1.8495,1,0
2024-09-26,sh.601318,140.2643865,148.664334,139.11492,148.605387,139.586496,163765259.0,8023977091.65,1.5216,6.4611,1,0
2024-09-27,sh.601318,152.967465,153.733776,149.430645,152.967465,148.605387,139487740.0,7197182303.76,1.296,2.9353,1,0
2024-09-30,sh.601318,160.571628,168.2642115,160.33584,168.2642115,152.967465,262125405.0,14733344152.8,2.4355,10.0,1,0
2024-10-08,sh.601318,185.09358,185.09358,174.188385,181.9399155,168.2642115,396104253.0,24440888194.8,3.6804,8.1275,1,0
2024-10-09,sh.601318,176.841,176.841,164.0200275,164.167395,181.9399155,285509557.0,16431475144.11,2.6528,-9.7683,1,0
2024-10-10,sh.601318,166.9084305,178.5799365,165.9652785,172.419975,164.167395,222672969.0,12981664827.18,2.0689,5.0269,1,0
2024-10-11,sh.601318,170.35683,176.428371,168.0873705,169.590519,172.419975,131212381.0,7645831882.44,1.2191,-1.641,1,0
2024-10-14,sh.601318,172.0957665,174.601014,169.6199925,172.9210245,169.590519,117773767.0,6884203094.57,1.0943,1.9639,1,0
2024-10-15,sh.601318,172.655763,174.718908,168.2642115,168.5589465,172.9210245,102790028.0,5988622376.53,0.9551,-2.5226,1,0
2024-10-16,sh.601318,167.350533,170.4452505,166.8494835,169.118943,168.5589465,85501630.0,4894961073.69,0.7944,0.3322,1,0
2024-10-17,sh.601318,170.651565,173.30418,167.9105295,167.99895,169.118943,78357477.0,4529673855.11,0.728,-0.6623,1,0
2024-10-18,sh.601318,167.99896816,174.7992117,164.0146845,171.29424036,167.99896816,149466236.0,8417973824.14,1.3887,1.9615,1,0
2024-10-21,sh.601318,171.9532948,172.16299394,168.29853836,170.4554438,171.29424036,87531258.0,4966469517.03,0.8133,-0.4897,1,0
2024-10-22,sh.601318,170.1558736,174.3498564,169.49681916,170.93475612,170.4554438,84601119.0,4835443519.87,0.7861,0.2812,1,0
2024-10-23,sh.601318,171.3541544,177.6451286,170.4554438,174.67938362,170.93475612,119192651.0,6939592003.78,1.1075,2.1907,1,0
2024-10-24,sh.601318,173.4511458,175.18865296,172.64230626,174.0502862,174.67938362,51273005.0,2976336248.6,0.4764,-0.3601,1,0
2024-10-25,sh.601318,173.78067302,175.18865296,172.43260712,172.8520054,174.0502862,53944541.0,3122695351.96,0.5012,-0.6885,1,0
2024-10-28,sh.601318,173.09166156,173.93045812,170.99467016,172.252865,172.8520054,57880987.0,3325855084.36,0.5378,-0.3466,1,0
2024-10-29,sh.601318,172.252865,175.12873892,172.07312288,172.64230626,172.252865,62010028.0,3591688617.52,0.5762,0.2261,1,0
2024-10-30,sh.601318,172.22290798,173.48110282,166.80068736,167.66944094,172.64230626,90747926.0,5123310916.61,0.8432,-2.8804,1,0
2024-10-31,sh.601318,167.63948392,170.1558736,165.9618908,167.51965584,167.66944094,75763009.0,4236922731.54,0.7039,-0.0893,1,0
2024-11-01,sh.601318,168.2086673,170.755014,167.759312,168.2086673,167.51965584,65013925.0,3676222858.28,0.6041,0.4113,1,0
2024-11-04,sh.601318,168.26858134,170.66514294,167.54961286,170.66514294,168.2086673,53073970.0,2993285083.1,0.4931,1.4604,1,0
2024-11-05,sh.601318,170.21578764,176.38693376,168.59810856,175.9974925,170.66514294,120114422.0,6976690582.1,1.116,3.1245,1,0
2024-11-06,sh.601318,176.41689078,176.8962031,170.6052289,172.22290798,175.9974925,126251828.0,7311429314.47,1.1731,-2.1447,1,0
2024-11-07,sh.601318,170.755014,182.737822,170.4554438,182.25850968,172.22290798,186426320.0,11055869272.25,1.7322,5.8271,1,0
2024-11-08,sh.601318,183.3369624,184.20571598,176.77637502,177.10590224,182.25850968,132299025.0,7922272847.26,1.2292,-2.8271,1,0
2024-11-11,sh.601318,174.14015726,175.30848104,172.31277904,174.9489968,177.10590224,91716007.0,5320862805.17,0.8522,-1.2179,1,0
2024-11-12,sh.601318,174.9489968,176.65654694,170.39552976,170.78497102,174.9489968,96289275.0,5557347301.49,0.8947,-2.3801,1,0
2024-11-13,sh.601318,169.8563034,172.252865,169.61664724,171.32419738,170.78497102,61824493.0,3532487702.17,0.5744,0.3157,1,0
2024-11-14,sh.601318,171.32419738,174.02032918,170.4554438,170.755014,171.32419738,66323183.0,3815907812.2,0.6162,-0.3322,1,0
2024-11-15,sh.601318,170.4554438,172.19295096,167.1601716,167.1601716,170.755014,78059714.0,4413936479.86,0.7253,-2.1053,1,0
2024-11-18,sh.601318,168.0588822,171.23432632,165.90197676,167.04034352,167.1601716,68429646.0,3851412801.79,0.6358,-0.0717,1,0
2024-11-19,sh.601318,167.759312,168.11879624,165.0631802,166.59098822,167.04034352,52819300.0,2934893273.53,0.4908,-0.269,1,0
2024-11-20,sh.601318,166.62094524,167.1601716,165.3627504,166.14163292,166.59098822,46997145.0,2605295419.52,0.4367,-0.2697,1,0
2024-11-21,sh.601318,166.23150398,166.77073034,165.12309424,166.23150398,166.14163292,41024489.0,2269302644.37,0.3812,0.0541,1,0
2024-11-22,sh.601318,166.17158994,166.17158994,158.772206,158.86207706,166.23150398,100680813.0,5439029186.91,0.9355,-4.4332,1,0
2024-11-25,sh.601318,158.772206,159.5211315,156.19590228,157.48405414,158.86207706,70269826.0,3704922204.59,0.6529,-0.8674,1,0
2024-11-26,sh.601318,157.274355,159.58104554,156.88491374,158.9219911,157.48405414,40761823.0,2156122895.27,0.3787,0.9131,1,0
2024-11-27,sh.601318,158.95194812,160.5696272,158.14310858,160.4198421,158.9219911,44446366.0,2366194482.97,0.413,0.9425,1,0
2024-11-28,sh.601318,160.47975614,161.73795098,158.26293666,159.28147534,160.4198421,42550213.0,2268917373.38,0.3954,-0.7096,1,0
2024-11-29,sh.601318,159.2215613,163.02610284,158.89203408,159.5211315,159.28147534,56357055.0,3018761403.42,0.5236,0.1505,1,0
2024-12-02,sh.601318,159.3713464,162.45691946,159.31143236,161.79786502,159.5211315,44960590.0,2420512863.94,0.4177,1.4272,1,0
2024-12-03,sh.601318,161.3185527,163.59528622,160.4198421,163.05605986,161.79786502,47005763.0,2544434590.64,0.4367,0.7776,1,0
2024-12-04,sh.601318,162.30713436,162.78644668,160.89915442,161.55820886,163.05605986,38188736.0,2059281653.68,0.3548,-0.9186,1,0
2024-12-05,sh.601318,160.83924038,161.9176931,160.24009998,160.80928336,161.55820886,29588882.0,1589274038.26,0.2749,-0.4636,1,0
2024-12-06,sh.601318,161.13881058,166.83064438,161.10885356,165.12309424,160.80928336,78983681.0,4338822601.68,0.7339,2.6826,1,0
2024-12-09,sh.601318,164.6138249,165.6623206,163.1159739,164.25434066,165.12309424,51046345.0,2801288362.27,0.4743,-0.5261,1,0
2024-12-10,sh.601318,170.4554438,171.29424036,166.261461,166.62094524,164.25434066,100098350.0,5649587634.71,0.9301,1.4408,1,0
2024-12-11,sh.601318,166.59098822,167.54961286,164.40412576,164.4640398,166.62094524,50478424.0,2790301409.65,0.469,-1.2945,1,0
2024-12-12,sh.601318,164.64378192,167.3099567,163.8648994,166.50111716,164.4640398,52633585.0,2909611957.11,0.489,1.2386,1,0
2024-12-13,sh.601318,165.3627504,165.39270742,160.80928336,160.98902548,166.50111716,88709588.0,4798656728.82,0.8242,-3.3105,1,0
2024-12-16,sh.601318,160.89915442,161.73795098,158.56250686,159.13169024,160.98902548,65859184.0,3512263333.83,0.6119,-1.1537,1,0
2024-12-17,sh.601318,158.4726358,160.18018594,157.99332348,158.80216302,159.13169024,53769372.0,2853899355.19,0.4996,-0.2071,1,0
2024-12-18,sh.601318,159.76078766,160.80928336,158.41272176,158.59246388,158.80216302,50446143.0,2683105293.26,0.4687,-0.1321,1,0
2024-12-19,sh.601318,157.5739252,158.59246388,156.8249997,158.44267878,158.59246388,40549628.0,2136614146.62,0.3768,-0.0944,1,0
2024-12-20,sh.601318,158.44267878,159.46121746,157.33426904,157.63383924,158.44267878,46196543.0,2437090038.01,0.4292,-0.5105,1,0
2024-12-23,sh.601318,157.63383924,160.21014296,157.63383924,159.0717762,157.63383924,55550547.0,2954746191.08,0.5161,0.9122,1,0
2024-12-24,sh.601318,159.01186216,161.25863866,158.772206,161.10885356,159.0717762,49560916.0,2654767330.42,0.4605,1.2806,1,0
2024-12-25,sh.601318,161.19872462,162.69657562,160.47975614,161.4683378,161.10885356,41739896.0,2249897990.35,0.3878,0.2231,1,0
2024-12-26,sh.601318,161.43838078,161.58816588,159.85065872,160.1202719,161.4683378,37922170.0,2031175519.15,0.3523,-0.8349,1,0
2024-12-27,sh.601318,160.1202719,161.0189825,157.90345242,159.58104554,160.1202719,53775719.0,2862446916.89,0.4997,-0.3368,1,0
2024-12-30,sh.601318,159.43126044,161.4683378,159.40130342,161.4683378,159.58104554,53343783.0,2865180504.46,0.4956,1.1827,1,0
2024-12-31,sh.601318,161.13881058,161.82782204,157.7237103,157.7237103,161.4683378,67711790.0,3607846473.56,0.6291,-2.3191,1,0
2025-01-02,sh.601318,157.8734954,157.96336646,150.95342378,151.91204842,157.7237103,94857917.0,4877807223.25,0.8814,-3.6847,1,0
2025-01-03,sh.601318,152.780802,153.05041518,150.02475616,150.6838106,151.91204842,55135185.0,2788346286.54,0.5123,-0.8085,1,0
2025-01-06,sh.601318,151.4327361,151.64243524,149.27583066,150.80363868,150.6838106,41348951.0,2077171909.27,0.3842,0.0795,1,0
2025-01-07,sh.601318,150.35428338,150.86355272,149.21591662,150.29436934,150.80363868,39278717.0,1967557697.73,0.365,-0.3377,1,0
2025-01-08,sh.601318,150.32432636,151.52260716,148.4370341,150.6838106,150.29436934,51038304.0,2555823166.64,0.4742,0.2591,1,0
2025-01-09,sh.601318,150.56398252,151.01333782,149.1859596,149.21591662,150.6838106,40082112.0,2005089617.47,0.3724,-0.9742,1,0
2025-01-10,sh.601318,149.24587364,150.02475616,146.4898278,146.6396129,149.21591662,52270371.0,2576373865.93,0.4857,-1.7266,1,0
2025-01-13,sh.601318,145.23163296,146.1902576,144.0932662,145.56116018,146.6396129,51139315.0,2474824395.9,0.4752,-0.7354,1,0
2025-01-14,sh.601318,145.56116018,148.52690516,145.291547,147.86785072,145.56116018,61577440.0,3024006483.51,0.5721,1.5847,1,0
2025-01-15,sh.601318,147.5383235,148.76656132,146.51978482,147.11892522,147.86785072,45802852.0,2251226874.25,0.4256,-0.5065,1,0
2025-01-16,sh.601318,147.6881086,149.0361745,146.57969886,147.5383235,147.11892522,41576107.0,2052212528.83,0.3863,0.2851,1,0
2025-01-17,sh.601318,147.0889682,148.49694814,146.10038654,147.92776476,147.5383235,46074666.0,2273441157.24,0.4281,0.264,1,0
2025-01-20,sh.601318,148.94630344,150.6838106,148.76656132,149.21591662,147.92776476,49173607.0,2458746693.9,0.4569,0.8708,1,0
2025-01-21,sh.601318,150.3842404,150.95342378,148.76656132,149.4855298,149.21591662,40995081.0,2049216697.85,0.3809,0.1807,1,0
2025-01-22,sh.601318,148.94630344,149.54544384,146.3400427,146.6396129,149.4855298,53078046.0,2606595141.93,0.4932,-1.9038,1,0
2025-01-23,sh.601318,149.24587364,154.1288679,149.12604556,150.89350974,146.6396129,96910455.0,4910872824.57,0.9004,2.9009,1,0
2025-01-24,sh.601318,150.32432636,153.88921174,150.0846702,152.36140372,150.89350974,61677886.0,3140198840.43,0.5731,0.9728,1,0
2025-01-27,sh.601318,152.87067306,154.63813724,152.21161862,152.3314467,152.36140372,52454748.0,2681560915.93,0.4874,-0.0197,1,0
2025-02-05,sh.601318,152.72088796,152.780802,148.79651834,148.94630344,152.3314467,58307230.0,2921528574.68,0.5418,-2.2222,1,0
2025-02-06,sh.601318,148.97626046,151.282951,148.82647536,150.5340255,148.94630344,41503724.0,2078321190.86,0.3856,1.066,1,0
2025-02-07,sh.601318,150.32432636,154.09891088,149.30578768,152.42131776,150.5340255,72581202.0,3679372001.35,0.6744,1.2537,1,0
2025-02-10,sh.601318,152.45127478,153.85925472,152.1816616,152.4812318,152.42131776,43181484.0,2203839896.22,0.4012,0.0393,1,0
2025-02-11,sh.601318,153.3799424,153.49977048,150.89350974,151.34286504,152.4812318,38184400.0,1931993468.36,0.3548,-0.7466,1,0
2025-02-12,sh.601318,151.34286504,153.14028624,150.32432636,153.02045816,151.34286504,44699378.0,2261445451.46,0.4153,1.1085,1,0
2025-02-13,sh.601318,152.54114584,155.11744956,152.21161862,152.84071604,153.02045816,59036332.0,3019334997.7,0.5485,-0.1175,1,0
2025-02-14,sh.601318,152.75084498,155.35710572,152.1816616,154.8777934,152.84071604,59977161.0,3080098769.84,0.5573,1.3328,1,0
2025-02-17,sh.601318,155.26723466,156.91487076,154.00903982,155.29719168,154.8777934,62571044.0,3245003133.19,0.5814,0.2708,1,0
2025-02-18,sh.601318,154.78792234,156.31573036,153.3799424,153.70946962,155.29719168,65008234.0,3362664790.81,0.604,-1.0224,1,0
2025-02-19,sh.601318,153.34998538,155.26723466,152.84071604,154.1288679,153.70946962,46442576.0,2388611400.68,0.4315,0.2729,1,0
2025-02-20,sh.601318,153.46981346,153.70946962,151.76226332,152.12174756,154.1288679,51538478.0,2620444373.81,0.4789,-1.3022,1,0
2025-02-21,sh.601318,152.75084498,154.278653,151.16312292,153.3799424,152.12174756,66876093.0,3415352330.99,0.6214,0.8271,1,0
2025-02-24,sh.601318,153.3799424,157.21444096,152.9305871,155.776504,153.3799424,83582274.0,4341042759.82,0.7766,1.5625,1,0
2025-02-25,sh.601318,154.278653,156.0760742,152.3314467,152.72088796,155.776504,64242944.0,3298896561.65,0.5969,-1.9615,1,0
2025-02-26,sh.601318,153.0803722,155.11744956,152.87067306,154.63813724,152.72088796,53657805.0,2758370361.5,0.4986,1.2554,1,0
2025-02-27,sh.601318,155.11744956,155.1773636,153.14028624,154.63813724,154.63813724,54724008.0,2813972256.66,0.5085,0.0,1,0
2025-02-28,sh.601318,153.9790828,154.7280083,150.92346676,150.92346676,154.63813724,80526753.0,4102825271.76,0.7482,-2.4022,1,0
2025-03-03,sh.601318,151.4327361,152.24157564,149.96484212,150.77368166,150.92346676,42316083.0,2135730015.39,0.3932,-0.0992,1,0
2025-03-04,sh.601318,150.02475616,150.65385358,149.7851,150.02475616,150.77368166,37243163.0,1867141470.87,0.346,-0.4967,1,0
2025-03-05,sh.601318,150.32432636,151.4327361,149.81505702,150.92346676,150.02475616,45507176.0,2287766875.65,0.4228,0.599,1,0
2025-03-06,sh.601318,152.09179054,155.56680486,151.37282206,154.69805128,150.92346676,104582101.0,5369202398.94,0.9717,2.501,1,0
2025-03-07,sh.601318,154.5782232,155.29719168,153.73942664,154.278653,154.69805128,48147872.0,2481121736.0,0.4474,-0.2711,1,0
2025-03-10,sh.601318,154.30861002,154.75796532,152.12174756,153.5297275,154.278653,61128342.0,3121852670.24,0.568,-0.4854,1,0
2025-03-11,sh.601318,151.91204842,154.278653,151.5825212,154.278653,153.5297275,52914740.0,2702757543.57,0.4917,0.4878,1,0
2025-03-12,sh.601318,154.278653,154.5782232,152.81075902,153.2301573,154.278653,47057801.0,2410921164.24,0.4372,-0.6796,1,0
2025-03-13,sh.601318,153.2301573,154.4284381,152.57110286,153.20020028,153.2301573,41144830.0,2107254551.84,0.3823,-0.0196,1,0
2025-03-14,sh.601318,153.76938366,161.43838078,153.40989942,160.18018594,153.20020028,150244865.0,7945017156.29,1.396,4.5561,1,0
2025-03-17,sh.601318,160.18018594,160.62954124,159.0717762,159.91057276,160.18018594,60517176.0,3229662145.15,0.5623,-0.1683,1,0
2025-03-18,sh.601318,160.8691974,162.33709138,160.68945528,161.04893952,159.91057276,58774002.0,3164655446.65,0.5461,0.7119,1,0
2025-03-19,sh.601318,160.80928336,162.6666186,160.47975614,161.97760714,161.04893952,50987421.0,2751845206.48,0.4737,0.5766,1,0
2025-03-20,sh.601318,161.9176931,161.94765012,156.46551546,157.24439798,161.97760714,114072346.0,6007424559.04,1.0599,-2.9221,1,0
2025-03-21,sh.601318,156.9747848,157.75366732,154.81787936,155.0275785,157.24439798,79571468.0,4145943295.05,0.7393,-1.4098,1,0
2025-03-24,sh.601318,155.23727764,156.61530056,155.23727764,156.16594526,155.0275785,50865690.0,2646991165.97,0.4726,0.7343,1,0
2025-03-25,sh.601318,156.2258593,156.40560142,155.23727764,155.65667592,156.16594526,34440224.0,1790739698.82,0.32,-0.3261,1,0
2025-03-26,sh.601318,155.71658996,156.04611718,154.93770744,154.93770744,155.65667592,40399461.0,2094936176.07,0.3754,-0.4619,1,0
2025-03-27,sh.601318,154.90775042,157.1245699,154.36852406,155.95624612,154.93770744,43216872.0,2248679010.83,0.4015,0.6574,1,0
2025-03-28,sh.601318,156.3756444,156.88491374,155.3271487,155.65667592,155.95624612,35366353.0,1841078405.98,0.3286,-0.1921,1,0
2025-03-31,sh.601318,155.4769338,156.5254295,153.94912578,154.66809426,155.65667592,46838971.0,2423816080.07,0.4352,-0.6351,1,0
2025-04-01,sh.601318,154.5782232,155.35710572,154.00903982,154.63813724,154.66809426,39432057.0,2035352505.07,0.3664,-0.0194,1,0
2025-04-02,sh.601318,154.51830916,155.65667592,154.36852406,155.35710572,154.63813724,28327427.0,1467236071.49,0.2632,0.4649,1,0
2025-04-03,sh.601318,153.94912578,155.776504,153.91916876,154.21873896,155.35710572,37334782.0,1927750539.89,0.3469,-0.7327,1,0
2025-04-07,sh.601318,147.6881086,149.09608854,140.797994,145.47128912,154.21873896,172755841.0,8362219629.49,1.6051,-5.6721,1,0
2025-04-08,sh.601318,145.4413321,147.56828052,144.0932662,147.56828052,145.47128912,111752977.0,5446468217.79,1.0383,1.4415,1,0
2025-04-09,sh.601318,146.1902576,147.5383235,144.87214872,146.57969886,147.56828052,73790650.0,3604799241.88,0.6856,-0.6699,1,0
2025-04-10,sh.601318,147.86785072,149.1859596,147.41849542,148.22733496,146.57969886,65791545.0,3258096137.76,0.6113,1.1241,1,0
2025-04-11,sh.601318,148.22733496,148.40707708,146.72948396,147.8378937,148.22733496,45012106.0,2216984585.55,0.4182,-0.2627,1,0
2025-04-14,sh.601318,148.5868192,149.3357447,148.10750688,148.22733496,147.8378937,38748414.0,1922228961.61,0.36,0.2634,1,0
2025-04-15,sh.601318,148.22733496,149.69522894,147.56828052,149.27583066,148.22733496,40776211.0,2021902572.15,0.3789,0.7074,1,0
2025-04-16,sh.601318,148.94630344,150.29436934,147.9876788,149.42561576,149.27583066,46792350.0,2323052329.97,0.4348,0.1003,1,0
2025-04-17,sh.601318,148.85643238,150.62389656,148.52690516,150.26441232,149.42561576,37704289.0,1884423296.17,0.3503,0.5613,1,0
2025-04-18,sh.601318,149.9348851,151.76226332,149.6353149,151.10320888,150.26441232,33881100.0,1706307227.66,0.3148,0.5582,1,0
2025-04-21,sh.601318,150.9833808,151.61247822,150.3842404,150.62389656,151.10320888,26378406.0,1329681851.62,0.2451,-0.3172,1,0
2025-04-22,sh.601318,150.3842404,152.15170458,150.14458424,151.49265014,150.62389656,35509783.0,1793621625.57,0.3299,0.5768,1,0
2025-04-23,sh.601318,152.06183352,152.6310169,151.16312292,151.8820914,151.49265014,29877321.0,1515452317.1,0.2776,0.2571,1,0
2025-04-24,sh.601318,151.8820914,154.21873896,151.8820914,153.43985644,151.8820914,42383943.0,2170142048.92,0.3938,1.0256,1,0
2025-04-25,sh.601318,153.49977048,154.54826618,153.43985644,153.76938366,153.43985644,36849939.0,1894916291.48,0.3424,0.2148,1,0
2025-04-28,sh.601318,151.04329484,153.79934068,149.87497106,153.40989942,153.76938366,51866550.0,2632952958.86,0.4819,-0.2338,1,0
2025-04-29,sh.601318,153.29007134,154.69805128,152.36140372,152.780802,153.40989942,33754005.0,1725062887.35,0.3136,-0.4101,1,0
2025-04-30,sh.601318,153.0803722,154.4284381,151.82217736,151.91204842,152.780802,37794426.0,1927976843.15,0.3512,-0.5686,1,0
2025-05-06,sh.601318,152.780802,153.2301573,151.4327361,152.1816616,151.91204842,39151245.0,1992284114.91,0.3638,0.1775,1,0
2025-05-07,sh.601318,154.03899684,154.66809426,152.87067306,153.32002836,152.1816616,42063972.0,2156676084.15,0.3908,0.748,1,0
2025-05-08,sh.601318,152.81075902,156.8249997,152.4812318,155.65667592,153.32002836,67134993.0,3487932290.18,0.6238,1.524,1,0
2025-05-09,sh.601318,155.50689082,156.25581632,155.0275785,155.0275785,155.65667592,29070923.0,1507958915.35,0.2701,-0.4042,1,0
2025-05-12,sh.601318,156.46551546,158.0232805,155.776504,157.5739252,155.0275785,57737170.0,3028226079.46,0.5365,1.6425,1,0
2025-05-13,sh.601318,158.14310858,158.14310858,156.5254295,157.15452692,157.5739252,40392012.0,2117089329.22,0.3753,-0.2662,1,0
2025-05-14,sh.601318,157.1245699,165.30283636,156.79504268,163.83494238,157.15452692,157722961.0,8541172666.05,1.4655,4.2509,1,0
2025-05-15,sh.601318,162.93623178,164.1644696,162.0674782,162.5168335,163.83494238,56930342.0,3095268721.07,0.529,-0.8045,1,0
2025-05-16,sh.601318,161.9176931,163.08601688,159.91057276,159.94052978,162.5168335,46612951.0,2499109898.78,0.4331,-1.5853,1,0
2025-05-19,sh.601318,159.64095958,160.95906846,159.3713464,159.6709166,159.94052978,32426624.0,1730493311.95,0.3013,-0.1686,1,0
2025-05-20,sh.601318,160.1202719,162.30713436,159.9704868,160.80928336,159.6709166,35266900.0,1895934592.19,0.3277,0.7129,1,0
2025-05-21,sh.601318,160.8691974,162.9661888,160.8691974,161.3185527,160.80928336,33306582.0,1800759244.04,0.3095,0.3167,1,0
2025-05-22,sh.601318,161.04893952,161.73795098,160.35992806,161.28859568,161.3185527,24065765.0,1294403113.72,0.2236,-0.0186,1,0
2025-05-23,sh.601318,161.19872462,163.14593092,159.28147534,159.46121746,161.28859568,43049136.0,2314052457.28,0.4,-1.133,1,0
2025-05-26,sh.601318,159.25151832,162.2172633,158.772206,159.9704868,159.46121746,38812968.0,2078107531.14,0.3606,0.3194,1,0
2025-05-27,sh.601318,159.9704868,161.34850972,159.6709166,159.9704868,159.9704868,25572531.0,1368911112.02,0.2376,0.0,1,0
2025-05-28,sh.601318,159.9704868,160.83924038,159.13169024,159.64095958,159.9704868,26169794.0,1396312011.86,0.2432,-0.206,1,0
2025-05-29,sh.601318,159.6709166,161.25863866,159.04181918,160.32997104,159.64095958,34868262.0,1868004330.4,0.324,0.4316,1,0
2025-05-30,sh.601318,159.88061574,160.83924038,158.3228507,159.61100256,160.32997104,41723855.0,2221553128.02,0.3877,-0.4484,1,0
2025-06-03,sh.601318,159.40130342,162.09743522,158.772206,161.3185527,159.61100256,45373821.0,2430686987.22,0.4216,1.0698,1,0
2025-06-04,sh.601318,160.59958422,162.2172633,160.59958422,161.04893952,161.3185527,43089681.0,2322941428.98,0.4004,-0.1671,1,0
2025-06-05,sh.601318,161.07889654,162.30713436,160.74936932,161.73795098,161.04893952,41909990.0,2260023900.04,0.3894,0.4278,1,0
2025-06-06,sh.601318,161.767908,162.12739224,159.8207017,160.00044382,161.73795098,40855330.0,2191002621.24,0.3796,-1.0743,1,0
2025-06-09,sh.601318,160.4198421,161.58816588,160.270057,160.92911144,160.00044382,39788727.0,2137162081.35,0.3697,0.5804,1,0
2025-06-10,sh.601318,160.89915442,162.0674782,159.70087362,160.06035786,160.92911144,46707945.0,2510066317.07,0.434,-0.5398,1,0
2025-06-11,sh.601318,159.9704868,163.7151143,159.9704868,163.14593092,160.06035786,68183015.0,3704026067.86,0.6335,1.9278,1,0
2025-06-12,sh.601318,162.6666186,165.75219166,161.85777906,164.19442662,163.14593092,58999906.0,3231103730.46,0.5482,0.6427,1,0
2025-06-13,sh.601318,164.25434066,164.4640398,162.60670456,163.20584496,164.19442662,48022896.0,2616565694.41,0.4462,-0.6021,1,0
2025-06-16,sh.601318,162.75648966,163.50541516,161.94765012,162.72653264,163.20584496,49677075.0,2697778320.15,0.4616,-0.2937,1,0
2025-06-17,sh.601318,162.6666186,163.29571602,161.58816588,162.45691946,162.72653264,50628878.0,2745763183.09,0.4704,-0.1657,1,0
2025-06-18,sh.601318,162.30713436,162.60670456,159.6709166,161.19872462,162.45691946,46936380.0,2518852918.02,0.4361,-0.7745,1,0
2025-06-19,sh.601318,160.83924038,161.1687676,159.13169024,159.3713464,161.19872462,40188078.0,2143533731.1,0.3734,-1.1336,1,0
2025-06-20,sh.601318,159.34138938,164.34421172,159.34138938,163.98472748,159.3713464,84743047.0,4606219515.27,0.7874,2.8947,1,0
2025-06-23,sh.601318,163.265759,165.5125355,162.54679052,165.0631802,163.98472748,61470513.0,3373267493.85,0.5711,0.6577,1,0
2025-06-24,sh.601318,165.39270742,170.66514294,165.3627504,170.12591658,165.0631802,104079789.0,5873914856.71,0.967,3.0672,1,0
2025-06-25,sh.601318,170.1558736,173.750716,169.49681916,173.39123176,170.12591658,104613132.0,5998384733.81,0.972,1.9194,1,0
2025-06-26,sh.601318,173.12161858,173.99037216,172.16299394,172.49252116,173.39123176,50073981.0,2888896788.43,0.4653,-0.5183,1,0
2025-06-27,sh.601318,172.49252116,174.14015726,169.58669022,170.63518592,172.49252116,66763167.0,3832894681.9,0.6203,-1.0768,1,0
2025-06-30,sh.601318,171.066651,172.4536779,169.92620666,171.00500536,170.63513152,56478195.0,3133724720.45,0.5248,0.2168,1,0
2025-07-01,sh.601318,171.55981612,172.26874098,170.4501946,171.6831074,171.00500536,35274636.0,1961556961.13,0.3278,0.3965,1,0
2025-07-02,sh.601318,171.6831074,172.63861482,170.6043087,172.02215842,171.6831074,39562902.0,2204210315.9,0.3676,0.1975,1,0
2025-07-03,sh.601318,172.2995638,173.2242484,171.55981612,171.9913356,172.02215842,32510060.0,1817404361.66,0.3021,-0.0179,1,0
2025-07-04,sh.601318,171.6831074,176.89216398,170.85089126,174.36469274,171.9913356,65454405.0,3695501729.12,0.6082,1.3799,1,0
2025-07-07,sh.601318,174.42633838,175.0736176,172.79272892,173.93317326,174.36469274,32176278.0,1813966809.18,0.299,-0.2475,1,0
2025-07-08,sh.601318,173.8407048,175.01197196,172.94684302,173.9948189,173.93317326,34345972.0,1939149952.41,0.3191,0.0354,1,0
2025-07-09,sh.601318,173.9948189,175.01197196,172.23791816,172.2995638,173.9948189,39546279.0,2223715808.05,0.3674,-0.9743,1,0
2025-07-10,sh.601318,172.2995638,177.47779756,172.02215842,176.09077066,172.2995638,82888153.0,4726621457.43,0.7701,2.2004,1,0
2025-07-11,sh.601318,175.690074,181.91628364,175.56678272,177.87849422,176.09077066,107642894.0,6269330973.4,1.0002,1.0152,1,0
2025-07-14,sh.601318,177.81684858,179.51210368,177.44697474,177.44697474,177.87849422,44905762.0,2598863547.11,0.4172,-0.2426,1,0
2025-07-15,sh.601318,178.0017855,178.64906472,175.62842836,175.9983022,177.44697474,44172553.0,2535144762.22,0.4104,-0.8164,1,0
2025-07-16,sh.601318,176.21406194,176.42982168,173.25507122,175.16608606,175.9983022,48182460.0,2728239344.48,0.4477,-0.4729,1,0
2025-07-17,sh.601318,174.7653894,175.87501092,174.70374376,175.10444042,175.16608606,27712343.0,1575012869.75,0.2575,-0.0352,1,0
2025-07-18,sh.601318,175.5359599,177.0771009,175.25855452,175.90583374,175.10444042,43623995.0,2492884492.83,0.4053,0.4577,1,0
2025-07-21,sh.601318,176.1524163,178.0017855,175.3818458,176.27570758,175.90583374,46673343.0,2671242928.78,0.4337,0.2103,1,0
2025-07-22,sh.601318,176.27570758,176.3065304,172.9160202,174.7653894,176.27570758,69520325.0,3930402694.05,0.6459,-0.8568,1,0
2025-07-23,sh.601318,175.19690888,179.94362316,175.10444042,178.772356,174.7653894,86940674.0,5020698335.41,0.8078,2.2928,1,0
2025-07-24,sh.601318,178.67988754,181.854638,177.87849422,180.74501648,178.772356,70773738.0,4142271385.15,0.6576,1.1034,1,0
2025-07-25,sh.601318,179.6970406,180.4676111,178.21754524,179.01893856,180.74501648,50833457.0,2958837440.46,0.4723,-0.955,1,0
2025-07-28,sh.601318,179.3888124,185.5533764,179.3888124,185.21432538,179.01893856,122121733.0,7297531196.6,1.1347,3.4607,1,0
2025-07-29,sh.601318,185.12185692,185.79995896,182.99508234,183.36495618,185.21432538,56609200.0,3380012574.83,0.526,-0.9985,1,0
2025-07-30,sh.601318,183.33413336,189.03635506,182.9334367,187.12534022,183.36495618,92199271.0,5600001965.56,0.8567,2.0508,1,0
2025-07-31,sh.601318,186.20065562,186.478061,179.94362316,180.89913058,187.12534022,82760070.0,4910516273.74,0.769,-3.3273,1,0
2025-08-01,sh.601318,180.86830776,182.03957492,179.01893856,179.3888124,180.89913058,48878624.0,2860162236.12,0.4542,-0.8349,1,0
2025-08-04,sh.601318,179.0805842,179.82033188,178.3100137,179.41963522,179.3888124,36007832.0,2092312969.11,0.3346,0.0172,1,0
2025-08-05,sh.601318,179.6970406,183.11837362,179.3888124,182.28615748,179.41963522,48295614.0,2837798909.03,0.4487,1.5977,1,0
2025-08-06,sh.601318,182.28615748,183.82729848,181.29982724,182.03957492,182.28615748,32446873.0,1916931440.99,0.3015,-0.1353,1,0
2025-08-07,sh.601318,182.19368902,183.27248772,180.40596546,181.48476416,182.03957492,32797153.0,1932522823.06,0.3047,-0.3048,1,0
2025-08-08,sh.601318,181.48476416,181.5464098,179.45045804,180.43678828,181.48476416,39793332.0,2331643860.37,0.3697,-0.5774,1,0
2025-08-11,sh.601318,181.14571314,182.28615748,180.22102854,180.22102854,180.43678828,43186911.0,2535939660.51,0.4013,-0.1196,1,0
2025-08-12,sh.601318,180.22102854,182.07039774,180.22102854,181.0840675,180.22102854,42698545.0,2507882892.03,0.3967,0.4789,1,0
2025-08-13,sh.601318,181.60805544,183.0875508,180.19020572,180.65254802,181.0840675,72845320.0,4285477114.74,0.6768,-0.2383,1,0
2025-08-14,sh.601318,181.2381816,186.7862892,181.14571314,183.76565284,180.65254802,102276751.0,6132887144.52,0.9503,1.7233,1,0
2025-08-15,sh.601318,183.7040072,186.3239469,181.854638,184.3204636,183.76565284,89296811.0,5342602446.72,0.8297,0.3019,1,0
2025-08-18,sh.601318,184.69033744,186.0157187,182.90261388,182.90261388,184.3204636,95726282.0,5730767229.78,0.8894,-0.7692,1,0
2025-08-19,sh.601318,184.22799514,185.49173076,179.01893856,179.3888124,182.90261388,95480996.0,5626016599.78,0.8872,-1.9211,1,0
2025-08-20,sh.601318,179.04976138,182.4710944,177.81684858,182.4710944,179.3888124,76272484.0,4453267555.24,0.7087,1.7182,1,0
2025-08-21,sh.601318,182.4710944,184.81362872,181.57723262,183.76565284,182.4710944,57460093.0,3420554066.19,0.5339,0.7095,1,0
2025-08-22,sh.601318,183.42660182,186.50888382,183.21084208,186.478061,183.76565284,78097427.0,4689312102.96,0.7256,1.476,1,0
2025-08-25,sh.601318,186.7862892,188.1733161,185.27597102,188.019202,186.478061,67011268.0,4065994393.89,0.6226,0.8264,1,0
2025-08-26,sh.601318,187.7109738,188.019202,186.3239469,186.53970664,188.019202,49198628.0,2984830237.5,0.4571,-0.7869,1,0
2025-08-27,sh.601318,186.10818716,186.3239469,180.89913058,180.89913058,186.53970664,106455786.0,6325335934.31,0.9891,-3.0238,1,0
2025-08-28,sh.601318,181.0840675,182.22451184,179.72786342,181.36147288,180.89913058,63610466.0,3734301052.68,0.591,0.2556,1,0
2025-08-29,sh.601318,181.7005239,188.3274302,181.66970108,184.56704616,181.36147288,108030923.0,6488619820.31,1.0038,1.7675,1,0
2025-09-01,sh.601318,184.28964078,184.28964078,179.78950906,180.34431982,184.56704616,94852489.0,5566516443.11,0.8813,-2.2879,1,0
2025-09-02,sh.601318,180.313497,181.2381816,179.45045804,180.80666212,180.34431982,64903633.0,3797585374.7,0.603,0.2564,1,0
2025-09-03,sh.601318,181.66970108,182.1628662,176.79969552,178.09425396,180.80666212,71474642.0,4150607723.07,0.6705,-1.5002,1,0
2025-09-04,sh.601318,178.06343114,178.67988754,175.87501092,177.231215,178.09425396,72743607.0,4183559781.08,0.6824,-0.4846,1,0
2025-09-05,sh.601318,177.231215,178.95729292,175.78254246,178.4641278,177.231215,55818427.0,3207319734.5,0.5236,0.6957,1,0
2025-09-08,sh.601318,178.03260832,178.89564728,176.67640424,177.8476714,178.4641278,48773339.0,2814135142.0,0.4575,-0.3454,1,0
2025-09-09,sh.601318,178.03260832,179.66621778,177.3853291,178.772356,177.8476714,51891144.0,3004298500.8,0.4868,0.5199,1,0
2025-09-10,sh.601318,178.06343114,179.26552112,177.60108884,178.37165934,178.772356,30846974.0,1786675714.58,0.2894,-0.2241,1,0
2025-09-11,sh.601318,178.4641278,180.89913058,177.5394432,180.89913058,178.37165934,59507207.0,3464480190.12,0.5582,1.417,1,0
2025-09-12,sh.601318,181.79299236,182.4710944,177.231215,177.78602576,180.89913058,73537627.0,4277497748.82,0.6898,-1.7209,1,0
2025-09-15,sh.601318,177.6935573,178.74153318,175.96747938,176.70722706,177.78602576,54684242.0,3147658744.56,0.513,-0.6068,1,0
2025-09-16,sh.601318,176.7688727,177.0771009,174.148933,174.51880684,176.70722706,68571361.0,3894056718.59,0.6433,-1.2384,1,0
2025-09-17,sh.601318,174.64209812,175.59760554,173.9948189,174.36469274,174.51880684,68465187.0,3878151156.9,0.6423,-0.0883,1,0
2025-09-18,sh.601318,174.58045248,174.67292094,169.86456102,170.38854896,174.36469274,101207356.0,5649599208.97,0.9494,-2.2804,1,0
2025-09-19,sh.601318,170.41937178,172.607792,169.52551,169.8337382,170.38854896,54332111.0,3008279779.78,0.5097,-0.3256,1,0
2025-09-22,sh.601318,170.66595434,171.5289933,169.52551,169.9878523,169.8337382,37443768.0,2068811783.84,0.3513,0.0907,1,0
2025-09-23,sh.601318,169.61797846,171.96051278,168.72411668,169.58715564,169.9878523,61296096.0,3385890145.3,0.575,-0.2357,1,0
2025-09-24,sh.601318,170.41937178,171.8372215,169.3713959,170.41937178,169.58715564,50317433.0,2781363925.22,0.472,0.4907,1,0
2025-09-25,sh.601318,170.38854896,170.72759998,169.61797846,169.80291538,170.41937178,51429616.0,2838283233.55,0.4825,-0.3617,1,0
2025-09-26,sh.601318,169.58715564,171.2207651,168.47753412,170.20361204,169.80291538,54862187.0,3021459544.38,0.5147,0.236,1,0
2025-09-29,sh.601318,170.08032076,176.67640424,169.61797846,172.63861482,170.20361204,103510992.0,5816595783.32,0.971,1.4306,1,0
2025-09-30,sh.601318,171.9913356,173.2242484,169.52551,169.86456102,172.63861482,76708187.0,4247640484.95,0.7196,-1.6069,1,0
2025-10-09,sh.601318,169.64880128,170.38854896,167.2137985,169.64880128,169.86456102,82406748.0,4521397149.76,0.773,-0.127,1,0
2025-10-10,sh.601318,168.69329386,172.51532354,168.69329386,171.18994228,169.64880128,64146532.0,3560844772.52,0.6017,0.9084,1,0
2025-10-13,sh.601318,168.01519182,170.54266306,168.01519182,169.8337382,171.18994228,60965598.0,3353288997.75,0.5719,-0.7922,1,0
2025-10-14,sh.601318,171.31323356,174.70374376,171.12829664,174.08728736,169.8337382,102294025.0,5757976240.66,0.9596,2.5045,1,0
2025-10-15,sh.601318,174.08728736,178.67988754,173.5324766,178.18672242,174.08728736,83704628.0,4793965559.41,0.7852,2.3548,1,0
2025-10-16,sh.601318,177.78602576,180.56007956,177.57026602,178.83400164,178.18672242,68147820.0,3966486441.38,0.6393,0.3633,1,0
2025-10-17,sh.601318,178.772356,180.25185136,176.21406194,176.55311296,178.83400164,67749281.0,3916934527.0,0.6355,-1.2754,1,0
2025-10-20,sh.601318,179.78950906,180.52925674,177.0771009,178.4641278,176.55311296,52669469.0,3058431634.29,0.4941,1.0824,1,0
2025-10-21,sh.601318,178.55659626,181.60805544,178.55659626,179.01893856,178.4641278,76220049.0,4456452771.02,0.715,0.3109,1,0
2025-10-22,sh.601318,178.772356,180.313497,178.55659626,179.41963522,179.01893856,37989266.0,2211002991.15,0.3564,0.2238,1,0
2025-10-23,sh.601318,179.45045804,181.45394134,179.04976138,181.0840675,179.41963522,50350104.0,2943942596.15,0.4723,0.9277,1,0
2025-10-24,sh.601318,182.14930602,183.24583607,180.92745825,181.33474084,181.0841054,55824170.0,3240224544.67,0.5237,0.1384,1,0
2025-10-27,sh.601318,181.710694,182.93254177,180.1442225,180.92745825,181.33474084,68500438.0,3964893062.54,0.6426,-0.2246,1,0
2025-10-28,sh.601318,181.05277597,182.43127089,180.52017566,180.95878768,180.92745825,49130508.0,2842864952.9,0.4609,0.0173,1,0
2025-10-29,sh.601318,183.5904598,187.0366971,183.24583607,184.68698985,180.95878768,104443161.0,6172236794.81,0.9798,2.0602,1,0
2025-10-30,sh.601318,185.7835199,188.2898743,183.52780094,183.74710695,184.68698985,74571283.0,4424147710.75,0.6995,-0.5089,1,0
2025-10-31,sh.601318,184.81230757,184.81230757,181.0841054,181.17809369,183.74710695,57254154.0,3331214747.55,0.5371,-1.3981,1,0
2025-11-03,sh.601318,182.55658861,183.9037541,181.27208198,182.68190633,181.17809369,41143033.0,2399870469.72,0.386,0.83,1,0
2025-11-04,sh.601318,182.80722405,185.25091959,182.3372826,184.65566042,182.68190633,51812600.0,3045009960.8,0.486,1.0804,1,0
2025-11-05,sh.601318,182.9638712,184.34236612,181.46005856,182.71323576,184.65566042,40215785.0,2348603000.58,0.3773,-1.0519,1,0
2025-11-06,sh.601318,182.80722405,185.72086104,182.77589462,184.5303427,182.71323576,54734599.0,3224909538.0,0.5135,0.9945,1,0
2025-11-07,sh.601318,184.15438954,185.31357845,183.77843638,184.49901327,184.5303427,37191041.0,2191134861.25,0.3489,-0.017,1,0
2025-11-10,sh.601318,184.37369555,186.0968142,183.08918892,185.7835199,184.49901327,52948721.0,3132320906.12,0.4967,0.6962,1,0
2025-11-11,sh.601318,185.7835199,186.4101085,184.24837783,185.4702256,185.7835199,36250376.0,2143772917.28,0.3401,-0.1686,1,0
2025-11-12,sh.601318,185.7835199,190.45160497,185.7835199,188.07056829,185.4702256,149024584.0,8994592304.48,1.398,1.402,1,0
2025-11-13,sh.601318,188.88513347,192.30004134,188.88513347,190.73356984,188.07056829,89018699.0,5421878882.14,0.8351,1.416,1,0
2025-11-14,sh.601318,190.63958155,195.08836061,190.01299295,190.01299295,190.73356984,75274101.0,4630168806.01,0.7061,-0.3778,1,0
2025-11-17,sh.601318,190.13831067,191.109523,186.28479078,187.44397969,190.01299295,56019716.0,3354710744.83,0.5255,-1.352,1,0
2025-11-18,sh.601318,186.94270881,188.44652145,186.34744964,186.78606166,187.44397969,44571218.0,2663627684.28,0.4181,-0.351,1,0
2025-11-19,sh.601318,187.3499914,191.48547616,187.06802653,189.13576891,186.78606166,70586509.0,4268493623.8,0.6622,1.258,1,0
2025-11-20,sh.601318,189.8563458,191.57946445,188.07056829,188.6031686,189.13576891,39449064.0,2387256690.59,0.3701,-0.2816,1,0
2025-11-21,sh.601318,187.97658,188.2898743,184.46768384,184.56167213,188.6031686,68557969.0,4067315651.66,0.6431,-2.1429,1,0
2025-11-24,sh.601318,185.34490788,185.4702256,182.80722405,182.9638712,184.56167213,53470919.0,3141756213.56,0.5016,-0.8657,1,0
2025-11-25,sh.601318,183.84109524,187.41265026,182.43127089,186.31612021,182.9638712,48777097.0,2887514429.48,0.4576,1.8322,1,0
2025-11-26,sh.601318,186.91137938,188.66582746,185.84617876,187.28733254,186.31612021,43469273.0,2598031332.74,0.4078,0.5213,1,0
2025-11-27,sh.601318,186.4101085,187.13068539,183.9037541,185.90883762,187.28733254,50570087.0,2993560813.35,0.4744,-0.736,1,0
2025-11-28,sh.601318,185.50155503,185.75219047,183.30849493,184.81230757,185.90883762,43355814.0,2553839885.71,0.4067,-0.5898,1,0
2025-12-01,sh.601318,184.56167213,185.40756674,182.99520063,183.68444809,184.81230757,44580406.0,2614280155.99,0.4182,-0.6103,1,0
2025-12-02,sh.601318,184.2170484,186.0968142,183.12051835,184.2170484,183.68444809,37383734.0,2200530386.89,0.3507,0.29,1,0
2025-12-03,sh.601318,184.06040125,184.90629586,182.18063545,182.80722405,184.2170484,33549447.0,1961924290.85,0.3147,-0.7653,1,0
2025-12-04,sh.601318,182.80722405,183.43381265,182.36861203,183.43381265,182.80722405,21766366.0,1271252461.35,0.2042,0.3428,1,0
2025-12-05,sh.601318,183.74710695,194.8690546,183.43381265,194.21113657,183.43381265,137794827.0,8385205487.59,1.2926,5.8753,1,0
2025-12-08,sh.601318,194.36778372,199.8817634,194.242466,198.6285862,194.21113657,102997868.0,6514118719.63,0.9662,2.2746,1,0
2025-12-09,sh.601318,198.6285862,199.53713967,195.55830206,195.65229035,198.6285862,48373102.0,3044070518.32,0.4538,-1.4984,1,0
2025-12-10,sh.601318,196.31020838,197.56338558,194.64974859,195.96558465,195.65229035,44882218.0,2808948856.5,0.421,0.1601,1,0
2025-12-11,sh.601318,196.7488204,198.50326848,194.77506631,195.90292579,195.96558465,47796340.0,2990603756.48,0.4484,-0.032,1,0
2025-12-12,sh.601318,195.99691408,200.79031687,195.52697263,200.22638713,195.90292579,109176025.0,6926125694.12,1.0242,2.2069,1,0
2025-12-15,sh.601318,199.50581024,211.28567592,199.00453936,210.15781644,200.22638713,154664260.0,10258390316.01,1.4509,4.9601,1,0
2025-12-16,sh.601318,208.99862753,213.38474773,207.27550888,209.907181,210.15781644,105682134.0,7074646043.38,0.9914,-0.1193,1,0
2025-12-17,sh.601318,210.06382815,215.01387809,208.81065095,213.19677115,209.907181,96211778.0,6513277291.36,0.9025,1.5672,1,0
2025-12-18,sh.601318,212.66417084,214.85723094,211.75561737,214.6065955,213.19677115,56360590.0,3839846393.27,0.5287,0.6613,1,0
2025-12-19,sh.601318,213.51006545,215.48381954,211.7869468,215.38983125,214.6065955,63847643.0,4363697642.1,0.5989,0.365,1,0
2025-12-22,sh.601318,215.2331841,217.01896161,213.6667126,214.73191322,215.38983125,55694201.0,3824247200.17,0.5225,-0.3055,1,0
2025-12-23,sh.601318,214.79457208,220.05791632,214.13665405,217.70820907,214.73191322,76571991.0,5324655841.95,0.7183,1.3861,1,0
2025-12-24,sh.601318,216.70566731,217.36358534,214.13665405,216.26705529,217.70820907,51131950.0,3522990019.66,0.4797,-0.662,1,0
2025-12-25,sh.601318,216.173067,225.50923714,216.11040814,221.8123644,216.26705529,77789813.0,5513013481.16,0.7297,2.5641,1,0
2025-12-26,sh.601318,220.68450492,225.44657828,220.65317549,222.94022388,221.8123644,65701677.0,4689142905.54,0.6163,0.5085,1,0
2025-12-29,sh.601318,222.438953,224.50669538,218.64809197,218.93005684,222.94022388,65566518.0,4622483554.37,0.6151,-1.7988,1,0
2025-12-30,sh.601318,218.52277425,220.02658689,214.26197177,215.5464784,218.93005684,104667372.0,7226865061.61,0.9819,-1.5455,1,0
2025-12-31,sh.601318,215.48381954,216.89364389,213.51006545,214.2933012,215.5464784,45806869.0,3141993176.56,0.4297,-0.5814,1,0
2021-01-04,sh.688981,58.37,59.06,56.75,58.26,57.75,39652638.0,2305861381.1,3.8119,0.8831,1,0
2021-01-05,sh.688981,57.0,58.79,56.8,58.77,58.26,38817232.0,2255983762.53,3.7316,0.8754,1,0
2021-01-06,sh.688981,58.66,61.88,58.44,60.55,58.77,51886520.0,3133441233.34,4.988,3.0288,1,0
2021-01-07,sh.688981,60.96,61.68,57.81,59.23,60.55,43590914.0,2593184284.27,4.1905,-2.18,1,0
2021-01-08,sh.688981,58.71,61.85,58.03,61.59,59.23,59999606.0,3646079780.17,5.7679,3.9845,1,0
2021-01-11,sh.688981,62.25,65.5,62.25,62.7,61.59,72785365.0,4652871376.33,6.997,1.8022,1,0
2021-01-12,sh.688981,63.1,64.1,61.9,63.84,62.7,42961004.0,2724540500.08,4.1299,1.8182,1,0
2021-01-13,sh.688981,63.98,64.59,62.15,62.66,63.84,45294996.0,2861191587.29,4.3543,-1.8484,1,0
2021-01-14,sh.688981,63.0,65.78,61.85,64.14,62.66,69355275.0,4461460093.84,6.6673,2.362,1,0
2021-01-15,sh.688981,65.0,65.59,61.52,61.6,64.14,62858382.0,3989010246.94,6.0427,-3.9601,1,0
2021-01-18,sh.688981,60.85,62.88,60.0,61.68,61.6,66114206.0,4061153493.27,6.0342,0.1299,1,0
2021-01-19,sh.688981,62.0,62.7,60.4,60.48,61.68,45912881.0,2826514118.93,4.1905,-1.9455,1,0
2021-01-20,sh.688981,60.99,61.09,58.91,59.41,60.48,45240435.0,2694244586.53,4.1291,-1.7692,1,0
2021-01-21,sh.688981,59.41,60.35,58.45,59.31,59.41,48062494.0,2853421186.6,4.3867,-0.1683,1,0
2021-01-22,sh.688981,59.31,59.9,57.04,57.15,59.31,46168561.0,2681317841.98,4.2138,-3.6419,1,0
2021-01-25,sh.688981,56.64,58.58,55.82,58.02,57.15,36133968.0,2082488409.1,3.2979,1.5223,1,0
2021-01-26,sh.688981,58.04,59.78,57.8,59.78,58.02,54245815.0,3199844122.91,4.951,3.0334,1,0
2021-01-27,sh.688981,59.8,59.95,57.5,57.72,59.78,33752220.0,1967491696.56,3.0806,-3.446,1,0
2021-01-28,sh.688981,56.68,57.69,56.03,56.04,57.72,25634191.0,1455062583.81,2.3396,-2.9106,1,0
2021-01-29,sh.688981,56.66,57.26,55.3,56.18,56.04,25820988.0,1448643338.3,2.3567,0.2498,1,0
2021-02-01,sh.688981,56.07,57.18,56.07,57.02,56.18,20142475.0,1143820903.53,1.8384,1.4952,1,0
2021-02-02,sh.688981,57.0,57.19,55.75,55.98,57.02,20215108.0,1137667485.75,1.845,-1.8239,1,0
2021-02-03,sh.688981,55.65,56.0,53.71,53.92,55.98,31666335.0,1726524334.13,2.8902,-3.6799,1,0
2021-02-04,sh.688981,53.71,54.99,53.52,54.67,53.92,27490995.0,1491481834.03,2.5091,1.3909,1,0
2021-02-05,sh.688981,54.99,54.99,52.02,52.06,54.67,41922999.0,2225317302.5,3.8263,-4.7741,1,0
2021-02-08,sh.688981,52.22,52.88,51.83,52.01,52.06,23827526.0,1244864067.84,2.1747,-0.096,1,0
2021-02-09,sh.688981,52.07,53.84,51.85,53.71,52.01,25883832.0,1375842840.69,2.3624,3.2686,1,0
2021-02-10,sh.688981,53.71,54.28,53.03,54.03,53.71,21662662.0,1164931821.52,1.9771,0.5958,1,0
2021-02-18,sh.688981,55.08,59.16,54.72,57.94,54.03,58402001.0,3350135653.25,5.3303,7.2367,1,0
2021-02-19,sh.688981,57.3,58.44,57.13,58.4,57.94,28656706.0,1658872962.95,2.6155,0.7939,1,0
2021-02-22,sh.688981,58.55,59.8,57.17,57.48,58.4,35456889.0,2078524523.79,3.2361,-1.5753,1,0
2021-02-23,sh.688981,57.0,58.26,56.5,57.39,57.48,26307962.0,1509192826.37,2.4011,-0.1566,1,0
2021-02-24,sh.688981,57.38,58.66,56.81,57.39,57.39,28567827.0,1648611182.74,2.6074,0.0,1,0
2021-02-25,sh.688981,57.65,57.95,56.25,56.26,57.39,21578645.0,1228683392.28,1.9695,-1.969,1,0
2021-02-26,sh.688981,55.15,55.88,54.84,55.16,56.26,22304101.0,1234884165.33,2.0357,-1.9552,1,0
2021-03-01,sh.688981,55.68,57.78,55.68,57.75,55.16,29661434.0,1684567443.52,2.7072,4.6954,1,0
2021-03-02,sh.688981,60.1,60.5,58.0,58.49,57.75,46003616.0,2717820202.29,4.1987,1.2814,1,0
2021-03-03,sh.688981,58.21,58.8,57.8,58.67,58.49,23567752.0,1375470442.17,2.151,0.3077,1,0
2021-03-04,sh.688981,60.31,61.6,58.96,59.31,58.67,62141596.0,3751645337.99,5.6716,1.0908,1,0
2021-03-05,sh.688981,58.0,58.91,57.71,58.52,59.31,28158457.0,1642365458.34,2.57,-1.332,1,0
2021-03-08,sh.688981,58.99,59.16,56.58,56.66,58.52,29990237.0,1735926223.73,2.7372,-3.1784,1,0
2021-03-09,sh.688981,56.5,56.56,53.57,54.58,56.66,29562011.0,1630197320.91,2.6981,-3.671,1,0
2021-03-10,sh.688981,55.4,56.05,54.3,54.77,54.58,16180695.0,890935897.89,1.4768,0.3481,1,0
2021-03-11,sh.688981,55.06,58.85,54.7,57.79,54.77,37453511.0,2141930501.3,3.4184,5.514,1,0
2021-03-12,sh.688981,57.0,58.25,56.76,57.72,57.79,20807111.0,1197191106.8,1.8991,-0.1211,1,0
2021-03-15,sh.688981,57.2,57.2,55.4,55.74,57.72,22635138.0,1272870397.77,2.0659,-3.4304,1,0
2021-03-16,sh.688981,55.81,56.15,54.5,54.88,55.74,22864164.0,1258066786.67,2.0868,-1.5429,1,0
2021-03-17,sh.688981,54.64,56.05,54.44,55.73,54.88,17546551.0,975129602.81,1.6015,1.5488,1,0
2021-03-18,sh.688981,56.3,56.75,55.48,55.48,55.73,16870452.0,944637539.96,1.5398,-0.4486,1,0
2021-03-19,sh.688981,54.88,55.8,54.6,54.97,55.48,17740228.0,976849239.68,1.6191,-0.9193,1,0
2021-03-22,sh.688981,55.0,55.68,54.89,55.41,54.97,14030653.0,776340935.54,1.2806,0.8004,1,0
2021-03-23,sh.688981,55.63,56.46,54.9,55.28,55.41,17453269.0,973278179.86,1.593,-0.2346,1,0
2021-03-24,sh.688981,54.88,55.05,53.98,54.23,55.28,16385475.0,891018142.37,1.4955,-1.8994,1,0
2021-03-25,sh.688981,54.11,54.66,52.89,52.98,54.23,21779770.0,1169660499.42,1.9878,-2.305,1,0
2021-03-26,sh.688981,53.25,53.96,53.01,53.79,52.98,15869625.0,850282284.57,1.4484,1.5289,1,0
2021-03-29,sh.688981,53.88,55.23,53.88,54.35,53.79,17664752.0,963074390.54,1.6123,1.0411,1,0
2021-03-30,sh.688981,54.69,54.69,54.01,54.36,54.35,12000941.0,652183194.7,1.0953,0.0184,1,0
2021-03-31,sh.688981,54.37,54.37,53.6,54.32,54.36,10578850.0,570868625.32,0.9655,-0.0736,1,0
2021-04-01,sh.688981,54.95,56.29,54.61,55.89,54.32,28694139.0,1598274233.61,2.6189,2.8903,1,0
2021-04-02,sh.688981,57.21,59.48,57.21,58.77,55.89,54913463.0,3221558909.05,5.0119,5.153,1,0
2021-04-06,sh.688981,59.2,59.2,58.01,58.31,58.77,25237628.0,1474629019.21,2.3034,-0.7827,1,0
2021-04-07,sh.688981,58.31,58.62,57.52,58.35,58.31,22049271.0,1278871885.79,2.0124,0.0686,1,0
2021-04-08,sh.688981,58.01,58.8,56.8,56.8,58.35,24728203.0,1428969361.26,2.2569,-2.6564,1,0
2021-04-09,sh.688981,56.9,57.3,56.55,57.02,56.8,17641847.0,1004520837.99,1.6102,0.3873,1,0
2021-04-12,sh.688981,56.92,57.62,56.04,56.05,57.02,17658530.0,1002579939.84,1.6117,-1.7012,1,0
2021-04-13,sh.688981,56.06,56.84,55.55,55.86,56.05,15740699.0,884394521.26,1.4367,-0.339,1,0
2021-04-14,sh.688981,56.0,56.68,55.41,56.47,55.86,18855907.0,1057655929.7,1.721,1.092,1,0
2021-04-15,sh.688981,56.11,57.36,55.76,57.06,56.47,18724710.0,1058090512.03,1.709,1.0448,1,0
2021-04-16,sh.688981,56.55,56.8,55.83,56.31,57.06,17898304.0,1007888373.94,1.6336,-1.3144,1,0
2021-04-19,sh.688981,56.24,57.08,55.8,57.05,56.31,21792435.0,1233959280.69,1.989,1.3142,1,0
2021-04-20,sh.688981,56.71,57.2,55.88,55.89,57.05,21170106.0,1195760461.81,1.9322,-2.0333,1,0
2021-04-21,sh.688981,55.61,55.61,54.5,54.73,55.89,23115656.0,1268634434.55,2.1098,-2.0755,1,0
2021-04-22,sh.688981,54.99,55.58,54.8,55.3,54.73,16336442.0,901689648.52,1.491,1.0415,1,0
2021-04-23,sh.688981,55.55,55.55,55.0,55.17,55.3,12912163.0,713566382.42,1.1785,-0.2351,1,0
2021-04-26,sh.688981,55.31,56.28,54.51,54.51,55.17,22932876.0,1269892513.2,2.0931,-1.1963,1,0
2021-04-27,sh.688981,54.4,55.24,53.93,55.0,54.51,14759720.0,807054878.01,1.3471,0.8989,1,0
2021-04-28,sh.688981,54.88,55.55,54.62,55.36,55.0,15254604.0,841024256.8,1.3923,0.6545,1,0
2021-04-29,sh.688981,55.55,56.25,55.2,55.49,55.36,16057921.0,895056390.5,1.4656,0.2348,1,0
2021-04-30,sh.688981,55.56,55.77,54.57,54.68,55.49,15915403.0,875717341.67,1.4526,-1.4597,1,0
2021-05-06,sh.688981,54.66,55.09,54.51,54.74,54.68,11496889.0,629882693.36,1.0493,0.1097,1,0
2021-05-07,sh.688981,54.75,54.98,53.69,53.77,54.74,16929232.0,915759754.68,1.5451,-1.772,1,0
2021-05-10,sh.688981,53.77,54.07,53.0,54.04,53.77,12571223.0,673897041.37,1.1474,0.5021,1,0
2021-05-11,sh.688981,53.8,53.89,53.18,53.83,54.04,10692083.0,572885841.29,0.9759,-0.3886,1,0
2021-05-12,sh.688981,53.73,55.5,53.6,55.47,53.83,24854923.0,1363564354.22,2.2685,3.0466,1,0
2021-05-13,sh.688981,54.5,55.95,54.5,55.82,55.47,20978585.0,1161245083.37,1.9147,0.631,1,0
2021-05-14,sh.688981,56.7,56.98,55.6,55.86,55.82,26044882.0,1461460270.49,2.3771,0.0717,1,0
2021-05-17,sh.688981,55.62,56.4,55.05,55.08,55.86,20377043.0,1134727003.53,1.8598,-1.3963,1,0
2021-05-18,sh.688981,55.19,55.19,54.49,54.99,55.08,12114700.0,663834121.15,1.1057,-0.1634,1,0
2021-05-19,sh.688981,54.8,55.2,54.58,54.79,54.99,10291028.0,564538563.92,0.9393,-0.3637,1,0
2021-05-20,sh.688981,54.64,55.0,54.15,54.33,54.79,14405784.0,785966199.95,1.3148,-0.8396,1,0
2021-05-21,sh.688981,54.55,54.78,54.0,54.07,54.33,10913665.0,592535864.44,0.9961,-0.4786,1,0
2021-05-24,sh.688981,54.0,55.18,53.83,55.13,54.07,16273082.0,887616279.97,1.4852,1.9604,1,0
2021-05-25,sh.688981,55.29,55.66,54.94,55.56,55.13,20873384.0,1156043667.64,1.9051,0.78,1,0
2021-05-26,sh.688981,55.58,55.99,55.12,55.13,55.56,18036612.0,1001392933.36,1.6462,-0.7739,1,0
2021-05-27,sh.688981,55.01,57.86,54.91,56.87,55.13,48140969.0,2733046833.15,4.3938,3.1562,1,0
2021-05-28,sh.688981,56.3,56.56,55.61,55.78,56.87,24771973.0,1389380092.56,2.2609,-1.9167,1,0
2021-05-31,sh.688981,56.32,56.67,56.01,56.27,55.78,18623946.0,1048902212.72,1.6998,0.8785,1,0
2021-06-01,sh.688981,56.37,57.75,55.98,57.02,56.27,32039426.0,1832324304.96,2.9242,1.3329,1,0
2021-06-02,sh.688981,56.91,56.98,55.79,55.8,57.02,22312361.0,1252877396.0,2.0364,-2.1396,1,0
2021-06-03,sh.688981,55.89,56.24,55.33,55.36,55.8,14215246.0,793335907.74,1.2974,-0.7885,1,0
2021-06-04,sh.688981,54.99,55.96,54.54,55.14,55.36,18182224.0,1003917547.44,1.6595,-0.3974,1,0
2021-06-07,sh.688981,56.0,56.88,56.0,56.18,55.14,22752847.0,1282246126.92,2.0766,1.8861,1,0
2021-06-08,sh.688981,56.2,56.65,55.62,55.73,56.18,17310409.0,969595184.98,1.5799,-0.801,1,0
2021-06-09,sh.688981,55.77,56.65,55.76,56.24,55.73,17701028.0,996135459.02,1.6156,0.9151,1,0
2021-06-10,sh.688981,56.32,56.87,55.9,56.86,56.24,27354233.0,1543653844.14,2.4966,1.1024,1,0
2021-06-11,sh.688981,56.78,56.83,55.46,55.62,56.86,22767250.0,1276661250.22,2.078,-2.1808,1,0
2021-06-15,sh.688981,55.6,55.88,54.99,55.0,55.62,18317911.0,1012327349.0,1.6719,-1.1147,1,0
2021-06-16,sh.688981,54.99,55.8,54.8,55.05,55.0,15652003.0,863789520.14,1.4286,0.0909,1,0
2021-06-17,sh.688981,55.16,60.6,55.04,59.17,55.05,91128350.0,5293100446.96,8.3173,7.4841,1,0
2021-06-18,sh.688981,59.34,59.78,58.01,58.57,59.17,54583054.0,3211108135.95,4.9818,-1.014,1,0
2021-06-21,sh.688981,58.3,58.86,57.38,57.67,58.57,39806958.0,2304196783.38,3.6332,-1.5366,1,0
2021-06-22,sh.688981,57.91,58.15,56.87,57.08,57.67,29481165.0,1688828532.22,2.6907,-1.0231,1,0
2021-06-23,sh.688981,57.3,59.47,57.11,58.54,57.08,51108821.0,2998227621.13,4.6647,2.5578,1,0
2021-06-24,sh.688981,58.53,59.11,57.55,57.7,58.54,27352023.0,1591158654.19,2.4964,-1.4349,1,0
2021-06-25,sh.688981,57.76,59.99,57.76,59.31,57.7,47498889.0,2815476230.95,4.3352,2.7903,1,0
2021-06-28,sh.688981,59.85,60.19,58.86,59.06,59.31,34151510.0,2031203071.3,3.117,-0.4215,1,0
2021-06-29,sh.688981,59.1,60.08,58.7,59.25,59.06,29140881.0,1729638555.31,2.6597,0.3217,1,0
2021-06-30,sh.688981,59.69,62.5,59.4,61.82,59.25,77795053.0,4787665053.77,7.1003,4.3376,1,0
2021-07-01,sh.688981,61.3,61.85,60.0,60.33,61.82,49282719.0,2993921822.46,4.498,-2.4102,1,0
2021-07-02,sh.688981,60.13,60.15,58.05,58.13,60.33,38236120.0,2249100803.93,3.4898,-3.6466,1,0
2021-07-05,sh.688981,57.51,58.65,57.22,58.37,58.13,31723695.0,1838941675.29,2.8954,0.4129,1,0
2021-07-06,sh.688981,58.25,58.45,56.41,57.14,58.37,32527066.0,1867681154.52,2.9687,-2.1072,1,0
2021-07-07,sh.688981,56.61,57.69,56.5,57.51,57.14,21120429.0,1206741363.98,1.9277,0.6475,1,0
2021-07-08,sh.688981,57.74,58.98,57.47,58.3,57.51,33592374.0,1962285341.77,3.066,1.3737,1,0
2021-07-09,sh.688981,57.75,58.0,56.69,56.91,58.3,30164635.0,1720705500.53,2.7531,-2.3842,1,0
2021-07-12,sh.688981,56.88,57.36,55.68,56.61,56.91,32769081.0,1852128144.49,2.9908,-0.5271,1,0
2021-07-13,sh.688981,56.61,57.74,56.41,57.04,56.61,25058408.0,1431475044.72,2.2871,0.7596,1,0
2021-07-14,sh.688981,57.05,57.25,55.95,56.0,57.04,24198366.0,1369952304.92,2.2086,-1.8233,1,0
2021-07-15,sh.688981,56.02,56.15,55.05,55.17,56.0,26114656.0,1445777486.68,2.3835,-1.4821,1,0
2021-07-16,sh.688981,55.78,56.19,54.0,54.03,55.17,59000355.0,3213342861.07,3.1533,-2.0663,1,0
2021-07-19,sh.688981,53.6,53.6,51.21,51.8,54.03,64630346.0,3368021975.5,3.4543,-4.1273,1,0
2021-07-20,sh.688981,51.0,52.1,50.6,51.88,51.8,36123826.0,1862753236.86,1.9307,0.1544,1,0
2021-07-21,sh.688981,51.9,53.04,51.44,52.6,51.88,37091528.0,1944113114.37,1.9824,1.3878,1,0
2021-07-22,sh.688981,52.64,53.42,52.48,53.0,52.6,33485545.0,1774602427.14,1.7897,0.7605,1,0
2021-07-23,sh.688981,53.0,53.05,51.76,51.88,53.0,28975325.0,1513167307.46,1.5486,-2.1132,1,0
2021-07-26,sh.688981,51.85,57.32,51.12,57.2,51.88,97665443.0,5346218472.86,5.2199,10.2544,1,0
2021-07-27,sh.688981,57.4,68.64,57.4,64.4,57.2,308012896.0,19931857929.12,16.4621,12.5874,1,0
2021-07-28,sh.688981,62.95,63.49,58.28,59.26,64.4,172850495.0,10445118042.15,9.2382,-7.9814,1,0
2021-07-29,sh.688981,60.4,64.58,59.37,62.27,59.26,144274403.0,8933640673.85,7.7109,5.0793,1,0
2021-07-30,sh.688981,61.25,66.66,60.9,64.69,62.27,127093434.0,8219565718.89,6.7927,3.8863,1,0
2021-08-02,sh.688981,65.53,70.7,65.0,67.36,64.69,146900287.0,9968123582.78,7.8513,4.1274,1,0
2021-08-03,sh.688981,66.66,67.16,62.21,62.75,67.36,114322875.0,7349419532.69,6.1101,-6.8438,1,0
2021-08-04,sh.688981,62.8,65.18,62.8,63.95,62.75,74374472.0,4757252690.74,3.975,1.9124,1,0
2021-08-05,sh.688981,65.66,67.66,64.63,67.2,63.95,107244634.0,7129748940.96,5.7318,5.0821,1,0
2021-08-06,sh.688981,74.0,74.9,67.44,67.46,67.2,150148947.0,10495065684.44,8.0249,0.3869,1,0
2021-08-09,sh.688981,65.79,66.16,63.5,64.03,67.46,94201217.0,6073021844.17,5.0347,-5.0845,1,0
2021-08-10,sh.688981,63.81,64.45,60.9,62.34,64.03,88438320.0,5529782332.28,4.7267,-2.6394,1,0
2021-08-11,sh.688981,61.88,62.55,61.21,61.51,62.34,48680591.0,3005201162.46,2.6018,-1.3314,1,0
2021-08-12,sh.688981,61.88,63.27,61.73,62.09,61.51,49243607.0,3069985221.58,2.6319,0.9429,1,0
2021-08-13,sh.688981,61.06,61.06,58.2,58.38,62.09,95121559.0,5625454032.85,5.0839,-5.9752,1,0
2021-08-16,sh.688981,58.39,59.7,57.78,58.75,58.38,39643504.0,2331854053.91,2.1188,0.6338,1,0
2021-08-17,sh.688981,58.76,59.3,57.04,57.09,58.75,44080207.0,2552707761.69,2.3559,-2.8255,1,0
2021-08-18,sh.688981,57.09,57.97,56.97,57.92,57.09,26653401.0,1531576213.79,1.4245,1.4538,1,0
2021-08-19,sh.688981,57.9,59.68,57.45,59.17,57.92,44564993.0,2622520580.15,2.3818,2.1581,1,0
2021-08-20,sh.688981,58.74,60.09,58.28,59.31,59.17,37785743.0,2239898242.33,2.0195,0.2366,1,0
2021-08-23,sh.688981,59.28,59.8,58.43,59.41,59.31,33218907.0,1970352494.23,1.7754,0.1686,1,0
2021-08-24,sh.688981,59.53,60.88,59.29,59.79,59.41,42277770.0,2539659466.13,2.2596,0.6396,1,0
2021-08-25,sh.688981,60.06,60.42,58.66,59.02,59.79,28157401.0,1662727168.24,1.5049,-1.2878,1,0
2021-08-26,sh.688981,59.5,60.66,58.87,58.91,59.02,39590714.0,2370264143.37,2.116,-0.1864,1,0
2021-08-27,sh.688981,58.77,58.85,57.51,57.92,58.91,32051402.0,1857969299.1,1.713,-1.6805,1,0
2021-08-30,sh.688981,59.05,59.69,57.85,58.09,57.92,38596024.0,2266157528.89,2.0628,0.2935,1,0
2021-08-31,sh.688981,58.0,58.0,54.91,55.69,58.09,57508298.0,3216513754.51,3.0736,-4.1315,1,0
2021-09-01,sh.688981,55.72,56.52,54.62,55.97,55.69,39018984.0,2163974881.65,2.0854,0.5028,1,0
2021-09-02,sh.688981,55.6,56.22,54.99,55.19,55.97,29679083.0,1645804200.5,1.5862,-1.3936,1,0
2021-09-03,sh.688981,55.1,57.86,54.86,56.77,55.19,50609795.0,2856085740.68,2.7049,2.8628,1,0
2021-09-06,sh.688981,56.27,57.21,55.5,56.82,56.77,31811579.0,1798060942.98,1.7002,0.0881,1,0
2021-09-07,sh.688981,56.7,57.57,56.51,56.94,56.82,24261995.0,1382965339.54,1.2967,0.2112,1,0
2021-09-08,sh.688981,56.98,57.4,56.61,57.0,56.94,27424967.0,1563752302.94,1.4658,0.1054,1,0
2021-09-09,sh.688981,56.97,57.24,56.0,56.59,57.0,27927916.0,1577691515.43,1.4926,-0.7193,1,0
2021-09-10,sh.688981,56.21,58.78,56.2,58.27,56.59,55177165.0,3196782067.63,2.949,2.9687,1,0
2021-09-13,sh.688981,57.98,58.43,57.3,57.68,58.27,27710418.0,1598770834.6,1.481,-1.0125,1,0
2021-09-14,sh.688981,57.53,58.56,57.08,57.22,57.68,29829808.0,1726486472.15,1.5943,-0.7975,1,0
2021-09-15,sh.688981,57.01,57.18,56.28,56.36,57.22,22530821.0,1274970317.49,1.2042,-1.503,1,0
2021-09-16,sh.688981,56.08,56.66,55.1,55.11,56.36,24399382.0,1361179242.19,1.3041,-2.2179,1,0
2021-09-17,sh.688981,55.01,55.88,55.01,55.65,55.11,17411708.0,966691546.7,0.9306,0.9799,1,0
2021-09-22,sh.688981,55.1,56.2,55.05,55.25,55.65,22873427.0,1268190769.46,1.2225,-0.7188,1,0
2021-09-23,sh.688981,55.35,55.88,55.2,55.33,55.25,23203082.0,1287415623.16,1.2401,0.1448,1,0
2021-09-24,sh.688981,55.39,55.54,54.0,54.04,55.33,31236117.0,1709059686.99,1.6695,-2.3315,1,0
2021-09-27,sh.688981,54.61,55.58,54.34,54.66,54.04,25756435.0,1415811322.52,1.3766,1.1473,1,0
2021-09-28,sh.688981,54.67,54.93,53.66,54.03,54.66,18061946.0,976778340.19,0.9653,-1.1526,1,0
2021-09-29,sh.688981,53.65,56.65,53.43,55.54,54.03,45432281.0,2508981228.96,2.4282,2.7947,1,0
2021-09-30,sh.688981,55.45,55.98,54.92,55.2,55.54,17240431.0,953616539.9,0.9214,-0.6122,1,0
2021-10-08,sh.688981,55.79,56.2,55.21,55.77,55.2,17440173.0,971065714.64,0.9321,1.0326,1,0
2021-10-11,sh.688981,56.0,56.3,55.31,55.41,55.77,20386040.0,1136273712.15,1.0896,-0.6455,1,0
2021-10-12,sh.688981,55.05,55.38,54.06,54.48,55.41,17892611.0,975904763.46,0.9563,-1.6784,1,0
2021-10-13,sh.688981,54.37,55.3,54.22,54.39,54.48,19559872.0,1068902428.8,1.0454,-0.1652,1,0
2021-10-14,sh.688981,54.45,54.48,53.95,54.17,54.39,14540322.0,788098496.52,0.7771,-0.4045,1,0
2021-10-15,sh.688981,54.27,55.43,54.22,54.98,54.17,22230510.0,1222241993.55,1.1881,1.4953,1,0
2021-10-18,sh.688981,54.7,54.8,53.93,54.15,54.98,20687133.0,1121646106.57,1.1056,-1.5096,1,0
2021-10-19,sh.688981,54.28,54.68,54.15,54.47,54.15,12487513.0,679470050.51,0.6674,0.591,1,0
2021-10-20,sh.688981,54.66,54.86,54.18,54.23,54.47,13404574.0,729191850.62,0.7164,-0.4406,1,0
2021-10-21,sh.688981,54.1,54.26,53.54,53.72,54.23,17617345.0,947735517.65,0.9416,-0.9404,1,0
2021-10-22,sh.688981,54.47,56.45,54.43,55.79,53.72,55315778.0,3079105895.32,2.9564,3.8533,1,0
2021-10-25,sh.688981,55.2,55.53,54.79,55.49,55.79,22893140.0,1262230170.02,1.2236,-0.5377,1,0
2021-10-26,sh.688981,55.52,56.17,54.86,55.0,55.49,22440474.0,1246931511.78,1.1994,-0.883,1,0
2021-10-27,sh.688981,54.95,54.95,54.02,54.12,55.0,17318302.0,939972646.35,0.9256,-1.6,1,0
2021-10-28,sh.688981,54.11,55.0,54.01,54.24,54.12,15408100.0,837666254.6,0.8235,0.2217,1,0
2021-10-29,sh.688981,54.4,55.38,54.1,55.04,54.24,20930979.0,1150501588.5,1.1187,1.4749,1,0
2021-11-01,sh.688981,54.8,55.48,54.6,55.35,55.04,19183115.0,1057675853.6,1.0253,0.5632,1,0
2021-11-02,sh.688981,55.65,57.07,55.6,55.99,55.35,56816278.0,3208906278.65,3.0366,1.1563,1,0
2021-11-03,sh.688981,55.99,57.17,55.48,56.99,55.99,40400838.0,2277206463.18,2.1593,1.786,1,0
2021-11-04,sh.688981,56.98,57.68,56.61,56.83,56.99,33081912.0,1887764441.21,1.7681,-0.2808,1,0
2021-11-05,sh.688981,57.39,58.39,56.91,57.27,56.83,39494569.0,2276380691.54,2.1108,0.7742,1,0
2021-11-08,sh.688981,56.54,56.9,55.55,56.01,57.27,27843939.0,1560658021.26,1.4882,-2.2001,1,0
2021-11-09,sh.688981,56.29,59.55,56.04,58.49,56.01,62342174.0,3624897375.56,3.332,4.4278,1,0
2021-11-10,sh.688981,58.08,59.53,57.92,59.38,58.49,47394911.0,2787387337.05,2.5331,1.5216,1,0
2021-11-11,sh.688981,59.1,60.17,57.68,58.45,59.38,77742420.0,4573712387.2,4.155,-1.5662,1,0
2021-11-12,sh.688981,56.51,56.75,55.11,56.16,58.45,84356482.0,4726329621.03,4.5085,-3.9179,1,0
2021-11-15,sh.688981,56.16,56.52,55.87,56.28,56.16,25449710.0,1429028481.48,1.3602,0.2137,1,0
2021-11-16,sh.688981,56.34,56.37,55.03,55.07,56.28,31614985.0,1758187360.42,1.6897,-2.15,1,0
2021-11-17,sh.688981,55.04,55.71,54.61,55.26,55.07,23126247.0,1274820428.6,1.236,0.345,1,0
2021-11-18,sh.688981,55.0,55.33,54.52,54.57,55.26,23746219.0,1302965064.75,1.2691,-1.2486,1,0
2021-11-19,sh.688981,54.56,54.89,54.3,54.71,54.57,22346641.0,1219942400.4,1.1943,0.2566,1,0
2021-11-22,sh.688981,54.72,55.55,54.67,55.34,54.71,34861965.0,1922577069.21,1.8632,1.1515,1,0
2021-11-23,sh.688981,55.16,55.22,54.88,54.91,55.34,25689069.0,1412602232.65,1.373,-0.777,1,0
2021-11-24,sh.688981,55.16,55.39,54.73,54.77,54.91,25023198.0,1375870540.37,1.3374,-0.255,1,0
2021-11-25,sh.688981,54.77,55.47,54.6,55.0,54.77,23802788.0,1311617130.8,1.2722,0.4199,1,0
2021-11-26,sh.688981,54.81,55.02,54.15,54.25,55.0,27285303.0,1485222095.14,1.4583,-1.3636,1,0
2021-11-29,sh.688981,53.9,54.67,53.71,54.25,54.25,16023451.0,869076638.73,0.8564,0.0,1,0
2021-11-30,sh.688981,54.45,54.67,54.07,54.26,54.25,14872544.0,808260860.24,0.7949,0.0184,1,0
2021-12-01,sh.688981,54.26,54.65,54.19,54.5,54.26,15176990.0,825388379.83,0.8112,0.4423,1,0
2021-12-02,sh.688981,54.45,54.86,54.31,54.8,54.5,19134926.0,1045145733.07,1.0227,0.5505,1,0
2021-12-03,sh.688981,54.82,55.29,54.8,55.03,54.8,22185715.0,1219842373.26,1.1857,0.4197,1,0
2021-12-06,sh.688981,55.03,55.08,54.01,54.04,55.03,28412706.0,1541212508.69,1.5186,-1.799,1,0
2021-12-07,sh.688981,54.22,54.25,53.69,54.05,54.04,20307823.0,1095290037.07,1.0854,0.0185,1,0
2021-12-08,sh.688981,54.08,54.41,53.86,54.24,54.05,22586548.0,1222281414.12,1.2072,0.3515,1,0
2021-12-09,sh.688981,54.1,55.06,54.05,54.95,54.24,31281529.0,1710008783.23,1.6719,1.309,1,0
2021-12-10,sh.688981,54.7,56.56,54.63,56.4,54.95,70222229.0,3928202462.11,3.7531,2.6388,1,0
2021-12-13,sh.688981,56.02,56.5,55.82,56.01,56.4,31983903.0,1794503026.01,1.7094,-0.6915,1,0
2021-12-14,sh.688981,56.05,56.05,54.95,55.01,56.01,25502296.0,1410117725.64,1.363,-1.7854,1,0
2021-12-15,sh.688981,54.88,55.26,54.01,54.13,55.01,28907438.0,1575159095.75,1.545,-1.5997,1,0
2021-12-16,sh.688981,53.76,53.76,52.5,53.44,54.13,39265689.0,2086665447.36,2.0986,-1.2747,1,0
2021-12-17,sh.688981,53.45,53.88,53.23,53.49,53.44,16652393.0,890429667.78,0.89,0.0936,1,0
2021-12-20,sh.688981,53.22,53.42,52.67,52.87,53.49,20799164.0,1100964041.92,1.1116,-1.1591,1,0
2021-12-21,sh.688981,52.96,53.13,52.83,53.08,52.87,14736937.0,781218270.46,0.7876,0.3972,1,0
2021-12-22,sh.688981,53.16,53.25,52.96,53.02,53.08,15522821.0,823852300.43,0.8296,-0.113,1,0
2021-12-23,sh.688981,53.05,53.13,52.69,52.79,53.02,12738656.0,672845094.82,0.6808,-0.4338,1,0
2021-12-24,sh.688981,52.9,53.04,52.51,52.56,52.79,13584757.0,715087060.09,0.7261,-0.4357,1,0
2021-12-27,sh.688981,52.53,53.0,52.53,52.7,52.56,10306999.0,544100841.3,0.5509,0.2664,1,0
2021-12-28,sh.688981,52.83,53.45,52.7,53.17,52.7,12549961.0,664007914.21,0.6707,0.8918,1,0
2021-12-29,sh.688981,53.13,53.15,52.62,52.73,53.17,11656150.0,615527722.95,0.623,-0.8275,1,0
2021-12-30,sh.688981,52.75,53.16,52.68,52.89,52.73,15721509.0,832728112.11,0.8403,0.3034,1,0
2021-12-31,sh.688981,52.9,53.45,52.74,52.99,52.89,14307271.0,758944269.31,0.7647,0.1891,1,0
2022-01-04,sh.688981,53.1,53.22,52.8,53.14,52.99,13831614.0,732844659.59,0.7392,0.2831,1,0
2022-01-05,sh.688981,53.22,53.22,52.67,52.88,53.14,16742903.0,885473652.79,0.8948,-0.4893,1,0
2022-01-06,sh.688981,52.7,53.03,52.69,52.8,52.88,11978099.0,633215552.35,0.6402,-0.1513,1,0
2022-01-07,sh.688981,52.96,53.07,52.8,52.83,52.8,12831472.0,678678039.34,0.6858,0.0568,1,0
2022-01-10,sh.688981,52.98,52.99,52.69,52.88,52.83,11051346.0,583786543.82,0.5907,0.0946,1,0
2022-01-11,sh.688981,52.89,52.96,52.71,52.75,52.88,12106869.0,639306951.47,0.6471,-0.2458,1,0
2022-01-12,sh.688981,52.87,52.96,52.75,52.89,52.75,11735031.0,620376241.11,0.6272,0.2654,1,0
2022-01-13,sh.688981,52.88,52.9,52.02,52.06,52.89,22654746.0,1187662693.88,1.2108,-1.5693,1,0
2022-01-14,sh.688981,52.0,52.0,51.04,51.09,52.06,23079431.0,1189700210.69,1.2335,-1.8632,1,0
2022-01-17,sh.688981,51.1,51.64,51.1,51.49,51.09,11747962.0,603749256.69,0.6279,0.7829,1,0
2022-01-18,sh.688981,51.5,53.13,51.35,52.44,51.49,25454402.0,1336307472.15,1.3604,1.845,1,0
2022-01-19,sh.688981,52.22,52.22,51.62,51.89,52.44,12016896.0,623184311.83,0.6423,-1.0488,1,0
2022-01-20,sh.688981,51.9,52.34,51.57,51.69,51.89,11341605.0,588268556.95,0.6062,-0.3854,1,0
2022-01-21,sh.688981,51.7,51.93,51.18,51.28,51.69,10877849.0,559029407.42,0.5814,-0.7932,1,0
2022-01-24,sh.688981,51.28,51.65,51.12,51.35,51.28,8792751.0,451179948.76,0.4699,0.1365,1,0
2022-01-25,sh.688981,51.19,51.29,50.02,50.06,51.35,17506190.0,884407500.23,0.9356,-2.5122,1,0
2022-01-26,sh.688981,50.04,50.6,50.03,50.31,50.06,8416409.0,422972545.32,0.4498,0.4994,1,0
2022-01-27,sh.688981,50.29,50.29,49.0,49.03,50.31,16972836.0,842281118.49,0.9071,-2.5442,1,0
2022-01-28,sh.688981,49.05,49.86,49.05,49.22,49.03,11219635.0,553510345.45,0.5996,0.3875,1,0
2022-02-07,sh.688981,49.88,50.3,49.87,49.97,49.22,8389176.0,419471807.0,0.4484,1.5238,1,0
2022-02-08,sh.688981,49.99,50.43,49.89,50.4,49.97,10954246.0,549836261.98,0.5855,0.8605,1,0
2022-02-09,sh.688981,50.31,51.19,50.26,51.1,50.4,13522612.0,687649795.67,0.7227,1.3889,1,0
2022-02-10,sh.688981,51.22,51.5,50.92,51.2,51.1,10622381.0,542885473.44,0.5677,0.1957,1,0
2022-02-11,sh.688981,52.0,52.6,51.39,51.46,51.2,22644969.0,1178866196.7,1.2103,0.5078,1,0
2022-02-14,sh.688981,51.25,51.4,50.65,50.8,51.46,10616084.0,540885863.43,0.5674,-1.2825,1,0
2022-02-15,sh.688981,50.99,52.05,50.99,51.47,50.8,15469513.0,798155429.27,0.8268,1.3189,1,0
2022-02-16,sh.688981,51.77,51.88,51.4,51.48,51.47,8711976.0,449157643.32,0.4656,0.0194,1,0
2022-02-17,sh.688981,51.21,51.57,50.74,50.85,51.48,13249802.0,676753645.01,0.7082,-1.2238,1,0
2022-02-18,sh.688981,50.57,50.87,50.2,50.84,50.85,9258056.0,467668032.44,0.4948,-0.0197,1,0
2022-02-21,sh.688981,50.69,51.06,50.57,50.93,50.84,7610992.0,387311310.76,0.4068,0.177,1,0
2022-02-22,sh.688981,50.68,50.76,50.31,50.38,50.93,9583035.0,483516544.64,0.5122,-1.0799,1,0
2022-02-23,sh.688981,50.33,51.96,50.28,51.64,50.38,20087640.0,1032397202.65,1.0736,2.501,1,0
2022-02-24,sh.688981,51.51,51.73,50.2,50.73,51.64,20470737.0,1042002551.04,1.0941,-1.7622,1,0
2022-02-25,sh.688981,51.2,51.45,50.58,50.73,50.73,12463754.0,636488812.69,0.6661,0.0,1,0
2022-02-28,sh.688981,50.6,51.0,50.38,50.73,50.73,8088679.0,409906272.0,0.4323,0.0,1,0
2022-03-01,sh.688981,50.82,50.92,50.6,50.87,50.73,7295511.0,370211280.0,0.3899,0.276,1,0
2022-03-02,sh.688981,50.69,50.85,50.51,50.58,50.87,6817963.0,345394768.0,0.3644,-0.5701,1,0
2022-03-03,sh.688981,50.85,51.47,50.71,51.06,50.58,13889190.0,710050464.0,0.7423,0.949,1,0
2022-03-04,sh.688981,50.8,51.46,50.58,50.88,51.06,12120290.0,618361648.0,0.6478,-0.3525,1,0
2022-03-07,sh.688981,50.68,50.68,49.5,49.6,50.88,15476822.0,772036176.0,0.8272,-2.5157,1,0
2022-03-08,sh.688981,49.61,50.18,49.01,49.28,49.6,15043705.0,745755136.0,0.804,-0.6452,1,0
2022-03-09,sh.688981,50.5,50.99,48.94,50.3,49.28,28756457.0,1446713008.0,1.5369,2.0698,1,0
2022-03-10,sh.688981,50.78,50.98,50.2,50.23,50.3,18378413.0,929565856.0,0.9823,-0.1392,1,0
2022-03-11,sh.688981,49.66,49.98,48.95,49.74,50.23,20912817.0,1032144912.0,1.1177,-0.9755,1,0
2022-03-14,sh.688981,49.28,49.34,48.57,48.59,49.74,15623125.0,766223936.0,0.835,-2.312,1,0
2022-03-15,sh.688981,48.0,48.18,45.2,45.29,48.59,29063389.0,1350571744.0,1.5533,-6.7915,1,0
2022-03-16,sh.688981,45.83,46.59,44.13,46.28,45.29,22374263.0,1022260704.0,1.1958,2.1859,1,0
2022-03-17,sh.688981,46.97,47.3,46.49,46.49,46.28,17984266.0,842851856.0,0.9612,0.4538,1,0
2022-03-18,sh.688981,46.26,46.9,46.11,46.8,46.49,10648774.0,496123340.1,0.5691,0.6668,1,0
2022-03-21,sh.688981,46.79,47.8,46.78,46.99,46.8,14248682.0,671952615.6,0.7615,0.406,1,0
2022-03-22,sh.688981,46.75,47.22,46.56,46.8,46.99,8235177.0,385798934.02,0.4401,-0.4043,1,0
2022-03-23,sh.688981,46.82,48.21,46.61,47.59,46.8,16595251.0,788812586.25,0.887,1.688,1,0
2022-03-24,sh.688981,46.85,47.25,46.6,46.61,47.59,11056281.0,517381159.08,0.5909,-2.0593,1,0
2022-03-25,sh.688981,46.8,47.07,46.17,46.76,46.61,9388567.0,437401008.79,0.5018,0.3218,1,0
2022-03-28,sh.688981,46.17,46.59,45.88,46.45,46.76,7895007.0,365102893.4,0.422,-0.663,1,0
2022-03-29,sh.688981,46.49,46.83,46.1,46.16,46.45,7235395.0,335469498.35,0.3867,-0.6243,1,0
2022-03-30,sh.688981,46.2,46.63,46.18,46.6,46.16,9155025.0,425294340.26,0.4893,0.9532,1,0
2022-03-31,sh.688981,46.61,46.98,46.07,46.09,46.6,12730307.0,591977029.36,0.6804,-1.0944,1,0
2022-04-01,sh.688981,45.88,46.02,45.31,45.71,46.09,11942637.0,545520357.71,0.6383,-0.8245,1,0
2022-04-06,sh.688981,45.72,45.87,45.32,45.75,45.71,12586739.0,574275343.37,0.6727,0.0875,1,0
2022-04-07,sh.688981,45.61,45.95,45.34,45.34,45.75,9318753.0,424933668.72,0.4981,-0.8962,1,0
2022-04-08,sh.688981,45.19,45.52,44.45,44.99,45.34,11473474.0,515397534.62,0.6132,-0.7719,1,0
2022-04-11,sh.688981,44.5,44.89,42.4,42.63,44.99,21272117.0,921728670.13,1.1369,-5.2456,1,0
2022-04-12,sh.688981,42.57,44.16,42.43,43.89,42.63,14649601.0,634257050.93,0.783,2.9557,1,0
2022-04-13,sh.688981,43.77,44.15,43.48,43.51,43.89,7419799.0,325089457.94,0.3966,-0.8658,1,0
2022-04-14,sh.688981,43.96,44.15,43.21,43.67,43.51,10399493.0,454781396.33,0.5558,0.3677,1,0
2022-04-15,sh.688981,43.4,43.5,42.86,43.25,43.67,8460762.0,365362730.64,0.4522,-0.9618,1,0
2022-04-18,sh.688981,43.2,43.98,42.9,43.69,43.25,9617252.0,419148377.87,0.514,1.0173,1,0
2022-04-19,sh.688981,43.69,43.93,43.39,43.59,43.69,7547945.0,329410887.48,0.4034,-0.2289,1,0
2022-04-20,sh.688981,43.7,43.88,42.95,43.05,43.59,7057713.0,306743327.65,0.3772,-1.2388,1,0
2022-04-21,sh.688981,42.9,43.3,41.88,41.89,43.05,11735351.0,498886871.43,0.6272,-2.6945,1,0
2022-04-22,sh.688981,41.7,42.24,41.45,41.85,41.89,10437549.0,437205949.2,0.5578,-0.0955,1,0
2022-04-25,sh.688981,41.5,41.5,38.97,38.97,41.85,19375771.0,774728280.11,1.0356,-6.8817,1,0
2022-04-26,sh.688981,38.59,39.49,37.76,37.78,38.97,16704039.0,646895280.27,0.8928,-3.0536,1,0
2022-04-27,sh.688981,37.4,39.04,37.1,38.57,37.78,15687661.0,597601691.21,0.8384,2.0911,1,0
2022-04-28,sh.688981,38.21,38.57,37.45,37.91,38.57,12775757.0,485892184.75,0.6828,-1.7112,1,0
2022-04-29,sh.688981,38.43,39.99,38.43,39.72,37.91,18076017.0,711490492.08,0.9661,4.7745,1,0
2022-05-05,sh.688981,39.57,40.94,39.56,40.36,39.72,16040205.0,647639558.7,0.8573,1.6113,1,0
2022-05-06,sh.688981,39.39,40.1,39.21,39.6,40.36,11087303.0,439596968.36,0.5926,-1.8831,1,0
2022-05-09,sh.688981,39.5,40.27,39.35,39.93,39.6,8597777.0,343210892.18,0.4595,0.8333,1,0
2022-05-10,sh.688981,39.53,41.13,39.5,40.88,39.93,16024597.0,651850500.32,0.8565,2.3792,1,0
2022-05-11,sh.688981,40.99,43.5,40.88,42.15,40.88,33266779.0,1412824130.47,1.778,3.1067,1,0
2022-05-12,sh.688981,42.13,43.73,41.95,43.32,42.15,27148559.0,1168154655.6,1.451,2.7758,1,0
2022-05-13,sh.688981,43.0,43.28,42.01,42.4,43.32,31126416.0,1321871669.14,1.6636,-2.1237,1,0
2022-05-16,sh.688981,42.68,43.2,42.27,42.4,42.4,15519793.0,663126700.72,0.8295,0.0,1,0
2022-05-17,sh.688981,42.38,42.8,42.03,42.59,42.4,13464462.0,571736906.08,0.7196,0.4481,1,0
2022-05-18,sh.688981,42.59,43.0,42.25,42.26,42.59,12558767.0,535101789.48,0.6712,-0.7748,1,0
2022-05-19,sh.688981,41.6,42.58,41.45,42.44,42.26,14989456.0,632387164.18,0.8011,0.4259,1,0
2022-05-20,sh.688981,42.45,43.08,42.45,42.88,42.44,12611264.0,539685869.28,0.674,1.0368,1,0
2022-05-23,sh.688981,43.02,43.3,42.81,43.1,42.88,13062968.0,563037326.48,0.6982,0.5131,1,0
2022-05-24,sh.688981,42.92,43.37,41.6,41.61,43.1,15326277.0,652448368.62,0.8191,-3.4571,1,0
2022-05-25,sh.688981,41.65,42.42,41.65,42.38,41.61,10517987.0,443084701.85,0.5621,1.8505,1,0
2022-05-26,sh.688981,42.5,42.6,41.8,42.42,42.38,9385782.0,396835229.37,0.5016,0.0944,1,0
2022-05-27,sh.688981,42.6,42.7,41.85,42.13,42.42,9286505.0,393161408.47,0.4963,-0.6836,1,0
2022-05-30,sh.688981,42.13,42.52,41.66,42.06,42.13,9823324.0,414181811.3,0.525,-0.1662,1,0
2022-05-31,sh.688981,42.07,42.94,41.7,42.88,42.06,19761603.0,834996536.47,1.0562,1.9496,1,0
2022-06-01,sh.688981,42.72,43.15,42.51,42.75,42.88,15120306.0,646452940.91,0.8081,-0.3032,1,0
2022-06-02,sh.688981,42.63,44.84,42.47,44.52,42.75,38488391.0,1686182617.9,2.0571,4.1404,1,0
2022-06-06,sh.688981,44.75,45.78,44.31,45.69,44.52,38872341.0,1758593811.3,2.0776,2.628,1,0
2022-06-07,sh.688981,45.31,45.54,44.52,45.22,45.69,25183968.0,1135465519.57,1.346,-1.0287,1,0
2022-06-08,sh.688981,45.17,45.47,44.31,44.89,45.22,21599135.0,969944268.67,1.1544,-0.7298,1,0
2022-06-09,sh.688981,44.8,44.8,43.8,43.91,44.89,19464144.0,860337549.18,1.0403,-2.1831,1,0
2022-06-10,sh.688981,43.8,45.47,43.7,45.39,43.91,27326077.0,1223221043.29,1.4605,3.3705,1,0
2022-06-13,sh.688981,44.95,46.1,44.85,45.74,45.39,23682257.0,1082132885.27,1.2657,0.7711,1,0
2022-06-14,sh.688981,45.08,45.68,44.65,45.66,45.74,16655253.0,750856399.47,0.8902,-0.1749,1,0
2022-06-15,sh.688981,45.7,46.47,45.42,45.47,45.66,23668573.0,1088246919.62,1.265,-0.4161,1,0
2022-06-16,sh.688981,45.44,46.07,44.74,44.86,45.47,17414767.0,790202597.32,0.9308,-1.3415,1,0
2022-06-17,sh.688981,44.52,45.14,44.3,44.9,44.86,12105530.0,542630066.37,0.647,0.0892,1,0
2022-06-20,sh.688981,45.02,46.18,45.0,45.68,44.9,18454685.0,845492690.22,0.9863,1.7372,1,0
2022-06-21,sh.688981,45.65,46.08,45.08,45.16,45.68,12028015.0,546996693.22,0.6429,-1.1384,1,0
2022-06-22,sh.688981,45.39,45.49,44.35,44.35,45.16,12376179.0,554291630.26,0.6615,-1.7936,1,0
2022-06-23,sh.688981,44.35,44.66,43.89,44.5,44.35,16512928.0,730713099.06,0.8826,0.3382,1,0
2022-06-24,sh.688981,44.6,45.36,44.59,45.05,44.5,14354560.0,645593076.87,0.7672,1.236,1,0
2022-06-27,sh.688981,45.05,45.77,44.79,45.2,45.05,16500697.0,746795790.74,0.8819,0.333,1,0
2022-06-28,sh.688981,45.21,46.18,45.03,46.06,45.2,20060672.0,916698529.48,1.0722,1.9027,1,0
2022-06-29,sh.688981,46.06,46.41,45.1,45.16,46.06,20569313.0,941602039.59,1.0994,-1.954,1,0
2022-06-30,sh.688981,45.16,45.6,45.13,45.17,45.16,15500036.0,702884889.65,0.8284,0.0221,1,0
2022-07-01,sh.688981,45.02,45.38,44.65,44.81,45.17,14548979.0,653853667.09,0.7776,-0.797,1,0
2022-07-04,sh.688981,44.37,44.5,43.93,44.11,44.81,17914322.0,790481028.45,0.9575,-1.5622,1,0
2022-07-05,sh.688981,44.2,44.52,43.7,44.3,44.11,14224480.0,627310328.95,0.7602,0.4307,1,0
2022-07-06,sh.688981,44.27,44.53,43.38,43.56,44.3,18766360.0,824545972.72,1.003,-1.6704,1,0
2022-07-07,sh.688981,43.62,43.82,43.31,43.31,43.56,11868057.0,516285920.45,0.6343,-0.5739,1,0
2022-07-08,sh.688981,43.4,43.84,43.34,43.4,43.31,11833861.0,516125036.91,0.6325,0.2078,1,0
2022-07-11,sh.688981,43.38,43.38,41.79,41.84,43.4,18066568.0,761776227.1,0.9656,-3.5945,1,0
2022-07-12,sh.688981,41.88,42.24,41.88,41.88,41.84,9754443.0,410267420.9,0.5213,0.0956,1,0
2022-07-13,sh.688981,42.0,42.1,41.51,41.57,41.88,9699049.0,404951868.02,0.5184,-0.7402,1,0
2022-07-14,sh.688981,41.51,41.93,41.22,41.28,41.57,10090483.0,418227731.74,0.5393,-0.6976,1,0
2022-07-15,sh.688981,41.28,41.56,41.01,41.02,41.28,9443879.0,389908603.9,0.5047,-0.6298,1,0
2022-07-18,sh.688981,41.13,42.37,40.92,41.61,41.02,20295963.0,842619137.59,1.047,1.4383,1,0
2022-07-19,sh.688981,41.62,41.93,41.44,41.79,41.61,11252859.0,468873274.77,0.5805,0.4326,1,0
2022-07-20,sh.688981,41.96,42.1,41.6,41.77,41.79,11790967.0,492348646.58,0.6083,-0.0479,1,0
2022-07-21,sh.688981,41.76,42.19,41.5,41.55,41.77,17802587.0,744943088.6,0.9184,-0.5267,1,0
2022-07-22,sh.688981,42.08,42.25,41.16,41.45,41.55,13353523.0,556042356.93,0.6889,-0.2407,1,0
2022-07-25,sh.688981,41.55,42.43,41.34,41.82,41.45,15102379.0,632806710.5,0.7791,0.8926,1,0
2022-07-26,sh.688981,41.82,42.08,41.21,41.54,41.82,9749024.0,404422894.72,0.5029,-0.6695,1,0
2022-07-27,sh.688981,41.55,41.55,40.92,40.96,41.54,13559662.0,557631531.72,0.6995,-1.3962,1,0
2022-07-28,sh.688981,41.19,41.45,40.97,40.98,40.96,14774946.0,608242454.49,0.7622,0.0488,1,0
2022-07-29,sh.688981,41.13,41.13,40.03,40.09,40.98,19612306.0,791409791.54,1.0117,-2.1718,1,0
2022-08-01,sh.688981,40.07,40.19,39.5,40.18,40.09,12491334.0,498509163.39,0.6444,0.2245,1,0
2022-08-02,sh.688981,39.8,39.8,38.5,38.98,40.18,24768110.0,966064878.7,1.2777,-2.9866,1,0
2022-08-03,sh.688981,39.0,42.59,38.99,41.6,38.98,60813970.0,2520155186.52,3.1372,6.7214,1,0
2022-08-04,sh.688981,41.96,42.81,41.46,42.49,41.6,47905185.0,2026447861.0,2.4713,2.1394,1,0
2022-08-05,sh.688981,42.55,44.62,42.01,44.34,42.49,68800416.0,2996595604.0,3.5492,4.354,1,0
2022-08-08,sh.688981,44.29,44.29,42.57,43.0,44.34,53988963.0,2330140344.0,2.7851,-3.0221,1,0
2022-08-09,sh.688981,43.05,43.16,42.22,43.11,43.0,31403374.0,1342142164.0,1.62,0.2558,1,0
2022-08-10,sh.688981,42.99,43.49,42.5,42.5,43.11,29781698.0,1279116878.0,1.5364,-1.415,1,0
2022-08-11,sh.688981,42.99,43.95,42.8,43.48,42.5,33899920.0,1472920179.0,1.7488,2.3059,1,0
2022-08-12,sh.688981,43.39,43.4,42.68,42.71,43.48,23042373.0,991674265.0,1.1887,-1.7709,1,0
2022-08-15,sh.688981,42.66,42.66,41.83,41.84,42.71,25226413.0,1062354614.69,1.3014,-2.037,1,0
2022-08-16,sh.688981,41.84,42.09,41.5,41.63,41.84,16240000.0,677985367.6,0.8378,-0.5019,1,0
2022-08-17,sh.688981,41.62,42.14,41.62,41.79,41.63,13982915.0,584885135.57,0.7213,0.3843,1,0
2022-08-18,sh.688981,41.8,42.14,41.62,41.88,41.79,14674531.0,615398061.28,0.757,0.2154,1,0
2022-08-19,sh.688981,41.8,42.07,40.98,40.99,41.88,19021260.0,788816828.78,0.9813,-2.1251,1,0
2022-08-22,sh.688981,40.98,41.27,40.21,41.09,40.99,13214187.0,539724225.36,0.6817,0.244,1,0
2022-08-23,sh.688981,41.07,41.08,40.6,40.66,41.09,9774062.0,397975332.96,0.5042,-1.0465,1,0
2022-08-24,sh.688981,40.7,40.71,39.68,39.7,40.66,19312811.0,773092283.07,0.9963,-2.361,1,0
2022-08-25,sh.688981,39.7,39.99,39.35,39.88,39.7,12526564.0,496710379.47,0.6462,0.4534,1,0
2022-08-26,sh.688981,40.01,40.37,39.92,40.27,39.88,10976679.0,441480708.08,0.5663,0.9779,1,0
2022-08-29,sh.688981,40.0,40.26,39.86,40.08,40.27,10769798.0,430779477.43,0.5556,-0.4718,1,0
2022-08-30,sh.688981,40.08,40.39,39.91,40.1,40.08,9654250.0,387353709.5,0.498,0.0499,1,0
2022-08-31,sh.688981,40.2,40.35,39.63,40.21,40.1,14466331.0,579403700.35,0.7463,0.2743,1,0
2022-09-01,sh.688981,40.23,40.61,39.8,39.95,40.21,13126487.0,528418109.21,0.6772,-0.6466,1,0
2022-09-02,sh.688981,40.06,40.66,39.94,40.4,39.95,13947965.0,563160556.79,0.7195,1.1264,1,0
2022-09-05,sh.688981,40.15,40.15,39.78,39.94,40.4,9698070.0,387126068.64,0.4955,-1.1386,1,0
2022-09-06,sh.688981,39.8,40.1,39.78,40.05,39.94,9394026.0,375330168.85,0.4799,0.2754,1,0
2022-09-07,sh.688981,40.04,40.63,39.99,40.23,40.05,16277828.0,657372842.07,0.8316,0.4494,1,0
2022-09-08,sh.688981,40.21,40.23,39.92,39.94,40.23,9052453.0,362274486.63,0.4625,-0.7209,1,0
2022-09-09,sh.688981,39.95,40.34,39.81,40.2,39.94,9435841.0,378752429.37,0.4821,0.651,1,0
2022-09-13,sh.688981,40.27,40.64,40.27,40.4,40.2,10178650.0,411431243.71,0.52,0.4975,1,0
2022-09-14,sh.688981,39.98,40.38,39.9,40.18,40.4,9474712.0,379881536.14,0.484,-0.5446,1,0
2022-09-15,sh.688981,40.2,40.48,39.9,40.07,40.18,14224287.0,572167820.44,0.7267,-0.2738,1,0
2022-09-16,sh.688981,40.1,40.48,39.75,39.79,40.07,14490621.0,581943174.49,0.7403,-0.6988,1,0
2022-09-19,sh.688981,39.77,39.77,37.66,38.56,39.79,17303223.0,666274172.98,0.884,-3.0912,1,0
2022-09-20,sh.688981,38.59,39.17,38.44,38.7,38.56,10071361.0,390761866.95,0.5145,0.3631,1,0
2022-09-21,sh.688981,38.6,38.81,38.06,38.45,38.7,7719863.0,296766891.74,0.3944,-0.646,1,0
2022-09-22,sh.688981,38.33,38.78,38.21,38.45,38.45,7267657.0,279315755.0,0.3713,0.0,1,0
2022-09-23,sh.688981,38.4,38.57,37.88,38.14,38.45,7829218.0,299230107.94,0.4,-0.8062,1,0
2022-09-26,sh.688981,38.01,38.1,37.38,37.47,38.14,8902562.0,336258259.09,0.4548,-1.7567,1,0
2022-09-27,sh.688981,37.5,38.37,37.5,38.37,37.47,8798278.0,333922711.86,0.4495,2.4019,1,0
2022-09-28,sh.688981,38.18,38.24,37.72,37.79,38.37,7252132.0,275320800.23,0.3705,-1.5116,1,0
2022-09-29,sh.688981,38.0,38.28,37.52,37.56,37.79,8360542.0,316844849.7,0.4271,-0.6086,1,0
2022-09-30,sh.688981,37.51,38.1,37.51,37.78,37.56,7634090.0,289198299.62,0.39,0.5857,1,0
2022-10-10,sh.688981,37.77,38.57,37.7,37.72,37.78,14778555.0,563142081.01,0.755,-0.1588,1,0
2022-10-11,sh.688981,37.68,37.99,36.2,36.83,37.72,13528930.0,497254391.8,0.6912,-2.3595,1,0
2022-10-12,sh.688981,36.6,37.5,36.46,37.47,36.83,13138346.0,486604892.6,0.6712,1.7377,1,0
2022-10-13,sh.688981,37.47,37.47,36.8,36.84,37.47,14038293.0,520558614.39,0.7172,-1.6813,1,0
2022-10-14,sh.688981,37.2,38.24,37.05,37.86,36.84,18957693.0,715303331.81,0.9685,2.7687,1,0
2022-10-17,sh.688981,37.54,38.53,37.53,38.41,37.86,14920198.0,569604404.98,0.7622,1.4527,1,0
2022-10-18,sh.688981,38.59,38.62,37.97,38.1,38.41,9571350.0,365507481.37,0.489,-0.8071,1,0
2022-10-19,sh.688981,38.11,38.39,37.8,37.83,38.1,9877164.0,374960631.74,0.5046,-0.7087,1,0
2022-10-20,sh.688981,37.77,39.1,37.7,38.67,37.83,23966954.0,925012607.75,1.2244,2.2205,1,0
2022-10-21,sh.688981,38.48,38.59,38.11,38.31,38.67,13619275.0,522601275.55,0.6958,-0.931,1,0
2022-10-24,sh.688981,38.3,38.8,37.48,37.49,38.31,16589006.0,633187808.81,0.8475,-2.1404,1,0
2022-10-25,sh.688981,37.48,38.4,37.2,37.6,37.49,12092128.0,457240916.65,0.6178,0.2934,1,0
2022-10-26,sh.688981,37.6,39.83,37.46,39.06,37.6,29674307.0,1153450272.88,1.516,3.883,1,0
2022-10-27,sh.688981,39.03,43.18,38.8,42.13,39.06,63860552.0,2629327658.4,3.2625,7.8597,1,0
2022-10-28,sh.688981,41.79,42.47,41.05,41.55,42.13,41843464.0,1750375157.87,2.1377,-1.3767,1,0
2022-10-31,sh.688981,41.6,42.95,41.6,41.71,41.55,35574594.0,1503544489.75,1.8174,0.3851,1,0
2022-11-01,sh.688981,41.55,42.1,40.88,41.72,41.71,25345548.0,1052578044.72,1.2949,0.024,1,0
2022-11-02,sh.688981,41.51,42.82,41.31,41.81,41.72,28365597.0,1194293451.3,1.4491,0.2157,1,0
2022-11-03,sh.688981,41.7,42.5,41.5,42.05,41.81,23375145.0,982286273.56,1.1942,0.574,1,0
2022-11-04,sh.688981,41.9,42.39,41.51,42.15,42.05,27302178.0,1147648627.65,1.3948,0.2378,1,0
2022-11-07,sh.688981,42.06,42.45,41.84,41.88,42.15,19767150.0,832900174.0,1.0099,-0.6406,1,0
2022-11-08,sh.688981,42.1,42.18,41.01,41.36,41.88,19809659.0,820063503.18,1.012,-1.2416,1,0
2022-11-09,sh.688981,41.13,41.54,41.11,41.15,41.36,11870109.0,490309865.62,0.6064,-0.5077,1,0
2022-11-10,sh.688981,41.2,41.38,40.15,40.3,41.15,20309634.0,827294976.75,1.0376,-2.0656,1,0
2022-11-11,sh.688981,41.2,41.45,40.67,40.71,40.3,21945445.0,899883856.72,1.1212,1.0174,1,0
2022-11-14,sh.688981,40.79,41.68,40.71,41.4,40.71,19568689.0,809027039.38,0.9997,1.6949,1,0
2022-11-15,sh.688981,41.4,43.1,41.35,42.79,41.4,40186279.0,1706045739.37,2.053,3.3575,1,0
2022-11-16,sh.688981,42.79,43.58,42.44,42.48,42.79,27463077.0,1178199945.46,1.403,-0.7245,1,0
2022-11-17,sh.688981,42.2,42.8,41.82,42.66,42.48,22743026.0,962808735.75,1.1619,0.4237,1,0
2022-11-18,sh.688981,42.63,42.87,41.8,41.81,42.66,17874980.0,754172898.95,0.9132,-1.9925,1,0
2022-11-21,sh.688981,41.69,41.89,41.4,41.58,41.81,10152529.0,422855506.79,0.5187,-0.5501,1,0
2022-11-22,sh.688981,41.57,41.93,40.94,41.0,41.58,15921511.0,657599021.51,0.8134,-1.3949,1,0
2022-11-23,sh.688981,41.0,41.39,40.7,40.77,41.0,12294663.0,503422173.32,0.6281,-0.561,1,0
2022-11-24,sh.688981,41.0,41.18,40.59,40.68,40.77,9943234.0,405828514.58,0.508,-0.2208,1,0
2022-11-25,sh.688981,40.8,41.1,40.69,40.69,40.68,10339808.0,422632511.13,0.5282,0.0246,1,0
2022-11-28,sh.688981,40.14,40.39,40.01,40.08,40.69,11173549.0,448815929.48,0.5708,-1.4991,1,0
2022-11-29,sh.688981,40.15,41.2,40.15,40.98,40.08,15507183.0,632134389.46,0.7922,2.2455,1,0
2022-11-30,sh.688981,41.11,41.28,40.71,40.84,40.98,9735606.0,398651199.94,0.4974,-0.3416,1,0
2022-12-01,sh.688981,41.2,41.55,40.87,40.98,40.84,15984605.0,658186229.06,0.8166,0.3428,1,0
2022-12-02,sh.688981,40.88,41.15,40.62,40.65,40.98,10946496.0,447069769.01,0.5592,-0.8053,1,0
2022-12-05,sh.688981,40.8,41.36,40.79,41.36,40.65,19101636.0,786591720.02,0.9759,1.7466,1,0
2022-12-06,sh.688981,41.3,42.32,41.19,41.91,41.36,23541303.0,987663789.24,1.2027,1.3298,1,0
2022-12-07,sh.688981,42.0,42.15,41.61,41.92,41.91,16225470.0,679406223.5,0.8289,0.0239,1,0
2022-12-08,sh.688981,41.96,42.07,41.5,41.9,41.92,14448517.0,603612531.22,0.7381,-0.0477,1,0
2022-12-09,sh.688981,41.98,42.27,41.85,42.16,41.9,20465984.0,861943871.73,1.0456,0.6205,1,0
2022-12-12,sh.688981,42.13,42.38,41.66,41.95,42.16,17742172.0,745737685.28,0.9064,-0.4981,1,0
2022-12-13,sh.688981,41.9,42.12,41.72,41.8,41.95,10661773.0,447236452.13,0.5447,-0.3576,1,0
2022-12-14,sh.688981,43.96,43.96,42.56,42.57,41.8,37917268.0,1635585586.89,1.9371,1.8421,1,0
2022-12-15,sh.688981,42.46,43.2,42.25,42.77,42.57,18611761.0,798249097.16,0.9508,0.4698,1,0
2022-12-16,sh.688981,42.5,43.18,42.18,43.0,42.77,20043725.0,858182384.7,1.024,0.5378,1,0
2022-12-19,sh.688981,42.8,43.15,41.7,41.78,43.0,15195748.0,643620897.19,0.7763,-2.8372,1,0
2022-12-20,sh.688981,41.58,42.15,41.55,41.85,41.78,9908290.0,414891670.87,0.5062,0.1675,1,0
2022-12-21,sh.688981,41.73,41.96,41.0,41.29,41.85,8611491.0,357491918.67,0.4399,-1.3381,1,0
2022-12-22,sh.688981,41.55,41.65,40.99,41.07,41.29,6744443.0,278829201.07,0.3446,-0.5328,1,0
2022-12-23,sh.688981,40.9,41.33,40.83,41.06,41.07,7428877.0,305545925.19,0.3795,-0.0243,1,0
2022-12-26,sh.688981,40.9,41.54,40.9,41.43,41.06,7469494.0,308594729.04,0.3816,0.9011,1,0
2022-12-27,sh.688981,41.39,41.61,41.15,41.48,41.43,6129326.0,253743898.54,0.3131,0.1207,1,0
2022-12-28,sh.688981,41.43,41.52,40.89,40.9,41.48,7723114.0,317252599.95,0.3946,-1.3983,1,0
2022-12-29,sh.688981,40.67,41.27,40.67,40.89,40.9,6476207.0,265197789.61,0.3309,-0.0244,1,0
2022-12-30,sh.688981,41.01,41.35,41.01,41.14,40.89,6039611.0,248594881.59,0.3086,0.6114,1,0
2023-01-03,sh.688981,41.08,41.56,40.99,41.54,41.14,8854457.0,365574069.05,0.4524,0.9723,1,0
2023-01-04,sh.688981,41.6,41.93,41.55,41.92,41.54,11913486.0,497422826.4,0.6086,0.9148,1,0
2023-01-05,sh.688981,41.8,41.91,41.6,41.87,41.92,9509462.0,396990562.95,0.4858,-0.1193,1,0
2023-01-06,sh.688981,41.87,42.2,41.62,41.68,41.87,12997488.0,543924303.09,0.664,-0.4538,1,0
2023-01-09,sh.688981,41.8,42.05,41.43,41.53,41.68,11049908.0,460731197.98,0.5645,-0.3599,1,0
2023-01-10,sh.688981,41.6,41.78,41.49,41.56,41.53,7974800.0,331845827.24,0.4074,0.0722,1,0
2023-01-11,sh.688981,41.48,41.78,41.17,41.18,41.56,8520867.0,353723065.97,0.4353,-0.9143,1,0
2023-01-12,sh.688981,41.18,41.33,40.8,40.82,41.18,8934767.0,366156953.55,0.4565,-0.8742,1,0
2023-01-13,sh.688981,40.93,41.3,40.9,41.3,40.82,7885574.0,324026860.65,0.4029,1.1759,1,0
2023-01-16,sh.688981,41.21,42.3,41.1,41.92,41.3,17181615.0,719329918.37,0.8778,1.5012,1,0
2023-01-17,sh.688981,42.13,42.45,41.91,42.1,41.92,13855925.0,584954175.38,0.7079,0.4294,1,0
2023-01-18,sh.688981,42.15,42.24,41.94,42.0,42.1,8087896.0,339988427.61,0.4132,-0.2375,1,0
2023-01-19,sh.688981,41.88,42.53,41.85,42.5,42.0,13013950.0,550273882.3,0.6649,1.1905,1,0
2023-01-20,sh.688981,42.48,42.81,42.41,42.59,42.5,12193675.0,519713049.56,0.623,0.2118,1,0
2023-01-30,sh.688981,42.7,43.08,42.37,42.37,42.59,20134875.0,857908187.52,1.0287,-0.5166,1,0
2023-01-31,sh.688981,42.3,42.6,41.67,41.86,42.37,15429794.0,649901285.52,0.7883,-1.2037,1,0
2023-02-01,sh.688981,41.99,43.55,41.96,43.46,41.86,31300298.0,1342460728.4,1.5991,3.8223,1,0
2023-02-02,sh.688981,43.61,43.95,43.16,43.42,43.46,25836115.0,1125250360.18,1.3199,-0.092,1,0
2023-02-03,sh.688981,43.2,43.62,42.81,43.33,43.42,15667454.0,675367687.05,0.8004,-0.2073,1,0
2023-02-06,sh.688981,43.09,43.26,42.75,43.0,43.33,11690473.0,502547721.04,0.5972,-0.7616,1,0
2023-02-07,sh.688981,42.91,43.18,42.91,43.18,43.0,11785296.0,507375163.22,0.6021,0.4186,1,0
2023-02-08,sh.688981,43.2,43.4,42.62,42.62,43.18,11217876.0,481943920.18,0.5731,-1.2969,1,0
2023-02-09,sh.688981,42.5,43.6,42.45,43.6,42.62,21329264.0,920811705.0,1.0897,2.2994,1,0
2023-02-10,sh.688981,43.09,43.64,42.86,43.07,43.6,19643736.0,848693588.24,1.0036,-1.2156,1,0
2023-02-13,sh.688981,43.08,43.43,42.8,42.98,43.07,17006742.0,733373405.58,0.8688,-0.209,1,0
2023-02-14,sh.688981,43.01,43.47,42.83,43.03,42.98,12155366.0,523658578.9,0.621,0.1163,1,0
2023-02-15,sh.688981,43.03,43.1,42.73,42.86,43.03,11255193.0,482848991.21,0.575,-0.3951,1,0
2023-02-16,sh.688981,42.88,43.19,41.8,41.98,42.86,20639265.0,878976513.17,1.0544,-2.0532,1,0
2023-02-17,sh.688981,42.0,42.45,41.78,41.81,41.98,15648883.0,658552237.76,0.7995,-0.405,1,0
2023-02-20,sh.688981,41.98,42.26,41.61,42.26,41.81,10839686.0,455581665.8,0.5538,1.0763,1,0
2023-02-21,sh.688981,42.27,42.57,42.2,42.35,42.26,9709061.0,411308481.52,0.496,0.213,1,0
2023-02-22,sh.688981,42.39,42.53,42.2,42.3,42.35,7365217.0,311850659.88,0.3763,-0.1181,1,0
2023-02-23,sh.688981,42.28,42.45,42.06,42.16,42.3,7184573.0,303440363.27,0.367,-0.331,1,0
2023-02-24,sh.688981,42.15,42.32,41.94,41.97,42.16,8107140.0,341174622.68,0.4142,-0.4507,1,0
2023-02-27,sh.688981,41.94,42.06,41.57,41.63,41.97,9078708.0,379209107.63,0.4638,-0.8101,1,0
2023-02-28,sh.688981,41.78,42.2,41.53,42.02,41.63,13282253.0,555554010.4,0.6786,0.9368,1,0
2023-03-01,sh.688981,41.99,42.46,41.92,42.37,42.02,13702373.0,579830570.66,0.7,0.8329,1,0
2023-03-02,sh.688981,42.41,42.65,42.25,42.46,42.37,11467111.0,487040565.19,0.5858,0.2124,1,0
2023-03-03,sh.688981,42.88,43.88,42.88,43.32,42.46,31028164.0,1344302283.33,1.5852,2.0254,1,0
2023-03-06,sh.688981,43.12,43.84,42.9,43.4,43.32,21569578.0,935445710.19,1.1019,0.1847,1,0
2023-03-07,sh.688981,43.32,43.66,42.68,42.73,43.4,17573604.0,758548544.4,0.8978,-1.5438,1,0
2023-03-08,sh.688981,42.7,42.93,42.56,42.84,42.73,10804796.0,462082470.78,0.552,0.2574,1,0
2023-03-09,sh.688981,42.8,43.88,42.8,43.27,42.84,23576388.0,1023553704.58,1.2045,1.0037,1,0
2023-03-10,sh.688981,43.0,43.67,42.73,43.0,43.27,19976053.0,863796135.43,1.0205,-0.624,1,0
2023-03-13,sh.688981,43.0,43.74,42.56,43.6,43.0,21649827.0,935642556.59,1.106,1.3953,1,0
2023-03-14,sh.688981,43.65,48.88,43.38,48.01,43.6,136354996.0,6388771483.92,6.9661,10.1147,1,0
2023-03-15,sh.688981,48.01,50.95,47.88,48.88,48.01,127567145.0,6286627704.4,6.5172,1.8121,1,0
2023-03-16,sh.688981,48.77,50.5,48.74,49.31,48.88,95121436.0,4724742584.31,4.8596,0.8797,1,0
2023-03-17,sh.688981,50.1,52.98,49.1,52.57,49.31,140129777.0,7194787633.71,7.159,6.6112,1,0
2023-03-20,sh.688981,52.6,53.66,51.66,51.81,52.57,100525197.0,5284002495.45,5.1356,-1.4457,1,0
2023-03-21,sh.688981,51.81,52.66,50.95,52.11,51.81,67444912.0,3490710416.27,3.4456,0.579,1,0
2023-03-22,sh.688981,51.95,52.5,51.36,52.3,52.11,58823142.0,3054583016.54,3.0052,0.3646,1,0
2023-03-23,sh.688981,52.0,53.38,50.6,52.32,52.3,90834222.0,4713726595.79,4.6405,0.0382,1,0
2023-03-24,sh.688981,52.0,52.1,50.69,50.8,52.32,67605117.0,3463874780.03,3.4538,-2.9052,1,0
2023-03-27,sh.688981,50.5,50.77,48.89,49.5,50.8,64911284.0,3227686408.49,3.3162,-2.5591,1,0
2023-03-28,sh.688981,49.75,50.12,48.71,49.1,49.5,45494114.0,2249830833.67,2.3242,-0.8081,1,0
2023-03-29,sh.688981,49.19,50.32,47.98,49.36,49.1,70892622.0,3496451834.04,3.6218,0.5295,1,0
2023-03-30,sh.688981,49.02,50.19,48.8,49.08,49.36,45779561.0,2264069970.29,2.3388,-0.5673,1,0
2023-03-31,sh.688981,49.1,50.65,48.91,50.11,49.08,50483423.0,2519438896.82,2.5791,2.0986,1,0
2023-04-03,sh.688981,50.33,54.6,49.87,54.58,50.11,133989588.0,7028142061.57,6.8453,8.9204,1,0
2023-04-04,sh.688981,54.25,57.99,54.01,56.66,54.58,167492359.0,9472351941.03,8.5569,3.8109,1,0
2023-04-06,sh.688981,57.5,61.61,57.28,59.07,56.66,187479590.0,11217395667.91,9.578,4.2534,1,0
2023-04-07,sh.688981,59.83,60.9,58.14,59.9,59.07,120541406.0,7196995175.86,6.1582,1.4051,1,0
2023-04-10,sh.688981,60.3,63.54,59.6,60.0,59.9,124269469.0,7623833531.36,6.3487,0.1669,1,0
2023-04-11,sh.688981,60.0,61.58,57.33,58.43,60.0,109066438.0,6464638063.43,5.572,-2.6167,1,0
2023-04-12,sh.688981,57.9,60.5,57.75,59.3,58.43,75177660.0,4475622570.43,3.8407,1.489,1,0
2023-04-13,sh.688981,58.7,59.22,57.5,58.0,59.3,60987583.0,3550090616.68,3.1157,-2.1922,1,0
2023-04-14,sh.688981,58.67,62.3,57.38,62.26,58.0,126091003.0,7626678711.23,6.4418,7.3448,1,0
2023-04-17,sh.688981,62.5,63.68,61.71,63.0,62.26,92683946.0,5814764381.58,4.735,1.1886,1,0
2023-04-18,sh.688981,62.22,62.25,59.61,60.9,63.0,82926268.0,5036517706.2,4.2365,-3.3333,1,0
2023-04-19,sh.688981,60.99,64.38,60.15,62.21,60.9,105669929.0,6578214898.65,5.3985,2.1511,1,0
2023-04-20,sh.688981,61.84,66.5,61.84,66.48,62.21,131724809.0,8572883366.42,6.7296,6.8638,1,0
2023-04-21,sh.688981,66.13,66.33,62.11,62.8,66.48,100226909.0,6444984945.85,5.1204,-5.5355,1,0
2023-04-24,sh.688981,62.5,64.5,60.11,63.05,62.8,84698990.0,5289122673.07,4.3271,0.3981,1,0
2023-04-25,sh.688981,63.06,64.57,60.85,61.37,63.05,87228753.0,5434677426.53,4.4564,-2.6646,1,0
2023-04-26,sh.688981,60.7,61.06,56.7,58.16,61.37,106628690.0,6263921422.5,5.4475,-5.2306,1,0
2023-04-27,sh.688981,57.3,59.45,57.01,58.29,58.16,59302154.0,3456206784.02,3.0296,0.2235,1,0
2023-04-28,sh.688981,57.91,61.6,57.81,61.58,58.29,67240296.0,4044067430.14,3.4352,5.6442,1,0
2023-05-04,sh.688981,60.5,60.95,58.0,58.76,61.58,59289793.0,3522978239.04,3.029,-4.5794,1,0
2023-05-05,sh.688981,58.5,59.93,58.26,58.8,58.76,36207377.0,2139809354.97,1.8498,0.0681,1,0
2023-05-08,sh.688981,58.99,61.19,58.89,59.43,58.8,48231761.0,2885045619.0,2.4641,1.0714,1,0
2023-05-09,sh.688981,58.96,59.35,52.52,52.78,59.43,148270463.0,8155420424.41,7.5749,-11.1896,1,0
2023-05-10,sh.688981,52.26,53.45,51.6,52.45,52.78,58535661.0,3078071158.42,2.9905,-0.6252,1,0
2023-05-11,sh.688981,53.05,53.7,52.61,52.96,52.45,33697699.0,1788437531.9,1.7216,0.9724,1,0
2023-05-12,sh.688981,54.5,56.59,53.41,53.69,52.96,73835185.0,4072556241.46,3.7721,1.3784,1,0
2023-05-15,sh.688981,53.0,55.3,52.42,54.87,53.69,45211196.0,2432078653.2,2.3098,2.1978,1,0
2023-05-16,sh.688981,54.81,55.3,53.88,54.25,54.87,37417865.0,2040747535.09,1.9116,-1.1299,1,0
2023-05-17,sh.688981,53.93,54.95,53.71,54.2,54.25,29240177.0,1589833273.41,1.4938,-0.0922,1,0
2023-05-18,sh.688981,54.38,55.55,54.33,55.1,54.2,35290433.0,1940830220.66,1.8029,1.6605,1,0
2023-05-19,sh.688981,54.82,56.36,54.82,55.0,55.1,35394497.0,1965418863.52,1.8082,-0.1815,1,0
2023-05-22,sh.688981,55.0,56.0,54.2,54.55,55.0,25748595.0,1419219568.72,1.3154,-0.8182,1,0
2023-05-23,sh.688981,54.2,54.7,52.9,52.9,54.55,31532620.0,1684264054.11,1.6109,-3.0247,1,0
2023-05-24,sh.688981,52.6,52.6,48.78,49.91,52.9,85237308.0,4260149557.77,4.3546,-5.6522,1,0
2023-05-25,sh.688981,50.29,50.58,49.03,50.36,49.91,40626355.0,2024849403.81,2.0755,0.9016,1,0
2023-05-26,sh.688981,50.46,52.31,50.45,51.8,50.36,41435592.0,2137138269.73,2.1169,2.8594,1,0
2023-05-29,sh.688981,52.25,53.58,51.51,52.6,51.8,39825204.0,2099428999.47,2.0346,1.5444,1,0
2023-05-30,sh.688981,52.19,53.03,52.08,52.89,52.6,26592921.0,1397789256.03,1.3586,0.5513,1,0
2023-05-31,sh.688981,52.7,54.8,52.51,54.4,52.89,43467352.0,2354459129.74,2.2207,2.855,1,0
2023-06-01,sh.688981,53.85,55.17,53.48,54.42,54.4,30522683.0,1658661987.87,1.5593,0.0368,1,0
2023-06-02,sh.688981,54.6,54.8,52.88,53.72,54.42,23883171.0,1284217628.32,1.2201,-1.2863,1,0
2023-06-05,sh.688981,54.79,56.03,54.5,55.04,53.72,42849928.0,2370572338.04,2.1891,2.4572,1,0
2023-06-06,sh.688981,55.04,55.76,53.61,53.99,55.04,29316868.0,1607143747.61,1.4977,-1.9077,1,0
2023-06-07,sh.688981,54.0,55.16,53.71,54.67,53.99,23848942.0,1297489706.26,1.2184,1.2595,1,0
2023-06-08,sh.688981,54.6,54.6,53.18,53.56,54.67,26298423.0,1416843009.6,1.3435,-2.0304,1,0
2023-06-09,sh.688981,53.79,54.18,52.81,53.53,53.56,35999249.0,1924251758.21,1.8391,-0.056,1,0
2023-06-12,sh.688981,53.49,53.83,52.38,52.87,53.53,30153335.0,1596127568.96,1.5405,-1.233,1,0
2023-06-13,sh.688981,53.09,55.91,52.82,55.4,52.87,54566346.0,2988574239.77,2.7877,4.7853,1,0
2023-06-14,sh.688981,55.63,56.27,55.06,56.0,55.4,42484235.0,2368162234.9,2.1704,1.083,1,0
2023-06-15,sh.688981,55.72,56.3,54.45,54.78,56.0,37145403.0,2049812579.07,1.8977,-2.1786,1,0
2023-06-16,sh.688981,54.53,55.93,54.11,55.56,54.78,35006165.0,1928383173.73,1.7884,1.4239,1,0
2023-06-19,sh.688981,55.3,56.1,54.88,55.06,55.56,31651938.0,1755659183.02,1.617,-0.8999,1,0
2023-06-20,sh.688981,54.9,55.22,51.02,52.27,55.06,77868061.0,4109919399.55,3.9781,-5.0672,1,0
2023-06-21,sh.688981,52.0,52.5,50.0,50.8,52.27,47835767.0,2444510865.33,2.4438,-2.8123,1,0
2023-06-26,sh.688981,50.66,51.56,49.82,50.97,50.8,32522939.0,1645372848.04,1.6615,0.3346,1,0
2023-06-27,sh.688981,50.9,51.71,50.9,51.39,50.97,19461742.0,999282583.32,0.9943,0.824,1,0
2023-06-28,sh.688981,51.87,52.38,50.75,51.72,51.39,28330720.0,1466378988.86,1.4474,0.6421,1,0
2023-06-29,sh.688981,51.23,51.97,50.86,51.0,51.72,19861971.0,1022845219.61,1.0147,-1.3921,1,0
2023-06-30,sh.688981,50.75,51.52,50.45,50.52,51.0,24584993.0,1249845240.79,1.256,-0.9412,1,0
2023-07-03,sh.688981,50.67,51.0,49.6,51.0,50.52,29016906.0,1461511981.43,1.4824,0.9501,1,0
2023-07-04,sh.688981,51.0,52.0,50.63,51.41,51.0,29585461.0,1519446627.87,1.5115,0.8039,1,0
2023-07-05,sh.688981,51.25,51.4,50.71,50.98,51.41,17445749.0,889902225.8,0.8913,-0.8364,1,0
2023-07-06,sh.688981,50.89,51.05,49.89,50.0,50.98,23210269.0,1168687009.55,1.1858,-1.9223,1,0
2023-07-07,sh.688981,49.81,50.18,49.06,49.38,50.0,28336113.0,1405030601.05,1.4476,-1.24,1,0
2023-07-10,sh.688981,49.41,49.88,49.38,49.72,49.38,11969183.0,594206741.89,0.6115,0.6885,1,0
2023-07-11,sh.688981,49.72,50.42,49.5,50.3,49.72,19669601.0,983659361.01,1.0049,1.1665,1,0
2023-07-12,sh.688981,50.32,50.45,48.22,48.38,50.3,38371993.0,1881906899.01,1.9604,-3.8171,1,0
2023-07-13,sh.688981,48.6,49.37,48.6,49.2,48.38,25077299.0,1229564595.48,1.2812,1.6949,1,0
2023-07-14,sh.688981,49.2,50.13,49.16,49.46,49.2,18322747.0,909159936.95,0.9361,0.5285,1,0
2023-07-17,sh.688981,49.16,49.46,48.6,48.77,49.46,16507870.0,806855842.46,0.8434,-1.3951,1,0
2023-07-18,sh.688981,49.0,50.75,49.0,49.7,48.77,27880112.0,1394187854.61,1.4243,1.9069,1,0
2023-07-19,sh.688981,49.5,49.58,48.88,49.15,49.7,16050293.0,788838349.78,0.82,-1.1066,1,0
2023-07-20,sh.688981,49.33,49.55,49.02,49.29,49.15,13065589.0,644076800.71,0.6675,0.2848,1,0
2023-07-21,sh.688981,49.01,49.24,48.88,49.0,49.29,12584518.0,617119609.3,0.6429,-0.5884,1,0
2023-07-24,sh.688981,48.88,49.51,48.84,49.0,49.0,11374978.0,559330692.74,0.5811,0.0,1,0
2023-07-25,sh.688981,49.66,49.8,49.23,49.77,49.0,17966883.0,890948323.42,0.9179,1.5714,1,0
2023-07-26,sh.688981,49.66,50.18,49.54,50.15,49.77,16115319.0,803412947.48,0.8233,0.7635,1,0
2023-07-27,sh.688981,50.01,50.14,49.2,49.39,50.15,16339062.0,812613123.68,0.8347,-1.5155,1,0
2023-07-28,sh.688981,49.03,50.35,48.99,50.26,49.39,18698054.0,933055644.53,0.9552,1.7615,1,0
2023-07-31,sh.688981,50.31,51.38,50.28,51.36,50.26,25944137.0,1324877471.78,1.3254,2.1886,1,0
2023-08-01,sh.688981,51.4,51.57,50.49,50.72,51.36,18110314.0,921404966.02,0.9252,-1.2461,1,0
2023-08-02,sh.688981,50.87,51.12,50.66,50.83,50.72,10813980.0,549979975.73,0.5525,0.2169,1,0
2023-08-03,sh.688981,50.7,51.18,50.18,50.91,50.83,12048176.0,613432104.01,0.6155,0.1574,1,0
2023-08-04,sh.688981,51.37,51.61,51.01,51.1,50.91,17100810.0,875914545.05,0.8736,0.3732,1,0
2023-08-07,sh.688981,51.12,51.18,49.06,49.26,51.1,32403942.0,1610428094.11,1.6555,-3.6008,1,0
2023-08-08,sh.688981,49.12,49.9,48.98,49.47,49.26,16147977.0,796863741.19,0.825,0.4263,1,0
2023-08-09,sh.688981,49.3,49.59,48.46,48.64,49.47,17961032.0,878532354.06,0.9176,-1.6778,1,0
2023-08-10,sh.688981,48.66,49.0,48.34,48.47,48.64,14184613.0,688655013.99,0.7247,-0.3495,1,0
2023-08-11,sh.688981,48.85,48.95,46.91,46.92,48.47,31855553.0,1514515990.55,1.6274,-3.1979,1,0
2023-08-14,sh.688981,46.58,47.36,46.3,47.34,46.92,13585284.0,638638984.56,0.694,0.8951,1,0
2023-08-15,sh.688981,47.47,47.75,46.91,47.52,47.34,12926112.0,612785217.56,0.6604,0.3802,1,0
2023-08-16,sh.688981,47.5,48.09,47.3,47.55,47.52,13753666.0,656989173.5,0.7026,0.0631,1,0
2023-08-17,sh.688981,47.3,48.25,46.71,48.15,47.55,13423274.0,642153301.9,0.6858,1.2618,1,0
2023-08-18,sh.688981,48.78,48.86,47.87,48.01,48.15,14735792.0,712243184.38,0.7528,-0.2908,1,0
2023-08-21,sh.688981,47.9,48.59,47.63,47.68,48.01,11187804.0,539061515.82,0.5716,-0.6874,1,0
2023-08-22,sh.688981,47.87,48.97,47.6,48.82,47.68,20256083.0,980415330.65,1.0348,2.3909,1,0
2023-08-23,sh.688981,48.54,48.99,47.76,47.89,48.82,15716714.0,764488485.98,0.8029,-1.905,1,0
2023-08-24,sh.688981,48.13,48.94,47.78,48.62,47.89,12840010.0,621822144.21,0.656,1.5243,1,0
2023-08-25,sh.688981,48.4,48.64,47.69,48.3,48.62,13674627.0,657417619.83,0.6986,-0.6582,1,0
2023-08-28,sh.688981,50.72,50.98,48.52,48.55,48.3,23909376.0,1184020364.87,1.2215,0.5176,1,0
2023-08-29,sh.688981,48.61,51.0,48.61,51.0,48.55,39593938.0,1990118389.16,2.0228,5.0463,1,0
2023-08-30,sh.688981,53.98,54.54,52.32,52.94,51.0,71122489.0,3804531953.4,3.6335,3.8039,1,0
2023-08-31,sh.688981,52.6,54.79,52.3,54.24,52.94,56791773.0,3071449764.48,2.9014,2.4556,1,0
2023-09-01,sh.688981,54.38,54.68,52.76,53.68,54.24,37284250.0,1997027510.46,1.9048,-1.0324,1,0
2023-09-04,sh.688981,53.9,56.9,53.27,56.9,53.68,55028087.0,3016678635.53,2.7882,5.9985,1,0
2023-09-05,sh.688981,57.36,58.66,55.15,55.63,56.9,85458434.0,4880846190.83,4.3301,-2.232,1,0
2023-09-06,sh.688981,55.16,57.4,54.81,56.83,55.63,65536508.0,3677819121.48,3.3206,2.1571,1,0
2023-09-07,sh.688981,55.88,55.88,51.96,52.12,56.83,84780882.0,4541997493.45,4.2957,-8.2879,1,0
2023-09-08,sh.688981,52.06,53.24,51.41,52.5,52.12,49369770.0,2586774083.33,2.5015,0.7291,1,0
2023-09-11,sh.688981,52.58,52.92,51.66,52.06,52.5,38528076.0,2016487945.29,1.9522,-0.8381,1,0
2023-09-12,sh.688981,52.0,52.2,51.5,51.52,52.06,24008981.0,1242870691.8,1.2165,-1.0373,1,0
2023-09-13,sh.688981,51.4,51.88,50.32,50.76,51.52,30012906.0,1528682411.09,1.5207,-1.4752,1,0
2023-09-14,sh.688981,50.71,51.58,50.51,50.77,50.76,23106866.0,1177349989.69,1.1708,0.0197,1,0
2023-09-15,sh.688981,50.93,52.63,50.61,51.7,50.77,43980023.0,2280275724.92,2.2284,1.8318,1,0
2023-09-18,sh.688981,51.32,51.37,48.42,49.63,51.7,47102093.0,2349628738.32,2.3866,-4.0039,1,0
2023-09-19,sh.688981,49.53,50.13,49.18,49.35,49.63,21940677.0,1087749216.58,1.1117,-0.5642,1,0
2023-09-20,sh.688981,49.01,49.65,48.98,49.34,49.35,12381874.0,611055534.86,0.6274,-0.0203,1,0
2023-09-21,sh.688981,49.3,49.99,49.21,49.5,49.34,15068020.0,748416744.01,0.7635,0.3243,1,0
2023-09-22,sh.688981,49.6,51.38,49.41,51.2,49.5,28218735.0,1425416501.02,1.4298,3.4343,1,0
2023-09-25,sh.688981,51.21,51.98,50.86,51.33,51.2,21560707.0,1109448900.65,1.0925,0.2539,1,0
2023-09-26,sh.688981,51.2,51.2,50.01,50.06,51.33,18690221.0,941128211.45,0.947,-2.4742,1,0
2023-09-27,sh.688981,50.18,51.0,50.07,50.66,50.06,15117637.0,765522214.32,0.766,1.1986,1,0
2023-09-28,sh.688981,50.7,51.42,50.25,51.15,50.66,17607565.0,896776612.99,0.8922,0.9672,1,0
2023-10-09,sh.688981,50.8,51.48,50.3,50.72,51.15,15983708.0,812288922.75,0.8099,-0.8407,1,0
2023-10-10,sh.688981,50.73,51.65,50.73,50.83,50.72,16726357.0,856740390.2,0.8475,0.2169,1,0
2023-10-11,sh.688981,50.9,54.29,50.5,54.2,50.83,46100108.0,2419356854.66,2.3358,6.6299,1,0
2023-10-12,sh.688981,53.75,54.19,53.01,53.69,54.2,35858279.0,1920432018.4,1.8169,-0.941,1,0
2023-10-13,sh.688981,53.17,55.88,53.06,54.56,53.69,50016405.0,2741423103.29,2.5343,1.6204,1,0
2023-10-16,sh.688981,54.3,55.1,53.05,53.1,54.56,23618774.0,1270862238.77,1.1967,-2.676,1,0
2023-10-17,sh.688981,53.1,56.34,52.7,54.4,53.1,34767248.0,1896488306.99,1.7616,2.4482,1,0
2023-10-18,sh.688981,55.84,56.73,54.48,54.57,54.4,44297900.0,2456939880.1,2.2445,0.3125,1,0
2023-10-19,sh.688981,54.13,57.28,54.0,56.03,54.57,75274144.0,4228377193.1,3.814,2.6755,1,0
2023-10-20,sh.688981,55.61,58.15,55.61,57.1,56.03,70739609.0,4059007779.02,3.5843,1.9097,1,0
2023-10-23,sh.688981,56.88,57.74,55.5,56.79,57.1,48307464.0,2737141608.77,2.4477,-0.5429,1,0
2023-10-24,sh.688981,56.79,57.1,53.36,55.05,56.79,48079955.0,2653840641.15,2.4361,-3.0639,1,0
2023-10-25,sh.688981,56.0,56.82,54.68,54.68,55.05,32205924.0,1789416703.42,1.6318,-0.6721,1,0
2023-10-26,sh.688981,54.2,55.6,54.1,54.89,54.68,28074399.0,1540008213.61,1.4225,0.3841,1,0
2023-10-27,sh.688981,54.58,57.5,54.4,56.98,54.89,47162330.0,2663837460.51,2.3896,3.8076,1,0
2023-10-30,sh.688981,56.74,58.98,56.67,58.3,56.98,50735385.0,2959089795.44,2.5707,2.3166,1,0
2023-10-31,sh.688981,58.38,58.38,56.88,57.25,58.3,28025815.0,1609413177.24,1.42,-1.801,1,0
2023-11-01,sh.688981,57.14,59.08,56.78,58.21,57.25,36157565.0,2109091149.94,1.8321,1.6769,1,0
2023-11-02,sh.688981,58.5,59.11,57.13,57.31,58.21,29094297.0,1691163615.19,1.4742,-1.5461,1,0
2023-11-03,sh.688981,57.45,57.99,56.81,57.86,57.31,27658732.0,1589991427.4,1.4014,0.9597,1,0
2023-11-06,sh.688981,57.89,58.4,56.96,57.3,57.86,33790738.0,1945325694.39,1.7121,-0.9679,1,0
2023-11-07,sh.688981,57.0,57.55,56.01,57.55,57.3,30759314.0,1747525203.88,1.5585,0.4363,1,0
2023-11-08,sh.688981,57.2,59.38,57.01,58.31,57.55,46693536.0,2724469177.97,2.3659,1.3206,1,0
2023-11-09,sh.688981,58.01,58.61,56.87,57.0,58.31,24017841.0,1380902450.65,1.217,-2.2466,1,0
2023-11-10,sh.688981,55.55,56.18,53.93,54.39,57.0,49718071.0,2731319261.56,2.5191,-4.5789,1,0
2023-11-13,sh.688981,54.56,54.88,53.63,54.24,54.39,24950846.0,1350562376.09,1.2642,-0.2758,1,0
2023-11-14,sh.688981,54.22,54.88,53.96,54.65,54.24,22961744.0,1248172524.82,1.1634,0.7559,1,0
2023-11-15,sh.688981,55.02,55.19,54.32,54.32,54.65,19729329.0,1078282399.18,0.9997,-0.6038,1,0
2023-11-16,sh.688981,54.01,54.2,53.25,53.42,54.32,19855533.0,1064433885.23,1.0061,-1.6568,1,0
2023-11-17,sh.688981,54.0,54.07,53.38,53.7,53.42,15310541.0,821891004.42,0.7758,0.5241,1,0
2023-11-20,sh.688981,53.57,54.31,53.22,53.92,53.7,19593677.0,1053080948.86,0.9928,0.4097,1,0
2023-11-21,sh.688981,53.98,54.34,53.58,53.61,53.92,15609020.0,843669046.13,0.7909,-0.5749,1,0
2023-11-22,sh.688981,53.42,53.79,52.63,52.64,53.61,16771245.0,893395081.87,0.8498,-1.8094,1,0
2023-11-23,sh.688981,52.5,53.46,52.42,53.38,52.64,14233329.0,753895793.59,0.7212,1.4058,1,0
2023-11-24,sh.688981,53.2,54.2,53.15,54.09,53.38,18263435.0,981410034.52,0.9254,1.3301,1,0
2023-11-27,sh.688981,54.09,54.79,53.6,54.61,54.09,22908563.0,1242797857.26,1.1607,0.9614,1,0
2023-11-28,sh.688981,54.69,54.88,54.2,54.55,54.61,15392083.0,840697470.49,0.7799,-0.1099,1,0
2023-11-29,sh.688981,54.61,54.79,53.6,53.7,54.55,14134076.0,764116504.88,0.7162,-1.5582,1,0
2023-11-30,sh.688981,53.76,54.19,53.45,53.7,53.7,10782874.0,580168888.29,0.5464,0.0,1,0
2023-12-01,sh.688981,53.6,54.57,52.9,54.15,53.7,17865482.0,960244808.66,0.9052,0.838,1,0
2023-12-04,sh.688981,54.15,54.53,53.03,53.18,54.15,16556760.0,886710470.48,0.8389,-1.7913,1,0
2023-12-05,sh.688981,53.05,53.17,52.39,52.39,53.18,14397097.0,758829187.64,0.7295,-1.4855,1,0
2023-12-06,sh.688981,52.16,52.78,51.74,51.97,52.39,18213173.0,950451751.23,0.9228,-0.8017,1,0
2023-12-07,sh.688981,51.88,52.67,51.55,52.67,51.97,23285236.0,1215586142.93,1.1798,1.3469,1,0
2023-12-08,sh.688981,52.67,52.68,51.1,52.55,52.67,38139823.0,1985072088.56,1.9325,-0.2278,1,0
2023-12-11,sh.688981,52.01,53.22,51.7,53.18,52.55,21987436.0,1154536239.5,1.1141,1.1989,1,0
2023-12-12,sh.688981,53.24,54.17,52.86,54.12,53.18,20974632.0,1124677202.58,1.0628,1.7676,1,0
2023-12-13,sh.688981,54.0,54.56,53.7,53.75,54.12,17916295.0,970375525.02,0.9078,-0.6837,1,0
2023-12-14,sh.688981,54.0,54.2,53.07,53.1,53.75,12358424.0,664063613.03,0.6262,-1.2093,1,0
2023-12-15,sh.688981,53.29,54.14,53.03,53.6,53.1,12130924.0,651165129.34,0.6147,0.9416,1,0
2023-12-18,sh.688981,53.49,53.99,53.2,53.74,53.6,10065168.0,540840132.43,0.51,0.2612,1,0
2023-12-19,sh.688981,53.65,54.94,53.61,54.76,53.74,20412523.0,1112052089.58,1.0343,1.898,1,0
2023-12-20,sh.688981,54.89,55.24,54.46,54.51,54.76,14475005.0,793468718.55,0.7334,-0.4565,1,0
2023-12-21,sh.688981,54.24,54.7,53.36,54.57,54.51,14498278.0,786354869.7,0.7346,0.1101,1,0
2023-12-22,sh.688981,54.49,55.19,54.39,54.79,54.57,15173506.0,832872996.76,0.7688,0.4032,1,0
2023-12-25,sh.688981,54.6,55.0,52.85,53.01,54.79,17788368.0,954109664.22,0.9013,-3.2488,1,0
2023-12-26,sh.688981,53.01,53.23,51.8,51.85,53.01,14401632.0,754093590.45,0.7297,-2.1883,1,0
2023-12-27,sh.688981,51.83,52.29,51.18,51.91,51.85,15173450.0,786451366.92,0.7688,0.1157,1,0
2023-12-28,sh.688981,51.7,53.45,51.68,53.13,51.91,19211860.0,1015242626.55,0.9734,2.3502,1,0
2023-12-29,sh.688981,53.0,53.5,52.88,53.02,53.13,12648666.0,671919216.83,0.6409,-0.207,1,0
2024-01-02,sh.688981,53.02,53.27,52.72,52.96,53.02,13459147.0,713792763.69,0.682,-0.1132,1,0
2024-01-03,sh.688981,52.85,53.18,52.16,52.48,52.96,12847542.0,675958355.26,0.651,-0.9063,1,0
2024-01-04,sh.688981,52.5,52.7,51.42,51.88,52.48,14888503.0,773314888.88,0.7544,-1.1433,1,0
2024-01-05,sh.688981,51.75,52.48,50.19,50.58,51.88,19436893.0,998406765.23,0.9848,-2.5058,1,0
2024-01-08,sh.688981,50.59,50.81,48.6,49.5,50.58,22498764.0,1110310362.7,1.14,-2.1352,1,0
2024-01-09,sh.688981,49.48,49.67,47.9,48.45,49.5,20494592.0,997731837.26,1.0384,-2.1212,1,0
2024-01-10,sh.688981,48.25,48.55,47.41,47.47,48.45,14963533.0,714549961.87,0.7582,-2.0227,1,0
2024-01-11,sh.688981,47.28,48.22,47.15,47.6,47.47,17859717.0,849780613.85,0.9049,0.2739,1,0
2024-01-12,sh.688981,47.5,47.55,45.79,45.83,47.6,22900135.0,1064018744.48,1.1603,-3.7185,1,0
2024-01-15,sh.688981,45.8,46.56,45.24,45.67,45.83,15943822.0,732805093.76,0.8079,-0.3491,1,0
2024-01-16,sh.688981,45.59,46.08,44.9,45.99,45.67,17302575.0,787262836.3,0.8767,0.7007,1,0
2024-01-17,sh.688981,45.95,45.95,44.69,44.69,45.99,13221418.0,597545960.97,0.6699,-2.8267,1,0
2024-01-18,sh.688981,44.69,45.68,43.38,45.64,44.69,27679578.0,1227658371.83,1.4025,2.1258,1,0
2024-01-19,sh.688981,45.5,46.38,45.2,45.86,45.64,19667425.0,901687807.13,0.9965,0.482,1,0
2024-01-22,sh.688981,45.67,46.23,44.5,44.83,45.86,26060003.0,1187192764.55,1.3204,-2.246,1,0
2024-01-23,sh.688981,44.83,45.69,44.53,44.72,44.83,20339156.0,915329857.75,1.0306,-0.2454,1,0
2024-01-24,sh.688981,44.94,45.58,43.73,45.37,44.72,20872935.0,930621540.28,1.0576,1.4535,1,0
2024-01-25,sh.688981,45.45,47.41,45.07,47.26,45.37,25577149.0,1187793509.19,1.296,4.1657,1,0
2024-01-26,sh.688981,46.9,47.18,46.23,46.5,47.26,18009579.0,842394634.81,0.9125,-1.6081,1,0
2024-01-29,sh.688981,46.5,47.18,44.97,45.35,46.5,16819454.0,769790275.62,0.8522,-2.4731,1,0
2024-01-30,sh.688981,44.99,45.25,43.03,43.08,45.35,23631083.0,1036409500.09,1.1974,-5.0055,1,0
2024-01-31,sh.688981,43.0,44.19,41.85,43.29,43.08,26488080.0,1138964848.89,1.3421,0.4875,1,0
2024-02-01,sh.688981,42.8,44.1,41.77,42.68,43.29,21948019.0,944854158.53,1.1121,-1.4091,1,0
2024-02-02,sh.688981,42.78,43.25,40.68,42.13,42.68,25209649.0,1061214849.25,1.2773,-1.2887,1,0
2024-02-05,sh.688981,42.26,43.55,40.32,42.97,42.13,28535349.0,1202298076.69,1.4458,1.9938,1,0
2024-02-06,sh.688981,42.71,45.0,42.06,44.97,42.97,29276667.0,1286311624.36,1.4834,4.6544,1,0
2024-02-07,sh.688981,44.66,44.67,42.75,42.9,44.97,44212173.0,1925685259.7,2.2402,-4.6031,1,0
2024-02-08,sh.688981,43.11,44.3,43.03,44.0,42.9,30915460.0,1353733986.63,1.5664,2.5641,1,0
2024-02-19,sh.688981,44.6,45.07,44.11,44.82,44.0,28569119.0,1274866151.27,1.4476,1.8636,1,0
2024-02-20,sh.688981,44.55,45.03,43.9,44.45,44.82,18696625.0,830698817.33,0.9473,-0.8255,1,0
2024-02-21,sh.688981,44.26,45.8,44.15,44.99,44.45,24973179.0,1125352269.81,1.2654,1.2148,1,0
2024-02-22,sh.688981,44.95,45.71,44.61,45.14,44.99,24471927.0,1102980264.33,1.24,0.3334,1,0
2024-02-23,sh.688981,45.26,45.44,44.6,44.98,45.14,22929630.0,1030559983.16,1.1618,-0.3545,1,0
2024-02-26,sh.688981,44.65,45.55,44.34,44.92,44.98,27158247.0,1219389457.68,1.3761,-0.1334,1,0
2024-02-27,sh.688981,44.82,47.58,44.55,47.32,44.92,50575934.0,2341707695.79,2.5626,5.3428,1,0
2024-02-28,sh.688981,47.0,47.92,45.5,45.56,47.32,45176027.0,2119465290.79,2.289,-3.7194,1,0
2024-02-29,sh.688981,45.4,49.11,45.3,48.35,45.56,56961222.0,2720709758.48,2.8861,6.1238,1,0
2024-03-01,sh.688981,48.05,48.75,47.7,48.51,48.35,39575468.0,1909634952.99,2.0052,0.3309,1,0
2024-03-04,sh.688981,48.5,48.7,47.67,48.0,48.51,27026107.0,1301182389.9,1.3694,-1.0513,1,0
2024-03-05,sh.688981,47.76,48.4,47.59,48.0,48.0,28527901.0,1365886776.42,1.4455,0.0,1,0
2024-03-06,sh.688981,48.0,48.05,47.01,47.59,48.0,20382827.0,969336570.07,1.0328,-0.8542,1,0
2024-03-07,sh.688981,47.65,48.45,46.8,47.09,47.59,23863063.0,1136078793.66,1.2091,-1.0506,1,0
2024-03-08,sh.688981,47.11,47.76,46.6,47.4,47.09,18947243.0,895629930.75,0.96,0.6583,1,0
2024-03-11,sh.688981,46.86,48.23,46.5,47.99,47.4,26749425.0,1266403682.24,1.3554,1.2447,1,0
2024-03-12,sh.688981,47.86,48.5,47.68,47.88,47.99,21003183.0,1008523236.62,1.0642,-0.2292,1,0
2024-03-13,sh.688981,47.97,48.88,47.6,47.85,47.88,24307382.0,1172291361.94,1.2316,-0.0627,1,0
2024-03-14,sh.688981,47.51,47.81,46.62,46.7,47.85,20417164.0,961432779.24,1.0345,-2.4033,1,0
2024-03-15,sh.688981,46.6,46.84,46.0,46.67,46.7,16195957.0,751034883.05,0.8206,-0.0642,1,0
2024-03-18,sh.688981,46.87,48.44,46.7,47.97,46.67,29834287.0,1419257650.58,1.5117,2.7855,1,0
2024-03-19,sh.688981,47.8,47.99,47.2,47.21,47.97,17245175.0,820456003.56,0.8738,-1.5843,1,0
2024-03-20,sh.688981,47.49,48.15,47.25,47.54,47.21,15349973.0,731912758.97,0.7778,0.699,1,0
2024-03-21,sh.688981,47.54,48.1,47.1,47.55,47.54,19507622.0,929590455.03,0.9884,0.021,1,0
2024-03-22,sh.688981,47.3,47.51,45.58,45.6,47.55,29286513.0,1357453260.22,1.4839,-4.1009,1,0
2024-03-25,sh.688981,45.59,45.66,44.56,44.56,45.6,21448161.0,965562413.9,1.0867,-2.2807,1,0
2024-03-26,sh.688981,44.6,45.05,44.2,44.54,44.56,15427667.0,687234772.64,0.7817,-0.0449,1,0
2024-03-27,sh.688981,44.82,44.82,43.38,43.41,44.54,15933041.0,700495124.37,0.8073,-2.537,1,0
2024-03-28,sh.688981,43.41,44.46,43.41,44.0,43.41,15507848.0,682776443.57,0.7858,1.3591,1,0
2024-03-29,sh.688981,43.93,43.98,42.9,43.66,44.0,16538837.0,717917544.23,0.838,-0.7727,1,0
2024-04-01,sh.688981,43.66,44.63,43.58,44.3,43.66,18351143.0,811634436.88,0.9298,1.4659,1,0
2024-04-02,sh.688981,44.28,44.3,43.65,43.95,44.3,11506868.0,504883931.0,0.583,-0.7901,1,0
2024-04-03,sh.688981,44.98,45.24,44.08,44.24,43.95,22360953.0,996010783.95,1.133,0.6598,1,0
2024-04-08,sh.688981,43.7,43.71,42.5,42.51,44.24,24329041.0,1042392025.83,1.2327,-3.9105,1,0
2024-04-09,sh.688981,42.37,42.88,42.25,42.7,42.51,14093875.0,600699957.88,0.7141,0.447,1,0
2024-04-10,sh.688981,42.7,42.98,42.1,42.18,42.7,13797541.0,585993073.45,0.6991,-1.2178,1,0
2024-04-11,sh.688981,42.1,42.6,40.5,41.19,42.18,22426324.0,931943069.44,1.1363,-2.3471,1,0
2024-04-12,sh.688981,41.02,41.45,40.31,40.33,41.19,20377015.0,829048827.44,1.0325,-2.0879,1,0
2024-04-15,sh.688981,40.33,41.55,40.01,41.19,40.33,21677822.0,886154840.24,1.0984,2.1324,1,0
2024-04-16,sh.688981,41.0,41.87,40.78,41.18,41.19,18526991.0,766353526.74,0.9387,-0.0243,1,0
2024-04-17,sh.688981,41.2,41.79,40.91,41.75,41.18,18126686.0,752698692.11,0.9185,1.3842,1,0
2024-04-18,sh.688981,41.5,41.88,41.35,41.61,41.75,16583342.0,690686483.48,0.8403,-0.3353,1,0
2024-04-19,sh.688981,41.36,41.74,40.85,41.38,41.61,13741317.0,567558212.58,0.6963,-0.5528,1,0
2024-04-22,sh.688981,41.31,41.62,40.86,41.31,41.38,10990546.0,453953672.66,0.5569,-0.1692,1,0
2024-04-23,sh.688981,41.32,41.68,41.02,41.11,41.31,10994145.0,454747881.44,0.5571,-0.4841,1,0
2024-04-24,sh.688981,41.25,41.39,40.8,41.25,41.11,15193878.0,624334520.05,0.7699,0.3405,1,0
2024-04-25,sh.688981,41.25,41.86,40.92,41.34,41.25,14384439.0,595555209.41,0.7288,0.2182,1,0
2024-04-26,sh.688981,41.1,42.12,41.1,42.06,41.34,22051022.0,922197643.36,1.1173,1.7417,1,0
2024-04-29,sh.688981,42.13,43.36,42.13,43.05,42.06,23769702.0,1020182747.58,1.2044,2.3538,1,0
2024-04-30,sh.688981,43.0,43.0,41.76,41.91,43.05,23396549.0,988025344.34,1.1855,-2.6481,1,0
2024-05-06,sh.688981,42.49,43.03,42.33,42.56,41.91,22042862.0,941283487.62,1.1169,1.5509,1,0
2024-05-07,sh.688981,42.55,42.73,42.2,42.71,42.56,12938305.0,550573774.83,0.6556,0.3524,1,0
2024-05-08,sh.688981,42.81,42.82,42.08,42.16,42.71,11155861.0,472673353.0,0.5653,-1.2878,1,0
2024-05-09,sh.688981,42.18,43.89,42.16,43.72,42.16,31216637.0,1351312043.12,1.5817,3.7002,1,0
2024-05-10,sh.688981,43.7,43.98,42.74,42.99,43.72,25778763.0,1112390432.83,1.3062,-1.6697,1,0
2024-05-13,sh.688981,42.7,43.5,42.38,43.06,42.99,15525314.0,667418005.46,0.7866,0.1628,1,0
2024-05-14,sh.688981,43.06,43.45,42.71,42.92,43.06,13542828.0,581796401.51,0.6862,-0.3251,1,0
2024-05-15,sh.688981,42.74,42.87,41.62,41.66,42.92,21111866.0,889591259.53,1.0697,-2.9357,1,0
2024-05-16,sh.688981,42.0,42.5,41.8,41.82,41.66,14903076.0,627385977.49,0.7551,0.3841,1,0
2024-05-17,sh.688981,41.83,42.32,41.56,42.3,41.82,12636935.0,531097294.83,0.6403,1.1478,1,0
2024-05-20,sh.688981,42.4,42.88,42.2,42.57,42.3,14807069.0,631055044.16,0.7503,0.6383,1,0
2024-05-21,sh.688981,42.62,42.63,42.03,42.11,42.57,9781398.0,413394675.97,0.4956,-1.0806,1,0
2024-05-22,sh.688981,42.15,42.45,41.84,42.27,42.11,14302921.0,601957234.6,0.7247,0.38,1,0
2024-05-23,sh.688981,42.18,42.2,41.08,41.17,42.27,17371515.0,722285055.44,0.8802,-2.6023,1,0
2024-05-24,sh.688981,41.13,41.35,41.0,41.03,41.17,10136551.0,417552864.29,0.5136,-0.3401,1,0
2024-05-27,sh.688981,41.36,43.17,41.36,43.13,41.03,37492996.0,1593196321.56,1.8997,5.1182,1,0
2024-05-28,sh.688981,43.13,43.99,42.9,43.11,43.13,34963297.0,1516562321.75,1.7715,-0.0464,1,0
2024-05-29,sh.688981,42.87,43.4,42.59,42.94,43.11,16815329.0,722546139.39,0.852,-0.3943,1,0
2024-05-30,sh.688981,43.03,45.96,42.8,45.39,42.94,68885004.0,3094280189.56,3.4903,5.7056,1,0
2024-05-31,sh.688981,45.1,45.49,44.69,44.85,45.39,31463049.0,1414729532.85,1.5942,-1.1897,1,0
2024-06-03,sh.688981,44.96,46.36,44.8,45.44,44.85,39368171.0,1796427446.17,1.9947,1.3155,1,0
2024-06-04,sh.688981,45.3,45.75,44.72,45.55,45.44,24050959.0,1087304809.87,1.2186,0.2421,1,0
2024-06-05,sh.688981,45.42,47.14,45.3,46.12,45.55,39589673.0,1841218737.55,2.006,1.2514,1,0
2024-06-06,sh.688981,47.23,47.74,46.51,46.8,46.12,53052261.0,2503751094.27,2.6881,1.4744,1,0
2024-06-07,sh.688981,46.79,47.74,46.42,47.21,46.8,36199409.0,1706416313.53,1.8342,0.8761,1,0
2024-06-11,sh.688981,47.09,49.0,47.05,48.94,47.21,54317233.0,2638626377.05,2.7522,3.6645,1,0
2024-06-12,sh.688981,48.7,48.7,47.59,47.9,48.94,41557627.0,1995880529.32,2.1057,-2.1251,1,0
2024-06-13,sh.688981,48.18,48.85,47.11,47.2,47.9,45142745.0,2167830387.12,2.2873,-1.4614,1,0
2024-06-14,sh.688981,46.9,47.09,46.08,46.49,47.2,43088938.0,2003901881.31,2.1833,-1.5042,1,0
2024-06-17,sh.688981,46.4,47.99,46.3,47.77,46.49,37198388.0,1763212921.18,1.8848,2.7533,1,0
2024-06-18,sh.688981,47.88,48.8,47.76,48.13,47.77,34662024.0,1672916507.74,1.7563,0.7536,1,0
2024-06-19,sh.688981,48.1,48.29,46.88,47.53,48.13,31258236.0,1486601586.5,1.5838,-1.2466,1,0
2024-06-20,sh.688981,47.45,49.91,47.37,48.8,47.53,59165570.0,2896892544.12,2.9978,2.672,1,0
2024-06-21,sh.688981,48.34,48.78,47.47,48.75,48.8,30660483.0,1476110930.38,1.5535,-0.1025,1,0
2024-06-24,sh.688981,48.6,49.76,47.18,47.26,48.75,41017758.0,1980534763.99,2.0783,-3.0564,1,0
2024-06-25,sh.688981,47.04,47.39,45.26,45.54,47.26,43129536.0,1991141724.77,2.1853,-3.6394,1,0
2024-06-26,sh.688981,45.95,46.78,45.42,46.47,45.54,25482540.0,1173593026.08,1.2912,2.0422,1,0
2024-06-27,sh.688981,46.17,46.45,45.58,45.71,46.47,18744335.0,861865907.01,0.9497,-1.6355,1,0
2024-06-28,sh.688981,45.52,46.42,45.51,46.1,45.71,21801968.0,1004720177.81,1.1047,0.8532,1,0
2024-07-01,sh.688981,46.18,46.42,44.93,45.81,46.1,21802059.0,993307677.68,1.1047,-0.6291,1,0
2024-07-02,sh.688981,45.7,46.05,45.31,45.46,45.81,19222955.0,878101405.02,0.974,-0.764,1,0
2024-07-03,sh.688981,45.55,46.74,45.01,46.26,45.46,27884944.0,1284325192.88,1.4129,1.7598,1,0
2024-07-04,sh.688981,46.1,46.87,46.03,46.16,46.26,21478638.0,997203926.09,1.0883,-0.2162,1,0
2024-07-05,sh.688981,46.02,46.67,45.21,46.64,46.16,22988422.0,1057957178.52,1.1648,1.0399,1,0
2024-07-08,sh.688981,46.55,47.3,46.35,46.7,46.64,23854412.0,1116722764.76,1.2087,0.1286,1,0
2024-07-09,sh.688981,46.55,48.56,46.55,48.16,46.7,36070397.0,1723195832.49,1.8276,3.1263,1,0
2024-07-10,sh.688981,47.88,48.3,47.7,47.99,48.16,19577257.0,938670284.26,0.992,-0.353,1,0
2024-07-11,sh.688981,48.47,49.22,48.11,48.27,47.99,29990758.0,1457020914.8,1.5196,0.5835,1,0
2024-07-12,sh.688981,47.9,48.83,47.42,48.64,48.27,22072814.0,1062200326.67,1.1184,0.7665,1,0
2024-07-15,sh.688981,48.68,49.36,48.65,48.94,48.64,20087697.0,984327142.3,1.0178,0.6168,1,0
2024-07-16,sh.688981,48.7,49.28,47.93,49.2,48.94,30553937.0,1486489079.19,1.5481,0.5313,1,0
2024-07-17,sh.688981,49.08,49.1,48.36,48.36,49.2,23186559.0,1130433687.57,1.1748,-1.7073,1,0
2024-07-18,sh.688981,47.33,49.1,47.06,48.75,48.36,29143685.0,1403929792.32,1.4767,0.8065,1,0
2024-07-19,sh.688981,48.5,51.35,48.34,51.2,48.75,60862371.0,3061367371.64,3.0838,5.0256,1,0
2024-07-22,sh.688981,50.9,51.45,50.65,50.98,51.2,30557978.0,1557926563.62,1.5483,-0.4297,1,0
2024-07-23,sh.688981,51.0,51.35,49.18,49.28,50.98,33454365.0,1681684845.93,1.6951,-3.3346,1,0
2024-07-24,sh.688981,49.34,49.89,48.7,48.85,49.28,24558222.0,1210342554.93,1.2443,-0.8726,1,0
2024-07-25,sh.688981,48.6,49.53,48.11,48.7,48.85,20679953.0,1009487465.45,1.0478,-0.3071,1,0
2024-07-26,sh.688981,48.68,49.76,48.6,49.75,48.7,18069479.0,888744371.12,0.9156,2.1561,1,0
2024-07-29,sh.688981,49.59,49.98,46.53,46.7,49.75,36994124.0,1775575235.65,1.8744,-6.1307,1,0
2024-07-30,sh.688981,46.68,47.88,46.6,47.6,46.7,22118392.0,1046826681.72,1.1207,1.9272,1,0
2024-07-31,sh.688981,47.51,49.2,47.5,49.1,47.6,20714313.0,1006957513.02,1.0496,3.1513,1,0
2024-08-01,sh.688981,48.99,49.79,48.9,49.11,49.1,16189340.0,798449128.68,0.8203,0.0204,1,0
2024-08-02,sh.688981,48.61,49.22,48.1,48.42,49.11,19364443.0,938769736.64,0.9812,-1.405,1,0
2024-08-05,sh.688981,47.95,48.48,47.0,47.29,48.42,23308540.0,1111376068.56,1.181,-2.3337,1,0
2024-08-06,sh.688981,47.7,47.96,46.3,47.27,47.29,17710337.0,832925225.36,0.8974,-0.0423,1,0
2024-08-07,sh.688981,47.4,47.56,47.1,47.22,47.27,8737759.0,413822926.52,0.4427,-0.1058,1,0
2024-08-08,sh.688981,47.01,47.9,46.76,47.48,47.22,12573162.0,595635654.62,0.6371,0.5506,1,0
2024-08-09,sh.688981,49.5,49.81,48.47,48.49,47.48,27180510.0,1334185240.01,1.3772,2.1272,1,0
2024-08-12,sh.688981,48.35,48.98,48.0,48.78,48.49,14457335.0,702854844.99,0.7325,0.5981,1,0
2024-08-13,sh.688981,48.8,49.2,48.74,49.2,48.78,14211885.0,696438780.4,0.7201,0.861,1,0
2024-08-14,sh.688981,49.3,49.46,48.8,48.95,49.2,13024239.0,640093246.2,0.6599,-0.5081,1,0
2024-08-15,sh.688981,48.61,49.75,48.56,49.68,48.95,18511967.0,914564798.72,0.938,1.4913,1,0
2024-08-16,sh.688981,49.63,49.73,49.07,49.46,49.68,11840255.0,584952105.93,0.5999,-0.4428,1,0
2024-08-19,sh.688981,49.49,49.98,49.14,49.46,49.46,10659070.0,529011500.97,0.5401,0.0,1,0
2024-08-20,sh.688981,49.46,49.59,48.47,48.75,49.46,14270864.0,697840374.09,0.7231,-1.4355,1,0
2024-08-21,sh.688981,48.75,48.98,47.76,47.78,48.75,14246889.0,687626380.88,0.7219,-1.9897,1,0
2024-08-22,sh.688981,47.6,47.85,46.03,46.54,47.78,23463783.0,1094773982.32,1.1889,-2.5952,1,0
2024-08-23,sh.688981,46.5,47.2,46.12,47.13,46.54,13026643.0,609961822.02,0.66,1.2677,1,0
2024-08-26,sh.688981,47.12,47.45,46.88,47.35,47.13,8983580.0,424194788.08,0.4552,0.4668,1,0
2024-08-27,sh.688981,47.3,47.35,46.54,46.72,47.35,11060111.0,517689800.43,0.5604,-1.3305,1,0
2024-08-28,sh.688981,46.8,47.66,46.69,47.36,46.72,9252275.0,437525279.62,0.4688,1.3699,1,0
2024-08-29,sh.688981,47.15,47.62,46.99,47.26,47.36,10616556.0,502868959.42,0.5379,-0.2111,1,0
2024-08-30,sh.688981,46.85,48.48,46.71,48.24,47.26,21516765.0,1029589929.91,1.0902,2.0736,1,0
2024-09-02,sh.688981,48.04,48.2,46.71,46.78,48.24,15262960.0,722833408.44,0.7734,-3.0265,1,0
2024-09-03,sh.688981,46.67,47.18,45.65,46.26,46.78,17009497.0,787442424.07,0.8618,-1.1116,1,0
2024-09-04,sh.688981,45.79,46.26,45.51,45.53,46.26,12154206.0,556296022.68,0.6158,-1.578,1,0
2024-09-05,sh.688981,45.6,46.1,45.52,45.97,45.53,9670392.0,443119200.81,0.49,0.9664,1,0
2024-09-06,sh.688981,46.02,46.08,45.08,45.08,45.97,10370876.0,471332178.7,0.5255,-1.936,1,0
2024-09-09,sh.688981,44.81,45.45,44.63,44.87,45.08,9151976.0,411954270.01,0.4603,-0.4658,1,0
2024-09-10,sh.688981,44.88,45.09,43.95,44.84,44.87,12435144.0,552841085.12,0.6254,-0.0669,1,0
2024-09-11,sh.688981,44.5,44.7,42.9,43.33,44.84,21176827.0,922753568.85,1.065,-3.3675,1,0
2024-09-12,sh.688981,43.3,43.89,42.95,42.98,43.33,13516519.0,585769071.68,0.6798,-0.8078,1,0
2024-09-13,sh.688981,43.2,43.26,42.4,42.4,42.98,14155491.0,606446383.48,0.7119,-1.3495,1,0
2024-09-18,sh.688981,42.68,43.47,42.5,43.17,42.4,15417352.0,663453408.31,0.7754,1.816,1,0
2024-09-19,sh.688981,43.28,44.14,43.0,43.74,43.17,14436532.0,629627226.79,0.7261,1.3204,1,0
2024-09-20,sh.688981,43.72,43.99,43.28,43.86,43.74,10373382.0,453249986.67,0.5217,0.2743,1,0
2024-09-23,sh.688981,43.98,44.05,43.37,43.43,43.86,9443665.0,411933388.97,0.4749,-0.9804,1,0
2024-09-24,sh.688981,43.73,44.79,43.37,44.77,43.43,21415927.0,947444930.29,1.0771,3.0854,1,0
2024-09-25,sh.688981,45.05,46.0,44.82,44.9,44.77,24758346.0,1125901687.66,1.2452,0.2904,1,0
2024-09-26,sh.688981,45.0,46.49,44.77,46.36,44.9,26017272.0,1188607840.44,1.3085,3.2517,1,0
2024-09-27,sh.688981,47.0,50.0,47.0,49.99,46.36,29887423.0,1447355629.02,1.5031,7.83,1,0
2024-09-30,sh.688981,53.0,59.99,53.0,59.99,49.99,109263571.0,6255248098.1,5.4952,20.004,1,0
2024-10-08,sh.688981,71.99,71.99,70.0,71.99,59.99,97665202.0,7016236458.75,4.9118,20.0033,1,0
2024-10-09,sh.688981,72.19,86.39,70.5,83.89,71.99,347531503.0,28255009861.6,17.4783,16.5301,1,0
2024-10-10,sh.688981,85.1,86.35,70.01,75.02,83.89,210401638.0,16322871324.27,10.5817,-10.5734,1,0
2024-10-11,sh.688981,71.03,73.7,68.8,69.48,75.02,136273205.0,9649229122.72,6.8536,-7.3847,1,0
2024-10-14,sh.688981,69.48,76.5,67.77,75.6,69.48,136415689.0,9835546718.62,6.8607,8.8083,1,0
2024-10-15,sh.688981,74.99,81.53,73.48,74.18,75.6,140402142.0,10800700115.13,7.0612,-1.8783,1,0
2024-10-16,sh.688981,71.14,76.76,70.88,74.09,74.18,85429352.0,6339481074.21,4.2965,-0.1213,1,0
2024-10-17,sh.688981,77.0,77.64,74.02,75.12,74.09,88209878.0,6646213967.76,4.4363,1.3902,1,0
2024-10-18,sh.688981,75.8,90.14,74.44,90.14,75.12,209387553.0,17572905892.24,10.5307,19.9947,1,0
2024-10-21,sh.688981,94.0,107.76,91.9,97.48,90.14,279429314.0,27425436558.13,14.0533,8.1429,1,0
2024-10-22,sh.688981,94.99,99.04,92.89,96.04,97.48,185913485.0,17850570801.07,9.3501,-1.4772,1,0
2024-10-23,sh.688981,93.04,95.5,91.54,92.31,96.04,138395627.0,12913292177.8,6.9603,-3.8838,1,0
2024-10-24,sh.688981,91.45,96.47,91.17,94.56,92.31,112506040.0,10553036502.55,5.6582,2.4374,1,0
2024-10-25,sh.688981,94.56,98.66,92.52,93.7,94.56,110646384.0,10481219254.15,5.5647,-0.9095,1,0
2024-10-28,sh.688981,93.0,93.98,92.0,93.1,93.7,72566797.0,6738404402.59,3.6496,-0.6403,1,0
2024-10-29,sh.688981,92.78,96.55,92.29,92.3,93.1,113267083.0,10670224997.61,5.6965,-0.8593,1,0
2024-10-30,sh.688981,91.79,92.78,84.85,85.82,92.3,160870949.0,14096960438.24,8.0906,-7.0206,1,0
2024-10-31,sh.688981,85.48,88.94,83.7,86.93,85.82,116611336.0,10121960491.55,5.8647,1.2934,1,0
2024-11-01,sh.688981,85.19,88.25,84.81,84.81,86.93,88351026.0,7623522110.6,4.4434,-2.4387,1,0
2024-11-04,sh.688981,84.63,87.19,84.18,86.81,84.81,57658272.0,4954515252.99,2.8998,2.3582,1,0
2024-11-05,sh.688981,87.48,96.0,87.01,95.8,86.81,145383344.0,13510951853.58,7.3117,10.3559,1,0
2024-11-06,sh.688981,97.0,99.97,93.33,96.04,95.8,141798577.0,13644672955.0,7.1314,0.2505,1,0
2024-11-07,sh.688981,94.2,105.0,94.01,101.89,96.04,126253030.0,12339467580.75,6.3496,6.0912,1,0
2024-11-08,sh.688981,107.3,109.5,100.0,100.3,101.89,160957144.0,16884507676.9,8.095,-1.5605,1,0
2024-11-11,sh.688981,104.6,108.3,100.62,104.98,100.3,138069018.0,14543774858.76,6.9439,4.666,1,0
2024-11-12,sh.688981,102.6,104.87,100.0,101.11,104.98,108866759.0,11121892126.55,5.4752,-3.6864,1,0
2024-11-13,sh.688981,99.9,100.9,97.88,99.14,101.11,80759477.0,7999842264.53,4.0616,-1.9484,1,0
2024-11-14,sh.688981,99.13,102.0,96.61,96.87,99.14,76194102.0,7549646077.43,3.832,-2.2897,1,0
2024-11-15,sh.688981,96.87,98.7,94.9,94.91,96.87,71066743.0,6874215100.66,3.5741,-2.0233,1,0
2024-11-18,sh.688981,95.7,97.5,91.37,92.3,94.91,82897403.0,7818657519.76,4.1691,-2.75,1,0
2024-11-19,sh.688981,92.1,95.39,90.22,94.9,92.3,83159684.0,7685226378.63,4.1823,2.8169,1,0
2024-11-20,sh.688981,94.0,94.57,92.6,93.28,94.9,58507495.0,5461026114.34,2.9425,-1.7071,1,0
2024-11-21,sh.688981,93.0,94.9,92.5,93.5,93.28,56197106.0,5261662792.05,2.8263,0.2358,1,0
2024-11-22,sh.688981,94.7,95.5,88.55,88.77,93.5,79240108.0,7262624325.97,3.9852,-5.0588,1,0
2024-11-25,sh.688981,88.76,88.77,84.52,86.16,88.77,76905909.0,6619040919.12,3.8678,-2.9402,1,0
2024-11-26,sh.688981,85.97,86.66,85.03,85.1,86.16,35363542.0,3031752239.04,1.7785,-1.2303,1,0
2024-11-27,sh.688981,84.65,89.04,83.13,88.0,85.1,77430532.0,6702107163.57,3.8942,3.4078,1,0
2024-11-28,sh.688981,88.2,90.3,86.83,87.08,88.0,61110137.0,5379089958.67,3.0734,-1.0455,1,0
2024-11-29,sh.688981,86.83,93.45,85.64,90.1,87.08,87940358.0,7877287510.7,4.4228,3.4681,1,0
2024-12-02,sh.688981,89.9,90.69,88.01,89.49,90.1,64010784.0,5727497109.69,3.2193,-0.677,1,0
2024-12-03,sh.688981,89.67,90.35,86.03,87.23,89.49,58676009.0,5144153238.91,2.951,-2.5254,1,0
2024-12-04,sh.688981,90.53,91.0,87.25,87.67,87.23,68106713.0,6069393147.02,3.4253,0.5044,1,0
2024-12-05,sh.688981,86.2,88.26,86.14,87.0,87.67,39595741.0,3445580322.01,1.9914,-0.7642,1,0
2024-12-06,sh.688981,86.5,89.69,86.3,88.93,87.0,54044117.0,4776133051.9,2.718,2.2184,1,0
2024-12-09,sh.688981,88.06,88.75,85.99,86.78,88.93,42411257.0,3699239863.28,2.133,-2.4176,1,0
2024-12-10,sh.688981,91.49,91.99,87.79,88.0,86.78,69668121.0,6260001390.84,3.5038,1.4059,1,0
2024-12-11,sh.688981,87.11,88.33,86.5,86.82,88.0,40065377.0,3497866786.89,2.015,-1.3409,1,0
2024-12-12,sh.688981,87.16,88.2,85.69,87.17,86.82,44489757.0,3859300465.9,2.2375,0.4031,1,0
2024-12-13,sh.688981,86.81,86.81,82.85,82.99,87.17,82003231.0,6922583408.08,4.1242,-4.7952,1,0
2024-12-16,sh.688981,82.3,83.2,81.21,81.5,82.99,47629570.0,3899339617.76,2.3954,-1.7954,1,0
2024-12-17,sh.688981,81.35,83.1,81.31,82.19,81.5,40662192.0,3337273305.43,2.045,0.8466,1,0
2024-12-18,sh.688981,82.82,83.95,82.09,83.4,82.19,48400022.0,4019779410.89,2.4342,1.4722,1,0
2024-12-19,sh.688981,82.3,86.53,81.88,85.44,83.4,67399207.0,5699200996.22,3.3897,2.446,1,0
2024-12-20,sh.688981,85.07,98.8,85.07,94.28,85.44,176770271.0,16308583666.2,8.8903,10.3464,1,0
2024-12-23,sh.688981,93.69,99.2,93.6,95.18,94.28,145675567.0,14051252987.19,7.3264,0.9546,1,0
2024-12-24,sh.688981,95.99,97.34,92.99,96.86,95.18,91204508.0,8713502072.21,4.5869,1.7651,1,0
2024-12-25,sh.688981,96.48,99.8,96.38,97.99,96.86,98532907.0,9679610219.0,4.9555,1.1666,1,0
2024-12-26,sh.688981,98.0,98.88,96.15,96.73,97.99,71104586.0,6914605463.55,3.576,-1.2858,1,0
2024-12-27,sh.688981,96.78,102.37,96.49,97.51,96.73,114471630.0,11378943925.0,5.7571,0.8064,1,0
2024-12-30,sh.688981,96.6,100.53,96.0,99.29,97.51,90657304.0,8950494606.31,4.5594,1.8255,1,0
2024-12-31,sh.688981,99.0,99.58,94.59,94.62,99.29,87823797.0,8446753612.65,4.4169,-4.7034,1,0
2025-01-02,sh.688981,93.81,95.09,88.5,89.96,94.62,84971056.0,7762894945.61,4.2734,-4.925,1,0
2025-01-03,sh.688981,90.1,91.13,87.53,88.31,89.96,61288981.0,5452105981.35,3.0824,-1.8341,1,0
2025-01-06,sh.688981,88.84,89.6,85.72,86.94,88.31,43831308.0,3822056709.11,2.2044,-1.5514,1,0
2025-01-07,sh.688981,87.1,90.75,86.0,90.6,86.94,67214796.0,5939309424.6,3.3804,4.2098,1,0
2025-01-08,sh.688981,88.88,91.28,85.99,88.82,90.6,68790730.0,6092441316.26,3.4597,-1.9647,1,0
2025-01-09,sh.688981,88.4,93.33,88.1,91.32,88.82,72416451.0,6635272044.66,3.642,2.8147,1,0
2025-01-10,sh.688981,90.85,96.68,90.85,93.18,91.32,89988928.0,8521652351.67,4.5258,2.0368,1,0
2025-01-13,sh.688981,91.0,95.86,89.88,95.02,93.18,68025640.0,6365470803.09,3.4212,1.9747,1,0
2025-01-14,sh.688981,96.95,99.58,94.45,98.77,95.02,92888106.0,9014169472.84,4.6716,3.9465,1,0
2025-01-15,sh.688981,97.5,102.29,97.3,99.55,98.77,77659234.0,7724457762.92,3.9057,0.7897,1,0
2025-01-16,sh.688981,102.18,104.46,96.6,96.6,99.55,103477465.0,10410150423.06,5.2042,-2.9633,1,0
2025-01-17,sh.688981,96.51,104.77,96.51,102.7,96.6,109403228.0,11038758101.98,5.5022,6.3147,1,0
2025-01-20,sh.688981,102.98,103.0,100.3,101.05,102.7,59667259.0,6056075424.0,3.0008,-1.6066,1,0
2025-01-21,sh.688981,101.5,104.35,101.1,101.84,101.05,74435300.0,7645379055.76,3.7436,0.7818,1,0
2025-01-22,sh.688981,101.3,103.22,99.5,100.24,101.84,61641241.0,6226701935.81,3.1001,-1.5711,1,0
2025-01-23,sh.688981,102.8,103.87,96.7,96.84,100.24,86850578.0,8670498046.88,4.368,-3.3919,1,0
2025-01-24,sh.688981,97.16,98.62,96.77,97.85,96.84,47198275.0,4612028434.31,2.3737,1.043,1,0
2025-01-27,sh.688981,98.38,98.39,93.9,93.94,97.85,52844572.0,5033311481.07,2.6577,-3.9959,1,0
2025-02-05,sh.688981,100.16,102.84,99.44,101.37,93.94,97756780.0,9875682590.3,4.9165,7.9093,1,0
2025-02-06,sh.688981,100.11,106.43,99.66,104.43,101.37,89396981.0,9242630081.39,4.496,3.0186,1,0
2025-02-07,sh.688981,104.42,105.27,100.08,102.53,104.43,93254065.0,9611209773.88,4.69,-1.8194,1,0
2025-02-10,sh.688981,102.8,104.52,101.01,103.85,102.53,66856305.0,6877245115.2,3.3624,1.2874,1,0
2025-02-11,sh.688981,103.6,103.7,100.36,100.86,103.85,54448990.0,5526964300.18,2.7384,-2.8792,1,0
2025-02-12,sh.688981,101.5,104.44,99.41,104.32,100.86,97586005.0,9960164597.55,4.9079,3.4305,1,0
2025-02-13,sh.688981,104.77,104.96,100.89,101.11,104.32,69064629.0,7105289382.22,3.4734,-3.0771,1,0
2025-02-14,sh.688981,99.96,100.87,98.16,99.08,101.11,56713536.0,5617455816.66,2.8523,-2.0077,1,0
2025-02-17,sh.688981,99.3,102.45,99.3,101.0,99.08,58094181.0,5858537821.77,2.9217,1.9378,1,0
2025-02-18,sh.688981,101.01,101.27,98.17,98.28,101.0,50546212.0,5026979643.42,2.5421,-2.6931,1,0
2025-02-19,sh.688981,97.95,102.58,97.91,101.94,98.28,70074653.0,7091961138.42,3.5242,3.7241,1,0
2025-02-20,sh.688981,101.0,101.4,98.88,99.21,101.94,56493994.0,5622534305.0,2.8412,-2.678,1,0
2025-02-21,sh.688981,99.6,105.92,99.6,103.98,99.21,123386761.0,12714952875.14,6.2055,4.808,1,0
2025-02-24,sh.688981,103.0,106.86,102.0,103.4,103.98,74722539.0,7780805438.6,3.758,-0.5578,1,0
2025-02-25,sh.688981,100.88,103.94,100.11,101.28,103.4,71172236.0,7229312776.07,3.5794,-2.0503,1,0
2025-02-26,sh.688981,102.86,105.5,100.06,104.0,101.28,88991060.0,9162003662.23,4.4756,2.6856,1,0
2025-02-27,sh.688981,103.13,105.21,100.44,102.44,104.0,69790787.0,7142716344.51,3.51,-1.5,1,0
2025-02-28,sh.688981,101.0,101.59,97.67,97.79,102.44,67840823.0,6732922355.49,3.4119,-4.5392,1,0
2025-03-03,sh.688981,96.99,98.1,95.18,96.0,97.79,49878742.0,4816533324.84,2.5085,-1.8305,1,0
2025-03-04,sh.688981,95.0,99.07,94.61,97.28,96.0,44469412.0,4308124359.5,2.2365,1.3333,1,0
2025-03-05,sh.688981,97.3,98.2,96.16,97.57,97.28,35097289.0,3414276470.6,1.7651,0.2981,1,0
2025-03-06,sh.688981,98.85,100.3,98.37,98.66,97.57,56756728.0,5642824934.01,2.8545,1.1171,1,0
2025-03-07,sh.688981,97.6,98.55,96.52,96.88,98.66,39398650.0,3840947517.3,1.9815,-1.8042,1,0
2025-03-10,sh.688981,96.39,97.29,95.01,95.66,96.88,38451869.0,3684030338.21,1.9338,-1.2593,1,0
2025-03-11,sh.688981,94.0,96.32,93.8,96.12,95.66,30626303.0,2922193663.63,1.5403,0.4809,1,0
2025-03-12,sh.688981,96.5,97.05,95.71,95.9,96.12,28639010.0,2756820883.64,1.4403,-0.2289,1,0
2025-03-13,sh.688981,95.39,96.08,92.1,92.98,95.9,44201076.0,4139197753.09,2.223,-3.0448,1,0
2025-03-14,sh.688981,92.98,95.61,92.5,94.81,92.98,40137622.0,3790992802.29,2.0186,1.9682,1,0
2025-03-17,sh.688981,94.89,94.91,93.16,93.37,94.81,31205181.0,2922593145.95,1.5694,-1.5188,1,0
2025-03-18,sh.688981,93.99,95.8,93.9,94.1,93.37,29866634.0,2825272135.23,1.5021,0.7818,1,0
2025-03-19,sh.688981,93.9,94.57,93.5,93.75,94.1,23319047.0,2190220312.64,1.1728,-0.3719,1,0
2025-03-20,sh.688981,93.8,94.29,93.0,93.27,93.75,27204001.0,2542075785.79,1.3682,-0.512,1,0
2025-03-21,sh.688981,92.98,92.98,90.9,91.2,93.27,36539914.0,3348039980.81,1.8377,-2.2194,1,0
2025-03-24,sh.688981,91.5,91.68,89.81,91.45,91.2,29654478.0,2690474664.32,1.4914,0.2741,1,0
2025-03-25,sh.688981,91.45,91.45,89.25,89.87,91.45,28338161.0,2552615281.34,1.4252,-1.7277,1,0
2025-03-26,sh.688981,90.2,91.2,89.82,90.0,89.87,19490835.0,1763593743.28,0.9802,0.1447,1,0
2025-03-27,sh.688981,90.0,93.78,89.37,92.47,90.0,45729726.0,4202025652.08,2.2999,2.7444,1,0
2025-03-28,sh.688981,91.54,92.48,90.35,90.4,92.47,27440878.0,2503225495.11,1.3801,-2.2386,1,0
2025-03-31,sh.688981,90.39,91.7,88.36,89.33,90.4,26820455.0,2401106877.31,1.3489,-1.1836,1,0
2025-04-01,sh.688981,89.5,89.75,86.19,86.5,89.33,41191328.0,3614591669.68,2.0716,-3.168,1,0
2025-04-02,sh.688981,86.38,87.45,85.72,86.85,86.5,24056690.0,2082847479.74,1.2099,0.4046,1,0
2025-04-03,sh.688981,85.97,89.2,85.9,88.09,86.85,30277366.0,2662731069.68,1.5227,1.4277,1,0
2025-04-07,sh.688981,84.5,86.88,77.8,84.0,88.09,85368449.0,7116307894.11,4.2934,-4.643,1,0
2025-04-08,sh.688981,84.0,85.88,83.0,85.0,84.0,53816947.0,4544056101.71,2.7066,1.1905,1,0
2025-04-09,sh.688981,84.03,91.58,83.17,90.18,85.0,74601350.0,6627104338.31,3.7519,6.0941,1,0
2025-04-10,sh.688981,92.02,92.18,89.82,90.95,90.18,52228661.0,4754704696.73,2.6267,0.8538,1,0
2025-04-11,sh.688981,90.86,95.48,90.2,92.9,90.95,71343411.0,6634661361.86,3.5881,2.144,1,0
2025-04-14,sh.688981,93.5,93.54,91.69,92.0,92.9,37611854.0,3478283997.74,1.8916,-0.9688,1,0
2025-04-15,sh.688981,91.8,91.8,89.68,90.39,92.0,27852312.0,2516501931.08,1.4008,-1.75,1,0
2025-04-16,sh.688981,91.0,92.0,89.87,92.0,90.39,27925129.0,2535954432.68,1.4044,1.7812,1,0
2025-04-17,sh.688981,91.3,92.38,91.0,91.8,92.0,22896965.0,2098564734.73,1.1516,-0.2174,1,0
2025-04-18,sh.688981,91.49,91.88,90.53,91.35,91.8,13848004.0,1262213956.98,0.6965,-0.4902,1,0
2025-04-21,sh.688981,91.34,91.75,90.13,90.51,91.35,23221503.0,2101254766.28,1.1679,-0.9195,1,0
2025-04-22,sh.688981,90.5,90.88,89.75,90.01,90.51,21750489.0,1961134821.78,1.0939,-0.5524,1,0
2025-04-23,sh.688981,90.15,90.72,89.85,90.07,90.01,21184822.0,1911433962.44,1.0654,0.0667,1,0
2025-04-24,sh.688981,90.15,90.2,88.5,89.1,90.07,20881488.0,1866607741.67,1.0502,-1.0769,1,0
2025-04-25,sh.688981,89.1,89.55,88.03,88.42,89.1,23006791.0,2042213238.0,1.1571,-0.7632,1,0
2025-04-28,sh.688981,88.42,89.09,88.0,88.23,88.42,14446652.0,1277416730.54,0.7266,-0.2149,1,0
2025-04-29,sh.688981,88.02,88.52,87.8,88.0,88.23,13110870.0,1155665953.68,0.6594,-0.2607,1,0
2025-04-30,sh.688981,88.23,89.41,88.01,89.05,88.0,20183053.0,1794818651.23,1.0151,1.1932,1,0
2025-05-06,sh.688981,89.4,90.35,89.25,89.9,89.05,23858710.0,2145840908.76,1.1999,0.9545,1,0
2025-05-07,sh.688981,91.46,91.66,89.73,90.5,89.9,26342039.0,2380343629.76,1.3248,0.6674,1,0
2025-05-08,sh.688981,90.09,90.09,89.31,89.98,90.5,23245156.0,2084813428.68,1.1691,-0.5746,1,0
2025-05-09,sh.688981,87.0,87.82,85.72,85.83,89.98,58300971.0,5026453513.32,2.9321,-4.6121,1,0
2025-05-12,sh.688981,85.9,86.32,84.16,86.32,85.83,36837284.0,3153571643.88,1.8526,0.5709,1,0
2025-05-13,sh.688981,87.2,87.3,85.38,85.52,86.32,24125902.0,2076199217.33,1.2134,-0.9268,1,0
2025-05-14,sh.688981,85.58,86.75,85.28,86.06,85.52,23189869.0,1993260329.57,1.1663,0.6314,1,0
2025-05-15,sh.688981,85.8,85.98,84.35,84.42,86.06,21551907.0,1831222090.28,1.0839,-1.9056,1,0
2025-05-16,sh.688981,84.16,84.78,83.88,84.7,84.42,17039389.0,1440061786.47,0.857,0.3317,1,0
2025-05-19,sh.688981,84.71,85.28,83.72,85.01,84.7,16412240.0,1388817068.58,0.8254,0.366,1,0
2025-05-20,sh.688981,85.4,85.82,85.0,85.04,85.01,15483762.0,1321269792.75,0.7787,0.0353,1,0
2025-05-21,sh.688981,84.79,85.15,84.0,84.07,85.04,19840598.0,1675029541.4,0.9978,-1.1406,1,0
2025-05-22,sh.688981,84.0,84.68,83.71,83.81,84.07,13347362.0,1122377856.41,0.6713,-0.3093,1,0
2025-05-23,sh.688981,83.8,84.24,82.89,82.9,83.81,18562039.0,1551041949.12,0.9335,-1.0858,1,0
2025-05-26,sh.688981,83.42,84.68,83.41,84.02,82.9,22378126.0,1882447781.1,1.1255,1.351,1,0
2025-05-27,sh.688981,84.0,84.23,82.95,83.0,84.02,14405567.0,1200051945.63,0.7245,-1.214,1,0
2025-05-28,sh.688981,83.14,83.24,82.0,82.01,83.0,15766722.0,1297314111.76,0.793,-1.1928,1,0
2025-05-29,sh.688981,82.05,83.49,81.9,83.44,82.01,19295585.0,1598937909.6,0.9704,1.7437,1,0
2025-05-30,sh.688981,83.01,83.1,81.94,82.09,83.44,14577233.0,1198911741.32,0.7331,-1.6179,1,0
2025-06-03,sh.688981,82.2,82.78,81.37,82.47,82.09,14113706.0,1162425513.98,0.7098,0.4629,1,0
2025-06-04,sh.688981,82.6,83.32,82.26,83.18,82.47,13713352.0,1138879573.63,0.6897,0.8609,1,0
2025-06-05,sh.688981,83.49,84.87,83.03,84.39,83.18,24759154.0,2080746162.78,1.2452,1.4547,1,0
2025-06-06,sh.688981,84.33,85.0,83.78,84.56,84.39,18634650.0,1572905265.09,0.9372,0.2014,1,0
2025-06-09,sh.688981,84.15,85.08,84.1,84.43,84.56,19227453.0,1624823834.63,0.967,-0.1537,1,0
2025-06-10,sh.688981,84.49,84.49,82.02,82.32,84.43,25443912.0,2108011021.08,1.2796,-2.4991,1,0
2025-06-11,sh.688981,82.46,83.36,82.29,82.91,82.32,15435894.0,1280828441.25,0.7763,0.7167,1,0
2025-06-12,sh.688981,82.5,82.88,82.06,82.27,82.91,14536968.0,1197309499.31,0.7311,-0.7719,1,0
2025-06-13,sh.688981,82.0,83.1,81.71,82.79,82.27,22621715.0,1862940751.64,1.1377,0.6321,1,0
2025-06-16,sh.688981,82.3,83.07,82.28,82.96,82.79,12509643.0,1036015925.91,0.6291,0.2053,1,0
2025-06-17,sh.688981,82.98,83.13,82.02,82.4,82.96,13764726.0,1134381975.4,0.6923,-0.675,1,0
2025-06-18,sh.688981,82.23,82.67,81.66,82.01,82.4,14912111.0,1224810464.75,0.75,-0.4733,1,0
2025-06-19,sh.688981,82.0,82.88,81.51,81.65,82.01,17728970.0,1454669265.67,0.8916,-0.439,1,0
2025-06-20,sh.688981,81.73,82.59,81.22,81.28,81.65,16691409.0,1365214470.18,0.8395,-0.4532,1,0
2025-06-23,sh.688981,81.03,85.3,80.9,84.25,81.28,45387149.0,3804935799.47,2.2826,3.654,1,0
2025-06-24,sh.688981,84.25,85.37,84.09,85.15,84.25,30936689.0,2628501521.39,1.5559,1.0682,1,0
2025-06-25,sh.688981,85.0,88.53,85.0,88.39,85.15,55719038.0,4850225495.81,2.8023,3.805,1,0
2025-06-26,sh.688981,88.39,89.98,87.2,87.28,88.39,38656454.0,3414871361.41,1.9441,-1.2558,1,0
2025-06-27,sh.688981,87.58,88.15,86.7,86.88,87.28,26165913.0,2286914164.07,1.316,-0.4583,1,0
2025-06-30,sh.688981,88.18,89.63,87.79,88.17,86.88,34352802.0,3041329540.92,1.7277,1.4848,1,0
2025-07-01,sh.688981,88.0,88.85,87.65,87.76,88.17,21688792.0,1911740652.01,1.0908,-0.465,1,0
2025-07-02,sh.688981,87.5,87.73,85.81,86.1,87.76,22557267.0,1955238261.72,1.1345,-1.8915,1,0
2025-07-03,sh.688981,86.38,86.73,85.78,86.24,86.1,14615027.0,1260331048.94,0.735,0.1626,1,0
2025-07-04,sh.688981,86.0,87.2,84.86,85.8,86.24,25225745.0,2166412310.92,1.2687,-0.5102,1,0
2025-07-07,sh.688981,85.69,86.86,85.37,85.48,85.8,13534928.0,1162397568.14,0.6807,-0.373,1,0
2025-07-08,sh.688981,85.49,86.85,85.18,86.74,85.48,21766848.0,1876172229.95,1.0947,1.474,1,0
2025-07-09,sh.688981,86.65,86.86,85.52,85.85,86.74,18310200.0,1578143686.18,0.9209,-1.0261,1,0
2025-07-10,sh.688981,85.61,86.17,85.5,85.67,85.85,17563946.0,1506706468.18,0.8833,-0.2097,1,0
2025-07-11,sh.688981,85.7,89.34,85.4,88.16,85.67,46992238.0,4128335549.56,2.3634,2.9065,1,0
2025-07-14,sh.688981,88.3,88.49,87.47,87.52,88.16,18983136.0,1667925619.44,0.9547,-0.726,1,0
2025-07-15,sh.688981,87.15,87.95,86.61,87.89,87.52,20617316.0,1800356658.54,1.0369,0.4228,1,0
2025-07-16,sh.688981,87.73,88.2,86.77,87.12,87.89,19670851.0,1720548788.35,0.9893,-0.8761,1,0
2025-07-17,sh.688981,87.06,89.0,86.32,88.79,87.12,28792216.0,2535637954.33,1.448,1.9169,1,0
2025-07-18,sh.688981,88.75,89.13,87.93,88.51,88.79,21995993.0,1948101635.45,1.1062,-0.3154,1,0
2025-07-21,sh.688981,88.45,89.52,88.04,89.02,88.51,22271915.0,1983498560.25,1.1201,0.5762,1,0
2025-07-22,sh.688981,88.7,90.55,88.5,89.08,89.02,29742068.0,2662984479.13,1.4958,0.0674,1,0
2025-07-23,sh.688981,88.9,90.19,88.3,89.39,89.08,31654941.0,2831683379.2,1.592,0.348,1,0
2025-07-24,sh.688981,89.1,92.9,89.0,91.75,89.39,52232453.0,4779308502.98,2.6269,2.6401,1,0
2025-07-25,sh.688981,91.74,93.68,90.99,93.47,91.75,44212479.0,4076414682.44,2.2236,1.8747,1,0
2025-07-28,sh.688981,93.64,93.69,91.96,92.18,93.47,34264005.0,3167887757.47,1.7232,-1.3801,1,0
2025-07-29,sh.688981,92.0,92.63,90.81,92.17,92.18,29414208.0,2699803672.95,1.4793,-0.0108,1,0
2025-07-30,sh.688981,91.7,91.83,89.74,90.36,92.17,31001859.0,2815721985.53,1.5592,-1.9638,1,0
2025-07-31,sh.688981,90.32,92.75,89.46,89.5,90.36,46198852.0,4187082773.51,2.3235,-0.9517,1,0
2025-08-01,sh.688981,89.2,90.33,88.02,88.29,89.5,27414033.0,2439842711.94,1.3787,-1.352,1,0
2025-08-04,sh.688981,87.95,90.63,87.88,90.07,88.29,28605760.0,2568808038.44,1.4387,2.0161,1,0
2025-08-05,sh.688981,89.85,90.58,89.58,90.0,90.07,19567940.0,1761818588.53,0.9841,-0.0777,1,0
2025-08-06,sh.688981,89.86,91.0,89.53,90.78,90.0,26779787.0,2418543089.77,1.3468,0.8667,1,0
2025-08-07,sh.688981,90.7,91.7,89.75,90.59,90.78,31525994.0,2859638850.49,1.5855,-0.2093,1,0
2025-08-08,sh.688981,88.0,88.5,86.66,86.66,90.59,58473050.0,5098977106.26,2.9408,-4.3382,1,0
2025-08-11,sh.688981,86.69,87.18,86.22,86.96,86.66,27919314.0,2423559077.63,1.4041,0.3462,1,0
2025-08-12,sh.688981,86.95,90.1,86.42,88.52,86.96,55155240.0,4870773398.19,2.7739,1.7939,1,0
2025-08-13,sh.688981,88.01,89.23,88.0,88.66,88.52,38430442.0,3405728487.31,1.9328,0.1582,1,0
2025-08-14,sh.688981,88.69,92.58,88.69,89.46,88.66,74149226.0,6741604127.83,3.7292,0.9023,1,0
2025-08-15,sh.688981,89.0,93.3,88.48,91.84,89.46,69049946.0,6288369530.29,3.4727,2.6604,1,0
2025-08-18,sh.688981,93.5,95.17,91.36,92.31,91.84,83342313.0,7749849745.77,4.1915,0.5118,1,0
2025-08-19,sh.688981,91.67,92.48,89.35,89.35,92.31,74465214.0,6762914098.4,3.7451,-3.2066,1,0
2025-08-20,sh.688981,89.4,92.49,88.19,92.28,89.35,85874556.0,7756060794.89,4.3189,3.2792,1,0
2025-08-21,sh.688981,92.3,94.11,90.8,91.05,92.28,60682605.0,5593619617.69,3.0519,-1.3329,1,0
2025-08-22,sh.688981,92.5,105.0,92.42,103.97,91.05,206194809.0,20322967700.19,10.3701,14.19,1,0
2025-08-25,sh.688981,106.0,109.24,101.1,103.17,103.97,176063698.0,18348502386.1,8.8547,-0.7695,1,0
2025-08-26,sh.688981,101.0,102.57,100.13,100.93,103.17,85607409.0,8663988281.34,4.3054,-2.1712,1,0
2025-08-27,sh.688981,102.2,106.69,100.59,101.51,100.93,142262071.0,14762335293.23,7.1547,0.5747,1,0
2025-08-28,sh.688981,102.0,119.22,101.99,119.22,101.51,242032511.0,27118768322.0,12.1725,17.4466,1,0
2025-08-29,sh.688981,114.0,116.0,112.26,114.76,119.22,163967037.0,18711478532.15,8.2463,-3.741,1,0
2025-09-09,sh.688981,102.0,108.65,101.2,102.99,114.76,157469570.0,16482005029.63,7.9196,-10.2562,1,0
2025-09-10,sh.688981,103.0,105.96,102.13,103.91,102.99,103992570.0,10822524035.77,5.2301,0.8933,1,0
2025-09-11,sh.688981,102.62,112.8,99.98,110.28,103.91,146750166.0,15776091423.26,7.3805,6.1303,1,0
2025-09-12,sh.688981,109.28,112.49,108.01,108.42,110.28,115902204.0,12730296245.66,5.829,-1.6866,1,0
2025-09-15,sh.688981,110.55,112.55,107.5,108.66,108.42,94683618.0,10395575384.16,4.7619,0.2214,1,0
2025-09-16,sh.688981,109.0,111.86,108.09,109.78,108.66,86625924.0,9501062259.23,4.3322,1.0307,1,0
2025-09-17,sh.688981,110.8,120.8,109.8,117.39,109.78,152847561.0,17861084415.87,7.644,6.932,1,0
2025-09-18,sh.688981,119.98,127.49,116.35,122.15,117.39,193156778.0,23495279107.42,9.66,4.0549,1,0
2025-09-19,sh.688981,123.0,127.4,120.11,121.34,122.15,144910623.0,17943778048.23,7.2471,-0.6631,1,0
2025-09-22,sh.688981,120.54,129.83,119.05,128.92,121.34,158828147.0,19858613711.42,7.9431,6.2469,1,0
2025-09-23,sh.688981,127.64,129.33,122.63,128.51,128.92,144127353.0,18120121817.72,7.2079,-0.318,1,0
2025-09-24,sh.688981,126.88,137.98,126.23,134.98,128.51,146094753.0,19497523265.53,7.3063,5.0346,1,0
2025-09-25,sh.688981,133.0,137.8,132.31,134.11,134.98,103258321.0,13953307668.15,5.164,-0.6445,1,0
2025-09-26,sh.688981,132.71,135.95,131.2,132.27,134.11,91244519.0,12181639386.47,4.5632,-1.372,1,0
2025-09-29,sh.688981,131.0,136.02,129.16,136.02,132.27,102720723.0,13627566348.73,5.1372,2.8351,1,0
2025-09-30,sh.688981,138.5,142.0,136.6,140.13,136.02,98622900.0,13794113059.04,4.9322,3.0216,1,0
2025-10-09,sh.688981,144.0,153.0,137.0,138.91,140.13,166284110.0,24249284345.24,8.316,-0.8706,1,0
2025-10-10,sh.688981,134.87,134.94,127.17,127.95,138.91,161742076.0,21074152020.07,8.0889,-7.89,1,0
2025-10-13,sh.688981,126.0,136.48,126.0,136.47,127.95,140299486.0,18642587056.63,7.0165,6.6589,1,0
2025-10-14,sh.688981,136.96,137.8,125.8,127.2,136.47,132100403.0,17321652000.91,6.6065,-6.7927,1,0
2025-10-15,sh.688981,127.18,129.73,124.6,129.56,127.2,80798726.0,10284318328.23,4.0408,1.8553,1,0
2025-10-16,sh.688981,127.8,130.28,126.6,127.3,129.56,61231062.0,7841134056.71,3.0622,-1.7444,1,0
2025-10-17,sh.688981,126.85,127.32,120.87,121.98,127.3,82052898.0,10097285540.01,4.1035,-4.1791,1,0
2025-10-20,sh.688981,124.1,125.18,121.69,122.63,121.98,57123935.0,7060333630.16,2.8568,0.5329,1,0
2025-10-21,sh.688981,123.8,127.85,122.61,127.19,122.63,78415088.0,9888217345.98,3.9216,3.7185,1,0
2025-10-22,sh.688981,125.42,129.27,123.81,126.81,127.19,65395411.0,8265031816.73,3.2705,-0.2988,1,0
2025-10-23,sh.688981,125.18,128.5,124.01,128.3,126.81,63426402.0,8038110024.69,3.172,1.175,1,0
2025-10-24,sh.688981,130.3,134.8,128.9,134.06,128.3,102446621.0,13548726657.31,5.1235,4.4895,1,0
2025-10-27,sh.688981,137.5,137.5,132.3,134.5,134.06,101264304.0,13623206911.86,5.0643,0.3282,1,0
2025-10-28,sh.688981,133.0,135.8,132.0,132.69,134.5,69518945.0,9299045972.37,3.4767,-1.3457,1,0
2025-10-29,sh.688981,132.0,134.53,130.31,133.0,132.69,68846074.0,9111437510.13,3.4431,0.2336,1,0
2025-10-30,sh.688981,133.0,133.0,128.51,128.55,133.0,69286397.0,9018982748.43,3.4651,-3.3459,1,0
2025-10-31,sh.688981,128.03,128.7,124.18,124.18,128.55,69166889.0,8692098672.82,3.4591,-3.3995,1,0
2025-11-03,sh.688981,122.0,122.6,117.55,120.21,124.18,74770927.0,8940382093.38,3.7394,-3.197,1,0
2025-11-04,sh.688981,121.0,122.66,119.0,119.88,120.21,47738417.0,5770504489.33,2.3874,-0.2745,1,0
2025-11-05,sh.688981,116.9,121.1,116.5,119.78,119.88,48501600.0,5753269424.37,2.4256,-0.0834,1,0
2025-11-06,sh.688981,121.9,125.99,121.05,124.85,119.78,73150765.0,9060521121.16,3.6583,4.2328,1,0
2025-11-07,sh.688981,122.93,124.18,122.05,122.11,124.85,38229214.0,4694221496.81,1.9119,-2.1946,1,0
2025-11-10,sh.688981,122.13,122.95,118.76,120.01,122.11,39583271.0,4749065263.67,1.9796,-1.7198,1,0
2025-11-11,sh.688981,120.6,121.47,117.53,117.73,120.01,34253008.0,4073862295.99,1.713,-1.8998,1,0
2025-11-12,sh.688981,117.0,119.8,115.74,119.63,117.73,45701552.0,5405408039.31,2.2856,1.6139,1,0
2025-11-13,sh.688981,118.99,123.33,117.8,123.1,119.63,54988853.0,6638319087.17,2.75,2.9006,1,0
2025-11-14,sh.688981,123.0,125.5,117.89,118.18,123.1,77529352.0,9432871553.36,3.8773,-3.9968,1,0
2025-11-17,sh.688981,116.82,119.29,116.51,117.63,118.18,42177341.0,4961789943.96,2.1093,-0.4654,1,0
2025-11-18,sh.688981,117.5,120.18,117.13,117.96,117.63,47391508.0,5629538133.81,2.3701,0.2805,1,0
2025-11-19,sh.688981,117.99,118.49,115.51,116.28,117.96,41511956.0,4848790041.41,2.0761,-1.4242,1,0
2025-11-20,sh.688981,117.99,118.29,116.46,116.78,116.28,34470285.0,4045624434.7,1.7239,0.43,1,0
2025-11-21,sh.688981,113.86,116.08,113.0,113.0,116.78,46135862.0,5264860633.94,2.3073,-3.2369,1,0
2025-11-24,sh.688981,112.99,113.5,108.18,111.51,113.0,55790863.0,6159093355.31,2.7902,-1.3186,1,0
2025-11-25,sh.688981,112.5,113.96,111.37,111.68,111.51,40722382.0,4584278768.17,2.0366,0.1525,1,0
2025-11-26,sh.688981,110.7,113.9,110.61,112.71,111.68,41955357.0,4731195303.59,2.0982,0.9223,1,0
2025-11-27,sh.688981,113.8,116.8,112.56,112.71,112.71,52343112.0,6012840143.15,2.6177,0.0,1,0
2025-11-28,sh.688981,112.71,114.11,111.4,113.6,112.71,30866384.0,3486790035.75,1.5437,0.7896,1,0
2025-12-01,sh.688981,113.4,114.68,112.6,114.4,113.6,32764004.0,3724984486.13,1.6386,0.7042,1,0
2025-12-02,sh.688981,114.1,114.19,112.7,113.0,114.4,23777182.0,2694922636.26,1.1891,-1.2238,1,0
2025-12-03,sh.688981,112.8,113.69,111.13,111.62,113.0,24541359.0,2756774410.49,1.2273,-1.2212,1,0
2025-12-04,sh.688981,111.65,114.73,110.98,114.73,111.62,38755196.0,4392462735.34,1.9382,2.7862,1,0
2025-12-05,sh.688981,114.0,114.88,112.5,114.18,114.73,35265366.0,4015690335.77,1.7637,-0.4794,1,0
2025-12-08,sh.688981,114.21,118.0,114.18,117.2,114.18,50835977.0,5945081548.19,2.5424,2.6449,1,0
2025-12-09,sh.688981,115.58,117.9,115.51,116.32,117.2,37138445.0,4333826425.83,1.8573,-0.7509,1,0
2025-12-10,sh.688981,115.58,116.59,113.44,116.31,116.32,31571473.0,3624511935.4,1.5789,-0.0086,1,0
2025-12-11,sh.688981,116.53,117.14,113.5,113.61,116.31,30310896.0,3488207042.27,1.5159,-2.3214,1,0
2025-12-12,sh.688981,113.61,117.42,111.6,116.8,113.61,58499804.0,6734945964.65,2.9256,2.8079,1,0
2025-12-15,sh.688981,115.15,116.5,113.0,113.01,116.8,34241746.0,3933791145.86,1.7125,-3.2449,1,0
2025-12-16,sh.688981,112.5,113.35,110.27,110.7,113.01,32337953.0,3605859884.06,1.6173,-2.0441,1,0
2025-12-17,sh.688981,110.82,113.9,110.13,113.29,110.7,34389272.0,3848931232.06,1.7198,2.3397,1,0
2025-12-18,sh.688981,112.8,115.72,112.75,112.8,113.29,31470029.0,3583327202.1,1.5738,-0.4325,1,0
2025-12-19,sh.688981,113.2,115.48,113.0,113.63,112.8,27261250.0,3107493842.45,1.3634,0.7358,1,0
2025-12-22,sh.688981,114.6,121.44,114.6,120.45,113.63,81011369.0,9622360396.31,4.0515,6.0019,1,0
2025-12-23,sh.688981,120.5,121.58,119.02,119.9,120.45,48360142.0,5823920043.31,2.4185,-0.4566,1,0
2025-12-24,sh.688981,122.5,124.38,121.11,123.41,119.9,62956098.0,7744549159.63,3.1485,2.9274,1,0
2025-12-25,sh.688981,123.0,125.99,122.66,123.08,123.41,47180958.0,5854142202.32,2.3596,-0.2674,1,0
2025-12-26,sh.688981,122.58,124.79,121.16,122.1,123.08,40239799.0,4938389580.4,2.0124,-0.7962,1,0
2025-12-29,sh.688981,123.0,125.65,122.02,122.5,122.1,50683161.0,6280270176.94,2.5347,0.3276,1,0
2025-12-30,sh.688981,124.45,126.69,124.0,125.28,122.5,60495831.0,7582347028.79,3.0255,2.2694,1,0
2025-12-31,sh.688981,125.99,126.2,122.4,122.83,125.28,41158685.0,5082728444.77,2.0584,-1.9556,1,0
2021-01-04,sz.000001,1905.9384423,1905.9384423,1840.07878932,1856.0447658,1929.88740702,155421643.0,2891682312.05,0.8009,-3.8263,1,0
2021-01-05,sz.000001,1836.0872952,1844.07028344,1776.2148834,1813.13620401,1856.0447658,182135210.0,3284606913.91,0.9386,-2.3118,1,0
2021-01-06,sz.000001,1804.15534224,1951.84062468,1796.172354,1951.84062468,1813.13620401,193494512.0,3648521909.1,0.9971,7.65,1,0
2021-01-07,sz.000001,1947.84913056,1993.75131294,1918.91079819,1985.7683247,1951.84062468,158418530.0,3111274625.37,0.8163,1.7382,1,0
2021-01-08,sz.000001,1985.7683247,2005.7257953,1926.89378643,1980.77895705,1985.7683247,119547322.0,2348316363.18,0.616,-0.2513,1,0
2021-01-11,sz.000001,1995.74706,2059.61096592,1995.74706,2033.66625414,1980.77895705,179045714.0,3652546646.82,0.9226,2.67,1,0
2021-01-12,sz.000001,2034.66412767,2095.534413,2013.70878354,2095.534413,2033.66625414,128816550.0,2657687440.67,0.6638,3.0422,1,0
2021-01-13,sz.000001,2095.534413,2096.53228653,2035.6620012,2065.5982071,2095.534413,104911973.0,2161849708.04,0.5406,-1.4286,1,0
2021-01-14,sz.000001,2063.60246004,2084.55780417,1990.75769235,2012.71091001,2065.5982071,113015562.0,2306404546.81,0.5824,-2.5604,1,0
2021-01-15,sz.000001,2095.534413,2190.33239835,2077.57268946,2095.534413,2012.71091001,248068898.0,5311218074.76,1.2783,4.115,1,0
2021-01-18,sz.000001,2115.4918836,2273.15590134,2115.4918836,2265.1729131,2095.534413,215730178.0,4792909447.95,1.1117,8.0952,1,0
2021-01-19,sz.000001,2246.21331603,2279.14314252,2200.31113365,2229.24946602,2265.1729131,124208834.0,2790056611.29,0.6401,-1.5859,1,0
2021-01-20,sz.000001,2210.28986895,2292.11549841,2207.29624836,2242.22182191,2229.24946602,128079316.0,2889249850.45,0.66,0.5819,1,0
2021-01-21,sz.000001,2245.2154425,2275.1516484,2210.28986895,2218.27285719,2242.22182191,94477860.0,2114252731.64,0.4869,-1.0681,1,0
2021-01-22,sz.000001,2218.27285719,2218.27285719,2146.42596303,2198.31538659,2218.27285719,92443442.0,2025834761.54,0.4764,-0.8997,1,0
2021-01-25,sz.000001,2167.38130716,2255.1941778,2138.44297479,2244.21756897,2198.31538659,102836527.0,2269032820.67,0.5299,2.0881,1,0
2021-01-26,sz.000001,2225.2579719,2327.04107196,2225.2579719,2232.24308661,2244.21756897,112672055.0,2558575511.97,0.5806,-0.5336,1,0
2021-01-27,sz.000001,2226.25584543,2342.00917491,2226.25584543,2303.09210724,2232.24308661,129415272.0,2976800955.73,0.6669,3.1739,1,0
2021-01-28,sz.000001,2273.15590134,2313.07084254,2240.22607485,2276.14952193,2303.09210724,85747696.0,1948881146.95,0.4419,-1.1698,1,0
2021-01-29,sz.000001,2276.14952193,2348.99428962,2266.17078663,2304.08998077,2276.14952193,124025841.0,2864101419.33,0.6391,1.2275,1,0
2021-02-01,sz.000001,2295.109119,2493.68595147,2265.1729131,2449.77951615,2304.08998077,147523930.0,3529556986.77,0.7602,6.3231,1,0
2021-02-02,sz.000001,2333.02831314,2404.8752073,2286.12825723,2323.04957784,2449.77951615,241616877.0,5679179941.74,1.2451,-5.1731,1,0
2021-02-03,sz.000001,2343.00704844,2512.64554854,2333.02831314,2489.69445735,2323.04957784,192327159.0,4690176486.28,0.9911,7.1735,1,0
2021-02-04,sz.000001,2412.85819554,2518.63278972,2398.88796612,2454.7688838,2489.69445735,125524750.0,3084553750.95,0.6468,-1.4028,1,0
2021-02-05,sz.000001,2454.7688838,2525.61790443,2421.83905731,2487.69871029,2454.7688838,101557559.0,2517804159.63,0.5233,1.3415,1,0
2021-02-08,sz.000001,2484.7050897,2484.7050897,2404.8752073,2474.7263544,2487.69871029,108426467.0,2650948251.38,0.5587,-0.5215,1,0
2021-02-09,sz.000001,2473.72848087,2478.71784852,2411.86032201,2452.77313674,2474.7263544,94209355.0,2302978158.4,0.4855,-0.8871,1,0
2021-02-10,sz.000001,2454.7688838,2490.69233088,2333.02831314,2376.93474846,2452.77313674,191886710.0,4569741959.9,0.9888,-3.0919,1,0
2021-02-18,sz.000001,2394.896472,2449.77951615,2343.00704844,2424.8326779,2376.93474846,150523081.0,3619387651.71,0.7757,2.0151,1,0
2021-02-19,sz.000001,2390.90497788,2413.85606907,2351.98791021,2379.92836905,2424.8326779,92258314.0,2197558286.91,0.4754,-1.8519,1,0
2021-02-22,sz.000001,2374.9390014,2374.9390014,2221.26647778,2233.24096014,2379.92836905,195684248.0,4445818547.6,1.0084,-6.1635,1,0
2021-02-23,sz.000001,2233.24096014,2263.17716604,2177.36004246,2188.33665129,2233.24096014,187046013.0,4160776611.31,0.9639,-2.0107,1,0
2021-02-24,sz.000001,2222.26435131,2223.26222484,2151.41533068,2211.28774248,2188.33665129,142849985.0,3144209051.81,0.7361,1.0488,1,0
2021-02-25,sz.000001,2235.2367072,2251.20268368,2163.38981304,2204.30262777,2211.28774248,159340347.0,3524600794.46,0.8211,-0.3159,1,0
2021-02-26,sz.000001,2155.4068248,2191.33027188,2116.48975713,2133.45360714,2204.30262777,112497730.0,2424653753.46,0.5797,-3.2141,1,0
2021-03-01,sz.000001,2149.41958362,2163.38981304,2113.49613654,2140.43872185,2133.45360714,112538653.0,2408050906.4,0.5799,0.3274,1,0
2021-03-02,sz.000001,2157.40257186,2210.28986895,2121.47912478,2160.39619245,2140.43872185,147342505.0,3196536981.14,0.7593,0.9324,1,0
2021-03-03,sz.000001,2153.41107774,2303.09210724,2141.43659538,2296.10699253,2160.39619245,191963527.0,4320024431.32,0.9892,6.2818,1,0
2021-03-04,sz.000001,2272.15802781,2344.00492197,2260.18354545,2287.12613076,2296.10699253,121357937.0,2799747146.41,0.6254,-0.3911,1,0
2021-03-05,sz.000001,2265.1729131,2293.11337194,2181.35153658,2229.24946602,2287.12613076,88017141.0,1960439115.04,0.4536,-2.5305,1,0
2021-03-08,sz.000001,2239.22820132,2264.17503957,2143.43234244,2155.4068248,2229.24946602,99377397.0,2189190957.56,0.5121,-3.3124,1,0
2021-03-09,sz.000001,2163.38981304,2187.33877776,2053.62372474,2080.56631005,2155.4068248,136189533.0,2882931927.56,0.7018,-3.4722,1,0
2021-03-10,sz.000001,2079.56843652,2086.55355123,2023.68751884,2035.6620012,2080.56631005,114941657.0,2356185003.94,0.5923,-2.1583,1,0
2021-03-11,sz.000001,2053.62372474,2133.45360714,2051.62797768,2122.47699831,2035.6620012,104865939.0,2213107787.13,0.5404,4.2647,1,0
2021-03-12,sz.000001,2132.45573361,2165.3855601,2115.4918836,2143.43234244,2122.47699831,69720060.0,1494219075.5,0.3593,0.9873,1,0
2021-03-15,sz.000001,2135.4493542,2207.29624836,2106.51102183,2155.4068248,2143.43234244,95874870.0,2077984893.95,0.4941,0.5587,1,0
2021-03-16,sz.000001,2155.4068248,2206.29837483,2122.47699831,2161.39406598,2155.4068248,93968432.0,2038470660.53,0.4842,0.2778,1,0
2021-03-17,sz.000001,2140.43872185,2150.41745715,2085.5556777,2115.4918836,2161.39406598,82148865.0,1738185857.1,0.4233,-2.1237,1,0
2021-03-18,sz.000001,2125.4706189,2168.37918069,2095.534413,2168.37918069,2115.4918836,69161019.0,1483801548.98,0.3564,2.5,1,0
2021-03-19,sz.000001,2148.42171009,2160.39619245,2032.66838061,2042.64711591,2168.37918069,152562227.0,3159181042.96,0.7862,-5.7984,1,0
2021-03-22,sz.000001,2050.63010415,2150.41745715,2048.63435709,2150.41745715,2042.64711591,145119008.0,3087549484.44,0.7478,5.276,1,0
2021-03-23,sz.000001,2152.41320421,2160.39619245,2091.54291888,2118.48550419,2150.41745715,68290338.0,1448043613.41,0.3519,-1.4849,1,0
2021-03-24,sz.000001,2116.48975713,2123.47487184,2040.65136885,2048.63435709,2118.48550419,85008507.0,1757688572.48,0.4381,-3.2972,1,0
2021-03-25,sz.000001,2053.62372474,2078.57056299,2035.6620012,2070.58757475,2048.63435709,49266574.0,1017166048.68,0.2539,1.0716,1,0
2021-03-26,sz.000001,2079.56843652,2135.4493542,2071.58544828,2109.50464242,2070.58757475,82210806.0,1733412579.12,0.4236,1.8795,1,0
2021-03-29,sz.000001,2123.47487184,2160.39619245,2115.4918836,2144.43021597,2109.50464242,78566668.0,1684397866.28,0.4049,1.6556,1,0
2021-03-30,sz.000001,2133.45360714,2188.33665129,2116.48975713,2188.33665129,2144.43021597,73865481.0,1601238499.06,0.3806,2.0475,1,0
2021-03-31,sz.000001,2172.37067481,2202.30688071,2155.4068248,2196.31963953,2188.33665129,77702807.0,1699922183.98,0.4004,0.3648,1,0
2021-04-01,sz.000001,2203.30475424,2206.29837483,2145.4280895,2173.36854834,2196.31963953,54444898.0,1183868023.66,0.2806,-1.045,1,0
2021-04-02,sz.000001,2165.3855601,2168.37918069,2131.45786008,2145.4280895,2173.36854834,58108352.0,1249405387.16,0.2994,-1.2856,1,0
2021-04-06,sz.000001,2150.41745715,2204.30262777,2146.42596303,2163.38981304,2145.4280895,40110282.0,873387016.62,0.2067,0.8372,1,0
2021-04-07,sz.000001,2183.34728364,2188.33665129,2126.46849243,2159.39831892,2163.38981304,51760459.0,1116774452.27,0.2667,-0.1845,1,0
2021-04-08,sz.000001,2141.43659538,2168.37918069,2128.46423949,2151.41533068,2159.39831892,38302950.0,825170840.99,0.1974,-0.3697,1,0
2021-04-09,sz.000001,2166.38343363,2167.38130716,2103.51740124,2125.4706189,2151.41533068,39896028.0,849870878.04,0.2056,-1.2059,1,0
2021-04-12,sz.000001,2146.42596303,2146.42596303,2058.61309239,2065.5982071,2125.4706189,59474314.0,1240067319.93,0.3065,-2.8169,1,0
2021-04-13,sz.000001,2067.59395416,2083.55993064,2054.62159827,2073.58119534,2065.5982071,49990418.0,1036992692.52,0.2576,0.3865,1,0
2021-04-14,sz.000001,2074.57906887,2089.54717182,2037.65774826,2062.60458651,2073.58119534,53743849.0,1113001541.55,0.2769,-0.5294,1,0
2021-04-15,sz.000001,2071.58544828,2072.58332181,2003.73004824,2031.67050708,2062.60458651,73586505.0,1494016040.75,0.3792,-1.4998,1,0
2021-04-16,sz.000001,2031.67050708,2038.65562179,1976.78746293,2021.69177178,2031.67050708,72999826.0,1466509057.44,0.3762,-0.4912,1,0
2021-04-19,sz.000001,1998.74068059,2119.48337772,1986.76619823,2110.50251595,2021.69177178,111228262.0,2304021478.31,0.5732,4.3929,1,0
2021-04-20,sz.000001,2103.51740124,2190.33239835,2087.55142476,2164.38768657,2110.50251595,83477272.0,1798249024.3,0.4302,2.5532,1,0
2021-04-21,sz.000001,2225.2579719,2314.06871607,2224.26009837,2296.10699253,2164.38768657,159709965.0,3644577541.25,0.823,6.0858,1,0
2021-04-22,sz.000001,2314.06871607,2318.06021019,2273.15590134,2293.11337194,2296.10699253,82969388.0,1905208911.59,0.4276,-0.1304,1,0
2021-04-23,sz.000001,2327.04107196,2359.97089845,2302.09423371,2324.04745137,2293.11337194,82323015.0,1920413502.35,0.4242,1.349,1,0
2021-04-26,sz.000001,2381.92411611,2417.84756319,2285.1303837,2289.12187782,2324.04745137,87241767.0,2037109597.01,0.4496,-1.5028,1,0
2021-04-27,sz.000001,2290.11975135,2314.06871607,2281.13888958,2289.12187782,2289.12187782,47043140.0,1083043579.27,0.2424,0.0,1,0
2021-04-28,sz.000001,2324.04745137,2340.01342785,2273.15590134,2330.03469255,2289.12187782,59383793.0,1375141409.72,0.306,1.7873,1,0
2021-04-29,sz.000001,2329.03681902,2365.95813963,2306.08572783,2353.98365727,2330.03469255,61483688.0,1439823965.34,0.3168,1.0278,1,0
2021-04-30,sz.000001,2330.03469255,2344.00492197,2296.10699253,2324.04745137,2353.98365727,56198132.0,1308177202.78,0.2896,-1.2717,1,0
2021-05-06,sz.000001,2305.0878543,2364.9602661,2305.0878543,2345.0027955,2324.04745137,50029522.0,1174181608.06,0.2578,0.9017,1,0
2021-05-07,sz.000001,2361.96664551,2424.8326779,2334.02618667,2399.88583965,2345.0027955,80221421.0,1929112374.46,0.4134,2.3404,1,0
2021-05-10,sz.000001,2394.896472,2398.88796612,2297.10486606,2380.92624258,2399.88583965,66143890.0,1566860764.09,0.3408,-0.79,1,0
2021-05-11,sz.000001,2356.97727786,2369.94963375,2301.09636018,2347.99641609,2380.92624258,49722345.0,1161846399.06,0.2562,-1.3831,1,0
2021-05-12,sz.000001,2324.04745137,2358.97302492,2283.13463664,2349.99216315,2347.99641609,53326526.0,1245517716.87,0.2748,0.085,1,0
2021-05-13,sz.000001,2346.99854256,2353.98365727,2279.14314252,2302.09423371,2349.99216315,54965250.0,1271946298.62,0.2832,-2.0382,1,0
2021-05-14,sz.000001,2327.23732956,2356.40322522,2272.9284204,2345.34029928,2302.09431606,56378536.0,1300250943.6,0.2905,1.8785,1,0
2021-05-17,sz.000001,2328.2430501,2395.62632628,2308.1286393,2373.5004744,2345.34029928,52756465.0,1241605192.34,0.2719,1.2007,1,0
2021-05-18,sz.000001,2398.6434879,2424.79222194,2353.3860636,2403.6720906,2373.5004744,39541498.0,939786731.95,0.2038,1.2712,1,0
2021-05-19,sz.000001,2395.62632628,2426.80366302,2365.45471008,2373.5004744,2403.6720906,42942033.0,1022553739.18,0.2213,-1.2552,1,0
2021-05-20,sz.000001,2354.39178414,2397.63776736,2340.31169658,2395.62632628,2373.5004744,40578837.0,957478853.76,0.2091,0.9322,1,0
2021-05-21,sz.000001,2401.66064952,2422.78078086,2316.17440362,2362.43754846,2395.62632628,53933574.0,1263058114.62,0.2779,-1.3854,1,0
2021-05-24,sz.000001,2361.43182792,2373.5004744,2332.26593226,2361.43182792,2362.43754846,34393563.0,806092207.23,0.1772,-0.0426,1,0
2021-05-25,sz.000001,2367.46615116,2487.14689542,2358.4146663,2474.0725284,2361.43182792,97237462.0,2363145902.7,0.5011,4.77,1,0
2021-05-26,sz.000001,2478.09541056,2526.36999648,2464.015323,2515.30707054,2474.0725284,91926378.0,2286540248.86,0.4737,1.6667,1,0
2021-05-27,sz.000001,2505.24986514,2530.39287864,2466.02676408,2493.18121866,2515.30707054,50409136.0,1246712048.75,0.2598,-0.8796,1,0
2021-05-28,sz.000001,2482.11829272,2485.13545434,2429.82082464,2464.015323,2493.18121866,49240073.0,1200523315.7,0.2537,-1.1698,1,0
2021-05-31,sz.000001,2446.91807382,2467.03248462,2404.67781114,2433.8437068,2464.015323,51535081.0,1244209045.99,0.2656,-1.2245,1,0
2021-06-01,sz.000001,2433.8437068,2438.8723095,2363.443269,2405.68353168,2433.8437068,62501796.0,1490476624.56,0.3221,-1.157,1,0
2021-06-02,sz.000001,2402.66637006,2405.68353168,2351.37462252,2402.66637006,2405.68353168,49752702.0,1176608126.99,0.2564,-0.1254,1,0
2021-06-03,sz.000001,2385.56912088,2427.80938356,2381.54623872,2390.59772358,2402.66637006,40090085.0,958876472.45,0.2066,-0.5023,1,0
2021-06-04,sz.000001,2412.72357546,2510.27846784,2393.6148852,2468.03820516,2390.59772358,75673942.0,1851425837.61,0.39,3.2394,1,0
2021-06-07,sz.000001,2462.00388192,2462.00388192,2406.68925222,2443.9009122,2468.03820516,44791410.0,1081738832.95,0.2308,-0.978,1,0
2021-06-08,sz.000001,2428.8151041,2471.05536678,2408.7006933,2467.03248462,2443.9009122,57007792.0,1384120301.27,0.2938,0.9465,1,0
2021-06-09,sz.000001,2456.97527922,2502.23270352,2431.83226572,2479.1011311,2467.03248462,45383150.0,1116771375.46,0.2339,0.4892,1,0
2021-06-10,sz.000001,2480.10685164,2520.33567324,2428.8151041,2433.8437068,2479.1011311,53021516.0,1294972566.65,0.2732,-1.8256,1,0
2021-06-11,sz.000001,2444.90663274,2448.9295149,2325.22588848,2350.36890198,2433.8437068,83466504.0,1965393115.5,0.4301,-3.4298,1,0
2021-06-15,sz.000001,2348.3574609,2356.40322522,2293.0428312,2335.28309388,2350.36890198,66062259.0,1524503477.67,0.3404,-0.6418,1,0
2021-06-16,sz.000001,2335.28309388,2353.3860636,2314.16296254,2339.30597604,2335.28309388,37820804.0,878470834.12,0.1949,0.1723,1,0
2021-06-17,sz.000001,2315.16868308,2382.55195926,2315.16868308,2323.2144474,2339.30597604,45328209.0,1059121804.33,0.2336,-0.6879,1,0
2021-06-18,sz.000001,2326.23160902,2341.31741712,2251.80828906,2277.9570231,2323.2144474,69409930.0,1574437729.58,0.3577,-1.9481,1,0
2021-06-21,sz.000001,2272.9284204,2279.96846418,2213.59090854,2228.67671664,2277.9570231,71827274.0,1600119859.95,0.3701,-2.1634,1,0
2021-06-22,sz.000001,2250.80256852,2322.20872686,2237.7282015,2310.14008038,2228.67671664,75775141.0,1720058046.82,0.3905,3.6552,1,0
2021-06-23,sz.000001,2298.0714339,2354.39178414,2284.99706688,2327.23732956,2310.14008038,44790778.0,1035835695.88,0.2308,0.7401,1,0
2021-06-24,sz.000001,2316.17440362,2325.22588848,2280.97418472,2321.20300632,2327.23732956,39028349.0,894502108.58,0.2011,-0.2593,1,0
2021-06-25,sz.000001,2321.20300632,2373.5004744,2319.19156524,2349.36318144,2321.20300632,55997295.0,1310287389.9,0.2886,1.2132,1,0
2021-06-28,sz.000001,2349.36318144,2352.38034306,2260.85977392,2291.03139012,2349.36318144,62625737.0,1425702202.01,0.3227,-2.4829,1,0
2021-06-29,sz.000001,2270.91697932,2292.03711066,2212.585188,2246.77968636,2291.03139012,104974939.0,2341926371.42,0.5409,-1.9315,1,0
2021-06-30,sz.000001,2248.79112744,2306.11719822,2247.7854069,2274.93986148,2246.77968636,40343546.0,913285187.1,0.2079,1.2534,1,0
2021-07-01,sz.000001,2294.04855174,2363.443269,2264.88265608,2333.2716528,2274.93986148,66483330.0,1530548798.57,0.3426,2.5641,1,0
2021-07-02,sz.000001,2284.99706688,2287.00850796,2188.44789504,2193.47649774,2333.2716528,107067756.0,2360189793.98,0.5517,-5.9914,1,0
2021-07-05,sz.000001,2181.40785126,2227.6709961,2121.06461886,2218.61951124,2193.47649774,85934129.0,1859394323.75,0.4428,1.1463,1,0
2021-07-06,sz.000001,2220.63095232,2313.157242,2197.4993799,2291.03139012,2218.61951124,79195726.0,1784792785.57,0.4081,3.2638,1,0
2021-07-07,sz.000001,2280.97418472,2318.1858447,2262.871215,2267.8998177,2291.03139012,46894487.0,1063910095.83,0.2417,-1.0097,1,0
2021-07-08,sz.000001,2291.03139012,2291.03139012,2132.1275448,2163.30488154,2267.8998177,145705947.0,3140657439.76,0.7508,-4.612,1,0
2021-07-09,sz.000001,2142.1847502,2175.37352802,2114.02457508,2139.16758858,2163.30488154,76236474.0,1625461607.71,0.3929,-1.1158,1,0
2021-07-12,sz.000001,2162.299161,2162.299161,2100.95020806,2128.10466264,2139.16758858,87790102.0,1859059510.48,0.4524,-0.5172,1,0
2021-07-13,sz.000001,2127.0989421,2146.20763236,2065.74998916,2124.08178048,2128.10466264,65761395.0,1382029130.11,0.3389,-0.189,1,0
2021-07-14,sz.000001,2112.013134,2112.013134,2052.67562214,2087.87584104,2124.08178048,84795055.0,1755810875.16,0.437,-1.7045,1,0
2021-07-15,sz.000001,2083.85295888,2184.42501288,2074.80147402,2174.36780748,2087.87584104,95600305.0,2040266258.59,0.4926,4.1426,1,0
2021-07-16,sz.000001,2153.24767614,2194.48221828,2142.1847502,2146.20763236,2174.36780748,57300261.0,1230180813.02,0.2953,-1.2951,1,0
2021-07-19,sz.000001,2148.21907344,2155.25911722,2089.88728212,2133.13326534,2146.20763236,52213595.0,1098434741.86,0.2691,-0.6092,1,0
2021-07-20,sz.000001,2122.0703394,2132.1275448,2058.70994538,2071.7843124,2133.13326534,80403433.0,1665315545.53,0.4143,-2.876,1,0
2021-07-21,sz.000001,2069.77287132,2091.8987232,2031.5554908,2056.6985043,2071.7843124,75307652.0,1535327561.83,0.3881,-0.7282,1,0
2021-07-22,sz.000001,2056.6985043,2077.81863564,2035.57837296,2049.65846052,2056.6985043,86864809.0,1773999331.02,0.4476,-0.3423,1,0
2021-07-23,sz.000001,2049.65846052,2049.65846052,2011.44108,2021.4982854,2049.65846052,72740433.0,1461467511.79,0.3748,-1.3739,1,0
2021-07-26,sz.000001,2007.41819784,2010.43535946,1853.54295522,1890.7546152,2021.4982854,145130394.0,2770236696.29,0.7479,-6.4677,1,0
2021-07-27,sz.000001,1897.79465898,1909.86330546,1770.0681504,1786.15967904,1890.7546152,135755148.0,2461708369.84,0.6996,-5.5319,1,0
2021-07-28,sz.000001,1795.2111639,1817.33701578,1778.11391472,1785.1539585,1786.15967904,106299421.0,1898562591.76,0.5478,-0.0563,1,0
2021-07-29,sz.000001,1801.24548714,1834.43426496,1788.17112012,1806.27408984,1785.1539585,87237812.0,1566107824.4,0.4495,1.1831,1,0
2021-07-30,sz.000001,1802.25120768,1815.3255747,1733.86221096,1779.11963526,1806.27408984,95015588.0,1679747318.28,0.4896,-1.5033,1,0
2021-08-02,sz.000001,1774.09103256,1824.37705956,1727.82788772,1811.30269254,1779.11963526,115992263.0,2056014242.91,0.5977,1.8089,1,0
2021-08-03,sz.000001,1809.29125146,1825.3827801,1776.10247364,1799.23404606,1811.30269254,89694857.0,1609422575.43,0.4622,-0.6663,1,0
2021-08-04,sz.000001,1814.31985416,1817.33701578,1770.0681504,1791.18828174,1799.23404606,72962008.0,1300164293.35,0.376,-0.4472,1,0
2021-08-05,sz.000001,1780.1253558,1815.3255747,1768.05670932,1778.11391472,1791.18828174,62157388.0,1104903004.7,0.3203,-0.7299,1,0
2021-08-06,sz.000001,1765.0395477,1800.2397666,1754.9823423,1796.21688444,1778.11391472,56745413.0,1005870948.8,0.2924,1.0181,1,0
2021-08-09,sz.000001,1801.24548714,1936.0120395,1794.20544336,1916.90334924,1796.21688444,175279800.0,3313803230.96,0.9032,6.7189,1,0
2021-08-10,sz.000001,1919.92051086,2009.42963892,1900.8118206,1984.28662542,1916.90334924,130198844.0,2535427989.31,0.6709,3.5152,1,0
2021-08-11,sz.000001,2010.43535946,2069.77287132,1981.2694638,1992.33238974,1984.28662542,104830844.0,2104975144.53,0.5402,0.4055,1,0
2021-08-12,sz.000001,1990.32094866,2041.6126962,1974.22942002,2000.37815406,1992.33238974,66645800.0,1330388046.16,0.3434,0.4038,1,0
2021-08-13,sz.000001,1989.31522812,2003.39531568,1961.155053,2000.37815406,2000.37815406,56288502.0,1110191399.0,0.2901,0.0,1,0
2021-08-16,sz.000001,2020.49256486,2031.5554908,1968.19509678,2006.4124773,2000.37815406,62705022.0,1247681171.0,0.3231,0.3017,1,0
2021-08-17,sz.000001,1996.3552719,2033.56693188,1972.21797894,1978.25230218,2006.4124773,47602194.0,947385521.39,0.2453,-1.4035,1,0
2021-08-18,sz.000001,1978.25230218,2132.1275448,1966.1836557,2073.79575348,1978.25230218,133273216.0,2732213549.09,0.6868,4.8297,1,0
2021-08-19,sz.000001,2059.71566592,2073.79575348,2013.45252108,2045.63557836,2073.79575348,64997561.0,1315320351.84,0.3349,-1.3579,1,0
2021-08-20,sz.000001,2008.42391838,2018.48112378,1880.6974098,1953.10928868,2045.63557836,161462793.0,3119152554.93,0.832,-4.5231,1,0
2021-08-23,sz.000001,1961.155053,2016.4696827,1921.93195194,1941.0406422,1953.10928868,119184935.0,2315871646.13,0.6142,-0.6179,1,0
2021-08-24,sz.000001,1946.0692449,2008.42391838,1931.98915734,1947.07496544,1941.0406422,86895330.0,1690760837.07,0.4478,0.3109,1,0
2021-08-25,sz.000001,1953.10928868,1958.13789138,1905.8404233,1926.96055464,1947.07496544,69808397.0,1341330418.51,0.3597,-1.0331,1,0
2021-08-26,sz.000001,1930.9834368,1937.01776004,1851.53151414,1856.56011684,1926.96055464,95161900.0,1783725035.26,0.4904,-3.6534,1,0
2021-08-27,sz.000001,1866.61732224,1898.80037952,1841.47430874,1849.52007306,1856.56011684,72882023.0,1354408976.91,0.3756,-0.3792,1,0
2021-08-30,sz.000001,1831.41710334,1839.46286766,1765.0395477,1782.13679688,1849.52007306,125221101.0,2221855858.7,0.6453,-3.6433,1,0
2021-08-31,sz.000001,1782.13679688,1803.25692822,1740.90225474,1790.1825612,1782.13679688,117486786.0,2072006842.05,0.6054,0.4515,1,0
2021-09-01,sz.000001,1757.99950392,1802.25120768,1710.73063854,1798.22832552,1790.1825612,231689409.0,4046284162.52,1.1939,0.4494,1,0
2021-09-02,sz.000001,1810.296972,1888.74317412,1790.1825612,1850.5257936,1798.22832552,242260354.0,4454545280.06,1.2484,2.9083,1,0
2021-09-03,sz.000001,1860.582999,1860.582999,1780.1253558,1814.31985416,1850.5257936,139481871.0,2523273155.42,0.7188,-1.9565,1,0
2021-09-06,sz.000001,1803.25692822,1870.6402044,1788.17112012,1855.5543963,1814.31985416,151522556.0,2780281080.51,0.7808,2.2727,1,0
2021-09-07,sz.000001,1870.6402044,1967.18937624,1845.4971909,1935.00631896,1855.5543963,162234416.0,3067365668.72,0.836,4.2818,1,0
2021-09-08,sz.000001,1935.00631896,1966.1836557,1920.9262314,1934.00059842,1935.00631896,102620105.0,1979771479.65,0.5288,-0.052,1,0
2021-09-09,sz.000001,1921.93195194,1925.9548341,1890.7546152,1910.869026,1934.00059842,73950585.0,1399536020.5,0.3811,-1.196,1,0
2021-09-10,sz.000001,1899.80610006,2088.88156158,1894.77749736,2068.76715078,1910.869026,231494528.0,4668361827.72,1.1929,8.2632,1,0
2021-09-13,sz.000001,2047.64701944,2062.73282754,1992.33238974,2032.56121134,2068.76715078,129722802.0,2606152378.88,0.6685,-1.7501,1,0
2021-09-14,sz.000001,2029.54404972,2038.59553458,1938.02348058,1948.08068598,2032.56121134,115817315.0,2272080156.85,0.5968,-4.1564,1,0
2021-09-15,sz.000001,1942.04636274,2111.00741346,1929.97771626,1963.16649408,1948.08068598,84161841.0,1639298361.44,0.4337,0.7744,1,0
2021-09-16,sz.000001,1941.0406422,1961.155053,1883.71457142,1918.91479032,1963.16649408,117695356.0,2234474948.16,0.6065,-2.2541,1,0
2021-09-17,sz.000001,1900.8118206,1910.869026,1851.53151414,1863.60016062,1918.91479032,112487963.0,2098715196.6,0.5797,-2.8826,1,0
2021-09-22,sz.000001,1797.22260498,1815.3255747,1751.96518068,1808.28553092,1863.60016062,147336521.0,2616707242.58,0.7592,-2.9682,1,0
2021-09-23,sz.000001,1820.3541774,1842.48002928,1775.0967531,1778.11391472,1808.28553092,137983759.0,2465683704.68,0.711,-1.6685,1,0
2021-09-24,sz.000001,1770.0681504,1778.11391472,1743.91941636,1744.9251369,1778.11391472,126569628.0,2209461934.41,0.6522,-1.8665,1,0
2021-09-27,sz.000001,1730.84504934,1778.11391472,1715.75924124,1767.05098878,1744.9251369,114066759.0,1979196739.27,0.5878,1.268,1,0
2021-09-28,sz.000001,1756.99378338,1827.39422118,1754.9823423,1807.27981038,1767.05098878,129316747.0,2311265535.64,0.6664,2.2766,1,0
2021-09-29,sz.000001,1796.21688444,1854.54867576,1781.13107634,1825.3827801,1807.27981038,123012175.0,2225416488.14,0.6339,1.0017,1,0
2021-09-30,sz.000001,1819.34845686,1830.4113828,1781.13107634,1803.25692822,1825.3827801,79561105.0,1424675916.86,0.41,-1.2121,1,0
2021-10-08,sz.000001,1827.39422118,1899.80610006,1812.30841308,1874.66308656,1803.25692822,115920062.0,2146983881.54,0.5973,3.9598,1,0
2021-10-11,sz.000001,1910.869026,1985.29234596,1910.869026,1951.0978476,1874.66308656,145533835.0,2829310843.75,0.75,4.0773,1,0
2021-10-12,sz.000001,1941.0406422,1982.27518434,1930.9834368,1946.0692449,1951.0978476,103123218.0,2004823967.61,0.5314,-0.2577,1,0
2021-10-13,sz.000001,1941.0406422,2002.38959514,1927.96627518,1969.20081732,1946.0692449,80789668.0,1577612469.53,0.4163,1.1886,1,0
2021-10-14,sz.000001,1970.20653786,2003.39531568,1899.80610006,1931.98915734,1969.20081732,84298987.0,1623970431.4,0.4344,-1.8897,1,0
2021-10-15,sz.000001,1910.869026,2001.3838746,1910.869026,1977.24658164,1931.98915734,99349378.0,1948647236.81,0.512,2.3425,1,0
2021-10-18,sz.000001,1956.1264503,1966.1836557,1920.9262314,1940.03492166,1977.24658164,72962250.0,1408737777.28,0.376,-1.882,1,0
2021-10-19,sz.000001,1925.9548341,1979.25802272,1925.9548341,1968.19509678,1940.03492166,68241515.0,1330501301.75,0.3517,1.4515,1,0
2021-10-20,sz.000001,1986.2980665,1989.31522812,1929.97771626,1935.00631896,1968.19509678,66295555.0,1283356219.49,0.3416,-1.6863,1,0
2021-10-21,sz.000001,1963.16649408,2017.47540324,1936.0120395,2011.44108,1935.00631896,162166101.0,3198266215.28,0.8357,3.9501,1,0
2021-10-22,sz.000001,2027.53260864,2070.77859186,1991.3266692,2015.46396216,2011.44108,113496363.0,2287284921.47,0.5849,0.2,1,0
2021-10-25,sz.000001,1982.27518434,2031.5554908,1961.155053,2023.50972648,2015.46396216,73082823.0,1458800089.77,0.3766,0.3992,1,0
2021-10-26,sz.000001,2017.47540324,2056.6985043,1997.36099244,2016.4696827,2023.50972648,65280684.0,1313475882.79,0.3364,-0.3479,1,0
2021-10-27,sz.000001,2011.44108,2028.53832918,1970.20653786,2003.39531568,2016.4696827,68760019.0,1365982833.66,0.3543,-0.6484,1,0
2021-10-28,sz.000001,1991.3266692,2005.40675676,1948.08068598,1983.28090488,2003.39531568,61901089.0,1211946109.14,0.319,-1.004,1,0
2021-10-29,sz.000001,1974.22942002,1985.29234596,1943.05208328,1961.155053,1983.28090488,53992976.0,1052760273.17,0.2782,-1.1156,1,0
2021-11-01,sz.000001,1944.05780382,1984.28662542,1911.87474654,1950.09212706,1961.155053,84149020.0,1626762029.8,0.4336,-0.5641,1,0
2021-11-02,sz.000001,1948.08068598,1960.14933246,1809.29125146,1828.39994172,1950.09212706,199769050.0,3691356324.29,1.0294,-6.2403,1,0
2021-11-03,sz.000001,1820.3541774,1834.43426496,1795.2111639,1813.31413362,1828.39994172,111497204.0,2009325065.93,0.5746,-0.8251,1,0
2021-11-04,sz.000001,1818.34273632,1820.3541774,1790.1825612,1797.22260498,1813.31413362,98341098.0,1760671898.39,0.5068,-0.8874,1,0
2021-11-05,sz.000001,1795.2111639,1810.296972,1767.05098878,1774.09103256,1797.22260498,109603988.0,1942415605.07,0.5648,-1.2871,1,0
2021-11-08,sz.000001,1772.07959148,1791.18828174,1745.93085744,1751.96518068,1774.09103256,137681482.0,2406417771.91,0.7095,-1.2472,1,0
2021-11-09,sz.000001,1757.99950392,1775.0967531,1735.87365204,1763.02810662,1751.96518068,124057275.0,2163193119.31,0.6393,0.6315,1,0
2021-11-10,sz.000001,1755.98806284,1756.99378338,1725.81644664,1749.9537396,1763.02810662,122085088.0,2109735147.17,0.6291,-0.7416,1,0
2021-11-11,sz.000001,1744.9251369,1853.54295522,1741.90797528,1845.4971909,1749.9537396,208472900.0,3752413858.84,1.0743,5.4598,1,0
2021-11-12,sz.000001,1841.47430874,1873.65736602,1821.35989794,1837.45142658,1845.4971909,95754646.0,1753072716.42,0.4934,-0.436,1,0
2021-11-15,sz.000001,1845.4971909,1873.65736602,1830.4113828,1853.54295522,1837.45142658,65508999.0,1203764095.71,0.3376,0.8758,1,0
2021-11-16,sz.000001,1846.50291144,1864.60588116,1827.39422118,1832.42282388,1853.54295522,60111048.0,1099113409.38,0.3098,-1.1394,1,0
2021-11-17,sz.000001,1825.3827801,1840.4685882,1808.28553092,1821.35989794,1832.42282388,66464038.0,1203859180.01,0.3425,-0.6037,1,0
2021-11-18,sz.000001,1819.34845686,1822.36561848,1783.14251742,1790.1825612,1821.35989794,79984377.0,1430058311.95,0.4122,-1.7118,1,0
2021-11-19,sz.000001,1790.1825612,1834.43426496,1780.1253558,1825.3827801,1790.1825612,78637156.0,1414506380.37,0.4052,1.9663,1,0
2021-11-22,sz.000001,1813.31413362,1835.4399855,1800.2397666,1822.36561848,1825.3827801,73861780.0,1337768172.45,0.3806,-0.1653,1,0
2021-11-23,sz.000001,1821.35989794,1845.4971909,1778.11391472,1798.22832552,1822.36561848,123597796.0,2213817590.56,0.6369,-1.3245,1,0
2021-11-24,sz.000001,1787.16539958,1805.2683693,1776.10247364,1797.22260498,1798.22832552,74131084.0,1316774397.96,0.382,-0.0559,1,0
2021-11-25,sz.000001,1784.14823796,1789.17684066,1773.08531202,1778.11391472,1797.22260498,60353270.0,1068221304.51,0.311,-1.0632,1,0
2021-11-26,sz.000001,1772.07959148,1777.10819418,1762.02238608,1768.05670932,1778.11391472,69449988.0,1219937312.76,0.3579,-0.5656,1,0
2021-11-29,sz.000001,1750.95946014,1767.05098878,1745.93085744,1761.01666554,1768.05670932,51259471.0,895105981.97,0.2641,-0.3982,1,0
2021-11-30,sz.000001,1764.03382716,1778.11391472,1744.9251369,1753.97662176,1761.01666554,73361606.0,1280384552.25,0.378,-0.3998,1,0
2021-12-01,sz.000001,1752.97090122,1787.16539958,1746.93657798,1774.09103256,1753.97662176,70692519.0,1243666842.2,0.3643,1.1468,1,0
2021-12-02,sz.000001,1772.07959148,1791.18828174,1746.93657798,1769.06242986,1774.09103256,99479835.0,1749164558.42,0.5126,-0.2834,1,0
2021-12-03,sz.000001,1774.09103256,1780.1253558,1750.95946014,1775.0967531,1769.06242986,70759974.0,1242375057.32,0.3646,0.3411,1,0
2021-12-06,sz.000001,1795.2111639,1866.61732224,1790.1825612,1820.3541774,1775.0967531,214562528.0,3896385171.79,1.1057,2.5496,1,0
2021-12-07,sz.000001,1840.4685882,1877.68024818,1825.3827801,1856.56011684,1820.3541774,161644387.0,2979968976.77,0.833,1.989,1,0
2021-12-08,sz.000001,1855.5543963,1865.6116017,1826.38850064,1857.56583738,1856.56011684,98028118.0,1798691052.86,0.5051,0.0542,1,0
2021-12-09,sz.000001,1859.57727846,1916.90334924,1847.50863198,1880.6974098,1857.56583738,145588668.0,2726663443.3,0.7502,1.2453,1,0
2021-12-10,sz.000001,1861.58871954,1880.6974098,1837.45142658,1848.51435252,1880.6974098,98925513.0,1824076523.04,0.5098,-1.7112,1,0
2021-12-13,sz.000001,1857.56583738,1898.80037952,1828.39994172,1837.45142658,1848.51435252,131449027.0,2427803721.72,0.6774,-0.5985,1,0
2021-12-14,sz.000001,1826.38850064,1827.39422118,1762.02238608,1768.05670932,1837.45142658,193720890.0,3434156327.99,0.9983,-3.7767,1,0
2021-12-15,sz.000001,1761.01666554,1776.10247364,1749.9537396,1765.0395477,1768.05670932,129462741.0,2269821045.32,0.6671,-0.1706,1,0
2021-12-16,sz.000001,1765.0395477,1783.14251742,1755.98806284,1782.13679688,1765.0395477,81947951.0,1445483375.04,0.4223,0.9687,1,0
2021-12-17,sz.000001,1780.1253558,1785.1539585,1767.05098878,1767.05098878,1782.13679688,60236967.0,1062875482.98,0.3104,-0.8465,1,0
2021-12-20,sz.000001,1766.04526824,1775.0967531,1754.9823423,1762.02238608,1767.05098878,74643520.0,1309029268.81,0.3846,-0.2846,1,0
2021-12-21,sz.000001,1759.00522446,1781.13107634,1757.99950392,1769.06242986,1762.02238608,89373404.0,1572895581.5,0.4606,0.3995,1,0
2021-12-22,sz.000001,1772.07959148,1774.09103256,1739.8965342,1748.94801906,1769.06242986,97692775.0,1701772583.52,0.5034,-1.137,1,0
2021-12-23,sz.000001,1749.9537396,1752.97090122,1730.84504934,1741.90797528,1748.94801906,105957594.0,1831122716.47,0.546,-0.4025,1,0
2021-12-24,sz.000001,1742.91369582,1744.9251369,1730.84504934,1740.90225474,1741.90797528,48825149.0,843109664.77,0.2516,-0.0577,1,0
2021-12-27,sz.000001,1742.91369582,1744.9251369,1725.81644664,1731.85076988,1740.90225474,73111899.0,1260455319.19,0.3768,-0.5199,1,0
2021-12-28,sz.000001,1731.85076988,1742.91369582,1718.77640286,1726.82216718,1731.85076988,112663891.0,1934461075.51,0.5806,-0.2904,1,0
2021-12-29,sz.000001,1725.81644664,1725.81644664,1679.5533018,1684.5819045,1726.82216718,146937398.0,2480534592.86,0.7572,-2.4461,1,0
2021-12-30,sz.000001,1685.58762504,1704.6963153,1681.56474288,1691.62194828,1684.5819045,79666360.0,1342374249.46,0.4105,0.4179,1,0
2021-12-31,sz.000001,1695.64483044,1699.6677126,1649.3816856,1657.42744992,1691.62194828,175076089.0,2899617148.55,0.9022,-2.0214,1,0
2022-01-04,sz.000001,1657.42744992,1675.53041964,1627.25583372,1675.53041964,1657.42744992,116925933.0,1918887050.94,0.6025,1.0922,1,0
2022-01-05,sz.000001,1667.48465532,1731.85076988,1664.4674937,1724.8107261,1675.53041964,196199817.0,3344124589.35,1.011,2.9412,1,0
2022-01-06,sz.000001,1720.78784394,1736.87937258,1709.724918,1721.79356448,1724.8107261,110788519.0,1896535837.6,0.5709,-0.1749,1,0
2022-01-07,sz.000001,1719.7821234,1737.88509312,1715.75924124,1729.8393288,1721.79356448,112663070.0,1937710958.28,0.5806,0.4673,1,0
2022-01-10,sz.000001,1738.89081366,1751.96518068,1712.74207962,1728.83360826,1729.8393288,90977401.0,1563414572.47,0.4688,-0.0581,1,0
2022-01-11,sz.000001,1735.87365204,1764.03382716,1723.80500556,1750.95946014,1728.83360826,158199940.0,2752485391.28,0.8152,1.2798,1,0
2022-01-12,sz.000001,1750.95946014,1754.9823423,1699.6677126,1709.724918,1750.95946014,150216355.0,2561266412.25,0.7741,-2.355,1,0
2022-01-13,sz.000001,1700.67343314,1733.86221096,1691.62194828,1707.71347692,1709.724918,90942265.0,1550319158.87,0.4686,-0.1176,1,0
2022-01-14,sz.000001,1709.724918,1711.73635908,1639.3244802,1642.34164182,1707.71347692,210309491.0,3459950804.53,1.0837,-3.828,1,0
2022-01-17,sz.000001,1644.3530829,1657.42744992,1621.22151048,1631.27871588,1642.34164182,114368943.0,1855633789.59,0.5894,-0.6736,1,0
2022-01-18,sz.000001,1634.2958775,1663.46177316,1625.24439264,1661.45033208,1631.27871588,115297431.0,1891094610.09,0.5941,1.8496,1,0
2022-01-19,sz.000001,1663.46177316,1678.54758126,1645.35880344,1659.438891,1661.45033208,98839185.0,1630973587.2,0.5093,-0.1211,1,0
2022-01-20,sz.000001,1656.42172938,1755.98806284,1651.39312668,1742.91369582,1659.438891,303119376.0,5195805549.58,1.562,5.0303,1,0
2022-01-21,sz.000001,1754.9823423,1766.04526824,1730.84504934,1744.9251369,1742.91369582,148168295.0,2575115124.69,0.7635,0.1154,1,0
2022-01-24,sz.000001,1743.91941636,1747.94229852,1707.71347692,1729.8393288,1744.9251369,87477087.0,1501390339.01,0.4508,-0.8646,1,0
2022-01-25,sz.000001,1717.77068232,1717.77068232,1690.61622774,1694.6391099,1729.8393288,109328397.0,1851999025.42,0.5634,-2.0349,1,0
2022-01-26,sz.000001,1704.6963153,1719.7821234,1663.46177316,1674.5246991,1694.6391099,98497522.0,1646384984.37,0.5076,-1.1869,1,0
2022-01-27,sz.000001,1659.438891,1663.46177316,1634.2958775,1639.3244802,1674.5246991,102464311.0,1677261296.33,0.528,-2.1021,1,0
2022-01-28,sz.000001,1648.37596506,1654.4102883,1591.04989428,1592.05561482,1639.3244802,167556367.0,2695470330.62,0.8634,-2.8834,1,0
2022-02-07,sz.000001,1611.16430508,1650.38740614,1598.08993806,1648.37596506,1592.05561482,151547630.0,2451798485.84,0.7809,3.5376,1,0
2022-02-08,sz.000001,1639.3244802,1706.70775638,1635.30159804,1692.62766882,1648.37596506,175469528.0,2950309012.49,0.9042,2.6846,1,0
2022-02-09,sz.000001,1701.67915368,1709.724918,1680.55902234,1695.64483044,1692.62766882,105116166.0,1774253636.5,0.5417,0.1783,1,0
2022-02-10,sz.000001,1686.59334558,1712.74207962,1676.53614018,1708.71919746,1695.64483044,78455735.0,1326848947.79,0.4043,0.7711,1,0
2022-02-11,sz.000001,1712.74207962,1743.91941636,1712.74207962,1719.7821234,1708.71919746,107813914.0,1852167493.23,0.5556,0.6474,1,0
2022-02-14,sz.000001,1719.7821234,1724.8107261,1660.44461154,1667.48465532,1719.7821234,115065851.0,1917613419.43,0.5929,-3.0409,1,0
2022-02-15,sz.000001,1659.438891,1676.53614018,1619.2100694,1637.31303912,1667.48465532,120826437.0,1968985378.18,0.6226,-1.8094,1,0
2022-02-16,sz.000001,1644.3530829,1662.45605262,1630.27299534,1650.38740614,1637.31303912,78239959.0,1282234150.21,0.4032,0.7985,1,0
2022-02-17,sz.000001,1648.37596506,1664.4674937,1641.33592128,1651.39312668,1650.38740614,79450184.0,1306514349.59,0.4094,0.0609,1,0
2022-02-18,sz.000001,1641.33592128,1686.59334558,1640.33020074,1686.59334558,1651.39312668,80249940.0,1330233365.68,0.4135,2.1315,1,0
2022-02-21,sz.000001,1675.53041964,1676.53614018,1641.33592128,1660.44461154,1686.59334558,80099455.0,1316023718.12,0.4128,-1.5504,1,0
2022-02-22,sz.000001,1640.33020074,1653.40456776,1625.24439264,1632.28443642,1660.44461154,89495673.0,1454156224.87,0.4612,-1.6959,1,0
2022-02-23,sz.000001,1639.3244802,1640.33020074,1613.17574616,1628.26155426,1632.28443642,88674244.0,1431289852.14,0.4569,-0.2465,1,0
2022-02-24,sz.000001,1622.22723102,1624.2386721,1589.0384532,1600.10137914,1628.26155426,132408685.0,2112842553.1,0.6823,-1.7295,1,0
2022-02-25,sz.000001,1608.14714346,1617.19862832,1596.07849698,1599.0956586,1600.10137914,72639707.0,1157890268.48,0.3743,-0.0629,1,0
2022-02-28,sz.000001,1599.0956586,1601.10709968,1570.93548348,1584.0098505,1599.0956586,72399045.0,1137154096.0,0.3731,-0.9434,1,0
2022-03-01,sz.000001,1588.03273266,1604.1242613,1570.93548348,1601.10709968,1584.0098505,93504034.0,1474693968.0,0.4818,1.0794,1,0
2022-03-02,sz.000001,1588.03273266,1596.07849698,1574.95836564,1576.96980672,1601.10709968,76076086.0,1196321952.0,0.392,-1.5075,1,0
2022-03-03,sz.000001,1581.99840942,1590.04417374,1571.94120402,1579.98696834,1576.96980672,57828505.0,908171584.0,0.298,0.1913,1,0
2022-03-04,sz.000001,1570.93548348,1571.94120402,1536.74098512,1541.76958782,1579.98696834,99093566.0,1523793664.0,0.5106,-2.4188,1,0
2022-03-07,sz.000001,1525.67805918,1525.67805918,1474.38631164,1480.42063488,1541.76958782,111315899.0,1655959936.0,0.5736,-3.9791,1,0
2022-03-08,sz.000001,1470.36342948,1494.50072244,1433.1517695,1439.18609274,1480.42063488,100303269.0,1463145936.0,0.5169,-2.7853,1,0
2022-03-09,sz.000001,1448.2375776,1453.2661803,1329.56255388,1391.91722736,1439.18609274,180076017.0,2492042992.0,0.928,-3.2844,1,0
2022-03-10,sz.000001,1426.11172572,1483.4377965,1417.06024086,1465.33482678,1391.91722736,224915816.0,3269867792.0,1.159,5.2746,1,0
2022-03-11,sz.000001,1448.2375776,1506.56936892,1423.0945641,1498.5236046,1465.33482678,149364697.0,2187480608.0,0.7697,2.2649,1,0
2022-03-14,sz.000001,1471.36915002,1501.54076622,1453.2661803,1457.28906246,1498.5236046,111840734.0,1637278464.0,0.5763,-2.7517,1,0
2022-03-15,sz.000001,1448.2375776,1448.2375776,1367.7799344,1375.82569872,1457.28906246,178140887.0,2479769552.0,0.918,-5.5901,1,0
2022-03-16,sz.000001,1393.92866844,1448.2375776,1358.72844954,1439.18609274,1375.82569872,153177906.0,2141637072.0,0.7894,4.6053,1,0
2022-03-17,sz.000001,1474.38631164,1479.41491434,1432.14604896,1453.2661803,1439.18609274,173006142.0,2506504224.0,0.8915,0.9783,1,0
2022-03-18,sz.000001,1444.21469544,1493.4950019,1422.08884356,1478.4091938,1453.2661803,152880713.0,2222158762.02,0.7878,1.7301,1,0
2022-03-21,sz.000001,1458.294783,1490.47784028,1447.23185706,1467.34626786,1478.4091938,120886805.0,1765673892.12,0.623,-0.7483,1,0
2022-03-22,sz.000001,1467.34626786,1530.70666188,1458.294783,1526.68377972,1467.34626786,162865658.0,2443174055.85,0.8393,4.0439,1,0
2022-03-23,sz.000001,1519.64373594,1527.68950026,1498.5236046,1508.58081,1526.68377972,105010238.0,1577561341.66,0.5411,-1.1858,1,0
2022-03-24,sz.000001,1500.53504568,1539.75814674,1489.47211974,1528.6952208,1508.58081,100235995.0,1518870080.31,0.5165,1.3333,1,0
2022-03-25,sz.000001,1523.6666181,1533.7238235,1490.47784028,1506.56936892,1528.6952208,74293335.0,1116354595.16,0.3828,-1.4474,1,0
2022-03-28,sz.000001,1488.4663992,1513.6094127,1471.36915002,1493.4950019,1506.56936892,72713699.0,1078327302.93,0.3747,-0.8678,1,0
2022-03-29,sz.000001,1496.51216352,1503.5522073,1468.3519884,1476.39775272,1493.4950019,61564315.0,909169631.24,0.3173,-1.1448,1,0
2022-03-30,sz.000001,1494.50072244,1535.73526458,1484.44351704,1529.70094134,1476.39775272,123679155.0,1859617040.64,0.6373,3.6104,1,0
2022-03-31,sz.000001,1518.6380154,1565.90688078,1514.61513324,1546.79819052,1529.70094134,116374674.0,1789209946.79,0.5997,1.1177,1,0
2022-04-01,sz.000001,1545.79246998,1588.03273266,1528.6952208,1584.0098505,1546.79819052,148487874.0,2319616863.02,0.7652,2.4057,1,0
2022-04-06,sz.000001,1572.94692456,1663.46177316,1571.94120402,1648.37596506,1584.0098505,248854005.0,4064051491.84,1.2824,4.0635,1,0
2022-04-07,sz.000001,1647.37024452,1675.53041964,1629.2672748,1637.31303912,1648.37596506,165906455.0,2724002904.78,0.8549,-0.6711,1,0
2022-04-08,sz.000001,1635.30159804,1654.4102883,1622.22723102,1649.3816856,1637.31303912,106677946.0,1741072072.48,0.5497,0.7371,1,0
2022-04-11,sz.000001,1644.3530829,1649.3816856,1589.0384532,1614.1814667,1649.3816856,141673536.0,2277469055.78,0.7301,-2.1341,1,0
2022-04-12,sz.000001,1614.1814667,1635.30159804,1574.95836564,1601.10709968,1614.1814667,103926142.0,1654820082.53,0.5355,-0.81,1,0
2022-04-13,sz.000001,1598.08993806,1617.19862832,1580.99268888,1589.0384532,1601.10709968,89062806.0,1415496125.98,0.459,-0.7538,1,0
2022-04-14,sz.000001,1609.152864,1634.2958775,1601.10709968,1613.17574616,1589.0384532,92961494.0,1493343952.15,0.479,1.519,1,0
2022-04-15,sz.000001,1599.0956586,1662.45605262,1595.07277644,1651.39312668,1613.17574616,123176103.0,2014010094.33,0.6347,2.3691,1,0
2022-04-18,sz.000001,1624.2386721,1629.2672748,1590.04417374,1599.0956586,1651.39312668,108688756.0,1734236523.85,0.5601,-3.1669,1,0
2022-04-19,sz.000001,1599.0956586,1606.13570238,1570.93548348,1590.04417374,1599.0956586,82177249.0,1294226951.21,0.4235,-0.566,1,0
2022-04-20,sz.000001,1590.04417374,1614.1814667,1578.9812478,1594.0670559,1590.04417374,71655528.0,1137697846.98,0.3693,0.253,1,0
2022-04-21,sz.000001,1586.02129158,1607.14142292,1578.9812478,1590.04417374,1594.0670559,70989116.0,1124663651.04,0.3658,-0.2524,1,0
2022-04-22,sz.000001,1572.94692456,1628.26155426,1548.8096316,1615.18718724,1590.04417374,92127408.0,1468452957.95,0.4747,1.5813,1,0
2022-04-25,sz.000001,1575.96408618,1600.10137914,1486.45495812,1493.4950019,1615.18718724,166448098.0,2527610217.43,0.8577,-7.5342,1,0
2022-04-26,sz.000001,1496.51216352,1506.56936892,1453.2661803,1481.42635542,1493.4950019,98820956.0,1456929632.19,0.5092,-0.8081,1,0
2022-04-27,sz.000001,1506.56936892,1573.9526451,1504.55792784,1573.9526451,1481.42635542,149029503.0,2296798759.0,0.768,6.2458,1,0
2022-04-28,sz.000001,1565.90688078,1602.11282022,1545.79246998,1573.9526451,1573.9526451,91177187.0,1426381925.81,0.4699,0.0,1,0
2022-04-29,sz.000001,1577.97552726,1583.00412996,1505.56364838,1540.76386728,1573.9526451,164501308.0,2503476827.84,0.8477,-2.1086,1,0
2022-05-05,sz.000001,1528.6952208,1553.8382343,1523.6666181,1540.76386728,1540.76386728,79019620.0,1208735141.83,0.4072,0.0,1,0
2022-05-06,sz.000001,1510.59225108,1528.6952208,1499.52932514,1504.55792784,1540.76386728,83243182.0,1250995594.77,0.429,-2.3499,1,0
2022-05-09,sz.000001,1502.54648676,1502.54648676,1454.27190084,1463.3233857,1504.55792784,81862135.0,1197104247.06,0.4218,-2.7406,1,0
2022-05-10,sz.000001,1458.294783,1468.3519884,1419.07168194,1467.34626786,1463.3233857,99228502.0,1425836927.23,0.5113,0.2749,1,0
2022-05-11,sz.000001,1462.31766516,1492.48928136,1452.26045976,1471.36915002,1467.34626786,84857362.0,1240700426.07,0.4373,0.2742,1,0
2022-05-12,sz.000001,1456.28334192,1464.32910624,1441.19753382,1446.22613652,1471.36915002,68506423.0,987061607.22,0.353,-1.7088,1,0
2022-05-13,sz.000001,1458.294783,1474.38631164,1457.28906246,1469.35770894,1446.22613652,67631191.0,985962932.09,0.3485,1.5994,1,0
2022-05-16,sz.000001,1474.38631164,1481.42635542,1443.2089749,1449.24329814,1469.35770894,66822782.0,965652298.06,0.3443,-1.3689,1,0
2022-05-17,sz.000001,1459.30050354,1480.42063488,1440.19181328,1479.41491434,1449.24329814,93140639.0,1357428406.75,0.48,2.0819,1,0
2022-05-18,sz.000001,1493.4950019,1497.51788406,1475.39203218,1483.4377965,1479.41491434,77857833.0,1150500437.95,0.4012,0.2719,1,0
2022-05-19,sz.000001,1463.3233857,1478.4091938,1458.294783,1470.36342948,1483.4377965,59092172.0,863214130.52,0.3045,-0.8814,1,0
2022-05-20,sz.000001,1478.4091938,1512.60369216,1475.39203218,1510.59225108,1470.36342948,94859778.0,1415164711.31,0.4888,2.736,1,0
2022-05-23,sz.000001,1515.62085378,1515.62085378,1484.44351704,1491.48356082,1510.59225108,64772592.0,962683728.68,0.3338,-1.265,1,0
2022-05-24,sz.000001,1495.50644298,1495.50644298,1448.2375776,1448.2375776,1491.48356082,93355706.0,1358693535.33,0.4811,-2.8995,1,0
2022-05-25,sz.000001,1451.25473922,1457.28906246,1438.1803722,1447.23185706,1448.2375776,60322826.0,866228924.02,0.3109,-0.0694,1,0
2022-05-26,sz.000001,1449.24329814,1451.25473922,1415.04879978,1427.11744626,1447.23185706,101131756.0,1435689342.04,0.5211,-1.3899,1,0
2022-05-27,sz.000001,1437.17465166,1443.2089749,1419.07168194,1426.11172572,1427.11744626,72306674.0,1029702185.93,0.3726,-0.0705,1,0
2022-05-30,sz.000001,1434.15749004,1436.16893112,1412.03163816,1416.05452032,1426.11172572,89690123.0,1265573047.59,0.4622,-0.7052,1,0
2022-05-31,sz.000001,1415.04879978,1426.11172572,1408.008756,1424.10028464,1416.05452032,93886855.0,1325012047.99,0.4838,0.5682,1,0
2022-06-01,sz.000001,1422.08884356,1422.08884356,1408.008756,1416.05452032,1424.10028464,84529898.0,1187423732.04,0.4356,-0.565,1,0
2022-06-02,sz.000001,1410.02019708,1411.02591762,1395.94010952,1402.9801533,1416.05452032,97926822.0,1363740797.79,0.5046,-0.9233,1,0
2022-06-06,sz.000001,1398.95727114,1425.10600518,1371.80281656,1425.10600518,1402.9801533,171085175.0,2370807610.48,0.8816,1.5771,1,0
2022-06-07,sz.000001,1410.02019708,1433.1517695,1407.00303546,1424.10028464,1425.10600518,131511262.0,1860366715.71,0.6777,-0.0706,1,0
2022-06-08,sz.000001,1424.10028464,1425.10600518,1409.01447654,1424.10028464,1424.10028464,114552124.0,1613524957.82,0.5903,0.0,1,0
2022-06-09,sz.000001,1422.08884356,1454.27190084,1418.0659614,1443.2089749,1424.10028464,163290134.0,2339986707.88,0.8415,1.3418,1,0
2022-06-10,sz.000001,1434.15749004,1441.19753382,1421.08312302,1440.19181328,1443.2089749,134601231.0,1914639698.11,0.6936,-0.2091,1,0
2022-06-13,sz.000001,1426.11172572,1427.11744626,1395.94010952,1398.95727114,1440.19181328,154775285.0,2163340108.91,0.7976,-2.8631,1,0
2022-06-14,sz.000001,1378.84286034,1421.08312302,1378.84286034,1420.07740248,1398.95727114,115142939.0,1602169897.99,0.5934,1.5097,1,0
2022-06-15,sz.000001,1418.0659614,1519.64373594,1414.04307924,1482.43207596,1420.07740248,341354368.0,5010292726.77,1.7591,4.3909,1,0
2022-06-16,sz.000001,1482.43207596,1491.48356082,1450.24901868,1452.26045976,1482.43207596,133254631.0,1939976254.77,0.6867,-2.0353,1,0
2022-06-17,sz.000001,1440.19181328,1461.31194462,1428.1231668,1453.2661803,1452.26045976,105378794.0,1513925913.67,0.543,0.0693,1,0
2022-06-20,sz.000001,1452.26045976,1452.26045976,1434.15749004,1442.20325436,1453.2661803,103216680.0,1479529786.97,0.5319,-0.7612,1,0
2022-06-21,sz.000001,1442.20325436,1471.36915002,1431.14032842,1445.22041598,1442.20325436,132179398.0,1905346056.7,0.6811,0.2092,1,0
2022-06-22,sz.000001,1444.21469544,1444.21469544,1416.05452032,1416.05452032,1445.22041598,105604592.0,1498415783.73,0.5442,-2.0181,1,0
2022-06-23,sz.000001,1417.06024086,1431.14032842,1414.04307924,1428.1231668,1416.05452032,80602803.0,1140899091.64,0.4154,0.8523,1,0
2022-06-24,sz.000001,1428.1231668,1433.1517695,1419.07168194,1431.14032842,1428.1231668,86604061.0,1227798687.09,0.4463,0.2113,1,0
2022-06-27,sz.000001,1432.14604896,1464.32910624,1430.13460788,1457.28906246,1431.14032842,149727818.0,2166380438.04,0.7716,1.8271,1,0
2022-06-28,sz.000001,1455.27762138,1475.39203218,1449.24329814,1471.36915002,1457.28906246,112511048.0,1638673242.41,0.5798,0.9662,1,0
2022-06-29,sz.000001,1473.3805911,1498.5236046,1463.3233857,1472.37487056,1471.36915002,126654728.0,1865064678.48,0.6527,0.0684,1,0
2022-06-30,sz.000001,1471.36915002,1510.59225108,1463.3233857,1506.56936892,1472.37487056,154874501.0,2304888691.73,0.7981,2.3224,1,0
2022-07-01,sz.000001,1508.58081,1515.62085378,1492.48928136,1500.53504568,1506.56936892,77924332.0,1164030775.95,0.4016,-0.4005,1,0
2022-07-04,sz.000001,1503.5522073,1506.56936892,1483.4377965,1502.54648676,1500.53504568,83496807.0,1241453402.11,0.4303,0.134,1,0
2022-07-05,sz.000001,1507.57508946,1535.73526458,1490.47784028,1499.52932514,1502.54648676,111517210.0,1674719025.12,0.5747,-0.2008,1,0
2022-07-06,sz.000001,1491.48356082,1501.54076622,1454.27190084,1461.31194462,1499.52932514,104333523.0,1520022514.77,0.5376,-2.5486,1,0
2022-07-07,sz.000001,1462.31766516,1473.3805911,1446.22613652,1450.24901868,1461.31194462,73016098.0,1057696546.69,0.3763,-0.7571,1,0
2022-07-08,sz.000001,1458.294783,1473.3805911,1445.22041598,1462.31766516,1450.24901868,63969823.0,928850348.74,0.3296,0.8322,1,0
2022-07-11,sz.000001,1458.294783,1465.33482678,1444.21469544,1454.27190084,1462.31766516,61169194.0,883613754.05,0.3152,-0.5502,1,0
2022-07-12,sz.000001,1449.24329814,1481.42635542,1446.22613652,1450.24901868,1454.27190084,74288242.0,1078431989.61,0.3828,-0.2766,1,0
2022-07-13,sz.000001,1450.24901868,1455.27762138,1396.94583006,1404.99159438,1450.24901868,217599606.0,3056913117.84,1.1213,-3.1207,1,0
2022-07-14,sz.000001,1377.8371398,1378.84286034,1336.60259766,1344.64836198,1404.99159438,263212087.0,3534578702.13,1.3564,-4.2949,1,0
2022-07-15,sz.000001,1355.71128792,1363.75705224,1329.56255388,1331.57399496,1344.64836198,159863740.0,2139915274.03,0.8238,-0.9723,1,0
2022-07-18,sz.000001,1332.5797155,1351.68840576,1328.55683334,1346.65980306,1331.57399496,115350581.0,1536340973.2,0.5944,1.1329,1,0
2022-07-19,sz.000001,1341.63120036,1350.68268522,1335.59687712,1349.67696468,1346.65980306,75559710.0,1008562417.24,0.3894,0.224,1,0
2022-07-20,sz.000001,1350.68268522,1354.70556738,1342.6369209,1346.65980306,1349.67696468,80145866.0,1073936299.76,0.413,-0.2235,1,0
2022-07-21,sz.000001,1339.61975928,1341.63120036,1306.43098146,1308.44242254,1346.65980306,197038789.0,2588696130.23,1.0154,-2.8379,1,0
2022-07-22,sz.000001,1314.5851368,1323.7995186,1292.0610924,1311.5136762,1308.4422156,137650974.0,1755555714.49,0.7093,0.2347,1,0
2022-07-25,sz.000001,1310.489856,1315.608957,1297.1801934,1312.5374964,1311.5136762,76395581.0,976071707.3,0.3937,0.0781,1,0
2022-07-26,sz.000001,1305.370755,1321.7518782,1301.2754742,1321.7518782,1312.5374964,102404881.0,1314310442.31,0.5277,0.702,1,0
2022-07-27,sz.000001,1315.608957,1318.6804176,1303.3231146,1309.4660358,1321.7518782,92391408.0,1182889760.74,0.4761,-0.9295,1,0
2022-07-28,sz.000001,1311.5136762,1321.7518782,1308.4422156,1318.6804176,1309.4660358,75034652.0,964903657.66,0.3867,0.7037,1,0
2022-07-29,sz.000001,1318.6804176,1320.728058,1295.132553,1298.2040136,1318.6804176,83149747.0,1059518584.72,0.4285,-1.5528,1,0
2022-08-01,sz.000001,1296.1563732,1296.1563732,1269.537048,1271.5846884,1298.2040136,102573271.0,1277987010.0,0.5286,-2.0505,1,0
2022-08-02,sz.000001,1251.1082844,1263.3941268,1222.4413188,1255.2035652,1271.5846884,137300930.0,1664397666.12,0.7075,-1.2882,1,0
2022-08-03,sz.000001,1248.0368238,1256.2273854,1229.6080602,1231.6557006,1255.2035652,74613653.0,905653324.71,0.3845,-1.876,1,0
2022-08-04,sz.000001,1238.822442,1245.9891834,1230.6318804,1244.9653632,1231.6557006,60267562.0,729351710.02,0.3106,1.0806,1,0
2022-08-05,sz.000001,1241.8939026,1262.3703066,1226.5365996,1260.3226662,1244.9653632,76529787.0,930836354.1,0.3944,1.2336,1,0
2022-08-08,sz.000001,1254.179745,1265.4417672,1244.9653632,1249.060644,1260.3226662,55199969.0,674950920.8,0.2845,-0.8936,1,0
2022-08-09,sz.000001,1250.0844642,1251.1082844,1236.7748016,1240.8700824,1249.060644,55844757.0,677098632.55,0.2878,-0.6557,1,0
2022-08-10,sz.000001,1240.8700824,1253.1559248,1230.6318804,1234.7271612,1240.8700824,68302321.0,825806007.77,0.352,-0.495,1,0
2022-08-11,sz.000001,1236.7748016,1268.5132278,1232.6795208,1264.417947,1234.7271612,139930361.0,1710719478.11,0.7211,2.4046,1,0
2022-08-12,sz.000001,1255.2035652,1270.5608682,1249.060644,1267.4894076,1264.417947,82050356.0,1010612433.4,0.4228,0.2429,1,0
2022-08-15,sz.000001,1258.2750258,1265.4417672,1237.7986218,1239.8462622,1267.4894076,117201000.0,1425087455.23,0.604,-2.1809,1,0
2022-08-16,sz.000001,1239.8462622,1249.060644,1238.822442,1241.8939026,1239.8462622,63122370.0,765907218.72,0.3253,0.1652,1,0
2022-08-17,sz.000001,1243.941543,1271.5846884,1235.7509814,1269.537048,1241.8939026,134850658.0,1656961619.36,0.6949,2.2259,1,0
2022-08-18,sz.000001,1277.7276096,1283.8705308,1244.9653632,1254.179745,1269.537048,126970094.0,1560630567.7,0.6543,-1.2097,1,0
2022-08-19,sz.000001,1256.2273854,1305.370755,1252.1321046,1286.9419914,1254.179745,210641724.0,2653471090.1,1.0855,2.6122,1,0
2022-08-22,sz.000001,1287.9658116,1298.2040136,1270.5608682,1279.77525,1286.9419914,113807658.0,1423361878.69,0.5865,-0.5569,1,0
2022-08-23,sz.000001,1274.656149,1278.7514298,1257.2512056,1263.3941268,1279.77525,92146307.0,1137300431.45,0.4748,-1.28,1,0
2022-08-24,sz.000001,1262.3703066,1283.8705308,1262.3703066,1269.537048,1263.3941268,129537533.0,1613309589.13,0.6675,0.4862,1,0
2022-08-25,sz.000001,1269.537048,1296.1563732,1259.298846,1292.0610924,1269.537048,106401061.0,1329230362.32,0.5483,1.7742,1,0
2022-08-26,sz.000001,1298.2040136,1305.370755,1275.6799692,1291.0372722,1292.0610924,92763426.0,1168951099.46,0.478,-0.0792,1,0
2022-08-29,sz.000001,1279.77525,1285.9181712,1260.3226662,1271.5846884,1291.0372722,92449065.0,1145189174.15,0.4764,-1.5067,1,0
2022-08-30,sz.000001,1272.6085086,1283.8705308,1257.2512056,1277.7276096,1271.5846884,79971238.0,991447627.25,0.4121,0.4831,1,0
2022-08-31,sz.000001,1267.4894076,1308.4422156,1265.4417672,1305.370755,1277.7276096,165304158.0,2091408314.78,0.8518,2.1635,1,0
2022-09-01,sz.000001,1295.132553,1309.4660358,1287.9658116,1291.0372722,1305.370755,86198195.0,1092666276.97,0.4442,-1.098,1,0
2022-09-02,sz.000001,1292.0610924,1299.2278338,1272.6085086,1280.7990702,1291.0372722,78636281.0,983433862.85,0.4052,-0.793,1,0
2022-09-05,sz.000001,1275.6799692,1290.013452,1266.4655874,1286.9419914,1280.7990702,63203998.0,788451088.8,0.3257,0.4796,1,0
2022-09-06,sz.000001,1287.9658116,1296.1563732,1272.6085086,1279.77525,1286.9419914,73129499.0,914692183.62,0.3768,-0.5569,1,0
2022-09-07,sz.000001,1271.5846884,1271.5846884,1257.2512056,1262.3703066,1279.77525,97981281.0,1208329758.86,0.5049,-1.36,1,0
2022-09-08,sz.000001,1261.3464864,1273.6323288,1259.298846,1265.4417672,1262.3703066,62111692.0,768913483.55,0.3201,0.2433,1,0
2022-09-09,sz.000001,1269.537048,1304.3469348,1265.4417672,1302.2992944,1265.4417672,195129731.0,2469131334.35,1.0055,2.9126,1,0
2022-09-13,sz.000001,1318.6804176,1333.0139004,1296.1563732,1325.847159,1302.2992944,172268989.0,2223707380.14,0.8877,1.8082,1,0
2022-09-14,sz.000001,1305.370755,1317.6565974,1300.251654,1303.3231146,1325.847159,85803584.0,1095054828.69,0.4422,-1.6988,1,0
2022-09-15,sz.000001,1310.489856,1341.204462,1307.4183954,1330.96626,1303.3231146,184101788.0,2393239453.41,0.9487,2.121,1,0
2022-09-16,sz.000001,1322.7756984,1325.847159,1285.9181712,1285.9181712,1330.96626,135744781.0,1719252822.13,0.6995,-3.3846,1,0
2022-09-19,sz.000001,1283.8705308,1297.1801934,1277.7276096,1286.9419914,1285.9181712,63212104.0,793491306.11,0.3257,0.0796,1,0
2022-09-20,sz.000001,1291.0372722,1293.0849126,1261.3464864,1263.3941268,1286.9419914,88998853.0,1102212203.64,0.4586,-1.8298,1,0
2022-09-21,sz.000001,1260.3226662,1277.7276096,1249.060644,1272.6085086,1263.3941268,68419739.0,845477181.51,0.3526,0.7293,1,0
2022-09-22,sz.000001,1262.3703066,1265.4417672,1254.179745,1258.2750258,1272.6085086,58613338.0,720058210.32,0.302,-1.1263,1,0
2022-09-23,sz.000001,1253.1559248,1272.6085086,1252.1321046,1258.2750258,1258.2750258,58644106.0,722703127.68,0.3022,0.0,1,0
2022-09-26,sz.000001,1244.9653632,1257.2512056,1227.5604198,1228.58424,1258.2750258,90372904.0,1094060839.05,0.4657,-2.3596,1,0
2022-09-27,sz.000001,1228.58424,1244.9653632,1209.1316562,1243.941543,1228.58424,78962229.0,946732993.84,0.4069,1.25,1,0
2022-09-28,sz.000001,1237.7986218,1254.179745,1220.3936784,1239.8462622,1243.941543,78092558.0,946211766.9,0.4024,-0.3292,1,0
2022-09-29,sz.000001,1254.179745,1257.2512056,1210.1554764,1214.2507572,1239.8462622,91771804.0,1100405198.17,0.4729,-2.0644,1,0
2022-09-30,sz.000001,1215.2745774,1224.4889592,1211.1792966,1212.2031168,1214.2507572,53723019.0,638906947.77,0.2768,-0.1686,1,0
2022-10-10,sz.000001,1197.869634,1205.0363754,1173.2979492,1174.3217694,1212.2031168,96608018.0,1119089730.68,0.4978,-3.125,1,0
2022-10-11,sz.000001,1181.4885108,1185.5837916,1168.1788482,1175.3455896,1174.3217694,41525337.0,476749226.5,0.214,0.0872,1,0
2022-10-12,sz.000001,1172.274129,1189.6790724,1162.035927,1187.631432,1175.3455896,55957243.0,641776508.91,0.2884,1.0453,1,0
2022-10-13,sz.000001,1178.4170502,1181.4885108,1157.9406462,1161.0121068,1187.631432,85261597.0,970021739.4,0.4394,-2.2414,1,0
2022-10-14,sz.000001,1172.274129,1190.7028926,1167.155028,1180.4646906,1161.0121068,109606158.0,1265486550.33,0.5648,1.6755,1,0
2022-10-17,sz.000001,1169.2026684,1179.4408704,1161.0121068,1175.3455896,1180.4646906,102482271.0,1171523550.16,0.5281,-0.4337,1,0
2022-10-18,sz.000001,1182.512331,1191.7267128,1173.2979492,1175.3455896,1175.3455896,94683709.0,1091646643.72,0.4879,0.0,1,0
2022-10-19,sz.000001,1169.2026684,1176.3694098,1154.8691856,1155.8930058,1175.3455896,92398968.0,1049700767.19,0.4761,-1.6551,1,0
2022-10-20,sz.000001,1149.7500846,1157.9406462,1142.5833432,1146.678624,1155.8930058,78192323.0,876967150.61,0.4029,-0.7972,1,0
2022-10-21,sz.000001,1147.7024442,1151.797725,1133.3689614,1135.4166018,1146.678624,78557429.0,876648490.61,0.4048,-0.9821,1,0
2022-10-24,sz.000001,1135.4166018,1136.440422,1086.2732322,1087.2970524,1135.4166018,138339065.0,1496043940.13,0.7129,-4.2381,1,0
2022-10-25,sz.000001,1095.487614,1106.7496362,1085.249412,1090.368513,1087.2970524,131697940.0,1406437766.06,0.6787,0.2825,1,0
2022-10-26,sz.000001,1089.3446928,1098.5590746,1086.2732322,1091.3923332,1090.368513,114382988.0,1220733277.85,0.5894,0.0939,1,0
2022-10-27,sz.000001,1095.487614,1102.6543554,1091.3923332,1093.4399736,1091.3923332,95738346.0,1024868047.21,0.4934,0.1876,1,0
2022-10-28,sz.000001,1088.3208726,1095.487614,1065.7968282,1066.8206484,1093.4399736,105794701.0,1114999302.11,0.5452,-2.4345,1,0
2022-10-31,sz.000001,1057.6062666,1069.892109,1046.3442444,1058.6300868,1066.8206484,98309569.0,1016230012.22,0.5066,-0.7678,1,0
2022-11-01,sz.000001,1062.7253676,1093.4399736,1060.6777272,1092.4161534,1058.6300868,138123413.0,1459758367.32,0.7118,3.1915,1,0
2022-11-02,sz.000001,1086.2732322,1093.4399736,1072.9635696,1088.3208726,1092.4161534,130298818.0,1377816220.13,0.6715,-0.3749,1,0
2022-11-03,sz.000001,1079.1064908,1082.1779514,1062.7253676,1068.8682888,1088.3208726,98353561.0,1028904286.04,0.5068,-1.7874,1,0
2022-11-04,sz.000001,1064.773008,1110.844917,1063.7491878,1107.7734564,1068.8682888,177611223.0,1903720943.52,0.9153,3.6398,1,0
2022-11-07,sz.000001,1106.7496362,1116.9878382,1098.5590746,1113.9163776,1107.7734564,98808204.0,1070554832.9,0.5092,0.5545,1,0
2022-11-08,sz.000001,1114.9401978,1118.0116584,1103.6781756,1110.844917,1113.9163776,58322205.0,632835804.82,0.3005,-0.2757,1,0
2022-11-09,sz.000001,1109.8210968,1134.3927816,1107.7734564,1114.9401978,1110.844917,83210685.0,911153622.45,0.4288,0.3687,1,0
2022-11-10,sz.000001,1104.7019958,1115.964018,1094.4637938,1112.8925574,1114.9401978,55202119.0,596916589.27,0.2845,-0.1837,1,0
2022-11-11,sz.000001,1139.5118826,1193.7743532,1127.2260402,1170.2264886,1112.8925574,254507055.0,2878557391.61,1.3115,5.1518,1,0
2022-11-14,sz.000001,1197.869634,1257.2512056,1197.869634,1223.465139,1170.2264886,387208410.0,4637823413.97,1.9953,4.5494,1,0
2022-11-15,sz.000001,1214.2507572,1247.0130036,1211.1792966,1229.6080602,1223.465139,157390134.0,1891249648.05,0.8111,0.5021,1,0
2022-11-16,sz.000001,1225.5127794,1233.703341,1207.0840158,1210.1554764,1229.6080602,127869288.0,1519133931.85,0.6589,-1.582,1,0
2022-11-17,sz.000001,1209.1316562,1212.2031168,1185.5837916,1196.8458138,1210.1554764,109104716.0,1273790880.66,0.5622,-1.0998,1,0
2022-11-18,sz.000001,1201.9649148,1206.0601956,1184.5599714,1186.6076118,1196.8458138,86809329.0,1011078679.59,0.4473,-0.8554,1,0
2022-11-21,sz.000001,1175.3455896,1177.39323,1148.7262644,1173.2979492,1186.6076118,104773707.0,1189388618.26,0.5399,-1.1217,1,0
2022-11-22,sz.000001,1173.2979492,1221.4174986,1171.2503088,1210.1554764,1173.2979492,149132388.0,1748727406.58,0.7685,3.1414,1,0
2022-11-23,sz.000001,1206.0601956,1233.703341,1199.9172744,1210.1554764,1210.1554764,124765653.0,1483352651.73,0.6429,0.0,1,0
2022-11-24,sz.000001,1220.3936784,1227.5604198,1196.8458138,1205.0363754,1210.1554764,79671882.0,941002372.92,0.4106,-0.423,1,0
2022-11-25,sz.000001,1207.0840158,1252.1321046,1205.0363754,1245.9891834,1205.0363754,176072817.0,2130171604.64,0.9073,3.3985,1,0
2022-11-28,sz.000001,1218.346038,1220.3936784,1196.8458138,1209.1316562,1245.9891834,133156295.0,1568351120.17,0.6862,-2.9581,1,0
2022-11-29,sz.000001,1244.9653632,1329.9424398,1241.8939026,1329.9424398,1209.1316562,474927650.0,6026006641.97,2.4474,9.9915,1,0
2022-11-30,sz.000001,1320.728058,1365.7761468,1312.5374964,1334.0377206,1329.9424398,320962830.0,4206404173.08,1.654,0.3079,1,0
2022-12-01,sz.000001,1369.8714276,1398.5383932,1338.1330014,1341.204462,1334.0377206,200268883.0,2658203027.2,1.032,0.5372,1,0
2022-12-02,sz.000001,1345.2997428,1346.323563,1299.2278338,1320.728058,1341.204462,140420278.0,1803658762.25,0.7236,-1.5267,1,0
2022-12-05,sz.000001,1340.1806418,1389.3240114,1331.9900802,1385.2287306,1320.728058,228762742.0,3057231972.57,1.1789,4.8837,1,0
2022-12-06,sz.000001,1365.7761468,1398.5383932,1356.561765,1374.9905286,1385.2287306,125257891.0,1680593515.5,0.6455,-0.7391,1,0
2022-12-07,sz.000001,1364.7523266,1368.8476074,1334.0377206,1346.323563,1374.9905286,137737690.0,1815667663.45,0.7098,-2.0849,1,0
2022-12-08,sz.000001,1346.323563,1384.2049104,1343.2521024,1367.8237872,1346.323563,106572280.0,1422047904.5,0.5492,1.597,1,0
2022-12-09,sz.000001,1371.919068,1407.752775,1366.799967,1402.633674,1367.8237872,161583192.0,2197501648.81,0.8327,2.5449,1,0
2022-12-12,sz.000001,1390.3478316,1390.3478316,1337.1091812,1342.2282822,1402.633674,139258428.0,1848277966.6,0.7176,-4.3066,1,0
2022-12-13,sz.000001,1346.323563,1367.8237872,1345.2997428,1355.5379448,1342.2282822,90228513.0,1194285343.09,0.465,0.9916,1,0
2022-12-14,sz.000001,1354.5141246,1371.919068,1339.1568216,1354.5141246,1355.5379448,97406110.0,1287867945.07,0.5019,-0.0755,1,0
2022-12-15,sz.000001,1345.2997428,1359.6332256,1324.8233388,1341.204462,1354.5141246,83534926.0,1094434005.98,0.4305,-0.9826,1,0
2022-12-16,sz.000001,1333.0139004,1371.919068,1333.0139004,1365.7761468,1341.204462,92425167.0,1225269166.25,0.4763,1.8321,1,0
2022-12-19,sz.000001,1364.7523266,1379.0858094,1325.847159,1335.0615408,1365.7761468,103086606.0,1355435567.16,0.5312,-2.2489,1,0
2022-12-20,sz.000001,1327.8947994,1339.1568216,1297.1801934,1306.3945752,1335.0615408,89621223.0,1150630681.38,0.4618,-2.1472,1,0
2022-12-21,sz.000001,1315.608957,1329.9424398,1304.3469348,1319.7042378,1306.3945752,61458964.0,791782473.29,0.3167,1.0188,1,0
2022-12-22,sz.000001,1330.96626,1346.323563,1320.728058,1325.847159,1319.7042378,67239430.0,876159828.48,0.3465,0.4655,1,0
2022-12-23,sz.000001,1315.608957,1337.1091812,1310.489856,1328.9186196,1325.847159,56442641.0,730705958.53,0.2909,0.2317,1,0
2022-12-26,sz.000001,1329.9424398,1335.0615408,1301.2754742,1307.4183954,1328.9186196,79711987.0,1021903962.65,0.4108,-1.6179,1,0
2022-12-27,sz.000001,1317.6565974,1353.4903044,1317.6565974,1342.2282822,1307.4183954,88600412.0,1160090119.01,0.4566,2.6625,1,0
2022-12-28,sz.000001,1347.3473832,1369.8714276,1330.96626,1345.2997428,1342.2282822,79119198.0,1042402080.41,0.4077,0.2288,1,0
2022-12-29,sz.000001,1338.1330014,1344.2759226,1315.608957,1334.0377206,1345.2997428,66689009.0,865144967.1,0.3437,-0.8371,1,0
2022-12-30,sz.000001,1335.0615408,1359.6332256,1326.8709792,1347.3473832,1334.0377206,81803598.0,1074756753.75,0.4215,0.9977,1,0
2023-01-03,sz.000001,1351.442664,1417.990977,1336.085361,1409.8004154,1347.3473832,219412794.0,2971546989.04,1.1307,4.6353,1,0
2023-01-04,sz.000001,1403.6574942,1476.3487284,1395.4669326,1466.1105264,1409.8004154,218968253.0,3110729449.03,1.1284,3.9942,1,0
2023-01-05,sz.000001,1474.301088,1509.1109748,1471.2296274,1482.4916496,1466.1105264,166542518.0,2417272355.99,0.8582,1.1173,1,0
2023-01-06,sz.000001,1484.53929,1507.0633344,1482.4916496,1496.8251324,1482.4916496,119574471.0,1747915169.26,0.6162,0.9669,1,0
2023-01-09,sz.000001,1510.134795,1523.4444576,1486.5869304,1515.253896,1496.8251324,105765911.0,1561368487.3,0.545,1.2312,1,0
2023-01-10,sz.000001,1511.1586152,1524.4682778,1473.2772678,1478.3963688,1515.253896,126942339.0,1851093716.76,0.6542,-2.4324,1,0
2023-01-11,sz.000001,1479.420189,1513.2062556,1473.2772678,1501.9442334,1478.3963688,83056612.0,1217450811.64,0.428,1.5928,1,0
2023-01-12,sz.000001,1512.1824354,1512.1824354,1487.6107506,1501.9442334,1501.9442334,62569484.0,914367699.65,0.3224,0.0,1,0
2023-01-13,sz.000001,1501.9442334,1530.611199,1489.658391,1530.611199,1501.9442334,94908583.0,1407181074.29,0.4891,1.9087,1,0
2023-01-16,sz.000001,1530.611199,1564.3972656,1520.372997,1543.9208616,1530.611199,156003989.0,2356399992.83,0.8039,0.8696,1,0
2023-01-17,sz.000001,1549.0399626,1554.1590636,1512.1824354,1532.6588394,1543.9208616,93583454.0,1396151514.52,0.4823,-0.7294,1,0
2023-01-18,sz.000001,1530.611199,1554.1590636,1526.5159182,1546.9923222,1532.6588394,71843403.0,1083362997.53,0.3702,0.9352,1,0
2023-01-19,sz.000001,1549.0399626,1561.325805,1522.4206374,1544.9446818,1546.9923222,64187520.0,963744633.47,0.3308,-0.1324,1,0
2023-01-20,sz.000001,1552.1114232,1560.3019848,1535.7303,1549.0399626,1544.9446818,60859008.0,920144805.73,0.3136,0.2651,1,0
2023-01-30,sz.000001,1597.159512,1611.4929948,1524.4682778,1551.087603,1549.0399626,137431750.0,2096867649.37,0.7082,0.1322,1,0
2023-01-31,sz.000001,1560.3019848,1587.9451302,1531.6350192,1534.7064798,1551.087603,103049784.0,1568639326.21,0.531,-1.0561,1,0
2023-02-01,sz.000001,1538.8017606,1543.9208616,1485.5631102,1505.015694,1534.7064798,165342148.0,2426471972.52,0.852,-1.9346,1,0
2023-02-02,sz.000001,1509.1109748,1513.2062556,1460.9914254,1494.777492,1505.015694,157790039.0,2280744883.13,0.8131,-0.6803,1,0
2023-02-03,sz.000001,1479.420189,1489.658391,1449.7294032,1466.1105264,1494.777492,124638298.0,1782105890.79,0.6423,-1.9178,1,0
2023-02-06,sz.000001,1443.586482,1446.6579426,1419.0147972,1433.34828,1466.1105264,131761010.0,1838428709.03,0.679,-2.2346,1,0
2023-02-07,sz.000001,1439.4912012,1466.1105264,1436.4197406,1454.8485042,1433.34828,86946046.0,1235297762.54,0.448,1.5,1,0
2023-02-08,sz.000001,1457.9199648,1466.1105264,1436.4197406,1437.4435608,1454.8485042,65789257.0,928708933.85,0.339,-1.1963,1,0
2023-02-09,sz.000001,1434.3721002,1464.062886,1429.2529992,1446.6579426,1437.4435608,83035002.0,1174361963.28,0.4279,0.641,1,0
2023-02-10,sz.000001,1443.586482,1445.6341224,1419.0147972,1431.3006396,1446.6579426,84728366.0,1184283386.2,0.4366,-1.0616,1,0
2023-02-13,sz.000001,1427.2053588,1427.2053588,1392.395472,1414.9195164,1431.3006396,180005416.0,2473405202.92,0.9276,-1.1445,1,0
2023-02-14,sz.000001,1417.990977,1431.3006396,1412.871876,1429.2529992,1414.9195164,90993709.0,1263892077.72,0.4689,1.013,1,0
2023-02-15,sz.000001,1428.229179,1429.2529992,1394.4431124,1399.5622134,1429.2529992,125024398.0,1713566672.72,0.6443,-2.0774,1,0
2023-02-16,sz.000001,1400.5860336,1424.1338982,1382.15727,1392.395472,1399.5622134,127912329.0,1757431083.85,0.6592,-0.5121,1,0
2023-02-17,sz.000001,1395.4669326,1404.6813144,1374.9905286,1374.9905286,1392.395472,91836369.0,1246777397.11,0.4732,-1.25,1,0
2023-02-20,sz.000001,1382.15727,1448.705583,1381.1334498,1448.705583,1374.9905286,211619117.0,2945969773.39,1.0905,5.3611,1,0
2023-02-21,sz.000001,1439.4912012,1453.824684,1425.1577184,1443.586482,1448.705583,99049499.0,1393153377.3,0.5104,-0.3534,1,0
2023-02-22,sz.000001,1433.34828,1445.6341224,1427.2053588,1435.3959204,1443.586482,63892239.0,895742534.31,0.3292,-0.5674,1,0
2023-02-23,sz.000001,1433.34828,1466.1105264,1431.3006396,1438.467381,1435.3959204,82449068.0,1165539851.19,0.4249,0.214,1,0
2023-02-24,sz.000001,1435.3959204,1436.4197406,1412.871876,1419.0147972,1438.467381,72998904.0,1012652971.88,0.3762,-1.3523,1,0
2023-02-27,sz.000001,1407.752775,1421.0624376,1400.5860336,1401.6098538,1419.0147972,62146193.0,854854040.54,0.3202,-1.2266,1,0
2023-02-28,sz.000001,1407.752775,1417.990977,1393.4192922,1410.8242356,1401.6098538,60793592.0,833316018.45,0.3133,0.6574,1,0
2023-03-01,sz.000001,1412.871876,1452.8008638,1406.7289548,1450.7532234,1410.8242356,122345178.0,1719710647.06,0.6305,2.8302,1,0
2023-03-02,sz.000001,1446.6579426,1478.3963688,1439.4912012,1457.9199648,1450.7532234,101587684.0,1447565979.98,0.5235,0.494,1,0
2023-03-03,sz.000001,1469.181987,1471.2296274,1447.6817628,1463.0390658,1457.9199648,69095439.0,985552120.63,0.3561,0.3511,1,0
2023-03-06,sz.000001,1464.062886,1464.062886,1404.6813144,1417.990977,1463.0390658,145582414.0,2023954547.2,0.7502,-3.0791,1,0
2023-03-07,sz.000001,1417.990977,1443.586482,1397.514573,1401.6098538,1417.990977,127926629.0,1773654737.03,0.6592,-1.1552,1,0
2023-03-08,sz.000001,1395.4669326,1396.4907528,1371.919068,1385.2287306,1401.6098538,109689791.0,1479838980.07,0.5652,-1.1687,1,0
2023-03-09,sz.000001,1386.2525508,1390.3478316,1344.2759226,1351.442664,1385.2287306,173606476.0,2305765842.21,0.8946,-2.439,1,0
2023-03-10,sz.000001,1330.96626,1358.6094054,1330.96626,1345.2997428,1351.442664,85699610.0,1128558359.5,0.4416,-0.4545,1,0
2023-03-13,sz.000001,1343.2521024,1360.6570458,1330.96626,1336.085361,1345.2997428,100063496.0,1309490079.38,0.5156,-0.6849,1,0
2023-03-14,sz.000001,1329.9424398,1330.96626,1303.3231146,1317.6565974,1336.085361,114907558.0,1474124198.86,0.5921,-1.3793,1,0
2023-03-15,sz.000001,1336.085361,1349.3950236,1324.8233388,1336.085361,1317.6565974,97936372.0,1278262225.47,0.5047,1.3986,1,0
2023-03-16,sz.000001,1319.7042378,1334.0377206,1310.489856,1312.5374964,1336.085361,91679249.0,1182054433.62,0.4724,-1.7625,1,0
2023-03-17,sz.000001,1329.9424398,1335.0615408,1295.132553,1305.370755,1312.5374964,155681414.0,2000832407.83,0.8023,-0.546,1,0
2023-03-20,sz.000001,1306.3945752,1315.608957,1284.894351,1286.9419914,1305.370755,118881633.0,1505893658.68,0.6126,-1.4118,1,0
2023-03-21,sz.000001,1295.132553,1308.4422156,1279.77525,1300.251654,1286.9419914,84074317.0,1060914056.37,0.4332,1.0342,1,0
2023-03-22,sz.000001,1305.370755,1318.6804176,1301.2754742,1309.4660358,1300.251654,87669077.0,1121080753.38,0.4518,0.7087,1,0
2023-03-23,sz.000001,1300.251654,1320.728058,1293.0849126,1320.728058,1309.4660358,80430604.0,1029380497.27,0.4145,0.86,1,0
2023-03-24,sz.000001,1315.608957,1316.6327772,1306.3945752,1312.5374964,1320.728058,62151875.0,796319541.97,0.3203,-0.6202,1,0
2023-03-27,sz.000001,1310.489856,1311.5136762,1275.6799692,1290.013452,1312.5374964,100842214.0,1266945056.03,0.5197,-1.7161,1,0
2023-03-28,sz.000001,1296.1563732,1303.3231146,1284.894351,1294.1087328,1290.013452,67386843.0,851797868.56,0.3473,0.3175,1,0
2023-03-29,sz.000001,1303.3231146,1304.3469348,1279.77525,1282.8467106,1294.1087328,59606433.0,750687550.55,0.3072,-0.8703,1,0
2023-03-30,sz.000001,1284.894351,1301.2754742,1270.5608682,1298.2040136,1282.8467106,82454624.0,1035422932.01,0.4249,1.1971,1,0
2023-03-31,sz.000001,1299.2278338,1307.4183954,1280.7990702,1282.8467106,1298.2040136,86549166.0,1092263436.9,0.446,-1.183,1,0
2023-04-03,sz.000001,1284.894351,1299.2278338,1275.6799692,1297.1801934,1282.8467106,74042886.0,934285179.24,0.3816,1.1173,1,0
2023-04-04,sz.000001,1294.1087328,1302.2992944,1288.9896318,1295.132553,1297.1801934,64745722.0,817726526.95,0.3336,-0.1579,1,0
2023-04-06,sz.000001,1290.013452,1291.0372722,1279.77525,1287.9658116,1295.132553,56332130.0,706480659.58,0.2903,-0.5534,1,0
2023-04-07,sz.000001,1286.9419914,1299.2278338,1279.77525,1292.0610924,1287.9658116,60792526.0,767354796.52,0.3133,0.318,1,0
2023-04-10,sz.000001,1294.1087328,1300.251654,1287.9658116,1298.2040136,1292.0610924,64018181.0,809943147.62,0.3299,0.4754,1,0
2023-04-11,sz.000001,1300.251654,1302.2992944,1281.8228904,1283.8705308,1298.2040136,77777962.0,978302907.79,0.4008,-1.1041,1,0
2023-04-12,sz.000001,1287.9658116,1288.9896318,1274.656149,1277.7276096,1283.8705308,90995706.0,1136997696.14,0.4689,-0.4785,1,0
2023-04-13,sz.000001,1270.5608682,1297.1801934,1259.298846,1285.9181712,1277.7276096,113159146.0,1413919037.13,0.5831,0.641,1,0
2023-04-14,sz.000001,1290.013452,1320.728058,1287.9658116,1299.2278338,1285.9181712,129799484.0,1653539530.91,0.6689,1.035,1,0
2023-04-17,sz.000001,1296.1563732,1324.8233388,1290.013452,1323.7995186,1299.2278338,130421259.0,1669357649.18,0.6721,1.8913,1,0
2023-04-18,sz.000001,1323.7995186,1351.442664,1319.7042378,1330.96626,1323.7995186,153893615.0,2009934874.59,0.793,0.5414,1,0
2023-04-19,sz.000001,1333.0139004,1338.1330014,1313.5613166,1315.608957,1330.96626,101437815.0,1309536001.8,0.5227,-1.1538,1,0
2023-04-20,sz.000001,1320.728058,1320.728058,1292.0610924,1305.370755,1315.608957,81178841.0,1033330703.78,0.4183,-0.7782,1,0
2023-04-21,sz.000001,1300.251654,1313.5613166,1277.7276096,1279.77525,1305.370755,91866839.0,1160509766.03,0.4734,-1.9608,1,0
2023-04-24,sz.000001,1277.7276096,1279.77525,1231.6557006,1238.822442,1279.77525,146767192.0,1798133966.92,0.7563,-3.2,1,0
2023-04-25,sz.000001,1242.9177228,1266.4655874,1240.8700824,1257.2512056,1238.822442,130190082.0,1595320169.74,0.6709,1.4876,1,0
2023-04-26,sz.000001,1254.179745,1254.179745,1227.5604198,1240.8700824,1257.2512056,99126040.0,1197555724.16,0.5108,-1.3029,1,0
2023-04-27,sz.000001,1234.7271612,1264.417947,1228.58424,1255.2035652,1240.8700824,100409337.0,1222755932.37,0.5174,1.1551,1,0
2023-04-28,sz.000001,1255.2035652,1308.4422156,1251.1082844,1284.894351,1255.2035652,144525434.0,1816868032.98,0.7448,2.3654,1,0
2023-05-04,sz.000001,1269.537048,1313.5613166,1248.0368238,1303.3231146,1284.894351,147826438.0,1863146144.16,0.7618,1.4343,1,0
2023-05-05,sz.000001,1308.4422156,1342.2282822,1305.370755,1321.7518782,1303.3231146,176218865.0,2283981032.07,0.9081,1.414,1,0
2023-05-08,sz.000001,1324.8233388,1381.1334498,1314.5851368,1363.7285064,1321.7518782,263071861.0,3478891629.35,1.3557,3.1758,1,0
2023-05-09,sz.000001,1371.919068,1392.395472,1344.2759226,1347.3473832,1363.7285064,242253445.0,3238716470.97,1.2484,-1.2012,1,0
2023-05-10,sz.000001,1348.3712034,1357.5855852,1310.489856,1314.5851368,1347.3473832,123705339.0,1600189994.17,0.6375,-2.4316,1,0
2023-05-11,sz.000001,1325.847159,1343.2521024,1310.489856,1315.608957,1314.5851368,90375844.0,1166479364.89,0.4657,0.0779,1,0
2023-05-12,sz.000001,1312.5374964,1317.6565974,1291.0372722,1292.0610924,1315.608957,88560368.0,1124579090.54,0.4564,-1.7899,1,0
2023-05-15,sz.000001,1298.2040136,1315.608957,1274.656149,1313.5613166,1292.0610924,92832563.0,1173804243.15,0.4784,1.664,1,0
2023-05-16,sz.000001,1310.489856,1322.7756984,1286.9419914,1292.0610924,1313.5613166,99830169.0,1267712090.05,0.5144,-1.6368,1,0
2023-05-17,sz.000001,1287.9658116,1294.1087328,1273.6323288,1278.7514298,1292.0610924,75462120.0,945315193.07,0.3889,-1.0301,1,0
2023-05-18,sz.000001,1286.9419914,1294.1087328,1272.6085086,1278.7514298,1278.7514298,68718687.0,861347534.32,0.3541,0.0,1,0
2023-05-19,sz.000001,1272.6085086,1273.6323288,1261.3464864,1263.3941268,1278.7514298,68841368.0,851165593.52,0.3548,-1.201,1,0
2023-05-22,sz.000001,1260.3226662,1274.656149,1260.3226662,1267.4894076,1263.3941268,54932785.0,679754868.04,0.2831,0.3241,1,0
2023-05-23,sz.000001,1267.4894076,1270.5608682,1250.0844642,1250.0844642,1267.4894076,69436436.0,852871175.23,0.3578,-1.3732,1,0
2023-05-24,sz.000001,1249.060644,1250.0844642,1229.6080602,1229.6080602,1250.0844642,82425088.0,996600577.63,0.4248,-1.638,1,0
2023-05-25,sz.000001,1227.5604198,1228.58424,1209.1316562,1221.4174986,1229.6080602,88274430.0,1050002541.88,0.4549,-0.6661,1,0
2023-05-26,sz.000001,1221.4174986,1241.8939026,1212.2031168,1238.822442,1221.4174986,51142864.0,613772897.17,0.2635,1.425,1,0
2023-05-29,sz.000001,1239.8462622,1241.8939026,1223.465139,1226.5365996,1238.822442,56607382.0,680275577.83,0.2917,-0.9917,1,0
2023-05-30,sz.000001,1226.5365996,1227.5604198,1208.107836,1215.2745774,1226.5365996,76399692.0,906316373.61,0.3937,-0.9182,1,0
2023-05-31,sz.000001,1210.1554764,1212.2031168,1185.5837916,1187.631432,1215.2745774,117958671.0,1376758356.68,0.6079,-2.2746,1,0
2023-06-01,sz.000001,1187.631432,1195.8219936,1177.39323,1186.6076118,1187.631432,74302293.0,861646489.19,0.3829,-0.0862,1,0
2023-06-02,sz.000001,1195.8219936,1225.5127794,1191.7267128,1221.4174986,1186.6076118,122184253.0,1446502669.25,0.6296,2.9336,1,0
2023-06-05,sz.000001,1216.2983976,1228.58424,1210.1554764,1219.3698582,1221.4174986,52184619.0,620531416.42,0.2689,-0.1676,1,0
2023-06-06,sz.000001,1219.3698582,1237.7986218,1210.1554764,1212.2031168,1219.3698582,83327347.0,997039311.52,0.4294,-0.5877,1,0
2023-06-07,sz.000001,1217.3222178,1235.7509814,1216.2983976,1222.4413188,1212.2031168,64369784.0,770386878.47,0.3317,0.8446,1,0
2023-06-08,sz.000001,1224.4889592,1249.060644,1214.2507572,1240.8700824,1222.4413188,86939712.0,1048266235.89,0.448,1.5075,1,0
2023-06-09,sz.000001,1234.7271612,1237.7986218,1213.226937,1216.2983976,1240.8700824,131528476.0,1566929273.97,0.6778,-1.9802,1,0
2023-06-12,sz.000001,1210.1554764,1218.346038,1204.0125552,1207.0840158,1216.2983976,75874703.0,896015708.76,0.391,-0.7576,1,0
2023-06-13,sz.000001,1204.0125552,1212.2031168,1196.8458138,1205.0363754,1207.0840158,84998805.0,1000183566.92,0.438,-0.1696,1,0
2023-06-14,sz.000001,1211.327964,1230.2058024,1201.8890448,1202.9378136,1205.0353512,106920004.0,1237376775.64,0.551,-0.1741,1,0
2023-06-15,sz.000001,1205.0353512,1219.7181144,1194.5476632,1217.6205768,1202.9378136,92530056.0,1064567231.22,0.4768,1.2206,1,0
2023-06-16,sz.000001,1217.6205768,1223.9131896,1213.4255016,1219.7181144,1217.6205768,84203365.0,978869317.29,0.4339,0.1723,1,0
2023-06-19,sz.000001,1219.7181144,1219.7181144,1196.6452008,1200.840276,1219.7181144,95399707.0,1096351096.71,0.4916,-1.5477,1,0
2023-06-20,sz.000001,1199.7915072,1201.8890448,1190.352588,1191.4013568,1200.840276,54455079.0,620374307.69,0.2806,-0.786,1,0
2023-06-21,sz.000001,1191.4013568,1203.9865824,1189.3038192,1190.352588,1191.4013568,61658296.0,703681563.97,0.3177,-0.088,1,0
2023-06-26,sz.000001,1185.108744,1185.108744,1169.377212,1172.5235184,1190.352588,67657743.0,757975991.51,0.3487,-1.4978,1,0
2023-06-27,sz.000001,1174.621056,1187.2062816,1171.4747496,1183.0112064,1172.5235184,46170178.0,519520687.33,0.2379,0.8945,1,0
2023-06-28,sz.000001,1183.0112064,1188.2550504,1176.7185936,1185.108744,1183.0112064,36539644.0,412039353.93,0.1883,0.1773,1,0
2023-06-29,sz.000001,1184.0599752,1184.0599752,1171.4747496,1172.5235184,1185.108744,48590630.0,544534825.51,0.2504,-1.0619,1,0
2023-06-30,sz.000001,1172.5235184,1186.1575128,1169.377212,1177.7673624,1172.5235184,51905258.0,583494654.79,0.2675,0.4472,1,0
2023-07-03,sz.000001,1178.8161312,1209.2304264,1177.7673624,1205.0353512,1177.7673624,88509071.0,1009887428.65,0.4561,2.3152,1,0
2023-07-04,sz.000001,1201.8890448,1205.0353512,1187.2062816,1195.596432,1205.0353512,61630056.0,701885269.78,0.3176,-0.7833,1,0
2023-07-05,sz.000001,1191.4013568,1195.596432,1185.108744,1189.3038192,1195.596432,42348240.0,479726282.47,0.2182,-0.5263,1,0
2023-07-06,sz.000001,1185.108744,1189.3038192,1175.6698248,1178.8161312,1189.3038192,59709591.0,672396816.4,0.3077,-0.8818,1,0
2023-07-07,sz.000001,1174.621056,1181.9624376,1172.5235184,1174.621056,1178.8161312,48444083.0,543212455.87,0.2496,-0.3559,1,0
2023-07-10,sz.000001,1179.8649,1183.0112064,1171.4747496,1174.621056,1174.621056,49588228.0,556581581.65,0.2555,0.0,1,0
2023-07-11,sz.000001,1176.7185936,1180.9136688,1173.5722872,1175.6698248,1174.621056,57080909.0,640131787.1,0.2941,0.0893,1,0
2023-07-12,sz.000001,1177.7673624,1191.4013568,1176.7185936,1178.8161312,1175.6698248,73608367.0,830230820.88,0.3793,0.2676,1,0
2023-07-13,sz.000001,1187.2062816,1202.9378136,1181.9624376,1198.7427384,1178.8161312,112422973.0,1281848378.91,0.5793,1.6904,1,0
2023-07-14,sz.000001,1198.7427384,1211.327964,1195.596432,1201.8890448,1198.7427384,71914699.0,825295738.24,0.3706,0.2625,1,0
2023-07-17,sz.000001,1196.6452008,1196.6452008,1180.9136688,1186.1575128,1201.8890448,60834258.0,687262893.86,0.3135,-1.3089,1,0
2023-07-18,sz.000001,1184.0599752,1187.2062816,1176.7185936,1179.8649,1186.1575128,47196618.0,531299772.68,0.2432,-0.5305,1,0
2023-07-19,sz.000001,1177.7673624,1187.2062816,1177.7673624,1186.1575128,1179.8649,38219596.0,430771279.03,0.197,0.5333,1,0
2023-07-20,sz.000001,1188.2550504,1199.7915072,1184.0599752,1187.2062816,1186.1575128,55406957.0,629696111.29,0.2855,0.0884,1,0
2023-07-21,sz.000001,1186.1575128,1194.5476632,1183.0112064,1189.3038192,1187.2062816,37710256.0,427375950.49,0.1943,0.1767,1,0
2023-07-24,sz.000001,1188.2550504,1188.2550504,1178.8161312,1180.9136688,1189.3038192,42685218.0,480713395.7,0.22,-0.7055,1,0
2023-07-25,sz.000001,1200.840276,1230.2058024,1199.7915072,1229.1570336,1180.9136688,203295819.0,2358815159.63,1.0476,4.0853,1,0
2023-07-26,sz.000001,1221.815652,1231.2545712,1212.3767328,1223.9131896,1229.1570336,75166268.0,875260135.14,0.3873,-0.4266,1,0
2023-07-27,sz.000001,1224.9619584,1244.8885656,1221.815652,1232.30334,1223.9131896,111519586.0,1314228293.84,0.5747,0.6855,1,0
2023-07-28,sz.000001,1226.0107272,1289.985624,1223.9131896,1285.7905488,1232.30334,234701346.0,2839828236.62,1.2095,4.3404,1,0
2023-07-31,sz.000001,1289.985624,1310.961,1282.6442424,1292.0831616,1285.7905488,185495239.0,2288940410.58,0.9559,0.4894,1,0
2023-08-01,sz.000001,1285.7905488,1297.3270056,1272.1565544,1275.3028608,1292.0831616,95773478.0,1169570704.83,0.4935,-1.2987,1,0
2023-08-02,sz.000001,1264.8151728,1283.6930112,1251.1811784,1261.6688664,1275.3028608,111590004.0,1343864165.36,0.575,-1.0691,1,0
2023-08-03,sz.000001,1257.4737912,1297.3270056,1253.278716,1293.1319304,1261.6688664,117584771.0,1433255493.11,0.6059,2.4938,1,0
2023-08-04,sz.000001,1302.5708496,1314.1073064,1280.5467048,1289.985624,1293.1319304,130313102.0,1611435431.36,0.6715,-0.2433,1,0
2023-08-07,sz.000001,1280.5467048,1284.74178,1271.1077856,1275.3028608,1289.985624,64691326.0,786506452.16,0.3334,-1.1382,1,0
2023-08-08,sz.000001,1271.1077856,1280.5467048,1258.52256,1269.010248,1275.3028608,72570456.0,877489187.97,0.374,-0.4934,1,0
2023-08-09,sz.000001,1264.8151728,1279.497936,1263.766404,1276.3516296,1269.010248,57760774.0,702060796.64,0.2977,0.5785,1,0
2023-08-10,sz.000001,1274.254092,1280.5467048,1264.8151728,1275.3028608,1276.3516296,47559453.0,577123919.68,0.2451,-0.0822,1,0
2023-08-11,sz.000001,1276.3516296,1286.8393176,1246.9861032,1246.9861032,1275.3028608,94353857.0,1132867239.31,0.4862,-2.2204,1,0
2023-08-14,sz.000001,1233.3521088,1235.4496464,1215.5230392,1223.9131896,1246.9861032,97592018.0,1139185249.46,0.5029,-1.8503,1,0
2023-08-15,sz.000001,1226.0107272,1237.547184,1216.571808,1230.2058024,1223.9131896,71281277.0,834163039.6,0.3673,0.5141,1,0
2023-08-16,sz.000001,1223.9131896,1242.791028,1217.6205768,1230.2058024,1230.2058024,57290437.0,671706045.36,0.2952,0.0,1,0
2023-08-17,sz.000001,1223.9131896,1227.059496,1201.8890448,1213.4255016,1230.2058024,96505775.0,1116292661.67,0.4973,-1.364,1,0
2023-08-18,sz.000001,1214.4742704,1231.2545712,1209.2304264,1212.3767328,1213.4255016,65981885.0,767047286.89,0.34,-0.0864,1,0
2023-08-21,sz.000001,1212.3767328,1214.4742704,1187.2062816,1187.2062816,1212.3767328,70149785.0,799641423.76,0.3615,-2.0761,1,0
2023-08-22,sz.000001,1193.4988944,1200.840276,1186.1575128,1192.4501256,1187.2062816,60680809.0,689991238.06,0.3127,0.4417,1,0
2023-08-23,sz.000001,1190.352588,1197.6939696,1178.8161312,1179.8649,1192.4501256,69180998.0,783102827.23,0.3565,-1.0554,1,0
2023-08-24,sz.000001,1184.0599752,1187.2062816,1158.889524,1167.2796744,1179.8649,129127070.0,1439197083.69,0.6654,-1.0667,1,0
2023-08-25,sz.000001,1164.133368,1188.2550504,1162.0358304,1177.7673624,1167.2796744,84534992.0,946760250.6,0.4356,0.8985,1,0
2023-08-28,sz.000001,1241.7422592,1251.1811784,1205.0353512,1208.1816576,1177.7673624,199760987.0,2336205800.56,1.0294,2.5824,1,0
2023-08-29,sz.000001,1202.9378136,1205.0353512,1167.2796744,1186.1575128,1208.1816576,196496143.0,2217588610.12,1.0126,-1.8229,1,0
2023-08-30,sz.000001,1181.9624376,1181.9624376,1167.2796744,1167.2796744,1186.1575128,137563829.0,1537573550.57,0.7089,-1.5915,1,0
2023-08-31,sz.000001,1168.3284432,1176.7185936,1166.2309056,1167.2796744,1167.2796744,80647403.0,900123574.83,0.4156,0.0,1,0
2023-09-01,sz.000001,1173.5722872,1191.4013568,1173.5722872,1187.2062816,1167.2796744,113870483.0,1285169019.19,0.5868,1.7071,1,0
2023-09-04,sz.000001,1190.352588,1215.5230392,1188.2550504,1212.3767328,1187.2062816,141002923.0,1621769196.4,0.7266,2.1201,1,0
2023-09-05,sz.000001,1206.08412,1207.1328888,1191.4013568,1194.5476632,1212.3767328,80417716.0,917888858.57,0.4144,-1.4706,1,0
2023-09-06,sz.000001,1188.2550504,1201.8890448,1185.108744,1198.7427384,1194.5476632,63484051.0,721905681.98,0.3271,0.3512,1,0
2023-09-07,sz.000001,1195.596432,1199.7915072,1187.2062816,1188.2550504,1198.7427384,54004157.0,613812175.91,0.2783,-0.8749,1,0
2023-09-08,sz.000001,1183.0112064,1187.2062816,1177.7673624,1181.9624376,1188.2550504,47902967.0,539624962.82,0.2469,-0.5296,1,0
2023-09-11,sz.000001,1185.108744,1195.596432,1181.9624376,1189.3038192,1181.9624376,65448558.0,741764911.22,0.3373,0.6211,1,0
2023-09-12,sz.000001,1190.352588,1190.352588,1179.8649,1183.0112064,1189.3038192,49548506.0,559058535.52,0.2553,-0.5291,1,0
2023-09-13,sz.000001,1184.0599752,1187.2062816,1175.6698248,1179.8649,1183.0112064,49021797.0,551747627.68,0.2526,-0.266,1,0
2023-09-14,sz.000001,1183.0112064,1188.2550504,1179.8649,1184.0599752,1179.8649,55165017.0,622906052.62,0.2843,0.3556,1,0
2023-09-15,sz.000001,1190.352588,1195.596432,1174.621056,1176.7185936,1184.0599752,89047613.0,1005529160.77,0.4589,-0.62,1,0
2023-09-18,sz.000001,1176.7185936,1178.8161312,1168.3284432,1177.7673624,1176.7185936,50132501.0,561449769.63,0.2583,0.0891,1,0
2023-09-19,sz.000001,1176.7185936,1177.7673624,1170.4259808,1175.6698248,1177.7673624,50366432.0,564044044.21,0.2595,-0.1781,1,0
2023-09-20,sz.000001,1174.621056,1176.7185936,1169.377212,1169.377212,1175.6698248,55887241.0,624785494.94,0.288,-0.5352,1,0
2023-09-21,sz.000001,1168.3284432,1168.3284432,1157.8407552,1158.889524,1169.377212,84393011.0,934673193.87,0.4349,-0.8969,1,0
2023-09-22,sz.000001,1156.7919864,1179.8649,1156.7919864,1178.8161312,1158.889524,91148430.0,1017137921.82,0.4697,1.7195,1,0
2023-09-25,sz.000001,1178.8161312,1187.2062816,1173.5722872,1176.7185936,1178.8161312,76121125.0,856022502.11,0.3923,-0.1779,1,0
2023-09-26,sz.000001,1176.7185936,1180.9136688,1168.3284432,1170.4259808,1176.7185936,44498035.0,497885810.84,0.2293,-0.5348,1,0
2023-09-27,sz.000001,1169.377212,1176.7185936,1169.377212,1171.4747496,1170.4259808,49031061.0,547905820.77,0.2527,0.0896,1,0
2023-09-28,sz.000001,1173.5722872,1178.8161312,1172.5235184,1174.621056,1171.4747496,52069678.0,583649730.04,0.2683,0.2686,1,0
2023-10-09,sz.000001,1170.4259808,1171.4747496,1159.9382928,1165.1821368,1174.621056,69582809.0,772959353.15,0.3586,-0.8036,1,0
2023-10-10,sz.000001,1173.5722872,1174.621056,1155.7432176,1155.7432176,1165.1821368,82074851.0,910160341.9,0.4229,-0.8101,1,0
2023-10-11,sz.000001,1163.0845992,1163.0845992,1149.4506048,1151.5481424,1155.7432176,72411569.0,797663827.0,0.3731,-0.363,1,0
2023-10-12,sz.000001,1165.1821368,1170.4259808,1157.8407552,1165.1821368,1151.5481424,85305750.0,947562324.75,0.4396,1.184,1,0
2023-10-13,sz.000001,1156.7919864,1160.9870616,1148.401836,1153.64568,1165.1821368,68448308.0,753110725.51,0.3527,-0.9901,1,0
2023-10-16,sz.000001,1153.64568,1156.7919864,1148.401836,1154.6944488,1153.64568,50162432.0,550988719.63,0.2585,0.0909,1,0
2023-10-17,sz.000001,1154.6944488,1158.889524,1149.4506048,1155.7432176,1154.6944488,49352505.0,543170900.73,0.2543,0.0908,1,0
2023-10-18,sz.000001,1152.5969112,1155.7432176,1144.2067608,1148.401836,1155.7432176,65182492.0,713979896.11,0.3359,-0.6352,1,0
2023-10-19,sz.000001,1144.2067608,1145.2555296,1110.6461592,1111.694928,1148.401836,118896083.0,1271914676.53,0.6127,-3.1963,1,0
2023-10-20,sz.000001,1106.451084,1119.0363096,1102.2560088,1111.694928,1111.694928,52613912.0,557618632.37,0.2711,0.0,1,0
2023-10-23,sz.000001,1110.6461592,1111.694928,1093.8658584,1101.20724,1111.694928,53040448.0,557032228.65,0.2733,-0.9434,1,0
2023-10-24,sz.000001,1105.4023152,1112.7436968,1094.9146272,1106.451084,1101.20724,76065269.0,801528403.67,0.392,0.4762,1,0
2023-10-25,sz.000001,1102.2560088,1105.4023152,1086.5244768,1088.6220144,1106.451084,141144968.0,1470971923.59,0.7273,-1.6114,1,0
2023-10-26,sz.000001,1081.2806328,1092.8170896,1080.231864,1091.7683208,1088.6220144,59999147.0,621915276.9,0.3092,0.289,1,0
2023-10-27,sz.000001,1088.6220144,1099.1097024,1083.3781704,1095.963396,1091.7683208,91977136.0,957587534.43,0.474,0.3842,1,0
2023-10-30,sz.000001,1090.719552,1098.0609336,1085.475708,1095.963396,1095.963396,80568955.0,837646002.04,0.4152,0.0,1,0
2023-10-31,sz.000001,1093.8658584,1100.1584712,1091.7683208,1097.0121648,1095.963396,65285523.0,682212137.64,0.3364,0.0957,1,0
2023-11-01,sz.000001,1106.451084,1107.4998528,1095.963396,1099.1097024,1097.0121648,56730035.0,595211885.0,0.2923,0.1912,1,0
2023-11-02,sz.000001,1101.20724,1111.694928,1098.0609336,1099.1097024,1099.1097024,61942995.0,652316669.93,0.3192,0.0,1,0
2023-11-03,sz.000001,1100.1584712,1103.3047776,1093.8658584,1099.1097024,1099.1097024,70546347.0,738879704.3,0.3635,0.0,1,0
2023-11-06,sz.000001,1102.2560088,1121.1338472,1102.2560088,1121.1338472,1099.1097024,100706221.0,1069206837.68,0.519,2.0038,1,0
2023-11-07,sz.000001,1117.9875408,1117.9875408,1109.5973904,1111.694928,1121.1338472,64086612.0,679815569.19,0.3302,-0.8419,1,0
2023-11-08,sz.000001,1109.5973904,1111.694928,1095.963396,1101.20724,1111.694928,87781875.0,923622008.11,0.4524,-0.9434,1,0
2023-11-09,sz.000001,1097.0121648,1103.3047776,1093.8658584,1100.1584712,1101.20724,63913648.0,669639052.44,0.3294,-0.0952,1,0
2023-11-10,sz.000001,1095.963396,1098.0609336,1079.1830952,1080.231864,1100.1584712,104504417.0,1080649733.98,0.5385,-1.8112,1,0
2023-11-13,sz.000001,1081.2806328,1083.3781704,1071.8417136,1074.98802,1080.231864,77004310.0,789007117.83,0.3968,-0.4854,1,0
2023-11-14,sz.000001,1073.9392512,1083.3781704,1072.8904824,1077.0855576,1074.98802,59685888.0,613377697.97,0.3076,0.1951,1,0
2023-11-15,sz.000001,1087.5732456,1095.963396,1084.4269392,1087.5732456,1077.0855576,110914015.0,1152154780.34,0.5716,0.9737,1,0
2023-11-16,sz.000001,1088.6220144,1089.6707832,1072.8904824,1073.9392512,1087.5732456,92262194.0,948395097.33,0.4754,-1.2536,1,0
2023-11-17,sz.000001,1071.8417136,1074.98802,1061.3540256,1064.500332,1073.9392512,90336217.0,917616681.28,0.4655,-0.8789,1,0
2023-11-20,sz.000001,1064.500332,1071.8417136,1059.256488,1068.6954072,1064.500332,63952831.0,650077370.01,0.3296,0.3941,1,0
2023-11-21,sz.000001,1072.8904824,1085.475708,1071.8417136,1078.1343264,1068.6954072,104116573.0,1072311504.28,0.5365,0.8832,1,0
2023-11-22,sz.000001,1076.0367888,1081.2806328,1063.4515632,1065.5491008,1078.1343264,73748951.0,753064757.94,0.38,-1.1673,1,0
2023-11-23,sz.000001,1064.500332,1065.5491008,1056.1101816,1064.500332,1065.5491008,84665587.0,855904311.98,0.4363,-0.0984,1,0
2023-11-24,sz.000001,1060.3052568,1062.4027944,1057.1589504,1059.256488,1064.500332,68469456.0,691423444.34,0.3528,-0.4926,1,0
2023-11-27,sz.000001,1058.2077192,1058.2077192,1045.6224936,1049.8175688,1059.256488,83618785.0,836268368.75,0.4309,-0.8911,1,0
2023-11-28,sz.000001,1047.7200312,1050.8663376,1043.524956,1043.524956,1049.8175688,78617469.0,784405804.65,0.4051,-0.5994,1,0
2023-11-29,sz.000001,1043.524956,1045.6224936,1017.305736,1019.4032736,1043.524956,146759662.0,1438320264.11,0.7563,-2.3116,1,0
2023-11-30,sz.000001,1016.2569672,1020.4520424,1008.9155856,1015.2081984,1019.4032736,90176457.0,871481712.43,0.4647,-0.4115,1,0
2023-12-01,sz.000001,1012.061892,1015.2081984,1004.7205104,1013.1106608,1015.2081984,77805699.0,749668363.85,0.4009,-0.2066,1,0
2023-12-04,sz.000001,1014.1594296,1015.2081984,1007.8668168,1009.9643544,1013.1106608,60543785.0,583664338.41,0.312,-0.3106,1,0
2023-12-05,sz.000001,1007.8668168,1008.9155856,993.1840536,994.2328224,1009.9643544,78737848.0,750961219.91,0.4057,-1.5576,1,0
2023-12-06,sz.000001,990.0377472,1003.6717416,985.842672,996.33036,994.2328224,75305592.0,714029468.7,0.3881,0.211,1,0
2023-12-07,sz.000001,995.2815912,995.2815912,983.7451344,990.0377472,996.33036,58538019.0,552224831.17,0.3017,-0.6316,1,0
2023-12-08,sz.000001,986.8914408,991.086516,975.354984,975.354984,990.0377472,102115150.0,957664580.59,0.5262,-1.4831,1,0
2023-12-11,sz.000001,966.9648336,983.7451344,957.5259144,980.598828,975.354984,113366281.0,1044765734.9,0.5842,0.5376,1,0
2023-12-12,sz.000001,976.4037528,996.33036,975.354984,987.9402096,980.598828,85501642.0,805067628.46,0.4406,0.7487,1,0
2023-12-13,sz.000001,983.7451344,984.7939032,959.623452,960.6722208,987.9402096,106130165.0,981001231.48,0.5469,-2.7601,1,0
2023-12-14,sz.000001,965.9160648,973.2574464,959.623452,959.623452,960.6722208,74290056.0,683211465.8,0.3828,-0.1092,1,0
2023-12-15,sz.000001,964.867296,980.598828,963.8185272,965.9160648,959.623452,98893942.0,915126127.17,0.5096,0.6557,1,0
2023-12-18,sz.000001,962.7697584,969.0623712,953.3308392,957.5259144,965.9160648,65442562.0,599379044.02,0.3372,-0.8686,1,0
2023-12-19,sz.000001,956.4771456,961.7209896,951.2333016,954.379608,957.5259144,64407088.0,586716664.28,0.3319,-0.3286,1,0
2023-12-20,sz.000001,955.4283768,959.623452,947.0382264,947.0382264,954.379608,71563363.0,650511342.87,0.3688,-0.7692,1,0
2023-12-21,sz.000001,944.9406888,963.8185272,942.8431512,961.7209896,947.0382264,101704676.0,925407072.91,0.5241,1.5504,1,0
2023-12-22,sz.000001,963.8185272,973.2574464,955.4283768,964.867296,961.7209896,100564502.0,924998769.19,0.5182,0.3272,1,0
2023-12-25,sz.000001,962.7697584,964.867296,958.5746832,963.8185272,964.867296,41397088.0,379638233.73,0.2133,-0.1087,1,0
2023-12-26,sz.000001,963.8185272,964.867296,951.2333016,954.379608,963.8185272,54189633.0,493746622.76,0.2792,-0.9793,1,0
2023-12-27,sz.000001,954.379608,957.5259144,945.9894576,956.4771456,954.379608,64153435.0,582036660.68,0.3306,0.2198,1,0
2023-12-28,sz.000001,955.4283768,993.1840536,952.2820704,991.086516,956.4771456,166159184.0,1550256590.59,0.8562,3.6184,1,0
2023-12-29,sz.000001,987.9402096,994.2328224,980.598828,984.7939032,991.086516,85385279.0,803196743.82,0.44,-0.6349,1,0
2024-01-02,sz.000001,984.7939032,987.9402096,965.9160648,965.9160648,984.7939032,115836645.0,1075742252.45,0.5969,-1.9169,1,0
2024-01-03,sz.000001,963.8185272,966.9648336,959.623452,964.867296,965.9160648,73361031.0,673673613.54,0.378,-0.1086,1,0
2024-01-04,sz.000001,963.8185272,963.8185272,952.2820704,955.4283768,964.867296,86419399.0,787470082.37,0.4453,-0.9783,1,0
2024-01-05,sz.000001,954.379608,990.0377472,951.2333016,972.2086776,955.4283768,199162216.0,1852659692.14,1.0263,1.7563,1,0
2024-01-08,sz.000001,968.0136024,975.354984,955.4283768,959.623452,972.2086776,112115619.0,1029006548.73,0.5778,-1.2945,1,0
2024-01-09,sz.000001,960.6722208,963.8185272,953.3308392,962.7697584,959.623452,76619388.0,700375720.2,0.3948,0.3279,1,0
2024-01-10,sz.000001,960.6722208,963.8185272,953.3308392,953.3308392,962.7697584,85862091.0,783771150.01,0.4425,-0.9804,1,0
2024-01-11,sz.000001,952.2820704,966.9648336,947.0382264,961.7209896,953.3308392,93468637.0,853890237.29,0.4817,0.8801,1,0
2024-01-12,sz.000001,957.5259144,972.2086776,955.4283768,963.8185272,961.7209896,77258215.0,711018266.07,0.3981,0.2181,1,0
2024-01-15,sz.000001,960.6722208,974.3062152,957.5259144,965.9160648,963.8185272,74513266.0,685950951.45,0.384,0.2176,1,0
2024-01-16,sz.000001,963.8185272,980.598828,960.6722208,979.5500592,965.9160648,143831258.0,1334465408.53,0.7412,1.4115,1,0
2024-01-17,sz.000001,978.5012904,984.7939032,968.0136024,968.0136024,979.5500592,148229621.0,1380725065.03,0.7639,-1.1777,1,0
2024-01-18,sz.000001,965.9160648,969.0623712,943.89192,964.867296,968.0136024,175513247.0,1597853726.63,0.9044,-0.325,1,0
2024-01-19,sz.000001,960.6722208,964.867296,954.379608,961.7209896,964.867296,96398142.0,881865023.89,0.4968,-0.3261,1,0
2024-01-22,sz.000001,960.6722208,971.1599088,948.0869952,954.379608,961.7209896,158031966.0,1449858241.68,0.8144,-0.7634,1,0
2024-01-23,sz.000001,949.135764,962.7697584,939.6968448,960.6722208,954.379608,113554458.0,1030898421.04,0.5852,0.6593,1,0
2024-01-24,sz.000001,968.0136024,979.5500592,951.2333016,978.5012904,960.6722208,175912316.0,1620099272.06,0.9065,1.8559,1,0
2024-01-25,sz.000001,978.5012904,1000.5254352,972.2086776,996.33036,978.5012904,216251395.0,2037648413.07,1.1144,1.8221,1,0
2024-01-26,sz.000001,993.1840536,1014.1594296,990.0377472,1008.9155856,996.33036,227228706.0,2172799799.01,1.1709,1.2632,1,0
2024-01-29,sz.000001,1016.2569672,1036.1835744,1004.7205104,1017.305736,1008.9155856,237625184.0,2312173346.33,1.2245,0.8316,1,0
2024-01-30,sz.000001,1007.8668168,1017.305736,995.2815912,996.33036,1017.305736,157912214.0,1515156603.96,0.8137,-2.0619,1,0
2024-01-31,sz.000001,992.1352848,1002.6229728,983.7451344,992.1352848,996.33036,135721747.0,1286857396.81,0.6994,-0.4211,1,0
2024-02-01,sz.000001,986.8914408,994.2328224,979.5500592,986.8914408,992.1352848,105525987.0,993481907.01,0.5438,-0.5285,1,0
2024-02-02,sz.000001,987.9402096,993.1840536,951.2333016,972.2086776,986.8914408,163421431.0,1520605694.69,0.8421,-1.4878,1,0
2024-02-05,sz.000001,963.8185272,988.9889784,955.4283768,983.7451344,972.2086776,180359190.0,1674566499.46,0.9294,1.1866,1,0
2024-02-06,sz.000001,975.354984,1015.2081984,974.3062152,1015.2081984,983.7451344,199540954.0,1900324218.2,1.0283,3.1983,1,0
2024-02-07,sz.000001,1008.9155856,1014.1594296,994.2328224,1007.8668168,1015.2081984,206201497.0,1975435102.12,1.0626,-0.7231,1,0
2024-02-08,sz.000001,1004.7205104,1014.1594296,998.4278976,1014.1594296,1007.8668168,165681384.0,1593505690.13,0.8538,0.6243,1,0
2024-02-19,sz.000001,1023.5983488,1028.8421928,1012.061892,1028.8421928,1014.1594296,160524265.0,1564088444.93,0.8272,1.4478,1,0
2024-02-20,sz.000001,1026.7446552,1031.9884992,1020.4520424,1029.8909616,1028.8421928,112356398.0,1098987813.26,0.579,0.1019,1,0
2024-02-21,sz.000001,1025.6958864,1132.670304,1024.6471176,1132.670304,1029.8909616,505528460.0,5295259396.81,2.6051,9.9796,1,0
2024-02-22,sz.000001,1116.938772,1144.2067608,1113.7924656,1143.157992,1132.670304,492232512.0,5307736374.06,2.5366,0.9259,1,0
2024-02-23,sz.000001,1141.0604544,1178.8161312,1136.8653792,1137.914148,1143.157992,356747950.0,3917316281.52,1.8384,-0.4587,1,0
2024-02-26,sz.000001,1130.5727664,1141.0604544,1101.20724,1104.3535464,1137.914148,286260888.0,3048205024.78,1.4751,-2.9493,1,0
2024-02-27,sz.000001,1100.1584712,1111.694928,1097.0121648,1101.20724,1104.3535464,198190492.0,2083027074.06,1.0213,-0.2849,1,0
2024-02-28,sz.000001,1102.2560088,1122.182616,1090.719552,1100.1584712,1101.20724,308269265.0,3253340358.41,1.5886,-0.0952,1,0
2024-02-29,sz.000001,1092.8170896,1110.6461592,1091.7683208,1110.6461592,1100.1584712,184534423.0,1936020982.56,0.9509,0.9533,1,0
2024-03-01,sz.000001,1110.6461592,1111.694928,1093.8658584,1100.1584712,1110.6461592,182810290.0,1917689306.77,0.9421,-0.9443,1,0
2024-03-04,sz.000001,1095.963396,1101.20724,1082.3294016,1083.3781704,1100.1584712,165592954.0,1719562862.03,0.8533,-1.5253,1,0
2024-03-05,sz.000001,1080.231864,1098.0609336,1076.0367888,1093.8658584,1083.3781704,181731907.0,1889144330.16,0.9365,0.9681,1,0
2024-03-06,sz.000001,1090.719552,1095.963396,1083.3781704,1083.3781704,1093.8658584,134564016.0,1396940060.42,0.6934,-0.9588,1,0
2024-03-07,sz.000001,1083.3781704,1115.8900032,1083.3781704,1088.6220144,1083.3781704,201616589.0,2109589237.19,1.039,0.484,1,0
2024-03-08,sz.000001,1085.475708,1094.9146272,1080.231864,1088.6220144,1088.6220144,111397428.0,1154491251.23,0.574,0.0,1,0
2024-03-11,sz.000001,1088.6220144,1098.0609336,1084.4269392,1098.0609336,1088.6220144,121067298.0,1260212019.66,0.6239,0.8671,1,0
2024-03-12,sz.000001,1099.1097024,1110.6461592,1091.7683208,1107.4998528,1098.0609336,164126237.0,1721999708.11,0.8458,0.8596,1,0
2024-03-13,sz.000001,1104.3535464,1106.451084,1080.231864,1083.3781704,1107.4998528,176803911.0,1834654994.4,0.9111,-2.178,1,0
2024-03-14,sz.000001,1080.231864,1088.6220144,1069.744176,1072.8904824,1083.3781704,140939973.0,1448499697.91,0.7263,-0.9681,1,0
2024-03-15,sz.000001,1106.451084,1127.42646,1101.20724,1111.694928,1072.8904824,375020789.0,3973799130.9,1.9325,3.6168,1,0
2024-03-18,sz.000001,1107.4998528,1112.7436968,1100.1584712,1105.4023152,1111.694928,167139651.0,1761249149.98,0.8613,-0.566,1,0
2024-03-19,sz.000001,1104.3535464,1105.4023152,1089.6707832,1090.719552,1105.4023152,129321558.0,1351069630.23,0.6664,-1.3283,1,0
2024-03-20,sz.000001,1088.6220144,1098.0609336,1087.5732456,1095.963396,1090.719552,87266316.0,910278572.98,0.4497,0.4808,1,0
2024-03-21,sz.000001,1095.963396,1103.3047776,1092.8170896,1098.0609336,1095.963396,86446625.0,905422293.67,0.4455,0.1914,1,0
2024-03-22,sz.000001,1095.963396,1095.963396,1081.2806328,1086.5244768,1098.0609336,102814174.0,1065535606.11,0.5298,-1.0506,1,0
2024-03-25,sz.000001,1085.475708,1100.1584712,1082.3294016,1090.719552,1086.5244768,95320221.0,993304120.45,0.4912,0.3861,1,0
2024-03-26,sz.000001,1095.963396,1117.9875408,1092.8170896,1111.694928,1090.719552,174002146.0,1835376190.72,0.8967,1.9231,1,0
2024-03-27,sz.000001,1107.4998528,1114.8412344,1102.2560088,1104.3535464,1111.694928,127413599.0,1347397150.36,0.6566,-0.6604,1,0
2024-03-28,sz.000001,1102.2560088,1108.5486216,1088.6220144,1100.1584712,1104.3535464,130218892.0,1362980388.48,0.671,-0.3799,1,0
2024-03-29,sz.000001,1095.963396,1108.5486216,1093.8658584,1103.3047776,1100.1584712,87275898.0,917332315.96,0.4497,0.286,1,0
2024-04-01,sz.000001,1103.3047776,1116.938772,1102.2560088,1115.8900032,1103.3047776,119108796.0,1261770380.39,0.6138,1.1407,1,0
2024-04-02,sz.000001,1114.8412344,1120.0850784,1104.3535464,1106.451084,1115.8900032,108545826.0,1149700799.95,0.5594,-0.8459,1,0
2024-04-03,sz.000001,1104.3535464,1106.451084,1092.8170896,1097.0121648,1106.451084,98184585.0,1028648883.43,0.506,-0.8531,1,0
2024-04-08,sz.000001,1092.8170896,1100.1584712,1087.5732456,1093.8658584,1097.0121648,90636052.0,945290441.32,0.4671,-0.2868,1,0
2024-04-09,sz.000001,1093.8658584,1098.0609336,1086.5244768,1090.719552,1093.8658584,85715673.0,891468991.01,0.4417,-0.2876,1,0
2024-04-10,sz.000001,1088.6220144,1091.7683208,1077.0855576,1078.1343264,1090.719552,124639082.0,1288696196.29,0.6423,-1.1538,1,0
2024-04-11,sz.000001,1073.9392512,1079.1830952,1061.3540256,1074.98802,1078.1343264,101021340.0,1030820137.39,0.5206,-0.2918,1,0
2024-04-12,sz.000001,1071.8417136,1077.0855576,1052.9638752,1055.0614128,1074.98802,130545371.0,1322011753.93,0.6727,-1.8537,1,0
2024-04-15,sz.000001,1056.1101816,1082.3294016,1055.0614128,1079.1830952,1055.0614128,145320260.0,1486326196.01,0.7489,2.2863,1,0
2024-04-16,sz.000001,1078.1343264,1089.6707832,1071.8417136,1078.1343264,1079.1830952,147803643.0,1523138499.07,0.7617,-0.0972,1,0
2024-04-17,sz.000001,1076.0367888,1114.8412344,1070.7929448,1113.7924656,1078.1343264,223264057.0,2337576586.88,1.1505,3.3074,1,0
2024-04-18,sz.000001,1109.5973904,1156.7919864,1107.4998528,1132.670304,1113.7924656,316591426.0,3427338981.81,1.6314,1.6949,1,0
2024-04-19,sz.000001,1123.2313848,1134.7678416,1117.9875408,1121.1338472,1132.670304,145767502.0,1562376146.58,0.7512,-1.0185,1,0
2024-04-22,sz.000001,1115.8900032,1133.7190728,1095.963396,1101.20724,1121.1338472,200981837.0,2125722741.41,1.0357,-1.7774,1,0
2024-04-23,sz.000001,1102.2560088,1116.938772,1097.0121648,1105.4023152,1101.20724,124002700.0,1308866093.13,0.639,0.381,1,0
2024-04-24,sz.000001,1103.3047776,1108.5486216,1097.0121648,1104.3535464,1105.4023152,94156774.0,989093538.21,0.4852,-0.0949,1,0
2024-04-25,sz.000001,1101.20724,1113.7924656,1099.1097024,1112.7436968,1104.3535464,111381224.0,1176304524.86,0.574,0.7597,1,0
2024-04-26,sz.000001,1110.6461592,1119.0363096,1099.1097024,1111.694928,1112.7436968,160762751.0,1698581436.96,0.8284,-0.0943,1,0
2024-04-29,sz.000001,1107.4998528,1143.157992,1103.3047776,1133.7190728,1111.694928,216917737.0,2337350883.73,1.1178,1.9811,1,0
2024-04-30,sz.000001,1132.670304,1141.0604544,1125.3289224,1131.6215352,1133.7190728,132455653.0,1431407709.37,0.6826,-0.185,1,0
2024-05-06,sz.000001,1149.4506048,1165.1821368,1136.8653792,1142.1092232,1131.6215352,178410057.0,1953817493.43,0.9194,0.9268,1,0
2024-05-07,sz.000001,1140.0116856,1142.1092232,1128.4752288,1141.0604544,1142.1092232,108705665.0,1176786412.82,0.5602,-0.0918,1,0
2024-05-08,sz.000001,1136.8653792,1141.0604544,1123.2313848,1125.3289224,1141.0604544,122179127.0,1318611999.65,0.6296,-1.3787,1,0
2024-05-09,sz.000001,1123.2313848,1134.7678416,1123.2313848,1128.4752288,1125.3289224,106946063.0,1150726857.51,0.5511,0.2796,1,0
2024-05-10,sz.000001,1129.5239976,1149.4506048,1128.4752288,1147.3530672,1128.4752288,176783561.0,1923452176.84,0.911,1.6729,1,0
2024-05-13,sz.000001,1143.157992,1154.6944488,1133.7190728,1150.4993736,1147.3530672,140249860.0,1530058919.54,0.7227,0.2742,1,0
2024-05-14,sz.000001,1153.64568,1159.9382928,1141.0604544,1144.2067608,1150.4993736,107578391.0,1176577328.23,0.5544,-0.5469,1,0
2024-05-15,sz.000001,1143.157992,1145.2555296,1133.7190728,1135.8166104,1144.2067608,86829660.0,942907950.5,0.4474,-0.7333,1,0
2024-05-16,sz.000001,1137.914148,1175.6698248,1135.8166104,1171.4747496,1135.8166104,307629165.0,3410151917.15,1.5853,3.1394,1,0
2024-05-17,sz.000001,1172.5235184,1197.6939696,1167.2796744,1197.6939696,1171.4747496,284174885.0,3200736554.36,1.4644,2.2381,1,0
2024-05-20,sz.000001,1198.7427384,1209.2304264,1186.1575128,1193.4988944,1197.6939696,217021030.0,2475290152.11,1.1183,-0.3503,1,0
2024-05-21,sz.000001,1187.2062816,1218.6693456,1186.1575128,1211.327964,1193.4988944,203004941.0,2336192874.97,1.0461,1.4938,1,0
2024-05-22,sz.000001,1212.3767328,1231.2545712,1201.8890448,1212.3767328,1211.327964,211553138.0,2458448969.66,1.0902,0.0866,1,0
2024-05-23,sz.000001,1209.2304264,1215.5230392,1192.4501256,1195.596432,1212.3767328,184162290.0,2110799281.76,0.949,-1.3841,1,0
2024-05-24,sz.000001,1192.4501256,1205.0353512,1185.108744,1186.1575128,1195.596432,139827584.0,1593330336.42,0.7206,-0.7895,1,0
2024-05-27,sz.000001,1186.1575128,1209.2304264,1186.1575128,1207.1328888,1186.1575128,145436143.0,1663272117.57,0.7495,1.7683,1,0
2024-05-28,sz.000001,1206.08412,1214.4742704,1191.4013568,1195.596432,1207.1328888,120432285.0,1377107203.91,0.6206,-0.9557,1,0
2024-05-29,sz.000001,1193.4988944,1200.840276,1177.7673624,1180.9136688,1195.596432,144481111.0,1635445613.13,0.7445,-1.2281,1,0
2024-05-30,sz.000001,1178.8161312,1189.3038192,1159.9382928,1166.2309056,1180.9136688,132549635.0,1481608711.02,0.6831,-1.2433,1,0
2024-05-31,sz.000001,1168.3284432,1173.5722872,1165.1821368,1165.1821368,1166.2309056,82670676.0,921248145.59,0.426,-0.0899,1,0
2024-06-03,sz.000001,1166.2309056,1167.2796744,1144.2067608,1151.5481424,1165.1821368,132669675.0,1456086023.62,0.6837,-1.1701,1,0
2024-06-04,sz.000001,1148.401836,1158.889524,1144.2067608,1155.7432176,1151.5481424,98100495.0,1079356560.61,0.5055,0.3643,1,0
2024-06-05,sz.000001,1157.8407552,1160.9870616,1140.0116856,1140.0116856,1155.7432176,101896775.0,1114155998.81,0.5251,-1.3612,1,0
2024-06-06,sz.000001,1143.157992,1151.5481424,1141.0604544,1143.157992,1140.0116856,104933153.0,1145989425.79,0.5407,0.276,1,0
2024-06-07,sz.000001,1145.2555296,1154.6944488,1142.1092232,1152.5969112,1143.157992,117012604.0,1281662985.8,0.603,0.8257,1,0
2024-06-11,sz.000001,1151.5481424,1155.7432176,1131.6215352,1140.0116856,1152.5969112,133762854.0,1452841956.89,0.6893,-1.0919,1,0
2024-06-12,sz.000001,1137.914148,1144.2067608,1130.5727664,1141.0604544,1140.0116856,95742635.0,1037927497.39,0.4934,0.092,1,0
2024-06-13,sz.000001,1142.1092232,1146.3042984,1132.670304,1132.670304,1141.0604544,120350779.0,1304403407.05,0.6202,-0.7353,1,0
2024-06-14,sz.000001,1140.5365804,1149.52603128,1122.55767864,1143.90762448,1132.67081088,163799047.0,1657433954.94,0.8441,0.9921,1,0
2024-06-17,sz.000001,1138.28921768,1141.66026176,1132.67081088,1134.9181736,1143.90762448,68121702.0,688669914.12,0.351,-0.7859,1,0
2024-06-18,sz.000001,1136.04185496,1141.66026176,1128.17608544,1132.67081088,1134.9181736,70065308.0,707829471.51,0.3611,-0.198,1,0
2024-06-19,sz.000001,1134.9181736,1147.27866856,1132.67081088,1140.5365804,1132.67081088,79618418.0,807676192.22,0.4103,0.6944,1,0
2024-06-20,sz.000001,1141.66026176,1142.78394312,1129.2997668,1129.2997668,1140.5365804,62962757.0,635070262.4,0.3245,-0.9852,1,0
2024-06-21,sz.000001,1129.2997668,1133.79449224,1118.0629532,1123.68136,1129.2997668,83054528.0,831176895.42,0.428,-0.4975,1,0
2024-06-24,sz.000001,1120.31031592,1131.54712952,1110.19718368,1121.43399728,1123.68136,94708154.0,944907465.65,0.488,-0.2,1,0
2024-06-25,sz.000001,1122.55767864,1138.28921768,1121.43399728,1132.67081088,1121.43399728,76999281.0,775332071.89,0.3968,1.002,1,0
2024-06-26,sz.000001,1130.42344816,1138.28921768,1125.92872272,1132.67081088,1132.67081088,62859871.0,633763882.09,0.3239,0.0,1,0
2024-06-27,sz.000001,1130.42344816,1147.27866856,1123.68136,1138.28921768,1132.67081088,92888197.0,938954397.5,0.4787,0.496,1,0
2024-06-28,sz.000001,1134.9181736,1152.89707536,1133.79449224,1140.5365804,1138.28921768,91808992.0,933947813.42,0.4731,0.1974,1,0
2024-07-01,sz.000001,1133.79449224,1163.0102076,1128.17608544,1163.0102076,1140.5365804,134305149.0,1372549619.58,0.6921,1.9704,1,0
2024-07-02,sz.000001,1157.3918008,1177.61806528,1155.14443808,1168.6286144,1163.0102076,138438570.0,1440864390.61,0.7134,0.4831,1,0
2024-07-03,sz.000001,1168.6286144,1171.99965848,1156.26811944,1158.51548216,1168.6286144,71306746.0,737326421.16,0.3675,-0.8654,1,0
2024-07-04,sz.000001,1157.3918008,1166.38125168,1151.773394,1152.89707536,1158.51548216,73504424.0,757464386.79,0.3788,-0.485,1,0
2024-07-05,sz.000001,1152.89707536,1156.26811944,1114.69190912,1120.31031592,1152.89707536,171335386.0,1721256576.49,0.8829,-2.8265,1,0
2024-07-08,sz.000001,1116.93927184,1125.92872272,1106.8261396,1115.81559048,1120.31031592,86865962.0,864791776.33,0.4476,-0.4012,1,0
2024-07-09,sz.000001,1116.93927184,1134.9181736,1113.56822776,1131.54712952,1115.81559048,103248530.0,1034316510.76,0.5321,1.4099,1,0
2024-07-10,sz.000001,1131.54712952,1146.1549872,1129.2997668,1139.41289904,1131.54712952,87386511.0,886626727.3,0.4503,0.6951,1,0
2024-07-11,sz.000001,1147.27866856,1149.52603128,1131.54712952,1138.28921768,1139.41289904,72139225.0,731789332.33,0.3717,-0.0986,1,0
2024-07-12,sz.000001,1137.16553632,1158.51548216,1137.16553632,1158.51548216,1138.28921768,121416369.0,1246877665.6,0.6257,1.7769,1,0
2024-07-15,sz.000001,1158.51548216,1163.0102076,1152.89707536,1160.76284488,1158.51548216,86941247.0,896975833.16,0.448,0.194,1,0
2024-07-16,sz.000001,1160.76284488,1165.25757032,1150.64971264,1157.3918008,1160.76284488,94300811.0,971564894.83,0.4859,-0.2904,1,0
2024-07-17,sz.000001,1157.3918008,1170.87597712,1155.14443808,1168.6286144,1157.3918008,122016835.0,1266412580.0,0.6288,0.9709,1,0
2024-07-18,sz.000001,1166.38125168,1171.99965848,1157.3918008,1169.75229576,1168.6286144,108706102.0,1127365070.67,0.5602,0.0962,1,0
2024-07-19,sz.000001,1166.38125168,1170.87597712,1156.26811944,1165.25757032,1169.75229576,89872324.0,929722661.62,0.4631,-0.3842,1,0
2024-07-22,sz.000001,1164.13388896,1166.38125168,1145.03130584,1149.52603128,1165.25757032,99448087.0,1018663805.8,0.5125,-1.35,1,0
2024-07-23,sz.000001,1151.773394,1160.76284488,1141.66026176,1143.90762448,1149.52603128,102015363.0,1046994471.4,0.5257,-0.4888,1,0
2024-07-24,sz.000001,1143.90762448,1150.64971264,1137.16553632,1138.28921768,1143.90762448,72451757.0,736332832.11,0.3734,-0.4912,1,0
2024-07-25,sz.000001,1137.16553632,1140.5365804,1123.68136,1133.79449224,1138.28921768,85640443.0,861750365.54,0.4413,-0.3949,1,0
2024-07-26,sz.000001,1134.9181736,1137.16553632,1120.31031592,1127.05240408,1133.79449224,92955195.0,931879546.46,0.479,-0.5946,1,0
2024-07-29,sz.000001,1125.92872272,1139.41289904,1120.31031592,1136.04185496,1127.05240408,78155243.0,788019058.61,0.4027,0.7976,1,0
2024-07-30,sz.000001,1134.9181736,1138.28921768,1127.05240408,1132.67081088,1136.04185496,61326795.0,618056610.32,0.316,-0.2967,1,0
2024-07-31,sz.000001,1132.67081088,1155.14443808,1131.54712952,1154.02075672,1132.67081088,109690634.0,1117768674.7,0.5653,1.8849,1,0
2024-08-01,sz.000001,1151.773394,1159.63916352,1142.78394312,1154.02075672,1154.02075672,73388377.0,752688220.0,0.3782,0.0,1,0
2024-08-02,sz.000001,1148.40234992,1151.773394,1138.28921768,1139.41289904,1154.02075672,59022876.0,601173370.84,0.3042,-1.2658,1,0
2024-08-05,sz.000001,1136.04185496,1148.40234992,1129.2997668,1129.2997668,1139.41289904,75897852.0,768980624.53,0.3911,-0.8876,1,0
2024-08-06,sz.000001,1131.54712952,1137.16553632,1111.32086504,1115.81559048,1129.2997668,126553691.0,1261997756.88,0.6522,-1.194,1,0
2024-08-07,sz.000001,1118.0629532,1121.43399728,1113.56822776,1115.81559048,1115.81559048,51760842.0,514848813.1,0.2667,0.0,1,0
2024-08-08,sz.000001,1114.69190912,1121.43399728,1112.4445464,1116.93927184,1115.81559048,50041067.0,497548149.01,0.2579,0.1007,1,0
2024-08-09,sz.000001,1119.18663456,1134.9181736,1116.93927184,1128.17608544,1116.93927184,73027396.0,732886455.92,0.3763,1.006,1,0
2024-08-12,sz.000001,1125.92872272,1129.2997668,1121.43399728,1124.80504136,1128.17608544,35301346.0,353251351.4,0.1819,-0.2988,1,0
2024-08-13,sz.000001,1125.92872272,1127.05240408,1114.69190912,1118.0629532,1124.80504136,62207720.0,620061491.92,0.3206,-0.5994,1,0
2024-08-14,sz.000001,1116.93927184,1121.43399728,1113.56822776,1114.69190912,1118.0629532,43638038.0,433380446.81,0.2249,-0.3015,1,0
2024-08-15,sz.000001,1114.69190912,1130.42344816,1109.07350232,1127.05240408,1114.69190912,77624747.0,775851460.98,0.4,1.1089,1,0
2024-08-16,sz.000001,1132.67081088,1147.27866856,1129.2997668,1138.28921768,1127.05240408,126036761.0,1277042000.97,0.6495,0.997,1,0
2024-08-19,sz.000001,1138.28921768,1157.3918008,1137.16553632,1156.26811944,1138.28921768,148298526.0,1520594687.55,0.7642,1.5795,1,0
2024-08-20,sz.000001,1159.63916352,1171.99965848,1155.14443808,1161.88652624,1156.26811944,156918665.0,1623147686.36,0.8086,0.4859,1,0
2024-08-21,sz.000001,1157.3918008,1166.38125168,1147.27866856,1163.0102076,1161.88652624,103488781.0,1068207868.15,0.5333,0.0967,1,0
2024-08-22,sz.000001,1161.88652624,1174.2470212,1159.63916352,1166.38125168,1163.0102076,110903039.0,1153871815.8,0.5715,0.2899,1,0
2024-08-23,sz.000001,1167.50493304,1179.865428,1159.63916352,1176.49438392,1166.38125168,107190571.0,1117475768.18,0.5524,0.8671,1,0
2024-08-26,sz.000001,1179.865428,1185.4838348,1170.87597712,1178.74174664,1176.49438392,74067524.0,775921848.78,0.3817,0.191,1,0
2024-08-27,sz.000001,1176.49438392,1182.11279072,1165.25757032,1171.99965848,1178.74174664,72313658.0,755583764.04,0.3726,-0.572,1,0
2024-08-28,sz.000001,1169.75229576,1171.99965848,1155.14443808,1160.76284488,1171.99965848,94254754.0,973872155.01,0.4857,-0.9588,1,0
2024-08-29,sz.000001,1158.51548216,1166.38125168,1136.04185496,1138.28921768,1160.76284488,119767631.0,1221351092.13,0.6172,-1.9361,1,0
2024-08-30,sz.000001,1136.04185496,1152.89707536,1136.04185496,1141.66026176,1138.28921768,129405908.0,1318858687.52,0.6668,0.2962,1,0
2024-09-02,sz.000001,1137.16553632,1147.27866856,1133.79449224,1136.04185496,1141.66026176,96883550.0,983898750.95,0.4993,-0.4921,1,0
2024-09-03,sz.000001,1136.04185496,1138.28921768,1123.68136,1132.67081088,1136.04185496,91658122.0,920884663.15,0.4723,-0.2967,1,0
2024-09-04,sz.000001,1129.2997668,1140.5365804,1123.68136,1125.92872272,1132.67081088,84799233.0,852224669.89,0.437,-0.5952,1,0
2024-09-05,sz.000001,1127.05240408,1132.67081088,1121.43399728,1131.54712952,1125.92872272,59420876.0,595845842.53,0.3062,0.499,1,0
2024-09-06,sz.000001,1130.42344816,1147.27866856,1129.2997668,1132.67081088,1131.54712952,87886543.0,891507833.61,0.4529,0.0993,1,0
2024-09-09,sz.000001,1129.2997668,1131.54712952,1105.70245824,1106.8261396,1132.67081088,163917451.0,1624857668.46,0.8447,-2.2817,1,0
2024-09-10,sz.000001,1107.94982096,1114.69190912,1098.96037008,1112.4445464,1106.8261396,76790114.0,756124763.92,0.3957,0.5076,1,0
2024-09-11,sz.000001,1110.19718368,1110.19718368,1082.10514968,1084.3525124,1112.4445464,110872704.0,1078602467.68,0.5713,-2.5253,1,0
2024-09-12,sz.000001,1084.3525124,1097.83668872,1079.85778696,1094.46564464,1084.3525124,58183405.0,564923215.58,0.2998,0.9326,1,0
2024-09-13,sz.000001,1093.34196328,1103.45509552,1089.9709192,1089.9709192,1094.46564464,56646190.0,553269703.6,0.2919,-0.4107,1,0
2024-09-18,sz.000001,1092.21828192,1098.96037008,1085.47619376,1097.83668872,1089.9709192,44361099.0,431665627.32,0.2286,0.7216,1,0
2024-09-19,sz.000001,1100.08405144,1105.70245824,1087.72355648,1102.33141416,1097.83668872,68429311.0,669341181.7,0.3526,0.4094,1,0
2024-09-20,sz.000001,1102.33141416,1112.4445464,1098.96037008,1112.4445464,1102.33141416,79729714.0,785121198.91,0.4109,0.9174,1,0
2024-09-23,sz.000001,1111.32086504,1133.79449224,1109.07350232,1128.17608544,1112.4445464,89690755.0,897428029.52,0.4622,1.4141,1,0
2024-09-24,sz.000001,1136.04185496,1165.25757032,1132.67081088,1165.25757032,1128.17608544,163821319.0,1678174481.91,0.8442,3.2869,1,0
2024-09-25,sz.000001,1182.11279072,1202.3390552,1174.2470212,1179.865428,1165.25757032,216069398.0,2285995369.39,1.1134,1.2536,1,0
2024-09-26,sz.000001,1179.865428,1252.9047164,1179.865428,1252.9047164,1179.865428,308645720.0,3341759455.52,1.5905,6.1905,1,0
2024-09-27,sz.000001,1275.3783436,1298.97565216,1239.42054008,1283.24411312,1252.9047164,384001637.0,4337985142.5,1.9788,2.4215,1,0
2024-09-30,sz.000001,1305.71774032,1382.1280728,1298.97565216,1372.01494056,1283.24411312,543028364.0,6467438837.7,2.7983,6.9177,1,0
2024-10-08,sz.000001,1509.10406648,1509.10406648,1386.62279824,1447.30159168,1372.01494056,588897778.0,7602664023.92,3.0347,5.4873,1,0
2024-10-09,sz.000001,1419.20955768,1419.20955768,1310.21246576,1312.45982848,1447.30159168,426934506.0,5172049702.23,2.2001,-9.3168,1,0
2024-10-10,sz.000001,1334.2764351,1407.7649823,1331.979918,1375.6137429,1312.45952265,342642168.0,4095573500.64,1.7657,4.8119,1,0
2024-10-11,sz.000001,1377.91026,1397.43065535,1329.6834009,1345.7590206,1375.6137429,207089057.0,2455848197.41,1.0672,-2.1703,1,0
2024-10-14,sz.000001,1375.6137429,1398.5789139,1353.79683045,1380.2067771,1345.7590206,240059509.0,2881934271.85,1.2371,2.5597,1,0
2024-10-15,sz.000001,1371.0207087,1404.32020665,1364.1311574,1366.4276745,1380.2067771,207284077.0,2500974426.85,1.0682,-0.9983,1,0
2024-10-16,sz.000001,1354.945089,1398.5789139,1351.50031335,1384.7998113,1366.4276745,191449353.0,2301340929.27,0.9866,1.3445,1,0
2024-10-17,sz.000001,1385.94806985,1404.32020665,1369.87245015,1372.16896725,1384.7998113,165370809.0,1993261646.25,0.8522,-0.9121,1,0
2024-10-18,sz.000001,1367.57593305,1398.5789139,1341.1659864,1382.5032942,1372.16896725,260465416.0,3105820972.95,1.3422,0.7531,1,0
2024-10-21,sz.000001,1371.0207087,1371.0207087,1335.42469365,1356.09334755,1382.5032942,280665467.0,3302020181.42,1.4463,-1.9103,1,0
2024-10-22,sz.000001,1350.3520548,1369.87245015,1345.7590206,1353.79683045,1356.09334755,161778713.0,1908438724.93,0.8337,-0.1693,1,0
2024-10-23,sz.000001,1357.2416061,1365.27941595,1349.20379625,1361.8346403,1353.79683045,151186604.0,1787236762.42,0.7791,0.5937,1,0
2024-10-24,sz.000001,1356.09334755,1361.8346403,1345.7590206,1349.20379625,1361.8346403,88529942.0,1042818619.09,0.4562,-0.9275,1,0
2024-10-25,sz.000001,1351.50031335,1352.6485719,1342.31424495,1344.61076205,1349.20379625,110575468.0,1296844369.04,0.5698,-0.3404,1,0
2024-10-28,sz.000001,1341.1659864,1341.1659864,1323.94210815,1336.5729522,1344.61076205,116948698.0,1356008963.4,0.6027,-0.5978,1,0
2024-10-29,sz.000001,1334.2764351,1348.0555377,1323.94210815,1325.0903667,1336.5729522,119802482.0,1391150258.93,0.6174,-0.8591,1,0
2024-10-30,sz.000001,1320.4973325,1329.6834009,1294.08738585,1299.8286786,1325.0903667,148240279.0,1686501657.86,0.7639,-1.9064,1,0
2024-10-31,sz.000001,1300.97693715,1313.6077812,1290.6426102,1306.7182299,1299.8286786,125020539.0,1419624319.27,0.6442,0.53,1,0
2024-11-01,sz.000001,1306.7182299,1326.23862525,1302.1251957,1312.45952265,1306.7182299,158981111.0,1821423447.06,0.8193,0.4394,1,0
2024-11-04,sz.000001,1312.45952265,1315.9042983,1292.9391273,1315.9042983,1312.45952265,113151611.0,1285874126.16,0.5831,0.2625,1,0
2024-11-05,sz.000001,1311.3112641,1338.8694693,1307.86648845,1337.72121075,1315.9042983,166541840.0,1925260700.35,0.8582,1.6579,1,0
2024-11-06,sz.000001,1334.2764351,1336.5729522,1317.05255685,1326.23862525,1337.72121075,146228636.0,1689977500.77,0.7535,-0.8584,1,0
2024-11-07,sz.000001,1320.4973325,1369.87245015,1318.2008154,1367.57593305,1326.23862525,224284379.0,2627007560.71,1.1558,3.1169,1,0
2024-11-08,sz.000001,1371.0207087,1379.05851855,1343.4625035,1345.7590206,1367.57593305,189510415.0,2239060533.97,0.9766,-1.5953,1,0
2024-11-11,sz.000001,1335.42469365,1341.1659864,1317.05255685,1331.979918,1345.7590206,148695164.0,1717961561.94,0.7662,-1.0239,1,0
2024-11-12,sz.000001,1329.6834009,1359.5381232,1321.64559105,1325.0903667,1331.979918,171766255.0,2005791407.67,0.8851,-0.5172,1,0
2024-11-13,sz.000001,1320.4973325,1343.4625035,1318.2008154,1333.12817655,1325.0903667,108626328.0,1260161857.32,0.5598,0.6066,1,0
2024-11-14,sz.000001,1330.83165945,1343.4625035,1323.94210815,1325.0903667,1333.12817655,115978311.0,1348378228.97,0.5977,-0.6029,1,0
2024-11-15,sz.000001,1320.4973325,1333.12817655,1311.3112641,1313.6077812,1325.0903667,121578351.0,1399308729.48,0.6265,-0.8666,1,0
2024-11-18,sz.000001,1335.42469365,1382.5032942,1334.2764351,1349.20379625,1313.6077812,379732445.0,4493249093.24,1.9568,2.7098,1,0
2024-11-19,sz.000001,1349.20379625,1373.3172258,1326.23862525,1341.1659864,1349.20379625,243003665.0,2849661696.39,1.2522,-0.5957,1,0
2024-11-20,sz.000001,1340.01772785,1349.20379625,1333.12817655,1336.5729522,1341.1659864,128657248.0,1498818033.91,0.663,-0.3425,1,0
2024-11-21,sz.000001,1334.2764351,1337.72121075,1327.3868838,1330.83165945,1336.5729522,88340806.0,1023998431.68,0.4552,-0.4296,1,0
2024-11-22,sz.000001,1330.83165945,1333.12817655,1295.2356444,1295.2356444,1330.83165945,162531744.0,1858071592.39,0.8375,-2.6747,1,0
2024-11-25,sz.000001,1295.2356444,1302.1251957,1279.1600247,1283.7530589,1295.2356444,116602032.0,1310130629.11,0.6009,-0.8865,1,0
2024-11-26,sz.000001,1283.7530589,1298.68042005,1279.1600247,1294.08738585,1283.7530589,83107820.0,933733854.73,0.4283,0.805,1,0
2024-11-27,sz.000001,1290.6426102,1307.86648845,1280.30828325,1307.86648845,1294.08738585,89517805.0,1010001963.81,0.4613,1.0648,1,0
2024-11-28,sz.000001,1307.86648845,1311.3112641,1299.8286786,1302.1251957,1307.86648845,73316854.0,833121339.08,0.3778,-0.439,1,0
2024-11-29,sz.000001,1305.56997135,1315.9042983,1302.1251957,1306.7182299,1302.1251957,102848758.0,1173316153.6,0.53,0.3527,1,0
2024-12-02,sz.000001,1307.86648845,1309.014747,1298.68042005,1307.86648845,1306.7182299,97543366.0,1108785597.4,0.5027,0.0879,1,0
2024-12-03,sz.000001,1305.56997135,1320.4973325,1303.27345425,1319.34907395,1307.86648845,108255936.0,1236992678.1,0.5579,0.878,1,0
2024-12-04,sz.000001,1313.6077812,1323.94210815,1305.56997135,1315.9042983,1319.34907395,100747059.0,1154623369.68,0.5192,-0.2611,1,0
2024-12-05,sz.000001,1313.6077812,1320.4973325,1310.16300555,1313.6077812,1315.9042983,68710883.0,786137963.74,0.3541,-0.1745,1,0
2024-12-06,sz.000001,1313.6077812,1343.4625035,1312.45952265,1338.8694693,1313.6077812,172626927.0,2004270465.79,0.8896,1.9231,1,0
2024-12-09,sz.000001,1335.42469365,1345.7590206,1330.83165945,1340.01772785,1338.8694693,96406316.0,1123441854.9,0.4968,0.0858,1,0
2024-12-10,sz.000001,1366.4276745,1372.16896725,1349.20379625,1353.79683045,1340.01772785,216780724.0,2564600676.79,1.1171,1.0283,1,0
2024-12-11,sz.000001,1353.79683045,1358.38986465,1345.7590206,1346.90727915,1353.79683045,96769145.0,1138374174.98,0.4987,-0.5089,1,0
2024-12-12,sz.000001,1346.90727915,1362.98289885,1344.61076205,1360.68638175,1346.90727915,98623459.0,1164062448.23,0.5082,1.023,1,0
2024-12-13,sz.000001,1353.79683045,1354.945089,1327.3868838,1327.3868838,1360.68638175,134379289.0,1565589089.36,0.6925,-2.4473,1,0
2024-12-16,sz.000001,1327.3868838,1338.8694693,1323.94210815,1328.53514235,1327.3868838,80571778.0,934226189.29,0.4152,0.0865,1,0
2024-12-17,sz.000001,1328.53514235,1337.72121075,1322.7938496,1323.94210815,1328.53514235,80211995.0,929225455.3,0.4133,-0.3457,1,0
2024-12-18,sz.000001,1329.6834009,1348.0555377,1328.53514235,1337.72121075,1323.94210815,101658966.0,1186285805.48,0.5239,1.0408,1,0
2024-12-19,sz.000001,1330.83165945,1336.5729522,1325.0903667,1330.83165945,1337.72121075,69737904.0,808465663.92,0.3594,-0.515,1,0
2024-12-20,sz.000001,1330.83165945,1343.4625035,1329.6834009,1334.2764351,1330.83165945,71464627.0,831437460.3,0.3683,0.2588,1,0
2024-12-23,sz.000001,1336.5729522,1359.5381232,1336.5729522,1346.90727915,1334.2764351,165940476.0,1953519499.07,0.8551,0.9466,1,0
2024-12-24,sz.000001,1345.7590206,1362.98289885,1345.7590206,1361.8346403,1346.90727915,135083691.0,1595698790.02,0.6961,1.1083,1,0
2024-12-25,sz.000001,1361.8346403,1380.2067771,1359.5381232,1368.7241916,1361.8346403,147528294.0,1759956630.34,0.7602,0.5059,1,0
2024-12-26,sz.000001,1368.7241916,1369.87245015,1352.6485719,1361.8346403,1368.7241916,100007470.0,1183745518.53,0.5154,-0.5034,1,0
2024-12-27,sz.000001,1362.98289885,1366.4276745,1338.8694693,1358.38986465,1361.8346403,129001228.0,1518383345.11,0.6648,-0.253,1,0
2024-12-30,sz.000001,1352.6485719,1374.46548435,1352.6485719,1372.16896725,1358.38986465,135184636.0,1610892096.25,0.6966,1.0144,1,0
2024-12-31,sz.000001,1369.87245015,1376.76200145,1343.4625035,1343.4625035,1372.16896725,147536733.0,1747242074.23,0.7603,-2.0921,1,0
2025-01-02,sz.000001,1346.90727915,1351.50031335,1307.86648845,1312.45952265,1343.4625035,181959699.0,2102923078.11,0.9377,-2.3077,1,0
2025-01-03,sz.000001,1313.6077812,1325.0903667,1304.4217128,1306.7182299,1312.45952265,115468044.0,1320520977.59,0.595,-0.4374,1,0
2025-01-06,sz.000001,1306.7182299,1318.2008154,1288.3460931,1313.6077812,1306.7182299,108553630.0,1234305778.04,0.5594,0.5272,1,0
2025-01-07,sz.000001,1311.3112641,1323.94210815,1305.56997135,1321.64559105,1313.6077812,74786288.0,858329048.54,0.3854,0.6119,1,0
2025-01-08,sz.000001,1320.4973325,1335.42469365,1309.014747,1320.4973325,1321.64559105,106238601.0,1223598996.56,0.5475,-0.0869,1,0
2025-01-09,sz.000001,1320.4973325,1320.4973325,1303.27345425,1309.014747,1320.4973325,75148330.0,857836086.08,0.3873,-0.8696,1,0
2025-01-10,sz.000001,1309.014747,1315.9042983,1295.2356444,1297.5321615,1309.014747,79813351.0,905005040.97,0.4113,-0.8772,1,0
2025-01-13,sz.000001,1291.79086875,1292.9391273,1272.2704734,1286.049576,1297.5321615,93496618.0,1044904415.84,0.4818,-0.885,1,0
2025-01-14,sz.000001,1286.049576,1309.014747,1284.90131745,1306.7182299,1286.049576,82462895.0,934467766.39,0.4249,1.6071,1,0
2025-01-15,sz.000001,1306.7182299,1329.6834009,1304.4217128,1318.2008154,1306.7182299,103163082.0,1185403653.43,0.5316,0.8787,1,0
2025-01-16,sz.000001,1326.23862525,1330.83165945,1317.05255685,1328.53514235,1318.2008154,87296399.0,1007689273.66,0.4499,0.784,1,0
2025-01-17,sz.000001,1323.94210815,1326.23862525,1311.3112641,1314.75603975,1328.53514235,68976486.0,791230418.64,0.3554,-1.0372,1,0
2025-01-20,sz.000001,1320.4973325,1322.7938496,1309.014747,1311.3112641,1314.75603975,83202913.0,953092179.17,0.4288,-0.262,1,0
2025-01-21,sz.000001,1314.75603975,1314.75603975,1299.8286786,1300.97693715,1311.3112641,90206894.0,1024879174.22,0.4648,-0.7881,1,0
2025-01-22,sz.000001,1299.8286786,1300.97693715,1272.2704734,1273.41873195,1300.97693715,134712922.0,1504818607.18,0.6942,-2.1183,1,0
2025-01-23,sz.000001,1282.60480035,1309.014747,1282.60480035,1299.8286786,1273.41873195,151492027.0,1715172472.47,0.7807,2.0739,1,0
2025-01-24,sz.000001,1299.8286786,1307.86648845,1288.3460931,1302.1251957,1299.8286786,94494421.0,1069899088.28,0.4869,0.1767,1,0
2025-01-27,sz.000001,1306.7182299,1326.23862525,1306.7182299,1317.05255685,1302.1251957,115193471.0,1324270606.55,0.5936,1.1464,1,0
2025-02-05,sz.000001,1320.4973325,1322.7938496,1300.97693715,1305.56997135,1317.05255685,84343370.0,961193578.9,0.4346,-0.8718,1,0
2025-02-06,sz.000001,1303.27345425,1314.75603975,1297.5321615,1304.4217128,1305.56997135,95560325.0,1084793176.26,0.4924,-0.088,1,0
2025-02-07,sz.000001,1304.4217128,1314.75603975,1298.68042005,1306.7182299,1304.4217128,140749262.0,1601621979.76,0.7253,0.1761,1,0
2025-02-10,sz.000001,1306.7182299,1320.4973325,1304.4217128,1312.45952265,1306.7182299,102659093.0,1174044624.14,0.529,0.4394,1,0
2025-02-11,sz.000001,1309.014747,1317.05255685,1305.56997135,1311.3112641,1312.45952265,84452003.0,963865614.95,0.4352,-0.0875,1,0
2025-02-12,sz.000001,1310.16300555,1312.45952265,1302.1251957,1311.3112641,1311.3112641,98880683.0,1125323632.69,0.5095,0.0,1,0
2025-02-13,sz.000001,1311.3112641,1326.23862525,1309.014747,1320.4973325,1311.3112641,135863927.0,1560709510.83,0.7001,0.7005,1,0
2025-02-14,sz.000001,1319.34907395,1326.23862525,1312.45952265,1326.23862525,1320.4973325,97305774.0,1118355996.56,0.5014,0.4348,1,0
2025-02-17,sz.000001,1331.979918,1354.945089,1326.23862525,1352.6485719,1326.23862525,206196542.0,2413146066.57,1.0626,1.9913,1,0
2025-02-18,sz.000001,1350.3520548,1373.3172258,1350.3520548,1356.09334755,1352.6485719,199661049.0,2371071466.89,1.0289,0.2547,1,0
2025-02-19,sz.000001,1354.945089,1356.09334755,1341.1659864,1344.61076205,1356.09334755,117774895.0,1382467174.27,0.6069,-0.8467,1,0
2025-02-20,sz.000001,1344.61076205,1350.3520548,1337.72121075,1338.8694693,1344.61076205,78439627.0,917231443.37,0.4042,-0.427,1,0
2025-02-21,sz.000001,1342.31424495,1344.61076205,1326.23862525,1336.5729522,1338.8694693,97396897.0,1131033823.93,0.5019,-0.1715,1,0
2025-02-24,sz.000001,1335.42469365,1342.31424495,1327.3868838,1330.83165945,1336.5729522,94995617.0,1103548964.32,0.4895,-0.4296,1,0
2025-02-25,sz.000001,1327.3868838,1329.6834009,1315.9042983,1317.05255685,1330.83165945,91715602.0,1055685157.06,0.4726,-1.0354,1,0
2025-02-26,sz.000001,1317.05255685,1331.979918,1317.05255685,1322.7938496,1317.05255685,84164552.0,970641211.48,0.4337,0.4359,1,0
2025-02-27,sz.000001,1323.94210815,1335.42469365,1315.9042983,1334.2764351,1322.7938496,97730975.0,1130386662.02,0.5036,0.8681,1,0
2025-02-28,sz.000001,1329.6834009,1341.1659864,1320.4973325,1323.94210815,1334.2764351,94908806.0,1100335054.08,0.4891,-0.7745,1,0
2025-03-03,sz.000001,1322.7938496,1327.3868838,1314.75603975,1321.64559105,1323.94210815,83045695.0,955266366.31,0.4279,-0.1735,1,0
2025-03-04,sz.000001,1317.05255685,1326.23862525,1313.6077812,1321.64559105,1321.64559105,68317873.0,785447989.45,0.3521,0.0,1,0
2025-03-05,sz.000001,1322.7938496,1340.01772785,1318.2008154,1338.8694693,1321.64559105,108064544.0,1254892073.93,0.5569,1.3032,1,0
2025-03-06,sz.000001,1342.31424495,1343.4625035,1331.979918,1335.42469365,1338.8694693,87740771.0,1021780609.28,0.4521,-0.2573,1,0
2025-03-07,sz.000001,1335.42469365,1342.31424495,1331.979918,1340.01772785,1335.42469365,83553669.0,973236689.8,0.4306,0.3439,1,0
2025-03-10,sz.000001,1338.8694693,1340.01772785,1326.23862525,1330.83165945,1340.01772785,66383393.0,769261385.33,0.3421,-0.6855,1,0
2025-03-11,sz.000001,1325.0903667,1333.12817655,1322.7938496,1333.12817655,1330.83165945,60897527.0,704240463.95,0.3138,0.1726,1,0
2025-03-12,sz.000001,1331.979918,1362.98289885,1327.3868838,1360.68638175,1333.12817655,187731840.0,2210904482.32,0.9674,2.0672,1,0
2025-03-13,sz.000001,1356.09334755,1367.57593305,1352.6485719,1359.5381232,1360.68638175,131237121.0,1555123173.93,0.6763,-0.0844,1,0
2025-03-14,sz.000001,1357.2416061,1377.91026,1357.2416061,1374.46548435,1359.5381232,172241765.0,2057970454.4,0.8876,1.098,1,0
2025-03-17,sz.000001,1335.42469365,1340.01772785,1315.9042983,1320.4973325,1374.46548435,460361210.0,5315522816.99,2.3723,-3.9265,1,0
2025-03-18,sz.000001,1322.7938496,1325.0903667,1318.2008154,1319.34907395,1320.4973325,160529000.0,1846500421.28,0.8272,-0.087,1,0
2025-03-19,sz.000001,1318.2008154,1323.94210815,1315.9042983,1322.7938496,1319.34907395,136245491.0,1566452160.69,0.7021,0.2611,1,0
2025-03-20,sz.000001,1321.64559105,1333.12817655,1319.34907395,1319.34907395,1322.7938496,110115724.0,1268849139.57,0.5674,-0.2604,1,0
2025-03-21,sz.000001,1319.34907395,1322.7938496,1307.86648845,1311.3112641,1319.34907395,137638897.0,1576151833.21,0.7093,-0.6092,1,0
2025-03-24,sz.000001,1310.16300555,1313.6077812,1302.1251957,1306.7182299,1311.3112641,116457734.0,1325564001.84,0.6001,-0.3503,1,0
2025-03-25,sz.000001,1306.7182299,1312.45952265,1304.4217128,1312.45952265,1306.7182299,73560888.0,839142044.46,0.3791,0.4394,1,0
2025-03-26,sz.000001,1311.3112641,1312.45952265,1305.56997135,1306.7182299,1312.45952265,74086307.0,843536936.19,0.3818,-0.4374,1,0
2025-03-27,sz.000001,1305.56997135,1310.16300555,1303.27345425,1307.86648845,1306.7182299,55334940.0,629863382.77,0.2851,0.0879,1,0
2025-03-28,sz.000001,1307.86648845,1309.014747,1302.1251957,1303.27345425,1307.86648845,64494555.0,732420873.55,0.3324,-0.3512,1,0
2025-03-31,sz.000001,1304.4217128,1306.7182299,1292.9391273,1292.9391273,1303.27345425,111612564.0,1262598263.31,0.5752,-0.793,1,0
2025-04-01,sz.000001,1294.08738585,1297.5321615,1288.3460931,1294.08738585,1292.9391273,68147042.0,767424131.4,0.3512,0.0888,1,0
2025-04-02,sz.000001,1291.79086875,1310.16300555,1291.79086875,1305.56997135,1294.08738585,93264176.0,1058747240.7,0.4806,0.8873,1,0
2025-04-03,sz.000001,1298.68042005,1307.86648845,1297.5321615,1302.1251957,1305.56997135,64391391.0,730375807.93,0.3318,-0.2639,1,0
2025-04-07,sz.000001,1263.084405,1268.82569775,1203.3749604,1228.6366485,1302.1251957,254556048.0,2751055412.06,1.3118,-5.6437,1,0
2025-04-08,sz.000001,1226.3401314,1245.86052675,1224.0436143,1242.4157511,1228.6366485,146398771.0,1576590039.86,0.7544,1.1215,1,0
2025-04-09,sz.000001,1232.08142415,1243.56400965,1224.0436143,1240.119234,1242.4157511,106439405.0,1145238957.67,0.5485,-0.1848,1,0
2025-04-10,sz.000001,1247.0087853,1255.04659515,1242.4157511,1251.6018195,1240.119234,86654805.0,943352301.94,0.4465,0.9259,1,0
2025-04-11,sz.000001,1248.15704385,1251.6018195,1243.56400965,1250.45356095,1251.6018195,58387902.0,634311779.86,0.3009,-0.0917,1,0
2025-04-14,sz.000001,1257.34311225,1267.6774392,1253.8983366,1255.04659515,1250.45356095,78599345.0,862557143.66,0.405,0.3673,1,0
2025-04-15,sz.000001,1253.8983366,1259.63962935,1251.6018195,1257.34311225,1255.04659515,72275410.0,790139077.1,0.3724,0.183,1,0
2025-04-16,sz.000001,1255.04659515,1264.23266355,1252.75007805,1263.084405,1257.34311225,84282217.0,923316062.54,0.4343,0.4566,1,0
2025-04-17,sz.000001,1257.34311225,1272.2704734,1255.04659515,1269.9739563,1263.084405,82391931.0,907597513.1,0.4246,0.5455,1,0
2025-04-18,sz.000001,1267.6774392,1284.90131745,1266.52918065,1283.7530589,1269.9739563,72709815.0,810031605.1,0.3747,1.085,1,0
2025-04-21,sz.000001,1263.084405,1278.01176615,1259.63962935,1265.3809221,1283.7530589,111418418.0,1230804536.03,0.5742,-1.4311,1,0
2025-04-22,sz.000001,1265.3809221,1269.9739563,1260.7878879,1267.6774392,1265.3809221,83112887.0,915967678.28,0.4283,0.1815,1,0
2025-04-23,sz.000001,1267.6774392,1268.82569775,1259.63962935,1264.23266355,1267.6774392,58638293.0,645842400.13,0.3022,-0.2717,1,0
2025-04-24,sz.000001,1263.084405,1269.9739563,1261.93614645,1266.52918065,1264.23266355,68925613.0,760348555.36,0.3552,0.1817,1,0
2025-04-25,sz.000001,1267.6774392,1268.82569775,1261.93614645,1264.23266355,1266.52918065,63754686.0,702315255.47,0.3285,-0.1813,1,0
2025-04-28,sz.000001,1263.084405,1267.6774392,1258.4913708,1263.084405,1264.23266355,64201837.0,706520175.92,0.3308,-0.0908,1,0
2025-04-29,sz.000001,1263.084405,1265.3809221,1257.34311225,1260.7878879,1263.084405,64904494.0,712792543.41,0.3345,-0.1818,1,0
2025-04-30,sz.000001,1258.4913708,1259.63962935,1250.45356095,1252.75007805,1260.7878879,86983492.0,949911030.4,0.4482,-0.6375,1,0
2025-05-06,sz.000001,1253.8983366,1263.084405,1250.45356095,1258.4913708,1252.75007805,85467127.0,935212114.49,0.4404,0.4583,1,0
2025-05-07,sz.000001,1264.23266355,1267.6774392,1259.63962935,1266.52918065,1258.4913708,112627001.0,1240098147.39,0.5804,0.6387,1,0
2025-05-08,sz.000001,1263.084405,1272.2704734,1261.93614645,1272.2704734,1266.52918065,105661366.0,1167913497.88,0.5445,0.4533,1,0
2025-05-09,sz.000001,1271.12221485,1282.60480035,1269.9739563,1280.30828325,1272.2704734,99989747.0,1113688152.8,0.5153,0.6318,1,0
2025-05-12,sz.000001,1281.4565418,1288.3460931,1278.01176615,1281.4565418,1280.30828325,89560460.0,1000478411.18,0.4615,0.0897,1,0
2025-05-13,sz.000001,1284.90131745,1300.97693715,1280.30828325,1296.38390295,1281.4565418,126103062.0,1420501315.06,0.6498,1.1649,1,0
2025-05-14,sz.000001,1296.38390295,1317.05255685,1291.79086875,1312.45952265,1296.38390295,168351358.0,1912995432.64,0.8675,1.24,1,0
2025-05-15,sz.000001,1312.45952265,1320.4973325,1306.7182299,1307.86648845,1312.45952265,103546026.0,1183732832.12,0.5336,-0.35,1,0
2025-05-16,sz.000001,1305.56997135,1312.45952265,1298.68042005,1306.7182299,1307.86648845,91474445.0,1039223622.85,0.4714,-0.0878,1,0
2025-05-19,sz.000001,1309.014747,1317.05255685,1304.4217128,1305.56997135,1306.7182299,83139060.0,949883545.33,0.4284,-0.0879,1,0
2025-05-20,sz.000001,1309.014747,1317.05255685,1305.56997135,1307.86648845,1305.56997135,64363480.0,734455265.82,0.3317,0.1759,1,0
2025-05-21,sz.000001,1309.014747,1330.83165945,1307.86648845,1318.2008154,1307.86648845,132827810.0,1528350367.92,0.6845,0.7902,1,0
2025-05-22,sz.000001,1314.75603975,1327.3868838,1313.6077812,1326.23862525,1318.2008154,100296806.0,1155265063.51,0.5168,0.6098,1,0
2025-05-23,sz.000001,1326.23862525,1331.979918,1312.45952265,1315.9042983,1326.23862525,96264311.0,1108636100.57,0.4961,-0.7792,1,0
2025-05-26,sz.000001,1313.6077812,1320.4973325,1309.014747,1311.3112641,1315.9042983,69915858.0,800495684.57,0.3603,-0.349,1,0
2025-05-27,sz.000001,1314.75603975,1325.0903667,1311.3112641,1319.34907395,1311.3112641,80191514.0,921912281.33,0.4132,0.613,1,0
2025-05-28,sz.000001,1320.4973325,1326.23862525,1313.6077812,1323.94210815,1319.34907395,65817947.0,757571318.99,0.3392,0.3481,1,0
2025-05-29,sz.000001,1322.7938496,1326.23862525,1314.75603975,1315.9042983,1323.94210815,91980676.0,1056726384.22,0.474,-0.6071,1,0
2025-05-30,sz.000001,1317.05255685,1329.6834009,1313.6077812,1327.3868838,1315.9042983,113084931.0,1303433716.38,0.5827,0.8726,1,0
2025-06-03,sz.000001,1325.0903667,1367.57593305,1323.94210815,1356.09334755,1327.3868838,219247966.0,2580962600.64,1.1298,2.1626,1,0
2025-06-04,sz.000001,1357.2416061,1364.1311574,1352.6485719,1359.5381232,1356.09334755,116795950.0,1383019682.25,0.6019,0.254,1,0
2025-06-05,sz.000001,1364.1311574,1367.57593305,1338.8694693,1340.01772785,1359.5381232,116680349.0,1369212336.43,0.6013,-1.4358,1,0
2025-06-06,sz.000001,1343.4625035,1353.79683045,1341.1659864,1343.4625035,1340.01772785,68235251.0,799900023.53,0.3516,0.2571,1,0
2025-06-09,sz.000001,1346.90727915,1349.20379625,1337.72121075,1344.61076205,1343.4625035,77325468.0,905092604.93,0.3985,0.0855,1,0
2025-06-10,sz.000001,1345.7590206,1365.27941595,1344.61076205,1356.09334755,1344.61076205,142813180.0,1689018780.13,0.7359,0.854,1,0
2025-06-11,sz.000001,1357.2416061,1369.87245015,1353.79683045,1360.68638175,1356.09334755,109466664.0,1298656315.35,0.5641,0.3387,1,0
2025-06-12,sz.000001,1368.97564844,1385.5549383,1364.23870848,1383.18646832,1360.68600351,129022047.0,1500287176.22,0.6649,1.6536,1,0
2025-06-13,sz.000001,1383.18646832,1390.29187826,1368.97564844,1371.34411842,1383.18646832,109549419.0,1272773100.57,0.5645,-0.8562,1,0
2025-06-16,sz.000001,1370.15988343,1396.21305321,1365.42294347,1396.21305321,1371.34411842,117443827.0,1371041708.41,0.6052,1.8135,1,0
2025-06-17,sz.000001,1396.21305321,1406.87116812,1386.73917329,1392.66034824,1396.21305321,89002734.0,1048960748.8,0.4586,-0.2545,1,0
2025-06-18,sz.000001,1395.02881822,1398.58152319,1380.81799834,1393.84458323,1392.66034824,68352111.0,802908097.73,0.3522,0.085,1,0
2025-06-19,sz.000001,1392.66034824,1395.02881822,1379.63376335,1385.5549383,1393.84458323,83224716.0,974127330.84,0.4289,-0.5947,1,0
2025-06-20,sz.000001,1385.5549383,1404.50269814,1382.00223333,1402.13422816,1385.5549383,130919782.0,1544541881.0,0.6747,1.1966,1,0
2025-06-23,sz.000001,1398.58152319,1417.52928303,1382.00223333,1412.79234307,1402.13422816,138917048.0,1646476917.07,0.7159,0.7601,1,0
2025-06-24,sz.000001,1409.2396381,1422.26622299,1402.13422816,1412.79234307,1412.79234307,130852531.0,1560621893.02,0.6743,0.0,1,0
2025-06-25,sz.000001,1412.79234307,1430.55586792,1400.94999317,1428.18739794,1412.79234307,167511647.0,2007989726.91,0.8632,1.0897,1,0
2025-06-26,sz.000001,1427.00316295,1477.92526752,1422.26622299,1469.63562259,1428.18739794,217457766.0,2672207528.88,1.1206,2.9022,1,0
2025-06-27,sz.000001,1464.89868263,1489.76761742,1436.47704287,1444.7666878,1469.63562259,237760015.0,2937865058.47,1.2252,-1.6922,1,0
2025-06-30,sz.000001,1437.66127786,1441.21398283,1416.34504804,1429.37163293,1444.7666878,150481965.0,1812492376.93,0.7755,-1.0656,1,0
2025-07-01,sz.000001,1428.18739794,1460.16174267,1428.18739794,1456.6090377,1429.37163293,135434108.0,1653806750.47,0.6979,1.9056,1,0
2025-07-02,sz.000001,1457.79327269,1469.63562259,1448.31939277,1458.97750768,1456.6090377,120041184.0,1481842212.5,0.6186,0.1626,1,0
2025-07-03,sz.000001,1460.16174267,1470.81985758,1454.24056772,1462.53021265,1458.97750768,79408597.0,980546007.28,0.4092,0.2435,1,0
2025-07-04,sz.000001,1462.53021265,1506.34690728,1456.6090377,1492.1360874,1462.53021265,177533267.0,2224874055.62,0.9149,2.0243,1,0
2025-07-07,sz.000001,1492.1360874,1518.18925718,1492.1360874,1513.45231722,1492.1360874,149540653.0,1901755851.27,0.7706,1.4286,1,0
2025-07-08,sz.000001,1509.89961225,1520.55772716,1498.05726235,1502.79420231,1513.45231722,109098597.0,1387093602.06,0.5622,-0.7042,1,0
2025-07-09,sz.000001,1499.24149734,1527.6631371,1499.24149734,1520.55772716,1502.79420231,120596330.0,1542699034.65,0.6215,1.182,1,0
2025-07-10,sz.000001,1518.18925718,1578.58524167,1514.63655221,1560.82171682,1520.55772716,248141553.0,3249454028.73,1.2787,2.648,1,0
2025-07-11,sz.000001,1562.00595181,1575.0325367,1526.47890211,1528.84737209,1560.82171682,244374350.0,3200219566.16,1.2593,-2.0486,1,0
2025-07-14,sz.000001,1524.11043213,1559.63748183,1522.92619714,1537.13701702,1528.84737209,187289585.0,2440924105.22,0.9651,0.5422,1,0
2025-07-15,sz.000001,1538.32125201,1544.24242696,1505.16267229,1507.53114227,1537.13701702,181053131.0,2322277284.93,0.933,-1.926,1,0
2025-07-16,sz.000001,1507.53114227,1511.08384724,1480.2937375,1496.87302736,1507.53114227,192786379.0,2424983973.27,0.9935,-0.707,1,0
2025-07-17,sz.000001,1493.32032239,1503.9784373,1485.03067746,1490.95185241,1496.87302736,94464140.0,1189666226.65,0.4868,-0.3956,1,0
2025-07-18,sz.000001,1494.50455738,1509.89961225,1492.1360874,1503.9784373,1490.95185241,124120611.0,1574176824.24,0.6396,0.8737,1,0
2025-07-21,sz.000001,1496.87302736,1505.16267229,1486.21491245,1493.32032239,1503.9784373,107902662.0,1360155718.72,0.556,-0.7087,1,0
2025-07-22,sz.000001,1492.1360874,1492.1360874,1458.97750768,1479.10950251,1493.32032239,193522916.0,2408337285.96,0.9973,-0.9516,1,0
2025-07-23,sz.000001,1475.55679754,1495.68879237,1474.37256255,1483.84644247,1479.10950251,137052000.0,1719158802.83,0.7063,0.3203,1,0
2025-07-24,sz.000001,1483.84644247,1483.84644247,1460.16174267,1462.53021265,1483.84644247,195935057.0,2426175235.74,1.0097,-1.4366,1,0
2025-07-25,sz.000001,1460.16174267,1475.55679754,1458.97750768,1462.53021265,1462.53021265,110826666.0,1372103731.0,0.5711,0.0,1,0
2025-07-28,sz.000001,1462.53021265,1483.84644247,1458.97750768,1475.55679754,1462.53021265,123824278.0,1541317046.96,0.6381,0.8907,1,0
2025-07-29,sz.000001,1475.55679754,1481.47797249,1461.34597766,1461.34597766,1475.55679754,101281801.0,1255113972.39,0.5219,-0.9631,1,0
2025-07-30,sz.000001,1462.53021265,1496.87302736,1461.34597766,1479.10950251,1461.34597766,171516360.0,2149934404.53,0.8839,1.2156,1,0
2025-07-31,sz.000001,1481.47797249,1486.21491245,1447.13515778,1448.31939277,1479.10950251,169008125.0,2079630602.38,0.8709,-2.0817,1,0
2025-08-01,sz.000001,1449.50362776,1460.16174267,1438.84551285,1454.24056772,1448.31939277,101218698.0,1240239179.62,0.5216,0.4088,1,0
2025-08-04,sz.000001,1449.50362776,1466.08291762,1445.95092279,1456.6090377,1454.24056772,103268969.0,1271376406.58,0.5322,0.1629,1,0
2025-08-05,sz.000001,1456.6090377,1480.2937375,1454.24056772,1476.74103253,1456.6090377,113207820.0,1405152349.43,0.5834,1.3821,1,0
2025-08-06,sz.000001,1476.74103253,1482.66220748,1468.4513876,1475.55679754,1476.74103253,69044765.0,859684675.49,0.3558,-0.0802,1,0
2025-08-07,sz.000001,1473.18832756,1483.84644247,1467.26715261,1476.74103253,1475.55679754,72205305.0,900760012.96,0.3721,0.0803,1,0
2025-08-08,sz.000001,1477.92526752,1483.84644247,1467.26715261,1468.4513876,1476.74103253,82979591.0,1032586758.9,0.4276,-0.5613,1,0
2025-08-11,sz.000001,1468.4513876,1470.81985758,1453.05633273,1456.6090377,1468.4513876,93435315.0,1150305112.61,0.4815,-0.8065,1,0
2025-08-12,sz.000001,1456.6090377,1468.4513876,1456.6090377,1460.16174267,1456.6090377,68005619.0,839635630.05,0.3504,0.2439,1,0
2025-08-13,sz.000001,1464.89868263,1468.4513876,1448.31939277,1451.87209774,1460.16174267,111981305.0,1376777908.92,0.5771,-0.5677,1,0
2025-08-14,sz.000001,1453.05633273,1461.34597766,1443.58245281,1444.7666878,1451.87209774,124104129.0,1523447931.74,0.6395,-0.4894,1,0
2025-08-15,sz.000001,1448.31939277,1448.31939277,1413.97657806,1430.55586792,1444.7666878,194850295.0,2344073499.27,1.0041,-0.9836,1,0
2025-08-18,sz.000001,1428.18739794,1438.84551285,1424.63469297,1430.55586792,1430.55586792,123905837.0,1496527038.59,0.6385,0.0,1,0
2025-08-19,sz.000001,1432.9243379,1435.29280788,1423.45045798,1428.18739794,1430.55586792,89285989.0,1077380172.82,0.4601,-0.1656,1,0
2025-08-20,sz.000001,1428.18739794,1435.29280788,1418.71351802,1429.37163293,1428.18739794,104873853.0,1265435773.22,0.5404,0.0829,1,0
2025-08-21,sz.000001,1427.00316295,1443.58245281,1424.63469297,1438.84551285,1429.37163293,121741825.0,1477053291.9,0.6274,0.6628,1,0
2025-08-22,sz.000001,1438.84551285,1441.21398283,1418.71351802,1428.18739794,1438.84551285,164425977.0,1979461310.91,0.8473,-0.7407,1,0
2025-08-25,sz.000001,1435.29280788,1483.84644247,1432.9243379,1474.37256255,1428.18739794,304508753.0,3761289075.87,1.5692,3.2338,1,0
2025-08-26,sz.000001,1474.37256255,1480.2937375,1456.6090377,1463.71444764,1474.37256255,138359861.0,1709560922.86,0.713,-0.7229,1,0
2025-08-27,sz.000001,1458.97750768,1463.71444764,1427.00316295,1428.18739794,1463.71444764,186004950.0,2268070720.55,0.9585,-2.4272,1,0
2025-08-28,sz.000001,1431.74010291,1437.66127786,1417.52928303,1430.55586792,1428.18739794,165358793.0,1991723373.76,0.8521,0.1658,1,0
2025-08-29,sz.000001,1427.00316295,1447.13515778,1424.63469297,1427.00316295,1430.55586792,180512568.0,2186232853.05,0.9302,-0.2483,1,0
2025-09-01,sz.000001,1427.00316295,1427.00316295,1403.31846315,1408.05540311,1427.00316295,185845902.0,2214306331.71,0.9577,-1.3278,1,0
2025-09-02,sz.000001,1403.31846315,1419.89775301,1402.13422816,1418.71351802,1408.05540311,149271566.0,1780010208.88,0.7692,0.7569,1,0
2025-09-03,sz.000001,1418.71351802,1422.26622299,1390.29187826,1391.47611325,1418.71351802,136723249.0,1619322977.46,0.7046,-1.9199,1,0
2025-09-04,sz.000001,1392.66034824,1393.84458323,1373.7125884,1390.29187826,1391.47611325,129530002.0,1513956779.44,0.6675,-0.0851,1,0
2025-09-05,sz.000001,1389.10764327,1390.29187826,1377.26529337,1387.92340828,1390.29187826,81966156.0,957547462.67,0.4224,-0.1704,1,0
2025-09-08,sz.000001,1386.73917329,1395.02881822,1382.00223333,1385.5549383,1387.92340828,92443104.0,1083054608.28,0.4764,-0.1706,1,0
2025-09-09,sz.000001,1386.73917329,1395.02881822,1383.18646832,1391.47611325,1385.5549383,86053917.0,1009279728.78,0.4434,0.4274,1,0
2025-09-10,sz.000001,1390.29187826,1396.21305321,1386.73917329,1393.84458323,1391.47611325,79266839.0,932170200.65,0.4085,0.1702,1,0
2025-09-11,sz.000001,1393.84458323,1403.31846315,1386.73917329,1403.31846315,1393.84458323,96393163.0,1134234366.9,0.4967,0.6797,1,0
2025-09-12,sz.000001,1400.94999317,1406.87116812,1385.5549383,1387.92340828,1403.31846315,94038510.0,1107449056.76,0.4846,-1.097,1,0
2025-09-15,sz.000001,1385.5549383,1387.92340828,1377.26529337,1379.63376335,1387.92340828,84038656.0,980347616.84,0.4331,-0.5973,1,0
2025-09-16,sz.000001,1380.81799834,1386.73917329,1374.89682339,1378.44952836,1379.63376335,70804849.0,825169463.93,0.3649,-0.0858,1,0
2025-09-17,sz.000001,1378.44952836,1382.00223333,1371.34411842,1378.44952836,1378.44952836,77112893.0,896750270.44,0.3974,0.0,1,0
2025-09-18,sz.000001,1379.63376335,1380.81799834,1347.65941862,1351.21212359,1378.44952836,138616040.0,1594827200.16,0.7143,-1.9759,1,0
2025-09-19,sz.000001,1351.21212359,1363.05447349,1346.47518363,1355.94906355,1351.21212359,83465123.0,955004096.91,0.4301,0.3506,1,0
2025-09-22,sz.000001,1354.76482856,1358.31753353,1346.47518363,1347.65941862,1355.94906355,59640232.0,680158438.95,0.3073,-0.6114,1,0
2025-09-23,sz.000001,1346.47518363,1371.34411842,1340.55400868,1364.23870848,1347.65941862,134143022.0,1543271184.51,0.6913,1.2302,1,0
2025-09-24,sz.000001,1363.05447349,1376.08105838,1353.58059357,1357.13329854,1364.23870848,113958347.0,1310214181.06,0.5872,-0.5208,1,0
2025-09-25,sz.000001,1353.58059357,1358.31753353,1345.29094864,1350.0278886,1357.13329854,77327594.0,881943147.97,0.3985,-0.5236,1,0
2025-09-26,sz.000001,1348.84365361,1354.76482856,1340.55400868,1350.0278886,1350.0278886,75323875.0,856917687.88,0.3882,0.0,1,0
2025-09-29,sz.000001,1350.0278886,1359.50176852,1334.63283373,1346.47518363,1350.0278886,117601243.0,1334456973.74,0.606,-0.2632,1,0
2025-09-30,sz.000001,1346.47518363,1346.47518363,1337.00130371,1342.92247866,1346.47518363,83247947.0,942224081.28,0.429,-0.2639,1,0
2025-10-09,sz.000001,1341.73824367,1351.21212359,1334.63283373,1350.0278886,1342.92247866,104746906.0,1187061682.96,0.5398,0.5291,1,0
2025-10-10,sz.000001,1346.47518363,1360.68600351,1345.29094864,1353.58059357,1350.0278886,108794775.0,1244213512.59,0.5606,0.2632,1,0
2025-10-13,sz.000001,1340.55400868,1357.13329854,1335.81706872,1350.0278886,1353.58059357,116880173.0,1328180363.51,0.6023,-0.2625,1,0
2025-10-14,sz.000001,1348.84365361,1373.7125884,1345.29094864,1370.15988343,1350.0278886,184342836.0,2124120304.48,0.9499,1.4912,1,0
2025-10-15,sz.000001,1371.3705243,1381.0450959,1361.6959527,1378.626453,1370.16120285,127106103.0,1443458104.69,0.655,0.6178,1,0
2025-10-16,sz.000001,1376.2078101,1396.76627475,1373.7891672,1395.5569533,1378.626453,126193687.0,1447841584.81,0.6503,1.2281,1,0
2025-10-17,sz.000001,1390.7196675,1400.3942391,1376.2078101,1378.626453,1395.5569533,103966632.0,1193518554.56,0.5358,-1.2132,1,0
2025-10-20,sz.000001,1379.83577445,1384.67306025,1362.90527415,1381.0450959,1378.626453,95264110.0,1081829699.98,0.4909,0.1754,1,0
2025-10-21,sz.000001,1378.626453,1387.09170315,1377.41713155,1382.25441735,1381.0450959,76116462.0,869658079.64,0.3922,0.0876,1,0
2025-10-22,sz.000001,1378.626453,1395.5569533,1378.626453,1393.1383104,1382.25441735,83370319.0,957661635.9,0.4296,0.7874,1,0
2025-10-23,sz.000001,1393.1383104,1416.11541795,1390.7196675,1406.44084635,1393.1383104,137311158.0,1593155218.0,0.7076,0.9549,1,0
2025-10-24,sz.000001,1402.812882,1412.4874536,1396.76627475,1397.9755962,1406.44084635,98047530.0,1138026681.09,0.5053,-0.6019,1,0
2025-10-27,sz.000001,1395.5569533,1404.02220345,1383.4637388,1393.1383104,1397.9755962,123948526.0,1428199707.19,0.6387,-0.346,1,0
2025-10-28,sz.000001,1394.34763185,1400.3942391,1381.0450959,1387.09170315,1393.1383104,82156818.0,943626835.3,0.4234,-0.434,1,0
2025-10-29,sz.000001,1385.8823817,1385.8823817,1373.7891672,1377.41713155,1387.09170315,96621364.0,1100783363.08,0.4979,-0.6975,1,0
2025-10-30,sz.000001,1376.2078101,1387.09170315,1373.7891672,1376.2078101,1377.41713155,94377015.0,1077182643.3,0.4863,-0.0878,1,0
2025-10-31,sz.000001,1376.2078101,1378.626453,1366.5332385,1368.9518814,1376.2078101,97019293.0,1099179193.25,0.5,-0.5272,1,0
2025-11-03,sz.000001,1371.3705243,1383.4637388,1366.5332385,1382.25441735,1368.9518814,95232643.0,1084422503.85,0.4907,0.9717,1,0
2025-11-04,sz.000001,1381.0450959,1407.6501678,1378.626453,1401.60356055,1382.25441735,150300748.0,1737289513.56,0.7745,1.3998,1,0
2025-11-05,sz.000001,1401.60356055,1402.812882,1390.7196675,1393.1383104,1401.60356055,79492605.0,918112474.29,0.4096,-0.604,1,0
2025-11-06,sz.000001,1390.7196675,1400.3942391,1387.09170315,1391.92898895,1393.1383104,76658546.0,882799461.59,0.395,-0.0868,1,0
2025-11-07,sz.000001,1393.1383104,1400.3942391,1390.7196675,1396.76627475,1391.92898895,73485055.0,848177983.52,0.3787,0.3475,1,0
2025-11-10,sz.000001,1393.1383104,1407.6501678,1384.67306025,1406.44084635,1396.76627475,82720833.0,957555600.77,0.4263,0.6926,1,0
2025-11-11,sz.000001,1405.2315249,1413.69677505,1399.18491765,1411.27813215,1406.44084635,88650887.0,1033284775.65,0.4568,0.3439,1,0
2025-11-12,sz.000001,1414.9060965,1425.78998955,1408.85948925,1412.4874536,1411.27813215,114132538.0,1337963805.19,0.5881,0.0857,1,0
2025-11-13,sz.000001,1412.4874536,1417.3247394,1399.18491765,1414.9060965,1412.4874536,97899103.0,1139765204.11,0.5045,0.1712,1,0
2025-11-14,sz.000001,1411.27813215,1431.8365968,1410.0688107,1420.95270375,1414.9060965,131699498.0,1551867288.21,0.6787,0.4274,1,0
2025-11-17,sz.000001,1420.95270375,1420.95270375,1405.2315249,1411.27813215,1420.95270375,99523287.0,1161416221.76,0.5129,-0.6809,1,0
2025-11-18,sz.000001,1408.85948925,1413.69677505,1399.18491765,1401.60356055,1411.27813215,67007735.0,778887577.92,0.3453,-0.6855,1,0
2025-11-19,sz.000001,1400.3942391,1430.62727535,1399.18491765,1426.999311,1401.60356055,133499619.0,1565428546.57,0.6879,1.8119,1,0
2025-11-20,sz.000001,1425.78998955,1449.97641855,1419.7433823,1433.04591825,1426.999311,163703985.0,1948415939.65,0.8436,0.4237,1,0
2025-11-21,sz.000001,1426.999311,1436.6738826,1410.0688107,1413.69677505,1433.04591825,146535888.0,1721871193.26,0.7551,-1.3502,1,0
2025-11-24,sz.000001,1414.9060965,1418.53406085,1402.812882,1402.812882,1413.69677505,111711880.0,1302444629.51,0.5757,-0.7699,1,0
2025-11-25,sz.000001,1404.02220345,1426.999311,1400.3942391,1426.999311,1402.812882,102808052.0,1203879796.74,0.5298,1.7241,1,0
2025-11-26,sz.000001,1428.20863245,1433.04591825,1408.85948925,1413.69677505,1426.999311,82130109.0,962935429.85,0.4232,-0.9322,1,0
2025-11-27,sz.000001,1410.0688107,1416.11541795,1400.3942391,1416.11541795,1413.69677505,101184710.0,1178308953.13,0.5214,0.1711,1,0
2025-11-28,sz.000001,1411.27813215,1412.4874536,1400.3942391,1404.02220345,1416.11541795,88435845.0,1027933463.87,0.4557,-0.854,1,0
2025-12-01,sz.000001,1402.812882,1414.9060965,1394.34763185,1413.69677505,1404.02220345,103732271.0,1205480322.84,0.5345,0.6891,1,0
2025-12-02,sz.000001,1412.4874536,1418.53406085,1401.60356055,1407.6501678,1413.69677505,76805993.0,894720591.59,0.3958,-0.4277,1,0
2025-12-03,sz.000001,1407.6501678,1414.9060965,1395.5569533,1396.76627475,1407.6501678,94460109.0,1099167226.64,0.4868,-0.7732,1,0
2025-12-04,sz.000001,1396.76627475,1400.3942391,1385.8823817,1389.51034605,1396.76627475,88608988.0,1019178990.3,0.4566,-0.5195,1,0
2025-12-05,sz.000001,1389.51034605,1395.5569533,1378.626453,1394.34763185,1389.51034605,89076609.0,1022334911.54,0.459,0.3481,1,0
2025-12-08,sz.000001,1389.51034605,1402.812882,1388.3010246,1393.1383104,1394.34763185,85589893.0,988510035.14,0.4411,-0.0867,1,0
2025-12-09,sz.000001,1393.1383104,1395.5569533,1382.25441735,1382.25441735,1393.1383104,73395745.0,842732358.15,0.3782,-0.7813,1,0
2025-12-10,sz.000001,1383.4637388,1385.8823817,1365.32391705,1370.16120285,1382.25441735,104406472.0,1184087688.01,0.538,-0.8749,1,0
2025-12-11,sz.000001,1372.57984575,1377.41713155,1366.5332385,1374.99848865,1370.16120285,92526129.0,1049906215.97,0.4768,0.353,1,0
2025-12-12,sz.000001,1374.99848865,1382.25441735,1366.5332385,1372.57984575,1374.99848865,119189472.0,1357465371.22,0.6142,-0.1759,1,0
2025-12-15,sz.000001,1371.3705243,1395.5569533,1370.16120285,1391.92898895,1372.57984575,94083253.0,1080642231.19,0.4848,1.4097,1,0
2025-12-16,sz.000001,1389.51034605,1396.76627475,1383.4637388,1388.3010246,1391.92898895,64735136.0,743389002.32,0.3336,-0.2606,1,0
2025-12-17,sz.000001,1387.09170315,1400.3942391,1381.0450959,1394.34763185,1388.3010246,70149533.0,807135164.41,0.3615,0.4355,1,0
2025-12-18,sz.000001,1391.92898895,1408.85948925,1388.3010246,1407.6501678,1394.34763185,79046654.0,916247610.59,0.4073,0.954,1,0
2025-12-19,sz.000001,1406.44084635,1408.85948925,1400.3942391,1405.2315249,1407.6501678,64988619.0,755106127.43,0.3349,-0.1718,1,0
2025-12-22,sz.000001,1404.02220345,1404.02220345,1391.92898895,1393.1383104,1405.2315249,74236916.0,857197057.46,0.3826,-0.8606,1,0
2025-12-23,sz.000001,1393.1383104,1402.812882,1390.7196675,1397.9755962,1393.1383104,66626574.0,770081939.85,0.3433,0.3472,1,0
2025-12-24,sz.000001,1396.76627475,1400.3942391,1389.51034605,1395.5569533,1397.9755962,50524356.0,582458734.52,0.2604,-0.173,1,0
2025-12-25,sz.000001,1395.5569533,1405.2315249,1393.1383104,1397.9755962,1395.5569533,54745523.0,633772624.98,0.2821,0.1733,1,0
2025-12-26,sz.000001,1397.9755962,1401.60356055,1394.34763185,1395.5569533,1397.9755962,43633984.0,504079280.05,0.2249,-0.173,1,0
2025-12-29,sz.000001,1395.5569533,1405.2315249,1390.7196675,1397.9755962,1395.5569533,64829542.0,749082977.59,0.3341,0.1733,1,0
2025-12-30,sz.000001,1394.34763185,1397.9755962,1384.67306025,1388.3010246,1397.9755962,58258433.0,669409275.27,0.3002,-0.692,1,0
2025-12-31,sz.000001,1388.3010246,1389.51034605,1378.626453,1379.83577445,1388.3010246,59062037.0,675457357.45,0.3044,-0.6098,1,0
2021-01-04,sz.300750,359.3250601,412.51640731,359.3250601,405.4824261,352.31114731,22480807.0,8687099006.98,1.8208,15.0921,1,0
2021-01-05,sz.300750,396.351295,405.1813998,387.33054021,403.375242,405.4824261,22745201.0,9014539649.19,1.8423,-0.5197,1,0
2021-01-06,sz.300750,409.395768,417.423136,392.34764521,408.16156017,403.375242,18668114.0,7476239865.78,1.512,1.1866,1,0
2021-01-07,sz.300750,402.36178679,416.419715,398.23772648,414.64365983,408.16156017,17389487.0,7064219721.54,1.4085,1.5881,1,0
2021-01-08,sz.300750,420.433399,426.44389079,398.7595054,405.8837945,414.64365983,21006685.0,8534719468.52,1.7014,-2.1126,1,0
2021-01-11,sz.300750,411.28219948,411.28219948,387.320506,391.33419,405.8837945,23005038.0,9098694885.58,1.8633,-3.5847,1,0
2021-01-12,sz.300750,386.8187955,405.7834524,381.29998,402.54240257,391.33419,16559671.0,6519876504.75,1.3413,2.8641,1,0
2021-01-13,sz.300750,401.3684,411.9043205,374.25596458,386.317085,402.54240257,27261967.0,10634079156.74,2.2081,-4.0307,1,0
2021-01-14,sz.300750,376.4835592,385.313664,369.27899642,370.27238321,386.317085,19606569.0,7315308913.46,1.588,-4.1532,1,0
2021-01-15,sz.300750,369.24889379,385.29359558,366.248665,381.85186155,370.27238321,19822928.0,7439894398.97,1.6056,3.1273,1,0
2021-01-18,sz.300750,378.02882754,393.1403478,377.05550917,385.2133219,381.85186155,14201178.0,5471186934.28,1.1502,0.8803,1,0
2021-01-19,sz.300750,385.313664,387.320506,365.79712555,367.36246231,385.2133219,16286661.0,6085692761.11,1.3191,-4.634,1,0
2021-01-20,sz.300750,375.0787698,394.72575298,372.17888311,392.7389794,367.36246231,21341613.0,8254525726.97,1.7286,6.9078,1,0
2021-01-21,sz.300750,388.323927,400.364979,381.29998,392.6386373,392.7389794,17479166.0,6831720356.62,1.4157,-0.0255,1,0
2021-01-22,sz.300750,392.8393215,411.68356788,392.8393215,409.395768,392.6386373,19044156.0,7637563994.44,1.5425,4.2678,1,0
2021-01-25,sz.300750,407.6899523,419.77114114,393.68219514,398.30796595,409.395768,21741425.0,8762929073.74,1.761,-2.7083,1,0
2021-01-26,sz.300750,398.16748701,398.16748701,385.07284296,386.8187955,398.30796595,15104374.0,5853513769.95,1.2234,-2.8845,1,0
2021-01-27,sz.300750,393.341032,394.5451372,373.272612,391.85596892,386.8187955,14838511.0,5705898439.04,1.2019,1.3022,1,0
2021-01-28,sz.300750,381.29998,384.32027721,369.258928,371.1654279,391.85596892,18182027.0,6792412556.18,1.4727,-5.2801,1,0
2021-01-29,sz.300750,377.29633021,378.289717,343.73189776,355.32141031,371.1654279,27601326.0,9896345998.55,2.2356,-4.2687,1,0
2021-02-01,sz.300750,354.207613,358.1209549,347.3843502,351.52847893,355.32141031,17525081.0,6170654212.21,1.4195,-1.0675,1,0
2021-02-02,sz.300750,353.21422621,371.25573579,338.52414277,369.0582438,351.52847893,25086475.0,8919403723.18,2.0319,4.9867,1,0
2021-02-03,sz.300750,380.296559,388.88584276,376.33304605,382.28333258,369.0582438,21107294.0,8082621707.65,1.7096,3.5835,1,0
2021-02-04,sz.300750,386.22677711,395.1471898,380.7982695,389.8290585,382.28333258,21630174.0,8354708667.47,1.594,1.9739,1,0
2021-02-05,sz.300750,396.351295,398.34810279,374.12551985,374.72757245,389.8290585,18411695.0,7036248026.18,1.3568,-3.8739,1,0
2021-02-08,sz.300750,376.282875,406.1848208,374.28606721,405.382084,374.72757245,24402658.0,9586610901.77,1.7983,8.1805,1,0
2021-02-09,sz.300750,412.6067152,416.419715,402.1711368,411.6032942,405.382084,16203746.0,6632109518.73,1.1941,1.5347,1,0
2021-02-10,sz.300750,415.40625979,418.0251886,407.388926,414.07170986,411.6032942,16282957.0,6704613974.91,1.1999,0.5997,1,0
2021-02-18,sz.300750,423.443662,423.443662,388.20351648,398.358137,414.07170986,23824929.0,9491493857.26,1.7557,-3.7949,1,0
2021-02-19,sz.300750,391.33419,397.354716,375.4801382,388.8256375,398.358137,18690354.0,7159858378.61,1.3773,-2.3929,1,0
2021-02-22,sz.300750,388.8256375,397.1540318,376.1825329,376.282875,388.8256375,16720351.0,6411239336.71,1.2322,-3.2258,1,0
2021-02-23,sz.300750,371.26577,377.82814334,362.11457048,377.82814334,376.282875,13604746.0,5027757786.27,1.0026,0.4107,1,0
2021-02-24,sz.300750,376.282875,379.293138,340.5610874,348.187087,377.82814334,30272084.0,10682015850.83,2.2308,-7.8451,1,0
2021-02-25,sz.300750,355.06052085,355.06052085,336.146035,338.2532191,348.187087,24575702.0,8445690070.16,1.811,-2.853,1,0
2021-02-26,sz.300750,324.104983,334.139193,318.87715959,323.33234883,338.2532191,22950635.0,7449904802.03,1.6913,-4.4112,1,0
2021-03-01,sz.300750,332.64409571,346.80236602,329.40304588,345.7788766,323.33234883,20539402.0,6964880536.07,1.5136,6.9422,1,0
2021-03-02,sz.300750,354.207613,354.4082972,342.22676626,350.7959816,345.7788766,15281131.0,5308970364.61,1.1261,1.451,1,0
2021-03-03,sz.300750,347.23383705,350.82608423,341.52437156,350.82608423,350.7959816,10464433.0,3617077585.64,0.7711,0.0086,1,0
2021-03-04,sz.300750,346.180245,346.180245,324.01467511,326.68377497,350.82608423,18103403.0,5984259540.03,1.3341,-6.8816,1,0
2021-03-05,sz.300750,314.08080721,327.99825648,309.38479693,321.09472,326.68377497,17307341.0,5511104280.19,1.2754,-1.7108,1,0
2021-03-08,sz.300750,324.104983,335.86507712,301.90931048,306.043405,321.09472,21295514.0,6751702325.59,1.5693,-4.6875,1,0
2021-03-09,sz.300750,301.0263,311.5622205,289.988669,301.0263,306.043405,27357719.0,8235734794.89,2.016,-1.6393,1,0
2021-03-10,sz.300750,317.081036,323.38251988,314.070773,315.5759045,301.0263,23763768.0,7542999117.76,1.7512,4.8333,1,0
2021-03-11,sz.300750,317.081036,334.62083508,312.3649573,332.41330888,315.5759045,20964281.0,6829108561.82,1.5449,5.3355,1,0
2021-03-12,sz.300750,338.06256911,346.180245,332.4333773,342.62813466,332.41330888,18952041.0,6424536234.89,1.3966,3.0729,1,0
2021-03-15,sz.300750,341.16314,341.16314,308.050247,313.3683783,342.62813466,23040352.0,7361113706.9,1.6979,-8.5398,1,0
2021-03-16,sz.300750,318.084457,326.10179079,314.5724835,324.104983,313.3683783,13712397.0,4384184142.32,1.0105,3.4262,1,0
2021-03-17,sz.300750,318.96746748,337.3501402,314.1711151,334.139193,324.104983,14672578.0,4829807794.64,1.0813,3.096,1,0
2021-03-18,sz.300750,335.142614,344.28377931,334.65093771,336.9487718,334.139193,11366956.0,3840901084.28,0.8377,0.8408,1,0
2021-03-19,sz.300750,326.111825,334.12915879,312.063931,317.5827465,336.9487718,18971590.0,6051504889.61,1.3981,-5.7475,1,0
2021-03-22,sz.300750,320.091299,322.098141,299.91250269,308.8529838,317.5827465,23171883.0,7137600231.12,1.7076,-2.7488,1,0
2021-03-23,sz.300750,306.043405,311.70269944,301.14671052,304.94967611,308.8529838,15116923.0,4603584945.64,1.114,-1.2638,1,0
2021-03-24,sz.300750,306.043405,306.1437471,285.974985,289.77795059,304.94967611,25208186.0,7334176816.41,1.8576,-4.9752,1,0
2021-03-25,sz.300750,281.46962471,294.35355035,281.00805105,292.54739255,289.77795059,18439889.0,5281518749.08,1.3589,0.9557,1,0
2021-03-26,sz.300750,296.009195,315.12436505,294.002353,314.69289402,292.54739255,23710285.0,7292443310.74,1.7473,7.5699,1,0
2021-03-29,sz.300750,314.5724835,320.86393317,306.05343921,312.6659836,314.69289402,15563243.0,4871068353.95,1.1469,-0.6441,1,0
2021-03-30,sz.300750,312.67601781,322.07807258,309.053668,320.07123058,312.6659836,12640386.0,4003150838.63,0.9315,2.3684,1,0
2021-03-31,sz.300750,319.98092269,327.27579336,314.070773,323.27214357,320.07123058,16054553.0,5133802498.75,1.1831,1.0001,1,0
2021-04-01,sz.300750,324.9077198,336.63771129,324.4060093,331.11889579,323.27214357,11333813.0,3741712771.48,0.8352,2.4273,1,0
2021-04-02,sz.300750,334.08902195,337.33007178,327.99825648,333.5371404,331.11889579,9262891.0,3074575828.17,0.6826,0.7303,1,0
2021-04-06,sz.300750,336.146035,339.156298,320.18160689,326.9145618,333.5371404,10463817.0,3421873640.8,0.7711,-1.9856,1,0
2021-04-07,sz.300750,334.04888511,334.04888511,313.21786515,321.09472,326.9145618,13393147.0,4245479570.23,0.987,-1.7802,1,0
2021-04-08,sz.300750,315.074194,322.76039886,312.063931,320.94420685,321.09472,7870973.0,2507089321.0,0.58,-0.0469,1,0
2021-04-09,sz.300750,325.11843821,325.11843821,311.06051,313.067352,320.94420685,9323686.0,2918718120.0,0.6871,-2.4543,1,0
2021-04-12,sz.300750,319.34876746,326.15196184,314.1711151,316.08764921,313.067352,14059546.0,4483570206.77,1.0361,0.9647,1,0
2021-04-13,sz.300750,314.3717993,334.139193,314.1711151,325.87100396,316.08764921,14021091.0,4558191605.51,1.0332,3.0951,1,0
2021-04-14,sz.300750,332.39324046,348.67876329,329.80441428,347.183666,325.87100396,18504345.0,6295708676.4,1.3636,6.5402,1,0
2021-04-15,sz.300750,341.12300316,342.6682715,334.30977457,338.152877,347.183666,12474137.0,4202803202.76,0.9192,-2.6012,1,0
2021-04-16,sz.300750,341.16314,341.5645084,325.7104566,334.98206664,338.152877,11536269.0,3834287110.76,0.8501,-0.9377,1,0
2021-04-19,sz.300750,336.146035,365.7469545,332.48354835,365.245244,334.98206664,20547682.0,7250923622.24,1.5142,9.0343,1,0
2021-04-20,sz.300750,359.20464958,370.05163059,354.7093235,360.228139,365.245244,14283434.0,5154523734.92,1.0526,-1.3736,1,0
2021-04-21,sz.300750,352.36131836,359.1243759,348.9898238,356.90681549,360.228139,12399643.0,4373022068.64,0.9138,-0.922,1,0
2021-04-22,sz.300750,367.252086,367.8541386,354.83976823,363.59963356,356.90681549,10791346.0,3907120259.51,0.7952,1.8752,1,0
2021-04-23,sz.300750,363.59963356,374.276033,361.24159421,372.7709015,363.59963356,11536538.0,4255126795.19,0.8502,2.5224,1,0
2021-04-26,sz.300750,374.8780856,381.29998,348.3877712,350.193929,372.7709015,25623665.0,9238754935.97,1.8883,-6.0565,1,0
2021-04-27,sz.300750,351.19735,352.0000868,341.42402946,349.7925606,350.193929,15180979.0,5243699574.44,1.1187,-0.1146,1,0
2021-04-28,sz.300750,354.21764721,376.282875,353.204192,368.28560963,349.7925606,23632614.0,8597828977.93,1.7415,5.2869,1,0
2021-04-29,sz.300750,372.07854101,383.2064799,369.12848327,381.28994579,368.28560963,18086320.0,6806129765.77,1.3328,3.531,1,0
2021-04-30,sz.300750,374.276033,393.341032,369.17865432,389.49792957,381.28994579,25865106.0,9896566189.38,1.9061,2.1527,1,0
2021-05-06,sz.300750,391.33419,391.33419,369.7606385,385.313664,389.49792957,18968026.0,7198512557.3,1.3978,-1.0743,1,0
2021-05-07,sz.300750,385.313664,388.87580855,367.38253073,368.53646488,385.313664,15138529.0,5685506805.9,1.1156,-4.3542,1,0
2021-05-10,sz.300750,366.0479808,375.26941979,361.23156,369.46964641,368.53646488,12455280.0,4573789550.41,0.9179,0.2532,1,0
2021-05-11,sz.300750,363.238402,371.1654279,354.207613,367.8541386,369.46964641,11412084.0,4142445890.27,0.841,-0.4373,1,0
2021-05-12,sz.300750,368.255507,370.33258847,356.80647339,362.7366915,367.8541386,13360160.0,4812795101.18,0.9845,-1.3912,1,0
2021-05-13,sz.300750,355.5120603,360.00738638,350.8963237,352.3011131,362.7366915,11347605.0,4017576452.11,0.8362,-2.8769,1,0
2021-05-14,sz.300750,354.72939192,361.7332705,344.34398457,360.228139,352.3011131,17657660.0,6228877398.1,1.3012,2.2501,1,0
2021-05-17,sz.300750,361.23156,377.16588548,361.22152579,374.45664878,360.228139,19330918.0,7172265166.21,1.4245,3.9499,1,0
2021-05-18,sz.300750,373.272612,380.4972432,367.71365966,370.3626911,374.45664878,8962010.0,3323751525.18,0.6604,-1.0933,1,0
2021-05-19,sz.300750,367.7537965,381.29998,364.241823,376.33304605,370.3626911,11746435.0,4407782455.5,0.8656,1.612,1,0
2021-05-20,sz.300750,379.0924538,385.20328769,371.3661121,379.03224854,376.33304605,12843969.0,4839062724.47,0.9465,0.7172,1,0
2021-05-21,sz.300750,384.07945617,388.60488488,370.23224637,376.85482497,379.03224854,14056597.0,5316782152.9,1.0359,-0.5745,1,0
2021-05-24,sz.300750,381.29998,389.87922955,377.46691178,389.28721116,376.85482497,16961148.0,6535959080.02,1.2499,3.299,1,0
2021-05-25,sz.300750,390.77227424,397.354716,387.0194797,396.88310813,389.28721116,14957705.0,5881748189.73,1.1023,1.9512,1,0
2021-05-26,sz.300750,396.351295,401.34833158,385.97592186,386.73852182,396.88310813,12698850.0,4932244991.47,0.9358,-2.5561,1,0
2021-05-27,sz.300750,388.83567171,391.33419,383.15630885,385.313664,386.73852182,7959838.0,3073473014.83,0.5866,-0.3684,1,0
2021-05-28,sz.300750,391.33419,422.9419515,391.33419,411.0012416,385.313664,27715051.0,11346592533.34,2.0424,6.6667,1,0
2021-05-31,sz.300750,417.423136,437.06008497,415.416294,435.5850561,411.0012416,20006312.0,8540083588.81,1.4743,5.9814,1,0
2021-06-01,sz.300750,421.43682,432.474451,417.94491492,426.79508814,435.5850561,15875357.0,6727933260.37,1.1699,-2.018,1,0
2021-06-02,sz.300750,430.5679511,435.17365349,420.70432267,425.9522145,426.79508814,11571216.0,4933369539.66,0.8527,-0.1975,1,0
2021-06-03,sz.300750,427.457346,429.74514588,411.40261,416.19896238,425.9522145,12375991.0,5164432660.23,0.912,-2.2898,1,0
2021-06-04,sz.300750,420.433399,441.0035295,416.58026236,433.68859041,416.19896238,18010150.0,7765736027.45,1.3272,4.2022,1,0
2021-06-07,sz.300750,425.29999085,425.44046979,401.3684,408.8940575,433.68859041,21529447.0,8812647425.85,1.5865,-5.7171,1,0
2021-06-08,sz.300750,405.382084,426.30341185,405.382084,410.99120739,408.8940575,16631690.0,6887633928.45,1.2256,0.5129,1,0
2021-06-09,sz.300750,410.399189,417.423136,404.378663,410.77045477,410.99120739,9358239.0,3829137540.88,0.6896,-0.0537,1,0
2021-06-10,sz.300750,411.49291789,446.18118186,411.49291789,436.11686923,410.77045477,19350231.0,8400201736.84,1.426,6.1705,1,0
2021-06-11,sz.300750,444.515503,459.40627064,431.53123526,453.52622358,436.11686923,19796063.0,8816469190.82,0.8572,3.9919,1,0
2021-06-15,sz.300750,454.549713,457.4596339,436.9898455,446.522345,453.52622358,10252153.0,4562143371.35,0.4439,-1.5443,1,0
2021-06-16,sz.300750,442.41835311,445.3182398,418.43659121,421.61743578,446.522345,13969365.0,5989483516.45,0.6049,-5.5775,1,0
2021-06-17,sz.300750,425.70135925,439.23750854,425.70135925,435.99645871,421.61743578,10272398.0,4433456914.82,0.4448,3.4104,1,0
2021-06-18,sz.300750,438.68562699,456.7572392,438.68562699,451.53945,435.99645871,15600042.0,7001105223.46,0.6755,3.5649,1,0
2021-06-21,sz.300750,453.3456078,457.4596339,441.72599262,454.3490288,451.53945,12082314.0,5452180813.1,0.5232,0.6222,1,0
2021-06-22,sz.300750,451.72006578,455.54309979,441.72599262,451.77023683,454.3490288,8847005.0,3966367403.96,0.3831,-0.5676,1,0
2021-06-23,sz.300750,455.63340768,473.62474621,453.0445815,470.05256745,451.77023683,12445699.0,5774145630.95,0.6132,4.0468,1,0
2021-06-24,sz.300750,474.74857773,476.50456448,463.59053621,468.8986333,470.05256745,9213246.0,4302188924.11,0.4539,-0.2455,1,0
2021-06-25,sz.300750,474.618133,478.631817,460.570239,477.85918283,468.8986333,9955534.0,4686222357.53,0.4905,1.911,1,0
2021-06-28,sz.300750,477.84914862,504.70069458,469.91208851,495.5896319,477.85918283,14643927.0,7224070341.95,0.7215,3.7104,1,0
2021-06-29,sz.300750,515.40719665,521.3775516,505.94493662,510.24961271,495.5896319,15340180.0,7834685995.77,0.7558,2.9581,1,0
2021-06-30,sz.300750,510.75132321,543.854182,499.703658,536.6295508,510.24961271,14455682.0,7574604647.61,0.7122,5.17,1,0
2021-07-01,sz.300750,538.6363928,541.84734,519.78211221,531.3114195,536.6295508,11324700.0,5996925819.84,0.5579,-0.991,1,0
2021-07-02,sz.300750,525.92304873,536.99078236,511.40354686,521.36751739,531.3114195,13871718.0,7242849769.0,0.6834,-1.8716,1,0
2021-07-05,sz.300750,517.000775,530.7339218,510.04385195,521.28736395,521.36767475,14351499.0,7406241681.91,0.7071,-0.0154,1,0
2021-07-06,sz.300750,522.0202,543.07166845,503.85992035,517.23166855,521.28736395,18055540.0,9395935106.71,0.8895,-0.778,1,0
2021-07-07,sz.300750,522.0202,544.6076125,509.10020005,544.6076125,517.23166855,18145691.0,9654261557.26,0.894,5.2928,1,0
2021-07-08,sz.300750,553.13059615,573.7202775,544.7481564,561.3323366,544.6076125,15879012.0,8888330054.72,0.7823,3.071,1,0
2021-07-09,sz.300750,561.16167615,561.16167615,536.62672675,548.0007438,561.3323366,15660730.0,8521226651.94,0.7716,-2.375,1,0
2021-07-12,sz.300750,558.27048735,579.241645,558.27048735,567.98809415,548.0007438,15476312.0,8772503853.06,0.7625,3.6473,1,0
2021-07-13,sz.300750,562.1756,581.851746,554.14452,565.19729385,567.98809415,13637065.0,7678988306.08,0.6719,-0.4913,1,0
2021-07-14,sz.300750,557.156175,564.0629038,543.101785,553.51207245,565.19729385,12587871.0,6965504600.68,0.6202,-2.0675,1,0
2021-07-15,sz.300750,547.117325,571.0900988,543.15197925,570.20668,553.51207245,13733347.0,7628510590.39,0.6766,3.0161,1,0
2021-07-16,sz.300750,569.202795,569.202795,530.18178505,533.062935,570.20668,17849493.0,9719489197.62,0.8794,-6.5141,1,0
2021-07-19,sz.300750,542.0979,543.7844268,518.00466,525.5337975,533.062935,18012945.0,9474773727.22,0.8875,-1.4124,1,0
2021-07-20,sz.300750,517.000775,541.36506395,517.000775,530.0914354,525.5337975,13000547.0,6869197468.72,0.6405,0.8672,1,0
2021-07-21,sz.300750,532.0791277,558.2403708,528.05354885,557.9392053,530.0914354,18204911.0,9878628606.91,0.8969,5.2534,1,0
2021-07-22,sz.300750,558.762391,565.87993565,547.81000565,559.2442558,557.9392053,10883599.0,6027459316.6,0.5362,0.2339,1,0
2021-07-23,sz.300750,557.156175,566.18110115,548.12121,549.13513385,559.2442558,9332873.0,5157401634.64,0.4598,-1.8076,1,0
2021-07-26,sz.300750,546.11344,555.07813305,524.5299125,541.8770453,549.13513385,12728980.0,6852321740.95,0.6271,-1.3217,1,0
2021-07-27,sz.300750,545.1296327,561.36245315,496.923075,496.923075,541.8770453,17846033.0,9419312665.15,0.8792,-8.296,1,0
2021-07-28,sz.300750,497.92696,535.3718705,497.92696,527.08981925,496.923075,21724743.0,11221667797.34,1.0703,6.0707,1,0
2021-07-29,sz.300750,548.12121,559.9068199,531.055165,558.963168,527.08981925,18620249.0,10167714631.32,0.9174,6.047,1,0
2021-07-30,sz.300750,567.195025,584.461847,542.0979,552.538304,558.963168,20181013.0,11332846398.77,0.9943,-1.1494,1,0
2021-08-02,sz.300750,559.163945,577.22383615,534.9502388,554.14452,552.538304,18297279.0,10131832068.13,0.9015,0.2907,1,0
2021-08-03,sz.300750,557.156175,558.16006,525.031855,533.062935,554.14452,12238308.0,6535093739.81,0.6029,-3.8043,1,0
2021-08-04,sz.300750,536.07459,573.20829615,527.039625,571.210565,533.062935,17400431.0,9647161978.27,0.8573,7.1563,1,0
2021-08-05,sz.300750,568.19891,568.19891,548.65326905,559.163945,571.210565,12979233.0,7197921132.82,0.6395,-2.109,1,0
2021-08-06,sz.300750,566.98420915,569.202795,541.094015,545.9929738,559.163945,14371245.0,7918384463.82,0.708,-2.3555,1,0
2021-08-09,sz.300750,534.06682,534.5687625,504.94411615,518.00466,545.9929738,18583111.0,9534234240.43,0.9155,-5.1261,1,0
2021-08-10,sz.300750,512.99527385,521.20705315,500.938615,512.4832925,518.00466,18016853.0,9152881562.62,0.8876,-1.0659,1,0
2021-08-11,sz.300750,511.98135,525.031855,506.8414588,519.25951625,512.4832925,11236434.0,5790098627.49,0.5536,1.3222,1,0
2021-08-12,sz.300750,513.99915885,514.98296615,495.91919,503.95027,519.25951625,17116184.0,8599262131.01,0.8433,-2.9483,1,0
2021-08-13,sz.300750,481.8648,531.9586615,481.8648,504.00046425,503.95027,27725763.0,14085448989.05,1.366,0.01,1,0
2021-08-16,sz.300750,495.91919,505.84761265,471.7054838,478.853145,504.00046425,22043980.0,10620462840.25,1.086,-4.9895,1,0
2021-08-17,sz.300750,486.884225,496.722298,479.0940774,481.8648,478.853145,15610638.0,7586087133.68,0.7691,0.6289,1,0
2021-08-18,sz.300750,488.4302079,504.8537665,479.26473785,496.923075,481.8648,15957481.0,7861906061.17,0.7862,3.125,1,0
2021-08-19,sz.300750,503.95027,511.71030105,485.88034,504.954155,496.923075,14453518.0,7215253955.37,0.7121,1.6162,1,0
2021-08-20,sz.300750,500.938615,501.139392,484.3745125,496.02961735,504.954155,12527606.0,6160678537.9,0.6172,-1.7674,1,0
2021-08-23,sz.300750,506.961925,525.2527097,503.96030885,523.9275815,496.02961735,16224431.0,8359923041.06,0.7993,5.6243,1,0
2021-08-24,sz.300750,518.406214,542.1982885,517.1212412,525.031855,523.9275815,13313712.0,7011227150.0,0.6559,0.2108,1,0
2021-08-25,sz.300750,526.03574,534.267597,513.186012,532.2999824,525.031855,9530347.0,4963866861.09,0.4695,1.3843,1,0
2021-08-26,sz.300750,542.0778223,561.1114819,522.91365765,523.024085,532.2999824,16798255.0,8951110526.85,0.8276,-1.7426,1,0
2021-08-27,sz.300750,522.0202,526.03574,503.95027,509.4716375,523.024085,11958157.0,6098898952.57,0.5891,-2.5912,1,0
2021-08-30,sz.300750,509.42144325,527.842733,500.7980711,507.2028574,509.4716375,15714333.0,8036791726.73,0.7742,-0.4453,1,0
2021-08-31,sz.300750,513.9288869,513.9288869,487.73752725,496.79256995,507.2028574,14762087.0,7288932626.77,0.7273,-2.0525,1,0
2021-09-01,sz.300750,493.91142,495.91919,473.3317775,490.60863835,496.79256995,14462675.0,7006043909.9,0.7125,-1.2448,1,0
2021-09-02,sz.300750,493.91142,498.03738735,487.6672553,495.4172475,490.60863835,11464887.0,5637614465.94,0.5648,0.9801,1,0
2021-09-03,sz.300750,499.93473,505.8375738,482.7482188,488.3900525,495.4172475,11282023.0,5523301032.38,0.5558,-1.4184,1,0
2021-09-06,sz.300750,494.915305,520.01243,484.876455,518.1050485,488.3900525,14791957.0,7471544141.65,0.7288,6.0843,1,0
2021-09-07,sz.300750,517.000775,528.7060741,511.98135,516.00692885,518.1050485,9422232.0,4866454172.22,0.4642,-0.405,1,0
2021-09-08,sz.300750,521.016315,525.6141083,501.9425,504.954155,516.00692885,9739395.0,4960557751.53,0.4798,-2.142,1,0
2021-09-09,sz.300750,511.4794075,520.9962373,492.706758,509.170472,504.954155,11016209.0,5541869353.34,0.5427,0.835,1,0
2021-09-10,sz.300750,495.3570144,505.7371853,492.5862918,504.0506585,509.170472,11296936.0,5625272662.43,0.5566,-1.0055,1,0
2021-09-13,sz.300750,504.0506585,514.0895085,497.92696,504.753378,504.0506585,8968966.0,4498932655.14,0.4419,0.1394,1,0
2021-09-14,sz.300750,509.0901612,543.101785,504.8738442,531.9586615,504.753378,23383657.0,12347086768.78,1.1521,5.3898,1,0
2021-09-15,sz.300750,532.05905,534.05678115,513.79838185,527.39098475,531.9586615,10501454.0,5470153200.69,0.5174,-0.8587,1,0
2021-09-16,sz.300750,525.031855,525.031855,499.93473,499.93473,527.39098475,11260408.0,5712849969.45,0.5548,-5.2061,1,0
2021-09-17,sz.300750,498.930845,510.977465,494.04192505,504.954155,499.93473,8193837.0,4095076761.76,0.4037,1.004,1,0
2021-09-22,sz.300750,496.521521,502.946385,489.9962685,495.22650935,504.954155,6423920.0,3170987210.07,0.316,-1.9264,1,0
2021-09-23,sz.300750,506.8213811,506.8213811,493.710643,494.90526615,495.22650935,7971421.0,3955499103.71,0.3921,-0.0649,1,0
2021-09-24,sz.300750,496.79256995,514.50110135,492.4055925,501.9224223,494.90526615,10262492.0,5155614316.07,0.5039,1.4179,1,0
2021-09-27,sz.300750,506.961925,521.819423,501.73168415,515.4949475,501.9224223,14496264.0,7441411134.81,0.7117,2.7041,1,0
2021-09-28,sz.300750,513.98912,519.96223575,500.135507,502.37417055,515.4949475,9222505.0,4682091359.49,0.4528,-2.5453,1,0
2021-09-29,sz.300750,497.92696,513.788343,495.91919,504.46225135,502.37417055,9395464.0,4739177462.63,0.4613,0.4156,1,0
2021-09-30,sz.300750,506.961925,534.5687625,503.96030885,527.77246105,504.46225135,16714235.0,8696962248.11,0.8206,4.6208,1,0
2021-10-08,sz.300750,536.07459,552.20702195,524.9314665,536.07459,527.77246105,12516925.0,6710477515.55,0.6145,1.5731,1,0
2021-10-11,sz.300750,537.078475,539.688576,520.0726631,523.024085,536.07459,7830888.0,4112416011.4,0.3845,-2.4345,1,0
2021-10-12,sz.300750,523.6063383,524.6503787,500.8181488,506.961925,523.024085,9590683.0,4879529812.42,0.4709,-3.071,1,0
2021-10-13,sz.300750,506.961925,524.5299125,505.95804,524.2889801,506.961925,7652244.0,3950317431.22,0.3757,3.4178,1,0
2021-10-14,sz.300750,527.039625,536.9580088,527.039625,534.3679855,524.2889801,7841554.0,4161069009.13,0.385,1.9224,1,0
2021-10-15,sz.300750,534.06682,581.11890995,530.1516685,571.210565,534.3679855,22951299.0,12822713734.87,1.1268,6.8946,1,0
2021-10-18,sz.300750,583.257185,597.5525074,572.21445,597.3316527,571.210565,18670216.0,10933506377.62,0.9166,4.5729,1,0
2021-10-19,sz.300750,606.34654,617.3691973,587.272725,592.894481,597.3316527,15088955.0,8990013549.6,0.7408,-0.7428,1,0
2021-10-20,sz.300750,597.311575,615.7629813,589.280495,591.7902075,592.894481,12466583.0,7444464950.09,0.6121,-0.1863,1,0
2021-10-21,sz.300750,592.29215,601.327115,582.2533,598.31546,591.7902075,10142297.0,6008461971.03,0.4979,1.1026,1,0
2021-10-22,sz.300750,608.3342323,608.3342323,592.62343205,603.736439,598.31546,11021603.0,6612493209.14,0.5411,0.906,1,0
2021-10-25,sz.300750,614.37762,627.5887466,605.67393705,613.14284145,603.736439,14052090.0,8636989621.97,0.6899,1.558,1,0
2021-10-26,sz.300750,638.2299276,640.9604948,598.24518805,600.31319115,613.14284145,14827692.0,9075608784.6,0.728,-2.0924,1,0
2021-10-27,sz.300750,600.31319115,617.4294304,595.47446545,617.4294304,600.31319115,13548574.0,8191755889.74,0.6652,2.8512,1,0
2021-10-28,sz.300750,627.428125,637.466975,605.27238305,609.558972,617.4294304,17282868.0,10650216882.86,0.8485,-1.2747,1,0
2021-10-29,sz.300750,617.68040165,647.99772865,601.2668819,641.7033697,609.558972,20268702.0,12687999698.06,0.9951,5.2734,1,0
2021-11-01,sz.300750,643.490285,681.637915,633.58194005,652.52525,641.7033697,22179659.0,14502525103.64,1.0889,1.6864,1,0
2021-11-02,sz.300750,657.544675,668.3464776,650.51748,660.55633,652.52525,13140789.0,8630072694.35,0.6452,1.2308,1,0
2021-11-03,sz.300750,653.529135,658.5686377,630.43978,642.4864,660.55633,12760630.0,8165156864.72,0.6265,-2.7356,1,0
2021-11-04,sz.300750,650.51748,657.544675,638.52105425,649.36301225,642.4864,9201009.0,5951843600.42,0.4517,1.0703,1,0
2021-11-05,sz.300750,641.482515,652.3043953,636.45305115,636.55343965,649.36301225,8555085.0,5465118685.46,0.42,-1.9726,1,0
2021-11-08,sz.300750,639.474745,667.5634473,633.451435,663.367208,636.55343965,12269565.0,8026800882.27,0.6024,4.2123,1,0
2021-11-09,sz.300750,670.3341699,670.59518,655.66741005,665.8568428,663.367208,6674583.0,4413176640.35,0.3277,0.3753,1,0
2021-11-10,sz.300750,653.65964005,659.02038595,637.466975,650.51748,665.8568428,12739826.0,8216658651.91,0.6255,-2.3037,1,0
2021-11-11,sz.300750,653.529135,667.71403005,652.6256385,658.39797725,650.51748,7701413.0,5069135677.35,0.3781,1.2114,1,0
2021-11-12,sz.300750,659.552445,664.4313261,636.3827792,643.490285,658.39797725,11420150.0,7312301472.1,0.5607,-2.2642,1,0
2021-11-15,sz.300750,643.48024615,643.48024615,610.3219246,622.4087,643.490285,14007599.0,8684428486.27,0.6871,-3.2761,1,0
2021-11-16,sz.300750,622.4087,627.5485912,609.358195,617.35915845,622.4087,8433513.0,5202056654.99,0.4137,-0.8113,1,0
2021-11-17,sz.300750,625.420355,632.87922055,619.9592206,628.3115438,617.35915845,7561643.0,4721304801.75,0.3709,1.7741,1,0
2021-11-18,sz.300750,628.3115438,639.1334241,615.97379715,628.43201,628.3115438,7527274.0,4697499805.41,0.3692,0.0192,1,0
2021-11-19,sz.300750,633.451435,641.482515,622.45889425,641.482515,628.43201,8456790.0,5343617369.66,0.4148,2.0767,1,0
2021-11-22,sz.300750,647.49578615,683.645685,644.60459735,683.645685,641.482515,15308991.0,10215261575.49,0.7509,6.5728,1,0
2021-11-23,sz.300750,682.95300435,682.95300435,668.58741,674.61072,683.645685,9931174.0,6671378514.59,0.4871,-1.3216,1,0
2021-11-24,sz.300750,672.77361045,678.425483,652.8665709,661.359438,674.61072,8550354.0,5653890107.47,0.4194,-1.9643,1,0
2021-11-25,sz.300750,655.536905,661.0582725,647.79695165,656.54079,661.359438,5822028.0,3798078532.39,0.2856,-0.7286,1,0
2021-11-26,sz.300750,653.529135,671.398288,653.529135,660.55633,656.54079,5850222.0,3865245640.55,0.287,0.6116,1,0
2021-11-29,sz.300750,656.54079,687.1592825,655.536905,682.441023,660.55633,11465261.0,7758115212.05,0.5624,3.3131,1,0
2021-11-30,sz.300750,687.4202926,688.3237891,675.94588705,682.6418,682.441023,7188131.0,4874671005.49,0.3526,0.0294,1,0
2021-12-01,sz.300750,682.6418,687.65118615,666.69006735,674.61072,682.6418,6984571.0,4696868393.24,0.3426,-1.1765,1,0
2021-12-02,sz.300750,674.5906423,691.877542,671.599065,690.67288,674.61072,9178956.0,6268320478.24,0.4502,2.381,1,0
2021-12-03,sz.300750,691.6366096,694.68842,673.606835,689.668995,690.67288,8078164.0,5501798477.22,0.3962,-0.1453,1,0
2021-12-06,sz.300750,678.7266485,682.842577,658.54856,659.8335328,689.668995,11261215.0,7509355191.61,0.5524,-4.3261,1,0
2021-12-07,sz.300750,664.57187,665.575755,614.578397,631.443665,659.8335328,22139147.0,13913426092.22,1.086,-4.3026,1,0
2021-12-08,sz.300750,637.25615915,647.2849703,628.68298125,641.482515,631.443665,11886602.0,7580712087.91,0.5831,1.5898,1,0
2021-12-09,sz.300750,641.482515,642.4864,625.3199665,636.262313,641.482515,13427209.0,8443913158.9,0.6586,-0.8138,1,0
2021-12-10,sz.300750,624.6373247,655.8983036,623.5932843,642.43620575,636.262313,21384418.0,13738235947.25,1.0489,0.9703,1,0
2021-12-13,sz.300750,642.3860115,663.2266641,632.5278608,660.9177286,642.43620575,16082778.0,10409792154.63,0.7889,2.8768,1,0
2021-12-14,sz.300750,659.8937659,659.8937659,646.4818623,653.53917385,660.9177286,8781080.0,5704000135.35,0.4307,-1.1164,1,0
2021-12-15,sz.300750,651.95303555,663.567985,649.46340075,651.521365,653.53917385,7048016.0,4606545054.18,0.3457,-0.3088,1,0
2021-12-16,sz.300750,659.8536105,659.8536105,649.5939058,657.6049081,651.521365,6150222.0,4018260859.3,0.3017,0.9337,1,0
2021-12-17,sz.300750,653.53917385,656.53075115,642.1852345,653.71987315,657.6049081,13649081.0,8863377800.11,0.6695,-0.5908,1,0
2021-12-20,sz.300750,651.521365,651.521365,610.0408368,612.58066585,653.71987315,15511352.0,9648533093.77,0.7609,-6.2931,1,0
2021-12-21,sz.300750,608.35431,617.07807065,596.3880008,606.41681195,612.58066585,12565780.0,7553655489.85,0.6164,-1.0062,1,0
2021-12-22,sz.300750,611.165188,619.397045,605.342655,612.6107824,606.41681195,8361840.0,5103433201.98,0.4102,1.0214,1,0
2021-12-23,sz.300750,621.3847373,633.250658,614.4579308,624.48674195,612.6107824,7971819.0,4954754967.52,0.391,1.9386,1,0
2021-12-24,sz.300750,626.42424,627.67909625,565.187255,579.040868,624.48674195,24608084.0,14321299320.47,1.2071,-7.2773,1,0
2021-12-27,sz.300750,576.430767,590.27434115,575.7280475,580.847861,579.040868,10183543.0,5915820121.37,0.4995,0.3121,1,0
2021-12-28,sz.300750,580.24553,589.5615828,572.12410035,587.272725,580.847861,9659574.0,5589310230.32,0.4738,1.1061,1,0
2021-12-29,sz.300750,587.272725,588.26657115,571.9935953,577.78601175,587.272725,9963963.0,5731323286.03,0.4888,-1.6154,1,0
2021-12-30,sz.300750,579.241645,598.60658665,577.80608945,592.29215,577.78601175,12420946.0,7323088709.6,0.6093,2.5106,1,0
2021-12-31,sz.300750,600.6243955,608.34427115,584.26107,590.28438,592.29215,9371117.0,5540408920.97,0.4597,-0.339,1,0
2022-01-04,sz.300750,608.35431,609.358195,563.179485,571.0900988,590.28438,17456845.0,9975828427.53,0.8563,-3.2517,1,0
2022-01-05,sz.300750,568.600464,569.0823288,542.0979,549.6270375,571.0900988,16657881.0,9167983226.16,0.8171,-3.7583,1,0
2022-01-06,sz.300750,540.60211135,549.125095,533.85600415,543.57361095,549.6270375,13882602.0,7480050944.24,0.681,-1.1014,1,0
2022-01-07,sz.300750,552.13675,558.16006,530.05128,541.9975115,543.57361095,13169468.0,7135966663.6,0.646,-0.29,1,0
2022-01-10,sz.300750,537.0583973,551.132865,526.2766724,540.491684,541.9975115,14862906.0,7964179734.57,0.7291,-0.2778,1,0
2022-01-11,sz.300750,543.21221235,552.0363615,538.49395285,538.7850795,540.491684,8472277.0,4582697695.68,0.4156,-0.3158,1,0
2022-01-12,sz.300750,553.140635,572.1742946,553.0402465,567.2351804,538.7850795,19164163.0,10752974048.44,0.94,5.2804,1,0
2022-01-13,sz.300750,573.218335,584.26107,556.8951649,567.195025,567.2351804,13899742.0,7924626260.7,0.6818,-0.0071,1,0
2022-01-14,sz.300750,559.2241781,583.056408,558.16006,579.643199,567.195025,11612818.0,6663124572.02,0.5696,2.1947,1,0
2022-01-17,sz.300750,591.1477211,610.8640225,581.048638,609.20761225,579.643199,14352844.0,8591412091.32,0.704,5.1005,1,0
2022-01-18,sz.300750,609.20761225,610.13118645,588.27661,589.079718,609.20761225,10701672.0,6345099027.84,0.5249,-3.3039,1,0
2022-01-19,sz.300750,591.7902075,597.311575,560.6697725,572.20441115,589.079718,14487439.0,8273655033.16,0.7106,-2.8647,1,0
2022-01-20,sz.300750,568.19891,580.24553,565.53861475,571.34107005,572.20441115,8065361.0,4600905692.78,0.3956,-0.1509,1,0
2022-01-21,sz.300750,565.187255,581.851746,554.14452,571.70246865,571.34107005,9917398.0,5620817937.89,0.4865,0.0633,1,0
2022-01-24,sz.300750,566.19114,594.5609301,561.18175385,583.24714615,571.70246865,11562129.0,6686725178.48,0.5671,2.0194,1,0
2022-01-25,sz.300750,575.43692085,585.59623705,567.195025,567.797356,583.24714615,7199229.0,4119696709.72,0.3531,-2.6489,1,0
2022-01-26,sz.300750,574.021443,592.894481,568.7008525,589.7824375,567.797356,11603676.0,6718821593.41,0.5692,3.872,1,0
2022-01-27,sz.300750,587.272725,597.30153615,572.21445,577.22383615,589.7824375,12948188.0,7546107243.45,0.6351,-2.1294,1,0
2022-01-28,sz.300750,596.910021,606.34654,572.6561594,594.902251,577.22383615,24331734.0,14395957436.72,1.1935,3.0627,1,0
2022-02-07,sz.300750,608.35431,612.3497723,576.4106893,581.6911244,594.902251,14528859.0,8588397059.17,0.7127,-2.2207,1,0
2022-02-08,sz.300750,581.6911244,581.6911244,523.8472707,542.9612411,581.6911244,20650297.0,11166726687.48,1.0129,-6.6582,1,0
2022-02-09,sz.300750,541.094015,553.0402465,529.047395,549.325872,542.9612411,11494712.0,6212329182.12,0.5638,1.1722,1,0
2022-02-10,sz.300750,553.943743,554.14452,501.83207265,520.1128185,549.325872,29233587.0,14959750643.43,1.434,-5.318,1,0
2022-02-11,sz.300750,507.96581,515.5752583,490.899765,491.89361115,520.1128185,23979847.0,11994983924.84,1.1763,-5.4256,1,0
2022-02-14,sz.300750,487.88811,514.88257765,486.9444581,509.97358,491.89361115,19628564.0,9914026667.42,0.9628,3.6756,1,0
2022-02-15,sz.300750,521.016315,532.39033205,512.985235,529.047395,509.97358,15150828.0,7915477348.15,0.7432,3.7402,1,0
2022-02-16,sz.300750,530.05128,544.53734055,526.02570115,532.862158,529.047395,12706794.0,6783859294.81,0.6233,0.7211,1,0
2022-02-17,sz.300750,532.0389723,545.6114975,527.6218783,537.078475,532.862158,10747219.0,5758516460.83,0.5272,0.7913,1,0
2022-02-18,sz.300750,532.05905,537.078475,525.0117773,529.5493375,537.078475,11384779.0,5993089911.6,0.5584,-1.4019,1,0
2022-02-21,sz.300750,528.5454525,528.5454525,507.43375095,511.98135,529.5493375,15630631.0,8011219920.84,0.7667,-3.3175,1,0
2022-02-22,sz.300750,508.61833525,509.97358,494.28285745,505.95804,511.98135,13632851.0,6788745089.24,0.6687,-1.1765,1,0
2022-02-23,sz.300750,507.96581,521.06650925,504.4321348,521.016315,505.95804,15433230.0,7922652049.15,0.757,2.9762,1,0
2022-02-24,sz.300750,509.97358,523.6063383,502.946385,509.6724145,521.016315,16160023.0,8252994692.46,0.7927,-2.1773,1,0
2022-02-25,sz.300750,523.024085,537.078475,522.91365765,530.854388,509.6724145,16967238.0,8978907317.42,0.8323,4.156,1,0
2022-02-28,sz.300750,526.03574,538.5843025,526.03574,535.4321036,530.854388,9965701.0,5284369408.0,0.4888,0.8623,1,0
2022-03-01,sz.300750,541.294792,550.2092908,532.05905,538.2630593,535.4321036,9749032.0,5244201472.0,0.4782,0.5287,1,0
2022-03-02,sz.300750,533.062935,533.85600415,510.8569988,515.8362684,538.2630593,13412932.0,6925800192.0,0.6579,-4.1665,1,0
2022-03-03,sz.300750,519.209322,520.815538,508.93957845,514.98296615,515.8362684,8698927.0,4456406528.0,0.4267,-0.1654,1,0
2022-03-04,sz.300750,506.961925,510.977465,489.89588,493.70060415,514.98296615,16283350.0,8081812224.0,0.7987,-4.1326,1,0
2022-03-07,sz.300750,476.845375,486.884225,455.77382885,456.65724765,493.70060415,24599264.0,11425969408.0,1.2066,-7.5032,1,0
2022-03-08,sz.300750,465.7825623,468.2721971,444.73109385,457.21942325,456.65724765,22754060.0,10355465472.0,1.1161,0.1231,1,0
2022-03-09,sz.300750,457.77156,475.84149,449.74048,475.30943095,457.21942325,23457419.0,10851981824.0,1.1506,3.9565,1,0
2022-03-10,sz.300750,491.90365,507.51406175,487.19542935,492.71679685,475.30943095,23961693.0,11860996864.0,1.1754,3.6623,1,0
2022-03-11,sz.300750,482.69802455,496.923075,475.9418785,495.46744175,492.71679685,17102172.0,8275316992.0,0.8389,0.5583,1,0
2022-03-14,sz.300750,484.876455,489.12288855,464.798755,464.798755,495.46744175,16291014.0,7715325184.0,0.7991,-6.1898,1,0
2022-03-15,sz.300750,462.790985,483.15981165,452.350581,464.999532,464.798755,21268688.0,9944131840.0,1.0433,0.0432,1,0
2022-03-16,sz.300750,478.050037,505.42598095,470.31008365,505.0545435,464.999532,28223653.0,13816433664.0,1.3844,8.614,1,0
2022-03-17,sz.300750,519.5104875,537.078475,517.1011635,526.5376825,505.0545435,27630079.0,14545565696.0,1.3553,4.2536,1,0
2022-03-18,sz.300750,521.016315,526.50756595,505.95804,512.4832925,526.5376825,16391807.0,8401871659.77,0.804,-2.6692,1,0
2022-03-21,sz.300750,522.0202,536.275367,519.610876,522.0202,512.4832925,13634076.0,7164824307.35,0.6688,1.8609,1,0
2022-03-22,sz.300750,522.0202,522.0202,508.969695,514.993005,522.0202,10228257.0,5229898248.47,0.5017,-1.3462,1,0
2022-03-23,sz.300750,522.0202,525.0117773,511.8809615,517.29190165,514.993005,8410966.0,4336729378.45,0.4126,0.4464,1,0
2022-03-24,sz.300750,511.93115575,519.6911868,500.3162063,515.99689,517.29190165,8480580.0,4303359299.21,0.416,-0.2503,1,0
2022-03-25,sz.300750,513.9088092,520.1931293,503.95027,504.02054195,515.99689,9283639.0,4724122668.33,0.4554,-2.321,1,0
2022-03-28,sz.300750,510.8569988,510.8569988,479.9373408,488.891995,504.02054195,14946512.0,7277413365.95,0.7332,-3.0016,1,0
2022-03-29,sz.300750,488.891995,501.9425,483.87257,488.7916065,488.891995,11235947.0,5508775198.92,0.5511,-0.0205,1,0
2022-03-30,sz.300750,493.91142,521.016315,493.91142,521.016315,488.7916065,16216979.0,8276504323.97,0.7955,6.5927,1,0
2022-03-31,sz.300750,517.15135775,520.01243,505.10473775,514.2902855,521.016315,9623922.0,4899473611.96,0.4721,-1.2909,1,0
2022-04-01,sz.300750,509.97358,526.5376825,507.09243005,520.9159265,514.2902855,9518241.0,4923473198.49,0.4669,1.2883,1,0
2022-04-06,sz.300750,518.5266802,520.01243,504.954155,510.14424045,520.9159265,8542810.0,4336158375.45,0.419,-2.0678,1,0
2022-04-07,sz.300750,502.49463675,506.961925,488.94218925,497.1439297,510.14424045,11958082.0,5909983777.64,0.5866,-2.5484,1,0
2022-04-08,sz.300750,494.6141395,506.83141995,490.899765,496.923075,497.1439297,9357130.0,4635752788.29,0.459,-0.0444,1,0
2022-04-11,sz.300750,477.11642395,479.85703,453.8564085,460.783215,496.923075,20738205.0,9541686135.04,1.0172,-7.2727,1,0
2022-04-12,sz.300750,462.56009145,474.6167503,462.2890425,473.83372,460.783215,12498201.0,5825410117.32,0.6131,2.8322,1,0
2022-04-13,sz.300750,467.69998265,483.671793,463.79487,467.81041,473.83372,9523122.0,4479994702.53,0.4671,-1.2712,1,0
2022-04-14,sz.300750,476.845375,477.84926,455.76379,461.586323,467.81041,13752370.0,6360122750.6,0.6746,-1.3305,1,0
2022-04-15,sz.300750,452.8926789,458.76540615,434.45131145,452.6115911,461.586323,19989104.0,8854163487.94,0.9805,-1.9443,1,0
2022-04-18,sz.300750,443.71717,453.7359423,436.9911405,452.752135,452.6115911,11957617.0,5318801159.41,0.5865,0.0311,1,0
2022-04-19,sz.300750,452.2100371,461.3654683,440.15337825,441.9704101,452.752135,14382133.0,6429594317.75,0.7055,-2.3814,1,0
2022-04-20,sz.300750,440.71555385,444.721055,407.3564553,408.581195,441.9704101,31199615.0,12923538889.37,1.5304,-7.5546,1,0
2022-04-21,sz.300750,413.4801538,419.1219875,400.4497265,410.69939235,408.581195,21116568.0,8609961842.96,1.0358,0.5184,1,0
2022-04-22,sz.300750,409.58508,424.8240543,406.573425,416.9535959,410.69939235,20136651.0,8387810458.14,0.9877,1.5228,1,0
2022-04-25,sz.300750,399.345453,407.6776985,391.51515,391.6155385,416.9535959,21316508.0,8439172173.31,1.0456,-6.0769,1,0
2022-04-26,sz.300750,387.61003735,393.52292,378.464645,378.464645,391.6155385,18510510.0,7103865395.41,0.908,-3.3581,1,0
2022-04-27,sz.300750,368.425795,410.3480326,368.1647849,408.63138925,378.464645,31612406.0,12266669602.13,1.5506,7.9708,1,0
2022-04-28,sz.300750,401.5339223,404.0637125,383.48407,389.0054375,408.63138925,25917727.0,10137614863.28,1.2713,-4.8028,1,0
2022-04-29,sz.300750,395.53069,411.5727723,376.4769527,410.94032475,389.0054375,33647657.0,13205553635.41,1.6505,5.6387,1,0
2022-05-05,sz.300750,366.418025,386.7768128,354.371405,377.46076,410.94032475,60277207.0,22255526266.58,2.9567,-8.1471,1,0
2022-05-06,sz.300750,363.40637,388.23244605,363.2256707,377.45072115,377.46076,24080095.0,9064522986.78,1.1812,-0.0027,1,0
2022-05-09,sz.300750,375.45299,378.4244896,365.12301335,369.9316225,377.45072115,16668032.0,6152776454.92,0.8176,-1.9921,1,0
2022-05-10,sz.300750,360.6958805,386.495725,358.5274889,380.64307545,369.9316225,24437791.0,9143581643.03,1.1987,2.8955,1,0
2022-05-11,sz.300750,381.44618345,420.4069603,380.9743575,411.34187875,380.64307545,31753974.0,12827256128.61,1.5576,8.065,1,0
2022-05-12,sz.300750,405.971094,410.789742,399.4257638,405.07763635,411.34187875,13420805.0,5425822344.43,0.6583,-1.5229,1,0
2022-05-13,sz.300750,408.581195,420.07567825,402.06598135,416.411498,405.07763635,14854635.0,6105079498.16,0.7286,2.7979,1,0
2022-05-16,sz.300750,418.61000615,429.462003,408.59123385,408.59123385,416.411498,14387809.0,5996721399.56,0.7057,-1.878,1,0
2022-05-17,sz.300750,411.5727723,426.2294933,409.83605125,424.2016456,408.59123385,13889853.0,5834497816.13,0.6813,3.8205,1,0
2022-05-18,sz.300750,426.0889494,427.65501,416.0500994,420.627815,424.2016456,10712014.0,4495183512.14,0.5254,-0.8425,1,0
2022-05-19,sz.300750,416.06013825,423.5390815,410.2476441,420.627815,420.627815,12632956.0,5249401699.08,0.6197,0.0,1,0
2022-05-20,sz.300750,429.66278,433.67832,419.1219875,428.5585065,420.627815,15826754.0,6751273074.24,0.7763,1.8854,1,0
2022-05-23,sz.300750,428.5585065,428.5585065,411.59285,418.3188795,428.5585065,13791772.0,5750871726.51,0.6765,-2.3893,1,0
2022-05-24,sz.300750,415.2670691,415.27710795,403.39110955,403.6019254,418.3188795,15012680.0,6109883602.38,0.7364,-3.5181,1,0
2022-05-25,sz.300750,406.0714825,407.6375431,396.0326325,400.5300373,403.6019254,13934882.0,5567079615.28,0.6835,-0.7611,1,0
2022-05-26,sz.300750,400.03813365,403.39110955,390.3907988,391.52518885,400.5300373,14059810.0,5535883498.89,0.6897,-2.2482,1,0
2022-05-27,sz.300750,397.53846,410.7295089,393.65342505,395.932244,391.52518885,18780191.0,7541807254.37,0.9212,1.1256,1,0
2022-05-30,sz.300750,403.85289665,408.781972,400.349338,403.360993,395.932244,12529544.0,5046715321.41,0.6146,1.8763,1,0
2022-05-31,sz.300750,401.4536115,413.59058115,395.0287475,409.58508,403.360993,17799522.0,7205121141.27,0.8731,1.5431,1,0
2022-06-01,sz.300750,411.6932385,432.674435,407.57731,426.68124155,409.58508,19178459.0,8078892455.68,0.9407,4.174,1,0
2022-06-02,sz.300750,424.4225003,445.5040853,422.64562385,438.496968,426.68124155,17447774.0,7640886792.45,0.8558,2.7692,1,0
2022-06-06,sz.300750,438.697745,470.83210385,438.697745,467.80037115,438.496968,19037806.0,8745175350.15,0.9338,6.6827,1,0
2022-06-07,sz.300750,466.99726315,468.80425615,452.551358,460.783215,467.80037115,12759509.0,5850493850.2,0.6259,-1.5,1,0
2022-06-08,sz.300750,457.77156,461.7871,427.64497115,461.7871,460.783215,40541428.0,17870045928.19,1.9886,0.2179,1,0
2022-06-09,sz.300750,446.73886385,449.74048,432.1724925,433.02579475,461.7871,20255738.0,8867551604.39,0.9936,-6.2283,1,0
2022-06-10,sz.300750,429.63266345,457.570783,429.63266345,455.76379,433.02579475,24766336.0,11049948030.43,1.2148,5.251,1,0
2022-06-13,sz.300750,445.73497885,455.9444893,439.9626401,444.75117155,455.76379,18621582.0,8285211256.47,0.9134,-2.4163,1,0
2022-06-14,sz.300750,439.9224847,444.319501,430.3654995,443.5364707,444.75117155,17481068.0,7624999753.26,0.8575,-0.2731,1,0
2022-06-15,sz.300750,453.75602,479.85703,447.84313735,467.4690891,443.5364707,37861947.0,17488407041.32,1.8572,5.3959,1,0
2022-06-16,sz.300750,467.81041,475.95191735,456.27577135,462.0882655,467.4690891,24020226.0,11103375000.06,1.1782,-1.1511,1,0
2022-06-17,sz.300750,454.0571855,492.5862918,452.9729897,487.9483431,462.0882655,28293869.0,13595198657.59,1.3879,5.5964,1,0
2022-06-20,sz.300750,495.74852955,518.11508735,495.74852955,508.4878302,487.9483431,25114285.0,12753850232.89,1.2319,4.2094,1,0
2022-06-21,sz.300750,505.95804,514.8725388,498.03738735,509.82299725,508.4878302,14566608.0,7338298827.85,0.7145,0.2626,1,0
2022-06-22,sz.300750,515.99689,524.27894125,508.8693065,508.969695,509.82299725,14663173.0,7542601018.55,0.7193,-0.1674,1,0
2022-06-23,sz.300750,517.000775,539.05612845,513.8686538,539.05612845,508.969695,17713862.0,9275986878.06,0.8689,5.9112,1,0
2022-06-24,sz.300750,550.12898,565.6891975,531.84823415,565.6891975,539.05612845,19301235.0,10593589950.88,0.9468,4.9407,1,0
2022-06-27,sz.300750,566.18110115,567.16490845,547.10728615,551.132865,565.6891975,16623983.0,9200423080.16,0.8154,-2.5732,1,0
2022-06-28,sz.300750,547.117325,551.4942636,527.1400135,546.11344,551.132865,18643267.0,9996283502.41,0.9145,-0.9107,1,0
2022-06-29,sz.300750,535.06066615,544.6076125,528.03347115,534.6089179,546.11344,14582986.0,7781239268.3,0.7153,-2.1066,1,0
2022-06-30,sz.300750,534.5888402,541.897123,528.71611295,536.07459,534.6089179,13076119.0,6974435836.01,0.6414,0.2742,1,0
2022-07-01,sz.300750,535.0506273,538.08236,519.7112645,524.6704564,536.07459,12292780.0,6449278118.4,0.603,-2.1273,1,0
2022-07-04,sz.300750,511.99138885,527.71222795,511.98135,524.02797,524.6704564,12193209.0,6343210119.7,0.5981,-0.1225,1,0
2022-07-05,sz.300750,526.5376825,538.25302045,514.6717618,525.90523495,524.02797,15459404.0,8098493521.12,0.7583,0.3582,1,0
2022-07-06,sz.300750,529.15782235,535.5525698,516.5791433,524.02797,525.90523495,13081352.0,6860550182.04,0.6417,-0.357,1,0
2022-07-07,sz.300750,533.91623725,556.70442675,533.062935,552.13675,524.02797,24601436.0,13437832045.49,1.2067,5.364,1,0
2022-07-08,sz.300750,557.156175,567.16490845,537.30936855,543.101785,552.13675,16577009.0,9078792373.03,0.8131,-1.6364,1,0
2022-07-11,sz.300750,536.3155224,537.5804175,518.3058255,520.5143725,543.101785,13807042.0,7190790421.84,0.6773,-4.159,1,0
2022-07-12,sz.300750,521.016315,527.3407905,501.5610237,505.64683565,520.5143725,15130247.0,7699493189.28,0.7422,-2.8563,1,0
2022-07-13,sz.300750,510.2747455,545.34044855,503.71937645,541.094015,505.64683565,24564472.0,12933672939.76,1.2049,7.0103,1,0
2022-07-14,sz.300750,537.5804175,564.18337,532.31002125,558.17009885,541.094015,19955644.0,10980995202.09,0.9789,3.1558,1,0
2022-07-15,sz.300750,551.6348075,565.63900325,535.070705,535.070705,558.17009885,15862819.0,8689665142.01,0.7781,-4.1384,1,0
2022-07-18,sz.300750,544.10567,554.19471425,532.41040975,553.8031991,535.070705,14371055.0,7799775032.0,0.7049,3.5009,1,0
2022-07-19,sz.300750,552.6989256,552.6989256,526.03574,526.64810985,553.8031991,16308711.0,8687404438.98,0.8,-4.9034,1,0
2022-07-20,sz.300750,532.0389723,537.2190189,524.8913111,528.04351,526.64810985,7835906.0,4141353786.48,0.3844,0.265,1,0
2022-07-21,sz.300750,525.031855,540.14032425,520.2332847,523.024085,528.04351,8807088.0,4636560562.41,0.432,-0.9506,1,0
2022-07-22,sz.300750,539.8090422,546.10340115,528.0836654,534.06682,523.024085,14281747.0,7665508992.9,0.7005,2.1113,1,0
2022-07-25,sz.300750,534.06682,536.02439575,521.016315,523.77699875,534.06682,8648858.0,4524233836.32,0.4242,-1.9267,1,0
2022-07-26,sz.300750,523.8071153,530.05128,517.25174625,524.02797,523.77699875,7969269.0,4162433402.14,0.3909,0.0479,1,0
2022-07-27,sz.300750,523.5260275,524.1283585,513.186012,517.201552,524.02797,9335528.0,4814402385.88,0.4579,-1.3027,1,0
2022-07-28,sz.300750,520.5143725,528.7462295,515.0130827,517.603106,517.201552,9267516.0,4813731200.99,0.4546,0.0776,1,0
2022-07-29,sz.300750,525.98554575,526.03574,505.06458235,510.575911,517.603106,11912482.0,6111548922.46,0.5843,-1.3576,1,0
2022-08-01,sz.300750,509.84307495,537.881583,506.560371,536.9981642,510.575911,16299226.0,8555439339.95,0.7995,5.175,1,0
2022-08-02,sz.300750,524.3090578,534.5085294,521.46806325,525.90523495,536.9981642,12143004.0,6378119035.25,0.5956,-2.0657,1,0
2022-08-03,sz.300750,526.03574,535.9541238,500.737838,505.95804,525.90523495,17025569.0,8730930401.25,0.8351,-3.7929,1,0
2022-08-04,sz.300750,508.969695,511.06781465,497.0234635,502.8459965,505.95804,11365073.0,5688825506.53,0.5575,-0.6151,1,0
2022-08-05,sz.300750,501.9425,515.8965015,496.923075,507.61445025,502.8459965,12183074.0,6150342343.04,0.5976,0.9483,1,0
2022-08-08,sz.300750,497.92696,508.1465093,490.899765,503.4483275,507.61445025,8964693.0,4476021798.22,0.4397,-0.8207,1,0
2022-08-09,sz.300750,502.946385,520.614761,499.4327875,513.5474106,503.4483275,11307870.0,5783358776.0,0.5547,2.006,1,0
2022-08-10,sz.300750,512.0817385,514.792228,501.9425,505.9379623,513.5474106,8049083.0,4052412586.09,0.3948,-1.4817,1,0
2022-08-11,sz.300750,506.0985839,515.0130827,495.91919,511.98135,505.9379623,9800710.0,4937131682.22,0.4807,1.1945,1,0
2022-08-12,sz.300750,512.182127,513.98912,499.8544192,503.95027,511.98135,7383805.0,3710909399.38,0.3622,-1.5686,1,0
2022-08-15,sz.300750,506.85149765,525.031855,504.8336888,518.1050485,503.95027,13757541.0,7097079971.66,0.6748,2.8088,1,0
2022-08-16,sz.300750,521.9198115,540.09013,520.1931293,525.834963,518.1050485,16097367.0,8515873353.37,0.7896,1.492,1,0
2022-08-17,sz.300750,529.5292598,552.10663345,526.0156623,549.125095,525.834963,18350657.0,9888546881.2,0.9001,4.4292,1,0
2022-08-18,sz.300750,549.125095,562.1756,544.55741825,546.916548,549.125095,14280044.0,7867922329.73,0.7005,-0.4022,1,0
2022-08-19,sz.300750,551.132865,551.82554565,532.0791277,534.06682,546.916548,10769608.0,5767786048.97,0.5283,-2.3495,1,0
2022-08-22,sz.300750,536.07459,557.8187391,529.248172,553.67269405,534.06682,14305361.0,7811232130.16,0.7017,3.6711,1,0
2022-08-23,sz.300750,552.1166723,566.8537041,547.56907325,559.05351765,553.67269405,13156177.0,7304906011.24,0.666,0.9718,1,0
2022-08-24,sz.300750,575.25622155,577.233875,524.02797,526.03574,559.05351765,30068394.0,16294721095.13,1.5221,-5.906,1,0
2022-08-25,sz.300750,527.039625,528.57556905,507.05227465,515.99689,526.03574,18017523.0,9216432421.86,0.9121,-1.9084,1,0
2022-08-26,sz.300750,514.993005,520.9962373,504.954155,508.7488403,515.99689,12216984.0,6216728234.88,0.6184,-1.4047,1,0
2022-08-29,sz.300750,504.94411615,508.7488403,498.2482032,503.95027,508.7488403,11260993.0,5635359010.12,0.5701,-0.9432,1,0
2022-08-30,sz.300750,503.95027,503.95027,487.687333,493.4094775,503.95027,15616079.0,7672805176.83,0.7905,-2.0916,1,0
2022-08-31,sz.300750,483.56136565,491.702873,476.3635102,484.876455,493.4094775,17450158.0,8386004449.6,0.8834,-1.7294,1,0
2022-09-01,sz.300750,481.8648,486.884225,468.4729741,469.3563929,484.876455,15476559.0,7331268725.66,0.7835,-3.2008,1,0
2022-09-02,sz.300750,476.7249088,477.84926,463.5740153,468.0714201,469.3563929,11560877.0,5408298592.17,0.5852,-0.2738,1,0
2022-09-05,sz.300750,463.80490885,473.83372,460.79325385,470.1795786,468.0714201,9110009.0,4237267562.78,0.4612,0.4504,1,0
2022-09-06,sz.300750,469.81818,470.1795786,445.6044738,456.968452,470.1795786,27524567.0,12407748956.22,1.3933,-2.8098,1,0
2022-09-07,sz.300750,453.24403865,478.34116365,451.74825,475.7611792,456.968452,21677712.0,10095265237.23,1.0974,4.1125,1,0
2022-09-08,sz.300750,470.16953975,472.829835,450.2424225,451.2463075,475.7611792,21552631.0,9838886096.7,1.091,-5.1528,1,0
2022-09-09,sz.300750,454.358351,456.19546055,448.2346525,453.9768747,451.2463075,12246752.0,5523516959.15,0.62,0.6051,1,0
2022-09-13,sz.300750,460.783215,461.987877,448.58601225,458.68509535,453.9768747,10202890.0,4632953568.32,0.5165,1.0371,1,0
2022-09-14,sz.300750,451.74825,454.759905,429.9438678,435.9872555,458.68509535,25893786.0,11348915618.36,1.3108,-4.9485,1,0
2022-09-15,sz.300750,435.9872555,436.689975,412.797512,415.95974975,435.9872555,25383594.0,10651219569.99,1.285,-4.5936,1,0
2022-09-16,sz.300750,415.9095555,419.9250955,410.588965,411.59285,415.95974975,14963208.0,6192462419.52,0.7575,-1.0498,1,0
2022-09-19,sz.300750,411.22141255,423.237916,410.6291204,415.27710795,411.59285,13964359.0,5802232517.51,0.7057,0.8951,1,0
2022-09-20,sz.300750,419.62393,431.67055,416.612275,422.64562385,415.27710795,16569030.0,7024157606.9,0.8373,1.7744,1,0
2022-09-21,sz.300750,418.620045,425.1051421,414.97594245,421.9328655,422.64562385,8809861.0,3695152639.36,0.4452,-0.1686,1,0
2022-09-22,sz.300750,416.9134405,421.6317,407.57731,416.60223615,421.9328655,9642094.0,3992662500.77,0.4873,-1.2634,1,0
2022-09-23,sz.300750,417.5760046,426.450348,411.64304425,418.9613659,416.60223615,12018488.0,5009444372.51,0.6074,0.5663,1,0
2022-09-26,sz.300750,414.6446604,436.689975,414.6446604,430.3253441,418.9613659,18835151.0,8081168715.11,0.951,2.7124,1,0
2022-09-27,sz.300750,435.57566265,437.02125705,424.65339385,431.1686075,430.3253441,11561928.0,4948766642.95,0.5837,0.196,1,0
2022-09-28,sz.300750,429.308789,431.14868381,415.02195553,419.04358353,431.16879195,10697441.0,4464647185.61,0.5401,-2.8122,1,0
2022-09-29,sz.300750,426.51375754,427.8006785,417.32433756,421.265533,419.04358353,8894778.0,3723447020.59,0.4491,0.5302,1,0
2022-09-30,sz.300750,421.54704696,422.4720214,402.6655035,403.05761223,421.265533,11814011.0,4808089720.0,0.5965,-4.3222,1,0
2022-10-10,sz.300750,404.173614,406.6871315,393.34538061,394.98419402,403.05761223,11465353.0,4534844088.09,0.5789,-2.003,1,0
2022-10-11,sz.300750,406.184428,418.5509341,405.06842623,418.5509341,394.98419402,18444138.0,7582938837.51,0.9312,5.9665,1,0
2022-10-12,sz.300750,418.249312,440.64977996,415.72574043,440.19734681,418.5509341,18514747.0,7894831669.61,0.9348,5.1718,1,0
2022-10-13,sz.300750,436.346638,440.64977996,431.32965707,434.335824,440.19734681,10443411.0,4521426256.22,0.5273,-1.3316,1,0
2022-10-14,sz.300750,440.368266,444.73173238,430.89733206,439.27237237,434.335824,13565344.0,5900627937.71,0.6849,1.1366,1,0
2022-10-17,sz.300750,435.341231,435.341231,423.02499525,431.67149545,439.27237237,10537258.0,4492096854.77,0.532,-1.7303,1,0
2022-10-18,sz.300750,435.37139321,441.25302416,430.75657508,431.86252278,431.67149545,9101920.0,3937490986.73,0.4595,0.0443,1,0
2022-10-19,sz.300750,432.34511814,444.389894,432.00327976,433.67225538,431.86252278,12333044.0,5381599273.53,0.6227,0.4191,1,0
2022-10-20,sz.300750,422.55245396,425.96078369,406.184428,417.243905,433.67225538,17120183.0,7066412982.98,0.8644,-3.7882,1,0
2022-10-21,sz.300750,410.206056,419.21450272,409.4017304,415.233091,417.243905,8259882.0,3412503680.65,0.417,-0.4819,1,0
2022-10-24,sz.300750,408.81859434,416.238498,401.16744707,406.20453614,415.233091,14532727.0,5885833135.51,0.7337,-2.1743,1,0
2022-10-25,sz.300750,405.179021,410.27643449,394.09943586,403.8719919,406.20453614,14039050.0,5599142147.2,0.7088,-0.5742,1,0
2022-10-26,sz.300750,407.189835,410.76908392,400.23241856,403.22853142,403.8719919,14072386.0,5666134368.64,0.7105,-0.1593,1,0
2022-10-27,sz.300750,400.151986,404.24399249,392.10873,392.4103521,403.22853142,15281736.0,6026009209.1,0.7715,-2.6829,1,0
2022-10-28,sz.300750,387.3833171,389.5952125,366.973555,367.4762585,392.4103521,24071225.0,8960919232.89,1.2153,-6.3541,1,0
2022-10-31,sz.300750,361.94652,382.27584954,358.50802806,374.89616216,367.4762585,16554600.0,6168694636.81,0.8358,2.0192,1,0
2022-11-01,sz.300750,378.5357355,390.98267416,370.11042484,388.2881834,374.89616216,19916486.0,7598072350.39,1.0055,3.5722,1,0
2022-11-02,sz.300750,387.081695,398.53328073,382.06471407,393.6168405,388.2881834,14266969.0,5554821785.34,0.7203,1.3723,1,0
2022-11-03,sz.300750,392.10873,396.130358,383.09022921,386.19693684,393.6168405,14717451.0,5672637394.29,0.7431,-1.8851,1,0
2022-11-04,sz.300750,387.8860206,410.51773217,386.076288,406.5865908,386.19693684,20971141.0,8386135000.95,1.0579,5.2796,1,0
2022-11-07,sz.300750,410.206056,416.78141778,407.189835,412.7195735,406.5865908,14778112.0,6063354150.1,0.7455,1.5084,1,0
2022-11-08,sz.300750,412.7195735,425.0860796,405.6817245,412.0157886,412.7195735,12080878.0,4982583901.06,0.6094,-0.1705,1,0
2022-11-09,sz.300750,408.195242,409.78378506,397.135765,399.20690342,412.0157886,10941091.0,4370881066.72,0.5519,-3.1088,1,0
2022-11-10,sz.300750,395.124951,396.130358,386.076288,387.3833171,399.20690342,12924178.0,4995761138.03,0.652,-2.9618,1,0
2022-11-11,sz.300750,403.168207,407.88356583,396.35154754,404.65620936,387.3833171,19481969.0,7814365728.96,0.9828,4.4589,1,0
2022-11-14,sz.300750,406.2849687,410.206056,387.63466885,389.27348226,404.65620936,18481701.0,7242184171.94,0.9323,-3.8014,1,0
2022-11-15,sz.300750,390.25878112,399.62917436,380.043846,398.32214526,389.27348226,17273987.0,6711717380.45,0.8714,2.3245,1,0
2022-11-16,sz.300750,395.13500507,396.31133126,385.35239496,386.14666649,398.32214526,13603663.0,5261351647.15,0.6862,-3.0567,1,0
2022-11-17,sz.300750,383.68341934,384.05541993,372.01064407,377.14827384,386.14666649,14217164.0,5314975792.28,0.7172,-2.3303,1,0
2022-11-18,sz.300750,380.043846,389.092509,373.005997,382.84893153,377.14827384,16407334.0,6269734685.99,0.8277,1.5115,1,0
2022-11-21,sz.300750,377.14827384,387.93629095,376.3238401,384.4676368,382.84893153,8038709.0,3060476255.98,0.4054,0.4228,1,0
2022-11-22,sz.300750,382.05466,384.94017809,375.016811,377.027625,384.4676368,9836241.0,3701483129.43,0.4961,-1.9351,1,0
2022-11-23,sz.300750,377.027625,384.96028623,375.5195145,381.57206464,377.027625,8829427.0,3343581161.43,0.4453,1.2053,1,0
2022-11-24,sz.300750,385.19152984,385.29207054,377.03767907,378.65638434,381.57206464,8546530.0,3229088100.3,0.4311,-0.7641,1,0
2022-11-25,sz.300750,375.07713542,377.027625,373.005997,374.2124854,378.65638434,6138945.0,2286870202.57,0.3096,-1.1736,1,0
2022-11-28,sz.300750,366.973555,374.32308017,361.96662814,372.31226617,374.2124854,11114051.0,4052491291.77,0.5605,-0.5078,1,0
2022-11-29,sz.300750,374.02145807,383.4622298,369.4870725,379.9433053,372.31226617,11717222.0,4394005281.68,0.591,2.0496,1,0
2022-11-30,sz.300750,381.049253,387.081695,374.18232319,387.081695,379.9433053,14041956.0,5331830945.84,0.7082,1.8788,1,0
2022-12-01,sz.300750,399.29739005,404.32442505,397.05533244,397.38711675,387.081695,20937498.0,8341109690.93,1.056,2.6623,1,0
2022-12-02,sz.300750,399.146579,401.44896103,393.9184626,393.99889516,397.38711675,8292566.0,3280784282.21,0.4182,-0.8526,1,0
2022-12-05,sz.300750,393.99889516,399.01587609,390.097916,394.43122017,393.99889516,12098474.0,4739442183.97,0.6102,0.1097,1,0
2022-12-06,sz.300750,391.22397184,406.22464428,391.103323,402.18290814,394.43122017,13661164.0,5426417622.55,0.689,1.9653,1,0
2022-12-07,sz.300750,402.1628,423.96002376,401.157393,420.57180217,402.18290814,24410839.0,10135126000.47,1.2312,4.5723,1,0
2022-12-08,sz.300750,420.58185624,427.297975,416.24855207,422.74348129,420.57180217,10433749.0,4388660430.77,0.5262,0.5164,1,0
2022-12-09,sz.300750,423.85948306,428.0017599,422.7736435,426.8958122,422.74348129,9353940.0,3960316858.9,0.4718,0.9822,1,0
2022-12-12,sz.300750,423.3768877,425.82002671,416.37925498,416.59039045,426.8958122,8789953.0,3671244196.23,0.4433,-2.414,1,0
2022-12-13,sz.300750,417.243905,418.1487713,404.22388435,407.60205187,416.59039045,11270707.0,4592141157.86,0.5684,-2.1576,1,0
2022-12-14,sz.300750,412.21687,414.17741365,401.43890696,404.4752361,407.60205187,9197282.0,3697346495.01,0.4639,-0.7671,1,0
2022-12-15,sz.300750,404.28420877,426.46348719,403.168207,426.0914866,404.4752361,17298775.0,7174962345.04,0.8725,5.3443,1,0
2022-12-16,sz.300750,420.77288357,425.0860796,416.11784916,420.27018007,426.0914866,8942249.0,3733194675.76,0.451,-1.3662,1,0
2022-12-19,sz.300750,421.265533,432.4255507,420.32045042,422.6731028,420.27018007,10105860.0,4284899628.35,0.5097,0.5718,1,0
2022-12-20,sz.300750,422.27094,422.8741842,411.211463,411.73427464,422.6731028,8120795.0,3362795549.31,0.4096,-2.588,1,0
2022-12-21,sz.300750,412.21687,414.70022529,406.69718557,409.01967574,411.73427464,5403052.0,2201256399.91,0.2725,-0.6593,1,0
2022-12-22,sz.300750,413.21222293,413.21222293,402.1628,404.173614,409.01967574,7390460.0,2976952976.83,0.3727,-1.1848,1,0
2022-12-23,sz.300750,399.0460383,405.00810181,396.2308987,400.63458136,404.173614,7385760.0,2939594065.54,0.3725,-0.8756,1,0
2022-12-26,sz.300750,400.63458136,409.45200075,393.2146777,406.10399544,400.63458136,11512345.0,4606937089.56,0.5806,1.3652,1,0
2022-12-27,sz.300750,404.40485761,408.18518793,398.80474062,405.75210299,406.10399544,8139710.0,3268646818.54,0.4105,-0.0867,1,0
2022-12-28,sz.300750,400.21231042,400.4536081,382.33617396,396.130358,405.75210299,18529322.0,7206541527.19,0.9345,-2.3713,1,0
2022-12-29,sz.300750,393.114137,399.9509046,392.5108928,396.09014172,396.130358,9897472.0,3909060455.91,0.4992,-0.0102,1,0
2022-12-30,sz.300750,400.6546895,404.173614,395.124951,395.54722194,396.09014172,7405249.0,2943110661.91,0.3735,-0.1371,1,0
2023-01-03,sz.300750,394.119544,394.69262599,383.78396004,391.74678348,395.54722194,10482036.0,4056787273.5,0.5287,-0.9608,1,0
2023-01-04,sz.300750,388.5898055,389.092509,384.11574435,386.08634207,391.74678348,19602262.0,7527791631.36,0.9368,-1.4449,1,0
2023-01-05,sz.300750,390.097916,412.38778919,387.09174907,409.71340657,386.08634207,26043260.0,10371713857.97,1.2446,6.1196,1,0
2023-01-06,sz.300750,408.195242,427.27786686,406.24475242,418.91288062,409.71340657,18392495.0,7641585134.15,0.879,2.2453,1,0
2023-01-09,sz.300750,425.16651216,425.16651216,416.238498,418.8525562,418.91288062,12840302.0,5373244035.56,0.6136,-0.0144,1,0
2023-01-10,sz.300750,419.91828762,437.352045,415.5347131,434.335824,418.8525562,18260652.0,7781973489.75,0.8727,3.6966,1,0
2023-01-11,sz.300750,432.8277135,438.357452,426.292568,430.17343902,434.335824,12241806.0,5252326720.85,0.585,-0.9583,1,0
2023-01-12,sz.300750,434.335824,441.15248346,432.00327976,435.8439345,430.17343902,11136798.0,4837460192.57,0.5322,1.3182,1,0
2023-01-13,sz.300750,446.400708,454.96677564,432.32501,441.8763765,435.8439345,20757496.0,9140635813.65,0.992,1.3841,1,0
2023-01-16,sz.300750,440.8709695,451.9304465,437.46263977,449.04492841,441.8763765,16809099.0,7451169294.71,0.8033,1.6223,1,0
2023-01-17,sz.300750,449.34655051,454.31326109,446.00859927,448.01941327,449.04492841,9895801.0,4416180657.62,0.4729,-0.2284,1,0
2023-01-18,sz.300750,450.93509357,453.31790816,445.50589577,450.9250395,448.01941327,7344325.0,3292955688.46,0.351,0.6485,1,0
2023-01-19,sz.300750,447.73789931,453.9412605,444.58092133,449.18568539,450.9250395,7309990.0,3254123919.04,0.3493,-0.3857,1,0
2023-01-20,sz.300750,449.18568539,454.6450454,446.66211382,454.443964,449.18568539,10765650.0,4841543970.55,0.5145,1.1706,1,0
2023-01-30,sz.300750,481.96195359,493.21245792,469.99761029,473.19480455,454.443964,21174307.0,10102385367.36,1.0119,4.1261,1,0
2023-01-31,sz.300750,472.42064116,480.0818425,464.94041308,467.7153364,473.19480455,13954034.0,6565989151.24,0.6669,-1.158,1,0
2023-02-01,sz.300750,473.53664293,481.95189952,473.02388536,479.3780576,467.7153364,11502167.0,5464594493.81,0.5497,2.4936,1,0
2023-02-02,sz.300750,481.45925009,482.2937379,467.39360616,468.6202027,479.3780576,13455712.0,6339908128.47,0.6431,-2.2441,1,0
2023-02-03,sz.300750,466.508848,468.7207434,453.82061166,458.6666734,468.6202027,12020001.0,5495174744.42,0.5744,-2.124,1,0
2023-02-06,sz.300750,454.443964,455.97218264,443.47497363,453.0363942,458.6666734,10752918.0,4811799061.16,0.5139,-1.2275,1,0
2023-02-07,sz.300750,452.92579943,456.2536966,447.06427662,450.5228767,453.0363942,7211237.0,3231274189.8,0.3446,-0.5548,1,0
2023-02-08,sz.300750,452.0309872,455.90180415,447.406115,449.62806447,450.5228767,7329853.0,3293742443.57,0.3503,-0.1986,1,0
2023-02-09,sz.300750,449.62806447,458.45553793,443.8871905,455.43931693,449.62806447,8031440.0,3627030215.27,0.3838,1.2925,1,0
2023-02-10,sz.300750,455.449371,458.14386176,447.41616907,448.36125165,455.43931693,8397790.0,3773477538.53,0.4013,-1.5541,1,0
2023-02-13,sz.300750,453.41844886,464.06570899,449.42698307,462.48722,448.36125165,13418543.0,6143224997.15,0.6413,3.1506,1,0
2023-02-14,sz.300750,471.535883,471.8375051,448.20038653,453.48882735,462.48722,12812190.0,5816558282.02,0.6123,-1.9457,1,0
2023-02-15,sz.300750,455.5499117,459.470999,450.422336,451.0255802,453.48882735,7773387.0,3508461573.11,0.3715,-0.5432,1,0
2023-02-16,sz.300750,454.43390993,456.9574815,440.368266,445.5963824,451.0255802,10091069.0,4514542232.04,0.4823,-1.2037,1,0
2023-02-17,sz.300750,444.389894,444.389894,422.27094,422.46196733,445.5963824,21469551.0,9171648847.12,1.026,-5.1918,1,0
2023-02-20,sz.300750,418.249312,424.16110516,408.52702631,422.74348129,422.46196733,16829872.0,6992852566.62,0.8043,0.0666,1,0
2023-02-21,sz.300750,419.73731436,424.77440343,414.227684,417.25395907,422.74348129,13184596.0,5490561030.88,0.6301,-1.2985,1,0
2023-02-22,sz.300750,411.211463,416.3390387,408.86886469,411.68400429,417.25395907,12363920.0,5069312343.65,0.5909,-1.3349,1,0
2023-02-23,sz.300750,412.21687,417.37460791,409.6028118,415.46433461,411.68400429,9537265.0,3922375682.17,0.4558,0.9183,1,0
2023-02-24,sz.300750,413.222277,414.0266026,406.20453614,407.5919978,415.46433461,9989388.0,4060495069.86,0.4774,-1.8948,1,0
2023-02-27,sz.300750,404.90756111,407.67243036,402.2633407,403.2687477,407.5919978,9220633.0,3705001333.87,0.4407,-1.0607,1,0
2023-02-28,sz.300750,406.17437393,410.5076781,403.6709105,406.0838873,403.2687477,9323092.0,3769996772.18,0.4456,0.6981,1,0
2023-03-01,sz.300750,405.2795617,416.41947126,405.20918321,414.00649446,406.0838873,12602005.0,5166296897.94,0.6023,1.951,1,0
2023-03-02,sz.300750,411.7141665,413.222277,398.3422534,402.9671256,414.00649446,16145270.0,6483446930.16,0.7716,-2.6665,1,0
2023-03-03,sz.300750,404.4752361,407.90367397,402.1628,404.49534424,402.9671256,8203090.0,3300669920.5,0.392,0.3792,1,0
2023-03-06,sz.300750,404.34453319,411.08076009,394.12959807,410.62832694,404.49534424,16626662.0,6674565924.07,0.7946,1.5162,1,0
2023-03-07,sz.300750,406.184428,411.20140893,404.00269481,404.3746954,410.62832694,9918350.0,4014218858.77,0.474,-1.5229,1,0
2023-03-08,sz.300750,402.17285407,405.10864251,397.24635977,399.88052611,404.3746954,8129373.0,3231604462.37,0.3885,-1.1114,1,0
2023-03-09,sz.300750,398.3422534,403.44972096,390.33921368,399.15663307,399.88052611,8136684.0,3228769655.47,0.3889,-0.181,1,0
2023-03-10,sz.300750,403.86193783,412.14649151,398.0406313,407.98410653,399.15663307,19142596.0,7722447890.18,0.8874,2.2115,1,0
2023-03-13,sz.300750,405.20918321,408.85881062,392.10873,394.119544,407.98410653,18833197.0,7424578060.05,0.873,-3.3983,1,0
2023-03-14,sz.300750,392.99348816,393.114137,380.043846,389.32375261,394.119544,18484663.0,7095007800.0,0.8569,-1.2168,1,0
2023-03-15,sz.300750,395.124951,397.87976618,385.69423334,390.097916,389.32375261,12968291.0,5046344791.36,0.6012,0.1988,1,0
2023-03-16,sz.300750,386.076288,392.01824337,385.5735845,387.19228977,390.097916,10113155.0,3897781767.88,0.4688,-0.7448,1,0
2023-03-17,sz.300750,391.103323,392.09867593,377.5303285,378.01292386,387.19228977,20144747.0,7641555518.38,0.9338,-2.3708,1,0
2023-03-20,sz.300750,376.56513778,386.6795322,369.989776,382.00438965,378.01292386,15836974.0,6002000932.07,0.7341,1.0559,1,0
2023-03-21,sz.300750,384.2665554,396.31133126,380.7476309,395.90916846,382.00438965,17292373.0,6720740862.26,0.8016,3.64,1,0
2023-03-22,sz.300750,400.89598718,410.86962462,399.16668714,401.3584744,395.90916846,17687241.0,7125770900.76,0.8199,1.3764,1,0
2023-03-23,sz.300750,400.151986,404.09318144,396.56268301,400.53404066,401.3584744,10028867.0,3981184717.68,0.4649,-0.2054,1,0
2023-03-24,sz.300750,400.5541488,404.43501982,392.10873,395.70808706,400.53404066,11765252.0,4645723682.23,0.5454,-1.2049,1,0
2023-03-27,sz.300750,393.22473177,400.7552302,386.49855894,398.6438755,395.70808706,16115721.0,6311744702.56,0.7471,0.7419,1,0
2023-03-28,sz.300750,396.130358,398.32214526,392.3098114,394.7227882,398.6438755,7590561.0,2976678086.19,0.3519,-0.9836,1,0
2023-03-29,sz.300750,397.34690047,406.46594196,395.15511321,402.34377326,394.7227882,13754611.0,5508159641.48,0.6376,1.9307,1,0
2023-03-30,sz.300750,403.15815293,404.173614,399.49847145,402.27339477,402.34377326,8681922.0,3465633464.99,0.4025,-0.0175,1,0
2023-03-31,sz.300750,406.6871315,417.22379686,406.6871315,408.24551235,402.27339477,19607572.0,8033742420.23,0.9089,1.4846,1,0
2023-04-03,sz.300750,408.30583677,408.9995676,398.141172,400.86582497,408.24551235,16763218.0,6698371580.76,0.7771,-1.8077,1,0
2023-04-04,sz.300750,402.15274593,402.15274593,383.87444667,390.097916,400.86582497,20089701.0,7782699958.87,0.9313,-2.6862,1,0
2023-04-06,sz.300750,386.076288,391.65629685,382.20547105,390.11802414,390.097916,10581589.0,4064823971.19,0.4905,0.0052,1,0
2023-04-07,sz.300750,388.23791305,396.130358,386.43823452,392.62148757,390.11802414,10058114.0,3923098225.13,0.4663,0.6417,1,0
2023-04-10,sz.300750,396.01976323,404.28420877,390.097916,404.18366807,392.62148757,17237941.0,6844475287.47,0.7991,2.9449,1,0
2023-04-11,sz.300750,402.17285407,412.08616709,400.151986,402.11252965,404.18366807,14366294.0,5785418237.54,0.666,-0.5124,1,0
2023-04-12,sz.300750,402.1628,402.1628,394.119544,394.12959807,402.11252965,8736733.0,3443470020.87,0.405,-1.9852,1,0
2023-04-13,sz.300750,392.10873,393.47608352,387.081695,390.35932182,394.12959807,10046445.0,3896072549.12,0.4657,-0.9566,1,0
2023-04-14,sz.300750,389.9973753,404.54561459,389.5952125,399.43814703,390.35932182,15923654.0,6337229777.11,0.7382,2.3258,1,0
2023-04-17,sz.300750,398.47295631,412.21687,397.9400906,410.08540716,399.43814703,17663158.0,7173869978.82,0.8188,2.6656,1,0
2023-04-18,sz.300750,410.09546123,420.260126,409.49221703,411.211463,410.08540716,14060517.0,5793046443.73,0.6518,0.2746,1,0
2023-04-19,sz.300750,416.7412015,417.08303988,408.195242,412.58887059,411.211463,11622355.0,4770263894.63,0.5388,0.335,1,0
2023-04-20,sz.300750,412.5184921,412.5184921,398.141172,398.141172,412.58887059,15843790.0,6335888038.97,0.7345,-3.5017,1,0
2023-04-21,sz.300750,406.6871315,417.16347244,401.157393,407.17978093,398.141172,25275978.0,10288953392.02,1.1717,2.2702,1,0
2023-04-24,sz.300750,407.2903757,408.195242,395.00430216,399.02593016,407.17978093,17377384.0,6922771298.29,0.8056,-2.0025,1,0
2023-04-25,sz.300750,400.151986,400.151986,382.05466,387.9865613,399.02593016,16898929.0,6532955961.97,0.7834,-2.7666,1,0
2023-04-26,sz.300750,388.004634,415.2378231,382.55799618,408.953241,387.98641782,39707529.0,8801110231.26,1.0226,5.404,1,0
2023-04-27,sz.300750,408.042432,423.48975264,404.96389758,420.793758,408.953241,33969078.0,7764148296.34,0.8748,2.8953,1,0
2023-04-28,sz.300750,426.258612,432.32459994,413.30690802,420.5205153,420.793758,27104800.0,6269727389.47,0.698,-0.0649,1,0
2023-05-04,sz.300750,420.793758,423.526185,409.0443219,410.81129136,420.5205153,19409080.0,4416464194.76,0.4999,-2.3089,1,0
2023-05-05,sz.300750,409.86405,418.97214,407.53237896,413.507286,410.81129136,16740879.0,3793534213.07,0.4311,0.6563,1,0
2023-05-08,sz.300750,418.97214,425.87607222,411.79496508,420.44765058,413.507286,22753135.0,5237667345.13,0.586,1.6784,1,0
2023-05-09,sz.300750,419.66435484,419.66435484,408.1335129,411.37599294,420.44765058,19653772.0,4447695097.77,0.5062,-2.1576,1,0
2023-05-10,sz.300750,411.3213444,426.7140165,402.96011778,423.56261736,411.37599294,28956810.0,6637247354.08,0.7457,2.9624,1,0
2023-05-11,sz.300750,423.6172659,442.61674164,421.1580816,437.9169672,423.56261736,34747371.0,8292776226.87,0.8949,3.389,1,0
2023-05-12,sz.300750,440.81333982,445.49489808,433.50865164,433.50865164,437.9169672,22309979.0,5363787910.17,0.5746,-1.0067,1,0
2023-05-15,sz.300750,439.02815418,444.474792,428.2623918,434.07335322,433.50865164,26706471.0,6408351582.31,0.6878,0.1303,1,0
2023-05-16,sz.300750,434.2737312,438.95528946,431.30449386,435.366702,434.07335322,13973953.0,3336944402.05,0.3599,0.298,1,0
2023-05-17,sz.300750,435.366702,440.24863824,430.01114508,437.18832,435.366702,18246432.0,4350981986.97,0.4699,0.4184,1,0
2023-05-18,sz.300750,439.5564234,439.68393666,420.86662272,423.3440232,437.18832,24123880.0,5653225268.59,0.6213,-3.1667,1,0
2023-05-19,sz.300750,422.1599715,426.58650324,418.97214,418.97214,423.3440232,19472168.0,4503095902.73,0.5015,-1.0327,1,0
2023-05-22,sz.300750,417.150522,423.526185,413.507286,419.5186254,418.97214,14679114.0,3373155581.43,0.378,0.1304,1,0
2023-05-23,sz.300750,420.57516384,422.08710678,410.1372927,410.62912956,419.5186254,19613196.0,4466450818.94,0.5051,-2.119,1,0
2023-05-24,sz.300750,409.4997264,416.25792918,407.53237896,410.3194545,410.62912956,14785735.0,3347225922.24,0.3808,-0.0754,1,0
2023-05-25,sz.300750,409.5908073,414.74598624,405.29178882,408.20637762,410.3194545,13753272.0,3096261721.02,0.3542,-0.515,1,0
2023-05-26,sz.300750,408.4067556,408.953241,396.201915,400.75596,408.20637762,18211695.0,4001016009.02,0.469,-1.8252,1,0
2023-05-29,sz.300750,404.7635196,404.79995196,392.7408408,395.40040308,400.75596,16537161.0,3599743503.61,0.4259,-1.3364,1,0
2023-05-30,sz.300750,395.291106,409.84583382,393.48770418,409.84583382,395.40040308,26467083.0,5890767209.31,0.6816,3.6534,1,0
2023-05-31,sz.300750,409.9551309,413.30690802,401.04741888,402.88725306,409.84583382,18869744.0,4194067555.16,0.486,-1.6979,1,0
2023-06-01,sz.300750,405.56503152,415.328904,403.50660318,406.0386522,402.88725306,15941049.0,3583431678.56,0.4105,0.7822,1,0
2023-06-02,sz.300750,409.6818882,418.95392382,408.042432,416.13041592,406.0386522,23181483.0,5283702827.08,0.597,2.4854,1,0
2023-06-05,sz.300750,411.5035062,411.5035062,394.17991902,400.3916364,416.13041592,33595114.0,7357059963.18,0.8652,-3.7822,1,0
2023-06-06,sz.300750,397.13094018,404.9456814,395.25467364,399.44439504,400.3916364,17242526.0,3782524816.12,0.4441,-0.2366,1,0
2023-06-07,sz.300750,394.16170284,394.380297,372.4298001,377.6214114,399.44439504,50093939.0,10438080444.83,1.2901,-5.4633,1,0
2023-06-08,sz.300750,387.5492295,388.5511194,377.074926,378.91476018,377.6214114,23857940.0,5007821210.14,0.6144,0.3425,1,0
2023-06-09,sz.300750,379.8984339,388.24144434,379.8984339,386.25588072,378.91476018,24261728.0,5126984497.89,0.6248,1.9374,1,0
2023-06-12,sz.300750,386.0919351,389.826252,380.5360002,386.0919351,386.25588072,18131632.0,3835654848.63,0.467,-0.0424,1,0
2023-06-13,sz.300750,384.37961418,389.69873874,383.77848024,388.1867958,386.0919351,13243699.0,2813381281.43,0.3411,0.5426,1,0
2023-06-14,sz.300750,395.5643487,396.43872534,388.004634,388.7332812,388.1867958,16362927.0,3508630636.22,0.4214,0.1408,1,0
2023-06-15,sz.300750,391.62965382,420.57516384,391.44749202,420.57516384,388.7332812,50495682.0,11301760757.27,1.3004,8.1912,1,0
2023-06-16,sz.300750,422.615376,426.56828706,415.8753894,420.9759198,420.57516384,29639828.0,6849470339.8,0.7633,0.0953,1,0
2023-06-19,sz.300750,424.41877782,424.41877782,411.685668,415.11030984,420.9759198,18707081.0,4271126762.3,0.4818,-1.3933,1,0
2023-06-20,sz.300750,415.09209366,421.35845958,411.26669586,415.328904,415.11030984,17960501.0,4094614886.13,0.4625,0.0527,1,0
2023-06-21,sz.300750,416.80441458,419.882949,409.6818882,409.70010438,415.328904,17118438.0,3897370633.45,0.4409,-1.3553,1,0
2023-06-26,sz.300750,400.59201438,413.4162051,400.17304224,410.17372506,409.70010438,15910609.0,3564403987.12,0.4098,0.1156,1,0
2023-06-27,sz.300750,408.00599964,412.2321534,402.90546924,407.07697446,410.17372506,13420648.0,2996519806.91,0.3456,-0.755,1,0
2023-06-28,sz.300750,404.79995196,412.596477,404.399196,408.953241,407.07697446,13558644.0,3044798943.11,0.3492,0.4609,1,0
2023-06-29,sz.300750,407.14983918,413.34334038,405.310005,405.310005,408.953241,9930233.0,2228285745.38,0.2557,-0.8909,1,0
2023-06-30,sz.300750,408.02421582,418.95392382,401.3935263,416.76798222,405.310005,21551522.0,4901528280.46,0.555,2.827,1,0
2023-07-03,sz.300750,422.5242951,426.1675311,416.3307939,418.75354584,416.76798222,15554352.0,3592766609.95,0.4006,0.4764,1,0
2023-07-04,sz.300750,416.239713,419.0632209,414.74598624,417.6059265,418.75354584,10155673.0,2322971861.72,0.2615,-0.2741,1,0
2023-07-05,sz.300750,417.62414268,419.71900338,410.774859,414.43631118,417.6059265,8636414.0,1968738616.83,0.2224,-0.759,1,0
2023-07-06,sz.300750,413.507286,416.20328064,407.98778346,409.5908073,414.43631118,10283568.0,2323630148.92,0.2648,-1.1692,1,0
2023-07-07,sz.300750,409.4997264,409.5908073,403.6705488,404.8546005,409.5908073,9808377.0,2186457550.59,0.2526,-1.1563,1,0
2023-07-10,sz.300750,406.220814,418.97214,406.220814,416.7861984,404.8546005,16093831.0,3674535624.59,0.4145,2.9471,1,0
2023-07-11,sz.300750,418.3345737,418.95392382,412.74220644,417.31446762,416.7861984,9158787.0,2094183189.27,0.2359,0.1267,1,0
2023-07-12,sz.300750,416.239713,417.8791692,412.596477,413.48906982,417.31446762,8693260.0,1976029055.34,0.2239,-0.9167,1,0
2023-07-13,sz.300750,415.71144378,428.08023,415.71144378,418.97214,413.48906982,22257672.0,5166809845.94,0.5732,1.326,1,0
2023-07-14,sz.300750,419.2453827,420.66624474,412.6875579,415.83895704,418.97214,13004091.0,2971007805.79,0.3349,-0.7478,1,0
2023-07-17,sz.300750,413.52550218,415.328904,407.3137848,411.0481017,415.83895704,10452522.0,2354412853.98,0.2692,-1.1521,1,0
2023-07-18,sz.300750,414.9645804,415.11030984,408.953241,410.774859,411.0481017,8575776.0,1934097473.9,0.2209,-0.0665,1,0
2023-07-19,sz.300750,408.042432,409.7729691,398.16926244,399.845151,410.774859,17600182.0,3880774172.36,0.4533,-2.6608,1,0
2023-07-20,sz.300750,398.934342,412.94258442,398.934342,402.6686589,399.845151,14441648.0,3226693428.17,0.3719,0.7062,1,0
2023-07-21,sz.300750,402.3043353,406.18438164,400.31877168,403.65233262,402.6686589,8393526.0,1858027959.34,0.2162,0.2443,1,0
2023-07-24,sz.300750,395.5643487,402.35898384,390.08127852,398.89790964,403.65233262,13719339.0,2990356786.5,0.3533,-1.1779,1,0
2023-07-25,sz.300750,409.6818882,414.67312152,402.61401036,412.3232343,398.89790964,19286245.0,4336672443.84,0.4967,3.3656,1,0
2023-07-26,sz.300750,410.08264416,413.507286,407.42308188,412.88793588,412.3232343,15456786.0,3484702635.47,0.3981,0.137,1,0
2023-07-27,sz.300750,420.793758,424.21839984,413.28869184,413.47085364,412.88793588,20859235.0,4786800627.79,0.5372,0.1412,1,0
2023-07-28,sz.300750,413.47085364,420.793758,409.9551309,419.0632209,413.47085364,18803095.0,4304001295.03,0.4842,1.3525,1,0
2023-07-31,sz.300750,426.258612,436.277511,424.6191558,433.0896795,419.0632209,29902754.0,7103701374.91,0.7701,3.3471,1,0
2023-08-01,sz.300750,432.4521132,435.5488638,427.169421,428.991039,433.0896795,15615168.0,3695389756.81,0.4021,-0.9464,1,0
2023-08-02,sz.300750,431.723466,436.25929482,428.991039,430.812657,428.991039,14147185.0,3350493844.78,0.3643,0.4246,1,0
2023-08-03,sz.300750,429.901848,437.13367146,429.04568754,435.62172852,430.812657,16180526.0,3859823088.53,0.4167,1.1163,1,0
2023-08-04,sz.300750,446.29641,455.33163528,439.21031598,447.22543518,435.62172852,31569675.0,7737835221.31,0.813,2.6637,1,0
2023-08-07,sz.300750,445.385601,449.83034892,443.21787558,449.01062082,447.22543518,14927749.0,3665507786.26,0.3844,0.3992,1,0
2023-08-08,sz.300750,448.08159564,454.18401594,446.07781584,450.19467252,449.01062082,15066676.0,3733050028.84,0.388,0.2637,1,0
2023-08-09,sz.300750,447.207219,451.17834624,442.90820052,449.939646,450.19467252,11684661.0,2873152335.34,0.3009,-0.0566,1,0
2023-08-10,sz.300750,451.5791022,457.82725194,444.69338616,449.028837,449.939646,14040964.0,3469375410.84,0.3616,-0.2024,1,0
2023-08-11,sz.300750,453.4918011,453.4918011,439.920747,439.920747,449.028837,17204064.0,4212036439.73,0.4431,-2.0284,1,0
2023-08-14,sz.300750,435.7310256,437.15188764,419.35467978,424.2548322,439.920747,25693218.0,6000203547.3,0.6617,-3.5611,1,0
2023-08-15,sz.300750,424.21839984,427.3515828,417.8791692,421.3402434,424.2548322,14610073.0,3378905588.31,0.3763,-0.687,1,0
2023-08-16,sz.300750,421.74099936,426.95082684,419.17251798,423.7083468,421.3402434,14009045.0,3263663519.36,0.3608,0.562,1,0
2023-08-17,sz.300750,428.06201382,430.812657,416.93192784,428.5356345,423.7083468,20442773.0,4767790092.05,0.5265,1.1393,1,0
2023-08-18,sz.300750,428.60849922,435.58529616,427.02369156,429.66503766,428.5356345,16769998.0,3977909566.35,0.4319,0.2635,1,0
2023-08-21,sz.300750,426.24039582,429.66503766,422.9796996,424.36412928,429.66503766,10780439.0,2524111214.47,0.2776,-1.2337,1,0
2023-08-22,sz.300750,427.7159064,428.40812124,414.43631118,420.3383535,424.36412928,15188941.0,3507619500.49,0.3912,-0.9487,1,0
2023-08-23,sz.300750,420.2472726,422.4332142,413.507286,414.418095,420.3383535,11874911.0,2721026997.67,0.3058,-1.4085,1,0
2023-08-24,sz.300750,416.93192784,421.77743172,412.596477,417.0594411,414.418095,14157716.0,3254958699.75,0.3646,0.6374,1,0
2023-08-25,sz.300750,415.20139074,418.91749146,411.33956058,415.94825412,417.0594411,11185129.0,2549494197.0,0.2881,-0.2664,1,0
2023-08-28,sz.300750,439.920747,444.40192728,418.061331,419.882949,415.94825412,22311515.0,5230083379.81,0.5746,0.946,1,0
2023-08-29,sz.300750,421.1580816,442.653174,420.64802856,434.455893,419.882949,29174995.0,6966379985.57,0.7514,3.4707,1,0
2023-08-30,sz.300750,436.0953492,440.831556,432.634275,432.634275,434.455893,14591637.0,3492477897.83,0.3758,-0.4193,1,0
2023-08-31,sz.300750,431.9056278,434.455893,430.13865834,430.9037379,432.634275,9671527.0,2294576162.04,0.2491,-0.4,1,0
2023-09-01,sz.300750,430.9948188,436.29572718,427.3515828,430.6304952,430.9037379,9101132.0,2157778480.9,0.2344,-0.0634,1,0
2023-09-04,sz.300750,433.92762378,434.92951368,425.1656412,432.9075177,430.6304952,14052387.0,3327817522.43,0.3619,0.5288,1,0
2023-09-05,sz.300750,431.723466,436.277511,430.19330688,431.39557476,432.9075177,11581665.0,2752197345.26,0.2983,-0.3493,1,0
2023-09-06,sz.300750,429.9929289,432.03314106,424.0726704,427.02369156,431.39557476,12474783.0,2921536581.54,0.3213,-1.0134,1,0
2023-09-07,sz.300750,424.436994,425.8032075,412.61469318,412.61469318,427.02369156,19266090.0,4405103044.44,0.4962,-3.3743,1,0
2023-09-08,sz.300750,409.86405,413.8716096,401.666769,406.11151692,412.61469318,16499443.0,3670618814.62,0.4249,-1.5761,1,0
2023-09-11,sz.300750,406.0386522,407.2227039,400.17304224,403.54303554,406.11151692,17060897.0,3774798958.65,0.4394,-0.6325,1,0
2023-09-12,sz.300750,404.399196,405.14605938,396.27477972,396.98521074,403.54303554,18231209.0,3994776422.13,0.4695,-1.6251,1,0
2023-09-13,sz.300750,395.291106,399.2075847,391.70251854,394.5624588,396.98521074,15135693.0,3278699755.09,0.3898,-0.6103,1,0
2023-09-14,sz.300750,389.24333424,394.0159734,388.05928254,391.52035674,394.5624588,18294104.0,3919045406.38,0.4711,-0.771,1,0
2023-09-15,sz.300750,386.183016,389.826252,376.3462788,378.45935568,391.52035674,33679992.0,7033151411.11,0.8672,-3.336,1,0
2023-09-18,sz.300750,375.253308,391.08316842,375.253308,388.11393108,378.45935568,26593485.0,5645065103.32,0.6847,2.551,1,0
2023-09-19,sz.300750,388.11393108,388.87901064,383.6327508,386.76593376,388.11393108,15024395.0,3183848137.28,0.3863,-0.3473,1,0
2023-09-20,sz.300750,388.004634,388.60576794,380.13524424,382.3576182,386.76593376,13087485.0,2750166643.08,0.3365,-1.1398,1,0
2023-09-21,sz.300750,382.55799618,384.2703171,376.47379206,376.58308914,382.3576182,16214929.0,3368171869.93,0.4169,-1.5102,1,0
2023-09-22,sz.300750,374.342499,385.1811261,374.342499,384.23388474,376.58308914,22509065.0,4696859644.01,0.5787,2.0316,1,0
2023-09-25,sz.300750,388.04106636,389.13403716,380.18989278,381.22821504,384.23388474,13605355.0,2864421900.0,0.3495,-0.7823,1,0
2023-09-26,sz.300750,376.47379206,377.7124923,370.699263,372.520881,381.22821504,20253782.0,4150919714.55,0.5203,-2.284,1,0
2023-09-27,sz.300750,375.7997934,379.78913682,368.7865641,370.99072188,372.520881,21848959.0,4470658972.55,0.5612,-0.4108,1,0
2023-09-28,sz.300750,371.610072,376.164117,369.02337444,369.84310254,370.99072188,15809524.0,3223265861.07,0.4061,-0.3093,1,0
2023-10-09,sz.300750,366.145218,366.65527104,351.572274,356.126319,369.84310254,33742826.0,6617775154.29,0.8667,-3.7088,1,0
2023-10-10,sz.300750,360.46176984,360.680364,354.70545696,354.70545696,356.126319,19865460.0,3895932691.62,0.5103,-0.399,1,0
2023-10-11,sz.300750,360.44355366,361.7733348,353.5760538,354.79653786,354.70545696,20248245.0,3964353022.61,0.5201,0.0257,1,0
2023-10-12,sz.300750,355.23372618,360.3160404,353.393892,356.92783092,354.79653786,24205912.0,4744179131.32,0.6218,0.6007,1,0
2023-10-13,sz.300750,353.1206493,354.90583494,345.3787728,347.2003908,356.92783092,28422238.0,5429864563.15,0.7301,-2.7253,1,0
2023-10-16,sz.300750,346.72677012,347.07287754,335.01376638,336.56214168,347.2003908,24683649.0,4603170882.7,0.634,-3.064,1,0
2023-10-17,sz.300750,337.92835518,344.8322874,336.21603426,337.80084192,336.56214168,21558300.0,4027297387.82,0.5538,0.368,1,0
2023-10-18,sz.300750,337.1814918,342.9195885,334.4490648,339.3674334,337.80084192,17651925.0,3284047971.31,0.4534,0.4638,1,0
2023-10-19,sz.300750,335.92457538,338.23803024,332.04452904,332.8096086,339.3674334,17454160.0,3209465700.09,0.4483,-1.9324,1,0
2023-10-20,sz.300750,326.069622,341.89948242,326.069622,329.712858,332.8096086,30026893.0,5478351217.12,0.7713,-0.9305,1,0
2023-10-23,sz.300750,328.4377254,328.4377254,320.2404444,322.90000668,329.712858,20223321.0,3597554198.2,0.5195,-2.0663,1,0
2023-10-24,sz.300750,324.248004,326.4339456,319.3296354,321.36984756,322.90000668,24379459.0,4310104361.21,0.6262,-0.4739,1,0
2023-10-25,sz.300750,324.6123276,326.980431,320.02185024,320.56833564,321.36984756,21534181.0,3818928277.23,0.5531,-0.2494,1,0
2023-10-26,sz.300750,316.961532,324.7944894,307.50733458,324.37551726,320.56833564,41420567.0,7175542946.81,1.064,1.1876,1,0
2023-10-27,sz.300750,323.9747613,338.60235384,320.64120036,336.48927696,324.37551726,47795283.0,8729936697.8,1.2277,3.7345,1,0
2023-10-30,sz.300750,340.642566,345.88882584,336.6350064,342.50061636,336.48927696,32259492.0,6050993028.96,0.8286,1.7865,1,0
2023-10-31,sz.300750,340.05964824,341.04332196,336.2706828,338.0923008,342.50061636,18152535.0,3369355372.29,0.4663,-1.2871,1,0
2023-11-01,sz.300750,338.43840822,346.6539054,336.088521,341.62623972,338.0923008,19727265.0,3695120175.75,0.5067,1.0453,1,0
2023-11-02,sz.300750,343.374993,345.88882584,338.03765226,338.03765226,341.62623972,13762677.0,2577685558.5,0.3535,-1.0504,1,0
2023-11-03,sz.300750,338.820948,343.70288424,336.2706828,341.44407792,338.03765226,14365450.0,2683301612.35,0.369,1.0077,1,0
2023-11-06,sz.300750,343.50250626,359.0409078,343.2839121,359.00447544,341.44407792,34968430.0,6798069246.62,0.8982,5.143,1,0
2023-11-07,sz.300750,357.01891182,357.23750598,346.32601416,348.36622632,359.00447544,26080293.0,5008846046.15,0.6699,-2.9633,1,0
2023-11-08,sz.300750,346.43531124,351.46297692,346.10742,349.45919712,348.36622632,14652166.0,2809047604.89,0.3764,0.3137,1,0
2023-11-09,sz.300750,347.25503934,350.80719444,347.07287754,348.7487661,349.45919712,10997097.0,2104229338.21,0.2825,-0.2033,1,0
2023-11-10,sz.300750,344.285802,346.05277146,342.5552649,344.34045054,348.7487661,11609956.0,2189830819.35,0.2982,-1.264,1,0
2023-11-13,sz.300750,349.750656,350.1149796,340.67899836,342.1909413,344.34045054,12519595.0,2362258976.04,0.3216,-0.6242,1,0
2023-11-14,sz.300750,342.1909413,343.9214784,333.356094,334.59479424,342.1909413,23488284.0,4346598777.47,0.6032,-2.2199,1,0
2023-11-15,sz.300750,340.44218802,343.53893862,334.41263244,336.05208864,334.59479424,23807191.0,4423251194.82,0.6114,0.4355,1,0
2023-11-16,sz.300750,337.87370664,337.89192282,328.0734018,329.9861007,336.05208864,17466200.0,3180032494.61,0.4485,-1.8051,1,0
2023-11-17,sz.300750,327.6179973,330.1682625,326.96221482,329.22102114,329.9861007,11084035.0,2000359414.04,0.2846,-0.2319,1,0
2023-11-20,sz.300750,329.23923732,331.1701524,326.08783818,328.4377254,329.22102114,12408719.0,2235037632.58,0.3187,-0.2379,1,0
2023-11-21,sz.300750,331.534476,335.177712,327.90945618,329.00242698,328.4377254,19766221.0,3601130909.86,0.5075,0.1719,1,0
2023-11-22,sz.300750,327.0715119,330.2593434,322.426386,322.426386,329.00242698,18688569.0,3332638164.0,0.4798,-1.9988,1,0
2023-11-23,sz.300750,320.62298418,323.7015186,318.58277202,323.7015186,322.426386,15720253.0,2771265524.63,0.4036,0.3955,1,0
2023-11-24,sz.300750,322.48103454,324.6123276,317.872341,318.78315,323.7015186,16621248.0,2918741661.28,0.4267,-1.5194,1,0
2023-11-27,sz.300750,317.48980122,317.872341,310.7680308,310.9501926,318.78315,18422007.0,3161041987.54,0.473,-2.4571,1,0
2023-11-28,sz.300750,309.72970854,313.26364746,307.61663166,313.17256656,310.9501926,20210730.0,3443539749.66,0.5189,0.7147,1,0
2023-11-29,sz.300750,311.496678,312.18889284,303.06258666,303.9369633,313.17256656,25188527.0,4235346582.08,0.6467,-2.949,1,0
2023-11-30,sz.300750,300.96772596,307.23409188,299.63794482,304.210206,303.9369633,23027161.0,3834512348.69,0.5912,0.0899,1,0
2023-12-01,sz.300750,304.73847522,305.4853386,299.52864774,301.477779,304.210206,16962209.0,2816101715.16,0.4355,-0.8982,1,0
2023-12-04,sz.300750,297.834543,299.54686392,293.71768632,294.4645497,301.477779,23930401.0,3892529224.86,0.6144,-2.3263,1,0
2023-12-05,sz.300750,291.7321227,295.77611466,288.9996957,289.29115458,294.4645497,24807739.0,3978910664.08,0.6369,-1.7569,1,0
2023-12-06,sz.300750,288.9996957,303.95517948,288.21639996,296.70513984,289.29115458,36769276.0,6024339619.75,0.944,2.5628,1,0
2023-12-07,sz.300750,295.102116,303.04437048,294.3734688,299.63794482,296.70513984,26908427.0,4410841808.17,0.6909,0.9885,1,0
2023-12-08,sz.300750,300.56697,302.98972194,297.14232816,297.99848862,299.63794482,24502047.0,4030383346.85,0.6291,-0.5471,1,0
2023-12-11,sz.300750,295.12033218,301.82388642,291.75033888,301.2045363,297.99848862,21489569.0,3497265739.5,0.5517,1.0759,1,0
2023-12-12,sz.300750,298.745352,300.96772596,296.88730164,298.07135334,301.2045363,14733877.0,2415527908.85,0.3783,-1.0402,1,0
2023-12-13,sz.300750,296.1040059,297.99848862,289.10899278,290.2748283,298.07135334,25259399.0,4045085653.77,0.6485,-2.6157,1,0
2023-12-14,sz.300750,293.06190384,294.17309082,284.97391992,285.32002734,290.2748283,22751400.0,3596263195.63,0.5841,-1.7069,1,0
2023-12-15,sz.300750,286.3583496,289.05434424,281.6221428,282.35079,285.32002734,20204635.0,3158101585.29,0.5188,-1.0407,1,0
2023-12-18,sz.300750,278.90793198,279.96447042,266.46628104,267.72319746,282.35079,42912920.0,6398809829.48,1.1018,-5.1806,1,0
2023-12-19,sz.300750,266.52092958,273.20626764,266.44806486,271.421082,267.72319746,25185181.0,3734066912.78,0.6466,1.3812,1,0
2023-12-20,sz.300750,271.7854056,275.4286416,270.18238176,270.4191921,271.421082,21249368.0,3174602188.42,0.5456,-0.3691,1,0
2023-12-21,sz.300750,268.81616826,282.95192394,268.81616826,281.23960302,270.4191921,42131501.0,6433383992.73,1.0817,4.0013,1,0
2023-12-22,sz.300750,279.618363,288.56250738,277.2502596,284.70067722,281.23960302,28032127.0,4359921761.52,0.7197,1.2306,1,0
2023-12-25,sz.300750,283.261599,287.59704984,281.9864664,286.97769972,284.70067722,13005608.0,2036117775.27,0.3339,0.7998,1,0
2023-12-26,sz.300750,285.93937746,286.904835,281.87716932,284.40921834,286.97769972,12767252.0,1994477782.07,0.3278,-0.895,1,0
2023-12-27,sz.300750,286.95948354,287.815644,280.29236166,281.13030594,284.40921834,17356460.0,2686313989.06,0.4456,-1.1529,1,0
2023-12-28,sz.300750,280.92992796,297.21519288,279.74587626,296.90551782,281.13030594,37850179.0,6079407754.87,0.9718,5.6114,1,0
2023-12-29,sz.300750,298.70891964,300.56697,295.102116,297.39735468,296.90551782,22683782.0,3707101874.04,0.5824,0.1657,1,0
2024-01-02,sz.300750,295.50287196,296.06757354,285.30181116,285.68435094,297.39735468,21403268.0,3390080350.21,0.5495,-3.9385,1,0
2024-01-03,sz.300750,284.3545698,286.50407904,281.2578192,283.8080844,285.68435094,19757581.0,3070016674.07,0.5073,-0.6568,1,0
2024-01-04,sz.300750,283.261599,283.66235496,272.82372786,275.4286416,283.8080844,27241762.0,4114835334.93,0.6994,-2.9525,1,0
2024-01-05,sz.300750,275.04610182,281.85895314,272.31367482,274.8821562,275.4286416,21035318.0,3195235676.67,0.5401,-0.1984,1,0
2024-01-08,sz.300750,273.6070236,279.41798502,271.56681144,273.2427,274.8821562,19385405.0,2926528361.75,0.4977,-0.5964,1,0
2024-01-09,sz.300750,273.16983528,275.73831666,265.5008235,270.8745966,273.2427,23391625.0,3473507460.23,0.6006,-0.8667,1,0
2024-01-10,sz.300750,267.66854892,278.90793198,266.9581179,274.44496788,270.8745966,23211960.0,3500326619.89,0.596,1.3181,1,0
2024-01-11,sz.300750,274.44496788,287.39667186,270.52848918,282.02289876,274.44496788,32801802.0,5037065544.25,0.8422,2.7612,1,0
2024-01-12,sz.300750,280.529172,286.59515994,277.2502596,281.67679134,282.02289876,25462228.0,3943737150.63,0.6537,-0.1227,1,0
2024-01-15,sz.300750,279.618363,279.9826866,272.0586483,276.3394506,281.67679134,17272193.0,2618158007.72,0.4435,-1.8948,1,0
2024-01-16,sz.300750,276.26658588,286.4494305,274.26280608,285.9029451,276.3394506,28469270.0,4421625828.65,0.7309,3.4608,1,0
2024-01-17,sz.300750,285.73899948,285.73899948,276.4305315,277.32312432,285.9029451,21761525.0,3343384131.76,0.5587,-3.001,1,0
2024-01-18,sz.300750,273.4248618,282.7151136,273.26091618,281.64035898,277.32312432,30778779.0,4688436698.41,0.7902,1.5568,1,0
2024-01-19,sz.300750,280.1648484,287.61526602,279.4362012,282.1686282,281.64035898,26594908.0,4136034233.34,0.6828,0.1876,1,0
2024-01-22,sz.300750,279.618363,291.3677991,274.4267517,283.55305788,282.1686282,40488810.0,6323471152.62,1.0395,0.4906,1,0
2024-01-23,sz.300750,282.35079,289.2729384,279.05366142,280.36522638,283.55305788,32305895.0,5033058276.4,0.8295,-1.1242,1,0
2024-01-24,sz.300750,281.439981,282.33257382,272.35010718,279.58193064,280.36522638,24870983.0,3776131708.06,0.6386,-0.2794,1,0
2024-01-25,sz.300750,276.885936,282.5329518,272.71443078,282.35079,279.58193064,29479609.0,4503492567.88,0.7569,0.9904,1,0
2024-01-26,sz.300750,277.796745,281.40354864,273.2427,273.2427,282.35079,27181270.0,4118576147.81,0.6979,-3.2258,1,0
2024-01-29,sz.300750,272.22259392,274.66356204,267.81427836,267.81427836,273.2427,21767500.0,3235910042.92,0.5589,-1.9867,1,0
2024-01-30,sz.300750,265.045419,268.57935792,255.7551672,256.3927335,267.81427836,32727425.0,4680164654.32,0.8403,-4.2647,1,0
2024-01-31,sz.300750,264.13461,278.63468928,262.312992,276.13907262,256.3927335,59522108.0,8943013792.76,1.5282,7.7016,1,0
2024-02-01,sz.300750,276.12085644,277.83317736,270.65600244,271.45751436,276.13907262,27968844.0,4197978843.17,0.7181,-1.6954,1,0
2024-02-02,sz.300750,269.599464,271.421082,261.16537266,265.956228,271.45751436,30706037.0,4494266567.68,0.7884,-2.0266,1,0
2024-02-05,sz.300750,259.78094298,281.439981,259.2162414,276.77663892,265.956228,47132613.0,7035622773.05,1.2101,4.0685,1,0
2024-02-06,sz.300750,275.41042542,290.11088268,274.73642676,288.41677794,276.77663892,43745926.0,6828296924.06,1.1232,4.2056,1,0
2024-02-07,sz.300750,287.815644,291.07634022,284.172408,290.7302328,288.41677794,36607040.0,5800699416.45,0.9399,0.8021,1,0
2024-02-08,sz.300750,290.548071,300.56697,289.41866784,296.63227512,290.7302328,30901156.0,5016344779.04,0.7934,2.0301,1,0
2024-02-19,sz.300750,300.49410528,300.49410528,289.80120762,291.62282562,296.63227512,27092476.0,4355156562.95,0.6956,-1.6888,1,0
2024-02-20,sz.300750,294.88352184,294.88352184,284.29992126,288.41677794,291.62282562,22194791.0,3506366283.11,0.5698,-1.0994,1,0
2024-02-21,sz.300750,286.68624084,297.4702194,284.79175812,293.6448216,288.41677794,25782663.0,4135575623.96,0.662,1.8127,1,0
2024-02-22,sz.300750,293.88163194,293.88163194,289.41866784,292.0964463,293.6448216,20955947.0,3349275886.97,0.538,-0.5273,1,0
2024-02-23,sz.300750,295.04746746,295.102116,289.74655908,292.369689,292.0964463,21017639.0,3368773226.46,0.5396,0.0935,1,0
2024-02-26,sz.300750,290.05623414,291.44066382,281.8043046,284.172408,292.369689,36066425.0,5638931754.29,0.926,-2.8037,1,0
2024-02-27,sz.300750,282.49651944,287.5424013,281.51284572,287.50596894,284.172408,29040075.0,4531078101.31,0.7456,1.1731,1,0
2024-02-28,sz.300750,288.14353524,297.4702194,286.01224218,286.01224218,287.50596894,40091711.0,6423464926.27,1.0294,-0.5195,1,0
2024-02-29,sz.300750,284.3545698,298.32637986,283.55305788,297.85275918,286.01224218,39167504.0,6315294345.27,1.0056,4.1399,1,0
2024-03-01,sz.300750,297.88919154,301.58707608,295.8307632,299.7472419,297.85275918,28101336.0,4610970231.35,0.7215,0.636,1,0
2024-03-04,sz.300750,300.56697,305.77679748,296.50476186,298.5631902,299.7472419,26808577.0,4424835389.74,0.6883,-0.395,1,0
2024-03-05,sz.300750,295.2842778,300.9312936,291.45888,299.9294037,298.5631902,27549599.0,4478109343.91,0.7073,0.4576,1,0
2024-03-06,sz.300750,296.15865444,304.0280442,294.5556306,298.08956952,299.9294037,18718009.0,3067856204.79,0.4806,-0.6134,1,0
2024-03-07,sz.300750,296.923734,299.05502706,290.51163864,291.7321227,298.08956952,22145021.0,3568786297.0,0.5686,-2.1327,1,0
2024-03-08,sz.300750,289.87407234,292.9161744,285.3564597,287.815644,291.7321227,20217023.0,3194520067.02,0.5191,-1.3425,1,0
2024-03-11,sz.300750,300.56697,330.8969097,298.9275138,329.4396153,287.815644,76335047.0,13248182793.02,1.9599,14.462,1,0
2024-03-12,sz.300750,333.97544412,339.60424374,327.89124,338.52948912,329.4396153,62164900.0,11428112945.34,1.5961,2.7592,1,0
2024-03-13,sz.300750,340.642566,341.89948242,333.9025794,337.32722124,338.52948912,34795798.0,6444102061.72,0.8934,-0.3551,1,0
2024-03-14,sz.300750,336.79895202,342.39131928,333.28322928,334.83160458,337.32722124,30535646.0,5642924971.26,0.784,-0.7398,1,0
2024-03-15,sz.300750,334.50371334,334.9955502,322.1531433,329.712858,334.83160458,35483644.0,6371462215.2,0.911,-1.5288,1,0
2024-03-18,sz.300750,346.18028472,352.95670368,344.1947211,347.85617328,329.712858,48305173.0,9229188790.08,1.2402,5.5028,1,0
2024-03-19,sz.300750,347.00001282,350.2971414,339.9139188,341.0979705,347.85617328,26957576.0,5099068938.67,0.6921,-1.9428,1,0
2024-03-20,sz.300750,337.92835518,348.36622632,337.92835518,345.16017864,341.0979705,21031584.0,3987105281.59,0.54,1.1909,1,0
2024-03-21,sz.300750,345.21482718,349.53206184,344.43153144,344.43153144,345.16017864,18756720.0,3571619013.59,0.4816,-0.2111,1,0
2024-03-22,sz.300750,344.44974762,345.94347438,336.98111382,339.74997318,344.43153144,19103367.0,3563063417.12,0.4905,-1.3592,1,0
2024-03-25,sz.300750,338.03765226,342.8285076,336.05208864,336.6350064,339.74997318,16413365.0,3046334226.28,0.4214,-0.9168,1,0
2024-03-26,sz.300750,338.2744626,351.80908434,338.25624642,349.3863324,336.6350064,30247308.0,5746016495.95,0.7766,3.7879,1,0
2024-03-27,sz.300750,349.27703532,349.2952515,342.464184,342.464184,349.3863324,20645704.0,3910050276.4,0.5301,-1.9812,1,0
2024-03-28,sz.300750,342.59169726,349.2041706,339.9139188,343.88504604,342.464184,20036725.0,3792149244.82,0.5144,0.4149,1,0
2024-03-29,sz.300750,346.6539054,355.21551,344.97801684,346.39887888,343.88504604,16464806.0,3154024728.73,0.4227,0.731,1,0
2024-04-01,sz.300750,353.393892,364.01392494,352.3009212,360.38890512,346.39887888,27513187.0,5438688735.17,0.7064,4.0387,1,0
2024-04-02,sz.300750,360.8625258,367.18354026,357.947937,363.7771146,360.38890512,24038110.0,4793028386.5,0.6172,0.9402,1,0
2024-04-03,sz.300750,362.39268492,362.4109011,354.4868628,360.0427977,363.7771146,23489041.0,4635543375.83,0.6031,-1.0265,1,0
2024-04-08,sz.300750,360.0427977,364.1414382,354.4868628,354.4868628,360.0427977,18957556.0,3729974586.66,0.4867,-1.5431,1,0
2024-04-09,sz.300750,353.393892,357.947937,352.86562278,357.037128,354.4868628,14570001.0,2845224466.88,0.3741,0.7194,1,0
2024-04-10,sz.300750,353.59426998,355.21551,348.89449554,351.09865332,357.037128,17961495.0,3459617610.91,0.4612,-1.6633,1,0
2024-04-11,sz.300750,347.58293058,353.9403774,340.642566,350.8436268,351.09865332,19295444.0,3681659227.96,0.4954,-0.0726,1,0
2024-04-12,sz.300750,347.929038,349.71422364,342.48240018,343.17461502,350.8436268,16625645.0,3153751598.81,0.4269,-2.1859,1,0
2024-04-15,sz.300750,353.1206493,359.11377252,349.49562948,359.11377252,343.17461502,30548250.0,5978911501.32,0.7843,4.6446,1,0
2024-04-16,sz.300750,362.501982,363.0484674,355.06978056,359.1319887,359.11377252,27623120.0,5450235800.73,0.7092,0.0051,1,0
2024-04-17,sz.300750,355.8530763,358.73123274,351.60870636,357.01891182,359.1319887,21619164.0,4211033978.06,0.5551,-0.5884,1,0
2024-04-18,sz.300750,353.33924346,359.6784741,348.63946902,356.23561608,357.01891182,19539576.0,3808772286.51,0.5017,-0.2194,1,0
2024-04-19,sz.300750,351.68157108,354.23183628,345.21482718,347.5647144,356.23561608,18491472.0,3533488436.05,0.4748,-2.434,1,0
2024-04-22,sz.300750,351.2079504,355.01513202,347.14574226,347.2003908,347.5647144,15098743.0,2903026005.69,0.3877,-0.1048,1,0
2024-04-23,sz.300750,348.16584834,350.661465,342.24558984,345.97990674,347.2003908,11113796.0,2113386949.51,0.2853,-0.3515,1,0
2024-04-24,sz.300750,349.750656,350.4793032,339.5495952,345.3787728,345.97990674,15154279.0,2865374635.48,0.3891,-0.1737,1,0
2024-04-25,sz.300750,343.50250626,354.0314583,342.26380602,351.9365976,345.3787728,16418323.0,3150746112.0,0.4215,1.8987,1,0
2024-04-26,sz.300750,349.76887218,362.28338784,349.76887218,361.55474064,351.9365976,22488071.0,4413524312.71,0.5774,2.7329,1,0
2024-04-29,sz.300750,365.36192226,388.915443,364.3236,381.86578134,361.55474064,43863035.0,9119637969.04,1.1262,5.6177,1,0
2024-04-30,sz.300750,383.99322144,383.99322144,376.976238,378.0959694,381.86573178,21433024.0,4377316692.36,0.5503,-0.9872,1,0
2024-05-06,sz.300750,393.772209,395.0785623,384.49710057,386.27000862,378.0959694,27099899.0,5634660009.91,0.6958,2.1619,1,0
2024-05-07,sz.300750,384.77703342,387.94960572,382.85482785,386.08338672,386.27000862,13179902.0,2722386147.53,0.3384,-0.0483,1,0
2024-05-08,sz.300750,386.307333,387.8003082,379.04774109,379.27168737,386.08338672,12432997.0,2544539625.56,0.3192,-1.7643,1,0
2024-05-09,sz.300750,384.94499313,392.85776169,384.8143578,390.7862586,379.27168737,21921628.0,4575999960.06,0.5628,3.036,1,0
2024-05-10,sz.300750,390.7862586,390.7862586,378.842457,379.7755665,390.7862586,22801132.0,4675581900.35,0.5854,-2.8176,1,0
2024-05-13,sz.300750,366.3387897,376.54700763,364.86447669,372.03075765,379.7755665,22196723.0,4425713327.7,0.5699,-2.0393,1,0
2024-05-14,sz.300750,374.3635314,375.4832628,369.73530828,371.39624319,372.03075765,10694712.0,2131826963.91,0.2746,-0.1706,1,0
2024-05-15,sz.300750,371.39624319,379.45830927,368.5782525,369.30607791,371.39624319,13074116.0,2607766831.74,0.3357,-0.5628,1,0
2024-05-16,sz.300750,371.0043372,376.30439916,367.60781862,372.62794773,369.30607791,15378204.0,3065019508.61,0.3948,0.8995,1,0
2024-05-17,sz.300750,372.6839343,378.842457,370.59376902,378.842457,372.62794773,18496201.0,3727316446.1,0.4749,1.6678,1,0
2024-05-20,sz.300750,386.6805768,387.94960572,378.86111919,379.68225555,378.842457,19917171.0,4083626152.69,0.5114,0.2217,1,0
2024-05-21,sz.300750,380.09282373,381.79108302,374.28888264,376.15510164,379.68225555,12296358.0,2480343309.64,0.3157,-0.929,1,0
2024-05-22,sz.300750,377.9093475,386.307333,376.2297504,382.36961091,376.15510164,25236561.0,5153120079.07,0.6479,1.6521,1,0
2024-05-23,sz.300750,381.0819198,383.78793735,379.08506547,381.34319046,382.36961091,17654820.0,3602986569.39,0.4533,-0.2684,1,0
2024-05-24,sz.300750,378.4692132,382.31362434,374.71811301,375.07269462,381.34319046,15510693.0,3136303496.79,0.3982,-1.6443,1,0
2024-05-27,sz.300750,376.6029942,376.6029942,370.4444715,373.26246219,375.07269462,16361785.0,3261446783.13,0.4201,-0.4826,1,0
2024-05-28,sz.300750,372.23604174,374.32620702,368.7648744,369.1381182,373.26246219,12689994.0,2517505166.39,0.3258,-1.1049,1,0
2024-05-29,sz.300750,369.53002419,377.9093475,369.1381182,370.98567501,369.1381182,13338755.0,2663801635.26,0.3425,0.5005,1,0
2024-05-30,sz.300750,371.47089195,374.88607272,368.87684754,372.03075765,370.98567501,12784004.0,2548445865.24,0.3282,0.2817,1,0
2024-05-31,sz.300750,372.03075765,377.44279275,369.06346944,369.06346944,372.03075765,13808627.0,2760668470.77,0.3545,-0.7976,1,0
2024-06-03,sz.300750,369.06346944,379.9621884,365.4056802,377.9093475,369.06346944,18718068.0,3757638839.5,0.4806,2.3968,1,0
2024-06-04,sz.300750,376.95757581,386.75522556,375.110019,384.38512743,377.9093475,17714939.0,3639805938.31,0.4548,1.7136,1,0
2024-06-05,sz.300750,383.8812483,387.89361915,380.72733819,380.93262228,384.38512743,11777390.0,2420867501.82,0.3024,-0.8982,1,0
2024-06-06,sz.300750,380.67135162,386.08338672,377.3494818,382.18298901,380.93262228,12412570.0,2544442658.23,0.3187,0.3282,1,0
2024-06-07,sz.300750,371.11631034,377.81603655,350.08402221,360.5535108,382.18298901,51686760.0,10008885040.64,1.3271,-5.6595,1,0
2024-06-11,sz.300750,352.715391,358.314048,344.52268959,352.28616063,360.5535108,42072363.0,7876263876.2,1.0802,-2.293,1,0
2024-06-12,sz.300750,347.116734,354.13371744,346.14630012,346.3702464,352.28616063,20310392.0,3788449182.24,0.5215,-1.6793,1,0
2024-06-13,sz.300750,348.982953,354.60027219,345.47446128,345.58643442,346.3702464,22117637.0,4134985666.22,0.5679,-0.2263,1,0
2024-06-14,sz.300750,347.3033559,348.19914102,333.26938902,345.04523091,345.58643442,37184949.0,6764196086.13,0.9547,-0.1566,1,0
2024-06-17,sz.300750,340.67827845,355.5147195,340.23038589,351.2224158,345.04523091,26929318.0,5044213365.16,0.6914,1.7903,1,0
2024-06-18,sz.300750,351.12910485,355.45873293,349.02027738,355.19746227,351.2224158,15652909.0,2959271843.32,0.4019,1.1318,1,0
2024-06-19,sz.300750,355.7013414,355.8879633,350.25198192,352.73405319,355.19746227,10753975.0,2030697600.04,0.2761,-0.6935,1,0
2024-06-20,sz.300750,354.56294781,354.78689409,349.1695749,350.83050981,352.73405319,11562370.0,2172637229.05,0.2969,-0.5397,1,0
2024-06-21,sz.300750,351.42769989,352.64074224,340.34235903,345.54911004,350.83050981,18467717.0,3416688219.76,0.4742,-1.5054,1,0
2024-06-24,sz.300750,341.518077,350.83050981,341.518077,348.94562862,345.54911004,18035490.0,3363422625.72,0.4631,0.9829,1,0
2024-06-25,sz.300750,348.982953,353.0886348,346.3702464,347.71392408,348.94562862,14414412.0,2696969882.24,0.3701,-0.353,1,0
2024-06-26,sz.300750,345.47446128,348.29245197,341.8913208,346.20228669,347.71392408,10481398.0,1940490559.38,0.2691,-0.4347,1,0
2024-06-27,sz.300750,346.20228669,346.89278772,341.53673919,345.250515,346.20228669,12653577.0,2330478210.95,0.3249,-0.2749,1,0
2024-06-28,sz.300750,343.0110522,346.14630012,335.62082496,335.97540657,345.250515,19420506.0,3539244333.22,0.4986,-2.6865,1,0
2024-07-01,sz.300750,334.40778261,334.57574232,319.44070623,328.58517933,335.97540657,26995744.0,4709620520.85,0.6931,-2.1996,1,0
2024-07-02,sz.300750,324.44217315,330.24611424,321.19495209,328.60384152,328.58517933,14415586.0,2529552189.48,0.3701,0.0057,1,0
2024-07-03,sz.300750,330.320763,340.5849675,329.03307189,334.9863105,328.60384152,16205321.0,2906473773.97,0.4161,1.9423,1,0
2024-07-04,sz.300750,336.64724541,341.49941481,334.4264448,335.1729324,334.9863105,11834646.0,2137596470.18,0.3039,0.0557,1,0
2024-07-05,sz.300750,337.785639,340.56630531,329.3876535,331.47781878,335.1729324,13524707.0,2414693953.96,0.3472,-1.1024,1,0
2024-07-08,sz.300750,328.47320619,332.87748303,326.60698719,328.28658429,331.47781878,10806397.0,1907514420.0,0.2775,-0.9627,1,0
2024-07-09,sz.300750,327.1481907,330.8806287,323.02384671,328.02531363,328.28658429,16443915.0,2876833389.62,0.4222,-0.0796,1,0
2024-07-10,sz.300750,326.60698719,336.08737971,322.94919795,322.94919795,328.02531363,17772919.0,3123226777.38,0.4563,-1.5475,1,0
2024-07-11,sz.300750,326.588325,334.01587662,323.77033431,330.33942519,322.94919795,20811148.0,3678618339.7,0.5343,2.2884,1,0
2024-07-12,sz.300750,331.90704915,339.22262763,330.320763,335.5461762,330.33942519,19550460.0,3523525353.71,0.502,1.5762,1,0
2024-07-15,sz.300750,332.7468477,335.82610905,330.52604709,332.41092828,335.5461762,11469696.0,2041627402.34,0.2945,-0.9344,1,0
2024-07-16,sz.300750,331.2538725,336.8525295,330.8806287,334.6130667,332.41092828,15148737.0,2710034963.05,0.3889,0.6625,1,0
2024-07-17,sz.300750,332.186982,340.88356254,328.34257086,337.58035491,334.6130667,18590141.0,3346445646.37,0.4773,0.8868,1,0
2024-07-18,sz.300750,335.91942,352.9020129,335.32222992,351.50234865,337.58035491,31994401.0,5957621426.21,0.8215,4.1241,1,0
2024-07-19,sz.300750,347.76991065,354.74956971,347.4899778,353.53652736,351.50234865,20847631.0,3929663334.93,0.5353,0.5787,1,0
2024-07-22,sz.300750,356.80241061,362.38240542,349.7294406,353.68582488,353.53652736,17168252.0,3259890052.78,0.4408,0.0422,1,0
2024-07-23,sz.300750,352.73405319,354.0217443,347.4899778,347.4899778,353.68582488,11903104.0,2233862306.3,0.3056,-1.7518,1,0
2024-07-24,sz.300750,347.116734,352.88335071,345.97834041,347.71392408,347.4899778,14468136.0,2708577542.72,0.3715,0.0644,1,0
2024-07-25,sz.300750,347.34068028,355.94394987,345.36248814,350.34529287,347.71392408,20595888.0,3863507112.24,0.5288,0.7568,1,0
2024-07-26,sz.300750,354.58161,360.7401327,350.94248295,353.36856765,350.34529287,23347718.0,4436931314.66,0.5995,0.8629,1,0
2024-07-29,sz.300750,348.982953,348.982953,335.91942,344.37339207,353.36856765,21362366.0,3918833597.96,0.5485,-2.5456,1,0
2024-07-30,sz.300750,341.92864518,345.86636727,341.92864518,345.04523091,344.37339207,12725163.0,2349179517.95,0.3267,0.1951,1,0
2024-07-31,sz.300750,339.651858,348.75900672,339.651858,347.69526189,345.04523091,19896940.0,3690880179.03,0.5109,0.768,1,0
2024-08-01,sz.300750,345.250515,347.116734,336.1060419,336.4792857,347.69526189,23012659.0,4180640117.67,0.5908,-3.2258,1,0
2024-08-02,sz.300750,334.053201,335.91942,329.83554606,330.48872271,336.4792857,15493685.0,2753866402.32,0.3978,-1.7804,1,0
2024-08-05,sz.300750,326.60698719,336.27400161,326.588325,330.320763,330.48872271,19347659.0,3451887572.32,0.4967,-0.0508,1,0
2024-08-06,sz.300750,332.95213179,334.78102641,324.18090249,326.49501405,330.320763,15768703.0,2771240102.29,0.4049,-1.1582,1,0
2024-08-07,sz.300750,326.49501405,328.88377437,324.10625373,324.10625373,326.49501405,12753959.0,2230380711.06,0.3275,-0.7316,1,0
2024-08-08,sz.300750,322.87454919,323.9756184,317.48117628,321.7361556,324.10625373,14658996.0,2520197340.45,0.3764,-0.7313,1,0
2024-08-09,sz.300750,323.9756184,326.34571653,317.25723,317.25723,321.7361556,15412989.0,2646422840.31,0.3957,-1.3921,1,0
2024-08-12,sz.300750,318.32097483,319.34739528,311.2853292,315.391011,317.25723,17415581.0,2934605437.63,0.4471,-0.5882,1,0
2024-08-13,sz.300750,315.18572691,326.51367624,314.23395522,324.31153782,315.391011,19389256.0,3336604796.24,0.4978,2.8284,1,0
2024-08-14,sz.300750,322.83722481,325.56190455,320.46712668,321.38157399,324.31153782,9966285.0,1720375362.23,0.2559,-0.9034,1,0
2024-08-15,sz.300750,320.989668,325.8418374,319.66465251,323.6023746,321.38157399,14481202.0,2511442939.39,0.3718,0.691,1,0
2024-08-16,sz.300750,323.6023746,328.454544,322.63194072,324.01294278,323.6023746,11150641.0,1941327488.98,0.2863,0.1269,1,0
2024-08-19,sz.300750,323.50906365,332.07500886,323.13581985,327.7080564,324.01294278,14035843.0,2473581500.63,0.3604,1.1404,1,0
2024-08-20,sz.300750,326.588325,328.454544,324.08759154,326.34571653,327.7080564,8436955.0,1475662465.92,0.2166,-0.4157,1,0
2024-08-21,sz.300750,324.722106,327.35347479,320.989668,324.74076819,326.34571653,11147405.0,1940113037.72,0.2862,-0.4918,1,0
2024-08-22,sz.300750,326.55100062,335.86343343,325.2819717,333.6799572,324.74076819,19901136.0,3536569763.92,0.511,2.7527,1,0
2024-08-23,sz.300750,330.320763,340.62229188,330.320763,339.2786142,333.6799572,18415176.0,3332172741.09,0.4728,1.6779,1,0
2024-08-26,sz.300750,339.4652361,344.42937864,337.785639,343.23499848,339.2786142,14838749.0,2717728514.01,0.381,1.1661,1,0
2024-08-27,sz.300750,340.62229188,344.29874331,338.7187485,342.4511865,343.23499848,9976992.0,1827225122.26,0.2562,-0.2284,1,0
2024-08-28,sz.300750,341.1448332,342.80576811,338.30818032,341.18215758,342.4511865,10639015.0,1940292275.3,0.2732,-0.3706,1,0
2024-08-29,sz.300750,334.37045823,341.49941481,334.37045823,337.4123952,341.18215758,15670242.0,2839993927.17,0.4023,-1.1049,1,0
2024-08-30,sz.300750,337.4123952,347.04208524,337.4123952,344.01881046,337.4123952,25429171.0,4689604094.32,0.6529,1.958,1,0
2024-09-02,sz.300750,344.20543236,346.35158421,337.785639,338.14022061,344.01881046,12985176.0,2371406001.78,0.3334,-1.7088,1,0
2024-09-03,sz.300750,336.4792857,348.4230873,335.95674438,346.46355735,338.14022061,18196886.0,3362146073.33,0.4672,2.4615,1,0
2024-09-04,sz.300750,345.84770508,352.715391,344.97058215,349.26288585,346.46355735,16564524.0,3101382415.29,0.4253,0.808,1,0
2024-09-05,sz.300750,349.26288585,353.74181145,346.7434902,348.6097092,349.26288585,12318215.0,2302962597.23,0.3163,-0.187,1,0
2024-09-06,sz.300750,347.34068028,351.7822815,345.9970026,347.02342305,348.6097092,7525486.0,1404159124.51,0.1932,-0.455,1,0
2024-09-09,sz.300750,345.45579909,352.08087654,342.39519993,345.53044785,347.02342305,13475355.0,2494206446.2,0.346,-0.4302,1,0
2024-09-10,sz.300750,346.1836245,346.1836245,337.87894995,338.08423404,345.53044785,15424413.0,2809100737.45,0.396,-2.155,1,0
2024-09-11,sz.300750,340.3983456,350.43860382,338.08423404,348.16181664,338.08423404,21197083.0,3938430662.64,0.5442,2.9808,1,0
2024-09-12,sz.300750,350.849172,358.61264304,348.44174949,353.36856765,348.16181664,20709986.0,3931885572.83,0.5317,1.4955,1,0
2024-09-13,sz.300750,352.49144472,352.49144472,342.4511865,342.4511865,353.36856765,17287288.0,3202147524.27,0.4438,-3.0895,1,0
2024-09-18,sz.300750,342.6378084,349.78542717,342.05928051,347.8632216,342.4511865,11377895.0,2116044596.22,0.2921,1.5804,1,0
2024-09-19,sz.300750,348.982953,351.25974018,342.6378084,348.7963311,347.8632216,15769409.0,2940618896.64,0.4049,0.2682,1,0
2024-09-20,sz.300750,348.7963311,350.6625501,342.78710592,346.3702464,348.7963311,15502703.0,2874252971.74,0.3977,-0.6956,1,0
2024-09-23,sz.300750,348.34843854,353.51786517,346.1836245,351.2224158,346.3702464,15792549.0,2968348168.22,0.4051,1.4009,1,0
2024-09-24,sz.300750,358.23939924,369.82861923,352.51010691,368.61557688,351.2224158,35451735.0,6891613101.73,0.9087,4.9522,1,0
2024-09-25,sz.300750,387.03515841,387.0538206,378.07730721,379.0290789,368.61557688,42010119.0,8606648805.95,1.0768,2.825,1,0
2024-09-26,sz.300750,380.1488103,386.92318527,371.24694567,383.52666669,379.0290789,35489346.0,7190132217.19,0.9096,1.1866,1,0
2024-09-27,sz.300750,395.638428,432.36561792,395.02257573,423.27713139,383.52666669,70181326.0,15567947397.43,1.7988,10.3645,1,0
2024-09-30,sz.300750,434.86635138,475.885845,432.962808,470.08190391,423.27713139,91361145.0,22246725636.15,2.3417,11.0577,1,0
2024-10-08,sz.300750,552.400824,562.6650285,499.51217754,557.999481,470.08190391,137646479.0,39285155658.41,3.5281,18.7026,1,0
2024-10-09,sz.300750,522.3546981,522.52265781,475.885845,475.885845,557.999481,108691594.0,29017394644.92,2.7859,-14.7157,1,0
2024-10-10,sz.300750,475.885845,496.39559181,466.85334504,481.484502,475.885845,60833833.0,15786972610.89,1.5593,1.1765,1,0
2024-10-11,sz.300750,476.8189545,476.8189545,444.02948667,451.23309201,481.484502,47640230.0,11668275358.21,1.2211,-6.2829,1,0
2024-10-14,sz.300750,466.53608781,471.7801632,457.11168186,466.03220868,451.23309201,46759863.0,11671765786.38,1.1985,3.2797,1,0
2024-10-15,sz.300750,466.20016839,468.12237396,450.00138747,450.16934718,466.03220868,32765334.0,8057930637.14,0.8398,-3.4038,1,0
2024-10-16,sz.300750,445.69042158,445.69042158,435.44487927,436.41531315,450.16934718,33585954.0,7918107275.66,0.8609,-3.0553,1,0
2024-10-17,sz.300750,436.695246,445.80239472,430.83531834,432.0296985,436.41531315,26164672.0,6135626737.15,0.6706,-1.0049,1,0
2024-10-18,sz.300750,429.23037,483.12677472,428.4838824,466.34946591,432.0296985,68013787.0,16734812130.47,1.7433,7.9438,1,0
2024-10-21,sz.300750,483.350721,489.93847407,469.82063325,472.82524584,466.34946591,58455809.0,14972853360.17,1.4983,1.3886,1,0
2024-10-22,sz.300750,474.019626,475.06470864,461.44130994,467.58117045,472.82524584,27876033.0,6986426718.6,0.7145,-1.1091,1,0
2024-10-23,sz.300750,462.46773039,475.77387186,460.69482234,465.2483967,467.58117045,32154122.0,8076690148.32,0.8242,-0.4989,1,0
2024-10-24,sz.300750,466.12551963,469.3540785,457.223655,459.38846904,465.2483967,21465790.0,5297733385.73,0.5502,-1.2595,1,0
2024-10-25,sz.300750,470.92170246,494.548035,459.6497397,483.12677472,459.38846904,57898551.0,14887536977.89,1.484,5.1674,1,0
2024-10-28,sz.300750,477.99467247,482.62289559,472.153407,478.19995656,483.12677472,27601935.0,7053002719.83,0.7075,-1.0198,1,0
2024-10-29,sz.300750,478.19995656,480.94329849,468.86886156,469.87661982,478.19995656,26994808.0,6853075171.39,0.6919,-1.7406,1,0
2024-10-30,sz.300750,466.55475,470.8470537,456.2905455,462.87829857,469.87661982,27134374.0,6734690047.33,0.6955,-1.4894,1,0
2024-10-31,sz.300750,460.93743081,467.4878595,455.357436,459.05254962,462.87829857,25500279.0,6286268642.67,0.6536,-0.8265,1,0
2024-11-01,sz.300750,460.07897007,466.21883058,457.55957442,459.4631178,459.05254962,25915829.0,6418140472.77,0.6643,0.0894,1,0
2024-11-04,sz.300750,455.357436,474.5794917,455.357436,468.7942128,459.4631178,24247222.0,6074686403.4,0.6215,2.0309,1,0
2024-11-05,sz.300750,467.63715702,490.47967758,464.93113947,487.81098441,468.7942128,48482094.0,12547431634.82,1.2427,4.0565,1,0
2024-11-06,sz.300750,483.33205881,502.9460205,473.0865165,478.6851735,487.81098441,45239310.0,11840068810.22,1.1595,-1.8708,1,0
2024-11-07,sz.300750,481.484502,490.4423532,473.79567972,490.4423532,478.6851735,33571027.0,8698717048.5,0.8605,2.4561,1,0
2024-11-08,sz.300750,503.24461554,507.611568,479.8049049,480.5513925,490.4423532,40294127.0,10612727375.41,1.0328,-2.0167,1,0
2024-11-11,sz.300750,470.94036465,501.99424881,468.43963119,499.2135825,480.5513925,49153907.0,12844920271.79,1.2599,3.8835,1,0
2024-11-12,sz.300750,519.33142332,532.2456588,505.70802462,509.51511138,499.2135825,74403008.0,20764206510.38,1.9071,2.0636,1,0
2024-11-13,sz.300750,502.012911,537.8443158,497.85124263,526.273758,509.51511138,55773688.0,15410247017.55,1.4296,3.2891,1,0
2024-11-14,sz.300750,528.139977,531.85375281,512.57571054,513.210225,526.273758,42657210.0,11940874423.6,1.0934,-2.4823,1,0
2024-11-15,sz.300750,502.9460205,513.210225,495.59311764,495.59311764,513.210225,35198317.0,9488134617.77,0.9022,-3.4327,1,0
2024-11-18,sz.300750,495.59311764,505.65203805,487.083159,490.66629948,495.59311764,30650010.0,8135717135.86,0.7856,-0.9941,1,0
2024-11-19,sz.300750,488.98670238,507.611568,481.484502,501.49036968,490.66629948,34812887.0,9211079120.51,0.8921,2.206,1,0
2024-11-20,sz.300750,498.18716205,503.6925081,493.8015474,499.30689345,501.49036968,22708778.0,6060616028.92,0.5819,-0.4354,1,0
2024-11-21,sz.300750,495.77973954,506.54782317,492.04730154,500.63190894,499.30689345,20550827.0,5510533650.39,0.5266,0.2654,1,0
2024-11-22,sz.300750,500.01605667,502.012911,483.12677472,483.5373429,500.63190894,22555101.0,5937579845.21,0.578,-3.4146,1,0
2024-11-25,sz.300750,490.92757014,497.45933664,487.41907842,492.8684379,483.5373429,26239071.0,6923644963.03,0.6724,1.9298,1,0
2024-11-26,sz.300750,488.14690383,492.62582943,477.11754954,479.09574168,492.8684379,27360405.0,7076484876.24,0.7011,-2.7944,1,0
2024-11-27,sz.300750,475.3259793,486.8965371,469.29809193,485.0303181,479.09574168,27400665.0,7033615361.69,0.7021,1.2387,1,0
2024-11-28,sz.300750,483.7239648,484.33981707,473.0865165,475.3259793,485.0303181,22355598.0,5728197559.53,0.5728,-2.0008,1,0
2024-11-29,sz.300750,468.85019937,500.12802981,468.85019937,487.53105156,475.3259793,31366272.0,8192074188.26,0.8037,2.5677,1,0
2024-12-02,sz.300750,482.67888216,491.84201745,480.01018899,489.30395961,487.53105156,20647547.0,5387882833.85,0.5291,0.3637,1,0
2024-12-03,sz.300750,487.083159,490.79693481,483.350721,488.65078296,489.30395961,17310789.0,4514867561.72,0.4436,-0.1335,1,0
2024-12-04,sz.300750,485.21694,488.949378,480.5513925,483.29473443,488.65078296,16181395.0,4186965339.38,0.4146,-1.0961,1,0
2024-12-05,sz.300750,481.46583981,483.25741005,475.90450719,477.752064,483.29473443,16021580.0,4109014221.95,0.4105,-1.1469,1,0
2024-12-06,sz.300750,477.752064,503.6925081,475.885845,497.44067445,477.752064,33038136.0,8719647873.97,0.8466,4.1211,1,0
2024-12-09,sz.300750,498.26181081,503.24461554,493.44696579,500.24000295,497.44067445,22456090.0,6005103478.7,0.5754,0.5627,1,0
2024-12-10,sz.300750,524.93008032,525.3406485,502.62876327,504.94287483,500.24000295,32904436.0,9035442039.71,0.8432,0.9401,1,0
2024-12-11,sz.300750,511.26935724,521.6082105,497.38468788,498.4670949,504.94287483,19400821.0,5262014871.75,0.4971,-1.2825,1,0
2024-12-12,sz.300750,496.2276321,513.91938822,494.9212788,510.80280249,498.4670949,22329514.0,6055502392.49,0.5722,2.4747,1,0
2024-12-13,sz.300750,503.65518372,507.611568,496.414254,498.33645957,510.80280249,28316441.0,7596460114.56,0.7256,-2.4405,1,0
2024-12-16,sz.300750,496.82482218,502.9460205,492.77512695,498.6537168,498.33645957,16257508.0,4333963457.3,0.4166,0.0637,1,0
2024-12-17,sz.300750,498.280473,518.808882,497.42201226,510.9707622,498.6537168,28214610.0,7746201690.52,0.723,2.4701,1,0
2024-12-18,sz.300750,511.92253389,512.70634587,504.45765789,506.51049879,510.9707622,15085329.0,4110472402.55,0.3865,-0.8729,1,0
2024-12-19,sz.300750,502.49812794,508.26474465,497.57130978,503.48722401,506.51049879,15346018.0,4137668599.45,0.3932,-0.5969,1,0
2024-12-20,sz.300750,503.48722401,505.3721052,485.81413008,490.27439349,503.48722401,27740098.0,7313368050.81,0.7108,-2.6243,1,0
2024-12-23,sz.300750,490.27439349,501.78896472,490.27439349,491.7487065,490.27439349,20639383.0,5482614221.43,0.5289,0.3007,1,0
2024-12-24,sz.300750,490.815597,500.61324675,490.815597,500.57592237,491.7487065,19615352.0,5229920631.84,0.5026,1.7951,1,0
2024-12-25,sz.300750,501.84495129,505.57738929,496.89947094,500.09070543,500.57592237,11413810.0,3058526680.1,0.2925,-0.0969,1,0
2024-12-26,sz.300750,498.6537168,498.6537168,487.083159,487.54971375,500.09070543,22443762.0,5898437344.16,0.5751,-2.5077,1,0
2024-12-27,sz.300750,486.28068483,491.59940898,475.885845,488.949378,487.54971375,24351918.0,6338085456.58,0.624,0.2871,1,0
2024-12-30,sz.300750,486.85921272,499.2135825,486.16871169,497.49666102,488.949378,22631352.0,6013633016.57,0.5799,1.7481,1,0
2024-12-31,sz.300750,494.71599471,504.8122395,494.71599471,496.414254,497.49666102,24933952.0,6694555730.67,0.6389,-0.2176,1,0
2025-01-02,sz.300750,496.88080875,496.9741197,479.618283,482.94015282,496.414254,23354576.0,6090661831.17,0.5984,-2.7143,1,0
2025-01-03,sz.300750,482.94015282,490.815597,480.01018899,480.79400097,482.94015282,18523758.0,4812148522.42,0.4747,-0.4444,1,0
2025-01-06,sz.300750,481.484502,485.21694,472.153407,479.15172825,480.79400097,17289077.0,4433101113.47,0.443,-0.3416,1,0
2025-01-07,sz.300750,453.491217,470.287188,449.90807652,465.52832955,479.15172825,40103599.0,9934923663.6,1.0276,-2.8432,1,0
2025-01-08,sz.300750,459.07121181,463.40083989,454.08840708,457.85816946,465.52832955,27185752.0,6681628785.11,0.6966,-1.6476,1,0
2025-01-09,sz.300750,450.41195565,467.02130475,450.05737404,461.57194527,457.85816946,16932878.0,4168600175.92,0.4339,0.8111,1,0
2025-01-10,sz.300750,460.0229835,466.46143905,456.62646492,459.089874,461.57194527,14729433.0,3643092329.08,0.3774,-0.5377,1,0
2025-01-13,sz.300750,454.4243265,466.55475,451.624998,460.78813329,459.089874,18092226.0,4467775090.65,0.4636,0.3699,1,0
2025-01-14,sz.300750,462.28110849,479.618283,457.61556099,478.1253078,460.78813329,20246734.0,5108567634.52,0.5188,3.7625,1,0
2025-01-15,sz.300750,478.1253078,478.4985516,465.93889773,468.17836053,478.1253078,15062665.0,3798504600.23,0.386,-2.0804,1,0
2025-01-16,sz.300750,470.287188,475.1393574,463.30752894,466.42411467,468.17836053,16188378.0,4056598313.89,0.4148,-0.3747,1,0
2025-01-17,sz.300750,463.7554215,473.0865165,462.97160952,469.3540785,466.42411467,11106600.0,2786220135.4,0.2846,0.6282,1,0
2025-01-20,sz.300750,478.6851735,499.41886659,478.33059189,495.51846888,469.3540785,34283497.0,9048642227.01,0.8785,5.5746,1,0
2025-01-21,sz.300750,501.0798015,501.56501844,491.22616518,493.01773542,495.51846888,13893306.0,3681448144.13,0.356,-0.5047,1,0
2025-01-22,sz.300750,488.949378,494.3614131,474.41153199,481.484502,493.01773542,25040737.0,6440345376.16,0.6416,-2.3393,1,0
2025-01-23,sz.300750,484.93700715,489.8824875,479.58095862,480.5513925,481.484502,16553688.0,4291744662.35,0.4242,-0.1938,1,0
2025-01-24,sz.300750,480.06380776,496.50910128,480.06380776,488.70836912,480.55135352,22439796.0,5876198259.64,0.575,1.6974,1,0
2025-01-27,sz.300750,488.72712088,493.11503272,481.920232,481.920232,488.70836912,17102637.0,4460049868.79,0.4382,-1.389,1,0
2025-02-05,sz.300750,487.54576,491.296112,470.7629348,472.76937312,481.920232,24048140.0,6141794779.18,0.6162,-1.8988,1,0
2025-02-06,sz.300750,470.669176,475.33836424,467.2938592,474.6070456,472.76937312,24896101.0,6261792979.68,0.6379,0.3887,1,0
2025-02-07,sz.300750,481.920232,492.34621056,471.83178512,489.94598528,474.6070456,34441254.0,8922582684.06,0.8825,3.2319,1,0
2025-02-10,sz.300750,489.94598528,490.30226872,478.50741168,484.6392372,489.94598528,22926710.0,5928297100.65,0.5875,-1.0831,1,0
2025-02-11,sz.300750,488.37083744,488.483348,470.78168656,472.1693168,484.6392372,24791980.0,6268157349.51,0.6353,-2.573,1,0
2025-02-12,sz.300750,468.81275176,480.045056,463.31848608,478.7324328,472.1693168,27382214.0,6902713445.39,0.7016,1.39,1,0
2025-02-13,sz.300750,480.02630424,495.02771224,478.3573976,490.15225464,478.7324328,37534967.0,9803005760.98,0.9618,2.3854,1,0
2025-02-14,sz.300750,490.41477928,511.923048,490.41477928,505.75371896,490.15225464,38780030.0,10409880413.13,0.9937,3.183,1,0
2025-02-17,sz.300750,515.4858824,515.4858824,498.83431952,505.1724144,505.75371896,24182960.0,6513084025.55,0.6197,-0.1149,1,0
2025-02-18,sz.300750,511.84804096,516.610988,504.422344,507.74140552,505.1724144,23845755.0,6497674092.82,0.611,0.5085,1,0
2025-02-19,sz.300750,503.61601832,517.548576,503.5785148,512.9543948,507.74140552,20445539.0,5580141095.98,0.5239,1.0267,1,0
2025-02-20,sz.300750,511.5480128,511.5480128,500.671992,506.6725552,512.9543948,19589001.0,5267400818.81,0.502,-1.2246,1,0
2025-02-21,sz.300750,503.63477008,519.19873088,502.13462928,516.7047468,506.6725552,30951906.0,8443562273.09,0.7931,1.98,1,0
2025-02-24,sz.300750,511.94179976,515.1108472,502.84719616,509.110284,516.7047468,27753762.0,7510840227.9,0.7112,-1.4698,1,0
2025-02-25,sz.300750,501.57207648,513.798224,496.00280376,505.32242848,509.110284,23209375.0,6243748571.26,0.5947,-0.744,1,0
2025-02-26,sz.300750,509.0165252,511.69802688,501.00952368,503.70977712,505.32242848,21173074.0,5698649749.86,0.5425,-0.3191,1,0
2025-02-27,sz.300750,506.80381752,509.4853192,501.92835992,506.29752,503.70977712,23185110.0,6250587949.69,0.5941,0.5137,1,0
2025-02-28,sz.300750,505.5474496,508.75400056,494.31514536,495.6090168,506.29752,22265458.0,5935077344.85,0.5705,-2.1111,1,0
2025-03-03,sz.300750,496.92164,523.7366568,491.74615424,512.91689128,495.6090168,38736403.0,10603328988.12,0.9926,3.4922,1,0
2025-03-04,sz.300750,506.29752,508.172696,492.66499048,493.171288,512.91689128,26836542.0,7115460892.09,0.6877,-3.8497,1,0
2025-03-05,sz.300750,493.171288,494.84019464,484.732996,489.40218424,493.171288,20869610.0,5438997025.6,0.5348,-0.7643,1,0
2025-03-06,sz.300750,491.764906,497.91548328,489.420936,495.62776856,489.40218424,25027321.0,6601078271.87,0.6413,1.2721,1,0
2025-03-07,sz.300750,493.09628096,494.25889008,485.07052768,488.97089376,495.62776856,22287108.0,5812794648.75,0.5711,-1.3431,1,0
2025-03-10,sz.300750,490.9210768,491.03358736,475.56338536,480.982644,488.97089376,28675074.0,7355227161.05,0.7348,-1.6337,1,0
2025-03-11,sz.300750,474.55079032,479.107468,474.5132868,478.5449152,480.982644,17135077.0,4355529582.69,0.4391,-0.5068,1,0
2025-03-12,sz.300750,480.06380776,481.20766512,471.58801224,477.232292,478.5449152,19914690.0,5058919203.76,0.5103,-0.2743,1,0
2025-03-13,sz.300750,476.294704,486.0456192,474.419528,474.83206672,477.232292,16885150.0,4316530458.89,0.4327,-0.5029,1,0
2025-03-14,sz.300750,474.419528,496.6403636,473.7632164,491.296112,474.83206672,35108935.0,9148092796.94,0.8996,3.4673,1,0
2025-03-17,sz.300750,493.3588056,497.80297272,479.55751024,480.045056,491.296112,33515486.0,8685706367.06,0.8588,-2.2901,1,0
2025-03-18,sz.300750,483.795408,489.00839728,479.107468,481.920232,480.045056,22576732.0,5817534421.17,0.5785,0.3906,1,0
2025-03-19,sz.300750,482.2952672,500.61573672,481.50769328,497.65295864,481.920232,36954120.0,9737109378.54,0.9469,3.2646,1,0
2025-03-20,sz.300750,497.65295864,499.734404,489.45843952,491.5773884,497.65295864,14424653.0,3794188019.64,0.3696,-1.2208,1,0
2025-03-21,sz.300750,492.57123168,496.04030728,479.42624792,480.045056,491.5773884,19432006.0,5026360931.88,0.4979,-2.346,1,0
2025-03-24,sz.300750,483.2328552,485.63308048,480.57010528,484.09543616,480.045056,16730217.0,4311680872.58,0.4287,0.8438,1,0
2025-03-25,sz.300750,483.25160696,487.54576,478.71368104,486.57066848,484.09543616,12785778.0,3303477319.98,0.3276,0.5113,1,0
2025-03-26,sz.300750,486.4206544,492.6087352,481.3576792,481.77021792,486.57066848,12904626.0,3336108307.58,0.3307,-0.9866,1,0
2025-03-27,sz.300750,480.40133944,492.7962528,476.763498,485.44556288,481.77021792,14179206.0,3675726420.1,0.3633,0.7629,1,0
2025-03-28,sz.300750,480.25132536,485.44556288,479.6700208,481.5451968,485.44556288,11242068.0,2888588257.91,0.2881,-0.8035,1,0
2025-03-31,sz.300750,480.15756656,483.75790448,472.76937312,474.30701744,481.5451968,19463355.0,4951863265.85,0.4987,-1.5031,1,0
2025-04-01,sz.300750,474.30701744,477.232292,466.13125008,467.03133456,474.30701744,19416208.0,4862442756.21,0.4975,-1.534,1,0
2025-04-02,sz.300750,469.1690352,473.40693296,464.21857056,467.18134864,467.03133456,13732112.0,3433096886.45,0.3519,0.0321,1,0
2025-04-03,sz.300750,459.41812,464.4810952,454.8239388,455.81778208,467.18134864,23281639.0,5693962717.17,0.5966,-2.4324,1,0
2025-04-07,sz.300750,423.95854184,431.29048,392.11805336,403.57537872,455.81778208,72364582.0,15811389636.04,1.8543,-11.4612,1,0
2025-04-08,sz.300750,412.4449612,421.9146,405.7880864,410.7573028,403.57537872,47659421.0,10471952816.27,1.2212,1.7796,1,0
2025-04-09,sz.300750,399.26247392,410.19475,393.95572584,396.39345464,410.7573028,53602339.0,11459705354.46,1.3735,-3.4969,1,0
2025-04-10,sz.300750,414.413896,417.77046104,404.02542096,408.75086448,396.39345464,37274119.0,8168675412.18,0.9551,3.1175,1,0
2025-04-11,sz.300750,405.038016,422.9459468,402.6002872,420.039424,408.75086448,30299115.0,6696905324.87,0.7764,2.7617,1,0
2025-04-14,sz.300750,425.9462284,427.540128,417.56419168,420.039424,420.039424,20696504.0,4642121045.01,0.5303,0.0,1,0
2025-04-15,sz.300750,423.789776,432.1343092,422.13962112,427.8214044,420.039424,26686542.0,6087451729.5,0.6838,1.8527,1,0
2025-04-16,sz.300750,425.664952,426.00248368,415.4452428,421.70833064,427.8214044,21655096.0,4838764472.01,0.5549,-1.4289,1,0
2025-04-17,sz.300750,418.164248,426.28376008,416.70161072,423.789776,421.70833064,15737659.0,3551280611.34,0.4033,0.4936,1,0
2025-04-18,sz.300750,422.30838696,424.727364,419.40186416,422.77718096,423.789776,11512794.0,2588857714.93,0.295,-0.2389,1,0
2025-04-21,sz.300750,422.77718096,440.66636,420.37695568,433.84071936,422.77718096,22008191.0,5088523082.08,0.5639,2.6169,1,0
2025-04-22,sz.300750,439.9233,442.1420436,434.567712,441.2430699,433.8408822,16935423.0,3885729764.44,0.434,1.7062,1,0
2025-04-23,sz.300750,449.48685,456.6595125,445.66143,446.3308785,441.2430699,19197980.0,4507058716.13,0.4919,1.1531,1,0
2025-04-24,sz.300750,448.530495,456.4873686,444.2268975,453.0636177,446.3308785,18155439.0,4297351278.47,0.4652,1.5085,1,0
2025-04-25,sz.300750,453.694812,455.0719632,449.6589939,452.547186,453.0636177,12761989.0,3016796564.98,0.327,-0.114,1,0
2025-04-28,sz.300750,455.7031575,455.7222846,446.043972,449.1999435,452.547186,14312432.0,3357178149.08,0.3667,-0.7396,1,0
2025-04-29,sz.300750,447.57414,449.104308,441.3004512,443.8061013,449.1999435,16742435.0,3892978723.57,0.429,-1.2008,1,0
2025-04-30,sz.300750,445.7570655,448.3009698,442.792365,442.792365,443.8061013,15632835.0,3635403837.28,0.4006,-0.2284,1,0
2025-05-06,sz.300750,447.4019961,451.973373,442.218552,443.0410173,442.792365,19687679.0,4591289270.22,0.5045,0.0562,1,0
2025-05-07,sz.300750,452.2602795,460.7335848,451.5525768,456.3917331,443.0410173,31280985.0,7444719326.75,0.8016,3.0134,1,0
2025-05-08,sz.300750,458.0749179,475.6527228,455.1867258,467.7914847,456.3917331,31285640.0,7666995082.28,0.8017,2.4978,1,0
2025-05-09,sz.300750,470.6605497,477.7375767,467.9445015,474.8685117,467.7914847,23693317.0,5858468263.59,0.6071,1.5129,1,0
2025-05-12,sz.300750,487.74105,493.4600529,483.91563,491.56647,474.8685117,30231506.0,7731591601.27,0.7747,3.5163,1,0
2025-05-13,sz.300750,501.13002,501.13002,487.7793042,494.9519667,491.56647,20480591.0,5281511474.78,0.5248,0.6887,1,0
2025-05-14,sz.300750,494.9519667,505.8352866,489.6728871,502.277646,494.9519667,23146307.0,6020688165.31,0.5931,1.4801,1,0
2025-05-15,sz.300750,502.3159002,502.7940777,496.539516,497.6488878,502.277646,14111893.0,3685574613.84,0.3616,-0.9216,1,0
2025-05-16,sz.300750,495.6596694,500.6135883,492.9627483,496.0804656,497.6488878,18900058.0,4904611047.57,0.4843,-0.3152,1,0
2025-05-19,sz.300750,498.260955,498.3374634,492.0829017,497.3046,496.0804656,16974017.0,4399897902.76,0.4349,0.2468,1,0
2025-05-20,sz.300750,505.7970324,507.824505,488.123592,503.04273,497.3046,34642364.0,9053425367.26,0.8877,1.1538,1,0
2025-05-21,sz.300750,510.6744429,535.5396729,508.398318,524.2355568,503.04273,56524517.0,15470587405.46,1.4484,4.2129,1,0
2025-05-22,sz.300750,531.350838,531.6186174,513.1227117,517.1394027,524.2355568,27608118.0,7470701466.92,0.7074,-1.3536,1,0
2025-05-23,sz.300750,518.3635371,524.08254,510.5979345,510.6744429,517.1394027,23000352.0,6218224096.63,0.5894,-1.2501,1,0
2025-05-26,sz.300750,506.86815,509.5076898,483.724359,489.462489,510.6744429,33012215.0,8477228630.01,0.8459,-4.1537,1,0
2025-05-27,sz.300750,489.4433619,491.9681391,482.7488769,485.8092129,489.462489,17667995.0,4491281265.98,0.4527,-0.7464,1,0
2025-05-28,sz.300750,488.9078031,493.9956117,484.5276972,485.063256,485.8092129,15456265.0,3946773465.49,0.3961,-0.1535,1,0
2025-05-29,sz.300750,483.91563,485.7900858,476.26479,481.7160135,485.063256,21788285.0,5487937547.64,0.5583,-0.6901,1,0
2025-05-30,sz.300750,479.898939,483.2461815,473.3383437,478.1775,481.7160135,20433747.0,5107325147.85,0.5236,-0.7346,1,0
2025-06-03,sz.300750,482.00292,485.637069,479.0190924,480.3771165,478.1775,15841166.0,3989341996.16,0.4059,0.46,1,0
2025-06-04,sz.300750,482.959275,485.063256,479.516397,480.1858455,480.3771165,13040195.0,3285855858.94,0.3341,-0.0398,1,0
2025-06-05,sz.300750,480.7787856,482.8445124,474.8685117,481.046565,480.1858455,13525851.0,3386751734.82,0.3466,0.1792,1,0
2025-06-06,sz.300750,482.00292,484.5468243,475.308435,476.0352648,481.046565,16551474.0,4138221069.73,0.4241,-1.0417,1,0
2025-06-09,sz.300750,476.0352648,479.8606848,469.570305,469.7233218,476.0352648,18549757.0,4593124638.49,0.4753,-1.3259,1,0
2025-06-10,sz.300750,468.61395,472.1715906,463.2966162,465.0563094,469.7233218,13932459.0,3406606343.21,0.357,-0.9936,1,0
2025-06-11,sz.300750,470.6988039,482.8445124,468.231408,479.133855,465.0563094,27993404.0,7006354612.93,0.7173,3.0271,1,0
2025-06-12,sz.300750,482.00292,482.959275,475.8248667,477.8140851,479.133855,17569617.0,4386403720.61,0.4502,-0.2754,1,0
2025-06-13,sz.300750,474.543351,478.9617111,471.2343627,474.734622,477.8140851,17403245.0,4322411795.88,0.4459,-0.6445,1,0
2025-06-16,sz.300750,474.35208,475.690977,470.144118,471.7890486,474.734622,12217571.0,3013514215.11,0.3131,-0.6205,1,0
2025-06-17,sz.300750,472.3628616,475.1745453,469.0347462,471.0239646,471.7890486,9765024.0,2407928749.8,0.2502,-0.1622,1,0
2025-06-18,sz.300750,472.4011158,477.3741618,469.7041947,469.7041947,471.0239646,10460561.0,2586543839.29,0.268,-0.2802,1,0
2025-06-19,sz.300750,469.187763,470.8326936,462.110736,463.067091,469.7041947,14798456.0,3604508604.0,0.3792,-1.413,1,0
2025-06-20,sz.300750,461.0778726,465.0180552,458.094045,459.5477046,463.067091,13688340.0,3293985956.97,0.3508,-0.76,1,0
2025-06-23,sz.300750,457.711503,460.198026,455.2823613,458.3044431,459.5477046,12709927.0,3040680713.46,0.3257,-0.2705,1,0
2025-06-24,sz.300750,460.1597718,474.5050968,460.1597718,470.3736432,458.3044431,23501081.0,5767361453.67,0.6022,2.6334,1,0
2025-06-25,sz.300750,471.483015,489.4242348,470.52666,487.549779,470.3736432,31537723.0,7930320892.2,0.8081,3.6516,1,0
2025-06-26,sz.300750,489.4242348,490.2084459,482.6914956,483.5139609,487.549779,19914530.0,5062386536.58,0.5103,-0.8278,1,0
2025-06-27,sz.300750,490.610115,492.4271895,478.3878981,480.0710829,483.5139609,23620067.0,5985026676.06,0.6052,-0.7121,1,0
2025-06-30,sz.300750,481.046565,484.871985,477.603687,482.4237162,480.0710829,17623370.0,4434817078.09,0.4516,0.4901,1,0
2025-07-01,sz.300750,482.959275,483.4183254,477.9479748,481.046565,482.4237162,9532258.0,2395104336.39,0.2443,-0.2855,1,0
2025-07-02,sz.300750,481.046565,482.0220471,476.6282049,479.0382195,481.046565,11571374.0,2897311834.39,0.2965,-0.4175,1,0
2025-07-03,sz.300750,480.9891837,503.4443991,479.3059989,502.2585189,479.0382195,33803747.0,8746803693.22,0.8662,4.8473,1,0
2025-07-04,sz.300750,506.8872771,516.3934458,499.1790558,508.398318,502.2585189,27206013.0,7214227943.16,0.6971,1.2224,1,0
2025-07-07,sz.300750,508.398318,514.2894648,495.1623648,499.0069119,508.398318,17466498.0,4568972964.97,0.4476,-1.8473,1,0
2025-07-08,sz.300750,498.643497,508.589589,496.9603122,503.6356701,499.0069119,15592292.0,4104293094.04,0.3995,0.9276,1,0
2025-07-09,sz.300750,501.512562,524.9623866,501.321291,517.961868,503.6356701,29388371.0,7948423738.84,0.7531,2.8446,1,0
2025-07-10,sz.300750,525.9761229,525.9761229,513.562635,520.25712,517.961868,24239349.0,6594201202.24,0.6211,0.4431,1,0
2025-07-11,sz.300750,519.300765,524.08254,516.622971,519.300765,520.25712,21328153.0,5798544034.02,0.5465,-0.1838,1,0
2025-07-14,sz.300750,518.34441,518.9564772,508.972131,513.562635,519.300765,14978884.0,4013693003.02,0.3838,-1.105,1,0
2025-07-15,sz.300750,513.562635,521.213475,508.78086,512.1281025,513.562635,16952649.0,4553827628.41,0.4344,-0.2793,1,0
2025-07-16,sz.300750,513.562635,513.945177,503.1192384,505.720524,512.1281025,15626479.0,4135841242.09,0.4004,-1.2512,1,0
2025-07-17,sz.300750,507.5758527,512.1281025,505.6440156,507.824505,505.720524,14511017.0,3852746250.96,0.3718,0.416,1,0
2025-07-18,sz.300750,513.945177,521.1178395,508.398318,518.726952,507.824505,22186558.0,5981601234.68,0.5685,2.1469,1,0
2025-07-21,sz.300750,529.82067,539.38422,523.2218205,534.9084786,518.726952,32486275.0,9047295148.53,0.8324,3.1195,1,0
2025-07-22,sz.300750,535.5588,554.6859,533.9903778,548.2974486,534.9084786,33309029.0,9468912161.33,0.8535,2.503,1,0
2025-07-23,sz.300750,551.1665136,556.1204325,548.1635589,548.9860242,548.2974486,20018974.0,5772653125.61,0.513,0.1256,1,0
2025-07-24,sz.300750,552.77319,553.155732,541.1247861,545.504892,548.9860242,22389114.0,6394082072.26,0.5737,-0.6341,1,0
2025-07-25,sz.300750,545.504892,545.504892,538.9060425,540.914388,545.504892,13432601.0,3802835260.35,0.3442,-0.8415,1,0
2025-07-28,sz.300750,541.3351842,552.9453339,538.045323,547.608873,540.914388,23897336.0,6830867028.98,0.6124,1.2376,1,0
2025-07-29,sz.300750,548.373957,558.51132,548.3357028,558.1670322,547.608873,23394555.0,6785427583.3,0.5995,1.928,1,0
2025-07-30,sz.300750,558.893862,558.893862,528.5965356,529.9928139,558.1670322,41594301.0,11712764593.4,1.0658,-5.0476,1,0
2025-07-31,sz.300750,537.088968,539.3459658,506.1413202,506.1413202,529.9928139,44710355.0,12088514551.35,1.0515,-4.5003,1,0
2025-08-01,sz.300750,506.485608,509.928486,502.5645525,503.1766197,506.1413202,25250002.0,6682814646.11,0.5938,-0.5857,1,0
2025-08-04,sz.300750,503.04273,512.60628,500.556207,509.6989608,503.1766197,23768168.0,6286238371.41,0.559,1.2962,1,0
2025-08-05,sz.300750,511.649925,514.51899,503.999085,508.207047,509.6989608,21976040.0,5844478669.62,0.5168,-0.2927,1,0
2025-08-06,sz.300750,507.2889462,510.502299,503.4826533,506.86815,508.207047,15323311.0,4058482395.72,0.3604,-0.2635,1,0
2025-08-07,sz.300750,506.86815,509.7180879,501.512562,503.1383655,506.86815,16548104.0,4363462114.28,0.3892,-0.7358,1,0
2025-08-08,sz.300750,504.95544,509.0868936,501.1491471,503.9608308,503.1383655,17428216.0,4604736202.88,0.4099,0.1635,1,0
2025-08-11,sz.300750,503.9608308,509.0677665,502.086375,504.3051186,503.9608308,21330876.0,5627553110.23,0.5017,0.0683,1,0
2025-08-12,sz.300750,503.999085,507.2124378,492.9436212,503.5209075,504.3051186,22240739.0,5829140856.36,0.523,-0.1555,1,0
2025-08-13,sz.300750,506.4282267,525.99525,505.9309221,523.317456,503.5209075,39466769.0,10661084796.93,0.9282,3.9316,1,0
2025-08-14,sz.300750,529.6102719,539.38422,525.0006408,535.3484019,523.317456,37170757.0,10378442059.43,0.8742,2.299,1,0
2025-08-15,sz.300750,532.4602098,539.958033,528.099231,536.8403157,535.3484019,24109169.0,6735591187.3,0.567,0.2787,1,0
2025-08-18,sz.300750,536.8403157,546.0404508,531.7716342,541.29693,536.8403157,28528793.0,8056186541.66,0.6709,0.8302,1,0
2025-08-19,sz.300750,541.29693,543.20964,528.3287562,531.350838,541.29693,24428585.0,6816442573.39,0.5745,-1.8375,1,0
2025-08-20,sz.300750,532.69455,537.4744038,522.232621,535.957904,531.350816,23353492.0,6414344336.6,0.5492,0.8671,1,0
2025-08-21,sz.300750,536.0922774,540.948916,533.65436,535.57398,535.957904,18269814.0,5103914720.5,0.4297,-0.0716,1,0
2025-08-22,sz.300750,535.4396066,555.442047,534.806132,551.2764716,535.57398,26421851.0,7543698627.98,0.6214,2.9319,1,0
2025-08-25,sz.300750,556.6898,564.1379256,550.5086236,557.2272936,551.2764716,31229720.0,9046692965.14,0.7344,1.0795,1,0
2025-08-26,sz.300750,550.9693324,558.5902238,548.2050796,555.72999,557.2272936,23024462.0,6648848315.09,0.5415,-0.2687,1,0
2025-08-27,sz.300750,554.77018,555.8067748,534.0190878,534.230246,555.72999,38258429.0,10859010299.88,0.8997,-3.8687,1,0
2025-08-28,sz.300750,529.9302972,535.5547838,523.5187664,532.5217842,534.230246,30466401.0,8407974991.21,0.7165,-0.3198,1,0
2025-08-29,sz.300750,534.2494422,607.8668692,533.558379,587.7492516,532.5217842,78013892.0,23482893636.73,1.8347,10.3709,1,0
2025-09-01,sz.300750,588.36353,589.131378,574.542266,583.56448,587.7492516,42996421.0,13012795663.32,1.0112,-0.712,1,0
2025-09-02,sz.300750,583.6220686,597.193782,574.0239686,581.3953094,583.56448,37116889.0,11289093082.83,0.8729,-0.3717,1,0
2025-09-03,sz.300750,582.60467,598.249573,581.7024486,593.16258,581.3953094,50897473.0,15640548986.17,1.197,2.024,1,0
2025-09-04,sz.300750,601.7432814,620.6707346,577.0953606,583.6220686,593.16258,65754754.0,20442631453.08,1.5463,-1.6084,1,0
2025-09-05,sz.300750,575.694038,624.0876582,575.5404684,624.0876582,583.6220686,70819779.0,22440211715.74,1.6653,6.9335,1,0
2025-09-08,sz.300750,641.15308,648.159693,620.99707,624.5867594,624.0876582,58834578.0,19349632049.47,1.3835,0.08,1,0
2025-09-09,sz.300750,619.653336,642.2664596,608.8266792,614.2784,624.5867594,43402397.0,14085497657.59,1.0206,-1.6504,1,0
2025-09-10,sz.300750,610.4199638,618.11764,600.84106,606.6767048,614.2784,36752683.0,11649703595.37,0.8642,-1.2375,1,0
2025-09-11,sz.300750,605.736091,619.9988676,593.2393648,619.173431,606.6767048,38034460.0,12060756826.83,0.8944,2.0599,1,0
2025-09-12,sz.300750,625.604158,633.282638,618.501564,623.8765,619.173431,33871316.0,11031032652.98,0.7965,0.7596,1,0
2025-09-15,sz.300750,664.2077162,713.1772224,660.3876724,680.889214,623.8765,71841023.0,25586615240.53,1.6893,9.1385,1,0
2025-09-16,sz.300750,683.5958782,689.14358,668.98757,678.4321004,680.889214,37744465.0,13325722241.64,0.8872,-0.3609,1,0
2025-09-17,sz.300750,684.920416,733.0644856,679.54548,723.888702,678.4321004,54377100.0,20113064234.21,1.2781,6.7002,1,0
2025-09-18,sz.300750,719.0704558,729.4556,692.598896,704.2893818,723.888702,51889690.0,19308545613.54,1.2197,-2.7075,1,0
2025-09-19,sz.300750,700.6613,721.2204302,694.3649464,707.3607738,704.2893818,33914886.0,12515443886.56,0.7972,0.4361,1,0
2025-09-22,sz.300750,711.21921,715.4807664,696.3997436,710.355381,707.3607738,28527763.0,10474484764.41,0.6705,0.4233,1,0
2025-09-23,sz.300750,706.42016,723.6199552,691.0632,706.708103,710.355381,34849315.0,12813882349.63,0.8191,-0.5134,1,0
2025-09-24,sz.300750,712.17902,729.4556,702.6960972,729.3212266,706.708103,38314548.0,14311189086.36,0.9006,3.1998,1,0
2025-09-25,sz.300750,722.928892,772.8198158,722.6793414,754.122717,729.3212266,46639338.0,18251421707.6,1.0963,3.4006,1,0
2025-09-26,sz.300750,752.5294324,767.8288038,729.4556,730.223448,754.122717,36263326.0,14106499741.53,0.8524,-3.1691,1,0
2025-09-29,sz.300750,741.6259908,767.6368418,740.9925162,762.7993994,730.223448,38964745.0,15381134070.09,0.9159,4.4611,1,0
2025-09-30,sz.300750,760.16952,784.8942256,760.16952,771.68724,762.7993994,33031310.0,13278445666.93,0.7764,1.1652,1,0
2025-10-09,sz.300750,767.8096076,814.6099432,767.3488988,786.8330418,771.68724,41208823.0,16989122538.13,0.9686,1.9627,1,0
2025-10-10,sz.300750,769.76762,775.142556,727.5551762,733.198859,786.8330418,53311798.0,20684330795.05,1.2527,-6.8165,1,0
2025-10-13,sz.300750,696.5533132,738.285852,696.5533132,718.89769,733.198859,47150998.0,17618650276.77,1.108,-1.9505,1,0
2025-10-14,sz.300750,731.37522,740.589396,682.9432074,687.22396,718.89769,49639939.0,18319370880.77,1.1665,-4.4059,1,0
2025-10-15,sz.300750,688.18377,709.7027102,681.0043912,708.915666,687.22396,36993355.0,13383852916.96,0.8693,3.1564,1,0
2025-10-16,sz.300750,705.46035,717.745918,699.70149,707.37997,708.915666,27629467.0,10185159269.4,0.6492,-0.2166,1,0
2025-10-17,sz.300750,705.46035,719.8575,685.2851438,687.4927068,707.37997,31905761.0,11588825855.03,0.7497,-2.8114,1,0
2025-10-20,sz.300750,700.6613,708.1286218,690.1609786,703.54073,687.4927068,28432420.0,10372513059.32,0.6681,2.3343,1,0
2025-10-21,sz.300750,716.01826,732.047087,697.014022,721.585158,703.54073,44632870.0,16784956526.03,1.0488,2.5648,1,0
2025-10-22,sz.300750,721.585158,727.3056256,706.804084,715.7495132,721.585158,21945879.0,8178934535.0,0.5157,-0.8087,1,0
2025-10-23,sz.300750,717.553956,727.152056,708.33978,722.640949,715.7495132,23998098.0,8982628026.73,0.5639,0.9628,1,0
2025-10-24,sz.300750,729.3980114,744.428636,725.61636,740.5318074,722.640949,32041578.0,12276721104.42,0.7529,2.4758,1,0
2025-10-27,sz.300750,754.41066,754.41066,722.8713034,741.3188516,740.5318074,40451018.0,15542852577.46,0.9505,0.1063,1,0
2025-10-28,sz.300750,741.2804592,755.946356,735.2528524,741.8947376,741.3188516,28708295.0,11160796766.31,0.6746,0.0777,1,0
2025-10-29,sz.300750,740.97332,767.9247848,738.477814,767.848,741.8947376,34474046.0,13644645225.55,0.8101,3.4982,1,0
2025-10-30,sz.300750,779.3273276,785.2781496,761.7628046,764.5654498,767.848,34306088.0,13797530228.7,0.8061,-0.4275,1,0
2025-10-31,sz.300750,764.00876,780.901416,745.196484,746.2906674,764.5654498,34048350.0,13515773431.18,0.8001,-2.3902,1,0
2025-11-03,sz.300750,742.89294,752.3182742,721.3356074,742.6241932,746.2906674,26368177.0,10106566781.1,0.6196,-0.4913,1,0
2025-11-04,sz.300750,735.3296372,741.93313,717.93788,727.439999,742.6241932,23939074.0,9091842152.99,0.5625,-2.0447,1,0
2025-11-05,sz.300750,715.730317,754.41066,714.09864,746.156294,727.439999,31142532.0,11937586811.02,0.7318,2.5729,1,0
2025-11-06,sz.300750,748.6518,766.8689938,746.156294,757.6356216,746.156294,23447477.0,9261688311.6,0.5509,1.5385,1,0
2025-11-07,sz.300750,755.37047,763.0681462,746.5018256,758.9601594,757.6356216,16554892.0,6516185370.89,0.389,0.1748,1,0
2025-11-10,sz.300750,764.776608,768.4430822,735.8287384,738.1130862,758.9601594,23895991.0,9267204047.49,0.5615,-2.7468,1,0
2025-11-11,sz.300750,740.97332,757.8083874,738.09389,740.205472,738.1130862,19303175.0,7500041113.2,0.4536,0.2835,1,0
2025-11-12,sz.300750,750.1491036,754.3914638,737.0956876,741.7027756,740.205472,21299825.0,8261238196.73,0.5005,0.2023,1,0
2025-11-13,sz.300750,739.149681,808.735906,739.149681,797.794072,741.7027756,56265449.0,22945441956.47,1.3221,7.5625,1,0
2025-11-14,sz.300750,781.28534,795.874452,775.2961256,775.7568344,797.794072,24172120.0,9879119548.47,0.568,-2.7623,1,0
2025-11-17,sz.300750,744.81256,753.258888,734.25465,750.1491036,775.7568344,47685503.0,18542294255.24,1.1205,-3.301,1,0
2025-11-18,sz.300750,746.73218,765.2181206,731.37522,739.0537,750.1491036,39565814.0,15353867656.8,0.9297,-1.4791,1,0
2025-11-19,sz.300750,740.01351,764.8533928,738.9769152,750.763382,739.0537,29266686.0,11462348543.06,0.6876,1.5844,1,0
2025-11-20,sz.300750,758.057938,758.2499,723.7159362,728.2846318,750.763382,33674285.0,12895238922.61,0.7912,-2.9941,1,0
2025-11-21,sz.300750,719.8575,735.21446,710.2594,710.2594,728.2846318,31631335.0,11850710342.42,0.7432,-2.475,1,0
2025-11-24,sz.300750,717.553956,719.665538,704.8460716,711.315191,710.2594,22845819.0,8464724008.41,0.5367,0.1486,1,0
2025-11-25,sz.300750,719.8575,728.8029292,711.3919758,714.7897032,711.315191,20633246.0,7733117131.64,0.4848,0.4885,1,0
2025-11-26,sz.300750,720.81731,720.81731,710.3937734,715.6727284,714.7897032,18910660.0,7048903988.16,0.4443,0.1235,1,0
2025-11-27,sz.300750,716.01826,727.3056256,710.2594,712.562944,715.6727284,22200259.0,8289124681.24,0.5216,-0.4345,1,0
2025-11-28,sz.300750,711.21921,720.7789176,702.8880592,716.402184,712.562944,20340263.0,7542337298.26,0.4779,0.5388,1,0
2025-12-01,sz.300750,719.3967912,735.1568714,717.9954686,735.1568714,716.402184,26751013.0,10120862870.74,0.6285,2.6179,1,0
2025-12-02,sz.300750,736.17427,739.0153076,724.464588,729.6091696,735.1568714,16348461.0,6220569501.6,0.3841,-0.7546,1,0
2025-12-03,sz.300750,729.6283658,735.9247194,719.8575,721.9306896,729.6091696,13991135.0,5294871742.79,0.3287,-1.0524,1,0
2025-12-04,sz.300750,727.9007078,736.366232,720.145443,735.886327,721.9306896,19165809.0,7299943081.35,0.4503,1.9331,1,0
2025-12-05,sz.300750,743.276864,747.3272622,733.29484,746.9049458,735.886327,23291559.0,9004580815.99,0.5472,1.4973,1,0
2025-12-08,sz.300750,749.4772366,758.9793556,740.01351,753.45085,746.9049458,21659758.0,8476698700.28,0.5089,0.8764,1,0
2025-12-09,sz.300750,751.53123,752.9901412,740.97332,744.0255158,753.45085,18691773.0,7255076087.46,0.4391,-1.251,1,0
2025-12-10,sz.300750,739.149681,744.81256,724.1958412,734.0242956,744.0255158,19433405.0,7399361240.71,0.4566,-1.3442,1,0
2025-12-11,sz.300750,738.861738,765.6596332,735.9439156,746.7129838,734.0242956,28215378.0,11089031994.57,0.6629,1.7286,1,0
2025-12-12,sz.300750,752.49104,755.1593118,740.01351,752.107116,746.7129838,24002022.0,9355490916.02,0.5639,0.7224,1,0
2025-12-15,sz.300750,751.53123,758.1923114,739.4568202,740.01351,752.107116,18274993.0,7099251459.21,0.4294,-1.608,1,0
2025-12-16,sz.300750,740.97332,746.8857496,725.6739486,726.4034042,740.01351,19121676.0,7292054834.58,0.4492,-1.8392,1,0
2025-12-17,sz.300750,722.640949,738.09389,719.9726772,736.0207004,726.4034042,22257408.0,8453303233.62,0.5229,1.324,1,0
2025-12-18,sz.300750,728.6301634,731.279239,710.2785962,714.09864,736.0207004,29639283.0,11079385459.43,0.6963,-2.9785,1,0
2025-12-19,sz.300750,718.0914496,725.0020816,711.795096,717.93788,714.09864,17559945.0,6572807889.61,0.4126,0.5376,1,0
2025-12-22,sz.300750,721.77712,725.5971638,706.612122,713.7915008,717.93788,25493538.0,9489773616.32,0.5989,-0.5775,1,0
2025-12-23,sz.300750,714.09864,730.41541,713.330792,725.808322,713.7915008,23604086.0,8879315764.06,0.5546,1.6835,1,0
2025-12-24,sz.300750,725.7699296,725.7699296,714.09864,721.009272,725.808322,21088387.0,7902857946.37,0.4955,-0.6612,1,0
2025-12-25,sz.300750,718.3410002,718.3410002,708.5701344,716.0374562,721.009272,20343144.0,7559336244.0,0.4779,-0.6896,1,0
2025-12-26,sz.300750,715.9414752,725.61636,710.451362,718.7633166,716.0374562,25723689.0,9616116052.74,0.6044,0.3807,1,0
2025-12-29,sz.300750,717.93788,718.7633166,706.42016,708.9348622,718.7633166,24124072.0,8924502782.7,0.5668,-1.3674,1,0
2025-12-30,sz.300750,704.692502,712.17902,703.6559072,708.723704,708.9348622,19030821.0,7014015793.59,0.4471,-0.0298,1,0
2025-12-31,sz.300750,709.8562798,714.09864,704.788483,704.9996412,708.723704,16026597.0,5920431545.03,0.3765,-0.5255,1,0
