date,code,open,high,low,close,volume,amount,turn,adjustflag
2016-03-16,sh.601020,8.6200000000,10.3400000000,8.6200000000,10.3400000000,25800,262816.0000,0.049615,1
2016-03-17,sh.601020,11.3700000000,11.3700000000,11.3700000000,11.3700000000,18950,215462.0000,0.036442,1
2016-03-18,sh.601020,12.5100000000,12.5100000000,12.5100000000,12.5100000000,12941,161892.0000,0.024887,1
2016-03-21,sh.601020,13.7600000000,13.7600000000,13.7600000000,13.7600000000,16201,222926.0000,0.031156,1
2016-03-22,sh.601020,15.1400000000,15.1400000000,15.1400000000,15.1400000000,50699,767583.0000,0.097498,1
2016-03-23,sh.601020,16.6500000000,16.6500000000,16.6500000000,16.6500000000,78127,1300815.0000,0.150244,1
2016-03-24,sh.601020,18.3200000000,18.3200000000,18.3200000000,18.3200000000,190302,3486333.0000,0.365965,1
2016-03-25,sh.601020,20.1500000000,20.1500000000,20.1500000000,20.1500000000,561840,11321076.0000,1.080462,1
2016-03-28,sh.601020,22.1700000000,22.1700000000,22.1700000000,22.1700000000,1879482,41668116.0000,3.614388,1
2016-03-29,sh.601020,23.9700000000,24.3900000000,23.7200000000,24.3900000000,16972989,409423584.0000,32.640363,1
2016-03-30,sh.601020,26.0000000000,26.8300000000,25.1700000000,25.3900000000,35964145,939171280.0000,69.161817,1
2016-03-31,sh.601020,24.7100000000,27.2000000000,24.6300000000,26.0500000000,25577872,665291200.0000,49.188215,1
2016-04-01,sh.601020,25.9900000000,26.8000000000,24.7800000000,25.1900000000,17600490,450922224.0000,33.847096,1
2016-04-05,sh.601020,24.6600000000,25.1800000000,24.1600000000,25.0800000000,17518880,434083152.0000,33.690154,1
2016-04-06,sh.601020,24.9500000000,27.1200000000,24.8100000000,25.8200000000,19400581,504956720.0000,37.308810,1
2016-04-07,sh.601020,25.6000000000,28.4000000000,25.3800000000,27.9300000000,28115816,774845072.0000,54.068877,1
2016-04-08,sh.601020,27.0000000000,30.6900000000,26.8200000000,29.7300000000,28474274,816708784.0000,54.758219,1
2016-04-11,sh.601020,29.4000000000,30.7000000000,28.6300000000,29.3600000000,26235968,767592448.0000,50.453785,1
2016-04-12,sh.601020,28.8000000000,29.3200000000,26.4400000000,27.7400000000,20012670,562966320.0000,38.485904,1
2016-04-13,sh.601020,28.2000000000,30.5100000000,28.1200000000,30.5100000000,24820567,739506032.0000,47.731860,1
2016-04-14,sh.601020,30.6000000000,32.4000000000,29.5000000000,31.5900000000,32034525,991647808.0000,61.604856,1
2016-04-15,sh.601020,30.3000000000,31.3800000000,29.9500000000,30.3100000000,18197238,554838336.0000,34.994688,1
2016-04-18,sh.601020,29.5000000000,30.0100000000,29.0000000000,29.7800000000,9319887,274706992.0000,17.922860,1
2016-04-19,sh.601020,30.3900000000,30.8800000000,29.2900000000,29.9100000000,11899191,360127584.0000,22.883060,1
2016-04-20,sh.601020,30.8100000000,31.4800000000,27.6000000000,29.9400000000,17750675,532122304.0000,34.135913,1
2016-04-21,sh.601020,29.5000000000,31.1900000000,29.1300000000,29.8800000000,18081376,547344384.0000,34.771877,1
2016-04-22,sh.601020,28.6000000000,28.6800000000,27.8100000000,28.4000000000,11643765,328852976.0000,22.391856,1
2016-04-25,sh.601020,27.6000000000,27.6000000000,25.5600000000,26.6900000000,10792502,285516656.0000,20.754812,1
2016-04-26,sh.601020,26.4600000000,27.1300000000,25.7500000000,26.7000000000,8586460,226823291.0000,16.512423,1
2016-04-27,sh.601020,26.5000000000,27.4500000000,26.3000000000,26.6600000000,7856461,211089373.0000,15.108579,1
2016-04-28,sh.601020,26.3000000000,26.5600000000,25.5100000000,25.9500000000,7741868,200136710.0000,14.888208,1
2016-04-29,sh.601020,25.7900000000,26.8300000000,25.6000000000,26.3100000000,7439414,196240243.0000,14.306565,1
2016-05-03,sh.601020,26.6900000000,26.9500000000,25.9000000000,26.9000000000,8192006,218021622.0000,15.753858,1
2016-05-04,sh.601020,26.5400000000,26.9800000000,26.4000000000,26.6600000000,7258635,193053436.0000,13.958913,1
2016-05-05,sh.601020,26.5200000000,26.8800000000,26.2200000000,26.8600000000,5592988,148465160.0000,10.755746,1
2016-05-06,sh.601020,26.8200000000,28.3200000000,26.7100000000,27.0700000000,13912530,382812960.0000,26.754865,1
2016-05-09,sh.601020,26.1000000000,26.3100000000,24.3600000000,24.3600000000,9449310,236366275.0000,18.171750,1
2016-05-10,sh.601020,23.8500000000,24.2900000000,23.2500000000,23.6700000000,5897913,139521143.0000,11.342140,1
2016-05-11,sh.601020,23.8400000000,24.1000000000,23.0300000000,23.0500000000,4447306,104351332.0000,8.552512,1
2016-05-12,sh.601020,22.1100000000,22.9000000000,21.5500000000,22.7600000000,5546345,123416199.0000,10.666048,1
2016-05-13,sh.601020,22.3500000000,22.7700000000,22.2300000000,22.3800000000,4063364,91293822.0000,7.814162,1
2016-05-16,sh.601020,22.0500000000,23.6000000000,22.0100000000,23.4800000000,6584164,152255779.0000,12.661854,1
2016-05-17,sh.601020,23.4600000000,23.9700000000,23.1200000000,23.1900000000,6544158,153905801.0000,12.584919,1
2016-05-18,sh.601020,22.8000000000,22.8000000000,21.0500000000,21.5000000000,6320900,139018131.0000,12.155577,1
2016-05-19,sh.601020,21.6000000000,22.3000000000,21.4000000000,21.6900000000,4472143,97541655.0000,8.600275,1
2016-05-20,sh.601020,21.1876888800,21.9512092000,21.0972720000,21.9009776000,3388440,73130552.0000,6.516231,1
2016-05-23,sh.601020,21.9913944800,22.7046832000,21.9612555200,22.5037568000,4641836,103456375.0000,8.926608,1
2016-05-24,sh.601020,22.5640347200,22.8453316800,21.7000512000,21.9210702400,4237957,93463785.0000,8.149917,1
2016-05-25,sh.601020,22.0014408000,22.3028304000,21.7804217600,22.1923208800,4012941,88247949.0000,7.717194,1
2016-05-26,sh.601020,22.2827377600,24.4125576000,22.2325061600,24.4125576000,13493240,315655632.0000,25.948538,1
2016-05-27,sh.601020,24.3924649600,26.1204320000,24.3924649600,24.7541324800,14891144,372219808.0000,28.636815,1
2016-05-30,sh.601020,24.1111680000,24.6034376800,22.8151927200,24.0006584800,7260348,172189794.0000,13.962208,1
2016-05-31,sh.601020,23.8097784000,26.1003393600,23.8097784000,25.4674212000,11041313,277498816.0000,21.233294,1
2016-06-01,sh.601020,25.4975601600,26.6629332800,25.4473285600,25.5980233600,12398042,321799440.0000,23.842388,1
2016-06-02,sh.601020,25.5980233600,26.5926090400,25.3669580000,26.4519605600,9784881,254501542.0000,18.817079,1
2016-06-03,sh.601020,26.9241376000,27.3661756800,25.8190424000,25.9295519200,9634151,251889613.0000,18.527213,1
2016-06-06,sh.601020,26.4218216000,26.6227480000,25.6181160000,25.9998761600,6230878,161456238.0000,11.982458,1
2016-06-07,sh.601020,26.0199688000,28.6018730400,25.7788571200,28.6018730400,16108456,436916576.0000,30.977800,1
2016-06-08,sh.601020,28.1296960000,28.1296960000,26.8538133600,27.1853419200,12381189,338066768.0000,23.809979,1
2016-06-13,sh.601020,26.2610804800,26.7433038400,24.4627892000,24.4627892000,9514450,244339888.0000,18.297019,1
2016-06-14,sh.601020,23.7595468000,24.3824186400,23.5284814400,24.3321870400,5263753,126223355.0000,10.122602,1
2016-06-15,sh.601020,23.7093152000,25.8692740000,23.6289446400,25.4171896000,6501045,162963098.0000,12.502010,1
2016-06-16,sh.601020,25.7185792000,26.6428406400,25.4272359200,25.6181160000,7650359,198801805.0000,14.712229,1
2016-06-17,sh.601020,25.3669580000,28.0292328000,25.3669580000,26.5825627200,11223100,297840784.0000,21.582885,1
2016-06-20,sh.601020,26.4117752800,29.2448375200,26.1204320000,28.8731236800,18517831,518992768.0000,35.611213,1
2016-06-21,sh.601020,29.1343280000,31.1335456800,28.0794644000,29.9380336000,23863476,697910176.0000,45.891300,1
2016-06-22,sh.601020,28.9434479200,29.8878020000,28.4009466400,29.2347912000,13415639,387908112.0000,25.799306,1
2016-06-23,sh.601020,29.1041890400,30.3298400800,28.7626141600,29.2649301600,11438404,337500416.0000,21.996931,1
2016-06-24,sh.601020,28.9836332000,29.0037258400,27.1150176800,28.1497886400,12021328,335886720.0000,23.117938,1
2016-06-27,sh.601020,27.6273800000,29.4156249600,27.6173336800,29.3453007200,10170779,290548368.0000,19.559190,1
2016-06-28,sh.601020,29.2850228000,30.5408128000,28.6320120000,29.7170145600,11662335,340443776.0000,22.427567,1
2016-06-29,sh.601020,30.1992379200,31.4349352800,29.7170145600,31.0833140800,14697772,447887360.0000,28.264946,1
2016-06-30,sh.601020,30.0887284000,30.3901180000,28.1296960000,28.7927531200,12817524,376844992.0000,24.649085,1
2016-07-01,sh.601020,28.7425215200,29.9179409600,28.7425215200,29.5160881600,8198058,240081270.0000,15.765496,1
2016-07-04,sh.601020,29.9279872800,32.4697062400,29.6366440000,32.4697062400,13631174,433983264.0000,26.213796,1
2016-07-05,sh.601020,34.5091092000,35.7146676000,34.0570248000,35.7146676000,18767379,651763376.0000,36.091113,1
2016-07-06,sh.601020,37.3924030400,39.1806480000,36.8197628000,37.8344411200,25728467,972227456.0000,49.477821,1
2016-07-07,sh.601020,36.8298091200,40.0948631200,36.5485121600,38.4573129600,25385797,967897520.0000,48.818840,1
2016-07-08,sh.601020,37.1814303200,42.1945440000,37.1713840000,40.1049094400,23254268,924474304.0000,44.719746,1
2016-07-11,sh.601020,40.1852800000,41.5817184800,38.1760160000,39.0299532000,21689645,868013632.0000,41.710856,1
2016-07-12,sh.601020,37.8645800800,40.5770864800,36.8197628000,40.4866696000,18138776,702282848.0000,34.882262,1
2016-07-13,sh.601020,40.9889856000,41.9835712800,39.1806480000,39.8838904000,19589413,787695312.0000,37.671948,1
2016-07-14,sh.601020,39.3815744000,39.5825008000,38.3869887200,38.8993510400,9119289,353178880.0000,17.537094,1
2016-07-15,sh.601020,39.1806480000,39.5222228800,38.2563865600,38.6381467200,8073350,313606704.0000,15.525673,1
2016-07-18,sh.601020,37.2618008800,37.6335147200,36.1767983200,36.2672152000,11620780,425279728.0000,22.347654,1
2016-07-19,sh.601020,36.1567056800,36.6690680000,35.5137412000,36.6188364000,8774207,315403056.0000,16.873475,1
2016-07-20,sh.601020,37.1713840000,37.7641168800,36.6489753600,36.7393922400,8336116,308050128.0000,16.030992,1
2016-07-21,sh.601020,35.7146676000,37.6837463200,35.2726295200,37.3421714400,9758985,357348752.0000,18.767279,1
2016-07-22,sh.601020,37.1311987200,37.6636536800,35.6644360000,35.8050844800,7179588,260614063.0000,13.806900,1
2016-07-25,sh.601020,34.6598040000,35.1118884000,32.9820685600,33.7757278400,8395375,283105488.0000,16.144952,1
2016-07-26,sh.601020,33.8159131200,35.1621200000,33.8159131200,34.3684607200,6041805,207596278.0000,11.618856,1
2016-07-27,sh.601020,34.5894797600,34.5894797600,31.1034067200,31.2440552000,9252201,299750432.0000,17.792694,1
2016-07-28,sh.601020,31.4449816000,32.0276681600,29.8375704000,31.6760469600,8503873,263721740.0000,16.353602,1
2016-07-29,sh.601020,31.2541015200,31.6057227200,30.7316928800,30.8020171200,5469779,169354942.0000,10.518806,1
2016-08-01,sh.601020,31.1536383200,31.6961396000,30.1389600000,31.5755837600,7359121,229162766.0000,14.152156,1
2016-08-02,sh.601020,31.5052595200,32.0276681600,31.0330824800,31.8970660000,5279956,165490963.0000,10.153762,1
2016-08-03,sh.601020,31.5956764000,33.4944308800,31.5655374400,33.0021612000,9906733,321712160.0000,19.051410,1
2016-08-04,sh.601020,32.6907252800,33.1227170400,32.0477608000,32.6204010400,6409900,207765902.0000,12.326731,1
2016-08-05,sh.601020,32.7007716000,32.7510032000,31.7463712000,31.9774365600,4514615,144955957.0000,8.681952,1
2016-08-08,sh.601020,31.3646110400,32.4797525600,31.1536383200,32.3290577600,3991977,126769198.0000,7.676879,1
2016-08-09,sh.601020,32.4797525600,33.3839213600,32.4797525600,32.6204010400,5590322,183080278.0000,10.750619,1
2016-08-10,sh.601020,32.6003084000,34.5593408000,32.3290577600,34.2579512000,9879149,328880432.0000,18.998363,1
2016-08-11,sh.601020,33.7154499200,33.9565616000,33.0021612000,33.1729486400,7178387,239635304.0000,13.804590,1
2016-08-12,sh.601020,32.6605863200,34.0369321600,32.6605863200,33.6049404000,5776907,192811694.0000,11.109437,1
2016-08-15,sh.601020,33.6049404000,36.0060108800,33.3738750400,35.7548528800,11069351,382788272.0000,21.287213,1
2016-08-16,sh.601020,35.3931853600,36.5886974400,35.1420273600,35.8653624000,8988561,320855024.0000,17.285694,1
2016-08-17,sh.601020,35.5639728000,36.0461961600,34.9712399200,35.3027684800,5735858,202494815.0000,11.030496,1
2016-08-18,sh.601020,35.3027684800,35.5639728000,34.6497576800,35.3831390400,6438000,225168718.0000,12.380769,1
2016-08-19,sh.601020,35.2625832000,36.1567056800,35.2525368800,36.0863814400,7737060,275896272.0000,14.878962,1
2016-08-22,sh.601020,36.6188364000,37.0608744800,35.1721663200,36.2873078400,6974647,250877741.0000,13.412783,1
2016-08-23,sh.601020,35.7648992000,36.7996701600,35.3730927200,36.1064740800,5042213,181050235.0000,9.696563,1
2016-08-24,sh.601020,36.0662888000,36.3676784000,35.6142044000,35.6644360000,4613475,164896962.0000,8.872067,1
2016-08-25,sh.601020,35.1621200000,36.1667520000,33.9465152800,35.4333706400,4064750,140154049.0000,7.816827,1
2016-08-26,sh.601020,35.4434169600,36.0461961600,34.9611936000,35.0717031200,7455144,263217115.0000,14.336815,1
2016-08-29,sh.601020,34.3785070400,35.3429537600,34.3081828000,34.4689239200,3584911,123771758.0000,6.894060,1
2016-08-30,sh.601020,34.8104988000,35.1319810400,33.9666079200,34.1976732800,3983885,136928809.0000,7.661317,1
2016-08-31,sh.601020,34.1072564000,34.5292018400,33.2533192000,34.1574880000,3098632,104371651.0000,5.958908,1
2016-09-01,sh.601020,34.3282754400,34.3785070400,33.3738750400,33.9264226400,3247952,109264072.0000,6.246062,1
2016-09-02,sh.601020,34.1373953600,35.9155940000,33.8259594400,34.8707767200,9272099,322039040.0000,17.830960,1
2016-09-05,sh.601020,34.6598040000,36.6690680000,34.1675343200,36.2370762400,12442916,441299728.0000,23.928685,1
2016-09-06,sh.601020,36.3375394400,37.0206892000,35.6644360000,36.1567056800,8932376,322390912.0000,17.177646,1
2016-09-07,sh.601020,35.8452697600,36.2571688800,35.1922589600,35.4032316800,6609490,234064013.0000,12.710558,1
2016-09-08,sh.601020,35.1721663200,35.6644360000,34.2579512000,34.4689239200,6221411,214362070.0000,11.964252,1
2016-09-09,sh.601020,34.4186923200,34.6296650400,32.6806789600,32.7208642400,7663430,253886112.0000,14.737365,1
2016-09-12,sh.601020,31.1536383200,34.0067932000,31.0230361600,33.1126707200,7610354,246083054.0000,14.635296,1
2016-09-13,sh.601020,32.9117443200,33.1528560000,32.3591967200,32.9519296000,2419638,78863836.0000,4.653150,1
2016-09-14,sh.601020,33.1528560000,34.6598040000,32.0979924000,34.4488312800,9014277,301992064.0000,17.335148,1
2016-09-19,sh.601020,34.3584144000,34.3584144000,32.8916516800,33.1528560000,6252490,207473873.0000,12.024019,1
2016-09-20,sh.601020,33.0021612000,33.5346161600,32.6204010400,33.3336897600,3479522,114592572.0000,6.691388,1
2016-09-21,sh.601020,33.1528560000,34.1574880000,32.3290577600,32.7409568800,6131619,201951518.0000,11.791575,1
2016-09-22,sh.601020,32.9318369600,32.9418832800,32.3491504000,32.3591967200,2913222,94375056.0000,5.602350,1
2016-09-23,sh.601020,32.3692430400,32.5500768000,31.2239625600,31.2541015200,4242568,133605827.0000,8.158785,1
2016-09-26,sh.601020,31.1636846400,31.1636846400,28.8429847200,29.5060418400,5825649,172786476.0000,11.203171,1
2016-09-27,sh.601020,29.1343280000,29.5261344800,29.0238184800,29.4658565600,2557053,74526668.0000,4.917410,1
2016-09-28,sh.601020,29.4658565600,29.6165513600,28.7626141600,28.9032626400,2500496,72459610.0000,4.808646,1
2016-09-29,sh.601020,29.0740500800,29.4357176000,28.7827068000,28.8429847200,2430200,70135876.0000,4.673462,1
2016-09-30,sh.601020,28.8429847200,29.2749764800,28.7425215200,29.1745132800,2117338,61122421.0000,4.071804,1
2016-10-10,sh.601020,29.1845596000,29.7973851200,28.9334016000,29.7270608800,2736125,80016510.0000,5.261779,1
2016-10-11,sh.601020,29.6366440000,29.7772924800,29.4156249600,29.6667829600,2470133,72607065.0000,4.750256,1
2016-10-12,sh.601020,29.6868756000,29.7270608800,29.2950691200,29.5663197600,2156762,63375326.0000,4.147619,1
2016-10-13,sh.601020,29.4457639200,29.6969219200,29.4156249600,29.5462271200,1983445,58375020.0000,3.814317,1
2016-10-14,sh.601020,29.6065050400,29.6065050400,28.9334016000,29.1644669600,2731924,79416567.0000,5.253700,1
2016-10-17,sh.601020,29.1343280000,29.6366440000,29.1343280000,29.4156249600,3187477,93397200.0000,6.129763,1
2016-10-18,sh.601020,29.2146985600,30.0384968000,29.2146985600,30.0184041600,4012431,118458193.0000,7.716213,1
2016-10-19,sh.601020,29.9380336000,31.6459080000,29.7471535200,30.6714149600,7102940,217958125.0000,13.659500,1
2016-10-20,sh.601020,30.2896548000,30.9326192800,30.1992379200,30.4604422400,3473760,105254486.0000,6.680308,1
2016-10-21,sh.601020,30.4905812000,30.5910444000,29.7371072000,30.4102106400,3595339,107898285.0000,6.914113,1
2016-10-24,sh.601020,30.2394232000,31.1435920000,29.9983115200,31.0029435200,4789997,146714614.0000,9.211533,1
2016-10-25,sh.601020,31.1938236000,32.1482240000,31.1938236000,31.9071123200,7173535,226637192.0000,13.795260,1
2016-10-26,sh.601020,31.4449816000,35.1018420800,31.0029435200,35.1018420800,19807256,662907920.0000,38.090877,1
2016-10-27,sh.601020,35.1621200000,37.0307355200,35.1018420800,35.8151308000,18232659,651707760.0000,35.062806,1
2016-10-28,sh.601020,35.5941117600,35.7247139200,34.4086460000,34.8506840800,8811026,307795952.0000,16.944281,1
2016-10-31,sh.601020,34.4186923200,38.3367571200,34.4186923200,38.3367571200,20838149,769871712.0000,40.073363,1
2016-11-01,sh.601020,38.1760160000,42.1744513600,37.5531441600,42.1744513600,22489932,907732848.0000,43.249869,1
2016-11-02,sh.601020,42.1844976800,46.3939057600,41.1999583200,46.3939057600,20795393,913021840.0000,39.991140,1
2016-11-03,sh.601020,46.2130720000,51.0353056000,43.2092223200,51.0353056000,19147981,901736096.0000,36.823040,1
2016-11-04,sh.601020,48.8753468000,54.1195258400,46.0121456000,48.2625212800,19994740,983225936.0000,38.451423,1
2016-11-07,sh.601020,46.7153880000,50.2316000000,45.2285326400,48.9456710400,13223078,641316896.0000,25.428996,1
2016-11-08,sh.601020,48.2122896800,49.4278944000,46.8761291200,47.8305295200,7452980,356862336.0000,14.332654,1
2016-11-09,sh.601020,47.9611316800,52.6125778400,47.2679356000,52.6125778400,16178212,804438240.0000,31.111946,1
2016-11-10,sh.601020,51.7887796000,54.0291089600,47.3483061600,48.8653004800,40596205,1965912640.0000,78.069625,1
2016-11-11,sh.601020,45.8413581600,47.9209464000,45.8413581600,47.0670092000,17171887,805522448.0000,33.022860,1
2016-11-14,sh.601020,45.6906633600,45.6906633600,42.3653314400,42.3653314400,18206419,782166640.0000,35.012344,1
2016-11-15,sh.601020,42.3653314400,43.4001024000,41.9534323200,42.5059799200,10916863,463730336.0000,20.993967,1
2016-11-16,sh.601020,42.4155630400,42.7872768800,41.4209773600,42.1844976800,10050758,420123360.0000,19.328381,1
2016-11-17,sh.601020,42.2045903200,42.3954704000,40.9990319200,41.1497267200,8497387,350620784.0000,16.341129,1
2016-11-18,sh.601020,41.1798656800,41.6620890400,40.9287076800,41.2100046400,6578563,270172400.0000,12.651083,1
2016-11-21,sh.601020,41.3908384000,41.6922280000,40.2455579200,41.3104678400,7956298,326010576.0000,15.300573,1
2016-11-22,sh.601020,41.4913016000,45.2084400000,40.9688929600,44.0028816000,20349956,873233504.0000,39.134531,1
2016-11-23,sh.601020,42.9982496000,43.3498708000,41.3908384000,41.6118574400,12604891,531191504.0000,24.240175,1
2016-11-24,sh.601020,41.8429228000,43.7014920000,41.8429228000,41.9534323200,12058646,512765728.0000,23.189704,1
2016-11-25,sh.601020,41.9634786400,42.1844976800,38.2764792000,39.5021302400,9335627,368135984.0000,17.953129,1
2016-11-28,sh.601020,39.6829640000,41.3406068000,39.2208332800,40.4364380000,8727326,351124736.0000,16.783319,1
2016-11-29,sh.601020,39.8336588000,40.0044462400,38.1860623200,38.3970350400,7919742,306385104.0000,15.230273,1
2016-11-30,sh.601020,37.2818935200,37.9951822400,36.9805039200,37.3421714400,5224918,194282702.0000,10.047919,1
2016-12-01,sh.601020,38.0554601600,38.0755528000,37.3120324800,37.6837463200,4135267,154674358.0000,7.952437,1
2016-12-02,sh.601020,37.5631904800,38.8189804800,37.2216156000,38.2362939200,7334380,278534800.0000,14.104577,1
2016-12-05,sh.601020,38.1659696800,39.6829640000,37.2718472000,39.3313428000,7918279,305567824.0000,15.227460,1
2016-12-06,sh.601020,39.8838904000,41.0492635200,38.6984246400,39.0701384800,8387834,333774768.0000,16.130450,1
2016-12-07,sh.601020,39.0801848000,40.1350484000,37.8846727200,39.9843536000,8359165,326001392.0000,16.075317,1
2016-12-08,sh.601020,39.6327324000,40.1450947200,38.9797216000,39.2308796000,5700410,224322222.0000,10.962327,1
2016-12-09,sh.601020,38.7787952000,39.1002774400,38.0554601600,38.0956454400,5156682,197379048.0000,9.916696,1
2016-12-12,sh.601020,37.8143484800,38.1157380800,34.2880901600,34.2880901600,6574380,234827867.0000,12.643038,1
2016-12-13,sh.601020,33.9666079200,34.7703135200,31.8166954400,34.5593408000,5031300,168455521.0000,9.675577,1
2016-12-14,sh.601020,34.5593408000,36.0461961600,33.7154499200,35.2223979200,5819880,200991385.0000,11.192077,1
2016-12-15,sh.601020,34.6598040000,35.9356866400,34.4387849600,35.2324442400,4847041,169975339.0000,9.321233,1
2016-12-16,sh.601020,34.6698503200,36.1064740800,34.6698503200,35.9055476800,5212987,184282214.0000,10.024975,1
2016-12-19,sh.601020,35.9557792800,36.1064740800,35.3630464000,35.8151308000,3995413,141918670.0000,7.683487,1
2016-12-20,sh.601020,35.5639728000,36.3676784000,35.4132780000,36.3375394400,4684139,167762928.0000,9.007960,1
2016-12-21,sh.601020,36.1667520000,39.9743072800,36.1667520000,39.9743072800,14736005,570891776.0000,28.338471,1
2016-12-22,sh.601020,41.5716721600,43.1991760000,40.7076886400,41.0994951200,22412385,934821232.0000,43.100740,1
2016-12-23,sh.601020,39.1806480000,40.1852800000,37.1713840000,37.3120324800,12440368,477350832.0000,23.923785,1
2016-12-26,sh.601020,36.3174468000,38.3769424000,34.8205451200,37.6435610400,8110144,293368048.0000,15.596431,1
2016-12-27,sh.601020,37.0709208000,39.6528250400,36.9202260000,39.0500458400,9779315,376235744.0000,18.806375,1
2016-12-28,sh.601020,38.1860623200,39.8637977600,38.0755528000,38.1157380800,7631915,295525168.0000,14.676760,1
2016-12-29,sh.601020,37.0809671200,39.6729176800,37.0709208000,39.2509722400,9542755,367981392.0000,18.351452,1
2016-12-30,sh.601020,39.3815744000,39.6528250400,38.8290268000,39.3614817600,8347540,326590416.0000,16.052962,1
2017-01-03,sh.601020,39.4518986400,40.3862064000,39.4518986400,39.9843536000,8439119,336810544.0000,16.229075,1
2017-01-04,sh.601020,39.5925471200,42.0237565600,39.1906943200,41.3707457600,11727436,479045216.0000,22.552762,1
2017-01-05,sh.601020,40.8483371200,41.6721353600,40.0044462400,41.0191245600,8985747,364292560.0000,17.280283,1
2017-01-06,sh.601020,40.9889856000,40.9889856000,37.7339779200,37.8344411200,9142510,355557760.0000,17.581750,1
2017-01-09,sh.601020,37.1814303200,38.9294900000,36.4982805600,38.3970350400,6160674,231393590.0000,11.847450,1
2017-01-10,sh.601020,38.5778688000,41.3707457600,37.9750896000,40.0345852000,9268733,366404880.0000,17.824487,1
2017-01-11,sh.601020,39.6930103200,41.1698193600,38.9797216000,39.1806480000,7277048,289408208.0000,13.994323,1
2017-01-12,sh.601020,38.7386099200,40.5369012000,38.7386099200,39.5121765600,7165499,283512112.0000,13.779806,1
2017-01-13,sh.601020,39.2208332800,39.9743072800,36.3475857600,36.9001333600,7392763,280766624.0000,14.216852,1
2017-01-16,sh.601020,36.7795775200,36.7795775200,33.2131339200,33.9465152800,5777980,201251010.0000,11.111500,1
2017-01-17,sh.601020,33.9264226400,35.0415641600,33.5346161600,34.8506840800,4059181,139451018.0000,7.806117,1
2017-01-18,sh.601020,34.6798966400,35.1219347200,33.6551720000,33.6953572800,3909049,133238456.0000,7.517402,1
2017-01-19,sh.601020,33.2734118400,34.3081828000,32.3491504000,33.4040140000,4203857,138934817.0000,8.084340,1
2017-01-20,sh.601020,33.1528560000,35.3630464000,33.0925780800,34.4789702400,4739065,161952420.0000,9.113587,1
2017-01-23,sh.601020,34.0771174400,35.8653624000,34.0771174400,34.7904061600,4087798,142680304.0000,7.861150,1
2017-01-24,sh.601020,34.7904061600,35.1520736800,33.9565616000,34.1474416800,3095642,105738853.0000,5.953158,1
2017-01-25,sh.601020,34.5593408000,35.0616568000,34.0570248000,34.1976732800,2747900,94239060.0000,5.284423,1
2017-01-26,sh.601020,34.3383217600,35.1621200000,34.0670711200,35.0415641600,4080293,141212053.0000,7.846717,1
2017-02-03,sh.601020,35.0114252000,35.6543896800,34.7200819200,35.1319810400,2886306,101047840.0000,5.550588,1
2017-02-06,sh.601020,35.1219347200,35.4032316800,34.6598040000,35.3429537600,2944943,102821698.0000,5.663352,1
2017-02-07,sh.601020,35.3329074400,36.6590216800,34.9611936000,36.3978173600,6136844,218179256.0000,11.801623,1
2017-02-08,sh.601020,35.9256403200,36.7393922400,35.7749455200,36.2772615200,4333875,156468193.0000,8.334375,1
2017-02-09,sh.601020,36.3074004800,36.7393922400,35.9658256000,36.4380026400,3881362,140437393.0000,7.464158,1
2017-02-10,sh.601020,36.4480489600,37.5631904800,35.6744823200,36.8197628000,6527688,237971838.0000,12.553246,1
2017-02-13,sh.601020,37.4727736000,38.9596289600,37.1814303200,37.5832831200,8010564,302722192.0000,15.404931,1
2017-02-14,sh.601020,37.4627272800,37.4627272800,36.4480489600,36.9001333600,4792137,175921048.0000,9.215648,1
2017-02-15,sh.601020,36.6690680000,36.9403186400,35.5438801600,35.7648992000,4474380,161418039.0000,8.604577,1
2017-02-16,sh.601020,35.3228611200,37.0508281600,35.3228611200,36.2571688800,5515840,199915794.0000,10.607385,1
2017-02-17,sh.601020,36.0461961600,36.7494385600,35.3429537600,35.3831390400,4274700,152303084.0000,8.220577,1
2017-02-20,sh.601020,34.9310546400,35.3429537600,34.8004524800,35.1621200000,2961412,103258491.0000,5.695023,1
2017-02-21,sh.601020,35.3329074400,36.8499017600,35.3329074400,36.7795775200,5904385,211880479.0000,11.354587,1
2017-02-22,sh.601020,40.4565306400,40.4565306400,38.3267108000,38.5376835200,17456701,686939600.0000,33.570579,1
2017-02-23,sh.601020,39.1806480000,42.2950072000,37.9951822400,42.0338028800,22611515,903107840.0000,43.483683,1
2017-02-24,sh.601020,40.3158821600,40.6775496800,39.1806480000,39.3313428000,13335306,527213712.0000,25.644819,1
2017-02-27,sh.601020,38.8893047200,40.0647241600,38.0353675200,38.2965718400,8887599,345574400.0000,17.091537,1
2017-02-28,sh.601020,38.0554601600,39.5825008000,38.0253212000,39.4418523200,8380494,324702496.0000,16.116335,1
2017-03-01,sh.601020,39.1806480000,39.3012038400,38.3970350400,38.5678224800,6189322,239147623.0000,11.902542,1
2017-03-02,sh.601020,38.6281004000,40.3862064000,38.6281004000,38.9194436800,8211391,322409376.0000,15.791137,1
2017-03-03,sh.601020,38.1559233600,38.1559233600,37.4727736000,37.6335147200,6600930,248109581.0000,12.694096,1
2017-03-06,sh.601020,37.3522177600,37.8947190400,36.7795775200,37.8545337600,5255949,195303885.0000,10.107594,1
2017-03-07,sh.601020,37.8344411200,37.8344411200,36.9503649600,37.1814303200,4944416,183307341.0000,9.508492,1
2017-03-08,sh.601020,36.9704576000,37.8143484800,36.7996701600,37.7842095200,4611487,171924760.0000,8.868244,1
2017-03-09,sh.601020,37.4727736000,37.5631904800,36.9805039200,37.0307355200,3411460,126389050.0000,6.560500,1
2017-03-10,sh.601020,36.6590216800,37.1713840000,35.2223979200,35.2726295200,7391277,265083718.0000,14.213994,1
2017-03-13,sh.601020,35.1621200000,35.6845286400,34.2077196000,35.5740191200,4491898,156900988.0000,8.638265,1
2017-03-14,sh.601020,35.5137412000,35.6845286400,35.0114252000,35.1621200000,3294112,115729727.0000,6.334831,1
2017-03-15,sh.601020,35.1621200000,36.0160572000,34.6698503200,35.6945749600,4618864,163835354.0000,8.882431,1
2017-03-16,sh.601020,35.7448065600,36.6590216800,35.7347602400,35.8854550400,4183157,150228746.0000,1.486975,1
2017-03-17,sh.601020,35.5639728000,36.0461961600,35.1721663200,35.3329074400,3467852,122953137.0000,1.232707,1
2017-03-20,sh.601020,35.2625832000,35.8653624000,35.2625832000,35.8553160800,2405401,85193397.0000,0.855041,1
2017-03-21,sh.601020,35.9155940000,35.9155940000,35.3730927200,35.5840654400,2127960,75242037.0000,0.756420,1
2017-03-22,sh.601020,35.3128148000,35.7247139200,35.1822126400,35.4132780000,2285292,80536795.0000,0.812346,1
2017-03-23,sh.601020,35.5237875200,35.5438801600,34.3584144000,34.8205451200,3311750,115268048.0000,1.177218,1
2017-03-24,sh.601020,34.8607304000,35.0114252000,34.2579512000,34.4287386400,2830982,96942463.0000,1.006321,1
2017-03-27,sh.601020,34.1173027200,34.9109620000,34.0871637600,34.8305914400,2482085,85739214.0000,0.882300,1
2017-03-28,sh.601020,34.8607304000,35.6443433600,34.6598040000,35.4735559200,4503420,158358170.0000,1.600818,1
2017-03-29,sh.601020,35.3730927200,35.3730927200,34.3483680800,34.4789702400,3213805,111155949.0000,1.142402,1
2017-03-30,sh.601020,34.5593408000,34.5894797600,32.7510032000,32.8916516800,3587936,119778163.0000,1.275393,1
2017-03-31,sh.601020,32.6706326400,33.5044772000,32.5098915200,33.2935044800,1622460,53584297.0000,0.576731,1
2017-04-05,sh.601020,33.2734118400,34.0268858400,32.8414200800,33.7455888800,2064866,68845821.0000,0.733992,1
2017-04-06,sh.601020,33.5547088000,33.7254962400,33.2935044800,33.3437360800,1863411,62005970.0000,0.662381,1
2017-04-07,sh.601020,33.2533192000,34.9210083200,32.9519296000,33.7154499200,3388623,114826516.0000,1.204544,1
2017-04-10,sh.601020,33.3336897600,33.5044772000,32.2486872000,32.4194746400,3096352,101341311.0000,1.100651,1
2017-04-11,sh.601020,32.3290577600,32.9318369600,31.9071123200,32.6706326400,2135682,68872890.0000,0.759165,1
2017-04-12,sh.601020,32.3491504000,32.9016980000,32.1783629600,32.3692430400,1642185,53112651.0000,0.583743,1
2017-04-13,sh.601020,32.8313737600,33.1327633600,32.4295209600,32.7409568800,1859671,60754676.0000,0.661052,1
2017-04-14,sh.601020,32.8012348000,33.0724854400,32.7007716000,32.8414200800,2217936,72649300.0000,0.788403,1
2017-04-17,sh.601020,32.3290577600,32.7409568800,31.7061859200,31.7664638400,1800008,57549136.0000,0.639844,1
2017-04-18,sh.601020,31.9774365600,32.1582703200,29.1343280000,29.4759028800,3491942,104298259.0000,1.241270,1
2017-04-19,sh.601020,29.4457639200,29.4859492000,27.2456198400,28.0091401600,3070912,85530059.0000,1.091608,1
2017-04-20,sh.601020,28.0292328000,28.2904371200,26.4218216000,27.1150176800,2708312,73569180.0000,0.962716,1
2017-04-21,sh.601020,27.0748324000,27.9689548800,27.0246008000,27.5168704800,1883353,51451005.0000,0.669470,1
2017-04-24,sh.601020,27.4565925600,27.4565925600,25.4372822400,25.6984865600,2099707,54249944.0000,0.746377,1
2017-04-25,sh.601020,26.1103856800,26.3213584000,25.6984865600,25.8491813600,1585219,41014516.0000,0.563493,1
2017-04-26,sh.601020,25.8190424000,26.0902930400,25.7587644800,26.0099224800,1197886,30947705.0000,0.425809,1
2017-04-27,sh.601020,26.0199688000,26.0601540800,24.3120944000,25.5377454400,2307422,57657055.0000,0.820213,1
2017-04-28,sh.601020,25.5779307200,25.9898298400,25.3167264000,25.4473285600,1984899,50485636.0000,0.705566,1
2017-05-02,sh.601020,25.6181160000,26.8035817600,25.4774675200,26.2008025600,3155230,82450141.0000,1.121580,1
2017-05-03,sh.601020,25.7185792000,26.8236744000,25.6884402400,26.3113120800,2551102,66995107.0000,0.906833,1
2017-05-04,sh.601020,26.0702004000,26.2610804800,25.7185792000,25.8592276800,1998327,51507807.0000,0.710339,1
2017-05-05,sh.601020,25.8190424000,25.8190424000,24.4226039200,24.5130208000,3898508,96605968.0000,1.385791,1
2017-05-08,sh.601020,24.5130208000,24.5130208000,23.4079256000,23.4179719200,1752315,41789129.0000,0.622890,1
2017-05-09,sh.601020,23.4179719200,23.9906121600,23.4179719200,23.7294078400,1533544,36115320.0000,0.545124,1
2017-05-10,sh.601020,24.0709827200,24.0810290400,22.8051464000,23.2371381600,2162975,50867347.0000,0.768866,1
2017-05-11,sh.601020,23.1065360000,23.1065360000,21.9110239200,22.8151927200,2476631,55506562.0000,0.880361,1
2017-05-12,sh.601020,22.8553780000,22.9056096000,22.3430156800,22.4635715200,1768492,39685582.0000,0.628641,1
2017-05-15,sh.601020,22.5841273600,22.8855169600,22.4836641600,22.6444052800,1513392,34074951.0000,0.537961,1
2017-05-16,sh.601020,22.6243126400,23.1768602400,22.1019040000,23.1165823200,2473887,55900538.0000,0.879385,1
2017-05-17,sh.601020,23.1065360000,23.5887593600,22.9759338400,23.4983424800,3069380,71382881.0000,1.091064,1
2017-05-18,sh.601020,23.5083888000,24.6938545600,23.3074624000,24.0006584800,4326697,103940304.0000,1.537998,1
2017-05-19,sh.601020,23.4079256000,23.9303342400,22.4434788800,22.6444052800,5638560,128740056.0000,2.004322,1
2017-05-22,sh.601020,22.6042200000,23.1768602400,22.2124135200,22.4736178400,2702850,61131586.0000,0.960774,1
2017-05-23,sh.601020,22.3028304000,22.9558412000,21.1776425600,21.2981984000,2460025,54414744.0000,0.874458,1
2017-05-24,sh.601020,21.0470404000,21.0470404000,19.1884712000,20.2835200800,3198514,63865657.0000,1.136966,1
2017-05-25,sh.601020,20.0424084000,20.4442612000,19.3090270400,20.2433348000,2461226,48967037.0000,0.874885,1
2017-05-26,sh.601020,20.3646176500,20.3848306700,19.9805702700,20.1523809400,1567227,31225820.0000,0.557098,1
2017-05-31,sh.601020,20.5061087900,20.7688780500,20.0311028200,20.2231265100,1703338,34352859.0000,0.605481,1
2017-06-01,sh.601020,20.3545111400,20.3545111400,18.7981086000,18.8688541700,2029275,39094316.0000,0.721340,1
2017-06-02,sh.601020,18.8789606800,19.4954577900,18.2927831000,19.4146057100,2470393,46246843.0000,0.878143,1
2017-06-05,sh.601020,19.6369489300,20.1523809400,19.5055643000,19.7481205400,1699601,33336086.0000,0.604152,1
2017-06-06,sh.601020,19.8188661100,20.0108898000,19.5763098700,19.8592921500,1569526,30769910.0000,0.557915,1
2017-06-07,sh.601020,19.9906767800,20.5667478500,19.7076945000,20.4757892600,2924281,58677343.0000,1.039486,1
2017-06-08,sh.601020,21.3045230800,22.5274107900,21.3045230800,22.5274107900,13964156,307992544.0000,4.963798,1
2017-06-09,sh.601020,21.9311267000,22.2040024700,21.3651621400,21.8805941500,10477170,225085293.0000,3.724289,1
2017-06-12,sh.601020,21.5268663000,21.5268663000,20.7688780500,20.8093040900,4842235,101376356.0000,1.721255,1
2017-06-13,sh.601020,20.7385585200,22.6891149500,20.6172804000,22.0625113300,8694957,188444841.0000,3.090771,1
2017-06-14,sh.601020,21.8704876400,23.2247599800,21.7289965000,23.1641209200,10243676,228403790.0000,3.641290,1
2017-06-15,sh.601020,21.3146295900,23.1034818600,21.3146295900,22.7093279700,9735640,216578796.0000,3.460700,1
2017-06-16,sh.601020,22.3657066300,24.6598844000,22.0827243500,23.8210440700,13515170,312294032.0000,4.804198,1
2017-06-19,sh.601020,23.3763576300,24.2455174900,23.0933753500,23.9423221900,9947384,234423952.0000,3.535968,1
2017-06-20,sh.601020,23.7705115200,24.1242393700,23.2449730000,23.3864641400,6508471,152529611.0000,2.313547,1
2017-06-21,sh.601020,23.4572097100,23.6492334000,22.7396475000,23.3157185700,5350408,121936835.0000,1.901894,1
2017-06-22,sh.601020,23.1944404500,23.3965706500,22.4869847500,22.5274107900,4247517,96622558.0000,1.509852,1
2017-06-23,sh.601020,22.1938959600,22.8407126000,22.0928308600,22.8204995800,3891610,86790323.0000,1.383339,1
2017-06-26,sh.601020,22.8407126000,23.6088073600,22.5880498500,23.4167836700,5539005,126557586.0000,1.968934,1
2017-06-27,sh.601020,23.1034818600,23.4066771600,22.7497540100,22.9720972300,4504584,102661321.0000,1.601231,1
2017-06-28,sh.601020,22.7699670300,23.3561446100,22.5375173000,23.0327362900,3664652,83317681.0000,1.296549,1
2017-06-29,sh.601020,22.9417777000,23.3359315900,22.7497540100,22.7699670300,3482029,79546133.0000,1.231937,1
2017-06-30,sh.601020,22.5476238100,22.7396475000,22.0928308600,22.2646415300,3609901,79834477.0000,1.277178,1
2017-07-03,sh.601020,22.3657066300,22.8002865600,22.3050675700,22.7396475000,2698904,60266065.0000,0.954869,1
2017-07-04,sh.601020,22.7598605200,23.3763576300,22.7598605200,22.9923102500,4085559,93309901.0000,1.445465,1
2017-07-05,sh.601020,23.2247599800,24.0332807800,23.0731623300,23.8311505800,8785625,205742334.0000,3.108342,1
2017-07-06,sh.601020,24.0534938000,24.4375411800,23.2449730000,24.3870086300,10838026,256231497.0000,3.834479,1
2017-07-07,sh.601020,24.3465825900,26.8226775400,23.8513636000,26.8226775400,21585723,546594832.0000,7.636999,1
2017-07-10,sh.601020,27.4796006900,27.4796006900,25.6705354000,26.0747958000,21509931,565625280.0000,7.610184,1
2017-07-11,sh.601020,26.0747958000,26.0747958000,24.7003104400,25.0439317800,11419621,285531632.0000,4.040246,1
2017-07-12,sh.601020,24.9630797000,26.0444762700,24.8721211100,25.9939437200,11354707,285786144.0000,4.017280,1
2017-07-13,sh.601020,25.9636241900,27.3077900200,25.7210679500,26.8833166000,19454542,515017552.0000,6.882990,1
2017-07-14,sh.601020,26.3476715700,26.4790562000,25.5189377500,25.6301093600,9674255,247860010.0000,3.422738,1
2017-07-17,sh.601020,24.9731862100,25.2157424500,23.0630558200,23.0630558200,10856019,256018236.0000,3.840845,1
2017-07-18,sh.601020,21.8907006600,23.0226297800,21.8907006600,22.6385824000,7316013,162870431.0000,2.588395,1
2017-07-19,sh.601020,22.5880498500,24.2556240000,22.4667717300,23.9524287000,9225611,216844969.0000,3.264009,1
2017-07-20,sh.601020,24.2556240000,24.4173281600,23.4673162200,23.5885943400,8260736,195218381.0000,2.922637,1
2017-07-21,sh.601020,23.3763576300,23.8311505800,22.2444285100,22.6284758900,8580993,194661044.0000,3.035944,1
2017-07-24,sh.601020,22.6284758900,23.2146534700,22.5476238100,22.7295409900,4800599,108472054.0000,1.698445,1
2017-07-25,sh.601020,22.6486889100,23.0125232700,22.1130438800,22.9720972300,5699848,127825058.0000,2.016598,1
2017-07-26,sh.601020,23.1236948800,23.7502985000,23.1236948800,23.6391268900,9210480,213368262.0000,3.258655,1
2017-07-27,sh.601020,23.4875292400,23.4875292400,22.9013516600,23.2348664900,6487875,148806547.0000,2.295401,1
2017-07-28,sh.601020,23.1439079000,23.7502985000,22.9215646800,23.5380617900,6895992,159836350.0000,2.439793,1
2017-07-31,sh.601020,23.5481683000,25.4684052000,23.4471032000,24.7508429900,14118766,340566736.0000,4.995200,1
2017-08-01,sh.601020,24.7508429900,24.7508429900,23.8513636000,24.1141328600,9082132,216476799.0000,3.213246,1
2017-08-02,sh.601020,24.1141328600,25.2662750000,23.4471032000,24.6902039300,15907621,387843792.0000,5.628095,1
2017-08-03,sh.601020,24.5284997700,26.2769260000,24.2758370200,25.9737307000,19036548,477569872.0000,6.735105,1
2017-08-04,sh.601020,25.6200028500,26.4285236500,25.0641448000,25.2763815100,15764279,401559072.0000,5.577380,1
2017-08-07,sh.601020,24.7609495000,26.1960739200,24.4577542000,26.0849023100,11890536,299390848.0000,4.206855,1
2017-08-08,sh.601020,26.1455413700,27.1764053900,25.4785117100,25.6098963400,16938226,440628832.0000,5.992721,1
2017-08-09,sh.601020,25.7513874800,26.1253283500,25.1146773500,26.0545827800,9670620,245910019.0000,3.421452,1
2017-08-10,sh.601020,25.6402158700,25.7311744600,24.5082867500,24.6598844000,10169349,252990839.0000,3.597902,1
2017-08-11,sh.601020,24.1242393700,24.1444523900,22.5880498500,22.7497540100,9558605,221580876.0000,3.381821,1
2017-08-14,sh.601020,22.7598605200,23.4369966900,22.7598605200,23.3056120600,4337512,99409495.0000,1.534606,1
2017-08-15,sh.601020,23.3359315900,23.8816831300,23.2449730000,23.5178487700,3940971,91772630.0000,1.394310,1
2017-08-16,sh.601020,24.0130677600,24.2354109800,23.4875292400,23.7604050100,4394913,103476436.0000,1.554914,1
2017-08-17,sh.601020,24.7609495000,25.1449968800,24.3465825900,24.4173281600,7539138,183550648.0000,2.667337,1
2017-08-18,sh.601020,23.7199789700,24.1242393700,23.4471032000,23.8816831300,4941110,115977970.0000,1.748158,1
2017-08-21,sh.601020,23.8109375600,24.8418015800,23.5481683000,24.6396713800,7377596,178019265.0000,2.610183,1
2017-08-22,sh.601020,24.4274346700,25.2157424500,24.1242393700,25.1449968800,10028827,246366756.0000,3.548185,1
2017-08-23,sh.601020,24.8923341300,25.0136122500,24.2556240000,24.3465825900,6076181,147827659.0000,2.149745,1
2017-08-24,sh.601020,24.1646654100,24.6497778900,23.6593399100,23.8008310500,4321656,103286113.0000,1.528996,1
2017-08-25,sh.601020,23.8412570900,24.7205234600,23.8412570900,24.3870086300,5297740,127829347.0000,1.874333,1
2017-08-28,sh.601020,24.1242393700,24.8013755400,24.1242393700,24.7811625200,5723226,138961448.0000,2.024870,1
2017-08-29,sh.601020,24.7710560100,25.8524525800,24.5689258100,25.0136122500,9971967,249367200.0000,3.528068,1
2017-08-30,sh.601020,24.6396713800,25.3471270800,24.1444523900,25.2056359400,9093039,222529353.0000,3.217105,1
2017-08-31,sh.601020,24.9529731900,26.2567129800,24.8923341300,26.0646892900,15998749,407035392.0000,5.660336,1
2017-09-01,sh.601020,26.9035296200,28.6721688700,26.2870325100,27.4593876700,29729698,810117248.0000,10.518327,1
2017-09-04,sh.601020,27.5503462600,29.8142045000,27.0854468000,28.7530209500,27778851,775791632.0000,9.828120,1
2017-09-05,sh.601020,28.2072694100,28.3487605500,27.2976835100,27.7929025000,14925789,410740832.0000,5.280724,1
2017-09-06,sh.601020,27.2976835100,28.7530209500,27.1662988800,27.8232220300,13947905,387238640.0000,4.934750,1
2017-09-07,sh.601020,27.3684290800,27.6413048500,26.8327840500,26.8631035800,10857346,292368080.0000,3.841314,1
2017-09-08,sh.601020,26.8125710300,27.6514113600,26.8125710300,27.3381095500,9140198,247055266.0000,3.233790,1
2017-09-11,sh.601020,27.3381095500,28.5306777300,26.9843817000,28.3588670600,11635723,322393232.0000,4.116703,1
2017-09-12,sh.601020,28.1971629000,28.8035535000,27.2875770000,27.4593876700,15261190,424780357.0000,5.399388,1
2017-09-13,sh.601020,27.2875770000,27.9748196800,26.6407603600,27.9546066600,8834051,238752254.0000,3.125475,1
2017-09-14,sh.601020,27.9849261900,28.4902516900,27.1359793500,27.3785355900,7836078,215112359.0000,2.772394,1
2017-09-15,sh.601020,27.4391746500,27.4391746500,26.6609733800,26.7418254600,6215580,165986742.0000,2.199064,1
2017-09-18,sh.601020,26.6104408300,27.2875770000,26.6104408300,27.2269379400,4521311,121371553.0000,1.599634,1
2017-09-19,sh.601020,27.2067249200,27.3785355900,26.6710798900,26.7620384800,4573993,121917477.0000,1.618272,1
2017-09-20,sh.601020,26.7317189500,28.2780149800,26.7216124400,28.1668433700,12473772,342401669.0000,4.413204,1
2017-09-21,sh.601020,28.2476954500,28.2476954500,27.0854468000,27.2067249200,9100400,248961811.0000,3.219709,1
2017-09-22,sh.601020,26.8327840500,27.4593876700,26.8226775400,27.0753402900,4970492,133295604.0000,1.758553,1
2017-09-25,sh.601020,27.0854468000,27.2673639800,25.3471270800,25.6301093600,6638230,173145862.0000,2.348597,1
2017-09-26,sh.601020,25.6907484200,26.2263934500,25.4684052000,25.8928786200,3734085,95552267.0000,1.321114,1
2017-09-27,sh.601020,25.8625590900,26.2061804300,25.6806419100,26.0141567400,2733950,70401451.0000,0.967268,1
2017-09-28,sh.601020,25.9838372100,26.0444762700,25.4481921800,25.4582986900,3780699,95834934.0000,1.337606,1
2017-09-29,sh.601020,25.6200028500,25.8120265400,25.4380856700,25.6705354000,2557499,64826818.0000,0.904840,1
2017-10-09,sh.601020,25.7918135200,26.2466064700,25.6301093600,25.6806419100,4259040,109016511.0000,1.506843,1
2017-10-10,sh.601020,25.5694703000,25.7210679500,24.9428666800,25.2157424500,4719139,117631708.0000,1.669625,1
2017-10-11,sh.601020,25.2662750000,25.2662750000,24.6598844000,24.8923341300,3728936,91727421.0000,1.319292,1
2017-10-12,sh.601020,24.8114820500,24.8316950700,23.7604050100,24.2354109800,5477701,131455502.0000,1.938003,1
2017-10-13,sh.601020,24.2253044700,24.5284997700,24.1545589000,24.4375411800,3080409,74342938.0000,1.089845,1
2017-10-16,sh.601020,24.5487127900,24.6800974200,24.0534938000,24.6598844000,4845327,117410962.0000,1.714270,1
2017-10-17,sh.601020,24.5588193000,24.5588193000,23.8412570900,23.9018961500,3290000,78469474.0000,1.163998,1
2017-10-18,sh.601020,24.1343458800,24.4476476900,23.4774227300,23.5380617900,3342600,79356617.0000,1.182607,1
2017-10-19,sh.601020,23.5380617900,23.6795529300,22.7396475000,22.7598605200,4281616,97309534.0000,1.514830,1
2017-10-20,sh.601020,22.7396475000,23.2449730000,22.7396475000,23.1641209200,2648278,60481963.0000,0.936957,1
2017-10-23,sh.601020,23.2449730000,23.5380617900,22.9923102500,23.4369966900,2201020,50785829.0000,0.778718,1
2017-10-24,sh.601020,23.4471032000,23.9120026600,23.3460381000,23.5178487700,2840900,66445961.0000,1.005107,1
2017-10-25,sh.601020,23.6290203800,23.6290203800,23.0529493100,23.4167836700,2150732,49529598.0000,0.760926,1
2017-10-26,sh.601020,23.4066771600,23.8210440700,23.2449730000,23.6694464200,2994251,69898682.0000,1.059362,1
2017-10-27,sh.601020,23.5279552800,23.5582748100,23.0125232700,23.1135883700,2949026,67846585.0000,1.043361,1
2017-10-30,sh.601020,23.0428428000,23.0428428000,21.4258012000,21.9412332100,3986116,87470228.0000,1.410282,1
2017-10-31,sh.601020,21.8401681100,22.4869847500,21.8098485800,22.2747480400,1937800,42629871.0000,0.685591,1
2017-11-01,sh.601020,22.6992214600,24.1242393700,22.6385824000,23.3763576300,6921953,160540174.0000,2.448978,1
2017-11-02,sh.601020,23.2550795100,23.3561446100,22.7598605200,22.8407126000,3682855,83780787.0000,1.302989,1
2017-11-03,sh.601020,22.6385824000,23.0327362900,22.0321918000,22.3151740800,3259930,72440970.0000,1.153359,1
2017-11-06,sh.601020,22.3454936100,22.5173042800,22.1332569000,22.4566652200,2599505,57430260.0000,0.919701,1
2017-11-07,sh.601020,22.5375173000,22.5678368300,21.8603811300,22.1938959600,3450167,75740492.0000,1.220664,1
2017-11-08,sh.601020,22.0827243500,22.4061326700,21.9412332100,22.2141089800,2681210,58933809.0000,0.948608,1
2017-11-09,sh.601020,22.1130438800,22.7093279700,22.1130438800,22.4566652200,2930154,65105278.0000,1.036684,1
2017-11-10,sh.601020,22.2848545500,22.4263456900,21.9412332100,22.0827243500,3165578,69184930.0000,1.119977,1
2017-11-13,sh.601020,22.0827243500,22.4263456900,21.8805941500,22.3960261600,3281318,71972120.0000,1.160926,1
2017-11-14,sh.601020,22.3859196500,22.3960261600,21.9311267000,22.0928308600,2234392,48876174.0000,0.790525,1
2017-11-15,sh.601020,22.0827243500,22.1938959600,21.5470793200,21.6077183800,2431052,52528188.0000,0.860103,1
2017-11-16,sh.601020,21.2236710000,21.7087834800,21.2135644900,21.2236710000,1959693,41504088.0000,0.693337,1
2017-11-17,sh.601020,21.2843100600,21.5976118700,19.7076945000,20.0614223500,3834720,78161423.0000,1.356719,1
2017-11-20,sh.601020,19.9805702700,20.4151502000,19.1013039000,20.3444046300,2738166,53334868.0000,0.968759,1
2017-11-21,sh.601020,20.2332330200,20.3747241600,19.9199312100,20.1422744300,1824855,36394899.0000,0.645631,1
2017-11-22,sh.601020,20.2029134900,20.3646176500,19.9906767800,20.0311028200,1728744,34424465.0000,0.611627,1
2017-11-23,sh.601020,19.9603572500,20.9912212700,19.8693986600,20.0917418800,3653173,73860969.0000,1.292488,1
2017-11-24,sh.601020,20.0917418800,20.7789845600,19.9098247000,20.6678129500,3346959,67611483.0000,1.184150,1
2017-11-27,sh.601020,20.4656827500,21.2034579800,20.4353632200,20.6172804000,2535883,52133504.0000,0.897192,1
2017-11-28,sh.601020,20.8194106000,20.9103691900,20.5364283200,20.9002626800,1871385,38461688.0000,0.662093,1
2017-11-29,sh.601020,20.9811147600,21.8098485800,20.7284520100,21.5875053600,5892317,125153167.0000,2.084694,1
2017-11-30,sh.601020,21.3348426100,21.6077183800,21.0417538200,21.1023928800,3191810,67105656.0000,1.129258,1
2017-12-01,sh.601020,21.1428189200,21.2236710000,20.7183455000,20.8699431500,2133673,44088225.0000,0.754891,1
2017-12-04,sh.601020,20.9811147600,21.4055881800,20.6678129500,20.7183455000,2425568,50501532.0000,0.858163,1
2017-12-05,sh.601020,20.6880259700,20.6880259700,19.4044992000,19.5763098700,3275433,64427957.0000,1.158844,1
2017-12-06,sh.601020,19.2124755100,19.8693986600,19.2023690000,19.8491856400,1597506,30942674.0000,0.565195,1
2017-12-07,sh.601020,19.8896116800,20.2534460400,19.7279075200,20.0917418800,1946200,38644468.0000,0.688563,1
2017-12-08,sh.601020,20.2231265100,20.3140851000,19.9401442300,20.2635525500,1395700,27899467.0000,0.493797,1
2017-12-11,sh.601020,20.2635525500,20.3342981200,20.0917418800,20.3140851000,1351200,27055448.0000,0.478053,1
2017-12-12,sh.601020,20.3140851000,20.3140851000,20.3140851000,20.3140851000,0,0.0000,,1
2017-12-13,sh.601020,20.3140851000,20.3140851000,20.3140851000,20.3140851000,0,0.0000,,1
2017-12-14,sh.601020,20.3140851000,20.3140851000,20.3140851000,20.3140851000,0,0.0000,,1
2017-12-15,sh.601020,20.3140851000,20.3140851000,20.3140851000,20.3140851000,0,0.0000,,1
2017-12-18,sh.601020,20.3140851000,20.3140851000,20.3140851000,20.3140851000,0,0.0000,,1
2017-12-19,sh.601020,21.3247361000,21.9412332100,20.6273869100,20.8295171100,4750260,99297804.0000,1.680636,1
2017-12-20,sh.601020,20.3140851000,20.6071738900,19.7076945000,19.7784400700,3282500,65348744.0000,1.161344,1
2017-12-21,sh.601020,19.8592921500,20.0007832900,19.5358838300,19.7380140300,1927162,37639957.0000,0.681827,1
2017-12-22,sh.601020,19.6874814800,20.0412093300,19.5965228900,19.6773749700,1741200,34085301.0000,0.616034,1
2017-12-25,sh.601020,19.6975879900,19.8592921500,19.4247122200,19.4348187300,1510642,29253217.0000,0.534463,1
2017-12-26,sh.601020,19.4752447700,19.7582270500,19.3034341000,19.6874814800,1561036,30195071.0000,0.552292,1
2017-12-27,sh.601020,19.6874814800,20.7486650300,19.5055643000,19.9805702700,4245458,85260341.0000,1.502037,1
2017-12-28,sh.601020,19.7279075200,21.2034579800,19.7279075200,20.8901561700,6510745,133199253.0000,2.303493,1
2017-12-29,sh.601020,20.7486650300,21.1023928800,20.5667478500,20.7385585200,3845015,78938162.0000,1.360361,1
2018-01-02,sh.601020,20.7183455000,20.9103691900,20.4656827500,20.8396236200,2877398,58940167.0000,1.018019,1
2018-01-03,sh.601020,20.9507952300,21.2236710000,20.7688780500,21.0215408000,4344733,90278633.0000,1.537161,1
2018-01-04,sh.601020,20.8901561700,20.9002626800,20.5768543600,20.7688780500,3091852,63323580.0000,1.093893,1
2018-01-05,sh.601020,20.8194106000,20.9103691900,20.4555762400,20.6678129500,3317233,67679845.0000,1.173633,1
2018-01-08,sh.601020,20.6374934200,21.3752686500,20.5162153000,21.1327124100,5407132,112447206.0000,1.913036,1
2018-01-09,sh.601020,21.0215408000,21.2034579800,20.7183455000,20.8194106000,3467858,71738694.0000,1.226923,1
2018-01-10,sh.601020,20.6880259700,21.1226059000,20.5162153000,20.6678129500,3117049,64005050.0000,1.102808,1
2018-01-11,sh.601020,20.6577064400,21.0417538200,20.6172804000,20.8699431500,2955983,61004443.0000,1.045823,1
2018-01-12,sh.601020,20.8699431500,20.8800496600,20.5162153000,20.5364283200,2224435,45440864.0000,0.787002,1
2018-01-15,sh.601020,20.5162153000,20.6475999300,19.3741796700,19.5763098700,3355818,65948077.0000,1.187284,1
2018-01-16,sh.601020,19.6167359100,19.9098247000,19.4853512800,19.5965228900,1759744,34273758.0000,0.622595,1
2018-01-17,sh.601020,19.5965228900,19.7885465800,19.2326885300,19.6773749700,2299568,44321438.0000,0.813584,1
2018-01-18,sh.601020,19.7582270500,19.8491856400,19.6066294000,19.7279075200,1520364,29661242.0000,0.537903,1
2018-01-19,sh.601020,19.7582270500,19.7986530900,19.3741796700,19.4247122200,2021761,39127871.0000,0.715296,1
2018-01-22,sh.601020,19.2731145700,19.7178010100,19.2124755100,19.6874814800,1827611,35392569.0000,0.646606,1
2018-01-23,sh.601020,19.5662033600,21.6582509300,19.5662033600,21.5571858300,13145113,273340714.0000,4.650723,1
2018-01-24,sh.601020,21.2236710000,21.2742035500,20.5162153000,20.7789845600,8675375,178493678.0000,3.069336,1
2018-01-25,sh.601020,21.1226059000,21.5268663000,20.9204757000,21.0518603300,7552311,158465057.0000,2.671997,1
2018-01-26,sh.601020,20.8699431500,21.0518603300,20.4858957700,21.0417538200,3737248,76868168.0000,1.322233,1
2018-01-29,sh.601020,21.4258012000,21.5268663000,20.7486650300,20.8598366400,3721680,77647819.0000,1.316725,1
2018-01-30,sh.601020,20.6678129500,21.4258012000,20.5465348300,20.9609017400,3865779,80470519.0000,1.367707,1
2018-01-31,sh.601020,20.6678129500,20.7890910700,19.8188661100,19.9805702700,4425490,88635890.0000,1.565732,1
2018-02-01,sh.601020,19.7683335600,20.2029134900,18.1917180000,18.5151263200,4638244,88508122.0000,1.641004,1
2018-02-02,sh.601020,18.2624635700,19.5864163800,17.8379901500,19.1316234300,4098259,75630053.0000,1.449958,1
2018-02-05,sh.601020,18.6465109500,19.1922624900,18.5353393400,18.7475760500,2241312,41783734.0000,0.792973,1
2018-02-06,sh.601020,18.3433156500,19.0911973900,17.1911735100,17.3225581400,3917086,70715686.0000,1.385860,1
2018-02-07,sh.601020,17.8379901500,18.1209724300,17.1810670000,17.6156469300,2955456,51864796.0000,1.045636,1
2018-02-08,sh.601020,17.4842623000,18.0199073300,17.3528776700,17.8480966600,2016485,35529765.0000,0.713430,1
2018-02-09,sh.601020,17.4741557900,17.7167120300,16.8576586800,17.2417060600,2795450,47792191.0000,0.989026,1
2018-02-12,sh.601020,17.3528776700,17.6661794800,17.3023451200,17.5550078700,1671399,28961509.0000,0.591339,1
2018-02-13,sh.601020,17.7975641100,17.8480966600,17.3831972000,17.4943688100,1629669,28481366.0000,0.576575,1
2018-02-14,sh.601020,17.6358599500,17.7773510900,17.5449013600,17.6863925000,1113589,19454558.0000,0.393986,1
2018-02-22,sh.601020,17.9390552500,18.4949133000,17.7773510900,18.1715049800,1980392,35620626.0000,0.700660,1
2018-02-23,sh.601020,18.2018245100,18.2422505500,17.7975641100,18.0502268600,1701088,30234511.0000,0.601843,1
2018-02-26,sh.601020,18.1613984700,18.5555523600,18.0805463900,18.4342742400,2301953,41812065.0000,0.814428,1
2018-02-27,sh.601020,18.2725700800,18.4443807500,18.1917180000,18.3534221600,1917889,34760620.0000,0.678547,1
2018-02-28,sh.601020,18.1917180000,18.6667239700,18.0098008200,18.5757653800,2617923,47582701.0000,0.926218,1
2018-03-01,sh.601020,18.3736351800,18.5656588700,18.2119310200,18.4443807500,1888075,34396045.0000,0.667998,1
2018-03-02,sh.601020,18.4140612200,18.6869369900,18.2927831000,18.4039547100,2009776,36794367.0000,0.711056,1
2018-03-05,sh.601020,18.3837416900,18.6768304800,18.0906529000,18.2826765900,2293133,41665184.0000,0.811307,1
2018-03-06,sh.601020,18.3231026300,18.8284281300,18.0805463900,18.6364044400,3443082,62786482.0000,1.218158,1
2018-03-07,sh.601020,18.4747002800,18.5959784000,18.1917180000,18.2018245100,2537040,46050550.0000,0.897601,1
2018-03-08,sh.601020,18.2018245100,18.4443807500,18.1917180000,18.3837416900,1999633,36248048.0000,0.707467,1
2018-03-09,sh.601020,18.3837416900,18.6060849100,18.3028896100,18.5353393400,2697904,49298936.0000,0.954515,1
2018-03-12,sh.601020,18.5656588700,19.1518364500,18.5656588700,19.0002388000,4489324,84162306.0000,1.588317,1
2018-03-13,sh.601020,18.9901322900,19.0002388000,18.7071500100,18.8082151100,3276526,61041134.0000,1.159230,1
2018-03-14,sh.601020,18.7576825600,19.1922624900,18.6465109500,18.6667239700,3539365,66400346.0000,1.252223,1
2018-03-15,sh.601020,18.6161914200,18.6768304800,17.9895878000,18.2119310200,2864679,51829636.0000,1.013520,1
2018-03-16,sh.601020,18.2220375300,18.3837416900,18.1917180000,18.2523570600,1562961,28248483.0000,0.552973,1
2018-03-19,sh.601020,18.2523570600,18.3938482000,18.0502268600,18.3433156500,1725744,31121673.0000,0.610566,1
2018-03-20,sh.601020,18.1613984700,18.2826765900,18.0906529000,18.1816114900,1322083,23742773.0000,0.467751,1
2018-03-21,sh.601020,18.1411854500,18.5757653800,18.1411854500,18.3332091400,2346071,42722497.0000,0.830037,1
2018-03-22,sh.601020,18.3332091400,18.5757653800,18.2725700800,18.4848067900,2253244,41177664.0000,0.797195,1
2018-03-23,sh.601020,18.1917180000,18.1917180000,16.6353154600,16.8879782100,4106023,70036109.0000,1.452705,1
2018-03-26,sh.601020,16.8879782100,16.8879782100,16.8879782100,16.8879782100,0,0.0000,,1
2018-03-27,sh.601020,16.8879782100,16.8879782100,16.8879782100,16.8879782100,0,0.0000,,1
2018-03-28,sh.601020,16.8879782100,16.8879782100,16.8879782100,16.8879782100,0,0.0000,,1
2018-03-29,sh.601020,16.8879782100,16.8879782100,16.8879782100,16.8879782100,0,0.0000,,1
2018-03-30,sh.601020,16.8879782100,16.8879782100,16.8879782100,16.8879782100,0,0.0000,,1
2018-04-02,sh.601020,16.8879782100,16.8879782100,16.8879782100,16.8879782100,0,0.0000,,1
2018-04-03,sh.601020,17.8885227000,18.5757653800,17.8379901500,18.5757653800,2869486,52299364.0000,1.015220,1
2018-04-04,sh.601020,20.0614223500,20.0614223500,18.3534221600,18.5858718900,12425485,235045278.0000,4.396120,1
2018-04-09,sh.601020,17.9895878000,18.0300138400,17.2821321000,17.7975641100,6162944,107966238.0000,2.180441,1
2018-04-10,sh.601020,17.7167120300,17.8582031700,17.4034102200,17.7470315600,3446617,60153155.0000,1.219408,1
2018-04-11,sh.601020,17.8480966600,18.0199073300,17.7066055200,17.7874576000,3315373,58511537.0000,1.172974,1
2018-04-12,sh.601020,18.0098008200,18.2725700800,17.8683096800,17.9188422300,4001997,71523528.0000,1.415901,1
2018-04-13,sh.601020,17.8076706200,17.8986292100,17.3730906900,17.5145818300,3471170,60410055.0000,1.228095,1
2018-04-16,sh.601020,17.3933037100,17.6459664600,17.0698953900,17.2113865300,2434999,41770455.0000,0.861499,1
2018-04-17,sh.601020,17.2113865300,17.4034102200,16.8374456600,16.8778717000,2597802,43851264.0000,0.919099,1
2018-04-18,sh.601020,17.1305344500,17.1406409600,16.5948894200,16.9284042500,2159688,36022329.0000,0.764095,1
2018-04-19,sh.601020,17.1507474700,17.5044753200,17.0597888800,17.4438362600,4201776,72265231.0000,1.486583,1
2018-04-20,sh.601020,17.5752208900,17.5752208900,16.8374456600,16.8475521700,3086013,52079534.0000,1.091827,1
2018-04-23,sh.601020,16.8273391500,16.8273391500,16.4230787500,16.6757415000,1995520,32788383.0000,0.706012,1
2018-04-24,sh.601020,16.6757415000,17.1002149200,16.6049959300,16.9890433100,2091568,35076403.0000,0.739994,1
2018-04-25,sh.601020,16.9890433100,16.9890433100,16.6959545200,16.8273391500,1725247,28690101.0000,0.610390,1
2018-04-26,sh.601020,16.8778717000,17.0800019000,16.5948894200,16.6353154600,2076659,34728214.0000,0.734719,1
2018-04-27,sh.601020,16.6858480100,16.9182977400,16.5746764000,16.7161675400,1444897,23945645.0000,0.511203,1
2018-05-02,sh.601020,16.7768066000,16.9587237800,16.4837178100,16.8879782100,1596092,26373391.0000,0.564695,1
2018-05-03,sh.601020,16.7869131100,17.2821321000,16.7363805600,17.0597888800,2453331,41361918.0000,0.867985,1
2018-05-04,sh.601020,16.9890433100,17.2012800200,16.9081912300,16.9587237800,1456100,24578352.0000,0.515166,1
2018-05-07,sh.601020,16.9587237800,17.1709604900,16.9182977400,17.0698953900,2128480,35905556.0000,0.753053,1
2018-05-08,sh.601020,17.0395758600,17.2417060600,16.9789368000,17.1305344500,1989898,33684659.0000,0.704023,1
2018-05-09,sh.601020,17.2315995500,17.2417060600,17.0496823700,17.1204279400,1524200,25847117.0000,0.539260,1
2018-05-10,sh.601020,17.1810670000,17.2113865300,17.0294693500,17.1406409600,1688042,28573767.0000,0.597227,1
2018-05-11,sh.601020,17.3023451200,17.4337297500,17.1103214300,17.2619190800,2815979,48161745.0000,0.996290,1
2018-05-14,sh.601020,17.2214930400,17.2214930400,16.8273391500,16.8879782100,2475300,41549318.0000,0.875758,1
2018-05-15,sh.601020,16.8475521700,17.0294693500,16.8071261300,16.9587237800,1872416,31322468.0000,0.662458,1
2018-05-16,sh.601020,16.9789368000,17.0092563300,16.8374456600,16.8576586800,1244088,20810736.0000,0.440157,1
2018-05-17,sh.601020,16.8778717000,17.4741557900,16.8778717000,17.2417060600,4557333,78134080.0000,1.612378,1
2018-05-18,sh.601020,17.2012800200,17.3124516300,17.0901084100,17.2518125700,2421300,41253654.0000,0.856653,1
2018-05-21,sh.601020,17.2922386100,17.4438362600,17.1204279400,17.2619190800,2310729,39397174.0000,0.817533,1
2018-05-22,sh.601020,17.3124516300,17.3124516300,16.9486172700,17.2518125700,2546586,43231796.0000,0.900979,1
2018-05-23,sh.601020,17.2214930400,17.2214930400,16.8980847200,16.9081912300,2105579,35363314.0000,0.744951,1
2018-05-24,sh.601020,16.8879782100,16.9688302900,16.7363805600,16.7565935800,1611645,26828563.0000,0.570198,1
2018-05-25,sh.601020,16.7262740500,16.8273391500,16.5241438500,16.5948894200,1622971,26691209.0000,0.574205,1
2018-05-28,sh.601020,16.5948894200,16.6555284800,16.3321201600,16.5039308300,1538274,25108012.0000,0.544239,1
2018-05-29,sh.601020,16.5342503600,16.9284042500,16.4331852600,16.5544633800,1369623,22614565.0000,0.484571,1
2018-05-30,sh.601020,16.4331852600,16.4331852600,15.6650905000,15.7459425800,1870776,29735686.0000,0.661878,1
2018-05-31,sh.601020,15.9278597600,16.0592443900,15.7156230500,15.7459425800,1445136,22705482.0000,0.511287,1
2018-06-01,sh.601020,15.7459425800,16.0996704300,15.5842384200,15.9986053300,1871613,29533122.0000,0.662174,1
2018-06-04,sh.601020,15.9581792900,16.0895639200,15.8874337200,15.9884988200,1211321,19172107.0000,0.428564,1
2018-06-05,sh.601020,15.9278597600,16.1704160000,15.9177532500,16.1198834500,990631,15761462.0000,0.350484,1
2018-06-06,sh.601020,16.1603094900,16.7464870700,16.1299899600,16.3624396900,2046820,33467930.0000,0.724162,1
2018-06-07,sh.601020,16.3725462000,16.5948894200,16.1198834500,16.1502029800,1581300,25535044.0000,0.559462,1
2018-06-08,sh.601020,16.0289248600,16.1805225100,15.6145579500,15.7156230500,1725465,26850848.0000,0.610467,1
2018-06-11,sh.601020,15.7156230500,15.8672207000,15.6347709700,15.7661556000,1349225,21003074.0000,0.477354,1
2018-06-12,sh.601020,15.7661556000,15.8267946600,15.5438123800,15.7964751300,1216667,18885344.0000,0.430455,1
2018-06-13,sh.601020,15.7459425800,15.7459425800,15.5438123800,15.5539188900,1214559,18767980.0000,0.429709,1
2018-06-14,sh.601020,15.4427472800,15.6751970100,15.4225342600,15.4427472800,1003514,15448920.0000,0.355042,1
2018-06-15,sh.601020,15.4528537900,15.5943449300,14.5230548700,14.5735874200,2210612,32449258.0000,0.782112,1
2018-06-19,sh.601020,14.4523093000,14.4523093000,13.2496346100,13.3304866900,2735848,36738989.0000,0.967939,1
2018-06-20,sh.601020,13.4618713200,13.9469838000,13.3506997100,13.7549601100,1589280,21391367.0000,0.562285,1
2018-06-21,sh.601020,13.7549601100,14.1289009800,13.4517648100,13.4921908500,1896492,25861438.0000,0.670431,1
2018-06-22,sh.601020,13.3405932000,13.8054926600,12.9464393100,13.7852796400,1626043,21779547.0000,0.574824,1
2018-06-25,sh.601020,13.7953861500,14.0884749400,13.5730429300,13.6235754800,1105027,15065916.0000,0.390639,1
2018-06-26,sh.601020,13.2597411200,13.8459187000,13.2597411200,13.7953861500,984461,13325035.0000,0.348018,1
2018-06-27,sh.601020,13.7953861500,13.9469838000,13.5730429300,13.6437885000,959801,13054840.0000,0.339300,1
2018-06-28,sh.601020,13.5932559500,13.8863447400,13.5932559500,13.6640015200,1019556,13896813.0000,0.360424,1
2018-06-29,sh.601020,13.6336819900,13.9570903100,13.6336819900,13.9368772900,1374979,18866096.0000,0.486070,1
2018-07-02,sh.601020,13.9570903100,14.1187944700,13.6437885000,13.7650666200,1235839,16904987.0000,0.434877,1
2018-07-03,sh.601020,13.7145340700,14.2400725900,13.6842145400,14.0783684300,1731157,23965599.0000,0.609174,1
2018-07-04,sh.601020,14.1089388800,14.3739912000,13.6603888000,13.9866070400,1565328,21709336.0000,0.550821,1
2018-07-05,sh.601020,13.9254411200,13.9968013600,13.3137819200,13.4361137600,1283087,17244688.0000,0.451503,1
2018-07-06,sh.601020,13.4870853600,13.7317490400,13.1608671200,13.4870853600,1109534,14725003.0000,0.390432,1
2018-07-09,sh.601020,13.6094172000,13.7929149600,13.5992228800,13.7725263200,906199,12191024.0000,0.318881,1
2018-07-10,sh.601020,13.7623320000,15.1487595200,13.7521376800,14.5472946400,5573570,80235054.0000,1.961274,1
2018-07-11,sh.601020,14.2924366400,14.3230196000,13.6807774400,13.7827206400,3503395,47989415.0000,1.232804,1
2018-07-12,sh.601020,13.7827206400,14.0783559200,13.7827206400,14.0375786400,2699474,36951774.0000,0.949913,1
2018-07-13,sh.601020,14.1293275200,14.2516593600,13.9152468000,14.2108820800,2191453,30264357.0000,0.771147,1
2018-07-16,sh.601020,14.1802991200,14.1904934400,13.7011660800,13.8031092800,3561057,48288581.0000,1.253095,1
2018-07-17,sh.601020,13.7623320000,13.7827206400,13.5584456000,13.7113604000,1362917,18280454.0000,0.479595,1
2018-07-18,sh.601020,13.7113604000,13.8133036000,13.4768910400,13.4972796800,2104800,28194184.0000,0.740655,1
2018-07-19,sh.601020,13.5890285600,13.7929149600,13.3749478400,13.5584456000,1543400,20541452.0000,0.543104,1
2018-07-20,sh.601020,13.5278626400,13.7011660800,13.3239762400,13.6501944800,2069272,27493223.0000,0.728153,1
2018-07-23,sh.601020,13.6603888000,13.9050524800,13.5380569600,13.8438865600,2050733,27634946.0000,0.721629,1
2018-07-24,sh.601020,14.0171900000,14.1701048000,13.7827206400,14.0273843200,3603227,49634367.0000,1.267934,1
2018-07-25,sh.601020,14.1089388800,14.5167116800,13.8948581600,14.4045741600,6222015,87237145.0000,2.189455,1
2018-07-26,sh.601020,14.2516593600,14.4045741600,14.0987445600,14.1293275200,3676138,51312331.0000,1.293590,1
2018-07-27,sh.601020,14.3739912000,14.3739912000,14.0681616000,14.1904934400,3243820,45275774.0000,1.141462,1
2018-07-30,sh.601020,14.1599104800,14.1599104800,13.2526160000,13.4565024000,7473497,99744400.0000,2.629837,1
2018-07-31,sh.601020,13.4666967200,13.6501944800,13.2933932800,13.5788342400,2628483,34820570.0000,0.924933,1
2018-08-01,sh.601020,13.6400001600,13.7113604000,13.1506728000,13.2118387200,2827975,37147460.0000,0.995131,1
2018-08-02,sh.601020,13.1914500800,13.1914500800,12.1414351200,12.6409568000,4296100,53160852.0000,1.511748,1
2018-08-03,sh.601020,12.7123170400,12.7123170400,12.2943499200,12.3147385600,2109201,25707094.0000,0.742203,1
2018-08-06,sh.601020,12.3147385600,12.3249328800,11.8356055200,11.8967714400,1975742,23358444.0000,0.695241,1
2018-08-07,sh.601020,11.9375487200,12.3147385600,11.8254112000,12.2841556000,3611456,42851274.0000,1.270829,1
2018-08-08,sh.601020,12.2331840000,12.2535726400,11.9273544000,12.0191032800,2858404,33946897.0000,1.005839,1
2018-08-09,sh.601020,11.8661884800,12.2841556000,11.8356055200,12.1618237600,5470906,65125343.0000,1.925148,1
2018-08-10,sh.601020,12.0904635200,12.5390136000,12.0394919200,12.3555158400,4378994,52762470.0000,1.540917,1
2018-08-13,sh.601020,11.8967714400,12.0700748800,11.7234680000,12.0394919200,3254903,38087049.0000,1.145362,1
2018-08-14,sh.601020,12.0394919200,12.1108521600,11.9579373600,12.0700748800,2259189,26669510.0000,0.794982,1
2018-08-15,sh.601020,12.2026010400,12.2026010400,11.6724964000,11.7030793600,2506200,29165901.0000,0.881903,1
2018-08-16,sh.601020,11.5603588800,11.6724964000,11.3462781600,11.4788043200,1968341,22223535.0000,0.692636,1
2018-08-17,sh.601020,11.6724964000,11.7030793600,11.1933633600,11.2035576800,2265000,25369006.0000,0.797027,1
2018-08-20,sh.601020,11.1627804000,11.3972497600,11.1525860800,11.3870554400,1576923,17477730.0000,0.554901,1
2018-08-21,sh.601020,11.4380270400,11.6011361600,11.3666668000,11.4482213600,1759000,19834041.0000,0.618972,1
2018-08-22,sh.601020,11.4482213600,11.5501645600,11.3462781600,11.3462781600,1478664,16595259.0000,0.520325,1
2018-08-23,sh.601020,11.4176384000,11.6011361600,11.2647236000,11.4176384000,2135164,23876234.0000,0.751339,1
2018-08-24,sh.601020,11.3666668000,11.3972497600,11.2137520000,11.2341406400,2254353,24959923.0000,0.793281,1
2018-08-27,sh.601020,11.2749179200,11.5501645600,11.2341406400,11.5501645600,3106715,34766893.0000,1.093217,1
2018-08-28,sh.601020,11.5093872800,11.6928850400,11.4278327200,11.4686100000,3632098,41086931.0000,1.278093,1
2018-08-29,sh.601020,11.4482213600,11.5399702400,11.3768611200,11.4686100000,2643326,29718126.0000,0.930156,1
2018-08-30,sh.601020,11.4176384000,11.5093872800,11.1627804000,11.1933633600,2636289,29308279.0000,0.927679,1
2018-08-31,sh.601020,11.2137520000,11.3768611200,11.2035576800,11.2953065600,1978849,21883108.0000,0.696334,1
2018-09-03,sh.601020,11.2341406400,11.2851122400,10.5103439200,10.7244246400,3820101,40256477.0000,1.344249,1
2018-09-04,sh.601020,10.6836473600,10.8365621600,10.6224814400,10.7652019200,2953638,31117391.0000,1.039351,1
2018-09-05,sh.601020,10.6836473600,10.8773394400,10.5511212000,10.5817041600,2733811,28791290.0000,0.961996,1
2018-09-06,sh.601020,10.5715098400,10.7448132800,10.4491780000,10.5307325600,1771200,18389028.0000,0.623265,1
2018-09-07,sh.601020,10.6938416800,10.7550076000,10.5001496000,10.5817041600,2242754,23303592.0000,0.789199,1
2018-09-10,sh.601020,10.5613155200,10.5817041600,10.0719881600,10.1943200000,3375581,33837608.0000,1.187828,1
2018-09-11,sh.601020,10.1433484000,10.2554859200,9.9904336000,10.1331540800,3573578,35346513.0000,1.257501,1
2018-09-12,sh.601020,10.1331540800,10.3574291200,10.0515995200,10.3268461600,4063547,40791016.0000,1.429915,1
2018-09-13,sh.601020,10.4797609600,10.5103439200,10.1739313600,10.2554859200,3681431,37166832.0000,1.295453,1
2018-09-14,sh.601020,10.2147086400,10.4287893600,10.2147086400,10.2656802400,3263829,33018464.0000,1.148503,1
2018-09-17,sh.601020,10.2249029600,10.2249029600,9.5520778400,9.6540210400,4072063,39217932.0000,1.432912,1
2018-09-18,sh.601020,9.6336324000,10.1943200000,9.5418835200,10.1331540800,4622536,45082871.0000,1.626617,1
2018-09-19,sh.601020,10.2249029600,10.5817041600,10.2147086400,10.3472348000,4913002,50156331.0000,1.728828,1
2018-09-20,sh.601020,10.3982064000,10.6122871200,10.3778177600,10.4287893600,3690053,37916864.0000,1.298487,1
2018-09-21,sh.601020,10.5409268800,10.5511212000,10.2554859200,10.4287893600,3306533,33763131.0000,1.163530,1
2018-09-25,sh.601020,10.4899552800,10.5817041600,10.3472348000,10.4185950400,2171300,22255133.0000,0.764055,1
2018-09-26,sh.601020,10.4185950400,10.5103439200,10.3574291200,10.4084007200,2137099,21885050.0000,0.752020,1
2018-09-27,sh.601020,10.3982064000,11.1831690400,10.2452916000,10.5409268800,5980820,62623823.0000,2.104581,1
2018-09-28,sh.601020,10.5205382400,10.5205382400,10.2249029600,10.3370404800,5386115,54370478.0000,1.895311,1
2018-10-08,sh.601020,9.8986847200,10.0923768000,9.6438267200,9.7151869600,4474310,43337349.0000,1.574458,1
2018-10-09,sh.601020,9.7457699200,10.0515995200,9.6642153600,9.8986847200,3081010,29830657.0000,1.084172,1
2018-10-10,sh.601020,9.9190733600,10.0210165600,9.7355756000,9.8681017600,2305983,22404281.0000,0.811449,1
2018-10-11,sh.601020,9.5418835200,9.5622721600,8.8792527200,8.8996413600,4777300,42975709.0000,1.681076,1
2018-10-12,sh.601020,9.0219732000,9.0219732000,8.3083708000,8.6651720000,3184203,27235261.0000,1.120484,1
2018-10-15,sh.601020,8.6447833600,8.9404186400,8.5122572000,8.5224515200,2162638,18518505.0000,0.761007,1
2018-10-16,sh.601020,8.5632288000,8.7161436000,8.3287594400,8.3797310400,2091000,17467373.0000,0.735799,1
2018-10-17,sh.601020,8.5020628800,8.5938117600,8.3695367200,8.5632288000,2306826,19215513.0000,0.811745,1
2018-10-18,sh.601020,8.5632288000,8.5632288000,8.0739014400,8.1350673600,3129172,25165980.0000,1.101119,1
2018-10-19,sh.601020,7.9005980000,8.2777878400,7.7476832000,8.2268162400,2806901,22273832.0000,0.987716,1
2018-10-22,sh.601020,8.2370105600,8.7671152000,8.2370105600,8.6345890400,4239862,35592879.0000,1.491958,1
2018-10-23,sh.601020,8.5938117600,8.7263379200,8.4714799200,8.5428401600,3142190,26494103.0000,1.105700,1
2018-10-24,sh.601020,8.5632288000,9.1137220800,8.4918685600,8.8588640800,5162609,44518128.0000,1.816662,1
2018-10-25,sh.601020,8.5224515200,8.7059492800,8.3593424000,8.6753663200,4433214,37122249.0000,1.559996,1
2018-10-26,sh.601020,8.6243947200,9.0525561600,8.6243947200,8.7875038400,4615853,39944827.0000,1.624265,1
2018-10-29,sh.601020,8.6957549600,8.7569208800,8.4918685600,8.5326458400,2826728,23888115.0000,0.994693,1
2018-10-30,sh.601020,8.5428401600,8.8180868000,8.4714799200,8.7263379200,3142092,26776242.0000,1.105666,1
2018-10-31,sh.601020,8.7671152000,9.6030494400,8.7263379200,9.2666368800,13054217,119404257.0000,4.593627,1
2018-11-01,sh.601020,9.1544993600,9.4093573600,9.1137220800,9.1646936800,8207977,74277600.0000,2.888292,1
2018-11-02,sh.601020,9.2870255200,9.3991630400,9.1544993600,9.3379971200,8625380,78522876.0000,3.035171,1
2018-11-05,sh.601020,9.4297460000,9.4501346400,9.1748880000,9.2768312000,8132952,74111722.0000,2.861891,1
2018-11-06,sh.601020,9.1850823200,9.3481914400,9.1748880000,9.3379971200,4771586,43317293.0000,1.679066,1
2018-11-07,sh.601020,9.4093573600,9.8273244800,9.3278028000,9.4195516800,9420729,88281918.0000,3.315045,1
2018-11-08,sh.601020,9.4297460000,9.5622721600,9.1544993600,9.1646936800,6129129,55946885.0000,2.156769,1
2018-11-09,sh.601020,9.1341107200,9.3481914400,9.1341107200,9.1952766400,4499849,40886889.0000,1.583444,1
2018-11-12,sh.601020,9.2156652800,9.3787744000,9.1748880000,9.3787744000,5089235,46333700.0000,1.790843,1
2018-11-13,sh.601020,9.2768312000,9.6030494400,9.1850823200,9.5214948800,9394069,86796035.0000,3.305664,1
2018-11-14,sh.601020,9.5214948800,9.6744096800,9.3787744000,9.3787744000,7527295,70298577.0000,2.648767,1
2018-11-15,sh.601020,9.3685800800,9.7049926400,9.3481914400,9.7049926400,7300050,68500928.0000,2.568803,1
2018-11-16,sh.601020,9.6846040000,9.9496563200,9.6438267200,9.8375188000,7436654,71664474.0000,2.616872,1
2018-11-19,sh.601020,9.8884904000,10.2554859200,9.8681017600,10.2249029600,10173285,100500630.0000,3.579861,1
2018-11-20,sh.601020,10.1739313600,10.1739313600,9.6438267200,9.6846040000,8315448,81098859.0000,2.926109,1
2018-11-21,sh.601020,9.5826608000,9.7049926400,9.3889687200,9.7049926400,5226510,49044205.0000,1.839148,1
2018-11-22,sh.601020,9.6744096800,9.7967415200,9.5622721600,9.5826608000,4346682,41184844.0000,1.529547,1
2018-11-23,sh.601020,9.5826608000,9.5928551200,8.9302243200,8.9913902400,6546484,59290464.0000,2.303632,1
2018-11-26,sh.601020,8.9913902400,9.1239164000,8.8384754400,8.8588640800,3462485,30452444.0000,1.218408,1
2018-11-27,sh.601020,8.9608072800,9.0729448000,8.8690584000,8.9913902400,3277343,28928471.0000,1.153259,1
2018-11-28,sh.601020,9.0219732000,9.3176084800,8.8282811200,9.2360539200,4411188,39351478.0000,1.552246,1
2018-11-29,sh.601020,9.2870255200,9.6744096800,9.2054709600,9.2258596000,7506733,69510348.0000,2.641532,1
2018-11-30,sh.601020,9.0525561600,9.1443050400,8.7365322400,9.1443050400,6599636,58282078.0000,2.322335,1
2018-12-03,sh.601020,9.3379971200,9.6132437600,9.2462482400,9.4399403200,7554288,69716024.0000,2.658266,1
2018-12-04,sh.601020,9.5622721600,9.5826608000,9.3278028000,9.4807176000,6817430,63152548.0000,2.398974,1
2018-12-05,sh.601020,9.2768312000,9.8782960800,9.2156652800,9.7967415200,12236848,115036945.0000,4.306004,1
2018-12-06,sh.601020,9.6744096800,9.6846040000,9.4297460000,9.5316892000,7567044,70984864.0000,2.662755,1
2018-12-07,sh.601020,9.4807176000,9.5724664800,9.3991630400,9.5214948800,3744057,34871649.0000,1.317490,1
2018-12-10,sh.601020,9.3787744000,9.4501346400,9.1850823200,9.2054709600,3927156,35746278.0000,1.381920,1
2018-12-11,sh.601020,9.2360539200,9.3176084800,9.1850823200,9.2666368800,2665953,24174111.0000,0.938118,1
2018-12-12,sh.601020,9.2462482400,9.4909119200,9.2462482400,9.3889687200,3763357,34698616.0000,1.324282,1
2018-12-13,sh.601020,9.3787744000,9.6030494400,9.3379971200,9.4399403200,4615637,42977058.0000,1.624189,1
2018-12-14,sh.601020,9.4399403200,9.5826608000,9.1952766400,9.2156652800,4689676,43078732.0000,1.650242,1
2018-12-17,sh.601020,9.2258596000,9.3379971200,9.0933334400,9.2666368800,3133076,28334230.0000,1.102493,1
2018-12-18,sh.601020,9.2258596000,9.2462482400,8.8588640800,8.9506129600,5272700,46574927.0000,1.855402,1
2018-12-19,sh.601020,8.9404186400,8.9913902400,8.7365322400,8.8588640800,3462240,30093890.0000,1.218322,1
2018-12-20,sh.601020,8.8588640800,8.9710016000,8.7875038400,8.9098356800,2622194,22922111.0000,0.922720,1
2018-12-21,sh.601020,8.9200300000,8.9404186400,8.7773095200,8.8384754400,2253600,19594105.0000,0.793016,1
2018-12-24,sh.601020,8.7467265600,8.9608072800,8.7467265600,8.8486697600,2924688,25353759.0000,1.029164,1
2018-12-25,sh.601020,8.7365322400,8.7365322400,8.2064276000,8.4714799200,5646219,46602741.0000,1.986839,1
2018-12-26,sh.601020,8.4714799200,8.6753663200,8.4612856000,8.5836174400,3658756,30755449.0000,1.287474,1
2018-12-27,sh.601020,8.7161436000,8.8384754400,8.4205083200,8.4307026400,3481713,29609678.0000,1.225174,1
2018-12-28,sh.601020,8.4307026400,8.7671152000,8.4307026400,8.6243947200,3301948,27937598.0000,1.161917,1
2019-01-02,sh.601020,8.6345890400,8.6855606400,8.5122572000,8.5632288000,2026101,17115939.0000,0.712961,1
2019-01-03,sh.601020,8.6040060800,8.8588640800,8.4612856000,8.7059492800,4470921,38196872.0000,1.573265,1
2019-01-04,sh.601020,8.5428401600,9.0423618400,8.4714799200,8.9811959200,6384162,55329806.0000,2.246512,1
2019-01-07,sh.601020,9.0015845600,9.5113005600,8.8996413600,9.3685800800,9045077,81643694.0000,3.182857,1
2019-01-08,sh.601020,9.2156652800,9.2870255200,9.0219732000,9.0423618400,7044791,63062075.0000,2.478980,1
2019-01-09,sh.601020,8.9098356800,9.2462482400,8.3185651200,8.9811959200,6302202,56271753.0000,2.217672,1
2019-01-10,sh.601020,8.9506129600,9.2360539200,8.9506129600,9.0729448000,5110996,45676894.0000,1.798500,1
2019-01-11,sh.601020,9.0933334400,9.2462482400,9.0423618400,9.1748880000,4593693,41220760.0000,1.616467,1
2019-01-14,sh.601020,9.2054709600,9.3583857600,9.1341107200,9.3176084800,6127959,55777221.0000,2.156357,1
2019-01-15,sh.601020,9.3991630400,9.3991630400,8.9404186400,9.1239164000,7671109,68226303.0000,2.699374,1
2019-01-16,sh.601020,9.0627504800,9.0627504800,8.9404186400,8.9710016000,4050079,35735802.0000,1.425176,1
2019-01-17,sh.601020,8.9608072800,9.1646936800,8.8894470400,8.9506129600,4367296,38559029.0000,1.536801,1
2019-01-18,sh.601020,8.9913902400,9.5928551200,8.9608072800,9.4807176000,15372429,140681920.0000,5.409379,1
2019-01-21,sh.601020,9.4603289600,9.6030494400,9.3074141600,9.4909119200,11260883,104556468.0000,3.962574,1
2019-01-22,sh.601020,9.5826608000,9.6540210400,9.2258596000,9.3583857600,8511306,78594785.0000,2.995030,1
2019-01-23,sh.601020,9.2870255200,9.3176084800,9.1341107200,9.1748880000,6684788,60464437.0000,2.352299,1
2019-01-24,sh.601020,9.1137220800,9.2156652800,9.0219732000,9.1341107200,5224900,46753164.0000,1.838581,1
2019-01-25,sh.601020,9.1544993600,9.1544993600,8.7671152000,8.7671152000,8315436,72694423.0000,2.926105,1
2019-01-28,sh.601020,8.8282811200,8.9098356800,8.6447833600,8.7059492800,4480659,38631339.0000,1.576692,1
2019-01-29,sh.601020,8.6855606400,8.6855606400,8.2981764800,8.4612856000,4156953,34517702.0000,1.462783,1
2019-01-30,sh.601020,8.4714799200,8.7161436000,8.4408969600,8.5224515200,3236900,27142813.0000,1.139027,1
2019-01-31,sh.601020,8.5326458400,8.6142004000,8.1860389600,8.2981764800,3899443,32102265.0000,1.372169,1
2019-02-01,sh.601020,8.3287594400,8.6447833600,8.3287594400,8.6040060800,2595827,21708722.0000,0.913441,1
2019-02-11,sh.601020,8.6447833600,8.8894470400,8.6447833600,8.8792527200,4267374,36915399.0000,1.501639,1
2019-02-12,sh.601020,8.9200300000,8.9608072800,8.8384754400,8.9404186400,3853380,33653014.0000,1.355960,1
2019-02-13,sh.601020,8.9404186400,9.1035277600,8.8486697600,9.0627504800,8224762,72609589.0000,2.894198,1
2019-02-14,sh.601020,9.0321675200,9.0831391200,8.9404186400,9.0321675200,4624103,40883726.0000,1.627168,1
2019-02-15,sh.601020,8.9811959200,9.1443050400,8.9811959200,9.0219732000,4557100,40480662.0000,1.603590,1
2019-02-18,sh.601020,9.0321675200,9.3278028000,9.0219732000,9.3278028000,7111880,64239610.0000,2.502588,1
2019-02-19,sh.601020,9.3481914400,9.4399403200,9.1952766400,9.3278028000,7647093,69768390.0000,2.690923,1
2019-02-20,sh.601020,9.3991630400,9.8375188000,9.3176084800,9.5928551200,14286469,134355286.0000,5.027242,1
2019-02-21,sh.601020,9.6540210400,9.6947983200,9.4297460000,9.6132437600,11337742,106389462.0000,3.989619,1
2019-02-22,sh.601020,9.5113005600,9.6744096800,9.3991630400,9.6744096800,8832194,82673378.0000,3.107946,1
2019-02-25,sh.601020,9.7457699200,10.6428700800,9.7457699200,10.6428700800,22973430,233763702.0000,8.084083,1
2019-02-26,sh.601020,10.8161735200,11.4991929600,10.6020928000,11.0506428800,25940346,282163161.0000,9.128106,1
2019-02-27,sh.601020,10.9486996800,11.0404485600,10.6632587200,10.7652019200,14658193,155755855.0000,5.158047,1
2019-02-28,sh.601020,10.7244246400,10.8773394400,10.5613155200,10.7957848800,9323450,98001676.0000,3.280814,1
2019-03-01,sh.601020,10.8467564800,10.8977280800,10.5613155200,10.7142303200,7917219,82990133.0000,2.785977,1
2019-03-04,sh.601020,10.7346189600,11.2851122400,10.7346189600,10.9486996800,15172883,163648312.0000,5.339161,1
2019-03-05,sh.601020,10.8059792000,11.2545292800,10.7040360000,11.2239463200,11568440,124608224.0000,4.070799,1
2019-03-06,sh.601020,11.3666668000,12.1822124000,11.3462781600,11.5909418400,17059263,194365745.0000,6.002956,1
2019-03-07,sh.601020,11.5093872800,12.2841556000,11.3055008800,11.8763828000,15871748,184493633.0000,5.585083,1
2019-03-08,sh.601020,11.5297759200,11.6724964000,10.9588940000,10.9588940000,15764205,175325773.0000,5.547240,1
2019-03-11,sh.601020,10.9690883200,11.3258895200,10.9690883200,11.3258895200,8018942,87906029.0000,2.821772,1
2019-03-12,sh.601020,11.4380270400,11.5705532000,11.0098656000,11.3055008800,10969886,122433892.0000,3.860175,1
2019-03-13,sh.601020,11.2953065600,11.4991929600,11.0200599200,11.0608372000,9394885,103686441.0000,3.305951,1
2019-03-14,sh.601020,10.8059792000,11.3564724800,10.8059792000,10.9690883200,7680935,83109174.0000,2.702832,1
2019-03-15,sh.601020,10.9894769600,11.1831690400,10.8773394400,10.9894769600,6978091,75415550.0000,2.455509,1
2019-03-18,sh.601020,11.1016144800,11.4482213600,11.0302542400,11.4380270400,11190010,124308614.0000,3.937634,1
2019-03-19,sh.601020,11.4686100000,11.6419134400,11.3666668000,11.5909418400,12253001,138056439.0000,4.311688,1
2019-03-20,sh.601020,11.5195816000,11.9069657600,11.3360838400,11.6724964000,12157703,138483993.0000,4.278154,1
2019-03-21,sh.601020,11.8254112000,11.9273544000,11.4889986400,11.6215248000,10944230,125278271.0000,3.851147,1
2019-03-22,sh.601020,11.6317191200,11.6317191200,11.1423917600,11.3768611200,9400786,104644992.0000,3.308027,1
2019-03-25,sh.601020,11.1627804000,11.3768611200,11.0710315200,11.1220031200,6462700,71189647.0000,2.274149,1
2019-03-26,sh.601020,11.1627804000,11.2953065600,10.7040360000,10.7855905600,7683755,83123051.0000,2.703824,1
2019-03-27,sh.601020,10.8671451200,10.9588940000,10.5613155200,10.9079224000,5273405,55818850.0000,1.855650,1
2019-03-28,sh.601020,10.8569508000,10.9792826400,10.5613155200,10.5817041600,4550232,48161157.0000,1.601174,1
2019-03-29,sh.601020,10.6122871200,11.0710315200,10.4797609600,11.0302542400,7418830,78961713.0000,2.610600,1
2019-04-01,sh.601020,11.0710315200,11.9783260000,11.0710315200,11.7336623200,13327961,152018535.0000,4.689954,1
2019-04-02,sh.601020,11.7132736800,12.2127953600,11.6317191200,12.0802692000,16569958,194057307.0000,5.830775,1
2019-04-03,sh.601020,12.0496862400,12.6205681600,11.9069657600,12.4370704000,17069025,206843743.0000,6.006391,1
2019-04-04,sh.601020,12.5390136000,12.7225113600,12.2331840000,12.4064874400,13367000,163046253.0000,4.703692,1
2019-04-08,sh.601020,12.4880420000,12.8856204800,12.1210464800,12.4574590400,13902696,170727722.0000,4.892197,1
2019-04-09,sh.601020,12.5390136000,12.6001795200,12.2535726400,12.4064874400,8621823,105113905.0000,3.033919,1
2019-04-10,sh.601020,12.3453215200,12.6409568000,12.1516294400,12.4982363200,8699029,105931971.0000,3.061087,1
2019-04-11,sh.601020,12.4472647200,12.6205681600,12.0191032800,12.0394919200,8051327,96757838.0000,2.833168,1
2019-04-12,sh.601020,12.1924067200,12.5797908800,12.1108521600,12.2127953600,8862524,107190813.0000,3.118619,1
2019-04-15,sh.601020,12.4676533600,12.8448432000,12.2739612800,12.6001795200,14689227,181290709.0000,5.168968,1
2019-04-16,sh.601020,12.4064874400,13.2322273600,12.0598805600,13.2016444000,19616155,246060468.0000,6.902697,1
2019-04-17,sh.601020,12.9467864000,13.1710614400,12.7530943200,12.8244545600,12943694,164067922.0000,4.554735,1
2019-04-18,sh.601020,12.8040659200,13.0487296000,12.5390136000,12.5695965600,7988589,100031753.0000,2.811091,1
2019-04-19,sh.601020,12.5899852000,12.6817340800,12.3045442400,12.5186249600,6456860,79046034.0000,2.272094,1
2019-04-22,sh.601020,12.2535726400,12.3453215200,11.8356055200,11.8559941600,9600608,113695385.0000,3.378342,1
2019-04-23,sh.601020,11.8050225600,11.9885203200,11.6826907200,11.7336623200,6009451,69819095.0000,2.114656,1
2019-04-24,sh.601020,11.8559941600,11.8661884800,11.6113304800,11.8559941600,4404529,50793871.0000,1.549902,1
2019-04-25,sh.601020,11.7948282400,11.8356055200,11.0404485600,11.1118088000,6954717,78167759.0000,2.447284,1
2019-04-26,sh.601020,11.0302542400,11.2953065600,10.9486996800,11.0302542400,5117114,55966763.0000,1.800653,1
2019-04-29,sh.601020,11.0914201600,11.1831690400,10.5511212000,10.6020928000,4923231,52016129.0000,1.732428,1
2019-04-30,sh.601020,10.6122871200,10.8467564800,10.5205382400,10.6224814400,3439437,36090544.0000,1.210298,1
2019-05-06,sh.601020,10.2962632000,10.3166518400,9.5622721600,9.6438267200,7574653,74084885.0000,2.665432,1
2019-05-07,sh.601020,9.6540210400,9.9700449600,9.6234380800,9.8375188000,5255544,50645128.0000,1.849365,1
2019-05-08,sh.601020,9.6846040000,10.2249029600,9.5316892000,10.0414052000,5199524,51139347.0000,1.829652,1
2019-05-09,sh.601020,9.9496563200,10.2147086400,9.9088790400,10.0210165600,3322975,32925267.0000,0.635537,1
2019-05-10,sh.601020,10.0210165600,10.2758745600,9.8273244800,10.1739313600,4809700,47590600.0000,0.919881,1
2019-05-13,sh.601020,10.0617938400,10.1637370400,9.7967415200,9.9292676800,3502689,34193450.0000,0.669908,1
2019-05-14,sh.601020,9.8273244800,10.0414052000,9.6744096800,9.8782960800,3828579,37013161.0000,0.732236,1
2019-05-15,sh.601020,9.8884904000,10.0006279200,9.8375188000,9.9598506400,3330228,32375150.0000,0.636924,1
2019-05-16,sh.601020,9.8986847200,10.3472348000,9.8986847200,10.2656802400,6620540,66299977.0000,1.266214,1
2019-05-17,sh.601020,10.2350972800,10.2758745600,9.6132437600,9.8375188000,5910491,57724044.0000,1.130413,1
2019-05-20,sh.601020,9.8069358400,9.8069358400,9.2360539200,9.5418835200,4639270,42971132.0000,0.887285,1
2019-05-21,sh.601020,9.5418835200,10.0617938400,9.4297460000,10.0312108800,5978305,57828266.0000,1.143383,1
2019-05-22,sh.601020,10.0719881600,10.2758745600,9.7865472000,10.0108222400,5408923,53075465.0000,1.034486,1
2019-05-23,sh.601020,10.0108222400,10.0108222400,9.6234380800,9.7865472000,3553901,34137268.0000,0.679703,1
2019-05-24,sh.601020,9.6336324000,9.8884904000,9.6234380800,9.7661585600,2921184,27908120.0000,0.558692,1
2019-05-27,sh.601020,9.8579074400,10.0923768000,9.7049926400,10.0006279200,4135681,40168762.0000,0.790971,1
2019-05-28,sh.601020,9.9904336000,10.0006279200,9.8375188000,9.9394620000,4313700,41929994.0000,0.825018,1
2019-05-29,sh.601020,9.9394620000,10.6530644000,9.8884904000,10.2860688800,7999011,80782107.0000,1.529854,1
2019-05-30,sh.601020,10.2757839300,11.0369531100,10.1009207400,10.8003735000,12187921,125474387.0000,2.331006,1
2019-05-31,sh.601020,11.0266670400,11.2838187900,10.5740799600,10.9958088300,14679832,156511052.0000,2.807597,1
2019-06-03,sh.601020,10.8518038500,10.9958088300,10.4197889100,10.4300749800,7954666,82246951.0000,1.521373,1
2019-06-04,sh.601020,10.5123635400,10.5740799600,10.1009207400,10.2552117900,5081823,50956255.0000,0.971926,1
2019-06-05,sh.601020,10.3375003500,10.4197889100,10.1112068100,10.1626371600,4539000,45183463.0000,0.868108,1
2019-06-06,sh.601020,10.1626371600,10.3272142800,9.8026247100,10.0392043200,4882531,47749714.0000,0.933810,1
2019-06-10,sh.601020,10.0289182500,10.2140675100,9.7203361500,10.1214928800,4807045,46724371.0000,0.919373,1
2019-06-11,sh.601020,10.1317789500,10.6255103100,10.0392043200,10.4712192600,8314000,84518943.0000,1.590097,1
2019-06-12,sh.601020,10.6357963800,11.1398138100,10.5535078200,10.9443784800,14632868,154684092.0000,2.798615,1
2019-06-13,sh.601020,10.9855227600,12.0347019000,10.8003735000,11.4689680500,24237290,270758091.0000,4.635513,1
2019-06-14,sh.601020,11.4175377000,11.8804108500,11.0163809700,11.3969655600,19607939,217012539.0000,3.750124,1
2019-06-17,sh.601020,11.2118163000,11.6232591000,10.9855227600,11.1398138100,12024917,131515818.0000,2.299830,1
2019-06-18,sh.601020,11.1295277400,11.2118163000,10.6563685200,11.0266670400,10901933,115310800.0000,2.085054,1
2019-06-19,sh.601020,11.0678113200,11.1912441600,10.9032342000,11.0060949000,10592095,113845625.0000,2.025795,1
2019-06-20,sh.601020,11.0678113200,11.2221023700,10.9238063400,11.1603859500,11028729,118908936.0000,2.109304,1
2019-06-21,sh.601020,11.2015302300,11.5718287500,11.0678113200,11.2941048600,12368641,136296722.0000,2.365569,1
2019-06-24,sh.601020,11.2941048600,11.6541173100,11.1912441600,11.5306844700,9321124,103722205.0000,1.782715,1
2019-06-25,sh.601020,11.5718287500,11.9524133400,11.3352491400,11.9421272700,22089221,251407727.0000,4.224683,1
2019-06-26,sh.601020,11.7466919400,12.1992790200,11.5512566100,12.0758461800,19505400,223901450.0000,3.730513,1
2019-06-27,sh.601020,11.9215551300,12.4667168400,11.7466919400,12.4255725600,20355025,239838294.0000,3.893009,1
2019-06-28,sh.601020,12.4461447000,13.1455974600,12.0552740400,12.0552740400,29694781,366388040.0000,5.679287,1
2019-07-01,sh.601020,11.8495526400,12.0038436900,11.4792541200,11.9318412000,20705006,235415513.0000,3.959944,1
2019-07-02,sh.601020,11.8186944300,11.9421272700,11.5615426800,11.6438312400,14564422,166527064.0000,2.785524,1
2019-07-03,sh.601020,11.8084083600,11.8701247800,11.5101123300,11.5821148200,9587101,108999518.0000,1.833585,1
2019-07-04,sh.601020,11.5203984000,11.6438312400,11.2632466500,11.3352491400,7928012,88119682.0000,1.516275,1
2019-07-05,sh.601020,11.3352491400,11.5718287500,11.2221023700,11.5203984000,5973504,66024472.0000,1.142465,1
2019-07-08,sh.601020,11.4072516300,11.4689680500,10.9135202700,10.9546645500,6020567,64888484.0000,1.151466,1
2019-07-09,sh.601020,10.9649506200,11.1706720200,10.8003735000,11.0369531100,5175593,55207360.0000,0.989860,1
2019-07-10,sh.601020,11.0060949000,11.0780973900,10.7386570800,10.8312317100,4033212,42624394.0000,0.771374,1
2019-07-11,sh.601020,11.0369531100,11.1603859500,10.8723759900,11.0780973900,6743981,72169871.0000,1.289823,1
2019-07-12,sh.601020,10.9238063400,11.2529605800,10.8312317100,11.1398138100,6270800,67496851.0000,1.199324,1
2019-07-15,sh.601020,11.1089556000,11.2221023700,10.8518038500,11.1398138100,6043442,65046854.0000,1.155841,1
2019-07-16,sh.601020,11.0883834600,11.4998262600,11.0780973900,11.4586819800,8190614,90422363.0000,1.566499,1
2019-07-17,sh.601020,11.4278237700,11.6541173100,11.4278237700,11.5409705400,9325070,104708806.0000,1.783470,1
2019-07-18,sh.601020,11.8289805000,12.1889929500,11.5101123300,11.5101123300,18303346,211202515.0000,3.500614,1
2019-07-19,sh.601020,11.6849755200,11.7055476600,11.1706720200,11.1706720200,11850961,130866691.0000,2.266560,1
2019-07-22,sh.601020,10.8620899200,10.9032342000,10.0494903900,10.0494903900,14295039,141672276.0000,2.734003,1
2019-07-23,sh.601020,9.7511943600,10.0289182500,9.2368908600,9.9672018300,11443714,106811448.0000,2.188672,1
2019-07-24,sh.601020,9.8437689900,10.0906346700,9.7717665000,9.9054854100,6611500,63812747.0000,1.264485,1
2019-07-25,sh.601020,9.8746272000,9.9672018300,9.7203361500,9.8026247100,4422800,42090096.0000,0.845884,1
2019-07-26,sh.601020,9.7717665000,9.7717665000,9.5660451000,9.6689058000,5193651,48668469.0000,0.993300,1
2019-07-29,sh.601020,9.6997640100,9.7409082900,9.5969033100,9.5969033100,2999600,28114423.0000,0.573690,1
2019-07-30,sh.601020,9.6483336600,9.7100500800,9.5454729600,9.6791918700,3489500,32748618.0000,0.667400,1
2019-07-31,sh.601020,9.5454729600,10.0494903900,9.4631844000,9.9774879000,9106633,87183665.0000,1.741700,1
2019-08-01,sh.601020,9.8231968500,10.1009207400,9.7511943600,9.9260575500,5532400,53270523.0000,1.058100,1
2019-08-02,sh.601020,9.9260575500,10.1626371600,9.7511943600,9.9672018300,6286400,60657816.0000,1.202300,1
2019-08-05,sh.601020,9.9466296900,10.2552117900,9.8540550600,10.2037814400,10697412,105165402.0000,2.045900,1
2019-08-06,sh.601020,10.2654978600,10.3889307000,9.4220401200,9.7100500800,11012700,105775811.0000,2.106200,1
2019-08-07,sh.601020,9.6689058000,9.9980600400,9.5763311700,9.8849132700,8176900,78628662.0000,1.563900,1
2019-08-08,sh.601020,10.0700625300,10.0803486000,9.7306222200,9.8849132700,6676551,64024583.0000,1.276900,1
2019-08-09,sh.601020,9.7923386400,10.1523510900,9.7203361500,9.8643411300,7009122,67529767.0000,1.340500,1
2019-08-12,sh.601020,9.9157714800,9.9569157600,9.6894779400,9.8334829200,4615300,44061794.0000,0.882700,1
2019-08-13,sh.601020,9.8643411300,10.0803486000,9.8334829200,10.0186321800,8678400,84154134.0000,1.659800,1
2019-08-14,sh.601020,9.8746272000,9.8746272000,9.7306222200,9.8334829200,6461500,61453969.0000,1.235800,1
2019-08-15,sh.601020,9.8334829200,9.8540550600,9.5969033100,9.7614804300,4600600,43556640.0000,0.879900,1
2019-08-16,sh.601020,9.7409082900,9.8437689900,9.6791918700,9.7409082900,4070681,38547126.0000,0.778500,1
2019-08-19,sh.601020,9.7409082900,9.8231968500,9.6174754500,9.8129107800,5878596,55609587.0000,1.124300,1
2019-08-20,sh.601020,9.8231968500,10.1523510900,9.7923386400,10.0803486000,8300196,80567646.0000,1.587500,1
2019-08-21,sh.601020,10.0392043200,10.0494903900,9.9054854100,9.9980600400,3652696,35408758.0000,0.698600,1
2019-08-22,sh.601020,9.9672018300,10.1214928800,9.8849132700,10.0083461100,3241548,31541896.0000,0.620000,1
2019-08-23,sh.601020,10.0186321800,10.0597764600,9.9157714800,9.9774879000,2772600,26888913.0000,0.530300,1
2019-08-26,sh.601020,10.0700625300,10.0700625300,9.8849132700,9.9363436200,4092294,39648485.0000,0.782700,1
2019-08-27,sh.601020,9.9363436200,10.0289182500,9.8746272000,9.9774879000,4586394,44363828.0000,0.877200,1
2019-08-28,sh.601020,10.0289182500,10.1009207400,9.9466296900,10.0597764600,5210400,50759319.0000,0.996500,1
2019-08-29,sh.601020,10.0392043200,10.0700625300,9.9157714800,10.0083461100,4070500,39533399.0000,0.778500,1
2019-08-30,sh.601020,9.9877739700,9.9877739700,9.6483336600,9.6483336600,7059644,67207278.0000,1.350200,1
2019-09-02,sh.601020,9.6997640100,9.9054854100,9.6586197300,9.8540550600,4886786,46629174.0000,0.934600,1
2019-09-03,sh.601020,9.8951993400,9.9054854100,9.7717665000,9.8129107800,2701372,25752020.0000,0.516700,1
2019-09-04,sh.601020,9.8746272000,10.1626371600,9.8746272000,10.1317789500,10670917,104215708.0000,2.040900,1
2019-09-05,sh.601020,10.1420650200,10.5535078200,10.0392043200,10.3272142800,13797006,138613772.0000,2.638800,1
2019-09-06,sh.601020,10.2552117900,10.5329356800,10.2140675100,10.3580724900,9347024,93906910.0000,1.787700,1
2019-09-09,sh.601020,10.4197889100,10.5535078200,10.2860700000,10.5020774700,8655507,88098586.0000,1.655400,1
2019-09-10,sh.601020,10.5020774700,10.7900874300,10.4197889100,10.7180849400,8649076,89528324.0000,1.654200,1
2019-09-11,sh.601020,10.6975128000,10.7798013600,10.5637938900,10.5637938900,6490120,67187961.0000,1.241300,1
2019-09-12,sh.601020,10.5946521000,10.6872267300,10.4815053300,10.6255103100,3710206,38217180.0000,0.709600,1
2019-09-16,sh.601020,10.6357963800,10.6769406600,10.4712192600,10.5226496100,5033461,51617489.0000,0.962700,1
2019-09-17,sh.601020,10.5123635400,10.5123635400,10.1626371600,10.2140675100,5457130,54549320.0000,1.043700,1
2019-09-18,sh.601020,10.2963560700,10.2963560700,10.1112068100,10.1832093000,3059447,30373834.0000,0.585100,1
2019-09-19,sh.601020,10.1832093000,10.3066421400,10.0392043200,10.3066421400,4532861,44871779.0000,0.866900,1
2019-09-20,sh.601020,10.3169282100,10.3272142800,9.9980600400,10.2449257200,7393200,73274925.0000,1.414000,1
2019-09-23,sh.601020,10.2037814400,10.2243535800,10.0392043200,10.1523510900,3377320,33207269.0000,0.645900,1
2019-09-24,sh.601020,10.1317789500,10.2654978600,10.0906346700,10.1729232300,3037283,30050872.0000,0.580900,1
2019-09-25,sh.601020,10.2346396500,10.2346396500,9.8951993400,9.9054854100,4344153,42274512.0000,0.830800,1
2019-09-26,sh.601020,9.9054854100,9.9569157600,9.4426122600,9.6277615200,5057562,47471237.0000,0.967300,1
2019-09-27,sh.601020,9.6380475900,9.6483336600,9.4631844000,9.5043286800,2858300,26552390.0000,0.546700,1
2019-09-30,sh.601020,9.5454729600,9.5660451000,9.2266047900,9.2368908600,4871151,44138885.0000,0.931600,1
2019-10-08,sh.601020,9.2163187200,9.3603237000,9.1854605100,9.2266047900,2524257,22718687.0000,0.482800,1
2019-10-09,sh.601020,9.2368908600,9.4323261900,9.2163187200,9.4117540500,2691899,24474146.0000,0.514800,1
2019-10-10,sh.601020,9.4220401200,9.4631844000,9.3500376300,9.4426122600,1789109,16378871.0000,0.342200,1
2019-10-11,sh.601020,9.4426122600,9.4528983300,9.2986072800,9.3911819100,1866049,16993330.0000,0.356900,1
2019-10-14,sh.601020,9.4426122600,9.6071893800,9.3911819100,9.5866172400,4031979,37180467.0000,0.771100,1
2019-10-15,sh.601020,9.5763311700,9.5763311700,9.3294654900,9.4220401200,2698347,24674740.0000,0.516100,1
2019-10-16,sh.601020,9.4220401200,9.4734704700,9.2677490700,9.2780351400,2254200,20472828.0000,0.431100,1
2019-10-17,sh.601020,9.3191794200,9.3808958400,9.2883212100,9.3500376300,1207157,10953748.0000,0.230900,1
2019-10-18,sh.601020,9.4014679800,9.4323261900,9.2471769300,9.2883212100,1715660,15590438.0000,0.328100,1
2019-10-21,sh.601020,9.3500376300,9.4220401200,9.0311694600,9.4014679800,3531200,31734452.0000,0.675400,1
2019-10-22,sh.601020,9.3911819100,9.3911819100,9.2574630000,9.3706097700,1830200,16570364.0000,0.350000,1
2019-10-23,sh.601020,9.3706097700,9.4220401200,9.2986072800,9.3294654900,1662000,15103131.0000,0.317900,1
2019-10-24,sh.601020,9.3294654900,9.3397515600,9.1854605100,9.2060326500,1599900,14356521.0000,0.306000,1
2019-10-25,sh.601020,9.1957465800,9.2780351400,9.1340301600,9.2368908600,2291700,20459143.0000,0.438300,1
2019-10-28,sh.601020,9.2060326500,9.4014679800,9.2060326500,9.3706097700,2407800,21797481.0000,0.460500,1
2019-10-29,sh.601020,9.4117540500,9.4220401200,9.2163187200,9.2471769300,2000599,18088707.0000,0.382600,1
2019-10-30,sh.601020,9.2574630000,9.2574630000,9.0105973200,9.0311694600,2446400,21575559.0000,0.467900,1
2019-10-31,sh.601020,9.1134580200,9.1546023000,8.9385948300,8.9694530400,1778860,15665998.0000,0.340200,1
2019-11-01,sh.601020,8.9694530400,9.1237440900,8.9694530400,9.0928858800,1488133,13077224.0000,0.284600,1
2019-11-04,sh.601020,9.1134580200,9.3191794200,9.0928858800,9.0928858800,2009700,17926545.0000,0.384400,1
2019-11-05,sh.601020,9.0825998100,9.1648883700,9.0003112500,9.1237440900,1722369,15200218.0000,0.329400,1
2019-11-06,sh.601020,9.1340301600,9.1340301600,8.8460202000,8.8768784100,2390689,20850385.0000,0.457200,1
2019-11-07,sh.601020,8.8460202000,9.0517416000,8.8151619900,8.9797391100,1803482,15752513.0000,0.344900,1
2019-11-08,sh.601020,9.0414555300,9.0723137400,8.9488809000,9.0517416000,2308700,20249651.0000,0.441600,1
2019-11-11,sh.601020,9.0003112500,9.0003112500,8.4654356100,8.6300127300,4030316,34016493.0000,0.770800,1
2019-11-12,sh.601020,8.6711570100,8.6917291500,8.4860077500,8.6505848700,2136000,17790705.0000,0.408500,1
2019-11-13,sh.601020,8.6402988000,9.1237440900,8.5785823800,8.8048759200,3782592,32348399.0000,0.723400,1
2019-11-14,sh.601020,8.7945898500,8.7945898500,8.6094405900,8.6814430800,2616400,22042820.0000,0.500400,1
2019-11-15,sh.601020,8.6711570100,8.7328734300,8.4654356100,8.7328734300,2474811,20754090.0000,0.473300,1
2019-11-18,sh.601020,8.7328734300,8.8563062700,8.5991545200,8.7740177100,2921000,24813970.0000,0.558700,1
2019-11-19,sh.601020,8.7740177100,9.1648883700,8.7740177100,8.9180226900,3549188,30759637.0000,0.678800,1
2019-11-20,sh.601020,8.9180226900,9.0208833900,8.8357341300,8.8974505500,4477384,38855753.0000,0.856300,1
2019-11-21,sh.601020,8.9283087600,8.9283087600,8.7123012900,8.7945898500,2814610,24033546.0000,0.538300,1
2019-11-22,sh.601020,8.8254480600,8.9077366200,8.6402988000,8.7534455700,4120973,35211141.0000,0.788200,1
2019-11-25,sh.601020,8.7225873600,9.1237440900,8.6711570100,9.1134580200,8767364,76267676.0000,1.676800,1
2019-11-26,sh.601020,8.9591669700,9.1237440900,8.9283087600,9.0208833900,5193617,45600526.0000,0.993300,1
2019-11-27,sh.601020,9.0208833900,9.1443162300,8.9694530400,9.0825998100,3676724,32447781.0000,0.703200,1
2019-11-28,sh.601020,9.1854605100,9.4631844000,8.7945898500,9.0311694600,6452154,56833055.0000,1.234000,1
2019-11-29,sh.601020,8.9488809000,8.9694530400,8.8048759200,8.8974505500,2446390,21116018.0000,0.467900,1
2019-12-02,sh.601020,8.9488809000,8.9488809000,8.7534455700,8.8254480600,2230847,19133044.0000,0.426700,1
2019-12-03,sh.601020,8.7328734300,8.9488809000,8.7328734300,8.8768784100,1969404,16957970.0000,0.376700,1
2019-12-04,sh.601020,8.8665923400,9.2368908600,8.7945898500,9.1443162300,8629721,76073202.0000,1.650500,1
2019-12-05,sh.601020,9.1340301600,9.1340301600,9.0208833900,9.1031719500,4034522,35599443.0000,0.771600,1
2019-12-06,sh.601020,9.1443162300,9.1648883700,9.0311694600,9.0928858800,3561872,31446372.0000,0.681200,1
2019-12-09,sh.601020,9.0311694600,9.0928858800,8.9900251800,9.0825998100,3487921,30675331.0000,0.667100,1
2019-12-10,sh.601020,9.0311694600,9.2060326500,9.0105973200,9.0825998100,3448138,30532906.0000,0.659500,1
2019-12-11,sh.601020,9.0723137400,9.0723137400,8.8974505500,8.8974505500,4239015,36962214.0000,0.810700,1
2019-12-12,sh.601020,8.9283087600,8.9694530400,8.7740177100,8.7740177100,3529990,30337652.0000,0.675100,1
2019-12-13,sh.601020,8.8151619900,8.8563062700,8.7637316400,8.8254480600,2744400,23537922.0000,0.524900,1
2019-12-16,sh.601020,8.8357341300,9.0414555300,8.8254480600,9.0208833900,3471536,30118629.0000,0.664000,1
2019-12-17,sh.601020,9.0311694600,9.1546023000,9.0003112500,9.1340301600,4668447,41379192.0000,0.892900,1
2019-12-18,sh.601020,9.1443162300,9.1648883700,9.0825998100,9.1031719500,3954943,35077077.0000,0.756400,1
2019-12-19,sh.601020,9.0825998100,9.1957465800,9.0723137400,9.1648883700,3399700,30187647.0000,0.650200,1
2019-12-20,sh.601020,9.1957465800,9.3294654900,9.0723137400,9.0723137400,3331078,29677298.0000,0.637100,1
2019-12-23,sh.601020,9.1031719500,9.1031719500,8.8974505500,8.9180226900,3018445,26283154.0000,0.577300,1
2019-12-24,sh.601020,9.0003112500,9.2574630000,8.9077366200,9.2060326500,7279921,64516421.0000,1.392300,1
2019-12-25,sh.601020,9.2266047900,9.2677490700,9.0825998100,9.1237440900,4368857,38948782.0000,0.835600,1
2019-12-26,sh.601020,9.1648883700,9.2986072800,9.0825998100,9.2471769300,6249941,55862040.0000,1.195300,1
2019-12-27,sh.601020,9.2471769300,9.6483336600,9.2368908600,9.4220401200,11690237,107374677.0000,2.235800,1
2019-12-30,sh.601020,9.4014679800,9.4940426100,9.2986072800,9.4426122600,7064795,64518514.0000,1.351200,1
2019-12-31,sh.601020,9.4117540500,9.4734704700,9.3397515600,9.3911819100,5696192,52043955.0000,1.089400,1
2020-01-02,sh.601020,9.4426122600,9.5351868900,9.4014679800,9.4631844000,6860306,63077391.0000,1.312100,1
2020-01-03,sh.601020,9.2677490700,9.4220401200,9.1957465800,9.4220401200,10612649,96046916.0000,2.029700,1
2020-01-06,sh.601020,9.4940426100,9.9260575500,9.4528983300,9.7409082900,14177661,132453111.0000,2.711600,1
2020-01-07,sh.601020,9.6277615200,9.6483336600,9.5249008200,9.5763311700,7832322,72894588.0000,1.498000,1
2020-01-08,sh.601020,9.6689058000,9.9569157600,9.5351868900,9.8849132700,17070385,161616820.0000,3.264800,1
2020-01-09,sh.601020,9.5763311700,9.7203361500,9.5557590300,9.6483336600,10759889,100775776.0000,2.057900,1
2020-01-10,sh.601020,9.7409082900,9.7614804300,9.5969033100,9.6277615200,5542388,52089212.0000,1.060000,1
2020-01-13,sh.601020,9.5660451000,9.6380475900,9.4837565400,9.5763311700,4041102,37477604.0000,0.772900,1
2020-01-14,sh.601020,9.6071893800,9.7203361500,9.5557590300,9.5969033100,4653789,43592518.0000,0.890100,1
2020-01-15,sh.601020,9.5969033100,9.5969033100,9.3500376300,9.3808958400,5310993,48751727.0000,1.015800,1
2020-01-16,sh.601020,9.4117540500,9.4426122600,9.2780351400,9.2986072800,3582133,32585448.0000,0.685100,1
2020-01-17,sh.601020,9.3397515600,9.3706097700,9.2163187200,9.2368908600,3512775,31701500.0000,0.671800,1
2020-01-20,sh.601020,9.2574630000,9.3397515600,9.1751744400,9.3294654900,2373589,21343212.0000,0.454000,1
2020-01-21,sh.601020,9.3294654900,9.3397515600,9.0517416000,9.0825998100,3681500,32931359.0000,0.704100,1
2020-01-22,sh.601020,9.0723137400,9.0723137400,8.8768784100,9.0003112500,3622439,31571624.0000,0.692800,1
2020-01-23,sh.601020,9.0105973200,9.0105973200,8.6197266600,8.7225873600,3699516,31686491.0000,0.707600,1
2020-02-03,sh.601020,7.8482714100,7.8791296200,7.8482714100,7.8482714100,2160600,16487169.0000,0.413200,1
2020-02-04,sh.601020,7.6322639400,7.9717042500,7.6014057300,7.8585574800,4296000,32582752.0000,0.821600,1
2020-02-05,sh.601020,7.8482714100,8.0951370900,7.8482714100,7.9922763900,3886578,30192098.0000,0.743300,1
2020-02-06,sh.601020,7.9922763900,8.0437067400,7.8688435500,8.0025624600,4623941,35873449.0000,0.884400,1
2020-02-07,sh.601020,7.9511321100,8.1157092300,7.9202739000,8.0128485300,3641824,28343932.0000,0.696500,1
2020-02-10,sh.601020,7.9717042500,8.1774256500,7.8997017600,8.1774256500,4500476,35346245.0000,0.860700,1
2020-02-11,sh.601020,8.1877117200,8.3008584900,8.1054231600,8.1465674400,3447142,27437705.0000,0.659300,1
2020-02-12,sh.601020,8.1671395800,8.3008584900,8.0951370900,8.2905724200,5355635,42690153.0000,1.024300,1
2020-02-13,sh.601020,8.2802863500,8.3728609800,8.1979977900,8.2802863500,4806381,38669931.0000,0.919200,1
2020-02-14,sh.601020,8.2700002800,8.5477241700,8.2288560000,8.3728609800,5837768,47669525.0000,1.116500,1
2020-02-17,sh.601020,8.3522888400,8.5991545200,8.3317167000,8.5374381000,4816947,39875842.0000,0.921300,1
2020-02-18,sh.601020,8.5477241700,8.6402988000,8.4962938200,8.5785823800,6762126,56338660.0000,1.293300,1
2020-02-19,sh.601020,8.5888684500,8.6917291500,8.4448634700,8.4448634700,8200300,68081311.0000,1.568400,1
2020-02-20,sh.601020,8.4345774000,8.4962938200,8.3214306300,8.4962938200,8445909,69120884.0000,1.615300,1
2020-02-21,sh.601020,8.5065798900,8.7945898500,8.4551495400,8.6814430800,9875571,83021898.0000,1.888800,1
2020-02-24,sh.601020,8.7637316400,8.8768784100,8.6094405900,8.6917291500,9651035,81785610.0000,1.845800,1
2020-02-25,sh.601020,8.6197266600,8.6197266600,8.4140052600,8.4962938200,9716562,80164757.0000,1.858300,1
2020-02-26,sh.601020,8.3728609800,8.5888684500,8.3317167000,8.3728609800,6036375,49473067.0000,1.154500,1
2020-02-27,sh.601020,8.3934331200,8.4345774000,8.2802863500,8.3214306300,4157025,33729235.0000,0.795100,1
2020-02-28,sh.601020,8.1054231600,8.1671395800,7.8482714100,7.9819903200,7304066,56764216.0000,1.396900,1
2020-03-02,sh.601020,7.9614181800,8.2905724200,7.9614181800,8.2802863500,6721340,53414734.0000,1.285500,1
2020-03-03,sh.601020,8.3420027700,8.3831470500,8.1157092300,8.2494281400,5950442,47843291.0000,1.138100,1
2020-03-04,sh.601020,8.2700002800,8.5374381000,8.2288560000,8.3934331200,8190183,66671145.0000,1.566400,1
2020-03-05,sh.601020,8.3831470500,8.5991545200,8.3728609800,8.5785823800,9342857,77167633.0000,1.786900,1
2020-03-06,sh.601020,8.6300127300,9.4323261900,8.4962938200,9.4323261900,25854306,230024505.0000,4.944800,1
2020-03-09,sh.601020,9.4323261900,10.0289182500,9.2163187200,9.2574630000,33270560,312359357.0000,6.363200,1
2020-03-10,sh.601020,8.9591669700,9.2060326500,8.7328734300,9.1031719500,17875725,155598855.0000,3.418800,1
2020-03-11,sh.601020,9.0105973200,9.5454729600,8.8151619900,9.3397515600,20301430,181594585.0000,3.882800,1
2020-03-12,sh.601020,9.1031719500,9.2368908600,8.7020152200,8.8048759200,14236120,123534186.0000,2.722700,1
2020-03-13,sh.601020,8.0128485300,8.5477241700,8.0128485300,8.4140052600,11683404,93762642.0000,2.234500,1
2020-03-16,sh.601020,8.4448634700,8.5888684500,8.0128485300,8.0231346000,10128755,81721013.0000,1.937200,1
2020-03-17,sh.601020,8.0231346000,8.1465674400,7.6116918000,7.8997017600,7297327,55850932.0000,1.395700,1
2020-03-18,sh.601020,8.0025624600,8.2700002800,7.9408460400,7.9717042500,8276207,65306403.0000,1.582900,1
2020-03-19,sh.601020,7.9202739000,8.0745649500,7.7145525000,8.0539928100,5377949,41264474.0000,1.028600,1
2020-03-20,sh.601020,8.0642788800,8.3728609800,7.9511321100,8.2597142100,6314602,49940808.0000,1.207700,1
2020-03-23,sh.601020,8.0539928100,8.1877117200,7.9305599700,7.9305599700,4302291,33588329.0000,0.822800,1
2020-03-24,sh.601020,8.3111445600,8.5271520300,8.2185699300,8.4860077500,12263933,99892830.0000,2.345500,1
2020-03-25,sh.601020,8.6505848700,9.3397515600,8.5374381000,8.8151619900,13534617,117276025.0000,2.588600,1
2020-03-26,sh.601020,8.4757216800,8.8151619900,8.4757216800,8.6402988000,9204706,77523456.0000,1.760400,1
2020-03-27,sh.601020,8.7637316400,8.8974505500,8.5374381000,8.6300127300,7786147,65718315.0000,1.489100,1
2020-03-30,sh.601020,8.4345774000,8.4345774000,8.1877117200,8.2082838600,7104212,57153196.0000,1.358700,1
2020-03-31,sh.601020,8.3111445600,8.3317167000,8.0745649500,8.0951370900,4916911,38987636.0000,0.940400,1
2020-04-01,sh.601020,8.0437067400,8.3214306300,7.9305599700,8.2391420700,5988797,47104070.0000,1.145400,1
2020-04-02,sh.601020,8.1259953000,8.2082838600,8.0745649500,8.1979977900,4842443,38374947.0000,0.926100,1
2020-04-03,sh.601020,8.1979977900,8.3522888400,8.1465674400,8.2082838600,6455033,51853326.0000,1.234600,1
2020-04-07,sh.601020,8.4654356100,8.6402988000,8.3522888400,8.5682963100,8674332,71886221.0000,1.659000,1
2020-04-08,sh.601020,8.4860077500,8.8151619900,8.4757216800,8.7431595000,9417841,79377037.0000,1.801200,1
2020-04-09,sh.601020,8.8460202000,8.8563062700,8.6505848700,8.6814430800,6127260,52000142.0000,1.171900,1
2020-04-10,sh.601020,8.8254480600,8.8768784100,8.5682963100,8.5785823800,6467868,54789904.0000,1.237000,1
2020-04-13,sh.601020,8.5374381000,8.6917291500,8.4242913300,8.4654356100,4456497,36914223.0000,0.852300,1
2020-04-14,sh.601020,8.5682963100,9.2266047900,8.5168659600,8.8254480600,12695606,108916597.0000,2.428100,1
2020-04-15,sh.601020,8.8768784100,8.9488809000,8.6402988000,8.6402988000,8364490,71530175.0000,1.599700,1
2020-04-16,sh.601020,8.6094405900,8.7637316400,8.5168659600,8.7123012900,6454285,54092372.0000,1.234400,1
2020-04-17,sh.601020,8.6814430800,8.6814430800,8.3420027700,8.3934331200,8911460,73746561.0000,1.704400,1
2020-04-20,sh.601020,8.3728609800,8.4037191900,8.1774256500,8.3728609800,4116969,33269686.0000,0.787400,1
2020-04-21,sh.601020,8.3625749100,8.3625749100,8.2391420700,8.3522888400,3716800,29949451.0000,0.710900,1
2020-04-22,sh.601020,8.2802863500,8.3317167000,8.2494281400,8.3008584900,3511442,28303761.0000,0.671600,1
2020-04-23,sh.601020,8.3831470500,8.5785823800,8.3420027700,8.4242913300,6087031,50055285.0000,1.164200,1
2020-04-24,sh.601020,8.3934331200,8.5168659600,8.3420027700,8.3420027700,4381100,35864298.0000,0.837900,1
2020-04-27,sh.601020,8.3317167000,8.3317167000,8.1568535100,8.2494281400,3961433,31808434.0000,0.757600,1
2020-04-28,sh.601020,8.2288560000,8.2802863500,7.7762689200,7.9305599700,4664845,36196256.0000,0.892200,1
2020-04-29,sh.601020,7.8791296200,8.0231346000,7.8379853400,7.8688435500,3256311,25099704.0000,0.622800,1
2020-04-30,sh.601020,7.9099878300,8.0951370900,7.8997017600,8.0437067400,3119452,24299459.0000,0.596600,1
2020-05-06,sh.601020,7.9614181800,8.1671395800,7.9305599700,8.1671395800,2738229,21594252.0000,0.523700,1
2020-05-07,sh.601020,8.1671395800,8.1671395800,8.0128485300,8.0334206700,5588054,43841870.0000,1.068700,1
2020-05-08,sh.601020,8.1362813700,8.2185699300,8.0642788800,8.1568535100,5181670,41027329.0000,0.991000,1
2020-05-11,sh.601020,8.1774256500,8.2700002800,8.1157092300,8.1671395800,3520814,27997713.0000,0.673400,1
2020-05-12,sh.601020,8.0951370900,8.4140052600,8.0745649500,8.3522888400,5961070,47729522.0000,1.140100,1
2020-05-13,sh.601020,8.2905724200,8.3522888400,8.1979977900,8.3008584900,2470546,19881682.0000,0.472500,1
2020-05-14,sh.601020,8.3008584900,8.3317167000,8.1774256500,8.2185699300,2399400,19260160.0000,0.458900,1
2020-05-15,sh.601020,8.2494281400,8.3214306300,8.1568535100,8.1774256500,3891370,31100740.0000,0.744200,1
2020-05-18,sh.601020,8.2905724200,8.5785823800,8.2288560000,8.5065798900,11907618,97218084.0000,2.277400,1
2020-05-19,sh.601020,8.3317167000,8.4242913300,8.1877117200,8.2288560000,9523906,76629604.0000,1.821500,1
2020-05-20,sh.601020,8.2597142100,8.3008584900,7.9819903200,7.9922763900,8062542,63595826.0000,1.542000,1
2020-05-21,sh.601020,8.0025624600,8.0437067400,7.8071271300,7.8174132000,7742107,59513943.0000,1.480700,1
2020-05-22,sh.601020,7.8071271300,7.8791296200,7.7556967800,7.8482714100,4029099,30644291.0000,0.770600,1
2020-05-25,sh.601020,7.8379853400,7.8585574800,7.6631221500,7.6631221500,4911200,36958005.0000,0.939300,1
2020-05-26,sh.601020,7.7042664300,7.7865549900,7.6836942900,7.7659828500,5537903,41582544.0000,1.059100,1
2020-05-27,sh.601020,7.7248385700,7.8379853400,7.7042664300,7.8174132000,3919025,29601535.0000,0.749500,1
2020-05-28,sh.601020,7.8379853400,7.9511321100,7.7762689200,7.8585574800,5400361,41201158.0000,1.032800,1
2020-05-29,sh.601020,7.8276992700,7.9099878300,7.8174132000,7.8482714100,3939961,30117453.0000,0.753500,1
2020-06-01,sh.601020,7.8791296200,8.0437067400,7.8791296200,8.0025624600,4029326,31212342.0000,0.770600,1
2020-06-02,sh.601020,8.0231346000,8.0539928100,7.9408460400,8.0128485300,4694419,36497309.0000,0.897800,1
2020-06-03,sh.601020,7.9922763900,8.0437067400,7.9614181800,8.0025624600,4579500,35604535.0000,0.875800,1
2020-06-04,sh.601020,7.9922763900,8.0539928100,7.9305599700,7.9408460400,4460200,34557307.0000,0.853000,1
2020-06-05,sh.601020,7.9408460400,7.9819903200,7.8585574800,7.8894156900,3111192,23952172.0000,0.595000,1
2020-06-08,sh.601020,7.9202739000,8.1157092300,7.8997017600,8.0231346000,5427400,42367198.0000,1.038000,1
2020-06-09,sh.601020,8.0437067400,8.0437067400,7.9717042500,8.0231346000,2658598,20699916.0000,0.508500,1
2020-06-10,sh.601020,8.0642788800,8.0642788800,7.8997017600,7.9305599700,3076500,23810234.0000,0.588400,1
2020-06-11,sh.601020,7.9202739000,7.9922763900,7.8585574800,7.8791296200,3205564,24683681.0000,0.613100,1
2020-06-12,sh.601020,7.7865549900,7.9099878300,7.7248385700,7.8791296200,2834703,21532459.0000,0.542100,1
2020-06-15,sh.601020,7.8688435500,7.8791296200,7.7145525000,7.7659828500,4355018,33002960.0000,0.832900,1
2020-06-16,sh.601020,7.7659828500,7.8688435500,7.7659828500,7.8379853400,4017513,30485044.0000,0.768400,1
2020-06-17,sh.601020,7.8379853400,7.8791296200,7.7865549900,7.8482714100,2993036,22787028.0000,0.572400,1
2020-06-18,sh.601020,7.8174132000,8.0334206700,7.8071271300,7.9408460400,6320332,48787482.0000,1.208800,1
2020-06-19,sh.601020,7.9202739000,7.9717042500,7.8894156900,7.9511321100,3329101,25656970.0000,0.636700,1
2020-06-22,sh.601020,8.0025624600,8.0539928100,7.9305599700,7.9717042500,3800537,29507932.0000,0.726900,1
2020-06-23,sh.601020,8.0334206700,8.0437067400,7.8276992700,7.8688435500,4360858,33547904.0000,0.834000,1
2020-06-24,sh.601020,7.8791296200,7.9305599700,7.7865549900,7.7968410600,3837662,29234253.0000,0.734000,1
2020-06-29,sh.601020,7.9202739000,7.9511321100,7.7968410600,7.8379853400,4260559,32646050.0000,0.814800,1
2020-06-30,sh.601020,7.8379853400,8.1054231600,7.7968410600,8.0231346000,7240907,56262600.0000,1.384900,1
2020-07-01,sh.601020,8.0334206700,8.2494281400,8.0025624600,8.2082838600,8005797,63250159.0000,1.531100,1
2020-07-02,sh.601020,8.1671395800,9.0311694600,8.1465674400,9.0311694600,32639979,278570324.0000,6.242500,1
2020-07-03,sh.601020,9.1031719500,9.9363436200,8.9694530400,9.5454729600,40382731,370740916.0000,7.723400,1
2020-07-06,sh.601020,9.7717665000,10.5020774700,9.7511943600,10.5020774700,24280919,244950575.0000,4.643800,1
2020-07-07,sh.601020,11.5101123300,11.5512566100,11.3146770000,11.5512566100,15140284,169686497.0000,2.895600,1
2020-07-08,sh.601020,12.3227118600,12.7032964500,11.1912441600,12.5078611200,53408381,624808640.0000,10.214600,1
2020-07-09,sh.601020,12.3432840000,13.7627616600,12.2507093700,13.7627616600,23406512,300900955.0000,4.476600,1
2020-07-10,sh.601020,14.4004980000,15.1410950400,13.7730477300,14.4004980000,49493592,705324987.0000,9.465800,1
2020-07-13,sh.601020,14.3902119300,15.0793786200,13.1147392500,14.4004980000,40765096,562854299.0000,7.796500,1
2020-07-14,sh.601020,14.2153487400,15.6862567500,13.8861945000,14.8119408000,37216473,532061491.0000,7.117800,1
2020-07-15,sh.601020,14.8119408000,14.9970900600,13.3307467200,13.3307467200,46046903,613041072.0000,8.806700,1
2020-07-16,sh.601020,13.1661696000,13.6290427500,11.9935576200,12.3227118600,35432079,443547244.0000,6.776500,1
2020-07-17,sh.601020,12.3329979300,12.5695775400,11.7261198000,12.0038436900,23503638,278342483.0000,4.495200,1
2020-07-20,sh.601020,12.3021397200,13.0633089000,12.1375626000,12.9707342700,24718492,303740736.0000,4.727500,1
2020-07-21,sh.601020,12.9810203400,13.3616049300,12.3432840000,12.6210078900,18756074,232984794.2800,3.587200,1
2020-07-22,sh.601020,13.6804731000,13.6804731000,12.6312939600,12.8575875000,25278693,318682256.4600,4.834700,1
2020-07-23,sh.601020,12.6724382400,13.7010452400,12.6724382400,13.2793163700,27823072,359727864.2300,5.321300,1
2020-07-24,sh.601020,13.3718910000,13.8244780800,11.9626994100,12.6107218200,28141920,361446098.6800,5.382300,1
2020-07-27,sh.601020,12.9501621300,13.8759084300,12.9501621300,13.8759084300,13403908,178630736.9000,2.563600,1
2020-07-28,sh.601020,15.2645278800,15.2645278800,13.4233213500,13.7319034500,50132048,703750545.4700,9.588000,1
2020-07-29,sh.601020,13.3924631400,14.1947766000,13.0015924800,14.0610576900,36215088,482980217.9000,6.926300,1
2020-07-30,sh.601020,13.8244780800,14.6267915400,13.6804731000,13.8861945000,33381430,458730556.5900,6.384300,1
2020-07-31,sh.601020,13.5776124000,15.2748139500,13.4953238400,15.2748139500,45405370,650712561.5500,8.684000,1
2020-08-03,sh.601020,15.8302617300,16.8074383800,15.4291050000,16.8074383800,47009501,747957358.3700,8.990800,1
2020-08-04,sh.601020,17.3114558100,17.7434707500,15.4599632100,15.7685453100,46650535,740974655.4400,8.922100,1
2020-08-05,sh.601020,16.3548513000,17.3423140200,15.7685453100,17.0748762000,44037400,711930178.2200,8.422300,1
2020-08-06,sh.601020,16.4577120000,18.7000752600,16.3548513000,17.6611821900,49479315,847243792.0800,9.463100,1
2020-08-07,sh.601020,17.7949011000,17.9491921500,16.0462692000,16.3342791600,42223762,695667052.2200,8.075500,1
2020-08-10,sh.601020,15.6348264000,15.8816920800,14.6987940300,15.0176622000,40246112,593453284.3300,7.697200,1
2020-08-11,sh.601020,14.8119408000,15.3056721600,14.2359208800,14.3387815800,29484481,421164276.5700,5.639000,1
2020-08-12,sh.601020,13.5981845400,13.8553362900,13.0633089000,13.5776124000,27762556,361402675.0700,5.309700,1
2020-08-13,sh.601020,13.5981845400,14.3079233700,13.5364681200,14.0199134100,20505900,279081898.8300,3.921800,1
2020-08-14,sh.601020,14.2770651600,14.3799258600,13.4233213500,13.9170527100,13048429,176993019.5500,2.495600,1
2020-08-17,sh.601020,13.9684830600,14.6576497500,13.7833338000,14.6062194000,21519829,297259186.0800,4.115800,1
2020-08-18,sh.601020,14.8222268700,15.0999507600,14.5753611900,14.8222268700,22367380,322537297.3100,4.277900,1
2020-08-19,sh.601020,14.9148015000,15.2233836000,13.9684830600,14.0610576900,24197064,340888469.7000,4.627800,1
2020-08-20,sh.601020,13.5056099100,14.3284955100,13.2896024400,13.6290427500,16553029,221152838.3500,2.991900,1
2020-08-21,sh.601020,13.6393288200,13.8141920100,13.0118785500,13.1764556700,21454628,277353702.2600,3.877800,1
2020-08-24,sh.601020,13.2587442300,13.3616049300,12.6004357500,13.1250253200,16314840,206669623.0900,2.948800,1
2020-08-25,sh.601020,13.1558835300,13.2278860200,12.7341546600,12.7855850100,11588613,146102540.1800,2.094600,1
2020-08-26,sh.601020,12.7135825200,12.8575875000,12.1581347400,12.2301372300,15531021,188402430.8300,2.807200,1
2020-08-27,sh.601020,12.5695775400,12.8473014300,12.1478486700,12.6827243100,12618514,153586016.0400,2.280700,1
2020-08-28,sh.601020,12.5592914700,12.9604482000,12.4667168400,12.8267292900,9741977,120711935.1600,1.760800,1
2020-08-31,sh.601020,13.0427367600,14.1124880400,13.0427367600,14.1124880400,33871395,459735800.7500,6.122100,1
2020-09-01,sh.601020,14.1947766000,14.4313562100,13.8759084300,14.1330601800,29949499,411292560.0200,5.413300,1
2020-09-02,sh.601020,14.1124880400,14.1227741100,13.5673263300,13.8039059400,16921073,226440075.8700,3.058400,1
2020-09-03,sh.601020,13.6187566800,13.7113313100,13.2587442300,13.3616049300,12997244,170136855.8200,2.349200,1
2020-09-04,sh.601020,12.7547268000,13.5570402600,12.7547268000,13.0530228300,12128285,154082924.1500,2.192100,1
2020-09-07,sh.601020,12.9604482000,13.1147392500,12.5078611200,12.5284332600,11952500,148761957.5900,2.160400,1
2020-09-08,sh.601020,12.5695775400,12.8061571500,12.2609954400,12.6621521700,10819036,131792690.2700,1.955500,1
2020-09-09,sh.601020,12.3947143500,12.5901496800,12.1375626000,12.2198511600,9352116,112550118.1700,1.690400,1
2020-09-10,sh.601020,12.4461447000,12.5387193300,11.2323884400,11.6746894500,16467176,190585863.6900,2.976400,1
2020-09-11,sh.601020,11.5203984000,11.9626994100,11.3455352100,11.8701247800,10386267,118026745.3600,1.877300,1
2020-09-14,sh.601020,12.0038436900,12.7547268000,11.7261198000,12.2815675800,19136640,227000594.3800,3.458900,1
2020-09-15,sh.601020,12.3021397200,12.4975750500,11.9524133400,12.2404233000,12484088,147694456.0000,2.256500,1
2020-09-16,sh.601020,12.1272765300,12.2404233000,11.8289805000,11.9832715500,9034548,105679746.9000,1.633000,1
2020-09-17,sh.601020,12.1067043900,12.1067043900,11.6129730300,11.8495526400,10805746,124284388.4500,1.953100,1
2020-09-18,sh.601020,11.8084083600,12.4358586300,11.7775501500,12.2815675800,14080686,166939028.3800,2.545000,1
2020-09-21,sh.601020,12.3535700700,13.4336074200,12.2918536500,12.7444407300,26869092,341677187.0700,4.856500,1
2020-09-22,sh.601020,12.7752989400,12.8678735700,11.8906969200,11.9626994100,20077700,240102539.0500,3.629000,1
2020-09-23,sh.601020,11.8495526400,12.1889929500,11.7569780100,12.0244158300,11098000,129122520.0000,2.004100,1
2020-09-24,sh.601020,11.9935576200,12.0141297600,11.5306844700,11.6746894500,11341388,129344620.6000,2.048000,1
2020-09-25,sh.601020,11.6952615900,12.0552740400,11.5821148200,11.7775501500,8025500,92033613.1400,1.449200,1
2020-09-28,sh.601020,11.7775501500,12.1889929500,11.1603859500,11.2015302300,15376709,172511388.0500,2.776700,1
2020-09-29,sh.601020,11.3661073500,12.1169904600,11.2118163000,11.3249630700,21670318,244022239.2200,3.913200,1
2020-09-30,sh.601020,11.3969655600,11.4175377000,10.9546645500,11.0883834600,12209579,132038390.0400,2.204800,1
2020-10-09,sh.601020,11.1809580900,11.4689680500,11.1089556000,11.1912441600,13288825,145707873.1700,2.399700,1
2020-10-12,sh.601020,11.3661073500,11.9215551300,11.2838187900,11.7775501500,18967543,215747219.0600,3.425200,1
2020-10-13,sh.601020,11.7261198000,11.7261198000,11.3763934200,11.6026869600,11303456,126585039.5300,2.041200,1
2020-10-14,sh.601020,11.4998262600,11.4998262600,11.1089556000,11.2118163000,13518378,148096980.0500,2.441100,1
2020-10-15,sh.601020,11.2118163000,11.3455352100,10.8518038500,10.9649506200,11392625,122214874.4000,2.057300,1
2020-10-16,sh.601020,10.9238063400,11.0060949000,10.6666545900,10.8003735000,8390990,88136131.0400,1.515200,1
2020-10-19,sh.601020,10.8003735000,10.9855227600,10.5740799600,10.8826620600,12139777,127495506.6100,2.192200,1
2020-10-20,sh.601020,10.8003735000,10.8003735000,10.4712192600,10.7283710100,10094329,104244406.0100,1.822800,1
2020-10-21,sh.601020,10.8826620600,10.9855227600,10.4712192600,10.5843660300,12885040,133983098.2800,2.326800,1
2020-10-22,sh.601020,10.5226496100,10.5740799600,10.3477864200,10.4609331900,8388898,85314068.5000,1.514900,1
2020-10-23,sh.601020,10.5020774700,10.6357963800,10.2860700000,10.3375003500,9458809,96047653.4700,1.708100,1
2020-10-26,sh.601020,10.3375003500,10.7489431500,10.0803486000,10.5432217500,13763216,139827777.0100,2.485400,1
2020-10-27,sh.601020,10.4095028400,10.5020774700,10.2963560700,10.4095028400,6642393,67061935.2600,1.199500,1
2020-10-28,sh.601020,10.4095028400,10.5535078200,10.2654978600,10.4095028400,6611598,66630626.4600,1.193900,1
2020-10-29,sh.601020,10.1832093000,10.2860700000,10.0803486000,10.2037814400,8213918,81373959.2300,1.483300,1
2020-10-30,sh.601020,10.1729232300,10.2243535800,9.6483336600,9.6483336600,15182243,146238734.4000,2.741600,1
2020-11-02,sh.601020,9.7203361500,10.1112068100,9.7203361500,9.8026247100,15927095,152938271.9500,2.876100,1
2020-11-03,sh.601020,9.9260575500,10.6460824500,9.8334829200,10.5432217500,22581903,227636854.6600,4.077800,1
2020-11-04,sh.601020,10.6049381700,10.8826620600,10.3375003500,10.7283710100,18655348,192616864.8200,3.368800,1
2020-11-05,sh.601020,10.7077988700,11.4072516300,10.7077988700,11.1295277400,24339577,262838104.8100,4.395200,1
2020-11-06,sh.601020,11.3661073500,12.1375626000,11.1398138100,11.8392665700,31069457,354652077.4000,5.610500,1
2020-11-09,sh.601020,11.8906969200,11.9832715500,11.5718287500,11.7466919400,28840340,328883791.3700,5.208000,1
2020-11-10,sh.601020,11.2941048600,11.6335451700,11.0060949000,11.5718287500,20257578,223176408.8100,3.658100,1
2020-11-11,sh.601020,11.4586819800,12.0038436900,11.4175377000,11.6849755200,17937179,204671599.1900,3.239100,1
2020-11-12,sh.601020,11.6849755200,11.7569780100,11.4689680500,11.6232591000,9265174,104611181.6200,1.673100,1
2020-11-13,sh.601020,11.6541173100,11.8289805000,11.5101123300,11.6335451700,11159545,126278668.9000,2.015200,1
2020-11-16,sh.601020,11.7569780100,12.6518661000,11.6746894500,12.3947143500,24649870,291836361.4400,4.451300,1
2020-11-17,sh.601020,12.2815675800,12.6827243100,12.1375626000,12.3227118600,22043783,266341241.5300,3.980700,1
2020-11-18,sh.601020,12.2712815100,12.8370153600,12.1478486700,12.8061571500,23752623,290552787.7500,4.289200,1
2020-11-19,sh.601020,12.7032964500,12.7135825200,12.0655601100,12.2712815100,21334717,255577256.7900,3.852600,1
2020-11-20,sh.601020,12.2712815100,12.5490054000,11.8598387100,12.4255725600,21044547,248784632.0500,3.800200,1
2020-11-23,sh.601020,12.3947143500,13.2381720900,12.1889929500,12.7032964500,33546767,415303237.8200,6.057900,1
2020-11-24,sh.601020,12.3432840000,12.4975750500,12.0861322500,12.2301372300,23431065,278998829.2200,4.231200,1
2020-11-25,sh.601020,12.2609954400,12.3741422100,11.2632466500,11.3146770000,30105758,341891318.6400,5.436500,1
2020-11-26,sh.601020,11.3352491400,11.3866794900,10.8620899200,11.0266670400,15876565,170450221.8200,2.867000,1
2020-11-27,sh.601020,11.0060949000,11.0678113200,10.7695152900,11.0163809700,10005480,106083579.8900,1.806800,1
2020-11-30,sh.601020,10.7386570800,11.2426745100,10.5740799600,10.6975128000,18784695,198901645.4900,3.392100,1
2020-12-01,sh.601020,10.6975128000,10.9443784800,10.4506471200,10.8106595700,13048865,135709385.5400,2.356400,1
2020-12-02,sh.601020,10.9752366900,11.1912441600,10.8415177800,10.8518038500,13742058,147150376.4400,2.481500,1
2020-12-03,sh.601020,10.8518038500,10.8723759900,10.5123635400,10.7386570800,13229559,137293648.0800,2.389000,1
2020-12-04,sh.601020,10.7283710100,10.8415177800,10.5946521000,10.8003735000,8958421,93537552.0300,1.617700,1
2020-12-07,sh.601020,10.7695152900,10.7695152900,10.4506471200,10.4815053300,10948458,112491328.4000,1.977100,1
2020-12-08,sh.601020,10.5637938900,10.5740799600,10.1112068100,10.3272142800,17373800,174622631.0000,3.137400,1
2020-12-09,sh.601020,10.3272142800,10.4095028400,10.0700625300,10.0700625300,13017104,129293703.0100,2.350600,1
2020-12-10,sh.601020,9.9774879000,10.0186321800,9.8746272000,9.9157714800,8715341,84263665.7000,1.573800,1
2020-12-11,sh.601020,10.0392043200,10.4403610500,9.7820525700,9.9260575500,17495935,171611512.5500,3.159400,1
2020-12-14,sh.601020,9.7820525700,9.9774879000,9.4426122600,9.7614804300,11446434,108375492.3200,2.067000,1
2020-12-15,sh.601020,9.7614804300,9.7820525700,9.5763311700,9.7100500800,6357296,59756372.2400,1.148000,1
2020-12-16,sh.601020,9.7717665000,9.9157714800,9.5763311700,9.7409082900,9730644,92545020.4600,1.757200,1
2020-12-17,sh.601020,9.5146147500,10.1729232300,9.5146147500,10.1626371600,16414007,157518099.1300,2.964000,1
2020-12-18,sh.601020,10.1832093000,10.4917914000,10.0803486000,10.3169282100,15873398,159209739.7600,2.866400,1
2020-12-21,sh.601020,10.3477864200,10.6872267300,10.3477864200,10.6152242400,15194808,155626252.5900,2.743900,1
2020-12-22,sh.601020,10.4506471200,10.5123635400,9.8951993400,9.9260575500,18382070,182225868.1800,3.319400,1
2020-12-23,sh.601020,9.9363436200,10.4403610500,9.9363436200,10.0392043200,13153479,130008566.0400,2.375300,1
2020-12-24,sh.601020,10.0392043200,10.1523510900,9.7820525700,9.8231968500,8712229,84162856.1100,1.573300,1
2020-12-25,sh.601020,9.7717665000,10.8106595700,9.7717665000,10.8106595700,25012012,255310534.9100,4.516700,1
2020-12-28,sh.601020,11.0986695300,11.3866794900,10.8106595700,10.8106595700,38051121,410592515.0900,6.871300,1
2020-12-29,sh.601020,10.8929481300,11.0163809700,10.2140675100,10.2346396500,24949288,253872763.9700,4.505300,1
2020-12-30,sh.601020,10.2243535800,11.2632466500,10.1934953700,11.2632466500,19252455,204940729.7700,3.476500,1
2020-12-31,sh.601020,11.5306844700,11.6746894500,11.0575252500,11.1809580900,40993308,453743498.3400,7.402300,1
2021-01-04,sh.601020,11.1192416700,11.4175377000,11.0060949000,11.3352491400,31387073,343023543.1600,5.667600,1
2021-01-05,sh.601020,11.2838187900,11.3661073500,10.8620899200,11.1706720200,22388302,241888544.0300,4.042700,1
2021-01-06,sh.601020,11.1706720200,11.3146770000,10.8106595700,10.9340924100,15241468,162501156.0500,2.752200,1
2021-01-07,sh.601020,10.8106595700,11.3352491400,10.5123635400,11.1089556000,30812855,330188389.9400,5.564000,1
2021-01-08,sh.601020,10.9032342000,10.9546645500,10.2140675100,10.5432217500,24226397,247172082.0400,4.374600,1
2021-01-11,sh.601020,10.2860700000,10.4506471200,9.6071893800,9.6894779400,25090367,241898665.6300,4.530600,1
2021-01-12,sh.601020,9.7203361500,9.7614804300,8.8460202000,9.0311694600,30251732,270428937.7300,5.462600,1
2021-01-13,sh.601020,9.0928858800,9.2266047900,8.7328734300,8.8151619900,18901984,165395668.5100,3.413200,1
2021-01-14,sh.601020,8.7328734300,8.8357341300,8.6197266600,8.6814430800,14283669,121016785.8500,2.579200,1
2021-01-15,sh.601020,8.6814430800,8.9900251800,8.6505848700,8.7637316400,14203866,121187441.1000,2.564800,1
2021-01-18,sh.601020,8.7637316400,8.9591669700,8.6814430800,8.8563062700,11998291,103119546.3900,2.166600,1
2021-01-19,sh.601020,8.8048759200,8.8665923400,8.7020152200,8.7843037800,11845128,101015291.1900,2.138900,1
2021-01-20,sh.601020,8.8357341300,8.8665923400,8.7020152200,8.8563062700,13746098,117498960.7900,2.482200,1
2021-01-21,sh.601020,8.9694530400,9.4323261900,8.8974505500,9.1546023000,26011172,230791911.7800,4.696900,1
2021-01-22,sh.601020,9.0620276700,9.0723137400,8.7020152200,8.8151619900,17280293,148936227.7100,3.120300,1
2021-01-25,sh.601020,8.7328734300,9.0825998100,8.4860077500,8.8151619900,19133580,162556380.8200,3.455000,1
2021-01-26,sh.601020,8.7945898500,9.4323261900,8.6094405900,9.1443162300,23612847,205294033.9100,4.263800,1
2021-01-27,sh.601020,9.0517416000,9.2163187200,8.8460202000,8.9694530400,13328484,116532194.6000,2.406800,1
2021-01-28,sh.601020,8.7945898500,9.0928858800,8.7637316400,8.7843037800,13101902,113429975.8500,2.365800,1
2021-01-29,sh.601020,8.8768784100,8.9385948300,8.2597142100,8.4345774000,18346604,152104389.5200,3.312900,1
2021-02-01,sh.601020,8.4860077500,9.1134580200,8.4860077500,8.9077366200,19299497,166522035.3700,3.485000,1
2021-02-02,sh.601020,8.8254480600,8.9385948300,8.6505848700,8.7020152200,12126170,103048812.4200,2.189700,1
2021-02-03,sh.601020,8.5682963100,8.5785823800,8.3728609800,8.3934331200,11114765,91494286.0800,2.007000,1
2021-02-04,sh.601020,8.3214306300,8.3420027700,7.8379853400,8.0231346000,19732525,154265711.8500,3.563100,1
2021-02-05,sh.601020,8.0231346000,8.0951370900,7.6939803600,7.7762689200,10900408,83331924.8700,1.968300,1
2021-02-08,sh.601020,7.8174132000,8.0334206700,7.7145525000,7.8791296200,8726874,66947773.1000,1.575800,1
2021-02-09,sh.601020,7.9202739000,8.2288560000,7.9202739000,8.1979977900,12551508,99298585.2800,2.266500,1
2021-02-10,sh.601020,8.2391420700,8.2494281400,8.0231346000,8.1671395800,8282000,65500277.6700,1.495500,1
2021-02-18,sh.601020,8.5374381000,8.9797391100,8.5271520300,8.9797391100,31123211,267294664.1500,5.620000,1
2021-02-19,sh.601020,8.9797391100,9.8540550600,8.8563062700,9.6380475900,44503967,401001454.9300,8.036200,1
2021-02-22,sh.601020,10.0186321800,10.6049381700,9.9569157600,10.0700625300,62709545,627268052.6100,11.323600,1
2021-02-23,sh.601020,9.6586197300,10.3477864200,9.6277615200,9.9672018300,39534581,383743518.6900,7.138800,1
2021-02-24,sh.601020,9.9569157600,10.9649506200,9.8540550600,10.4506471200,53566459,541585727.6400,9.672600,1
2021-02-25,sh.601020,10.9032342000,10.9855227600,10.0906346700,10.4506471200,39369301,398131104.8800,7.109000,1
2021-02-26,sh.601020,9.9569157600,10.5123635400,9.9569157600,10.2346396500,27216860,270998818.0200,4.914600,1
2021-03-01,sh.601020,10.2346396500,10.5123635400,10.0186321800,10.4917914000,32595678,326954000.1800,5.885900,1
2021-03-02,sh.601020,10.3272142800,10.3477864200,9.7306222200,9.9260575500,36324727,352392210.0900,6.559100,1
2021-03-03,sh.601020,10.1009207400,10.8620899200,9.9569157600,10.6975128000,46569036,477022193.4100,8.409000,1
2021-03-04,sh.601020,10.7077988700,11.5101123300,10.6255103100,11.1192416700,61715317,662145456.5700,11.143900,1
2021-03-05,sh.601020,11.3763934200,11.5924008900,10.5946521000,11.0575252500,52408593,568745673.6500,9.463400,1
2021-03-08,sh.601020,10.9238063400,11.2632466500,9.9569157600,9.9774879000,55968417,570979449.1500,10.106200,1
2021-03-09,sh.601020,9.9466296900,9.9466296900,9.2677490700,9.3808958400,38687936,360469558.5600,6.985900,1
2021-03-10,sh.601020,9.4940426100,9.5146147500,9.0105973200,9.0928858800,25433914,227513598.7300,4.592600,1
2021-03-11,sh.601020,9.0928858800,9.8643411300,9.0311694600,9.7306222200,30766080,283185657.7900,5.555400,1
2021-03-12,sh.601020,9.4940426100,9.6894779400,9.3397515600,9.5043286800,23479937,216611718.0700,4.239800,1
2021-03-15,sh.601020,9.5557590300,10.1626371600,9.4528983300,9.8437689900,29531653,282635399.7600,5.332500,1
2021-03-16,sh.601020,9.8540550600,9.8746272000,9.4220401200,9.6689058000,21899428,204996542.0800,3.954400,1
2021-03-17,sh.601020,9.5969033100,9.6894779400,9.3397515600,9.6277615200,12930929,120213063.8200,2.334900,1
2021-03-18,sh.601020,9.6586197300,9.7820525700,9.4117540500,9.4426122600,19484830,180515148.2200,3.518400,1
2021-03-19,sh.601020,9.3191794200,9.5043286800,9.1854605100,9.2060326500,19693622,178494104.7800,3.556000,1
2021-03-22,sh.601020,9.1340301600,9.5249008200,9.1340301600,9.2574630000,21071889,190766766.4100,3.804900,1
2021-03-23,sh.601020,9.3294654900,9.3500376300,8.6505848700,8.7534455700,26627570,229661503.9200,4.808100,1
2021-03-24,sh.601020,8.6402988000,8.7843037800,8.5065798900,8.5785823800,16430200,137455774.9800,2.966800,1
2021-03-25,sh.601020,8.5785823800,8.7225873600,8.4551495400,8.5477241700,14750870,123558226.3200,2.663500,1
2021-03-26,sh.601020,8.5580102400,8.7225873600,8.5065798900,8.6505848700,15354104,128743378.8800,2.772500,1
2021-03-29,sh.601020,8.6608709400,8.7123012900,8.4860077500,8.5168659600,14693016,122586943.2300,2.653100,1
2021-03-30,sh.601020,8.5374381000,8.7225873600,8.3934331200,8.6711570100,19381586,161910940.7100,3.499700,1
2021-03-31,sh.601020,8.5785823800,8.6300127300,8.4140052600,8.5477241700,12409918,102809834.1900,2.240800,1
2021-04-01,sh.601020,8.5580102400,8.6094405900,8.4448634700,8.5785823800,9226644,76409524.4400,1.666000,1
2021-04-02,sh.601020,8.5682963100,8.7123012900,8.4654356100,8.5991545200,10873800,90803820.7600,1.963500,1
2021-04-06,sh.601020,8.6197266600,8.7637316400,8.5785823800,8.6814430800,13476500,113912883.4000,2.433400,1
2021-04-07,sh.601020,8.6402988000,8.8871644800,8.5682963100,8.8254480600,14537182,123560652.7500,2.624900,1
2021-04-08,sh.601020,8.8254480600,9.1751744400,8.7945898500,8.9488809000,25889663,226246317.1900,4.674800,1
2021-04-09,sh.601020,8.9488809000,9.1031719500,8.8768784100,9.0105973200,15175848,132594365.8600,2.740300,1
2021-04-12,sh.601020,9.0414555300,9.1751744400,8.7431595000,8.8151619900,16183700,140651278.0000,2.922300,1
2021-04-13,sh.601020,8.7431595000,8.7945898500,8.5682963100,8.5888684500,8908526,74942129.9200,1.608600,1
2021-04-14,sh.601020,8.5888684500,8.6917291500,8.5271520300,8.6814430800,6961090,58387448.7400,1.256900,1
2021-04-15,sh.601020,8.6814430800,8.8974505500,8.5785823800,8.8665923400,10526149,89396155.7100,1.900700,1
2021-04-16,sh.601020,8.9077366200,9.0105973200,8.7740177100,8.8563062700,13399663,115544646.0600,2.419500,1
2021-04-19,sh.601020,8.7740177100,9.0414555300,8.7225873600,9.0003112500,15480943,134442165.3800,2.795400,1
2021-04-20,sh.601020,8.9591669700,9.0105973200,8.8151619900,8.8460202000,11549460,100163096.1700,2.085500,1
2021-04-21,sh.601020,8.7740177100,8.8048759200,8.6608709400,8.7637316400,9382268,79657963.0000,1.694100,1
2021-04-22,sh.601020,8.7225873600,9.1340301600,8.7225873600,8.8665923400,15198468,132088015.9000,2.744400,1
2021-04-23,sh.601020,8.8460202000,8.8768784100,8.6402988000,8.7328734300,10730612,91292352.1600,1.937600,1
2021-04-26,sh.601020,8.7431595000,9.0003112500,8.7328734300,8.8048759200,15774699,136494091.0900,2.848400,1
2021-04-27,sh.601020,8.8460202000,8.9385948300,8.6402988000,8.9077366200,16011025,137444871.5300,2.891100,1
2021-04-28,sh.601020,8.8048759200,8.8048759200,8.5271520300,8.5888684500,17933408,149998073.2400,3.238200,1
2021-04-29,sh.601020,8.5888684500,8.5888684500,8.5888684500,8.5888684500,0,0.0000,,1
2021-04-30,sh.601020,8.1568535100,8.1568535100,8.1568535100,8.1568535100,520600,4128358.0000,0.094000,1
2021-05-06,sh.601020,7.7454107100,7.7454107100,7.7454107100,7.7454107100,724300,5453979.0000,0.130800,1
2021-05-07,sh.601020,7.3545400500,7.3545400500,7.3545400500,7.3545400500,9293100,66445665.0000,1.678000,1
2021-05-10,sh.601020,7.3442539800,7.7248385700,7.3339679100,7.7248385700,43060187,314241031.6800,7.775300,1
2021-05-11,sh.601020,7.6116918000,7.6939803600,7.3442539800,7.3853982600,24671883,179054207.9100,4.454900,1
2021-05-12,sh.601020,7.3956843300,7.6014057300,7.3648261200,7.4985450300,12471931,90898659.9800,2.252000,1
2021-05-13,sh.601020,7.3853982600,7.4779728900,7.1282465100,7.1488186500,22222967,157789738.4900,4.012800,1
2021-05-14,sh.601020,7.1076743700,7.1591047200,6.7888062000,6.7888062000,28002068,187518778.7100,5.056300,1
2021-05-17,sh.601020,6.4493658900,6.4493658900,6.4493658900,6.4493658900,2116500,13270455.0000,0.382200,1
2021-05-18,sh.601020,6.1407837900,6.5830848000,6.1407837900,6.2950748400,30905425,190073444.8000,5.580500,1
2021-05-19,sh.601020,6.3362191200,6.6139430100,6.2950748400,6.6139430100,23652058,149658681.0100,4.270800,1
2021-05-20,sh.601020,6.5830848000,6.9430972500,6.5419405200,6.9430972500,19429700,128374957.2900,3.508400,1
2021-05-21,sh.601020,7.1796768600,7.2928236300,7.0973883000,7.2928236300,7328328,51427154.0100,1.323300,1
2021-05-24,sh.601020,7.6219778700,7.6528360800,7.1179604400,7.1385325800,37292284,268442424.3400,6.733800,1
2021-05-25,sh.601020,7.2105350700,7.4368286100,6.9739554600,7.3236818400,23889528,166628242.9800,4.313700,1
2021-05-26,sh.601020,7.2516793500,7.4265425400,7.2105350700,7.2722514900,16164601,114836107.4500,2.918800,1
2021-05-27,sh.601020,7.2825375600,7.2928236300,7.0871022300,7.1076743700,18500291,128598058.7700,3.340600,1
2021-05-28,sh.601020,7.0768161600,7.2722514900,7.0150997400,7.1179604400,13972200,96934211.8800,2.522900,1
2021-05-31,sh.601020,7.1488186500,7.1693907900,6.9636693900,6.9739554600,16020101,110089600.7700,2.892700,1
2021-06-01,sh.601020,6.9328111800,6.9430972500,6.6242290800,6.8710947600,21388272,140800833.0800,3.862000,1
2021-06-02,sh.601020,6.8093783400,7.2002490000,6.7888062000,7.0768161600,17139172,117799043.3700,3.094800,1
2021-06-03,sh.601020,7.1796768600,7.4265425400,7.1076743700,7.4265425400,17460285,124074710.9800,3.152800,1
2021-06-04,sh.601020,7.4265425400,7.6631221500,7.3545400500,7.4574007500,22537999,164736376.6900,4.069600,1
2021-06-07,sh.601020,7.4471146800,7.8276992700,7.4162564700,7.8276992700,18322982,137153146.7000,3.308500,1
2021-06-08,sh.601020,7.8071271300,8.2082838600,7.6116918000,7.8688435500,29718193,228678262.8200,5.366200,1
2021-06-09,sh.601020,7.7145525000,8.0334206700,7.6836942900,7.8688435500,18308071,140379923.5100,3.305800,1
2021-06-10,sh.601020,7.8482714100,7.8482714100,7.5294032400,7.5396893100,17523099,130241372.7500,3.164100,1
2021-06-11,sh.601020,7.6425500100,7.8688435500,7.5191171700,7.6116918000,12518398,93870779.0000,2.260400,1
2021-06-15,sh.601020,7.5808335900,7.6836942900,7.3956843300,7.4676868200,12352600,90337498.0000,2.230500,1
2021-06-16,sh.601020,7.5088311000,7.5191171700,7.3339679100,7.4059704000,9797454,70295598.5300,1.769100,1
2021-06-17,sh.601020,7.4162564700,7.6734082200,7.3751121900,7.6734082200,10855681,80023183.5700,1.960200,1
2021-06-18,sh.601020,7.5808335900,7.6425500100,7.4779728900,7.6116918000,11283598,82719484.3600,2.037500,1
2021-06-21,sh.601020,7.6014057300,7.6528360800,7.4882589600,7.5191171700,10182765,74746905.0400,1.838700,1
2021-06-22,sh.601020,7.5191171700,7.6322639400,7.4059704000,7.4676868200,12429365,90911260.4700,2.244300,1
2021-06-23,sh.601020,7.5088311000,7.5499753800,7.4162564700,7.5088311000,8345427,60801123.9400,1.506900,1
2021-06-24,sh.601020,7.4676868200,7.4985450300,7.2105350700,7.2928236300,13219396,94301619.5500,2.387000,1
2021-06-25,sh.601020,7.2208211400,7.3339679100,7.2002490000,7.2619654200,9703783,68450502.9800,1.752200,1
2021-06-28,sh.601020,7.2002490000,7.2928236300,7.0459579500,7.1693907900,12803410,88645653.0700,2.311900,1
2021-06-29,sh.601020,7.1282465100,7.3442539800,7.0871022300,7.2516793500,9322928,65568269.4400,1.683400,1
2021-06-30,sh.601020,7.2928236300,7.2928236300,7.1076743700,7.1591047200,9685468,67599439.8800,1.748900,1
2021-07-01,sh.601020,7.1591047200,7.1591047200,7.0150997400,7.0356718800,6976928,48076246.4800,1.259800,1
2021-07-02,sh.601020,7.0459579500,7.3853982600,7.0356718800,7.2002490000,14398531,101752816.7200,2.599900,1
2021-07-05,sh.601020,7.1693907900,7.4471146800,7.1591047200,7.3751121900,11223852,79806415.2000,2.026700,1
2021-07-06,sh.601020,7.4265425400,7.7042664300,7.4059704000,7.6014057300,15955444,117000881.0400,2.881000,1
2021-07-07,sh.601020,7.4985450300,7.8688435500,7.4985450300,7.7454107100,16143342,120885127.2000,2.915000,1
2021-07-08,sh.601020,7.8482714100,8.0745649500,7.6734082200,7.6836942900,14957846,113895228.4700,2.700900,1
2021-07-09,sh.601020,7.6322639400,8.0642788800,7.6116918000,8.0642788800,17156551,132733440.2000,3.097900,1
2021-07-12,sh.601020,8.3317167000,8.4654356100,8.2905724200,8.4654356100,5440690,44417683.2300,0.982400,1
2021-07-13,sh.601020,8.8048759200,8.8871644800,8.3317167000,8.4551495400,33332049,279279319.1000,6.018700,1
2021-07-14,sh.601020,8.5785823800,8.7843037800,8.3111445600,8.4037191900,21273100,177521526.3400,3.841200,1
2021-07-15,sh.601020,8.2802863500,8.7123012900,8.2082838600,8.4654356100,18617331,152567175.5300,3.361700,1
2021-07-16,sh.601020,8.4345774000,8.8871644800,8.3522888400,8.8357341300,25400487,216247778.7800,4.586500,1
2021-07-19,sh.601020,8.8974505500,9.2780351400,8.8768784100,9.2780351400,15991203,143200175.4800,2.887500,1
2021-07-20,sh.601020,9.2780351400,9.7409082900,9.0928858800,9.2060326500,41921957,384612562.2300,7.569700,1
2021-07-21,sh.601020,9.2163187200,9.5454729600,8.9694530400,9.4631844000,22888087,206853749.5400,4.132800,1
2021-07-22,sh.601020,9.3911819100,9.9363436200,9.3706097700,9.8951993400,30341929,289567227.0300,5.478700,1
2021-07-23,sh.601020,9.9672018300,10.1729232300,9.5454729600,9.7409082900,30430078,291909754.4600,5.494700,1
2021-07-26,sh.601020,9.6791918700,10.1420650200,9.6586197300,9.8437689900,25855735,248511441.5400,4.668700,1
2021-07-27,sh.601020,9.8951993400,10.1112068100,9.3500376300,9.3500376300,31369885,296009048.7000,5.664400,1
2021-07-28,sh.601020,9.0003112500,9.1237440900,8.8871644800,8.8871644800,28122656,244637586.1400,5.078000,1
2021-07-29,sh.601020,9.0723137400,9.1957465800,8.9900251800,9.0620276700,19017796,168467454.2900,3.434000,1
2021-07-30,sh.601020,9.1237440900,9.1751744400,8.7431595000,9.0414555300,19296616,168607013.0400,3.484300,1
2021-08-02,sh.601020,8.9077366200,8.9797391100,8.5888684500,8.8254480600,22346083,190988992.1400,4.035000,1
2021-08-03,sh.601020,8.7225873600,8.8048759200,8.3934331200,8.4037191900,22037990,183074674.3700,3.979300,1
2021-08-04,sh.601020,8.3522888400,8.6814430800,8.3420027700,8.6814430800,13150541,109946463.9200,2.374600,1
2021-08-05,sh.601020,8.5682963100,8.6197266600,8.4654356100,8.5168659600,9363356,77605434.8600,1.690700,1
2021-08-06,sh.601020,8.4140052600,8.9385948300,8.4140052600,8.9385948300,19331668,166285017.8800,3.490600,1
2021-08-09,sh.601020,8.7945898500,9.3603237000,8.7945898500,9.0723137400,19118300,169092409.0000,3.452100,1
2021-08-10,sh.601020,9.1134580200,9.3397515600,8.8768784100,8.9694530400,17351712,153099705.7000,3.133100,1
2021-08-11,sh.601020,9.1751744400,9.4220401200,9.1751744400,9.4220401200,17402676,158988664.3600,3.142300,1
2021-08-12,sh.601020,9.7614804300,9.8951993400,9.5454729600,9.8951993400,17857510,169872358.9300,3.224400,1
2021-08-13,sh.601020,10.3889307000,10.3889307000,10.2346396500,10.3889307000,7611539,76785179.9000,1.374400,1
2021-08-16,sh.601020,10.9135202700,10.9135202700,10.9135202700,10.9135202700,977200,10368092.0000,0.176400,1
2021-08-17,sh.601020,11.4586819800,11.4586819800,11.4586819800,11.4586819800,1277200,14228008.0000,0.230600,1
2021-08-18,sh.601020,12.0347019000,12.0347019000,10.8826620600,10.8826620600,51497765,563125147.8500,9.298700,1
2021-08-19,sh.601020,10.9855227600,11.4278237700,10.9649506200,11.4278237700,51956244,574986696.4800,9.381500,1
2021-08-20,sh.601020,11.8289805000,12.0038436900,11.4483959100,12.0038436900,44147498,511170123.5100,7.971500,1
2021-08-23,sh.601020,12.6004357500,12.6004357500,12.6004357500,12.6004357500,3080224,37732744.0000,0.556200,1
2021-08-24,sh.601020,13.2278860200,13.2278860200,12.9810203400,13.2278860200,13075400,168030416.0000,2.361000,1
2021-08-25,sh.601020,13.8861945000,13.8861945000,13.4953238400,13.8861945000,47352155,638386028.9500,8.550100,1
2021-08-26,sh.601020,14.4827865600,14.5856472600,14.3079233700,14.5856472600,11431746,161259155.5000,2.064200,1
2021-08-27,sh.601020,15.3159582300,15.3159582300,15.3159582300,15.3159582300,2035098,30302609.2200,0.367500,1
2021-08-30,sh.601020,16.0771274100,16.0771274100,16.0771274100,16.0771274100,1521700,23784171.0000,0.274800,1
2021-08-31,sh.601020,16.8794408700,16.8794408700,15.4085328600,16.8691548000,110122326,1764647949.6300,19.884200,1
2021-09-01,sh.601020,16.4474259300,17.4246025800,16.0256970600,16.0256970600,47413381,753358355.9800,8.561200,1
2021-09-02,sh.601020,15.2542418100,16.7457219600,15.2233836000,16.2828488100,56177764,864325108.4600,10.143400,1
2021-09-03,sh.601020,15.8405478000,16.3239930900,15.4702492800,15.4702492800,36844395,561059777.0100,6.652600,1
2021-09-06,sh.601020,15.4393910700,15.9022642200,14.6987940300,14.6987940300,35855926,517070154.1800,6.474100,1
2021-09-07,sh.601020,14.7399383100,15.4291050000,14.1639183900,15.2028114600,43688990,642174765.3300,7.888400,1
2021-09-08,sh.601020,15.3879607200,15.5731099800,14.6679358200,15.2233836000,31479796,462387451.6500,5.684000,1
2021-09-09,sh.601020,15.1102368300,15.9845527800,14.9250875700,15.9845527800,30724338,468019530.9100,5.547600,1
2021-09-10,sh.601020,16.3548513000,16.7868662400,16.2314184600,16.4165677200,43671945,705466458.2800,7.885400,1
2021-09-13,sh.601020,16.2622766700,17.2394533200,15.9948388500,17.2394533200,35348409,572432276.4300,6.382500,1
2021-09-14,sh.601020,17.2085951100,18.0829110600,16.4165677200,17.5480354200,37901002,634484454.8100,6.843400,1
2021-09-15,sh.601020,17.2805976000,18.2783463900,16.8897269400,17.1674508300,31446459,538854889.2700,5.677900,1
2021-09-16,sh.601020,16.7971523100,17.2497393900,16.3137070200,16.3137070200,28197672,455470018.7500,5.091300,1
2021-09-17,sh.601020,15.5011074900,15.5011074900,15.5011074900,15.5011074900,2196500,33101255.0000,0.396600,1
2021-09-22,sh.601020,14.7296522400,16.1697020400,14.7296522400,15.4805353500,37668820,559668696.1200,6.801400,1
2021-09-23,sh.601020,15.3673885800,15.6245403300,14.7090801000,14.7605104500,27640935,406539235.0500,4.990800,1
2021-09-24,sh.601020,14.9868039900,15.4291050000,14.6267915400,15.0690925500,21465542,315071523.5100,3.875800,1
2021-09-27,sh.601020,14.7707965200,15.1925253900,14.3182094400,14.3182094400,21338051,299778042.7300,3.852800,1
2021-09-28,sh.601020,13.9684830600,14.7090801000,13.9684830600,14.1433462500,17192975,239527536.5800,3.104300,1
2021-09-29,sh.601020,13.9993412700,14.2462069500,13.4336074200,13.4336074200,18957100,251704404.6600,3.422900,1
2021-09-30,sh.601020,13.4644656300,13.6393288200,13.0118785500,13.4953238400,17791434,231886716.8400,3.212400,1
2021-10-08,sh.601020,13.8656223600,14.1742044600,13.7216173800,14.1742044600,16410315,224991943.9700,2.963000,1
2021-10-11,sh.601020,14.4004980000,14.8839432900,14.4004980000,14.8839432900,11599293,166684164.5800,2.094400,1
2021-10-12,sh.601020,15.6142542600,15.6245403300,14.9970900600,15.6245403300,34188347,514513884.1200,6.157600,1
2021-10-13,sh.601020,15.1308089700,15.8302617300,14.8427990100,14.9353736400,26079124,385679606.3400,4.697000,1
2021-10-14,sh.601020,15.1616671800,15.6862567500,14.9148015000,15.6862567500,20085958,301225282.5300,3.617600,1
2021-10-15,sh.601020,15.6759706800,16.4371398600,15.1308089700,15.2233836000,24461079,377539904.4600,4.405600,1
2021-10-18,sh.601020,15.9845527800,15.9845527800,15.3468164400,15.9845527800,22642485,348207681.7000,4.078100,1
2021-10-19,sh.601020,15.8405478000,16.4062816500,15.3776746500,16.1594159700,19936526,307027597.4300,3.590700,1
2021-10-20,sh.601020,15.7274010300,16.1491299000,15.4188189300,15.7788313800,15103334,231513313.6600,2.720200,1
2021-10-21,sh.601020,15.4908214200,15.7788313800,14.9970900600,15.1822393200,19468632,290593683.8600,3.506400,1
2021-10-22,sh.601020,14.9765179200,15.0588064800,14.4210701400,14.4210701400,18386800,259904181.7300,3.311600,1
2021-10-25,sh.601020,14.2873512300,14.8633711500,13.9479109200,14.8633711500,13188579,185875581.0300,2.375400,1
2021-10-26,sh.601020,14.8119408000,15.5936821200,14.6576497500,15.5628239100,16876512,251606375.0600,3.039600,1
2021-10-27,sh.601020,15.4085328600,15.7376871000,15.2851000200,15.7068288900,12499857,188770920.6500,2.251300,1
2021-10-28,sh.601020,16.0668413400,16.4268537900,15.3262443000,15.6039681900,18841168,291146843.7900,3.393400,1
2021-10-29,sh.601020,15.5319657000,16.1491299000,15.3262443000,15.9228363600,11817626,180713129.8300,2.128400,1
2021-11-01,sh.601020,15.9639806400,16.0771274100,15.2233836000,15.2439557400,12422599,188246950.3300,2.237400,1
2021-11-02,sh.601020,14.8119408000,15.0382343400,14.4827865600,14.4827865600,17215489,243900492.4400,3.100600,1
2021-11-03,sh.601020,14.3079233700,14.9970900600,14.0610576900,14.8530850800,13464873,191808248.1300,2.425100,1
2021-11-04,sh.601020,15.0382343400,15.1822393200,14.6782218900,15.0176622000,11328347,164410564.2300,2.040300,1
2021-11-05,sh.601020,14.8119408000,14.8942293600,14.2667790900,14.2667790900,17937100,250578836.2200,3.230600,1
2021-11-08,sh.601020,13.6804731000,14.0713437600,13.5570402600,13.5570402600,21829331,291137788.6000,3.931600,1
2021-11-09,sh.601020,13.6701870300,14.2050626700,13.2690303000,14.0713437600,15677742,210088097.9500,2.823700,1
2021-11-10,sh.601020,13.8450502200,13.9376248500,13.3718910000,13.3718910000,18834300,246504262.2900,3.392200,1
2021-11-11,sh.601020,13.2484581600,13.6290427500,12.9913064100,13.2793163700,16913772,219035634.3400,3.046300,1
2021-11-12,sh.601020,13.4644656300,13.9479109200,13.3307467200,13.9479109200,15910700,212151574.0000,2.865600,1
2021-11-15,sh.601020,14.2564930200,14.2564930200,13.2484581600,13.3204606500,19110019,250575883.9900,3.441900,1
2021-11-16,sh.601020,13.2690303000,13.5878984700,13.0427367600,13.3718910000,10513835,136937143.9300,1.893600,1
2021-11-17,sh.601020,13.2793163700,13.4130352800,12.7547268000,12.8678735700,18703686,236330001.3500,3.368700,1
2021-11-18,sh.601020,12.7650128700,13.1044531800,12.2507093700,12.8987317800,20872554,255708104.8200,3.759300,1
2021-11-19,sh.601020,12.7341546600,12.8781596400,12.4255725600,12.6621521700,10959400,135189668.3900,1.973900,1
2021-11-22,sh.601020,12.4358586300,13.2484581600,12.3638561400,12.9913064100,14641982,183320811.2400,2.637100,1
2021-11-23,sh.601020,12.9810203400,13.5981845400,12.8678735700,13.3718910000,13961985,180980251.3000,2.514700,1
2021-11-24,sh.601020,13.2793163700,13.5467541900,13.1970278100,13.2690303000,10309286,133491893.7400,1.856800,1
2021-11-25,sh.601020,13.2690303000,13.7319034500,13.1867417400,13.5261820500,11003017,143848001.6800,1.981700,1
2021-11-26,sh.601020,13.3718910000,13.7216173800,13.2484581600,13.5570402600,9117528,119718739.7600,1.642100,1
2021-11-29,sh.601020,13.3616049300,14.2359208800,13.3307467200,14.2359208800,18093311,246718596.9500,3.258700,1
2021-11-30,sh.601020,14.3799258600,14.5033587000,13.7833338000,13.8450502200,15569605,212639912.0900,2.804000,1
2021-12-01,sh.601020,13.6907591700,13.9067666400,13.5981845400,13.6599009600,9004170,119942041.2800,1.621600,1
2021-12-02,sh.601020,13.5261820500,13.5673263300,13.0941671100,13.2690303000,15424270,199300322.9500,2.777900,1
2021-12-03,sh.601020,13.2690303000,13.7010452400,12.9810203400,13.4027492100,13026161,168756438.2200,2.346000,1
2021-12-06,sh.601020,13.3101745800,13.6084706100,13.1455974600,13.2793163700,10501471,136308473.6500,1.891300,1
2021-12-07,sh.601020,13.3513188600,13.3718910000,12.7444407300,12.8678735700,15581451,197507165.3800,2.806200,1
2021-12-08,sh.601020,12.8678735700,13.1147392500,12.7238685900,12.8473014300,10961426,137744328.8800,1.974100,1
2021-12-09,sh.601020,12.8575875000,13.0941671100,12.7650128700,12.8987317800,7693200,96675651.4200,1.385500,1
2021-12-10,sh.601020,13.0118785500,13.5467541900,12.8370153600,13.4541795600,14053609,181052993.7200,2.530800,1
2021-12-13,sh.601020,13.2690303000,13.3718910000,13.0941671100,13.2175999500,9320024,119763936.3700,1.678300,1
2021-12-14,sh.601020,13.1455974600,13.2484581600,13.0118785500,13.0427367600,8085451,102865547.1100,1.456000,1
2021-12-15,sh.601020,12.9707342700,13.5261820500,12.9604482000,13.2484581600,11211838,145242271.5100,2.019000,1
2021-12-16,sh.601020,13.1250253200,13.6290427500,13.1250253200,13.4747517000,11489353,150554197.7400,2.069000,1
2021-12-17,sh.601020,13.4336074200,13.6496148900,13.2175999500,13.3307467200,10327800,134465522.7900,1.859800,1
2021-12-20,sh.601020,13.3307467200,13.5878984700,13.2175999500,13.2896024400,8960047,116580704.9200,1.613500,1
2021-12-21,sh.601020,13.3513188600,13.8553362900,13.1147392500,13.6187566800,10922354,143055367.7000,1.966900,1
2021-12-22,sh.601020,13.6599009600,14.2976373000,13.6599009600,14.2976373000,18294044,250323468.9600,3.294400,1
2021-12-23,sh.601020,14.5547890500,14.8222268700,13.8450502200,13.8656223600,22211629,309486536.9700,3.999800,1
2021-12-24,sh.601020,13.7421895200,14.3490676500,13.5261820500,13.7833338000,13427600,179834776.1700,2.418000,1
2021-12-27,sh.601020,13.6907591700,13.9581969900,13.5364681200,13.5467541900,8052594,107523632.4200,1.450100,1
2021-12-28,sh.601020,13.5673263300,13.7833338000,13.4953238400,13.7113313100,6599204,87414566.9300,1.188400,1
2021-12-29,sh.601020,13.7113313100,13.9170527100,13.6187566800,13.6187566800,6092507,81457975.1700,1.097100,1
2021-12-30,sh.601020,13.5878984700,13.7010452400,13.4953238400,13.5158959800,6782636,89583231.6700,1.221400,1
2021-12-31,sh.601020,13.7833338000,14.1433462500,13.6496148900,13.9479109200,10665734,144431823.8400,1.920700,1
2022-01-04,sh.601020,13.7936198700,13.8347641500,13.5364681200,13.5570402600,8861080,117336521.4000,1.595700,1
2022-01-05,sh.601020,13.4336074200,13.5364681200,13.1764556700,13.2073138800,9537617,123030464.6800,1.717500,1
2022-01-06,sh.601020,13.0633089000,13.3101745800,12.9604482000,13.1970278100,7493773,95500214.7100,1.349500,1
2022-01-07,sh.601020,13.0838810400,13.2998885100,12.5387193300,12.5901496800,15719693,195713270.3900,2.830800,1
2022-01-10,sh.601020,12.3432840000,12.6621521700,12.2712815100,12.5284332600,6874900,83302493.0000,1.238000,1
2022-01-11,sh.601020,12.4461447000,12.6004357500,12.2918536500,12.3947143500,7150094,86435539.1800,1.287600,1
2022-01-12,sh.601020,12.4461447000,12.6107218200,12.4255725600,12.5387193300,5467274,66594397.3300,0.984500,1
2022-01-13,sh.601020,12.5387193300,12.6930103800,12.3329979300,12.3741422100,6841200,83006077.0000,1.232000,1
2022-01-14,sh.601020,12.2301372300,12.5284332600,12.1581347400,12.2712815100,7581498,90724183.1800,1.365300,1
2022-01-17,sh.601020,12.2095650900,12.3638561400,11.8701247800,11.9832715500,9711332,113417076.6800,1.748800,1
2022-01-18,sh.601020,11.9215551300,12.1169904600,11.5409705400,11.6232591000,9151091,105497729.8900,1.647900,1
2022-01-19,sh.601020,11.6129730300,12.2095650900,11.2941048600,12.2095650900,15484650,179854289.1100,2.788500,1
2022-01-20,sh.601020,12.1272765300,12.1889929500,11.8804108500,11.8804108500,7349273,85898732.3400,1.323400,1
2022-01-21,sh.601020,12.1272765300,12.4770029100,11.9935576200,12.4770029100,11286181,135422499.8400,2.032400,1
2022-01-24,sh.601020,12.4667168400,12.8884457100,12.1889929500,12.5592914700,9265286,113425694.4400,1.668500,1
2022-01-25,sh.601020,12.4255725600,12.9193039200,12.3432840000,12.5901496800,10325575,127241798.8300,1.859400,1
2022-01-26,sh.601020,12.5901496800,12.6724382400,12.2507093700,12.3947143500,6658538,80780692.3000,1.199100,1
2022-01-27,sh.601020,12.3021397200,12.4770029100,11.7878362200,11.8084083600,8383794,98480670.9000,1.509700,1
2022-01-28,sh.601020,11.6232591000,12.1992790200,11.4483959100,12.0758461800,8487087,96993827.0100,1.528300,1
2022-02-07,sh.601020,12.0861322500,12.5490054000,12.0861322500,12.3947143500,5859029,70456147.9800,1.055100,1
2022-02-08,sh.601020,12.4975750500,13.0015924800,12.4152864900,12.9090178500,8740614,108963060.3600,1.574000,1
2022-02-09,sh.601020,12.9501621300,13.0427367600,12.7547268000,12.8987317800,5859200,73501462.8400,1.055100,1
2022-02-10,sh.601020,13.0221646200,13.4747517000,13.0221646200,13.0735949700,10217277,131275837.3300,1.839800,1
2022-02-11,sh.601020,12.9398760600,13.5158959800,12.8575875000,13.3410327900,9869828,127000066.3000,1.777300,1
2022-02-14,sh.601020,13.3718910000,13.6599009600,13.1353113900,13.1867417400,8598099,111707740.8400,1.548300,1
2022-02-15,sh.601020,13.1455974600,13.3204606500,12.8781596400,13.1147392500,7326061,93128770.7000,1.319200,1
2022-02-16,sh.601020,13.0941671100,13.3616049300,12.9501621300,13.1970278100,5901271,75689821.4900,1.062700,1
2022-02-17,sh.601020,13.2175999500,13.6084706100,13.1764556700,13.4850377700,9578834,124702448.9900,1.724900,1
2022-02-18,sh.601020,13.5776124000,13.5776124000,13.2998885100,13.5158959800,6780924,88663364.9200,1.221100,1
2022-02-21,sh.601020,13.5261820500,14.1947766000,13.4850377700,14.1947766000,14737638,200411808.0700,2.653800,1
2022-02-22,sh.601020,14.1022019700,14.5753611900,13.8656223600,14.1639183900,17794740,245801143.7200,3.204300,1
2022-02-23,sh.601020,14.1124880400,14.8119408000,14.0713437600,14.7707965200,13427466,189660251.6700,2.417900,1
2022-02-24,sh.601020,14.6885079600,15.5113935600,14.5136447700,15.2336696700,32632698,483445568.9100,5.876200,1
2022-02-25,sh.601020,15.0382343400,15.3468164400,14.7090801000,14.7810825900,20036605,292508672.0200,3.608000,1
2022-02-28,sh.601020,15.0588064800,15.3262443000,14.8427990100,15.3056721600,11957057,176149207.0000,2.153100,1
2022-03-01,sh.601020,15.4291050000,15.7376871000,15.1719532500,15.2233836000,11632998,174460465.0000,2.094700,1
2022-03-02,sh.601020,15.3879607200,15.7068288900,15.1822393200,15.5731099800,10375883,155922788.0000,1.868400,1
2022-03-03,sh.601020,15.5422517700,16.3034209500,15.4496771400,16.1388438300,12990484,201275586.0000,2.339200,1
2022-03-04,sh.601020,16.0976995500,16.3342791600,15.7994035200,15.8919781500,12609058,196803773.0000,2.270500,1
2022-03-07,sh.601020,16.1491299000,16.6017169800,16.0256970600,16.4577120000,10912736,173638506.0000,1.965000,1
2022-03-08,sh.601020,16.5708587700,17.0234458500,15.6348264000,15.9742667100,29253403,462045392.0000,5.267600,1
2022-03-09,sh.601020,16.0976995500,16.2211323900,15.1719532500,15.1719532500,22182350,332169568.0000,3.994400,1
2022-03-10,sh.601020,14.7707965200,15.2953860900,14.5033587000,15.0793786200,14948193,217705114.0000,2.691700,1
2022-03-11,sh.601020,14.9353736400,15.8199756600,14.8530850800,15.8199756600,15564596,233231954.0000,2.802700,1
2022-03-14,sh.601020,15.8096895900,16.3754234400,15.6039681900,15.9948388500,14597391,228097431.0000,2.628500,1
2022-03-15,sh.601020,15.6348264000,15.6656846100,15.1925253900,15.1925253900,15899198,237360567.0000,2.863000,1
2022-03-16,sh.601020,15.2130975300,15.3673885800,14.4313562100,14.5959333300,22572863,322293824.0000,4.064700,1
2022-03-17,sh.601020,14.8119408000,15.1719532500,14.7090801000,14.9559457800,11908196,172906924.0000,2.144300,1
2022-03-18,sh.601020,14.8119408000,15.7068288900,14.6267915400,15.7068288900,15702670,233611190.4000,2.827600,1
2022-03-21,sh.601020,15.7068288900,16.2108463200,15.5936821200,15.7171149600,13353002,206022521.9100,2.404500,1
2022-03-22,sh.601020,15.5833960500,15.9536945700,15.5833960500,15.8199756600,6865047,105309287.1800,1.236200,1
2022-03-23,sh.601020,15.9434085000,16.2622766700,15.8405478000,16.1491299000,8751441,136394256.7500,1.575900,1
2022-03-24,sh.601020,16.1388438300,16.6634334000,16.0154109900,16.5914309100,11608535,184152291.4800,2.090300,1
2022-03-25,sh.601020,16.6531473300,16.8588687300,16.2108463200,16.2725627400,13596296,217470077.8400,2.448300,1
2022-03-28,sh.601020,15.8199756600,15.8302617300,15.4599632100,15.4702492800,16260693,246134526.1700,2.927600,1
2022-03-29,sh.601020,15.6142542600,16.2417045300,15.5833960500,16.2417045300,14046653,218401487.4800,2.529000,1
2022-03-30,sh.601020,16.4988562800,17.0234458500,16.1491299000,16.6325751900,14708130,238234641.6800,2.648100,1
2022-03-31,sh.601020,16.7148637500,17.4657468600,16.5194284200,17.4451747200,16457746,274923939.5800,2.963100,1
2022-04-01,sh.601020,17.3628861600,18.2577742500,17.0440179900,18.1034832000,18809829,321455540.5600,3.386600,1
2022-04-06,sh.601020,18.1034832000,18.9263688000,17.6406100500,18.3297767400,19246570,343963752.3500,3.439700,1
2022-04-07,sh.601020,18.1651996200,18.7103613300,17.9491921500,18.5457842100,12933477,231463649.5400,2.311400,1
2022-04-08,sh.601020,18.6177867000,18.7617916800,18.2063439000,18.4223513700,10616826,190382160.5400,1.897400,1
2022-04-11,sh.601020,17.8977618000,18.3709210200,17.5788936300,17.5788936300,12732667,221635074.8600,2.275500,1
2022-04-12,sh.601020,17.5788936300,18.4532095800,17.5788936300,18.4532095800,13265215,234951646.9400,2.370700,1
2022-04-13,sh.601020,18.5972145600,19.3789558800,18.4532095800,19.3275255300,18063880,334377034.7300,3.228300,1
2022-04-14,sh.601020,19.7492544000,19.9035454500,18.7206474000,18.9675130800,20936871,394842228.4200,3.741700,1
2022-04-15,sh.601020,18.9777991500,19.4303862300,18.0211946400,18.0211946400,22825000,411363773.1400,4.079200,1
2022-04-18,sh.601020,17.8154732400,18.9263688000,17.3320279500,18.9263688000,18275195,326398437.7200,3.262500,1
2022-04-19,sh.601020,19.1218041300,19.6463937000,18.7206474000,19.1526623400,16184835,302327688.0000,2.889300,1
2022-04-20,sh.601020,18.7206474000,19.0600877100,18.1960578300,18.3092046000,17423726,313366907.2600,3.110500,1
2022-04-21,sh.601020,18.2577742500,18.8029359600,17.7434707500,18.0623389200,15002133,265807874.5000,2.678200,1
2022-04-22,sh.601020,17.5480354200,17.7434707500,17.1571647600,17.1571647600,17336086,291199761.1300,3.094900,1
2022-04-25,sh.601020,16.4268537900,16.5605727000,16.3034209500,16.3034209500,6852817,108852238.7700,1.223400,1
2022-04-26,sh.601020,15.4908214200,16.7148637500,15.4908214200,15.4908214200,18907743,290693880.3100,3.375400,1
2022-04-27,sh.601020,14.7605104500,15.6862567500,14.7296522400,15.4599632100,17802198,262120612.1000,3.178100,1
2022-04-28,sh.601020,15.3365303700,16.0462692000,15.2336696700,15.8816920800,12282386,188273591.6000,2.192700,1
2022-04-29,sh.601020,15.0896646900,15.3879607200,15.0896646900,15.0896646900,20202718,297057358.9800,3.606600,1
2022-05-05,sh.601020,14.7090801000,15.1513811100,14.3593537200,14.7810825900,14869384,212253904.3100,2.654500,1
2022-05-06,sh.601020,14.5136447700,15.5216796300,14.3387815800,15.5216796300,15244458,223423775.2000,2.721500,1
2022-05-09,sh.601020,15.9125502900,16.1079856200,15.3571025100,15.4188189300,12676995,194272885.7100,2.263100,1
2022-05-10,sh.601020,15.0279482700,15.0999507600,14.6576497500,14.8119408000,13346139,192667051.9200,2.382600,1
2022-05-11,sh.601020,14.1433462500,14.5033587000,14.0713437600,14.0713437600,22513968,310152871.5700,4.019200,1
2022-05-12,sh.601020,14.0919159000,14.5136447700,13.9479109200,14.3490676500,13527804,187626795.6900,2.415000,1
2022-05-13,sh.601020,14.5547890500,14.6370776100,13.9890552000,14.2256348100,11284996,156434904.8200,2.006900,1
2022-05-16,sh.601020,14.2050626700,14.9353736400,14.1947766000,14.9353736400,12233491,174049501.3700,2.175600,1
2022-05-17,sh.601020,15.3262443000,15.6862567500,15.1205229000,15.6862567500,13493024,203339007.5200,2.399600,1
2022-05-18,sh.601020,15.2130975300,16.0359831300,15.1410950400,15.6142542600,16471371,248147247.2800,2.929200,1
2022-05-19,sh.601020,15.5525378400,16.3959955800,15.3262443000,16.1902741800,16720188,260787681.6300,2.973500,1
2022-05-20,sh.601020,16.1902741800,16.9514433600,16.1182716900,16.7971523100,15819583,254753361.5800,2.813300,1
2022-05-23,sh.601020,16.5811448400,17.1057344100,16.3959955800,16.4371398600,13720488,222623702.6400,2.440000,1
2022-05-24,sh.601020,16.3754234400,17.2600254600,15.8096895900,16.9000130100,21190084,338822238.4900,3.768400,1
2022-05-25,sh.601020,16.9000130100,16.9000130100,16.9000130100,16.9000130100,,,,1
2022-05-26,sh.601020,17.3320279500,18.2063439000,16.1182716900,16.2828488100,43387903,718934995.8100,7.716000,1
2022-05-27,sh.601020,16.1491299000,16.4782841400,15.1719532500,15.2851000200,32013877,490490903.0100,5.693200,1
2022-05-30,sh.601020,15.0279482700,15.6142542600,14.8530850800,15.3468164400,19717574,292819160.9600,3.506500,1
2022-05-31,sh.601020,15.4085328600,15.4291050000,14.2256348100,14.4004980000,28614541,405352301.9100,5.088700,1
2022-06-01,sh.601020,14.2050626700,15.2130975300,14.1639183900,14.5342169100,21106144,301150965.9400,3.753400,1
2022-06-02,sh.601020,14.5136447700,14.7810825900,14.2256348100,14.3284955100,16584436,232203053.8300,2.949300,1
2022-06-06,sh.601020,14.5856472600,15.0382343400,14.4107840700,14.9148015000,21189561,304427524.1500,3.768300,1
2022-06-07,sh.601020,14.9148015000,14.9868039900,14.2976373000,14.4107840700,18941915,267496375.3600,3.368600,1
2022-06-08,sh.601020,14.2462069500,14.5856472600,13.9479109200,14.2256348100,17659675,244287019.3000,3.140500,1
2022-06-09,sh.601020,14.2256348100,14.2770651600,13.4541795600,13.4953238400,25548829,340070581.3000,4.543500,1
2022-06-10,sh.601020,13.3718910000,14.5445029800,13.3410327900,14.3799258600,24673842,337918678.0700,4.387900,1
2022-06-13,sh.601020,14.4930726300,15.0588064800,14.4313562100,14.6267915400,21397328,305570877.0400,3.805200,1
2022-06-14,sh.601020,14.3182094400,14.4827865600,13.9993412700,14.4313562100,15490093,214939395.7900,2.754700,1
2022-06-15,sh.601020,14.4107840700,14.4210701400,13.9273387800,14.1227741100,15895223,218727879.7900,2.826700,1
2022-06-16,sh.601020,14.2050626700,14.6885079600,13.9479109200,14.3387815800,16971323,236274708.5400,3.018100,1
2022-06-17,sh.601020,14.2359208800,15.7685453100,14.2359208800,15.5319657000,44184636,654677947.4000,7.857600,1
2022-06-20,sh.601020,15.7479731700,15.9948388500,15.0690925500,15.8714060100,37487606,567232852.4800,6.666600,1
2022-06-21,sh.601020,15.6965428200,16.0771274100,15.2130975300,15.3571025100,23908102,361922988.2700,4.251700,1
2022-06-22,sh.601020,15.3571025100,16.5914309100,15.2439557400,16.1594159700,32523191,503813194.1500,5.783800,1
2022-06-23,sh.601020,16.0462692000,16.9000130100,15.5319657000,15.8816920800,34778564,544520386.8400,6.184900,1
2022-06-24,sh.601020,15.7376871000,16.0256970600,15.3776746500,15.4291050000,24119130,367332253.5900,4.289200,1
2022-06-27,sh.601020,15.3159582300,16.5605727000,15.2439557400,16.3137070200,34867712,536991102.0800,6.200700,1
2022-06-28,sh.601020,16.1285577600,16.7765801700,16.0051249200,16.5811448400,32206504,514633090.7500,5.727500,1
2022-06-29,sh.601020,16.4474259300,16.4474259300,15.6348264000,15.6348264000,23968939,372290258.3400,4.262500,1
2022-06-30,sh.601020,15.5422517700,16.0256970600,15.4496771400,15.5113935600,17766892,271331640.6900,3.159600,1
2022-07-01,sh.601020,15.2748139500,15.5833960500,14.7605104500,15.2953860900,18395707,271961689.2500,3.271400,1
2022-07-04,sh.601020,15.2028114600,15.4085328600,14.9868039900,15.1822393200,13873394,204862592.3600,2.467200,1
2022-07-05,sh.601020,15.0279482700,15.3262443000,14.5136447700,14.7193661700,20323399,293248230.8600,3.614200,1
2022-07-06,sh.601020,14.4004980000,14.5547890500,14.0816298300,14.3593537200,16346997,227386277.7500,2.907100,1
2022-07-07,sh.601020,14.3593537200,14.7399383100,14.2050626700,14.5445029800,11479179,162073798.1600,2.041400,1
2022-07-08,sh.601020,14.4622144200,14.6576497500,14.2976373000,14.3593537200,10439659,146872001.6300,1.856500,1
2022-07-11,sh.601020,14.2564930200,14.2667790900,13.8759084300,14.0507716200,10797687,146949955.5800,1.920200,1
2022-07-12,sh.601020,14.0404855500,14.5445029800,13.9787691300,14.1742044600,10648771,147835408.0500,1.893700,1
2022-07-13,sh.601020,14.0507716200,14.4622144200,14.0404855500,14.3696397900,8363945,116117742.0000,1.487400,1
2022-07-14,sh.601020,14.2770651600,14.4004980000,14.1433462500,14.2050626700,9418894,130387565.3200,1.675000,1
2022-07-15,sh.601020,13.8964805700,14.0610576900,13.5878984700,13.5878984700,13310212,178073157.5200,2.367000,1
2022-07-18,sh.601020,13.5673263300,14.1947766000,13.5570402600,14.1124880400,11418320,155292543.0900,2.030600,1
2022-07-19,sh.601020,14.0507716200,14.2564930200,13.7936198700,13.9890552000,8536600,116319430.0000,1.518100,1
2022-07-20,sh.601020,14.0507716200,14.1639183900,13.9273387800,14.1330601800,7028894,95908804.3300,1.250000,1
2022-07-21,sh.601020,13.9376248500,14.5342169100,13.6907591700,14.0919159000,15131127,207178024.7700,2.690800,1
2022-07-22,sh.601020,14.1124880400,14.2667790900,13.6393288200,13.8039059400,11627953,156663368.1000,2.067900,1
2022-07-25,sh.601020,13.5878984700,14.0199134100,13.5878984700,13.6496148900,7057319,94382392.4600,1.255000,1
2022-07-26,sh.601020,13.6804731000,13.8964805700,13.4336074200,13.8553362900,9358979,124544535.7500,1.664400,1
2022-07-27,sh.601020,13.7833338000,14.4004980000,13.6907591700,14.3284955100,14300216,197528215.4800,2.543100,1
2022-07-28,sh.601020,14.4416422800,14.4930726300,14.0816298300,14.1330601800,10177537,140770640.8500,1.809900,1
2022-07-29,sh.601020,14.2667790900,14.3079233700,13.7010452400,13.7730477300,11053574,149794875.2700,1.965700,1
2022-08-01,sh.601020,13.7936198700,14.0919159000,13.7010452400,13.8759084300,8825346,119073409.1300,1.569500,1
2022-08-02,sh.601020,13.8759084300,13.9787691300,13.0324506900,13.1867417400,15252473,198339490.4300,2.712400,1
2022-08-03,sh.601020,13.0118785500,13.6187566800,12.8575875000,12.9913064100,11310544,145415904.2100,2.011400,1
2022-08-04,sh.601020,13.0633089000,13.1661696000,12.7650128700,13.1455974600,8326655,105215534.0000,1.480800,1
2022-08-05,sh.601020,13.2793163700,13.4644656300,13.0530228300,13.2793163700,8035321,103533376.0000,1.429000,1
2022-08-08,sh.601020,13.2793163700,13.8656223600,13.2793163700,13.8039059400,12242740,162763871.0000,2.177200,1
2022-08-09,sh.601020,13.6804731000,13.9273387800,13.6804731000,13.7627616600,6531807,87709577.0000,1.161600,1
2022-08-10,sh.601020,13.7113313100,14.1844905300,13.6701870300,13.9273387800,11611140,158090059.0000,2.064900,1
2022-08-11,sh.601020,13.9067666400,13.9890552000,13.7010452400,13.7730477300,8864588,118854329.0000,1.576400,1
2022-08-12,sh.601020,13.8450502200,14.1433462500,13.7730477300,13.8861945000,9466089,128409058.0000,1.683400,1
2022-08-15,sh.601020,13.9273387800,14.0404855500,13.7627616600,13.7936198700,8958253,120588658.3200,1.593100,1
2022-08-16,sh.601020,13.6804731000,13.9376248500,13.5570402600,13.8861945000,9274819,123777340.5600,1.649400,1
2022-08-17,sh.601020,13.8964805700,13.9273387800,13.5981845400,13.6907591700,8741588,116352248.5200,1.554600,1
2022-08-18,sh.601020,13.6084706100,13.7113313100,13.3718910000,13.4644656300,8317464,109171936.7300,1.479100,1
2022-08-19,sh.601020,13.4953238400,13.5364681200,13.2175999500,13.2484581600,8360400,108037451.6500,1.486800,1
2022-08-22,sh.601020,13.0221646200,13.4747517000,12.9604482000,13.4438934900,7832195,100831613.5100,1.392800,1
2022-08-23,sh.601020,13.3821770700,13.4747517000,13.2073138800,13.2484581600,7050782,91119872.1600,1.253900,1
2022-08-24,sh.601020,13.3410327900,13.3718910000,12.6827243100,12.7444407300,12178400,153014552.4500,2.165700,1
2022-08-25,sh.601020,12.7341546600,12.8575875000,12.4461447000,12.8370153600,8756630,107887714.7900,1.557200,1
2022-08-26,sh.601020,12.7547268000,13.0633089000,12.7341546600,12.9604482000,6366226,80127192.0500,1.132100,1
2022-08-29,sh.601020,12.7341546600,13.6599009600,12.6518661000,13.4541795600,13422373,173434448.4000,2.387000,1
2022-08-30,sh.601020,13.4541795600,13.4850377700,13.0427367600,13.1353113900,7065300,90867861.0000,1.256500,1
2022-08-31,sh.601020,13.0530228300,13.1353113900,12.5592914700,12.6518661000,9194274,113852628.5900,1.635100,1
2022-09-01,sh.601020,12.6312939600,12.7341546600,12.5284332600,12.5387193300,5317582,65171309.6100,0.945700,1
2022-09-02,sh.601020,12.4461447000,12.5901496800,12.3844282800,12.5387193300,4449783,54114408.7700,0.791300,1
2022-09-05,sh.601020,12.4152864900,12.7032964500,12.4152864900,12.6827243100,4316387,52973926.4900,0.767600,1
2022-09-06,sh.601020,12.7032964500,13.0118785500,12.6518661000,12.8164432200,6690722,83764596.1800,1.189800,1
2022-09-07,sh.601020,12.7444407300,13.1455974600,12.6724382400,12.9913064100,6667522,83847131.6400,1.185700,1
2022-09-08,sh.601020,12.9501621300,13.3204606500,12.8473014300,13.1250253200,8443822,107405531.7400,1.501600,1
2022-09-09,sh.601020,13.0735949700,13.2690303000,12.9913064100,13.1353113900,6078995,77630012.2500,1.081100,1
2022-09-13,sh.601020,13.1353113900,13.6599009600,13.1353113900,13.4541795600,12332989,162055165.3600,2.193200,1
2022-09-14,sh.601020,13.2175999500,13.2587442300,12.9913064100,13.0221646200,7024100,89568280.0000,1.249100,1
2022-09-15,sh.601020,13.1250253200,13.1661696000,12.4564307700,12.6004357500,9616000,118547787.0300,1.710100,1
2022-09-16,sh.601020,12.5078611200,12.9398760600,12.2918536500,12.4564307700,8194800,100509497.3800,1.457300,1
2022-09-19,sh.601020,12.4770029100,13.7010452400,12.3947143500,13.1455974600,17538885,225912174.9200,3.119000,1
2022-09-20,sh.601020,13.3718910000,13.7319034500,13.1558835300,13.5673263300,15599059,204181649.8400,2.774000,1
2022-09-21,sh.601020,13.6804731000,14.6062194000,13.5056099100,14.5239308400,30274089,419849965.6400,5.383800,1
2022-09-22,sh.601020,14.3902119300,14.6062194000,14.2564930200,14.4210701400,15749050,221003238.2800,2.800700,1
2022-09-23,sh.601020,14.6062194000,14.8016547300,14.1639183900,14.2770651600,15458624,217004675.3400,2.749100,1
2022-09-26,sh.601020,14.1022019700,14.2667790900,13.7421895200,13.7936198700,13828888,186987896.9300,2.459300,1
2022-09-27,sh.601020,13.8244780800,14.0507716200,13.5056099100,13.9581969900,10955874,146991885.2400,1.948300,1
2022-09-28,sh.601020,13.8347641500,13.9170527100,13.0118785500,13.0324506900,12752567,166059297.1200,2.267800,1
2022-09-29,sh.601020,13.2690303000,13.5056099100,13.0735949700,13.1661696000,8532175,110255429.3700,1.517300,1
2022-09-30,sh.601020,13.1661696000,13.3410327900,12.8987317800,13.1250253200,7391700,94447893.0000,1.314500,1
2022-10-10,sh.601020,13.1250253200,13.6290427500,12.7855850100,12.9604482000,9892225,127082281.1000,1.759200,1
2022-10-11,sh.601020,12.9090178500,13.0118785500,12.5078611200,12.9090178500,6677331,82748430.1600,1.187500,1
2022-10-12,sh.601020,12.9295899900,13.2484581600,12.5592914700,13.2484581600,9645420,121237797.0300,1.715300,1
2022-10-13,sh.601020,13.1970278100,13.2793163700,12.9604482000,12.9810203400,6931900,88263162.0000,1.232700,1
2022-10-14,sh.601020,13.0221646200,13.3410327900,12.9501621300,13.1455974600,9960700,126984530.0000,1.771400,1
2022-10-17,sh.601020,13.0118785500,13.1250253200,12.7341546600,13.0838810400,6242600,78991273.0000,1.110100,1
2022-10-18,sh.601020,13.1867417400,13.2278860200,12.9707342700,13.0015924800,7481400,95077422.0000,1.330400,1
2022-10-19,sh.601020,13.0530228300,13.1764556700,12.6827243100,12.6930103800,8575758,107347343.3900,1.525100,1
2022-10-20,sh.601020,12.6724382400,13.2587442300,12.5181471900,12.8061571500,11021717,138077390.4600,1.960000,1
2022-10-21,sh.601020,12.8473014300,12.8678735700,12.5490054000,12.5592914700,6588269,81187336.1700,1.171600,1
2022-10-24,sh.601020,12.6107218200,13.0118785500,12.5901496800,12.7238685900,10712414,133500862.3000,1.905000,1
2022-10-25,sh.601020,12.6210078900,12.6518661000,11.8289805000,12.1992790200,12314417,145703603.5600,2.189900,1
2022-10-26,sh.601020,12.1375626000,12.3432840000,12.0758461800,12.1684208100,6108655,72433215.8500,1.086300,1
2022-10-27,sh.601020,12.2918536500,12.7547268000,12.2095650900,12.3638561400,10375474,125755236.5000,1.845100,1
2022-10-28,sh.601020,12.5284332600,13.4336074200,12.3638561400,12.7135825200,16379031,204315983.5500,2.912800,1
2022-10-31,sh.601020,12.6518661000,12.9193039200,12.4461447000,12.8370153600,8102462,100162773.6800,1.440900,1
2022-11-01,sh.601020,12.8678735700,13.0735949700,12.7341546600,12.9810203400,8771670,110022511.8100,1.559900,1
2022-11-02,sh.601020,12.9090178500,13.1455974600,12.8575875000,12.9090178500,7531606,95093978.7000,1.339400,1
2022-11-03,sh.601020,12.7650128700,13.0221646200,12.7238685900,12.9604482000,6063181,76201259.2300,1.078200,1
2022-11-04,sh.601020,12.9501621300,13.2998885100,12.9398760600,13.1764556700,11450573,146504007.1800,2.036300,1
2022-11-07,sh.601020,13.3718910000,13.8450502200,13.3718910000,13.7627616600,17386778,230564392.8000,3.092000,1
2022-11-08,sh.601020,13.7524755900,14.3490676500,13.5878984700,13.8759084300,21378252,291677384.7800,3.801800,1
2022-11-09,sh.601020,14.1639183900,14.2564930200,13.8759084300,13.8861945000,13050369,178478210.7100,2.320800,1
2022-11-10,sh.601020,13.7833338000,13.9684830600,13.5673263300,13.5776124000,11302231,150712146.6800,2.009900,1
2022-11-11,sh.601020,14.3696397900,14.4210701400,13.5261820500,13.6084706100,21076007,283835643.1400,3.748000,1
2022-11-14,sh.601020,13.6496148900,13.8039059400,13.1353113900,13.3821770700,15102613,197040287.4200,2.685800,1
2022-11-15,sh.601020,13.3101745800,13.4336074200,13.2175999500,13.3718910000,9178823,119009334.8500,1.632300,1
2022-11-16,sh.601020,13.4027492100,13.4438934900,13.2381720900,13.2896024400,6837580,88539571.7500,1.216000,1
2022-11-17,sh.601020,13.2690303000,13.3101745800,12.9707342700,13.1147392500,8499689,108285801.1800,1.511500,1
2022-11-18,sh.601020,13.0941671100,13.1558835300,12.7547268000,12.7752989400,9600304,121013601.3100,1.707300,1
2022-11-21,sh.601020,12.6518661000,12.9193039200,12.5695775400,12.8678735700,7115602,88341471.3300,1.265400,1
2022-11-22,sh.601020,12.9398760600,12.9913064100,12.6518661000,12.6621521700,6124298,75952370.2900,1.089100,1
2022-11-23,sh.601020,12.6518661000,12.7341546600,12.5490054000,12.6210078900,6364468,78096200.7200,1.131800,1
2022-11-24,sh.601020,12.6621521700,13.0015924800,12.6518661000,12.9090178500,9491067,118589270.1500,1.687800,1
2022-11-25,sh.601020,12.8575875000,13.1455974600,12.7752989400,12.8987317800,8001767,100751463.1900,1.423000,1
2022-11-28,sh.601020,12.7135825200,12.7855850100,12.4050004200,12.4872889800,9756597,118789178.6400,1.735100,1
2022-11-29,sh.601020,12.4050004200,12.7650128700,12.4050004200,12.7238685900,6930908,85018235.9300,1.232600,1
2022-11-30,sh.601020,12.8061571500,12.8061571500,12.6210078900,12.6621521700,5041031,62209310.5200,0.896500,1
2022-12-01,sh.601020,12.8884457100,12.9913064100,12.8061571500,12.9501621300,8387621,105214167.5700,1.491600,1
2022-12-02,sh.601020,13.0735949700,13.1147392500,12.5901496800,12.6210078900,9852415,122519254.3500,1.752100,1
2022-12-05,sh.601020,12.5490054000,12.9193039200,12.5490054000,12.8473014300,8151625,101141591.5000,1.449600,1
2022-12-06,sh.601020,12.7547268000,12.9604482000,12.5592914700,12.8987317800,10034048,124794103.3800,1.784400,1
2022-12-07,sh.601020,12.8987317800,13.0118785500,12.7855850100,12.8164432200,6146650,76952172.0000,1.093100,1
2022-12-08,sh.601020,12.8267292900,12.8987317800,12.6107218200,12.6518661000,5851300,72531417.4000,1.040600,1
2022-12-09,sh.601020,12.6107218200,13.1867417400,12.5798636100,13.1867417400,16684545,210729837.4300,2.967100,1
2022-12-12,sh.601020,13.0838810400,13.4644656300,12.9090178500,12.9398760600,11382570,144839649.5800,2.024200,1
2022-12-13,sh.601020,12.9810203400,13.3204606500,12.9398760600,13.1558835300,9713479,124341267.5300,1.727400,1
2022-12-14,sh.601020,13.2484581600,13.3204606500,13.1147392500,13.1455974600,6263500,80453733.0000,1.113900,1
2022-12-15,sh.601020,12.9707342700,13.0838810400,12.7547268000,12.8267292900,8345600,104312791.0000,1.484100,1
2022-12-16,sh.601020,12.7444407300,12.8164432200,12.5490054000,12.5901496800,6245300,76784433.4600,1.110600,1
2022-12-19,sh.601020,12.5695775400,12.6312939600,12.1478486700,12.2301372300,8027054,96402200.2400,1.427500,1
2022-12-20,sh.601020,12.2198511600,12.3124257900,12.0655601100,12.1375626000,4757999,56342275.2300,0.846100,1
2022-12-21,sh.601020,12.2301372300,12.4152864900,11.9935576200,12.1787068800,4531231,53891308.7000,0.805800,1
2022-12-22,sh.601020,12.1684208100,12.3227118600,11.9626994100,12.0141297600,4647246,54838983.9200,0.826400,1
2022-12-23,sh.601020,11.9524133400,12.0141297600,11.6952615900,11.7466919400,5320644,61193306.6000,0.946200,1
2022-12-26,sh.601020,11.8084083600,11.9318412000,11.6746894500,11.9318412000,3398800,39010460.2100,0.604400,1
2022-12-27,sh.601020,11.9832715500,12.2712815100,11.9421272700,12.2507093700,5339288,63129272.0500,0.949500,1
2022-12-28,sh.601020,12.1478486700,12.2918536500,12.0347019000,12.0552740400,3726938,44044849.9100,0.662800,1
2022-12-29,sh.601020,11.9421272700,12.1169904600,11.7981222900,11.8084083600,4030850,46547018.5000,0.716800,1
2022-12-30,sh.601020,11.8392665700,11.9524133400,11.7981222900,11.8289805000,3037045,35012373.5700,0.540100,1
2023-01-03,sh.601020,11.8392665700,12.2198511600,11.7775501500,12.1272765300,4150681,48387286.9400,0.738100,1
2023-01-04,sh.601020,12.0655601100,12.1992790200,11.9421272700,12.0038436900,3933075,46122849.0000,0.699400,1
2023-01-05,sh.601020,12.0347019000,12.1787068800,11.9832715500,12.1375626000,4284008,50404686.6900,0.761800,1
2023-01-06,sh.601020,12.1478486700,13.0633089000,12.1375626000,12.8575875000,17232193,212632332.0900,3.064500,1
2023-01-09,sh.601020,12.9913064100,13.1867417400,12.7958710800,13.0838810400,12957395,163976662.8000,2.304300,1
2023-01-10,sh.601020,13.1661696000,13.1867417400,12.8164432200,12.8473014300,9761731,123132985.2700,1.736000,1
2023-01-11,sh.601020,12.8267292900,12.9090178500,12.4872889800,12.5592914700,8969201,110413370.3000,1.595000,1
2023-01-12,sh.601020,12.6621521700,12.7752989400,12.4358586300,12.4872889800,6233000,76099989.0000,1.108400,1
2023-01-13,sh.601020,12.5798636100,13.1044531800,12.5798636100,12.7238685900,13984417,174848539.7600,2.486900,1
2023-01-16,sh.601020,13.1661696000,13.3718910000,13.0015924800,13.0427367600,14565602,186680712.8100,2.590200,1
2023-01-17,sh.601020,13.0633089000,13.1970278100,12.8370153600,12.9501621300,7382800,93197156.0000,1.312900,1
2023-01-18,sh.601020,12.9604482000,13.3924631400,12.9604482000,13.3101745800,14167913,182874204.8200,2.519500,1
2023-01-19,sh.601020,13.3513188600,13.3924631400,13.1661696000,13.3101745800,9163366,118285148.0000,1.629500,1
2023-01-20,sh.601020,13.3718910000,13.8450502200,13.3410327900,13.6290427500,12646300,167499993.9600,2.248900,1
2023-01-30,sh.601020,13.8553362900,14.2976373000,13.6393288200,13.9993412700,19090921,258630498.9800,3.395000,1
2023-01-31,sh.601020,13.8861945000,15.1616671800,13.8347641500,14.8016547300,34619623,493378822.9000,6.156500,1
2023-02-01,sh.601020,15.1513811100,16.2828488100,15.1308089700,16.2828488100,45465931,712529218.4500,8.085300,1
2023-02-02,sh.601020,16.3548513000,16.8794408700,15.8405478000,16.0462692000,69665693,1106885970.9000,12.388900,1
2023-02-03,sh.601020,16.0462692000,16.4679980700,15.8508338700,16.4474259300,37767095,593145736.5600,6.716200,1
2023-02-06,sh.601020,16.0565552700,17.0954483400,15.8919781500,16.7662941000,36051710,574202600.2400,6.411200,1
2023-02-07,sh.601020,16.7045776800,18.4429235100,16.4577120000,18.3914931600,58054347,1005662097.8500,10.324000,1
2023-02-08,sh.601020,18.0726249900,18.5766424200,17.3217418800,17.3217418800,51475119,899738655.6200,9.154000,1
2023-02-09,sh.601020,17.1057344100,17.7846150300,16.7765801700,17.4760329300,42027214,706124516.0400,7.473800,1
2023-02-10,sh.601020,17.4246025800,17.9183339400,17.1057344100,17.5583214900,27911797,476227556.6100,4.963600,1
2023-02-13,sh.601020,17.4966050700,18.2989185300,17.3834583000,17.7743289600,29942102,521249233.5300,5.324700,1
2023-02-14,sh.601020,17.8154732400,18.2577742500,17.4348886500,17.5068911400,30889528,534223733.3000,5.493200,1
2023-02-15,sh.601020,17.5686075600,17.8669035900,17.3526000900,17.4246025800,24276934,414312869.7000,4.317200,1
2023-02-16,sh.601020,17.3834583000,17.5583214900,16.2622766700,16.4474259300,37073790,608402182.8100,6.592900,1
2023-02-17,sh.601020,16.6428612600,16.7457219600,16.3445652300,16.3857095100,21016854,337805911.3400,3.737500,1
2023-02-20,sh.601020,16.5502866300,18.0211946400,16.4577120000,17.7126125400,44153930,748736867.3600,7.852000,1
2023-02-21,sh.601020,18.0211946400,18.3606349500,17.4451747200,17.6611821900,31201090,541137414.1900,5.548600,1
2023-02-22,sh.601020,17.7331846800,17.8257593100,17.2805976000,17.4040304400,19270688,328032213.3600,3.427000,1
2023-02-23,sh.601020,17.3217418800,17.7434707500,17.1777369000,17.4966050700,16478656,279741821.0600,2.930400,1
2023-02-24,sh.601020,17.3834583000,17.5068911400,17.0234458500,17.1674508300,14035834,234494166.0000,2.496000,1
2023-02-27,sh.601020,17.0543040600,17.2600254600,16.8382965900,16.9720155000,13835492,229190717.6600,2.460400,1
2023-02-28,sh.601020,17.0645901300,17.2703115300,16.9000130100,17.1057344100,13084000,217363377.7100,2.326800,1
2023-03-01,sh.601020,17.0748762000,17.5377493500,16.9925876400,17.2805976000,13883793,232936558.1000,2.469000,1
2023-03-02,sh.601020,17.2805976000,17.4246025800,16.7868662400,16.8382965900,14592959,242320316.0400,2.595100,1
2023-03-03,sh.601020,16.8177244500,16.9411572900,16.4679980700,16.7457219600,13887661,225455718.1300,2.469700,1
2023-03-06,sh.601020,16.8588687300,16.8691548000,16.5194284200,16.7560080300,9745799,158386852.7800,1.733100,1
2023-03-07,sh.601020,16.7148637500,16.9720155000,16.2622766700,16.3034209500,14566142,234511790.2500,2.590300,1
2023-03-08,sh.601020,16.0976995500,16.2314184600,15.5628239100,15.7171149600,21483335,330280892.5900,3.820400,1
2023-03-09,sh.601020,15.7582592400,15.9022642200,15.4908214200,15.8096895900,10502130,160420720.2000,1.867600,1
2023-03-10,sh.601020,15.6348264000,15.8508338700,15.4702492800,15.4908214200,8125327,123349371.0500,1.445000,1
2023-03-13,sh.601020,15.7582592400,15.9742667100,15.5113935600,15.8508338700,15032368,230200645.3300,2.673300,1
2023-03-14,sh.601020,16.1491299000,16.4165677200,15.3056721600,15.4805353500,22636550,347775130.9700,4.025500,1
2023-03-15,sh.601020,15.5216796300,15.7788313800,15.2233836000,15.3262443000,14153100,213477862.0000,2.516900,1
2023-03-16,sh.601020,15.2233836000,15.4599632100,14.8222268700,14.8839432900,16878700,247667182.9600,3.001600,1
2023-03-17,sh.601020,14.9765179200,15.4393910700,14.8839432900,15.1719532500,13520025,199554481.2600,2.404300,1
2023-03-20,sh.601020,15.3776746500,15.7582592400,15.0896646900,15.6039681900,18711149,280556015.4200,3.327500,1
2023-03-21,sh.601020,15.4291050000,15.4496771400,15.1410950400,15.3056721600,14154700,210140279.2200,2.517200,1
2023-03-22,sh.601020,15.1616671800,15.4702492800,15.1616671800,15.2645278800,11166788,166037376.8400,1.985800,1
2023-03-23,sh.601020,15.3468164400,15.4496771400,15.1205229000,15.1616671800,10610688,156903105.4800,1.886900,1
2023-03-24,sh.601020,15.3159582300,15.4188189300,15.0690925500,15.1410950400,10964789,162367882.2000,1.949900,1
2023-03-27,sh.601020,14.8942293600,15.0793786200,14.7605104500,14.9765179200,10171371,147499352.8900,1.808800,1
2023-03-28,sh.601020,14.9148015000,14.9868039900,14.5033587000,14.5856472600,10653467,152503395.1200,1.894500,1
2023-03-29,sh.601020,14.5856472600,14.8222268700,14.4827865600,14.5650751200,7736030,109916040.4800,1.375700,1
2023-03-30,sh.601020,14.5856472600,14.7605104500,14.5033587000,14.7090801000,6931650,98654628.4900,1.232700,1
2023-03-31,sh.601020,14.7090801000,15.1102368300,14.7090801000,14.9970900600,8251555,120054581.9400,1.467400,1
2023-04-03,sh.601020,14.9456597100,15.4291050000,14.8222268700,15.3673885800,11639268,172258217.3400,2.069800,1
2023-04-04,sh.601020,15.3262443000,15.7891174500,15.1822393200,15.2336696700,13126218,197096667.6600,2.334300,1
2023-04-06,sh.601020,15.3468164400,15.4908214200,15.0690925500,15.3365303700,11277154,167784955.5300,2.005400,1
2023-04-07,sh.601020,15.2130975300,15.2645278800,14.9250875700,14.9662318500,9601600,140582019.7600,1.707500,1
2023-04-10,sh.601020,14.8942293600,15.0690925500,14.6473636800,14.8016547300,9577100,137911384.0000,1.703100,1
2023-04-11,sh.601020,14.7296522400,15.7582592400,14.5445029800,15.6451124700,21886964,326007791.8600,3.892200,1
2023-04-12,sh.601020,15.6451124700,15.8919781500,15.4291050000,15.5525378400,14247570,216869822.9100,2.533700,1
2023-04-13,sh.601020,15.5216796300,15.7685453100,15.2130975300,15.2439557400,10697704,161006846.9600,1.902400,1
2023-04-14,sh.601020,15.5319657000,16.0976995500,15.5319657000,15.6965428200,17699716,271580549.6000,3.147600,1
2023-04-17,sh.601020,15.5422517700,15.8919781500,15.4291050000,15.8714060100,16323432,249073641.2800,2.902800,1
2023-04-18,sh.601020,15.8714060100,16.0771274100,15.6039681900,15.6759706800,13968823,214550287.5000,2.484100,1
2023-04-19,sh.601020,15.6039681900,15.8508338700,15.3468164400,15.3776746500,10686729,161211109.5700,1.900400,1
2023-04-20,sh.601020,15.3468164400,15.4085328600,14.9250875700,15.1822393200,11068668,162918161.4400,1.968400,1
2023-04-21,sh.601020,15.1616671800,15.2645278800,14.6679358200,14.7090801000,8897337,129459543.6700,1.582200,1
2023-04-24,sh.601020,14.6165054700,14.6165054700,13.8244780800,13.9787691300,15834034,217086083.9100,2.815800,1
2023-04-25,sh.601020,13.8861945000,14.2564930200,13.4233213500,13.7113313100,13231600,177589419.0000,2.353000,1
2023-04-26,sh.601020,13.7113313100,13.9376248500,13.4747517000,13.7936198700,7598045,101766433.0900,1.351200,1
2023-04-27,sh.601020,14.0096273400,14.5445029800,13.7730477300,13.8656223600,14102332,193382266.6000,2.507800,1
2023-04-28,sh.601020,13.8347641500,14.1124880400,13.7833338000,13.9067666400,10352254,140079189.7200,1.841000,1
2023-05-04,sh.601020,14.1947766000,14.3490676500,13.9067666400,13.9581969900,12950481,177440124.0700,2.303000,1
2023-05-05,sh.601020,13.9479109200,14.0301994800,13.4541795600,13.5570402600,10907215,144498441.1900,1.939600,1
2023-05-08,sh.601020,13.6290427500,14.0301994800,13.5981845400,13.8759084300,11161289,150210790.0000,1.984800,1
2023-05-09,sh.601020,13.8759084300,13.9890552000,13.5570402600,13.6496148900,9950499,132941564.6900,1.769500,1
2023-05-10,sh.601020,13.8861945000,13.9067666400,13.5570402600,13.7113313100,8244094,109914470.3200,1.466100,1
2023-05-11,sh.601020,13.6496148900,13.7833338000,13.4027492100,13.4850377700,8374220,110000230.7100,1.489200,1
2023-05-12,sh.601020,13.4233213500,13.4233213500,13.1147392500,13.1147392500,9400657,120799560.5600,1.671700,1
2023-05-15,sh.601020,13.0427367600,13.4130352800,12.9501621300,13.3718910000,9664100,124039598.0000,1.718600,1
2023-05-16,sh.601020,13.4233213500,13.6393288200,13.2793163700,13.3204606500,8677300,113375824.0000,1.543100,1
2023-05-17,sh.601020,13.2484581600,13.4541795600,13.2278860200,13.3924631400,5522300,71623903.3400,0.982000,1
2023-05-18,sh.601020,13.3718910000,13.5878984700,13.2896024400,13.4953238400,6471801,84886734.9200,1.150900,1
2023-05-19,sh.601020,13.4027492100,13.6084706100,13.2484581600,13.5981845400,6774600,88544920.9700,1.204700,1
2023-05-22,sh.601020,13.8759084300,13.8759084300,13.4953238400,13.5776124000,7741380,102676320.8900,1.376700,1
2023-05-23,sh.601020,13.5776124000,13.5776124000,13.2793163700,13.3513188600,4980401,64875385.0200,0.885700,1
2023-05-24,sh.601020,13.1970278100,13.3924631400,13.1455974600,13.2175999500,4348135,56143892.6400,0.773200,1
2023-05-25,sh.601020,13.1455974600,13.2073138800,12.9193039200,13.1558835300,6169363,78300959.7500,1.097100,1
2023-05-26,sh.601020,13.0941671100,13.2690303000,12.9295899900,13.2484581600,5116600,65247978.0000,0.909900,1
2023-05-29,sh.601020,13.2484581600,13.3410327900,13.0530228300,13.0838810400,4941406,63353719.1100,0.878700,1
2023-05-30,sh.601020,13.1353113900,13.1867417400,12.8987317800,13.0633089000,4263413,53996834.3200,0.758200,1
2023-05-31,sh.601020,13.0118785500,13.1867417400,12.9604482000,13.1455974600,4924500,62676223.2000,0.875700,1
2023-06-01,sh.601020,13.1353113900,13.3410327900,13.0838810400,13.2073138800,5096600,65539528.0000,0.906300,1
2023-06-02,sh.601020,13.2381720900,14.5239308400,13.2381720900,14.1536323200,29504732,404344962.1500,5.246900,1
2023-06-05,sh.601020,14.1536323200,14.3387815800,13.9170527100,14.1330601800,13586880,186602740.1600,2.416200,1
2023-06-06,sh.601020,14.1433462500,14.3387815800,13.8450502200,13.9067666400,9172587,125780644.4600,1.631200,1
2023-06-07,sh.601020,13.9067666400,14.0199134100,13.5981845400,13.6701870300,6708200,89575287.9700,1.192900,1
2023-06-08,sh.601020,13.5776124000,13.7833338000,13.5776124000,13.6907591700,5591489,74390115.6100,0.994300,1
2023-06-09,sh.601020,13.8759084300,13.9067666400,13.3718910000,13.7010452400,7296238,96954802.8400,1.297500,1
2023-06-12,sh.601020,13.7421895200,13.9067666400,13.5673263300,13.8450502200,6270520,83923875.1400,1.115100,1
2023-06-13,sh.601020,13.8759084300,13.9376248500,13.7627616600,13.8347641500,5566998,74866969.1000,0.990000,1
2023-06-14,sh.601020,13.8964805700,13.8964805700,13.6496148900,13.7010452400,8880000,118835563.0000,1.579100,1
2023-06-15,sh.601020,13.7936198700,13.7936198700,13.1764556700,13.5158959800,10957864,142850971.2000,1.948600,1
2023-06-16,sh.601020,13.5302942000,13.5446881300,13.0696884400,13.1128702300,20740740,190643302.8500,2.634500,1
2023-06-19,sh.601020,13.0552945100,13.0552945100,12.3499919400,12.4075676600,30242283,263191798.6700,3.841400,1
2023-06-20,sh.601020,12.2924162200,12.4075676600,12.0909012000,12.3355980100,17164612,145926815.4200,2.180300,1
2023-06-21,sh.601020,12.2204465700,12.5802948200,12.0909012000,12.1628708500,16364100,140007548.3600,2.078600,1
2023-06-26,sh.601020,12.1052951300,12.2492344300,11.8030226000,11.9325679700,18687426,156448789.1900,2.373700,1
2023-06-27,sh.601020,11.9037801100,12.2492344300,11.8749922500,12.1772647800,10855090,91477853.5400,1.378800,1
2023-06-28,sh.601020,12.1916587100,12.2348405000,11.8893861800,12.0909012000,9494769,79273829.2800,1.206000,1
2023-06-29,sh.601020,12.0909012000,12.2204465700,12.0333254800,12.1340829900,6830900,57671970.4900,0.867700,1
2023-06-30,sh.601020,12.1196890600,12.4651433800,12.0909012000,12.3643858700,12917103,110843740.8600,1.640800,1
2023-07-03,sh.601020,12.3643858700,12.6378705400,12.3068101500,12.5659008900,10488957,91403258.1000,1.332300,1
2023-07-04,sh.601020,12.8825673500,12.9977187900,12.4795373100,12.5371130300,18406719,161446173.4000,2.338100,1
2023-07-05,sh.601020,12.5371130300,13.5015063400,12.4939312400,13.3863549000,51225127,467913737.6100,6.506700,1
2023-07-06,sh.601020,13.3863549000,13.8901424500,13.2855973900,13.6022638500,50748816,476802456.2400,6.446200,1
2023-07-07,sh.601020,13.5159002700,13.5159002700,12.8969612800,13.3431731100,36990842,339611029.5900,4.698600,1
2023-07-10,sh.601020,13.3575670400,13.7462031500,13.3287791800,13.5015063400,27460774,257579095.4800,3.488100,1
2023-07-11,sh.601020,13.4295366900,13.6022638500,13.2568095300,13.4727184800,19196229,179211232.8700,2.438300,1
2023-07-12,sh.601020,13.4727184800,13.7893849400,13.3287791800,13.6022638500,25141435,237579666.6200,3.193500,1
2023-07-13,sh.601020,13.8613545900,14.1204453300,13.7318092200,13.8325667300,23813260,229682025.8700,3.024800,1
2023-07-14,sh.601020,13.9765060300,14.1492331900,13.7318092200,13.7605970800,20915615,202238754.5700,2.656700,1
2023-07-17,sh.601020,13.6742335000,13.9045363800,13.5015063400,13.7749910100,15117155,143673620.3000,1.920200,1
2023-07-18,sh.601020,13.7318092200,14.1348392600,13.6598395700,13.9908999600,15697340,152184273.4000,1.993900,1
2023-07-19,sh.601020,14.0772635400,14.2787785600,14.0340817500,14.1204453300,14326759,140684912.3600,1.819800,1
2023-07-20,sh.601020,14.1204453300,14.1924149800,13.8181728000,13.8469606600,21031590,204668765.9400,2.671500,1
2023-07-21,sh.601020,13.8181728000,13.8901424500,13.7462031500,13.8181728000,12707192,121914752.0600,1.614100,1
2023-07-24,sh.601020,13.6886274300,13.9477181700,13.5878699200,13.6022638500,14966049,142721045.9700,1.901000,1
2023-07-25,sh.601020,13.5878699200,13.8325667300,13.5734759900,13.7174152900,14814742,141096095.4800,1.881800,1
2023-07-26,sh.601020,13.7174152900,13.8181728000,13.6454456400,13.7462031500,8835280,84234212.4000,1.122300,1
2023-07-27,sh.601020,13.7174152900,13.8325667300,13.4583245500,13.4871124100,11523162,109341222.3100,1.463700,1
2023-07-28,sh.601020,13.3863549000,13.6886274300,13.2999913200,13.6598395700,12429437,117024800.1900,1.578800,1
2023-07-31,sh.601020,13.6454456400,13.9908999600,13.6454456400,13.8757485200,13719137,132094583.9400,1.742600,1
2023-08-01,sh.601020,13.9908999600,14.2643846300,13.6310517100,14.2499907000,28948115,281088414.0200,3.677000,1
2023-08-02,sh.601020,14.6818086000,14.9265054100,14.2499907000,14.3363542800,57599766,580483751.5500,7.316400,1
2023-08-03,sh.601020,14.0340817500,14.0772635400,13.6454456400,13.7318092200,31490412,301959335.9800,4.000000,1
2023-08-04,sh.601020,13.5159002700,14.1204453300,13.3863549000,13.8325667300,25046861,240280513.8600,3.181500,1
2023-08-07,sh.601020,13.9333242400,14.2499907000,13.7893849400,13.9477181700,26811838,262109744.9500,3.405700,1
2023-08-08,sh.601020,13.8901424500,13.9908999600,13.6598395700,13.9189303100,16306299,156518466.7600,2.071300,1
2023-08-09,sh.601020,13.7462031500,13.8181728000,13.5446881300,13.5590820600,16049399,152427426.7500,2.038600,1
2023-08-10,sh.601020,13.5015063400,13.6166577800,13.3431731100,13.4151427600,11954022,111736681.9600,1.518400,1
2023-08-11,sh.601020,13.4151427600,13.5878699200,13.0984763000,13.1416580900,13618977,126198699.9800,1.729900,1
2023-08-14,sh.601020,13.0121127200,13.1416580900,12.8681734200,13.0121127200,13416320,121032178.2000,1.704200,1
2023-08-15,sh.601020,12.9833248600,12.9977187900,12.6090826800,12.7386280500,12908532,114454197.9400,1.639700,1
2023-08-16,sh.601020,12.7674159100,12.7962037700,12.5946887500,12.6234766100,8635811,76084069.0900,1.096900,1
2023-08-17,sh.601020,12.5227191000,12.8825673500,12.4363555200,12.8393855600,12580080,111361477.0000,1.597900,1
2023-08-18,sh.601020,12.8393855600,13.0984763000,12.6234766100,12.6378705400,10892739,97160934.5300,1.383600,1
2023-08-21,sh.601020,12.6378705400,12.7962037700,12.6090826800,12.6234766100,7659340,67423834.4000,0.972900,1
2023-08-22,sh.601020,12.6090826800,12.8537794900,12.5659008900,12.8393855600,14451402,127644963.5700,1.835600,1
2023-08-23,sh.601020,12.7818098400,12.7962037700,12.4795373100,12.4939312400,9292545,81352852.7100,1.180400,1
2023-08-24,sh.601020,12.6090826800,12.8969612800,12.4651433800,12.7818098400,11914446,105370511.6400,1.513400,1
2023-08-25,sh.601020,12.6810523300,12.7818098400,12.4795373100,12.5227191000,11422525,100018519.9000,1.450900,1
2023-08-28,sh.601020,13.2136277400,13.2136277400,12.5802948200,12.6666584000,12031887,107186762.3600,1.528300,1
2023-08-29,sh.601020,12.6666584000,12.9401430700,12.5371130300,12.9401430700,12523639,111464387.0300,1.590800,1
2023-08-30,sh.601020,12.8825673500,13.2136277400,12.8105977000,12.8825673500,13528860,122337014.3300,1.718500,1
2023-08-31,sh.601020,12.8681734200,13.0121127200,12.7386280500,12.7674159100,10451740,93221517.6500,1.327600,1
2023-09-01,sh.601020,12.7962037700,13.1704459500,12.7530219800,13.0265066500,14723789,132825660.4700,1.870200,1
2023-09-04,sh.601020,13.0265066500,13.6598395700,12.9977187900,13.6166577800,24152682,225671358.8400,3.067900,1
2023-09-05,sh.601020,13.5446881300,13.7605970800,13.4583245500,13.6886274300,18073293,171170528.0800,2.295700,1
2023-09-06,sh.601020,13.6742335000,13.8037788700,13.5015063400,13.6454456400,13242874,125376288.3500,1.682100,1
2023-09-07,sh.601020,13.5590820600,13.8613545900,13.3863549000,13.4151427600,13981327,131948015.5300,1.775900,1
2023-09-08,sh.601020,13.4151427600,13.5302942000,13.2424156000,13.3863549000,9989386,92827221.5700,1.268900,1
2023-09-11,sh.601020,13.4151427600,14.1636271200,13.2999913200,14.0772635400,30414840,293135546.0500,3.863300,1
2023-09-12,sh.601020,14.0628696100,14.1780210500,13.8901424500,13.9621121000,15170190,147658075.3400,1.926900,1
2023-09-13,sh.601020,13.8901424500,14.0628696100,13.7605970800,13.8901424500,12174889,117398776.2200,1.546500,1
2023-09-14,sh.601020,13.8901424500,14.2931724900,13.8901424500,14.1204453300,23088300,226589148.6700,2.932700,1
2023-09-15,sh.601020,14.1780210500,14.4802935800,14.0340817500,14.2212028400,24664010,244626854.2700,3.132900,1
2023-09-18,sh.601020,14.2068089100,14.2212028400,13.9477181700,13.9765060300,14837073,144577140.6800,1.884600,1
2023-09-19,sh.601020,14.0052938900,14.0196878200,13.7749910100,13.8181728000,11758741,113367870.7000,1.493600,1
2023-09-20,sh.601020,13.8037788700,13.8757485200,13.5302942000,13.5878699200,14714725,139790702.1300,1.869100,1
2023-09-21,sh.601020,13.5302942000,13.6022638500,13.2424156000,13.3143852500,13451509,125114251.3200,1.708600,1
2023-09-22,sh.601020,13.2136277400,13.3431731100,12.9401430700,13.2855973900,21849681,199322063.4800,2.775400,1
2023-09-25,sh.601020,13.1992338100,13.2136277400,12.9545370000,13.0121127200,12327340,111686504.7800,1.565800,1
2023-09-26,sh.601020,12.9545370000,12.9689309300,12.7962037700,12.8393855600,9151400,81818384.8000,1.162400,1
2023-09-27,sh.601020,12.7674159100,12.8969612800,12.7098401900,12.7530219800,11525025,102437319.2900,1.463900,1
2023-09-28,sh.601020,12.7242341200,13.2280216700,12.7098401900,13.1416580900,16297313,147512901.4500,2.070100,1
2023-10-09,sh.601020,13.0409005800,13.0409005800,12.7962037700,12.9689309300,13529957,121328496.1700,1.718500,1
2023-10-10,sh.601020,13.0552945100,13.0696884400,12.8681734200,12.9113552100,9130524,82216556.6000,1.159700,1
2023-10-11,sh.601020,12.9401430700,12.9401430700,12.5946887500,12.6378705400,15349484,135518789.2800,1.949700,1
2023-10-12,sh.601020,12.7098401900,12.9257491400,12.6666584000,12.8969612800,9854508,87731897.4400,1.251700,1
2023-10-13,sh.601020,12.7962037700,12.8393855600,12.5227191000,12.6378705400,13398720,117620965.2000,1.701900,1
2023-10-16,sh.601020,12.9113552100,12.9113552100,12.6810523300,12.7242341200,13449920,119367294.6000,1.708400,1
2023-10-17,sh.601020,12.7530219800,12.7530219800,12.3499919400,12.4795373100,11198460,96976420.6000,1.422400,1
2023-10-18,sh.601020,12.4507494500,12.4795373100,12.1916587100,12.2060526400,9993063,85587096.1000,1.269300,1
2023-10-19,sh.601020,12.1196890600,12.4075676600,12.0909012000,12.1196890600,10865204,92234124.6400,1.380100,1
2023-10-20,sh.601020,12.1628708500,12.2924162200,12.0765072700,12.1052951300,9733660,82311402.8000,1.236300,1
2023-10-23,sh.601020,12.0045376200,12.0333254800,11.5151440000,11.6159015100,14824740,121009519.6000,1.883000,1
2023-10-24,sh.601020,11.6159015100,11.9469619000,11.6159015100,11.8749922500,9427101,77213057.0500,1.197400,1
2023-10-25,sh.601020,11.9469619000,12.1916587100,11.9469619000,12.1196890600,9577164,80533129.9600,1.216500,1
2023-10-26,sh.601020,12.0333254800,12.2204465700,11.8749922500,12.1772647800,7100045,59293466.2000,0.901800,1
2023-10-27,sh.601020,12.0909012000,12.4075676600,12.0621133400,12.3355980100,7480145,63784188.8000,0.950100,1
2023-10-30,sh.601020,12.1340829900,12.1484769200,11.5151440000,11.7886286700,26727789,219351506.7800,3.394900,1
2023-10-31,sh.601020,11.7742347400,11.8749922500,11.6878711600,11.7454468800,16250249,133002118.8000,2.064100,1
2023-11-01,sh.601020,11.7454468800,11.8893861800,11.7022650900,11.8030226000,9766710,80072320.7800,1.240500,1
2023-11-02,sh.601020,11.8174165300,11.8605983200,11.6590833000,11.6734772300,8692970,70818325.1000,1.104200,1
2023-11-03,sh.601020,11.7022650900,11.8749922500,11.6878711600,11.7886286700,9043420,74132058.0000,1.148700,1
2023-11-06,sh.601020,11.8749922500,12.1916587100,11.8030226000,12.0621133400,11864520,98682467.5800,1.507000,1
2023-11-07,sh.601020,11.9757497600,12.0333254800,11.8318104600,12.0045376200,10677455,88460955.5900,1.356200,1
2023-11-08,sh.601020,12.0189315500,12.0189315500,11.7310529500,11.8174165300,16293908,133904415.3600,2.069600,1
2023-11-09,sh.601020,11.8030226000,11.9037801100,11.6734772300,11.6878711600,13715144,111899779.0000,1.742100,1
2023-11-10,sh.601020,11.6734772300,11.6734772300,11.3712047000,11.5295379300,13153600,105243901.2000,1.670700,1
2023-11-13,sh.601020,11.5583257900,11.7886286700,11.4863561400,11.7742347400,11926339,96572616.5200,1.514900,1
2023-11-14,sh.601020,11.7598408100,11.7886286700,11.6302954400,11.7022650900,8904960,72295312.8000,1.131100,1
2023-11-15,sh.601020,11.8174165300,12.0189315500,11.8030226000,11.9037801100,17419260,144275602.3200,2.212600,1
2023-11-16,sh.601020,11.8893861800,11.9037801100,11.8030226000,11.8605983200,7814205,64334432.2000,0.992500,1
2023-11-17,sh.601020,11.8318104600,12.0909012000,11.8030226000,12.0765072700,14231060,118555934.6000,1.807600,1
2023-11-20,sh.601020,12.0621133400,12.7962037700,12.0477194100,12.5802948200,29907738,261058431.7700,3.798800,1
2023-11-21,sh.601020,12.6234766100,13.3143852500,12.5802948200,12.9977187900,30353209,275017516.5400,3.855400,1
2023-11-22,sh.601020,13.0696884400,13.0696884400,12.5515069600,12.5802948200,18255442,162325854.5600,2.318800,1
2023-11-23,sh.601020,12.5946887500,13.2136277400,12.5802948200,13.1992338100,23654235,213417666.7100,3.004500,1
2023-11-24,sh.601020,13.1704459500,13.1848398800,12.9257491400,13.0121127200,13492797,121848436.2500,1.713800,1
2023-11-27,sh.601020,13.0121127200,13.2712034600,12.9545370000,13.1992338100,16587533,151150678.2600,2.106900,1
2023-11-28,sh.601020,13.1560520200,13.2280216700,12.9689309300,13.0696884400,11375128,103139316.2000,1.444800,1
2023-11-29,sh.601020,13.1704459500,13.2712034600,12.9977187900,13.1128702300,12551547,114509885.8500,1.594300,1
2023-11-30,sh.601020,13.0409005800,13.0984763000,12.8249916300,12.8969612800,11152789,100133615.8200,1.416600,1
2023-12-01,sh.601020,12.8681734200,12.9977187900,12.7962037700,12.9401430700,8991030,80527097.6800,1.142000,1
2023-12-04,sh.601020,13.1416580900,13.2999913200,13.0552945100,13.2280216700,16433896,150760626.0300,2.087400,1
2023-12-05,sh.601020,13.0696884400,13.1992338100,12.9257491400,12.9545370000,11021660,99603769.8000,1.399900,1
2023-12-06,sh.601020,12.8969612800,13.3143852500,12.8825673500,13.1272641600,14520494,132608528.2800,1.844400,1
2023-12-07,sh.601020,13.0409005800,13.1848398800,12.8681734200,13.1416580900,9368156,84832105.0600,1.189900,1
2023-12-08,sh.601020,13.1560520200,13.1704459500,12.9545370000,13.0121127200,9716127,88170618.4000,1.234100,1
2023-12-11,sh.601020,12.9257491400,13.0265066500,12.6378705400,12.7386280500,13986694,124328346.6800,1.776600,1
2023-12-12,sh.601020,12.7818098400,13.1704459500,12.6522644700,13.1128702300,13453280,121187571.8000,1.708800,1
2023-12-13,sh.601020,13.0265066500,13.1128702300,12.9833248600,12.9977187900,6314234,57192108.4400,0.802000,1
2023-12-14,sh.601020,13.1560520200,13.2999913200,12.9977187900,13.0121127200,9516780,86866207.8300,1.208800,1
2023-12-15,sh.601020,13.0696884400,13.2999913200,12.9977187900,13.0409005800,8253740,75193862.2700,1.048400,1
2023-12-18,sh.601020,12.9689309300,13.3143852500,12.8681734200,12.9113552100,13378980,121506622.2000,1.699400,1
2023-12-19,sh.601020,12.9113552100,13.0409005800,12.6522644700,12.7386280500,7769306,69067704.1600,0.986800,1
2023-12-20,sh.601020,12.7818098400,12.9833248600,12.7098401900,12.7242341200,7754238,69351097.5200,0.984900,1
2023-12-21,sh.601020,12.7242341200,12.9689309300,12.5946887500,12.8393855600,8731240,77594011.6000,1.109000,1
2023-12-22,sh.601020,12.9113552100,13.0265066500,12.7386280500,12.7674159100,9069714,81000621.2300,1.152000,1
2023-12-25,sh.601020,12.8393855600,14.0484756800,12.8393855600,14.0484756800,49329595,468953375.1700,6.265700,1
2023-12-26,sh.601020,14.0196878200,14.6098389500,13.8325667300,14.2355967700,49375392,492121944.5900,6.271500,1
2023-12-27,sh.601020,14.2499907000,14.7105964600,14.1348392600,14.5090814400,39163251,392254817.5900,4.974400,1
2023-12-28,sh.601020,14.5522632300,14.6242328800,14.2499907000,14.4515057200,24525253,245505528.4900,3.115100,1
2023-12-29,sh.601020,14.3795360700,14.9840811300,14.3795360700,14.8257479000,30758624,316267248.4000,3.906900,1
2024-01-02,sh.601020,14.6674146700,15.0416568500,14.6674146700,14.7825661100,19795300,203960771.4000,2.514300,1
2024-01-03,sh.601020,14.6962025300,14.8257479000,14.4515057200,14.5666571600,23168397,234796659.9500,2.942800,1
2024-01-04,sh.601020,14.5234753700,14.6818086000,14.3795360700,14.4371117900,13361564,134559029.1600,1.697100,1
2024-01-05,sh.601020,14.4083239300,14.5954450200,14.0484756800,14.1780210500,17243276,171223618.6000,2.190200,1
2024-01-08,sh.601020,14.1204453300,14.1780210500,13.7893849400,13.8613545900,17771049,172179004.8000,2.257200,1
2024-01-09,sh.601020,13.8613545900,14.2499907000,13.8469606600,14.0340817500,14866958,145035568.9100,1.888400,1
2024-01-10,sh.601020,14.1060514000,14.6242328800,13.9477181700,14.1060514000,21288078,210491149.7800,2.703900,1
2024-01-11,sh.601020,14.0916574700,14.4515057200,14.0196878200,14.3507482100,15556985,154424151.5400,1.976000,1
2024-01-12,sh.601020,14.2643846300,14.7249903900,14.2068089100,14.2787785600,16568880,165887356.0900,2.104500,1
2024-01-15,sh.601020,14.3795360700,14.6098389500,14.1780210500,14.3363542800,14181277,141536098.4500,1.801300,1
2024-01-16,sh.601020,14.3219603500,14.3795360700,13.8325667300,14.1492331900,19797138,193286659.7700,2.514600,1
2024-01-17,sh.601020,14.1060514000,14.1204453300,13.5302942000,13.5590820600,14241317,136508239.8800,1.808900,1
2024-01-18,sh.601020,13.5015063400,13.6022638500,12.6666584000,13.1848398800,30056320,272461870.4000,3.817700,1
2024-01-19,sh.601020,13.0696884400,13.0984763000,12.6378705400,12.6954462600,18947100,168671253.4000,2.406600,1
2024-01-22,sh.601020,13.0696884400,13.5015063400,12.0765072700,12.2204465700,32013979,285726270.6400,4.066300,1
2024-01-23,sh.601020,12.3499919400,13.4439306200,11.9901436900,13.3287791800,44647973,399393036.3300,5.671100,1
2024-01-24,sh.601020,13.1704459500,13.4583245500,12.9401430700,13.3287791800,31236579,286963531.4500,3.967600,1
2024-01-25,sh.601020,13.3287791800,13.7030213600,13.2855973900,13.4727184800,23950327,223684039.5300,3.042100,1
2024-01-26,sh.601020,13.3431731100,13.7893849400,13.2712034600,13.6598395700,26341532,248775095.2400,3.345800,1
2024-01-29,sh.601020,13.6310517100,13.6454456400,12.9257491400,12.9689309300,20486900,187843396.1100,2.602200,1
2024-01-30,sh.601020,12.8825673500,13.0552945100,12.4363555200,12.5227191000,19429563,172447947.0700,2.467900,1
2024-01-31,sh.601020,11.9181740400,11.9469619000,11.2704471900,11.2704471900,40754727,322100353.7100,5.176500,1
2024-02-01,sh.601020,10.9825685900,11.3999925600,10.6946899900,11.0545382400,25159175,193885027.0500,3.195600,1
2024-02-02,sh.601020,11.0833261000,11.3568107700,10.1189327900,10.6227203400,24453538,182933983.0300,3.106000,1
2024-02-05,sh.601020,10.5795385500,10.5795385500,9.5575695200,9.5575695200,29306244,198642446.5800,3.722400,1
2024-02-06,sh.601020,8.9242366000,10.1045388600,8.6795397900,9.6583270300,35511928,230594315.2800,4.510600,1
2024-02-07,sh.601020,9.6151452400,10.0325692100,9.3992362900,9.6439331000,24525038,165838172.6700,3.115100,1
2024-02-08,sh.601020,9.7734784700,10.5939324800,9.6295391700,10.4931749700,28665683,202264130.9900,3.641000,1
2024-02-19,sh.601020,10.5939324800,10.8530232200,10.3924174600,10.7666596400,22853714,169526671.1300,2.902800,1
2024-02-20,sh.601020,10.7234778500,10.9393868000,10.4499931800,10.8818110800,15844218,118392270.2200,2.012500,1
2024-02-21,sh.601020,10.7522657100,11.2992350500,10.7234778500,10.9105989400,20721781,159799041.7600,2.632000,1
2024-02-22,sh.601020,10.7954475000,11.1409018200,10.7954475000,11.0833261000,13144260,100378376.4500,1.669500,1
2024-02-23,sh.601020,11.0545382400,11.3424168400,10.9969625200,11.3280229100,16295075,126661026.1500,2.069800,1
2024-02-26,sh.601020,11.3136289800,11.5727197200,11.2848411200,11.3712047000,17783015,140937225.7500,2.258700,1
2024-02-27,sh.601020,11.2704471900,11.5583257900,11.2416593300,11.5151440000,17457949,138482480.5900,2.217500,1
2024-02-28,sh.601020,11.5151440000,11.8749922500,10.8674171500,10.8818110800,27248195,216949182.6400,3.461000,1
2024-02-29,sh.601020,10.9249928700,11.3855986300,10.8962050100,11.3280229100,17783595,137998607.7900,2.258800,1
2024-03-01,sh.601020,11.3712047000,11.5439318600,11.0689321700,11.3999925600,17553733,137886592.5100,2.229600,1
2024-03-04,sh.601020,11.5151440000,11.6590833000,11.3136289800,11.4431743500,16729740,133397579.8000,2.125000,1
2024-03-05,sh.601020,11.5007500700,11.6878711600,11.1840836100,11.2992350500,23871668,189112740.4000,3.032100,1
2024-03-06,sh.601020,11.2704471900,11.3855986300,11.0833261000,11.1840836100,14937555,116469994.0000,1.897300,1
2024-03-07,sh.601020,11.2704471900,12.2204465700,11.2560532600,11.7742347400,43313908,355805283.9900,5.501600,1
2024-03-08,sh.601020,11.8893861800,12.0045376200,11.5583257900,11.8174165300,23609520,192881103.7700,2.998800,1
2024-03-11,sh.601020,11.9469619000,12.1052951300,11.7742347400,12.0765072700,21884015,182049343.1500,2.779600,1
2024-03-12,sh.601020,12.1484769200,12.1628708500,11.7454468800,11.8030226000,18850880,155426866.2000,2.394400,1
2024-03-13,sh.601020,11.7310529500,11.9901436900,11.6734772300,11.8462043900,14102369,115724432.4700,1.791200,1
2024-03-14,sh.601020,11.9469619000,12.2348405000,11.7886286700,11.9037801100,22945560,192067538.4800,2.914500,1
2024-03-15,sh.601020,11.7742347400,12.3499919400,11.7454468800,12.3355980100,25988870,218460608.9000,3.301000,1
2024-03-18,sh.601020,12.3643858700,12.5371130300,12.2060526400,12.4651433800,21647386,186046979.5300,2.749600,1
2024-03-19,sh.601020,12.3931737300,12.7962037700,12.3499919400,12.4219615900,19799347,173056019.3700,2.514900,1
2024-03-20,sh.601020,12.3499919400,12.5083251700,12.2636283600,12.4075676600,13934960,119702194.8000,1.770000,1
2024-03-21,sh.601020,12.7242341200,12.7962037700,12.4651433800,12.5515069600,19005770,166361912.3000,2.414100,1
2024-03-22,sh.601020,12.4651433800,12.5371130300,11.9901436900,12.1196890600,20095009,170264176.6200,2.552400,1
2024-03-25,sh.601020,12.0765072700,12.3931737300,12.0333254800,12.0765072700,18201983,153990934.2200,2.312000,1
2024-03-26,sh.601020,11.9469619000,12.1916587100,11.6878711600,11.9469619000,14793440,122653694.4500,1.879000,1
2024-03-27,sh.601020,11.9469619000,12.0189315500,11.6015075800,11.6015075800,11927560,97712921.4300,1.515000,1
2024-03-28,sh.601020,11.5727197200,11.9469619000,11.5583257900,11.8318104600,14711098,120587129.8400,1.868600,1
2024-03-29,sh.601020,12.0621133400,12.7242341200,12.0333254800,12.5946887500,29331572,252082139.2400,3.725600,1
2024-04-01,sh.601020,12.9401430700,13.1272641600,12.6090826800,12.7962037700,27368659,244321046.0100,3.476200,1
2024-04-02,sh.601020,12.7530219800,13.3287791800,12.6954462600,13.1560520200,33745098,306518446.9400,4.286100,1
2024-04-03,sh.601020,13.4007488300,13.8901424500,13.1560520200,13.4295366900,48290230,451744781.2800,6.133600,1
2024-04-08,sh.601020,13.6886274300,14.0916574700,13.3143852500,13.4151427600,53366450,508491506.8800,6.778400,1
2024-04-09,sh.601020,13.5159002700,13.6166577800,13.0265066500,13.3143852500,42821542,395867689.2200,5.439000,1
2024-04-10,sh.601020,13.3719609700,13.5734759900,12.9401430700,13.1704459500,33643431,309715927.8100,4.273200,1
2024-04-11,sh.601020,12.9545370000,13.7462031500,12.8105977000,13.2855973900,40391525,373290949.2100,5.130300,1
2024-04-12,sh.601020,13.6310517100,13.9477181700,13.2999913200,13.9477181700,56031087,532264094.4100,7.116800,1
2024-04-15,sh.601020,13.3431731100,13.3431731100,12.5515069600,12.5515069600,52013465,459793801.3800,6.606500,1
2024-04-16,sh.601020,12.2348405000,12.4219615900,11.3424168400,11.3999925600,54400936,444197666.1600,6.909800,1
2024-04-17,sh.601020,11.6446893700,12.1052951300,11.6159015100,11.9757497600,30895083,254750279.7300,3.924200,1
2024-04-18,sh.601020,11.8893861800,12.4651433800,11.6734772300,12.3212040800,32299970,271501656.5700,4.102600,1
2024-04-19,sh.601020,12.4363555200,13.1704459500,12.4363555200,12.6522644700,38914528,343996689.8600,4.942700,1
2024-04-22,sh.601020,12.5802948200,13.1272641600,12.3787798000,12.3931737300,37138863,327379940.9400,4.717200,1
2024-04-23,sh.601020,12.0621133400,12.0909012000,11.7310529500,11.8605983200,27316210,226301917.4200,3.469600,1
2024-04-24,sh.601020,11.9037801100,13.0409005800,11.8462043900,13.0409005800,34698467,305057588.6400,4.407200,1
2024-04-25,sh.601020,13.0409005800,13.6742335000,12.8969612800,13.4151427600,47752479,441625612.3600,6.065300,1
2024-04-26,sh.601020,13.3863549000,13.8901424500,13.1992338100,13.7893849400,44826005,424035410.3500,5.693600,1
2024-04-29,sh.601020,13.8613545900,14.1492331900,13.5446881300,14.0628696100,40206273,388982931.4100,5.106800,1
2024-04-30,sh.601020,14.1780210500,14.9552932700,14.0052938900,14.0772635400,48632425,489087847.6800,6.177100,1
2024-05-06,sh.601020,14.2787785600,15.4734747500,14.1636271200,15.0272629200,61767364,637654427.3800,7.845400,1
2024-05-07,sh.601020,15.3439293800,16.1931712500,15.1136265000,15.5886261900,73968716,807980370.6900,9.395200,1
2024-05-08,sh.601020,15.4590808200,16.6249891500,15.3151415200,16.0636258800,76621582,851241928.7300,9.732100,1
2024-05-09,sh.601020,15.8477169300,16.1355955300,15.6893837000,15.9196865800,55009518,609344801.0900,6.987100,1
2024-05-10,sh.601020,16.3515044800,16.5386255700,15.2287779400,15.8333230000,66938070,734040501.2500,8.502200,1
2024-05-13,sh.601020,16.2075651800,17.0999888400,16.1787773200,16.6537770100,75258496,872431570.9800,9.559000,1
2024-05-14,sh.601020,16.7113527300,16.8696859600,15.8189290700,15.9772623000,61587669,694637093.8900,7.822600,1
2024-05-15,sh.601020,15.9052926500,16.4954437800,15.7037776300,15.8333230000,45653500,510678514.1300,5.798700,1
2024-05-16,sh.601020,16.1212016000,16.4810498500,15.9052926500,16.1212016000,43221412,486244953.0300,5.489800,1
2024-05-17,sh.601020,16.4090802000,17.0280191900,16.1499894600,16.6105952200,62667329,720531275.7600,7.959700,1
2024-05-20,sh.601020,17.4166553000,17.7477156900,16.6249891500,17.5749885300,78611640,939996782.8400,9.984900,1
2024-05-21,sh.601020,17.2583220700,17.6325642500,16.3515044800,16.6825648700,62249884,730433082.3100,7.906700,1
2024-05-22,sh.601020,16.5530195000,18.1075639400,16.4234741300,17.5605946000,67192092,817140157.9300,8.534400,1
2024-05-23,sh.601020,16.7113527300,17.5605946000,16.5386255700,17.2007463500,52750871,625062199.5100,6.700200,1
2024-05-24,sh.601020,17.3878674400,18.9280179500,17.2871099300,18.4818061200,100508750,1275779250.0800,12.766200,1
2024-05-27,sh.601020,19.1871086900,20.3242291600,18.7840786500,20.3242291600,90853741,1260146970.1500,11.539800,1
2024-05-28,sh.601020,21.3318042600,22.3537732900,21.3318042600,22.3537732900,79778013,1224560852.6500,10.133000,1
2024-05-29,sh.601020,23.6780148500,24.5848324400,23.1886212300,24.5848324400,58764539,980497228.8500,7.464000,1
2024-05-30,sh.601020,27.0318005400,27.0461944700,22.4545308000,23.0734697900,196983667,3362613627.3200,25.020000,1
2024-05-31,sh.601020,24.0522570300,25.1318017800,23.2605908800,24.4264992100,160509521,2701727878.0300,20.387200,1
2024-06-03,sh.601020,23.3757423200,23.7211966400,21.9795311100,21.9795311100,108628225,1683530945.3900,13.797500,1
2024-06-04,sh.601020,21.9363493200,22.5265004500,21.3174103300,21.9507432500,97301468,1478600268.2400,12.358800,1
2024-06-05,sh.601020,21.3174103300,21.6916525100,20.6984713400,20.8855924300,77143128,1136131291.9000,9.798400,1
2024-06-06,sh.601020,21.4469557000,22.0227129000,20.5401381100,21.5908950000,114427092,1700273428.1800,14.287400,1
2024-06-07,sh.601020,22.1810461300,22.2386218500,19.8348355400,20.2378655800,108712696,1567084299.7400,13.573900,1
2024-06-11,sh.601020,19.7484719600,20.8424106400,19.7340780300,20.4825623900,81033432,1140674345.7900,10.117900,1
2024-06-12,sh.601020,20.4105927400,21.5189253500,20.2954413000,21.0007438700,91252891,1333283222.5300,11.393900,1
2024-06-13,sh.601020,21.0871074500,21.3030164000,19.6621083800,19.9355930500,93028065,1314899091.3800,11.615500,1
2024-06-14,sh.601020,19.7340780300,20.4969563200,19.7340780300,20.2666534400,62528963,874610814.6700,7.625800,1
2024-06-17,sh.601020,20.5401381100,21.0871074500,20.1802898600,20.3961988100,75869530,1087865137.8400,9.252800,1
2024-06-18,sh.601020,20.5545320400,21.1302892400,19.7628658900,20.7992288500,72303392,1040814807.6800,8.817900,1
2024-06-19,sh.601020,20.2954413000,20.9863499400,19.6908962400,19.8060476800,83349117,1173749843.7800,10.165000,1
2024-06-20,sh.601020,19.7196841000,19.9211991200,18.7265029300,18.8416543700,79645130,1061875295.1600,9.713200,1
2024-06-21,sh.601020,19.1295329700,19.3742297800,18.6113514900,18.6689272100,44957737,593040299.9900,5.482900,1
2024-06-24,sh.601020,18.5825636300,18.6977150700,17.5462006700,17.6181703200,61128191,761252693.5300,7.455000,1
2024-06-25,sh.601020,17.5605946000,18.3810486100,17.2151402800,17.9060489200,57473954,711664375.3600,7.009300,1
2024-06-26,sh.601020,17.6469581800,18.2083214500,17.3158977900,18.1363518000,41693208,515898197.8400,5.084800,1
2024-06-27,sh.601020,17.9924125000,18.5969575600,17.6181703200,17.6901399700,39803343,497437085.1900,4.854300,1
2024-06-28,sh.601020,18.0355942900,18.9280179500,17.9924125000,18.4242304000,66881006,859578581.0700,8.156600,1
2024-07-01,sh.601020,18.4242304000,19.4318055000,18.4242304000,19.2158965500,67285597,887398843.0200,8.205900,1
2024-07-02,sh.601020,19.0719572500,19.5181690800,18.7840786500,18.8560483000,41347903,547217133.6700,5.042600,1
2024-07-03,sh.601020,18.7265029300,18.8560483000,18.2802911000,18.5393818400,32488981,417306946.4700,3.962200,1
2024-07-04,sh.601020,18.8560483000,18.9855936700,17.0568070500,17.2439281400,63495321,783223166.5200,7.743700,1
2024-07-05,sh.601020,17.2295342100,17.7765035500,16.8696859600,17.7189278300,48911612,590820528.4800,5.965100,1
2024-07-08,sh.601020,17.7908974800,17.8772610600,16.9272616800,17.0568070500,38771572,467102869.3200,4.728400,1
2024-07-09,sh.601020,16.8984738200,17.4886249500,16.6969588000,17.4022613700,36654987,434744496.2800,4.470300,1
2024-07-10,sh.601020,17.3446856500,17.5893824600,16.8121102400,16.9128677500,31426191,375332877.4500,3.832600,1
2024-07-11,sh.601020,17.0999888400,17.7045339000,16.9128677500,17.6037763900,47158573,569991921.1400,5.751300,1
2024-07-12,sh.601020,17.7477156900,17.8628671300,16.8984738200,16.9416556100,41684683,499048022.2700,5.083700,1
2024-07-15,sh.601020,16.1787773200,16.9128677500,15.9916562300,16.5962012900,37997566,438086936.6600,4.634000,1
2024-07-16,sh.601020,16.6681709400,18.2515032400,16.6681709400,18.2515032400,55215125,681679278.1700,6.733800,1
2024-07-17,sh.601020,18.9280179500,19.0863511800,17.7621096200,17.8052914100,91221358,1164559897.6400,11.125000,1
2024-07-18,sh.601020,17.6181703200,19.5901387300,17.4886249500,19.5901387300,91376632,1177189152.4300,11.144000,1
2024-07-19,sh.601020,19.4893812200,20.6408956200,18.9999876000,19.9211991200,114276231,1567499979.0700,13.936700,1
2024-07-22,sh.601020,19.9211991200,20.3961988100,19.5037751500,20.1227141400,77280522,1072679901.8800,9.424900,1
2024-07-23,sh.601020,19.9355930500,20.1227141400,18.1075639400,18.2227153800,97983129,1276886269.4400,11.949700,1
2024-07-24,sh.601020,18.0787760800,18.3666546800,17.3446856500,17.3734735100,64655682,796051762.1200,7.885200,1
2024-07-25,sh.601020,17.1863524200,17.3590795800,16.2939287600,16.3946862700,59272825,686395198.9900,7.228700,1
2024-07-26,sh.601020,16.3227166200,17.4454431600,16.2651409000,16.7113527300,51955699,612542946.9200,6.336300,1
2024-07-29,sh.601020,16.7689284500,17.6469581800,16.2651409000,17.2583220700,58720597,687064144.9000,7.161400,1
2024-07-30,sh.601020,17.4022613700,18.9855936700,17.4022613700,18.9855936700,79472818,1021549001.7000,9.692200,1
2024-07-31,sh.601020,19.0575633200,19.5469569400,18.5393818400,19.3742297800,79553972,1054414469.3700,9.702100,1
2024-08-01,sh.601020,19.5757448000,19.9211991200,18.9424118800,19.0863511800,47738081,637839607.4300,5.822000,1
2024-08-02,sh.601020,18.7552907900,19.0143815300,18.4098364700,18.4242304000,47217823,610991715.3200,5.758500,1
2024-08-05,sh.601020,17.8340792700,17.9636246400,16.7833223800,16.8265041700,67641714,813288280.3400,8.249300,1
2024-08-06,sh.601020,17.0855949100,17.3878674400,16.5530195000,16.9272616800,46877003,553478311.7000,5.717000,1
2024-08-07,sh.601020,16.8552920300,17.3158977900,16.7113527300,17.1863524200,36593760,434661238.8000,4.462800,1
2024-08-08,sh.601020,17.1143827700,17.3302917200,16.3083226900,16.3946862700,49903828,575007633.8500,6.086100,1
2024-08-09,sh.601020,16.6393830800,17.0999888400,16.3658984100,16.3658984100,44643981,518789984.2400,5.444600,1
2024-08-12,sh.601020,16.3515044800,16.5098377100,15.8189290700,16.0060501600,35373548,393704302.0800,4.314000,1
2024-08-13,sh.601020,16.4378680600,16.5386255700,15.9628683700,16.2075651800,30598104,343153829.7600,3.731600,1
2024-08-14,sh.601020,16.1068076700,16.6249891500,15.9772623000,16.2795348300,33323195,377440913.7600,4.064000,1
2024-08-15,sh.601020,16.0492319500,16.3083226900,15.7613533500,16.0924137400,32757511,365509890.3600,3.995000,1
2024-08-16,sh.601020,17.7045339000,17.7045339000,17.4598370900,17.7045339000,78161052,960438280.4300,9.532200,1
2024-08-19,sh.601020,17.8196853400,18.3810486100,17.1431706300,17.5030188800,99567304,1233850137.0900,12.142900,1
2024-08-20,sh.601020,17.3158977900,17.6469581800,16.5674134300,16.5962012900,62211159,732508112.3300,7.587100,1
2024-08-21,sh.601020,16.6539279200,17.1157352800,16.3508668400,16.7116538400,43533556,504951469.3200,5.309200,1
2024-08-22,sh.601020,16.8271056800,17.5919741200,16.4807501600,16.4951816400,48696467,573030336.9600,5.938800,1
2024-08-23,sh.601020,16.3941612800,16.7982427200,16.1632576000,16.7116538400,37939297,433938743.1400,4.626900,1
2024-08-26,sh.601020,16.8992630800,17.2456186000,16.4663186800,16.8559686400,44672257,521604925.1200,5.448100,1
2024-08-27,sh.601020,16.7116538400,16.7260853200,15.9467854000,15.9756483600,41009199,459643252.6000,5.001300,1
2024-08-28,sh.601020,15.8890594800,16.6106334800,15.8746280000,16.1199631600,31381423,352735162.3800,3.827200,1
2024-08-29,sh.601020,15.9467854000,16.5096131200,15.6581558000,16.3941612800,35411174,397106464.9000,4.318600,1
2024-08-30,sh.601020,16.2498464800,16.8992630800,16.1776890800,16.7405168000,38419255,443322906.7000,4.685500,1
2024-09-02,sh.601020,16.8271056800,17.0002834400,15.9900798400,16.0189428000,43177760,487808473.6500,5.265800,1
2024-09-03,sh.601020,15.8746280000,15.9467854000,15.3983891600,15.7014502400,32519591,353732531.4900,3.966000,1
2024-09-04,sh.601020,15.4561150800,15.5138410000,14.9943077200,15.1963484400,36135172,382244093.2000,4.406900,1
2024-09-05,sh.601020,15.1819169600,15.5571354400,15.1674854800,15.4849780400,25006175,266039682.1100,3.049700,1
2024-09-06,sh.601020,15.4849780400,15.5571354400,15.1963484400,15.2107799200,19458240,206677728.0200,2.373100,1
2024-09-09,sh.601020,15.0520336400,15.0953280800,14.7778355200,15.0231706800,20487180,212267740.7100,2.498500,1
2024-09-10,sh.601020,15.1097595600,15.6437243200,14.8932873600,15.4128206400,30276663,320540136.2600,3.692400,1
2024-09-11,sh.601020,15.2973688000,15.4994095200,15.2396428800,15.4416836000,17353124,184644812.3200,2.116300,1
2024-09-12,sh.601020,15.3695262000,15.6004298800,15.0953280800,15.1097595600,20638941,218234467.6900,2.517100,1
2024-09-13,sh.601020,15.4705465600,15.5859984000,14.8788558800,14.9654447600,24326327,256403300.4900,2.966800,1
2024-09-18,sh.601020,14.9943077200,15.1097595600,14.5325003600,14.7922670000,19730712,202297684.3500,2.406300,1
2024-09-19,sh.601020,14.8499929200,15.5427039600,14.6046577600,15.4705465600,40120306,424720600.2300,4.892900,1
2024-09-20,sh.601020,15.3983891600,15.5282724800,15.2252114000,15.4272521200,25339852,270118308.5700,3.090400,1
2024-09-23,sh.601020,15.3695262000,15.6004298800,15.2829373200,15.3262317600,24950620,266773645.0000,3.042900,1
2024-09-24,sh.601020,15.4272521200,15.9467854000,15.1097595600,15.8601965200,42325583,456464191.1600,5.161900,1
2024-09-25,sh.601020,16.0333742800,16.5817705200,15.8746280000,15.8890594800,46963313,527240883.9500,5.727500,1
2024-09-26,sh.601020,15.8313335600,16.3364353600,15.8024706000,16.3075724000,37029951,412173426.1400,4.516000,1
2024-09-27,sh.601020,16.5529075600,17.1590297200,16.5529075600,17.1301667600,38464743,449287226.7000,4.691000,1
2024-09-30,sh.601020,17.8950352000,18.8330814000,17.2456186000,18.7176295600,86153458,1082334347.7500,10.507000,1
2024-10-08,sh.601020,20.4638386400,20.4638386400,17.8806037200,19.4536350400,110835562,1480085994.9600,13.517100,1
2024-10-09,sh.601020,18.7031980800,18.7176295600,17.5053852400,17.5053852400,68863534,865355093.0400,8.398400,1
2024-10-10,sh.601020,17.3899334000,18.3135481200,17.1734612000,17.5919741200,55028090,677027494.7900,6.711000,1
2024-10-11,sh.601020,17.6064056000,18.0970759200,16.7116538400,16.9858519600,53663988,648643512.1600,6.544700,1
2024-10-14,sh.601020,16.9858519600,17.5486796800,16.8992630800,17.4909537600,47073354,564941056.0400,5.740900,1
2024-10-15,sh.601020,17.2744815600,17.5486796800,16.9569890000,17.0002834400,37828940,450807051.8300,4.613500,1
2024-10-16,sh.601020,16.8992630800,17.2744815600,16.7260853200,17.0147149200,31021906,365591620.1000,3.783300,1
2024-10-17,sh.601020,17.0291464000,17.2744815600,16.7260853200,16.8126742000,30528380,359921166.9500,3.723100,1
2024-10-18,sh.601020,16.9425575200,17.8661722400,16.9281260400,17.5919741200,62318563,758811383.1300,7.600200,1
2024-10-21,sh.601020,17.7651518800,18.2558222000,17.6641315200,18.0826444400,49932430,621646638.9200,6.089600,1
2024-10-22,sh.601020,17.8373092800,18.5300203200,17.6785630000,18.0537814800,47159012,589739004.3200,5.751300,1
2024-10-23,sh.601020,18.1259388800,18.2702536800,17.7507204000,17.7940148400,41527512,515851403.3500,5.064500,1
2024-10-24,sh.601020,17.6929944800,17.8517407600,17.4043648800,17.6352685600,27030469,329181356.7900,3.296500,1
2024-10-25,sh.601020,17.4332278400,17.8228778000,17.3755019200,17.6064056000,34018853,413740221.5200,4.148800,1
2024-10-28,sh.601020,17.5775426400,18.0970759200,17.4765222800,18.0249185200,39275992,486723430.7800,4.790000,1
2024-10-29,sh.601020,17.8373092800,18.2413907200,17.5486796800,17.5631111600,45897908,566088690.9600,5.597500,1
2024-10-30,sh.601020,17.6064056000,18.8619443600,17.4765222800,18.4434314400,72209595,903174708.3900,8.806400,1
2024-10-31,sh.601020,18.3424110800,19.9154424000,18.2125277600,19.2371628400,77037658,1025850268.5800,9.395200,1
2024-11-01,sh.601020,19.3381832000,21.1565496800,19.3381832000,21.1565496800,89689388,1291861134.9900,10.938200,1
2024-11-04,sh.601020,21.6472200000,22.3254995600,20.1319146000,20.4205442000,125231873,1827571766.9900,15.272800,1
2024-11-05,sh.601020,20.3772497600,22.4698143600,20.3772497600,22.4698143600,87350226,1314610054.8500,10.652900,1
2024-11-06,sh.601020,23.5233124000,24.0284142000,22.3976569600,22.9749161600,114235885,1833968210.9600,13.931800,1
2024-11-07,sh.601020,21.9358496000,22.2389106800,21.3585904000,21.6183570400,88030659,1323312842.2600,10.735900,1
2024-11-08,sh.601020,21.9935755200,22.5852662000,20.9978034000,21.1998441200,75134708,1132845028.8300,9.163200,1
2024-11-11,sh.601020,21.0555293200,22.1523218000,20.7813312000,21.7915348000,56886228,846118842.3700,6.937600,1
2024-11-12,sh.601020,21.4740422400,21.9069866400,20.2906608800,20.5215645600,67591025,987353720.6100,8.243200,1
2024-11-13,sh.601020,20.4927016000,20.8823515600,20.0741886800,20.5648590000,37958321,537814403.2000,4.629300,1
2024-11-14,sh.601020,20.4927016000,20.9545089600,20.1030516400,20.1607775600,43748394,625274834.3600,5.335400,1
2024-11-15,sh.601020,20.0597572000,20.3628182800,18.8908073200,19.1938684000,48985410,670716283.1700,5.974100,1
2024-11-18,sh.601020,19.2082998800,19.4103406000,18.1259388800,18.2558222000,39629705,508431607.5000,4.833100,1
2024-11-19,sh.601020,18.2558222000,18.9052388000,18.2558222000,18.8908073200,33003834,426015033.5200,4.025000,1
2024-11-20,sh.601020,18.9629647200,19.3814776400,18.8619443600,19.3670461600,33023654,437454012.6100,4.027400,1
2024-11-21,sh.601020,19.3670461600,19.9875998000,18.9629647200,19.6845387200,47191952,638289409.9900,5.755400,1
2024-11-22,sh.601020,19.7278331600,19.8144220400,18.8475128800,18.9196702800,44416482,597586938.5100,5.416900,1
2024-11-25,sh.601020,19.4680665200,20.1896405200,19.0062591600,19.4824980000,50780634,691152708.3300,6.193000,1
2024-11-26,sh.601020,19.3093202400,20.7813312000,19.2660258000,20.7091738000,70087460,990901251.7200,8.547600,1
2024-11-27,sh.601020,21.0699608000,21.0699608000,19.1938684000,20.1896405200,56575546,778989027.7700,6.899800,1
2024-11-28,sh.601020,19.8721479600,21.0988237600,19.8144220400,20.4782701200,51107167,729296311.7700,6.232800,1
2024-11-29,sh.601020,20.2906608800,21.3585904000,19.8865794400,20.7668997200,53348586,758035278.8400,6.506200,1
2024-12-02,sh.601020,20.7813312000,21.4451792800,20.7813312000,21.1421182000,45226930,662253019.2500,5.515700,1
2024-12-03,sh.601020,21.0122348800,21.1276867200,20.3628182800,20.5504275200,38169656,546135679.1900,4.655000,1
2024-12-04,sh.601020,21.6472200000,22.0224384800,20.8534886000,21.0699608000,78578770,1167281651.7200,9.583200,1
2024-12-05,sh.601020,20.7236052800,20.9256460000,20.3050923600,20.6658793600,47669247,678299179.6700,5.813600,1
2024-12-06,sh.601020,20.8823515600,21.4596107600,20.7380367600,21.1709811600,45092695,657211261.5500,5.499300,1
2024-12-09,sh.601020,21.7771033200,23.2346828000,21.6472200000,21.8925551600,76167052,1181621657.9700,9.289100,1
2024-12-10,sh.601020,22.2389106800,22.4409514000,21.3152959600,21.4163163200,61370013,929349231.9200,7.484500,1
2024-12-11,sh.601020,21.4307478000,21.9647125600,21.4307478000,21.7049459200,32444362,488100879.3100,3.956800,1
2024-12-12,sh.601020,21.7193774000,22.0224384800,21.3008644800,21.6183570400,38674388,579536764.2900,4.716600,1
2024-12-13,sh.601020,21.3008644800,21.3152959600,20.7524682400,21.0122348800,41043118,597006863.6800,5.005500,1
2024-12-16,sh.601020,20.8390571200,20.9400774800,20.1896405200,20.3772497600,27040833,385692817.3300,3.297800,1
2024-12-17,sh.601020,20.4349756800,20.5071330800,19.7711276000,19.8288535200,24885780,346632608.1000,3.035000,1
2024-12-18,sh.601020,19.6268128000,19.9875998000,19.5257924400,19.7566961200,17618440,241281917.2000,2.148700,1
2024-12-19,sh.601020,19.4103406000,19.7711276000,19.1217110000,19.6845387200,23653360,318495660.4000,2.884700,1
2024-12-20,sh.601020,19.6845387200,20.0453257200,19.5979498400,19.8721479600,21347571,293772859.3200,2.603500,1
2024-12-23,sh.601020,19.9875998000,20.0597572000,19.0495536000,19.1650054400,22605170,304353473.9800,2.756800,1
2024-12-24,sh.601020,19.1794369200,19.3093202400,18.7753554800,19.1938684000,17823618,235294347.1600,2.173700,1
2024-12-25,sh.601020,19.2371628400,19.3526146800,18.7031980800,18.7609240000,19403475,255064203.3100,2.366400,1
2024-12-26,sh.601020,18.7464925200,19.1938684000,18.7031980800,18.9341017600,16177700,212738667.8000,1.973000,1
2024-12-27,sh.601020,19.0495536000,19.2371628400,18.8186499200,19.1217110000,15485175,204939399.8200,1.888500,1
2024-12-30,sh.601020,19.0639850800,19.0639850800,18.6454721600,18.9196702800,12333015,161222591.1000,1.504100,1
2024-12-31,sh.601020,18.9629647200,19.0206906400,18.1836648000,18.2125277600,20084400,256792717.8000,2.449400,1
2025-01-02,sh.601020,18.2991166400,18.4722944000,17.5486796800,17.7651518800,20223298,253082126.9000,2.466400,1
2025-01-03,sh.601020,17.6785630000,18.2702536800,17.4765222800,17.5053852400,24583883,303811212.5400,2.998200,1
2025-01-06,sh.601020,17.3322074800,17.8228778000,16.9569890000,17.2167556400,20913758,251519399.3000,2.550600,1
2025-01-07,sh.601020,17.2456186000,17.7651518800,17.1157352800,17.7507204000,20234477,245025188.6500,2.467700,1
2025-01-08,sh.601020,17.7651518800,18.0104870400,17.1157352800,17.6208370800,20405118,248208863.7000,2.488500,1
2025-01-09,sh.601020,17.5053852400,17.8950352000,17.4043648800,17.8517407600,18717740,230617614.6000,2.282700,1
2025-01-10,sh.601020,18.0393500000,18.2125277600,17.3610704400,17.3610704400,21663904,265026617.1700,2.642100,1
2025-01-13,sh.601020,17.1734612000,17.9671926000,17.1013038000,17.7651518800,22409321,274202531.5100,2.733000,1
2025-01-14,sh.601020,17.6064056000,18.4289999600,17.5342482000,18.4145684800,27593928,345504202.0900,3.365300,1
2025-01-15,sh.601020,18.4722944000,18.5444518000,18.0249185200,18.2846851600,19754061,249324766.3600,2.409100,1
2025-01-16,sh.601020,18.5588832800,18.6887666000,18.1836648000,18.5011573600,24827007,317717032.9300,3.027800,1
2025-01-17,sh.601020,18.4578629200,18.5155888400,18.1259388800,18.4145684800,16563860,210600268.2000,2.020100,1
2025-01-20,sh.601020,18.4578629200,18.5877462400,18.1115074000,18.3424110800,16441840,208767600.6000,2.005200,1
2025-01-21,sh.601020,18.3424110800,18.3712740400,17.9238981600,18.2269592400,15337080,192840460.0000,1.870500,1
2025-01-22,sh.601020,18.2413907200,18.4578629200,18.0970759200,18.3424110800,18008999,227892886.7900,2.196300,1
2025-01-23,sh.601020,18.4434314400,19.4103406000,18.3568425600,19.0639850800,42906223,563873922.8900,5.232700,1
2025-01-24,sh.601020,19.4824980000,20.2906608800,19.3670461600,20.2617979200,55009964,759324567.3600,6.708800,1
2025-01-27,sh.601020,20.1319146000,20.6514478800,19.9154424000,19.9298738800,30519108,427943182.2900,3.722000,1
2025-02-05,sh.601020,20.4494071600,20.6081534400,20.1752090400,20.3195238400,31497977,444778770.9000,3.841400,1
2025-02-06,sh.601020,20.2185034800,20.4349756800,19.9298738800,20.3628182800,28789188,402113128.5000,3.511000,1
2025-02-07,sh.601020,20.2329349600,20.4927016000,19.6845387200,20.0164627600,44245996,618249217.7700,5.396100,1
2025-02-10,sh.601020,20.0020312800,20.5359960400,19.8288535200,20.2329349600,31955526,445687659.1000,3.897200,1
2025-02-11,sh.601020,20.4927016000,20.8967830400,20.3628182800,20.5359960400,47695280,681221207.4000,5.816700,1
2025-02-12,sh.601020,20.1463460800,20.2040720000,19.8144220400,20.1319146000,33921424,470599694.4500,4.136900,1
2025-02-13,sh.601020,20.1174831200,20.2473664400,19.7278331600,19.8144220400,28258480,390679208.4600,3.446300,1
2025-02-14,sh.601020,19.9443053600,20.0886201600,19.6845387200,19.8721479600,21416100,294297272.1500,2.611800,1
2025-02-17,sh.601020,19.5979498400,19.5979498400,19.0206906400,19.1505739600,32778395,437615381.4500,3.997500,1
2025-02-18,sh.601020,19.1650054400,21.0699608000,18.9918276800,20.4349756800,79207585,1110679766.0500,9.659900,1
2025-02-19,sh.601020,20.4494071600,20.8679200800,20.3772497600,20.5504275200,48946376,698421183.6600,5.969300,1
2025-02-20,sh.601020,20.3483868000,21.3441589200,20.0741886800,21.0410978400,58340686,837141830.6900,7.115000,1
2025-02-21,sh.601020,21.0699608000,21.4596107600,20.5792904800,20.9833719200,49592304,719196563.0900,6.048100,1
2025-02-24,sh.601020,20.9833719200,21.7626718400,20.7236052800,21.3874533600,58537837,866424647.0500,7.139100,1
2025-02-25,sh.601020,21.3874533600,22.0657329200,21.1276867200,21.1854126400,51867262,776288271.6600,6.325500,1
2025-02-26,sh.601020,21.1132552400,21.6039255600,21.0699608000,21.1998441200,34925114,514493061.5300,4.259300,1
2025-02-27,sh.601020,21.3441589200,22.6429921200,20.9400774800,21.8925551600,63989148,967941680.4000,7.803900,1
2025-02-28,sh.601020,21.9647125600,22.7584439600,21.5173366800,22.0224384800,68339501,1050979957.9800,8.334400,1
2025-03-03,sh.601020,22.6574236000,23.3789976000,22.4120884400,22.6718550800,72671190,1150254928.7000,8.862700,1
2025-03-04,sh.601020,23.4511550000,24.9375974400,22.5852662000,24.9375974400,96878331,1605818476.0400,11.814900,1
2025-03-05,sh.601020,24.9664604000,27.4342434800,24.9664604000,27.4342434800,99959409,1858700882.5200,12.190700,1
2025-03-06,sh.601020,27.9537767600,30.1762246800,27.5064008800,29.5845340000,143796214,2894815562.7600,17.536900,1
2025-03-07,sh.601020,30.3061080000,32.5429874000,30.3061080000,32.5429874000,61193829,1349997015.5600,7.463000,1
2025-03-10,sh.601020,33.1779725200,35.0107704800,32.5862818400,34.2891964800,187356081,4388563990.3600,22.849300,1
2025-03-11,sh.601020,33.6253484000,36.0065426000,32.9759318000,35.2705371200,154136690,3665005467.2900,18.798000,1
2025-03-12,sh.601020,34.6355520000,36.3384666400,33.5964854400,34.1304502000,166904366,3992280220.5600,20.355100,1
2025-03-13,sh.601020,34.9963390000,35.5014408000,31.9368652400,33.1924040000,170215047,3900059775.1800,20.758800,1
2025-03-14,sh.601020,34.6355520000,35.4725778400,32.0378856000,32.4852614800,193200837,4488292506.1900,23.562100,1
2025-03-17,sh.601020,32.0090226400,34.8520242000,31.9657282000,33.7119372800,167788590,3956254387.6100,20.462900,1
2025-03-18,sh.601020,33.8995465200,35.5014408000,33.8851150400,34.1448816800,146332377,3502398912.1900,17.846200,1
2025-03-19,sh.601020,34.6211205200,37.5651424400,34.4912372000,36.6559592000,173299450,4342927946.9400,21.135000,1
2025-03-20,sh.601020,37.3486702400,37.4785535600,35.5303037600,35.9343852000,113848473,2864213189.2500,13.884600,1
2025-03-21,sh.601020,36.0209740800,37.5651424400,35.9199537200,36.8724314000,119396396,3031558364.6400,14.561200,1
2025-03-24,sh.601020,36.9012943600,37.3775332000,33.3800132400,33.7408002400,140101253,3376601150.2200,17.086300,1
2025-03-25,sh.601020,33.9139780000,34.5922575600,33.1058151200,33.7696632000,94465066,2223291426.1200,11.520600,1
2025-03-26,sh.601020,33.9139780000,34.2170390800,32.3265152000,32.7594596000,93388450,2138420144.7800,11.389300,1
2025-03-27,sh.601020,32.7161651600,33.1924040000,31.9368652400,32.1100430000,72972666,1644507903.2400,8.899500,1
2025-03-28,sh.601020,32.6440077600,32.8749114400,28.9928433200,29.2526099600,127710706,2654961685.9700,15.575100,1
2025-03-31,sh.601020,29.7288488000,29.8298691600,28.8196655600,29.1082951600,63931556,1298201946.7200,7.796900,1
2025-04-01,sh.601020,29.2237470000,29.3680618000,28.1413860000,28.2712693200,68518936,1355876393.4000,8.356300,1
2025-04-02,sh.601020,28.2712693200,28.6176248400,28.0115026800,28.1702489600,41420222,811963726.4200,5.051500,1
2025-04-03,sh.601020,27.9970712000,28.2712693200,27.1167509200,27.1889083200,55816754,1066590346.7800,6.807200,1
2025-04-07,sh.601020,25.2550900000,25.9189380800,24.4757900800,24.4757900800,72493277,1253063296.5700,8.841000,1
2025-04-08,sh.601020,24.6056734000,24.8798715200,23.1769568800,23.9706882800,79971221,1333299304.2600,9.753000,1
2025-04-09,sh.601020,23.2346828000,25.0530492800,21.6760829600,24.8077141200,94872793,1557246087.4800,11.570400,1
2025-04-10,sh.601020,25.2983844400,26.0921158400,25.0530492800,25.4426992400,75135066,1335758248.6300,9.163200,1
2025-04-11,sh.601020,25.9622325200,26.6549435600,25.7746232800,25.9189380800,87837740,1594859287.9400,10.712400,1
2025-04-14,sh.601020,26.1065473200,28.5166044800,26.1065473200,28.5166044800,59141756,1131543154.5200,7.212700,1
2025-04-15,sh.601020,29.0072748000,29.7144173200,28.0403656400,28.1413860000,107540093,2142696405.4300,13.115200,1
2025-04-16,sh.601020,28.8196655600,28.9639803600,26.5539232000,27.3476546000,87962950,1676071852.6800,10.727700,1
2025-04-17,sh.601020,27.8671878800,28.6320563200,27.0301620400,27.0301620400,85941610,1652736307.9700,10.481100,1
2025-04-18,sh.601020,26.9147102000,27.2466342400,26.0343899200,26.4673343200,57263098,1052694889.9700,6.983600,1
2025-04-21,sh.601020,26.9291416800,28.2424063600,26.5539232000,27.7661675200,75161949,1433790891.0500,9.166500,1
2025-04-22,sh.601020,27.7517360400,27.8094619600,26.9435731600,27.0445935200,60963559,1151384811.7900,7.434900,1
2025-04-23,sh.601020,26.5683546800,28.1991119200,26.5683546800,27.3909490400,68781870,1306710874.7600,8.388400,1
2025-04-24,sh.601020,27.4342434800,27.7084416000,26.2075676800,26.3085880400,49585146,920113562.7200,6.047200,1
2025-04-25,sh.601020,26.5683546800,27.1311824000,26.3951769200,26.7848268800,39084569,724850203.2700,4.766600,1
2025-04-28,sh.601020,26.6982380000,27.3476546000,26.5539232000,27.1167509200,33628320,631307077.4500,4.101200,1
2025-04-29,sh.601020,27.5641268000,27.7084416000,26.4240398800,26.7703954000,64967995,1215316218.7000,7.923300,1
2025-04-30,sh.601020,26.2652936000,26.3230195200,25.5292881200,25.5437196000,60899245,1088963506.6000,7.427100,1
2025-05-06,sh.601020,25.8034862400,27.4775379200,25.8034862400,27.2177712800,67284162,1261458220.3200,8.205700,1
2025-05-07,sh.601020,27.1889083200,27.6940101200,27.1600453600,27.5641268000,44932198,852587282.6800,5.479800,1
2025-05-08,sh.601020,27.4342434800,27.9970712000,27.3187916400,27.4775379200,41286366,790076565.1200,5.035100,1
2025-05-09,sh.601020,26.9724361200,27.2322027600,25.7313288400,26.1209788000,55965840,1015591656.6000,6.825400,1
2025-05-12,sh.601020,25.9189380800,27.2033398000,25.8034862400,26.8569842800,42863100,791189369.6000,5.227400,1
2025-05-13,sh.601020,26.5539232000,27.3476546000,26.4384713600,26.6982380000,44002666,817160312.1300,5.366400,1
2025-05-14,sh.601020,26.3663139600,26.9724361200,26.0488214000,26.5106287600,40987180,751219082.6000,4.998700,1
2025-05-15,sh.601020,26.2652936000,26.9147102000,25.3272474000,25.5148566400,42328290,757049112.0000,5.162200,1
2025-05-16,sh.601020,25.5581510800,25.9333695600,25.2117955600,25.2983844400,31432510,555121604.5000,3.833400,1
2025-05-19,sh.601020,25.3128159200,25.4859936800,24.8510085600,25.2117955600,23211040,403557239.6000,2.830700,1
2025-05-20,sh.601020,25.1252066800,25.4426992400,24.8798715200,25.2550900000,23392240,407841524.4000,2.852800,1
2025-05-21,sh.601020,25.5870140400,25.6014455200,24.8654400400,25.4426992400,35111500,612716763.2000,4.282100,1
2025-05-22,sh.601020,25.3561103600,25.9189380800,24.7932826400,24.8365770800,30512227,533140170.6500,3.721200,1
2025-05-23,sh.601020,24.6922622800,25.1107752000,24.4036326800,24.8077141200,27612443,474614143.4500,3.367500,1
2025-05-26,sh.601020,24.6056734000,24.7499882000,24.2737493600,24.6633993200,19962740,339507003.8000,2.434600,1
2025-05-27,sh.601020,24.5479474800,24.6345363600,23.8119420000,23.9129623600,26693558,445537574.2000,3.255500,1
2025-05-28,sh.601020,23.7686475600,24.0861401200,23.5954698000,23.8119420000,20791346,343056885.4200,2.535600,1
2025-05-29,sh.601020,23.6387642400,24.0572771600,23.6387642400,23.9562568000,15739221,260701631.3700,1.919500,1
2025-05-30,sh.601020,23.8119420000,23.9562568000,23.5233124000,23.6531957200,13699900,224506747.8000,1.670800,1
2025-06-03,sh.601020,23.9851197600,24.8365770800,23.6820586800,24.3892012000,43380979,730657965.1200,5.290600,1
2025-06-04,sh.601020,24.2448864000,24.9087344800,24.2160234400,24.6345363600,32520873,554707669.3800,3.966100,1
2025-06-05,sh.601020,24.4464922000,24.7213344200,24.2295115000,24.3596999200,19859500,335055082.8700,2.422000,1
2025-06-06,sh.601020,24.3163037800,24.8804536000,24.3163037800,24.4175614400,25620613,435253523.2500,3.124600,1
2025-06-09,sh.601020,24.6200767600,25.3144150000,24.1861153600,24.9093843600,34652413,594599998.9800,4.226100,1
2025-06-10,sh.601020,24.8081267000,25.8496340600,24.6490075200,25.2276227200,55339677,965834852.8500,6.749000,1
2025-06-11,sh.601020,25.1118996800,26.7609530000,24.9527805000,26.7609530000,79863422,1431279829.8000,9.739900,1
2025-06-12,sh.601020,26.7898837600,26.8043491400,25.8351686800,25.9942878600,51632307,931417992.4900,6.296900,1
2025-06-13,sh.601020,26.2546647000,26.7030914800,25.9508917200,26.2257339400,50877011,925912876.3300,6.204800,1
2025-06-16,sh.601020,26.0376840000,26.5295069200,25.5747918400,26.1100109000,33458694,603301408.2900,4.080500,1
2025-06-17,sh.601020,25.8207033000,26.1534070400,25.4735341800,25.5747918400,30507261,542282723.3600,3.720600,1
2025-06-18,sh.601020,25.5458610800,25.8351686800,25.2276227200,25.5603264600,18065836,319147941.8800,2.203200,1
2025-06-19,sh.601020,25.3433457600,25.4446034200,24.3596999200,24.4898883400,31878452,546930678.2100,3.887800,1
2025-06-20,sh.601020,24.4464922000,24.5911460000,24.1571846000,24.3452345400,14611000,246364495.2000,1.781900,1
2025-06-23,sh.601020,24.3018384000,25.1552958200,24.3018384000,24.9093843600,21722603,372505747.9600,2.649200,1
2025-06-24,sh.601020,24.6779382800,25.8640994400,24.6345421400,25.2710188600,31230349,549588932.8100,3.808700,1
2025-06-25,sh.601020,24.9961766400,25.3578111400,24.9527805000,25.2854842400,23817990,414237154.0800,2.904800,1
2025-06-26,sh.601020,25.1842265800,25.5892572200,24.9093843600,24.9527805000,27171777,473807175.3300,3.313800,1
2025-06-27,sh.601020,24.9238497400,25.7049802600,24.9238497400,25.5458610800,33565852,591818908.8300,4.093600,1
2025-06-30,sh.601020,25.6760495000,26.3993185000,25.3867419000,26.1534070400,42319717,760695792.9800,5.161200,1
2025-07-01,sh.601020,26.1100109000,27.5420835200,25.9074955800,26.9634683200,61245865,1132678135.1400,7.469300,1
2025-07-02,sh.601020,27.4118951000,27.8313911200,26.7609530000,26.8911414200,55434814,1043307649.1400,6.760600,1
2025-07-03,sh.601020,27.4263604800,27.5565489000,26.5873684400,27.3251028200,43099686,806964335.5700,5.256300,1
2025-07-04,sh.601020,26.9634683200,28.1785602400,26.2835954600,27.4118951000,62433683,1173951583.2900,7.614200,1
2025-07-07,sh.601020,27.0791913600,28.1206987200,26.7898837600,27.6578065600,45928124,880460485.9400,5.601200,1
2025-07-08,sh.601020,27.6578065600,28.6125216400,27.4986873800,28.4967986000,47378390,923639210.8100,5.778100,1
2025-07-09,sh.601020,28.6125216400,28.9162946200,27.3974297200,27.4552912400,52923013,1027846042.7300,6.454300,1
2025-07-10,sh.601020,27.4842220000,29.4949098200,27.4842220000,28.6993139200,65345234,1300094966.1300,7.969300,1
2025-07-11,sh.601020,29.0754138000,30.1603173000,28.5546601200,29.9722673600,77212479,1570187331.7200,9.416600,1
2025-07-14,sh.601020,29.8710097000,29.9433366000,28.7861062000,28.9741561400,56566176,1142749102.7400,6.898600,1
2025-07-15,sh.601020,28.8295023400,29.2200676000,28.0917679600,29.0030869000,44372562,876438578.1400,5.411500,1
2025-07-16,sh.601020,29.1043445600,29.4949098200,28.5980562600,28.6559177800,28730200,575417502.4600,3.503800,1
2025-07-17,sh.601020,28.6559177800,28.7571754400,28.2364217600,28.3376794200,28582450,560799722.4200,3.485800,1
2025-07-18,sh.601020,28.2219563800,29.1477407000,28.2219563800,28.4823332200,33087271,654920394.0500,4.035200,1
2025-07-21,sh.601020,29.0754138000,31.3320130800,28.7571754400,30.8691209200,77825198,1623597212.2100,9.491300,1
2025-07-22,sh.601020,30.4062287600,31.7949052400,30.4062287600,31.4043399800,67637758,1457389574.8700,8.248900,1
2025-07-23,sh.601020,31.1005670000,31.8238360000,30.1603173000,30.4062287600,65926101,1408771473.3900,8.040100,1
2025-07-24,sh.601020,31.0716362400,31.3030823200,29.8276135600,31.0282401000,75538637,1599376896.7800,9.212400,1
2025-07-25,sh.601020,30.7967940200,31.4332707400,30.4640902800,30.9848439600,51103772,1094736394.7400,6.232400,1
2025-07-28,sh.601020,30.6376748400,30.8112594000,29.8276135600,30.3483672400,40175012,842314235.6000,4.899600,1
2025-07-29,sh.601020,30.3339018600,30.3772980000,29.6540290000,29.9144058400,32321079,668535778.3300,3.941800,1
2025-07-30,sh.601020,29.9433366000,30.2615749600,28.9307600000,29.2634637400,34224960,697652131.7300,4.174000,1
2025-07-31,sh.601020,28.9307600000,29.0030869000,27.9905103000,28.0917679600,47865576,937046973.9800,5.837500,1
2025-08-01,sh.601020,28.1206987200,28.8584331000,28.0483718200,28.6414524000,27669167,547204753.3700,3.374400,1
2025-08-04,sh.601020,29.0754138000,29.6106328600,28.8295023400,29.5672367200,38535801,779620469.9500,4.699700,1
2025-08-05,sh.601020,29.5093752000,30.9559132000,29.5093752000,30.1313865400,42955281,904614151.4100,5.238700,1
2025-08-06,sh.601020,29.9578019800,30.3194364800,29.5817021000,30.2037134400,27127150,561143962.5100,3.308300,1
2025-08-07,sh.601020,30.2037134400,30.5219518000,29.7408212800,30.3483672400,30125096,628543250.0700,3.674000,1
2025-08-08,sh.601020,30.4496249000,30.7244671200,30.0879904000,30.3628326200,27132888,570278210.9100,3.309000,1
2025-08-11,sh.601020,30.0590596400,30.2181788200,29.4225829200,29.9433366000,24880308,514829238.1600,3.034300,1
2025-08-12,sh.601020,29.6829597600,29.7986828000,29.0464830400,29.1188099400,30642281,620158403.9400,3.737000,1
2025-08-13,sh.601020,29.3647214000,32.0263513200,29.1766714600,32.0263513200,82968033,1786140392.1300,10.118500,1
2025-08-14,sh.601020,32.6338972800,33.3716316600,32.2288666400,32.3445896800,82153309,1861678989.8200,10.019100,1
2025-08-15,sh.601020,32.3011935400,33.3137701400,32.0408167000,32.5905011400,60670323,1372282414.6500,7.399100,1
2025-08-18,sh.601020,32.2577974000,32.7640857000,31.4043399800,32.2867281600,49034524,1089122661.6800,5.980100,1
2025-08-19,sh.601020,32.5471050000,33.4873547000,32.3735204400,32.8364126000,53183958,1211754502.2100,6.486100,1
2025-08-20,sh.601020,33.2703740000,36.1200538600,33.0099971600,34.9194273200,91505571,2220429727.1400,11.159700,1
2025-08-21,sh.601020,34.4565351600,35.4401810000,33.6754046400,33.8923853400,58797956,1394635803.5400,7.170800,1
2025-08-22,sh.601020,33.7043354000,35.2376656800,33.5596816000,34.4276044000,45308735,1072680710.2100,5.525700,1
2025-08-25,sh.601020,33.8489892000,36.2791730400,33.4294931800,36.1634500000,80108736,1933955001.2200,9.769800,1
2025-08-26,sh.601020,36.1779153800,39.0275952400,36.1779153800,36.9011843800,79759044,2080862286.1100,9.727100,1
2025-08-27,sh.601020,36.8433228600,37.1904919800,34.7458427600,34.7458427600,67639324,1675762924.6400,8.249100,1
2025-08-28,sh.601020,34.5722582000,36.3225691800,34.5722582000,36.1489846200,53956955,1325381769.8600,6.580400,1
2025-08-29,sh.601020,36.1634500000,37.4074726800,35.8162808800,36.9735112800,58356023,1479741631.1800,7.116900,1
2025-09-01,sh.601020,37.7112456600,40.6766485600,37.1470958400,40.6766485600,88510736,2431965414.3700,10.794500,1
2025-09-02,sh.601020,41.2118676200,42.0942558000,39.7074681000,40.5175293800,91772853,2592488337.9600,11.192300,1
2025-09-03,sh.601020,41.2986599000,41.9206712400,38.4489800400,39.6206758200,72171332,1988707497.7600,8.801800,1
2025-09-04,sh.601020,39.6206758200,40.1414295000,35.6571617000,35.6571617000,79690782,2046654270.3500,9.718800,1
2025-09-05,sh.601020,35.6716270800,37.2772842600,35.3244579600,36.7131344400,50045444,1256410826.9000,6.103400,1
2025-09-08,sh.601020,37.6099880000,38.1307416800,36.0332615800,36.9735112800,46656176,1186727185.5400,5.690000,1
2025-09-09,sh.601020,38.0439494000,39.5338835400,37.2483535000,37.3785419200,66634330,1763581622.3500,8.126500,1
2025-09-10,sh.601020,36.8577882400,37.3785419200,36.0187962000,36.7420652000,36981235,939149203.8600,4.510100,1
2025-09-11,sh.601020,37.1470958400,39.1288529000,36.4238268400,39.0420606200,57982550,1515730397.8500,7.071300,1
2025-09-12,sh.601020,38.8829414400,40.4741332400,38.4634454200,39.6351412000,53524818,1468120679.7800,6.527700,1
2025-09-15,sh.601020,39.2879720800,39.4036951200,37.3206804000,37.4219380600,54455834,1436970591.1100,6.641200,1
2025-09-16,sh.601020,38.3187916200,38.4489800400,35.4691117600,36.9445805200,54113043,1369155592.3600,6.599400,1
2025-09-17,sh.601020,36.2502422800,37.0458381800,36.0043308200,36.6986690600,30911816,779887089.8600,3.769900,1
2025-09-18,sh.601020,36.5829460200,37.6823149000,35.5125079000,35.8162808800,47758850,1204519258.2800,5.824500,1
2025-09-19,sh.601020,35.7150232200,36.3370345600,34.7603081400,35.7294886000,38185779,939112555.9100,4.657000,1
2025-09-22,sh.601020,36.1634500000,36.8288574800,35.2955272000,36.5395498800,38757072,965662624.0000,4.726700,1
2025-09-23,sh.601020,36.7420652000,37.2772842600,35.0351503600,35.4546463800,35779802,888359858.4500,4.363600,1
2025-09-24,sh.601020,36.4816883600,38.9986644800,36.4816883600,38.2319993400,75548879,1994161268.7400,9.213700,1
2025-09-25,sh.601020,37.5810572400,38.6659607400,37.1760266000,37.5810572400,51767573,1351007898.7600,6.313400,1
2025-09-26,sh.601020,37.1615612200,38.2898608600,36.9590459000,36.9735112800,31398097,812542257.2700,3.829200,1
2025-09-29,sh.601020,37.3930073000,39.0420606200,36.6842036800,38.6225646000,49027124,1295492112.5500,5.979200,1
2025-09-30,sh.601020,39.0709913800,40.4741332400,38.7816837800,39.5049527800,44451509,1222346359.9400,5.421100,1
2025-10-09,sh.601020,41.2263330000,41.7181559200,40.1992910200,40.7489754600,47243819,1333031056.6600,5.761700,1
2025-10-10,sh.601020,40.1414295000,40.9225600200,39.2590413200,40.3005486800,39852257,1108000466.4200,4.860200,1
2025-10-13,sh.601020,39.2445759400,43.6565168400,39.2011798000,43.1357631600,70583749,2035829094.2800,8.608100,1
2025-10-14,sh.601020,47.4464464000,47.4464464000,44.0760128600,45.3634316800,112544761,3609902835.5200,13.725600,1
2025-10-15,sh.601020,43.8301014000,45.2043125000,41.9496020000,44.0470821000,75829511,2278984473.9000,9.247900,1
2025-10-16,sh.601020,43.1068324000,43.5986553200,41.4433137000,41.8049482000,49760065,1457112013.2300,6.068600,1
2025-10-17,sh.601020,42.5860787200,42.9043170800,39.5628143000,39.6785373400,49298989,1396633120.3500,6.012300,1
2025-10-20,sh.601020,39.3458336000,39.4904874000,38.1307416800,38.7672184000,34518975,927115861.4000,4.209800,1
2025-10-21,sh.601020,39.7797950000,40.6766485600,39.2156451800,39.3313682200,27652707,760203124.8000,3.372400,1
2025-10-22,sh.601020,37.6099880000,38.8974068200,37.3206804000,38.2464647200,29348038,776767794.0100,3.579200,1
2025-10-23,sh.601020,38.2464647200,38.2464647200,36.5250845000,37.7401764200,27005930,694831372.9500,3.293500,1
2025-10-24,sh.601020,38.0005532600,39.2445759400,37.6244533800,39.0275952400,25588005,684762908.7700,3.120600,1
2025-10-27,sh.601020,39.5194181600,41.7760174400,39.4615566400,41.5735021200,46769133,1319225497.6100,5.703800,1
2025-10-28,sh.601020,40.6766485600,42.3401672600,40.2137564000,40.7489754600,33607711,955044285.2300,4.098700,1
2025-10-29,sh.601020,41.2263330000,44.3219243200,40.5753909000,44.0470821000,59538736,1756059004.7800,7.261100,1
2025-10-30,sh.601020,43.7143783600,44.6256973000,42.6873363800,43.0634362600,36208198,1087564337.0100,4.415800,1
2025-10-31,sh.601020,45.1175202200,47.0269503800,42.9621786000,42.9911093600,68331482,2132185552.0300,8.333500,1
2025-11-03,sh.601020,42.8030594200,43.2514862000,39.8521219000,41.0672138200,43366857,1228162980.9600,5.288900,1
2025-11-04,sh.601020,40.5319947600,41.1829368600,39.1288529000,39.3747643600,31214338,860522019.5900,3.806800,1
2025-11-05,sh.601020,38.4055839000,39.9244488000,38.0584147800,39.4904874000,25039997,680921859.0100,3.053800,1
2025-11-06,sh.601020,39.3747643600,40.1992910200,39.3313682200,39.8376565200,21440685,589761709.9100,2.614800,1
2025-11-07,sh.601020,39.7074681000,40.0835679800,39.2445759400,39.3892297400,20517688,561412645.9800,2.502300,1
2025-11-10,sh.601020,41.8049482000,43.3238131000,40.6477178000,42.2099788400,76955849,2245119830.6400,9.385300,1
2025-11-11,sh.601020,41.8049482000,46.1011660600,40.7345100800,44.4665781200,79402614,2385289043.7500,9.683700,1
2025-11-12,sh.601020,44.3219243200,48.9074497800,44.3219243200,48.3143692000,97083818,3184088600.1400,11.840000,1
2025-11-13,sh.601020,50.6288300000,50.8747414600,47.3451887400,48.5313499000,95666465,3241012847.3400,11.667100,1
2025-11-14,sh.601020,47.3885848800,48.8495882600,46.2892160000,47.1571388000,57195567,1880817821.0300,6.975400,1
2025-11-17,sh.601020,45.8263238400,46.7665735400,45.1753817400,46.0288391600,46050698,1461181162.5600,5.616200,1
2025-11-18,sh.601020,45.9275815000,46.0288391600,44.0904782400,44.7558857200,36076166,1117294891.9800,4.399700,1
2025-11-19,sh.601020,45.3200355400,46.0288391600,43.6999129800,44.6980242000,38176013,1183525984.3200,4.655800,1
2025-11-20,sh.601020,45.0885894600,46.8678312000,44.9873318000,45.0451933200,45858228,1450102311.8500,5.592700,1
2025-11-21,sh.601020,43.9747552000,44.6835588200,41.7760174400,41.8049482000,41660098,1238348406.5400,5.080700,1
2025-11-24,sh.601020,42.3546326400,45.0017971800,41.8483443400,44.0036859600,39174895,1188671166.0100,4.777600,1
2025-11-25,sh.601020,44.8282126200,46.1590275800,43.3093477200,44.9584010400,45641462,1417684250.8700,5.566300,1
2025-11-26,sh.601020,44.8571433800,45.3634316800,43.9313590600,44.2785281800,28383269,873599203.8000,3.461500,1
2025-11-27,sh.601020,44.6980242000,44.7703511000,43.0634362600,43.1791593000,31186268,941573922.8800,3.803400,1
2025-11-28,sh.601020,43.2225554400,43.9024283000,42.7307325200,43.6854476000,23406055,703133911.2200,2.854500,1
2025-12-01,sh.601020,44.6256973000,45.3055701600,42.3835634000,42.9766439800,41962225,1270969050.2900,5.117600,1
2025-12-02,sh.601020,42.0508596600,42.6150094800,41.4867098400,42.3401672600,24160546,702754267.4700,2.946500,1
2025-12-03,sh.601020,42.5571479600,42.8175248000,41.8049482000,42.0219289000,21825391,638436241.1400,2.661700,1
2025-12-04,sh.601020,42.5716133400,43.1068324000,41.8772751000,42.0653250400,21886501,642128752.5200,2.669200,1
2025-12-05,sh.601020,42.0653250400,42.5282172000,41.6024328800,42.3835634000,21222119,618271036.8700,2.588200,1
2025-12-08,sh.601020,42.4992864400,42.5282172000,40.7200447000,41.2263330000,45875155,1304259016.0900,5.594800,1
2025-12-09,sh.601020,40.8646985000,40.9948869200,39.4615566400,39.6785373400,42242234,1163289463.8000,5.151700,1
2025-12-10,sh.601020,39.5628143000,39.9967757000,38.9408029600,39.5628143000,30429816,828177847.7300,3.711100,1
2025-12-11,sh.601020,39.7942603800,39.9678449400,38.8829414400,38.8829414400,24025431,653352119.9000,2.930100,1
2025-12-12,sh.601020,39.2735067000,40.0257064600,38.9118722000,39.9244488000,33946716,926772684.0300,4.140000,1
2025-12-15,sh.601020,39.3024374600,40.6477178000,39.0709913800,39.3458336000,27824225,764932993.8200,3.393300,1
2025-12-16,sh.601020,39.0565260000,39.0709913800,37.1760266000,37.3496111600,33147143,866008347.8100,4.042500,1
2025-12-17,sh.601020,37.6244533800,38.2464647200,37.1326304600,38.0294840200,25518775,664564200.7300,3.112200,1
2025-12-18,sh.601020,38.0439494000,39.6930027200,37.7546418000,38.7238222600,32299795,872648702.1400,3.939200,1
2025-12-19,sh.601020,38.6370299800,39.3458336000,38.3766531400,39.0420606200,22203231,597392183.9900,2.707800,1
2025-12-22,sh.601020,39.6785373400,40.2137564000,39.0275952400,40.1848256400,31227627,855773474.3300,3.808400,1
2025-12-23,sh.601020,40.6043216600,40.6477178000,39.0709913800,39.3313682200,35899877,984829651.1000,4.378200,1
2025-12-24,sh.601020,39.6206758200,39.7074681000,39.1433182800,39.3892297400,21738826,591988773.0400,2.651200,1
2025-12-25,sh.601020,39.0709913800,39.1867144200,38.4055839000,39.0565260000,18990005,509415259.9900,2.316000,1
2025-12-26,sh.601020,39.2735067000,40.0401718400,39.1722490400,39.4615566400,30002066,821180694.0200,3.658900,1
2025-12-29,sh.601020,39.9244488000,40.7055793200,39.3892297400,39.6496065800,40952454,1135195292.3400,4.994400,1
2025-12-30,sh.601020,38.0439494000,39.5917450600,37.8992956000,39.3169028400,24924648,671814917.4600,3.039700,1
2025-12-31,sh.601020,39.4326258800,39.9678449400,38.5647030800,38.8540106800,23575341,638812769.5400,2.875200,1
2026-01-05,sh.601020,39.6206758200,41.0816792000,39.3747643600,40.8213023600,46111579,1290660881.8800,5.623600,1
2026-01-06,sh.601020,41.4577790800,42.1376519400,41.0238176800,41.8483443400,41127949,1186072827.7300,5.015800,1
2026-01-07,sh.601020,42.2244442200,43.2080900600,41.5879675000,42.2823057400,51710963,1514290707.8700,6.306500,1
2026-01-08,sh.601020,41.9206712400,42.8175248000,41.0816792000,41.3709868000,36002542,1041198055.7500,4.390700,1
2026-01-09,sh.601020,41.1540061000,43.3672092400,41.0816792000,43.0055747400,42607507,1256060698.6200,5.196300,1
2026-01-12,sh.601020,44.1772705200,44.3508550800,42.2533749800,43.4106053800,51054382,1517096491.6700,6.226400,1
2026-01-13,sh.601020,43.3093477200,44.3508550800,42.6728710000,43.0489708800,43198259,1297087405.1000,5.268300,1
2026-01-14,sh.601020,43.2514862000,44.3363897000,42.7162671400,43.1212977800,51745929,1557335775.4600,6.310800,1
2026-01-15,sh.601020,43.2370208200,45.7106008000,43.2370208200,44.1194090000,54771982,1682271687.4400,6.679800,1
2026-01-16,sh.601020,44.3508550800,46.1011660600,44.0326167200,45.2911047800,49945312,1565642385.0100,6.091200,1
2026-01-19,sh.601020,45.2621740200,47.2005349400,43.5697245600,46.7810389200,45934811,1454564222.1200,5.602000,1
2026-01-20,sh.601020,46.7231774000,47.4030502600,44.4376473600,46.2168891000,40900177,1294036443.9600,4.988000,1
2026-01-21,sh.601020,46.6363851200,48.4590230000,46.3326121400,48.3143692000,46884342,1540903223.6000,5.717800,1
2026-01-22,sh.601020,47.5911002000,49.5873226400,46.8822965800,49.3558765600,43736848,1453944820.7300,5.334000,1
2026-01-23,sh.601020,50.1225417000,52.5527255400,49.8476994800,51.2074452000,49271452,1737530963.8400,6.009000,1
2026-01-26,sh.601020,52.9432908000,56.3281897200,52.9432908000,56.1256744000,75076182,2828978498.2100,9.156000,1
2026-01-27,sh.601020,53.5219060000,56.4005166200,52.2344871800,53.9269366400,68423785,2564230744.9100,8.344700,1
2026-01-28,sh.601020,54.2451750000,58.9753542600,52.8131023800,57.5143508800,74000440,2867260106.6300,9.024800,1
2026-01-29,sh.601020,59.6262963600,61.1885574000,53.7388867000,54.6212748800,83327654,3272989777.7200,10.162300,1
2026-01-30,sh.601020,51.1640490600,52.3646756000,49.1533612400,49.6596495400,75462293,2610118265.8500,9.203100,1
2026-02-02,sh.601020,45.5804123800,47.5911002000,44.7269549600,44.8426780000,75599301,2419127893.6100,9.219800,1
2026-02-03,sh.601020,46.1445622000,46.9835542400,45.1319856000,46.5785236000,57545419,1833840444.5700,7.018000,1
2026-02-04,sh.601020,48.0250616000,48.1407846400,45.7973930800,46.3326121400,45353400,1460728923.2400,5.531100,1
2026-02-05,sh.601020,45.2332432600,46.1590275800,43.5118630400,44.4665781200,40196834,1239234496.6900,4.902300,1
2026-02-06,sh.601020,42.5716133400,45.4791547200,42.4558903000,44.7124895800,32465188,998457139.1000,3.959300,1
2026-02-09,sh.601020,45.8552546000,45.9999084000,45.0162625600,45.2477086400,25056195,785361245.2700,3.055800,1
2026-02-10,sh.601020,45.2332432600,45.9275815000,44.9873318000,45.3200355400,20218301,634067279.6800,2.465800,1
2026-02-11,sh.601020,45.2187778800,47.5187733000,45.2187778800,46.8967619600,34520031,1114551111.8300,4.209900,1
2026-02-12,sh.601020,46.9256927200,48.4445576200,46.8099696800,47.4464464000,33613085,1107408964.0000,4.099300,1
2026-02-13,sh.601020,46.2892160000,48.5313499000,46.1445622000,47.0992772800,27679142,907981815.9600,3.375700,1
2026-02-24,sh.601020,48.6904690800,49.9055610000,48.4590230000,48.8495882600,36442818,1235362340.2300,4.444400,1
2026-02-25,sh.601020,49.8476994800,51.9741103400,48.8640536400,51.2508413400,50164324,1761877032.0600,6.117900,1
2026-02-26,sh.601020,51.9017834400,52.3212794600,50.7156222800,51.4388912800,44519219,1585551184.5300,5.429400,1
2026-02-27,sh.601020,51.4388912800,56.4149820000,51.4388912800,56.0099513600,60922487,2283471241.4000,7.429900,1
2026-03-02,sh.601020,58.3678083000,60.0891885200,54.7514633000,58.8740966000,81472429,3211239505.3900,9.936100,1
2026-03-03,sh.601020,57.3986278400,59.3080580000,54.0860558200,54.4332249400,73118922,2847140667.2600,8.917300,1
2026-03-04,sh.601020,52.0753680000,55.9520898400,51.9596449600,53.3338560600,63780704,2366008925.0800,7.778500,1
2026-03-05,sh.601020,53.9269366400,54.2162442400,51.3087028600,51.9741103400,41961838,1517583752.4500,5.117500,1
2026-03-06,sh.601020,51.3520990000,52.0030411000,49.9200263800,50.4407800600,37752765,1327741363.9400,4.604200,1
2026-03-09,sh.601020,49.0954997200,50.1225417000,47.4464464000,49.7319764400,36928816,1246654073.3900,4.503700,1
2026-03-10,sh.601020,50.5275723400,51.2074452000,49.9200263800,50.2527301200,31728310,1107284146.1300,3.869500,1
2026-03-11,sh.601020,51.0049298800,51.3520990000,48.9942420600,49.0087074400,36017541,1243554384.7600,4.392600,1
2026-03-12,sh.601020,48.5747460400,48.8640536400,47.0124850000,47.7936155200,38403180,1271682557.9900,4.683500,1
2026-03-13,sh.601020,47.5621694400,48.1407846400,45.9420468800,46.1011660600,32279408,1046185049.1800,3.936700,1
2026-03-16,sh.601020,45.6382739000,45.8552546000,43.3961400000,44.9294702800,36386047,1120778896.9900,4.437500,1
2026-03-17,sh.601020,45.2621740200,46.1011660600,44.4087166000,44.5533704000,27874361,873555977.5200,3.399500,1
2026-03-18,sh.601020,44.5533704000,44.7124895800,43.5118630400,44.4087166000,23689981,722399956.3700,2.889100,1
2026-03-19,sh.601020,43.1212977800,43.3382784800,41.2986599000,41.4867098400,36477527,1064245580.5300,4.448700,1
2026-03-20,sh.601020,41.7181559200,42.4992864400,40.4018063400,40.5030640000,30471614,876610717.5000,3.716200,1
2026-03-23,sh.601020,39.0565260000,40.0257064600,37.6099880000,38.0439494000,40564316,1088708486.7900,4.947100,1
2026-03-24,sh.601020,38.9118722000,39.0420606200,37.3351457800,38.8395453000,31565136,833445499.8200,3.849600,1
2026-03-25,sh.601020,40.0691026000,41.0816792000,39.8810526600,40.4018063400,37585946,1049486372.2200,4.583800,1
2026-03-26,sh.601020,40.1414295000,40.6911139400,39.0565260000,39.1867144200,21760646,597788399.8500,2.653900,1
2026-03-27,sh.601020,38.5502377000,41.0816792000,38.4923761800,40.6621831800,30917274,858467597.6900,3.770600,1
2026-03-30,sh.601020,40.4307371000,41.4867098400,40.1558948800,41.2263330000,31289628,883299077.0900,3.816000,1
2026-03-31,sh.601020,41.3565214200,41.8628097200,40.5753909000,40.7779062200,27699911,788139390.3900,3.378200,1
2026-04-01,sh.601020,41.9640673800,42.0653250400,40.7779062200,41.5011752200,24358877,695746642.5900,2.970700,1
2026-04-02,sh.601020,41.0527484400,41.1829368600,39.9244488000,40.2860833000,23819760,668164557.1200,2.905000,1
2026-04-03,sh.601020,40.2860833000,40.2860833000,40.2860833000,40.2860833000,,,,1
2026-04-07,sh.601020,40.2860833000,40.2860833000,40.2860833000,40.2860833000,,,,1
2026-04-08,sh.601020,40.2860833000,40.2860833000,40.2860833000,40.2860833000,,,,1
2026-04-09,sh.601020,40.2860833000,40.2860833000,40.2860833000,40.2860833000,,,,1
2026-04-10,sh.601020,40.2860833000,40.2860833000,40.2860833000,40.2860833000,,,,1
2026-04-13,sh.601020,44.3219243200,44.3219243200,41.6747597800,42.9621786000,66200878,1960807748.7600,8.073600,1
2026-04-14,sh.601020,43.5118630400,43.6854476000,42.1376519400,42.3980287800,42433660,1251515656.0900,5.175100,1
2026-04-15,sh.601020,43.1068324000,43.3961400000,41.2986599000,41.7181559200,40938933,1201350940.9400,4.992800,1
2026-04-16,sh.601020,41.6458290200,42.7741286600,40.9948869200,42.3835634000,30092648,872603419.0500,3.670000,1
2026-04-17,sh.601020,42.0942558000,46.1156314400,41.9640673800,45.5514816200,54996095,1690842534.6600,6.707100,1
2026-04-20,sh.601020,45.3634316800,46.6219197400,45.2911047800,45.6093431400,38037615,1207261193.4300,4.638900,1
2026-04-21,sh.601020,45.7106008000,47.7357540000,44.9150049000,47.4175156400,44526096,1442406625.9300,5.430200,1
2026-04-22,sh.601020,46.7231774000,49.2980150400,46.5495928400,49.0231728200,40149799,1344177975.4000,4.896500,1
2026-04-23,sh.601020,48.9653113000,49.1388958600,46.7955043000,47.0992772800,42441734,1401451907.4800,5.176000,1
2026-04-24,sh.601020,46.5785236000,48.0250616000,45.7973930800,47.3017926000,31201042,1009985348.3400,3.805200,1
2026-04-27,sh.601020,47.2873272200,47.6923578600,45.8841853600,46.0288391600,28604725,917301262.9000,3.488500,1
2026-04-28,sh.601020,45.7395315600,45.7684623200,43.7722398800,43.9458244400,33453491,1026113133.3000,4.079900,1
2026-04-29,sh.601020,41.7036905400,43.0055747400,41.4143829400,42.4848210600,46907600,1365864047.8000,5.720700,1
2026-04-30,sh.601020,41.9640673800,42.8319901800,41.0816792000,41.4577790800,31854350,917977017.8100,3.884800,1
2026-05-06,sh.601020,41.4722444600,44.2351320400,41.3999175600,43.8445667800,41993222,1237248236.2500,5.121300,1
2026-05-07,sh.601020,43.5841899400,44.7124895800,42.5860787200,43.2948823400,40198546,1204960687.2300,4.902500,1
2026-05-08,sh.601020,42.8753863200,44.4087166000,42.6294748600,43.9024283000,36701038,1104856636.9500,4.475900,1
2026-05-11,sh.601020,43.8445667800,44.3508550800,43.2080900600,43.6854476000,36346707,1099149676.4700,4.432700,1
2026-05-12,sh.601020,44.3508550800,44.4087166000,42.6005441000,42.7451979000,33894441,1012411684.7700,4.133600,1
2026-05-13,sh.601020,42.7885940400,43.2514862000,42.0653250400,42.3112365000,27263251,802793205.3600,3.324900,1
2026-05-14,sh.601020,42.1231865600,42.2967711200,40.4452024800,40.4596678600,31416414,893118612.7900,3.831400,1
2026-05-15,sh.601020,39.9967757000,40.8068369800,39.2011798000,39.5772796800,29532441,813290944.9600,3.601700,1
2026-05-18,sh.601020,38.7672184000,42.1955134600,38.3332570000,41.7326213000,40165656,1115812192.7300,4.898500,1
2026-05-19,sh.601020,41.5879675000,42.1810480800,40.2716179200,40.8068369800,23591379,668194298.3500,2.877100,1
2026-05-20,sh.601020,40.4307371000,40.4307371000,39.0709913800,39.8231911400,21939679,600663105.9600,2.675700,1
2026-05-21,sh.601020,40.2860833000,40.9659561600,38.3621877600,38.4345146600,24079575,659271502.1800,2.936700,1
2026-05-22,sh.601020,38.6225646000,39.2879720800,38.0439494000,38.9118722000,19236685,514406789.3300,2.346000,1
2026-05-25,sh.601020,39.4470912600,39.9244488000,38.3043262400,38.7093568800,20725633,557912004.5400,2.527600,1
2026-05-26,sh.601020,38.3187916200,39.2735067000,37.3785419200,39.1867144200,27133946,719154235.4500,3.309200,1
2026-05-27,sh.601020,38.9841991000,39.0420606200,36.9590459000,37.1615612200,26477502,688805518.3100,3.229100,1
2026-05-28,sh.601020,36.9301151400,36.9301151400,35.4401810000,36.2068461400,26820194,669561356.7400,3.270900,1
2026-05-29,sh.601020,36.7420652000,36.9590459000,35.3389233400,35.5269732800,19033965,474069209.8000,2.321300,1
2026-06-01,sh.601020,35.4691117600,36.4093614600,35.4401810000,35.9320039200,16445866,410065374.3600,2.005700,1
2026-06-02,sh.601020,35.9320039200,36.6118767800,35.0351503600,36.2936384200,21555109,535863304.1700,2.628800,1
2026-06-03,sh.601020,36.1634500000,39.4615566400,35.8886077800,37.3930073000,40447017,1060255212.0200,4.932800,1
2026-06-04,sh.601020,37.2049573600,37.5521264800,35.9609346800,36.0766577200,21420997,540592789.2500,2.612400,1
2026-06-05,sh.601020,35.8886077800,36.0187962000,34.8326350400,34.8615658000,21910106,535825353.4200,2.672100,1
2026-06-08,sh.601020,33.0533933000,33.7188007800,31.6647168200,32.0986782200,30343110,687152189.3200,3.700500,1
2026-06-09,sh.601020,32.4747781000,32.6049665200,30.8546555400,31.5779245400,31740168,688803619.5300,3.870900,1
2026-06-10,sh.601020,30.7678632600,30.8257247800,29.8276135600,30.0445942600,33601661,703179502.6300,4.097900,1
2026-06-11,sh.601020,29.8999404600,30.6087440800,29.2634637400,29.7118905200,27757009,571744827.5100,3.385100,1
2026-06-12,sh.601020,30.4496249000,31.9250936600,30.1024557800,31.2162900400,41317331,886399106.4200,5.038900,1
2026-06-15,sh.601020,32.2577974000,33.3427009000,31.9974205600,33.3137701400,42785712,964710221.3500,5.218000,1
2026-06-16,sh.601020,33.3716316600,36.6408075400,32.8653433600,36.6408075400,42723939,1039391010.0400,5.210500,1
2026-06-17,sh.601020,36.6263421600,36.9301151400,35.5559040400,35.9464693000,52553091,1313852071.9700,6.409200,1
2026-06-18,sh.601020,35.5848348000,36.5540152600,34.6879812400,35.3389233400,39237720,962948695.3000,4.785300,1
2026-06-22,sh.601020,35.3389233400,38.8684760600,35.0062196000,38.8684760600,71203216,1838968927.7900,8.683700,1
2026-06-23,sh.601020,38.8106145400,38.8684760600,35.2665964400,35.4257156200,61625359,1567896581.1900,7.515600,1
2026-06-24,sh.601020,36.2502422800,37.4219380600,35.3967848600,36.4527576000,43195960,1082772932.3200,5.268000,1
2026-06-25,sh.601020,35.4401810000,37.7257110400,34.5722582000,35.8018155000,48437530,1209631714.8600,5.907300,1
2026-06-26,sh.601020,36.4816883600,36.4816883600,32.6483626600,34.1382968000,49543084,1167883748.9800,6.042100,1
